mtllib material.mtl
usemtl material_0
v -11.95016500 1.63266200 -1.15745800
v -11.95418400 1.64565200 -1.16495800
v -11.96516400 1.65516200 -1.17044900
v -11.98016500 1.65864300 -1.17245800
v -11.99516500 1.65516200 -1.17044900
v -12.00614500 1.64565200 -1.16495800
v -12.01016400 1.63266200 -1.15745800
v -12.00614500 1.61967100 -1.14995800
v -11.99516500 1.61016200 -1.14446800
v -11.98016500 1.60668100 -1.14245800
v -11.98016500 1.60668100 -1.14245800
v -11.96516400 1.61016200 -1.14446800
v -11.95418400 1.61967100 -1.14995800
v -11.95016500 1.67986400 -1.07570200
v -11.95418400 1.69285400 -1.08320200
v -11.96516400 1.70236400 -1.08869200
v -11.98016500 1.70584500 -1.09070200
v -12.00614500 1.69285400 -1.08320200
v -12.01016400 1.67986400 -1.07570200
v -11.99516400 1.65736400 -1.06271200
v -11.96516400 1.65736400 -1.06271200
v -11.88283500 1.51286900 -1.10388800
v -11.88283500 1.51286900 -1.10388800
v -11.88283500 1.52062200 -1.09045800
v -11.88283500 1.52062200 -1.09045800
v -11.92034800 1.65781100 -1.18757000
v -11.92034800 1.65781100 -1.18757000
v -11.92034800 1.65781100 -1.18757000
v -11.92034800 1.66556400 -1.17414100
v -11.92034800 1.66556400 -1.17414100
v -11.92034800 1.66556400 -1.17414100
v -12.05477000 1.51286900 -1.10388700
v -12.05477000 1.51286900 -1.10388700
v -12.05477000 1.52062200 -1.09045800
v -12.05477000 1.52062200 -1.09045800
v -11.99578400 1.65781100 -1.18757000
v -11.99578400 1.65781100 -1.18757000
v -11.99578400 1.66556400 -1.17414000
v -11.99578400 1.66556400 -1.17414000
v -12.03245900 1.63248100 -1.17294600
v -12.03245900 1.63248100 -1.17294600
v -12.03245900 1.64023500 -1.15951600
v -12.03245900 1.64023500 -1.15951600
v -12.02541700 1.64655300 -1.18107000
v -12.02541700 1.64655300 -1.18107000
v -12.01319200 1.65499600 -1.18594500
v -12.01319200 1.65499600 -1.18594500
v -12.01319200 1.66275000 -1.17251500
v -12.01319200 1.66275000 -1.17251500
v -12.02541700 1.65430700 -1.16764100
v -12.02541700 1.65430700 -1.16764100
v -11.94673100 1.65170000 -1.11046300
v -11.94673100 1.65170000 -1.11046300
v -11.94673100 1.71183900 -1.14518500
v -11.94673100 1.71183900 -1.14518500
v -11.94673100 1.71959300 -1.13175500
v -11.94673100 1.71959300 -1.13175500
v -11.94673100 1.65945300 -1.09703400
v -11.94673100 1.65945300 -1.09703400
v -11.98573800 1.63004900 -1.09796300
v -11.98573800 1.63004900 -1.09796300
v -11.98573800 1.63780200 -1.08453400
v -11.98573800 1.63780200 -1.08453400
v -12.01359800 1.71677800 -1.13013000
v -12.01359800 1.71677800 -1.13013000
v -12.01359800 1.70902500 -1.14356000
v -12.01359800 1.70902500 -1.14356000
v -11.97459200 1.63004900 -1.09796300
v -11.97459200 1.63004900 -1.09796300
v -11.97459200 1.63780200 -1.08453400
v -11.97459200 1.63780200 -1.08453400
v -12.01359800 1.65169900 -1.11046300
v -12.01359800 1.65169900 -1.11046300
v -12.01359800 1.65945300 -1.09703400
v -12.01359800 1.65945300 -1.09703400
v -12.01359800 1.65945300 -1.09703400
v -11.94982700 1.63967100 -1.10351900
v -11.94982700 1.63967100 -1.10351900
v -11.95911400 1.63245500 -1.09935200
v -11.95911400 1.63245500 -1.09935200
v -11.95911400 1.64020800 -1.08592300
v -11.95911400 1.64020800 -1.08592300
v -11.94982600 1.64742500 -1.09008900
v -11.94982600 1.64742500 -1.09008900
v -12.00121600 1.63245400 -1.09935200
v -12.00121600 1.63245400 -1.09935200
v -12.01050300 1.63967100 -1.10351800
v -12.01050300 1.63967100 -1.10351800
v -12.01050300 1.64742500 -1.09008900
v -12.01050300 1.64742500 -1.09008900
v -12.00121600 1.64020800 -1.08592200
v -12.00121600 1.64020800 -1.08592200
v -11.94183500 1.71588300 -1.15004700
v -11.94183500 1.71588300 -1.15004700
v -11.94183500 1.71588300 -1.15004700
v -12.01905400 1.71263300 -1.14817000
v -12.01905400 1.71263300 -1.14817000
v -12.01905400 1.71263300 -1.14817000
v -12.01905400 1.73582000 -1.10800800
v -12.01905400 1.73582000 -1.10800800
v -11.94183500 1.73907000 -1.10988500
v -11.94183500 1.73907000 -1.10988500
v -11.94155500 1.71088800 -1.14716300
v -11.94155500 1.71088800 -1.14716300
v -11.94155500 1.71088800 -1.14716300
v -12.01877400 1.70763800 -1.14528600
v -12.01877400 1.70763800 -1.14528600
v -12.01877400 1.70763800 -1.14528600
v -12.01877400 1.73082600 -1.10512500
v -12.01877400 1.73082600 -1.10512500
v -11.94155500 1.73407600 -1.10700100
v -11.94155500 1.73407600 -1.10700100
v -11.95708100 1.73569900 -1.10793900
v -11.95708100 1.73569900 -1.10793900
v -11.95708100 1.72020600 -1.13477300
v -11.95708100 1.72020600 -1.13477300
v -11.95708100 1.72020600 -1.13477300
v -12.00354200 1.71825100 -1.13364400
v -12.00354200 1.71825100 -1.13364400
v -12.00354200 1.71825100 -1.13364400
v -12.00354200 1.73374400 -1.10680900
v -12.00354200 1.73374400 -1.10680900
v -11.95753400 1.74597200 -1.11387000
v -11.95753400 1.73047900 -1.14070500
v -11.95753400 1.73047900 -1.14070500
v -12.00399500 1.72852400 -1.13957500
v -12.00399500 1.72852400 -1.13957500
v -12.00399500 1.74401700 -1.11274100
v -11.98164600 1.74948900 -1.15168000
v -11.98164600 1.74948900 -1.15168000
v -11.98164600 1.76498200 -1.12484500
v -11.96058700 1.75696800 -1.12021800
v -11.96058700 1.75696800 -1.12021800
v -11.96857100 1.76330700 -1.12387800
v -11.96857100 1.76330700 -1.12387800
v -11.96857100 1.74781400 -1.15071300
v -11.96857100 1.74781400 -1.15071300
v -11.96857100 1.74781400 -1.15071300
v -11.96058800 1.74147600 -1.14705300
v -11.96058800 1.74147600 -1.14705300
v -11.96058800 1.74147600 -1.14705300
v -12.00192200 1.73973600 -1.14604900
v -12.00192200 1.73973600 -1.14604900
v -12.00192200 1.73973600 -1.14604900
v -11.99452600 1.74672200 -1.15008200
v -11.99452600 1.74672200 -1.15008200
v -11.99452600 1.74672200 -1.15008200
v -12.00192200 1.75522900 -1.11921400
v -12.00192200 1.75522900 -1.11921400
v -11.99452600 1.76221500 -1.12324700
v -11.99452600 1.76221500 -1.12324700
v -11.98637400 1.56113000 -1.99047400
v -11.98637400 1.56113000 -1.99047400
v -11.98637400 1.56113000 -1.99047400
v -11.99637400 1.57845100 -2.00047400
v -11.99637400 1.57845100 -2.00047400
v -11.97637500 1.58711100 -2.00547400
v -11.97637500 1.58711100 -2.00547400
v -11.96637400 1.56979000 -1.99547400
v -11.96637400 1.56979000 -1.99547400
v -11.98637200 1.71495300 -1.13956000
v -11.98637200 1.71495300 -1.13956000
v -11.98637200 1.71495300 -1.13956000
v -11.98637200 1.71495300 -1.13956000
v -11.99637200 1.73227300 -1.14956000
v -11.99637200 1.73227300 -1.14956000
v -11.97637200 1.74093400 -1.15456000
v -11.97637200 1.74093400 -1.15456000
v -11.96637200 1.72361300 -1.14456000
v -11.96637200 1.72361300 -1.14456000
v -11.98637200 1.73383200 -1.10686000
v -11.98637200 1.73383200 -1.10686000
v -11.98637200 1.73383200 -1.10686000
v -11.98637200 1.73383200 -1.10686000
v -11.99637200 1.75115200 -1.11686000
v -11.99637200 1.75115200 -1.11686000
v -11.97637200 1.75981300 -1.12186000
v -11.97637200 1.75981300 -1.12186000
v -11.96637200 1.74249200 -1.11186100
v -11.96637200 1.74249200 -1.11186100
v -12.01637500 1.56113000 -1.99047400
v -12.01637500 1.56113000 -1.99047400
v -11.99637400 1.60443100 -2.01547400
v -11.99637400 1.60443100 -2.01547400
v -11.94637400 1.58711100 -2.00547400
v -11.94637400 1.58711100 -2.00547400
v -11.96637400 1.54381000 -1.98047400
v -11.96637400 1.54381000 -1.98047400
v -12.01637500 1.55781100 -2.05622200
v -12.01637500 1.55781100 -2.05622200
v -11.99637400 1.51451000 -2.03122200
v -11.99637400 1.51451000 -2.03122200
v -11.99637400 1.51451000 -2.03122200
v -11.94637500 1.53183100 -2.04122300
v -11.94637500 1.53183100 -2.04122300
v -11.96637400 1.57513200 -2.06622300
v -11.96637400 1.57513200 -2.06622300
v -11.99637400 1.54381000 -1.98047400
v -11.99637400 1.54381000 -1.98047400
v -11.99637400 1.54381000 -1.98047400
v -12.01637500 1.58711100 -2.00547400
v -12.01637500 1.58711100 -2.00547400
v -11.96637400 1.60443100 -2.01547400
v -11.96637400 1.60443100 -2.01547400
v -11.94637400 1.56113000 -1.99047400
v -11.94637400 1.56113000 -1.99047400
v -11.99637400 1.57513200 -2.06622200
v -11.99637400 1.57513200 -2.06622200
v -12.01637500 1.53183100 -2.04122200
v -12.01637500 1.53183100 -2.04122200
v -11.96637400 1.51451000 -2.03122300
v -11.96637400 1.51451000 -2.03122300
v -11.94637500 1.55781100 -2.05622200
v -11.94637500 1.55781100 -2.05622200
v -12.01415300 1.55150800 -1.98491800
v -12.01415300 1.55150800 -1.98491800
v -12.00748500 1.54573400 -1.98158500
v -12.00748500 1.54573400 -1.98158500
v -12.00748500 1.60250700 -2.01436300
v -12.00748500 1.60250700 -2.01436300
v -12.01415300 1.59673300 -2.01103000
v -12.01415300 1.59673300 -2.01103000
v -11.94859700 1.59673300 -2.01103000
v -11.94859700 1.59673300 -2.01103000
v -11.95526300 1.60250700 -2.01436300
v -11.95526300 1.60250700 -2.01436300
v -11.95526300 1.54573400 -1.98158500
v -11.95526300 1.54573400 -1.98158500
v -11.94859700 1.55150800 -1.98491900
v -11.94859700 1.55150800 -1.98491900
v -12.01415300 1.56743400 -2.06177800
v -12.01415300 1.56743400 -2.06177800
v -12.00748500 1.57320700 -2.06511100
v -12.00748500 1.57320700 -2.06511100
v -12.00748500 1.51643500 -2.03233400
v -12.00748500 1.51643500 -2.03233400
v -12.01415300 1.52220800 -2.03566700
v -12.01415300 1.52220800 -2.03566700
v -11.94859700 1.52220800 -2.03566700
v -11.94859700 1.52220800 -2.03566700
v -11.95526300 1.51643500 -2.03233400
v -11.95526300 1.51643500 -2.03233400
v -11.95526300 1.57320700 -2.06511100
v -11.95526300 1.57320700 -2.06511100
v -11.94859700 1.56743400 -2.06177800
v -11.94859700 1.56743400 -2.06177800
v -11.99637400 1.56979000 -1.99547400
v -11.99637400 1.56979000 -1.99547400
v -11.98637500 1.58711100 -2.00547400
v -11.98637500 1.58711100 -2.00547400
v -11.96637400 1.57845100 -2.00047400
v -11.96637400 1.57845100 -2.00047400
v -11.97637500 1.56113000 -1.99047400
v -11.97637500 1.56113000 -1.99047400
v -11.99637200 1.72361300 -1.14456000
v -11.99637200 1.72361300 -1.14456000
v -11.98637200 1.74093400 -1.15456000
v -11.98637200 1.74093400 -1.15456000
v -11.96637200 1.73227300 -1.14956000
v -11.96637200 1.73227300 -1.14956000
v -11.97637200 1.71495300 -1.13956000
v -11.97637200 1.71495300 -1.13956000
v -11.99637200 1.74249200 -1.11186000
v -11.99637200 1.74249200 -1.11186000
v -11.98637200 1.75981300 -1.12186000
v -11.98637200 1.75981300 -1.12186000
v -11.96637200 1.75115200 -1.11686100
v -11.96637200 1.75115200 -1.11686100
v -11.97637200 1.73383200 -1.10686000
v -11.97637200 1.73383200 -1.10686000
v -11.99193000 1.56209300 -1.99103000
v -11.99193000 1.56209300 -1.99103000
v -11.99526300 1.56497900 -1.99269600
v -11.99526300 1.56497900 -1.99269600
v -11.99526300 1.58326200 -2.00325200
v -11.99526300 1.58326200 -2.00325200
v -11.99193000 1.58614900 -2.00491900
v -11.99193000 1.58614900 -2.00491900
v -11.97081900 1.58614900 -2.00491900
v -11.97081900 1.58614900 -2.00491900
v -11.96748500 1.58326200 -2.00325200
v -11.96748500 1.58326200 -2.00325200
v -11.96748500 1.56497900 -1.99269600
v -11.96748500 1.56497900 -1.99269600
v -11.97081900 1.56209300 -1.99103000
v -11.97081900 1.56209300 -1.99103000
v -11.99192700 1.71591500 -1.14011500
v -11.99192700 1.71591500 -1.14011500
v -11.99526100 1.71880200 -1.14178200
v -11.99526100 1.71880200 -1.14178200
v -11.99526100 1.73708500 -1.15233800
v -11.99526100 1.73708500 -1.15233800
v -11.99192700 1.73997100 -1.15400400
v -11.99192700 1.73997100 -1.15400400
v -11.97081700 1.73997100 -1.15400400
v -11.97081700 1.73997100 -1.15400400
v -11.96748300 1.73708500 -1.15233800
v -11.96748300 1.73708500 -1.15233800
v -11.96748300 1.71880200 -1.14178200
v -11.96748300 1.71880200 -1.14178200
v -11.97081700 1.71591500 -1.14011500
v -11.97081700 1.71591500 -1.14011500
v -11.99526000 1.73768100 -1.10908300
v -11.99526000 1.73768100 -1.10908300
v -11.99192700 1.73479400 -1.10741600
v -11.99192700 1.73479400 -1.10741600
v -11.99192700 1.75885000 -1.12130500
v -11.99192700 1.75885000 -1.12130500
v -11.99526000 1.75596400 -1.11963800
v -11.99526000 1.75596400 -1.11963800
v -11.96748300 1.75596400 -1.11963800
v -11.96748300 1.75596400 -1.11963800
v -11.97081700 1.75885000 -1.12130500
v -11.97081700 1.75885000 -1.12130500
v -11.97081700 1.73479400 -1.10741600
v -11.97081700 1.73479400 -1.10741600
v -11.96748300 1.73768100 -1.10908300
v -11.96748300 1.73768100 -1.10908300
v -11.95016400 1.73745800 -0.97594600
v -11.95016400 1.73745800 -0.97594600
v -11.95418400 1.75044800 -0.98344600
v -11.95418400 1.75044800 -0.98344600
v -11.96516400 1.75995800 -0.98893600
v -11.96516400 1.75995800 -0.98893600
v -11.98016500 1.76343900 -0.99094600
v -11.98016500 1.76343900 -0.99094600
v -11.99516400 1.75995800 -0.98893600
v -11.99516400 1.75995800 -0.98893600
v -11.99516500 1.70236400 -1.08869200
v -12.00614500 1.75044800 -0.98344500
v -12.00614500 1.75044800 -0.98344500
v -12.01016400 1.73745800 -0.97594500
v -12.01016400 1.73745800 -0.97594500
v -12.00614500 1.72446800 -0.96844600
v -12.00614500 1.72446800 -0.96844600
v -12.00614500 1.66687300 -1.06820200
v -11.99516400 1.71495800 -0.96295500
v -11.99516400 1.71495800 -0.96295500
v -11.98016400 1.71147700 -0.96094600
v -11.98016400 1.71147700 -0.96094600
v -11.98016400 1.71147700 -0.96094600
v -11.98016500 1.65388300 -1.06070200
v -11.98016500 1.65388300 -1.06070200
v -11.96516400 1.71495800 -0.96295500
v -11.96516400 1.71495800 -0.96295500
v -11.95418400 1.72446800 -0.96844600
v -11.95418400 1.72446800 -0.96844600
v -11.95418400 1.66687300 -1.06820200
v -11.88283500 1.62077500 -0.91698800
v -11.88283500 1.62077500 -0.91698800
v -11.92034700 1.76571700 -1.00067000
v -11.92034700 1.76571700 -1.00067000
v -11.92034700 1.76571700 -1.00067000
v -11.92034700 1.75796400 -1.01409900
v -11.92034700 1.75796400 -1.01409900
v -11.92034700 1.75796400 -1.01409900
v -11.88283500 1.61302200 -0.93041700
v -11.88283500 1.61302200 -0.93041700
v -12.05477000 1.62077500 -0.91698700
v -12.05477000 1.62077500 -0.91698700
v -12.05477000 1.61302200 -0.93041600
v -12.05477000 1.61302200 -0.93041600
v -12.03245900 1.73263500 -0.99947500
v -12.03245900 1.73263500 -0.99947500
v -12.03245900 1.73263500 -0.99947500
v -12.03245900 1.74038800 -0.98604600
v -12.03245900 1.74038800 -0.98604600
v -11.99578400 1.75796400 -1.01409900
v -11.99578400 1.75796400 -1.01409900
v -12.01319200 1.75515000 -1.01247400
v -12.01319200 1.75515000 -1.01247400
v -12.02541700 1.74670600 -1.00759900
v -12.02541700 1.74670600 -1.00759900
v -11.99578400 1.76571700 -1.00066900
v -11.99578400 1.76571700 -1.00066900
v -12.02541700 1.75446000 -0.99417000
v -12.02541700 1.75446000 -0.99417000
v -12.01319200 1.76290300 -0.99904500
v -12.01319200 1.76290300 -0.99904500
v -11.94673100 1.69588500 -1.03393100
v -11.94673100 1.69588500 -1.03393100
v -11.94673100 1.75602500 -1.06865200
v -11.94673100 1.75602500 -1.06865200
v -11.94673100 1.74827200 -1.08208200
v -11.94673100 1.74827200 -1.08208200
v -11.94673100 1.68813200 -1.04736000
v -11.94673100 1.68813200 -1.04736000
v -12.01359800 1.69588500 -1.03393000
v -12.01359800 1.69588500 -1.03393000
v -12.01359800 1.68813200 -1.04736000
v -12.01359800 1.68813200 -1.04736000
v -12.01359800 1.74545700 -1.08045600
v -12.01359800 1.74545700 -1.08045600
v -12.01359800 1.75321100 -1.06702700
v -12.01359800 1.75321100 -1.06702700
v -11.97459200 1.67423500 -1.02143000
v -11.97459200 1.67423500 -1.02143000
v -11.97459200 1.66648100 -1.03486000
v -11.97459200 1.66648100 -1.03486000
v -11.98573700 1.66648100 -1.03486000
v -11.98573700 1.66648100 -1.03486000
v -11.98573700 1.67423500 -1.02143000
v -11.98573700 1.67423500 -1.02143000
v -11.95911400 1.66888700 -1.03624900
v -11.95911400 1.66888700 -1.03624900
v -11.94982600 1.67610400 -1.04041600
v -11.94982600 1.67610400 -1.04041600
v -12.01050300 1.67610400 -1.04041500
v -12.01050300 1.67610400 -1.04041500
v -12.00121600 1.66888700 -1.03624900
v -12.00121600 1.66888700 -1.03624900
v -11.94982600 1.68385700 -1.02698600
v -11.94982600 1.68385700 -1.02698600
v -11.95911400 1.67664000 -1.02282000
v -11.95911400 1.67664000 -1.02282000
v -12.00121600 1.67664000 -1.02281900
v -12.00121600 1.67664000 -1.02281900
v -12.01050300 1.68385700 -1.02698600
v -12.01050300 1.68385700 -1.02698600
v -12.01877400 1.75401300 -1.06496300
v -12.01877400 1.75401300 -1.06496300
v -12.01877400 1.75401300 -1.06496300
v -11.94155500 1.75726300 -1.06683900
v -11.94155500 1.75726300 -1.06683900
v -11.94155500 1.75726300 -1.06683900
v -11.94183500 1.76225700 -1.06972300
v -11.94183500 1.76225700 -1.06972300
v -11.94183500 1.76225700 -1.06972300
v -12.01905300 1.75900700 -1.06784600
v -12.01905300 1.75900700 -1.06784600
v -12.01905300 1.75900700 -1.06784600
v -11.95708100 1.75119200 -1.08110400
v -11.95708100 1.75119200 -1.08110400
v -11.95708100 1.75119200 -1.08110400
v -12.00354200 1.74923700 -1.07997500
v -12.00354200 1.74923700 -1.07997500
v -12.00354200 1.74923700 -1.07997500
v -11.95753400 1.76146500 -1.08703500
v -11.95753400 1.76146500 -1.08703500
v -12.00399500 1.75951000 -1.08590600
v -12.00399500 1.75951000 -1.08590600
v -11.96857100 1.77880000 -1.09704400
v -11.96857100 1.77880000 -1.09704400
v -11.96857100 1.77880000 -1.09704400
v -11.98164600 1.78047500 -1.09801000
v -11.98164600 1.78047500 -1.09801000
v -11.99452500 1.77770800 -1.09641300
v -11.99452500 1.77770800 -1.09641300
v -11.99452500 1.77770800 -1.09641300
v -11.96058700 1.77246200 -1.09338400
v -11.96058700 1.77246200 -1.09338400
v -11.96058700 1.77246200 -1.09338400
v -12.00192100 1.77072200 -1.09237900
v -12.00192100 1.77072200 -1.09237900
v -12.00192100 1.77072200 -1.09237900
v -12.01637000 2.44201200 -0.46474000
v -12.01637000 2.44201200 -0.46474000
v -12.01637100 2.41271200 -0.51548900
v -12.01637100 2.41271200 -0.51548900
v -12.01637100 2.43869300 -0.53048800
v -12.01637100 2.43869300 -0.53048800
v -12.01637000 2.46799200 -0.47974000
v -12.01637000 2.46799200 -0.47974000
v -11.99637000 2.48531300 -0.48974000
v -11.99637000 2.48531300 -0.48974000
v -11.99637000 2.45601300 -0.54048800
v -11.99637000 2.45601300 -0.54048800
v -11.96637100 2.45601300 -0.54048900
v -11.96637100 2.45601300 -0.54048900
v -11.96637100 2.48531300 -0.48974000
v -11.96637100 2.48531300 -0.48974000
v -11.94637000 2.46799300 -0.47974000
v -11.94637000 2.46799300 -0.47974000
v -11.94637000 2.43869300 -0.53048900
v -11.94637000 2.43869300 -0.53048900
v -11.94637000 2.41271200 -0.51548900
v -11.94637000 2.41271200 -0.51548900
v -11.94637000 2.44201200 -0.46474000
v -11.94637000 2.44201200 -0.46474000
v -11.96637100 2.42469100 -0.45474000
v -11.96637100 2.42469100 -0.45474000
v -11.96637100 2.39539200 -0.50548900
v -11.96637100 2.39539200 -0.50548900
v -11.99637000 2.39539200 -0.50548900
v -11.99637000 2.39539200 -0.50548900
v -11.99637000 2.39539200 -0.50548900
v -11.99637000 2.42469100 -0.45474000
v -11.99637000 2.42469100 -0.45474000
v -11.99637000 2.42469100 -0.45474000
v -11.99637000 2.42137200 -0.52048900
v -11.99637000 2.42137200 -0.52048900
v -11.99637100 1.76137100 -1.07916100
v -11.99637100 1.76137100 -1.07916100
v -11.99637100 1.77003100 -1.08416100
v -11.99637100 1.77003100 -1.08416100
v -11.99637000 2.43003300 -0.52548800
v -11.99637000 2.43003300 -0.52548800
v -11.98637000 2.43869300 -0.53048800
v -11.98637000 2.43869300 -0.53048800
v -11.98637200 1.77869200 -1.08916100
v -11.98637200 1.77869200 -1.08916100
v -11.97637200 1.77869200 -1.08916100
v -11.97637200 1.77869200 -1.08916100
v -11.97637100 2.43869300 -0.53048900
v -11.97637100 2.43869300 -0.53048900
v -11.96637100 2.43003300 -0.52548900
v -11.96637100 2.43003300 -0.52548900
v -11.96637200 1.77003100 -1.08416100
v -11.96637200 1.77003100 -1.08416100
v -11.96637200 1.76137100 -1.07916100
v -11.96637200 1.76137100 -1.07916100
v -11.96637100 2.42137200 -0.52048900
v -11.96637100 2.42137200 -0.52048900
v -11.97637100 2.41271200 -0.51548900
v -11.97637100 2.41271200 -0.51548900
v -11.97637200 1.75271100 -1.07416100
v -11.97637200 1.75271100 -1.07416100
v -11.98637200 1.75271100 -1.07416100
v -11.98637200 1.75271100 -1.07416100
v -11.98637200 1.75271100 -1.07416100
v -11.98637200 1.75271100 -1.07416100
v -11.98637000 2.41271200 -0.51548900
v -11.98637000 2.41271200 -0.51548900
v -11.98637000 2.41271200 -0.51548900
v -12.01414800 2.43238900 -0.45918500
v -12.01414800 2.43238900 -0.45918500
v -12.01414800 2.40309000 -0.50993300
v -12.01414800 2.40309000 -0.50993300
v -12.01414900 2.44831600 -0.53604400
v -12.01414900 2.44831600 -0.53604400
v -12.01414800 2.47761500 -0.48529600
v -12.01414800 2.47761500 -0.48529600
v -11.95525900 2.45408900 -0.53937800
v -11.95525900 2.45408900 -0.53937800
v -11.95525900 2.48338800 -0.48862900
v -11.95525900 2.48338800 -0.48862900
v -11.94859200 2.40309000 -0.50993300
v -11.94859200 2.40309000 -0.50993300
v -11.94859200 2.43238900 -0.45918500
v -11.94859200 2.43238900 -0.45918500
v -12.00748200 2.42661600 -0.45585100
v -12.00748200 2.42661600 -0.45585100
v -12.00748200 2.39731600 -0.50660000
v -12.00748200 2.39731600 -0.50660000
v -12.00748200 2.45408900 -0.53937700
v -12.00748200 2.45408900 -0.53937700
v -12.00748200 2.48338800 -0.48862900
v -12.00748200 2.48338800 -0.48862900
v -11.94859300 2.44831600 -0.53604400
v -11.94859300 2.44831600 -0.53604400
v -11.94859200 2.47761500 -0.48529600
v -11.94859200 2.47761500 -0.48529600
v -11.95525900 2.39731600 -0.50660000
v -11.95525900 2.39731600 -0.50660000
v -11.95525900 2.42661600 -0.45585100
v -11.95525900 2.42661600 -0.45585100
v -11.99525900 2.41656100 -0.51771100
v -11.99525900 2.41656100 -0.51771100
v -11.99526000 1.75656000 -1.07638300
v -11.99526000 1.75656000 -1.07638300
v -11.99526000 1.77484300 -1.08693900
v -11.99526000 1.77484300 -1.08693900
v -11.99525900 2.43484400 -0.52826600
v -11.99525900 2.43484400 -0.52826600
v -11.97081700 1.77773000 -1.08860500
v -11.97081700 1.77773000 -1.08860500
v -11.97081500 2.43773100 -0.52993300
v -11.97081500 2.43773100 -0.52993300
v -11.96748300 1.75656000 -1.07638300
v -11.96748300 1.75656000 -1.07638300
v -11.96748200 2.41656100 -0.51771100
v -11.96748200 2.41656100 -0.51771100
v -11.99192600 2.41367400 -0.51604400
v -11.99192600 2.41367400 -0.51604400
v -11.99192700 1.75367300 -1.07471600
v -11.99192700 1.75367300 -1.07471600
v -11.99192700 1.77773000 -1.08860500
v -11.99192700 1.77773000 -1.08860500
v -11.99192600 2.43773100 -0.52993300
v -11.99192600 2.43773100 -0.52993300
v -11.96748300 1.77484300 -1.08693900
v -11.96748300 1.77484300 -1.08693900
v -11.96748200 2.43484400 -0.52826600
v -11.96748200 2.43484400 -0.52826600
v -11.97081600 1.75367300 -1.07471700
v -11.97081600 1.75367300 -1.07471700
v -11.97081500 2.41367400 -0.51604400
v -11.97081500 2.41367400 -0.51604400
v -11.94261700 1.73745800 -0.97594600
v -11.94261700 1.73745800 -0.97594600
v -11.94764800 1.75371600 -0.98533200
v -11.94764800 1.75371600 -0.98533200
v -11.96139000 1.76561800 -0.99220400
v -11.96139000 1.76561800 -0.99220400
v -11.98016500 1.76997400 -0.99471900
v -11.98016500 1.76997400 -0.99471900
v -11.99893800 1.76561800 -0.99220300
v -11.99893800 1.76561800 -0.99220300
v -12.01268000 1.75371600 -0.98533200
v -12.01268000 1.75371600 -0.98533200
v -12.01771100 1.73745800 -0.97594500
v -12.01771100 1.73745800 -0.97594500
v -12.01268000 1.72120000 -0.96655900
v -12.01268000 1.72120000 -0.96655900
v -11.99893800 1.70929800 -0.95968700
v -11.99893800 1.70929800 -0.95968700
v -11.98016400 1.70494200 -0.95717200
v -11.98016400 1.70494200 -0.95717200
v -11.98016400 1.70494200 -0.95717200
v -11.96139000 1.70929800 -0.95968700
v -11.96139000 1.70929800 -0.95968700
v -11.94764800 1.72120000 -0.96655900
v -11.94764800 1.72120000 -0.96655900
v -11.94261700 1.74786600 -0.95791800
v -11.94261700 1.74786600 -0.95791800
v -11.94764800 1.76412400 -0.96730500
v -11.94764800 1.76412400 -0.96730500
v -11.96139000 1.77602600 -0.97417600
v -11.96139000 1.77602600 -0.97417600
v -11.98016400 1.78038200 -0.97669100
v -11.98016400 1.78038200 -0.97669100
v -11.99893800 1.77602600 -0.97417600
v -11.99893800 1.77602600 -0.97417600
v -12.01268000 1.76412400 -0.96730400
v -12.01268000 1.76412400 -0.96730400
v -12.01771100 1.74786600 -0.95791800
v -12.01771100 1.74786600 -0.95791800
v -12.01268000 1.73160800 -0.94853100
v -12.01268000 1.73160800 -0.94853100
v -11.99893800 1.71970600 -0.94166000
v -11.99893800 1.71970600 -0.94166000
v -11.98016400 1.71535000 -0.93914500
v -11.98016400 1.71535000 -0.93914500
v -11.98016400 1.71535000 -0.93914500
v -11.96139000 1.71970600 -0.94166000
v -11.96139000 1.71970600 -0.94166000
v -11.94764800 1.73160800 -0.94853100
v -11.94764800 1.73160800 -0.94853100
v -11.97032200 4.49202000 -1.58840800
v -11.97032200 4.49202000 -1.58840800
v -11.97032200 4.45357900 -1.65498900
v -11.97032200 4.45357900 -1.65498900
v -11.97032200 4.55367900 -1.62400600
v -11.97032200 4.55367900 -1.62400600
v -11.97032300 4.51523800 -1.69058800
v -11.97032300 4.51523800 -1.69058800
v -11.99243600 4.49202000 -1.58840800
v -11.99243600 4.49202000 -1.58840800
v -11.99243600 4.45357900 -1.65498900
v -11.99243600 4.45357900 -1.65498900
v -11.99243600 4.55367900 -1.62400600
v -11.99243600 4.55367900 -1.62400600
v -11.99243600 4.51523800 -1.69058800
v -11.99243600 4.51523800 -1.69058800
v -11.96637900 4.53033800 -1.59323500
v -11.96637900 4.53033800 -1.59323500
v -11.96838900 4.53683400 -1.59698500
v -11.96838900 4.53683400 -1.59698500
v -11.97387900 4.54158800 -1.59973000
v -11.97387900 4.54158800 -1.59973000
v -11.98138000 4.54332900 -1.60073500
v -11.98138000 4.54332900 -1.60073500
v -11.98887900 4.54158800 -1.59973000
v -11.98887900 4.54158800 -1.59973000
v -11.99437000 4.53683400 -1.59698500
v -11.99437000 4.53683400 -1.59698500
v -11.99637900 4.53033800 -1.59323500
v -11.99637900 4.53033800 -1.59323500
v -11.99437000 4.52384300 -1.58948500
v -11.99437000 4.52384300 -1.58948500
v -11.98887900 4.51908900 -1.58674000
v -11.98887900 4.51908900 -1.58674000
v -11.98137900 4.51734800 -1.58573500
v -11.98137900 4.51734800 -1.58573500
v -11.98137900 4.51734800 -1.58573500
v -11.97387900 4.51908900 -1.58674000
v -11.97387900 4.51908900 -1.58674000
v -11.96838900 4.52384300 -1.58948500
v -11.96838900 4.52384300 -1.58948500
v -11.96638000 4.40531100 -1.80978900
v -11.96638000 4.40531100 -1.80978900
v -11.96839000 4.41180600 -1.81353900
v -11.96839000 4.41180600 -1.81353900
v -11.97388000 4.41656100 -1.81628400
v -11.97388000 4.41656100 -1.81628400
v -11.98138000 4.41830100 -1.81728900
v -11.98138000 4.41830100 -1.81728900
v -11.98888000 4.41656100 -1.81628400
v -11.98888000 4.41656100 -1.81628400
v -11.99437000 4.41180600 -1.81353900
v -11.99437000 4.41180600 -1.81353900
v -11.99638000 4.40531100 -1.80978900
v -11.99638000 4.40531100 -1.80978900
v -11.99437000 4.39881600 -1.80603900
v -11.99437000 4.39881600 -1.80603900
v -11.98887900 4.39406100 -1.80329400
v -11.98887900 4.39406100 -1.80329400
v -11.98138000 4.39232100 -1.80228900
v -11.98138000 4.39232100 -1.80228900
v -11.98138000 4.39232100 -1.80228900
v -11.97388000 4.39406100 -1.80329400
v -11.97388000 4.39406100 -1.80329400
v -11.96839000 4.39881600 -1.80603900
v -11.96839000 4.39881600 -1.80603900
v -11.97032200 4.42041200 -1.71243600
v -11.97032200 4.42041200 -1.71243600
v -11.97032300 4.38197100 -1.77901800
v -11.97032300 4.38197100 -1.77901800
v -11.97032300 4.48207000 -1.74803400
v -11.97032300 4.48207000 -1.74803400
v -11.97032300 4.44362900 -1.81461600
v -11.97032300 4.44362900 -1.81461600
v -11.99243600 4.42041200 -1.71243600
v -11.99243600 4.42041200 -1.71243600
v -11.99243600 4.38197100 -1.77901800
v -11.99243600 4.38197100 -1.77901800
v -11.99243700 4.48207000 -1.74803400
v -11.99243700 4.48207000 -1.74803400
v -11.99243700 4.44362900 -1.81461600
v -11.99243700 4.44362900 -1.81461600
v -11.97033100 5.57721500 -4.43673300
v -11.97033100 5.57721500 -4.43673300
v -11.97033100 5.61565600 -4.37015100
v -11.97033100 5.61565600 -4.37015100
v -11.97033100 5.63887400 -4.47233200
v -11.97033100 5.63887400 -4.47233200
v -11.97033100 5.67731500 -4.40575000
v -11.97033100 5.67731500 -4.40575000
v -11.99244500 5.57721500 -4.43673300
v -11.99244500 5.57721500 -4.43673300
v -11.99244500 5.61565600 -4.37015100
v -11.99244500 5.61565600 -4.37015100
v -11.99244600 5.63887400 -4.47233200
v -11.99244600 5.63887400 -4.47233200
v -11.99244600 5.67731500 -4.40575000
v -11.99244600 5.67731500 -4.40575000
v -11.96638900 5.60055500 -4.46750400
v -11.96638900 5.60055500 -4.46750400
v -11.96839800 5.60705000 -4.47125400
v -11.96839800 5.60705000 -4.47125400
v -11.97388800 5.61180500 -4.47399900
v -11.97388800 5.61180500 -4.47399900
v -11.98138800 5.61354500 -4.47500400
v -11.98138800 5.61354500 -4.47500400
v -11.98888900 5.61180500 -4.47399900
v -11.98888900 5.61180500 -4.47399900
v -11.99437900 5.60705000 -4.47125400
v -11.99437900 5.60705000 -4.47125400
v -11.99638800 5.60055500 -4.46750400
v -11.99638800 5.60055500 -4.46750400
v -11.99437900 5.59405900 -4.46375400
v -11.99437900 5.59405900 -4.46375400
v -11.98888900 5.58930500 -4.46100900
v -11.98888900 5.58930500 -4.46100900
v -11.98138800 5.58756400 -4.46000400
v -11.98138800 5.58756400 -4.46000400
v -11.98138800 5.58756400 -4.46000400
v -11.97388800 5.58930500 -4.46100900
v -11.97388800 5.58930500 -4.46100900
v -11.96839800 5.59405900 -4.46375400
v -11.96839800 5.59405900 -4.46375400
v -11.96638800 5.72558200 -4.25095000
v -11.96638800 5.72558200 -4.25095000
v -11.96839700 5.73207800 -4.25470000
v -11.96839700 5.73207800 -4.25470000
v -11.97388800 5.73683300 -4.25744500
v -11.97388800 5.73683300 -4.25744500
v -11.98138800 5.73857300 -4.25845000
v -11.98138800 5.73857300 -4.25845000
v -11.98888800 5.73683300 -4.25744500
v -11.98888800 5.73683300 -4.25744500
v -11.99437800 5.73207800 -4.25470000
v -11.99437800 5.73207800 -4.25470000
v -11.99638700 5.72558200 -4.25095000
v -11.99638700 5.72558200 -4.25095000
v -11.99437800 5.71908800 -4.24720000
v -11.99437800 5.71908800 -4.24720000
v -11.98888800 5.71433300 -4.24445400
v -11.98888800 5.71433300 -4.24445400
v -11.98138800 5.71259200 -4.24345000
v -11.98138800 5.71259200 -4.24345000
v -11.98138800 5.71259200 -4.24345000
v -11.97388700 5.71433300 -4.24445400
v -11.97388700 5.71433300 -4.24445400
v -11.96839700 5.71908800 -4.24720000
v -11.96839700 5.71908800 -4.24720000
v -11.97033000 5.64882400 -4.31270500
v -11.97033000 5.64882400 -4.31270500
v -11.97033000 5.68726400 -4.24612300
v -11.97033000 5.68726400 -4.24612300
v -11.97033100 5.71048100 -4.34830200
v -11.97033100 5.71048100 -4.34830200
v -11.97033100 5.74892200 -4.28172100
v -11.97033100 5.74892200 -4.28172100
v -11.99244500 5.64882400 -4.31270400
v -11.99244500 5.64882400 -4.31270400
v -11.99244500 5.68726400 -4.24612300
v -11.99244500 5.68726400 -4.24612300
v -11.99244600 5.71048100 -4.34830200
v -11.99244600 5.71048100 -4.34830200
v -11.99244600 5.74892200 -4.28172100
v -11.99244600 5.74892200 -4.28172100
v -11.97032900 6.53928200 -2.77039300
v -11.97032900 6.53928200 -2.77039300
v -11.97032900 6.50084100 -2.83697500
v -11.97032900 6.50084100 -2.83697500
v -11.97032900 6.60094000 -2.80599200
v -11.97032900 6.60094000 -2.80599200
v -11.97032900 6.56249900 -2.87257300
v -11.97032900 6.56249900 -2.87257300
v -11.99244300 6.53928200 -2.77039300
v -11.99244300 6.53928200 -2.77039300
v -11.99244400 6.50084100 -2.83697500
v -11.99244400 6.50084100 -2.83697500
v -11.99244400 6.60094000 -2.80599200
v -11.99244400 6.60094000 -2.80599200
v -11.99244400 6.56249900 -2.87257300
v -11.99244400 6.56249900 -2.87257300
v -11.96638700 6.57760000 -2.77522000
v -11.96638700 6.57760000 -2.77522000
v -11.96839600 6.58409600 -2.77897000
v -11.96839600 6.58409600 -2.77897000
v -11.97388600 6.58885000 -2.78171600
v -11.97388600 6.58885000 -2.78171600
v -11.98138600 6.59059000 -2.78272100
v -11.98138600 6.59059000 -2.78272100
v -11.98888700 6.58885000 -2.78171600
v -11.98888700 6.58885000 -2.78171600
v -11.99437700 6.58409600 -2.77897000
v -11.99437700 6.58409600 -2.77897000
v -11.99638700 6.57760000 -2.77522000
v -11.99638700 6.57760000 -2.77522000
v -11.99437700 6.57110500 -2.77147100
v -11.99437700 6.57110500 -2.77147100
v -11.98888700 6.56635000 -2.76872500
v -11.98888700 6.56635000 -2.76872500
v -11.98138600 6.56461000 -2.76772000
v -11.98138600 6.56461000 -2.76772000
v -11.98138600 6.56461000 -2.76772000
v -11.97388600 6.56635000 -2.76872500
v -11.97388600 6.56635000 -2.76872500
v -11.96839600 6.57110500 -2.77147000
v -11.96839600 6.57110500 -2.77147000
v -11.96638700 6.45257300 -2.99177500
v -11.96638700 6.45257300 -2.99177500
v -11.96839600 6.45906700 -2.99552400
v -11.96839600 6.45906700 -2.99552400
v -11.97388700 6.46382200 -2.99827000
v -11.97388700 6.46382200 -2.99827000
v -11.98138700 6.46556300 -2.99927500
v -11.98138700 6.46556300 -2.99927500
v -11.98888700 6.46382200 -2.99827000
v -11.98888700 6.46382200 -2.99827000
v -11.99437700 6.45906700 -2.99552400
v -11.99437700 6.45906700 -2.99552400
v -11.99638700 6.45257300 -2.99177500
v -11.99638700 6.45257300 -2.99177500
v -11.99437700 6.44607700 -2.98802500
v -11.99437700 6.44607700 -2.98802500
v -11.98888700 6.44132200 -2.98528000
v -11.98888700 6.44132200 -2.98528000
v -11.98138700 6.43958200 -2.98427400
v -11.98138700 6.43958200 -2.98427400
v -11.98138700 6.43958200 -2.98427400
v -11.97388700 6.44132200 -2.98528000
v -11.97388700 6.44132200 -2.98528000
v -11.96839600 6.44607700 -2.98802500
v -11.96839600 6.44607700 -2.98802500
v -11.97032900 6.46767400 -2.89442200
v -11.97032900 6.46767400 -2.89442200
v -11.97032900 6.42923300 -2.96100400
v -11.97032900 6.42923300 -2.96100400
v -11.97032900 6.52933200 -2.93002000
v -11.97032900 6.52933200 -2.93002000
v -11.97033000 6.49089100 -2.99660200
v -11.97033000 6.49089100 -2.99660200
v -11.99244400 6.46767400 -2.89442200
v -11.99244400 6.46767400 -2.89442200
v -11.99244400 6.42923300 -2.96100400
v -11.99244400 6.42923300 -2.96100400
v -11.99244400 6.52933200 -2.93002000
v -11.99244400 6.52933200 -2.93002000
v -11.99244400 6.49089100 -2.99660200
v -11.99244400 6.49089100 -2.99660200
v -11.97033400 3.52995800 -3.25475000
v -11.97033400 3.52995800 -3.25475000
v -11.97033400 3.56839900 -3.18816900
v -11.97033400 3.56839900 -3.18816900
v -11.97033500 3.59161600 -3.29034900
v -11.97033500 3.59161600 -3.29034900
v -11.97033500 3.63005700 -3.22376700
v -11.97033500 3.63005700 -3.22376700
v -11.99244900 3.52995800 -3.25475000
v -11.99244900 3.52995800 -3.25475000
v -11.99244900 3.56839900 -3.18816900
v -11.99244900 3.56839900 -3.18816900
v -11.99245000 3.59161600 -3.29034900
v -11.99245000 3.59161600 -3.29034900
v -11.99245000 3.63005700 -3.22376700
v -11.99245000 3.63005700 -3.22376700
v -11.96639300 3.55329800 -3.28552100
v -11.96639300 3.55329800 -3.28552100
v -11.96840200 3.55979300 -3.28927100
v -11.96840200 3.55979300 -3.28927100
v -11.97389200 3.56454800 -3.29201700
v -11.97389200 3.56454800 -3.29201700
v -11.98139200 3.56628800 -3.29302100
v -11.98139200 3.56628800 -3.29302100
v -11.98889300 3.56454800 -3.29201700
v -11.98889300 3.56454800 -3.29201700
v -11.99438300 3.55979300 -3.28927100
v -11.99438300 3.55979300 -3.28927100
v -11.99639200 3.55329800 -3.28552100
v -11.99639200 3.55329800 -3.28552100
v -11.99438300 3.54680200 -3.28177100
v -11.99438300 3.54680200 -3.28177100
v -11.98889200 3.54204800 -3.27902600
v -11.98889200 3.54204800 -3.27902600
v -11.98139200 3.54030700 -3.27802100
v -11.98139200 3.54030700 -3.27802100
v -11.98139200 3.54030700 -3.27802100
v -11.97389200 3.54204800 -3.27902600
v -11.97389200 3.54204800 -3.27902600
v -11.96840200 3.54680200 -3.28177100
v -11.96840200 3.54680200 -3.28177100
v -11.96639200 3.67832500 -3.06896700
v -11.96639200 3.67832500 -3.06896700
v -11.96840100 3.68482000 -3.07271700
v -11.96840100 3.68482000 -3.07271700
v -11.97389100 3.68957500 -3.07546200
v -11.97389100 3.68957500 -3.07546200
v -11.98139200 3.69131500 -3.07646700
v -11.98139200 3.69131500 -3.07646700
v -11.98889200 3.68957500 -3.07546200
v -11.98889200 3.68957500 -3.07546200
v -11.99438200 3.68482000 -3.07271700
v -11.99438200 3.68482000 -3.07271700
v -11.99639100 3.67832500 -3.06896700
v -11.99639100 3.67832500 -3.06896700
v -11.99438200 3.67183000 -3.06521700
v -11.99438200 3.67183000 -3.06521700
v -11.98889200 3.66707500 -3.06247200
v -11.98889200 3.66707500 -3.06247200
v -11.98139200 3.66533500 -3.06146700
v -11.98139200 3.66533500 -3.06146700
v -11.98139200 3.66533500 -3.06146700
v -11.97389100 3.66707500 -3.06247200
v -11.97389100 3.66707500 -3.06247200
v -11.96840100 3.67183000 -3.06521700
v -11.96840100 3.67183000 -3.06521700
v -11.97033400 3.60156600 -3.13072200
v -11.97033400 3.60156600 -3.13072200
v -11.97033400 3.64000700 -3.06414000
v -11.97033400 3.64000700 -3.06414000
v -11.97033500 3.66322400 -3.16632000
v -11.97033500 3.66322400 -3.16632000
v -11.97033500 3.70166500 -3.09973800
v -11.97033500 3.70166500 -3.09973800
v -11.99244900 3.60156600 -3.13072200
v -11.99244900 3.60156600 -3.13072200
v -11.99244900 3.64000700 -3.06414000
v -11.99244900 3.64000700 -3.06414000
v -11.99245000 3.66322400 -3.16632000
v -11.99245000 3.66322400 -3.16632000
v -11.99244900 3.70166500 -3.09973800
v -11.99244900 3.70166500 -3.09973800
v -11.96789600 1.52279400 -2.13971900
v -11.96789600 1.52279400 -2.13971900
v -11.96789600 1.52279400 -2.13971900
v -11.96789300 2.52279400 -0.40766900
v -11.96789300 2.52279400 -0.40766900
v -11.96789300 2.52279400 -0.40766900
v -11.96790400 3.51465200 -3.28972000
v -11.96790400 3.51465200 -3.28972000
v -11.96790400 3.51465200 -3.28972000
v -11.96789900 4.51465200 -1.55766900
v -11.96789900 4.51465200 -1.55766900
v -11.96789900 4.51465200 -1.55766900
v -11.99485800 1.52279400 -2.13971900
v -11.99485800 1.52279400 -2.13971900
v -11.99485800 1.52279400 -2.13971900
v -11.99485400 2.52279400 -0.40766900
v -11.99485400 2.52279400 -0.40766900
v -11.99485400 2.52279400 -0.40766900
v -11.99486500 3.51465200 -3.28972000
v -11.99486500 3.51465200 -3.28972000
v -11.99486500 3.51465200 -3.28972000
v -11.99486100 4.51465200 -1.55766900
v -11.99486100 4.51465200 -1.55766900
v -11.99486100 4.51465200 -1.55766900
v -11.96789600 1.56377500 -2.12873900
v -11.96789600 1.56377500 -2.12873900
v -11.96789600 1.56377500 -2.12873900
v -11.96790400 3.50367200 -3.24873900
v -11.96790400 3.50367200 -3.24873900
v -11.96790400 3.50367200 -3.24873900
v -11.96789900 4.47367100 -1.56865000
v -11.96789900 4.47367100 -1.56865000
v -11.96789900 4.47367100 -1.56865000
v -11.96789300 2.53377500 -0.44865000
v -11.96789300 2.53377500 -0.44865000
v -11.96789300 2.53377500 -0.44865000
v -11.99485800 1.56377500 -2.12873900
v -11.99485800 1.56377500 -2.12873900
v -11.99485800 1.56377500 -2.12873900
v -11.99485400 2.53377500 -0.44865000
v -11.99485400 2.53377500 -0.44865000
v -11.99485400 2.53377500 -0.44865000
v -11.99486100 4.47367100 -1.56865000
v -11.99486100 4.47367100 -1.56865000
v -11.99486100 4.47367100 -1.56865000
v -11.99486400 3.50367200 -3.24873900
v -11.99486400 3.50367200 -3.24873900
v -11.99486400 3.50367200 -3.24873900
v -11.97868200 1.56377500 -2.12873900
v -11.97868200 1.56377500 -2.12873900
v -11.97868200 1.56377500 -2.12873900
v -11.97868800 3.50367200 -3.24873900
v -11.97868800 3.50367200 -3.24873900
v -11.97868800 3.50367200 -3.24873900
v -11.97868400 4.47367100 -1.56865000
v -11.97868400 4.47367100 -1.56865000
v -11.97868400 4.47367100 -1.56865000
v -11.97867700 2.53377500 -0.44865000
v -11.97867700 2.53377500 -0.44865000
v -11.97867700 2.53377500 -0.44865000
v -11.98407400 1.56377500 -2.12873900
v -11.98407400 1.56377500 -2.12873900
v -11.98407400 1.56377500 -2.12873900
v -11.98407000 2.53377500 -0.44865000
v -11.98407000 2.53377500 -0.44865000
v -11.98407000 2.53377500 -0.44865000
v -11.98407600 4.47367100 -1.56865000
v -11.98407600 4.47367100 -1.56865000
v -11.98407600 4.47367100 -1.56865000
v -11.98408000 3.50367200 -3.24873900
v -11.98408000 3.50367200 -3.24873900
v -11.98408000 3.50367200 -3.24873900
v -11.96790200 3.57005100 -3.32170200
v -11.96790200 3.57005100 -3.32170200
v -11.96790200 3.57005100 -3.32170200
v -11.96789700 4.57005100 -1.58965200
v -11.96789700 4.57005100 -1.58965200
v -11.96789700 4.57005100 -1.58965200
v -11.96790900 5.56190900 -4.47170200
v -11.96790900 5.56190900 -4.47170200
v -11.96790900 5.56190900 -4.47170200
v -11.96790500 6.56191000 -2.73965200
v -11.96790500 6.56191000 -2.73965200
v -11.96790500 6.56191000 -2.73965200
v -11.99486300 3.57005100 -3.32170200
v -11.99486300 3.57005100 -3.32170200
v -11.99486300 3.57005100 -3.32170200
v -11.99485900 4.57005100 -1.58965200
v -11.99485900 4.57005100 -1.58965200
v -11.99485900 4.57005100 -1.58965200
v -11.99487000 5.56190900 -4.47170200
v -11.99487000 5.56190900 -4.47170200
v -11.99487000 5.56190900 -4.47170200
v -11.99486500 6.56191000 -2.73965200
v -11.99486500 6.56191000 -2.73965200
v -11.99486500 6.56191000 -2.73965200
v -11.96790200 3.61103200 -3.31072100
v -11.96790200 3.61103200 -3.31072100
v -11.96790200 3.61103200 -3.31072100
v -11.96790900 5.55092900 -4.43072200
v -11.96790900 5.55092900 -4.43072200
v -11.96790900 5.55092900 -4.43072200
v -11.96790400 6.52092800 -2.75063200
v -11.96790400 6.52092800 -2.75063200
v -11.96790400 6.52092800 -2.75063200
v -11.96789700 4.58103200 -1.63063200
v -11.96789700 4.58103200 -1.63063200
v -11.96789700 4.58103200 -1.63063200
v -11.99486300 3.61103200 -3.31072100
v -11.99486300 3.61103200 -3.31072100
v -11.99486300 3.61103200 -3.31072100
v -11.99485900 4.58103200 -1.63063200
v -11.99485900 4.58103200 -1.63063200
v -11.99485900 4.58103200 -1.63063200
v -11.99486500 6.52092800 -2.75063200
v -11.99486500 6.52092800 -2.75063200
v -11.99486500 6.52092800 -2.75063200
v -11.99487000 5.55092900 -4.43072200
v -11.99487000 5.55092900 -4.43072200
v -11.99487000 5.55092900 -4.43072200
v -11.97868600 3.61103200 -3.31072100
v -11.97868600 3.61103200 -3.31072100
v -11.97868600 3.61103200 -3.31072100
v -11.97869300 5.55092900 -4.43072200
v -11.97869300 5.55092900 -4.43072200
v -11.97869300 5.55092900 -4.43072200
v -11.97868900 6.52092800 -2.75063200
v -11.97868900 6.52092800 -2.75063200
v -11.97868900 6.52092800 -2.75063200
v -11.97868300 4.58103200 -1.63063200
v -11.97868300 4.58103200 -1.63063200
v -11.97868300 4.58103200 -1.63063200
v -11.98407800 3.61103200 -3.31072100
v -11.98407800 3.61103200 -3.31072100
v -11.98407800 3.61103200 -3.31072100
v -11.98407500 4.58103200 -1.63063200
v -11.98407500 4.58103200 -1.63063200
v -11.98407500 4.58103200 -1.63063200
v -11.98408100 6.52092800 -2.75063200
v -11.98408100 6.52092800 -2.75063200
v -11.98408100 6.52092800 -2.75063200
v -11.98408500 5.55092900 -4.43072200
v -11.98408500 5.55092900 -4.43072200
v -11.98408500 5.55092900 -4.43072200
v -11.96791200 5.61731400 -4.50369000
v -11.96791200 5.61731400 -4.50369000
v -11.96791200 5.61731400 -4.50369000
v -11.96790700 6.61731400 -2.77164000
v -11.96790700 6.61731400 -2.77164000
v -11.96790700 6.61731400 -2.77164000
v -11.96791800 7.60917300 -5.65369000
v -11.96791800 7.60917300 -5.65369000
v -11.96791800 7.60917300 -5.65369000
v -11.96791500 8.60917200 -3.92163900
v -11.96791500 8.60917200 -3.92163900
v -11.96791500 8.60917200 -3.92163900
v -11.99487300 5.61731400 -4.50369000
v -11.99487300 5.61731400 -4.50369000
v -11.99487300 5.61731400 -4.50369000
v -11.99486800 6.61731400 -2.77164000
v -11.99486800 6.61731400 -2.77164000
v -11.99486800 6.61731400 -2.77164000
v -11.99488000 7.60917300 -5.65369000
v -11.99488000 7.60917300 -5.65369000
v -11.99488000 7.60917300 -5.65369000
v -11.99487600 8.60917200 -3.92163900
v -11.99487600 8.60917200 -3.92163900
v -11.99487600 8.60917200 -3.92163900
v -11.96791200 5.65829500 -4.49271000
v -11.96791200 5.65829500 -4.49271000
v -11.96791200 5.65829500 -4.49271000
v -11.96791800 7.59819100 -5.61271000
v -11.96791800 7.59819100 -5.61271000
v -11.96791800 7.59819100 -5.61271000
v -11.96791500 8.56819200 -3.93262100
v -11.96791500 8.56819200 -3.93262100
v -11.96791500 8.56819200 -3.93262100
v -11.96790800 6.62829400 -2.81262000
v -11.96790800 6.62829400 -2.81262000
v -11.96790800 6.62829400 -2.81262000
v -11.99487300 5.65829500 -4.49271000
v -11.99487300 5.65829500 -4.49271000
v -11.99487300 5.65829500 -4.49271000
v -11.99486800 6.62829400 -2.81262000
v -11.99486800 6.62829400 -2.81262000
v -11.99486800 6.62829400 -2.81262000
v -11.99487600 8.56819200 -3.93262100
v -11.99487600 8.56819200 -3.93262100
v -11.99487600 8.56819200 -3.93262100
v -11.99488000 7.59819100 -5.61271000
v -11.99488000 7.59819100 -5.61271000
v -11.99488000 7.59819100 -5.61271000
v -11.97869600 5.65829500 -4.49271000
v -11.97869600 5.65829500 -4.49271000
v -11.97869600 5.65829500 -4.49271000
v -11.97870300 7.59819100 -5.61271000
v -11.97870300 7.59819100 -5.61271000
v -11.97870300 7.59819100 -5.61271000
v -11.97869900 8.56819200 -3.93262100
v -11.97869900 8.56819200 -3.93262100
v -11.97869900 8.56819200 -3.93262100
v -11.97869200 6.62829400 -2.81262000
v -11.97869200 6.62829400 -2.81262000
v -11.97869200 6.62829400 -2.81262000
v -11.98408800 5.65829500 -4.49271000
v -11.98408800 5.65829500 -4.49271000
v -11.98408800 5.65829500 -4.49271000
v -11.98408400 6.62829400 -2.81262000
v -11.98408400 6.62829400 -2.81262000
v -11.98408400 6.62829400 -2.81262000
v -11.98409100 8.56819200 -3.93262100
v -11.98409100 8.56819200 -3.93262100
v -11.98409100 8.56819200 -3.93262100
v -11.98409600 7.59819100 -5.61271000
v -11.98409600 7.59819100 -5.61271000
v -11.98409600 7.59819100 -5.61271000
vn 1.00000000 -0.00000000 -0.00000000
vn 0.86600000 0.43300000 -0.25000000
vn 0.50000000 0.75000000 -0.43300000
vn -0.00000000 0.86600000 -0.50000000
vn -0.50000000 0.75000000 -0.43300000
vn -0.86600000 0.43300000 -0.25000000
vn -1.00000000 -0.00000000 -0.00000000
vn -0.86600000 -0.43300000 0.25000000
vn -0.50000000 -0.75000000 0.43300000
vn -0.00000000 -0.86600000 0.50000000
vn -0.00000000 -0.86600000 0.50000000
vn 0.50000000 -0.75000000 0.43300000
vn 0.86600000 -0.43300000 0.25000000
vn 1.00000000 -0.00000000 -0.00000000
vn 0.86600000 0.43300000 -0.25000000
vn 0.50000000 0.75000000 -0.43300000
vn -0.00000000 0.86600000 -0.50000000
vn -0.86600000 0.43300000 -0.25000000
vn -1.00000000 -0.00000000 -0.00000000
vn -0.50000000 -0.75000000 0.43300000
vn 0.50000000 -0.75000000 0.43300000
vn -0.00000000 -0.50000000 -0.86600000
vn 0.97580000 0.18940000 -0.10940000
vn 0.97580000 0.18940000 -0.10940000
vn -0.00000000 0.50000000 0.86600000
vn -0.00000000 0.86600000 -0.50000000
vn -0.00000000 -0.50000000 -0.86600000
vn 0.97580000 0.18940000 -0.10940000
vn 0.97580000 0.18940000 -0.10940000
vn -0.00000000 0.50000000 0.86600000
vn -0.00000000 0.86600000 -0.50000000
vn -0.00000000 -0.50000000 -0.86600000
vn -0.98720000 0.13810000 -0.07970000
vn -0.98720000 0.13810000 -0.07970000
vn -0.00000000 0.50000000 0.86600000
vn -0.00000000 -0.50000000 -0.86600000
vn -0.09220000 0.86230000 -0.49790000
vn -0.00000000 0.50000000 0.86600000
vn -0.09210000 0.86230000 -0.49790000
vn -0.95980000 0.24310000 -0.14040000
vn -0.00000000 -0.50000000 -0.86600000
vn -0.95980000 0.24310000 -0.14040000
vn -0.00000000 0.50000000 0.86600000
vn -0.00000000 -0.50000000 -0.86600000
vn -0.79410000 0.52640000 -0.30390000
vn -0.41590000 0.78760000 -0.45470000
vn -0.00000000 -0.50000000 -0.86600000
vn -0.00000000 0.50000000 0.86600000
vn -0.41580000 0.78760000 -0.45470000
vn -0.79410000 0.52640000 -0.30390000
vn -0.00000000 0.50000000 0.86600000
vn 0.99400000 -0.09480000 0.05470000
vn -0.00000000 -0.50000000 -0.86600000
vn 1.00000000 -0.00000000 -0.00000000
vn -0.00000000 -0.50000000 -0.86600000
vn -0.00000000 0.50000000 0.86600000
vn 1.00000000 -0.00000000 -0.00000000
vn 0.99400000 -0.09480000 0.05470000
vn -0.00000000 0.50000000 0.86600000
vn -0.00000000 -0.50000000 -0.86600000
vn -0.08870000 -0.86260000 0.49800000
vn -0.08870000 -0.86260000 0.49800000
vn -0.00000000 0.50000000 0.86600000
vn -1.00000000 -0.00000000 -0.00000000
vn -0.00000000 0.50000000 0.86600000
vn -1.00000000 -0.00000000 -0.00000000
vn -0.00000000 -0.50000000 -0.86600000
vn -0.00000000 -0.50000000 -0.86600000
vn 0.08870000 -0.86260000 0.49800000
vn 0.08870000 -0.86260000 0.49800000
vn -0.00000000 0.50000000 0.86600000
vn -0.99400000 -0.09480000 0.05470000
vn -0.00000000 -0.50000000 -0.86600000
vn -0.99400000 -0.09470000 0.05470000
vn -0.99400000 -0.09480000 0.05470000
vn -0.00000000 0.50000000 0.86600000
vn 0.86310000 -0.43730000 0.25250000
vn -0.00000000 -0.50000000 -0.86600000
vn -0.00000000 -0.50000000 -0.86600000
vn 0.43900000 -0.77810000 0.44920000
vn -0.00000000 0.50000000 0.86600000
vn 0.43900000 -0.77810000 0.44930000
vn -0.00000000 0.50000000 0.86600000
vn 0.86310000 -0.43740000 0.25250000
vn -0.00000000 -0.50000000 -0.86600000
vn -0.43900000 -0.77810000 0.44930000
vn -0.00000000 -0.50000000 -0.86600000
vn -0.86310000 -0.43740000 0.25250000
vn -0.00000000 0.50000000 0.86600000
vn -0.86310000 -0.43730000 0.25250000
vn -0.43900000 -0.77810000 0.44930000
vn -0.00000000 0.50000000 0.86600000
vn 0.99880000 0.04200000 -0.02430000
vn -0.00000000 -0.50000000 -0.86600000
vn -0.14910000 0.90240000 -0.40430000
vn 0.05310000 0.91100000 -0.40900000
vn -0.00000000 -0.50000000 -0.86600000
vn -0.99880000 -0.04200000 0.02430000
vn -0.99880000 -0.04200000 0.02430000
vn 0.15270000 0.85590000 -0.49410000
vn -0.24740000 0.83910000 -0.48450000
vn 0.99880000 0.04200000 -0.02430000
vn 0.04850000 -0.86500000 0.49940000
vn 0.99880000 0.04200000 -0.02430000
vn -0.00000000 -0.50000000 -0.86600000
vn -0.00000000 -0.50000000 -0.86600000
vn 0.04850000 -0.86500000 0.49940000
vn -0.99880000 -0.04200000 0.02430000
vn -0.99880000 -0.04200000 0.02430000
vn 0.04850000 -0.86500000 0.49940000
vn 0.04850000 -0.86500000 0.49940000
vn 0.99880000 0.04200000 -0.02430000
vn -0.24740000 0.83910000 -0.48450000
vn 0.99930000 0.03310000 -0.01910000
vn -0.00000000 -0.50000000 -0.86600000
vn 0.99930000 0.03310000 -0.01910000
vn -0.14890000 0.90250000 -0.40410000
vn 0.05310000 0.91100000 -0.40910000
vn -0.00000000 -0.50000000 -0.86600000
vn -0.99930000 -0.03310000 0.01910000
vn -0.99930000 -0.03310000 0.01910000
vn 0.15270000 0.85590000 -0.49410000
vn 0.99060000 0.11830000 -0.06830000
vn -0.00000000 -0.50000000 -0.86600000
vn 0.99060000 0.11830000 -0.06830000
vn -0.99820000 0.05220000 -0.03010000
vn -0.00000000 -0.50000000 -0.86600000
vn -0.99820000 0.05220000 -0.03010000
vn -0.00000000 -0.50000000 -0.86600000
vn -0.04820000 0.86500000 -0.49940000
vn -0.04820000 0.86500000 -0.49940000
vn 0.97230000 0.20250000 -0.11690000
vn 0.67580000 0.63830000 -0.36860000
vn 0.14630000 0.85670000 -0.49460000
vn 0.67580000 0.63830000 -0.36860000
vn 0.14630000 0.85670000 -0.49460000
vn -0.00000000 -0.50000000 -0.86600000
vn 0.67580000 0.63830000 -0.36860000
vn -0.00000000 -0.50000000 -0.86600000
vn 0.97230000 0.20250000 -0.11690000
vn 0.67580000 0.63830000 -0.36860000
vn -0.73710000 0.58520000 -0.33790000
vn -0.98740000 0.13700000 -0.07910000
vn -0.00000000 -0.50000000 -0.86600000
vn -0.24080000 0.84050000 -0.48530000
vn -0.73710000 0.58520000 -0.33790000
vn -0.00000000 -0.50000000 -0.86600000
vn -0.98740000 0.13700000 -0.07910000
vn -0.73710000 0.58520000 -0.33790000
vn -0.73710000 0.58520000 -0.33790000
vn -0.24080000 0.84050000 -0.48530000
vn -0.09480000 -0.97960000 0.17710000
vn -0.09480000 -0.97960000 0.17710000
vn -0.00000000 0.50000000 0.86600000
vn -0.00000000 0.50000000 0.86600000
vn -0.99190000 0.12520000 -0.02260000
vn 0.09090000 0.98000000 -0.17720000
vn -0.00000000 0.50000000 0.86600000
vn 0.99660000 -0.08050000 0.01460000
vn -0.00000000 0.50000000 0.86600000
vn -0.09090000 -0.98000000 0.17720000
vn -0.09090000 -0.98000000 0.17720000
vn -0.09850000 -0.86180000 0.49760000
vn -0.09850000 -0.86180000 0.49760000
vn -0.99660000 0.08050000 -0.01460000
vn -0.99510000 0.08530000 -0.04930000
vn 0.09480000 0.97960000 -0.17710000
vn 0.09850000 0.86180000 -0.49760000
vn 0.99510000 -0.08530000 0.04930000
vn 0.99190000 -0.12520000 0.02260000
vn -0.09850000 -0.86180000 0.49760000
vn -0.09850000 -0.86180000 0.49760000
vn -0.09850000 -0.86180000 0.49760000
vn -0.09850000 -0.86180000 0.49760000
vn -0.99510000 0.08530000 -0.04930000
vn -0.99510000 0.08530000 -0.04930000
vn 0.09850000 0.86180000 -0.49760000
vn 0.09850000 0.86180000 -0.49760000
vn 0.99510000 -0.08530000 0.04930000
vn 0.99510000 -0.08530000 0.04930000
vn -0.99510000 -0.08530000 0.04930000
vn -0.00000000 0.50000000 0.86600000
vn -0.00000000 0.50000000 0.86600000
vn -0.09850000 0.86180000 -0.49760000
vn -0.00000000 0.50000000 0.86600000
vn 0.99510000 0.08530000 -0.04930000
vn -0.00000000 0.50000000 0.86600000
vn 0.09850000 -0.86180000 0.49760000
vn -0.00000000 -0.50000000 -0.86600000
vn -0.99510000 0.08530000 -0.04930000
vn -0.09850000 -0.86180000 0.49760000
vn -0.09850000 -0.86180000 0.49760000
vn -0.00000000 -0.50000000 -0.86600000
vn 0.99510000 -0.08530000 0.04930000
vn -0.00000000 -0.50000000 -0.86600000
vn 0.09850000 0.86180000 -0.49760000
vn -0.00000000 -0.50000000 -0.86600000
vn -0.09850000 -0.86180000 0.49760000
vn -0.09850000 -0.86180000 0.49760000
vn -0.00000000 0.50000000 0.86600000
vn -0.99510000 0.08530000 -0.04930000
vn -0.00000000 0.50000000 0.86600000
vn 0.09850000 0.86180000 -0.49760000
vn -0.00000000 0.50000000 0.86600000
vn 0.99510000 -0.08530000 0.04930000
vn -0.00000000 0.50000000 0.86600000
vn -0.09850000 0.86180000 -0.49760000
vn -0.00000000 -0.50000000 -0.86600000
vn -0.00000000 -0.50000000 -0.86600000
vn -0.99510000 -0.08530000 0.04930000
vn -0.00000000 -0.50000000 -0.86600000
vn 0.09850000 -0.86180000 0.49760000
vn -0.00000000 -0.50000000 -0.86600000
vn 0.99510000 0.08530000 -0.04930000
vn -0.88170000 -0.40860000 0.23590000
vn -0.00000000 0.50000000 0.86600000
vn -0.00000000 0.50000000 0.86600000
vn -0.47190000 -0.76360000 0.44080000
vn -0.00000000 0.50000000 0.86600000
vn -0.47190000 0.76360000 -0.44080000
vn -0.00000000 0.50000000 0.86600000
vn -0.88170000 0.40860000 -0.23590000
vn 0.88170000 0.40860000 -0.23590000
vn -0.00000000 0.50000000 0.86600000
vn -0.00000000 0.50000000 0.86600000
vn 0.47190000 0.76360000 -0.44080000
vn -0.00000000 0.50000000 0.86600000
vn 0.47190000 -0.76360000 0.44080000
vn 0.88170000 -0.40860000 0.23590000
vn -0.00000000 0.50000000 0.86600000
vn -0.88170000 0.40860000 -0.23590000
vn -0.00000000 -0.50000000 -0.86600000
vn -0.00000000 -0.50000000 -0.86600000
vn -0.47190000 0.76360000 -0.44080000
vn -0.00000000 -0.50000000 -0.86600000
vn -0.47190000 -0.76360000 0.44080000
vn -0.88170000 -0.40860000 0.23590000
vn -0.00000000 -0.50000000 -0.86600000
vn -0.00000000 -0.50000000 -0.86600000
vn 0.88170000 -0.40860000 0.23590000
vn -0.00000000 -0.50000000 -0.86600000
vn 0.47190000 -0.76360000 0.44080000
vn -0.00000000 -0.50000000 -0.86600000
vn 0.47190000 0.76360000 -0.44080000
vn 0.88170000 0.40860000 -0.23590000
vn -0.00000000 -0.50000000 -0.86600000
vn -0.99660000 -0.08050000 0.01460000
vn -0.00000000 0.50000000 0.86600000
vn -0.09090000 0.98000000 -0.17720000
vn -0.00000000 0.50000000 0.86600000
vn 0.99190000 0.12520000 -0.02260000
vn -0.00000000 0.50000000 0.86600000
vn -0.00000000 0.50000000 0.86600000
vn 0.09480000 -0.97960000 0.17710000
vn -0.99510000 -0.08530000 0.04930000
vn -0.99190000 -0.12520000 0.02260000
vn -0.09850000 0.86180000 -0.49760000
vn -0.09480000 0.97960000 -0.17710000
vn 0.99510000 0.08530000 -0.04930000
vn 0.99660000 0.08050000 -0.01460000
vn 0.09090000 -0.98000000 0.17720000
vn 0.09850000 -0.86180000 0.49760000
vn -0.99510000 -0.08530000 0.04930000
vn -0.99510000 -0.08530000 0.04930000
vn -0.09850000 0.86180000 -0.49760000
vn -0.09850000 0.86180000 -0.49760000
vn 0.99510000 0.08530000 -0.04930000
vn 0.99510000 0.08530000 -0.04930000
vn 0.09850000 -0.86180000 0.49760000
vn 0.09850000 -0.86180000 0.49760000
vn -0.47740000 -0.86470000 0.15630000
vn -0.00000000 0.50000000 0.86600000
vn -0.89750000 -0.43390000 0.07840000
vn -0.00000000 0.50000000 0.86600000
vn -0.00000000 0.50000000 0.86600000
vn -0.84080000 0.53270000 -0.09630000
vn -0.00000000 0.50000000 0.86600000
vn -0.42620000 0.89020000 -0.16090000
vn 0.42620000 0.89020000 -0.16090000
vn -0.00000000 0.50000000 0.86600000
vn 0.84080000 0.53270000 -0.09630000
vn -0.00000000 0.50000000 0.86600000
vn 0.89750000 -0.43390000 0.07840000
vn -0.00000000 0.50000000 0.86600000
vn -0.00000000 0.50000000 0.86600000
vn 0.47740000 -0.86470000 0.15630000
vn -0.42620000 -0.89020000 0.16090000
vn -0.47190000 -0.76360000 0.44080000
vn -0.88170000 -0.40860000 0.23590000
vn -0.84080000 -0.53270000 0.09630000
vn -0.89750000 0.43390000 -0.07840000
vn -0.88170000 0.40860000 -0.23590000
vn -0.47190000 0.76360000 -0.44080000
vn -0.47740000 0.86470000 -0.15630000
vn 0.47190000 0.76360000 -0.44080000
vn 0.47740000 0.86470000 -0.15630000
vn 0.89750000 0.43390000 -0.07840000
vn 0.88170000 0.40860000 -0.23590000
vn 0.84080000 -0.53270000 0.09630000
vn 0.88170000 -0.40860000 0.23590000
vn 0.47190000 -0.76360000 0.44080000
vn 0.42620000 -0.89020000 0.16090000
vn -0.88170000 -0.40860000 0.23590000
vn -0.88170000 -0.40860000 0.23590000
vn -0.47190000 -0.76360000 0.44080000
vn -0.47190000 -0.76360000 0.44080000
vn -0.47190000 0.76360000 -0.44080000
vn -0.47190000 0.76360000 -0.44080000
vn -0.88170000 0.40860000 -0.23590000
vn -0.88170000 0.40860000 -0.23590000
vn 0.88170000 0.40860000 -0.23590000
vn 0.88170000 0.40860000 -0.23590000
vn 0.47190000 0.76360000 -0.44080000
vn 0.47190000 0.76360000 -0.44080000
vn 0.47190000 -0.76360000 0.44080000
vn 0.47190000 -0.76360000 0.44080000
vn 0.88170000 -0.40860000 0.23590000
vn 0.88170000 -0.40860000 0.23590000
vn 1.00000000 -0.00000000 -0.00000000
vn -0.00000000 -0.50000000 -0.86600000
vn 0.86600000 0.43300000 -0.25000000
vn -0.00000000 -0.50000000 -0.86600000
vn 0.50000000 0.75000000 -0.43300000
vn -0.00000000 -0.50000000 -0.86600000
vn -0.00000000 -0.50000000 -0.86600000
vn -0.00000000 0.86600000 -0.50000000
vn -0.50000000 0.75000000 -0.43300000
vn -0.00000000 -0.50000000 -0.86600000
vn -0.50000000 0.75000000 -0.43300000
vn -0.86600000 0.43300000 -0.25000000
vn -0.00000000 -0.50000000 -0.86600000
vn -0.00000000 -0.50000000 -0.86600000
vn -1.00000000 -0.00000000 -0.00000000
vn -0.00000000 -0.50000000 -0.86600000
vn -0.86600000 -0.43300000 0.25000000
vn -0.86600000 -0.43300000 0.25000000
vn -0.00000000 -0.50000000 -0.86600000
vn -0.50000000 -0.75000000 0.43300000
vn -0.00000000 -0.50000000 -0.86600000
vn -0.00000000 -0.86600000 0.50000000
vn -0.00000000 -0.86600000 0.50000000
vn -0.00000000 -0.86600000 0.50000000
vn -0.00000000 -0.86600000 0.50000000
vn -0.00000000 -0.50000000 -0.86600000
vn 0.50000000 -0.75000000 0.43300000
vn 0.86600000 -0.43300000 0.25000000
vn -0.00000000 -0.50000000 -0.86600000
vn 0.86600000 -0.43300000 0.25000000
vn -0.00000000 0.50000000 0.86600000
vn 0.97580000 0.18940000 -0.10940000
vn -0.00000000 0.86600000 -0.50000000
vn -0.00000000 0.50000000 0.86600000
vn 0.97580000 0.18940000 -0.10940000
vn 0.97580000 0.18940000 -0.10940000
vn -0.00000000 -0.50000000 -0.86600000
vn -0.00000000 0.86600000 -0.50000000
vn 0.97580000 0.18940000 -0.10940000
vn -0.00000000 -0.50000000 -0.86600000
vn -0.00000000 0.50000000 0.86600000
vn -0.98720000 0.13810000 -0.07970000
vn -0.00000000 -0.50000000 -0.86600000
vn -0.98720000 0.13810000 -0.07970000
vn -0.00000000 -0.50000000 -0.86600000
vn -0.95980000 0.24310000 -0.14040000
vn -0.95980000 0.24310000 -0.14030000
vn -0.95980000 0.24310000 -0.14040000
vn -0.00000000 0.50000000 0.86600000
vn -0.00000000 -0.50000000 -0.86600000
vn -0.09210000 0.86230000 -0.49790000
vn -0.00000000 -0.50000000 -0.86600000
vn -0.41580000 0.78760000 -0.45470000
vn -0.79410000 0.52640000 -0.30390000
vn -0.00000000 -0.50000000 -0.86600000
vn -0.09220000 0.86230000 -0.49790000
vn -0.00000000 0.50000000 0.86600000
vn -0.79410000 0.52640000 -0.30390000
vn -0.00000000 0.50000000 0.86600000
vn -0.41590000 0.78760000 -0.45470000
vn -0.00000000 0.50000000 0.86600000
vn -0.00000000 0.50000000 0.86600000
vn 0.99400000 -0.09480000 0.05470000
vn 1.00000000 -0.00000000 -0.00000000
vn -0.00000000 0.50000000 0.86600000
vn -0.00000000 -0.50000000 -0.86600000
vn 1.00000000 -0.00000000 -0.00000000
vn -0.00000000 -0.50000000 -0.86600000
vn 0.99400000 -0.09480000 0.05470000
vn -0.00000000 0.50000000 0.86600000
vn -0.99400000 -0.09480000 0.05470000
vn -0.00000000 -0.50000000 -0.86600000
vn -0.99400000 -0.09480000 0.05470000
vn -0.00000000 -0.50000000 -0.86600000
vn -1.00000000 -0.00000000 -0.00000000
vn -0.00000000 0.50000000 0.86600000
vn -1.00000000 -0.00000000 -0.00000000
vn -0.00000000 0.50000000 0.86600000
vn 0.08870000 -0.86260000 0.49800000
vn 0.08870000 -0.86260000 0.49800000
vn -0.00000000 -0.50000000 -0.86600000
vn -0.08870000 -0.86260000 0.49800000
vn -0.00000000 -0.50000000 -0.86600000
vn -0.08870000 -0.86260000 0.49800000
vn -0.00000000 0.50000000 0.86600000
vn -0.00000000 -0.50000000 -0.86600000
vn 0.43900000 -0.77810000 0.44930000
vn 0.86310000 -0.43740000 0.25250000
vn -0.00000000 -0.50000000 -0.86600000
vn -0.86310000 -0.43730000 0.25250000
vn -0.00000000 -0.50000000 -0.86600000
vn -0.00000000 -0.50000000 -0.86600000
vn -0.43900000 -0.77810000 0.44930000
vn 0.86310000 -0.43730000 0.25250000
vn -0.00000000 0.50000000 0.86600000
vn -0.00000000 0.50000000 0.86600000
vn 0.43900000 -0.77810000 0.44920000
vn -0.00000000 0.50000000 0.86600000
vn -0.43900000 -0.77810000 0.44930000
vn -0.86310000 -0.43740000 0.25250000
vn -0.00000000 0.50000000 0.86600000
vn -0.99880000 -0.04200000 0.02430000
vn -0.00000000 0.50000000 0.86600000
vn 0.04850000 -0.86500000 0.49940000
vn -0.00000000 0.50000000 0.86600000
vn 0.99880000 0.04200000 -0.02430000
vn 0.04850000 -0.86500000 0.49940000
vn -0.00000000 0.50000000 0.86600000
vn 0.99880000 0.04200000 -0.02430000
vn -0.14910000 0.80130000 -0.57940000
vn 0.05310000 0.80970000 -0.58440000
vn -0.00000000 0.50000000 0.86600000
vn -0.99880000 -0.04200000 0.02430000
vn -0.00000000 0.50000000 0.86600000
vn 0.99930000 0.03310000 -0.01910000
vn -0.14890000 0.80120000 -0.57950000
vn -0.00000000 0.50000000 0.86600000
vn -0.99930000 -0.03310000 0.01910000
vn 0.05310000 0.80970000 -0.58440000
vn 0.99060000 0.11830000 -0.06830000
vn -0.00000000 0.50000000 0.86600000
vn -0.00000000 0.50000000 0.86600000
vn -0.99820000 0.05220000 -0.03010000
vn 0.67580000 0.63830000 -0.36860000
vn -0.00000000 0.50000000 0.86600000
vn 0.14630000 0.85670000 -0.49460000
vn -0.00000000 0.50000000 0.86600000
vn -0.04820000 0.86500000 -0.49940000
vn -0.00000000 0.50000000 0.86600000
vn -0.24080000 0.84050000 -0.48530000
vn -0.73710000 0.58520000 -0.33790000
vn 0.67580000 0.63830000 -0.36860000
vn 0.97230000 0.20250000 -0.11690000
vn -0.00000000 0.50000000 0.86600000
vn -0.98740000 0.13700000 -0.07910000
vn -0.00000000 0.50000000 0.86600000
vn -0.73710000 0.58520000 -0.33790000
vn -0.00000000 0.50000000 0.86600000
vn -0.99510000 -0.08530000 0.04930000
vn -0.99510000 -0.08530000 0.04930000
vn -0.00000000 -0.50000000 -0.86600000
vn -0.00000000 -0.50000000 -0.86600000
vn -0.99510000 0.08530000 -0.04930000
vn -0.99510000 0.08530000 -0.04930000
vn -0.00000000 0.50000000 0.86600000
vn -0.09850000 0.86180000 -0.49760000
vn -0.00000000 0.50000000 0.86600000
vn -0.00000000 -0.50000000 -0.86600000
vn -0.09850000 0.86180000 -0.49760000
vn 0.09850000 0.86180000 -0.49760000
vn -0.00000000 -0.50000000 -0.86600000
vn 0.09850000 0.86180000 -0.49760000
vn -0.00000000 0.50000000 0.86600000
vn 0.99510000 0.08530000 -0.04930000
vn -0.00000000 0.50000000 0.86600000
vn -0.00000000 -0.50000000 -0.86600000
vn 0.99510000 0.08530000 -0.04930000
vn -0.00000000 -0.50000000 -0.86600000
vn 0.99510000 -0.08530000 0.04930000
vn 0.99510000 -0.08530000 0.04930000
vn -0.00000000 0.50000000 0.86600000
vn -0.00000000 0.50000000 0.86600000
vn 0.09850000 -0.86180000 0.49760000
vn 0.09850000 -0.86180000 0.49760000
vn -0.00000000 -0.50000000 -0.86600000
vn -0.09850000 -0.86180000 0.49760000
vn -0.00000000 -0.50000000 -0.86600000
vn -0.09850000 -0.86180000 0.49760000
vn -0.09850000 -0.86180000 0.49760000
vn -0.00000000 0.50000000 0.86600000
vn -0.09850000 -0.86180000 0.49760000
vn -0.99660000 -0.05290000 0.06250000
vn -0.00000000 -0.50000000 -0.86600000
vn -0.99510000 -0.08530000 0.04930000
vn -0.99190000 -0.08220000 0.09710000
vn -0.99660000 0.05290000 -0.06250000
vn -0.99510000 0.08530000 -0.04930000
vn -0.00000000 -0.50000000 -0.86600000
vn -0.99190000 0.08220000 -0.09710000
vn -0.00000000 -0.50000000 -0.86600000
vn -0.09090000 0.64340000 -0.76010000
vn -0.09850000 0.86180000 -0.49760000
vn -0.09480000 0.64320000 -0.75980000
vn 0.09850000 0.86180000 -0.49760000
vn 0.09480000 0.64320000 -0.75980000
vn -0.00000000 -0.50000000 -0.86600000
vn 0.09090000 0.64340000 -0.76010000
vn 0.99190000 0.08220000 -0.09710000
vn -0.00000000 -0.50000000 -0.86600000
vn 0.99510000 0.08530000 -0.04930000
vn 0.99660000 0.05290000 -0.06250000
vn 0.99190000 -0.08220000 0.09710000
vn 0.99510000 -0.08530000 0.04930000
vn 0.99660000 -0.05290000 0.06250000
vn -0.00000000 -0.50000000 -0.86600000
vn -0.00000000 -0.50000000 -0.86600000
vn 0.09480000 -0.64320000 0.75980000
vn 0.09090000 -0.64340000 0.76010000
vn 0.09850000 -0.86180000 0.49760000
vn -0.09090000 -0.64340000 0.76010000
vn -0.09090000 -0.64340000 0.76010000
vn -0.09850000 -0.86180000 0.49760000
vn -0.09850000 -0.86180000 0.49760000
vn -0.00000000 -0.50000000 -0.86600000
vn -0.09480000 -0.64320000 0.75980000
vn -0.09480000 -0.64320000 0.75980000
vn -0.00000000 0.50000000 0.86600000
vn -0.88170000 -0.40860000 0.23590000
vn -0.00000000 -0.50000000 -0.86600000
vn -0.88170000 -0.40860000 0.23590000
vn -0.00000000 -0.50000000 -0.86600000
vn -0.88170000 0.40860000 -0.23590000
vn -0.88170000 0.40860000 -0.23590000
vn -0.00000000 0.50000000 0.86600000
vn 0.47190000 0.76360000 -0.44080000
vn -0.00000000 -0.50000000 -0.86600000
vn 0.47190000 0.76360000 -0.44080000
vn -0.00000000 0.50000000 0.86600000
vn 0.88170000 -0.40860000 0.23590000
vn -0.00000000 -0.50000000 -0.86600000
vn -0.00000000 0.50000000 0.86600000
vn 0.88170000 -0.40860000 0.23590000
vn -0.00000000 0.50000000 0.86600000
vn -0.47190000 -0.76360000 0.44080000
vn -0.00000000 -0.50000000 -0.86600000
vn -0.47190000 -0.76360000 0.44080000
vn -0.47190000 0.76360000 -0.44080000
vn -0.00000000 -0.50000000 -0.86600000
vn -0.00000000 0.50000000 0.86600000
vn -0.47190000 0.76360000 -0.44080000
vn -0.00000000 -0.50000000 -0.86600000
vn 0.88170000 0.40860000 -0.23590000
vn -0.00000000 0.50000000 0.86600000
vn 0.88170000 0.40860000 -0.23590000
vn 0.47190000 -0.76360000 0.44080000
vn -0.00000000 -0.50000000 -0.86600000
vn 0.47190000 -0.76360000 0.44080000
vn -0.00000000 0.50000000 0.86600000
vn -0.00000000 -0.50000000 -0.86600000
vn -0.89750000 -0.28490000 0.33660000
vn -0.88170000 -0.40860000 0.23590000
vn -0.84080000 -0.34970000 0.41320000
vn -0.88170000 0.40860000 -0.23590000
vn -0.89750000 0.28490000 -0.33660000
vn -0.00000000 -0.50000000 -0.86600000
vn -0.84080000 0.34970000 -0.41310000
vn 0.47190000 0.76360000 -0.44080000
vn 0.47740000 0.56770000 -0.67070000
vn -0.00000000 -0.50000000 -0.86600000
vn 0.42620000 0.58450000 -0.69050000
vn 0.88170000 -0.40860000 0.23590000
vn 0.84080000 -0.34970000 0.41310000
vn -0.00000000 -0.50000000 -0.86600000
vn 0.89750000 -0.28490000 0.33660000
vn -0.00000000 -0.50000000 -0.86600000
vn -0.47740000 -0.56770000 0.67070000
vn -0.42620000 -0.58450000 0.69050000
vn -0.47190000 -0.76360000 0.44080000
vn -0.47740000 0.56770000 -0.67070000
vn -0.47190000 0.76360000 -0.44080000
vn -0.42620000 0.58450000 -0.69050000
vn -0.00000000 -0.50000000 -0.86600000
vn 0.89750000 0.28490000 -0.33660000
vn 0.88170000 0.40860000 -0.23590000
vn -0.00000000 -0.50000000 -0.86600000
vn 0.84080000 0.34970000 -0.41310000
vn 0.42620000 -0.58450000 0.69050000
vn 0.47190000 -0.76360000 0.44080000
vn -0.00000000 -0.50000000 -0.86600000
vn 0.47740000 -0.56770000 0.67070000
vn 1.00000000 -0.00000000 -0.00000000
vn -0.00000000 -0.50000000 -0.86600000
vn -0.00000000 -0.50000000 -0.86600000
vn 0.86600000 0.43300000 -0.25000000
vn 0.50000000 0.75000000 -0.43300000
vn -0.00000000 -0.50000000 -0.86600000
vn -0.00000000 -0.50000000 -0.86600000
vn -0.00000000 0.86600000 -0.50000000
vn -0.00000000 -0.50000000 -0.86600000
vn -0.50000000 0.75000000 -0.43300000
vn -0.86600000 0.43300000 -0.25000000
vn -0.00000000 -0.50000000 -0.86600000
vn -1.00000000 -0.00000000 -0.00000000
vn -0.00000000 -0.50000000 -0.86600000
vn -0.00000000 -0.50000000 -0.86600000
vn -0.86600000 -0.43300000 0.25000000
vn -0.50000000 -0.75000000 0.43300000
vn -0.00000000 -0.50000000 -0.86600000
vn -0.00000000 -0.50000000 -0.86600000
vn -0.00000000 -0.86600000 0.50000000
vn -0.00000000 -0.86600000 0.50000000
vn -0.00000000 -0.50000000 -0.86600000
vn 0.50000000 -0.75000000 0.43300000
vn -0.00000000 -0.50000000 -0.86600000
vn 0.86600000 -0.43300000 0.25000000
vn -0.00000000 0.50000000 0.86600000
vn 1.00000000 -0.00000000 -0.00000000
vn 0.86600000 0.43300000 -0.25000000
vn -0.00000000 0.50000000 0.86600000
vn -0.00000000 0.50000000 0.86600000
vn 0.50000000 0.75000000 -0.43300000
vn -0.00000000 0.86600000 -0.50000000
vn -0.00000000 0.50000000 0.86600000
vn -0.50000000 0.75000000 -0.43300000
vn -0.00000000 0.50000000 0.86600000
vn -0.86600000 0.43300000 -0.25000000
vn -0.00000000 0.50000000 0.86600000
vn -0.00000000 0.50000000 0.86600000
vn -1.00000000 -0.00000000 -0.00000000
vn -0.00000000 0.50000000 0.86600000
vn -0.86600000 -0.43300000 0.25000000
vn -0.50000000 -0.75000000 0.43300000
vn -0.00000000 0.50000000 0.86600000
vn -0.00000000 -0.86600000 0.50000000
vn -0.00000000 -0.86600000 0.50000000
vn -0.00000000 0.50000000 0.86600000
vn -0.00000000 0.50000000 0.86600000
vn 0.50000000 -0.75000000 0.43300000
vn -0.00000000 0.50000000 0.86600000
vn 0.86600000 -0.43300000 0.25000000
vn -0.00000000 -0.50000000 -0.86600000
vn -1.00000000 -0.00000000 -0.00000000
vn -1.00000000 -0.00000000 -0.00000000
vn -0.00000000 0.50000000 0.86600000
vn -1.00000000 -0.00000000 -0.00000000
vn -0.00000000 -0.50000000 -0.86600000
vn -1.00000000 -0.00000000 -0.00000000
vn -0.00000000 0.50000000 0.86600000
vn 1.00000000 -0.00000000 -0.00000000
vn -0.00000000 -0.50000000 -0.86600000
vn -0.00000000 0.50000000 0.86600000
vn 1.00000000 -0.00000000 -0.00000000
vn 1.00000000 -0.00000000 -0.00000000
vn -0.00000000 -0.50000000 -0.86600000
vn -0.00000000 0.50000000 0.86600000
vn 1.00000000 -0.00000000 -0.00000000
vn -1.00000000 -0.00000000 -0.00000000
vn -0.00000000 -0.50000000 -0.86600000
vn -0.86600000 -0.43300000 0.25000000
vn -0.00000000 -0.50000000 -0.86600000
vn -0.00000000 -0.50000000 -0.86600000
vn -0.50000000 -0.75000000 0.43300000
vn -0.00000000 -0.86600000 0.50000000
vn -0.00000000 -0.50000000 -0.86600000
vn 0.50000000 -0.75000000 0.43300000
vn -0.00000000 -0.50000000 -0.86600000
vn -0.00000000 -0.50000000 -0.86600000
vn 0.86600000 -0.43300000 0.25000000
vn 1.00000000 -0.00000000 -0.00000000
vn -0.00000000 -0.50000000 -0.86600000
vn 0.86600000 0.43300000 -0.25000000
vn -0.00000000 -0.50000000 -0.86600000
vn 0.50000000 0.75000000 -0.43300000
vn -0.00000000 -0.50000000 -0.86600000
vn -0.00000000 0.86600000 -0.50000000
vn -0.00000000 -0.50000000 -0.86600000
vn -0.00000000 0.86600000 -0.50000000
vn -0.50000000 0.75000000 -0.43300000
vn -0.00000000 -0.50000000 -0.86600000
vn -0.00000000 -0.50000000 -0.86600000
vn -0.86600000 0.43300000 -0.25000000
vn -0.00000000 0.50000000 0.86600000
vn -1.00000000 -0.00000000 -0.00000000
vn -0.00000000 0.50000000 0.86600000
vn -0.86600000 -0.43300000 0.25000000
vn -0.50000000 -0.75000000 0.43300000
vn -0.00000000 0.50000000 0.86600000
vn -0.00000000 0.50000000 0.86600000
vn -0.00000000 -0.86600000 0.50000000
vn -0.00000000 0.50000000 0.86600000
vn 0.50000000 -0.75000000 0.43300000
vn 0.86600000 -0.43300000 0.25000000
vn -0.00000000 0.50000000 0.86600000
vn -0.00000000 0.50000000 0.86600000
vn 1.00000000 -0.00000000 -0.00000000
vn -0.00000000 0.50000000 0.86600000
vn 0.86600000 0.43300000 -0.25000000
vn -0.00000000 0.50000000 0.86600000
vn 0.50000000 0.75000000 -0.43300000
vn -0.00000000 0.50000000 0.86600000
vn -0.00000000 0.86600000 -0.50000000
vn -0.00000000 0.86600000 -0.50000000
vn -0.50000000 0.75000000 -0.43300000
vn -0.00000000 0.50000000 0.86600000
vn -0.86600000 0.43300000 -0.25000000
vn -0.00000000 0.50000000 0.86600000
vn -1.00000000 -0.00000000 -0.00000000
vn -0.00000000 -0.50000000 -0.86600000
vn -0.00000000 0.50000000 0.86600000
vn -1.00000000 -0.00000000 -0.00000000
vn -0.00000000 -0.50000000 -0.86600000
vn -1.00000000 -0.00000000 -0.00000000
vn -1.00000000 -0.00000000 -0.00000000
vn -0.00000000 0.50000000 0.86600000
vn -0.00000000 -0.50000000 -0.86600000
vn 1.00000000 -0.00000000 -0.00000000
vn 1.00000000 -0.00000000 -0.00000000
vn -0.00000000 0.50000000 0.86600000
vn -0.00000000 -0.50000000 -0.86600000
vn 1.00000000 -0.00000000 -0.00000000
vn 1.00000000 -0.00000000 -0.00000000
vn -0.00000000 0.50000000 0.86600000
vn -0.00000000 -0.50000000 -0.86600000
vn 1.00000000 -0.00000000 -0.00000000
vn 1.00000000 -0.00000000 -0.00000000
vn -0.00000000 0.50000000 0.86600000
vn -0.00000000 -0.50000000 -0.86600000
vn 1.00000000 -0.00000000 -0.00000000
vn 1.00000000 -0.00000000 -0.00000000
vn -0.00000000 0.50000000 0.86600000
vn -1.00000000 -0.00000000 -0.00000000
vn -0.00000000 -0.50000000 -0.86600000
vn -0.00000000 0.50000000 0.86600000
vn -1.00000000 -0.00000000 -0.00000000
vn -0.00000000 -0.50000000 -0.86600000
vn -1.00000000 -0.00000000 -0.00000000
vn -0.00000000 0.50000000 0.86600000
vn -1.00000000 -0.00000000 -0.00000000
vn -0.00000000 -0.50000000 -0.86600000
vn 1.00000000 -0.00000000 -0.00000000
vn 0.86600000 0.43300000 -0.25000000
vn -0.00000000 -0.50000000 -0.86600000
vn -0.00000000 -0.50000000 -0.86600000
vn 0.50000000 0.75000000 -0.43300000
vn -0.00000000 -0.50000000 -0.86600000
vn -0.00000000 0.86600000 -0.50000000
vn -0.00000000 -0.50000000 -0.86600000
vn -0.50000000 0.75000000 -0.43300000
vn -0.86600000 0.43300000 -0.25000000
vn -0.00000000 -0.50000000 -0.86600000
vn -0.00000000 -0.50000000 -0.86600000
vn -1.00000000 -0.00000000 -0.00000000
vn -0.86600000 -0.43300000 0.25000000
vn -0.00000000 -0.50000000 -0.86600000
vn -0.00000000 -0.50000000 -0.86600000
vn -0.50000000 -0.75000000 0.43300000
vn -0.00000000 -0.50000000 -0.86600000
vn -0.00000000 -0.86600000 0.50000000
vn -0.00000000 -0.86600000 0.50000000
vn -0.00000000 -0.50000000 -0.86600000
vn 0.50000000 -0.75000000 0.43300000
vn -0.00000000 -0.50000000 -0.86600000
vn 0.86600000 -0.43300000 0.25000000
vn -0.00000000 0.50000000 0.86600000
vn 1.00000000 -0.00000000 -0.00000000
vn 0.86600000 0.43300000 -0.25000000
vn -0.00000000 0.50000000 0.86600000
vn -0.00000000 0.50000000 0.86600000
vn 0.50000000 0.75000000 -0.43300000
vn -0.00000000 0.50000000 0.86600000
vn -0.00000000 0.86600000 -0.50000000
vn -0.00000000 0.50000000 0.86600000
vn -0.50000000 0.75000000 -0.43300000
vn -0.86600000 0.43300000 -0.25000000
vn -0.00000000 0.50000000 0.86600000
vn -0.00000000 0.50000000 0.86600000
vn -1.00000000 -0.00000000 -0.00000000
vn -0.86600000 -0.43300000 0.25000000
vn -0.00000000 0.50000000 0.86600000
vn -0.00000000 0.50000000 0.86600000
vn -0.50000000 -0.75000000 0.43300000
vn -0.00000000 0.50000000 0.86600000
vn -0.00000000 -0.86600000 0.50000000
vn -0.00000000 -0.86600000 0.50000000
vn -0.00000000 0.50000000 0.86600000
vn 0.50000000 -0.75000000 0.43300000
vn 0.86600000 -0.43300000 0.25000000
vn 0.00010000 0.50000000 0.86600000
vn 1.00000000 -0.00000000 -0.00000000
vn -0.00000000 -0.50000000 -0.86600000
vn -0.00000000 0.50000000 0.86600000
vn 1.00000000 -0.00000000 -0.00000000
vn 1.00000000 -0.00000000 -0.00000000
vn -0.00000000 -0.50000000 -0.86600000
vn 1.00000000 -0.00000000 -0.00000000
vn -0.00000000 0.50000000 0.86600000
vn -1.00000000 -0.00000000 -0.00000000
vn -0.00000000 -0.50000000 -0.86600000
vn -1.00000000 -0.00000000 -0.00000000
vn -0.00000000 0.50000000 0.86600000
vn -0.00000000 -0.50000000 -0.86600000
vn -1.00000000 -0.00000000 -0.00000000
vn -0.00000000 0.50000000 0.86600000
vn -1.00000000 -0.00000000 -0.00000000
vn -0.00000000 -0.50000000 -0.86600000
vn -1.00000000 -0.00000000 -0.00000000
vn -0.00000000 0.50000000 0.86600000
vn -1.00000000 -0.00000000 -0.00000000
vn -0.00000000 -0.50000000 -0.86600000
vn -1.00000000 -0.00000000 -0.00000000
vn -1.00000000 -0.00000000 -0.00000000
vn -0.00000000 0.50000000 0.86600000
vn -0.00000000 -0.50000000 -0.86600000
vn 1.00000000 -0.00000000 -0.00000000
vn 1.00000000 -0.00000000 -0.00000000
vn -0.00000000 0.50000000 0.86600000
vn 1.00000000 -0.00000000 -0.00000000
vn -0.00000000 -0.50000000 -0.86600000
vn -0.00000000 0.50000000 0.86600000
vn 1.00000000 -0.00000000 -0.00000000
vn -0.00000000 -0.50000000 -0.86600000
vn -1.00000000 -0.00000000 -0.00000000
vn -0.00000000 -0.50000000 -0.86600000
vn -0.86600000 -0.43300000 0.25000000
vn -0.50000000 -0.75000000 0.43300000
vn -0.00000000 -0.50000000 -0.86600000
vn -0.00000000 -0.86600000 0.50000000
vn -0.00000000 -0.50000000 -0.86600000
vn -0.00000000 -0.50000000 -0.86600000
vn 0.50000000 -0.75000000 0.43300000
vn -0.00000000 -0.50000000 -0.86600000
vn 0.86600000 -0.43300000 0.25000000
vn -0.00000000 -0.50000000 -0.86600000
vn 1.00000000 -0.00000000 -0.00000000
vn 0.86600000 0.43300000 -0.25000000
vn -0.00000000 -0.50000000 -0.86600000
vn -0.00000000 -0.50000000 -0.86600000
vn 0.50000000 0.75000000 -0.43300000
vn -0.00000000 0.86600000 -0.50000000
vn -0.00000000 0.86600000 -0.50000000
vn -0.00000000 -0.50000000 -0.86600000
vn -0.00000000 -0.50000000 -0.86600000
vn -0.50000000 0.75000000 -0.43300000
vn -0.86600000 0.43300000 -0.25000000
vn -0.00000000 -0.50000000 -0.86600000
vn -1.00000000 -0.00000000 -0.00000000
vn -0.00000000 0.50000000 0.86600000
vn -0.86600000 -0.43300000 0.25000000
vn -0.00000000 0.50000000 0.86600000
vn -0.00000000 0.50000000 0.86600000
vn -0.50000000 -0.75000000 0.43300000
vn -0.00000000 0.50000000 0.86600000
vn -0.00000000 -0.86600000 0.50000000
vn -0.00000000 0.50000000 0.86600000
vn 0.50000000 -0.75000000 0.43300000
vn 0.86600000 -0.43300000 0.25000000
vn -0.00000000 0.50000000 0.86600000
vn -0.00000000 0.50000000 0.86600000
vn 1.00000000 -0.00000000 -0.00000000
vn 0.86600000 0.43300000 -0.25000000
vn -0.00000000 0.50000000 0.86600000
vn 0.50000000 0.75000000 -0.43300000
vn -0.00000000 0.50000000 0.86600000
vn -0.00000000 0.50000000 0.86600000
vn -0.00000000 0.86600000 -0.50000000
vn -0.00000000 0.86600000 -0.50000000
vn -0.00000000 0.50000000 0.86600000
vn -0.50000000 0.75000000 -0.43300000
vn -0.00000000 0.50000000 0.86600000
vn -0.86600000 0.43300000 -0.25000000
vn -0.00000000 -0.50000000 -0.86600000
vn -1.00000000 -0.00000000 -0.00000000
vn -1.00000000 -0.00000000 -0.00000000
vn -0.00000000 0.50000000 0.86600000
vn -0.00000000 -0.50000000 -0.86600000
vn -1.00000000 -0.00000000 -0.00000000
vn -0.00000000 0.50000000 0.86600000
vn -1.00000000 -0.00000000 -0.00000000
vn 1.00000000 -0.00000000 -0.00000000
vn -0.00000000 -0.50000000 -0.86600000
vn -0.00000000 0.50000000 0.86600000
vn 1.00000000 -0.00000000 -0.00000000
vn -0.00000000 -0.50000000 -0.86600000
vn 1.00000000 -0.00000000 -0.00000000
vn -0.00000000 0.50000000 0.86600000
vn 1.00000000 -0.00000000 -0.00000000
vn -0.00000000 -0.50000000 -0.86600000
vn 1.00000000 -0.00000000 -0.00000000
vn 1.00000000 -0.00000000 -0.00000000
vn -0.00000000 0.50000000 0.86600000
vn 1.00000000 -0.00000000 -0.00000000
vn -0.00000000 -0.50000000 -0.86600000
vn -0.00000000 0.50000000 0.86600000
vn 1.00000000 -0.00000000 -0.00000000
vn -1.00000000 -0.00000000 -0.00000000
vn -0.00000000 -0.50000000 -0.86600000
vn -0.00000000 0.50000000 0.86600000
vn -1.00000000 -0.00000000 -0.00000000
vn -0.00000000 -0.50000000 -0.86600000
vn -1.00000000 -0.00000000 -0.00000000
vn -1.00000000 -0.00000000 -0.00000000
vn -0.00000000 0.50000000 0.86600000
vn -0.00000000 -0.50000000 -0.86600000
vn 1.00000000 -0.00000000 -0.00000000
vn 0.86600000 0.43300000 -0.25000000
vn -0.00000000 -0.50000000 -0.86600000
vn 0.50000000 0.75000000 -0.43300000
vn -0.00000000 -0.50000000 -0.86600000
vn -0.00000000 0.86600000 -0.50000000
vn -0.00000000 -0.50000000 -0.86600000
vn -0.50000000 0.75000000 -0.43300000
vn -0.00000000 -0.50000000 -0.86600000
vn -0.00000000 -0.50000000 -0.86600000
vn -0.86600000 0.43300000 -0.25000000
vn -1.00000000 -0.00000000 -0.00000000
vn -0.00000000 -0.50000000 -0.86600000
vn -0.00000000 -0.50000000 -0.86600000
vn -0.86600000 -0.43300000 0.25000000
vn -0.00000000 -0.50000000 -0.86600000
vn -0.50000000 -0.75000000 0.43300000
vn -0.00000000 -0.86600000 0.50000000
vn -0.00000000 -0.50000000 -0.86600000
vn -0.00000000 -0.86600000 0.50000000
vn -0.00000000 -0.50000000 -0.86600000
vn 0.50000000 -0.75000000 0.43300000
vn -0.00000000 -0.50000000 -0.86600000
vn 0.86600000 -0.43300000 0.25000000
vn -0.00000000 0.50000000 0.86600000
vn 1.00000000 -0.00000000 -0.00000000
vn -0.00000000 0.50000000 0.86600000
vn 0.86600000 0.43300000 -0.25000000
vn -0.00000000 0.50000000 0.86600000
vn 0.50000000 0.75000000 -0.43300000
vn -0.00000000 0.86600000 -0.50000000
vn -0.00000000 0.50000000 0.86600000
vn -0.50000000 0.75000000 -0.43300000
vn -0.00000000 0.50000000 0.86600000
vn -0.86600000 0.43300000 -0.25000000
vn -0.00000000 0.50000000 0.86600000
vn -0.00000000 0.50000000 0.86600000
vn -1.00000000 -0.00000000 -0.00000000
vn -0.86600000 -0.43300000 0.25000000
vn -0.00000000 0.50000000 0.86600000
vn -0.00000000 0.50000000 0.86600000
vn -0.50000000 -0.75000000 0.43300000
vn -0.00000000 0.50000000 0.86600000
vn -0.00000000 -0.86600000 0.50000000
vn -0.00000000 -0.86600000 0.50000000
vn 0.50000000 -0.75000000 0.43300000
vn -0.00000000 0.50000000 0.86600000
vn 0.86600000 -0.43300000 0.25000000
vn 0.00010000 0.50000000 0.86600000
vn -0.00000000 -0.50000000 -0.86600000
vn 1.00000000 -0.00000000 -0.00000000
vn 1.00000000 -0.00000000 -0.00000000
vn -0.00000000 0.50000000 0.86600000
vn 1.00000000 -0.00000000 -0.00000000
vn -0.00000000 -0.50000000 -0.86600000
vn -0.00000000 0.50000000 0.86600000
vn 1.00000000 -0.00000000 -0.00000000
vn -0.00000000 -0.50000000 -0.86600000
vn -1.00000000 -0.00000000 -0.00000000
vn -0.00000000 0.50000000 0.86600000
vn -1.00000000 -0.00000000 -0.00000000
vn -1.00000000 -0.00000000 -0.00000000
vn -0.00000000 -0.50000000 -0.86600000
vn -1.00000000 -0.00000000 -0.00000000
vn -0.00000000 0.50000000 0.86600000
vn -0.00000000 -0.86600000 0.50000000
vn -0.00000000 -0.50000000 -0.86600000
vn 1.00000000 -0.00000000 -0.00000000
vn -0.00000000 0.50000000 0.86600000
vn 1.00000000 -0.00000000 -0.00000000
vn -0.00000000 -0.86600000 0.50000000
vn -0.00000000 -0.50000000 -0.86600000
vn -0.00000000 0.86600000 -0.50000000
vn 1.00000000 -0.00000000 -0.00000000
vn -0.00000000 0.86600000 -0.50000000
vn -0.00000000 0.50000000 0.86600000
vn 1.00000000 -0.00000000 -0.00000000
vn -0.00000000 -0.50000000 -0.86600000
vn -0.00000000 -0.86600000 0.50000000
vn -1.00000000 -0.00000000 -0.00000000
vn -0.00000000 -0.86600000 0.50000000
vn -0.00000000 0.50000000 0.86600000
vn -1.00000000 -0.00000000 -0.00000000
vn -0.00000000 0.86600000 -0.50000000
vn -0.00000000 -0.50000000 -0.86600000
vn -1.00000000 -0.00000000 -0.00000000
vn -0.00000000 0.50000000 0.86600000
vn -0.00000000 0.86600000 -0.50000000
vn -1.00000000 -0.00000000 -0.00000000
vn -0.00000000 0.50000000 0.86600000
vn 1.00000000 -0.00000000 -0.00000000
vn -0.00000000 0.86600000 -0.50000000
vn 1.00000000 -0.00000000 -0.00000000
vn -0.00000000 0.50000000 0.86600000
vn -0.00000000 -0.86600000 0.50000000
vn -0.00000000 -0.86600000 0.50000000
vn 1.00000000 -0.00000000 -0.00000000
vn -0.00000000 -0.50000000 -0.86600000
vn -0.00000000 -0.50000000 -0.86600000
vn -0.00000000 0.86600000 -0.50000000
vn 1.00000000 -0.00000000 -0.00000000
vn -1.00000000 -0.00000000 -0.00000000
vn -0.00000000 0.50000000 0.86600000
vn -0.00000000 0.86600000 -0.50000000
vn -0.00000000 0.86600000 -0.50000000
vn -0.00000000 -0.50000000 -0.86600000
vn -1.00000000 -0.00000000 -0.00000000
vn -0.00000000 -0.86600000 0.50000000
vn -1.00000000 -0.00000000 -0.00000000
vn -0.00000000 -0.50000000 -0.86600000
vn -0.00000000 0.50000000 0.86600000
vn -1.00000000 -0.00000000 -0.00000000
vn -0.00000000 -0.86600000 0.50000000
vn -0.00000000 0.86600000 -0.50000000
vn 1.00000000 -0.00000000 -0.00000000
vn -0.00000000 0.50000000 0.86600000
vn -0.00000000 -0.86600000 0.50000000
vn -0.00000000 0.50000000 0.86600000
vn 1.00000000 -0.00000000 -0.00000000
vn -0.00000000 -0.50000000 -0.86600000
vn 1.00000000 -0.00000000 -0.00000000
vn -0.00000000 -0.86600000 0.50000000
vn -0.00000000 0.86600000 -0.50000000
vn 1.00000000 -0.00000000 -0.00000000
vn -0.00000000 -0.50000000 -0.86600000
vn -0.00000000 0.50000000 0.86600000
vn -0.00000000 0.86600000 -0.50000000
vn -1.00000000 -0.00000000 -0.00000000
vn -0.00000000 -0.50000000 -0.86600000
vn -0.00000000 0.86600000 -0.50000000
vn -1.00000000 -0.00000000 -0.00000000
vn -1.00000000 -0.00000000 -0.00000000
vn -0.00000000 -0.86600000 0.50000000
vn -0.00000000 -0.50000000 -0.86600000
vn -1.00000000 -0.00000000 -0.00000000
vn -0.00000000 0.50000000 0.86600000
vn -0.00000000 -0.86600000 0.50000000
vn -0.00000000 -0.86600000 0.50000000
vn 1.00000000 -0.00000000 -0.00000000
vn -0.00000000 -0.50000000 -0.86600000
vn 1.00000000 -0.00000000 -0.00000000
vn -0.00000000 0.50000000 0.86600000
vn -0.00000000 -0.86600000 0.50000000
vn -0.00000000 -0.50000000 -0.86600000
vn -0.00000000 0.86600000 -0.50000000
vn 1.00000000 -0.00000000 -0.00000000
vn 1.00000000 -0.00000000 -0.00000000
vn -0.00000000 0.50000000 0.86600000
vn -0.00000000 0.86600000 -0.50000000
vn -0.00000000 -0.50000000 -0.86600000
vn -1.00000000 -0.00000000 -0.00000000
vn -0.00000000 -0.86600000 0.50000000
vn -0.00000000 -0.86600000 0.50000000
vn -0.00000000 0.50000000 0.86600000
vn -1.00000000 -0.00000000 -0.00000000
vn -1.00000000 -0.00000000 -0.00000000
vn -0.00000000 -0.50000000 -0.86600000
vn -0.00000000 0.86600000 -0.50000000
vn -1.00000000 -0.00000000 -0.00000000
vn -0.00000000 0.50000000 0.86600000
vn -0.00000000 0.86600000 -0.50000000
vn -0.00000000 0.50000000 0.86600000
vn 1.00000000 -0.00000000 -0.00000000
vn -0.00000000 0.86600000 -0.50000000
vn -0.00000000 -0.86600000 0.50000000
vn 1.00000000 -0.00000000 -0.00000000
vn -0.00000000 0.50000000 0.86600000
vn 1.00000000 -0.00000000 -0.00000000
vn -0.00000000 -0.86600000 0.50000000
vn -0.00000000 -0.50000000 -0.86600000
vn -0.00000000 -0.50000000 -0.86600000
vn 1.00000000 -0.00000000 -0.00000000
vn -0.00000000 0.86600000 -0.50000000
vn -0.00000000 0.86600000 -0.50000000
vn -1.00000000 -0.00000000 -0.00000000
vn -0.00000000 0.50000000 0.86600000
vn -0.00000000 0.86600000 -0.50000000
vn -0.00000000 -0.50000000 -0.86600000
vn -1.00000000 -0.00000000 -0.00000000
vn -0.00000000 -0.50000000 -0.86600000
vn -0.00000000 -0.86600000 0.50000000
vn -1.00000000 -0.00000000 -0.00000000
vn -1.00000000 -0.00000000 -0.00000000
vn -0.00000000 -0.86600000 0.50000000
vn -0.00000000 0.50000000 0.86600000
vn 1.00000000 -0.00000000 -0.00000000
vn -0.00000000 0.86600000 -0.50000000
vn -0.00000000 0.50000000 0.86600000
vn -0.00000000 0.50000000 0.86600000
vn -0.00000000 -0.86600000 0.50000000
vn 1.00000000 -0.00000000 -0.00000000
vn -0.00000000 -0.86600000 0.50000000
vn 1.00000000 -0.00000000 -0.00000000
vn -0.00000000 -0.50000000 -0.86600000
vn -0.00000000 -0.50000000 -0.86600000
vn 1.00000000 -0.00000000 -0.00000000
vn -0.00000000 0.86600000 -0.50000000
vn -0.00000000 0.50000000 0.86600000
vn -0.00000000 0.86600000 -0.50000000
vn -1.00000000 -0.00000000 -0.00000000
vn -1.00000000 -0.00000000 -0.00000000
vn -0.00000000 -0.50000000 -0.86600000
vn -0.00000000 0.86600000 -0.50000000
vn -0.00000000 -0.50000000 -0.86600000
vn -0.00000000 -0.86600000 0.50000000
vn -1.00000000 -0.00000000 -0.00000000
vn -0.00000000 -0.86600000 0.50000000
vn -0.00000000 0.50000000 0.86600000
vn -1.00000000 -0.00000000 -0.00000000
vn 1.00000000 -0.00000000 -0.00000000
vn -0.00000000 -0.50000000 -0.86600000
vn -0.00000000 -0.86600000 0.50000000
vn 1.00000000 -0.00000000 -0.00000000
vn -0.00000000 -0.86600000 0.50000000
vn -0.00000000 0.50000000 0.86600000
vn 1.00000000 -0.00000000 -0.00000000
vn -0.00000000 0.86600000 -0.50000000
vn -0.00000000 -0.50000000 -0.86600000
vn 1.00000000 -0.00000000 -0.00000000
vn -0.00000000 0.50000000 0.86600000
vn -0.00000000 0.86600000 -0.50000000
vn -1.00000000 -0.00000000 -0.00000000
vn -0.00000000 -0.50000000 -0.86600000
vn -0.00000000 -0.86600000 0.50000000
vn -0.00000000 0.50000000 0.86600000
vn -0.00000000 -0.86600000 0.50000000
vn -1.00000000 -0.00000000 -0.00000000
vn -0.00000000 0.86600000 -0.50000000
vn -0.00000000 -0.50000000 -0.86600000
vn -1.00000000 -0.00000000 -0.00000000
vn -1.00000000 -0.00000000 -0.00000000
vn -0.00000000 0.86600000 -0.50000000
vn -0.00000000 0.50000000 0.86600000
vn -0.00000000 0.50000000 0.86600000
vn 1.00000000 -0.00000000 -0.00000000
vn -0.00000000 0.86600000 -0.50000000
vn -0.00000000 -0.86600000 0.50000000
vn 1.00000000 -0.00000000 -0.00000000
vn -0.00000000 0.50000000 0.86600000
vn -0.00000000 -0.86600000 0.50000000
vn 1.00000000 -0.00000000 -0.00000000
vn -0.00000000 -0.50000000 -0.86600000
vn -0.00000000 0.86600000 -0.50000000
vn 1.00000000 -0.00000000 -0.00000000
vn -0.00000000 -0.50000000 -0.86600000
vn -0.00000000 0.86600000 -0.50000000
vn -1.00000000 -0.00000000 -0.00000000
vn -0.00000000 0.50000000 0.86600000
vn -0.00000000 0.86600000 -0.50000000
vn -0.00000000 -0.50000000 -0.86600000
vn -1.00000000 -0.00000000 -0.00000000
vn -1.00000000 -0.00000000 -0.00000000
vn -0.00000000 -0.50000000 -0.86600000
vn -0.00000000 -0.86600000 0.50000000
vn -1.00000000 -0.00000000 -0.00000000
vn -0.00000000 0.50000000 0.86600000
vn -0.00000000 -0.86600000 0.50000000
vn -0.00000000 0.86600000 -0.50000000
vn -0.00000000 0.50000000 0.86600000
vn 1.00000000 -0.00000000 -0.00000000
vn -0.00000000 0.50000000 0.86600000
vn -0.00000000 -0.86600000 0.50000000
vn 1.00000000 -0.00000000 -0.00000000
vn 1.00000000 -0.00000000 -0.00000000
vn -0.00000000 -0.86600000 0.50000000
vn -0.00000000 -0.50000000 -0.86600000
vn 1.00000000 -0.00000000 -0.00000000
vn -0.00000000 0.86600000 -0.50000000
vn -0.00000000 -0.50000000 -0.86600000
vn -1.00000000 -0.00000000 -0.00000000
vn -0.00000000 0.50000000 0.86600000
vn -0.00000000 0.86600000 -0.50000000
vn -1.00000000 -0.00000000 -0.00000000
vn -0.00000000 -0.50000000 -0.86600000
vn -0.00000000 0.86600000 -0.50000000
vn -1.00000000 -0.00000000 -0.00000000
vn -0.00000000 -0.86600000 0.50000000
vn -0.00000000 -0.50000000 -0.86600000
vn -0.00000000 0.50000000 0.86600000
vn -1.00000000 -0.00000000 -0.00000000
vn -0.00000000 -0.86600000 0.50000000
vt 0.34489300 0.30708500
vt 0.34561300 0.30682100
vt 0.34633200 0.30655700
vt 0.34705100 0.30629300
vt 0.34777000 0.30602900
vt 0.34849000 0.30576500
vt 0.34920900 0.30550100
vt 0.34992800 0.30523700
vt 0.35064800 0.30497300
vt 0.35136700 0.30470900
vt 0.34273500 0.30787700
vt 0.34345500 0.30761300
vt 0.34417400 0.30734900
vt 0.34649800 0.31145800
vt 0.34721700 0.31119400
vt 0.34793600 0.31093000
vt 0.34865600 0.31066600
vt 0.35009400 0.31013800
vt 0.35081300 0.30987400
vt 0.35225200 0.30934600
vt 0.34505900 0.31198600
vt 0.18825000 0.55742100
vt 0.10019800 0.36389400
vt 0.10057800 0.36322900
vt 0.17738500 0.55459500
vt 0.18519800 0.06536300
vt 0.18639900 0.54916300
vt 0.09284900 0.35969700
vt 0.09322900 0.35903200
vt 0.17553400 0.56285400
vt 0.18549600 0.06606800
vt 0.17976600 0.55742100
vt 0.19731000 0.06025500
vt 0.19760700 0.06096000
vt 0.16890200 0.55459500
vt 0.18267700 0.54916300
vt 0.18862800 0.06391600
vt 0.17181200 0.56285400
vt 0.18892500 0.06462000
vt 0.19094900 0.06293600
vt 0.18086700 0.55060600
vt 0.19124600 0.06364100
vt 0.17000200 0.56141000
vt 0.18121400 0.54980500
vt 0.19014400 0.06327600
vt 0.18943300 0.06357600
vt 0.18181800 0.54932300
vt 0.17095300 0.56269300
vt 0.18973000 0.06428100
vt 0.19044100 0.06398100
vt 0.17035000 0.56221200
vt 0.84053800 0.59090900
vt 0.30560300 0.55781100
vt 0.83736300 0.59219900
vt 0.30890600 0.55872300
vt 0.43428800 0.37368900
vt 0.83707500 0.59149000
vt 0.84025000 0.59020100
vt 0.43277900 0.37061200
vt 0.30492700 0.55562700
vt 0.84298700 0.58991500
vt 0.84269900 0.58920600
vt 0.43050800 0.37035200
vt 0.84766500 0.58718900
vt 0.43125500 0.37499700
vt 0.84795300 0.58789800
vt 0.30963000 0.55550000
vt 0.30478000 0.55615700
vt 0.84247800 0.59012200
vt 0.84219000 0.58941300
vt 0.43100200 0.37011000
vt 0.84492700 0.58912700
vt 0.30648200 0.55463100
vt 0.84463900 0.58841800
vt 0.84463900 0.58841800
vt 0.42981700 0.37206500
vt 0.84118800 0.59064500
vt 0.30498400 0.55748100
vt 0.30470900 0.55693000
vt 0.84175900 0.59041300
vt 0.43174800 0.36989700
vt 0.84147100 0.58970500
vt 0.43234000 0.37006400
vt 0.84090000 0.58993600
vt 0.30526200 0.55492800
vt 0.84370600 0.58962300
vt 0.30578100 0.55459500
vt 0.84427700 0.58939100
vt 0.42965200 0.37138200
vt 0.84398900 0.58868200
vt 0.84341800 0.58891400
vt 0.42988300 0.37081100
vt 0.70700000 0.17976600
vt 0.00653200 0.67790800
vt 0.71083200 0.42965200
vt 0.71248500 0.43309700
vt 0.00621600 0.67410600
vt 0.78275200 0.06596900
vt 0.78501500 0.06631200
vt 0.71042600 0.43410500
vt 0.70875900 0.43063400
vt 0.70696200 0.18217000
vt 0.35764500 0.46786300
vt 0.70670000 0.17978000
vt 0.00624800 0.67793100
vt 0.00593200 0.67413000
vt 0.35383500 0.46767800
vt 0.78279500 0.06568800
vt 0.78505700 0.06603000
vt 0.35372500 0.46996400
vt 0.35753500 0.47014900
vt 0.70696200 0.18218900
vt 0.70909600 0.43133300
vt 0.20985100 0.56592300
vt 0.44837700 0.52336900
vt 0.21130800 0.56638600
vt 0.71047100 0.43067600
vt 0.71146100 0.43274100
vt 0.44619600 0.52408200
vt 0.20984200 0.57100300
vt 0.20838500 0.57054000
vt 0.71009000 0.43340700
vt 0.20967400 0.56648100
vt 0.44820100 0.52281000
vt 0.21113100 0.56694400
vt 0.21001900 0.57044400
vt 0.44601900 0.52352400
vt 0.20856200 0.56998200
vt 0.44676700 0.52208000
vt 0.21057700 0.56868900
vt 0.20912000 0.56822600
vt 0.20947900 0.56709500
vt 0.20947900 0.56709500
vt 0.20931700 0.56760500
vt 0.20931700 0.56760500
vt 0.21077400 0.56806700
vt 0.44741500 0.52200200
vt 0.21077400 0.56806700
vt 0.44789000 0.52224600
vt 0.21093600 0.56755800
vt 0.21093600 0.56755800
vt 0.21021500 0.56982800
vt 0.21021500 0.56982800
vt 0.44594900 0.52288000
vt 0.21037900 0.56931300
vt 0.21037900 0.56931300
vt 0.44619600 0.52240000
vt 0.20875800 0.56936500
vt 0.20875800 0.56936500
vt 0.20892100 0.56885000
vt 0.20892100 0.56885000
vt 0.01652300 0.80559300
vt 0.01136500 0.80554400
vt 0.31743300 0.62633700
vt 0.31669600 0.62715800
vt 0.01264000 0.80580500
vt 0.01395000 0.80593100
vt 0.31751700 0.62789500
vt 0.01523300 0.80571100
vt 0.31825400 0.62707400
vt 0.01652200 0.76291400
vt 0.01136500 0.76287200
vt 0.01136500 0.76287200
vt 0.01652200 0.76291400
vt 0.01261500 0.76313100
vt 0.01261500 0.76313100
vt 0.01395000 0.76326000
vt 0.01395000 0.76326000
vt 0.01526700 0.76305200
vt 0.01526700 0.76305200
vt 0.06504600 0.06178700
vt 0.01162600 0.76102300
vt 0.06025700 0.06123700
vt 0.01637400 0.76104500
vt 0.01286200 0.76127900
vt 0.06154100 0.06113700
vt 0.06266500 0.06115100
vt 0.01397200 0.76139500
vt 0.06377800 0.06147300
vt 0.01508800 0.76120700
vt 0.34570800 0.09443000
vt 0.31600500 0.62594500
vt 0.31630400 0.62858500
vt 0.34587300 0.09749000
vt 0.31894400 0.62828700
vt 0.34603700 0.10054900
vt 0.31864600 0.62564700
vt 0.34620200 0.10360800
vt 0.34276000 0.63705000
vt 0.34290000 0.09606400
vt 0.34273500 0.09300500
vt 0.34339500 0.10524200
vt 0.34370600 0.63953300
vt 0.34323000 0.10218300
vt 0.34618900 0.63858800
vt 0.34306500 0.09912300
vt 0.34524300 0.63610500
vt 0.34628200 0.10508600
vt 0.34562300 0.09284900
vt 0.31721800 0.62525500
vt 0.34578800 0.09590900
vt 0.31561300 0.62737200
vt 0.34595200 0.09896800
vt 0.31773100 0.62897700
vt 0.34611700 0.10202700
vt 0.31933600 0.62685900
vt 0.34298500 0.09764500
vt 0.34376300 0.63608000
vt 0.34273500 0.63853000
vt 0.34282100 0.09458600
vt 0.34518600 0.63955800
vt 0.34331500 0.10376400
vt 0.34621400 0.63710800
vt 0.34315000 0.10070500
vt 0.34567800 0.09387200
vt 0.31625600 0.62544500
vt 0.31666100 0.62521500
vt 0.34565300 0.09340800
vt 0.31580400 0.62833400
vt 0.34584300 0.09693200
vt 0.31557400 0.62793000
vt 0.34581800 0.09646700
vt 0.34600700 0.09999100
vt 0.31869300 0.62878700
vt 0.31828900 0.62901700
vt 0.34598200 0.09952600
vt 0.31914500 0.62589800
vt 0.34617200 0.10305000
vt 0.34614700 0.10258500
vt 0.31937500 0.62630200
vt 0.34293100 0.09662200
vt 0.34287900 0.63650400
vt 0.34321300 0.63618000
vt 0.34295500 0.09708700
vt 0.34315900 0.63941500
vt 0.34276600 0.09356300
vt 0.34279100 0.09402800
vt 0.34283600 0.63908000
vt 0.34607000 0.63913400
vt 0.34326000 0.10274100
vt 0.34573600 0.63945800
vt 0.34328500 0.10320600
vt 0.34579000 0.63622400
vt 0.34309500 0.09968200
vt 0.34312000 0.10014600
vt 0.34611300 0.63655800
vt 0.01216400 0.80567300
vt 0.31682600 0.62668200
vt 0.01344200 0.80592600
vt 0.31704100 0.62776400
vt 0.01475800 0.80583500
vt 0.31812300 0.62755000
vt 0.31790900 0.62646800
vt 0.01603000 0.80559600
vt 0.01213100 0.76301200
vt 0.01213100 0.76301200
vt 0.01344200 0.76325400
vt 0.01344200 0.76325400
vt 0.01478100 0.76316000
vt 0.01478100 0.76316000
vt 0.01603100 0.76293300
vt 0.01603100 0.76293300
vt 0.01239900 0.76117600
vt 0.06106300 0.06118300
vt 0.01352100 0.76138900
vt 0.06221900 0.06110300
vt 0.01462300 0.76129600
vt 0.06332000 0.06132700
vt 0.06455800 0.06169000
vt 0.01587900 0.76108100
vt 0.01165000 0.80556100
vt 0.31715400 0.62631700
vt 0.01188800 0.80560600
vt 0.31695200 0.62643200
vt 0.31667600 0.62743700
vt 0.01291400 0.80587000
vt 0.31679100 0.62763900
vt 0.01315100 0.80591000
vt 0.01424500 0.80592500
vt 0.31779500 0.62791400
vt 0.01448500 0.80589200
vt 0.31799800 0.62780000
vt 0.01550900 0.80565200
vt 0.31827300 0.62679500
vt 0.31815800 0.62659300
vt 0.01574600 0.80561300
vt 0.01163900 0.76290100
vt 0.01163900 0.76290100
vt 0.01186200 0.76294500
vt 0.01186200 0.76294500
vt 0.01290000 0.76319600
vt 0.01290000 0.76319600
vt 0.01314600 0.76323600
vt 0.01314600 0.76323600
vt 0.01424400 0.76325100
vt 0.01424400 0.76325100
vt 0.01449300 0.76321800
vt 0.01449300 0.76321800
vt 0.01553600 0.76299200
vt 0.01553600 0.76299200
vt 0.01575800 0.76295400
vt 0.01575800 0.76295400
vt 0.06078200 0.06121700
vt 0.01213200 0.76110900
vt 0.06054100 0.06123300
vt 0.01190300 0.76106400
vt 0.01328700 0.76137100
vt 0.06198300 0.06109400
vt 0.01310000 0.76133700
vt 0.06178900 0.06110600
vt 0.06308500 0.06124500
vt 0.01438800 0.76135100
vt 0.01420600 0.76138200
vt 0.06289800 0.06119200
vt 0.06427600 0.06163100
vt 0.01559400 0.76110700
vt 0.01536000 0.76114600
vt 0.06404500 0.06156500
vt 0.34845600 0.31679400
vt 0.32977100 0.63250000
vt 0.34917500 0.31653000
vt 0.32957300 0.63176000
vt 0.34989400 0.31626600
vt 0.32903100 0.63121800
vt 0.32829100 0.63102000
vt 0.35061400 0.31600200
vt 0.35133300 0.31573800
vt 0.32755100 0.63121800
vt 0.34937500 0.31040200
vt 0.35205200 0.31547400
vt 0.32700900 0.63176000
vt 0.32681100 0.63250000
vt 0.35277100 0.31521000
vt 0.32700900 0.63324000
vt 0.35349100 0.31494600
vt 0.35153300 0.30961000
vt 0.32755100 0.63378200
vt 0.35421000 0.31468200
vt 0.32829100 0.63398000
vt 0.34629800 0.31758500
vt 0.35492900 0.31441800
vt 0.35297100 0.30908200
vt 0.34434000 0.31225000
vt 0.32903100 0.63378200
vt 0.34701700 0.31732100
vt 0.34773700 0.31705700
vt 0.32957300 0.63324000
vt 0.34577900 0.31172200
vt 0.19911400 0.54916300
vt 0.04940600 0.88596600
vt 0.99645700 0.07528500
vt 0.19726300 0.55742100
vt 0.04395800 0.89244300
vt 0.04454400 0.89293600
vt 0.20812800 0.52743400
vt 0.99621500 0.07601100
vt 0.04999100 0.88645900
vt 0.20997900 0.53569200
vt 0.19063100 0.54916300
vt 0.98399000 0.07112000
vt 0.20149500 0.53569200
vt 0.98374800 0.07184600
vt 0.20259600 0.52887700
vt 0.99029500 0.07403300
vt 0.99029500 0.07403300
vt 0.99053800 0.07330800
vt 0.19173200 0.55597800
vt 0.20440600 0.52743400
vt 0.99268500 0.07483100
vt 0.20354700 0.52759400
vt 0.99185600 0.07455500
vt 0.99112400 0.07431000
vt 0.20294400 0.52807500
vt 0.99292700 0.07410600
vt 0.19354100 0.55742100
vt 0.99136600 0.07358400
vt 0.19207900 0.55678000
vt 0.99209800 0.07382900
vt 0.19268200 0.55726100
vt 0.36753800 0.39227600
vt 0.42206000 0.27973200
vt 0.42346000 0.28286000
vt 0.36923400 0.39525300
vt 0.39518800 0.13569100
vt 0.42415800 0.28254700
vt 0.39225100 0.13392500
vt 0.42275800 0.27942000
vt 0.36467100 0.39391000
vt 0.42012400 0.27540900
vt 0.39395100 0.13109700
vt 0.42082200 0.27509600
vt 0.39675000 0.13278000
vt 0.41948600 0.27211500
vt 0.36628800 0.39674700
vt 0.41878800 0.27242800
vt 0.36573300 0.39188500
vt 0.42120400 0.27782100
vt 0.42190300 0.27750900
vt 0.39190200 0.13211200
vt 0.42167800 0.27700700
vt 0.39218500 0.13164000
vt 0.42097900 0.27731900
vt 0.36525500 0.39215700
vt 0.39162600 0.13283700
vt 0.42222000 0.27821700
vt 0.42247100 0.27877900
vt 0.39174200 0.13344100
vt 0.42110900 0.27573700
vt 0.39328500 0.13087500
vt 0.39269600 0.13105600
vt 0.42136100 0.27629900
vt 0.42177300 0.27909100
vt 0.36706600 0.39175700
vt 0.36646400 0.39162600
vt 0.42152100 0.27852900
vt 0.36465900 0.39265500
vt 0.42066200 0.27661100
vt 0.42041100 0.27604900
vt 0.36446500 0.39323900
vt 0.78732000 0.06637200
vt 0.35361400 0.47224900
vt 0.35361400 0.47224900
vt 0.35742400 0.47243400
vt 0.70730900 0.17979100
vt 0.35742400 0.47243400
vt 0.35741000 0.47271900
vt 0.70701100 0.17976600
vt 0.70670000 0.43164200
vt 0.70835300 0.43508600
vt 0.35360000 0.47253400
vt 0.78727700 0.06665400
vt 0.53522400 0.45723500
vt 0.20839400 0.56546000
vt 0.70772500 0.43199900
vt 0.53296800 0.45681400
vt 0.20692800 0.57007700
vt 0.70871500 0.43406400
vt 0.20821600 0.56601800
vt 0.53512200 0.45781200
vt 0.53286600 0.45739100
vt 0.20710500 0.56951900
vt 0.20786000 0.56714200
vt 0.53444900 0.45871700
vt 0.20786000 0.56714200
vt 0.53379700 0.45872400
vt 0.20766200 0.56776300
vt 0.53318800 0.45848100
vt 0.20746400 0.56838800
vt 0.20746400 0.56838800
vt 0.20802100 0.56663200
vt 0.20802100 0.56663200
vt 0.53488800 0.45841200
vt 0.20730100 0.56890200
vt 0.53288100 0.45803700
vt 0.20730100 0.56890200
vt 0.29970800 0.64224200
vt 0.99513100 0.71994100
vt 0.99237200 0.71907600
vt 0.30022900 0.60162800
vt 0.29946600 0.60036000
vt 0.99192900 0.72048800
vt 0.99468800 0.72135300
vt 0.29931600 0.64366900
vt 0.99421500 0.72286400
vt 0.30000700 0.64488200
vt 0.29980200 0.59900600
vt 0.99145600 0.72199900
vt 0.99101300 0.72341100
vt 0.30107100 0.59824300
vt 0.99377200 0.72427600
vt 0.30143400 0.64527400
vt 0.99329900 0.72578700
vt 0.30264700 0.64458400
vt 0.30242500 0.59857900
vt 0.99053900 0.72492200
vt 0.30318800 0.59984700
vt 0.99009700 0.72633500
vt 0.99285600 0.72720000
vt 0.30303900 0.64315700
vt 0.30234900 0.64194400
vt 0.99238200 0.72871100
vt 0.98962300 0.72784500
vt 0.30285100 0.60120200
vt 0.98918000 0.72925800
vt 0.30158300 0.60196500
vt 0.99284600 0.71756500
vt 0.99560500 0.71843000
vt 0.30092100 0.64155200
vt 0.99193900 0.73012300
vt 0.06567200 0.01692000
vt 0.30082000 0.60069700
vt 0.06103800 0.05932800
vt 0.06103800 0.05932800
vt 0.06153400 0.05926700
vt 0.06153400 0.05926700
vt 0.30056600 0.60027400
vt 0.06614700 0.01684200
vt 0.30073400 0.59959700
vt 0.06691800 0.01681500
vt 0.06238400 0.05924500
vt 0.06238400 0.05924500
vt 0.06289700 0.05929900
vt 0.06289700 0.05929900
vt 0.30115700 0.59934300
vt 0.06740600 0.01686800
vt 0.06815500 0.01705700
vt 0.30183400 0.59951100
vt 0.06372200 0.05950100
vt 0.06372200 0.05950100
vt 0.06419500 0.05966500
vt 0.06419500 0.05966500
vt 0.06860300 0.01723400
vt 0.30208800 0.59993400
vt 0.30192000 0.60061000
vt 0.06935500 0.01743900
vt 0.06494800 0.05987300
vt 0.06494800 0.05987300
vt 0.06543300 0.05994900
vt 0.06025500 0.05937200
vt 0.06025500 0.05937200
vt 0.06543300 0.05994900
vt 0.30149700 0.60086500
vt 0.06984500 0.01749500
vt 0.06489500 0.01695600
vt 0.29995900 0.64174200
vt 0.99529800 0.71940700
vt 0.30060600 0.60204100
vt 0.99253900 0.71854200
vt 0.29927700 0.59983400
vt 0.99176200 0.72102200
vt 0.99452100 0.72188700
vt 0.29927700 0.64422700
vt 0.99084600 0.72394500
vt 0.30159700 0.59805400
vt 0.99360500 0.72481000
vt 0.30199200 0.64531400
vt 0.98992900 0.72686800
vt 0.30337700 0.60037400
vt 0.30307800 0.64259900
vt 0.99268800 0.72773300
vt 0.30036400 0.64151200
vt 0.99543700 0.71896300
vt 0.30105700 0.60215400
vt 0.99267800 0.71809800
vt 0.99162300 0.72146600
vt 0.29938900 0.59938200
vt 0.29950700 0.64463100
vt 0.99438200 0.72233000
vt 0.30204800 0.59816600
vt 0.99070700 0.72438900
vt 0.30239600 0.64508400
vt 0.99346600 0.72525400
vt 0.98979000 0.72731200
vt 0.30326500 0.60082500
vt 0.99254900 0.72817700
vt 0.30284800 0.64219500
vt 0.30100800 0.60090300
vt 0.06540300 0.01695400
vt 0.06076100 0.05936200
vt 0.06076100 0.05936200
vt 0.06182900 0.05923700
vt 0.06182900 0.05923700
vt 0.30047100 0.60001100
vt 0.06641400 0.01681000
vt 0.06319600 0.05934600
vt 0.06319600 0.05934600
vt 0.30142000 0.59924800
vt 0.06768100 0.01690800
vt 0.06445900 0.05975700
vt 0.06445900 0.05975700
vt 0.30218200 0.60019700
vt 0.06885800 0.01732400
vt 0.30123400 0.60095900
vt 0.06517400 0.01697100
vt 0.06053300 0.05937800
vt 0.06053300 0.05937800
vt 0.06208200 0.05922700
vt 0.06208200 0.05922700
vt 0.06664100 0.01679700
vt 0.30052700 0.59978500
vt 0.06344100 0.05941000
vt 0.06344100 0.05941000
vt 0.30164500 0.59930400
vt 0.06790000 0.01696900
vt 0.06467800 0.05982100
vt 0.06467800 0.05982100
vt 0.30212600 0.60042200
vt 0.06907900 0.01738900
vt 0.01136500 0.74249200
vt 0.33014400 0.63250000
vt 0.32989500 0.63157400
vt 0.01136500 0.74153300
vt 0.01136500 0.74057400
vt 0.32921700 0.63089600
vt 0.32829100 0.63064800
vt 0.01136500 0.73961500
vt 0.32736500 0.63089600
vt 0.01136500 0.73865700
vt 0.01136500 0.73769800
vt 0.32668700 0.63157400
vt 0.01136500 0.73673900
vt 0.32643800 0.63250000
vt 0.32668700 0.63342700
vt 0.01136500 0.73578000
vt 0.01136500 0.73482100
vt 0.32736500 0.63410500
vt 0.32829100 0.63435300
vt 0.01136500 0.73386200
vt 0.01136500 0.74536900
vt 0.32921700 0.63410500
vt 0.01136500 0.74441000
vt 0.32989500 0.63342700
vt 0.01136500 0.74345100
vt 0.32471100 0.63250000
vt 0.01239200 0.74249200
vt 0.01239200 0.74153300
vt 0.32446300 0.63342700
vt 0.32378500 0.63410500
vt 0.01239200 0.74057400
vt 0.01239200 0.73961500
vt 0.32285900 0.63435300
vt 0.01239200 0.73865700
vt 0.32193200 0.63410500
vt 0.01239200 0.73769800
vt 0.32125400 0.63342700
vt 0.32100600 0.63250000
vt 0.01239200 0.73673900
vt 0.32125400 0.63157400
vt 0.01239200 0.73578000
vt 0.01239200 0.73482100
vt 0.32193200 0.63089600
vt 0.01239200 0.74536900
vt 0.01239200 0.73386200
vt 0.32285900 0.63064800
vt 0.32378500 0.63089600
vt 0.01239200 0.74441000
vt 0.32446300 0.63157400
vt 0.01239200 0.74345100
vt 0.33730300 0.63152700
vt 0.36446500 0.64457000
vt 0.36776600 0.64457000
vt 0.33492300 0.63152700
vt 0.36446500 0.64151200
vt 0.33882900 0.63417600
vt 0.36776600 0.64151200
vt 0.33339700 0.63417600
vt 0.35903200 0.64151200
vt 0.33882900 0.63064800
vt 0.33339700 0.63064800
vt 0.36233400 0.64151200
vt 0.35903200 0.64457000
vt 0.34035500 0.63329700
vt 0.33187100 0.63329700
vt 0.36233400 0.64457000
vt 0.14863200 0.54373100
vt 0.18141400 0.77754700
vt 0.14899200 0.54373100
vt 0.18098400 0.77732000
vt 0.18049700 0.77732300
vt 0.14948900 0.54373100
vt 0.15009200 0.54373100
vt 0.18006500 0.77754900
vt 0.15069600 0.54373100
vt 0.17979200 0.77795200
vt 0.17976600 0.77843700
vt 0.15119200 0.54373100
vt 0.15155200 0.54373100
vt 0.18001700 0.77885400
vt 0.15191200 0.54373100
vt 0.18044700 0.77908100
vt 0.15240900 0.54373100
vt 0.18093400 0.77907800
vt 0.15301200 0.54373100
vt 0.18136600 0.77885200
vt 0.14717200 0.54373100
vt 0.14777600 0.54373100
vt 0.18163900 0.77844900
vt 0.18166500 0.77796400
vt 0.14827300 0.54373100
vt 0.17544000 0.84794900
vt 0.14863200 0.55446900
vt 0.17585200 0.84820800
vt 0.14899200 0.55446900
vt 0.14948900 0.55446900
vt 0.17609300 0.84863100
vt 0.17611300 0.84911800
vt 0.15009200 0.55446900
vt 0.17590000 0.84955600
vt 0.15069600 0.55446900
vt 0.15119200 0.55446900
vt 0.17549300 0.84982100
vt 0.17500700 0.84981200
vt 0.15155200 0.55446900
vt 0.17459500 0.84955300
vt 0.15191200 0.55446900
vt 0.17435400 0.84913000
vt 0.15240900 0.55446900
vt 0.17433400 0.84864300
vt 0.15301200 0.55446900
vt 0.14717200 0.55446900
vt 0.14777600 0.55446900
vt 0.17454600 0.84820500
vt 0.14827300 0.55446900
vt 0.17495400 0.84794000
vt 0.35360000 0.63913800
vt 0.25581800 0.56546000
vt 0.24257900 0.44771000
vt 0.35690200 0.63913800
vt 0.25581800 0.56851700
vt 0.35360000 0.63608000
vt 0.35690200 0.63608000
vt 0.23952200 0.44771000
vt 0.25758000 0.56546000
vt 0.34816800 0.63608000
vt 0.35146900 0.63608000
vt 0.24257900 0.44594900
vt 0.25758000 0.56851800
vt 0.34816800 0.63913800
vt 0.35146900 0.63913800
vt 0.23952200 0.44594900
vt 0.33730300 0.63152700
vt 0.36446500 0.64457000
vt 0.36776600 0.64457000
vt 0.33492300 0.63152700
vt 0.33882900 0.63417600
vt 0.36446500 0.64151200
vt 0.36776600 0.64151200
vt 0.33339700 0.63417600
vt 0.35903200 0.64151200
vt 0.33882900 0.63064800
vt 0.33339700 0.63064800
vt 0.36233400 0.64151200
vt 0.34035500 0.63329700
vt 0.35903200 0.64457000
vt 0.33187100 0.63329700
vt 0.36233400 0.64457000
vt 0.18141400 0.77754700
vt 0.14863200 0.54373100
vt 0.14899200 0.54373100
vt 0.18098400 0.77732000
vt 0.18049700 0.77732300
vt 0.14948900 0.54373100
vt 0.18006500 0.77754900
vt 0.15009200 0.54373100
vt 0.17979200 0.77795200
vt 0.15069600 0.54373100
vt 0.15119200 0.54373100
vt 0.17976600 0.77843700
vt 0.18001700 0.77885400
vt 0.15155200 0.54373100
vt 0.15191200 0.54373100
vt 0.18044700 0.77908100
vt 0.18093400 0.77907800
vt 0.15240900 0.54373100
vt 0.18136600 0.77885200
vt 0.15301200 0.54373100
vt 0.14717200 0.54373100
vt 0.18163900 0.77844900
vt 0.14777600 0.54373100
vt 0.18166500 0.77796400
vt 0.14827300 0.54373100
vt 0.17544000 0.84794900
vt 0.14863200 0.55446900
vt 0.14899200 0.55446900
vt 0.17585200 0.84820800
vt 0.17609300 0.84863100
vt 0.14948900 0.55446900
vt 0.17611300 0.84911800
vt 0.15009200 0.55446900
vt 0.17590000 0.84955600
vt 0.15069600 0.55446900
vt 0.15119200 0.55446900
vt 0.17549300 0.84982100
vt 0.17500700 0.84981200
vt 0.15155200 0.55446900
vt 0.15191200 0.55446900
vt 0.17459500 0.84955300
vt 0.17435400 0.84913000
vt 0.15240900 0.55446900
vt 0.17433400 0.84864300
vt 0.15301200 0.55446900
vt 0.14717200 0.55446900
vt 0.17454600 0.84820500
vt 0.14777600 0.55446900
vt 0.14827300 0.55446900
vt 0.17495400 0.84794000
vt 0.35360000 0.63913800
vt 0.25581800 0.56546000
vt 0.24257900 0.44771000
vt 0.35690200 0.63913800
vt 0.35360000 0.63608000
vt 0.25581800 0.56851700
vt 0.35690200 0.63608000
vt 0.23952200 0.44771000
vt 0.34816800 0.63608000
vt 0.25758000 0.56546000
vt 0.35146900 0.63608000
vt 0.24257900 0.44594900
vt 0.25758000 0.56851800
vt 0.34816800 0.63913800
vt 0.23952200 0.44594900
vt 0.35146900 0.63913800
vt 0.33730300 0.63152700
vt 0.36446500 0.64457000
vt 0.33492300 0.63152700
vt 0.36776600 0.64457000
vt 0.33882900 0.63417600
vt 0.36446500 0.64151200
vt 0.36776600 0.64151200
vt 0.33339700 0.63417600
vt 0.33882900 0.63064800
vt 0.35903200 0.64151200
vt 0.36233400 0.64151200
vt 0.33339700 0.63064800
vt 0.35903200 0.64457000
vt 0.34035500 0.63329700
vt 0.33187100 0.63329700
vt 0.36233400 0.64457000
vt 0.18141400 0.77754700
vt 0.14863200 0.54373100
vt 0.18098400 0.77732000
vt 0.14899200 0.54373100
vt 0.14948900 0.54373100
vt 0.18049700 0.77732300
vt 0.15009200 0.54373100
vt 0.18006500 0.77754900
vt 0.17979200 0.77795200
vt 0.15069600 0.54373100
vt 0.17976600 0.77843700
vt 0.15119200 0.54373100
vt 0.18001700 0.77885400
vt 0.15155200 0.54373100
vt 0.15191200 0.54373100
vt 0.18044700 0.77908100
vt 0.18093400 0.77907800
vt 0.15240900 0.54373100
vt 0.14717200 0.54373100
vt 0.15301200 0.54373100
vt 0.18136600 0.77885200
vt 0.18163900 0.77844900
vt 0.14777600 0.54373100
vt 0.14827300 0.54373100
vt 0.18166500 0.77796400
vt 0.14863200 0.55446900
vt 0.17544000 0.84794900
vt 0.14899200 0.55446900
vt 0.17585200 0.84820800
vt 0.17609300 0.84863100
vt 0.14948900 0.55446900
vt 0.17611300 0.84911800
vt 0.15009200 0.55446900
vt 0.17590000 0.84955600
vt 0.15069600 0.55446900
vt 0.15119200 0.55446900
vt 0.17549300 0.84982100
vt 0.17500700 0.84981200
vt 0.15155200 0.55446900
vt 0.15191200 0.55446900
vt 0.17459500 0.84955300
vt 0.15240900 0.55446900
vt 0.17435400 0.84913000
vt 0.17433400 0.84864300
vt 0.15301200 0.55446900
vt 0.14717200 0.55446900
vt 0.17454600 0.84820500
vt 0.14777600 0.55446900
vt 0.17495400 0.84794000
vt 0.14827300 0.55446900
vt 0.25581800 0.56546000
vt 0.35360000 0.63913800
vt 0.35690200 0.63913800
vt 0.24257900 0.44771000
vt 0.25581800 0.56851700
vt 0.35360000 0.63608000
vt 0.23952200 0.44771000
vt 0.35690200 0.63608000
vt 0.34816800 0.63608000
vt 0.25758000 0.56546000
vt 0.24257900 0.44594900
vt 0.35146900 0.63608000
vt 0.25758000 0.56851800
vt 0.34816800 0.63913800
vt 0.23952200 0.44594900
vt 0.35146900 0.63913800
vt 0.33730300 0.63152700
vt 0.36446500 0.64457000
vt 0.36776600 0.64457000
vt 0.33492300 0.63152700
vt 0.36446500 0.64151200
vt 0.33882900 0.63417600
vt 0.33339700 0.63417600
vt 0.36776600 0.64151200
vt 0.35903200 0.64151200
vt 0.33882900 0.63064800
vt 0.33339700 0.63064800
vt 0.36233400 0.64151200
vt 0.34035500 0.63329700
vt 0.35903200 0.64457000
vt 0.36233400 0.64457000
vt 0.33187100 0.63329700
vt 0.18141400 0.77754700
vt 0.14863200 0.54373100
vt 0.14899200 0.54373100
vt 0.18098400 0.77732000
vt 0.14948900 0.54373100
vt 0.18049700 0.77732300
vt 0.15009200 0.54373100
vt 0.18006500 0.77754900
vt 0.15069600 0.54373100
vt 0.17979200 0.77795200
vt 0.17976600 0.77843700
vt 0.15119200 0.54373100
vt 0.15155200 0.54373100
vt 0.18001700 0.77885400
vt 0.18044700 0.77908100
vt 0.15191200 0.54373100
vt 0.18093400 0.77907800
vt 0.15240900 0.54373100
vt 0.14717200 0.54373100
vt 0.18136600 0.77885200
vt 0.15301200 0.54373100
vt 0.18163900 0.77844900
vt 0.14777600 0.54373100
vt 0.18166500 0.77796400
vt 0.14827300 0.54373100
vt 0.17544000 0.84794900
vt 0.14863200 0.55446900
vt 0.17585200 0.84820800
vt 0.14899200 0.55446900
vt 0.17609300 0.84863100
vt 0.14948900 0.55446900
vt 0.15009200 0.55446900
vt 0.17611300 0.84911800
vt 0.15069600 0.55446900
vt 0.17590000 0.84955600
vt 0.15119200 0.55446900
vt 0.17549300 0.84982100
vt 0.17500700 0.84981200
vt 0.15155200 0.55446900
vt 0.15191200 0.55446900
vt 0.17459500 0.84955300
vt 0.17435400 0.84913000
vt 0.15240900 0.55446900
vt 0.17433400 0.84864300
vt 0.15301200 0.55446900
vt 0.14717200 0.55446900
vt 0.14777600 0.55446900
vt 0.17454600 0.84820500
vt 0.14827300 0.55446900
vt 0.17495400 0.84794000
vt 0.25581800 0.56546000
vt 0.35360000 0.63913800
vt 0.35690200 0.63913800
vt 0.24257900 0.44771000
vt 0.35360000 0.63608000
vt 0.25581800 0.56851700
vt 0.23952200 0.44771000
vt 0.35690200 0.63608000
vt 0.25758000 0.56546000
vt 0.34816800 0.63608000
vt 0.24257900 0.44594900
vt 0.35146900 0.63608000
vt 0.34816800 0.63913800
vt 0.25758000 0.56851800
vt 0.35146900 0.63913800
vt 0.23952200 0.44594900
vt 0.27969800 0.85826500
vt 0.03309400 0.01679700
vt 0.19065400 0.86519900
vt 0.00836700 0.69040300
vt 0.28800900 0.86217100
vt 0.27969800 0.76086300
vt 0.03309400 0.12880900
vt 0.27916000 0.85826500
vt 0.19063100 0.75318700
vt 0.27916000 0.76086300
vt 0.00836800 0.80241500
vt 0.28798600 0.75015800
vt 0.03552900 0.01679700
vt 0.28213400 0.85826500
vt 0.56310000 0.53789400
vt 0.28213400 0.76086300
vt 0.00593200 0.69040300
vt 0.56002800 0.44054000
vt 0.27672500 0.85826500
vt 0.03552900 0.12880900
vt 0.67511300 0.53787000
vt 0.00593200 0.80241500
vt 0.27672500 0.76086300
vt 0.67204000 0.44051700
vt 0.49038200 0.68497100
vt 0.19209100 0.86371600
vt 0.53829800 0.06666200
vt 0.19211400 0.75462500
vt 0.49038200 0.79406100
vt 0.74570000 0.31557400
vt 0.74570000 0.41005400
vt 0.28654800 0.75164200
vt 0.29927700 0.79904900
vt 0.40836700 0.79904900
vt 0.63277800 0.06666200
vt 0.28652500 0.86073300
vt 0.56453800 0.53641000
vt 0.29927700 0.81088800
vt 0.27521200 0.85826500
vt 0.27521200 0.76378500
vt 0.29927700 0.80448200
vt 0.56151200 0.44197800
vt 0.27467300 0.76378500
vt 0.67060200 0.44200100
vt 0.40836700 0.80448200
vt 0.40836700 0.81088800
vt 0.67362900 0.53643300
vt 0.27467300 0.85826500
vt 0.53829800 0.06568800
vt 0.38832500 0.68497100
vt 0.48940800 0.68497100
vt 0.74472600 0.31557400
vt 0.48940800 0.79406100
vt 0.38832500 0.79406100
vt 0.29927700 0.80002400
vt 0.29384500 0.79406100
vt 0.74472600 0.41005400
vt 0.63277800 0.06568800
vt 0.29384500 0.68497100
vt 0.40836700 0.80002300
vt 0.29927700 0.80991400
vt 0.27618600 0.85826500
vt 0.39162600 0.68497100
vt 0.29927700 0.80545600
vt 0.27618600 0.76378500
vt 0.48610600 0.68497100
vt 0.48610600 0.79406100
vt 0.27369900 0.76378500
vt 0.40836700 0.80545600
vt 0.39162600 0.79406100
vt 0.40836700 0.80991400
vt 0.27369900 0.85826500
vt 0.27969800 0.85826500
vt 0.19065400 0.86519900
vt 0.03309400 0.01679700
vt 0.28800900 0.86217100
vt 0.00836700 0.69040300
vt 0.27969800 0.76086300
vt 0.03309400 0.12880900
vt 0.27916000 0.85826500
vt 0.19063100 0.75318700
vt 0.28798600 0.75015800
vt 0.00836800 0.80241500
vt 0.27916000 0.76086300
vt 0.03552900 0.01679700
vt 0.56310000 0.53789400
vt 0.28213400 0.85826500
vt 0.28213400 0.76086300
vt 0.00593200 0.69040300
vt 0.56002800 0.44054000
vt 0.67511300 0.53787000
vt 0.03552900 0.12880900
vt 0.27672500 0.85826500
vt 0.67204000 0.44051700
vt 0.00593200 0.80241500
vt 0.27672500 0.76086300
vt 0.49038200 0.68497100
vt 0.19209100 0.86371600
vt 0.53829800 0.06666200
vt 0.74570000 0.31557400
vt 0.19211400 0.75462500
vt 0.49038200 0.79406100
vt 0.28654800 0.75164200
vt 0.74570000 0.41005400
vt 0.29927700 0.79904900
vt 0.40836700 0.79904900
vt 0.28652500 0.86073300
vt 0.63277800 0.06666200
vt 0.27521200 0.85826500
vt 0.56453800 0.53641000
vt 0.29927700 0.81088800
vt 0.27521200 0.76378500
vt 0.29927700 0.80448200
vt 0.56151200 0.44197800
vt 0.40836700 0.80448200
vt 0.27467300 0.76378500
vt 0.67060200 0.44200100
vt 0.67362900 0.53643300
vt 0.27467300 0.85826500
vt 0.40836700 0.81088800
vt 0.38832500 0.68497100
vt 0.53829800 0.06568800
vt 0.48940800 0.68497100
vt 0.48940800 0.79406100
vt 0.74472600 0.31557400
vt 0.38832500 0.79406100
vt 0.74472600 0.41005400
vt 0.29384500 0.79406100
vt 0.29927700 0.80002400
vt 0.40836700 0.80002300
vt 0.29384500 0.68497100
vt 0.63277800 0.06568800
vt 0.29927700 0.80991400
vt 0.27618600 0.85826500
vt 0.39162600 0.68497100
vt 0.48610600 0.68497100
vt 0.29927700 0.80545600
vt 0.27618600 0.76378500
vt 0.40836700 0.80545600
vt 0.27369900 0.76378500
vt 0.48610600 0.79406100
vt 0.27369900 0.85826500
vt 0.40836700 0.80991400
vt 0.39162600 0.79406100
vt 0.19065400 0.86519900
vt 0.03309400 0.01679700
vt 0.27969800 0.85826500
vt 0.28800900 0.86217100
vt 0.27969800 0.76086300
vt 0.00836700 0.69040300
vt 0.19063100 0.75318700
vt 0.27916000 0.85826500
vt 0.03309400 0.12880900
vt 0.28798600 0.75015800
vt 0.00836800 0.80241500
vt 0.27916000 0.76086300
vt 0.56310000 0.53789400
vt 0.03552900 0.01679700
vt 0.28213400 0.85826500
vt 0.00593200 0.69040300
vt 0.28213400 0.76086300
vt 0.56002800 0.44054000
vt 0.27672500 0.85826500
vt 0.03552900 0.12880900
vt 0.67511300 0.53787000
vt 0.67204000 0.44051700
vt 0.27672500 0.76086300
vt 0.00593200 0.80241500
vt 0.49038200 0.68497100
vt 0.19209100 0.86371600
vt 0.53829800 0.06666200
vt 0.74570000 0.31557400
vt 0.19211400 0.75462500
vt 0.49038200 0.79406100
vt 0.74570000 0.41005400
vt 0.28654800 0.75164200
vt 0.29927700 0.79904900
vt 0.63277800 0.06666200
vt 0.28652500 0.86073300
vt 0.40836700 0.79904900
vt 0.27521200 0.85826500
vt 0.56453800 0.53641000
vt 0.29927700 0.81088800
vt 0.27521200 0.76378500
vt 0.29927700 0.80448200
vt 0.56151200 0.44197800
vt 0.67060200 0.44200100
vt 0.40836700 0.80448200
vt 0.27467300 0.76378500
vt 0.67362900 0.53643300
vt 0.40836700 0.81088800
vt 0.27467300 0.85826500
vt 0.53829800 0.06568800
vt 0.48940800 0.68497100
vt 0.38832500 0.68497100
vt 0.48940800 0.79406100
vt 0.74472600 0.31557400
vt 0.38832500 0.79406100
vt 0.29384500 0.79406100
vt 0.74472600 0.41005400
vt 0.29927700 0.80002400
vt 0.29384500 0.68497100
vt 0.63277800 0.06568800
vt 0.40836700 0.80002300
vt 0.39162600 0.68497100
vt 0.29927700 0.80991400
vt 0.27618600 0.85826500
vt 0.48610600 0.68497100
vt 0.29927700 0.80545600
vt 0.27618600 0.76378500
vt 0.48610600 0.79406100
vt 0.27369900 0.76378500
vt 0.40836700 0.80545600
vt 0.40836700 0.80991400
vt 0.39162600 0.79406100
vt 0.27369900 0.85826500
f 1/1/1 2/2/2 15/15/15
f 15/15/15 14/14/14 1/1/1
f 2/2/2 3/3/3 16/16/16
f 16/16/16 15/15/15 2/2/2
f 3/3/3 4/4/4 17/17/17
f 17/17/17 16/16/16 3/3/3
f 4/4/4 5/5/5 329/329/329
f 329/329/329 17/17/17 4/4/4
f 5/5/5 6/6/6 18/18/18
f 18/18/18 329/329/329 5/5/5
f 6/6/6 7/7/7 19/19/19
f 19/19/19 18/18/18 6/6/6
f 7/7/7 8/8/8 336/336/336
f 336/336/336 19/19/19 7/7/7
f 8/8/8 9/9/9 20/20/20
f 20/20/20 336/336/336 8/8/8
f 9/9/9 10/10/10 342/342/342
f 342/342/342 20/20/20 9/9/9
f 11/11/11 12/12/12 21/21/21
f 21/21/21 343/343/343 11/11/11
f 12/12/12 13/13/13 348/348/348
f 348/348/348 21/21/21 12/12/12
f 13/13/13 1/1/1 14/14/14
f 14/14/14 348/348/348 13/13/13
f 23/23/23 28/28/28 29/29/29
f 29/29/29 24/24/24 23/23/23
f 33/33/33 34/34/34 42/42/42
f 42/42/42 40/40/40 33/33/33
f 25/25/25 43/43/43 35/35/35
f 31/31/31 26/26/26 37/37/37
f 37/37/37 39/39/39 31/31/31
f 27/27/27 22/22/22 36/36/36
f 45/45/45 40/40/40 42/42/42
f 42/42/42 50/50/50 45/45/45
f 46/46/46 45/45/45 50/50/50
f 50/50/50 49/49/49 46/46/46
f 37/37/37 46/46/46 49/49/49
f 49/49/49 39/39/39 37/37/37
f 52/52/52 54/54/54 57/57/57
f 57/57/57 58/58/58 52/52/52
f 74/74/74 64/64/64 66/66/66
f 66/66/66 72/72/72 75/75/75
f 69/69/69 70/70/70 62/62/62
f 62/62/62 61/61/61 69/69/69
f 65/65/65 76/76/76 89/89/89
f 65/65/65 89/89/89 92/92/92
f 65/65/65 92/92/92 63/63/63
f 56/56/56 65/65/65 63/63/63
f 59/59/59 56/56/56 63/63/63
f 83/83/83 59/59/59 63/63/63
f 81/81/81 83/83/83 63/63/63
f 71/71/71 81/81/81 63/63/63
f 55/55/55 53/53/53 78/78/78
f 55/55/55 78/78/78 79/79/79
f 55/55/55 79/79/79 68/68/68
f 68/68/68 60/60/60 85/85/85
f 68/68/68 85/85/85 87/87/87
f 68/68/68 87/87/87 73/73/73
f 55/55/55 68/68/68 73/73/73
f 55/55/55 73/73/73 67/67/67
f 77/77/77 52/52/52 58/58/58
f 58/58/58 84/84/84 77/77/77
f 90/90/90 75/75/75 72/72/72
f 72/72/72 88/88/88 90/90/90
f 80/80/80 77/77/77 84/84/84
f 84/84/84 82/82/82 80/80/80
f 69/69/69 80/80/80 82/82/82
f 82/82/82 70/70/70 69/69/69
f 91/91/91 90/90/90 88/88/88
f 88/88/88 86/86/86 91/91/91
f 62/62/62 91/91/91 86/86/86
f 86/86/86 61/61/61 62/62/62
f 111/111/111 110/110/110 107/107/107
f 107/107/107 103/103/103 111/111/111
f 112/112/112 104/104/104 93/93/93
f 93/93/93 102/102/102 112/112/112
f 105/105/105 106/106/106 97/97/97
f 97/97/97 94/94/94 105/105/105
f 108/108/108 109/109/109 99/99/99
f 99/99/99 98/98/98 108/108/108
f 101/101/101 95/95/95 117/117/117
f 117/117/117 113/113/113 101/101/101
f 95/95/95 96/96/96 118/118/118
f 118/118/118 117/117/117 95/95/95
f 96/96/96 100/100/100 122/122/122
f 122/122/122 118/118/118 96/96/96
f 114/114/114 116/116/116 125/125/125
f 125/125/125 123/123/123 114/114/114
f 119/119/119 127/127/127 124/124/124
f 124/124/124 115/115/115 119/119/119
f 120/120/120 121/121/121 128/128/128
f 128/128/128 126/126/126 120/120/120
f 136/136/136 130/130/130 131/131/131
f 131/131/131 134/134/134 136/136/136
f 151/151/151 131/131/131 130/130/130
f 130/130/130 145/145/145 151/151/151
f 141/141/141 138/138/138 135/135/135
f 135/135/135 133/133/133 141/141/141
f 125/125/125 140/140/140 132/132/132
f 132/132/132 123/123/123 125/125/125
f 149/149/149 150/150/150 146/146/146
f 146/146/146 142/142/142 149/149/149
f 128/128/128 148/148/148 143/143/143
f 143/143/143 126/126/126 128/128/128
f 144/144/144 139/139/139 124/124/124
f 124/124/124 127/127/127 144/144/144
f 147/147/147 137/137/137 139/139/139
f 139/139/139 144/144/144 147/147/147
f 147/147/147 129/129/129 137/137/137
f 201/201/201 190/190/190 210/210/210
f 210/210/210 181/181/181 201/201/201
f 203/203/203 196/196/196 207/207/207
f 207/207/207 184/184/184 203/203/203
f 205/205/205 194/194/194 214/214/214
f 214/214/214 186/186/186 205/205/205
f 198/198/198 192/192/192 212/212/212
f 212/212/212 188/188/188 198/198/198
f 165/165/165 156/156/156 247/247/247
f 247/247/247 256/256/256 165/165/165
f 167/167/167 157/157/157 249/249/249
f 249/249/249 258/258/258 167/167/167
f 170/170/170 159/159/159 251/251/251
f 251/251/251 260/260/260 170/170/170
f 161/161/161 152/152/152 254/254/254
f 254/254/254 261/261/261 161/161/161
f 175/175/175 166/166/166 255/255/255
f 255/255/255 263/263/263 175/175/175
f 178/178/178 168/168/168 257/257/257
f 257/257/257 265/265/265 178/178/178
f 180/180/180 169/169/169 259/259/259
f 259/259/259 267/267/267 180/180/180
f 174/174/174 164/164/164 262/262/262
f 262/262/262 270/270/270 174/174/174
f 215/215/215 181/181/181 210/210/210
f 210/210/210 237/237/237 215/215/215
f 231/231/231 190/190/190 201/201/201
f 201/201/201 222/222/222 231/231/231
f 244/244/244 196/196/196 203/203/203
f 203/203/203 226/226/226 244/244/244
f 240/240/240 194/194/194 205/205/205
f 205/205/205 229/229/229 240/240/240
f 218/218/218 215/215/215 237/237/237
f 237/237/237 236/236/236 218/218/218
f 199/199/199 218/218/218 236/236/236
f 236/236/236 191/191/191 199/199/199
f 234/234/234 231/231/231 222/222/222
f 222/222/222 220/220/220 234/234/234
f 207/207/207 234/234/234 220/220/220
f 220/220/220 184/184/184 207/207/207
f 245/245/245 244/244/244 226/226/226
f 226/226/226 223/223/223 245/245/245
f 214/214/214 245/245/245 223/223/223
f 223/223/223 186/186/186 214/214/214
f 242/242/242 240/240/240 229/229/229
f 229/229/229 228/228/228 242/242/242
f 212/212/212 242/242/242 228/228/228
f 228/228/228 188/188/188 212/212/212
f 290/290/290 256/256/256 247/247/247
f 247/247/247 273/273/273 290/290/290
f 276/276/276 156/156/156 165/165/165
f 165/165/165 291/291/291 276/276/276
f 279/279/279 157/157/157 167/167/167
f 167/167/167 296/296/296 279/279/279
f 283/283/283 159/159/159 170/170/170
f 170/170/170 299/299/299 283/283/283
f 304/304/304 263/263/263 255/255/255
f 255/255/255 289/289/289 304/304/304
f 292/292/292 166/166/166 175/175/175
f 175/175/175 309/309/309 292/292/292
f 295/295/295 168/168/168 178/178/178
f 178/178/178 313/313/313 295/295/295
f 300/300/300 169/169/169 180/180/180
f 180/180/180 317/317/317 300/300/300
f 287/287/287 290/290/290 273/273/273
f 273/273/273 271/271/271 287/287/287
f 162/162/162 287/287/287 271/271/271
f 271/271/271 153/153/153 162/162/162
f 278/278/278 276/276/276 291/291/291
f 291/291/291 294/294/294 278/278/278
f 249/249/249 278/278/278 294/294/294
f 294/294/294 258/258/258 249/249/249
f 281/281/281 279/279/279 296/296/296
f 296/296/296 297/297/297 281/281/281
f 251/251/251 281/281/281 297/297/297
f 297/297/297 260/260/260 251/251/251
f 286/286/286 283/283/283 299/299/299
f 299/299/299 302/302/302 286/286/286
f 254/254/254 286/286/286 302/302/302
f 302/302/302 261/261/261 254/254/254
f 306/306/306 304/304/304 289/289/289
f 289/289/289 288/288/288 306/306/306
f 172/172/172 306/306/306 288/288/288
f 288/288/288 163/163/163 172/172/172
f 293/293/293 292/292/292 309/309/309
f 309/309/309 307/307/307 293/293/293
f 257/257/257 293/293/293 307/307/307
f 307/307/307 265/265/265 257/257/257
f 298/298/298 295/295/295 313/313/313
f 313/313/313 312/312/312 298/298/298
f 259/259/259 298/298/298 312/312/312
f 312/312/312 267/267/267 259/259/259
f 301/301/301 300/300/300 317/317/317
f 317/317/317 316/316/316 301/301/301
f 262/262/262 301/301/301 316/316/316
f 316/316/316 270/270/270 262/262/262
f 284/284/284 285/285/285 227/227/227
f 227/227/227 230/230/230 284/284/284
f 285/285/285 253/253/253 187/187/187
f 187/187/187 227/227/227 285/285/285
f 253/253/253 154/154/154 200/200/200
f 200/200/200 187/187/187 253/253/253
f 154/154/154 272/272/272 217/217/217
f 217/217/217 200/200/200 154/154/154
f 272/272/272 274/274/274 216/216/216
f 216/216/216 217/217/217 272/272/272
f 274/274/274 248/248/248 182/182/182
f 182/182/182 216/216/216 274/274/274
f 248/248/248 155/155/155 202/202/202
f 202/202/202 182/182/182 248/248/248
f 155/155/155 275/275/275 221/221/221
f 221/221/221 202/202/202 155/155/155
f 275/275/275 277/277/277 219/219/219
f 219/219/219 221/221/221 275/275/275
f 277/277/277 250/250/250 183/183/183
f 183/183/183 219/219/219 277/277/277
f 250/250/250 158/158/158 204/204/204
f 204/204/204 183/183/183 250/250/250
f 158/158/158 280/280/280 225/225/225
f 225/225/225 204/204/204 158/158/158
f 280/280/280 282/282/282 224/224/224
f 224/224/224 225/225/225 280/280/280
f 282/282/282 252/252/252 185/185/185
f 185/185/185 224/224/224 282/282/282
f 252/252/252 160/160/160 206/206/206
f 206/206/206 185/185/185 252/252/252
f 160/160/160 284/284/284 230/230/230
f 230/230/230 206/206/206 160/160/160
f 232/232/232 233/233/233 208/208/208
f 208/208/208 197/197/197 243/243/243
f 243/243/243 246/246/246 213/213/213
f 208/208/208 243/243/243 213/213/213
f 213/213/213 195/195/195 239/239/239
f 239/239/239 241/241/241 211/211/211
f 213/213/213 239/239/239 211/211/211
f 211/211/211 193/193/193 235/235/235
f 235/235/235 238/238/238 209/209/209
f 211/211/211 235/235/235 209/209/209
f 213/213/213 211/211/211 209/209/209
f 208/208/208 213/213/213 209/209/209
f 232/232/232 208/208/208 209/209/209
f 189/189/189 232/232/232 209/209/209
f 319/319/319 14/14/14 15/15/15
f 15/15/15 321/321/321 319/319/319
f 321/321/321 15/15/15 16/16/16
f 16/16/16 323/323/323 321/321/321
f 323/323/323 16/16/16 17/17/17
f 17/17/17 326/326/326 323/323/323
f 326/326/326 17/17/17 329/329/329
f 329/329/329 327/327/327 326/326/326
f 327/327/327 329/329/329 18/18/18
f 18/18/18 330/330/330 327/327/327
f 330/330/330 18/18/18 19/19/19
f 19/19/19 333/333/333 330/330/330
f 333/333/333 19/19/19 336/336/336
f 336/336/336 335/335/335 333/333/333
f 335/335/335 336/336/336 20/20/20
f 20/20/20 338/338/338 335/335/335
f 338/338/338 20/20/20 342/342/342
f 342/342/342 341/341/341 338/338/338
f 340/340/340 343/343/343 21/21/21
f 21/21/21 345/345/345 340/340/340
f 345/345/345 21/21/21 348/348/348
f 348/348/348 346/346/346 345/345/345
f 346/346/346 348/348/348 14/14/14
f 14/14/14 319/319/319 346/346/346
f 350/350/350 357/357/357 354/354/354
f 354/354/354 353/353/353 350/350/350
f 360/360/360 366/366/366 364/364/364
f 365/365/365 362/362/362 360/360/360
f 358/358/358 368/368/368 355/355/355
f 356/356/356 369/369/369 374/374/374
f 374/374/374 351/351/351 356/356/356
f 352/352/352 375/375/375 349/349/349
f 376/376/376 372/372/372 364/364/364
f 364/364/364 366/366/366 376/376/376
f 378/378/378 371/371/371 372/372/372
f 372/372/372 376/376/376 378/378/378
f 374/374/374 369/369/369 371/371/371
f 371/371/371 378/378/378 374/374/374
f 381/381/381 387/387/387 385/385/385
f 385/385/385 382/382/382 381/381/381
f 391/391/391 389/389/389 395/395/395
f 395/395/395 393/393/393 391/391/391
f 397/397/397 402/402/402 400/400/400
f 400/400/400 398/398/398 397/397/397
f 409/409/409 390/390/390 392/392/392
f 410/410/410 409/409/409 392/392/392
f 401/401/401 410/410/410 392/392/392
f 401/401/401 392/392/392 384/384/384
f 401/401/401 384/384/384 386/386/386
f 401/401/401 386/386/386 407/407/407
f 401/401/401 407/407/407 404/404/404
f 399/399/399 401/401/401 404/404/404
f 383/383/383 394/394/394 388/388/388
f 416/416/416 403/403/403 396/396/396
f 419/419/419 416/416/416 396/396/396
f 388/388/388 419/419/419 396/396/396
f 383/383/383 388/388/388 396/396/396
f 383/383/383 396/396/396 414/414/414
f 383/383/383 414/414/414 413/413/413
f 383/383/383 413/413/413 380/380/380
f 412/412/412 406/406/406 387/387/387
f 387/387/387 381/381/381 412/412/412
f 408/408/408 418/418/418 389/389/389
f 389/389/389 391/391/391 408/408/408
f 415/415/415 405/405/405 406/406/406
f 406/406/406 412/412/412 415/415/415
f 397/397/397 398/398/398 405/405/405
f 405/405/405 415/415/415 397/397/397
f 411/411/411 417/417/417 418/418/418
f 418/418/418 408/408/408 411/411/411
f 400/400/400 402/402/402 417/417/417
f 417/417/417 411/411/411 400/400/400
f 111/111/111 425/425/425 422/422/422
f 422/422/422 110/110/110 111/111/111
f 112/112/112 102/102/102 427/427/427
f 427/427/427 424/424/424 112/112/112
f 423/423/423 426/426/426 430/430/430
f 430/430/430 421/421/421 423/423/423
f 420/420/420 431/431/431 99/99/99
f 99/99/99 109/109/109 420/420/420
f 101/101/101 113/113/113 434/434/434
f 434/434/434 428/428/428 101/101/101
f 428/428/428 434/434/434 437/437/437
f 437/437/437 429/429/429 428/428/428
f 429/429/429 437/437/437 122/122/122
f 122/122/122 100/100/100 429/429/429
f 114/114/114 123/123/123 438/438/438
f 438/438/438 433/433/433 114/114/114
f 435/435/435 432/432/432 439/439/439
f 439/439/439 440/440/440 435/435/435
f 436/436/436 441/441/441 128/128/128
f 128/128/128 121/121/121 436/436/436
f 444/444/444 134/134/134 131/131/131
f 131/131/131 446/446/446 444/444/444
f 151/151/151 448/448/448 446/446/446
f 446/446/446 131/131/131 151/151/151
f 450/450/450 133/133/133 135/135/135
f 135/135/135 442/442/442 450/450/450
f 438/438/438 123/123/123 132/132/132
f 132/132/132 451/451/451 438/438/438
f 149/149/149 455/455/455 449/449/449
f 449/449/449 150/150/150 149/149/149
f 128/128/128 441/441/441 453/453/453
f 453/453/453 148/148/148 128/128/128
f 454/454/454 440/440/440 439/439/439
f 439/439/439 452/452/452 454/454/454
f 447/447/447 454/454/454 452/452/452
f 452/452/452 443/443/443 447/447/447
f 447/447/447 443/443/443 445/445/445
f 461/461/461 458/458/458 457/457/457
f 457/457/457 462/462/462 461/461/461
f 468/468/468 467/467/467 464/464/464
f 464/464/464 470/470/470 468/468/468
f 477/477/477 475/475/475 472/472/472
f 472/472/472 478/478/478 477/477/477
f 484/484/484 482/482/482 481/481/481
f 481/481/481 489/489/489 484/484/484
f 494/494/494 493/493/493 490/490/490
f 490/490/490 497/497/497 494/494/494
f 503/503/503 501/501/501 499/499/499
f 499/499/499 505/505/505 503/503/503
f 510/510/510 509/509/509 506/506/506
f 506/506/506 512/512/512 510/510/510
f 518/518/518 516/516/516 515/515/515
f 515/515/515 523/523/523 518/518/518
f 176/176/176 264/264/264 492/492/492
f 492/492/492 495/495/495 176/176/176
f 177/177/177 266/266/266 500/500/500
f 500/500/500 502/502/502 177/177/177
f 179/179/179 268/268/268 508/508/508
f 508/508/508 511/511/511 179/179/179
f 171/171/171 269/269/269 517/517/517
f 517/517/517 521/521/521 171/171/171
f 528/528/528 526/526/526 457/457/457
f 457/457/457 458/458/458 528/528/528
f 531/531/531 530/530/530 461/461/461
f 461/461/461 462/462/462 531/531/531
f 535/535/535 533/533/533 468/468/468
f 468/468/468 470/470/470 535/535/535
f 540/540/540 537/537/537 477/477/477
f 477/477/477 478/478/478 540/540/540
f 544/544/544 542/542/542 526/526/526
f 526/526/526 528/528/528 544/544/544
f 486/486/486 487/487/487 542/542/542
f 542/542/542 544/544/544 486/486/486
f 548/548/548 545/545/545 530/530/530
f 530/530/530 531/531/531 548/548/548
f 464/464/464 467/467/467 545/545/545
f 545/545/545 548/548/548 464/464/464
f 552/552/552 550/550/550 533/533/533
f 533/533/533 535/535/535 552/552/552
f 472/472/472 475/475/475 550/550/550
f 550/550/550 552/552/552 472/472/472
f 555/555/555 553/553/553 537/537/537
f 537/537/537 540/540/540 555/555/555
f 481/481/481 482/482/482 553/553/553
f 553/553/553 555/555/555 481/481/481
f 560/560/560 558/558/558 490/490/490
f 490/490/490 493/493/493 560/560/560
f 564/564/564 562/562/562 494/494/494
f 494/494/494 497/497/497 564/564/564
f 568/568/568 566/566/566 503/503/503
f 503/503/503 505/505/505 568/568/568
f 572/572/572 570/570/570 510/510/510
f 510/510/510 512/512/512 572/572/572
f 303/303/303 559/559/559 492/492/492
f 492/492/492 264/264/264 303/303/303
f 561/561/561 310/310/310 176/176/176
f 176/176/176 495/495/495 561/561/561
f 565/565/565 314/314/314 177/177/177
f 177/177/177 502/502/502 565/565/565
f 569/569/569 318/318/318 179/179/179
f 179/179/179 511/511/511 569/569/569
f 575/575/575 574/574/574 558/558/558
f 558/558/558 560/560/560 575/575/575
f 519/519/519 524/524/524 574/574/574
f 574/574/574 575/575/575 519/519/519
f 579/579/579 577/577/577 562/562/562
f 562/562/562 564/564/564 579/579/579
f 499/499/499 501/501/501 577/577/577
f 577/577/577 579/579/579 499/499/499
f 584/584/584 581/581/581 566/566/566
f 566/566/566 568/568/568 584/584/584
f 506/506/506 509/509/509 581/581/581
f 581/581/581 584/584/584 506/506/506
f 588/588/588 585/585/585 570/570/570
f 570/570/570 572/572/572 588/588/588
f 515/515/515 516/516/516 585/585/585
f 585/585/585 588/588/588 515/515/515
f 305/305/305 576/576/576 559/559/559
f 559/559/559 303/303/303 305/305/305
f 173/173/173 520/520/520 576/576/576
f 576/576/576 305/305/305 173/173/173
f 578/578/578 308/308/308 310/310/310
f 310/310/310 561/561/561 578/578/578
f 500/500/500 266/266/266 308/308/308
f 308/308/308 578/578/578 500/500/500
f 582/582/582 311/311/311 314/314/314
f 314/314/314 565/565/565 582/582/582
f 508/508/508 268/268/268 311/311/311
f 311/311/311 582/582/582 508/508/508
f 586/586/586 315/315/315 318/318/318
f 318/318/318 569/569/569 586/586/586
f 517/517/517 269/269/269 315/315/315
f 315/315/315 586/586/586 517/517/517
f 571/571/571 538/538/538 554/554/554
f 554/554/554 587/587/587 571/571/571
f 587/587/587 554/554/554 483/483/483
f 483/483/483 514/514/514 587/587/587
f 514/514/514 483/483/483 485/485/485
f 485/485/485 522/522/522 514/514/514
f 522/522/522 485/485/485 543/543/543
f 543/543/543 573/573/573 522/522/522
f 573/573/573 543/543/543 527/527/527
f 527/527/527 557/557/557 573/573/573
f 557/557/557 527/527/527 459/459/459
f 459/459/459 491/491/491 557/557/557
f 491/491/491 459/459/459 460/460/460
f 460/460/460 496/496/496 491/491/491
f 496/496/496 460/460/460 529/529/529
f 529/529/529 563/563/563 496/496/496
f 563/563/563 529/529/529 546/546/546
f 546/546/546 580/580/580 563/563/563
f 580/580/580 546/546/546 466/466/466
f 466/466/466 498/498/498 580/580/580
f 498/498/498 466/466/466 469/469/469
f 469/469/469 504/504/504 498/498/498
f 504/504/504 469/469/469 534/534/534
f 534/534/534 567/567/567 504/504/504
f 567/567/567 534/534/534 549/549/549
f 549/549/549 583/583/583 567/567/567
f 583/583/583 549/549/549 474/474/474
f 474/474/474 507/507/507 583/583/583
f 507/507/507 474/474/474 476/476/476
f 476/476/476 513/513/513 507/507/507
f 513/513/513 476/476/476 538/538/538
f 538/538/538 571/571/571 513/513/513
f 456/456/456 525/525/525 541/541/541
f 541/541/541 488/488/488 480/480/480
f 456/456/456 541/541/541 480/480/480
f 480/480/480 556/556/556 539/539/539
f 539/539/539 479/479/479 473/473/473
f 480/480/480 539/539/539 473/473/473
f 456/456/456 480/480/480 473/473/473
f 473/473/473 551/551/551 536/536/536
f 536/536/536 471/471/471 465/465/465
f 473/473/473 536/536/536 465/465/465
f 456/456/456 473/473/473 465/465/465
f 465/465/465 547/547/547 532/532/532
f 456/456/456 465/465/465 532/532/532
f 463/463/463 456/456/456 532/532/532
f 320/320/320 322/322/322 591/591/591
f 591/591/591 590/590/590 320/320/320
f 322/322/322 324/324/324 594/594/594
f 594/594/594 591/591/591 322/322/322
f 324/324/324 325/325/325 595/595/595
f 595/595/595 594/594/594 324/324/324
f 325/325/325 328/328/328 597/597/597
f 597/597/597 595/595/595 325/325/325
f 328/328/328 331/331/331 600/600/600
f 600/600/600 597/597/597 328/328/328
f 331/331/331 332/332/332 602/602/602
f 602/602/602 600/600/600 331/331/331
f 332/332/332 334/334/334 603/603/603
f 603/603/603 602/602/602 332/332/332
f 334/334/334 337/337/337 606/606/606
f 606/606/606 603/603/603 334/334/334
f 337/337/337 339/339/339 607/607/607
f 607/607/607 606/606/606 337/337/337
f 339/339/339 344/344/344 610/610/610
f 610/610/610 607/607/607 339/339/339
f 344/344/344 347/347/347 612/612/612
f 612/612/612 610/610/610 344/344/344
f 347/347/347 320/320/320 590/590/590
f 590/590/590 612/612/612 347/347/347
f 589/589/589 592/592/592 616/616/616
f 616/616/616 615/615/615 589/589/589
f 592/592/592 593/593/593 619/619/619
f 619/619/619 616/616/616 592/592/592
f 593/593/593 596/596/596 620/620/620
f 620/620/620 619/619/619 593/593/593
f 596/596/596 598/598/598 622/622/622
f 622/622/622 620/620/620 596/596/596
f 598/598/598 599/599/599 624/624/624
f 624/624/624 622/622/622 598/598/598
f 599/599/599 601/601/601 627/627/627
f 627/627/627 624/624/624 599/599/599
f 601/601/601 604/604/604 629/629/629
f 629/629/629 627/627/627 601/601/601
f 604/604/604 605/605/605 630/630/630
f 630/630/630 629/629/629 604/604/604
f 605/605/605 608/608/608 633/633/633
f 633/633/633 630/630/630 605/605/605
f 609/609/609 611/611/611 636/636/636
f 636/636/636 632/632/632 609/609/609
f 611/611/611 613/613/613 638/638/638
f 638/638/638 636/636/636 611/611/611
f 613/613/613 589/589/589 615/615/615
f 615/615/615 638/638/638 613/613/613
f 618/618/618 621/621/621 623/623/623
f 623/623/623 625/625/625 626/626/626
f 626/626/626 628/628/628 631/631/631
f 623/623/623 626/626/626 631/631/631
f 631/631/631 634/634/634 635/635/635
f 635/635/635 637/637/637 614/614/614
f 631/631/631 635/635/635 614/614/614
f 623/623/623 631/631/631 614/614/614
f 618/618/618 623/623/623 614/614/614
f 617/617/617 618/618/618 614/614/614
f 377/377/377 367/367/367 349/349/349
f 367/367/367 359/359/359 349/349/349
f 375/375/375 379/379/379 349/349/349
f 379/379/379 377/377/377 349/349/349
f 358/358/358 373/373/373 370/370/370
f 358/358/358 370/370/370 368/368/368
f 358/358/358 361/361/361 363/363/363
f 358/358/358 363/363/363 373/373/373
f 22/22/22 44/44/44 47/47/47
f 22/22/22 47/47/47 36/36/36
f 22/22/22 32/32/32 41/41/41
f 22/22/22 41/41/41 44/44/44
f 25/25/25 30/30/30 38/38/38
f 25/25/25 38/38/38 48/48/48
f 25/25/25 48/48/48 51/51/51
f 25/25/25 51/51/51 43/43/43
f 640/640/640 643/643/643 645/645/645
f 645/645/645 641/641/641 640/640/640
f 647/647/647 650/650/650 654/654/654
f 654/654/654 651/651/651 647/647/647
f 642/642/642 646/646/646 653/653/653
f 653/653/653 649/649/649 642/642/642
f 644/644/644 639/639/639 648/648/648
f 648/648/648 652/652/652 644/644/644
f 677/677/677 674/674/674 672/672/672
f 672/672/672 670/670/670 668/668/668
f 668/668/668 665/665/665 664/664/664
f 672/672/672 668/668/668 664/664/664
f 664/664/664 662/662/662 659/659/659
f 659/659/659 658/658/658 656/656/656
f 664/664/664 659/659/659 656/656/656
f 672/672/672 664/664/664 656/656/656
f 677/677/677 672/672/672 656/656/656
f 678/678/678 677/677/677 656/656/656
f 655/655/655 657/657/657 683/683/683
f 683/683/683 681/681/681 655/655/655
f 657/657/657 660/660/660 684/684/684
f 684/684/684 683/683/683 657/657/657
f 660/660/660 661/661/661 687/687/687
f 687/687/687 684/684/684 660/660/660
f 661/661/661 663/663/663 689/689/689
f 689/689/689 687/687/687 661/661/661
f 663/663/663 666/666/666 690/690/690
f 690/690/690 689/689/689 663/663/663
f 666/666/666 667/667/667 693/693/693
f 693/693/693 690/690/690 666/666/666
f 667/667/667 669/669/669 695/695/695
f 695/695/695 693/693/693 667/667/667
f 669/669/669 671/671/671 697/697/697
f 697/697/697 695/695/695 669/669/669
f 671/671/671 673/673/673 699/699/699
f 699/699/699 697/697/697 671/671/671
f 675/675/675 676/676/676 701/701/701
f 701/701/701 700/700/700 675/675/675
f 676/676/676 679/679/679 703/703/703
f 703/703/703 701/701/701 676/676/676
f 679/679/679 655/655/655 681/681/681
f 681/681/681 703/703/703 679/679/679
f 680/680/680 682/682/682 685/685/685
f 685/685/685 686/686/686 688/688/688
f 688/688/688 691/691/691 692/692/692
f 685/685/685 688/688/688 692/692/692
f 692/692/692 694/694/694 696/696/696
f 696/696/696 698/698/698 702/702/702
f 692/692/692 696/696/696 702/702/702
f 685/685/685 692/692/692 702/702/702
f 680/680/680 685/685/685 702/702/702
f 704/704/704 680/680/680 702/702/702
f 705/705/705 710/710/710 711/711/711
f 711/711/711 708/708/708 705/705/705
f 714/714/714 715/715/715 719/719/719
f 719/719/719 718/718/718 714/714/714
f 707/707/707 712/712/712 720/720/720
f 720/720/720 716/716/716 707/707/707
f 709/709/709 706/706/706 713/713/713
f 713/713/713 717/717/717 709/709/709
f 722/722/722 726/726/726 727/727/727
f 727/727/727 723/723/723 722/722/722
f 729/729/729 732/732/732 736/736/736
f 736/736/736 734/734/734 729/729/729
f 724/724/724 728/728/728 735/735/735
f 735/735/735 731/731/731 724/724/724
f 725/725/725 721/721/721 730/730/730
f 730/730/730 733/733/733 725/725/725
f 758/758/758 755/755/755 753/753/753
f 753/753/753 752/752/752 749/749/749
f 749/749/749 748/748/748 745/745/745
f 753/753/753 749/749/749 745/745/745
f 745/745/745 743/743/743 741/741/741
f 741/741/741 740/740/740 737/737/737
f 745/745/745 741/741/741 737/737/737
f 753/753/753 745/745/745 737/737/737
f 758/758/758 753/753/753 737/737/737
f 760/760/760 758/758/758 737/737/737
f 738/738/738 739/739/739 764/764/764
f 764/764/764 763/763/763 738/738/738
f 739/739/739 742/742/742 767/767/767
f 767/767/767 764/764/764 739/739/739
f 742/742/742 744/744/744 769/769/769
f 769/769/769 767/767/767 742/742/742
f 744/744/744 746/746/746 771/771/771
f 771/771/771 769/769/769 744/744/744
f 746/746/746 747/747/747 772/772/772
f 772/772/772 771/771/771 746/746/746
f 747/747/747 750/750/750 775/775/775
f 775/775/775 772/772/772 747/747/747
f 750/750/750 751/751/751 776/776/776
f 776/776/776 775/775/775 750/750/750
f 751/751/751 754/754/754 779/779/779
f 779/779/779 776/776/776 751/751/751
f 754/754/754 756/756/756 781/781/781
f 781/781/781 779/779/779 754/754/754
f 757/757/757 759/759/759 784/784/784
f 784/784/784 782/782/782 757/757/757
f 759/759/759 761/761/761 785/785/785
f 785/785/785 784/784/784 759/759/759
f 761/761/761 738/738/738 763/763/763
f 763/763/763 785/785/785 761/761/761
f 762/762/762 765/765/765 766/766/766
f 766/766/766 768/768/768 770/770/770
f 770/770/770 773/773/773 774/774/774
f 766/766/766 770/770/770 774/774/774
f 774/774/774 777/777/777 778/778/778
f 778/778/778 780/780/780 783/783/783
f 774/774/774 778/778/778 783/783/783
f 766/766/766 774/774/774 783/783/783
f 762/762/762 766/766/766 783/783/783
f 786/786/786 762/762/762 783/783/783
f 787/787/787 791/791/791 793/793/793
f 793/793/793 790/790/790 787/787/787
f 795/795/795 797/797/797 802/802/802
f 802/802/802 800/800/800 795/795/795
f 789/789/789 794/794/794 801/801/801
f 801/801/801 798/798/798 789/789/789
f 792/792/792 788/788/788 796/796/796
f 796/796/796 799/799/799 792/792/792
f 804/804/804 808/808/808 809/809/809
f 809/809/809 806/806/806 804/804/804
f 812/812/812 813/813/813 818/818/818
f 818/818/818 815/815/815 812/812/812
f 805/805/805 810/810/810 817/817/817
f 817/817/817 814/814/814 805/805/805
f 807/807/807 803/803/803 811/811/811
f 811/811/811 816/816/816 807/807/807
f 840/840/840 839/839/839 835/835/835
f 835/835/835 834/834/834 831/831/831
f 831/831/831 829/829/829 827/827/827
f 835/835/835 831/831/831 827/827/827
f 827/827/827 826/826/826 824/824/824
f 824/824/824 821/821/821 819/819/819
f 827/827/827 824/824/824 819/819/819
f 835/835/835 827/827/827 819/819/819
f 840/840/840 835/835/835 819/819/819
f 843/843/843 840/840/840 819/819/819
f 820/820/820 822/822/822 846/846/846
f 846/846/846 844/844/844 820/820/820
f 822/822/822 823/823/823 849/849/849
f 849/849/849 846/846/846 822/822/822
f 823/823/823 825/825/825 851/851/851
f 851/851/851 849/849/849 823/823/823
f 825/825/825 828/828/828 853/853/853
f 853/853/853 851/851/851 825/825/825
f 828/828/828 830/830/830 854/854/854
f 854/854/854 853/853/853 828/828/828
f 830/830/830 832/832/832 857/857/857
f 857/857/857 854/854/854 830/830/830
f 832/832/832 833/833/833 858/858/858
f 858/858/858 857/857/857 832/832/832
f 833/833/833 836/836/836 860/860/860
f 860/860/860 858/858/858 833/833/833
f 836/836/836 838/838/838 863/863/863
f 863/863/863 860/860/860 836/836/836
f 837/837/837 841/841/841 866/866/866
f 866/866/866 864/864/864 837/837/837
f 841/841/841 842/842/842 868/868/868
f 868/868/868 866/866/866 841/841/841
f 842/842/842 820/820/820 844/844/844
f 844/844/844 868/868/868 842/842/842
f 845/845/845 847/847/847 848/848/848
f 848/848/848 850/850/850 852/852/852
f 852/852/852 855/855/855 856/856/856
f 848/848/848 852/852/852 856/856/856
f 856/856/856 859/859/859 861/861/861
f 861/861/861 862/862/862 865/865/865
f 856/856/856 861/861/861 865/865/865
f 848/848/848 856/856/856 865/865/865
f 845/845/845 848/848/848 865/865/865
f 867/867/867 845/845/845 865/865/865
f 870/870/870 874/874/874 876/876/876
f 876/876/876 871/871/871 870/870/870
f 877/877/877 880/880/880 884/884/884
f 884/884/884 882/882/882 877/877/877
f 872/872/872 875/875/875 883/883/883
f 883/883/883 879/879/879 872/872/872
f 873/873/873 869/869/869 878/878/878
f 878/878/878 881/881/881 873/873/873
f 886/886/886 889/889/889 892/892/892
f 892/892/892 887/887/887 886/886/886
f 893/893/893 896/896/896 899/899/899
f 899/899/899 898/898/898 893/893/893
f 888/888/888 891/891/891 900/900/900
f 900/900/900 895/895/895 888/888/888
f 890/890/890 885/885/885 894/894/894
f 894/894/894 897/897/897 890/890/890
f 922/922/922 920/920/920 917/917/917
f 917/917/917 915/915/915 914/914/914
f 914/914/914 911/911/911 910/910/910
f 917/917/917 914/914/914 910/910/910
f 910/910/910 908/908/908 906/906/906
f 906/906/906 904/904/904 901/901/901
f 910/910/910 906/906/906 901/901/901
f 917/917/917 910/910/910 901/901/901
f 922/922/922 917/917/917 901/901/901
f 924/924/924 922/922/922 901/901/901
f 902/902/902 903/903/903 929/929/929
f 929/929/929 927/927/927 902/902/902
f 903/903/903 905/905/905 931/931/931
f 931/931/931 929/929/929 903/903/903
f 905/905/905 907/907/907 932/932/932
f 932/932/932 931/931/931 905/905/905
f 907/907/907 909/909/909 934/934/934
f 934/934/934 932/932/932 907/907/907
f 909/909/909 912/912/912 936/936/936
f 936/936/936 934/934/934 909/909/909
f 912/912/912 913/913/913 939/939/939
f 939/939/939 936/936/936 912/912/912
f 913/913/913 916/916/916 940/940/940
f 940/940/940 939/939/939 913/913/913
f 916/916/916 918/918/918 943/943/943
f 943/943/943 940/940/940 916/916/916
f 918/918/918 921/921/921 945/945/945
f 945/945/945 943/943/943 918/918/918
f 919/919/919 923/923/923 947/947/947
f 947/947/947 946/946/946 919/919/919
f 923/923/923 925/925/925 949/949/949
f 949/949/949 947/947/947 923/923/923
f 925/925/925 902/902/902 927/927/927
f 927/927/927 949/949/949 925/925/925
f 926/926/926 928/928/928 930/930/930
f 930/930/930 933/933/933 935/935/935
f 935/935/935 937/937/937 938/938/938
f 930/930/930 935/935/935 938/938/938
f 938/938/938 941/941/941 942/942/942
f 942/942/942 944/944/944 948/948/948
f 938/938/938 942/942/942 948/948/948
f 930/930/930 938/938/938 948/948/948
f 926/926/926 930/930/930 948/948/948
f 950/950/950 926/926/926 948/948/948
f 952/952/952 955/955/955 958/958/958
f 958/958/958 953/953/953 952/952/952
f 960/960/960 962/962/962 965/965/965
f 965/965/965 963/963/963 960/960/960
f 954/954/954 957/957/957 966/966/966
f 966/966/966 961/961/961 954/954/954
f 956/956/956 951/951/951 959/959/959
f 959/959/959 964/964/964 956/956/956
f 1025/1025/1025 1016/1016/1016 1022/1022/1022
f 1016/1016/1016 1020/1020/1020 1022/1022/1022
f 1033/1033/1033 1036/1036/1036 1029/1029/1029
f 1033/1033/1033 1029/1029/1029 1032/1032/1032
f 982/982/982 980/980/980 967/967/967
f 982/982/982 967/967/967 972/972/972
f 988/988/988 983/983/983 970/970/970
f 988/988/988 970/970/970 977/977/977
f 985/985/985 989/989/989 976/976/976
f 985/985/985 976/976/976 974/974/974
f 979/979/979 986/986/986 973/973/973
f 979/979/979 973/973/973 968/968/968
f 969/969/969 975/975/975 994/994/994
f 969/969/969 994/994/994 992/992/992
f 975/975/975 978/978/978 998/998/998
f 975/975/975 998/998/998 994/994/994
f 978/978/978 971/971/971 1002/1002/1002
f 978/978/978 1002/1002/1002 998/998/998
f 971/971/971 969/969/969 992/992/992
f 971/971/971 992/992/992 1002/1002/1002
f 981/981/981 984/984/984 1008/1008/1008
f 981/981/981 1008/1008/1008 1003/1003/1003
f 984/984/984 990/990/990 1010/1010/1010
f 984/984/984 1010/1010/1010 1008/1008/1008
f 990/990/990 987/987/987 1013/1013/1013
f 990/990/990 1013/1013/1013 1010/1010/1010
f 987/987/987 981/981/981 1003/1003/1003
f 987/987/987 1003/1003/1003 1013/1013/1013
f 1019/1019/1019 1017/1017/1017 991/991/991
f 1019/1019/1019 991/991/991 995/995/995
f 1023/1023/1023 1018/1018/1018 996/996/996
f 1023/1023/1023 996/996/996 997/997/997
f 1026/1026/1026 1021/1021/1021 999/999/999
f 1026/1026/1026 999/999/999 1000/1000/1000
f 1015/1015/1015 1024/1024/1024 1001/1001/1001
f 1015/1015/1015 1001/1001/1001 993/993/993
f 1005/1005/1005 1006/1006/1006 1031/1031/1031
f 1005/1005/1005 1031/1031/1031 1028/1028/1028
f 1007/1007/1007 1011/1011/1011 1035/1035/1035
f 1007/1007/1007 1035/1035/1035 1030/1030/1030
f 1009/1009/1009 1014/1014/1014 1038/1038/1038
f 1009/1009/1009 1038/1038/1038 1034/1034/1034
f 1012/1012/1012 1004/1004/1004 1027/1027/1027
f 1012/1012/1012 1027/1027/1027 1037/1037/1037
f 1097/1097/1097 1087/1087/1087 1094/1094/1094
f 1087/1087/1087 1092/1092/1092 1094/1094/1094
f 1107/1107/1107 1110/1110/1110 1101/1101/1101
f 1107/1107/1107 1101/1101/1101 1102/1102/1102
f 1054/1054/1054 1053/1053/1053 1039/1039/1039
f 1054/1054/1054 1039/1039/1039 1044/1044/1044
f 1061/1061/1061 1055/1055/1055 1043/1043/1043
f 1061/1061/1061 1043/1043/1043 1049/1049/1049
f 1059/1059/1059 1062/1062/1062 1050/1050/1050
f 1059/1059/1059 1050/1050/1050 1046/1046/1046
f 1051/1051/1051 1058/1058/1058 1045/1045/1045
f 1051/1051/1051 1045/1045/1045 1041/1041/1041
f 1040/1040/1040 1047/1047/1047 1067/1067/1067
f 1040/1040/1040 1067/1067/1067 1064/1064/1064
f 1047/1047/1047 1048/1048/1048 1069/1069/1069
f 1047/1047/1047 1069/1069/1069 1067/1067/1067
f 1048/1048/1048 1042/1042/1042 1073/1073/1073
f 1048/1048/1048 1073/1073/1073 1069/1069/1069
f 1042/1042/1042 1040/1040/1040 1064/1064/1064
f 1042/1042/1042 1064/1064/1064 1073/1073/1073
f 1052/1052/1052 1056/1056/1056 1080/1080/1080
f 1052/1052/1052 1080/1080/1080 1076/1076/1076
f 1056/1056/1056 1060/1060/1060 1083/1083/1083
f 1056/1056/1056 1083/1083/1083 1080/1080/1080
f 1060/1060/1060 1057/1057/1057 1084/1084/1084
f 1060/1060/1060 1084/1084/1084 1083/1083/1083
f 1057/1057/1057 1052/1052/1052 1076/1076/1076
f 1057/1057/1057 1076/1076/1076 1084/1084/1084
f 1090/1090/1090 1089/1089/1089 1063/1063/1063
f 1090/1090/1090 1063/1063/1063 1068/1068/1068
f 1093/1093/1093 1091/1091/1091 1066/1066/1066
f 1093/1093/1093 1066/1066/1066 1070/1070/1070
f 1096/1096/1096 1095/1095/1095 1071/1071/1071
f 1096/1096/1096 1071/1071/1071 1072/1072/1072
f 1088/1088/1088 1098/1098/1098 1074/1074/1074
f 1088/1088/1088 1074/1074/1074 1065/1065/1065
f 1075/1075/1075 1078/1078/1078 1104/1104/1104
f 1075/1075/1075 1104/1104/1104 1100/1100/1100
f 1079/1079/1079 1081/1081/1081 1105/1105/1105
f 1079/1079/1079 1105/1105/1105 1103/1103/1103
f 1082/1082/1082 1085/1085/1085 1108/1108/1108
f 1082/1082/1082 1108/1108/1108 1106/1106/1106
f 1086/1086/1086 1077/1077/1077 1099/1099/1099
f 1086/1086/1086 1099/1099/1099 1109/1109/1109
f 1168/1168/1168 1161/1161/1161 1165/1165/1165
f 1161/1161/1161 1164/1164/1164 1165/1165/1165
f 1177/1177/1177 1181/1181/1181 1171/1171/1171
f 1177/1177/1177 1171/1171/1171 1174/1174/1174
f 1127/1127/1127 1125/1125/1125 1113/1113/1113
f 1127/1127/1127 1113/1113/1113 1115/1115/1115
f 1134/1134/1134 1126/1126/1126 1116/1116/1116
f 1134/1134/1134 1116/1116/1116 1121/1121/1121
f 1129/1129/1129 1133/1133/1133 1122/1122/1122
f 1129/1129/1129 1122/1122/1122 1118/1118/1118
f 1124/1124/1124 1130/1130/1130 1119/1119/1119
f 1124/1124/1124 1119/1119/1119 1112/1112/1112
f 1111/1111/1111 1117/1117/1117 1139/1139/1139
f 1111/1111/1111 1139/1139/1139 1136/1136/1136
f 1117/1117/1117 1120/1120/1120 1142/1142/1142
f 1117/1117/1117 1142/1142/1142 1139/1139/1139
f 1120/1120/1120 1114/1114/1114 1145/1145/1145
f 1120/1120/1120 1145/1145/1145 1142/1142/1142
f 1114/1114/1114 1111/1111/1111 1136/1136/1136
f 1114/1114/1114 1136/1136/1136 1145/1145/1145
f 1123/1123/1123 1128/1128/1128 1152/1152/1152
f 1123/1123/1123 1152/1152/1152 1148/1148/1148
f 1128/1128/1128 1132/1132/1132 1153/1153/1153
f 1128/1128/1128 1153/1153/1153 1152/1152/1152
f 1132/1132/1132 1131/1131/1131 1156/1156/1156
f 1132/1132/1132 1156/1156/1156 1153/1153/1153
f 1131/1131/1131 1123/1123/1123 1148/1148/1148
f 1131/1131/1131 1148/1148/1148 1156/1156/1156
f 1162/1162/1162 1160/1160/1160 1135/1135/1135
f 1162/1162/1162 1135/1135/1135 1140/1140/1140
f 1166/1166/1166 1163/1163/1163 1138/1138/1138
f 1166/1166/1166 1138/1138/1138 1141/1141/1141
f 1170/1170/1170 1167/1167/1167 1143/1143/1143
f 1170/1170/1170 1143/1143/1143 1146/1146/1146
f 1159/1159/1159 1169/1169/1169 1144/1144/1144
f 1159/1159/1159 1144/1144/1144 1137/1137/1137
f 1147/1147/1147 1150/1150/1150 1176/1176/1176
f 1147/1147/1147 1176/1176/1176 1173/1173/1173
f 1151/1151/1151 1154/1154/1154 1179/1179/1179
f 1151/1151/1151 1179/1179/1179 1175/1175/1175
f 1155/1155/1155 1158/1158/1158 1182/1182/1182
f 1155/1155/1155 1182/1182/1182 1178/1178/1178
f 1157/1157/1157 1149/1149/1149 1172/1172/1172
f 1157/1157/1157 1172/1172/1172 1180/1180/1180

