mtllib material.mtl
usemtl material_0
v 3.53968100 13.33200100 0.00083400
v 3.53968100 13.33200100 0.00083400
v 3.54872700 13.33200100 0.05213700
v 3.54872700 13.33200100 0.05213700
v 3.57477500 13.33200100 0.09725200
v 3.57477500 13.33200100 0.09725200
v 3.61468100 13.33200100 0.13073800
v 3.61468100 13.33200100 0.13073800
v 3.66363400 13.33200100 0.14855500
v 3.66363400 13.33200100 0.14855500
v 3.71572900 13.33200100 0.14855500
v 3.71572900 13.33200100 0.14855500
v 3.76468100 13.33200100 0.13073800
v 3.76468100 13.33200100 0.13073800
v 3.80458800 13.33200100 0.09725300
v 3.80458800 13.33200100 0.09725300
v 3.83063500 13.33200100 0.05213700
v 3.83063500 13.33200100 0.05213700
v 3.83968100 13.33200100 0.00083400
v 3.83968100 13.33200100 0.00083400
v 3.83063500 13.33200100 -0.05046900
v 3.83063500 13.33200100 -0.05046900
v 3.80458800 13.33200100 -0.09558400
v 3.80458800 13.33200100 -0.09558400
v 3.76468100 13.33200100 -0.12906900
v 3.76468100 13.33200100 -0.12906900
v 3.71572900 13.33200100 -0.14688700
v 3.71572900 13.33200100 -0.14688700
v 3.71572900 13.33200100 -0.14688700
v 3.71572900 13.33200100 -0.14688700
v 3.66363400 13.33200100 -0.14688700
v 3.66363400 13.33200100 -0.14688700
v 3.61468100 13.33200100 -0.12907000
v 3.61468100 13.33200100 -0.12907000
v 3.57477500 13.33200100 -0.09558400
v 3.57477500 13.33200100 -0.09558400
v 3.54872800 13.33200100 -0.05046900
v 3.54872800 13.33200100 -0.05046900
v 3.18770300 14.28053200 0.00083300
v 3.18770300 14.28053200 0.00083300
v 3.21797600 14.28053200 0.17252000
v 3.21797600 14.28053200 0.17252000
v 3.30514300 14.28053200 0.32349900
v 3.30514300 14.28053200 0.32349900
v 3.43869200 14.28053200 0.43556000
v 3.43869200 14.28053200 0.43556000
v 3.60251400 14.28053300 0.49518600
v 3.60251400 14.28053300 0.49518600
v 3.77684900 14.28053300 0.49518600
v 3.77684900 14.28053300 0.49518600
v 3.94067000 14.28053200 0.43556000
v 3.94067000 14.28053200 0.43556000
v 4.07421900 14.28053200 0.32350000
v 4.07421900 14.28053200 0.32350000
v 4.16138700 14.28053200 0.17252100
v 4.16138700 14.28053200 0.17252100
v 4.19166000 14.28053200 0.00083400
v 4.19166000 14.28053200 0.00083400
v 4.16138700 14.28053200 -0.17085300
v 4.16138700 14.28053200 -0.17085300
v 4.07422000 14.28053100 -0.32183200
v 4.07422000 14.28053100 -0.32183200
v 3.94067100 14.28053200 -0.43389200
v 3.94067100 14.28053200 -0.43389200
v 3.77685000 14.28053200 -0.49351900
v 3.77685000 14.28053200 -0.49351900
v 3.77685000 14.28053200 -0.49351900
v 3.77685000 14.28053200 -0.49351900
v 3.60251400 14.28053200 -0.49351900
v 3.60251400 14.28053200 -0.49351900
v 3.43869300 14.28053200 -0.43389300
v 3.43869300 14.28053200 -0.43389300
v 3.30514400 14.28053200 -0.32183200
v 3.30514400 14.28053200 -0.32183200
v 3.21797600 14.28053200 -0.17085400
v 3.21797600 14.28053200 -0.17085400
v 3.24151600 14.06770100 0.00083400
v 3.24151600 14.06770100 0.00083400
v 3.31710700 13.82985100 0.00083400
v 3.31710700 13.82985100 0.00083400
v 3.44534900 13.54685800 0.00083400
v 3.44534900 13.54685800 0.00083400
v 3.46008300 13.54685800 0.08440100
v 3.46008300 13.54685800 0.08440100
v 3.35641200 13.78433600 0.12213400
v 3.35641200 13.78433600 0.12213400
v 3.26854400 14.06770100 0.15411500
v 3.26854400 14.06770100 0.15411500
v 3.50251200 13.54685800 0.15788800
v 3.50251200 13.54685800 0.15788800
v 3.41799700 13.78433600 0.22880400
v 3.41799700 13.78433600 0.22880400
v 3.34636700 14.06770100 0.28890900
v 3.34636700 14.06770100 0.28890900
v 3.56751500 13.54685800 0.21243300
v 3.56751500 13.54685800 0.21243300
v 3.51235200 13.78433600 0.30797700
v 3.51235200 13.78433600 0.30797700
v 3.46559900 14.06770100 0.38895600
v 3.46559900 14.06770100 0.38895600
v 3.64725300 13.54685800 0.24145500
v 3.64725300 13.54685800 0.24145500
v 3.62809500 13.78433600 0.35010400
v 3.62809500 13.78433600 0.35010400
v 3.61185800 14.06770100 0.44219100
v 3.61185800 14.06770100 0.44219100
v 3.73210900 13.54685800 0.24145500
v 3.73210900 13.54685800 0.24145500
v 3.75126700 13.78433600 0.35010400
v 3.75126700 13.78433600 0.35010400
v 3.76750400 14.06770100 0.44219100
v 3.76750400 14.06770100 0.44219100
v 3.81184800 13.54685800 0.21243300
v 3.81184800 13.54685800 0.21243300
v 3.86701000 13.78433600 0.30797700
v 3.86701000 13.78433600 0.30797700
v 3.91376400 14.06770100 0.38895700
v 3.91376400 14.06770100 0.38895700
v 3.87685100 13.54685800 0.15788800
v 3.87685100 13.54685800 0.15788800
v 3.96136500 13.78433600 0.22880400
v 3.96136500 13.78433600 0.22880400
v 4.03299600 14.06770100 0.28890900
v 4.03299600 14.06770100 0.28890900
v 3.91927900 13.54685800 0.08440100
v 3.91927900 13.54685800 0.08440100
v 4.02295100 13.78433600 0.12213400
v 4.02295100 13.78433600 0.12213400
v 4.11081900 14.06770100 0.15411600
v 4.11081900 14.06770100 0.15411600
v 3.93401400 13.54685800 0.00083400
v 3.93401400 13.54685800 0.00083400
v 4.04434000 13.78433500 0.00083400
v 4.04434000 13.78433500 0.00083400
v 4.13784700 14.06770100 0.00083400
v 4.13784700 14.06770100 0.00083400
v 3.91927900 13.54685800 -0.08273200
v 3.91927900 13.54685800 -0.08273200
v 4.02295100 13.78433500 -0.12046600
v 4.02295100 13.78433500 -0.12046600
v 4.11081900 14.06770100 -0.15244800
v 4.11081900 14.06770100 -0.15244800
v 3.87685100 13.54685800 -0.15622000
v 3.87685100 13.54685800 -0.15622000
v 3.96136500 13.78433500 -0.22713600
v 3.96136500 13.78433500 -0.22713600
v 4.03299600 14.06770000 -0.28724100
v 4.03299600 14.06770000 -0.28724100
v 3.81184800 13.54685800 -0.21076400
v 3.81184800 13.54685800 -0.21076400
v 3.86701100 13.78433500 -0.30630900
v 3.86701100 13.78433500 -0.30630900
v 3.91376400 14.06770100 -0.38728900
v 3.91376400 14.06770100 -0.38728900
v 3.73211000 13.54685800 -0.23978700
v 3.73211000 13.54685800 -0.23978700
v 3.73211000 13.54685800 -0.23978700
v 3.73211000 13.54685800 -0.23978700
v 3.75126700 13.78433500 -0.34843600
v 3.75126700 13.78433500 -0.34843600
v 3.75126700 13.78433500 -0.34843600
v 3.75126700 13.78433500 -0.34843600
v 3.76750500 14.06770100 -0.44052300
v 3.76750500 14.06770100 -0.44052300
v 3.76750500 14.06770100 -0.44052300
v 3.76750500 14.06770100 -0.44052300
v 3.64725400 13.54685800 -0.23978700
v 3.64725400 13.54685800 -0.23978700
v 3.62809600 13.78433500 -0.34843600
v 3.62809600 13.78433500 -0.34843600
v 3.61185900 14.06770100 -0.44052300
v 3.61185900 14.06770100 -0.44052300
v 3.56751500 13.54685800 -0.21076400
v 3.56751500 13.54685800 -0.21076400
v 3.51235300 13.78433500 -0.30630900
v 3.51235300 13.78433500 -0.30630900
v 3.46559900 14.06770100 -0.38728900
v 3.46559900 14.06770100 -0.38728900
v 3.50251200 13.54685800 -0.15622000
v 3.50251200 13.54685800 -0.15622000
v 3.41799800 13.78433500 -0.22713600
v 3.41799800 13.78433500 -0.22713600
v 3.34636700 14.06770100 -0.28724200
v 3.34636700 14.06770100 -0.28724200
v 3.46008400 13.54685800 -0.08273300
v 3.46008400 13.54685800 -0.08273300
v 3.33957600 13.82985100 -0.12659400
v 3.33957600 13.82985100 -0.12659400
v 3.26854400 14.06770100 -0.15244800
v 3.26854400 14.06770100 -0.15244800
v 3.18770300 14.31883700 0.00083300
v 3.18770300 14.31883700 0.00083300
v 3.21797600 14.31883700 0.17252000
v 3.21797600 14.31883700 0.17252000
v 3.30514300 14.31883800 0.32349900
v 3.30514300 14.31883800 0.32349900
v 3.43869200 14.31883800 0.43556000
v 3.43869200 14.31883800 0.43556000
v 3.60251400 14.31883800 0.49518600
v 3.60251400 14.31883800 0.49518600
v 3.77684900 14.31883800 0.49518600
v 3.77684900 14.31883800 0.49518600
v 3.94067000 14.31883800 0.43556000
v 3.94067000 14.31883800 0.43556000
v 4.07421900 14.31883800 0.32349900
v 4.07421900 14.31883800 0.32349900
v 4.16138700 14.31883800 0.17252100
v 4.16138700 14.31883800 0.17252100
v 4.19166000 14.31883700 0.00083400
v 4.19166000 14.31883700 0.00083400
v 4.16138700 14.31883700 -0.17085300
v 4.16138700 14.31883700 -0.17085300
v 4.07422000 14.31883700 -0.32183200
v 4.07422000 14.31883700 -0.32183200
v 3.94067100 14.31883700 -0.43389200
v 3.94067100 14.31883700 -0.43389200
v 3.77685000 14.31883700 -0.49351900
v 3.77685000 14.31883700 -0.49351900
v 3.77685000 14.31883700 -0.49351900
v 3.77685000 14.31883700 -0.49351900
v 3.60251400 14.31883700 -0.49351900
v 3.60251400 14.31883700 -0.49351900
v 3.43869300 14.31883700 -0.43389300
v 3.43869300 14.31883700 -0.43389300
v 3.30514400 14.31883700 -0.32183200
v 3.30514400 14.31883700 -0.32183200
v 3.21797600 14.31883700 -0.17085400
v 3.21797600 14.31883700 -0.17085400
v 3.15724000 14.28053200 0.00083300
v 3.15724000 14.28053200 0.00083300
v 3.18935100 14.28053200 0.18294000
v 3.18935100 14.28053200 0.18294000
v 3.28180700 14.28053300 0.34308000
v 3.28180700 14.28053300 0.34308000
v 3.42346000 14.28053300 0.46194100
v 3.42346000 14.28053300 0.46194100
v 3.59722400 14.28053300 0.52518600
v 3.59722400 14.28053300 0.52518600
v 3.78213900 14.28053300 0.52518600
v 3.78213900 14.28053300 0.52518600
v 3.95590200 14.28053300 0.46194200
v 3.95590200 14.28053300 0.46194200
v 4.09755500 14.28053300 0.34308100
v 4.09755500 14.28053300 0.34308100
v 4.19001300 14.28053200 0.18294000
v 4.19001300 14.28053200 0.18294000
v 4.22212300 14.28053200 0.00083400
v 4.22212300 14.28053200 0.00083400
v 4.19001300 14.28053200 -0.18127100
v 4.19001300 14.28053200 -0.18127100
v 4.09755600 14.28053100 -0.34141300
v 4.09755600 14.28053100 -0.34141300
v 3.95590300 14.28053200 -0.46027400
v 3.95590300 14.28053200 -0.46027400
v 3.78213900 14.28053200 -0.52351900
v 3.78213900 14.28053200 -0.52351900
v 3.78213900 14.28053200 -0.52351900
v 3.78213900 14.28053200 -0.52351900
v 3.59722400 14.28053200 -0.52351900
v 3.59722400 14.28053200 -0.52351900
v 3.42346100 14.28053200 -0.46027400
v 3.42346100 14.28053200 -0.46027400
v 3.28180800 14.28053200 -0.34141300
v 3.28180800 14.28053200 -0.34141300
v 3.18935100 14.28053200 -0.18127300
v 3.18935100 14.28053200 -0.18127300
v 3.18935000 14.31883700 0.18294000
v 3.18935000 14.31883700 0.18294000
v 3.15724000 14.31883700 0.00083300
v 3.15724000 14.31883700 0.00083300
v 3.18935100 14.31883700 -0.18127300
v 3.18935100 14.31883700 -0.18127300
v 3.28180800 14.31883700 -0.34141400
v 3.28180800 14.31883700 -0.34141400
v 3.42346100 14.31883700 -0.46027400
v 3.42346100 14.31883700 -0.46027400
v 3.59722400 14.31883700 -0.52351900
v 3.59722400 14.31883700 -0.52351900
v 3.78214000 14.31883700 -0.52351900
v 3.78214000 14.31883700 -0.52351900
v 3.78214000 14.31883700 -0.52351900
v 3.78214000 14.31883700 -0.52351900
v 3.95590200 14.31883700 -0.46027400
v 3.95590200 14.31883700 -0.46027400
v 4.09755600 14.31883600 -0.34141300
v 4.09755600 14.31883600 -0.34141300
v 4.19001300 14.31883800 -0.18127200
v 4.19001300 14.31883800 -0.18127200
v 4.22212300 14.31883800 0.00083400
v 4.22212300 14.31883800 0.00083400
v 4.19001300 14.31883800 0.18293900
v 4.19001300 14.31883800 0.18293900
v 4.09755600 14.31883800 0.34308000
v 4.09755600 14.31883800 0.34308000
v 3.95590300 14.31883800 0.46194100
v 3.95590300 14.31883800 0.46194100
v 3.78213900 14.31883800 0.52518600
v 3.78213900 14.31883800 0.52518600
v 3.59722400 14.31883800 0.52518600
v 3.59722400 14.31883800 0.52518600
v 3.42346000 14.31883800 0.46194100
v 3.42346000 14.31883800 0.46194100
v 3.28180800 14.31883800 0.34308000
v 3.28180800 14.31883800 0.34308000
v 3.55363100 13.34202300 0.00083400
v 3.55363100 13.34202300 0.00083400
v 3.56183600 13.34202300 0.04736600
v 3.56183600 13.34202300 0.04736600
v 3.58546000 13.34202300 0.08828600
v 3.58546000 13.34202300 0.08828600
v 3.62165600 13.34202300 0.11865700
v 3.62165600 13.34202300 0.11865700
v 3.66605600 13.34202300 0.13481800
v 3.66605600 13.34202300 0.13481800
v 3.71330600 13.34202300 0.13481800
v 3.71330600 13.34202300 0.13481800
v 3.75770600 13.34202300 0.11865700
v 3.75770600 13.34202300 0.11865700
v 3.79390200 13.34202300 0.08828600
v 3.79390200 13.34202300 0.08828600
v 3.81752700 13.34202300 0.04736600
v 3.81752700 13.34202300 0.04736600
v 3.82573200 13.34202300 0.00083400
v 3.82573200 13.34202300 0.00083400
v 3.81752800 13.34202300 -0.04569800
v 3.81752800 13.34202300 -0.04569800
v 3.79390000 13.34202300 -0.08661600
v 3.79390000 13.34202300 -0.08661600
v 3.75770700 13.34202300 -0.11699000
v 3.75770700 13.34202300 -0.11699000
v 3.71330600 13.34202300 -0.13314900
v 3.71330600 13.34202300 -0.13314900
v 3.71330600 13.34202300 -0.13314900
v 3.66605700 13.34202300 -0.13314900
v 3.66605700 13.34202300 -0.13314900
v 3.62165600 13.34202300 -0.11698900
v 3.62165600 13.34202300 -0.11698900
v 3.58546100 13.34202300 -0.08661700
v 3.58546100 13.34202300 -0.08661700
v 3.56183600 13.34202300 -0.04569800
v 3.56183600 13.34202300 -0.04569800
v 3.25651300 14.08422900 0.00083400
v 3.25651300 14.08422900 0.00083400
v 3.34229200 13.83043000 0.00083400
v 3.45114200 13.58622600 0.00083400
v 3.28263600 14.08422900 0.14898600
v 3.28263600 14.08422900 0.14898600
v 3.36324200 13.83043000 0.11964800
v 3.46552800 13.58622600 0.08241900
v 3.35785500 14.08422900 0.27926900
v 3.35785500 14.08422900 0.27926900
v 3.42356500 13.83043000 0.22413200
v 3.50694900 13.58622600 0.15416400
v 3.47309700 14.08422900 0.37596900
v 3.47309700 14.08422900 0.37596900
v 3.51598600 13.83043000 0.30168200
v 3.57041100 13.58622600 0.20741500
v 3.61446200 14.08423000 0.42742200
v 3.61446200 14.08423000 0.42742200
v 3.62935800 13.83043000 0.34294600
v 3.64825900 13.58622600 0.23574900
v 3.76490000 14.08423000 0.42742200
v 3.76490000 14.08423000 0.42742200
v 3.75000500 13.83043100 0.34294600
v 3.73110300 13.58622600 0.23575000
v 3.90626500 14.08422900 0.37596900
v 3.90626500 14.08422900 0.37596900
v 3.86337600 13.83043100 0.30168300
v 3.80895100 13.58622600 0.20741500
v 4.02150800 14.08422900 0.27926900
v 4.02150800 14.08422900 0.27926900
v 3.95579700 13.83043000 0.22413200
v 3.87241300 13.58622600 0.15416400
v 4.09672700 14.08422900 0.14898700
v 4.09672700 14.08422900 0.14898700
v 4.01612100 13.83043000 0.11964900
v 3.91383500 13.58622600 0.08242000
v 4.12285000 14.08422900 0.00083400
v 4.12285000 14.08422900 0.00083400
v 4.03707100 13.83043000 0.00083400
v 3.92822100 13.58622600 0.00083400
v 4.09672700 14.08422900 -0.14731800
v 4.09672700 14.08422900 -0.14731800
v 4.01612200 13.83043000 -0.11798000
v 3.91383600 13.58622600 -0.08075100
v 4.02150800 14.08422900 -0.27760100
v 4.02150800 14.08422900 -0.27760100
v 3.95579700 13.83043000 -0.22246300
v 3.87241200 13.58622600 -0.15249500
v 3.90626600 14.08422900 -0.37430100
v 3.90626600 14.08422900 -0.37430100
v 3.86337700 13.83043000 -0.30001500
v 3.80895100 13.58622600 -0.20574800
v 3.76490100 14.08422900 -0.42575400
v 3.76490100 14.08422900 -0.42575400
v 3.76490100 14.08422900 -0.42575400
v 3.76490100 14.08422900 -0.42575400
v 3.75000500 13.83043000 -0.34127800
v 3.75000500 13.83043000 -0.34127800
v 3.73110400 13.58622600 -0.23408100
v 3.73110400 13.58622600 -0.23408100
v 3.61446300 14.08422900 -0.42575400
v 3.61446300 14.08422900 -0.42575400
v 3.62935800 13.83043000 -0.34127800
v 3.64826000 13.58622600 -0.23408100
v 3.47309700 14.08422900 -0.37430200
v 3.47309700 14.08422900 -0.37430200
v 3.51598700 13.83043000 -0.30001500
v 3.57041200 13.58622600 -0.20574700
v 3.35785500 14.08422900 -0.27760200
v 3.35785500 14.08422900 -0.27760200
v 3.42356600 13.83043000 -0.22246400
v 3.50695000 13.58622600 -0.15249600
v 3.28263600 14.08422900 -0.14731900
v 3.28263600 14.08422900 -0.14731900
v 3.36324200 13.83043000 -0.11798100
v 3.46552800 13.58622600 -0.08075100
v 3.25533000 14.01981400 0.00083400
v 3.25533000 14.01981400 0.00083400
v 3.33502300 13.78433500 0.00083400
v 3.33502300 13.78433500 0.00083400
v 3.42532200 13.59106400 0.00083400
v 3.42532200 13.59106400 0.00083400
v 3.44126500 13.59106400 0.09125000
v 3.44126500 13.59106400 0.09125000
v 3.33957600 13.82985100 0.12826200
v 3.33957600 13.82985100 0.12826200
v 3.28152500 14.01981400 0.14939000
v 3.28152500 14.01981400 0.14939000
v 3.48717000 13.59106400 0.17076100
v 3.48717000 13.59106400 0.17076100
v 3.40427300 13.82985100 0.24032000
v 3.40427300 13.82985100 0.24032000
v 3.35694900 14.01981400 0.28002900
v 3.35694900 14.01981400 0.28002900
v 3.55750200 13.59106400 0.22977600
v 3.55750200 13.59106400 0.22977600
v 3.50339400 13.82985100 0.32349300
v 3.50339400 13.82985100 0.32349300
v 3.47250600 14.01981500 0.37699300
v 3.47250600 14.01981500 0.37699300
v 3.64377600 13.59106400 0.26117700
v 3.64377600 13.59106400 0.26117700
v 3.62498400 13.82985100 0.36774800
v 3.62498400 13.82985100 0.36774800
v 3.61425700 14.01981500 0.42858600
v 3.61425700 14.01981500 0.42858600
v 3.73558700 13.59106400 0.26117700
v 3.73558700 13.59106400 0.26117700
v 3.75437800 13.82985100 0.36774800
v 3.75437800 13.82985100 0.36774800
v 3.76510500 14.01981400 0.42858600
v 3.76510500 14.01981400 0.42858600
v 3.82186100 13.59106400 0.22977600
v 3.82186100 13.59106400 0.22977600
v 3.87596800 13.82985100 0.32349300
v 3.87596800 13.82985100 0.32349300
v 3.90685700 14.01981400 0.37699300
v 3.90685700 14.01981400 0.37699300
v 3.89219200 13.59106400 0.17076100
v 3.89219200 13.59106400 0.17076100
v 3.97509000 13.82985100 0.24032000
v 3.97509000 13.82985100 0.24032000
v 4.02241400 14.01981500 0.28003000
v 4.02241400 14.01981500 0.28003000
v 3.93809800 13.59106400 0.09125000
v 3.93809800 13.59106400 0.09125000
v 4.03978700 13.82985100 0.12826200
v 4.03978700 13.82985100 0.12826200
v 4.09783800 14.01981400 0.14939100
v 4.09783800 14.01981400 0.14939100
v 3.95404100 13.59106400 0.00083400
v 3.95404100 13.59106400 0.00083400
v 4.06225600 13.82985100 0.00083400
v 4.06225600 13.82985100 0.00083400
v 4.12403200 14.01981400 0.00083400
v 4.12403200 14.01981400 0.00083400
v 3.93809800 13.59106400 -0.08958200
v 3.93809800 13.59106400 -0.08958200
v 4.03978700 13.82985100 -0.12659400
v 4.03978700 13.82985100 -0.12659400
v 4.09783800 14.01981400 -0.14772300
v 4.09783800 14.01981400 -0.14772300
v 3.89219200 13.59106400 -0.16909300
v 3.89219200 13.59106400 -0.16909300
v 3.97509000 13.82985000 -0.23865200
v 3.97509000 13.82985000 -0.23865200
v 4.02241400 14.01981400 -0.27836100
v 4.02241400 14.01981400 -0.27836100
v 3.82186100 13.59106400 -0.22810800
v 3.82186100 13.59106400 -0.22810800
v 3.87596900 13.82985100 -0.32182500
v 3.87596900 13.82985100 -0.32182500
v 3.90685700 14.01981400 -0.37532500
v 3.90685700 14.01981400 -0.37532500
v 3.73558700 13.59106400 -0.25950900
v 3.73558700 13.59106400 -0.25950900
v 3.73558700 13.59106400 -0.25950900
v 3.73558700 13.59106400 -0.25950900
v 3.75437900 13.82985100 -0.36608000
v 3.75437900 13.82985100 -0.36608000
v 3.75437900 13.82985100 -0.36608000
v 3.75437900 13.82985100 -0.36608000
v 3.76510600 14.01981400 -0.42691800
v 3.76510600 14.01981400 -0.42691800
v 3.76510600 14.01981400 -0.42691800
v 3.76510600 14.01981400 -0.42691800
v 3.64377600 13.59106400 -0.25950900
v 3.64377600 13.59106400 -0.25950900
v 3.62498500 13.82985100 -0.36608000
v 3.62498500 13.82985100 -0.36608000
v 3.61425800 14.01981400 -0.42691900
v 3.61425800 14.01981400 -0.42691900
v 3.55750200 13.59106400 -0.22810800
v 3.55750200 13.59106400 -0.22810800
v 3.50339400 13.82985100 -0.32182500
v 3.50339400 13.82985100 -0.32182500
v 3.47250600 14.01981400 -0.37532600
v 3.47250600 14.01981400 -0.37532600
v 3.48717100 13.59106400 -0.16909300
v 3.48717100 13.59106400 -0.16909300
v 3.40427300 13.82985100 -0.23865300
v 3.40427300 13.82985100 -0.23865300
v 3.35694900 14.01981400 -0.27836200
v 3.35694900 14.01981400 -0.27836200
v 3.44126500 13.59106400 -0.08958200
v 3.44126500 13.59106400 -0.08958200
v 3.35641200 13.78433500 -0.12046700
v 3.35641200 13.78433500 -0.12046700
v 3.28152500 14.01981400 -0.14772300
v 3.28152500 14.01981400 -0.14772300
v 3.23630800 14.01086800 0.00083400
v 3.23630800 14.01086800 0.00083400
v 3.26364900 14.01086800 0.15589700
v 3.26364900 14.01086800 0.15589700
v 3.34237700 14.01086800 0.29225700
v 3.34237700 14.01086800 0.29225700
v 3.46299400 14.01086800 0.39346700
v 3.46299400 14.01086800 0.39346700
v 3.61095400 14.01086800 0.44732000
v 3.61095400 14.01086800 0.44732000
v 3.76840900 14.01086800 0.44732000
v 3.76840900 14.01086800 0.44732000
v 3.91636800 14.01086800 0.39346700
v 3.91636800 14.01086800 0.39346700
v 4.03698500 14.01086800 0.29225700
v 4.03698500 14.01086800 0.29225700
v 4.11571300 14.01086800 0.15589700
v 4.11571300 14.01086800 0.15589700
v 4.14305500 14.01086800 0.00083400
v 4.14305500 14.01086800 0.00083400
v 4.11571400 14.01086800 -0.15422900
v 4.11571400 14.01086800 -0.15422900
v 4.03698600 14.01086700 -0.29058900
v 4.03698600 14.01086700 -0.29058900
v 3.91636800 14.01086800 -0.39179900
v 3.91636800 14.01086800 -0.39179900
v 3.76840900 14.01086800 -0.44565200
v 3.76840900 14.01086800 -0.44565200
v 3.76840900 14.01086800 -0.44565200
v 3.76840900 14.01086800 -0.44565200
v 3.61095400 14.01086800 -0.44565200
v 3.61095400 14.01086800 -0.44565200
v 3.46299500 14.01086800 -0.39180000
v 3.46299500 14.01086800 -0.39180000
v 3.34237700 14.01086800 -0.29058900
v 3.34237700 14.01086800 -0.29058900
v 3.26365000 14.01086800 -0.15423000
v 3.26365000 14.01086800 -0.15423000
v 3.25066800 14.05875500 0.16062100
v 3.25066800 14.05875500 0.16062100
v 3.22249300 14.05875400 0.00083400
v 3.22249300 14.05875400 0.00083400
v 3.25066900 14.05875400 -0.15895400
v 3.25066900 14.05875400 -0.15895400
v 3.33179500 14.05875400 -0.29946900
v 3.33179500 14.05875400 -0.29946900
v 3.45608800 14.05875400 -0.40376300
v 3.45608800 14.05875400 -0.40376300
v 3.60855600 14.05875400 -0.45925700
v 3.60855600 14.05875400 -0.45925700
v 3.77080800 14.05875400 -0.45925600
v 3.77080800 14.05875400 -0.45925600
v 3.77080800 14.05875400 -0.45925600
v 3.77080800 14.05875400 -0.45925600
v 3.92327600 14.05875400 -0.40376300
v 3.92327600 14.05875400 -0.40376300
v 4.04756800 14.05875400 -0.29946900
v 4.04756800 14.05875400 -0.29946900
v 4.12869500 14.05875400 -0.15895400
v 4.12869500 14.05875400 -0.15895400
v 4.15686900 14.05875400 0.00083400
v 4.15686900 14.05875400 0.00083400
v 4.12869500 14.05875500 0.16062200
v 4.12869500 14.05875500 0.16062200
v 4.04756800 14.05875500 0.30113700
v 4.04756800 14.05875500 0.30113700
v 3.92327500 14.05875500 0.40543100
v 3.92327500 14.05875500 0.40543100
v 3.77080800 14.05875500 0.46092400
v 3.77080800 14.05875500 0.46092400
v 3.60855500 14.05875500 0.46092400
v 3.60855500 14.05875500 0.46092400
v 3.45608700 14.05875500 0.40543000
v 3.45608700 14.05875500 0.40543000
v 3.33179500 14.05875500 0.30113600
v 3.33179500 14.05875500 0.30113600
v 3.31693300 13.77272600 0.00083400
v 3.31693300 13.77272600 0.00083400
v 3.33941200 13.77272600 0.12832100
v 3.33941200 13.77272600 0.12832100
v 3.40414000 13.77272600 0.24043200
v 3.40414000 13.77272600 0.24043200
v 3.50330700 13.77272600 0.32364400
v 3.50330700 13.77272600 0.32364400
v 3.62495400 13.77272600 0.36792000
v 3.62495400 13.77272600 0.36792000
v 3.75440800 13.77272600 0.36792000
v 3.75440800 13.77272600 0.36792000
v 3.87605500 13.77272600 0.32364400
v 3.87605500 13.77272600 0.32364400
v 3.97522300 13.77272600 0.24043200
v 3.97522300 13.77272600 0.24043200
v 4.03995000 13.77272600 0.12832200
v 4.03995000 13.77272600 0.12832200
v 4.06243000 13.77272600 0.00083400
v 4.06243000 13.77272600 0.00083400
v 4.03995000 13.77272600 -0.12665300
v 4.03995000 13.77272600 -0.12665300
v 3.97522400 13.77272600 -0.23876400
v 3.97522400 13.77272600 -0.23876400
v 3.87605600 13.77272600 -0.32197500
v 3.87605600 13.77272600 -0.32197500
v 3.75440900 13.77272600 -0.36625100
v 3.75440900 13.77272600 -0.36625100
v 3.75440900 13.77272600 -0.36625100
v 3.75440900 13.77272600 -0.36625100
v 3.62495500 13.77272600 -0.36625200
v 3.62495500 13.77272600 -0.36625200
v 3.50330700 13.77272600 -0.32197600
v 3.50330700 13.77272600 -0.32197600
v 3.40414000 13.77272600 -0.23876400
v 3.40414000 13.77272600 -0.23876400
v 3.33941200 13.77272600 -0.12665400
v 3.33941200 13.77272600 -0.12665400
v 3.32257700 13.81824200 0.13444900
v 3.32257700 13.81824200 0.13444900
v 3.29901700 13.81824200 0.00083400
v 3.29901700 13.81824200 0.00083400
v 3.32257700 13.81824100 -0.13278200
v 3.32257700 13.81824100 -0.13278200
v 3.39041500 13.81824100 -0.25028100
v 3.39041500 13.81824100 -0.25028100
v 3.49434900 13.81824100 -0.33749200
v 3.49434900 13.81824100 -0.33749200
v 3.62184300 13.81824100 -0.38389600
v 3.62184300 13.81824100 -0.38389600
v 3.75752000 13.81824100 -0.38389600
v 3.75752000 13.81824100 -0.38389600
v 3.75752000 13.81824100 -0.38389600
v 3.75752000 13.81824100 -0.38389600
v 3.88501400 13.81824100 -0.33749100
v 3.88501400 13.81824100 -0.33749100
v 3.98894800 13.81824100 -0.25028000
v 3.98894800 13.81824100 -0.25028000
v 4.05678600 13.81824200 -0.13278100
v 4.05678600 13.81824200 -0.13278100
v 4.08034600 13.81824200 0.00083400
v 4.08034600 13.81824200 0.00083400
v 4.05678600 13.81824200 0.13444900
v 4.05678600 13.81824200 0.13444900
v 3.98894800 13.81824200 0.25194900
v 3.98894800 13.81824200 0.25194900
v 3.88501400 13.81824200 0.33916000
v 3.88501400 13.81824200 0.33916000
v 3.75751900 13.81824200 0.38556400
v 3.75751900 13.81824200 0.38556400
v 3.62184300 13.81824200 0.38556400
v 3.62184300 13.81824200 0.38556400
v 3.49434900 13.81824200 0.33915900
v 3.49434900 13.81824200 0.33915900
v 3.39041500 13.81824200 0.25194800
v 3.39041500 13.81824200 0.25194800
v 3.42480800 13.57813000 0.09724000
v 3.42480800 13.57813000 0.09724000
v 3.40780900 13.57813000 0.00083400
v 3.40780900 13.57813000 0.00083400
v 3.42480800 13.57813000 -0.09557200
v 3.42480800 13.57813000 -0.09557200
v 3.47375500 13.57813000 -0.18035000
v 3.47375500 13.57813000 -0.18035000
v 3.54874600 13.57813000 -0.24327400
v 3.54874600 13.57813000 -0.24327400
v 3.64073500 13.57813000 -0.27675600
v 3.64073500 13.57813000 -0.27675600
v 3.73862800 13.57813000 -0.27675600
v 3.73862800 13.57813000 -0.27675600
v 3.73862800 13.57813000 -0.27675600
v 3.73862800 13.57813000 -0.27675600
v 3.83061800 13.57813000 -0.24327400
v 3.83061800 13.57813000 -0.24327400
v 3.90560800 13.57813000 -0.18035000
v 3.90560800 13.57813000 -0.18035000
v 3.95455500 13.57813000 -0.09557200
v 3.95455500 13.57813000 -0.09557200
v 3.97155300 13.57813000 0.00083400
v 3.97155300 13.57813000 0.00083400
v 3.95455400 13.57813000 0.09724000
v 3.95455400 13.57813000 0.09724000
v 3.90560800 13.57813000 0.18201800
v 3.90560800 13.57813000 0.18201800
v 3.83061700 13.57813000 0.24494300
v 3.83061700 13.57813000 0.24494300
v 3.73862800 13.57813000 0.27842400
v 3.73862800 13.57813000 0.27842400
v 3.64073500 13.57813000 0.27842400
v 3.64073500 13.57813000 0.27842400
v 3.54874500 13.57813000 0.24494300
v 3.54874500 13.57813000 0.24494300
v 3.47375500 13.57813000 0.18201800
v 3.47375500 13.57813000 0.18201800
v 3.42783600 13.53392300 0.00083400
v 3.42783600 13.53392300 0.00083400
v 3.44362700 13.53392300 0.09039100
v 3.44362700 13.53392300 0.09039100
v 3.48909600 13.53392300 0.16914500
v 3.48909600 13.53392300 0.16914500
v 3.55875800 13.53392300 0.22759900
v 3.55875800 13.53392300 0.22759900
v 3.64421200 13.53392300 0.25870200
v 3.64421200 13.53392300 0.25870200
v 3.73515000 13.53392300 0.25870200
v 3.73515000 13.53392300 0.25870200
v 3.82060400 13.53392300 0.22759900
v 3.82060400 13.53392300 0.22759900
v 3.89026700 13.53392300 0.16914500
v 3.89026700 13.53392300 0.16914500
v 3.93573600 13.53392300 0.09039100
v 3.93573600 13.53392300 0.09039100
v 3.95152700 13.53392300 0.00083400
v 3.95152700 13.53392300 0.00083400
v 3.93573600 13.53392300 -0.08872200
v 3.93573600 13.53392300 -0.08872200
v 3.89026700 13.53392300 -0.16747700
v 3.89026700 13.53392300 -0.16747700
v 3.82060400 13.53392300 -0.22593100
v 3.82060400 13.53392300 -0.22593100
v 3.73515100 13.53392300 -0.25703300
v 3.73515100 13.53392300 -0.25703300
v 3.73515100 13.53392300 -0.25703300
v 3.73515100 13.53392300 -0.25703300
v 3.64421200 13.53392300 -0.25703300
v 3.64421200 13.53392300 -0.25703300
v 3.55875900 13.53392300 -0.22593100
v 3.55875900 13.53392300 -0.22593100
v 3.48909600 13.53392300 -0.16747700
v 3.48909600 13.53392300 -0.16747700
v 3.44362700 13.53392300 -0.08872300
v 3.44362700 13.53392300 -0.08872300
v 3.26254400 14.06516600 0.00083400
v 3.26254400 14.06516600 0.00083400
v 3.28830300 14.06516600 0.14692300
v 3.28830300 14.06516600 0.14692300
v 3.36247500 14.06516600 0.27539200
v 3.36247500 14.06516600 0.27539200
v 3.47611200 14.06516600 0.37074600
v 3.47611200 14.06516600 0.37074600
v 3.61551000 14.06516600 0.42148200
v 3.61551000 14.06516600 0.42148200
v 3.76385300 14.06516600 0.42148200
v 3.76385300 14.06516600 0.42148200
v 3.90325000 14.06516600 0.37074600
v 3.90325000 14.06516600 0.37074600
v 4.01688800 14.06516600 0.27539300
v 4.01688800 14.06516600 0.27539300
v 4.09105900 14.06516600 0.14692400
v 4.09105900 14.06516600 0.14692400
v 4.11681900 14.06516600 0.00083400
v 4.11681900 14.06516600 0.00083400
v 4.09106000 14.06516600 -0.14525600
v 4.09106000 14.06516600 -0.14525600
v 4.01688800 14.06516500 -0.27372400
v 4.01688800 14.06516500 -0.27372400
v 3.90325000 14.06516600 -0.36907800
v 3.90325000 14.06516600 -0.36907800
v 3.76385400 14.06516600 -0.41981400
v 3.76385400 14.06516600 -0.41981400
v 3.76385400 14.06516600 -0.41981400
v 3.76385400 14.06516600 -0.41981400
v 3.61551000 14.06516600 -0.41981500
v 3.61551000 14.06516600 -0.41981500
v 3.47611300 14.06516600 -0.36907800
v 3.47611300 14.06516600 -0.36907800
v 3.36247500 14.06516600 -0.27372500
v 3.36247500 14.06516600 -0.27372500
v 3.28830400 14.06516600 -0.14525600
v 3.28830400 14.06516600 -0.14525600
v 3.30647300 14.07128200 0.14031000
v 3.30647300 14.07128200 0.14031000
v 3.28188000 14.07128200 0.00083400
v 3.28188000 14.07128200 0.00083400
v 3.30647400 14.07128200 -0.13864300
v 3.30647400 14.07128200 -0.13864300
v 3.37728800 14.07128200 -0.26129600
v 3.37728800 14.07128200 -0.26129600
v 3.48578100 14.07128200 -0.35233300
v 3.48578100 14.07128200 -0.35233300
v 3.61886800 14.07128200 -0.40077200
v 3.61886800 14.07128200 -0.40077200
v 3.76049600 14.07128200 -0.40077200
v 3.76049600 14.07128200 -0.40077200
v 3.76049600 14.07128200 -0.40077200
v 3.76049600 14.07128200 -0.40077200
v 3.89358200 14.07128200 -0.35233300
v 3.89358200 14.07128200 -0.35233300
v 4.00207500 14.07128200 -0.26129500
v 4.00207500 14.07128200 -0.26129500
v 4.07289000 14.07128200 -0.13864200
v 4.07289000 14.07128200 -0.13864200
v 4.09748300 14.07128200 0.00083400
v 4.09748300 14.07128200 0.00083400
v 4.07288900 14.07128200 0.14031000
v 4.07288900 14.07128200 0.14031000
v 4.00207500 14.07128200 0.26296400
v 4.00207500 14.07128200 0.26296400
v 3.89358200 14.07128200 0.35400000
v 3.89358200 14.07128200 0.35400000
v 3.76049500 14.07128300 0.40244000
v 3.76049500 14.07128300 0.40244000
v 3.61886700 14.07128300 0.40244000
v 3.61886700 14.07128300 0.40244000
v 3.48578000 14.07128200 0.35400000
v 3.48578000 14.07128200 0.35400000
v 3.37728700 14.07128200 0.26296300
v 3.37728700 14.07128200 0.26296300
v 3.27584900 14.09034700 0.00083400
v 3.27584900 14.09034700 0.00083400
v 3.30080600 14.09034700 0.14237300
v 3.30080600 14.09034700 0.14237300
v 3.37266700 14.09034700 0.26684000
v 3.37266700 14.09034700 0.26684000
v 3.48276500 14.09034700 0.35922300
v 3.48276500 14.09034700 0.35922300
v 3.61782000 14.09034700 0.40837900
v 3.61782000 14.09034700 0.40837900
v 3.76154300 14.09034700 0.40837900
v 3.76154300 14.09034700 0.40837900
v 3.89659800 14.09034700 0.35922300
v 3.89659800 14.09034700 0.35922300
v 4.00669500 14.09034700 0.26684000
v 4.00669500 14.09034700 0.26684000
v 4.07855700 14.09034700 0.14237300
v 4.07855700 14.09034700 0.14237300
v 4.10351400 14.09034700 0.00083400
v 4.10351400 14.09034700 0.00083400
v 4.07855700 14.09034600 -0.14070500
v 4.07855700 14.09034600 -0.14070500
v 4.00669600 14.09034600 -0.26517200
v 4.00669600 14.09034600 -0.26517200
v 3.89659800 14.09034600 -0.35755600
v 3.89659800 14.09034600 -0.35755600
v 3.76154300 14.09034600 -0.40671200
v 3.76154300 14.09034600 -0.40671200
v 3.76154300 14.09034600 -0.40671200
v 3.76154300 14.09034600 -0.40671200
v 3.61782100 14.09034600 -0.40671200
v 3.61782100 14.09034600 -0.40671200
v 3.48276500 14.09034600 -0.35755600
v 3.48276500 14.09034600 -0.35755600
v 3.37266800 14.09034600 -0.26517300
v 3.37266800 14.09034600 -0.26517300
v 3.30080600 14.09034600 -0.14070600
v 3.30080600 14.09034600 -0.14070600
v 3.54872700 13.11056800 0.05213700
v 3.53968100 13.11056800 0.00083400
v 3.54872800 13.11056800 -0.05046900
v 3.57477500 13.11056800 -0.09558400
v 3.61468100 13.11056800 -0.12906900
v 3.66363400 13.11056800 -0.14688700
v 3.71572900 13.11056800 -0.14688700
v 3.71572900 13.11056800 -0.14688700
v 3.76468100 13.11056800 -0.12906900
v 3.80458800 13.11056800 -0.09558400
v 3.83063500 13.11056800 -0.05046800
v 3.83968100 13.11056800 0.00083500
v 3.83063500 13.11056800 0.05213800
v 3.80458800 13.11056800 0.09725300
v 3.76468100 13.11056800 0.13073800
v 3.71572900 13.11056800 0.14855600
v 3.66363400 13.11056800 0.14855600
v 3.61468100 13.11056800 0.13073800
v 3.57477500 13.11056800 0.09725300
v 3.46423000 13.13955300 0.07177400
v 3.48923000 13.13955300 0.06507500
v 3.51423000 13.13955300 0.07177400
v 3.53253100 13.13955300 0.09007500
v 3.53253100 13.13955300 0.09007500
v 3.53923000 13.13955300 0.11507500
v 3.53253100 13.13955300 0.14007500
v 3.51423000 13.13955300 0.15837600
v 3.48922900 13.13955300 0.16507500
v 3.46423000 13.13955300 0.15837600
v 3.44592800 13.13955300 0.14007500
v 3.43922900 13.13955300 0.11507500
v 3.44592800 13.13955300 0.09007500
v 3.44592800 13.28955400 0.14007500
v 3.44592800 13.28955400 0.14007500
v 3.43922900 13.28955400 0.11507500
v 3.43922900 13.28955400 0.11507500
v 3.46423000 13.28955400 0.15837600
v 3.46423000 13.28955400 0.15837600
v 3.48923000 13.28955400 0.16507500
v 3.48923000 13.28955400 0.16507500
v 3.51423000 13.28955400 0.15837600
v 3.51423000 13.28955400 0.15837600
v 3.53253100 13.28955400 0.14007500
v 3.53253100 13.28955400 0.14007500
v 3.53923000 13.28955400 0.11507500
v 3.53923000 13.28955400 0.11507500
v 3.53253100 13.28955400 0.09007500
v 3.53253100 13.28955400 0.09007500
v 3.53253100 13.28955400 0.09007500
v 3.53253100 13.28955400 0.09007500
v 3.51423000 13.28955400 0.07177400
v 3.51423000 13.28955400 0.07177400
v 3.48923000 13.28955400 0.06507500
v 3.48923000 13.28955400 0.06507500
v 3.46423000 13.28955400 0.07177400
v 3.46423000 13.28955400 0.07177400
v 3.44592800 13.28955400 0.09007500
v 3.44592800 13.28955400 0.09007500
v 3.52636000 13.28955400 0.13250500
v 3.52636000 13.28955400 0.13250500
v 3.52973500 13.28955400 0.11201000
v 3.52973500 13.28955400 0.11201000
v 3.52242700 13.28955400 0.09261300
v 3.52242700 13.28955400 0.09261300
v 3.52242700 13.28955400 0.09261300
v 3.52242700 13.28955400 0.09261300
v 3.50639500 13.28955400 0.07951000
v 3.50639500 13.28955400 0.07951000
v 3.48593400 13.28955400 0.07621300
v 3.48593400 13.28955400 0.07621300
v 3.47273800 13.28955400 0.15293800
v 3.47273800 13.28955400 0.15293800
v 3.45666400 13.28955400 0.13985200
v 3.45666400 13.28955400 0.13985200
v 3.49336300 13.28955400 0.15617000
v 3.49336300 13.28955400 0.15617000
v 3.51301100 13.28955400 0.14868200
v 3.51301100 13.28955400 0.14868200
v 3.46642600 13.28955400 0.08364500
v 3.46642600 13.28955400 0.08364500
v 3.45301900 13.28955400 0.09984500
v 3.45301900 13.28955400 0.09984500
v 3.44944600 13.28955400 0.12041900
v 3.44944600 13.28955400 0.12041900
v 3.49446400 13.33462900 0.15350400
v 3.51376800 13.33604000 0.14608400
v 3.48747000 13.37579100 0.15421100
v 3.50614200 13.38096900 0.14685700
v 3.47140600 13.41716100 0.15855600
v 3.48797100 13.42768600 0.15177500
v 3.43870000 13.46312000 0.16956000
v 3.45348900 13.47622300 0.16336900
v 3.40243000 13.51036600 0.18168000
v 3.41806400 13.52234200 0.17520900
v 3.37996300 13.55596700 0.18740400
v 3.39905400 13.56037600 0.18011200
v 3.37953200 13.59589600 0.18338200
v 3.39874600 13.59093900 0.17703000
v 3.39407500 13.62987700 0.17278600
v 3.40992000 13.61695600 0.16890700
v 3.43988800 13.66669900 0.14684800
v 3.44998300 13.64863000 0.14628900
v 3.41526000 13.68612100 0.12202400
v 3.42717900 13.68042200 0.13796700
v 3.37667500 13.63940300 0.16661000
v 3.36238400 13.64298200 0.15203600
v 3.35938800 13.59893800 0.17922100
v 3.34371400 13.59924800 0.16566100
v 3.35992100 13.55136800 0.18401000
v 3.34429900 13.54781100 0.17083800
v 3.38522400 13.49956000 0.17761000
v 3.37105700 13.49281900 0.16409200
v 3.42216200 13.45142200 0.16527100
v 3.40830500 13.44426500 0.15165000
v 3.45335000 13.40766900 0.15477200
v 3.43863900 13.40175400 0.14143600
v 3.46761700 13.37085600 0.15091400
v 3.45190400 13.36749000 0.13785000
v 3.47406500 13.33294700 0.15026300
v 3.45803700 13.33144400 0.13723200
v 3.45067600 13.33052300 0.11790100
v 3.45395300 13.33043200 0.09745000
v 3.46699000 13.33119400 0.08136000
v 3.48629500 13.33260400 0.07394000
v 3.50669500 13.33428700 0.07718100
v 3.49851200 13.38255100 0.07801000
v 3.47865900 13.37761700 0.07471300
v 3.47832200 13.43436200 0.08347700
v 3.46026600 13.42487000 0.07969300
v 3.44218000 13.48531500 0.09562300
v 3.42564200 13.47361800 0.09133400
v 3.40790800 13.52989700 0.10708300
v 3.39070200 13.51909100 0.10301400
v 3.39290900 13.55914700 0.11103300
v 3.37286700 13.55454700 0.10763800
v 3.39274600 13.57855000 0.10907200
v 3.37260300 13.58159300 0.10491000
v 3.39987600 13.59500800 0.10391700
v 3.38247700 13.60453400 0.09774100
v 3.43307900 13.62053100 0.08525800
v 3.42037000 13.63425400 0.07637700
v 3.44499800 13.61483200 0.10120100
v 3.44499800 13.61483200 0.10120100
v 3.45293300 13.61868400 0.11993400
v 3.45475700 13.63105500 0.13643700
v 3.42152000 13.59475800 0.13756000
v 3.41996600 13.60410100 0.15601300
v 3.41542600 13.58074500 0.14195600
v 3.41188500 13.58539200 0.16186800
v 3.41554700 13.56426500 0.14362400
v 3.41207900 13.56341400 0.16408800
v 3.42940700 13.53751000 0.13994600
v 3.42793800 13.53227700 0.15993400
v 3.46349800 13.49317000 0.12854500
v 3.46256600 13.48722300 0.14835600
v 3.50045700 13.44103100 0.11612700
v 3.49860400 13.43642200 0.13624400
v 3.52158900 13.38681600 0.11040500
v 3.51863100 13.38500400 0.13082300
v 3.53008300 13.33671000 0.10954300
v 3.52680600 13.33680200 0.12999400
v 3.52272200 13.33579000 0.09021200
v 3.52272200 13.33579000 0.09021200
v 3.51422500 13.38591800 0.09107400
v 3.51422500 13.38591800 0.09107400
v 3.49303300 13.44027800 0.09681300
v 3.49303300 13.44027800 0.09681300
v 3.45603700 13.49247200 0.10924400
v 3.45603700 13.49247200 0.10924400
v 3.42207500 13.53663900 0.12060100
v 3.42207500 13.53663900 0.12060100
v 3.40853100 13.56270400 0.12420500
v 3.40853100 13.56270400 0.12420500
v 3.40842100 13.57824000 0.12263200
v 3.40842100 13.57824000 0.12263200
v 3.41416700 13.59143000 0.11849100
v 3.41416700 13.59143000 0.11849100
v 3.41027500 13.65232300 0.07693700
v 3.40550100 13.66989800 0.08678800
v 3.40732600 13.68226900 0.10329100
v 3.35503100 13.63965400 0.13296700
v 3.35658500 13.63031100 0.11451400
v 3.33670900 13.59674400 0.14633700
v 3.34025000 13.59209600 0.12642500
v 3.33728200 13.54624800 0.15141900
v 3.34075100 13.54710100 0.13095500
v 3.36372500 13.49194700 0.14474700
v 3.36519300 13.49718100 0.12476000
v 3.40084400 13.44356700 0.13234900
v 3.40177600 13.44951400 0.11253800
v 3.43121500 13.40100000 0.12212200
v 3.43306800 13.40560900 0.10200500
v 3.44454000 13.36659100 0.11851900
v 3.44749800 13.36840200 0.09810100
v 3.45998700 13.37243800 0.08206700
v 3.44370100 13.41434700 0.08647400
v 3.41085300 13.46051400 0.09752500
v 3.37506700 13.50711600 0.10948400
v 3.35377600 13.55013800 0.11493000
v 3.35338900 13.58655000 0.11126200
v 3.36663100 13.61745600 0.10162000
v 3.44811900 13.71305800 0.18173100
v 3.44885500 13.70932900 0.19410200
v 3.44988400 13.69992200 0.20292900
v 3.45092800 13.68735800 0.20584900
v 3.45171000 13.67500300 0.20207800
v 3.45201800 13.66616800 0.19262700
v 3.45177100 13.66322000 0.18002800
v 3.45103500 13.66694900 0.16765800
v 3.45103500 13.66694900 0.16765800
v 3.45000700 13.67635600 0.15883100
v 3.44896200 13.68892000 0.15591200
v 3.44818100 13.70127500 0.15968200
v 3.44787200 13.71011000 0.16913300
v 3.34916800 13.69498300 0.18150400
v 3.34967500 13.69120600 0.19387200
v 3.35254500 13.68220700 0.20273000
v 3.35700900 13.67039900 0.20570700
v 3.36187100 13.65894500 0.20200300
v 3.36582800 13.65091400 0.19261400
v 3.36782000 13.64845800 0.18005200
v 3.36731300 13.65223600 0.16768500
v 3.36731300 13.65223600 0.16768500
v 3.36444300 13.66123500 0.15882600
v 3.35997900 13.67304300 0.15584900
v 3.35511800 13.68449700 0.15955200
v 3.35116000 13.69252800 0.16894200
v 3.29918700 13.66492900 0.17379400
v 3.29948000 13.66101900 0.18612700
v 3.30415700 13.65312300 0.19526800
v 3.31196600 13.64335400 0.19877000
v 3.32081300 13.63433200 0.19569200
v 3.32832900 13.62847300 0.18686100
v 3.33250000 13.62734800 0.17464100
v 3.33220700 13.63125800 0.16230700
v 3.33220700 13.63125800 0.16230700
v 3.32753000 13.63915400 0.15316600
v 3.31972100 13.64892300 0.14966500
v 3.31087400 13.65794600 0.15274300
v 3.30335800 13.66380400 0.16157400
v 3.26549100 13.62000800 0.15963100
v 3.26557800 13.61581800 0.17187500
v 3.27163100 13.60976000 0.18159800
v 3.28202900 13.60345700 0.18619300
v 3.29398600 13.59859900 0.18442800
v 3.30429700 13.59648600 0.17677900
v 3.31020100 13.59768600 0.16529400
v 3.31011400 13.60187500 0.15305000
v 3.31011400 13.60187500 0.15305000
v 3.30406100 13.60793400 0.14332700
v 3.29366300 13.61423700 0.13873300
v 3.28170600 13.61909500 0.14049600
v 3.27139500 13.62120700 0.14814500
v 3.25301400 13.55968300 0.13765000
v 3.25300600 13.55508600 0.14974800
v 3.25948000 13.55089500 0.16014700
v 3.27069900 13.54823300 0.16606100
v 3.28365800 13.54781300 0.16590600
v 3.29488500 13.54974900 0.15972400
v 3.30137100 13.55352000 0.14917000
v 3.30137800 13.55811700 0.13707200
v 3.30137800 13.55811700 0.13707200
v 3.29490500 13.56230800 0.12667400
v 3.28368600 13.56497000 0.12076000
v 3.27072600 13.56539000 0.12091500
v 3.25950000 13.56345400 0.12709700
v 3.25835400 13.49047600 0.11104600
v 3.25834600 13.48587200 0.12314100
v 3.26474700 13.48273600 0.13394400
v 3.27584200 13.48190800 0.14056100
v 3.28865900 13.48360900 0.14121900
v 3.29976300 13.48738500 0.13574100
v 3.30617900 13.49222200 0.12559600
v 3.30618800 13.49682600 0.11350100
v 3.30618800 13.49682600 0.11350100
v 3.29978700 13.49996200 0.10269900
v 3.28869200 13.50079100 0.09608200
v 3.27587400 13.49908800 0.09542300
v 3.26477100 13.49531400 0.10090100
v 3.27307700 13.41812100 0.08427500
v 3.27300800 13.41381300 0.09647700
v 3.27926500 13.41139600 0.10754700
v 3.29017000 13.41151900 0.11451600
v 3.30280300 13.41414900 0.11551700
v 3.31377600 13.41858200 0.11028200
v 3.32015200 13.42362900 0.10021500
v 3.32022100 13.42793800 0.08801200
v 3.32022100 13.42793800 0.08801200
v 3.31396400 13.43035400 0.07694300
v 3.30305900 13.43023100 0.06997500
v 3.29042700 13.42760100 0.06897300
v 3.27945300 13.42316800 0.07420800
v 3.29173000 13.34735800 0.06090100
v 3.29156000 13.34343100 0.07323100
v 3.29763200 13.34171300 0.08453100
v 3.30831800 13.34266100 0.09177200
v 3.32075600 13.34602400 0.09301500
v 3.33161200 13.35089900 0.08792700
v 3.33797700 13.35598000 0.07787000
v 3.33814700 13.35990500 0.06554100
v 3.33814700 13.35990500 0.06554100
v 3.33207600 13.36162500 0.05424100
v 3.32139000 13.36067600 0.04699900
v 3.30895200 13.35731300 0.04575600
v 3.29809600 13.35243900 0.05084500
v 3.31690300 13.27470300 0.03882200
v 3.31666600 13.27097200 0.05121100
v 3.32252200 13.26987700 0.06270000
v 3.33290200 13.27171100 0.07021100
v 3.34502500 13.27598400 0.07173000
v 3.35564200 13.28154900 0.06685100
v 3.36190900 13.28691600 0.05688200
v 3.36214600 13.29064700 0.04449200
v 3.36214600 13.29064700 0.04449200
v 3.35629000 13.29174100 0.03300200
v 3.34591000 13.28990700 0.02549200
v 3.33378700 13.28563500 0.02397300
v 3.32317000 13.28006900 0.02885200
v 3.34924800 13.19965400 0.01753700
v 3.34893800 13.19609400 0.02997500
v 3.35456000 13.19554100 0.04161900
v 3.36460900 13.19814800 0.04934900
v 3.37639100 13.20321200 0.05109300
v 3.38675000 13.20937800 0.04638500
v 3.39291000 13.21499400 0.03648700
v 3.39322000 13.21855500 0.02404800
v 3.39322000 13.21855500 0.02404800
v 3.38759700 13.21910700 0.01240500
v 3.37754900 13.21650100 0.00467500
v 3.36576700 13.21143600 0.00293100
v 3.35540800 13.20527000 0.00763800
v 3.38856900 13.12249300 -0.00288800
v 3.38819800 13.11905200 0.00958300
v 3.39363500 13.11887100 0.02132400
v 3.40342200 13.12199600 0.02919200
v 3.41493700 13.12759100 0.03107900
v 3.42509500 13.13415700 0.02647800
v 3.43117400 13.13993400 0.01662200
v 3.43154500 13.14337400 0.00415200
v 3.43154500 13.14337400 0.00415200
v 3.42610900 13.14355600 -0.00759000
v 3.41632200 13.14043000 -0.01545800
v 3.40480600 13.13483500 -0.01734500
v 3.39464800 13.12826900 -0.01274400
v 3.62039900 13.39432800 0.20744900
v 3.62039900 13.39432800 0.20744900
v 3.60968100 13.43191500 0.22113000
v 3.60968100 13.43191500 0.22113000
v 3.60968100 13.44624400 0.18165600
v 3.62039900 13.40958200 0.16565900
v 3.64968100 13.36681200 0.19743400
v 3.64968100 13.36681200 0.19743400
v 3.64968100 13.38274400 0.15394900
v 3.68968100 13.35674000 0.19376800
v 3.68968100 13.35674000 0.19376800
v 3.68968100 13.35674000 0.19376800
v 3.68968100 13.35674000 0.19376800
v 3.68968100 13.37292000 0.14966200
v 3.68968100 13.37292000 0.14966200
v 3.72968100 13.36681200 0.19743400
v 3.72968100 13.36681200 0.19743400
v 3.72968100 13.38274400 0.15394900
v 3.75896300 13.39432800 0.20744900
v 3.75896300 13.39432800 0.20744900
v 3.75896300 13.40958200 0.16565900
v 3.76968100 13.43191500 0.22113000
v 3.76968100 13.43191500 0.22113000
v 3.76968100 13.44624400 0.18165600
v 3.75896300 13.46950300 0.23481100
v 3.75896300 13.46950300 0.23481100
v 3.75896300 13.48290500 0.19765300
v 3.72968100 13.49702000 0.24482600
v 3.72968100 13.49702000 0.24482600
v 3.72968100 13.50974500 0.20936400
v 3.68968100 13.50709200 0.24849200
v 3.68968100 13.50709200 0.24849200
v 3.68968100 13.51956700 0.21365000
v 3.64968100 13.49702000 0.24482600
v 3.64968100 13.49702000 0.24482600
v 3.64968100 13.50974500 0.20936300
v 3.62039900 13.46950300 0.23481100
v 3.62039900 13.46950300 0.23481100
v 3.62039900 13.48290600 0.19765300
v 3.64281300 13.40648800 0.21187500
v 3.64281300 13.40648800 0.21187500
v 3.63556300 13.43191500 0.22113000
v 3.63556300 13.43191500 0.22113000
v 3.66262200 13.38787500 0.20510000
v 3.66262200 13.38787500 0.20510000
v 3.68968100 13.38106200 0.20262100
v 3.68968100 13.38106200 0.20262100
v 3.68968100 13.38106200 0.20262100
v 3.68968100 13.38106200 0.20262100
v 3.71674000 13.38787500 0.20510000
v 3.71674000 13.38787500 0.20510000
v 3.73654900 13.40648800 0.21187500
v 3.73654900 13.40648800 0.21187500
v 3.74379900 13.43191500 0.22113000
v 3.74379900 13.43191500 0.22113000
v 3.73654900 13.45734300 0.23038500
v 3.73654900 13.45734300 0.23038500
v 3.71674000 13.47595700 0.23716000
v 3.71674000 13.47595700 0.23716000
v 3.68968100 13.48277000 0.23963900
v 3.68968100 13.48277000 0.23963900
v 3.66262200 13.47595700 0.23716000
v 3.66262200 13.47595700 0.23716000
v 3.64281400 13.45734300 0.23038500
v 3.64281400 13.45734300 0.23038500
v 3.64298100 13.37132900 0.30798700
v 3.64298100 13.37132900 0.30798700
v 3.63556400 13.39940500 0.31044700
v 3.63556400 13.39940500 0.31044700
v 3.64300500 13.42251800 0.32662600
v 3.64300500 13.42251800 0.32662600
v 3.66273300 13.34806500 0.31438800
v 3.66273300 13.34806500 0.31438800
v 3.68972400 13.33882900 0.31868700
v 3.68972400 13.33882900 0.31868700
v 3.68972400 13.33882900 0.31868700
v 3.66277500 13.43621100 0.34648100
v 3.66277500 13.43621100 0.34648100
v 3.68977200 13.44051100 0.35567500
v 3.68977200 13.44051100 0.35567500
v 3.73656000 13.37156100 0.30796600
v 3.73656000 13.37156100 0.30796600
v 3.74379800 13.39942900 0.31040100
v 3.74379800 13.39942900 0.31040100
v 3.71678700 13.43617000 0.34633800
v 3.71678700 13.43617000 0.34633800
v 3.68984800 13.44441400 0.36404700
v 3.71680100 13.44442300 0.36403500
v 3.71674500 13.34811700 0.31434900
v 3.71674500 13.34811700 0.31434900
v 3.71669300 13.33049100 0.32256800
v 3.68974100 13.33048200 0.32257900
v 3.66278800 13.33047500 0.32259000
v 3.64302800 13.33046900 0.32259800
v 3.62427500 13.33046300 0.32260600
v 3.62427600 13.36330300 0.30729300
v 3.52854000 13.33043600 0.32264600
v 3.52854000 13.33043600 0.32264600
v 3.62427500 13.30968000 0.35228800
v 3.62427500 13.30968000 0.35228800
v 3.52841900 13.30965200 0.35232800
v 3.52841900 13.30965200 0.35232800
v 3.52841900 13.30965200 0.35232800
v 3.52841900 13.30965200 0.35232800
v 3.62427400 13.30652200 0.38838500
v 3.52831400 13.30649400 0.38842400
v 3.52831400 13.30649400 0.38842400
v 3.62427400 13.32183600 0.42122400
v 3.52825400 13.32180800 0.42126400
v 3.52825400 13.32180800 0.42126400
v 3.62427400 13.35151800 0.44200800
v 3.52825500 13.35148900 0.44204800
v 3.52825500 13.35148900 0.44204800
v 3.62427400 13.38761400 0.44516600
v 3.52831600 13.38758600 0.44520600
v 3.52831600 13.38758600 0.44520600
v 3.62427500 13.42045400 0.42985200
v 3.52842100 13.42042500 0.42989200
v 3.52842100 13.42042500 0.42989200
v 3.62427500 13.44123700 0.40017100
v 3.52854300 13.44120900 0.40021000
v 3.52854300 13.44120900 0.40021000
v 3.62427600 13.44439500 0.36407400
v 3.52864700 13.44436700 0.36411300
v 3.52864700 13.44436700 0.36411300
v 3.62427600 13.42908200 0.33123400
v 3.52870800 13.42905400 0.33127400
v 3.52870800 13.42905400 0.33127400
v 3.66279000 13.44124900 0.40015500
v 3.66289500 13.44440700 0.36405800
v 3.64313600 13.44440100 0.36406600
v 3.64303100 13.44124300 0.40016300
v 3.68974300 13.44125700 0.40014300
v 3.66266900 13.42046500 0.42983600
v 3.68962200 13.42047300 0.42982500
v 3.66256400 13.38762600 0.44515000
v 3.68951600 13.38763300 0.44513900
v 3.66250200 13.35152800 0.44199200
v 3.68945500 13.35153700 0.44198100
v 3.66250200 13.32184700 0.42120900
v 3.68945400 13.32185500 0.42119700
v 3.66256200 13.30653400 0.38836900
v 3.68951400 13.30654100 0.38835800
v 3.66266600 13.30969100 0.35227200
v 3.66266600 13.30969100 0.35227200
v 3.68961900 13.30969900 0.35226100
v 3.68961900 13.30969900 0.35226100
v 3.64280200 13.30652800 0.38837700
v 3.64290700 13.30968600 0.35228000
v 3.64290700 13.30968600 0.35228000
v 3.71657200 13.30970800 0.35225000
v 3.71657200 13.30970800 0.35225000
v 3.71646700 13.30654900 0.38834600
v 3.73633100 13.30971300 0.35224100
v 3.73633100 13.30971300 0.35224100
v 3.73622600 13.30655500 0.38833800
v 3.73616600 13.32186900 0.42117800
v 3.71640700 13.32186300 0.42118600
v 3.73616700 13.35155000 0.44196100
v 3.71640800 13.35154400 0.44196900
v 3.73622800 13.38764700 0.44511900
v 3.71646900 13.38764100 0.44512700
v 3.73633400 13.42048600 0.42980600
v 3.71657400 13.42048100 0.42981400
v 3.73645500 13.44127000 0.40012400
v 3.71669600 13.44126400 0.40013200
v 3.73656000 13.44442800 0.36402700
v 3.75791400 13.44127700 0.40011500
v 3.75791400 13.42049300 0.42979700
v 3.81548300 13.42051000 0.42977300
v 3.81548300 13.42051000 0.42977300
v 3.81560400 13.44129400 0.40009100
v 3.81560400 13.44129400 0.40009100
v 3.81548500 13.43381200 0.44564500
v 3.81548500 13.43381200 0.44564500
v 3.81560100 13.46075000 0.40718600
v 3.81560100 13.46075000 0.40718600
v 3.81570100 13.46484700 0.36040800
v 3.81570100 13.46484700 0.36040800
v 3.81570900 13.44445100 0.36399400
v 3.81570900 13.44445100 0.36399400
v 3.81575900 13.44500200 0.31784700
v 3.81575900 13.44500200 0.31784700
v 3.81576900 13.42913800 0.33115400
v 3.81576900 13.42913800 0.33115400
v 3.81575800 13.40653400 0.29091400
v 3.81575800 13.40653400 0.29091400
v 3.81576800 13.39945700 0.31037100
v 3.81576800 13.39945700 0.31037100
v 3.83002900 13.44500400 0.31783900
v 3.83002900 13.44500400 0.31783900
v 3.83002800 13.40654300 0.29090800
v 3.83002800 13.40654300 0.29090800
v 3.82997000 13.35976900 0.28681600
v 3.82997000 13.35976900 0.28681600
v 3.81570000 13.35975600 0.28682600
v 3.81570000 13.35975600 0.28682600
v 3.82986900 13.31721500 0.30665900
v 3.82986900 13.31721500 0.30665900
v 3.81559900 13.31720400 0.30667600
v 3.81559900 13.31720400 0.30667600
v 3.82975300 13.29028400 0.34512100
v 3.82975300 13.29028400 0.34512100
v 3.82975300 13.29028400 0.34512100
v 3.82975300 13.29028400 0.34512100
v 3.81548300 13.29027800 0.34514000
v 3.81548300 13.29027800 0.34514000
v 3.81548300 13.29027800 0.34514000
v 3.81548300 13.29027800 0.34514000
v 3.82965300 13.28619200 0.39189500
v 3.82965300 13.28619200 0.39189500
v 3.81538300 13.28619200 0.39190900
v 3.81538300 13.28619200 0.39190900
v 3.82959500 13.30603500 0.43444800
v 3.82959500 13.30603500 0.43444800
v 3.81532500 13.30603300 0.43445600
v 3.81532500 13.30603300 0.43445600
v 3.82959600 13.34449600 0.46137900
v 3.82959600 13.34449600 0.46137900
v 3.81532600 13.34448800 0.46138500
v 3.81532600 13.34448800 0.46138500
v 3.82965400 13.39127000 0.46547100
v 3.82965400 13.39127000 0.46547100
v 3.81538500 13.39125700 0.46548100
v 3.81538500 13.39125700 0.46548100
v 3.82975500 13.43382400 0.44562800
v 3.82975500 13.43382400 0.44562800
v 3.82965600 13.39216700 0.47057000
v 3.82965600 13.39216700 0.47057000
v 3.82975500 13.43714900 0.44959600
v 3.82975500 13.43714900 0.44959600
v 3.82987000 13.46561800 0.40894000
v 3.82987000 13.46561800 0.40894000
v 3.82987100 13.46075400 0.40716700
v 3.82987100 13.46075400 0.40716700
v 3.82996900 13.46994600 0.35949600
v 3.82996900 13.46994600 0.35949600
v 3.82997100 13.46484700 0.36039300
v 3.82997100 13.46484700 0.36039300
v 3.83002600 13.44897000 0.31451300
v 3.83002600 13.44897000 0.31451300
v 3.85103800 13.46995200 0.35947300
v 3.85103800 13.46995200 0.35947300
v 3.85109600 13.44897400 0.31450000
v 3.85109600 13.44897400 0.31450000
v 3.85109500 13.40832400 0.28603600
v 3.85109500 13.40832400 0.28603600
v 3.83002500 13.40831200 0.28604400
v 3.83002500 13.40831200 0.28604400
v 3.85103700 13.35888700 0.28170500
v 3.85103700 13.35888700 0.28170500
v 3.82996700 13.35886800 0.28172000
v 3.82996700 13.35886800 0.28172000
v 3.85093700 13.31390400 0.30267100
v 3.85093700 13.31390400 0.30267100
v 3.82986700 13.31388600 0.30269700
v 3.82986700 13.31388600 0.30269700
v 3.85082200 13.28542700 0.34332500
v 3.85082200 13.28542700 0.34332500
v 3.85082200 13.28542700 0.34332500
v 3.85082200 13.28542700 0.34332500
v 3.82975300 13.28541900 0.34335400
v 3.82975300 13.28541900 0.34335400
v 3.82975300 13.28541900 0.34335400
v 3.82975300 13.28541900 0.34335400
v 3.85072400 13.28109600 0.39277400
v 3.85072400 13.28109600 0.39277400
v 3.82965400 13.28109500 0.39279600
v 3.82965400 13.28109500 0.39279600
v 3.85066700 13.30207300 0.43776500
v 3.85066700 13.30207300 0.43776500
v 3.82959800 13.30207100 0.43777600
v 3.82959800 13.30207100 0.43777600
v 3.85066800 13.34273500 0.46623700
v 3.85066800 13.34273500 0.46623700
v 3.82959800 13.34272500 0.46624300
v 3.82959800 13.34272500 0.46624300
v 3.85072500 13.39218700 0.47056200
v 3.85072500 13.39218700 0.47056200
v 3.85093900 13.46563400 0.40891500
v 3.85093900 13.46563400 0.40891500
v 3.85082500 13.43717300 0.44957800
v 3.85082500 13.43717300 0.44957800
v 3.81537700 13.38767100 0.44508600
v 3.81537700 13.38767100 0.44508600
v 3.81531600 13.35157400 0.44192800
v 3.81531600 13.35157400 0.44192800
v 3.75791400 13.35155700 0.44195200
v 3.75791400 13.38765300 0.44511000
v 3.81531500 13.32189200 0.42114500
v 3.81531500 13.32189200 0.42114500
v 3.75791400 13.32187500 0.42116900
v 3.81537500 13.30657900 0.38830500
v 3.81537500 13.30657900 0.38830500
v 3.75791400 13.30656100 0.38832900
v 3.81548000 13.30973600 0.35220800
v 3.81548000 13.30973600 0.35220800
v 3.81548000 13.30973600 0.35220800
v 3.81548000 13.30973600 0.35220800
v 3.75791400 13.30972000 0.35223200
v 3.75791400 13.30972000 0.35223200
v 3.75791400 13.33050300 0.32255100
v 3.81560200 13.33052000 0.32252700
v 3.81560200 13.33052000 0.32252700
v 3.75791500 13.36334200 0.30723700
v 3.81570700 13.36335900 0.30721300
v 3.81570700 13.36335900 0.30721300
v 3.75791500 13.44443500 0.36401800
v 3.75791500 13.42912100 0.33117900
v 3.73658400 13.42225900 0.32638700
v 3.73658400 13.42225900 0.32638700
v 3.73645300 13.33049700 0.32256000
v 3.64274200 13.32184100 0.42121700
v 3.64274300 13.35152200 0.44200000
v 3.64280400 13.38762000 0.44515800
v 3.64291000 13.42046000 0.42984500
v 3.52870700 13.39937200 0.31049000
v 3.52870700 13.39937200 0.31049000
v 3.52864600 13.36327600 0.30733200
v 3.52864600 13.36327600 0.30733200
v 3.75792300 13.39943500 0.31039500
v 3.62426400 13.39940200 0.31045200
v 3.85076400 13.29037800 0.38486100
v 3.85076400 13.29037800 0.38486100
v 3.85070000 13.30542900 0.42620600
v 3.85070000 13.30542900 0.42620600
v 3.85068300 13.33913600 0.45448800
v 3.85068300 13.33913600 0.45448800
v 3.85071800 13.38246900 0.46212900
v 3.85071800 13.38246900 0.46212900
v 3.85079600 13.42381800 0.44708000
v 3.85079600 13.42381800 0.44708000
v 3.85089600 13.45210100 0.41337400
v 3.85089600 13.45210100 0.41337400
v 3.85099100 13.45974000 0.37004400
v 3.85099100 13.45974000 0.37004400
v 3.85105700 13.44468700 0.32869800
v 3.85105700 13.44468700 0.32869800
v 3.85107400 13.41097500 0.30041600
v 3.85107400 13.41097500 0.30041600
v 3.85103800 13.36764000 0.29277700
v 3.85103800 13.36764000 0.29277700
v 3.85096000 13.32629400 0.30782500
v 3.85096000 13.32629400 0.30782500
v 3.85085900 13.29801500 0.34153000
v 3.85085900 13.29801500 0.34153000
v 3.85085900 13.29801500 0.34153000
v 3.85085900 13.29801500 0.34153000
v 3.92504000 13.32488100 0.45106500
v 3.91818600 13.29451600 0.41995200
v 3.99694500 13.29792900 0.45106500
v 3.98194700 13.27064700 0.41995200
v 4.06073500 13.25043700 0.45106500
v 4.03871000 13.22842600 0.41995300
v 4.09735500 13.19758200 0.45106500
v 4.06870300 13.18536100 0.41995300
v 4.10996900 13.11731800 0.45106500
v 4.07886000 13.11777200 0.41995300
v 4.06747300 13.11793800 0.37745300
v 4.07886000 13.11777200 0.33495300
v 4.07886000 13.11777200 0.33495300
v 4.10996900 13.11731800 0.30384100
v 4.15246400 13.11669800 0.29245300
v 4.19496000 13.11607800 0.30384100
v 4.22606800 13.11562500 0.33495300
v 4.23745500 13.11545800 0.37745300
v 4.22606800 13.11562500 0.41995300
v 4.19496000 13.11607800 0.45106500
v 4.15246400 13.11669800 0.46245300
v 4.13649400 13.21427600 0.46245300
v 4.17563300 13.23097000 0.45106500
v 4.09082100 13.28050200 0.46245300
v 4.12090700 13.31056900 0.45106500
v 4.01743200 13.33519600 0.46245200
v 4.03792000 13.37246300 0.45106500
v 3.93440300 13.36636000 0.46245200
v 3.94376500 13.40784000 0.45106500
v 3.95061900 13.43820500 0.41995200
v 3.95312800 13.44931900 0.37745200
v 3.95061900 13.43820500 0.33495200
v 3.94376600 13.40783900 0.30384000
v 3.93440300 13.36636000 0.29245200
v 3.92504000 13.32488100 0.30384000
v 3.91818600 13.29451600 0.33495300
v 3.91818600 13.29451600 0.33495300
v 3.91567800 13.28340100 0.37745200
v 3.97645800 13.26066200 0.37745300
v 3.98194700 13.27064700 0.33495300
v 3.98194700 13.27064700 0.33495300
v 4.03064800 13.22037000 0.37745300
v 4.03871000 13.22842600 0.33495300
v 4.03871000 13.22842600 0.33495300
v 4.05821600 13.18088700 0.37745300
v 4.06870300 13.18536000 0.33495300
v 4.06870300 13.18536000 0.33495300
v 4.09735500 13.19758100 0.30384000
v 4.13649400 13.21427600 0.29245300
v 4.17563300 13.23097000 0.30384100
v 4.20428500 13.24319200 0.33495300
v 4.21477200 13.24766500 0.37745300
v 4.20428500 13.24319200 0.41995300
v 4.14293200 13.33257900 0.41995300
v 4.15099300 13.34063500 0.37745300
v 4.05291700 13.39974400 0.41995300
v 4.05840700 13.40973000 0.37745200
v 4.05291700 13.39974400 0.33495300
v 4.03792000 13.37246200 0.30384000
v 4.01743200 13.33519600 0.29245300
v 3.99694500 13.29792900 0.30384000
v 4.06073500 13.25043700 0.30384000
v 4.09082100 13.28050200 0.29245300
v 4.12090700 13.31056900 0.30384000
v 4.14293200 13.33257900 0.33495300
v 3.52859000 13.43403000 0.37279100
v 3.52859000 13.43403000 0.37279100
v 3.52849200 13.42863800 0.40337800
v 3.52849200 13.42863800 0.40337800
v 3.52839000 13.40868400 0.42716900
v 3.52839000 13.40868400 0.42716900
v 3.52831000 13.37951300 0.43779100
v 3.52831000 13.37951300 0.43779100
v 3.52827400 13.34894200 0.43239600
v 3.52827400 13.34894200 0.43239600
v 3.52829100 13.32516100 0.41243100
v 3.52829100 13.32516100 0.41243100
v 3.52835800 13.31454500 0.38324500
v 3.52835800 13.31454500 0.38324500
v 3.52845500 13.31993600 0.35265900
v 3.52845500 13.31993600 0.35265900
v 3.52845500 13.31993600 0.35265900
v 3.52845500 13.31993600 0.35265900
v 3.52855800 13.33989000 0.32886700
v 3.52855800 13.33989000 0.32886700
v 3.52863800 13.36906200 0.31824700
v 3.52863800 13.36906200 0.31824700
v 3.52867400 13.39963300 0.32364000
v 3.52867400 13.39963300 0.32364000
v 3.52865600 13.42341300 0.34360600
v 3.52865600 13.42341300 0.34360600
v 3.42262200 13.41411300 0.34801800
v 3.42920900 13.39312800 0.32605600
v 3.33205600 13.35826000 0.34801800
v 3.34847600 13.34357000 0.32605600
v 3.28080500 13.26499500 0.34801900
v 3.30145500 13.25749900 0.32605600
v 3.25777400 13.17670700 0.34801900
v 3.27954300 13.17371000 0.32605700
v 3.26128500 13.06591700 0.34801900
v 3.28293600 13.06959200 0.32605600
v 3.31251300 13.07461400 0.31801900
v 3.34209000 13.07963400 0.32605600
v 3.36374200 13.08330900 0.34801900
v 3.36374200 13.08330900 0.34801900
v 3.37166700 13.08465500 0.37801800
v 3.36374200 13.08330900 0.40801800
v 3.34209000 13.07963400 0.42998000
v 3.31251300 13.07461400 0.43801800
v 3.28293600 13.06959200 0.42998000
v 3.26128500 13.06591700 0.40801800
v 3.25335900 13.06457200 0.37801800
v 3.24980600 13.17780500 0.37801900
v 3.25777400 13.17670700 0.40801900
v 3.27324700 13.26773800 0.37801800
v 3.28080500 13.26499500 0.40801800
v 3.32604600 13.36363700 0.37801800
v 3.33205600 13.35826000 0.40801800
v 3.42021100 13.42179400 0.37801800
v 3.42262200 13.41411300 0.40801800
v 3.42920900 13.39312800 0.42998000
v 3.43820700 13.36446300 0.43801800
v 3.44720500 13.33579800 0.42998000
v 3.45379200 13.31481400 0.40801800
v 3.45620300 13.30713300 0.37801800
v 3.45379200 13.31481400 0.34801900
v 3.45379200 13.31481400 0.34801900
v 3.44720500 13.33579800 0.32605600
v 3.43820700 13.36446300 0.31801800
v 3.37090600 13.32350200 0.31801800
v 3.39333600 13.30343400 0.32605600
v 3.32966400 13.24725800 0.31801800
v 3.35787200 13.23701900 0.32605600
v 3.30928000 13.16961500 0.31801900
v 3.33901600 13.16552100 0.32605700
v 3.36078500 13.16252200 0.34801900
v 3.36078500 13.16252200 0.34801900
v 3.36875300 13.16142600 0.37801900
v 3.36078500 13.16252200 0.40801900
v 3.33901600 13.16552000 0.42998100
v 3.30927900 13.16961500 0.43801900
v 3.27954300 13.17371000 0.42998100
v 3.30145500 13.25749900 0.42998000
v 3.32966400 13.24725800 0.43801800
v 3.34847600 13.34357000 0.42998000
v 3.37090600 13.32350200 0.43801800
v 3.39333600 13.30343400 0.42998000
v 3.40975600 13.28874400 0.40801800
v 3.41576600 13.28336700 0.37801800
v 3.40975600 13.28874400 0.34801800
v 3.40975600 13.28874400 0.34801800
v 3.37852300 13.22952300 0.34801900
v 3.37852300 13.22952300 0.34801900
v 3.38608100 13.22677900 0.37801800
v 3.37852300 13.22952300 0.40801800
v 3.35787200 13.23701900 0.42998000
v 3.59973900 13.48894600 0.19565000
v 3.60391800 13.48719500 0.19815300
v 3.60779500 13.48378900 0.19857000
v 3.61033100 13.47964300 0.19678800
v 3.61084600 13.47586600 0.19328600
v 3.60920100 13.47347100 0.18900200
v 3.60920100 13.47347100 0.18900200
v 3.60584000 13.47309900 0.18508300
v 3.60166100 13.47485000 0.18258000
v 3.59778400 13.47825400 0.18216400
v 3.59524900 13.48240100 0.18394500
v 3.59473400 13.48617800 0.18744700
v 3.59637800 13.48857400 0.19173100
v 3.58693600 13.47274800 0.20866000
v 3.59158300 13.47163600 0.21067600
v 3.59615100 13.46917100 0.21037400
v 3.59941300 13.46601300 0.20783600
v 3.60049700 13.46300900 0.20374300
v 3.59911200 13.46096400 0.19919100
v 3.59911200 13.46096400 0.19919100
v 3.59562800 13.46042500 0.19539800
v 3.59098100 13.46153800 0.19338300
v 3.58641300 13.46400400 0.19368500
v 3.58315100 13.46716100 0.19622200
v 3.58206700 13.47016400 0.20031600
v 3.58345300 13.47221000 0.20486800
v 3.58100900 13.45103700 0.21825800
v 3.58597000 13.45106200 0.21976700
v 3.59099800 13.45027400 0.21872000
v 3.59474500 13.44888600 0.21539600
v 3.59621000 13.44726800 0.21068700
v 3.59499700 13.44585500 0.20585400
v 3.59499700 13.44585500 0.20585400
v 3.59143200 13.44502500 0.20219300
v 3.58647100 13.44500100 0.20068300
v 3.58144300 13.44578800 0.20173100
v 3.57769500 13.44717700 0.20505400
v 3.57623100 13.44879400 0.20976300
v 3.57744400 13.45020700 0.21459600
v 3.58254800 13.42549000 0.22360300
v 3.58745300 13.42655000 0.22489100
v 3.59240000 13.42729000 0.22351700
v 3.59606200 13.42751100 0.21985000
v 3.59746000 13.42715500 0.21487100
v 3.59621700 13.42631700 0.20991500
v 3.59621700 13.42631700 0.20991500
v 3.59266800 13.42522100 0.20630900
v 3.58776200 13.42416100 0.20502100
v 3.58281600 13.42342100 0.20639500
v 3.57915300 13.42320000 0.21006200
v 3.57775600 13.42355500 0.21504100
v 3.57899800 13.42439400 0.21999700
v 3.59258500 13.39642800 0.22515500
v 3.59701900 13.39884000 0.22636800
v 3.60139900 13.40121700 0.22490100
v 3.60455200 13.40292100 0.22114800
v 3.60563300 13.40349700 0.21611500
v 3.60435200 13.40278900 0.21114900
v 3.60435200 13.40278900 0.21114900
v 3.60105300 13.40098900 0.20758300
v 3.59662000 13.39857600 0.20637000
v 3.59224000 13.39619900 0.20783700
v 3.58908700 13.39449500 0.21159000
v 3.58800600 13.39391900 0.21662300
v 3.58928700 13.39462700 0.22158900
v 3.61452900 13.36510100 0.22364300
v 3.61862900 13.36801100 0.22487400
v 3.62255600 13.37106000 0.22343500
v 3.62525700 13.37343300 0.21971100
v 3.62601000 13.37449300 0.21469900
v 3.62461100 13.37395600 0.20974300
v 3.62461100 13.37395600 0.20974300
v 3.62143700 13.37196500 0.20617100
v 3.61733600 13.36905600 0.20493900
v 3.61340900 13.36600600 0.20637900
v 3.61070700 13.36363300 0.21010300
v 3.60995500 13.36257400 0.21511500
v 3.61135400 13.36311100 0.22007100
v 3.63862800 13.33018300 0.21828900
v 3.64312500 13.33250400 0.21942700
v 3.64730000 13.33518300 0.21792800
v 3.65003400 13.33750300 0.21419300
v 3.65059500 13.33884200 0.20922400
v 3.64883300 13.33884200 0.20435200
v 3.64883300 13.33884200 0.20435200
v 3.64522000 13.33750200 0.20088200
v 3.64072300 13.33518200 0.19974400
v 3.63654900 13.33250200 0.20124300
v 3.63381500 13.33018200 0.20497700
v 3.63325400 13.32884300 0.20994600
v 3.63501500 13.32884300 0.21481800
v 3.65423800 13.29007100 0.20799900
v 3.65929800 13.29093700 0.20876400
v 3.66391400 13.29247600 0.20697300
v 3.66684900 13.29427600 0.20310500
v 3.66731500 13.29585500 0.19819700
v 3.66519100 13.29678900 0.19356400
v 3.66519100 13.29678900 0.19356400
v 3.66104300 13.29682900 0.19044700
v 3.65598300 13.29596300 0.18968300
v 3.65136800 13.29442400 0.19147400
v 3.64843200 13.29262400 0.19534200
v 3.64796500 13.29104600 0.20025000
v 3.65009000 13.29011200 0.20488300
v 3.65897400 13.24371200 0.19231200
v 3.66413100 13.24370300 0.19278400
v 3.66882000 13.24459400 0.19077500
v 3.67178200 13.24614400 0.18682400
v 3.67222600 13.24794000 0.18198900
v 3.67003200 13.24949900 0.17756600
v 3.67003200 13.24949900 0.17756600
v 3.66578700 13.25040500 0.17474000
v 3.66063000 13.25041400 0.17426900
v 3.65594100 13.24952400 0.17627700
v 3.65297800 13.24797300 0.18022900
v 3.65253400 13.24617800 0.18506300
v 3.65472900 13.24461700 0.18948600
v 3.65731900 13.19177900 0.17175500
v 3.66246000 13.19122000 0.17201000
v 3.66713700 13.19171800 0.16984600
v 3.67009600 13.19313800 0.16584400
v 3.67054500 13.19510100 0.16107500
v 3.66836300 13.19708100 0.15681700
v 3.66836300 13.19708100 0.15681700
v 3.66413400 13.19854600 0.15421300
v 3.65899300 13.19910500 0.15395800
v 3.65431600 13.19860800 0.15612200
v 3.65135700 13.19718700 0.16012500
v 3.65090800 13.19522500 0.16489400
v 3.65309000 13.19324500 0.16915100
v 3.64285100 13.10358000 0.13184700
v 3.64791700 13.10251100 0.13187500
v 3.65253800 13.10264400 0.12954800
v 3.65547900 13.10394400 0.12549100
v 3.65595100 13.10606200 0.12079100
v 3.65382800 13.10843000 0.11670800
v 3.65382800 13.10843000 0.11670800
v 3.64967800 13.11041500 0.11433500
v 3.64461300 13.11148500 0.11430800
v 3.63999100 13.11135200 0.11663500
v 3.63704900 13.11005200 0.12069200
v 3.63657800 13.10793400 0.12539100
v 3.63870200 13.10556500 0.12947500
v 3.47690500 13.49509500 -0.00928400
v 3.47806200 13.49338000 -0.00180000
v 3.48029900 13.48835300 0.00367900
v 3.48301800 13.48136200 0.00568400
v 3.48549100 13.47428000 0.00367900
v 3.48705300 13.46900500 -0.00180000
v 3.48728800 13.46694900 -0.00928400
v 3.48613100 13.46866400 -0.01676800
v 3.48389400 13.47369100 -0.02224600
v 3.48117400 13.48068200 -0.02425100
v 3.47870300 13.48776400 -0.02224600
v 3.47714000 13.49304000 -0.01676800
v 3.44671700 13.48113500 -0.00741900
v 3.44811500 13.47954000 0.00005100
v 3.45140900 13.47503800 0.00546900
v 3.45571500 13.46883300 0.00738100
v 3.45988000 13.46259100 0.00527800
v 3.46278800 13.45798200 -0.00027900
v 3.46366000 13.45624300 -0.00780000
v 3.46226200 13.45783700 -0.01527000
v 3.45896800 13.46234000 -0.02068700
v 3.45466200 13.46854400 -0.02260000
v 3.45049700 13.47478700 -0.02049600
v 3.44758900 13.47939500 -0.01494000
v 3.42320400 13.45808000 -0.00702400
v 3.42490200 13.45678100 0.00044200
v 3.42943800 13.45350000 0.00583900
v 3.43559800 13.44911600 0.00772300
v 3.44173100 13.44480500 0.00558700
v 3.44619400 13.44172100 0.00000500
v 3.44779000 13.44069000 -0.00752800
v 3.44609300 13.44199000 -0.01499300
v 3.44155700 13.44527100 -0.02039000
v 3.43539700 13.44965500 -0.02227400
v 3.42926400 13.45396600 -0.02013800
v 3.42480100 13.45705000 -0.01455600
v 3.40862100 13.42744100 -0.00818600
v 3.41047700 13.42647000 -0.00070900
v 3.41569500 13.42460000 0.00474000
v 3.42287600 13.42233100 0.00670000
v 3.43009700 13.42027200 0.00464600
v 3.43542200 13.41897400 -0.00087100
v 3.43742500 13.41878400 -0.00837400
v 3.43556800 13.41975500 -0.01585000
v 3.43035100 13.42162500 -0.02129900
v 3.42316900 13.42389400 -0.02325900
v 3.41594900 13.42595300 -0.02120500
v 3.41062400 13.42725200 -0.01568800
v 3.40290200 13.38927200 -0.01126100
v 3.40477600 13.38839300 -0.00377700
v 3.41017000 13.38761300 0.00175700
v 3.41763800 13.38713800 0.00385900
v 3.42517900 13.38709800 0.00196600
v 3.43077300 13.38750200 -0.00341600
v 3.43292100 13.38824100 -0.01084400
v 3.43104700 13.38911900 -0.01832800
v 3.42565300 13.38989900 -0.02386200
v 3.41818500 13.39037400 -0.02596400
v 3.41064400 13.39041400 -0.02407100
v 3.40505000 13.39001100 -0.01868900
v 3.40571800 13.34114900 -0.01738900
v 3.40758400 13.34040400 -0.00988800
v 3.41293800 13.34034600 -0.00426300
v 3.42034800 13.34099500 -0.00202000
v 3.42782600 13.34217400 -0.00376100
v 3.43336900 13.34356700 -0.00901900
v 3.43549300 13.34480300 -0.01638400
v 3.43362800 13.34554900 -0.02388500
v 3.42827300 13.34560600 -0.02951000
v 3.42086400 13.34495800 -0.03175300
v 3.41338500 13.34378000 -0.03001200
v 3.40784200 13.34238500 -0.02475500
v 3.41559200 13.28951200 -0.02363900
v 3.41736900 13.28922100 -0.01608400
v 3.42256400 13.28999500 -0.01036000
v 3.42978400 13.29162700 -0.00799900
v 3.43709500 13.29367900 -0.00963500
v 3.44253900 13.29560200 -0.01482900
v 3.44465500 13.29688000 -0.02218900
v 3.44287800 13.29717100 -0.02974400
v 3.43768400 13.29639600 -0.03546800
v 3.43046400 13.29476500 -0.03782900
v 3.42315200 13.29271200 -0.03619300
v 3.41770900 13.29079000 -0.03099900
v 3.43155900 13.24230500 -0.02655100
v 3.43304200 13.24287000 -0.01894600
v 3.43780600 13.24489600 -0.01314700
v 3.44457600 13.24784000 -0.01070900
v 3.45153600 13.25091400 -0.01228300
v 3.45682300 13.25329300 -0.01745000
v 3.45902000 13.25434100 -0.02482400
v 3.45753700 13.25377600 -0.03242900
v 3.45277300 13.25175000 -0.03822800
v 3.44600300 13.24880500 -0.04066600
v 3.43904300 13.24573100 -0.03909100
v 3.43375600 13.24335200 -0.03392500
v 3.45326800 13.20237000 -0.02514000
v 3.45437000 13.20363800 -0.01755700
v 3.45853700 13.20676800 -0.01179400
v 3.46465200 13.21092100 -0.00939500
v 3.47107700 13.21498300 -0.01100200
v 3.47609000 13.21786700 -0.01618500
v 3.47834800 13.21879900 -0.02355500
v 3.47724600 13.21753000 -0.03113800
v 3.47307900 13.21440000 -0.03690100
v 3.46696400 13.21024800 -0.03930100
v 3.46053900 13.20618500 -0.03769400
v 3.45552600 13.20330100 -0.03251000
v 3.48105400 13.16619800 -0.02091000
v 3.48172800 13.16802500 -0.01339200
v 3.48520000 13.17206100 -0.00773300
v 3.49053900 13.17722500 -0.00545000
v 3.49631600 13.18213200 -0.00715500
v 3.50098200 13.18546900 -0.01239000
v 3.50328600 13.18633900 -0.01975300
v 3.50261300 13.18451200 -0.02727100
v 3.49914100 13.18047600 -0.03293000
v 3.49380100 13.17531200 -0.03521300
v 3.48802500 13.17040500 -0.03350800
v 3.48335900 13.16706800 -0.02827300
v 3.53351200 13.11933400 -0.00944600
v 3.53359200 13.12170900 -0.00205400
v 3.53610500 13.12663000 0.00340100
v 3.54037600 13.13277900 0.00545700
v 3.54526300 13.13850900 0.00356300
v 3.54945400 13.14228300 -0.00177200
v 3.55182800 13.14309200 -0.00912100
v 3.55174800 13.14071700 -0.01651300
v 3.54923500 13.13579600 -0.02196800
v 3.54496400 13.12964600 -0.02402400
v 3.54007700 13.12391700 -0.02213000
v 3.53588600 13.12014200 -0.01679400
v 3.75896300 13.39432800 -0.20577700
v 3.75896300 13.39432800 -0.20577700
v 3.76968100 13.43191500 -0.21945800
v 3.76968100 13.43191500 -0.21945800
v 3.76968200 13.44624300 -0.17998500
v 3.75896400 13.40958100 -0.16398800
v 3.72968100 13.36681200 -0.19576200
v 3.72968100 13.36681200 -0.19576200
v 3.72968200 13.38274300 -0.15227700
v 3.68968100 13.35674000 -0.19209700
v 3.68968100 13.35674000 -0.19209700
v 3.68968100 13.35674000 -0.19209700
v 3.68968100 13.35674000 -0.19209700
v 3.68968200 13.37292000 -0.14799100
v 3.68968200 13.37292000 -0.14799100
v 3.64968100 13.36681200 -0.19576200
v 3.64968100 13.36681200 -0.19576200
v 3.64968200 13.38274300 -0.15227700
v 3.62039900 13.39432800 -0.20577800
v 3.62039900 13.39432800 -0.20577800
v 3.62040000 13.40958100 -0.16398800
v 3.60968100 13.43191500 -0.21945800
v 3.60968100 13.43191500 -0.21945800
v 3.60968200 13.44624300 -0.17998500
v 3.62039900 13.46950300 -0.23313900
v 3.62039900 13.46950300 -0.23313900
v 3.62040000 13.48290500 -0.19598100
v 3.64968100 13.49701900 -0.24315400
v 3.64968100 13.49701900 -0.24315400
v 3.64968200 13.50974400 -0.20769200
v 3.68968100 13.50709100 -0.24682000
v 3.68968100 13.50709100 -0.24682000
v 3.68968200 13.51956700 -0.21197800
v 3.72968100 13.49701900 -0.24315400
v 3.72968100 13.49701900 -0.24315400
v 3.72968200 13.50974400 -0.20769200
v 3.75896300 13.46950300 -0.23313900
v 3.75896300 13.46950300 -0.23313900
v 3.75896400 13.48290500 -0.19598100
v 3.73654900 13.40648800 -0.21020400
v 3.73654900 13.40648800 -0.21020400
v 3.74379900 13.43191500 -0.21945800
v 3.74379900 13.43191500 -0.21945800
v 3.71674000 13.38787500 -0.20342900
v 3.71674000 13.38787500 -0.20342900
v 3.68968100 13.38106100 -0.20094900
v 3.68968100 13.38106100 -0.20094900
v 3.68968100 13.38106100 -0.20094900
v 3.68968100 13.38106100 -0.20094900
v 3.66262200 13.38787500 -0.20342900
v 3.66262200 13.38787500 -0.20342900
v 3.64281400 13.40648800 -0.21020400
v 3.64281400 13.40648800 -0.21020400
v 3.63556300 13.43191500 -0.21945800
v 3.63556300 13.43191500 -0.21945800
v 3.64281400 13.45734200 -0.22871300
v 3.64281400 13.45734200 -0.22871300
v 3.66262200 13.47595700 -0.23548800
v 3.66262200 13.47595700 -0.23548800
v 3.68968100 13.48277000 -0.23796800
v 3.68968100 13.48277000 -0.23796800
v 3.71674000 13.47595700 -0.23548800
v 3.71674000 13.47595700 -0.23548800
v 3.73654900 13.45734200 -0.22871300
v 3.73654900 13.45734200 -0.22871300
v 3.73638200 13.37132800 -0.30631500
v 3.73638200 13.37132800 -0.30631500
v 3.74379900 13.39940500 -0.30877500
v 3.74379900 13.39940500 -0.30877500
v 3.73635800 13.42251700 -0.32495400
v 3.73635800 13.42251700 -0.32495400
v 3.71663000 13.34806500 -0.31271600
v 3.71663000 13.34806500 -0.31271600
v 3.68963800 13.33882800 -0.31701500
v 3.68963800 13.33882800 -0.31701500
v 3.68963800 13.33882800 -0.31701500
v 3.71658800 13.43621000 -0.34481000
v 3.71658800 13.43621000 -0.34481000
v 3.68959000 13.44051000 -0.35400300
v 3.68959000 13.44051000 -0.35400300
v 3.64280200 13.37156000 -0.30629400
v 3.64280200 13.37156000 -0.30629400
v 3.63556500 13.39942900 -0.30872900
v 3.63556500 13.39942900 -0.30872900
v 3.66257600 13.43617000 -0.34466600
v 3.66257600 13.43617000 -0.34466600
v 3.68951500 13.44441400 -0.36237500
v 3.66256200 13.44442200 -0.36236400
v 3.66261700 13.34811600 -0.31267700
v 3.66261700 13.34811600 -0.31267700
v 3.66266900 13.33049000 -0.32089600
v 3.68962200 13.33048200 -0.32090700
v 3.71657500 13.33047500 -0.32091800
v 3.73633400 13.33046900 -0.32092700
v 3.75508700 13.33046300 -0.32093400
v 3.75508700 13.36330300 -0.30562100
v 3.85082200 13.33043500 -0.32097400
v 3.85082200 13.33043500 -0.32097400
v 3.75508800 13.30968000 -0.35061600
v 3.85094400 13.30965100 -0.35065600
v 3.85094400 13.30965100 -0.35065600
v 3.75508800 13.30652100 -0.38671300
v 3.75508800 13.30652100 -0.38671300
v 3.85104900 13.30649400 -0.38675300
v 3.85104900 13.30649400 -0.38675300
v 3.85104900 13.30649400 -0.38675300
v 3.85104900 13.30649400 -0.38675300
v 3.75508800 13.32183600 -0.41955300
v 3.85110900 13.32180700 -0.41959300
v 3.85110900 13.32180700 -0.41959300
v 3.75508800 13.35151700 -0.44033600
v 3.85110800 13.35148800 -0.44037600
v 3.85110800 13.35148800 -0.44037600
v 3.75508800 13.38761300 -0.44349400
v 3.85104700 13.38758600 -0.44353400
v 3.85104700 13.38758600 -0.44353400
v 3.75508800 13.42045300 -0.42818100
v 3.85094100 13.42042500 -0.42822000
v 3.85094100 13.42042500 -0.42822000
v 3.75508700 13.44123600 -0.39849900
v 3.85082000 13.44120900 -0.39853900
v 3.85082000 13.44120900 -0.39853900
v 3.75508700 13.44439500 -0.36240200
v 3.85071500 13.44436600 -0.36244200
v 3.85071500 13.44436600 -0.36244200
v 3.75508700 13.42908100 -0.32956200
v 3.85065500 13.42905300 -0.32960200
v 3.85065500 13.42905300 -0.32960200
v 3.71657200 13.44124800 -0.39848300
v 3.71646700 13.44440700 -0.36238600
v 3.73622700 13.44440100 -0.36239400
v 3.73633100 13.44124200 -0.39849100
v 3.68962000 13.44125600 -0.39847200
v 3.71669400 13.42046500 -0.42816500
v 3.68974100 13.42047200 -0.42815400
v 3.71679900 13.38762500 -0.44347800
v 3.68984600 13.38763200 -0.44346700
v 3.71686000 13.35152800 -0.44032000
v 3.68990800 13.35153600 -0.44030900
v 3.71686100 13.32184600 -0.41953700
v 3.68990800 13.32185500 -0.41952600
v 3.71680100 13.30653300 -0.38669700
v 3.71680100 13.30653300 -0.38669700
v 3.68984800 13.30654000 -0.38668600
v 3.68984800 13.30654000 -0.38668600
v 3.71669600 13.30969100 -0.35060000
v 3.68974300 13.30969900 -0.35058900
v 3.73656000 13.30652700 -0.38670500
v 3.73656000 13.30652700 -0.38670500
v 3.73645500 13.30968600 -0.35060800
v 3.66279100 13.30970700 -0.35057800
v 3.66289500 13.30654900 -0.38667500
v 3.66289500 13.30654900 -0.38667500
v 3.64303100 13.30971200 -0.35057000
v 3.64313600 13.30655500 -0.38666600
v 3.64313600 13.30655500 -0.38666600
v 3.64319600 13.32186800 -0.41950600
v 3.66295600 13.32186200 -0.41951400
v 3.64319600 13.35155000 -0.44028900
v 3.66295500 13.35154300 -0.44029800
v 3.64313400 13.38764700 -0.44344800
v 3.66289400 13.38764100 -0.44345600
v 3.64302900 13.42048600 -0.42813400
v 3.66278800 13.42048100 -0.42814200
v 3.64290700 13.44127000 -0.39845200
v 3.66266700 13.44126400 -0.39846100
v 3.64280300 13.44442700 -0.36235600
v 3.62144800 13.44127600 -0.39844300
v 3.62144900 13.42049300 -0.42812500
v 3.56388000 13.42050900 -0.42810100
v 3.56388000 13.42050900 -0.42810100
v 3.56375800 13.44129300 -0.39841900
v 3.56375800 13.44129300 -0.39841900
v 3.56387700 13.43381100 -0.44397300
v 3.56387700 13.43381100 -0.44397300
v 3.56376100 13.46074900 -0.40551400
v 3.56376100 13.46074900 -0.40551400
v 3.56366100 13.46484700 -0.35873600
v 3.56366100 13.46484700 -0.35873600
v 3.56365400 13.44445100 -0.36232300
v 3.56365400 13.44445100 -0.36232300
v 3.56360400 13.44500200 -0.31617500
v 3.56360400 13.44500200 -0.31617500
v 3.56359400 13.42913800 -0.32948300
v 3.56359400 13.42913800 -0.32948300
v 3.56360400 13.40653300 -0.28924200
v 3.56360400 13.40653300 -0.28924200
v 3.56359400 13.39945600 -0.30869900
v 3.56359400 13.39945600 -0.30869900
v 3.54933400 13.44500400 -0.31616800
v 3.54933400 13.44500400 -0.31616800
v 3.54933500 13.40654200 -0.28923700
v 3.54933500 13.40654200 -0.28923700
v 3.54939300 13.35976800 -0.28514500
v 3.54939300 13.35976800 -0.28514500
v 3.56366300 13.35975600 -0.28515500
v 3.56366300 13.35975600 -0.28515500
v 3.54949400 13.31721400 -0.30498800
v 3.54949400 13.31721400 -0.30498800
v 3.56376400 13.31720300 -0.30500400
v 3.56376400 13.31720300 -0.30500400
v 3.54961000 13.29028300 -0.34344900
v 3.54961000 13.29028300 -0.34344900
v 3.56388000 13.29027800 -0.34346800
v 3.56388000 13.29027800 -0.34346800
v 3.54971000 13.28619100 -0.39022300
v 3.54971000 13.28619100 -0.39022300
v 3.54971000 13.28619100 -0.39022300
v 3.54971000 13.28619100 -0.39022300
v 3.56398000 13.28619100 -0.39023800
v 3.56398000 13.28619100 -0.39023800
v 3.56398000 13.28619100 -0.39023800
v 3.56398000 13.28619100 -0.39023800
v 3.54976700 13.30603400 -0.43277700
v 3.54976700 13.30603400 -0.43277700
v 3.56403700 13.30603300 -0.43278400
v 3.56403700 13.30603300 -0.43278400
v 3.54976700 13.34449600 -0.45970800
v 3.54976700 13.34449600 -0.45970800
v 3.56403700 13.34448800 -0.45971300
v 3.56403700 13.34448800 -0.45971300
v 3.54970800 13.39127000 -0.46380000
v 3.54970800 13.39127000 -0.46380000
v 3.56397800 13.39125600 -0.46381000
v 3.56397800 13.39125600 -0.46381000
v 3.54960700 13.43382300 -0.44395700
v 3.54960700 13.43382300 -0.44395700
v 3.54970700 13.39216600 -0.46889800
v 3.54970700 13.39216600 -0.46889800
v 3.54960800 13.43714900 -0.44792500
v 3.54960800 13.43714900 -0.44792500
v 3.54949300 13.46561800 -0.40726900
v 3.54949300 13.46561800 -0.40726900
v 3.54949100 13.46075400 -0.40549500
v 3.54949100 13.46075400 -0.40549500
v 3.54939400 13.46994500 -0.35782400
v 3.54939400 13.46994500 -0.35782400
v 3.54939100 13.46484700 -0.35872100
v 3.54939100 13.46484700 -0.35872100
v 3.54933600 13.44897000 -0.31284100
v 3.54933600 13.44897000 -0.31284100
v 3.52832400 13.46995200 -0.35780100
v 3.52832400 13.46995200 -0.35780100
v 3.52826700 13.44897400 -0.31282800
v 3.52826700 13.44897400 -0.31282800
v 3.52826800 13.40832400 -0.28436400
v 3.52826800 13.40832400 -0.28436400
v 3.54933700 13.40831200 -0.28437300
v 3.54933700 13.40831200 -0.28437300
v 3.52832600 13.35888700 -0.28003300
v 3.52832600 13.35888700 -0.28003300
v 3.54939600 13.35886700 -0.28004800
v 3.54939600 13.35886700 -0.28004800
v 3.52842600 13.31390300 -0.30100000
v 3.52842600 13.31390300 -0.30100000
v 3.54949500 13.31388600 -0.30102500
v 3.54949500 13.31388600 -0.30102500
v 3.52854000 13.28542700 -0.34165300
v 3.52854000 13.28542700 -0.34165300
v 3.54961000 13.28541900 -0.34168200
v 3.54961000 13.28541900 -0.34168200
v 3.52863900 13.28109500 -0.39110200
v 3.52863900 13.28109500 -0.39110200
v 3.52863900 13.28109500 -0.39110200
v 3.52863900 13.28109500 -0.39110200
v 3.54970900 13.28109500 -0.39112400
v 3.54970900 13.28109500 -0.39112400
v 3.54970900 13.28109500 -0.39112400
v 3.54970900 13.28109500 -0.39112400
v 3.52869500 13.30207200 -0.43609300
v 3.52869500 13.30207200 -0.43609300
v 3.54976500 13.30207000 -0.43610400
v 3.54976500 13.30207000 -0.43610400
v 3.52869500 13.34273500 -0.46456600
v 3.52869500 13.34273500 -0.46456600
v 3.54976400 13.34272400 -0.46457200
v 3.54976400 13.34272400 -0.46457200
v 3.52863700 13.39218700 -0.46889000
v 3.52863700 13.39218700 -0.46889000
v 3.52842300 13.46563400 -0.40724300
v 3.52842300 13.46563400 -0.40724300
v 3.52853800 13.43717200 -0.44790600
v 3.52853800 13.43717200 -0.44790600
v 3.56398500 13.38767000 -0.44341500
v 3.56398500 13.38767000 -0.44341500
v 3.56404700 13.35157300 -0.44025700
v 3.56404700 13.35157300 -0.44025700
v 3.62144900 13.35155600 -0.44028000
v 3.62144900 13.38765300 -0.44343900
v 3.56404700 13.32189200 -0.41947300
v 3.56404700 13.32189200 -0.41947300
v 3.62144900 13.32187500 -0.41949700
v 3.56398700 13.30657800 -0.38663300
v 3.56398700 13.30657800 -0.38663300
v 3.56398700 13.30657800 -0.38663300
v 3.56398700 13.30657800 -0.38663300
v 3.62144900 13.30656100 -0.38665700
v 3.62144900 13.30656100 -0.38665700
v 3.56388200 13.30973600 -0.35053700
v 3.56388200 13.30973600 -0.35053700
v 3.62144900 13.30971900 -0.35056100
v 3.62144800 13.33050300 -0.32087900
v 3.56376100 13.33052000 -0.32085500
v 3.56376100 13.33052000 -0.32085500
v 3.62144800 13.36334200 -0.30556500
v 3.56365600 13.36335900 -0.30554100
v 3.56365600 13.36335900 -0.30554100
v 3.62144800 13.44443400 -0.36234700
v 3.62144800 13.42912100 -0.32950700
v 3.64277800 13.42225900 -0.32471600
v 3.64277800 13.42225900 -0.32471600
v 3.64291000 13.33049600 -0.32088800
v 3.73662000 13.32184000 -0.41954500
v 3.73662000 13.35152200 -0.44032800
v 3.73655800 13.38761900 -0.44348600
v 3.73645300 13.42045900 -0.42817300
v 3.85065600 13.39937100 -0.30881900
v 3.85065600 13.39937100 -0.30881900
v 3.85071700 13.36327500 -0.30566100
v 3.85071700 13.36327500 -0.30566100
v 3.62144000 13.39943400 -0.30872300
v 3.75509900 13.39940100 -0.30878000
v 3.52859800 13.29037700 -0.38318900
v 3.52859800 13.29037700 -0.38318900
v 3.52859800 13.29037700 -0.38318900
v 3.52859800 13.29037700 -0.38318900
v 3.52866300 13.30542800 -0.42453500
v 3.52866300 13.30542800 -0.42453500
v 3.52868000 13.33913500 -0.45281700
v 3.52868000 13.33913500 -0.45281700
v 3.52864500 13.38246800 -0.46045700
v 3.52864500 13.38246800 -0.46045700
v 3.52856700 13.42381700 -0.44540800
v 3.52856700 13.42381700 -0.44540800
v 3.52846700 13.45210100 -0.41170300
v 3.52846700 13.45210100 -0.41170300
v 3.52837100 13.45974000 -0.36837200
v 3.52837100 13.45974000 -0.36837200
v 3.52830600 13.44468600 -0.32702700
v 3.52830600 13.44468600 -0.32702700
v 3.52828900 13.41097500 -0.29874500
v 3.52828900 13.41097500 -0.29874500
v 3.52832500 13.36764000 -0.29110500
v 3.52832500 13.36764000 -0.29110500
v 3.52840300 13.32629400 -0.30615300
v 3.52840300 13.32629400 -0.30615300
v 3.52850300 13.29801400 -0.33985900
v 3.52850300 13.29801400 -0.33985900
v 3.45432200 13.32488000 -0.44939300
v 3.46117600 13.29451500 -0.41828100
v 3.38241800 13.29792800 -0.44939300
v 3.39741500 13.27064700 -0.41828100
v 3.31862800 13.25043600 -0.44939300
v 3.34065300 13.22842600 -0.41828100
v 3.28200800 13.19758100 -0.44939300
v 3.31066000 13.18536000 -0.41828100
v 3.26939400 13.11731800 -0.44939300
v 3.30050300 13.11777200 -0.41828100
v 3.31188900 13.11793800 -0.37578100
v 3.31188900 13.11793800 -0.37578100
v 3.30050300 13.11777200 -0.33328100
v 3.26939400 13.11731800 -0.30216800
v 3.22689800 13.11669800 -0.29078100
v 3.18440300 13.11607800 -0.30216800
v 3.15329400 13.11562400 -0.33328100
v 3.14190700 13.11545800 -0.37578100
v 3.15329400 13.11562400 -0.41828100
v 3.18440300 13.11607800 -0.44939300
v 3.22689800 13.11669800 -0.46078100
v 3.24286900 13.21427500 -0.46078100
v 3.20373000 13.23097000 -0.44939300
v 3.28854200 13.28050200 -0.46078100
v 3.25845600 13.31056900 -0.44939300
v 3.36193000 13.33519600 -0.46078100
v 3.34144300 13.37246200 -0.44939300
v 3.44496000 13.36636000 -0.46078100
v 3.43559700 13.40783900 -0.44939300
v 3.42874300 13.43820400 -0.41828100
v 3.42623400 13.44931800 -0.37578100
v 3.42874300 13.43820400 -0.33328100
v 3.43559700 13.40783900 -0.30216900
v 3.44496000 13.36636000 -0.29078100
v 3.45432200 13.32488000 -0.30216900
v 3.46117600 13.29451500 -0.33328100
v 3.46368500 13.28340100 -0.37578100
v 3.46368500 13.28340100 -0.37578100
v 3.40290500 13.26066100 -0.37578100
v 3.40290500 13.26066100 -0.37578100
v 3.39741500 13.27064700 -0.33328100
v 3.34871400 13.22036900 -0.37578100
v 3.34871400 13.22036900 -0.37578100
v 3.34065200 13.22842600 -0.33328100
v 3.32114700 13.18088700 -0.37578100
v 3.32114700 13.18088700 -0.37578100
v 3.31066000 13.18536000 -0.33328100
v 3.28200800 13.19758100 -0.30216800
v 3.24286900 13.21427600 -0.29078100
v 3.20373000 13.23097000 -0.30216900
v 3.17507800 13.24319200 -0.33328100
v 3.16459100 13.24766500 -0.37578100
v 3.17507800 13.24319200 -0.41828100
v 3.23643100 13.33257900 -0.41828100
v 3.22836900 13.34063400 -0.37578100
v 3.32644500 13.39974400 -0.41828100
v 3.32095600 13.40972900 -0.37578100
v 3.32644500 13.39974400 -0.33328100
v 3.34144300 13.37246200 -0.30216900
v 3.36193000 13.33519600 -0.29078100
v 3.38241700 13.29792900 -0.30216900
v 3.31862800 13.25043600 -0.30216900
v 3.28854200 13.28050200 -0.29078100
v 3.25845500 13.31056900 -0.30216900
v 3.23643100 13.33257900 -0.33328100
v 3.85077300 13.43402900 -0.37112000
v 3.85077300 13.43402900 -0.37112000
v 3.85087000 13.42863800 -0.40170600
v 3.85087000 13.42863800 -0.40170600
v 3.85097300 13.40868400 -0.42549700
v 3.85097300 13.40868400 -0.42549700
v 3.85105300 13.37951300 -0.43611900
v 3.85105300 13.37951300 -0.43611900
v 3.85108900 13.34894100 -0.43072400
v 3.85108900 13.34894100 -0.43072400
v 3.85107200 13.32516100 -0.41075900
v 3.85107200 13.32516100 -0.41075900
v 3.85100500 13.31454400 -0.38157300
v 3.85100500 13.31454400 -0.38157300
v 3.85100500 13.31454400 -0.38157300
v 3.85100500 13.31454400 -0.38157300
v 3.85090800 13.31993500 -0.35098700
v 3.85090800 13.31993500 -0.35098700
v 3.85080500 13.33989000 -0.32719500
v 3.85080500 13.33989000 -0.32719500
v 3.85072500 13.36906100 -0.31657500
v 3.85072500 13.36906100 -0.31657500
v 3.85068900 13.39963300 -0.32196800
v 3.85068900 13.39963300 -0.32196800
v 3.85070600 13.42341200 -0.34193400
v 3.85070600 13.42341200 -0.34193400
v 3.95674100 13.41411200 -0.34634700
v 3.95015400 13.39312700 -0.32438500
v 4.04730700 13.35825900 -0.34634700
v 4.03088700 13.34356900 -0.32438400
v 4.09855700 13.26499400 -0.34634700
v 4.07790700 13.25749800 -0.32438400
v 4.12158800 13.17670700 -0.34634700
v 4.09982000 13.17370900 -0.32438500
v 4.11807800 13.06591600 -0.34634700
v 4.09642600 13.06959200 -0.32438400
v 4.06684900 13.07461300 -0.31634600
v 4.03727200 13.07963400 -0.32438400
v 4.01562100 13.08330900 -0.34634700
v 4.00769600 13.08465400 -0.37634600
v 4.00769600 13.08465400 -0.37634600
v 4.01562100 13.08330900 -0.40634600
v 4.03727200 13.07963400 -0.42830800
v 4.06684900 13.07461300 -0.43634600
v 4.09642600 13.06959200 -0.42830800
v 4.11807800 13.06591600 -0.40634600
v 4.12600300 13.06457100 -0.37634600
v 4.12955600 13.17780400 -0.37634700
v 4.12158800 13.17670700 -0.40634700
v 4.10611600 13.26773700 -0.37634600
v 4.09855700 13.26499400 -0.40634600
v 4.05331700 13.36363600 -0.37634600
v 4.04730700 13.35825900 -0.40634600
v 3.95915200 13.42179300 -0.37634600
v 3.95674100 13.41411200 -0.40634700
v 3.95015400 13.39312700 -0.42830800
v 3.94115600 13.36446300 -0.43634700
v 3.93215800 13.33579700 -0.42830800
v 3.92557000 13.31481300 -0.40634700
v 3.92315900 13.30713300 -0.37634600
v 3.92315900 13.30713300 -0.37634600
v 3.92557000 13.31481300 -0.34634700
v 3.93215800 13.33579700 -0.32438500
v 3.94115500 13.36446300 -0.31634700
v 4.00845600 13.32350200 -0.31634700
v 3.98602600 13.30343400 -0.32438400
v 4.04969900 13.24725800 -0.31634600
v 4.02149000 13.23701900 -0.32438400
v 4.07008300 13.16961400 -0.31634700
v 4.04034600 13.16552000 -0.32438500
v 4.01857800 13.16252100 -0.34634700
v 4.01061000 13.16142500 -0.37634700
v 4.01061000 13.16142500 -0.37634700
v 4.01857800 13.16252100 -0.40634700
v 4.04034700 13.16552000 -0.42830900
v 4.07008300 13.16961500 -0.43634700
v 4.09982000 13.17370900 -0.42830900
v 4.07790700 13.25749800 -0.42830800
v 4.04969900 13.24725800 -0.43634600
v 4.03088700 13.34356900 -0.42830800
v 4.00845600 13.32350200 -0.43634600
v 3.98602600 13.30343300 -0.42830800
v 3.96960600 13.28874300 -0.40634600
v 3.96359600 13.28336600 -0.37634600
v 3.96359600 13.28336600 -0.37634600
v 3.96960600 13.28874300 -0.34634700
v 4.00084000 13.22952200 -0.34634700
v 3.99328100 13.22677900 -0.37634600
v 3.99328100 13.22677900 -0.37634600
v 4.00084000 13.22952200 -0.40634600
v 4.02149000 13.23701900 -0.42830800
v 3.45147900 13.71280500 -0.17467100
v 3.44026100 13.70786200 -0.15187700
v 3.43551300 13.69163100 -0.13228200
v 3.43850900 13.66846500 -0.12113900
v 3.44844500 13.64456700 -0.12143200
v 3.46265900 13.62634400 -0.13308200
v 3.47734200 13.61867700 -0.15296900
v 3.47734200 13.61867700 -0.15296900
v 3.48856000 13.62362100 -0.17576300
v 3.49330800 13.63985100 -0.19535800
v 3.49031300 13.66301700 -0.20650100
v 3.48037600 13.68691400 -0.20620800
v 3.46616200 13.70513800 -0.19455800
v 3.31775200 13.69265000 -0.27347100
v 3.30467500 13.68683100 -0.25188600
v 3.29939300 13.67035000 -0.23263900
v 3.30332400 13.64762300 -0.22088800
v 3.31541200 13.62473900 -0.21977900
v 3.33241900 13.60782900 -0.22961200
v 3.34978900 13.60142500 -0.24775000
v 3.34978900 13.60142500 -0.24775000
v 3.36286700 13.60724400 -0.26933500
v 3.36814800 13.62372400 -0.28858200
v 3.36421800 13.64645200 -0.30033400
v 3.35212900 13.66933600 -0.30144200
v 3.33512200 13.68624600 -0.29160900
v 3.25612400 13.64691200 -0.33264000
v 3.23990900 13.63869700 -0.31414600
v 3.23371800 13.62152000 -0.29579500
v 3.23921100 13.59998600 -0.28250500
v 3.25491300 13.57986400 -0.27783700
v 3.27662000 13.56654400 -0.28304100
v 3.29851300 13.56359700 -0.29672400
v 3.29851300 13.56359700 -0.29672400
v 3.31472700 13.57181200 -0.31521800
v 3.32091800 13.58898700 -0.33357000
v 3.31542600 13.61052200 -0.34685900
v 3.29972300 13.63064500 -0.35152800
v 3.27801700 13.64396500 -0.34632300
v 3.23083200 13.59651500 -0.39288900
v 3.21232700 13.58352200 -0.38009400
v 3.20547800 13.56497300 -0.36338100
v 3.21212100 13.54583900 -0.34722800
v 3.23047500 13.53124700 -0.33596300
v 3.25562200 13.52510600 -0.33260500
v 3.28082600 13.52906300 -0.33805400
v 3.28082600 13.52906300 -0.33805400
v 3.29933100 13.54205700 -0.35085000
v 3.30618000 13.56060500 -0.36756300
v 3.29953700 13.57974000 -0.38371600
v 3.28118300 13.59433200 -0.39498100
v 3.25603500 13.60047100 -0.39833800
v 3.25449500 13.54341500 -0.45327600
v 3.25449500 13.54341500 -0.45327600
v 3.23967900 13.52223800 -0.44982500
v 3.23967900 13.52223800 -0.44982500
v 3.23426700 13.50057900 -0.43666400
v 3.23426700 13.50057900 -0.43666400
v 3.23970900 13.48424200 -0.41732000
v 3.23970900 13.48424200 -0.41732000
v 3.25454700 13.47760600 -0.39697600
v 3.25454700 13.47760600 -0.39697600
v 3.27480500 13.48244700 -0.38108300
v 3.27480500 13.48244700 -0.38108300
v 3.29505600 13.49746900 -0.37389900
v 3.29505600 13.49746900 -0.37389900
v 3.29505600 13.49746900 -0.37389900
v 3.29505600 13.49746900 -0.37389900
v 3.30987300 13.51864600 -0.37735000
v 3.30987300 13.51864600 -0.37735000
v 3.31528500 13.54030400 -0.39051100
v 3.31528500 13.54030400 -0.39051100
v 3.30984200 13.55664100 -0.40985500
v 3.30984200 13.55664100 -0.40985500
v 3.29500400 13.56327700 -0.43019900
v 3.29500400 13.56327700 -0.43019900
v 3.27474600 13.55843600 -0.44609300
v 3.27474600 13.55843600 -0.44609300
v 3.33706200 13.49978200 -0.50502300
v 3.32675800 13.47604100 -0.50460200
v 3.32283500 13.45352400 -0.49245700
v 3.32634400 13.43826500 -0.47184200
v 3.33634500 13.43435200 -0.44828200
v 3.35015900 13.44283300 -0.42808900
v 3.36408300 13.46143700 -0.41667300
v 3.36408300 13.46143700 -0.41667300
v 3.37438800 13.48517700 -0.41709300
v 3.37831100 13.50769400 -0.42923900
v 3.37480100 13.52295300 -0.44985300
v 3.36480000 13.52686600 -0.47341300
v 3.35098600 13.51838500 -0.49360700
v 3.43656200 13.45563300 -0.54887000
v 3.42496800 13.43248700 -0.54788600
v 3.41920900 13.41080700 -0.53493100
v 3.42082800 13.39640300 -0.51347600
v 3.42939100 13.39313700 -0.48927100
v 3.44260200 13.40188100 -0.46880000
v 3.45692400 13.42029400 -0.45754900
v 3.45692400 13.42029400 -0.45754900
v 3.46851700 13.44344100 -0.45853300
v 3.47427600 13.46512100 -0.47148900
v 3.47265800 13.47952400 -0.49294400
v 3.46409500 13.48279100 -0.51714900
v 3.45088300 13.47404600 -0.53762000
v 3.51247600 13.40143200 -0.58291400
v 3.49417400 13.38335700 -0.57886500
v 3.48266200 13.36602100 -0.56328200
v 3.48102400 13.35406900 -0.54034200
v 3.48970100 13.35070200 -0.51619100
v 3.50636500 13.35682500 -0.49730000
v 3.52655300 13.37079400 -0.48873100
v 3.52655300 13.37079400 -0.48873100
v 3.54485500 13.38886900 -0.49278100
v 3.55636800 13.40620500 -0.50836300
v 3.55800500 13.41815800 -0.53130400
v 3.54932900 13.42152400 -0.55545400
v 3.53266400 13.41540200 -0.57434500
v 3.55379600 13.33411600 -0.60617100
v 3.53153300 13.32237000 -0.59991400
v 3.51634700 13.31091600 -0.58228600
v 3.51230800 13.30282300 -0.55800900
v 3.52049600 13.30025900 -0.53358700
v 3.53871900 13.30391200 -0.51556700
v 3.56209300 13.31280300 -0.50877400
v 3.56209300 13.31280300 -0.50877400
v 3.58435600 13.32454900 -0.51503100
v 3.59954100 13.33600300 -0.53266000
v 3.60358100 13.34409600 -0.55693700
v 3.59539200 13.34666000 -0.58135800
v 3.57717000 13.34300700 -0.59937800
v 3.57789800 13.25771100 -0.61989200
v 3.55364800 13.25224800 -0.61250300
v 3.53653100 13.24689700 -0.59377500
v 3.53113500 13.24309100 -0.56872500
v 3.53890500 13.24185100 -0.54406600
v 3.55775800 13.24350900 -0.52640400
v 3.58264500 13.24762100 -0.52047300
v 3.58264500 13.24762100 -0.52047300
v 3.60689600 13.25308400 -0.52786200
v 3.62401200 13.25843500 -0.54659100
v 3.62940800 13.26224000 -0.57164100
v 3.62163900 13.26348000 -0.59630000
v 3.60278500 13.26182300 -0.61396100
v 3.58456400 13.17338600 -0.62392800
v 3.55981900 13.17395900 -0.61624000
v 3.54222000 13.17447200 -0.59722000
v 3.53648500 13.17478700 -0.57196600
v 3.54415100 13.17481900 -0.54724400
v 3.56316200 13.17456100 -0.52967800
v 3.58842600 13.17408000 -0.52397500
v 3.58842600 13.17408000 -0.52397500
v 3.61317200 13.17350600 -0.53166300
v 3.63077000 13.17299300 -0.55068200
v 3.63650500 13.17267800 -0.57593700
v 3.62883900 13.17264600 -0.60065900
v 3.60982800 13.17290500 -0.61822500
v 3.58155300 13.12962800 -0.62241700
v 3.55690200 13.13158900 -0.61477700
v 3.53939600 13.13344900 -0.59580400
v 3.53372700 13.13470900 -0.57058200
v 3.54141200 13.13503400 -0.54587000
v 3.56039300 13.13433500 -0.52828800
v 3.58558400 13.13279800 -0.52254900
v 3.58558400 13.13279800 -0.52254900
v 3.61023400 13.13083800 -0.53018900
v 3.62774000 13.12897800 -0.54916200
v 3.63341000 13.12771700 -0.57438400
v 3.62572400 13.12739300 -0.59909600
v 3.60674300 13.12809200 -0.61667800
v 3.36920400 13.62454800 0.00083400
v 3.37257600 13.63704900 0.00083400
v 3.38178700 13.64619900 0.00083400
v 3.39437000 13.64954900 0.00083400
v 3.40695300 13.64619900 0.00083400
v 3.41616400 13.63704900 0.00083400
v 3.41953600 13.62454800 0.00083400
v 3.41953600 13.62454800 0.00083400
v 3.41616400 13.61204800 0.00083400
v 3.40695300 13.60289800 0.00083400
v 3.39437000 13.59954800 0.00083400
v 3.38178700 13.60289800 0.00083400
v 3.37257600 13.61204800 0.00083400
v 3.37767100 13.62454800 0.07421800
v 3.38095400 13.63704900 0.07345200
v 3.38992400 13.64619900 0.07135900
v 3.40217700 13.64954900 0.06850000
v 3.41443000 13.64619900 0.06564100
v 3.42340000 13.63704900 0.06354800
v 3.42668300 13.62454800 0.06278200
v 3.42668300 13.62454800 0.06278200
v 3.42340000 13.61204800 0.06354800
v 3.41443000 13.60289800 0.06564100
v 3.40217700 13.59954800 0.06850000
v 3.38992400 13.60289800 0.07135900
v 3.38095400 13.61204800 0.07345200
v 3.40181600 13.62454900 0.14169700
v 3.40484300 13.63704900 0.14021600
v 3.41311400 13.64619900 0.13616900
v 3.42441100 13.64954900 0.13064000
v 3.43570900 13.64619900 0.12511200
v 3.44398000 13.63704900 0.12106400
v 3.44700700 13.62454900 0.11958300
v 3.44700700 13.62454900 0.11958300
v 3.44398000 13.61204800 0.12106400
v 3.43570900 13.60289800 0.12511200
v 3.42441100 13.59954800 0.13064000
v 3.41311400 13.60289800 0.13616900
v 3.40484300 13.61204800 0.14021600
v 3.43967300 13.62454900 0.20121000
v 3.44230200 13.63704900 0.19910200
v 3.44948300 13.64619900 0.19334200
v 3.45929300 13.64954900 0.18547400
v 3.46910300 13.64619900 0.17760700
v 3.47628400 13.63704900 0.17184700
v 3.47891300 13.62454900 0.16973900
v 3.47891300 13.62454900 0.16973900
v 3.47628400 13.61204800 0.17184700
v 3.46910300 13.60289800 0.17760700
v 3.45929300 13.59954800 0.18547400
v 3.44948300 13.60289800 0.19334200
v 3.44230200 13.61204800 0.19910200
v 3.48930500 13.62454900 0.25084200
v 3.49141300 13.63704900 0.24821400
v 3.49717300 13.64619900 0.24103200
v 3.50504100 13.64954900 0.23122200
v 3.51290900 13.64619900 0.22141300
v 3.51866800 13.63704900 0.21423100
v 3.52077700 13.62454900 0.21160300
v 3.52077700 13.62454900 0.21160300
v 3.51866800 13.61204800 0.21423100
v 3.51290900 13.60289800 0.22141300
v 3.50504100 13.59954800 0.23122300
v 3.49717300 13.60289800 0.24103200
v 3.49141300 13.61204800 0.24821400
v 3.54881800 13.62454900 0.28870000
v 3.55029900 13.63704900 0.28567300
v 3.55434700 13.64619900 0.27740200
v 3.55987500 13.64954900 0.26610400
v 3.56540400 13.64619900 0.25480600
v 3.56945100 13.63704900 0.24653500
v 3.57093200 13.62454900 0.24350800
v 3.57093200 13.62454900 0.24350800
v 3.56945100 13.61204800 0.24653500
v 3.56540400 13.60289800 0.25480600
v 3.55987500 13.59954800 0.26610400
v 3.55434700 13.60289800 0.27740200
v 3.55029900 13.61204800 0.28567300
v 3.61629700 13.62454900 0.31284500
v 3.61706300 13.63704900 0.30956100
v 3.61915600 13.64619900 0.30059100
v 3.62201500 13.64954900 0.28833800
v 3.62487500 13.64619900 0.27608500
v 3.62696700 13.63704900 0.26711600
v 3.62773400 13.62454900 0.26383200
v 3.62773400 13.62454900 0.26383200
v 3.62696700 13.61204800 0.26711600
v 3.62487500 13.60289800 0.27608500
v 3.62201500 13.59954800 0.28833800
v 3.61915600 13.60289800 0.30059100
v 3.61706300 13.61204800 0.30956100
v 3.68968100 13.62454900 0.32131100
v 3.68968100 13.62454900 0.32131100
v 3.68968100 13.63704900 0.31794000
v 3.68968100 13.63704900 0.31794000
v 3.68968100 13.64619900 0.30872800
v 3.68968100 13.64619900 0.30872800
v 3.68968100 13.64954900 0.29614600
v 3.68968100 13.64954900 0.29614600
v 3.68968100 13.64619900 0.28356300
v 3.68968100 13.64619900 0.28356300
v 3.68968100 13.63704900 0.27435100
v 3.68968100 13.63704900 0.27435100
v 3.68968100 13.62454900 0.27098000
v 3.68968100 13.62454900 0.27098000
v 3.68968100 13.62454900 0.27098000
v 3.68968100 13.62454900 0.27098000
v 3.68968100 13.61204800 0.27435100
v 3.68968100 13.61204800 0.27435100
v 3.68968100 13.60289800 0.28356300
v 3.68968100 13.60289800 0.28356300
v 3.68968100 13.59954800 0.29614600
v 3.68968100 13.59954800 0.29614600
v 3.68968100 13.60289800 0.30872900
v 3.68968100 13.60289800 0.30872900
v 3.68968100 13.61204800 0.31794000
v 3.68968100 13.61204800 0.31794000
v 3.76306500 13.62454900 0.31284500
v 3.76229900 13.63704900 0.30956100
v 3.76020600 13.64619900 0.30059200
v 3.75734700 13.64954900 0.28833800
v 3.75448800 13.64619900 0.27608500
v 3.75239500 13.63704900 0.26711600
v 3.75162900 13.62454900 0.26383200
v 3.75162900 13.62454900 0.26383200
v 3.75239500 13.61204800 0.26711600
v 3.75448800 13.60289800 0.27608500
v 3.75734700 13.59954800 0.28833900
v 3.76020600 13.60289800 0.30059200
v 3.76229900 13.61204800 0.30956100
v 3.83054400 13.62454900 0.28870000
v 3.82906300 13.63704900 0.28567300
v 3.82501600 13.64619900 0.27740200
v 3.81948700 13.64954900 0.26610400
v 3.81395900 13.64619900 0.25480600
v 3.80991100 13.63704900 0.24653600
v 3.80843000 13.62454900 0.24350800
v 3.80843000 13.62454900 0.24350800
v 3.80991100 13.61204800 0.24653600
v 3.81395900 13.60289800 0.25480600
v 3.81948700 13.59954800 0.26610400
v 3.82501600 13.60289800 0.27740200
v 3.82906300 13.61204800 0.28567300
v 3.89005700 13.62454900 0.25084200
v 3.88794900 13.63704900 0.24821400
v 3.88219000 13.64619900 0.24103200
v 3.87432200 13.64954900 0.23122300
v 3.86645400 13.64619900 0.22141300
v 3.86069400 13.63704900 0.21423200
v 3.85858600 13.62454900 0.21160300
v 3.85858600 13.62454900 0.21160300
v 3.86069400 13.61204800 0.21423200
v 3.86645400 13.60289800 0.22141300
v 3.87432200 13.59954800 0.23122300
v 3.88219000 13.60289800 0.24103300
v 3.88794900 13.61204800 0.24821400
v 3.93968900 13.62454800 0.20121000
v 3.93706100 13.63704900 0.19910200
v 3.92988000 13.64619900 0.19334200
v 3.92007000 13.64954900 0.18547500
v 3.91026000 13.64619900 0.17760700
v 3.90307900 13.63704900 0.17184700
v 3.90045000 13.62454800 0.16973900
v 3.90045000 13.62454800 0.16973900
v 3.90307900 13.61204800 0.17184700
v 3.91026000 13.60289800 0.17760700
v 3.92007000 13.59954800 0.18547500
v 3.92988000 13.60289800 0.19334200
v 3.93706100 13.61204800 0.19910200
v 3.97754700 13.62454800 0.14169700
v 3.97452000 13.63704900 0.14021600
v 3.96624900 13.64619900 0.13616900
v 3.95495100 13.64954900 0.13064000
v 3.94365300 13.64619900 0.12511200
v 3.93538300 13.63704900 0.12106500
v 3.93235500 13.62454800 0.11958300
v 3.93235500 13.62454800 0.11958300
v 3.93538300 13.61204800 0.12106500
v 3.94365300 13.60289800 0.12511200
v 3.95495100 13.59954800 0.13064000
v 3.96624900 13.60289800 0.13616900
v 3.97452000 13.61204800 0.14021600
v 4.00169200 13.62454800 0.07421800
v 3.99840900 13.63704900 0.07345200
v 3.98943900 13.64619900 0.07135900
v 3.97718600 13.64954900 0.06850000
v 3.96493300 13.64619900 0.06564100
v 3.95596300 13.63704900 0.06354800
v 3.95268000 13.62454800 0.06278200
v 3.95268000 13.62454800 0.06278200
v 3.95596300 13.61204800 0.06354800
v 3.96493300 13.60289800 0.06564100
v 3.97718600 13.59954800 0.06850000
v 3.98943900 13.60289800 0.07135900
v 3.99840900 13.61204800 0.07345200
v 4.01015900 13.62454800 0.00083400
v 4.00678700 13.63704900 0.00083400
v 3.99757600 13.64619900 0.00083400
v 3.98499300 13.64954900 0.00083400
v 3.97241000 13.64619900 0.00083400
v 3.96319800 13.63704900 0.00083400
v 3.95982700 13.62454800 0.00083400
v 3.95982700 13.62454800 0.00083400
v 3.96319800 13.61204800 0.00083400
v 3.97241000 13.60289800 0.00083400
v 3.98499300 13.59954800 0.00083400
v 3.99757600 13.60289800 0.00083400
v 4.00678700 13.61204800 0.00083400
v 4.00169200 13.62454800 -0.07255000
v 3.99840900 13.63704900 -0.07178400
v 3.98943900 13.64619900 -0.06969100
v 3.97718600 13.64954900 -0.06683200
v 3.96493300 13.64619900 -0.06397200
v 3.95596300 13.63704900 -0.06187900
v 3.95268000 13.62454800 -0.06111300
v 3.95268000 13.62454800 -0.06111300
v 3.95596300 13.61204800 -0.06187900
v 3.96493300 13.60289800 -0.06397200
v 3.97718600 13.59954800 -0.06683200
v 3.98943900 13.60289800 -0.06969100
v 3.99840900 13.61204800 -0.07178400
v 3.97754700 13.62454800 -0.14002900
v 3.97452000 13.63704800 -0.13854800
v 3.96624900 13.64619900 -0.13450000
v 3.95495100 13.64954900 -0.12897200
v 3.94365300 13.64619900 -0.12344300
v 3.93538300 13.63704800 -0.11939600
v 3.93235500 13.62454800 -0.11791500
v 3.93235500 13.62454800 -0.11791500
v 3.93538300 13.61204800 -0.11939600
v 3.94365300 13.60289800 -0.12344300
v 3.95495100 13.59954800 -0.12897200
v 3.96624900 13.60289800 -0.13450000
v 3.97452000 13.61204800 -0.13854800
v 3.93969000 13.62454800 -0.19954200
v 3.93706100 13.63704800 -0.19743400
v 3.92988000 13.64619900 -0.19167400
v 3.92007000 13.64954900 -0.18380600
v 3.91026000 13.64619900 -0.17593800
v 3.90307900 13.63704800 -0.17017900
v 3.90045000 13.62454800 -0.16807000
v 3.90045000 13.62454800 -0.16807000
v 3.90307900 13.61204800 -0.17017900
v 3.91026000 13.60289800 -0.17593800
v 3.92007000 13.59954800 -0.18380600
v 3.92988000 13.60289800 -0.19167400
v 3.93706100 13.61204800 -0.19743400
v 3.89005800 13.62454800 -0.24917400
v 3.88794900 13.63704800 -0.24654500
v 3.88219000 13.64619900 -0.23936400
v 3.87432200 13.64954900 -0.22955400
v 3.86645400 13.64619900 -0.21974400
v 3.86069400 13.63704800 -0.21256300
v 3.85858600 13.62454800 -0.20993500
v 3.85858600 13.62454800 -0.20993500
v 3.86069400 13.61204800 -0.21256300
v 3.86645400 13.60289800 -0.21974400
v 3.87432200 13.59954800 -0.22955400
v 3.88219000 13.60289800 -0.23936400
v 3.88794900 13.61204800 -0.24654500
v 3.83054400 13.62454800 -0.28703200
v 3.82906300 13.63704800 -0.28400400
v 3.82501600 13.64619800 -0.27573400
v 3.81948800 13.64954900 -0.26443600
v 3.81395900 13.64619900 -0.25313800
v 3.80991200 13.63704800 -0.24486700
v 3.80843000 13.62454800 -0.24184000
v 3.80843000 13.62454800 -0.24184000
v 3.80991200 13.61204800 -0.24486700
v 3.81395900 13.60289800 -0.25313800
v 3.81948800 13.59954800 -0.26443600
v 3.82501600 13.60289800 -0.27573400
v 3.82906300 13.61204800 -0.28400400
v 3.76306500 13.62454800 -0.31117600
v 3.76229900 13.63704800 -0.30789300
v 3.76020600 13.64619800 -0.29892300
v 3.75734700 13.64954900 -0.28667000
v 3.75448800 13.64619900 -0.27441700
v 3.75239500 13.63704800 -0.26544700
v 3.75162900 13.62454800 -0.26216400
v 3.75162900 13.62454800 -0.26216400
v 3.75239500 13.61204800 -0.26544700
v 3.75448800 13.60289800 -0.27441700
v 3.75734700 13.59954800 -0.28667000
v 3.76020600 13.60289800 -0.29892300
v 3.76229900 13.61204800 -0.30789300
v 3.68968100 13.62454800 -0.31964300
v 3.68968100 13.62454800 -0.31964300
v 3.68968100 13.63704800 -0.31627200
v 3.68968100 13.63704800 -0.31627200
v 3.68968200 13.64619800 -0.30706000
v 3.68968200 13.64619800 -0.30706000
v 3.68968200 13.64954900 -0.29447700
v 3.68968200 13.64954900 -0.29447700
v 3.68968200 13.64619900 -0.28189400
v 3.68968200 13.64619900 -0.28189400
v 3.68968200 13.63704800 -0.27268300
v 3.68968200 13.63704800 -0.27268300
v 3.68968200 13.62454800 -0.26931100
v 3.68968200 13.62454800 -0.26931100
v 3.68968200 13.62454800 -0.26931100
v 3.68968200 13.62454800 -0.26931100
v 3.68968200 13.61204800 -0.27268300
v 3.68968200 13.61204800 -0.27268300
v 3.68968200 13.60289800 -0.28189400
v 3.68968200 13.60289800 -0.28189400
v 3.68968200 13.59954800 -0.29447700
v 3.68968200 13.59954800 -0.29447700
v 3.68968200 13.60289800 -0.30706000
v 3.68968200 13.60289800 -0.30706000
v 3.68968100 13.61204800 -0.31627200
v 3.68968100 13.61204800 -0.31627200
v 3.61629700 13.62454800 -0.31117600
v 3.61706400 13.63704800 -0.30789300
v 3.61915600 13.64619900 -0.29892300
v 3.62201600 13.64954900 -0.28667000
v 3.62487500 13.64619900 -0.27441700
v 3.62696800 13.63704800 -0.26544700
v 3.62773400 13.62454800 -0.26216400
v 3.62773400 13.62454800 -0.26216400
v 3.62696800 13.61204800 -0.26544700
v 3.62487500 13.60289800 -0.27441700
v 3.62201600 13.59954800 -0.28667000
v 3.61915600 13.60289800 -0.29892300
v 3.61706400 13.61204800 -0.30789300
v 3.54881800 13.62454800 -0.28703200
v 3.55030000 13.63704800 -0.28400400
v 3.55434700 13.64619900 -0.27573400
v 3.55987500 13.64954900 -0.26443600
v 3.56540400 13.64619900 -0.25313800
v 3.56945100 13.63704800 -0.24486700
v 3.57093300 13.62454800 -0.24184000
v 3.57093300 13.62454800 -0.24184000
v 3.56945100 13.61204800 -0.24486700
v 3.56540400 13.60289800 -0.25313800
v 3.55987500 13.59954800 -0.26443600
v 3.55434700 13.60289800 -0.27573400
v 3.55030000 13.61204800 -0.28400400
v 3.48930500 13.62454800 -0.24917400
v 3.49141400 13.63704800 -0.24654500
v 3.49717300 13.64619900 -0.23936400
v 3.50504100 13.64954900 -0.22955400
v 3.51290900 13.64619900 -0.21974500
v 3.51866900 13.63704800 -0.21256300
v 3.52077700 13.62454800 -0.20993500
v 3.52077700 13.62454800 -0.20993500
v 3.51866900 13.61204800 -0.21256300
v 3.51290900 13.60289800 -0.21974500
v 3.50504100 13.59954800 -0.22955400
v 3.49717300 13.60289800 -0.23936400
v 3.49141400 13.61204800 -0.24654500
v 3.43967300 13.62454800 -0.19954200
v 3.44230200 13.63704900 -0.19743400
v 3.44948300 13.64619900 -0.19167400
v 3.45929300 13.64954900 -0.18380600
v 3.46910300 13.64619900 -0.17593900
v 3.47628400 13.63704900 -0.17017900
v 3.47891300 13.62454800 -0.16807100
v 3.47891300 13.62454800 -0.16807100
v 3.47628400 13.61204800 -0.17017900
v 3.46910300 13.60289800 -0.17593900
v 3.45929300 13.59954800 -0.18380600
v 3.44948300 13.60289800 -0.19167400
v 3.44230200 13.61204800 -0.19743400
v 3.40181600 13.62454800 -0.14002900
v 3.40484300 13.63704900 -0.13854800
v 3.41311400 13.64619900 -0.13450100
v 3.42441200 13.64954900 -0.12897200
v 3.43570900 13.64619900 -0.12344400
v 3.44398000 13.63704900 -0.11939600
v 3.44700700 13.62454800 -0.11791500
v 3.44700700 13.62454800 -0.11791500
v 3.44398000 13.61204800 -0.11939600
v 3.43570900 13.60289800 -0.12344400
v 3.42441200 13.59954800 -0.12897200
v 3.41311400 13.60289800 -0.13450100
v 3.40484300 13.61204800 -0.13854800
v 3.37767100 13.62454800 -0.07255000
v 3.38095400 13.63704900 -0.07178400
v 3.38992400 13.64619900 -0.06969100
v 3.40217700 13.64954900 -0.06683200
v 3.41443000 13.64619900 -0.06397300
v 3.42340000 13.63704900 -0.06188000
v 3.42668300 13.62454800 -0.06111400
v 3.42668300 13.62454800 -0.06111400
v 3.42340000 13.61204800 -0.06188000
v 3.41443000 13.60289800 -0.06397300
v 3.40217700 13.59954800 -0.06683200
v 3.38992400 13.60289800 -0.06969100
v 3.38095400 13.61204800 -0.07178400
v 3.37444900 13.66116000 0.00083400
v 3.37579800 13.66616000 0.00083400
v 3.37948200 13.66982000 0.00083400
v 3.38451500 13.67116000 0.00083400
v 3.38954800 13.66982000 0.00083400
v 3.39323300 13.66616000 0.00083400
v 3.39323300 13.66616000 0.00083400
v 3.39458200 13.66116000 0.00083400
v 3.39323300 13.65615900 0.00083400
v 3.38954800 13.65249900 0.00083400
v 3.38451500 13.65115900 0.00083400
v 3.37948200 13.65249900 0.00083400
v 3.37579800 13.65615900 0.00083400
v 3.38278000 13.66116000 0.07304500
v 3.38409400 13.66616000 0.07273900
v 3.38768100 13.66982000 0.07190200
v 3.39258300 13.67116000 0.07075800
v 3.39748400 13.66982000 0.06961400
v 3.40107200 13.66616000 0.06877700
v 3.40107200 13.66616000 0.06877700
v 3.40238500 13.66116000 0.06847100
v 3.40107200 13.65615900 0.06877700
v 3.39748400 13.65249900 0.06961400
v 3.39258300 13.65115900 0.07075800
v 3.38768100 13.65249900 0.07190200
v 3.38409400 13.65615900 0.07273900
v 3.40652100 13.66116000 0.13939500
v 3.40773200 13.66616000 0.13880200
v 3.41104000 13.66982000 0.13718300
v 3.41555900 13.67116000 0.13497200
v 3.42007800 13.66982000 0.13276000
v 3.42338700 13.66616000 0.13114200
v 3.42338700 13.66616000 0.13114200
v 3.42459800 13.66116000 0.13054900
v 3.42338700 13.65615900 0.13114200
v 3.42007800 13.65249900 0.13276000
v 3.41555900 13.65116000 0.13497200
v 3.41104000 13.65249900 0.13718300
v 3.40773200 13.65615900 0.13880200
v 3.44375700 13.66116000 0.19793000
v 3.44480800 13.66616000 0.19708700
v 3.44768100 13.66982000 0.19478300
v 3.45160500 13.67116000 0.19163600
v 3.45552800 13.66982000 0.18848900
v 3.45840100 13.66616000 0.18618500
v 3.45840100 13.66616000 0.18618500
v 3.45945200 13.66116000 0.18534200
v 3.45840100 13.65615900 0.18618500
v 3.45552800 13.65249900 0.18848900
v 3.45160500 13.65116000 0.19163600
v 3.44768100 13.65249900 0.19478300
v 3.44480800 13.65615900 0.19708700
v 3.49258500 13.66116000 0.24675900
v 3.49342800 13.66616000 0.24570700
v 3.49573200 13.66982000 0.24283500
v 3.49887900 13.67116000 0.23891100
v 3.50202600 13.66982000 0.23498700
v 3.50433000 13.66616000 0.23211400
v 3.50433000 13.66616000 0.23211400
v 3.50517300 13.66116000 0.23106300
v 3.50433000 13.65615900 0.23211400
v 3.50202600 13.65249900 0.23498700
v 3.49887900 13.65116000 0.23891100
v 3.49573200 13.65249900 0.24283500
v 3.49342800 13.65615900 0.24570700
v 3.55112100 13.66116000 0.28399500
v 3.55171300 13.66616000 0.28278400
v 3.55333200 13.66982000 0.27947500
v 3.55554300 13.67116000 0.27495600
v 3.55775500 13.66982000 0.27043700
v 3.55937400 13.66616000 0.26712900
v 3.55937400 13.66616000 0.26712900
v 3.55996600 13.66116000 0.26591800
v 3.55937400 13.65615900 0.26712900
v 3.55775500 13.65249900 0.27043700
v 3.55554300 13.65116000 0.27495600
v 3.55333200 13.65249900 0.27947500
v 3.55171300 13.65616000 0.28278400
v 3.61747000 13.66116000 0.30773500
v 3.61777600 13.66616000 0.30642200
v 3.61861400 13.66982000 0.30283400
v 3.61975700 13.67116000 0.29793300
v 3.62090100 13.66982000 0.29303100
v 3.62173800 13.66616000 0.28944300
v 3.62173800 13.66616000 0.28944300
v 3.62204500 13.66116000 0.28813000
v 3.62173800 13.65616000 0.28944300
v 3.62090100 13.65249900 0.29303100
v 3.61975700 13.65116000 0.29793300
v 3.61861400 13.65249900 0.30283400
v 3.61777600 13.65616000 0.30642200
v 3.68968100 13.66116000 0.31606700
v 3.68968100 13.66616000 0.31471800
v 3.68968100 13.66982000 0.31103300
v 3.68968100 13.67116000 0.30600000
v 3.68968100 13.66982000 0.30096700
v 3.68968100 13.66616000 0.29728300
v 3.68968100 13.66616000 0.29728300
v 3.68968100 13.66116000 0.29593400
v 3.68968100 13.65615900 0.29728300
v 3.68968100 13.65249900 0.30096700
v 3.68968100 13.65116000 0.30600000
v 3.68968100 13.65249900 0.31103300
v 3.68968100 13.65616000 0.31471800
v 3.76189300 13.66116000 0.30773500
v 3.76189300 13.66116000 0.30773500
v 3.76158600 13.66616000 0.30642200
v 3.76158600 13.66616000 0.30642200
v 3.76074900 13.66982000 0.30283400
v 3.76074900 13.66982000 0.30283400
v 3.75960500 13.67116000 0.29793300
v 3.75960500 13.67116000 0.29793300
v 3.75846100 13.66982000 0.29303200
v 3.75846100 13.66982000 0.29303200
v 3.75762400 13.66616000 0.28944400
v 3.75762400 13.66616000 0.28944400
v 3.75762400 13.66616000 0.28944400
v 3.75762400 13.66616000 0.28944400
v 3.75731800 13.66116000 0.28813000
v 3.75731800 13.66116000 0.28813000
v 3.75762400 13.65615900 0.28944400
v 3.75762400 13.65615900 0.28944400
v 3.75846100 13.65249900 0.29303200
v 3.75846100 13.65249900 0.29303200
v 3.75960500 13.65116000 0.29793300
v 3.75960500 13.65116000 0.29793300
v 3.76074900 13.65249900 0.30283400
v 3.76074900 13.65249900 0.30283400
v 3.76158600 13.65615900 0.30642200
v 3.76158600 13.65615900 0.30642200
v 3.82824200 13.66116000 0.28399500
v 3.82764900 13.66616000 0.28278400
v 3.82603000 13.66982000 0.27947600
v 3.82381900 13.67116000 0.27495600
v 3.82160800 13.66982000 0.27043700
v 3.81998900 13.66616000 0.26712900
v 3.81998900 13.66616000 0.26712900
v 3.81939600 13.66116000 0.26591800
v 3.81998900 13.65615900 0.26712900
v 3.82160800 13.65249900 0.27043700
v 3.82381900 13.65116000 0.27495600
v 3.82603000 13.65249900 0.27947600
v 3.82764900 13.65615900 0.28278400
v 3.88677700 13.66116000 0.24675900
v 3.88593400 13.66616000 0.24570700
v 3.88363000 13.66982000 0.24283500
v 3.88048300 13.67116000 0.23891100
v 3.87733600 13.66982000 0.23498700
v 3.87503200 13.66616000 0.23211400
v 3.87503200 13.66616000 0.23211400
v 3.87418900 13.66116000 0.23106300
v 3.87503200 13.65615900 0.23211400
v 3.87733600 13.65249900 0.23498700
v 3.88048300 13.65116000 0.23891100
v 3.88363000 13.65249900 0.24283500
v 3.88593400 13.65615900 0.24570700
v 3.93560600 13.66116000 0.19793100
v 3.93455400 13.66616000 0.19708700
v 3.93168200 13.66982000 0.19478300
v 3.92775800 13.67116000 0.19163600
v 3.92383400 13.66982000 0.18848900
v 3.92096200 13.66616000 0.18618500
v 3.92096200 13.66616000 0.18618500
v 3.91991000 13.66116000 0.18534200
v 3.92096200 13.65615900 0.18618500
v 3.92383400 13.65249900 0.18848900
v 3.92775800 13.65115900 0.19163600
v 3.93168200 13.65249900 0.19478300
v 3.93455400 13.65615900 0.19708700
v 3.97284200 13.66116000 0.13939500
v 3.97163100 13.66616000 0.13880200
v 3.96832300 13.66982000 0.13718300
v 3.96380300 13.67116000 0.13497200
v 3.95928400 13.66982000 0.13276100
v 3.95597600 13.66616000 0.13114200
v 3.95597600 13.66616000 0.13114200
v 3.95476500 13.66116000 0.13054900
v 3.95597600 13.65615900 0.13114200
v 3.95928400 13.65249900 0.13276100
v 3.96380300 13.65115900 0.13497200
v 3.96832300 13.65249900 0.13718300
v 3.97163100 13.65615900 0.13880200
v 3.99658200 13.66116000 0.07304500
v 3.99526900 13.66616000 0.07273900
v 3.99168100 13.66982000 0.07190200
v 3.98678000 13.67116000 0.07075800
v 3.98187900 13.66982000 0.06961400
v 3.97829100 13.66616000 0.06877700
v 3.97829100 13.66616000 0.06877700
v 3.97697700 13.66116000 0.06847100
v 3.97829100 13.65615900 0.06877700
v 3.98187900 13.65249900 0.06961400
v 3.98678000 13.65115900 0.07075800
v 3.99168100 13.65249900 0.07190200
v 3.99526900 13.65615900 0.07273900
v 4.00491400 13.66116000 0.00083400
v 4.00356500 13.66616000 0.00083400
v 3.99988100 13.66982000 0.00083400
v 3.99484800 13.67116000 0.00083400
v 3.98981400 13.66982000 0.00083400
v 3.98613000 13.66616000 0.00083400
v 3.98613000 13.66616000 0.00083400
v 3.98478100 13.66116000 0.00083400
v 3.98613000 13.65615900 0.00083400
v 3.98981400 13.65249900 0.00083400
v 3.99484800 13.65115900 0.00083400
v 3.99988100 13.65249900 0.00083400
v 4.00356500 13.65615900 0.00083400
v 3.99658200 13.66116000 -0.07137700
v 3.99526900 13.66616000 -0.07107100
v 3.99168100 13.66982000 -0.07023300
v 3.98678000 13.67116000 -0.06909000
v 3.98187900 13.66982000 -0.06794600
v 3.97829100 13.66616000 -0.06710900
v 3.97829100 13.66616000 -0.06710900
v 3.97697700 13.66116000 -0.06680200
v 3.97829100 13.65615900 -0.06710900
v 3.98187900 13.65249900 -0.06794600
v 3.98678000 13.65115900 -0.06909000
v 3.99168100 13.65249900 -0.07023300
v 3.99526900 13.65615900 -0.07107100
v 3.97284200 13.66116000 -0.13772600
v 3.97163100 13.66616000 -0.13713400
v 3.96832300 13.66982000 -0.13551500
v 3.96380400 13.67116000 -0.13330400
v 3.95928400 13.66982000 -0.13109200
v 3.95597600 13.66616000 -0.12947300
v 3.95597600 13.66616000 -0.12947300
v 3.95476500 13.66116000 -0.12888100
v 3.95597600 13.65615900 -0.12947300
v 3.95928400 13.65249900 -0.13109200
v 3.96380400 13.65115900 -0.13330400
v 3.96832300 13.65249900 -0.13551500
v 3.97163100 13.65615900 -0.13713400
v 3.93560600 13.66116000 -0.19626200
v 3.93455500 13.66616000 -0.19541900
v 3.93168200 13.66982000 -0.19311500
v 3.92775800 13.67116000 -0.18996800
v 3.92383400 13.66982000 -0.18682100
v 3.92096200 13.66616000 -0.18451700
v 3.92096200 13.66616000 -0.18451700
v 3.91991000 13.66116000 -0.18367400
v 3.92096200 13.65615900 -0.18451700
v 3.92383400 13.65249900 -0.18682100
v 3.92775800 13.65115900 -0.18996800
v 3.93168200 13.65249900 -0.19311500
v 3.93455500 13.65615900 -0.19541900
v 3.88677800 13.66116000 -0.24509000
v 3.88593400 13.66616000 -0.24403900
v 3.88363100 13.66982000 -0.24116600
v 3.88048300 13.67116000 -0.23724200
v 3.87733600 13.66982000 -0.23331900
v 3.87503200 13.66616000 -0.23044600
v 3.87503200 13.66616000 -0.23044600
v 3.87418900 13.66116000 -0.22939500
v 3.87503200 13.65615900 -0.23044600
v 3.87733600 13.65249900 -0.23331900
v 3.88048300 13.65115900 -0.23724200
v 3.88363100 13.65249900 -0.24116600
v 3.88593400 13.65615900 -0.24403900
v 3.82824200 13.66116000 -0.28232600
v 3.82765000 13.66616000 -0.28111500
v 3.82603100 13.66982000 -0.27780700
v 3.82381900 13.67116000 -0.27328800
v 3.82160800 13.66982000 -0.26876900
v 3.81998900 13.66616000 -0.26546000
v 3.81998900 13.66616000 -0.26546000
v 3.81939600 13.66116000 -0.26425000
v 3.81998900 13.65615900 -0.26546000
v 3.82160800 13.65249900 -0.26876900
v 3.82381900 13.65115900 -0.27328800
v 3.82603100 13.65249900 -0.27780700
v 3.82765000 13.65615900 -0.28111500
v 3.76189300 13.66116000 -0.30606700
v 3.76158600 13.66616000 -0.30475400
v 3.76074900 13.66982000 -0.30116600
v 3.75960500 13.67116000 -0.29626400
v 3.75846200 13.66982000 -0.29136300
v 3.75762400 13.66616000 -0.28777500
v 3.75762400 13.66616000 -0.28777500
v 3.75731800 13.66116000 -0.28646200
v 3.75762400 13.65615900 -0.28777500
v 3.75846200 13.65249900 -0.29136300
v 3.75960500 13.65115900 -0.29626400
v 3.76074900 13.65249900 -0.30116600
v 3.76158600 13.65615900 -0.30475400
v 3.68968200 13.66116000 -0.31439800
v 3.68968200 13.66116000 -0.31439800
v 3.68968200 13.66616000 -0.31305000
v 3.68968200 13.66616000 -0.31305000
v 3.68968200 13.66982000 -0.30936500
v 3.68968200 13.66982000 -0.30936500
v 3.68968200 13.67116000 -0.30433200
v 3.68968200 13.67116000 -0.30433200
v 3.68968200 13.66982000 -0.29929900
v 3.68968200 13.66982000 -0.29929900
v 3.68968200 13.66616000 -0.29561400
v 3.68968200 13.66616000 -0.29561400
v 3.68968200 13.66616000 -0.29561400
v 3.68968200 13.66616000 -0.29561400
v 3.68968200 13.66116000 -0.29426600
v 3.68968200 13.66116000 -0.29426600
v 3.68968200 13.65615900 -0.29561400
v 3.68968200 13.65615900 -0.29561400
v 3.68968200 13.65249900 -0.29929900
v 3.68968200 13.65249900 -0.29929900
v 3.68968200 13.65115900 -0.30433200
v 3.68968200 13.65115900 -0.30433200
v 3.68968200 13.65249900 -0.30936500
v 3.68968200 13.65249900 -0.30936500
v 3.68968200 13.65615900 -0.31305000
v 3.68968200 13.65615900 -0.31305000
v 3.61747000 13.66116000 -0.30606700
v 3.61777700 13.66616000 -0.30475400
v 3.61861400 13.66982000 -0.30116600
v 3.61975800 13.67116000 -0.29626400
v 3.62090100 13.66982000 -0.29136300
v 3.62173800 13.66616000 -0.28777500
v 3.62173800 13.66616000 -0.28777500
v 3.62204500 13.66116000 -0.28646200
v 3.62173800 13.65615900 -0.28777500
v 3.62090100 13.65249900 -0.29136300
v 3.61975800 13.65115900 -0.29626400
v 3.61861400 13.65249900 -0.30116600
v 3.61777700 13.65615900 -0.30475400
v 3.55112100 13.66116000 -0.28232600
v 3.55171300 13.66616000 -0.28111600
v 3.55333200 13.66982000 -0.27780700
v 3.55554400 13.67116000 -0.27328800
v 3.55775500 13.66982000 -0.26876900
v 3.55937400 13.66616000 -0.26546100
v 3.55937400 13.66616000 -0.26546100
v 3.55996600 13.66116000 -0.26425000
v 3.55937400 13.65615900 -0.26546100
v 3.55775500 13.65249900 -0.26876900
v 3.55554400 13.65115900 -0.27328800
v 3.55333200 13.65249900 -0.27780700
v 3.55171300 13.65615900 -0.28111600
v 3.49258500 13.66116000 -0.24509100
v 3.49342800 13.66616000 -0.24403900
v 3.49573200 13.66982000 -0.24116700
v 3.49887900 13.67116000 -0.23724300
v 3.50202700 13.66982000 -0.23331900
v 3.50433000 13.66616000 -0.23044600
v 3.50433000 13.66616000 -0.23044600
v 3.50517400 13.66116000 -0.22939500
v 3.50433000 13.65615900 -0.23044600
v 3.50202700 13.65249900 -0.23331900
v 3.49887900 13.65115900 -0.23724300
v 3.49573200 13.65249900 -0.24116700
v 3.49342800 13.65615900 -0.24403900
v 3.44375700 13.66116000 -0.19626200
v 3.44480800 13.66616000 -0.19541900
v 3.44768100 13.66982000 -0.19311500
v 3.45160500 13.67116000 -0.18996800
v 3.45552900 13.66982000 -0.18682100
v 3.45840100 13.66616000 -0.18451700
v 3.45840100 13.66616000 -0.18451700
v 3.45945300 13.66116000 -0.18367400
v 3.45840100 13.65615900 -0.18451700
v 3.45552900 13.65249900 -0.18682100
v 3.45160500 13.65115900 -0.18996800
v 3.44768100 13.65249900 -0.19311500
v 3.44480800 13.65615900 -0.19541900
v 3.40652100 13.66116000 -0.13772700
v 3.40773200 13.66616000 -0.13713400
v 3.41104000 13.66982000 -0.13551500
v 3.41555900 13.67116000 -0.13330400
v 3.42007900 13.66982000 -0.13109200
v 3.42338700 13.66616000 -0.12947400
v 3.42338700 13.66616000 -0.12947400
v 3.42459800 13.66116000 -0.12888100
v 3.42338700 13.65615900 -0.12947400
v 3.42007900 13.65249900 -0.13109200
v 3.41555900 13.65115900 -0.13330400
v 3.41104000 13.65249900 -0.13551500
v 3.40773200 13.65615900 -0.13713400
v 3.38278000 13.66116000 -0.07137700
v 3.38409400 13.66616000 -0.07107100
v 3.38768200 13.66982000 -0.07023400
v 3.39258300 13.67116000 -0.06909000
v 3.39748400 13.66982000 -0.06794600
v 3.40107200 13.66616000 -0.06710900
v 3.40107200 13.66616000 -0.06710900
v 3.40238500 13.66116000 -0.06680300
v 3.40107200 13.65615900 -0.06710900
v 3.39748400 13.65249900 -0.06794600
v 3.39258300 13.65115900 -0.06909000
v 3.38768200 13.65249900 -0.07023400
v 3.38409400 13.65615900 -0.07107100
v 3.92788400 13.71280600 0.17633900
v 3.93910200 13.70786200 0.15354500
v 3.94385000 13.69163200 0.13395000
v 3.94085500 13.66846500 0.12280700
v 3.93091800 13.64456700 0.12310000
v 3.91670500 13.62634500 0.13475000
v 3.90202100 13.61867700 0.15463700
v 3.89080300 13.62362100 0.17743100
v 3.88605500 13.63985100 0.19702600
v 3.88605500 13.63985100 0.19702600
v 3.88905100 13.66301800 0.20816900
v 3.89898700 13.68691500 0.20787600
v 3.91320100 13.70513800 0.19622500
v 4.06161100 13.69265000 0.27513900
v 4.07468900 13.68683100 0.25355500
v 4.07997000 13.67035100 0.23430700
v 4.07604000 13.64762300 0.22255600
v 4.06395100 13.62473900 0.22144700
v 4.04694400 13.60783000 0.23128000
v 4.02957400 13.60142600 0.24941900
v 4.01649700 13.60724400 0.27100300
v 4.01121500 13.62372500 0.29025000
v 4.01121500 13.62372500 0.29025000
v 4.01514500 13.64645200 0.30200200
v 4.02723400 13.66933700 0.30311000
v 4.04424100 13.68624600 0.29327800
v 4.12324000 13.64691200 0.33430900
v 4.13945400 13.63869700 0.31581400
v 4.14564500 13.62152100 0.29746300
v 4.14015300 13.59998600 0.28417300
v 4.12445000 13.57986400 0.27950500
v 4.10274400 13.56654500 0.28470900
v 4.08085000 13.56359800 0.29839200
v 4.06463600 13.57181300 0.31688700
v 4.05844500 13.58898800 0.33523800
v 4.05844500 13.58898800 0.33523800
v 4.06393800 13.61052200 0.34852800
v 4.07964000 13.63064600 0.35319600
v 4.10134600 13.64396500 0.34799200
v 4.14853100 13.59651600 0.39455800
v 4.16703700 13.58352200 0.38176200
v 4.17388500 13.56497300 0.36505000
v 4.16724300 13.54583900 0.34889600
v 4.14888900 13.53124700 0.33763100
v 4.12374100 13.52510700 0.33427300
v 4.09853700 13.52906400 0.33972300
v 4.08003200 13.54205700 0.35251800
v 4.07318400 13.56060600 0.36923100
v 4.07318400 13.56060600 0.36923100
v 4.07982600 13.57974000 0.38538400
v 4.09818000 13.59433200 0.39664900
v 4.12332800 13.60047200 0.40000700
v 4.12486800 13.54341500 0.45494400
v 4.13968500 13.52223800 0.45149300
v 4.14509700 13.50058000 0.43833200
v 4.13965500 13.48424300 0.41898800
v 4.12481600 13.47760700 0.39864500
v 4.10455800 13.48244800 0.38275100
v 4.08430700 13.49746900 0.37556800
v 4.06949100 13.51864600 0.37901900
v 4.06407900 13.54030500 0.39218000
v 4.06407900 13.54030500 0.39218000
v 4.06952100 13.55664200 0.41152300
v 4.08436000 13.56327800 0.43186700
v 4.10461800 13.55843700 0.44776100
v 4.04230100 13.49978200 0.50669100
v 4.05260500 13.47604100 0.50627000
v 4.05652900 13.45352500 0.49412500
v 4.05301900 13.43826600 0.47351100
v 4.04301700 13.43435200 0.44995100
v 4.02920400 13.44283400 0.42975700
v 4.01528000 13.46143700 0.41834100
v 4.00497600 13.48517800 0.41876200
v 4.00105200 13.50769500 0.43090700
v 4.00105200 13.50769500 0.43090700
v 4.00456200 13.52295400 0.45152100
v 4.01456400 13.52686700 0.47508200
v 4.02837700 13.51838600 0.49527500
v 3.94280100 13.45563400 0.55053800
v 3.95439500 13.43248700 0.54955400
v 3.96015400 13.41080800 0.53659900
v 3.95853500 13.39640400 0.51514400
v 3.94997200 13.39313800 0.49093900
v 3.93676100 13.40188200 0.47046800
v 3.92244000 13.42029500 0.45921800
v 3.91084600 13.44344200 0.46020200
v 3.90508700 13.46512200 0.47315700
v 3.90508700 13.46512200 0.47315700
v 3.90670600 13.47952500 0.49461200
v 3.91526800 13.48279200 0.51881700
v 3.92848000 13.47404700 0.53928800
v 3.86688700 13.40143300 0.58458200
v 3.88518900 13.38335800 0.58053300
v 3.89670200 13.36602200 0.56495000
v 3.89833900 13.35407000 0.54201000
v 3.88966300 13.35070300 0.51785900
v 3.87299800 13.35682500 0.49896900
v 3.85281000 13.37079500 0.49040000
v 3.83450800 13.38887000 0.49444900
v 3.82299600 13.40620600 0.51003200
v 3.82299600 13.40620600 0.51003200
v 3.82135800 13.41815900 0.53297200
v 3.83003400 13.42152500 0.55712200
v 3.84669900 13.41540300 0.57601300
v 3.82556800 13.33411700 0.60783900
v 3.84783000 13.32237100 0.60158300
v 3.86301600 13.31091700 0.58395400
v 3.86705500 13.30282300 0.55967700
v 3.85886700 13.30026000 0.53525600
v 3.84064400 13.30391300 0.51723500
v 3.81727000 13.31280300 0.51044300
v 3.79500800 13.32455000 0.51670000
v 3.77982200 13.33600400 0.53432800
v 3.77982200 13.33600400 0.53432800
v 3.77578200 13.34409700 0.55860500
v 3.78397100 13.34666100 0.58302600
v 3.80219400 13.34300800 0.60104700
v 3.80146500 13.25771200 0.62156000
v 3.82571500 13.25224900 0.61417200
v 3.84283200 13.24689800 0.59544300
v 3.84822800 13.24309200 0.57039300
v 3.84045900 13.24185200 0.54573400
v 3.82160500 13.24350900 0.52807200
v 3.79671800 13.24762200 0.52214200
v 3.77246800 13.25308400 0.52953100
v 3.75535100 13.25843600 0.54825900
v 3.75535100 13.25843600 0.54825900
v 3.74995500 13.26224100 0.57330900
v 3.75772500 13.26348100 0.59796900
v 3.77657800 13.26182400 0.61563000
v 3.79479900 13.17338600 0.62559700
v 3.81954500 13.17396000 0.61790900
v 3.83714300 13.17447300 0.59888900
v 3.84287800 13.17478800 0.57363500
v 3.83521200 13.17482000 0.54891200
v 3.81620100 13.17456100 0.53134600
v 3.79093800 13.17408000 0.52564300
v 3.76619200 13.17350700 0.53333100
v 3.74859400 13.17299400 0.55235100
v 3.74859400 13.17299400 0.55235100
v 3.74285900 13.17267900 0.57760500
v 3.75052400 13.17264700 0.60232700
v 3.76953500 13.17290500 0.61989400
v 3.79781100 13.12962900 0.62408600
v 3.82246100 13.13159000 0.61644600
v 3.83996700 13.13345000 0.59747200
v 3.84563700 13.13471000 0.57225100
v 3.83795100 13.13503500 0.54753800
v 3.81897000 13.13433600 0.52995700
v 3.79377900 13.13279900 0.52421700
v 3.76912900 13.13083800 0.53185800
v 3.75162300 13.12897900 0.55083100
v 3.75162300 13.12897900 0.55083100
v 3.74595400 13.12771800 0.57605300
v 3.75363900 13.12739400 0.60076500
v 3.77262000 13.12809300 0.61834600
v 3.92579800 13.13955300 0.01128300
v 3.90001400 13.13955300 0.00902700
v 3.87881300 13.13955300 -0.00581800
v 3.86787500 13.13955300 -0.02927500
v 3.87013100 13.13955300 -0.05505900
v 3.87013100 13.13955300 -0.05505900
v 3.88497600 13.13955300 -0.07626000
v 3.90843300 13.13955300 -0.08719800
v 3.93421600 13.13955300 -0.08494200
v 3.95541800 13.13955300 -0.07009700
v 3.96635600 13.13955300 -0.04664000
v 3.96410000 13.13955300 -0.02085700
v 3.94925500 13.13955300 0.00034500
v 3.96635600 13.28955300 -0.04664000
v 3.96635600 13.28955300 -0.04664000
v 3.96410000 13.28955300 -0.02085700
v 3.96410000 13.28955300 -0.02085700
v 3.95541800 13.28955300 -0.07009700
v 3.95541800 13.28955300 -0.07009700
v 3.93421600 13.28955300 -0.08494200
v 3.93421600 13.28955300 -0.08494200
v 3.90843300 13.28955300 -0.08719800
v 3.90843300 13.28955300 -0.08719800
v 3.88497600 13.28955300 -0.07626000
v 3.88497600 13.28955300 -0.07626000
v 3.87013100 13.28955400 -0.05505900
v 3.87013100 13.28955400 -0.05505900
v 3.87013100 13.28955400 -0.05505900
v 3.87013100 13.28955400 -0.05505900
v 3.86787500 13.28955400 -0.02927500
v 3.86787500 13.28955400 -0.02927500
v 3.87881300 13.28955400 -0.00581800
v 3.87881300 13.28955400 -0.00581800
v 3.90001400 13.28955400 0.00902700
v 3.90001400 13.28955400 0.00902700
v 3.92579800 13.28955400 0.01128300
v 3.92579800 13.28955400 0.01128300
v 3.94925500 13.28955400 0.00034500
v 3.94925500 13.28955400 0.00034500
v 3.88818600 13.28955300 -0.06703600
v 3.88818600 13.28955300 -0.06703600
v 3.87800500 13.28955400 -0.04893100
v 3.87800500 13.28955400 -0.04893100
v 3.87800500 13.28955400 -0.04893100
v 3.87800500 13.28955400 -0.04893100
v 3.87823700 13.28955400 -0.02820400
v 3.87823700 13.28955400 -0.02820400
v 3.88882200 13.28955400 -0.01040800
v 3.88882200 13.28955400 -0.01040800
v 3.90692100 13.28955400 -0.00031200
v 3.90692100 13.28955400 -0.00031200
v 3.94556200 13.28955300 -0.06789600
v 3.94556200 13.28955300 -0.06789600
v 3.95619200 13.28955300 -0.05010200
v 3.95619200 13.28955300 -0.05010200
v 3.92728600 13.28955300 -0.07798800
v 3.92728600 13.28955300 -0.07798800
v 3.90626200 13.28955300 -0.07767200
v 3.90626200 13.28955300 -0.07767200
v 3.92779400 13.28955400 -0.00062300
v 3.92779400 13.28955400 -0.00062300
v 3.94593400 13.28955300 -0.01126200
v 3.94593400 13.28955300 -0.01126200
v 3.95632800 13.28955300 -0.02937200
v 3.95632800 13.28955300 -0.02937200
v 3.92534000 13.33462900 -0.07585900
v 3.90466200 13.33604000 -0.07549000
v 3.93215400 13.37579000 -0.07413200
v 3.91209300 13.38096800 -0.07360700
v 3.94873500 13.41716100 -0.07272100
v 3.93085100 13.42768500 -0.07201400
v 3.98323200 13.46312000 -0.07187500
v 3.96721800 13.47622300 -0.07111500
v 4.02146100 13.51036600 -0.07085900
v 4.00455600 13.52234200 -0.07012600
v 4.04453100 13.55596600 -0.06855400
v 4.02409700 13.56037600 -0.06823100
v 4.04356100 13.59589600 -0.06462700
v 4.02333200 13.59093800 -0.06523000
v 4.02627000 13.62987700 -0.05964300
v 4.01005400 13.61695600 -0.06141800
v 3.97434900 13.66669900 -0.05094000
v 3.96467100 13.64862900 -0.05386600
v 3.98900100 13.68612100 -0.01918900
v 3.98325300 13.68042200 -0.03824700
v 4.04050800 13.63940300 -0.04789000
v 4.04895300 13.64298200 -0.02930700
v 4.06106600 13.59893700 -0.05382700
v 4.07115700 13.59924800 -0.03572400
v 4.06220300 13.55136700 -0.05850900
v 4.07237800 13.54781100 -0.04078900
v 4.03623700 13.49956000 -0.06114900
v 4.04492700 13.49281900 -0.04360100
v 3.99730700 13.45142200 -0.06218800
v 4.00566900 13.44426500 -0.04465000
v 3.96440800 13.40766900 -0.06298900
v 3.97367100 13.40175400 -0.04542600
v 3.94968200 13.37085600 -0.06424400
v 3.95998000 13.36748900 -0.04659300
v 3.94340100 13.33294700 -0.06583700
v 3.95400500 13.33144400 -0.04811000
v 3.95431100 13.33052300 -0.02742700
v 3.94423700 13.33043200 -0.00933100
v 3.92648200 13.33119300 0.00133000
v 3.90580400 13.33260400 0.00170000
v 3.88774300 13.33428700 -0.00832200
v 3.89571600 13.38255000 -0.00630300
v 3.91324400 13.37761700 0.00358500
v 3.91655800 13.43436200 -0.00453500
v 3.93223100 13.42487000 0.00519700
v 3.95467500 13.48531500 -0.00358700
v 3.96874900 13.47361800 0.00610000
v 3.99080000 13.52989700 -0.00263500
v 4.00557600 13.51909100 0.00707400
v 4.00624500 13.55914700 -0.00121600
v 4.02391700 13.55454700 0.00882900
v 4.00572700 13.57855000 0.00068200
v 4.02323200 13.58159200 0.01148200
v 3.99726400 13.59500800 0.00308800
v 4.01150200 13.60453400 0.01484200
v 3.95968200 13.62053100 0.00926500
v 3.96858700 13.63425400 0.02195800
v 3.95393500 13.61483200 -0.00979300
v 3.95288600 13.61868400 -0.03011000
v 3.95288600 13.61868400 -0.03011000
v 3.95681500 13.63105500 -0.04624100
v 3.98843200 13.59475800 -0.03592900
v 3.98843200 13.59475800 -0.03592900
v 3.99620400 13.60410100 -0.05273800
v 3.99566200 13.58074500 -0.03797500
v 3.99566200 13.58074500 -0.03797500
v 4.00580000 13.58539200 -0.05547500
v 3.99611900 13.56426500 -0.03958400
v 3.99611900 13.56426500 -0.03958400
v 4.00637700 13.56341400 -0.05762800
v 3.98183700 13.53751000 -0.04086800
v 3.98183700 13.53751000 -0.04086800
v 3.99005300 13.53227600 -0.05914900
v 3.94590200 13.49317000 -0.04181400
v 3.94590200 13.49317000 -0.04181400
v 3.95355400 13.48722300 -0.06011300
v 3.90692500 13.44103100 -0.04278600
v 3.90692500 13.44103100 -0.04278600
v 3.91554700 13.43642200 -0.06105700
v 3.88511000 13.38681600 -0.04463700
v 3.88511000 13.38681600 -0.04463700
v 3.89487400 13.38500400 -0.06281200
v 3.87683400 13.33671000 -0.04673200
v 3.87683400 13.33671000 -0.04673200
v 3.88690800 13.33680200 -0.06482900
v 3.87713900 13.33579000 -0.02604900
v 3.88541800 13.38591800 -0.02395300
v 3.90729500 13.44027700 -0.02209800
v 3.94631200 13.49247200 -0.02112600
v 3.98211100 13.53663800 -0.02018300
v 3.99607000 13.56270400 -0.01893700
v 3.99563600 13.57824000 -0.01742100
v 3.98882000 13.59143000 -0.01549500
v 3.97826400 13.65232300 0.02488400
v 3.98612000 13.66989800 0.01726000
v 3.99005000 13.68226800 0.00112800
v 4.04934100 13.63965400 -0.00887300
v 4.04156900 13.63031000 0.00793600
v 4.07113000 13.59674400 -0.01516900
v 4.06099200 13.59209500 0.00233100
v 4.07233000 13.54624800 -0.02014100
v 4.06207100 13.54710100 -0.00209800
v 4.04520000 13.49194700 -0.02291600
v 4.03698400 13.49718100 -0.00463500
v 4.00607900 13.44356700 -0.02396000
v 3.99842700 13.44951400 -0.00566300
v 3.97404100 13.40100000 -0.02473800
v 3.96541900 13.40560900 -0.00646700
v 3.96028800 13.36659100 -0.02591000
v 3.95052500 13.36840200 -0.00773500
v 3.93330500 13.37243800 0.00306100
v 3.95011600 13.41434700 0.00449000
v 3.98476300 13.46051300 0.00534000
v 4.02248100 13.50711500 0.00634200
v 4.04435100 13.55013800 0.00850600
v 4.04346000 13.58655000 0.01208500
v 4.02771900 13.61745500 0.01661600
v 3.93124400 13.71305800 -0.18006200
v 3.93050800 13.70932800 -0.19243200
v 3.92948000 13.69992200 -0.20126000
v 3.92843500 13.68735700 -0.20417900
v 3.92765400 13.67500300 -0.20040800
v 3.92734600 13.66616700 -0.19095800
v 3.92759200 13.66321900 -0.17835900
v 3.92759200 13.66321900 -0.17835900
v 3.92832900 13.66694800 -0.16599000
v 3.92935700 13.67635500 -0.15716100
v 3.93040100 13.68891900 -0.15424200
v 3.93118200 13.70127400 -0.15801300
v 3.93149100 13.71010900 -0.16746400
v 4.03019500 13.69498300 -0.17983500
v 4.02968800 13.69120500 -0.19220200
v 4.02681800 13.68220700 -0.20106100
v 4.02235400 13.67039900 -0.20403800
v 4.01749300 13.65894400 -0.20033500
v 4.01353500 13.65091300 -0.19094500
v 4.01154400 13.64845800 -0.17838300
v 4.01154400 13.64845800 -0.17838300
v 4.01205100 13.65223500 -0.16601500
v 4.01492000 13.66123400 -0.15715700
v 4.01938400 13.67304200 -0.15418000
v 4.02424600 13.68449700 -0.15788300
v 4.02820300 13.69252800 -0.16727300
v 4.08017600 13.66492800 -0.17212500
v 4.07988400 13.66101900 -0.18445700
v 4.07520600 13.65312200 -0.19359900
v 4.06739800 13.64335300 -0.19710000
v 4.05855000 13.63433200 -0.19402300
v 4.05103400 13.62847200 -0.18519200
v 4.04686400 13.62734700 -0.17297200
v 4.04686400 13.62734700 -0.17297200
v 4.04715600 13.63125700 -0.16063800
v 4.05183400 13.63915400 -0.15149700
v 4.05964200 13.64892300 -0.14799600
v 4.06849000 13.65794500 -0.15107400
v 4.07600500 13.66380300 -0.15990500
v 4.11387200 13.62000800 -0.15796100
v 4.11378600 13.61581800 -0.17020600
v 4.10773300 13.60975900 -0.17992800
v 4.09733400 13.60345600 -0.18452300
v 4.08537800 13.59859800 -0.18275900
v 4.07506700 13.59648600 -0.17511000
v 4.06916300 13.59768500 -0.16362400
v 4.06916300 13.59768500 -0.16362400
v 4.06924900 13.60187500 -0.15138000
v 4.07530300 13.60793300 -0.14165800
v 4.08570100 13.61423600 -0.13706200
v 4.09765700 13.61909400 -0.13882700
v 4.10796900 13.62120700 -0.14647600
v 4.12635000 13.55968200 -0.13598100
v 4.12635700 13.55508500 -0.14807900
v 4.11988400 13.55089500 -0.15847800
v 4.10866500 13.54823200 -0.16439200
v 4.09570600 13.54781300 -0.16423700
v 4.08447900 13.54974800 -0.15805400
v 4.07799200 13.55351900 -0.14750100
v 4.07799200 13.55351900 -0.14750100
v 4.07798500 13.55811700 -0.13540300
v 4.08445800 13.56230700 -0.12500400
v 4.09567800 13.56496900 -0.11909000
v 4.10863700 13.56538900 -0.11924500
v 4.11986400 13.56345400 -0.12542800
v 4.12100900 13.49047500 -0.10937700
v 4.12101800 13.48587100 -0.12147100
v 4.11461600 13.48273600 -0.13227400
v 4.10352100 13.48190700 -0.13889200
v 4.09070400 13.48360800 -0.13955000
v 4.07960000 13.48738400 -0.13407200
v 4.07318400 13.49222200 -0.12392700
v 4.07318400 13.49222200 -0.12392700
v 4.07317500 13.49682500 -0.11183200
v 4.07957600 13.49996100 -0.10102900
v 4.09067200 13.50079000 -0.09441300
v 4.10348900 13.49908800 -0.09375400
v 4.11459300 13.49531300 -0.09923100
v 4.10628600 13.41812100 -0.08260500
v 4.10635500 13.41381300 -0.09480800
v 4.10009900 13.41139600 -0.10587700
v 4.08919300 13.41151900 -0.11284600
v 4.07656100 13.41414900 -0.11384700
v 4.06558700 13.41858100 -0.10861300
v 4.05921100 13.42362800 -0.09854600
v 4.05921100 13.42362800 -0.09854600
v 4.05914300 13.42793700 -0.08634300
v 4.06539900 13.43035300 -0.07527400
v 4.07630400 13.43023000 -0.06830600
v 4.08893700 13.42760000 -0.06730300
v 4.09991100 13.42316800 -0.07253800
v 4.08763300 13.34735700 -0.05923200
v 4.08780300 13.34343100 -0.07156200
v 4.08173100 13.34171200 -0.08286200
v 4.07104500 13.34266100 -0.09010300
v 4.05860800 13.34602300 -0.09134600
v 4.04775200 13.35089800 -0.08625800
v 4.04138600 13.35597900 -0.07620100
v 4.04138600 13.35597900 -0.07620100
v 4.04121600 13.35990500 -0.06387100
v 4.04728700 13.36162400 -0.05257100
v 4.05797400 13.36067500 -0.04533000
v 4.07041100 13.35731300 -0.04408700
v 4.08126700 13.35243800 -0.04917500
v 4.06246000 13.27470200 -0.03715300
v 4.06269700 13.27097200 -0.04954100
v 4.05684200 13.26987700 -0.06103100
v 4.04646100 13.27171100 -0.06854200
v 4.03433800 13.27598300 -0.07006100
v 4.02372100 13.28154900 -0.06518200
v 4.01745400 13.28691500 -0.05521200
v 4.01745400 13.28691500 -0.05521200
v 4.01721700 13.29064600 -0.04282300
v 4.02307300 13.29174000 -0.03133300
v 4.03345300 13.28990700 -0.02382200
v 4.04557600 13.28563400 -0.02230300
v 4.05619300 13.28006900 -0.02718200
v 4.03011600 13.19965400 -0.01586700
v 4.03042600 13.19609300 -0.02830500
v 4.02480300 13.19554100 -0.03994900
v 4.01475500 13.19814700 -0.04767900
v 4.00297300 13.20321200 -0.04942300
v 3.99261400 13.20937800 -0.04471500
v 3.98645400 13.21499300 -0.03481700
v 3.98645400 13.21499300 -0.03481700
v 3.98614400 13.21855400 -0.02238000
v 3.99176600 13.21910600 -0.01073600
v 4.00181400 13.21650000 -0.00300600
v 4.01359700 13.21143600 -0.00126100
v 4.02395500 13.20527000 -0.00596900
v 3.99079400 13.12249200 0.00455700
v 3.99116500 13.11905200 -0.00791200
v 3.98572900 13.11887000 -0.01965500
v 3.97594200 13.12199600 -0.02752300
v 3.96442600 13.12759100 -0.02941000
v 3.95426800 13.13415600 -0.02480800
v 3.94818900 13.13993400 -0.01495200
v 3.94818900 13.13993400 -0.01495200
v 3.94781800 13.14337300 -0.00248200
v 3.95325500 13.14355600 0.00926000
v 3.96304200 13.14043000 0.01712800
v 3.97455700 13.13483500 0.01901500
v 3.98471500 13.12826900 0.01441300
v 3.80483100 13.49509500 -0.17837600
v 3.79777100 13.49338100 -0.18111600
v 3.79190800 13.48835400 -0.18191700
v 3.78881200 13.48136200 -0.18056500
v 3.78931200 13.47428000 -0.17742200
v 3.79327500 13.46900500 -0.17333000
v 3.79963900 13.46694900 -0.16938400
v 3.79963900 13.46694900 -0.16938400
v 3.80669900 13.46866500 -0.16664400
v 3.81256200 13.47369100 -0.16584200
v 3.81565900 13.48068200 -0.16719500
v 3.81515800 13.48776400 -0.17033800
v 3.81119500 13.49304000 -0.17443100
v 3.81831000 13.48113500 -0.20545200
v 3.81114100 13.47954000 -0.20797600
v 3.80480300 13.47503800 -0.20783200
v 3.80099400 13.46883400 -0.20506000
v 3.80073300 13.46259100 -0.20040000
v 3.80409100 13.45798200 -0.19510300
v 3.81016900 13.45624300 -0.19058800
v 3.81016900 13.45624300 -0.19058800
v 3.81733600 13.45783800 -0.18806400
v 3.82367500 13.46234000 -0.18820700
v 3.82748500 13.46854400 -0.19098000
v 3.82774500 13.47478700 -0.19563900
v 3.82438700 13.47939600 -0.20093600
v 3.82972400 13.45808100 -0.22601200
v 3.82241000 13.45678100 -0.22827500
v 3.81546800 13.45350000 -0.22704500
v 3.81075700 13.44911700 -0.22265200
v 3.80953900 13.44480500 -0.21627300
v 3.81214300 13.44172100 -0.20961700
v 3.81786800 13.44069100 -0.20446800
v 3.81786800 13.44069100 -0.20446800
v 3.82518200 13.44199100 -0.20220500
v 3.83212400 13.44527100 -0.20343500
v 3.83683500 13.44965600 -0.20782800
v 3.83805200 13.45396600 -0.21420700
v 3.83544900 13.45705000 -0.22086300
v 3.83802200 13.42744100 -0.23806100
v 3.83061900 13.42647100 -0.24019200
v 3.82329200 13.42460100 -0.23839700
v 3.81800400 13.42233200 -0.23315800
v 3.81617200 13.42027200 -0.22587800
v 3.81828700 13.41897400 -0.21850800
v 3.82378300 13.41878500 -0.21302200
v 3.82378300 13.41878500 -0.21302200
v 3.83118600 13.41975500 -0.21089100
v 3.83851300 13.42162500 -0.21268600
v 3.84380100 13.42389400 -0.21792500
v 3.84563400 13.42595400 -0.22520500
v 3.84351800 13.42725200 -0.23257500
v 3.84354400 13.38927200 -0.24147600
v 3.83612700 13.38839400 -0.24359500
v 3.82863700 13.38761300 -0.24169100
v 3.82308300 13.38713900 -0.23627400
v 3.82095100 13.38709800 -0.22879600
v 3.82281600 13.38750200 -0.22126100
v 3.82817400 13.38824200 -0.21568700
v 3.82817400 13.38824200 -0.21568700
v 3.83559200 13.38911900 -0.21356800
v 3.84308200 13.38990000 -0.21547200
v 3.84863600 13.39037400 -0.22088900
v 3.85076800 13.39041500 -0.22836600
v 3.84890300 13.39001200 -0.23590200
v 3.84744400 13.34115000 -0.23597300
v 3.84001600 13.34040400 -0.23810800
v 3.83246700 13.34034700 -0.23628300
v 3.82681900 13.34099500 -0.23098800
v 3.82458800 13.34217400 -0.22364100
v 3.82636900 13.34356800 -0.21621100
v 3.83168600 13.34480300 -0.21068900
v 3.83168600 13.34480300 -0.21068900
v 3.83911500 13.34555000 -0.20855500
v 3.84666400 13.34560600 -0.21037900
v 3.85231100 13.34495800 -0.21567400
v 3.85454200 13.34378000 -0.22302100
v 3.85276100 13.34238500 -0.23045100
v 3.84791900 13.28951300 -0.22429600
v 3.84048800 13.28922200 -0.22653500
v 3.83293300 13.28999500 -0.22489900
v 3.82727900 13.29162700 -0.21982600
v 3.82504000 13.29367900 -0.21267700
v 3.82681600 13.29560200 -0.20536600
v 3.83213200 13.29688000 -0.19985200
v 3.83213200 13.29688000 -0.19985200
v 3.83956300 13.29717100 -0.19761400
v 3.84711800 13.29639700 -0.19925000
v 3.85277200 13.29476500 -0.20432200
v 3.85501200 13.29271300 -0.21147200
v 3.85323500 13.29079100 -0.21878300
v 3.84245800 13.24230500 -0.20901300
v 3.83513100 13.24287000 -0.21153100
v 3.82772600 13.24489700 -0.21030500
v 3.82223000 13.24784100 -0.20566200
v 3.82011300 13.25091500 -0.19884600
v 3.82194400 13.25329400 -0.19168400
v 3.82723200 13.25434100 -0.18609500
v 3.82723200 13.25434100 -0.18609500
v 3.83455900 13.25377700 -0.18357600
v 3.84196300 13.25175000 -0.18480300
v 3.84746000 13.24880600 -0.18944600
v 3.84957600 13.24573200 -0.19626200
v 3.84774600 13.24335300 -0.20342400
v 3.83038100 13.20237000 -0.19091800
v 3.82326400 13.20363900 -0.19375400
v 3.81618900 13.20676900 -0.19302800
v 3.81105400 13.21092100 -0.18893100
v 3.80923300 13.21498400 -0.18256400
v 3.81121400 13.21786700 -0.17563100
v 3.81646900 13.21880000 -0.16999000
v 3.81646900 13.21880000 -0.16999000
v 3.82358700 13.21753000 -0.16715300
v 3.83066200 13.21440000 -0.16788000
v 3.83579700 13.21024800 -0.17197600
v 3.83761800 13.20618600 -0.17834400
v 3.83563500 13.20330200 -0.18527700
v 3.81282500 13.16619800 -0.16896900
v 3.80597800 13.16802500 -0.17214500
v 3.79934100 13.17206200 -0.17196800
v 3.79469300 13.17722500 -0.16848500
v 3.79328200 13.18213300 -0.16263000
v 3.79548300 13.18546900 -0.15597200
v 3.80070700 13.18633900 -0.15029400
v 3.80070700 13.18633900 -0.15029400
v 3.80755500 13.18451200 -0.14711800
v 3.81419100 13.18047600 -0.14729600
v 3.81883800 13.17531300 -0.15077800
v 3.82025000 13.17040500 -0.15663300
v 3.81804900 13.16706900 -0.16329100
v 3.77666800 13.11933400 -0.12927100
v 3.77022600 13.12170900 -0.13289800
v 3.76424600 13.12663100 -0.13344900
v 3.76032900 13.13278000 -0.13077800
v 3.75952600 13.13851000 -0.12560000
v 3.76205200 13.14228400 -0.11930200
v 3.76722900 13.14309200 -0.11357200
v 3.76722900 13.14309200 -0.11357200
v 3.77367100 13.14071800 -0.10994500
v 3.77965100 13.13579600 -0.10939400
v 3.78356700 13.12964600 -0.11206500
v 3.78437000 13.12391700 -0.11724300
v 3.78184500 13.12014200 -0.12354100
vn -0.91560000 -0.40200000 -0.00000000
vn -1.00000000 -0.00000000 -0.00000000
vn -0.93970000 -0.00000000 0.34200000
vn -0.86040000 -0.40200000 0.31320000
vn -0.70140000 -0.40200000 0.58860000
vn -0.76600000 -0.00000000 0.64280000
vn -0.50000000 -0.00000000 0.86600000
vn -0.45780000 -0.40200000 0.79300000
vn -0.17360000 -0.00000000 0.98480000
vn -0.15900000 -0.40200000 0.90170000
vn 0.17370000 -0.00000000 0.98480000
vn 0.15900000 -0.40200000 0.90170000
vn 0.50000000 -0.00000000 0.86600000
vn 0.45780000 -0.40200000 0.79300000
vn 0.70140000 -0.40200000 0.58860000
vn 0.76600000 -0.00000000 0.64280000
vn 0.86040000 -0.40200000 0.31320000
vn 0.93970000 -0.00000000 0.34200000
vn 0.91560000 -0.40200000 -0.00000000
vn 1.00000000 -0.00000000 -0.00000000
vn 0.93970000 -0.00000000 -0.34200000
vn 0.86040000 -0.40200000 -0.31320000
vn 0.70140000 -0.40200000 -0.58860000
vn 0.76600000 -0.00000000 -0.64280000
vn 0.50000000 -0.00000000 -0.86600000
vn 0.45780000 -0.40200000 -0.79300000
vn 0.15900000 -0.40200000 -0.90170000
vn 0.15900000 -0.40200000 -0.90170000
vn 0.17360000 -0.00000000 -0.98480000
vn 0.17360000 -0.00000000 -0.98480000
vn -0.15900000 -0.40200000 -0.90170000
vn -0.17370000 -0.00000000 -0.98480000
vn -0.45780000 -0.40200000 -0.79300000
vn -0.50000000 -0.00000000 -0.86600000
vn -0.76600000 -0.00000000 -0.64280000
vn -0.70140000 -0.40200000 -0.58860000
vn -0.86040000 -0.40200000 -0.31320000
vn -0.93970000 -0.00000000 -0.34200000
vn -0.00000000 -1.00000000 -0.00000000
vn -0.96950000 -0.24510000 -0.00000000
vn -0.00000000 -1.00000000 -0.00000000
vn -0.91100000 -0.24510000 0.33160000
vn -0.74270000 -0.24510000 0.62320000
vn -0.00000000 -1.00000000 -0.00000000
vn -0.00000000 -1.00000000 -0.00000000
vn -0.48470000 -0.24510000 0.83960000
vn -0.00000000 -1.00000000 -0.00000000
vn -0.16840000 -0.24510000 0.95480000
vn 0.16830000 -0.24510000 0.95480000
vn -0.00000000 -1.00000000 -0.00000000
vn 0.48470000 -0.24510000 0.83960000
vn -0.00000000 -1.00000000 -0.00000000
vn -0.00000000 -1.00000000 -0.00000000
vn 0.74270000 -0.24510000 0.62320000
vn 0.91100000 -0.24510000 0.33160000
vn -0.00000000 -1.00000000 -0.00000000
vn -0.00000000 -1.00000000 -0.00000000
vn 0.96950000 -0.24510000 -0.00000000
vn 0.91100000 -0.24510000 -0.33160000
vn -0.00000000 -1.00000000 -0.00000000
vn 0.74270000 -0.24510000 -0.62320000
vn -0.00000000 -1.00000000 -0.00000000
vn -0.00000000 -1.00000000 -0.00000000
vn 0.48470000 -0.24510000 -0.83960000
vn -0.00000000 -1.00000000 -0.00000000
vn -0.00000000 -1.00000000 -0.00000000
vn 0.16840000 -0.24510000 -0.95480000
vn 0.16840000 -0.24510000 -0.95480000
vn -0.00000000 -1.00000000 -0.00000000
vn -0.16830000 -0.24510000 -0.95480000
vn -0.48470000 -0.24510000 -0.83960000
vn -0.00000000 -1.00000000 -0.00000000
vn -0.00000000 -1.00000000 -0.00000000
vn -0.74270000 -0.24510000 -0.62320000
vn -0.91100000 -0.24510000 -0.33160000
vn -0.00000000 -1.00000000 -0.00000000
vn -0.96950000 -0.24510000 -0.00000000
vn -0.42560000 0.90490000 -0.00000000
vn -0.95100000 -0.30930000 -0.00000000
vn -0.54010000 0.84160000 -0.00000000
vn -0.91560000 -0.40200000 -0.00000000
vn 0.59410000 -0.80440000 -0.00000000
vn 0.55830000 -0.80440000 -0.20320000
vn -0.86040000 -0.40200000 0.31320000
vn -0.85140000 -0.42330000 0.30990000
vn 0.50750000 -0.84160000 -0.18470000
vn -0.39990000 0.90490000 0.14560000
vn -0.91100000 -0.24510000 0.33160000
vn -0.70140000 -0.40200000 0.58860000
vn 0.45510000 -0.80440000 -0.38190000
vn 0.41370000 -0.84160000 -0.34720000
vn -0.69400000 -0.42330000 0.58240000
vn -0.32600000 0.90490000 0.27360000
vn -0.74270000 -0.24510000 0.62320000
vn -0.45780000 -0.40200000 0.79300000
vn 0.29700000 -0.80440000 -0.51450000
vn 0.27000000 -0.84160000 -0.46770000
vn -0.45300000 -0.42330000 0.78460000
vn -0.48470000 -0.24510000 0.83960000
vn -0.21280000 0.90490000 0.36860000
vn -0.15900000 -0.40200000 0.90170000
vn 0.10320000 -0.80440000 -0.58510000
vn 0.09380000 -0.84160000 -0.53190000
vn -0.15730000 -0.42330000 0.89220000
vn -0.07390000 0.90490000 0.41910000
vn -0.16830000 -0.24510000 0.95480000
vn -0.10320000 -0.80440000 -0.58510000
vn 0.15900000 -0.40200000 0.90170000
vn 0.15730000 -0.42330000 0.89220000
vn -0.09380000 -0.84160000 -0.53190000
vn 0.07390000 0.90490000 0.41910000
vn 0.16840000 -0.24510000 0.95480000
vn 0.45780000 -0.40200000 0.79300000
vn -0.29710000 -0.80440000 -0.51450000
vn 0.45300000 -0.42330000 0.78460000
vn -0.27000000 -0.84160000 -0.46770000
vn 0.48470000 -0.24510000 0.83960000
vn 0.21280000 0.90490000 0.36860000
vn -0.45510000 -0.80440000 -0.38190000
vn 0.70140000 -0.40200000 0.58860000
vn -0.41370000 -0.84160000 -0.34720000
vn 0.69400000 -0.42330000 0.58240000
vn 0.32600000 0.90490000 0.27360000
vn 0.74270000 -0.24510000 0.62320000
vn -0.55830000 -0.80440000 -0.20320000
vn 0.86040000 -0.40200000 0.31320000
vn -0.50750000 -0.84160000 -0.18470000
vn 0.85140000 -0.42330000 0.30990000
vn 0.39990000 0.90490000 0.14560000
vn 0.91100000 -0.24510000 0.33160000
vn -0.59410000 -0.80440000 -0.00000000
vn 0.91560000 -0.40200000 -0.00000000
vn 0.90600000 -0.42330000 -0.00000000
vn -0.54010000 -0.84160000 -0.00000000
vn 0.96950000 -0.24510000 -0.00000000
vn 0.42560000 0.90490000 -0.00000000
vn -0.55830000 -0.80440000 0.20320000
vn 0.86040000 -0.40200000 -0.31320000
vn -0.50750000 -0.84160000 0.18470000
vn 0.85140000 -0.42330000 -0.30990000
vn 0.39990000 0.90490000 -0.14560000
vn 0.91100000 -0.24510000 -0.33160000
vn 0.70140000 -0.40200000 -0.58860000
vn -0.45510000 -0.80440000 0.38190000
vn 0.69400000 -0.42330000 -0.58240000
vn -0.41370000 -0.84160000 0.34720000
vn 0.32600000 0.90490000 -0.27360000
vn 0.74270000 -0.24510000 -0.62320000
vn -0.29710000 -0.80440000 0.51450000
vn 0.45780000 -0.40200000 -0.79300000
vn -0.27000000 -0.84160000 0.46770000
vn 0.45300000 -0.42330000 -0.78460000
vn 0.48470000 -0.24510000 -0.83960000
vn 0.21280000 0.90490000 -0.36860000
vn -0.10320000 -0.80440000 0.58510000
vn 0.15900000 -0.40200000 -0.90170000
vn 0.15900000 -0.40200000 -0.90170000
vn -0.10320000 -0.80440000 0.58510000
vn -0.09380000 -0.84160000 0.53190000
vn -0.09380000 -0.84160000 0.53190000
vn 0.15730000 -0.42330000 -0.89220000
vn 0.15730000 -0.42330000 -0.89220000
vn 0.16830000 -0.24510000 -0.95480000
vn 0.16830000 -0.24510000 -0.95480000
vn 0.07390000 0.90490000 -0.41910000
vn 0.07390000 0.90490000 -0.41910000
vn -0.15900000 -0.40200000 -0.90170000
vn 0.10320000 -0.80440000 0.58510000
vn 0.09380000 -0.84160000 0.53190000
vn -0.15730000 -0.42330000 -0.89220000
vn -0.16840000 -0.24510000 -0.95480000
vn -0.07390000 0.90490000 -0.41910000
vn 0.29710000 -0.80440000 0.51450000
vn -0.45780000 -0.40200000 -0.79300000
vn -0.45300000 -0.42330000 -0.78460000
vn 0.27000000 -0.84160000 0.46770000
vn -0.21280000 0.90490000 -0.36860000
vn -0.48470000 -0.24510000 -0.83960000
vn 0.45510000 -0.80440000 0.38190000
vn -0.70140000 -0.40200000 -0.58860000
vn -0.69400000 -0.42330000 -0.58240000
vn 0.41370000 -0.84160000 0.34720000
vn -0.32600000 0.90490000 -0.27360000
vn -0.74270000 -0.24510000 -0.62320000
vn -0.86040000 -0.40200000 -0.31320000
vn 0.55830000 -0.80440000 0.20320000
vn -0.50750000 0.84160000 -0.18470000
vn -0.89360000 -0.30930000 -0.32530000
vn -0.91100000 -0.24510000 -0.33160000
vn -0.39990000 0.90490000 -0.14560000
vn -0.00000000 1.00000000 -0.00000000
vn 0.95960000 0.28140000 -0.00000000
vn -0.00000000 1.00000000 -0.00000000
vn 0.90170000 0.28140000 -0.32820000
vn 0.73510000 0.28140000 -0.61680000
vn -0.00000000 1.00000000 -0.00000000
vn 0.47980000 0.28140000 -0.83100000
vn -0.00000000 1.00000000 -0.00000000
vn -0.00000000 1.00000000 -0.00000000
vn 0.16660000 0.28140000 -0.94500000
vn -0.00000000 1.00000000 -0.00000000
vn -0.16660000 0.28140000 -0.94500000
vn -0.47980000 0.28140000 -0.83100000
vn -0.00000000 1.00000000 -0.00000000
vn -0.00000000 1.00000000 -0.00000000
vn -0.73510000 0.28140000 -0.61680000
vn -0.90170000 0.28140000 -0.32820000
vn -0.00000000 1.00000000 -0.00000000
vn -0.00000000 1.00000000 -0.00000000
vn -0.95960000 0.28140000 -0.00000000
vn -0.90170000 0.28140000 0.32820000
vn -0.00000000 1.00000000 -0.00000000
vn -0.00000000 1.00000000 -0.00000000
vn -0.73510000 0.28140000 0.61680000
vn -0.47980000 0.28140000 0.83100000
vn -0.00000000 1.00000000 -0.00000000
vn -0.00000000 1.00000000 -0.00000000
vn -0.00000000 1.00000000 -0.00000000
vn -0.16660000 0.28140000 0.94500000
vn -0.16660000 0.28140000 0.94500000
vn 0.16660000 0.28140000 0.94500000
vn -0.00000000 1.00000000 -0.00000000
vn 0.47980000 0.28140000 0.83100000
vn -0.00000000 1.00000000 -0.00000000
vn -0.00000000 1.00000000 -0.00000000
vn 0.73510000 0.28140000 0.61680000
vn 0.90170000 0.28140000 0.32820000
vn -0.00000000 1.00000000 -0.00000000
vn -0.00000000 -1.00000000 -0.00000000
vn -1.00000000 -0.00000000 -0.00000000
vn -0.93970000 -0.00000000 0.34200000
vn -0.00000000 -1.00000000 -0.00000000
vn -0.00000000 -1.00000000 -0.00000000
vn -0.76600000 -0.00000000 0.64280000
vn -0.50000000 -0.00000000 0.86600000
vn -0.00000000 -1.00000000 -0.00000000
vn -0.00000000 -1.00000000 -0.00000000
vn -0.17370000 -0.00000000 0.98480000
vn 0.17360000 -0.00000000 0.98480000
vn -0.00000000 -1.00000000 -0.00000000
vn -0.00000000 -1.00000000 -0.00000000
vn 0.50000000 -0.00000000 0.86600000
vn 0.76600000 -0.00000000 0.64280000
vn -0.00000000 -1.00000000 -0.00000000
vn -0.00000000 -1.00000000 -0.00000000
vn 0.93970000 -0.00000000 0.34200000
vn -0.00000000 -1.00000000 -0.00000000
vn 1.00000000 -0.00000000 -0.00000000
vn -0.00000000 -1.00000000 -0.00000000
vn 0.93970000 -0.00000000 -0.34200000
vn 0.76600000 -0.00000000 -0.64280000
vn -0.00000000 -1.00000000 -0.00000000
vn -0.00000000 -1.00000000 -0.00000000
vn 0.50000000 -0.00000000 -0.86600000
vn 0.17370000 -0.00000000 -0.98480000
vn -0.00000000 -1.00000000 -0.00000000
vn 0.17370000 -0.00000000 -0.98480000
vn -0.00000000 -1.00000000 -0.00000000
vn -0.17360000 -0.00000000 -0.98480000
vn -0.00000000 -1.00000000 -0.00000000
vn -0.50000000 -0.00000000 -0.86600000
vn -0.00000000 -1.00000000 -0.00000000
vn -0.76600000 -0.00000000 -0.64280000
vn -0.00000000 -1.00000000 -0.00000000
vn -0.00000000 -1.00000000 -0.00000000
vn -0.93970000 -0.00000000 -0.34200000
vn -0.93970000 -0.00000000 0.34200000
vn -0.00000000 1.00000000 -0.00000000
vn -0.00000000 1.00000000 -0.00000000
vn -1.00000000 -0.00000000 -0.00000000
vn -0.93970000 -0.00000000 -0.34200000
vn -0.00000000 1.00000000 -0.00000000
vn -0.00000000 1.00000000 -0.00000000
vn -0.76600000 -0.00000000 -0.64280000
vn -0.50000000 -0.00000000 -0.86600000
vn -0.00000000 1.00000000 -0.00000000
vn -0.00000000 1.00000000 -0.00000000
vn -0.17370000 -0.00000000 -0.98480000
vn 0.17360000 -0.00000000 -0.98480000
vn 0.17360000 -0.00000000 -0.98480000
vn -0.00000000 1.00000000 -0.00000000
vn -0.00000000 1.00000000 -0.00000000
vn 0.50000000 -0.00000000 -0.86600000
vn -0.00000000 1.00000000 -0.00000000
vn -0.00000000 1.00000000 -0.00000000
vn 0.76600000 -0.00000000 -0.64280000
vn 0.93970000 -0.00000000 -0.34200000
vn -0.00000000 1.00000000 -0.00000000
vn 1.00000000 -0.00000000 -0.00000000
vn -0.00000000 1.00000000 -0.00000000
vn -0.00000000 1.00000000 -0.00000000
vn 0.93970000 -0.00000000 0.34200000
vn -0.00000000 1.00000000 -0.00000000
vn 0.76600000 -0.00000000 0.64280000
vn 0.50000000 -0.00000000 0.86600000
vn -0.00000000 1.00000000 -0.00000000
vn -0.00000000 1.00000000 -0.00000000
vn 0.17370000 -0.00000000 0.98480000
vn -0.17360000 -0.00000000 0.98480000
vn -0.00000000 1.00000000 -0.00000000
vn -0.50000000 -0.00000000 0.86600000
vn -0.00000000 1.00000000 -0.00000000
vn -0.76600000 -0.00000000 0.64280000
vn -0.00000000 1.00000000 -0.00000000
vn 0.92210000 0.38700000 -0.00000000
vn -0.00000000 1.00000000 -0.00000000
vn 0.86650000 0.38700000 -0.31540000
vn -0.00000000 1.00000000 -0.00000000
vn 0.70640000 0.38700000 -0.59270000
vn -0.00000000 1.00000000 -0.00000000
vn -0.00000000 1.00000000 -0.00000000
vn 0.46100000 0.38700000 -0.79860000
vn -0.00000000 1.00000000 -0.00000000
vn 0.16010000 0.38700000 -0.90810000
vn -0.00000000 1.00000000 -0.00000000
vn -0.16010000 0.38700000 -0.90810000
vn -0.46100000 0.38700000 -0.79850000
vn -0.00000000 1.00000000 -0.00000000
vn -0.00000000 1.00000000 -0.00000000
vn -0.70640000 0.38700000 -0.59270000
vn -0.00000000 1.00000000 -0.00000000
vn -0.86650000 0.38700000 -0.31540000
vn -0.92210000 0.38700000 -0.00000000
vn -0.00000000 1.00000000 -0.00000000
vn -0.00000000 1.00000000 -0.00000000
vn -0.86650000 0.38700000 0.31540000
vn -0.70640000 0.38700000 0.59270000
vn -0.00000000 1.00000000 -0.00000000
vn -0.46110000 0.38700000 0.79850000
vn -0.00000000 1.00000000 -0.00000000
vn -0.00000000 1.00000000 -0.00000000
vn -0.16010000 0.38700000 0.90810000
vn -0.16010000 0.38700000 0.90810000
vn -0.00000000 1.00000000 -0.00000000
vn 0.16010000 0.38700000 0.90810000
vn 0.46100000 0.38700000 0.79850000
vn -0.00000000 1.00000000 -0.00000000
vn -0.00000000 1.00000000 -0.00000000
vn 0.70640000 0.38700000 0.59270000
vn -0.00000000 1.00000000 -0.00000000
vn 0.86650000 0.38700000 0.31540000
vn -0.30160000 0.95340000 -0.00000000
vn 0.95960000 0.28140000 -0.00000000
vn 0.93180000 0.36310000 -0.00000000
vn 0.91760000 0.39750000 -0.00000000
vn -0.28340000 0.95340000 0.10320000
vn 0.90170000 0.28140000 -0.32820000
vn 0.87560000 0.36310000 -0.31870000
vn 0.86230000 0.39750000 -0.31380000
vn 0.73510000 0.28140000 -0.61680000
vn -0.23110000 0.95340000 0.19390000
vn 0.71380000 0.36310000 -0.59890000
vn 0.70290000 0.39750000 -0.58980000
vn -0.15080000 0.95340000 0.26120000
vn 0.47980000 0.28140000 -0.83100000
vn 0.46590000 0.36310000 -0.80690000
vn 0.45880000 0.39750000 -0.79470000
vn 0.16660000 0.28140000 -0.94500000
vn -0.05240000 0.95340000 0.29700000
vn 0.16180000 0.36310000 -0.91760000
vn 0.15930000 0.39750000 -0.90370000
vn -0.16660000 0.28140000 -0.94500000
vn 0.05240000 0.95340000 0.29700000
vn -0.16180000 0.36310000 -0.91760000
vn -0.15930000 0.39750000 -0.90370000
vn -0.47980000 0.28140000 -0.83100000
vn 0.15080000 0.95340000 0.26120000
vn -0.46590000 0.36310000 -0.80690000
vn -0.45880000 0.39750000 -0.79470000
vn -0.73510000 0.28140000 -0.61680000
vn 0.23110000 0.95340000 0.19390000
vn -0.71380000 0.36310000 -0.59890000
vn -0.70290000 0.39750000 -0.58980000
vn -0.90170000 0.28140000 -0.32820000
vn 0.28340000 0.95340000 0.10320000
vn -0.87560000 0.36310000 -0.31870000
vn -0.86230000 0.39750000 -0.31380000
vn 0.30160000 0.95340000 -0.00000000
vn -0.95960000 0.28140000 -0.00000000
vn -0.93180000 0.36310000 -0.00000000
vn -0.91760000 0.39750000 -0.00000000
vn 0.28340000 0.95340000 -0.10320000
vn -0.90170000 0.28140000 0.32820000
vn -0.87560000 0.36310000 0.31870000
vn -0.86230000 0.39750000 0.31380000
vn -0.73510000 0.28140000 0.61680000
vn 0.23110000 0.95340000 -0.19390000
vn -0.71380000 0.36310000 0.59890000
vn -0.70290000 0.39750000 0.58980000
vn -0.47980000 0.28140000 0.83100000
vn 0.15080000 0.95340000 -0.26120000
vn -0.46590000 0.36310000 0.80690000
vn -0.45880000 0.39750000 0.79470000
vn 0.05240000 0.95340000 -0.29700000
vn -0.16660000 0.28140000 0.94500000
vn -0.16660000 0.28140000 0.94500000
vn 0.05240000 0.95340000 -0.29700000
vn -0.16180000 0.36310000 0.91760000
vn -0.16180000 0.36310000 0.91760000
vn -0.15930000 0.39750000 0.90370000
vn -0.15930000 0.39750000 0.90370000
vn 0.16660000 0.28140000 0.94500000
vn -0.05240000 0.95340000 -0.29700000
vn 0.16180000 0.36310000 0.91760000
vn 0.15930000 0.39750000 0.90370000
vn -0.15080000 0.95340000 -0.26120000
vn 0.47980000 0.28140000 0.83100000
vn 0.46590000 0.36310000 0.80690000
vn 0.45880000 0.39750000 0.79470000
vn 0.73510000 0.28140000 0.61680000
vn -0.23110000 0.95340000 -0.19390000
vn 0.71380000 0.36310000 0.59890000
vn 0.70290000 0.39750000 0.58980000
vn 0.90170000 0.28140000 0.32820000
vn -0.28340000 0.95340000 -0.10320000
vn 0.87560000 0.36310000 0.31870000
vn 0.86230000 0.39750000 0.31380000
vn 0.42560000 -0.90490000 -0.00000000
vn -0.95100000 -0.30930000 -0.00000000
vn -0.90600000 -0.42330000 -0.00000000
vn 0.54010000 -0.84160000 -0.00000000
vn -0.59410000 0.80440000 -0.00000000
vn -0.90600000 -0.42330000 -0.00000000
vn -0.55830000 0.80440000 0.20320000
vn -0.85140000 -0.42330000 0.30990000
vn -0.50750000 0.84160000 0.18470000
vn -0.89360000 -0.30930000 0.32530000
vn -0.89360000 -0.30930000 0.32530000
vn 0.39990000 -0.90490000 -0.14560000
vn -0.45510000 0.80440000 0.38190000
vn -0.69400000 -0.42330000 0.58240000
vn -0.72850000 -0.30930000 0.61130000
vn -0.41370000 0.84160000 0.34720000
vn 0.32600000 -0.90490000 -0.27360000
vn -0.72850000 -0.30930000 0.61130000
vn -0.29710000 0.80440000 0.51450000
vn -0.45300000 -0.42330000 0.78460000
vn -0.27000000 0.84160000 0.46770000
vn -0.47550000 -0.30930000 0.82360000
vn -0.47550000 -0.30930000 0.82360000
vn 0.21280000 -0.90490000 -0.36860000
vn -0.15730000 -0.42330000 0.89220000
vn -0.10320000 0.80440000 0.58510000
vn -0.16510000 -0.30930000 0.93650000
vn -0.09380000 0.84160000 0.53190000
vn 0.07390000 -0.90490000 -0.41910000
vn -0.16510000 -0.30930000 0.93650000
vn 0.10320000 0.80440000 0.58510000
vn 0.15730000 -0.42330000 0.89220000
vn 0.16510000 -0.30930000 0.93650000
vn 0.09380000 0.84160000 0.53190000
vn 0.16510000 -0.30930000 0.93650000
vn -0.07390000 -0.90490000 -0.41910000
vn 0.29710000 0.80440000 0.51450000
vn 0.45300000 -0.42330000 0.78460000
vn 0.27000000 0.84160000 0.46770000
vn 0.47550000 -0.30930000 0.82360000
vn 0.47550000 -0.30930000 0.82360000
vn -0.21280000 -0.90490000 -0.36860000
vn 0.69400000 -0.42330000 0.58240000
vn 0.45510000 0.80440000 0.38190000
vn 0.41370000 0.84160000 0.34720000
vn 0.72850000 -0.30930000 0.61130000
vn 0.72850000 -0.30930000 0.61130000
vn -0.32600000 -0.90490000 -0.27360000
vn 0.85140000 -0.42330000 0.30990000
vn 0.55830000 0.80440000 0.20320000
vn 0.50750000 0.84160000 0.18470000
vn 0.89360000 -0.30930000 0.32520000
vn -0.39990000 -0.90490000 -0.14560000
vn 0.89360000 -0.30930000 0.32530000
vn 0.59410000 0.80440000 -0.00000000
vn 0.90600000 -0.42330000 -0.00000000
vn 0.95100000 -0.30930000 -0.00000000
vn 0.54010000 0.84160000 -0.00000000
vn -0.42560000 -0.90490000 -0.00000000
vn 0.95100000 -0.30930000 -0.00000000
vn 0.85140000 -0.42330000 -0.30990000
vn 0.55830000 0.80440000 -0.20320000
vn 0.89360000 -0.30930000 -0.32530000
vn 0.50750000 0.84160000 -0.18470000
vn -0.39990000 -0.90490000 0.14560000
vn 0.89360000 -0.30930000 -0.32530000
vn 0.45510000 0.80440000 -0.38190000
vn 0.69400000 -0.42330000 -0.58240000
vn 0.41370000 0.84160000 -0.34720000
vn 0.72850000 -0.30930000 -0.61130000
vn 0.72850000 -0.30930000 -0.61130000
vn -0.32600000 -0.90490000 0.27360000
vn 0.29710000 0.80440000 -0.51450000
vn 0.45300000 -0.42330000 -0.78460000
vn 0.47550000 -0.30930000 -0.82360000
vn 0.27010000 0.84160000 -0.46770000
vn -0.21280000 -0.90490000 0.36860000
vn 0.47550000 -0.30930000 -0.82360000
vn 0.15730000 -0.42330000 -0.89220000
vn 0.15730000 -0.42330000 -0.89220000
vn 0.10320000 0.80440000 -0.58510000
vn 0.10320000 0.80440000 -0.58510000
vn 0.09380000 0.84160000 -0.53190000
vn 0.09380000 0.84160000 -0.53190000
vn 0.16510000 -0.30930000 -0.93650000
vn 0.16510000 -0.30930000 -0.93650000
vn 0.16510000 -0.30930000 -0.93650000
vn 0.16510000 -0.30930000 -0.93650000
vn -0.07390000 -0.90490000 0.41910000
vn -0.07390000 -0.90490000 0.41910000
vn -0.15730000 -0.42330000 -0.89220000
vn -0.10320000 0.80440000 -0.58510000
vn -0.09380000 0.84160000 -0.53190000
vn -0.16510000 -0.30930000 -0.93650000
vn 0.07390000 -0.90490000 0.41910000
vn -0.16510000 -0.30930000 -0.93650000
vn -0.29700000 0.80440000 -0.51450000
vn -0.45300000 -0.42330000 -0.78460000
vn -0.27010000 0.84160000 -0.46770000
vn -0.47550000 -0.30930000 -0.82360000
vn 0.21280000 -0.90490000 0.36860000
vn -0.47550000 -0.30930000 -0.82360000
vn -0.69400000 -0.42330000 -0.58240000
vn -0.45510000 0.80440000 -0.38190000
vn -0.41370000 0.84160000 -0.34720000
vn -0.72850000 -0.30930000 -0.61130000
vn 0.32600000 -0.90490000 0.27360000
vn -0.72850000 -0.30930000 -0.61130000
vn -0.85140000 -0.42330000 -0.30990000
vn -0.55830000 0.80440000 -0.20320000
vn 0.50750000 -0.84160000 0.18470000
vn -0.85140000 -0.42330000 -0.30990000
vn -0.89360000 -0.30930000 -0.32530000
vn 0.39990000 -0.90490000 0.14560000
vn -0.96080000 -0.27720000 -0.00000000
vn 0.42560000 -0.90490000 -0.00000000
vn 0.39990000 -0.90490000 -0.14560000
vn -0.90290000 -0.27720000 0.32860000
vn -0.73600000 -0.27720000 0.61760000
vn 0.32600000 -0.90490000 -0.27360000
vn -0.48040000 -0.27720000 0.83210000
vn 0.21280000 -0.90490000 -0.36860000
vn 0.07390000 -0.90490000 -0.41910000
vn -0.16680000 -0.27720000 0.94620000
vn -0.07390000 -0.90490000 -0.41910000
vn 0.16680000 -0.27720000 0.94620000
vn 0.48040000 -0.27720000 0.83210000
vn -0.21280000 -0.90490000 -0.36860000
vn -0.32600000 -0.90490000 -0.27360000
vn 0.73600000 -0.27720000 0.61760000
vn 0.90290000 -0.27720000 0.32860000
vn -0.39990000 -0.90490000 -0.14560000
vn -0.42560000 -0.90490000 -0.00000000
vn 0.96080000 -0.27720000 -0.00000000
vn 0.90290000 -0.27720000 -0.32860000
vn -0.39990000 -0.90490000 0.14560000
vn -0.32600000 -0.90490000 0.27360000
vn 0.73600000 -0.27720000 -0.61760000
vn 0.48040000 -0.27720000 -0.83210000
vn -0.21280000 -0.90490000 0.36860000
vn -0.07390000 -0.90490000 0.41910000
vn -0.07390000 -0.90490000 0.41910000
vn 0.16680000 -0.27720000 -0.94620000
vn 0.16680000 -0.27720000 -0.94620000
vn -0.16680000 -0.27720000 -0.94620000
vn 0.07390000 -0.90490000 0.41910000
vn -0.48040000 -0.27720000 -0.83210000
vn 0.21280000 -0.90490000 0.36860000
vn -0.73600000 -0.27720000 -0.61760000
vn 0.32600000 -0.90490000 0.27360000
vn 0.39990000 -0.90490000 0.14560000
vn -0.90290000 -0.27720000 -0.32860000
vn -0.90290000 -0.27720000 0.32860000
vn -0.39990000 0.90490000 0.14560000
vn -0.42560000 0.90490000 -0.00000000
vn -0.96080000 -0.27720000 -0.00000000
vn -0.39990000 0.90490000 -0.14560000
vn -0.90290000 -0.27720000 -0.32860000
vn -0.73600000 -0.27720000 -0.61760000
vn -0.32600000 0.90490000 -0.27360000
vn -0.21280000 0.90490000 -0.36860000
vn -0.48040000 -0.27720000 -0.83210000
vn -0.16680000 -0.27720000 -0.94620000
vn -0.07390000 0.90490000 -0.41910000
vn 0.07390000 0.90490000 -0.41910000
vn 0.16690000 -0.27720000 -0.94620000
vn 0.16690000 -0.27720000 -0.94620000
vn 0.07390000 0.90490000 -0.41910000
vn 0.21280000 0.90490000 -0.36860000
vn 0.48040000 -0.27720000 -0.83210000
vn 0.32600000 0.90490000 -0.27360000
vn 0.73600000 -0.27720000 -0.61760000
vn 0.90290000 -0.27720000 -0.32860000
vn 0.39990000 0.90490000 -0.14560000
vn 0.42560000 0.90490000 -0.00000000
vn 0.96080000 -0.27720000 -0.00000000
vn 0.90290000 -0.27720000 0.32860000
vn 0.39990000 0.90490000 0.14560000
vn 0.32600000 0.90490000 0.27360000
vn 0.73600000 -0.27720000 0.61760000
vn 0.21280000 0.90490000 0.36860000
vn 0.48040000 -0.27720000 0.83210000
vn 0.16680000 -0.27720000 0.94620000
vn 0.07390000 0.90490000 0.41910000
vn -0.07390000 0.90490000 0.41910000
vn -0.16690000 -0.27720000 0.94620000
vn -0.48040000 -0.27720000 0.83210000
vn -0.21280000 0.90490000 0.36860000
vn -0.32600000 0.90490000 0.27360000
vn -0.73600000 -0.27720000 0.61760000
vn -0.93050000 -0.36630000 -0.00000000
vn 0.54010000 -0.84160000 -0.00000000
vn 0.50750000 -0.84160000 -0.18470000
vn -0.87440000 -0.36630000 0.31830000
vn 0.41370000 -0.84160000 -0.34720000
vn -0.71280000 -0.36630000 0.59810000
vn 0.27000000 -0.84160000 -0.46770000
vn -0.46530000 -0.36630000 0.80580000
vn -0.16160000 -0.36630000 0.91640000
vn 0.09380000 -0.84160000 -0.53190000
vn -0.09380000 -0.84160000 -0.53190000
vn 0.16160000 -0.36630000 0.91640000
vn 0.46530000 -0.36630000 0.80580000
vn -0.27000000 -0.84160000 -0.46770000
vn 0.71280000 -0.36630000 0.59810000
vn -0.41370000 -0.84160000 -0.34720000
vn -0.50750000 -0.84160000 -0.18470000
vn 0.87440000 -0.36630000 0.31830000
vn -0.54010000 -0.84160000 -0.00000000
vn 0.93050000 -0.36630000 -0.00000000
vn -0.50750000 -0.84160000 0.18470000
vn 0.87440000 -0.36630000 -0.31830000
vn -0.41370000 -0.84160000 0.34720000
vn 0.71280000 -0.36630000 -0.59810000
vn -0.27000000 -0.84160000 0.46770000
vn 0.46530000 -0.36630000 -0.80580000
vn 0.16160000 -0.36630000 -0.91640000
vn -0.09380000 -0.84160000 0.53190000
vn 0.16160000 -0.36630000 -0.91640000
vn -0.09380000 -0.84160000 0.53190000
vn -0.16160000 -0.36630000 -0.91640000
vn 0.09380000 -0.84160000 0.53190000
vn -0.46530000 -0.36630000 -0.80580000
vn 0.27010000 -0.84160000 0.46770000
vn -0.71280000 -0.36630000 -0.59810000
vn 0.41370000 -0.84160000 0.34720000
vn -0.87440000 -0.36630000 -0.31830000
vn 0.50750000 -0.84160000 0.18470000
vn -0.87440000 -0.36630000 0.31820000
vn -0.50750000 0.84160000 0.18470000
vn -0.93050000 -0.36630000 -0.00000000
vn -0.54010000 0.84160000 -0.00000000
vn -0.50750000 0.84160000 -0.18470000
vn -0.87440000 -0.36630000 -0.31830000
vn -0.71280000 -0.36630000 -0.59810000
vn -0.41370000 0.84160000 -0.34720000
vn -0.27000000 0.84160000 -0.46770000
vn -0.46520000 -0.36630000 -0.80580000
vn -0.09380000 0.84160000 -0.53190000
vn -0.16160000 -0.36630000 -0.91640000
vn 0.16160000 -0.36630000 -0.91640000
vn 0.09380000 0.84160000 -0.53190000
vn 0.16160000 -0.36630000 -0.91640000
vn 0.09380000 0.84160000 -0.53190000
vn 0.46530000 -0.36630000 -0.80580000
vn 0.27010000 0.84160000 -0.46770000
vn 0.71280000 -0.36630000 -0.59810000
vn 0.41370000 0.84160000 -0.34720000
vn 0.50750000 0.84160000 -0.18470000
vn 0.87440000 -0.36630000 -0.31820000
vn 0.93050000 -0.36630000 -0.00000000
vn 0.54010000 0.84160000 -0.00000000
vn 0.50750000 0.84160000 0.18470000
vn 0.87440000 -0.36630000 0.31830000
vn 0.41370000 0.84160000 0.34720000
vn 0.71280000 -0.36630000 0.59810000
vn 0.46520000 -0.36630000 0.80580000
vn 0.27000000 0.84160000 0.46770000
vn 0.16160000 -0.36630000 0.91640000
vn 0.09380000 0.84160000 0.53190000
vn -0.09380000 0.84160000 0.53190000
vn -0.16160000 -0.36630000 0.91640000
vn -0.46530000 -0.36630000 0.80580000
vn -0.27010000 0.84160000 0.46770000
vn -0.41370000 0.84160000 0.34720000
vn -0.71280000 -0.36630000 0.59810000
vn -0.85600000 -0.41270000 0.31150000
vn -0.55830000 0.80440000 0.20320000
vn -0.59410000 0.80440000 -0.00000000
vn -0.91090000 -0.41270000 -0.00000000
vn -0.85600000 -0.41270000 -0.31150000
vn -0.55830000 0.80440000 -0.20320000
vn -0.69780000 -0.41270000 -0.58550000
vn -0.45510000 0.80440000 -0.38190000
vn -0.29700000 0.80440000 -0.51450000
vn -0.45540000 -0.41270000 -0.78890000
vn -0.15820000 -0.41270000 -0.89710000
vn -0.10320000 0.80440000 -0.58510000
vn 0.15820000 -0.41270000 -0.89700000
vn 0.15820000 -0.41270000 -0.89700000
vn 0.10320000 0.80440000 -0.58510000
vn 0.10320000 0.80440000 -0.58510000
vn 0.45540000 -0.41270000 -0.78890000
vn 0.29710000 0.80440000 -0.51450000
vn 0.45510000 0.80440000 -0.38190000
vn 0.69780000 -0.41270000 -0.58550000
vn 0.55830000 0.80440000 -0.20320000
vn 0.85600000 -0.41270000 -0.31150000
vn 0.59410000 0.80440000 -0.00000000
vn 0.91090000 -0.41270000 -0.00000000
vn 0.85600000 -0.41270000 0.31150000
vn 0.55830000 0.80440000 0.20320000
vn 0.69780000 -0.41270000 0.58550000
vn 0.45510000 0.80440000 0.38190000
vn 0.29700000 0.80440000 0.51450000
vn 0.45540000 -0.41270000 0.78890000
vn 0.10320000 0.80440000 0.58510000
vn 0.15820000 -0.41270000 0.89710000
vn -0.10320000 0.80440000 0.58510000
vn -0.15820000 -0.41270000 0.89700000
vn -0.29710000 0.80440000 0.51450000
vn -0.45540000 -0.41270000 0.78890000
vn -0.69780000 -0.41270000 0.58550000
vn -0.45510000 0.80440000 0.38190000
vn 0.59410000 -0.80440000 -0.00000000
vn -0.91090000 -0.41270000 -0.00000000
vn -0.85600000 -0.41270000 0.31150000
vn 0.55830000 -0.80440000 -0.20320000
vn 0.45510000 -0.80440000 -0.38190000
vn -0.69780000 -0.41270000 0.58550000
vn 0.29700000 -0.80440000 -0.51450000
vn -0.45540000 -0.41270000 0.78890000
vn 0.10320000 -0.80440000 -0.58510000
vn -0.15820000 -0.41270000 0.89710000
vn 0.15820000 -0.41270000 0.89710000
vn -0.10320000 -0.80440000 -0.58510000
vn -0.29710000 -0.80440000 -0.51450000
vn 0.45540000 -0.41270000 0.78890000
vn 0.69780000 -0.41270000 0.58550000
vn -0.45510000 -0.80440000 -0.38190000
vn -0.55830000 -0.80440000 -0.20320000
vn 0.85600000 -0.41270000 0.31150000
vn 0.91090000 -0.41270000 -0.00000000
vn -0.59410000 -0.80440000 -0.00000000
vn -0.55830000 -0.80440000 0.20320000
vn 0.85600000 -0.41270000 -0.31150000
vn -0.45510000 -0.80440000 0.38190000
vn 0.69780000 -0.41270000 -0.58550000
vn -0.29710000 -0.80440000 0.51450000
vn 0.45540000 -0.41270000 -0.78890000
vn 0.15820000 -0.41270000 -0.89710000
vn -0.10320000 -0.80440000 0.58510000
vn 0.15820000 -0.41270000 -0.89710000
vn -0.10320000 -0.80440000 0.58510000
vn 0.10320000 -0.80440000 0.58510000
vn -0.15820000 -0.41270000 -0.89710000
vn 0.29710000 -0.80440000 0.51450000
vn -0.45540000 -0.41270000 -0.78890000
vn -0.69780000 -0.41270000 -0.58550000
vn 0.45510000 -0.80440000 0.38190000
vn 0.55830000 -0.80440000 0.20320000
vn -0.85600000 -0.41270000 -0.31150000
vn 0.94680000 0.32170000 -0.00000000
vn 0.30160000 -0.95340000 -0.00000000
vn 0.28340000 -0.95340000 -0.10320000
vn 0.88970000 0.32170000 -0.32380000
vn 0.72530000 0.32170000 -0.60860000
vn 0.23110000 -0.95340000 -0.19390000
vn 0.47340000 0.32170000 -0.82000000
vn 0.15080000 -0.95340000 -0.26120000
vn 0.05240000 -0.95340000 -0.29700000
vn 0.16440000 0.32170000 -0.93250000
vn -0.16440000 0.32170000 -0.93250000
vn -0.05240000 -0.95340000 -0.29700000
vn -0.15080000 -0.95340000 -0.26120000
vn -0.47340000 0.32170000 -0.82000000
vn -0.72530000 0.32170000 -0.60860000
vn -0.23110000 -0.95340000 -0.19390000
vn -0.28340000 -0.95340000 -0.10320000
vn -0.88970000 0.32170000 -0.32380000
vn -0.94680000 0.32170000 -0.00000000
vn -0.30160000 -0.95340000 -0.00000000
vn -0.28340000 -0.95340000 0.10320000
vn -0.88970000 0.32170000 0.32380000
vn -0.23110000 -0.95340000 0.19390000
vn -0.72530000 0.32170000 0.60860000
vn -0.47340000 0.32170000 0.82000000
vn -0.15080000 -0.95340000 0.26120000
vn -0.05240000 -0.95340000 0.29700000
vn -0.16440000 0.32170000 0.93250000
vn -0.16440000 0.32170000 0.93250000
vn -0.05240000 -0.95340000 0.29700000
vn 0.05240000 -0.95340000 0.29700000
vn 0.16440000 0.32170000 0.93250000
vn 0.15080000 -0.95340000 0.26120000
vn 0.47340000 0.32170000 0.82000000
vn 0.23110000 -0.95340000 0.19390000
vn 0.72530000 0.32170000 0.60860000
vn 0.88970000 0.32170000 0.32380000
vn 0.28340000 -0.95340000 0.10320000
vn 0.89590000 0.30160000 -0.32610000
vn 0.28340000 -0.95340000 -0.10320000
vn 0.95340000 0.30160000 -0.00000000
vn 0.30160000 -0.95340000 -0.00000000
vn 0.89590000 0.30160000 0.32610000
vn 0.28340000 -0.95340000 0.10320000
vn 0.73040000 0.30160000 0.61280000
vn 0.23110000 -0.95340000 0.19390000
vn 0.15080000 -0.95340000 0.26120000
vn 0.47670000 0.30160000 0.82570000
vn 0.05240000 -0.95340000 0.29700000
vn 0.16560000 0.30160000 0.93890000
vn -0.16560000 0.30160000 0.93890000
vn -0.16560000 0.30160000 0.93890000
vn -0.05240000 -0.95340000 0.29700000
vn -0.05240000 -0.95340000 0.29700000
vn -0.47670000 0.30160000 0.82570000
vn -0.15080000 -0.95340000 0.26120000
vn -0.23110000 -0.95340000 0.19390000
vn -0.73040000 0.30160000 0.61290000
vn -0.89590000 0.30160000 0.32610000
vn -0.28340000 -0.95340000 0.10320000
vn -0.95340000 0.30160000 -0.00000000
vn -0.30160000 -0.95340000 -0.00000000
vn -0.28340000 -0.95340000 -0.10320000
vn -0.89590000 0.30160000 -0.32610000
vn -0.23110000 -0.95340000 -0.19390000
vn -0.73040000 0.30160000 -0.61290000
vn -0.47670000 0.30160000 -0.82570000
vn -0.15080000 -0.95340000 -0.26120000
vn -0.16560000 0.30160000 -0.93890000
vn -0.05240000 -0.95340000 -0.29700000
vn 0.05240000 -0.95340000 -0.29700000
vn 0.16560000 0.30160000 -0.93890000
vn 0.47670000 0.30160000 -0.82570000
vn 0.15080000 -0.95340000 -0.26120000
vn 0.73040000 0.30160000 -0.61290000
vn 0.23110000 -0.95340000 -0.19390000
vn -0.30160000 0.95340000 -0.00000000
vn 0.95340000 0.30160000 -0.00000000
vn 0.89590000 0.30160000 -0.32610000
vn -0.28340000 0.95340000 0.10320000
vn 0.73040000 0.30160000 -0.61290000
vn -0.23110000 0.95340000 0.19390000
vn -0.15080000 0.95340000 0.26120000
vn 0.47670000 0.30160000 -0.82570000
vn -0.05240000 0.95340000 0.29700000
vn 0.16560000 0.30160000 -0.93890000
vn 0.05240000 0.95340000 0.29700000
vn -0.16560000 0.30160000 -0.93890000
vn 0.15080000 0.95340000 0.26120000
vn -0.47670000 0.30160000 -0.82570000
vn 0.23110000 0.95340000 0.19390000
vn -0.73040000 0.30160000 -0.61290000
vn -0.89590000 0.30160000 -0.32610000
vn 0.28340000 0.95340000 0.10320000
vn 0.30160000 0.95340000 -0.00000000
vn -0.95340000 0.30160000 -0.00000000
vn -0.89590000 0.30160000 0.32610000
vn 0.28340000 0.95340000 -0.10320000
vn -0.73040000 0.30160000 0.61290000
vn 0.23110000 0.95340000 -0.19390000
vn -0.47670000 0.30160000 0.82570000
vn 0.15080000 0.95340000 -0.26120000
vn 0.05240000 0.95340000 -0.29700000
vn 0.05240000 0.95340000 -0.29700000
vn -0.16560000 0.30160000 0.93890000
vn -0.16560000 0.30160000 0.93890000
vn 0.16560000 0.30160000 0.93890000
vn -0.05240000 0.95340000 -0.29700000
vn -0.15080000 0.95340000 -0.26120000
vn 0.47670000 0.30160000 0.82570000
vn -0.23110000 0.95340000 -0.19390000
vn 0.73040000 0.30160000 0.61280000
vn 0.89590000 0.30160000 0.32610000
vn -0.28340000 0.95340000 -0.10320000
vn -0.93970000 -0.00000000 0.34200000
vn -1.00000000 -0.00000000 -0.00000000
vn -0.93970000 -0.00000000 -0.34200000
vn -0.76600000 -0.00000000 -0.64280000
vn -0.50000000 -0.00000000 -0.86600000
vn -0.17360000 -0.00000000 -0.98480000
vn 0.17370000 -0.00000000 -0.98480000
vn 0.17370000 -0.00000000 -0.98480000
vn 0.50000000 -0.00000000 -0.86600000
vn 0.76600000 -0.00000000 -0.64280000
vn 0.93970000 -0.00000000 -0.34200000
vn 1.00000000 -0.00000000 -0.00000000
vn 0.93970000 -0.00000000 0.34200000
vn 0.76600000 -0.00000000 0.64280000
vn 0.50000000 -0.00000000 0.86600000
vn 0.17360000 -0.00000000 0.98480000
vn -0.17370000 -0.00000000 0.98480000
vn -0.50000000 -0.00000000 0.86600000
vn -0.76600000 -0.00000000 0.64280000
vn -0.50000000 -0.00000000 -0.86600000
vn -0.00000000 -0.00000000 -1.00000000
vn 0.50000000 -0.00000000 -0.86600000
vn 0.86600000 -0.00000000 -0.50000000
vn 0.86600000 -0.00000000 -0.50000000
vn 1.00000000 -0.00000000 -0.00000000
vn 0.86600000 -0.00000000 0.50000000
vn 0.50000000 -0.00000000 0.86600000
vn -0.00000000 -0.00000000 1.00000000
vn -0.50000000 -0.00000000 0.86600000
vn -0.86600000 -0.00000000 0.50000000
vn -1.00000000 -0.00000000 -0.00000000
vn -0.86600000 -0.00000000 -0.50000000
vn -0.00000000 1.00000000 -0.00000000
vn -0.86600000 -0.00000000 0.50000000
vn -0.00000000 1.00000000 -0.00000000
vn -1.00000000 -0.00000000 -0.00000000
vn -0.00000000 1.00000000 -0.00000000
vn -0.50000000 -0.00000000 0.86600000
vn -0.00000000 1.00000000 -0.00000000
vn -0.00000000 -0.00000000 1.00000000
vn -0.00000000 1.00000000 -0.00000000
vn 0.50000000 -0.00000000 0.86600000
vn 0.86600000 -0.00000000 0.50000000
vn -0.00000000 1.00000000 -0.00000000
vn -0.00000000 1.00000000 -0.00000000
vn 1.00000000 -0.00000000 -0.00000000
vn 0.86600000 -0.00000000 -0.50000000
vn -0.00000000 1.00000000 -0.00000000
vn 0.86600000 -0.00000000 -0.50000000
vn -0.00000000 1.00000000 -0.00000000
vn 0.50000000 -0.00000000 -0.86600000
vn -0.00000000 1.00000000 -0.00000000
vn -0.00000000 -0.00000000 -1.00000000
vn -0.00000000 1.00000000 -0.00000000
vn -0.00000000 1.00000000 -0.00000000
vn -0.50000000 -0.00000000 -0.86600000
vn -0.86600000 -0.00000000 -0.50000000
vn -0.00000000 1.00000000 -0.00000000
vn -0.00000000 1.00000000 -0.00000000
vn 0.90720000 0.01240000 0.42060000
vn 0.99580000 -0.01280000 -0.09050000
vn -0.00000000 1.00000000 -0.00000000
vn -0.00000000 1.00000000 -0.00000000
vn -0.00000000 1.00000000 -0.00000000
vn 0.81520000 -0.03560000 -0.57810000
vn 0.81520000 -0.03560000 -0.57810000
vn -0.00000000 1.00000000 -0.00000000
vn 0.41190000 -0.05000000 -0.90990000
vn -0.00000000 1.00000000 -0.00000000
vn -0.10380000 -0.05120000 -0.99330000
vn -0.40720000 0.06930000 0.91070000
vn -0.00000000 1.00000000 -0.00000000
vn -0.00000000 1.00000000 -0.00000000
vn -0.80780000 0.06210000 0.58610000
vn -0.00000000 1.00000000 -0.00000000
vn 0.09800000 0.05760000 0.99350000
vn 0.57670000 0.03620000 0.81620000
vn -0.00000000 1.00000000 -0.00000000
vn -0.00000000 1.00000000 -0.00000000
vn -0.58770000 -0.03630000 -0.80820000
vn -0.00000000 1.00000000 -0.00000000
vn -0.91310000 -0.00470000 -0.40780000
vn -0.00000000 1.00000000 -0.00000000
vn -0.99410000 0.03390000 0.10310000
vn 0.11880000 0.02950000 0.99250000
vn 0.59640000 0.06180000 0.80030000
vn 0.12860000 -0.02360000 0.99140000
vn 0.58880000 0.11490000 0.80010000
vn 0.15610000 -0.08090000 0.98440000
vn 0.56920000 0.17120000 0.80420000
vn 0.16110000 -0.12380000 0.97910000
vn 0.53790000 0.19400000 0.82040000
vn 0.12530000 -0.10530000 0.98650000
vn 0.52980000 0.17560000 0.82980000
vn 0.05930000 0.00810000 0.99820000
vn 0.52980000 0.12150000 0.83940000
vn 0.05780000 0.18500000 0.98100000
vn 0.53570000 0.06340000 0.84200000
vn 0.12370000 0.34310000 0.93110000
vn 0.51210000 0.01680000 0.85880000
vn 0.18720000 0.39790000 0.89810000
vn 0.50180000 -0.01970000 0.86470000
vn -0.48480000 0.81550000 0.31610000
vn -0.17330000 0.69830000 0.69450000
vn -0.29300000 0.57360000 0.76490000
vn -0.63410000 0.65830000 0.40570000
vn -0.42950000 0.25690000 0.86580000
vn -0.80550000 0.26300000 0.53100000
vn -0.42260000 -0.10510000 0.90020000
vn -0.79570000 -0.19090000 0.57480000
vn -0.31040000 -0.35530000 0.88170000
vn -0.66220000 -0.51090000 0.54820000
vn -0.25910000 -0.40870000 0.87510000
vn -0.61000000 -0.58410000 0.53550000
vn -0.30380000 -0.31380000 0.89960000
vn -0.68400000 -0.46210000 0.56440000
vn -0.37050000 -0.15680000 0.91550000
vn -0.77080000 -0.24760000 0.58700000
vn -0.39530000 -0.00740000 0.91850000
vn -0.80550000 -0.04150000 0.59120000
vn -0.99300000 -0.06600000 0.09830000
vn -0.90470000 -0.07370000 -0.41970000
vn -0.57100000 -0.05920000 -0.81880000
vn -0.08780000 -0.02500000 -0.99580000
vn 0.41620000 0.01740000 -0.90910000
vn 0.39230000 0.16280000 -0.90530000
vn -0.09570000 0.03360000 -0.99480000
vn 0.32840000 0.32460000 -0.88700000
vn -0.11970000 0.10010000 -0.98770000
vn 0.26300000 0.41060000 -0.87310000
vn -0.15620000 0.12720000 -0.97950000
vn 0.28840000 0.35400000 -0.88970000
vn -0.15380000 0.09130000 -0.98390000
vn 0.37320000 0.10000000 -0.92230000
vn -0.13340000 -0.02470000 -0.99080000
vn 0.38760000 -0.25520000 -0.88580000
vn -0.12460000 -0.17130000 -0.97730000
vn 0.24690000 -0.56570000 -0.78680000
vn -0.18500000 -0.30040000 -0.93570000
vn 0.14240000 -0.69590000 -0.70390000
vn -0.21970000 -0.36860000 -0.90330000
vn 0.46070000 -0.83160000 -0.31030000
vn 0.46070000 -0.83160000 -0.31030000
vn 0.65480000 -0.73730000 0.16620000
vn 0.67240000 -0.43890000 0.59610000
vn 0.80770000 -0.58270000 0.08970000
vn 0.76660000 -0.32350000 0.55460000
vn 0.97850000 -0.20310000 -0.03510000
vn 0.87730000 -0.07900000 0.47340000
vn 0.96760000 0.24100000 -0.07470000
vn 0.86740000 0.20900000 0.45170000
vn 0.83790000 0.54250000 -0.06010000
vn 0.79310000 0.41370000 0.44710000
vn 0.79700000 0.60170000 -0.05290000
vn 0.77030000 0.45920000 0.44250000
vn 0.87180000 0.48290000 -0.08210000
vn 0.82880000 0.37650000 0.41400000
vn 0.95700000 0.27040000 -0.10480000
vn 0.88990000 0.22190000 0.39860000
vn 0.99110000 0.07810000 -0.10770000
vn 0.91400000 0.08030000 0.39770000
vn 0.80950000 0.05520000 -0.58450000
vn 0.80950000 0.05520000 -0.58450000
vn 0.77570000 0.24880000 -0.58000000
vn 0.77570000 0.24880000 -0.58000000
vn 0.68940000 0.46400000 -0.55630000
vn 0.68940000 0.46400000 -0.55630000
vn 0.61150000 0.58390000 -0.53390000
vn 0.61150000 0.58390000 -0.53390000
vn 0.65210000 0.52120000 -0.55050000
vn 0.65210000 0.52120000 -0.55050000
vn 0.78460000 0.20060000 -0.58660000
vn 0.78460000 0.20060000 -0.58660000
vn 0.79780000 -0.26890000 -0.53960000
vn 0.79780000 -0.26890000 -0.53960000
vn 0.61520000 -0.67420000 -0.40860000
vn 0.61520000 -0.67420000 -0.40860000
vn -0.52570000 0.05500000 -0.84890000
vn -0.68920000 0.45420000 -0.56450000
vn -0.67200000 0.72740000 -0.13910000
vn -0.81360000 0.57880000 -0.05580000
vn -0.78740000 0.35410000 -0.50460000
vn -0.97720000 0.20290000 0.06230000
vn -0.90130000 0.09130000 -0.42340000
vn -0.96790000 -0.22900000 0.10390000
vn -0.89500000 -0.20990000 -0.39360000
vn -0.84210000 -0.53440000 0.07280000
vn -0.80350000 -0.41880000 -0.42300000
vn -0.79660000 -0.60230000 0.05170000
vn -0.76880000 -0.45820000 -0.44600000
vn -0.87380000 -0.48130000 0.06980000
vn -0.81870000 -0.36630000 -0.44210000
vn -0.95820000 -0.27000000 0.09500000
vn -0.88010000 -0.21750000 -0.42210000
vn -0.56200000 -0.10570000 -0.82030000
vn -0.54000000 -0.15240000 -0.82780000
vn -0.53420000 -0.19090000 -0.82350000
vn -0.55330000 -0.19140000 -0.81070000
vn -0.59360000 -0.13670000 -0.79310000
vn -0.59340000 -0.04450000 -0.80370000
vn -0.56040000 0.03600000 -0.82740000
vn -0.17960000 0.98280000 0.04350000
vn -0.15370000 0.83620000 0.52640000
vn -0.08770000 0.47410000 0.87610000
vn 0.00160000 -0.01670000 0.99990000
vn 0.08990000 -0.50900000 0.85610000
vn 0.15260000 -0.86520000 0.47760000
vn 0.17300000 -0.98440000 -0.03210000
vn 0.14680000 -0.83350000 -0.53270000
vn 0.14680000 -0.83350000 -0.53270000
vn 0.08070000 -0.45370000 -0.88750000
vn -0.00830000 0.05070000 -0.99870000
vn -0.09630000 0.53850000 -0.83710000
vn -0.15890000 0.87700000 -0.45350000
vn -0.35490000 0.93410000 0.03780000
vn -0.33460000 0.78640000 0.51920000
vn -0.22810000 0.43860000 0.86930000
vn -0.06230000 -0.02440000 0.99780000
vn 0.12040000 -0.48690000 0.86510000
vn 0.27180000 -0.82500000 0.49550000
vn 0.34880000 -0.93700000 -0.01840000
vn 0.32720000 -0.78200000 -0.53050000
vn 0.32720000 -0.78200000 -0.53050000
vn 0.21320000 -0.40450000 -0.88930000
vn 0.04140000 0.08060000 -0.99590000
vn -0.14000000 0.53570000 -0.83270000
vn -0.28420000 0.84430000 -0.45430000
vn -0.66680000 0.74520000 -0.01070000
vn -0.65510000 0.59200000 0.46950000
vn -0.47660000 0.28780000 0.83060000
vn -0.17470000 -0.09190000 0.98030000
vn 0.17630000 -0.45190000 0.87440000
vn 0.48510000 -0.69580000 0.52970000
vn 0.66240000 -0.74850000 0.03050000
vn 0.65120000 -0.58680000 -0.48130000
vn 0.65120000 -0.58680000 -0.48130000
vn 0.45400000 -0.25790000 -0.85290000
vn 0.13320000 0.13770000 -0.98150000
vn -0.21820000 0.48930000 -0.84440000
vn -0.50850000 0.70870000 -0.48900000
vn -0.89100000 0.44160000 -0.10570000
vn -0.88670000 0.27700000 0.37020000
vn -0.65750000 0.04170000 0.75230000
vn -0.25910000 -0.20520000 0.94380000
vn 0.21150000 -0.40080000 0.89140000
vn 0.63390000 -0.49100000 0.59750000
vn 0.88630000 -0.44460000 0.12970000
vn 0.88470000 -0.26930000 -0.38060000
vn 0.88470000 -0.26930000 -0.38060000
vn 0.62760000 -0.01760000 -0.77830000
vn 0.19960000 0.23490000 -0.95130000
vn -0.27340000 0.42010000 -0.86530000
vn -0.66880000 0.49410000 -0.55550000
vn -0.96580000 0.14250000 -0.21650000
vn -0.96520000 -0.03560000 0.25900000
vn -0.71530000 -0.20450000 0.66820000
vn -0.27780000 -0.32090000 0.90550000
vn 0.23730000 -0.35320000 0.90490000
vn 0.69360000 -0.28970000 0.65960000
vn 0.96240000 -0.14480000 0.22990000
vn 0.96320000 0.04120000 -0.26560000
vn 0.96320000 0.04120000 -0.26560000
vn 0.69540000 0.21480000 -0.68580000
vn 0.23850000 0.32820000 -0.91400000
vn -0.27800000 0.35280000 -0.89340000
vn -0.71640000 0.28440000 -0.63710000
vn -0.95780000 -0.02630000 -0.28610000
vn -0.95890000 -0.20750000 0.19380000
vn -0.70700000 -0.33420000 0.62330000
vn -0.26680000 -0.37260000 0.88880000
vn 0.24680000 -0.31150000 0.91760000
vn 0.69590000 -0.16580000 0.69870000
vn 0.95700000 0.02550000 0.28890000
vn 0.95700000 0.21010000 -0.20000000
vn 0.95700000 0.21010000 -0.20000000
vn 0.69640000 0.33700000 -0.63360000
vn 0.24850000 0.37240000 -0.89420000
vn -0.26400000 0.30790000 -0.91400000
vn -0.70440000 0.16200000 -0.69100000
vn -0.94140000 -0.10800000 -0.31950000
vn -0.94570000 -0.27920000 0.16660000
vn -0.69820000 -0.37630000 0.60910000
vn -0.26320000 -0.37300000 0.88970000
vn 0.24360000 -0.26930000 0.93170000
vn 0.68560000 -0.09270000 0.72210000
vn 0.94220000 0.10910000 0.31680000
vn 0.94370000 0.28130000 -0.17390000
vn 0.94370000 0.28130000 -0.17390000
vn 0.69090000 0.37730000 -0.61670000
vn 0.25330000 0.37190000 -0.89300000
vn -0.25080000 0.26720000 -0.93040000
vn -0.68740000 0.09170000 -0.72050000
vn -0.92420000 -0.17380000 -0.33990000
vn -0.93150000 -0.33140000 0.14990000
vn -0.69150000 -0.40120000 0.60070000
vn -0.26650000 -0.36430000 0.89240000
vn 0.23130000 -0.22940000 0.94540000
vn 0.66800000 -0.03230000 0.74350000
vn 0.92430000 0.17390000 0.33970000
vn 0.92990000 0.33290000 -0.15630000
vn 0.92990000 0.33290000 -0.15630000
vn 0.68390000 0.40160000 -0.60910000
vn 0.25460000 0.36200000 -0.89670000
vn -0.24150000 0.22570000 -0.94380000
vn -0.67220000 0.02980000 -0.73970000
vn -0.90030000 -0.24360000 -0.36070000
vn -0.91030000 -0.39220000 0.13200000
vn -0.67880000 -0.43700000 0.59020000
vn -0.26570000 -0.36530000 0.89210000
vn 0.21970000 -0.19550000 0.95580000
vn 0.64720000 0.02750000 0.76180000
vn 0.90020000 0.24340000 0.36120000
vn 0.90910000 0.39340000 -0.13740000
vn 0.90910000 0.39340000 -0.13740000
vn 0.67200000 0.43670000 -0.59810000
vn 0.25460000 0.36230000 -0.89660000
vn -0.22970000 0.19120000 -0.95430000
vn -0.65170000 -0.03040000 -0.75780000
vn -0.87330000 -0.30650000 -0.37860000
vn -0.88630000 -0.44830000 0.11630000
vn -0.66370000 -0.47120000 0.58090000
vn -0.26370000 -0.36840000 0.89150000
vn 0.20800000 -0.16660000 0.96380000
vn 0.62470000 0.08060000 0.77670000
vn 0.87320000 0.30640000 0.37910000
vn 0.88520000 0.44920000 -0.12120000
vn 0.88520000 0.44920000 -0.12120000
vn 0.65790000 0.47040000 -0.58810000
vn 0.25410000 0.36500000 -0.89560000
vn -0.21660000 0.16230000 -0.96270000
vn -0.62870000 -0.08330000 -0.77320000
vn -0.85910000 -0.33550000 -0.38650000
vn -0.87340000 -0.47430000 0.11060000
vn -0.65460000 -0.48670000 0.57850000
vn -0.26050000 -0.36890000 0.89220000
vn 0.20390000 -0.15210000 0.96710000
vn 0.61390000 0.10590000 0.78220000
vn 0.85900000 0.33550000 0.38680000
vn 0.87280000 0.47480000 -0.11280000
vn 0.87280000 0.47480000 -0.11280000
vn 0.65190000 0.48630000 -0.58180000
vn 0.25610000 0.36720000 -0.89420000
vn -0.20780000 0.14990000 -0.96660000
vn -0.61570000 -0.10720000 -0.78060000
vn -0.00000000 -0.34200000 0.93970000
vn -0.86590000 -0.46990000 -0.17140000
vn -0.00000000 -0.34200000 0.93970000
vn -1.00000000 0.00030000 -0.00000000
vn -0.99990000 -0.00970000 -0.00360000
vn -0.86130000 -0.47710000 -0.17440000
vn -0.00000000 -0.34200000 0.93970000
vn -0.49970000 -0.81340000 -0.29780000
vn -0.49520000 -0.81570000 -0.29900000
vn 0.00010000 -0.93890000 -0.34430000
vn 0.00010000 -0.93890000 -0.34430000
vn -0.00000000 -0.34200000 0.93970000
vn -0.00000000 -0.34200000 0.93970000
vn 0.00010000 -0.93890000 -0.34430000
vn 0.00010000 -0.93890000 -0.34430000
vn 0.49980000 -0.81330000 -0.29810000
vn -0.00000000 -0.34200000 0.93970000
vn 0.49530000 -0.81580000 -0.29860000
vn -0.00000000 -0.34200000 0.93970000
vn 0.86580000 -0.46990000 -0.17180000
vn 0.86130000 -0.47740000 -0.17410000
vn 1.00000000 0.00010000 -0.00010000
vn -0.00000000 -0.34200000 0.93970000
vn 0.99990000 -0.00990000 -0.00370000
vn 0.86580000 0.47070000 0.16990000
vn -0.00000000 -0.34200000 0.93970000
vn 0.87040000 0.46330000 0.16680000
vn -0.00000000 -0.34200000 0.93970000
vn 0.49940000 0.81530000 0.29290000
vn 0.50410000 0.81290000 0.29150000
vn -0.00000000 -0.34200000 0.93970000
vn -0.00010000 0.94140000 0.33730000
vn -0.00020000 0.94140000 0.33730000
vn -0.49950000 0.81540000 0.29240000
vn -0.00000000 -0.34200000 0.93970000
vn -0.50430000 0.81270000 0.29190000
vn -0.86570000 0.47100000 0.16960000
vn -0.00000000 -0.34200000 0.93970000
vn -0.87030000 0.46320000 0.16730000
vn -0.86620000 -0.46980000 -0.17030000
vn -0.00000000 -0.34200000 0.93970000
vn -0.00000000 -0.34200000 0.93970000
vn -1.00000000 -0.00030000 0.00100000
vn -0.50000000 -0.81380000 -0.29620000
vn -0.00000000 -0.34200000 0.93970000
vn -0.00000000 -0.34200000 0.93970000
vn -0.00000000 -0.93970000 -0.34200000
vn -0.00000000 -0.34200000 0.93970000
vn -0.00000000 -0.93970000 -0.34200000
vn -0.00000000 -0.34200000 0.93970000
vn 0.50000000 -0.81380000 -0.29610000
vn -0.00000000 -0.34200000 0.93970000
vn 0.86600000 -0.46990000 -0.17090000
vn 1.00000000 -0.00000000 -0.00000000
vn -0.00000000 -0.34200000 0.93970000
vn -0.00000000 -0.34200000 0.93970000
vn 0.86590000 0.46990000 0.17140000
vn -0.00000000 -0.34200000 0.93970000
vn 0.50020000 0.81360000 0.29650000
vn -0.00000000 -0.34200000 0.93970000
vn -0.00000000 0.93970000 0.34200000
vn -0.50000000 0.81380000 0.29630000
vn -0.00000000 -0.34200000 0.93970000
vn -0.86620000 0.46930000 0.17150000
vn -0.00000000 -0.34200000 0.93970000
vn 0.04520000 -0.14330000 -0.98860000
vn -0.83460000 -0.51780000 -0.18810000
vn -0.00050000 0.34210000 -0.93970000
vn -1.00000000 0.00030000 0.00010000
vn 0.04500000 0.74550000 -0.66490000
vn -0.83420000 0.51800000 0.18900000
vn -0.44110000 -0.84340000 -0.30670000
vn -0.13490000 -0.41910000 -0.89790000
vn 0.00040000 -0.93970000 -0.34190000
vn 0.00040000 -0.93970000 -0.34190000
vn -0.00030000 -0.42260000 -0.90630000
vn -0.44050000 0.84340000 0.30750000
vn -0.13510000 0.89830000 -0.41800000
vn -0.00040000 0.90630000 -0.42260000
vn 0.00110000 0.93960000 0.34230000
vn -0.04100000 -0.14650000 -0.98840000
vn 0.83630000 -0.51520000 -0.18750000
vn 1.00000000 -0.00000000 -0.00000000
vn -0.00050000 0.34200000 -0.93970000
vn 0.44390000 0.84200000 0.30660000
vn 0.13850000 0.89750000 -0.41860000
vn -0.00040000 0.98480000 -0.17360000
vn 0.01460000 0.98150000 -0.19070000
vn 0.13740000 -0.41890000 -0.89760000
vn 0.44260000 -0.84260000 -0.30670000
vn 0.01460000 -0.62950000 -0.77680000
vn -0.00010000 -0.64280000 -0.76600000
vn -0.01460000 -0.62980000 -0.77660000
vn 0.01410000 -0.61930000 -0.78500000
vn -0.00010000 -0.64280000 -0.76600000
vn 0.04220000 -0.18360000 -0.98210000
vn -1.00000000 0.00290000 -0.00150000
vn -0.00010000 -0.64330000 -0.76560000
vn 0.00010000 -0.93970000 -0.34200000
vn 0.00010000 -0.93970000 -0.34200000
vn -1.00000000 0.00360000 -0.00220000
vn 0.00010000 -0.93990000 -0.34140000
vn 0.00010000 -0.93990000 -0.34140000
vn -1.00000000 0.00360000 -0.00220000
vn 0.00040000 -0.98480000 0.17370000
vn -1.00000000 0.00340000 -0.00310000
vn 0.00040000 -0.98470000 0.17410000
vn 0.00050000 -0.76600000 0.64280000
vn 0.00050000 -0.76590000 0.64290000
vn -1.00000000 0.00230000 -0.00320000
vn 0.00050000 -0.34200000 0.93970000
vn -1.00000000 0.00170000 -0.00230000
vn 0.00050000 -0.34220000 0.93960000
vn 0.00040000 0.17370000 0.98480000
vn 0.00040000 0.17320000 0.98490000
vn -1.00000000 0.00220000 -0.00140000
vn 0.00010000 0.64280000 0.76600000
vn 0.00010000 0.64230000 0.76640000
vn -1.00000000 0.00310000 -0.00150000
vn -0.00010000 0.93970000 0.34200000
vn -1.00000000 0.00340000 -0.00230000
vn -0.00010000 0.93950000 0.34260000
vn -0.00040000 0.98480000 -0.17370000
vn -1.00000000 0.00290000 -0.00310000
vn -0.00040000 0.98490000 -0.17320000
vn 0.04170000 0.77190000 -0.63440000
vn -1.00000000 0.00210000 -0.00310000
vn -0.00050000 0.76620000 -0.64270000
vn -0.00010000 0.93970000 0.34200000
vn -0.01470000 0.98170000 -0.19000000
vn 0.01380000 0.97900000 -0.20320000
vn -0.00010000 0.93970000 0.34200000
vn -0.00010000 0.93970000 0.34200000
vn 0.00010000 0.64280000 0.76600000
vn 0.00010000 0.64280000 0.76600000
vn 0.00040000 0.17360000 0.98480000
vn 0.00040000 0.17360000 0.98480000
vn 0.00050000 -0.34200000 0.93970000
vn 0.00050000 -0.34200000 0.93970000
vn 0.00050000 -0.76600000 0.64280000
vn 0.00050000 -0.76600000 0.64280000
vn 0.00040000 -0.98480000 0.17360000
vn 0.00040000 -0.98480000 0.17360000
vn 0.00010000 -0.93970000 -0.34200000
vn 0.00010000 -0.93970000 -0.34200000
vn 0.00010000 -0.93970000 -0.34200000
vn 0.00010000 -0.93970000 -0.34200000
vn 0.00040000 -0.98480000 0.17360000
vn 0.00010000 -0.93970000 -0.34200000
vn 0.00010000 -0.93970000 -0.34200000
vn 0.00010000 -0.93970000 -0.34200000
vn 0.00010000 -0.93970000 -0.34200000
vn 0.00040000 -0.98480000 0.17370000
vn 0.00010000 -0.93970000 -0.34200000
vn 0.00010000 -0.93970000 -0.34200000
vn 0.00040000 -0.98480000 0.17360000
vn 0.00050000 -0.76600000 0.64280000
vn 0.00050000 -0.76600000 0.64280000
vn 0.00050000 -0.34200000 0.93970000
vn 0.00050000 -0.34200000 0.93970000
vn 0.00040000 0.17360000 0.98480000
vn 0.00040000 0.17370000 0.98480000
vn 0.00010000 0.64280000 0.76600000
vn 0.00010000 0.64280000 0.76600000
vn -0.00010000 0.93970000 0.34200000
vn -0.00010000 0.93970000 0.34200000
vn -0.00040000 0.97530000 -0.22070000
vn -0.00010000 0.93970000 0.34200000
vn 0.00010000 0.64280000 0.76600000
vn 0.00010000 0.64330000 0.76560000
vn -1.00000000 0.00240000 -0.00160000
vn -1.00000000 0.00110000 -0.00260000
vn -0.00010000 0.93990000 0.34140000
vn -1.00000000 0.00190000 -0.00180000
vn 0.00030000 0.64230000 0.76650000
vn -1.00000000 0.00050000 -0.00250000
vn 0.00010000 0.93950000 0.34270000
vn -0.00020000 0.98490000 -0.17320000
vn -1.00000000 -0.00080000 -0.00170000
vn -1.00000000 -0.00050000 -0.00190000
vn -0.00040000 0.98470000 -0.17410000
vn -1.00000000 -0.00080000 -0.00020000
vn -0.00040000 0.76610000 -0.64270000
vn -1.00000000 -0.00070000 -0.00030000
vn -0.00050000 0.76590000 -0.64290000
vn -0.00060000 0.34180000 -0.93980000
vn -1.00000000 0.00060000 0.00060000
vn -0.00050000 0.34220000 -0.93960000
vn -1.00000000 0.00070000 0.00080000
vn -1.00000000 -0.00080000 -0.00010000
vn -0.00050000 0.76590000 -0.64290000
vn -1.00000000 0.00040000 0.00070000
vn -0.00060000 0.34220000 -0.93960000
vn -0.00060000 -0.17320000 -0.98490000
vn -1.00000000 0.00180000 0.00020000
vn -0.00050000 -0.17420000 -0.98470000
vn -1.00000000 0.00190000 -0.00020000
vn -1.00000000 0.00200000 -0.00120000
vn -0.00040000 -0.64240000 -0.76640000
vn -1.00000000 0.00190000 -0.00180000
vn -0.00030000 -0.64330000 -0.76560000
vn -0.00010000 -0.93950000 -0.34260000
vn -1.00000000 0.00080000 -0.00210000
vn -0.00010000 -0.93950000 -0.34260000
vn -1.00000000 0.00080000 -0.00210000
vn -0.00010000 -0.93990000 -0.34140000
vn -1.00000000 0.00050000 -0.00250000
vn -1.00000000 0.00050000 -0.00250000
vn -0.00010000 -0.93990000 -0.34140000
vn -1.00000000 -0.00050000 -0.00160000
vn 0.00020000 -0.98490000 0.17320000
vn -1.00000000 -0.00080000 -0.00170000
vn 0.00020000 -0.98470000 0.17410000
vn -1.00000000 -0.00070000 -0.00020000
vn 0.00040000 -0.76620000 0.64260000
vn 0.00040000 -0.76590000 0.64290000
vn -1.00000000 -0.00080000 -0.00020000
vn 0.00060000 -0.34190000 0.93970000
vn -1.00000000 0.00050000 0.00060000
vn -1.00000000 0.00060000 0.00060000
vn 0.00050000 -0.34220000 0.93960000
vn -1.00000000 0.00170000 -0.00000000
vn 0.00060000 0.17400000 0.98470000
vn -1.00000000 0.00190000 -0.00020000
vn 0.00050000 0.17310000 0.98490000
vn 0.00040000 0.64320000 0.76570000
vn -1.00000000 0.00180000 -0.00150000
vn -1.00000000 0.00170000 -0.00010000
vn 0.00020000 0.17320000 0.98490000
vn -0.00010000 0.64240000 0.76640000
vn -1.00000000 0.00170000 -0.00150000
vn -1.00000000 0.00050000 -0.00230000
vn -0.00040000 0.93950000 0.34250000
vn -1.00000000 0.00050000 -0.00220000
vn 0.00010000 0.93990000 0.34150000
vn -1.00000000 -0.00080000 -0.00150000
vn -0.00050000 0.98490000 -0.17330000
vn -1.00000000 -0.00070000 -0.00160000
vn -0.00020000 0.98470000 -0.17410000
vn -1.00000000 -0.00080000 -0.00010000
vn -0.00060000 0.76610000 -0.64270000
vn -0.00040000 0.98470000 -0.17420000
vn 1.00000000 -0.00240000 0.00220000
vn 1.00000000 -0.00170000 0.00230000
vn -0.00050000 0.76590000 -0.64300000
vn -0.00060000 0.34220000 -0.93960000
vn 1.00000000 -0.00130000 0.00180000
vn -0.00060000 0.34180000 -0.93980000
vn -1.00000000 0.00040000 0.00070000
vn -0.00060000 -0.17310000 -0.98490000
vn 1.00000000 -0.00150000 0.00110000
vn -0.00050000 -0.17410000 -0.98470000
vn -1.00000000 0.00170000 0.00010000
vn 1.00000000 -0.00220000 0.00090000
vn -0.00040000 -0.64220000 -0.76650000
vn -1.00000000 0.00190000 -0.00130000
vn -0.00030000 -0.64320000 -0.76570000
vn 1.00000000 -0.00270000 0.00140000
vn 1.00000000 -0.00270000 0.00140000
vn -0.00020000 -0.93950000 -0.34270000
vn -0.00020000 -0.93950000 -0.34270000
vn -0.00000000 -0.93990000 -0.34150000
vn -0.00000000 -0.93990000 -0.34150000
vn -1.00000000 0.00080000 -0.00220000
vn -1.00000000 0.00080000 -0.00220000
vn 1.00000000 -0.00250000 0.00220000
vn 0.00020000 -0.98490000 0.17320000
vn 0.00020000 -0.98470000 0.17400000
vn -1.00000000 -0.00060000 -0.00160000
vn 0.00040000 -0.76620000 0.64260000
vn 1.00000000 -0.00180000 0.00230000
vn 0.00040000 -0.76600000 0.64290000
vn -1.00000000 -0.00070000 -0.00020000
vn 0.00050000 -0.34190000 0.93970000
vn 1.00000000 -0.00120000 0.00170000
vn 0.00040000 -0.34220000 0.93960000
vn -1.00000000 0.00050000 0.00060000
vn 1.00000000 -0.00150000 0.00100000
vn 0.00030000 0.17410000 0.98470000
vn -0.00020000 0.93990000 0.34140000
vn 1.00000000 -0.00270000 0.00150000
vn -0.00000000 0.64330000 0.76560000
vn 1.00000000 -0.00230000 0.00090000
vn 0.00040000 0.17410000 0.98470000
vn -1.00000000 0.00220000 0.00010000
vn 0.00050000 -0.34190000 0.93980000
vn -1.00000000 0.00070000 0.00080000
vn 0.00050000 -0.34200000 0.93970000
vn 0.00040000 0.17360000 0.98480000
vn -1.00000000 -0.00070000 -0.00030000
vn 0.00050000 -0.76610000 0.64270000
vn 0.00050000 -0.76600000 0.64280000
vn 0.00040000 -0.98490000 0.17320000
vn -1.00000000 -0.00050000 -0.00190000
vn 0.00040000 -0.98480000 0.17360000
vn -1.00000000 0.00110000 -0.00260000
vn -1.00000000 0.00110000 -0.00260000
vn 0.00010000 -0.93950000 -0.34260000
vn 0.00010000 -0.93950000 -0.34260000
vn 0.00010000 -0.93970000 -0.34200000
vn 0.00010000 -0.93970000 -0.34200000
vn -0.00010000 -0.64280000 -0.76600000
vn -0.00010000 -0.64230000 -0.76640000
vn -1.00000000 0.00240000 -0.00160000
vn -0.03610000 -0.18170000 -0.98270000
vn -0.00040000 -0.17320000 -0.98490000
vn -1.00000000 0.00220000 0.00010000
vn -0.01510000 0.98160000 -0.19030000
vn -0.06120000 0.78260000 -0.61950000
vn -0.02800000 0.76100000 -0.64820000
vn 0.83690000 0.51440000 0.18730000
vn -0.01440000 -0.61810000 -0.78600000
vn 0.00050000 -0.76600000 0.64280000
vn 0.00050000 -0.34200000 0.93970000
vn 0.00040000 0.17360000 0.98480000
vn 0.00010000 0.64280000 0.76600000
vn -0.00050000 0.34190000 -0.93980000
vn -1.00000000 0.00170000 -0.00240000
vn -1.00000000 0.00210000 -0.00170000
vn -0.00040000 -0.17410000 -0.98470000
vn -0.00050000 0.34200000 -0.93970000
vn -0.00050000 0.34200000 -0.93970000
vn 1.00000000 -0.00280000 0.00190000
vn -0.09410000 -0.98980000 0.10730000
vn -0.06020000 -0.81010000 0.58320000
vn 1.00000000 -0.00180000 0.00230000
vn 1.00000000 -0.00090000 0.00150000
vn -0.04310000 -0.42000000 0.90650000
vn 0.01880000 0.11790000 0.99290000
vn 1.00000000 -0.00110000 0.00030000
vn 1.00000000 -0.00220000 -0.00000000
vn 0.07960000 0.58350000 0.80820000
vn 1.00000000 -0.00300000 0.00080000
vn 0.11220000 0.90370000 0.41320000
vn 1.00000000 -0.00260000 0.00190000
vn 0.10520000 0.99170000 -0.07450000
vn 1.00000000 -0.00170000 0.00220000
vn 0.08900000 0.81470000 -0.57300000
vn 1.00000000 -0.00100000 0.00160000
vn 0.06330000 0.43460000 -0.89840000
vn 0.01150000 -0.07200000 -0.99730000
vn 1.00000000 -0.00120000 0.00080000
vn -0.03790000 -0.56380000 -0.82500000
vn 1.00000000 -0.00210000 0.00040000
vn -0.09120000 -0.89360000 -0.43950000
vn -0.09120000 -0.89360000 -0.43950000
vn 1.00000000 -0.00280000 0.00100000
vn 1.00000000 -0.00280000 0.00100000
vn -0.11340000 -0.47760000 0.87130000
vn -0.20750000 -0.83590000 0.50820000
vn -0.23080000 -0.42310000 0.87620000
vn -0.41140000 -0.75510000 0.51050000
vn -0.34450000 -0.33310000 0.87770000
vn -0.61730000 -0.59750000 0.51190000
vn -0.43690000 -0.17510000 0.88230000
vn -0.79450000 -0.31670000 0.51810000
vn -0.47950000 -0.07460000 0.87440000
vn -0.85290000 -0.12730000 0.50630000
vn -0.98920000 -0.14650000 0.00090000
vn -0.85300000 -0.13000000 -0.50550000
vn -0.85300000 -0.13000000 -0.50550000
vn -0.47840000 -0.07590000 -0.87490000
vn 0.02960000 0.00540000 -0.99950000
vn 0.52110000 0.08850000 -0.84890000
vn 0.86420000 0.14790000 -0.48090000
vn 0.98570000 0.16880000 -0.00020000
vn 0.86450000 0.14700000 0.48070000
vn 0.52100000 0.08720000 0.84910000
vn 0.02920000 0.00480000 0.99960000
vn 0.03380000 0.01330000 0.99930000
vn 0.48700000 0.19690000 0.85090000
vn 0.01980000 0.01820000 0.99960000
vn 0.37480000 0.35980000 0.85440000
vn 0.01110000 0.02030000 0.99970000
vn 0.24780000 0.45350000 0.85610000
vn 0.00510000 0.02660000 0.99960000
vn 0.11020000 0.50280000 0.85730000
vn 0.19230000 0.84930000 0.49170000
vn 0.22810000 0.97360000 0.00580000
vn 0.19970000 0.84510000 -0.49590000
vn 0.10950000 0.50400000 -0.85670000
vn -0.00490000 0.02360000 -0.99970000
vn -0.12130000 -0.46720000 -0.87580000
vn -0.20000000 -0.83210000 -0.51740000
vn -0.20000000 -0.83210000 -0.51740000
vn -0.22860000 -0.97350000 0.00710000
vn -0.47820000 -0.87820000 -0.00010000
vn -0.41140000 -0.75510000 -0.51050000
vn -0.41140000 -0.75510000 -0.51050000
vn -0.71800000 -0.69610000 -0.00020000
vn -0.61700000 -0.59770000 -0.51200000
vn -0.61700000 -0.59770000 -0.51200000
vn -0.92970000 -0.36820000 0.00030000
vn -0.79540000 -0.31490000 -0.51790000
vn -0.79540000 -0.31490000 -0.51790000
vn -0.43680000 -0.17420000 -0.88250000
vn 0.03410000 0.01300000 -0.99930000
vn 0.48740000 0.19620000 -0.85090000
vn 0.81000000 0.32840000 -0.48580000
vn 0.92640000 0.37660000 -0.00010000
vn 0.80980000 0.32890000 0.48580000
vn 0.62880000 0.60460000 0.48890000
vn 0.72070000 0.69330000 -0.00000000
vn 0.41810000 0.76460000 0.49050000
vn 0.47980000 0.87740000 -0.00000000
vn 0.41810000 0.76470000 -0.49040000
vn 0.24780000 0.45350000 -0.85610000
vn 0.01110000 0.02030000 -0.99970000
vn -0.23080000 -0.42320000 -0.87610000
vn -0.34450000 -0.33330000 -0.87760000
vn 0.01970000 0.01820000 -0.99960000
vn 0.37460000 0.35990000 -0.85450000
vn 0.62880000 0.60470000 -0.48880000
vn -1.00000000 0.00320000 -0.00280000
vn -0.10480000 0.99080000 -0.08560000
vn -0.09500000 0.90600000 0.41260000
vn -1.00000000 0.00350000 -0.00190000
vn -1.00000000 0.00290000 -0.00110000
vn -0.05740000 0.58600000 0.80830000
vn -1.00000000 0.00190000 -0.00140000
vn -0.00220000 0.10590000 0.99440000
vn 0.05380000 -0.40770000 0.91150000
vn -1.00000000 0.00170000 -0.00250000
vn 0.09450000 -0.81030000 0.57840000
vn -1.00000000 0.00260000 -0.00330000
vn 0.11100000 -0.98990000 0.08780000
vn -1.00000000 0.00350000 -0.00290000
vn 0.10190000 -0.89890000 -0.42620000
vn 0.10190000 -0.89890000 -0.42620000
vn -1.00000000 0.00350000 -0.00200000
vn -1.00000000 0.00350000 -0.00200000
vn -1.00000000 0.00270000 -0.00150000
vn 0.06890000 -0.56120000 -0.82480000
vn 0.01760000 -0.06960000 -0.99740000
vn -1.00000000 0.00190000 -0.00180000
vn -1.00000000 0.00180000 -0.00260000
vn -0.03900000 0.43750000 -0.89840000
vn -1.00000000 0.00240000 -0.00310000
vn -0.08410000 0.82240000 -0.56270000
vn -0.28980000 0.82480000 -0.48540000
vn -0.17680000 0.49530000 -0.85050000
vn -0.63430000 0.60300000 -0.48370000
vn -0.38240000 0.36620000 -0.84830000
vn -0.80950000 0.32180000 -0.49100000
vn -0.47860000 0.19020000 -0.85720000
vn -0.86610000 0.09740000 -0.49020000
vn -0.51400000 0.05730000 -0.85590000
vn -0.87310000 -0.02780000 -0.48680000
vn -0.51970000 -0.01710000 -0.85420000
vn -0.02220000 -0.00060000 -0.99980000
vn 0.48650000 0.01780000 -0.87350000
vn 0.86180000 0.03240000 -0.50620000
vn 0.86180000 0.03240000 -0.50620000
vn 0.99930000 0.03770000 -0.00020000
vn 0.86200000 0.03170000 0.50600000
vn 0.48640000 0.01720000 0.87360000
vn -0.02240000 -0.00060000 0.99970000
vn -0.51980000 -0.01670000 0.85410000
vn -0.87300000 -0.02750000 0.48700000
vn -0.99950000 -0.03140000 -0.00000000
vn -0.99370000 0.11200000 -0.00000000
vn -0.86610000 0.09720000 0.49030000
vn -0.92920000 0.36960000 -0.00000000
vn -0.80930000 0.32220000 0.49120000
vn -0.72560000 0.68810000 -0.00000000
vn -0.63470000 0.60260000 0.48380000
vn -0.33040000 0.94380000 0.00010000
vn -0.28950000 0.82500000 0.48540000
vn -0.17620000 0.49540000 0.85060000
vn -0.01780000 0.03190000 0.99930000
vn 0.14330000 -0.44980000 0.88160000
vn 0.26150000 -0.81560000 0.51620000
vn 0.30540000 -0.95220000 0.00010000
vn 0.26360000 -0.81480000 -0.51630000
vn 0.26360000 -0.81480000 -0.51630000
vn 0.14480000 -0.44880000 -0.88180000
vn -0.01780000 0.03230000 -0.99930000
vn -0.03040000 0.03100000 -0.99910000
vn 0.33540000 -0.32020000 -0.88600000
vn -0.01790000 0.00790000 -0.99980000
vn 0.45250000 -0.17680000 -0.87400000
vn -0.02380000 0.00210000 -0.99970000
vn 0.47820000 -0.05370000 -0.87660000
vn 0.85430000 -0.09490000 -0.51110000
vn 0.85430000 -0.09490000 -0.51110000
vn 0.99400000 -0.10980000 -0.00000000
vn 0.85440000 -0.09430000 0.51110000
vn 0.47820000 -0.05320000 0.87660000
vn -0.02390000 0.00210000 0.99970000
vn -0.51410000 0.05700000 0.85590000
vn -0.47840000 0.19090000 0.85710000
vn -0.01820000 0.00800000 0.99980000
vn -0.38330000 0.36540000 0.84830000
vn -0.03060000 0.03080000 0.99910000
vn 0.33670000 -0.31890000 0.88600000
vn 0.61770000 -0.58780000 0.52240000
vn 0.72300000 -0.69090000 0.00010000
vn 0.61590000 -0.58990000 -0.52230000
vn 0.61590000 -0.58990000 -0.52230000
vn 0.80260000 -0.31300000 -0.50790000
vn 0.80260000 -0.31300000 -0.50790000
vn 0.93160000 -0.36340000 -0.00030000
vn 0.80220000 -0.31430000 0.50770000
vn 0.45190000 -0.17780000 0.87410000
vn -0.35770000 0.74050000 0.56900000
vn 0.07150000 0.59070000 0.80370000
vn 0.48530000 0.28160000 0.82780000
vn 0.76970000 -0.10730000 0.62930000
vn 0.84420000 -0.46900000 0.25960000
vn 0.68830000 -0.70250000 -0.18110000
vn 0.68830000 -0.70250000 -0.18110000
vn 0.34500000 -0.74340000 -0.57300000
vn -0.09290000 -0.58100000 -0.80860000
vn -0.50570000 -0.26140000 -0.82210000
vn -0.78040000 0.12540000 -0.61250000
vn -0.84630000 0.47450000 -0.24210000
vn -0.69150000 0.69750000 0.18820000
vn -0.44210000 0.61060000 0.65710000
vn 0.00960000 0.50880000 0.86080000
vn 0.46200000 0.27440000 0.84330000
vn 0.79760000 -0.03650000 0.60210000
vn 0.91940000 -0.34360000 0.19150000
vn 0.78160000 -0.55780000 -0.27920000
vn 0.78160000 -0.55780000 -0.27920000
vn 0.41880000 -0.61180000 -0.67100000
vn -0.05880000 -0.49160000 -0.86880000
vn -0.51230000 -0.23920000 -0.82480000
vn -0.82350000 0.07180000 -0.56280000
vn -0.91920000 0.36080000 -0.15760000
vn -0.77990000 0.55660000 0.28630000
vn -0.52630000 0.30560000 0.79350000
vn -0.04470000 0.30850000 0.95020000
vn 0.45210000 0.23140000 0.86140000
vn 0.83510000 0.09200000 0.54240000
vn 0.99480000 -0.07470000 0.06900000
vn 0.87510000 -0.22220000 -0.43000000
vn 0.87510000 -0.22220000 -0.43000000
vn 0.50490000 -0.30660000 -0.80690000
vn -0.00430000 -0.30370000 -0.95280000
vn -0.50460000 -0.21740000 -0.83560000
vn -0.86370000 -0.07440000 -0.49850000
vn -0.99560000 0.08650000 -0.03550000
vn -0.87210000 0.22470000 0.43460000
vn -0.51410000 0.01040000 0.85770000
vn -0.03630000 0.12350000 0.99170000
vn 0.45470000 0.20560000 0.86660000
vn 0.82930000 0.23380000 0.50750000
vn 0.98010000 0.19830000 0.00440000
vn 0.85700000 0.10680000 -0.50410000
vn 0.85700000 0.10680000 -0.50410000
vn 0.49200000 -0.01530000 -0.87040000
vn -0.00720000 -0.13240000 -0.99120000
vn -0.49840000 -0.21160000 -0.84070000
vn -0.85160000 -0.23300000 -0.46950000
vn -0.98090000 -0.19360000 0.02050000
vn -0.85760000 -0.10490000 0.50350000
vn -0.44010000 -0.21900000 0.87080000
vn -0.00080000 0.00650000 1.00000000
vn 0.44300000 0.23190000 0.86600000
vn 0.77240000 0.39730000 0.49560000
vn 0.89060000 0.45450000 -0.01680000
vn 0.75830000 0.38410000 -0.52680000
vn 0.75830000 0.38410000 -0.52680000
vn 0.41370000 0.20640000 -0.88670000
vn -0.04090000 -0.02610000 -0.99880000
vn -0.47910000 -0.24910000 -0.84170000
vn -0.78740000 -0.40480000 -0.46490000
vn -0.89010000 -0.45480000 0.03050000
vn -0.76350000 -0.38700000 0.51710000
vn -0.34980000 -0.33170000 0.87610000
vn 0.06660000 -0.05420000 0.99630000
vn 0.46520000 0.23770000 0.85270000
vn 0.74080000 0.46680000 0.48300000
vn 0.81990000 0.57230000 -0.01610000
vn 0.67960000 0.52480000 -0.51250000
vn 0.67960000 0.52480000 -0.51250000
vn 0.35550000 0.33550000 -0.87240000
vn -0.06580000 0.05470000 -0.99630000
vn -0.46950000 -0.24090000 -0.84940000
vn -0.74510000 -0.47060000 -0.47260000
vn -0.81920000 -0.57280000 0.03030000
vn -0.67390000 -0.52150000 0.52340000
vn -0.31610000 -0.35170000 0.88110000
vn 0.13770000 -0.13140000 0.98170000
vn 0.55210000 0.12210000 0.82480000
vn 0.82200000 0.34300000 0.45460000
vn 0.87950000 0.47480000 -0.03300000
vn 0.70900000 0.48330000 -0.51350000
vn 0.70900000 0.48330000 -0.51350000
vn 0.35090000 0.36500000 -0.86230000
vn -0.10490000 0.14810000 -0.98340000
vn -0.53650000 -0.11150000 -0.83650000
vn -0.82180000 -0.34200000 -0.45580000
vn -0.87730000 -0.47710000 0.05230000
vn -0.68950000 -0.47950000 0.54280000
vn -0.31800000 -0.34060000 0.88480000
vn 0.18170000 -0.23970000 0.95370000
vn 0.63010000 -0.07730000 0.77260000
vn 0.91390000 0.10450000 0.39230000
vn 0.96160000 0.25970000 -0.08880000
vn 0.76040000 0.34830000 -0.54810000
vn 0.76040000 0.34830000 -0.54810000
vn 0.35870000 0.34620000 -0.86690000
vn -0.14270000 0.25120000 -0.95730000
vn -0.61070000 0.08640000 -0.78710000
vn -0.91240000 -0.10390000 -0.39600000
vn -0.95830000 -0.26500000 0.10690000
vn -0.73740000 -0.35120000 0.57690000
vn -0.33020000 -0.33540000 0.88230000
vn 0.18380000 -0.33270000 0.92490000
vn 0.64720000 -0.24200000 0.72290000
vn 0.93950000 -0.08790000 0.33120000
vn 0.98500000 0.08940000 -0.14750000
vn 0.77100000 0.24350000 -0.58850000
vn 0.77100000 0.24350000 -0.58850000
vn 0.35120000 0.33360000 -0.87490000
vn -0.16510000 0.33460000 -0.92780000
vn -0.63910000 0.24480000 -0.72910000
vn -0.93970000 0.08790000 -0.33040000
vn -0.98300000 -0.09300000 0.15860000
vn -0.75830000 -0.24810000 0.60280000
vn -0.33100000 -0.34090000 0.87990000
vn 0.18130000 -0.39850000 0.89900000
vn 0.64370000 -0.35050000 0.68030000
vn 0.93580000 -0.21040000 0.28290000
vn 0.98190000 -0.01500000 -0.18900000
vn 0.76890000 0.18480000 -0.61210000
vn 0.76890000 0.18480000 -0.61210000
vn 0.35070000 0.33630000 -0.87410000
vn -0.16380000 0.39830000 -0.90250000
vn -0.63620000 0.35260000 -0.68630000
vn -0.93600000 0.21040000 -0.28210000
vn -0.97990000 0.01070000 0.19910000
vn -0.75700000 -0.19140000 0.62480000
vn -0.33480000 -0.34230000 0.87790000
vn 0.17480000 -0.42950000 0.88600000
vn 0.63610000 -0.40220000 0.65850000
vn 0.92830000 -0.26850000 0.25730000
vn 0.97520000 -0.06390000 -0.21200000
vn 0.76350000 0.15810000 -0.62610000
vn 0.76350000 0.15810000 -0.62610000
vn 0.34730000 0.33870000 -0.87440000
vn -0.16350000 0.42890000 -0.88840000
vn -0.63120000 0.40340000 -0.66240000
vn -0.92840000 0.26860000 -0.25670000
vn -0.97390000 0.06100000 0.21850000
vn -0.75600000 -0.16280000 0.63400000
vn -0.41930000 0.90780000 0.00660000
vn -0.33800000 0.79880000 0.49770000
vn -0.16770000 0.48010000 0.86100000
vn 0.04770000 0.03100000 0.99840000
vn 0.25000000 -0.43020000 0.86740000
vn 0.38360000 -0.77620000 0.50030000
vn 0.41270000 -0.91090000 -0.00320000
vn 0.33020000 -0.79680000 -0.50600000
vn 0.15780000 -0.46520000 -0.87100000
vn -0.05850000 -0.00820000 -0.99830000
vn -0.25960000 0.44790000 -0.85560000
vn -0.39100000 0.78110000 -0.48690000
vn -0.56760000 0.82320000 0.01510000
vn -0.47700000 0.72140000 0.50210000
vn -0.26360000 0.43410000 0.86140000
vn 0.01970000 0.03210000 0.99930000
vn 0.30060000 -0.38360000 0.87320000
vn 0.50250000 -0.70100000 0.50600000
vn 0.56500000 -0.82500000 -0.00830000
vn 0.46700000 -0.71400000 -0.52160000
vn 0.23850000 -0.40260000 -0.88380000
vn -0.05240000 0.01430000 -0.99850000
vn -0.32600000 0.42100000 -0.84650000
vn -0.51290000 0.71440000 -0.47600000
vn -0.81410000 0.58050000 0.01920000
vn -0.70570000 0.49640000 0.50560000
vn -0.41610000 0.28490000 0.86360000
vn -0.01640000 -0.00220000 0.99990000
vn 0.39280000 -0.29210000 0.87200000
vn 0.70060000 -0.50610000 0.50300000
vn 0.81450000 -0.58000000 -0.01240000
vn 0.69640000 -0.48870000 -0.52560000
vn 0.38300000 -0.26050000 -0.88630000
vn -0.03060000 0.03590000 -0.99890000
vn -0.43020000 0.31880000 -0.84460000
vn -0.71440000 0.51620000 -0.47250000
vn -0.95650000 0.29160000 0.00940000
vn -0.83740000 0.22600000 0.49770000
vn -0.50220000 0.10180000 0.85880000
vn -0.03380000 -0.04980000 0.99820000
vn 0.44880000 -0.18930000 0.87340000
vn 0.81490000 -0.27830000 0.50840000
vn 0.95700000 -0.29020000 -0.00220000
vn 0.82950000 -0.22050000 -0.51320000
vn 0.47080000 -0.08980000 -0.87770000
vn -0.01260000 0.06430000 -0.99790000
vn -0.48680000 0.19980000 -0.85040000
vn -0.82950000 0.28230000 -0.48180000
vn -0.99890000 0.04610000 -0.00920000
vn -0.87600000 -0.01060000 0.48220000
vn -0.52480000 -0.06460000 0.84880000
vn -0.03410000 -0.10170000 0.99420000
vn 0.46920000 -0.11190000 0.87600000
vn 0.84960000 -0.09170000 0.51940000
vn 0.99880000 -0.04590000 0.01750000
vn 0.87130000 0.01260000 -0.49050000
vn 0.50330000 0.06750000 -0.86150000
vn 0.00050000 0.10380000 -0.99460000
vn -0.49820000 0.11220000 -0.85980000
vn -0.86190000 0.09100000 -0.49880000
vn -0.99230000 -0.11930000 -0.03340000
vn -0.87090000 -0.16580000 0.46260000
vn -0.51950000 -0.16870000 0.83760000
vn -0.02870000 -0.12680000 0.99150000
vn 0.47240000 -0.05050000 0.87990000
vn 0.84760000 0.03990000 0.52910000
vn 0.99230000 0.11960000 0.03280000
vn 0.86550000 0.16660000 -0.47240000
vn 0.50360000 0.16810000 -0.84740000
vn 0.00750000 0.12430000 -0.99220000
vn -0.48810000 0.04760000 -0.87150000
vn -0.85280000 -0.04140000 -0.52060000
vn -0.96680000 -0.25000000 -0.05270000
vn -0.85390000 -0.26620000 0.44730000
vn -0.51460000 -0.21200000 0.83080000
vn -0.03590000 -0.10090000 0.99420000
vn 0.45530000 0.03810000 0.88950000
vn 0.82410000 0.16730000 0.54120000
vn 0.96710000 0.25070000 0.04400000
vn 0.84510000 0.26520000 -0.46420000
vn 0.49470000 0.20780000 -0.84390000
vn 0.01380000 0.09500000 -0.99540000
vn -0.46840000 -0.04240000 -0.88250000
vn -0.82600000 -0.16820000 -0.53800000
vn -0.91480000 -0.39890000 -0.06290000
vn -0.82090000 -0.36530000 0.43880000
vn -0.51010000 -0.23530000 0.82730000
vn -0.06060000 -0.04140000 0.99730000
vn 0.40890000 0.16520000 0.89750000
vn 0.76840000 0.32740000 0.54990000
vn 0.91550000 0.39920000 0.04980000
vn 0.81010000 0.36090000 -0.46200000
vn 0.48560000 0.22490000 -0.84470000
vn 0.03400000 0.02980000 -0.99900000
vn -0.42410000 -0.17210000 -0.88910000
vn -0.76980000 -0.32840000 -0.54730000
vn -0.83520000 -0.54700000 -0.05660000
vn -0.76590000 -0.46500000 0.44410000
vn -0.49430000 -0.25980000 0.82950000
vn -0.08910000 0.01590000 0.99590000
vn 0.34280000 0.28920000 0.89380000
vn 0.68310000 0.48470000 0.54630000
vn 0.83580000 0.54690000 0.04790000
vn 0.75870000 0.45880000 -0.46250000
vn 0.47570000 0.24660000 -0.84430000
vn 0.06710000 -0.03020000 -0.99730000
vn -0.35700000 -0.29750000 -0.88550000
vn -0.68590000 -0.48590000 -0.54170000
vn -0.72900000 -0.68330000 -0.04110000
vn -0.69130000 -0.56220000 0.45400000
vn -0.47160000 -0.29240000 0.83190000
vn -0.12480000 0.05760000 0.99050000
vn 0.25830000 0.39490000 0.88170000
vn 0.57270000 0.62550000 0.52980000
vn 0.72940000 0.68340000 0.03070000
vn 0.68470000 0.55250000 -0.47540000
vn 0.45360000 0.27200000 -0.84870000
vn 0.10240000 -0.07890000 -0.99160000
vn -0.27370000 -0.40650000 -0.87170000
vn -0.57670000 -0.62640000 -0.52440000
vn -0.66260000 -0.74840000 -0.02740000
vn -0.64420000 -0.60750000 0.46460000
vn -0.45510000 -0.30470000 0.83670000
vn -0.14260000 0.08210000 0.98640000
vn 0.20950000 0.44840000 0.86890000
vn 0.50490000 0.69310000 0.51450000
vn 0.66270000 0.74860000 0.01970000
vn 0.63980000 0.60000000 -0.48030000
vn 0.44300000 0.28850000 -0.84880000
vn 0.12740000 -0.09910000 -0.98690000
vn -0.22020000 -0.45750000 -0.86150000
vn -0.50800000 -0.69370000 -0.51070000
vn -0.00000000 -0.34200000 -0.93970000
vn 0.86590000 -0.46990000 0.17140000
vn 1.00000000 0.00030000 -0.00000000
vn -0.00000000 -0.34200000 -0.93970000
vn 0.99990000 -0.00970000 0.00360000
vn 0.86130000 -0.47710000 0.17440000
vn 0.49970000 -0.81340000 0.29780000
vn -0.00000000 -0.34200000 -0.93970000
vn 0.49520000 -0.81570000 0.29900000
vn -0.00000000 -0.34200000 -0.93970000
vn -0.00000000 -0.34200000 -0.93970000
vn -0.00010000 -0.93890000 0.34430000
vn -0.00010000 -0.93890000 0.34430000
vn -0.00010000 -0.93890000 0.34430000
vn -0.00010000 -0.93890000 0.34430000
vn -0.49980000 -0.81330000 0.29810000
vn -0.00000000 -0.34200000 -0.93970000
vn -0.49530000 -0.81580000 0.29870000
vn -0.86580000 -0.46990000 0.17180000
vn -0.00000000 -0.34200000 -0.93970000
vn -0.86130000 -0.47740000 0.17410000
vn -1.00000000 0.00010000 0.00010000
vn -0.00000000 -0.34200000 -0.93970000
vn -0.99990000 -0.00990000 0.00370000
vn -0.00000000 -0.34200000 -0.93970000
vn -0.86580000 0.47070000 -0.16990000
vn -0.87040000 0.46330000 -0.16680000
vn -0.00000000 -0.34200000 -0.93970000
vn -0.49940000 0.81530000 -0.29290000
vn -0.50410000 0.81290000 -0.29150000
vn 0.00010000 0.94140000 -0.33730000
vn -0.00000000 -0.34200000 -0.93970000
vn 0.00020000 0.94140000 -0.33730000
vn -0.00000000 -0.34200000 -0.93970000
vn 0.49950000 0.81540000 -0.29240000
vn 0.50430000 0.81270000 -0.29190000
vn 0.86570000 0.47100000 -0.16960000
vn -0.00000000 -0.34200000 -0.93970000
vn 0.87030000 0.46320000 -0.16730000
vn 0.86620000 -0.46980000 0.17030000
vn -0.00000000 -0.34200000 -0.93970000
vn -0.00000000 -0.34200000 -0.93970000
vn 1.00000000 -0.00030000 -0.00100000
vn -0.00000000 -0.34200000 -0.93970000
vn 0.50000000 -0.81380000 0.29620000
vn -0.00000000 -0.34200000 -0.93970000
vn -0.00000000 -0.34200000 -0.93970000
vn -0.00000000 -0.93970000 0.34200000
vn -0.00000000 -0.93970000 0.34200000
vn -0.00000000 -0.34200000 -0.93970000
vn -0.50000000 -0.81380000 0.29610000
vn -0.86600000 -0.46990000 0.17090000
vn -0.00000000 -0.34200000 -0.93970000
vn -0.00000000 -0.34200000 -0.93970000
vn -1.00000000 -0.00000000 -0.00000000
vn -0.86590000 0.46990000 -0.17140000
vn -0.00000000 -0.34200000 -0.93970000
vn -0.00000000 -0.34200000 -0.93970000
vn -0.50020000 0.81360000 -0.29650000
vn -0.00000000 -0.34200000 -0.93970000
vn -0.00000000 0.93970000 -0.34200000
vn 0.50000000 0.81380000 -0.29630000
vn -0.00000000 -0.34200000 -0.93970000
vn 0.86620000 0.46930000 -0.17150000
vn -0.00000000 -0.34200000 -0.93970000
vn 0.83460000 -0.51780000 0.18810000
vn -0.04520000 -0.14330000 0.98860000
vn 0.00050000 0.34210000 0.93970000
vn 1.00000000 0.00030000 -0.00010000
vn 0.83420000 0.51800000 -0.18900000
vn -0.04500000 0.74550000 0.66490000
vn 0.13490000 -0.41910000 0.89790000
vn 0.44110000 -0.84340000 0.30670000
vn 0.00030000 -0.42260000 0.90630000
vn -0.00040000 -0.93970000 0.34190000
vn -0.00040000 -0.93970000 0.34190000
vn 0.13510000 0.89830000 0.41800000
vn 0.44050000 0.84340000 -0.30750000
vn 0.00040000 0.90630000 0.42260000
vn -0.00110000 0.93960000 -0.34230000
vn -0.83630000 -0.51520000 0.18750000
vn 0.04100000 -0.14650000 0.98840000
vn 0.00050000 0.34200000 0.93970000
vn -1.00000000 -0.00000000 -0.00000000
vn -0.13850000 0.89750000 0.41860000
vn -0.44390000 0.84200000 -0.30660000
vn 0.00040000 0.98480000 0.17360000
vn -0.01460000 0.98150000 0.19070000
vn -0.44260000 -0.84260000 0.30670000
vn -0.13740000 -0.41890000 0.89760000
vn -0.01460000 -0.62950000 0.77680000
vn 0.00010000 -0.64280000 0.76600000
vn 0.01460000 -0.62980000 0.77660000
vn -0.01410000 -0.61930000 0.78500000
vn 0.00010000 -0.64280000 0.76600000
vn -0.04220000 -0.18360000 0.98210000
vn 0.00010000 -0.64330000 0.76560000
vn 1.00000000 0.00290000 0.00150000
vn -0.00010000 -0.93970000 0.34200000
vn -0.00010000 -0.93990000 0.34150000
vn 1.00000000 0.00360000 0.00220000
vn -0.00040000 -0.98480000 -0.17370000
vn -0.00040000 -0.98480000 -0.17370000
vn -0.00040000 -0.98470000 -0.17410000
vn 1.00000000 0.00340000 0.00310000
vn -0.00040000 -0.98470000 -0.17410000
vn 1.00000000 0.00340000 0.00310000
vn -0.00050000 -0.76600000 -0.64280000
vn 1.00000000 0.00230000 0.00320000
vn -0.00050000 -0.76590000 -0.64290000
vn -0.00050000 -0.34200000 -0.93970000
vn 1.00000000 0.00170000 0.00230000
vn -0.00050000 -0.34220000 -0.93960000
vn -0.00040000 0.17370000 -0.98480000
vn 1.00000000 0.00220000 0.00140000
vn -0.00040000 0.17320000 -0.98490000
vn -0.00010000 0.64280000 -0.76600000
vn 1.00000000 0.00310000 0.00150000
vn -0.00010000 0.64230000 -0.76640000
vn 0.00010000 0.93970000 -0.34200000
vn 1.00000000 0.00340000 0.00230000
vn 0.00010000 0.93950000 -0.34260000
vn 0.00040000 0.98480000 0.17370000
vn 1.00000000 0.00290000 0.00300000
vn 0.00040000 0.98490000 0.17320000
vn -0.04170000 0.77190000 0.63440000
vn 1.00000000 0.00210000 0.00310000
vn 0.00050000 0.76620000 0.64270000
vn 0.00010000 0.93970000 -0.34200000
vn 0.01470000 0.98170000 0.18990000
vn -0.01380000 0.97900000 0.20320000
vn 0.00010000 0.93970000 -0.34200000
vn 0.00010000 0.93970000 -0.34200000
vn -0.00010000 0.64280000 -0.76600000
vn -0.00010000 0.64280000 -0.76600000
vn -0.00040000 0.17360000 -0.98480000
vn -0.00040000 0.17360000 -0.98480000
vn -0.00050000 -0.34200000 -0.93970000
vn -0.00050000 -0.34200000 -0.93970000
vn -0.00050000 -0.76600000 -0.64280000
vn -0.00050000 -0.76600000 -0.64280000
vn -0.00040000 -0.98480000 -0.17360000
vn -0.00040000 -0.98480000 -0.17360000
vn -0.00040000 -0.98480000 -0.17360000
vn -0.00040000 -0.98480000 -0.17360000
vn -0.00010000 -0.93970000 0.34200000
vn -0.00010000 -0.93970000 0.34200000
vn -0.00040000 -0.98480000 -0.17360000
vn -0.00040000 -0.98480000 -0.17360000
vn -0.00010000 -0.93970000 0.34200000
vn -0.00010000 -0.93970000 0.34200000
vn -0.00040000 -0.98480000 -0.17370000
vn -0.00040000 -0.98480000 -0.17370000
vn -0.00010000 -0.93970000 0.34200000
vn -0.00040000 -0.98480000 -0.17360000
vn -0.00040000 -0.98480000 -0.17360000
vn -0.00050000 -0.76600000 -0.64280000
vn -0.00050000 -0.76600000 -0.64280000
vn -0.00050000 -0.34200000 -0.93970000
vn -0.00050000 -0.34200000 -0.93970000
vn -0.00040000 0.17360000 -0.98480000
vn -0.00040000 0.17370000 -0.98480000
vn -0.00010000 0.64280000 -0.76600000
vn -0.00010000 0.64280000 -0.76600000
vn 0.00010000 0.93970000 -0.34200000
vn 0.00010000 0.93970000 -0.34200000
vn 0.00040000 0.97530000 0.22070000
vn 0.00010000 0.93970000 -0.34200000
vn -0.00010000 0.64280000 -0.76600000
vn -0.00010000 0.64330000 -0.76560000
vn 1.00000000 0.00240000 0.00160000
vn 0.00010000 0.93990000 -0.34140000
vn 1.00000000 0.00110000 0.00260000
vn -0.00030000 0.64230000 -0.76650000
vn 1.00000000 0.00190000 0.00180000
vn -0.00010000 0.93950000 -0.34270000
vn 1.00000000 0.00050000 0.00250000
vn 1.00000000 -0.00080000 0.00170000
vn 0.00020000 0.98490000 0.17320000
vn 1.00000000 -0.00050000 0.00190000
vn 0.00040000 0.98470000 0.17410000
vn 1.00000000 -0.00080000 0.00020000
vn 0.00050000 0.76610000 0.64270000
vn 0.00050000 0.76590000 0.64290000
vn 1.00000000 -0.00070000 0.00030000
vn 0.00060000 0.34180000 0.93980000
vn 1.00000000 0.00060000 -0.00060000
vn 0.00050000 0.34220000 0.93960000
vn 1.00000000 0.00070000 -0.00080000
vn 0.00050000 0.76590000 0.64290000
vn 1.00000000 -0.00080000 0.00010000
vn 1.00000000 0.00040000 -0.00070000
vn 0.00060000 0.34220000 0.93960000
vn 0.00060000 -0.17320000 0.98490000
vn 1.00000000 0.00180000 -0.00020000
vn 0.00050000 -0.17420000 0.98470000
vn 1.00000000 0.00190000 0.00020000
vn 1.00000000 0.00200000 0.00120000
vn 0.00040000 -0.64230000 0.76640000
vn 1.00000000 0.00190000 0.00180000
vn 0.00030000 -0.64330000 0.76560000
vn 0.00010000 -0.93950000 0.34260000
vn 1.00000000 0.00090000 0.00210000
vn 0.00010000 -0.93990000 0.34140000
vn 1.00000000 0.00050000 0.00250000
vn 1.00000000 -0.00050000 0.00160000
vn 1.00000000 -0.00050000 0.00160000
vn -0.00020000 -0.98490000 -0.17320000
vn -0.00020000 -0.98490000 -0.17320000
vn 1.00000000 -0.00080000 0.00170000
vn 1.00000000 -0.00080000 0.00170000
vn -0.00020000 -0.98470000 -0.17410000
vn -0.00020000 -0.98470000 -0.17410000
vn 1.00000000 -0.00070000 0.00020000
vn -0.00040000 -0.76620000 -0.64260000
vn -0.00040000 -0.76590000 -0.64290000
vn 1.00000000 -0.00080000 0.00020000
vn 1.00000000 0.00050000 -0.00060000
vn -0.00060000 -0.34190000 -0.93970000
vn 1.00000000 0.00060000 -0.00060000
vn -0.00050000 -0.34220000 -0.93960000
vn 1.00000000 0.00170000 -0.00000000
vn -0.00060000 0.17400000 -0.98470000
vn -0.00050000 0.17310000 -0.98490000
vn 1.00000000 0.00190000 0.00020000
vn -0.00040000 0.64320000 -0.76570000
vn 1.00000000 0.00180000 0.00150000
vn 1.00000000 0.00170000 0.00010000
vn -0.00020000 0.17320000 -0.98490000
vn 0.00010000 0.64240000 -0.76640000
vn 1.00000000 0.00170000 0.00150000
vn 1.00000000 0.00050000 0.00230000
vn 0.00040000 0.93950000 -0.34250000
vn -0.00010000 0.93990000 -0.34150000
vn 1.00000000 0.00060000 0.00220000
vn 1.00000000 -0.00080000 0.00150000
vn 0.00050000 0.98490000 0.17330000
vn 1.00000000 -0.00070000 0.00160000
vn 0.00020000 0.98470000 0.17410000
vn 1.00000000 -0.00080000 0.00010000
vn 0.00060000 0.76610000 0.64270000
vn -1.00000000 -0.00240000 -0.00220000
vn 0.00040000 0.98470000 0.17420000
vn 0.00050000 0.76590000 0.64290000
vn -1.00000000 -0.00170000 -0.00230000
vn 0.00060000 0.34220000 0.93960000
vn -1.00000000 -0.00130000 -0.00180000
vn 1.00000000 0.00040000 -0.00070000
vn 0.00060000 0.34180000 0.93980000
vn 0.00060000 -0.17310000 0.98490000
vn -1.00000000 -0.00150000 -0.00110000
vn 1.00000000 0.00170000 -0.00010000
vn 0.00050000 -0.17410000 0.98470000
vn 0.00040000 -0.64220000 0.76650000
vn -1.00000000 -0.00220000 -0.00090000
vn 0.00030000 -0.64320000 0.76570000
vn 1.00000000 0.00190000 0.00130000
vn 0.00020000 -0.93950000 0.34270000
vn -1.00000000 -0.00270000 -0.00140000
vn 1.00000000 0.00080000 0.00220000
vn -0.00000000 -0.93990000 0.34150000
vn -1.00000000 -0.00250000 -0.00220000
vn -0.00020000 -0.98490000 -0.17320000
vn -0.00020000 -0.98490000 -0.17320000
vn -1.00000000 -0.00250000 -0.00220000
vn 1.00000000 -0.00060000 0.00160000
vn -0.00020000 -0.98470000 -0.17400000
vn -0.00020000 -0.98470000 -0.17400000
vn 1.00000000 -0.00060000 0.00160000
vn -1.00000000 -0.00180000 -0.00230000
vn -0.00040000 -0.76620000 -0.64260000
vn -0.00040000 -0.76600000 -0.64290000
vn 1.00000000 -0.00070000 0.00020000
vn -0.00050000 -0.34190000 -0.93970000
vn -1.00000000 -0.00120000 -0.00170000
vn -0.00040000 -0.34220000 -0.93960000
vn 1.00000000 0.00050000 -0.00060000
vn -0.00030000 0.17410000 -0.98470000
vn -1.00000000 -0.00150000 -0.00100000
vn 0.00020000 0.93990000 -0.34140000
vn -1.00000000 -0.00270000 -0.00150000
vn -1.00000000 -0.00230000 -0.00090000
vn -0.00000000 0.64330000 -0.76560000
vn 1.00000000 0.00220000 -0.00010000
vn -0.00040000 0.17410000 -0.98470000
vn 1.00000000 0.00070000 -0.00080000
vn -0.00050000 -0.34190000 -0.93970000
vn -0.00050000 -0.34200000 -0.93970000
vn -0.00040000 0.17360000 -0.98480000
vn 1.00000000 -0.00070000 0.00030000
vn -0.00050000 -0.76610000 -0.64270000
vn -0.00050000 -0.76600000 -0.64280000
vn -0.00040000 -0.98490000 -0.17320000
vn 1.00000000 -0.00050000 0.00190000
vn 1.00000000 -0.00050000 0.00190000
vn -0.00040000 -0.98490000 -0.17320000
vn -0.00040000 -0.98480000 -0.17360000
vn -0.00040000 -0.98480000 -0.17360000
vn 1.00000000 0.00110000 0.00260000
vn -0.00010000 -0.93950000 0.34260000
vn -0.00010000 -0.93970000 0.34200000
vn 0.00010000 -0.64280000 0.76600000
vn 1.00000000 0.00240000 0.00160000
vn 0.00010000 -0.64230000 0.76640000
vn 0.03610000 -0.18170000 0.98270000
vn 1.00000000 0.00220000 -0.00010000
vn 0.00040000 -0.17320000 0.98490000
vn 0.01510000 0.98160000 0.19030000
vn 0.06120000 0.78260000 0.61950000
vn -0.83690000 0.51440000 -0.18730000
vn 0.02800000 0.76100000 0.64820000
vn 0.01440000 -0.61810000 0.78600000
vn -0.00050000 -0.76600000 -0.64280000
vn -0.00050000 -0.34200000 -0.93970000
vn -0.00040000 0.17360000 -0.98480000
vn -0.00010000 0.64280000 -0.76600000
vn 1.00000000 0.00170000 0.00240000
vn 0.00050000 0.34190000 0.93980000
vn 1.00000000 0.00210000 0.00170000
vn 0.00040000 -0.17410000 0.98470000
vn 0.00050000 0.34200000 0.93970000
vn 0.00050000 0.34200000 0.93970000
vn 0.09410000 -0.98980000 -0.10730000
vn -1.00000000 -0.00280000 -0.00190000
vn 0.09410000 -0.98980000 -0.10730000
vn -1.00000000 -0.00280000 -0.00190000
vn -1.00000000 -0.00180000 -0.00230000
vn 0.06020000 -0.81010000 -0.58320000
vn 0.04310000 -0.42000000 -0.90650000
vn -1.00000000 -0.00090000 -0.00150000
vn -1.00000000 -0.00110000 -0.00030000
vn -0.01880000 0.11790000 -0.99290000
vn -0.07960000 0.58350000 -0.80820000
vn -1.00000000 -0.00220000 -0.00000000
vn -1.00000000 -0.00300000 -0.00080000
vn -0.11220000 0.90370000 -0.41320000
vn -0.10520000 0.99170000 0.07450000
vn -1.00000000 -0.00260000 -0.00190000
vn -1.00000000 -0.00170000 -0.00220000
vn -0.08900000 0.81470000 0.57300000
vn -1.00000000 -0.00100000 -0.00160000
vn -0.06330000 0.43460000 0.89840000
vn -0.01150000 -0.07200000 0.99730000
vn -1.00000000 -0.00120000 -0.00080000
vn -1.00000000 -0.00210000 -0.00040000
vn 0.03790000 -0.56380000 0.82500000
vn -1.00000000 -0.00280000 -0.00100000
vn 0.09120000 -0.89360000 0.43950000
vn 0.11340000 -0.47760000 -0.87120000
vn 0.20750000 -0.83590000 -0.50820000
vn 0.23080000 -0.42310000 -0.87620000
vn 0.41140000 -0.75510000 -0.51050000
vn 0.34450000 -0.33310000 -0.87770000
vn 0.61730000 -0.59750000 -0.51190000
vn 0.43690000 -0.17510000 -0.88230000
vn 0.79450000 -0.31670000 -0.51810000
vn 0.47950000 -0.07460000 -0.87440000
vn 0.85290000 -0.12730000 -0.50630000
vn 0.98920000 -0.14650000 -0.00090000
vn 0.98920000 -0.14650000 -0.00090000
vn 0.85300000 -0.13000000 0.50550000
vn 0.47840000 -0.07590000 0.87490000
vn -0.02960000 0.00540000 0.99950000
vn -0.52110000 0.08850000 0.84890000
vn -0.86420000 0.14790000 0.48090000
vn -0.98570000 0.16880000 0.00020000
vn -0.86450000 0.14700000 -0.48070000
vn -0.52100000 0.08720000 -0.84910000
vn -0.02920000 0.00480000 -0.99960000
vn -0.03380000 0.01330000 -0.99930000
vn -0.48700000 0.19690000 -0.85090000
vn -0.01980000 0.01820000 -0.99960000
vn -0.37480000 0.35980000 -0.85440000
vn -0.01110000 0.02030000 -0.99970000
vn -0.24780000 0.45350000 -0.85610000
vn -0.00510000 0.02660000 -0.99960000
vn -0.11020000 0.50280000 -0.85730000
vn -0.19230000 0.84930000 -0.49170000
vn -0.22810000 0.97360000 -0.00580000
vn -0.19970000 0.84510000 0.49590000
vn -0.10950000 0.50400000 0.85670000
vn 0.00490000 0.02360000 0.99970000
vn 0.12130000 -0.46720000 0.87580000
vn 0.20000000 -0.83210000 0.51740000
vn 0.22860000 -0.97350000 -0.00710000
vn 0.22860000 -0.97350000 -0.00710000
vn 0.47820000 -0.87820000 0.00010000
vn 0.47820000 -0.87820000 0.00010000
vn 0.41140000 -0.75510000 0.51050000
vn 0.71800000 -0.69610000 0.00020000
vn 0.71800000 -0.69610000 0.00020000
vn 0.61700000 -0.59770000 0.51200000
vn 0.92970000 -0.36820000 -0.00030000
vn 0.92970000 -0.36820000 -0.00030000
vn 0.79540000 -0.31490000 0.51790000
vn 0.43680000 -0.17420000 0.88250000
vn -0.03410000 0.01300000 0.99930000
vn -0.48740000 0.19620000 0.85090000
vn -0.81000000 0.32840000 0.48580000
vn -0.92640000 0.37660000 0.00010000
vn -0.80980000 0.32890000 -0.48580000
vn -0.62880000 0.60460000 -0.48890000
vn -0.72070000 0.69330000 -0.00000000
vn -0.41810000 0.76460000 -0.49050000
vn -0.47980000 0.87740000 -0.00000000
vn -0.41810000 0.76470000 0.49040000
vn -0.24780000 0.45350000 0.85610000
vn -0.01110000 0.02030000 0.99970000
vn 0.23080000 -0.42320000 0.87610000
vn 0.34450000 -0.33330000 0.87760000
vn -0.01970000 0.01820000 0.99960000
vn -0.37460000 0.35990000 0.85450000
vn -0.62880000 0.60470000 0.48880000
vn 0.10480000 0.99080000 0.08560000
vn 1.00000000 0.00320000 0.00280000
vn 1.00000000 0.00350000 0.00190000
vn 0.09500000 0.90600000 -0.41260000
vn 0.05740000 0.58600000 -0.80830000
vn 1.00000000 0.00290000 0.00110000
vn 1.00000000 0.00190000 0.00140000
vn 0.00220000 0.10590000 -0.99440000
vn -0.05380000 -0.40770000 -0.91160000
vn 1.00000000 0.00170000 0.00250000
vn 1.00000000 0.00260000 0.00330000
vn -0.09450000 -0.81030000 -0.57840000
vn -0.11100000 -0.98990000 -0.08780000
vn -0.11100000 -0.98990000 -0.08780000
vn 1.00000000 0.00350000 0.00290000
vn 1.00000000 0.00350000 0.00290000
vn -0.10190000 -0.89890000 0.42620000
vn 1.00000000 0.00350000 0.00200000
vn -0.06890000 -0.56120000 0.82480000
vn 1.00000000 0.00270000 0.00150000
vn 1.00000000 0.00190000 0.00180000
vn -0.01760000 -0.06960000 0.99740000
vn 1.00000000 0.00180000 0.00260000
vn 0.03900000 0.43750000 0.89840000
vn 1.00000000 0.00240000 0.00310000
vn 0.08410000 0.82240000 0.56270000
vn 0.28980000 0.82480000 0.48540000
vn 0.17680000 0.49530000 0.85050000
vn 0.63430000 0.60300000 0.48370000
vn 0.38240000 0.36620000 0.84830000
vn 0.80950000 0.32180000 0.49100000
vn 0.47860000 0.19020000 0.85720000
vn 0.86610000 0.09740000 0.49020000
vn 0.51400000 0.05730000 0.85590000
vn 0.87310000 -0.02780000 0.48680000
vn 0.51970000 -0.01710000 0.85420000
vn 0.02220000 -0.00060000 0.99980000
vn -0.48650000 0.01780000 0.87350000
vn -0.86180000 0.03240000 0.50620000
vn -0.99930000 0.03770000 0.00020000
vn -0.99930000 0.03770000 0.00020000
vn -0.86200000 0.03170000 -0.50600000
vn -0.48640000 0.01720000 -0.87360000
vn 0.02240000 -0.00060000 -0.99970000
vn 0.51980000 -0.01670000 -0.85410000
vn 0.87300000 -0.02750000 -0.48700000
vn 0.99950000 -0.03140000 -0.00000000
vn 0.99370000 0.11200000 -0.00000000
vn 0.86610000 0.09720000 -0.49030000
vn 0.92920000 0.36960000 -0.00000000
vn 0.80930000 0.32220000 -0.49120000
vn 0.72560000 0.68810000 -0.00000000
vn 0.63470000 0.60260000 -0.48380000
vn 0.33040000 0.94380000 -0.00010000
vn 0.28950000 0.82500000 -0.48540000
vn 0.17620000 0.49540000 -0.85060000
vn 0.01780000 0.03190000 -0.99930000
vn -0.14330000 -0.44980000 -0.88160000
vn -0.26150000 -0.81560000 -0.51620000
vn -0.30540000 -0.95220000 -0.00010000
vn -0.30540000 -0.95220000 -0.00010000
vn -0.26360000 -0.81480000 0.51630000
vn -0.14480000 -0.44880000 0.88180000
vn 0.01780000 0.03230000 0.99930000
vn 0.03040000 0.03100000 0.99910000
vn -0.33540000 -0.32020000 0.88600000
vn 0.01790000 0.00790000 0.99980000
vn -0.45250000 -0.17680000 0.87400000
vn 0.02380000 0.00210000 0.99970000
vn -0.47820000 -0.05370000 0.87660000
vn -0.85430000 -0.09490000 0.51110000
vn -0.99400000 -0.10980000 -0.00000000
vn -0.99400000 -0.10980000 -0.00000000
vn -0.85440000 -0.09430000 -0.51110000
vn -0.47820000 -0.05320000 -0.87660000
vn 0.02390000 0.00210000 -0.99970000
vn 0.51410000 0.05700000 -0.85590000
vn 0.47840000 0.19090000 -0.85710000
vn 0.01820000 0.00800000 -0.99980000
vn 0.38330000 0.36540000 -0.84830000
vn 0.03060000 0.03080000 -0.99910000
vn -0.33670000 -0.31890000 -0.88600000
vn -0.61770000 -0.58780000 -0.52240000
vn -0.72300000 -0.69090000 -0.00010000
vn -0.72300000 -0.69090000 -0.00010000
vn -0.61590000 -0.58990000 0.52230000
vn -0.80260000 -0.31300000 0.50790000
vn -0.93160000 -0.36340000 0.00030000
vn -0.93160000 -0.36340000 0.00030000
vn -0.80220000 -0.31430000 -0.50770000
vn -0.45190000 -0.17780000 -0.87410000
vn -0.08280000 0.99220000 -0.09310000
vn -0.37730000 0.86570000 0.32900000
vn -0.56510000 0.49190000 0.66230000
vn -0.59300000 -0.01530000 0.80510000
vn -0.46650000 -0.50210000 0.72820000
vn -0.23360000 -0.84930000 0.47350000
vn 0.05040000 -0.99260000 0.11020000
vn 0.05040000 -0.99260000 0.11020000
vn 0.33040000 -0.89920000 -0.28690000
vn 0.53840000 -0.56530000 -0.62500000
vn 0.60040000 -0.06080000 -0.79740000
vn 0.48590000 0.46040000 -0.74290000
vn 0.23340000 0.84360000 -0.48360000
vn -0.24100000 0.95230000 -0.18720000
vn -0.52060000 0.82740000 0.21060000
vn -0.66720000 0.49150000 0.55970000
vn -0.64300000 0.02340000 0.76550000
vn -0.45080000 -0.45680000 0.76690000
vn -0.13650000 -0.81780000 0.55900000
vn 0.21860000 -0.95620000 0.19480000
vn 0.21860000 -0.95620000 0.19480000
vn 0.51720000 -0.82500000 -0.22770000
vn 0.67140000 -0.45530000 -0.58480000
vn 0.63470000 0.04000000 -0.77170000
vn 0.42320000 0.51150000 -0.74780000
vn 0.10240000 0.83920000 -0.53420000
vn -0.44510000 0.82310000 -0.35270000
vn -0.75840000 0.65180000 0.00600000
vn -0.87740000 0.31470000 0.36210000
vn -0.77310000 -0.10280000 0.62590000
vn -0.47000000 -0.49590000 0.73020000
vn -0.04120000 -0.76360000 0.64440000
vn 0.40430000 -0.83060000 0.38290000
vn 0.40430000 -0.83060000 0.38290000
vn 0.74340000 -0.66880000 0.00990000
vn 0.87430000 -0.31500000 -0.36920000
vn 0.75610000 0.12900000 -0.64160000
vn 0.42690000 0.53150000 -0.73160000
vn -0.01380000 0.78220000 -0.62290000
vn -0.52720000 0.64740000 -0.55040000
vn -0.87290000 0.37710000 -0.30970000
vn -0.99990000 0.01350000 0.00660000
vn -0.87880000 -0.35510000 0.31890000
vn -0.53790000 -0.63720000 0.55190000
vn -0.05530000 -0.75900000 0.64880000
vn 0.45390000 -0.67980000 0.57600000
vn 0.45390000 -0.67980000 0.57600000
vn 0.84910000 -0.40740000 0.33620000
vn 0.99990000 -0.01060000 -0.00920000
vn 0.85220000 0.38890000 -0.34990000
vn 0.46250000 0.66830000 -0.58270000
vn -0.04320000 0.75690000 -0.65210000
vn -0.44430000 0.45160000 -0.77370000
vn -0.44430000 0.45160000 -0.77370000
vn -0.72960000 0.05100000 -0.68200000
vn -0.72960000 0.05100000 -0.68200000
vn -0.83260000 -0.36150000 -0.41970000
vn -0.83260000 -0.36150000 -0.41970000
vn -0.72950000 -0.68210000 -0.05040000
vn -0.72950000 -0.68210000 -0.05040000
vn -0.44470000 -0.83140000 0.33310000
vn -0.44470000 -0.83140000 0.33310000
vn -0.04360000 -0.77180000 0.63430000
vn -0.04360000 -0.77180000 0.63430000
vn 0.37800000 -0.50770000 0.77420000
vn 0.37800000 -0.50770000 0.77420000
vn 0.37800000 -0.50770000 0.77420000
vn 0.37800000 -0.50770000 0.77420000
vn 0.70520000 -0.09230000 0.70290000
vn 0.70520000 -0.09230000 0.70290000
vn 0.83180000 0.36000000 0.42260000
vn 0.83180000 0.36000000 0.42260000
vn 0.70980000 0.70420000 0.01380000
vn 0.70980000 0.70420000 0.01380000
vn 0.38280000 0.83790000 -0.38920000
vn 0.38280000 0.83790000 -0.38920000
vn -0.04130000 0.73990000 -0.67150000
vn -0.04130000 0.73990000 -0.67150000
vn -0.28170000 0.38120000 -0.88050000
vn -0.49790000 -0.08370000 -0.86320000
vn -0.58310000 -0.52570000 -0.61930000
vn -0.51530000 -0.83020000 -0.21260000
vn -0.31080000 -0.91650000 0.25190000
vn -0.02210000 -0.75790000 0.65200000
vn 0.27330000 -0.39250000 0.87820000
vn 0.27330000 -0.39250000 0.87820000
vn 0.49400000 0.08180000 0.86560000
vn 0.57910000 0.53370000 0.61630000
vn 0.50680000 0.83860000 0.19960000
vn 0.29790000 0.91570000 -0.26970000
vn 0.00920000 0.74720000 -0.66450000
vn -0.19540000 0.36430000 -0.91060000
vn -0.44490000 -0.08790000 -0.89130000
vn -0.57530000 -0.51970000 -0.63170000
vn -0.54890000 -0.81200000 -0.19830000
vn -0.37160000 -0.88150000 0.29130000
vn -0.09180000 -0.70770000 0.70050000
vn 0.21260000 -0.34110000 0.91570000
vn 0.21260000 -0.34110000 0.91570000
vn 0.45800000 0.11440000 0.88150000
vn 0.58010000 0.53580000 0.61350000
vn 0.54960000 0.81440000 0.18630000
vn 0.37620000 0.88040000 -0.28860000
vn 0.10470000 0.71700000 -0.68920000
vn -0.11840000 0.32190000 -0.93930000
vn -0.47740000 -0.04050000 -0.87770000
vn -0.71250000 -0.39880000 -0.57730000
vn -0.75100000 -0.65120000 -0.10930000
vn -0.57400000 -0.71790000 0.39380000
vn -0.23490000 -0.57860000 0.78110000
vn 0.16370000 -0.28140000 0.94550000
vn 0.16370000 -0.28140000 0.94550000
vn 0.51260000 0.08500000 0.85440000
vn 0.72540000 0.42450000 0.54180000
vn 0.75130000 0.65360000 0.09160000
vn 0.58470000 0.71610000 -0.38120000
vn 0.26820000 0.59610000 -0.75680000
vn -0.06670000 0.21970000 -0.97330000
vn -0.51160000 -0.01170000 -0.85910000
vn -0.82380000 -0.24190000 -0.51270000
vn -0.91280000 -0.40770000 -0.02170000
vn -0.74750000 -0.46090000 0.47830000
vn -0.37290000 -0.38540000 0.84410000
vn 0.10210000 -0.20360000 0.97370000
vn 0.10210000 -0.20360000 0.97370000
vn 0.54420000 0.03180000 0.83840000
vn 0.83750000 0.25680000 0.48230000
vn 0.91050000 0.41350000 0.00290000
vn 0.74800000 0.46260000 -0.47590000
vn 0.39230000 0.39220000 -0.83200000
vn -0.03100000 0.10520000 -0.99400000
vn -0.51480000 -0.00380000 -0.85730000
vn -0.86500000 -0.11280000 -0.48890000
vn -0.98130000 -0.19170000 0.01760000
vn -0.82450000 -0.21770000 0.52230000
vn -0.43740000 -0.18290000 0.88050000
vn 0.06780000 -0.09770000 0.99290000
vn 0.06780000 -0.09770000 0.99290000
vn 0.54940000 0.01320000 0.83540000
vn 0.88090000 0.11960000 0.45800000
vn 0.98030000 0.19420000 -0.03650000
vn 0.82560000 0.21830000 -0.52020000
vn 0.45750000 0.18600000 -0.86960000
vn -0.02720000 0.00680000 -0.99960000
vn -0.52160000 0.00340000 -0.85320000
vn -0.87920000 -0.00110000 -0.47650000
vn -0.99950000 -0.00520000 0.03240000
vn -0.84540000 -0.00780000 0.53420000
vn -0.45860000 -0.00810000 0.88860000
vn 0.05190000 -0.00600000 0.99860000
vn 0.05190000 -0.00600000 0.99860000
vn 0.54510000 -0.00240000 0.83840000
vn 0.89000000 0.00170000 0.45590000
vn 0.99900000 0.00520000 -0.04490000
vn 0.84620000 0.00750000 -0.53290000
vn 0.47200000 0.00820000 -0.88160000
vn -0.04030000 -0.03170000 -0.99870000
vn -0.53330000 0.00750000 -0.84590000
vn -0.88340000 0.04470000 -0.46640000
vn -0.99680000 0.06990000 0.03800000
vn -0.84310000 0.07640000 0.53230000
vn -0.46350000 0.06240000 0.88390000
vn 0.04030000 0.03170000 0.99870000
vn 0.04030000 0.03170000 0.99870000
vn 0.53330000 -0.00750000 0.84590000
vn 0.88340000 -0.04470000 0.46640000
vn 0.99680000 -0.06990000 -0.03800000
vn 0.84310000 -0.07640000 -0.53230000
vn 0.46350000 -0.06240000 -0.88390000
vn -1.00000000 -0.00000000 -0.00000000
vn -0.86940000 0.49410000 -0.00000000
vn -0.51180000 0.85910000 -0.00000000
vn -0.01880000 0.99980000 -0.00000000
vn 0.48340000 0.87540000 -0.00000000
vn 0.85980000 0.51060000 -0.00000000
vn 1.00000000 -0.00000000 -0.00000000
vn 1.00000000 -0.00000000 -0.00000000
vn 0.85980000 -0.51060000 -0.00000000
vn 0.48340000 -0.87540000 -0.00000000
vn -0.01880000 -0.99980000 -0.00000000
vn -0.51180000 -0.85910000 -0.00000000
vn -0.86940000 -0.49410000 -0.00000000
vn -0.97380000 -0.00000000 0.22720000
vn -0.84670000 0.49410000 0.19760000
vn -0.49830000 0.85910000 0.11630000
vn -0.01820000 0.99980000 0.00430000
vn 0.47080000 0.87540000 -0.10990000
vn 0.83740000 0.51050000 -0.19540000
vn 0.97380000 -0.00000000 -0.22720000
vn 0.97380000 -0.00000000 -0.22720000
vn 0.83740000 -0.51050000 -0.19540000
vn 0.47080000 -0.87540000 -0.10990000
vn -0.01820000 -0.99980000 0.00430000
vn -0.49830000 -0.85910000 0.11630000
vn -0.84670000 -0.49410000 0.19760000
vn -0.89820000 -0.00000000 0.43950000
vn -0.78090000 0.49420000 0.38210000
vn -0.45940000 0.85930000 0.22480000
vn -0.01640000 0.99980000 0.00800000
vn 0.43470000 0.87510000 -0.21270000
vn 0.77250000 0.51020000 -0.37800000
vn 0.89820000 -0.00000000 -0.43950000
vn 0.89820000 -0.00000000 -0.43950000
vn 0.77250000 -0.51020000 -0.37800000
vn 0.43470000 -0.87510000 -0.21270000
vn -0.01640000 -0.99980000 0.00800000
vn -0.45940000 -0.85930000 0.22480000
vn -0.78090000 -0.49420000 0.38210000
vn -0.78010000 -0.00000000 0.62570000
vn -0.67810000 0.49430000 0.54390000
vn -0.39890000 0.85940000 0.31990000
vn -0.01400000 0.99980000 0.01120000
vn 0.37780000 0.87490000 -0.30300000
vn 0.67100000 0.50990000 -0.53820000
vn 0.78010000 -0.00000000 -0.62570000
vn 0.78010000 -0.00000000 -0.62570000
vn 0.67100000 -0.50990000 -0.53820000
vn 0.37780000 -0.87490000 -0.30300000
vn -0.01400000 -0.99980000 0.01120000
vn -0.39890000 -0.85940000 0.31990000
vn -0.67810000 -0.49430000 0.54390000
vn -0.62570000 -0.00000000 0.78010000
vn -0.54390000 0.49430000 0.67810000
vn -0.31990000 0.85940000 0.39890000
vn -0.01120000 0.99980000 0.01400000
vn 0.30300000 0.87490000 -0.37780000
vn 0.53820000 0.50990000 -0.67100000
vn 0.62570000 -0.00000000 -0.78010000
vn 0.62570000 -0.00000000 -0.78010000
vn 0.53820000 -0.50990000 -0.67100000
vn 0.30300000 -0.87490000 -0.37780000
vn -0.01120000 -0.99980000 0.01400000
vn -0.31990000 -0.85940000 0.39890000
vn -0.54390000 -0.49430000 0.67810000
vn -0.43950000 -0.00000000 0.89820000
vn -0.38210000 0.49420000 0.78090000
vn -0.22480000 0.85930000 0.45940000
vn -0.00800000 0.99980000 0.01640000
vn 0.21270000 0.87510000 -0.43470000
vn 0.37800000 0.51020000 -0.77250000
vn 0.43950000 -0.00000000 -0.89820000
vn 0.43950000 -0.00000000 -0.89820000
vn 0.37800000 -0.51020000 -0.77250000
vn 0.21270000 -0.87510000 -0.43470000
vn -0.00800000 -0.99980000 0.01640000
vn -0.22480000 -0.85930000 0.45940000
vn -0.38210000 -0.49420000 0.78090000
vn -0.22720000 -0.00000000 0.97380000
vn -0.19760000 0.49410000 0.84670000
vn -0.11630000 0.85910000 0.49830000
vn -0.00430000 0.99980000 0.01820000
vn 0.10990000 0.87540000 -0.47080000
vn 0.19540000 0.51050000 -0.83740000
vn 0.22720000 -0.00000000 -0.97380000
vn 0.22720000 -0.00000000 -0.97380000
vn 0.19540000 -0.51050000 -0.83740000
vn 0.10990000 -0.87540000 -0.47080000
vn -0.00430000 -0.99980000 0.01820000
vn -0.11630000 -0.85910000 0.49830000
vn -0.19760000 -0.49410000 0.84670000
vn -0.00000000 -0.00000000 1.00000000
vn -0.00000000 -0.00000000 1.00000000
vn -0.00000000 0.49410000 0.86940000
vn -0.00000000 0.49410000 0.86940000
vn -0.00000000 0.85910000 0.51180000
vn -0.00000000 0.85910000 0.51180000
vn -0.00000000 0.99980000 0.01880000
vn -0.00000000 0.99980000 0.01880000
vn -0.00000000 0.87540000 -0.48340000
vn -0.00000000 0.87540000 -0.48340000
vn -0.00000000 0.51060000 -0.85980000
vn -0.00000000 0.51060000 -0.85980000
vn -0.00000000 -0.00000000 -1.00000000
vn -0.00000000 -0.00000000 -1.00000000
vn -0.00000000 -0.00000000 -1.00000000
vn -0.00000000 -0.00000000 -1.00000000
vn -0.00000000 -0.51060000 -0.85980000
vn -0.00000000 -0.51060000 -0.85980000
vn -0.00000000 -0.87540000 -0.48340000
vn -0.00000000 -0.87540000 -0.48340000
vn -0.00000000 -0.99980000 0.01880000
vn -0.00000000 -0.99980000 0.01880000
vn -0.00000000 -0.85910000 0.51180000
vn -0.00000000 -0.85910000 0.51180000
vn -0.00000000 -0.49410000 0.86940000
vn -0.00000000 -0.49410000 0.86940000
vn 0.22720000 -0.00000000 0.97380000
vn 0.19760000 0.49410000 0.84670000
vn 0.11630000 0.85910000 0.49830000
vn 0.00430000 0.99980000 0.01820000
vn -0.10990000 0.87540000 -0.47080000
vn -0.19540000 0.51050000 -0.83740000
vn -0.22720000 -0.00000000 -0.97380000
vn -0.22720000 -0.00000000 -0.97380000
vn -0.19540000 -0.51050000 -0.83740000
vn -0.10990000 -0.87540000 -0.47080000
vn 0.00430000 -0.99980000 0.01820000
vn 0.11630000 -0.85910000 0.49830000
vn 0.19760000 -0.49410000 0.84670000
vn 0.43950000 -0.00000000 0.89820000
vn 0.38210000 0.49420000 0.78090000
vn 0.22480000 0.85930000 0.45940000
vn 0.00800000 0.99980000 0.01640000
vn -0.21270000 0.87510000 -0.43470000
vn -0.37800000 0.51020000 -0.77250000
vn -0.43950000 -0.00000000 -0.89820000
vn -0.43950000 -0.00000000 -0.89820000
vn -0.37800000 -0.51020000 -0.77250000
vn -0.21270000 -0.87510000 -0.43470000
vn 0.00800000 -0.99980000 0.01640000
vn 0.22480000 -0.85930000 0.45940000
vn 0.38210000 -0.49420000 0.78090000
vn 0.62570000 -0.00000000 0.78010000
vn 0.54390000 0.49430000 0.67810000
vn 0.31990000 0.85940000 0.39890000
vn 0.01120000 0.99980000 0.01400000
vn -0.30300000 0.87490000 -0.37780000
vn -0.53820000 0.50990000 -0.67100000
vn -0.62570000 -0.00000000 -0.78010000
vn -0.62570000 -0.00000000 -0.78010000
vn -0.53820000 -0.50990000 -0.67100000
vn -0.30300000 -0.87490000 -0.37780000
vn 0.01120000 -0.99980000 0.01400000
vn 0.31990000 -0.85940000 0.39890000
vn 0.54390000 -0.49430000 0.67810000
vn 0.78010000 -0.00000000 0.62570000
vn 0.67810000 0.49430000 0.54390000
vn 0.39890000 0.85940000 0.31990000
vn 0.01400000 0.99980000 0.01120000
vn -0.37780000 0.87490000 -0.30300000
vn -0.67100000 0.50990000 -0.53820000
vn -0.78010000 -0.00000000 -0.62570000
vn -0.78010000 -0.00000000 -0.62570000
vn -0.67100000 -0.50990000 -0.53820000
vn -0.37780000 -0.87490000 -0.30300000
vn 0.01400000 -0.99980000 0.01120000
vn 0.39890000 -0.85940000 0.31990000
vn 0.67810000 -0.49430000 0.54390000
vn 0.89820000 -0.00000000 0.43950000
vn 0.78090000 0.49420000 0.38210000
vn 0.45940000 0.85930000 0.22480000
vn 0.01640000 0.99980000 0.00800000
vn -0.43470000 0.87510000 -0.21270000
vn -0.77250000 0.51020000 -0.37800000
vn -0.89820000 -0.00000000 -0.43950000
vn -0.89820000 -0.00000000 -0.43950000
vn -0.77250000 -0.51020000 -0.37800000
vn -0.43470000 -0.87510000 -0.21270000
vn 0.01640000 -0.99980000 0.00800000
vn 0.45940000 -0.85930000 0.22480000
vn 0.78090000 -0.49420000 0.38210000
vn 0.97380000 -0.00000000 0.22720000
vn 0.84670000 0.49410000 0.19760000
vn 0.49830000 0.85910000 0.11630000
vn 0.01820000 0.99980000 0.00430000
vn -0.47080000 0.87540000 -0.10990000
vn -0.83740000 0.51050000 -0.19540000
vn -0.97380000 -0.00000000 -0.22720000
vn -0.97380000 -0.00000000 -0.22720000
vn -0.83740000 -0.51050000 -0.19540000
vn -0.47080000 -0.87540000 -0.10990000
vn 0.01820000 -0.99980000 0.00430000
vn 0.49830000 -0.85910000 0.11630000
vn 0.84670000 -0.49410000 0.19760000
vn 1.00000000 -0.00000000 -0.00000000
vn 0.86940000 0.49410000 -0.00000000
vn 0.51180000 0.85910000 -0.00000000
vn 0.01880000 0.99980000 -0.00000000
vn -0.48340000 0.87540000 -0.00000000
vn -0.85980000 0.51060000 -0.00000000
vn -1.00000000 -0.00000000 -0.00000000
vn -1.00000000 -0.00000000 -0.00000000
vn -0.85980000 -0.51060000 -0.00000000
vn -0.48340000 -0.87540000 -0.00000000
vn 0.01880000 -0.99980000 -0.00000000
vn 0.51180000 -0.85910000 -0.00000000
vn 0.86940000 -0.49410000 -0.00000000
vn 0.97380000 -0.00000000 -0.22720000
vn 0.84670000 0.49410000 -0.19760000
vn 0.49830000 0.85910000 -0.11630000
vn 0.01820000 0.99980000 -0.00430000
vn -0.47080000 0.87540000 0.10990000
vn -0.83740000 0.51050000 0.19540000
vn -0.97380000 -0.00000000 0.22720000
vn -0.97380000 -0.00000000 0.22720000
vn -0.83740000 -0.51050000 0.19540000
vn -0.47080000 -0.87540000 0.10990000
vn 0.01820000 -0.99980000 -0.00430000
vn 0.49830000 -0.85910000 -0.11630000
vn 0.84670000 -0.49410000 -0.19760000
vn 0.89820000 -0.00000000 -0.43950000
vn 0.78090000 0.49420000 -0.38210000
vn 0.45940000 0.85930000 -0.22480000
vn 0.01640000 0.99980000 -0.00800000
vn -0.43470000 0.87510000 0.21270000
vn -0.77250000 0.51020000 0.37800000
vn -0.89820000 -0.00000000 0.43950000
vn -0.89820000 -0.00000000 0.43950000
vn -0.77250000 -0.51020000 0.37800000
vn -0.43470000 -0.87510000 0.21270000
vn 0.01640000 -0.99980000 -0.00800000
vn 0.45940000 -0.85930000 -0.22480000
vn 0.78090000 -0.49420000 -0.38210000
vn 0.78010000 -0.00000000 -0.62570000
vn 0.67810000 0.49430000 -0.54390000
vn 0.39890000 0.85940000 -0.31990000
vn 0.01400000 0.99980000 -0.01120000
vn -0.37780000 0.87490000 0.30300000
vn -0.67100000 0.50990000 0.53820000
vn -0.78010000 -0.00000000 0.62570000
vn -0.78010000 -0.00000000 0.62570000
vn -0.67100000 -0.50990000 0.53820000
vn -0.37780000 -0.87490000 0.30300000
vn 0.01400000 -0.99980000 -0.01120000
vn 0.39890000 -0.85940000 -0.31990000
vn 0.67810000 -0.49430000 -0.54390000
vn 0.62570000 -0.00000000 -0.78010000
vn 0.54390000 0.49430000 -0.67810000
vn 0.31990000 0.85940000 -0.39890000
vn 0.01120000 0.99980000 -0.01400000
vn -0.30300000 0.87490000 0.37780000
vn -0.53820000 0.50990000 0.67100000
vn -0.62570000 -0.00000000 0.78010000
vn -0.62570000 -0.00000000 0.78010000
vn -0.53820000 -0.50990000 0.67100000
vn -0.30300000 -0.87490000 0.37780000
vn 0.01120000 -0.99980000 -0.01400000
vn 0.31990000 -0.85940000 -0.39890000
vn 0.54390000 -0.49430000 -0.67810000
vn 0.43950000 -0.00000000 -0.89820000
vn 0.38210000 0.49420000 -0.78090000
vn 0.22480000 0.85930000 -0.45940000
vn 0.00800000 0.99980000 -0.01640000
vn -0.21270000 0.87510000 0.43470000
vn -0.37800000 0.51020000 0.77250000
vn -0.43950000 -0.00000000 0.89820000
vn -0.43950000 -0.00000000 0.89820000
vn -0.37800000 -0.51020000 0.77250000
vn -0.21270000 -0.87510000 0.43470000
vn 0.00800000 -0.99980000 -0.01640000
vn 0.22480000 -0.85930000 -0.45940000
vn 0.38210000 -0.49420000 -0.78090000
vn 0.22720000 -0.00000000 -0.97380000
vn 0.19760000 0.49410000 -0.84670000
vn 0.11630000 0.85910000 -0.49830000
vn 0.00430000 0.99980000 -0.01820000
vn -0.10990000 0.87540000 0.47080000
vn -0.19540000 0.51050000 0.83740000
vn -0.22720000 -0.00000000 0.97380000
vn -0.22720000 -0.00000000 0.97380000
vn -0.19540000 -0.51050000 0.83740000
vn -0.10990000 -0.87540000 0.47080000
vn 0.00430000 -0.99980000 -0.01820000
vn 0.11630000 -0.85910000 -0.49830000
vn 0.19760000 -0.49410000 -0.84670000
vn -0.00000000 -0.00000000 -1.00000000
vn -0.00000000 -0.00000000 -1.00000000
vn -0.00000000 0.49410000 -0.86940000
vn -0.00000000 0.49410000 -0.86940000
vn -0.00000000 0.85910000 -0.51180000
vn -0.00000000 0.85910000 -0.51180000
vn -0.00000000 0.99980000 -0.01880000
vn -0.00000000 0.99980000 -0.01880000
vn -0.00000000 0.87540000 0.48340000
vn -0.00000000 0.87540000 0.48340000
vn -0.00000000 0.51060000 0.85980000
vn -0.00000000 0.51060000 0.85980000
vn -0.00000000 -0.00000000 1.00000000
vn -0.00000000 -0.00000000 1.00000000
vn -0.00000000 -0.00000000 1.00000000
vn -0.00000000 -0.00000000 1.00000000
vn -0.00000000 -0.51060000 0.85980000
vn -0.00000000 -0.51060000 0.85980000
vn -0.00000000 -0.87540000 0.48340000
vn -0.00000000 -0.87540000 0.48340000
vn -0.00000000 -0.99980000 -0.01880000
vn -0.00000000 -0.99980000 -0.01880000
vn -0.00000000 -0.85910000 -0.51180000
vn -0.00000000 -0.85910000 -0.51180000
vn -0.00000000 -0.49410000 -0.86940000
vn -0.00000000 -0.49410000 -0.86940000
vn -0.22720000 -0.00000000 -0.97380000
vn -0.19760000 0.49410000 -0.84670000
vn -0.11630000 0.85910000 -0.49830000
vn -0.00430000 0.99980000 -0.01820000
vn 0.10990000 0.87540000 0.47080000
vn 0.19540000 0.51050000 0.83740000
vn 0.22720000 -0.00000000 0.97380000
vn 0.22720000 -0.00000000 0.97380000
vn 0.19540000 -0.51050000 0.83740000
vn 0.10990000 -0.87540000 0.47080000
vn -0.00430000 -0.99980000 -0.01820000
vn -0.11630000 -0.85910000 -0.49830000
vn -0.19760000 -0.49410000 -0.84670000
vn -0.43950000 -0.00000000 -0.89820000
vn -0.38210000 0.49420000 -0.78090000
vn -0.22480000 0.85930000 -0.45940000
vn -0.00800000 0.99980000 -0.01640000
vn 0.21270000 0.87510000 0.43470000
vn 0.37800000 0.51020000 0.77250000
vn 0.43950000 -0.00000000 0.89820000
vn 0.43950000 -0.00000000 0.89820000
vn 0.37800000 -0.51020000 0.77250000
vn 0.21270000 -0.87510000 0.43470000
vn -0.00800000 -0.99980000 -0.01640000
vn -0.22480000 -0.85930000 -0.45940000
vn -0.38210000 -0.49420000 -0.78090000
vn -0.62570000 -0.00000000 -0.78010000
vn -0.54390000 0.49430000 -0.67810000
vn -0.31990000 0.85940000 -0.39890000
vn -0.01120000 0.99980000 -0.01400000
vn 0.30300000 0.87490000 0.37780000
vn 0.53820000 0.50990000 0.67100000
vn 0.62570000 -0.00000000 0.78010000
vn 0.62570000 -0.00000000 0.78010000
vn 0.53820000 -0.50990000 0.67100000
vn 0.30300000 -0.87490000 0.37780000
vn -0.01120000 -0.99980000 -0.01400000
vn -0.31990000 -0.85940000 -0.39890000
vn -0.54390000 -0.49430000 -0.67810000
vn -0.78010000 -0.00000000 -0.62570000
vn -0.67810000 0.49430000 -0.54390000
vn -0.39890000 0.85940000 -0.31990000
vn -0.01400000 0.99980000 -0.01120000
vn 0.37780000 0.87490000 0.30300000
vn 0.67100000 0.50990000 0.53820000
vn 0.78010000 -0.00000000 0.62570000
vn 0.78010000 -0.00000000 0.62570000
vn 0.67100000 -0.50990000 0.53820000
vn 0.37780000 -0.87490000 0.30300000
vn -0.01400000 -0.99980000 -0.01120000
vn -0.39890000 -0.85940000 -0.31990000
vn -0.67810000 -0.49430000 -0.54390000
vn -0.89820000 -0.00000000 -0.43950000
vn -0.78090000 0.49420000 -0.38210000
vn -0.45940000 0.85930000 -0.22480000
vn -0.01640000 0.99980000 -0.00800000
vn 0.43470000 0.87510000 0.21270000
vn 0.77250000 0.51020000 0.37800000
vn 0.89820000 -0.00000000 0.43950000
vn 0.89820000 -0.00000000 0.43950000
vn 0.77250000 -0.51020000 0.37800000
vn 0.43470000 -0.87510000 0.21270000
vn -0.01640000 -0.99980000 -0.00800000
vn -0.45940000 -0.85930000 -0.22480000
vn -0.78090000 -0.49420000 -0.38210000
vn -0.97380000 -0.00000000 -0.22720000
vn -0.84670000 0.49410000 -0.19760000
vn -0.49830000 0.85910000 -0.11630000
vn -0.01820000 0.99980000 -0.00430000
vn 0.47080000 0.87540000 0.10990000
vn 0.83740000 0.51050000 0.19540000
vn 0.97380000 -0.00000000 0.22720000
vn 0.97380000 -0.00000000 0.22720000
vn 0.83740000 -0.51050000 0.19540000
vn 0.47080000 -0.87540000 0.10990000
vn -0.01820000 -0.99980000 -0.00430000
vn -0.49830000 -0.85910000 -0.11630000
vn -0.84670000 -0.49410000 -0.19760000
vn -1.00000000 -0.00000000 -0.00000000
vn -0.86940000 0.49410000 -0.00000000
vn -0.51180000 0.85910000 -0.00000000
vn -0.01880000 0.99980000 -0.00000000
vn 0.48340000 0.87540000 -0.00000000
vn 0.85980000 0.51060000 -0.00000000
vn 0.85980000 0.51060000 -0.00000000
vn 1.00000000 -0.00000000 -0.00000000
vn 0.85980000 -0.51060000 -0.00000000
vn 0.48340000 -0.87540000 -0.00000000
vn -0.01880000 -0.99980000 -0.00000000
vn -0.51180000 -0.85910000 -0.00000000
vn -0.86940000 -0.49410000 -0.00000000
vn -0.97380000 -0.00000000 0.22720000
vn -0.84670000 0.49410000 0.19760000
vn -0.49830000 0.85910000 0.11630000
vn -0.01820000 0.99980000 0.00430000
vn 0.47080000 0.87530000 -0.10990000
vn 0.83740000 0.51050000 -0.19540000
vn 0.83740000 0.51050000 -0.19540000
vn 0.97380000 -0.00000000 -0.22720000
vn 0.83740000 -0.51050000 -0.19540000
vn 0.47080000 -0.87530000 -0.10990000
vn -0.01820000 -0.99980000 0.00430000
vn -0.49830000 -0.85910000 0.11630000
vn -0.84670000 -0.49410000 0.19760000
vn -0.89820000 -0.00000000 0.43950000
vn -0.78090000 0.49420000 0.38210000
vn -0.45940000 0.85930000 0.22480000
vn -0.01640000 0.99980000 0.00800000
vn 0.43470000 0.87510000 -0.21270000
vn 0.77250000 0.51020000 -0.37800000
vn 0.77250000 0.51020000 -0.37800000
vn 0.89820000 -0.00000000 -0.43950000
vn 0.77250000 -0.51020000 -0.37800000
vn 0.43470000 -0.87510000 -0.21270000
vn -0.01640000 -0.99980000 0.00800000
vn -0.45940000 -0.85930000 0.22480000
vn -0.78090000 -0.49420000 0.38210000
vn -0.78010000 -0.00000000 0.62570000
vn -0.67810000 0.49430000 0.54390000
vn -0.39890000 0.85940000 0.31990000
vn -0.01400000 0.99980000 0.01120000
vn 0.37780000 0.87490000 -0.30300000
vn 0.67100000 0.50990000 -0.53820000
vn 0.67100000 0.50990000 -0.53820000
vn 0.78010000 -0.00000000 -0.62570000
vn 0.67100000 -0.50990000 -0.53820000
vn 0.37780000 -0.87490000 -0.30300000
vn -0.01400000 -0.99980000 0.01120000
vn -0.39890000 -0.85940000 0.31990000
vn -0.67810000 -0.49430000 0.54390000
vn -0.62570000 -0.00000000 0.78010000
vn -0.54390000 0.49430000 0.67810000
vn -0.31990000 0.85940000 0.39890000
vn -0.01120000 0.99980000 0.01400000
vn 0.30300000 0.87490000 -0.37780000
vn 0.53820000 0.50990000 -0.67100000
vn 0.53820000 0.50990000 -0.67100000
vn 0.62570000 -0.00000000 -0.78010000
vn 0.53820000 -0.50990000 -0.67100000
vn 0.30300000 -0.87490000 -0.37780000
vn -0.01120000 -0.99980000 0.01400000
vn -0.31990000 -0.85940000 0.39890000
vn -0.54390000 -0.49430000 0.67810000
vn -0.43950000 -0.00000000 0.89820000
vn -0.38210000 0.49420000 0.78090000
vn -0.22480000 0.85930000 0.45940000
vn -0.00800000 0.99980000 0.01640000
vn 0.21270000 0.87510000 -0.43470000
vn 0.37800000 0.51020000 -0.77250000
vn 0.37800000 0.51020000 -0.77250000
vn 0.43950000 -0.00000000 -0.89820000
vn 0.37800000 -0.51020000 -0.77250000
vn 0.21270000 -0.87510000 -0.43470000
vn -0.00800000 -0.99980000 0.01640000
vn -0.22480000 -0.85930000 0.45940000
vn -0.38210000 -0.49420000 0.78090000
vn -0.22720000 -0.00000000 0.97380000
vn -0.19760000 0.49410000 0.84670000
vn -0.11630000 0.85910000 0.49830000
vn -0.00430000 0.99980000 0.01820000
vn 0.10990000 0.87530000 -0.47080000
vn 0.19540000 0.51050000 -0.83740000
vn 0.19540000 0.51050000 -0.83740000
vn 0.22720000 -0.00000000 -0.97380000
vn 0.19540000 -0.51050000 -0.83740000
vn 0.10990000 -0.87530000 -0.47080000
vn -0.00430000 -0.99980000 0.01820000
vn -0.11630000 -0.85910000 0.49830000
vn -0.19760000 -0.49410000 0.84670000
vn -0.00000000 -0.00000000 1.00000000
vn -0.00000000 0.49410000 0.86940000
vn -0.00000000 0.85910000 0.51180000
vn -0.00000000 0.99980000 0.01880000
vn -0.00000000 0.87540000 -0.48340000
vn -0.00000000 0.51060000 -0.85980000
vn -0.00000000 0.51060000 -0.85980000
vn -0.00000000 -0.00000000 -1.00000000
vn -0.00000000 -0.51060000 -0.85980000
vn -0.00000000 -0.87540000 -0.48340000
vn -0.00000000 -0.99980000 0.01880000
vn -0.00000000 -0.85910000 0.51180000
vn -0.00000000 -0.49410000 0.86940000
vn 0.22720000 -0.00000000 0.97380000
vn 0.22720000 -0.00000000 0.97380000
vn 0.19760000 0.49410000 0.84670000
vn 0.19760000 0.49410000 0.84670000
vn 0.11630000 0.85910000 0.49830000
vn 0.11630000 0.85910000 0.49830000
vn 0.00430000 0.99980000 0.01820000
vn 0.00430000 0.99980000 0.01820000
vn -0.10990000 0.87530000 -0.47080000
vn -0.10990000 0.87530000 -0.47080000
vn -0.19540000 0.51050000 -0.83740000
vn -0.19540000 0.51050000 -0.83740000
vn -0.19540000 0.51050000 -0.83740000
vn -0.19540000 0.51050000 -0.83740000
vn -0.22720000 -0.00000000 -0.97380000
vn -0.22720000 -0.00000000 -0.97380000
vn -0.19540000 -0.51050000 -0.83740000
vn -0.19540000 -0.51050000 -0.83740000
vn -0.10990000 -0.87530000 -0.47080000
vn -0.10990000 -0.87530000 -0.47080000
vn 0.00430000 -0.99980000 0.01820000
vn 0.00430000 -0.99980000 0.01820000
vn 0.11630000 -0.85910000 0.49830000
vn 0.11630000 -0.85910000 0.49830000
vn 0.19760000 -0.49410000 0.84670000
vn 0.19760000 -0.49410000 0.84670000
vn 0.43950000 -0.00000000 0.89820000
vn 0.38210000 0.49420000 0.78090000
vn 0.22480000 0.85930000 0.45940000
vn 0.00800000 0.99980000 0.01640000
vn -0.21270000 0.87510000 -0.43470000
vn -0.37800000 0.51020000 -0.77250000
vn -0.37800000 0.51020000 -0.77250000
vn -0.43950000 -0.00000000 -0.89820000
vn -0.37800000 -0.51020000 -0.77250000
vn -0.21270000 -0.87510000 -0.43470000
vn 0.00800000 -0.99980000 0.01640000
vn 0.22480000 -0.85930000 0.45940000
vn 0.38210000 -0.49420000 0.78090000
vn 0.62570000 -0.00000000 0.78010000
vn 0.54390000 0.49430000 0.67810000
vn 0.31990000 0.85940000 0.39890000
vn 0.01120000 0.99980000 0.01400000
vn -0.30300000 0.87490000 -0.37780000
vn -0.53820000 0.50990000 -0.67100000
vn -0.53820000 0.50990000 -0.67100000
vn -0.62570000 -0.00000000 -0.78010000
vn -0.53820000 -0.50990000 -0.67100000
vn -0.30300000 -0.87490000 -0.37780000
vn 0.01120000 -0.99980000 0.01400000
vn 0.31990000 -0.85940000 0.39890000
vn 0.54390000 -0.49430000 0.67810000
vn 0.78010000 -0.00000000 0.62570000
vn 0.67810000 0.49430000 0.54390000
vn 0.39890000 0.85940000 0.31990000
vn 0.01400000 0.99980000 0.01120000
vn -0.37780000 0.87490000 -0.30300000
vn -0.67100000 0.50990000 -0.53820000
vn -0.67100000 0.50990000 -0.53820000
vn -0.78010000 -0.00000000 -0.62570000
vn -0.67100000 -0.50990000 -0.53820000
vn -0.37780000 -0.87490000 -0.30300000
vn 0.01400000 -0.99980000 0.01120000
vn 0.39890000 -0.85940000 0.31990000
vn 0.67810000 -0.49430000 0.54390000
vn 0.89820000 -0.00000000 0.43950000
vn 0.78090000 0.49420000 0.38210000
vn 0.45940000 0.85930000 0.22480000
vn 0.01640000 0.99980000 0.00800000
vn -0.43470000 0.87510000 -0.21270000
vn -0.77250000 0.51020000 -0.37800000
vn -0.77250000 0.51020000 -0.37800000
vn -0.89820000 -0.00000000 -0.43950000
vn -0.77250000 -0.51020000 -0.37800000
vn -0.43470000 -0.87510000 -0.21270000
vn 0.01640000 -0.99980000 0.00800000
vn 0.45940000 -0.85930000 0.22480000
vn 0.78090000 -0.49420000 0.38210000
vn 0.97380000 -0.00000000 0.22720000
vn 0.84670000 0.49410000 0.19760000
vn 0.49830000 0.85910000 0.11630000
vn 0.01820000 0.99980000 0.00430000
vn -0.47080000 0.87530000 -0.10990000
vn -0.83740000 0.51050000 -0.19540000
vn -0.83740000 0.51050000 -0.19540000
vn -0.97380000 -0.00000000 -0.22720000
vn -0.83740000 -0.51050000 -0.19540000
vn -0.47080000 -0.87530000 -0.10990000
vn 0.01820000 -0.99980000 0.00430000
vn 0.49830000 -0.85910000 0.11630000
vn 0.84670000 -0.49410000 0.19760000
vn 1.00000000 -0.00000000 -0.00000000
vn 0.86940000 0.49410000 -0.00000000
vn 0.51180000 0.85910000 -0.00000000
vn 0.01880000 0.99980000 -0.00000000
vn -0.48340000 0.87540000 -0.00000000
vn -0.85980000 0.51060000 -0.00000000
vn -0.85980000 0.51060000 -0.00000000
vn -1.00000000 -0.00000000 -0.00000000
vn -0.85980000 -0.51060000 -0.00000000
vn -0.48340000 -0.87540000 -0.00000000
vn 0.01880000 -0.99980000 -0.00000000
vn 0.51180000 -0.85910000 -0.00000000
vn 0.86940000 -0.49410000 -0.00000000
vn 0.97380000 -0.00000000 -0.22720000
vn 0.84670000 0.49410000 -0.19760000
vn 0.49830000 0.85910000 -0.11630000
vn 0.01820000 0.99980000 -0.00430000
vn -0.47080000 0.87530000 0.10990000
vn -0.83740000 0.51050000 0.19540000
vn -0.83740000 0.51050000 0.19540000
vn -0.97380000 -0.00000000 0.22720000
vn -0.83740000 -0.51050000 0.19540000
vn -0.47080000 -0.87530000 0.10990000
vn 0.01820000 -0.99980000 -0.00430000
vn 0.49830000 -0.85910000 -0.11630000
vn 0.84670000 -0.49410000 -0.19760000
vn 0.89820000 -0.00000000 -0.43950000
vn 0.78090000 0.49420000 -0.38210000
vn 0.45940000 0.85930000 -0.22480000
vn 0.01640000 0.99980000 -0.00800000
vn -0.43470000 0.87510000 0.21270000
vn -0.77250000 0.51020000 0.37800000
vn -0.77250000 0.51020000 0.37800000
vn -0.89820000 -0.00000000 0.43950000
vn -0.77250000 -0.51020000 0.37800000
vn -0.43470000 -0.87510000 0.21270000
vn 0.01640000 -0.99980000 -0.00800000
vn 0.45940000 -0.85930000 -0.22480000
vn 0.78090000 -0.49420000 -0.38210000
vn 0.78010000 -0.00000000 -0.62570000
vn 0.67810000 0.49430000 -0.54390000
vn 0.39890000 0.85940000 -0.31990000
vn 0.01400000 0.99980000 -0.01120000
vn -0.37780000 0.87490000 0.30300000
vn -0.67100000 0.50990000 0.53820000
vn -0.67100000 0.50990000 0.53820000
vn -0.78010000 -0.00000000 0.62570000
vn -0.67100000 -0.50990000 0.53820000
vn -0.37780000 -0.87490000 0.30300000
vn 0.01400000 -0.99980000 -0.01120000
vn 0.39890000 -0.85940000 -0.31990000
vn 0.67810000 -0.49430000 -0.54390000
vn 0.62570000 -0.00000000 -0.78010000
vn 0.54390000 0.49430000 -0.67810000
vn 0.31990000 0.85940000 -0.39890000
vn 0.01120000 0.99980000 -0.01400000
vn -0.30300000 0.87490000 0.37780000
vn -0.53820000 0.50990000 0.67100000
vn -0.53820000 0.50990000 0.67100000
vn -0.62570000 -0.00000000 0.78010000
vn -0.53820000 -0.50990000 0.67100000
vn -0.30300000 -0.87490000 0.37780000
vn 0.01120000 -0.99980000 -0.01400000
vn 0.31990000 -0.85940000 -0.39890000
vn 0.54390000 -0.49430000 -0.67810000
vn 0.43950000 -0.00000000 -0.89820000
vn 0.38210000 0.49420000 -0.78090000
vn 0.22480000 0.85930000 -0.45940000
vn 0.00800000 0.99980000 -0.01640000
vn -0.21270000 0.87510000 0.43470000
vn -0.37800000 0.51020000 0.77250000
vn -0.37800000 0.51020000 0.77250000
vn -0.43950000 -0.00000000 0.89820000
vn -0.37800000 -0.51020000 0.77250000
vn -0.21270000 -0.87510000 0.43470000
vn 0.00800000 -0.99980000 -0.01640000
vn 0.22480000 -0.85930000 -0.45940000
vn 0.38210000 -0.49420000 -0.78090000
vn 0.22720000 -0.00000000 -0.97380000
vn 0.19760000 0.49410000 -0.84670000
vn 0.11630000 0.85910000 -0.49830000
vn 0.00430000 0.99980000 -0.01820000
vn -0.10990000 0.87530000 0.47080000
vn -0.19540000 0.51050000 0.83740000
vn -0.19540000 0.51050000 0.83740000
vn -0.22720000 -0.00000000 0.97380000
vn -0.19540000 -0.51050000 0.83740000
vn -0.10990000 -0.87530000 0.47080000
vn 0.00430000 -0.99980000 -0.01820000
vn 0.11630000 -0.85910000 -0.49830000
vn 0.19760000 -0.49410000 -0.84670000
vn -0.00000000 -0.00000000 -1.00000000
vn -0.00000000 -0.00000000 -1.00000000
vn -0.00000000 0.49410000 -0.86940000
vn -0.00000000 0.49410000 -0.86940000
vn -0.00000000 0.85910000 -0.51180000
vn -0.00000000 0.85910000 -0.51180000
vn -0.00000000 0.99980000 -0.01880000
vn -0.00000000 0.99980000 -0.01880000
vn -0.00000000 0.87540000 0.48340000
vn -0.00000000 0.87540000 0.48340000
vn -0.00000000 0.51060000 0.85980000
vn -0.00000000 0.51060000 0.85980000
vn -0.00000000 0.51060000 0.85980000
vn -0.00000000 0.51060000 0.85980000
vn -0.00000000 -0.00000000 1.00000000
vn -0.00000000 -0.00000000 1.00000000
vn -0.00000000 -0.51060000 0.85980000
vn -0.00000000 -0.51060000 0.85980000
vn -0.00000000 -0.87540000 0.48340000
vn -0.00000000 -0.87540000 0.48340000
vn -0.00000000 -0.99980000 -0.01880000
vn -0.00000000 -0.99980000 -0.01880000
vn -0.00000000 -0.85910000 -0.51180000
vn -0.00000000 -0.85910000 -0.51180000
vn -0.00000000 -0.49410000 -0.86940000
vn -0.00000000 -0.49410000 -0.86940000
vn -0.22720000 -0.00000000 -0.97380000
vn -0.19760000 0.49410000 -0.84670000
vn -0.11630000 0.85910000 -0.49830000
vn -0.00430000 0.99980000 -0.01820000
vn 0.10990000 0.87530000 0.47080000
vn 0.19540000 0.51050000 0.83740000
vn 0.19540000 0.51050000 0.83740000
vn 0.22720000 -0.00000000 0.97380000
vn 0.19540000 -0.51050000 0.83740000
vn 0.10990000 -0.87530000 0.47080000
vn -0.00430000 -0.99980000 -0.01820000
vn -0.11630000 -0.85910000 -0.49830000
vn -0.19760000 -0.49410000 -0.84670000
vn -0.43950000 -0.00000000 -0.89820000
vn -0.38210000 0.49420000 -0.78090000
vn -0.22480000 0.85930000 -0.45940000
vn -0.00800000 0.99980000 -0.01640000
vn 0.21270000 0.87510000 0.43470000
vn 0.37800000 0.51020000 0.77250000
vn 0.37800000 0.51020000 0.77250000
vn 0.43950000 -0.00000000 0.89820000
vn 0.37800000 -0.51020000 0.77250000
vn 0.21270000 -0.87510000 0.43470000
vn -0.00800000 -0.99980000 -0.01640000
vn -0.22480000 -0.85930000 -0.45940000
vn -0.38210000 -0.49420000 -0.78090000
vn -0.62570000 -0.00000000 -0.78010000
vn -0.54390000 0.49430000 -0.67810000
vn -0.31990000 0.85940000 -0.39890000
vn -0.01120000 0.99980000 -0.01400000
vn 0.30300000 0.87490000 0.37780000
vn 0.53820000 0.50990000 0.67100000
vn 0.53820000 0.50990000 0.67100000
vn 0.62570000 -0.00000000 0.78010000
vn 0.53820000 -0.50990000 0.67100000
vn 0.30300000 -0.87490000 0.37780000
vn -0.01120000 -0.99980000 -0.01400000
vn -0.31990000 -0.85940000 -0.39890000
vn -0.54390000 -0.49430000 -0.67810000
vn -0.78010000 -0.00000000 -0.62570000
vn -0.67810000 0.49430000 -0.54390000
vn -0.39890000 0.85940000 -0.31990000
vn -0.01400000 0.99980000 -0.01120000
vn 0.37780000 0.87490000 0.30300000
vn 0.67100000 0.50990000 0.53820000
vn 0.67100000 0.50990000 0.53820000
vn 0.78010000 -0.00000000 0.62570000
vn 0.67100000 -0.50990000 0.53820000
vn 0.37780000 -0.87490000 0.30300000
vn -0.01400000 -0.99980000 -0.01120000
vn -0.39890000 -0.85940000 -0.31990000
vn -0.67810000 -0.49430000 -0.54390000
vn -0.89820000 -0.00000000 -0.43950000
vn -0.78090000 0.49420000 -0.38210000
vn -0.45940000 0.85930000 -0.22480000
vn -0.01640000 0.99980000 -0.00800000
vn 0.43470000 0.87510000 0.21270000
vn 0.77250000 0.51020000 0.37800000
vn 0.77250000 0.51020000 0.37800000
vn 0.89820000 -0.00000000 0.43950000
vn 0.77250000 -0.51020000 0.37800000
vn 0.43470000 -0.87510000 0.21270000
vn -0.01640000 -0.99980000 -0.00800000
vn -0.45940000 -0.85930000 -0.22480000
vn -0.78090000 -0.49420000 -0.38210000
vn -0.97380000 -0.00000000 -0.22720000
vn -0.84670000 0.49410000 -0.19760000
vn -0.49830000 0.85910000 -0.11630000
vn -0.01820000 0.99980000 -0.00430000
vn 0.47080000 0.87530000 0.10990000
vn 0.83740000 0.51050000 0.19540000
vn 0.83740000 0.51050000 0.19540000
vn 0.97380000 -0.00000000 0.22720000
vn 0.83740000 -0.51050000 0.19540000
vn 0.47080000 -0.87530000 0.10990000
vn -0.01820000 -0.99980000 -0.00430000
vn -0.49830000 -0.85910000 -0.11630000
vn -0.84670000 -0.49410000 -0.19760000
vn 0.08280000 0.99220000 0.09310000
vn 0.37730000 0.86570000 -0.32900000
vn 0.56510000 0.49190000 -0.66230000
vn 0.59300000 -0.01530000 -0.80510000
vn 0.46650000 -0.50210000 -0.72820000
vn 0.23360000 -0.84930000 -0.47350000
vn -0.05040000 -0.99260000 -0.11020000
vn -0.33040000 -0.89920000 0.28690000
vn -0.53840000 -0.56530000 0.62500000
vn -0.53840000 -0.56530000 0.62500000
vn -0.60040000 -0.06080000 0.79740000
vn -0.48590000 0.46040000 0.74290000
vn -0.23340000 0.84360000 0.48360000
vn 0.24100000 0.95230000 0.18720000
vn 0.52060000 0.82740000 -0.21060000
vn 0.66720000 0.49150000 -0.55970000
vn 0.64300000 0.02340000 -0.76550000
vn 0.45080000 -0.45680000 -0.76690000
vn 0.13650000 -0.81780000 -0.55900000
vn -0.21860000 -0.95620000 -0.19480000
vn -0.51720000 -0.82500000 0.22770000
vn -0.67140000 -0.45530000 0.58480000
vn -0.67140000 -0.45530000 0.58480000
vn -0.63470000 0.04000000 0.77170000
vn -0.42320000 0.51150000 0.74780000
vn -0.10240000 0.83920000 0.53420000
vn 0.44510000 0.82310000 0.35270000
vn 0.75840000 0.65180000 -0.00600000
vn 0.87740000 0.31470000 -0.36200000
vn 0.77310000 -0.10280000 -0.62590000
vn 0.47000000 -0.49590000 -0.73020000
vn 0.04120000 -0.76360000 -0.64440000
vn -0.40430000 -0.83060000 -0.38290000
vn -0.74340000 -0.66880000 -0.00990000
vn -0.87430000 -0.31500000 0.36920000
vn -0.87430000 -0.31500000 0.36920000
vn -0.75610000 0.12900000 0.64160000
vn -0.42690000 0.53150000 0.73160000
vn 0.01380000 0.78220000 0.62290000
vn 0.52720000 0.64740000 0.55040000
vn 0.87290000 0.37710000 0.30970000
vn 0.99990000 0.01350000 -0.00660000
vn 0.87880000 -0.35510000 -0.31890000
vn 0.53790000 -0.63720000 -0.55190000
vn 0.05530000 -0.75900000 -0.64880000
vn -0.45390000 -0.67980000 -0.57600000
vn -0.84910000 -0.40740000 -0.33620000
vn -0.99990000 -0.01060000 0.00920000
vn -0.99990000 -0.01060000 0.00920000
vn -0.85220000 0.38890000 0.34990000
vn -0.46250000 0.66830000 0.58270000
vn 0.04320000 0.75690000 0.65210000
vn 0.44430000 0.45160000 0.77370000
vn 0.72960000 0.05100000 0.68200000
vn 0.83260000 -0.36150000 0.41970000
vn 0.72950000 -0.68210000 0.05040000
vn 0.44470000 -0.83140000 -0.33310000
vn 0.04360000 -0.77180000 -0.63430000
vn -0.37800000 -0.50770000 -0.77420000
vn -0.70530000 -0.09230000 -0.70290000
vn -0.83180000 0.36000000 -0.42260000
vn -0.83180000 0.36000000 -0.42260000
vn -0.70980000 0.70420000 -0.01380000
vn -0.38280000 0.83790000 0.38920000
vn 0.04130000 0.73990000 0.67150000
vn 0.28170000 0.38130000 0.88050000
vn 0.49790000 -0.08370000 0.86320000
vn 0.58310000 -0.52570000 0.61930000
vn 0.51530000 -0.83020000 0.21260000
vn 0.31080000 -0.91650000 -0.25190000
vn 0.02210000 -0.75790000 -0.65200000
vn -0.27330000 -0.39250000 -0.87820000
vn -0.49400000 0.08180000 -0.86560000
vn -0.57910000 0.53370000 -0.61630000
vn -0.57910000 0.53370000 -0.61630000
vn -0.50680000 0.83860000 -0.19960000
vn -0.29790000 0.91570000 0.26980000
vn -0.00920000 0.74720000 0.66450000
vn 0.19540000 0.36430000 0.91060000
vn 0.44490000 -0.08790000 0.89130000
vn 0.57530000 -0.51970000 0.63170000
vn 0.54890000 -0.81200000 0.19830000
vn 0.37160000 -0.88150000 -0.29130000
vn 0.09180000 -0.70770000 -0.70050000
vn -0.21260000 -0.34110000 -0.91570000
vn -0.45800000 0.11440000 -0.88150000
vn -0.58010000 0.53580000 -0.61350000
vn -0.58010000 0.53580000 -0.61350000
vn -0.54960000 0.81440000 -0.18630000
vn -0.37620000 0.88040000 0.28860000
vn -0.10470000 0.71700000 0.68920000
vn 0.11840000 0.32190000 0.93930000
vn 0.47740000 -0.04050000 0.87770000
vn 0.71250000 -0.39880000 0.57730000
vn 0.75100000 -0.65120000 0.10920000
vn 0.57400000 -0.71790000 -0.39380000
vn 0.23490000 -0.57860000 -0.78110000
vn -0.16370000 -0.28140000 -0.94550000
vn -0.51260000 0.08500000 -0.85440000
vn -0.72540000 0.42450000 -0.54180000
vn -0.72540000 0.42450000 -0.54180000
vn -0.75130000 0.65360000 -0.09160000
vn -0.58470000 0.71610000 0.38120000
vn -0.26820000 0.59610000 0.75680000
vn 0.06670000 0.21970000 0.97330000
vn 0.51160000 -0.01170000 0.85910000
vn 0.82380000 -0.24190000 0.51270000
vn 0.91280000 -0.40770000 0.02170000
vn 0.74750000 -0.46090000 -0.47830000
vn 0.37290000 -0.38540000 -0.84410000
vn -0.10210000 -0.20360000 -0.97370000
vn -0.54420000 0.03180000 -0.83840000
vn -0.83750000 0.25680000 -0.48230000
vn -0.83750000 0.25680000 -0.48230000
vn -0.91050000 0.41340000 -0.00290000
vn -0.74800000 0.46260000 0.47590000
vn -0.39230000 0.39220000 0.83200000
vn 0.03100000 0.10520000 0.99400000
vn 0.51480000 -0.00380000 0.85730000
vn 0.86500000 -0.11280000 0.48890000
vn 0.98130000 -0.19170000 -0.01760000
vn 0.82450000 -0.21770000 -0.52230000
vn 0.43740000 -0.18290000 -0.88050000
vn -0.06780000 -0.09770000 -0.99290000
vn -0.54940000 0.01320000 -0.83540000
vn -0.88090000 0.11960000 -0.45800000
vn -0.88090000 0.11960000 -0.45800000
vn -0.98030000 0.19420000 0.03650000
vn -0.82560000 0.21830000 0.52020000
vn -0.45750000 0.18600000 0.86960000
vn 0.02720000 0.00680000 0.99960000
vn 0.52160000 0.00340000 0.85320000
vn 0.87920000 -0.00110000 0.47650000
vn 0.99950000 -0.00520000 -0.03240000
vn 0.84540000 -0.00780000 -0.53420000
vn 0.45860000 -0.00810000 -0.88860000
vn -0.05190000 -0.00600000 -0.99860000
vn -0.54510000 -0.00240000 -0.83840000
vn -0.89000000 0.00170000 -0.45590000
vn -0.89000000 0.00170000 -0.45590000
vn -0.99900000 0.00520000 0.04490000
vn -0.84620000 0.00750000 0.53290000
vn -0.47200000 0.00820000 0.88160000
vn 0.04030000 -0.03170000 0.99870000
vn 0.53330000 0.00750000 0.84590000
vn 0.88340000 0.04470000 0.46640000
vn 0.99680000 0.06990000 -0.03800000
vn 0.84310000 0.07640000 -0.53230000
vn 0.46350000 0.06240000 -0.88390000
vn -0.04030000 0.03170000 -0.99870000
vn -0.53330000 -0.00750000 -0.84590000
vn -0.88340000 -0.04470000 -0.46640000
vn -0.88340000 -0.04470000 -0.46640000
vn -0.99680000 -0.06990000 0.03800000
vn -0.84310000 -0.07640000 0.53230000
vn -0.46350000 -0.06240000 0.88390000
vn 0.17360000 -0.00000000 0.98480000
vn -0.34200000 -0.00000000 0.93970000
vn -0.76600000 -0.00000000 0.64280000
vn -0.98480000 -0.00000000 0.17360000
vn -0.93970000 -0.00000000 -0.34200000
vn -0.93970000 -0.00000000 -0.34200000
vn -0.64280000 -0.00000000 -0.76600000
vn -0.17360000 -0.00000000 -0.98480000
vn 0.34200000 -0.00000000 -0.93970000
vn 0.76600000 -0.00000000 -0.64280000
vn 0.98480000 -0.00000000 -0.17360000
vn 0.93970000 -0.00000000 0.34200000
vn 0.64280000 -0.00000000 0.76600000
vn -0.00000000 1.00000000 -0.00000000
vn 0.98480000 -0.00000000 -0.17360000
vn 0.93970000 -0.00000000 0.34200000
vn -0.00000000 1.00000000 -0.00000000
vn 0.76600000 -0.00000000 -0.64280000
vn -0.00000000 1.00000000 -0.00000000
vn 0.34200000 -0.00000000 -0.93970000
vn -0.00000000 1.00000000 -0.00000000
vn -0.00000000 1.00000000 -0.00000000
vn -0.17370000 -0.00000000 -0.98480000
vn -0.00000000 1.00000000 -0.00000000
vn -0.64280000 -0.00000000 -0.76600000
vn -0.93970000 -0.00000000 -0.34200000
vn -0.00000000 1.00000000 -0.00000000
vn -0.00000000 1.00000000 -0.00000000
vn -0.93970000 -0.00000000 -0.34200000
vn -0.98480000 -0.00000000 0.17370000
vn -0.00000000 1.00000000 -0.00000000
vn -0.00000000 1.00000000 -0.00000000
vn -0.76600000 -0.00000000 0.64280000
vn -0.00000000 1.00000000 -0.00000000
vn -0.34200000 -0.00000000 0.93970000
vn 0.17360000 -0.00000000 0.98480000
vn -0.00000000 1.00000000 -0.00000000
vn -0.00000000 1.00000000 -0.00000000
vn 0.64280000 -0.00000000 0.76600000
vn -0.00000000 1.00000000 -0.00000000
vn -0.70860000 0.01240000 -0.70550000
vn -0.96670000 -0.01280000 -0.25550000
vn -0.00000000 1.00000000 -0.00000000
vn -0.96670000 -0.01280000 -0.25550000
vn -0.00000000 1.00000000 -0.00000000
vn -0.96370000 -0.03560000 0.26450000
vn -0.00000000 1.00000000 -0.00000000
vn -0.69830000 -0.05000000 0.71410000
vn -0.00000000 1.00000000 -0.00000000
vn -0.00000000 1.00000000 -0.00000000
vn -0.24220000 -0.05120000 0.96890000
vn 0.69410000 0.06930000 -0.71650000
vn -0.00000000 1.00000000 -0.00000000
vn 0.95960000 0.06210000 -0.27450000
vn -0.00000000 1.00000000 -0.00000000
vn 0.24770000 0.05760000 -0.96710000
vn -0.00000000 1.00000000 -0.00000000
vn -0.00000000 1.00000000 -0.00000000
vn -0.26280000 0.03620000 -0.96420000
vn 0.27580000 -0.03630000 0.96050000
vn -0.00000000 1.00000000 -0.00000000
vn 0.71850000 -0.00470000 0.69550000
vn -0.00000000 1.00000000 -0.00000000
vn 0.96940000 0.03390000 0.24320000
vn -0.00000000 1.00000000 -0.00000000
vn 0.22780000 0.02950000 -0.97330000
vn -0.28670000 0.06180000 -0.95600000
vn 0.21830000 -0.02360000 -0.97560000
vn -0.27960000 0.11490000 -0.95320000
vn 0.19000000 -0.08090000 -0.97840000
vn -0.25980000 0.17120000 -0.95040000
vn 0.18350000 -0.12380000 -0.97520000
vn -0.22480000 0.19400000 -0.95490000
vn 0.21960000 -0.10530000 -0.96990000
vn -0.21410000 0.17560000 -0.96090000
vn 0.28560000 0.00810000 -0.95830000
vn -0.21070000 0.12150000 -0.97000000
vn 0.28120000 0.18500000 -0.94160000
vn -0.21540000 0.06340000 -0.97450000
vn 0.20220000 0.34310000 -0.91730000
vn -0.18750000 0.01680000 -0.98210000
vn 0.13130000 0.39790000 -0.90800000
vn -0.17580000 -0.01970000 -0.98420000
vn 0.56370000 0.81550000 -0.13120000
vn 0.40040000 0.69830000 -0.59330000
vn 0.53690000 0.57360000 -0.61860000
vn 0.73460000 0.65830000 -0.16430000
vn 0.69970000 0.25690000 -0.66660000
vn 0.93850000 0.26300000 -0.22350000
vn 0.70500000 -0.10510000 -0.70140000
vn 0.94430000 -0.19090000 -0.26800000
vn 0.59320000 -0.35530000 -0.72240000
vn 0.80970000 -0.51090000 -0.28860000
vn 0.54280000 -0.40880000 -0.73370000
vn 0.75630000 -0.58410000 -0.29460000
vn 0.59320000 -0.31380000 -0.74140000
vn 0.83580000 -0.46210000 -0.29640000
vn 0.66130000 -0.15680000 -0.73350000
vn 0.92510000 -0.24760000 -0.28800000
vn 0.68570000 -0.00740000 -0.72790000
vn 0.95910000 -0.04150000 -0.28010000
vn 0.96670000 -0.06600000 0.24720000
vn 0.70650000 -0.07370000 0.70380000
vn 0.25650000 -0.05920000 0.96470000
vn -0.25810000 -0.02500000 0.96580000
vn -0.70200000 0.01740000 0.71190000
vn -0.67830000 0.16280000 0.71650000
vn -0.25030000 0.03360000 0.96760000
vn -0.61200000 0.32460000 0.72120000
vn -0.22530000 0.10010000 0.96910000
vn -0.54580000 0.41060000 0.73050000
vn -0.18820000 0.12720000 0.97390000
vn -0.57530000 0.35400000 0.73740000
vn -0.19200000 0.09130000 0.97710000
vn -0.66620000 0.10000000 0.73910000
vn -0.21350000 -0.02470000 0.97660000
vn -0.66720000 -0.25520000 0.69980000
vn -0.21720000 -0.17130000 0.96100000
vn -0.50110000 -0.56570000 0.65490000
vn -0.14620000 -0.30040000 0.94250000
vn -0.37460000 -0.69590000 0.61270000
vn -0.10250000 -0.36860000 0.92390000
vn -0.53900000 -0.83160000 0.13400000
vn -0.55850000 -0.73730000 -0.38020000
vn -0.55850000 -0.73730000 -0.38020000
vn -0.42800000 -0.43890000 -0.79010000
vn -0.72840000 -0.58270000 -0.36050000
vn -0.72840000 -0.58270000 -0.36050000
vn -0.53070000 -0.32350000 -0.78340000
vn -0.93150000 -0.20310000 -0.30160000
vn -0.93150000 -0.20310000 -0.30160000
vn -0.66250000 -0.07900000 -0.74490000
vn -0.93480000 0.24100000 -0.26070000
vn -0.93480000 0.24100000 -0.26070000
vn -0.66060000 0.20900000 -0.72110000
vn -0.80790000 0.54250000 -0.23010000
vn -0.80790000 0.54250000 -0.23010000
vn -0.59230000 0.41370000 -0.69140000
vn -0.76700000 0.60170000 -0.22290000
vn -0.76700000 0.60170000 -0.22290000
vn -0.57250000 0.45920000 -0.67920000
vn -0.84730000 0.48290000 -0.22100000
vn -0.84730000 0.48290000 -0.22100000
vn -0.63720000 0.37650000 -0.67250000
vn -0.93520000 0.27040000 -0.22880000
vn -0.93520000 0.27040000 -0.22880000
vn -0.69990000 0.22190000 -0.67890000
vn -0.96820000 0.07810000 -0.23780000
vn -0.96820000 0.07810000 -0.23780000
vn -0.72280000 0.08030000 -0.68630000
vn -0.96060000 0.05520000 0.27240000
vn -0.92730000 0.24880000 0.27980000
vn -0.83810000 0.46400000 0.28690000
vn -0.75730000 0.58390000 0.29260000
vn -0.80110000 0.52120000 0.29430000
vn -0.93790000 0.20060000 0.28290000
vn -0.93430000 -0.26890000 0.23410000
vn -0.71780000 -0.67420000 0.17360000
vn 0.20360000 0.05500000 0.97750000
vn 0.45460000 0.45420000 0.76620000
vn 0.58390000 0.72740000 0.36060000
vn 0.74540000 0.57880000 0.33070000
vn 0.56730000 0.35410000 0.74350000
vn 0.93960000 0.20290000 0.27570000
vn 0.70220000 0.09130000 0.70610000
vn 0.94500000 -0.22900000 0.23340000
vn 0.70640000 -0.20990000 0.67600000
vn 0.81620000 -0.53440000 0.21960000
vn 0.61040000 -0.41880000 0.67230000
vn 0.76620000 -0.60230000 0.22390000
vn 0.56990000 -0.45820000 0.68210000
vn 0.84490000 -0.48130000 0.23330000
vn 0.61820000 -0.36630000 0.69550000
vn 0.93290000 -0.27000000 0.23840000
vn 0.68260000 -0.21750000 0.69760000
vn 0.24760000 -0.10570000 0.96310000
vn 0.22430000 -0.15240000 0.96250000
vn 0.22030000 -0.19090000 0.95660000
vn 0.24270000 -0.19140000 0.95100000
vn 0.28650000 -0.13670000 0.94830000
vn 0.28270000 -0.04450000 0.95820000
vn 0.24360000 0.03600000 0.96920000
vn 0.17960000 0.98280000 -0.04350000
vn 0.15370000 0.83620000 -0.52640000
vn 0.08770000 0.47410000 -0.87610000
vn -0.00160000 -0.01670000 -0.99990000
vn -0.08990000 -0.50900000 -0.85610000
vn -0.15260000 -0.86520000 -0.47760000
vn -0.17300000 -0.98440000 0.03210000
vn -0.17300000 -0.98440000 0.03210000
vn -0.14680000 -0.83350000 0.53270000
vn -0.08070000 -0.45370000 0.88750000
vn 0.00830000 0.05070000 0.99870000
vn 0.09630000 0.53860000 0.83710000
vn 0.15890000 0.87700000 0.45350000
vn 0.35490000 0.93410000 -0.03790000
vn 0.33460000 0.78650000 -0.51920000
vn 0.22810000 0.43860000 -0.86920000
vn 0.06230000 -0.02440000 -0.99780000
vn -0.12040000 -0.48690000 -0.86510000
vn -0.27180000 -0.82500000 -0.49550000
vn -0.34880000 -0.93700000 0.01840000
vn -0.34880000 -0.93700000 0.01840000
vn -0.32720000 -0.78200000 0.53060000
vn -0.21320000 -0.40450000 0.88930000
vn -0.04140000 0.08060000 0.99590000
vn 0.14000000 0.53570000 0.83270000
vn 0.28420000 0.84430000 0.45430000
vn 0.66680000 0.74520000 0.01070000
vn 0.65510000 0.59200000 -0.46950000
vn 0.47660000 0.28780000 -0.83070000
vn 0.17470000 -0.09190000 -0.98030000
vn -0.17630000 -0.45190000 -0.87450000
vn -0.48510000 -0.69580000 -0.52970000
vn -0.66240000 -0.74850000 -0.03050000
vn -0.66240000 -0.74850000 -0.03050000
vn -0.65120000 -0.58680000 0.48130000
vn -0.45400000 -0.25790000 0.85290000
vn -0.13320000 0.13770000 0.98150000
vn 0.21820000 0.48930000 0.84440000
vn 0.50850000 0.70870000 0.48900000
vn 0.89100000 0.44160000 0.10570000
vn 0.88670000 0.27700000 -0.37020000
vn 0.65750000 0.04170000 -0.75230000
vn 0.25910000 -0.20520000 -0.94380000
vn -0.21150000 -0.40080000 -0.89140000
vn -0.63390000 -0.49100000 -0.59750000
vn -0.88630000 -0.44460000 -0.12970000
vn -0.88630000 -0.44460000 -0.12970000
vn -0.88470000 -0.26930000 0.38060000
vn -0.62760000 -0.01760000 0.77830000
vn -0.19960000 0.23500000 0.95130000
vn 0.27340000 0.42010000 0.86530000
vn 0.66880000 0.49410000 0.55550000
vn 0.96580000 0.14250000 0.21650000
vn 0.96520000 -0.03560000 -0.25900000
vn 0.71530000 -0.20440000 -0.66820000
vn 0.27780000 -0.32090000 -0.90550000
vn -0.23730000 -0.35320000 -0.90490000
vn -0.69360000 -0.28970000 -0.65960000
vn -0.96240000 -0.14480000 -0.22990000
vn -0.96240000 -0.14480000 -0.22990000
vn -0.96320000 0.04110000 0.26560000
vn -0.69540000 0.21480000 0.68580000
vn -0.23850000 0.32820000 0.91400000
vn 0.27800000 0.35280000 0.89340000
vn 0.71640000 0.28440000 0.63710000
vn 0.95780000 -0.02630000 0.28610000
vn 0.95880000 -0.20750000 -0.19380000
vn 0.70700000 -0.33420000 -0.62330000
vn 0.26680000 -0.37260000 -0.88880000
vn -0.24680000 -0.31150000 -0.91770000
vn -0.69590000 -0.16580000 -0.69870000
vn -0.95700000 0.02550000 -0.28890000
vn -0.95700000 0.02550000 -0.28890000
vn -0.95700000 0.21010000 0.20000000
vn -0.69640000 0.33700000 0.63360000
vn -0.24850000 0.37240000 0.89420000
vn 0.26400000 0.30790000 0.91400000
vn 0.70440000 0.16200000 0.69100000
vn 0.94140000 -0.10800000 0.31950000
vn 0.94570000 -0.27920000 -0.16660000
vn 0.69820000 -0.37630000 -0.60910000
vn 0.26320000 -0.37300000 -0.88970000
vn -0.24360000 -0.26930000 -0.93170000
vn -0.68560000 -0.09270000 -0.72210000
vn -0.94220000 0.10910000 -0.31680000
vn -0.94220000 0.10910000 -0.31680000
vn -0.94370000 0.28130000 0.17390000
vn -0.69090000 0.37730000 0.61670000
vn -0.25340000 0.37190000 0.89300000
vn 0.25080000 0.26720000 0.93040000
vn 0.68740000 0.09170000 0.72050000
vn 0.92420000 -0.17380000 0.33990000
vn 0.93150000 -0.33140000 -0.14990000
vn 0.69150000 -0.40120000 -0.60070000
vn 0.26650000 -0.36430000 -0.89240000
vn -0.23130000 -0.22940000 -0.94540000
vn -0.66800000 -0.03230000 -0.74350000
vn -0.92430000 0.17390000 -0.33970000
vn -0.92430000 0.17390000 -0.33970000
vn -0.92990000 0.33290000 0.15630000
vn -0.68390000 0.40160000 0.60910000
vn -0.25460000 0.36200000 0.89670000
vn 0.24150000 0.22570000 0.94380000
vn 0.67220000 0.02980000 0.73970000
vn 0.90030000 -0.24360000 0.36070000
vn 0.91030000 -0.39220000 -0.13200000
vn 0.67880000 -0.43700000 -0.59020000
vn 0.26570000 -0.36530000 -0.89210000
vn -0.21970000 -0.19550000 -0.95580000
vn -0.64720000 0.02750000 -0.76180000
vn -0.90020000 0.24340000 -0.36120000
vn -0.90020000 0.24340000 -0.36120000
vn -0.90910000 0.39340000 0.13740000
vn -0.67200000 0.43670000 0.59810000
vn -0.25460000 0.36230000 0.89660000
vn 0.22970000 0.19120000 0.95430000
vn 0.65170000 -0.03040000 0.75780000
vn 0.87330000 -0.30650000 0.37860000
vn 0.88630000 -0.44830000 -0.11630000
vn 0.66370000 -0.47120000 -0.58090000
vn 0.26370000 -0.36840000 -0.89150000
vn -0.20800000 -0.16660000 -0.96380000
vn -0.62470000 0.08060000 -0.77670000
vn -0.87320000 0.30640000 -0.37910000
vn -0.87320000 0.30640000 -0.37910000
vn -0.88520000 0.44920000 0.12120000
vn -0.65790000 0.47040000 0.58810000
vn -0.25420000 0.36510000 0.89560000
vn 0.21660000 0.16230000 0.96270000
vn 0.62870000 -0.08330000 0.77320000
vn 0.85910000 -0.33550000 0.38660000
vn 0.87340000 -0.47430000 -0.11050000
vn 0.65460000 -0.48670000 -0.57850000
vn 0.26050000 -0.36890000 -0.89220000
vn -0.20390000 -0.15200000 -0.96710000
vn -0.61390000 0.10590000 -0.78220000
vn -0.85900000 0.33550000 -0.38680000
vn -0.85900000 0.33550000 -0.38680000
vn -0.87280000 0.47480000 0.11280000
vn -0.65190000 0.48630000 0.58180000
vn -0.25620000 0.36720000 0.89420000
vn 0.20780000 0.14990000 0.96660000
vn 0.61570000 -0.10720000 0.78060000
vn 0.20390000 0.90780000 -0.36640000
vn -0.26210000 0.79880000 -0.54160000
vn -0.66180000 0.48010000 -0.57570000
vn -0.88850000 0.03100000 -0.45790000
vn -0.87620000 -0.43020000 -0.21720000
vn -0.62510000 -0.77620000 0.08200000
vn -0.20360000 -0.91090000 0.35900000
vn -0.20360000 -0.91090000 0.35900000
vn 0.27310000 -0.79680000 0.53900000
vn 0.67540000 -0.46520000 0.57220000
vn 0.89380000 -0.00820000 0.44840000
vn 0.87070000 0.44790000 0.20300000
vn 0.61720000 0.78110000 -0.09520000
vn 0.27070000 0.82320000 -0.49910000
vn -0.19640000 0.72130000 -0.66420000
vn -0.61420000 0.43410000 -0.65900000
vn -0.87530000 0.03210000 -0.48260000
vn -0.90650000 -0.38360000 -0.17630000
vn -0.68950000 -0.70100000 0.18220000
vn -0.27540000 -0.82500000 0.49350000
vn -0.27540000 -0.82500000 0.49350000
vn 0.21820000 -0.71400000 0.66520000
vn 0.64610000 -0.40260000 0.64840000
vn 0.89090000 0.01430000 0.45390000
vn 0.89610000 0.42100000 0.14090000
vn 0.66870000 0.71440000 -0.20620000
vn 0.39040000 0.58050000 -0.71460000
vn -0.08500000 0.49640000 -0.86390000
vn -0.53990000 0.28490000 -0.79210000
vn -0.85770000 -0.00220000 -0.51410000
vn -0.95160000 -0.29210000 -0.09590000
vn -0.78590000 -0.50610000 0.35520000
vn -0.39660000 -0.58000000 0.71160000
vn -0.39660000 -0.58000000 0.71160000
vn 0.10700000 -0.48870000 0.86590000
vn 0.57600000 -0.26050000 0.77480000
vn 0.88040000 0.03590000 0.47290000
vn 0.94650000 0.31880000 0.04970000
vn 0.76630000 0.51620000 -0.38240000
vn 0.47010000 0.29160000 -0.83300000
vn -0.01230000 0.22600000 -0.97410000
vn -0.49260000 0.10180000 -0.86430000
vn -0.84760000 -0.04980000 -0.52830000
vn -0.98070000 -0.18930000 -0.04810000
vn -0.84770000 -0.27830000 0.45150000
vn -0.47660000 -0.29020000 0.82990000
vn -0.47660000 -0.29020000 0.82990000
vn 0.02970000 -0.22050000 0.97490000
vn 0.52470000 -0.08980000 0.84650000
vn 0.87040000 0.06430000 0.48810000
vn 0.97980000 0.19980000 0.00360000
vn 0.83210000 0.28230000 -0.47750000
vn 0.50750000 0.04610000 -0.86040000
vn 0.02050000 -0.01060000 -0.99970000
vn -0.47270000 -0.06460000 -0.87890000
vn -0.84400000 -0.10170000 -0.52670000
vn -0.99320000 -0.11190000 -0.03160000
vn -0.87460000 -0.09170000 0.47610000
vn -0.51450000 -0.04590000 0.85620000
vn -0.51450000 -0.04590000 0.85620000
vn -0.01080000 0.01260000 0.99990000
vn 0.49440000 0.06750000 0.86660000
vn 0.86110000 0.10370000 0.49780000
vn 0.99370000 0.11220000 -0.00160000
vn 0.86300000 0.09100000 -0.49700000
vn 0.52510000 -0.11930000 -0.84260000
vn 0.03490000 -0.16580000 -0.98550000
vn -0.46560000 -0.16870000 -0.86870000
vn -0.84440000 -0.12680000 -0.52060000
vn -0.99820000 -0.05050000 -0.03090000
vn -0.88210000 0.03980000 0.46950000
vn -0.52460000 0.11960000 0.84290000
vn -0.52460000 0.11960000 0.84290000
vn -0.02370000 0.16660000 0.98570000
vn 0.48210000 0.16810000 0.85980000
vn 0.85550000 0.12430000 0.50260000
vn 0.99880000 0.04760000 0.01300000
vn 0.87730000 -0.04140000 -0.47820000
vn 0.52900000 -0.25000000 -0.81090000
vn 0.03960000 -0.26620000 -0.96310000
vn -0.46220000 -0.21200000 -0.86110000
vn -0.84310000 -0.10090000 -0.52820000
vn -0.99800000 0.03810000 -0.05050000
vn -0.88070000 0.16730000 0.44310000
vn -0.52160000 0.25070000 0.81550000
vn -0.52160000 0.25070000 0.81550000
vn -0.02060000 0.26520000 0.96400000
vn 0.48350000 0.20780000 0.85030000
vn 0.85510000 0.09500000 0.50960000
vn 0.99850000 -0.04240000 0.03560000
vn 0.87890000 -0.16820000 -0.44630000
vn 0.51190000 -0.39890000 -0.76080000
vn 0.03040000 -0.36530000 -0.93040000
vn -0.46140000 -0.23530000 -0.85540000
vn -0.83340000 -0.04140000 -0.55120000
vn -0.98170000 0.16520000 -0.09470000
vn -0.86040000 0.32740000 0.39050000
vn -0.50090000 0.39920000 0.76790000
vn -0.50090000 0.39920000 0.76790000
vn -0.00500000 0.36090000 0.93260000
vn 0.48870000 0.22490000 0.84290000
vn 0.84820000 0.02980000 0.52890000
vn 0.98200000 -0.17210000 0.07730000
vn 0.85890000 -0.32840000 -0.39310000
vn 0.46660000 -0.54700000 -0.69500000
vn -0.00160000 -0.46500000 -0.88530000
vn -0.47130000 -0.25990000 -0.84280000
vn -0.81790000 0.01590000 -0.57510000
vn -0.94540000 0.28920000 -0.15000000
vn -0.81470000 0.48470000 0.31840000
vn -0.45940000 0.54690000 0.69990000
vn -0.45940000 0.54690000 0.69990000
vn 0.02120000 0.45890000 0.88830000
vn 0.49330000 0.24660000 0.83410000
vn 0.83010000 -0.03020000 0.55680000
vn 0.94530000 -0.29750000 0.13360000
vn 0.81210000 -0.48590000 -0.32320000
vn 0.40010000 -0.68330000 -0.61080000
vn -0.04750000 -0.56220000 -0.82560000
vn -0.48460000 -0.29240000 -0.82440000
vn -0.79540000 0.05760000 -0.60330000
vn -0.89270000 0.39490000 -0.21710000
vn -0.74520000 0.62550000 0.23110000
vn -0.39130000 0.68340000 0.61630000
vn -0.39130000 0.68340000 0.61630000
vn 0.06940000 0.55250000 0.83060000
vn 0.50820000 0.27200000 0.81720000
vn 0.80760000 -0.07900000 0.58450000
vn 0.89180000 -0.40650000 0.19880000
vn 0.74250000 -0.62640000 -0.23720000
vn 0.35500000 -0.74840000 -0.56020000
vn -0.08030000 -0.60750000 -0.79020000
vn -0.49710000 -0.30470000 -0.81240000
vn -0.78290000 0.08210000 -0.61670000
vn -0.85730000 0.44840000 -0.25300000
vn -0.69800000 0.69310000 0.18000000
vn -0.34840000 0.74860000 0.56400000
vn -0.34840000 0.74860000 0.56400000
vn 0.09600000 0.60000000 0.79420000
vn 0.51360000 0.28850000 0.80810000
vn 0.79100000 -0.09910000 0.60380000
vn 0.85620000 -0.45760000 0.24000000
vn 0.69630000 -0.69360000 -0.18460000
vt 0.95983200 0.79134400
vt 0.95983200 0.79134400
vt 0.95718600 0.79046100
vt 0.95718600 0.79046100
vt 0.95448100 0.78973700
vt 0.95448100 0.78973700
vt 0.95173400 0.78917400
vt 0.95173400 0.78917400
vt 0.94895800 0.78877300
vt 0.94895800 0.78877300
vt 0.94616400 0.78853600
vt 0.94616400 0.78853600
vt 0.94336600 0.78846400
vt 0.94336600 0.78846400
vt 0.94057600 0.78856100
vt 0.94057600 0.78856100
vt 0.93781000 0.78882900
vt 0.93781000 0.78882900
vt 0.93508700 0.78927100
vt 0.93508700 0.78927100
vt 0.93243300 0.78988300
vt 0.93243300 0.78988300
vt 0.92988300 0.79065800
vt 0.92988300 0.79065800
vt 0.92747900 0.79157600
vt 0.92747900 0.79157600
vt 0.97128700 0.79783600
vt 0.92524200 0.79262100
vt 0.92524200 0.79262100
vt 0.97128700 0.79783600
vt 0.96933200 0.79632200
vt 0.96933200 0.79632200
vt 0.96718500 0.79489500
vt 0.96718500 0.79489500
vt 0.96486100 0.79357300
vt 0.96486100 0.79357300
vt 0.96239800 0.79238400
vt 0.96239800 0.79238400
vt 0.27898900 0.71143500
vt 0.17038500 0.56662700
vt 0.27899600 0.71964200
vt 0.16764300 0.57436100
vt 0.16557000 0.58230000
vt 0.28181100 0.72735300
vt 0.28709500 0.73363900
vt 0.16418100 0.59038600
vt 0.29421100 0.73774200
vt 0.16348600 0.59856000
vt 0.16349100 0.60676400
vt 0.30229600 0.73916600
vt 0.16419400 0.61493800
vt 0.31039200 0.73774000
vt 0.31750700 0.73363500
vt 0.16559200 0.62302300
vt 0.16767400 0.63096000
vt 0.32278900 0.72734600
vt 0.32560000 0.71963200
vt 0.17042500 0.63869100
vt 0.17382400 0.64616200
vt 0.32560400 0.71142400
vt 0.17784800 0.65331600
vt 0.32279800 0.70371100
vt 0.31752300 0.69742300
vt 0.18246700 0.66010300
vt 0.31033100 0.69333500
vt 0.31041500 0.69331900
vt 0.19327800 0.53292100
vt 0.18764700 0.66647400
vt 0.30224800 0.69190900
vt 0.18758000 0.53883300
vt 0.18240600 0.54520700
vt 0.29416700 0.69333300
vt 0.28706200 0.69743600
vt 0.17779400 0.55199700
vt 0.17377700 0.55915500
vt 0.28179000 0.70372300
vt 0.17997500 0.57049600
vt 0.41138700 0.84807900
vt 0.89975200 0.42312000
vt 0.53541500 0.51419300
vt 0.96386700 0.78103400
vt 0.77362000 0.74105100
vt 0.77722400 0.73932600
vt 0.96050200 0.77990200
vt 0.18189900 0.73643300
vt 0.58680500 0.47699100
vt 0.40920500 0.85507400
vt 0.17752700 0.57739800
vt 0.95709900 0.77898700
vt 0.78021000 0.73667000
vt 0.58232200 0.48067100
vt 0.18437700 0.73119100
vt 0.40494900 0.86103900
vt 0.17567700 0.58448300
vt 0.95366500 0.77828100
vt 0.78234600 0.73329400
vt 0.57908800 0.48548600
vt 0.18605900 0.72564200
vt 0.17443700 0.59170000
vt 0.39904500 0.86538000
vt 0.95020400 0.77778100
vt 0.78346500 0.72946000
vt 0.57738600 0.49102900
vt 0.18690700 0.71990600
vt 0.39207800 0.86765200
vt 0.17381700 0.59899500
vt 0.78346500 0.72546600
vt 0.94671900 0.77748700
vt 0.18690400 0.71410800
vt 0.57738600 0.49682800
vt 0.38475000 0.86765200
vt 0.17382100 0.60631800
vt 0.94321500 0.77740000
vt 0.78236200 0.72162700
vt 0.18604800 0.70837300
vt 0.57904700 0.50238500
vt 0.17444900 0.61361300
vt 0.37779500 0.86534400
vt 0.78023500 0.71824700
vt 0.93969600 0.77752900
vt 0.58225300 0.50721700
vt 0.18436000 0.70282600
vt 0.37190300 0.86098500
vt 0.17569700 0.62082900
vt 0.77725000 0.71559300
vt 0.93616400 0.77788000
vt 0.58672500 0.51090700
vt 0.18187500 0.69758700
vt 0.36765900 0.85501000
vt 0.17755500 0.62791300
vt 0.77364400 0.71387400
vt 0.93262300 0.77846800
vt 0.17864800 0.69276900
vt 0.59207700 0.51313700
vt 0.18001000 0.63481300
vt 0.36548200 0.84801200
vt 0.76970300 0.71323100
vt 0.92907700 0.77931300
vt 0.59784700 0.51370800
vt 0.17474900 0.68847700
vt 0.36559700 0.84068500
vt 0.18304500 0.64148100
vt 0.92553000 0.78044700
vt 0.76573800 0.71371500
vt 0.17026200 0.68480200
vt 0.60353300 0.51256900
vt 0.36799900 0.83376200
vt 0.18663700 0.64786800
vt 0.76206300 0.71528300
vt 0.92200700 0.78194400
vt 0.60864100 0.50982400
vt 0.16528500 0.68182500
vt 0.19076000 0.65392700
vt 0.37244600 0.82793700
vt 0.75658000 0.73398300
vt 0.97960400 0.79087200
vt 0.91865500 0.78400500
vt 0.75896600 0.71780800
vt 0.61571100 0.48709400
vt 0.61273600 0.50571600
vt 0.15434300 0.75584500
vt 0.15992400 0.67960900
vt 0.20041100 0.54040700
vt 0.19538500 0.65961500
vt 0.39133400 0.82184600
vt 0.37848700 0.82378700
vt 0.97678500 0.78812600
vt 0.75889300 0.73724200
vt 0.61291300 0.48201200
vt 0.15996900 0.75443400
vt 0.19532400 0.54568600
vt 0.39837500 0.82388100
vt 0.76201700 0.73973600
vt 0.97367500 0.78589100
vt 0.16532700 0.75221300
vt 0.60876600 0.47795600
vt 0.40443100 0.82800800
vt 0.19070500 0.55137600
vt 0.76570800 0.74126700
vt 0.97046400 0.78400300
vt 0.17030100 0.74923000
vt 0.60362600 0.47526700
vt 0.40888100 0.83382900
vt 0.18658700 0.55743700
vt 0.96719000 0.78239500
vt 0.76968000 0.74171600
vt 0.53392900 0.52010000
vt 0.89452300 0.42000100
vt 0.18300200 0.56382600
vt 0.41128000 0.84075200
vt 0.32247400 0.62823900
vt 0.48921600 0.01815200
vt 0.32390400 0.62014600
vt 0.49690500 0.01528800
vt 0.50483800 0.01319000
vt 0.32801500 0.61304000
vt 0.51293700 0.01187900
vt 0.33430900 0.60776700
vt 0.34202900 0.60496100
vt 0.52112600 0.01136600
vt 0.35024400 0.60496300
vt 0.52932600 0.01165700
vt 0.53745700 0.01274800
vt 0.35796400 0.60777200
vt 0.36425800 0.61304900
vt 0.54544400 0.01463100
vt 0.55320900 0.01728500
vt 0.36836800 0.62015900
vt 0.36979800 0.62823900
vt 0.56067700 0.02068700
vt 0.56777800 0.02480300
vt 0.36837700 0.63632600
vt 0.36427500 0.64343500
vt 0.57444300 0.02959400
vt 0.58060900 0.03501300
vt 0.35798900 0.64871000
vt 0.35020100 0.65149700
vt 0.35027500 0.65151800
vt 0.58621800 0.04101000
vt 0.45686100 0.04276300
vt 0.46230500 0.03661700
vt 0.34199200 0.65149800
vt 0.46832300 0.03103200
vt 0.33428000 0.64869100
vt 0.32799500 0.64341600
vt 0.47485600 0.02606300
vt 0.48184200 0.02175500
vt 0.32389400 0.63630900
vt 0.27757600 0.71118600
vt 0.05673500 0.41348400
vt 0.05673400 0.42218800
vt 0.27758300 0.71989100
vt 0.28056900 0.72807000
vt 0.05673300 0.43089400
vt 0.05667600 0.43959900
vt 0.28617300 0.73473800
vt 0.29372000 0.73909000
vt 0.05663500 0.44829800
vt 0.05663400 0.45699600
vt 0.30229600 0.74060000
vt 0.31088300 0.73908700
vt 0.05667900 0.46569400
vt 0.05675000 0.47439900
vt 0.31842900 0.73473300
vt 0.32403100 0.72806300
vt 0.05675100 0.48310700
vt 0.32701300 0.71988100
vt 0.05675200 0.49181200
vt 0.32701600 0.71117500
vt 0.05675300 0.50051800
vt 0.05675500 0.50922100
vt 0.32404100 0.70299300
vt 0.31844500 0.69632400
vt 0.05687300 0.51792400
vt 0.05700100 0.52663500
vt 0.31090500 0.69197100
vt 0.05692300 0.36994500
vt 0.31082200 0.69198700
vt 0.05687600 0.37865800
vt 0.30224800 0.69047500
vt 0.05681100 0.38737000
vt 0.29367600 0.69198500
vt 0.05673700 0.39607500
vt 0.28614000 0.69633800
vt 0.28054800 0.70300600
vt 0.05673600 0.40477800
vt 0.05492900 0.42218800
vt 0.32255700 0.61965600
vt 0.32103900 0.62823900
vt 0.05493000 0.41348400
vt 0.05493100 0.40477800
vt 0.32254700 0.63680000
vt 0.32689600 0.64433800
vt 0.05493200 0.39606700
vt 0.05500600 0.38735500
vt 0.33356300 0.64993300
vt 0.34174300 0.65291000
vt 0.05507100 0.37864700
vt 0.05519600 0.52666100
vt 0.05511800 0.36993500
vt 0.35052400 0.65293000
vt 0.35045000 0.65291000
vt 0.05506800 0.51794900
vt 0.35870600 0.64995300
vt 0.36537400 0.64435600
vt 0.05495000 0.50923300
vt 0.05494800 0.50051900
vt 0.36972400 0.63681700
vt 0.05494700 0.49181200
vt 0.37123300 0.62823900
vt 0.36971600 0.61966800
vt 0.05494600 0.48310700
vt 0.36535700 0.61212700
vt 0.05494500 0.47440600
vt 0.05487400 0.46570600
vt 0.35868100 0.60652900
vt 0.35049300 0.60355000
vt 0.05482900 0.45700000
vt 0.05483000 0.44829800
vt 0.34178000 0.60354900
vt 0.05487100 0.43958900
vt 0.33359200 0.60652400
vt 0.05492800 0.43088800
vt 0.32691600 0.61211800
vt 0.06904200 0.80558800
vt 0.99666300 0.79457500
vt 0.07108900 0.80458800
vt 0.99627600 0.79676700
vt 0.07325000 0.80386300
vt 0.99516400 0.79869300
vt 0.99345900 0.80012300
vt 0.07548800 0.80342500
vt 0.99136900 0.80088400
vt 0.07776500 0.80328200
vt 0.98914400 0.80088400
vt 0.08004000 0.80343700
vt 0.08227500 0.80388700
vt 0.98705300 0.80012300
vt 0.98534800 0.79869300
vt 0.08443000 0.80462400
vt 0.98423600 0.79676700
vt 0.08646900 0.80563500
vt 0.08835500 0.80690000
vt 0.98385000 0.79457500
vt 0.98423600 0.79238400
vt 0.09005700 0.80839500
vt 0.09154300 0.81009100
vt 0.98534900 0.79045800
vt 0.09278200 0.81195800
vt 0.98705300 0.78902700
vt 0.98914400 0.78826600
vt 0.06170700 0.81388000
vt 0.09374500 0.81396800
vt 0.99136900 0.78826600
vt 0.06268300 0.81187600
vt 0.06393500 0.81001600
vt 0.99345900 0.78902700
vt 0.99516400 0.79045700
vt 0.06543400 0.80832900
vt 0.99627600 0.79238400
vt 0.06714600 0.80684300
vt 0.48624800 0.67845100
vt 0.49375800 0.02873400
vt 0.05655000 0.78385600
vt 0.06282100 0.79477500
vt 0.48189900 0.68404200
vt 0.50039100 0.02626400
vt 0.06155000 0.78140500
vt 0.06633900 0.79305200
vt 0.50723300 0.02445400
vt 0.47596600 0.68791100
vt 0.06682500 0.77962900
vt 0.07005100 0.79180400
vt 0.46909400 0.68963200
vt 0.51421900 0.02332300
vt 0.07228700 0.77855800
vt 0.07389500 0.79105000
vt 0.52128200 0.02288000
vt 0.46203800 0.68901700
vt 0.07784100 0.77821000
vt 0.07780300 0.79080500
vt 0.52835400 0.02313100
vt 0.45556700 0.68613600
vt 0.08339300 0.77859100
vt 0.08170900 0.79107300
vt 0.53536800 0.02407300
vt 0.45039300 0.68129800
vt 0.08884800 0.77969300
vt 0.08554700 0.79184700
vt 0.54225700 0.02569700
vt 0.44708000 0.67503600
vt 0.09411200 0.78150000
vt 0.08925100 0.79311700
vt 0.54895400 0.02798700
vt 0.44599500 0.66803600
vt 0.09909700 0.78398100
vt 0.09275800 0.79486100
vt 0.44725900 0.66106600
vt 0.55539700 0.03092100
vt 0.10371600 0.78709600
vt 0.09600700 0.79704900
vt 0.45072900 0.65489100
vt 0.56152200 0.03447200
vt 0.10789200 0.79080500
vt 0.09894400 0.79964400
vt 0.56727300 0.03860600
vt 0.45602200 0.65018300
vt 0.11155700 0.79501700
vt 0.10151700 0.80260200
vt 0.57259400 0.04328200
vt 0.46256100 0.64745700
vt 0.11465500 0.79970200
vt 0.10367700 0.80587100
vt 0.46963100 0.64701200
vt 0.46584400 0.04996900
vt 0.57743400 0.04845600
vt 0.47584500 0.64858100
vt 0.03836100 0.80453900
vt 0.11715100 0.80477900
vt 0.05011700 0.80923300
vt 0.10536500 0.80939700
vt 0.47054200 0.04466500
vt 0.48180600 0.65240900
vt 0.04089000 0.79947900
vt 0.05182700 0.80571900
vt 0.48619100 0.65797300
vt 0.47573400 0.03984600
vt 0.04401900 0.79481400
vt 0.05401000 0.80246300
vt 0.48137100 0.03555800
vt 0.48851700 0.66466400
vt 0.04771100 0.79061400
vt 0.05660200 0.79952100
vt 0.48739800 0.03184200
vt 0.48853700 0.67174800
vt 0.05191000 0.78694200
vt 0.05955600 0.79694400
vt 0.38190700 0.66660200
vt 0.89537400 0.43144800
vt 0.17867800 0.74125500
vt 0.59215900 0.47476100
vt 0.51339400 0.78751600
vt 0.17075700 0.73507400
vt 0.51569800 0.78386000
vt 0.17315600 0.73148200
vt 0.53855100 0.50897000
vt 0.90528500 0.42565900
vt 0.90182800 0.43440900
vt 0.37517300 0.66434400
vt 0.51892900 0.78099100
vt 0.17500300 0.72757700
vt 0.91105900 0.42758800
vt 0.54306400 0.50487600
vt 0.36807000 0.66428900
vt 0.90856200 0.43665900
vt 0.52283100 0.77913300
vt 0.17625500 0.72344400
vt 0.54856700 0.50225800
vt 0.91700600 0.42888500
vt 0.91549900 0.43817200
vt 0.36130200 0.66644300
vt 0.17688700 0.71917200
vt 0.52709900 0.77842500
vt 0.92305800 0.42953500
vt 0.55459000 0.50133600
vt 0.35554100 0.67059700
vt 0.92255800 0.43893100
vt 0.53139900 0.77887700
vt 0.17688400 0.71485400
vt 0.92914500 0.42953100
vt 0.56062400 0.50218400
vt 0.92965700 0.43892600
vt 0.35136600 0.67634300
vt 0.53539300 0.78053000
vt 0.17624700 0.71058300
vt 0.56615700 0.50473700
vt 0.93519700 0.42887300
vt 0.93671500 0.43815900
vt 0.34918200 0.68310200
vt 0.17499000 0.70645100
vt 0.53878500 0.78321400
vt 0.57071800 0.50877600
vt 0.94114300 0.42756900
vt 0.94365000 0.43663700
vt 0.34921000 0.69020400
vt 0.17313900 0.70254800
vt 0.54131500 0.78672200
vt 0.57392100 0.51396000
vt 0.94691500 0.42563200
vt 0.35144600 0.69694600
vt 0.95038200 0.43437900
vt 0.54278900 0.79078900
vt 0.17073400 0.69895800
vt 0.95244600 0.42308700
vt 0.57549100 0.51984600
vt 0.35566700 0.70265800
vt 0.95683300 0.43141000
vt 0.16782900 0.69576000
vt 0.54309100 0.79510500
vt 0.95767300 0.41996100
vt 0.57528400 0.52593500
vt 0.36146100 0.70676400
vt 0.96292900 0.42776500
vt 0.54220000 0.79933700
vt 0.16448500 0.69302100
vt 0.57331700 0.53170100
vt 0.96253600 0.41629200
vt 0.96859800 0.42348700
vt 0.36824900 0.70885100
vt 0.54017900 0.80316000
vt 0.16077500 0.69080200
vt 0.96697700 0.41212100
vt 0.56975900 0.53664700
vt 0.37535100 0.70871200
vt 0.97377700 0.41862500
vt 0.15262000 0.74594700
vt 0.15677900 0.68915100
vt 0.51912900 0.80655700
vt 0.53718000 0.80627600
vt 0.56492200 0.54035300
vt 0.54480900 0.54043900
vt 0.87778400 0.40253200
vt 0.97094700 0.40749700
vt 0.97840400 0.41323400
vt 0.86975900 0.40744400
vt 0.39131900 0.69724900
vt 0.38205700 0.70636900
vt 0.15681400 0.74489500
vt 0.51585000 0.80374000
vt 0.53991400 0.53681100
vt 0.88124000 0.40755200
vt 0.39365200 0.69054000
vt 0.87378800 0.41329600
vt 0.51348500 0.80012300
vt 0.16080800 0.74324000
vt 0.53628000 0.53192100
vt 0.88521300 0.41217100
vt 0.39378400 0.68343700
vt 0.87842000 0.41868100
vt 0.16451500 0.74101700
vt 0.51223600 0.79598800
vt 0.53422600 0.52618500
vt 0.88965800 0.41633700
vt 0.39169800 0.67664700
vt 0.88360200 0.42353800
vt 0.16785500 0.73827600
vt 0.51220600 0.79166900
vt 0.59792900 0.47417100
vt 0.17478400 0.74555100
vt 0.88927500 0.42781100
vt 0.38760400 0.67084300
vt 0.36568700 0.21031800
vt 0.38236500 0.66572500
vt 0.37533600 0.66336800
vt 0.36846800 0.20344800
vt 0.37057600 0.19634300
vt 0.36792200 0.66331000
vt 0.37199200 0.18906900
vt 0.36085700 0.66555900
vt 0.35484200 0.66989600
vt 0.37270200 0.18169200
vt 0.35048400 0.67589400
vt 0.37270100 0.17428200
vt 0.37198900 0.16690500
vt 0.34820400 0.68294900
vt 0.34823300 0.69036400
vt 0.37057300 0.15963100
vt 0.36846500 0.15252500
vt 0.35056700 0.69740100
vt 0.35497400 0.70336400
vt 0.36568600 0.14565300
vt 0.36225900 0.13907900
vt 0.36102300 0.70765200
vt 0.36811200 0.70983200
vt 0.35821600 0.13286300
vt 0.35359300 0.12706400
vt 0.37552600 0.70968600
vt 0.39219100 0.69771700
vt 0.38252600 0.70724100
vt 0.34843300 0.12173600
vt 0.34277100 0.23902400
vt 0.34842200 0.23422000
vt 0.39462600 0.69071300
vt 0.35358600 0.22889700
vt 0.39476400 0.68330000
vt 0.35821100 0.22310200
vt 0.39258700 0.67621100
vt 0.38831200 0.67015300
vt 0.36225800 0.21689000
vt 0.37068500 0.20422400
vt 0.41009100 0.85551500
vt 0.41236700 0.84822100
vt 0.36781900 0.21130300
vt 0.41225500 0.84058100
vt 0.36428500 0.21807500
vt 0.36011500 0.22447700
vt 0.40975300 0.83336000
vt 0.40511100 0.82728900
vt 0.35534800 0.23044800
vt 0.35002700 0.23593400
vt 0.39879700 0.82298500
vt 0.39145600 0.82086300
vt 0.35003900 0.12002300
vt 0.34420400 0.24088500
vt 0.37806200 0.82289300
vt 0.37176400 0.82722000
vt 0.35535600 0.12551400
vt 0.36712700 0.83329300
vt 0.36012000 0.13149000
vt 0.36428700 0.13789500
vt 0.36462200 0.84051300
vt 0.36450200 0.84815300
vt 0.36781800 0.14466900
vt 0.37068200 0.15175000
vt 0.36677200 0.85544900
vt 0.37119600 0.86167800
vt 0.37285400 0.15907200
vt 0.37733900 0.86622200
vt 0.37431300 0.16656800
vt 0.37504700 0.17416900
vt 0.38459200 0.86862900
vt 0.39223400 0.86863000
vt 0.37504800 0.18180500
vt 0.37431500 0.18940600
vt 0.39949700 0.86626000
vt 0.40565400 0.86173500
vt 0.37285700 0.19690200
vt 0.50473500 0.91247800
vt 0.59191000 0.47378000
vt 0.58628300 0.47612300
vt 0.50176400 0.91779800
vt 0.58157300 0.47999100
vt 0.49949500 0.92345300
vt 0.57817400 0.48505100
vt 0.49796200 0.92934900
vt 0.49719100 0.93539300
vt 0.57638500 0.49087900
vt 0.57638400 0.49697500
vt 0.49719400 0.94148600
vt 0.49797200 0.94752800
vt 0.57813100 0.50281400
vt 0.49951300 0.95342300
vt 0.58150000 0.50789500
vt 0.58620300 0.51177400
vt 0.50179200 0.95907400
vt 0.59183000 0.51411800
vt 0.50477200 0.96438900
vt 0.59789700 0.51471900
vt 0.50840700 0.96928200
vt 0.60387600 0.51352200
vt 0.51263500 0.97367300
vt 0.60924600 0.51063600
vt 0.51738800 0.97749100
vt 0.52258800 0.98067600
vt 0.61666000 0.48674000
vt 0.52807300 0.89364700
vt 0.61355000 0.50631800
vt 0.52251600 0.89615700
vt 0.61371900 0.48140000
vt 0.51732300 0.89935200
vt 0.60936100 0.47713700
vt 0.51257800 0.90318000
vt 0.60396000 0.47431200
vt 0.50835900 0.90757900
vt 0.59797400 0.47316000
vt 0.49968500 0.91680500
vt 0.53776900 0.50832800
vt 0.50279900 0.91122900
vt 0.53448000 0.51380500
vt 0.53292100 0.52000100
vt 0.50659800 0.90609300
vt 0.51101900 0.90148200
vt 0.53323400 0.52638200
vt 0.53538700 0.53239800
vt 0.51599300 0.89747100
vt 0.53919800 0.53752700
vt 0.52143500 0.89412200
vt 0.52725900 0.89149100
vt 0.56541300 0.54123700
vt 0.52151200 0.98271400
vt 0.54433200 0.54133200
vt 0.51606200 0.97937600
vt 0.57048600 0.53735200
vt 0.51108000 0.97537300
vt 0.57421600 0.53216500
vt 0.57627900 0.52611700
vt 0.50664800 0.97077100
vt 0.50283800 0.96564300
vt 0.57649600 0.51973200
vt 0.57485100 0.51355900
vt 0.49971400 0.96007100
vt 0.57149300 0.50812500
vt 0.49732500 0.95414700
vt 0.49571000 0.94796800
vt 0.56671000 0.50388900
vt 0.49489400 0.94163400
vt 0.56090900 0.50121300
vt 0.55458300 0.50032400
vt 0.49489100 0.93524800
vt 0.49569900 0.92891300
vt 0.54826900 0.50129100
vt 0.54250100 0.50403600
vt 0.49730600 0.92273200
vt 0.70894600 0.34665800
vt 0.51491600 0.78319700
vt 0.51245900 0.78709800
vt 0.71281500 0.34916200
vt 0.71628700 0.35219400
vt 0.51119000 0.79153000
vt 0.71928900 0.35569100
vt 0.51122300 0.79614200
vt 0.51255600 0.80055700
vt 0.72176000 0.35958400
vt 0.72364700 0.36379000
vt 0.51507900 0.80441600
vt 0.72491500 0.36822300
vt 0.66331000 0.36380000
vt 0.51857600 0.80742000
vt 0.53781300 0.80708300
vt 0.66519600 0.35959300
vt 0.54100900 0.80376100
vt 0.54316400 0.79968600
vt 0.66766300 0.35569800
vt 0.54411400 0.79517500
vt 0.67066200 0.35219700
vt 0.54379200 0.79057700
vt 0.67413200 0.34916300
vt 0.67800200 0.34665800
vt 0.54222200 0.78624300
vt 0.68218900 0.34473400
vt 0.53952600 0.78250600
vt 0.53591200 0.77964600
vt 0.68660900 0.34343000
vt 0.53165100 0.77788400
vt 0.69117000 0.34277100
vt 0.52706800 0.77740000
vt 0.69577800 0.34277100
vt 0.52252400 0.77815500
vt 0.70033800 0.34343000
vt 0.70475800 0.34473400
vt 0.51836200 0.78013600
vt 0.77393000 0.74202800
vt 0.71143900 0.35098700
vt 0.70784500 0.34866200
vt 0.77779200 0.74017900
vt 0.78099100 0.73733400
vt 0.70395500 0.34687500
vt 0.78328100 0.73371600
vt 0.69985000 0.34566300
vt 0.78448000 0.72960500
vt 0.69561400 0.34505100
vt 0.69133400 0.34505100
vt 0.78448000 0.72532300
vt 0.78329800 0.72120800
vt 0.68709700 0.34566300
vt 0.68299200 0.34687400
vt 0.78101700 0.71758400
vt 0.77781700 0.71473800
vt 0.67910300 0.34866200
vt 0.67550900 0.35098800
vt 0.77395100 0.71289600
vt 0.76972300 0.71220600
vt 0.67228700 0.35380500
vt 0.76547200 0.71272500
vt 0.66950100 0.35705700
vt 0.76153300 0.71440500
vt 0.66720900 0.36067500
vt 0.66545800 0.36458300
vt 0.75566900 0.73445400
vt 0.72267800 0.36869200
vt 0.75821400 0.71711200
vt 0.75814700 0.73794700
vt 0.72150000 0.36457400
vt 0.76149500 0.74061900
vt 0.71974700 0.36066700
vt 0.71745200 0.35705200
vt 0.76545200 0.74226000
vt 0.76970800 0.74274100
vt 0.71466400 0.35380300
vt 0.05074000 0.77373000
vt 0.51612700 0.56231200
vt 0.51259100 0.56833500
vt 0.05711100 0.77060600
vt 0.06383500 0.76834300
vt 0.51119000 0.57517600
vt 0.07079600 0.76697800
vt 0.51206800 0.58210500
vt 0.51514600 0.58837900
vt 0.07787600 0.76653500
vt 0.08495200 0.76702000
vt 0.52017000 0.59323300
vt 0.52647400 0.59623800
vt 0.09190600 0.76842500
vt 0.09861700 0.77072900
vt 0.53342300 0.59697100
vt 0.54021900 0.59534800
vt 0.10497000 0.77389100
vt 0.11085300 0.77785800
vt 0.54609100 0.59156200
vt 0.55036900 0.58603600
vt 0.11616200 0.78256000
vt 0.55256100 0.57940000
vt 0.12080500 0.78790500
vt 0.12471000 0.79377800
vt 0.55241300 0.57241500
vt 0.54997900 0.56586700
vt 0.12787900 0.80003400
vt 0.02766400 0.79972400
vt 0.54738500 0.56034500
vt 0.54158400 0.55645400
vt 0.03087400 0.79348900
vt 0.53483700 0.55465300
vt 0.03481700 0.78764100
vt 0.52786900 0.55509800
vt 0.03949400 0.78232700
vt 0.04483300 0.77766000
vt 0.52140600 0.55774200
vt 0.06009800 0.73277300
vt 0.51348300 0.56867700
vt 0.05388900 0.73520600
vt 0.51686100 0.56292300
vt 0.04796800 0.73827200
vt 0.52190600 0.55855600
vt 0.04240300 0.74194800
vt 0.52808300 0.55602800
vt 0.53474300 0.55560300
vt 0.03725600 0.74619000
vt 0.54119000 0.55732400
vt 0.03258200 0.75094900
vt 0.02843200 0.75617300
vt 0.13196600 0.75443500
vt 0.54672900 0.56103900
vt 0.54915100 0.56634300
vt 0.12763700 0.74935900
vt 0.55147500 0.57259400
vt 0.55161600 0.57925900
vt 0.12280000 0.74476600
vt 0.11750500 0.74071100
vt 0.54952600 0.58558800
vt 0.11181300 0.73723600
vt 0.54544600 0.59085800
vt 0.53984400 0.59447000
vt 0.10579100 0.73437300
vt 0.53336100 0.59601800
vt 0.09950500 0.73214700
vt 0.09302500 0.73057800
vt 0.52673300 0.59531900
vt 0.08641800 0.72967500
vt 0.52071400 0.59244800
vt 0.51591800 0.58781700
vt 0.07975400 0.72944700
vt 0.07310000 0.72988500
vt 0.51298300 0.58183100
vt 0.06652400 0.73099400
vt 0.51214400 0.57521300
vt 0.48540700 0.67799700
vt 0.05350000 0.73434800
vt 0.05980000 0.73187900
vt 0.48125200 0.68333900
vt 0.06632000 0.73007500
vt 0.47558300 0.68703600
vt 0.46901900 0.68868000
vt 0.07299000 0.72894900
vt 0.46227700 0.68809200
vt 0.07973900 0.72850500
vt 0.45609400 0.68534000
vt 0.08649800 0.72873600
vt 0.45115100 0.68071800
vt 0.09319900 0.72965200
vt 0.44798700 0.67473600
vt 0.09977400 0.73124400
vt 0.10615100 0.73350200
vt 0.44695000 0.66804800
vt 0.44815800 0.66139000
vt 0.11226100 0.73640700
vt 0.11803700 0.73993400
vt 0.45147300 0.65549000
vt 0.12341100 0.74404900
vt 0.45653100 0.65099200
vt 0.12832000 0.74871100
vt 0.46277700 0.64838700
vt 0.47546900 0.64945900
vt 0.46953300 0.64796200
vt 0.13271400 0.75386200
vt 0.02766400 0.75562600
vt 0.03187600 0.75032500
vt 0.48116400 0.65311700
vt 0.48535300 0.65843200
vt 0.03662000 0.74549500
vt 0.48757600 0.66482500
vt 0.04184300 0.74119000
vt 0.04749100 0.73746000
vt 0.48759400 0.67159300
vt 0.95420000 0.80047200
vt 0.95627400 0.80117100
vt 0.95830300 0.80200700
vt 0.96028600 0.80298800
vt 0.96223200 0.80412600
vt 0.96417100 0.80541300
vt 0.96620800 0.80670500
vt 0.92823100 0.80239200
vt 0.93050000 0.80158200
vt 0.93266800 0.80075700
vt 0.93480600 0.80007800
vt 0.93694300 0.79956200
vt 0.93909100 0.79920100
vt 0.94125200 0.79898600
vt 0.94342500 0.79890800
vt 0.94560400 0.79896400
vt 0.94778000 0.79915000
vt 0.94994400 0.79946300
vt 0.95208700 0.79990300
vt 0.50600100 0.93207000
vt 0.50578200 0.93326800
vt 0.50556300 0.93446700
vt 0.50797300 0.92128600
vt 0.50534300 0.93566600
vt 0.50775400 0.92248500
vt 0.50753500 0.92368400
vt 0.50731600 0.92488200
vt 0.50709600 0.92608000
vt 0.50687700 0.92727800
vt 0.50665800 0.92847600
vt 0.50643900 0.92967400
vt 0.50622000 0.93087200
vt 0.99248800 0.89794600
vt 0.51360700 0.92974800
vt 0.99366300 0.89826100
vt 0.51338800 0.93094500
vt 0.99162900 0.89708500
vt 0.51382600 0.92855000
vt 0.99131500 0.89590800
vt 0.51404500 0.92735200
vt 0.99163200 0.89473000
vt 0.51426400 0.92615300
vt 0.51448300 0.92495500
vt 0.99249500 0.89386900
vt 0.99367400 0.89355300
vt 0.51470200 0.92375600
vt 0.51229200 0.93693800
vt 0.99483500 0.89386600
vt 0.51492200 0.92255800
vt 0.99485100 0.89386900
vt 0.51251100 0.93573900
vt 0.99569800 0.89472800
vt 0.51273000 0.93454000
vt 0.99601400 0.89590500
vt 0.99569900 0.89708300
vt 0.51295000 0.93334200
vt 0.51316900 0.93214300
vt 0.99483900 0.89794600
vt 0.99285200 0.89415900
vt 0.53432700 0.58616300
vt 0.53344100 0.58665300
vt 0.99381800 0.89400100
vt 0.99471600 0.89434200
vt 0.99473200 0.89434500
vt 0.54292200 0.58306200
vt 0.53256700 0.58711500
vt 0.99533300 0.89509700
vt 0.54194900 0.58315500
vt 0.99548900 0.89606100
vt 0.54097700 0.58324900
vt 0.53677200 0.58456400
vt 0.99188500 0.89668400
vt 0.99249900 0.89744100
vt 0.53752500 0.58412600
vt 0.99173400 0.89571300
vt 0.53600200 0.58507600
vt 0.53518800 0.58562500
vt 0.99208900 0.89478800
vt 0.99514000 0.89698000
vt 0.54003000 0.58335900
vt 0.99437900 0.89761200
vt 0.53913100 0.58352600
vt 0.99341200 0.89778000
vt 0.53830000 0.58377800
vt 0.53488000 0.58327800
vt 0.53400800 0.58380100
vt 0.53404600 0.58150200
vt 0.53308600 0.58190400
vt 0.53330400 0.57955000
vt 0.53226600 0.57972300
vt 0.53258700 0.57698000
vt 0.53156300 0.57698600
vt 0.53187500 0.57427700
vt 0.53092500 0.57426000
vt 0.53128800 0.57202300
vt 0.53044400 0.57224800
vt 0.53059400 0.57034200
vt 0.52984300 0.57084100
vt 0.52973100 0.56882400
vt 0.52906400 0.56961900
vt 0.52766300 0.56668600
vt 0.52707400 0.56789300
vt 0.52983600 0.56458200
vt 0.52856700 0.56550300
vt 0.53044200 0.56815000
vt 0.53121900 0.56766500
vt 0.53130200 0.56992500
vt 0.53199000 0.56959900
vt 0.53205800 0.57181900
vt 0.53276300 0.57160100
vt 0.53279200 0.57424400
vt 0.53365800 0.57408400
vt 0.53361000 0.57691000
vt 0.53460200 0.57670300
vt 0.53437000 0.57933100
vt 0.53544000 0.57902400
vt 0.53504300 0.58108900
vt 0.53607200 0.58067500
vt 0.53578300 0.58276700
vt 0.53672700 0.58230700
vt 0.53770900 0.58192900
vt 0.53871200 0.58164100
vt 0.53971800 0.58142800
vt 0.54071000 0.58125600
vt 0.54168300 0.58108800
vt 0.54110300 0.57890900
vt 0.54015400 0.57921000
vt 0.54016100 0.57650200
vt 0.53928700 0.57700800
vt 0.53874800 0.57385400
vt 0.53796600 0.57447400
vt 0.53737400 0.57141400
vt 0.53661800 0.57201700
vt 0.53654200 0.56987900
vt 0.53566800 0.57026800
vt 0.53619100 0.56880000
vt 0.53522400 0.56891900
vt 0.53605800 0.56775700
vt 0.53503500 0.56759900
vt 0.53641800 0.56556800
vt 0.53542100 0.56512200
vt 0.52553000 0.57057500
vt 0.53737000 0.56582900
vt 0.52613900 0.56983500
vt 0.52662600 0.56896100
vt 0.52771900 0.57120500
vt 0.52840600 0.57044000
vt 0.52823300 0.57194700
vt 0.52905000 0.57139300
vt 0.52862100 0.57283900
vt 0.52954400 0.57251800
vt 0.52900700 0.57439500
vt 0.52996300 0.57427900
vt 0.52958500 0.57711900
vt 0.53055900 0.57701200
vt 0.53031500 0.58011000
vt 0.53127100 0.57989700
vt 0.53125100 0.58266300
vt 0.53215800 0.58229000
vt 0.53229400 0.58477400
vt 0.53315100 0.58430400
vt 0.53143700 0.58523000
vt 0.54264100 0.58090800
vt 0.53035400 0.58303600
vt 0.54203700 0.57860800
vt 0.52938300 0.58037400
vt 0.54103200 0.57605700
vt 0.53957100 0.57332800
vt 0.52863200 0.57731000
vt 0.53819200 0.57089300
vt 0.52806100 0.57459800
vt 0.53744100 0.56950100
vt 0.52770400 0.57316900
vt 0.52740300 0.57245700
vt 0.53715500 0.56863500
vt 0.53705000 0.56782500
vt 0.52700600 0.57188600
vt 0.53426800 0.56458700
vt 0.53289400 0.56417600
vt 0.53135400 0.56412600
vt 0.53207300 0.56739400
vt 0.53300800 0.56732900
vt 0.53269500 0.56935300
vt 0.53345800 0.56917100
vt 0.53343500 0.57134100
vt 0.53412100 0.57102500
vt 0.53445800 0.57375400
vt 0.53519900 0.57326200
vt 0.53553400 0.57632400
vt 0.53639500 0.57578500
vt 0.53648100 0.57861200
vt 0.53746900 0.57811200
vt 0.53711700 0.58027300
vt 0.53815600 0.57989300
vt 0.53917600 0.57954000
vt 0.53839800 0.57756400
vt 0.53719600 0.57514200
vt 0.53590500 0.57265800
vt 0.53485800 0.57066000
vt 0.53430100 0.56903400
vt 0.53400700 0.56742400
vt 0.75655800 0.67365400
vt 0.75685500 0.67284700
vt 0.75694300 0.67199000
vt 0.75686100 0.67113300
vt 0.75667900 0.67034700
vt 0.75651100 0.66965100
vt 0.75644000 0.66900800
vt 0.75649800 0.66840100
vt 0.75400400 0.67641200
vt 0.75437900 0.67591200
vt 0.75489400 0.67544600
vt 0.75549000 0.67494800
vt 0.75607800 0.67436000
vt 0.75219800 0.67200800
vt 0.75239700 0.67146100
vt 0.75248500 0.67086900
vt 0.75248500 0.67024400
vt 0.75243900 0.66959300
vt 0.75240900 0.66893600
vt 0.75243300 0.66830200
vt 0.75039800 0.67451600
vt 0.75252800 0.66769500
vt 0.75070500 0.67398300
vt 0.75108900 0.67348400
vt 0.75150300 0.67300200
vt 0.75189000 0.67251700
vt 0.74977300 0.67109900
vt 0.74995000 0.67059500
vt 0.75007300 0.67007300
vt 0.75015400 0.66952600
vt 0.75022000 0.66894700
vt 0.75029500 0.66834800
vt 0.75040200 0.66774600
vt 0.75055900 0.66714500
vt 0.74843100 0.67368700
vt 0.74867900 0.67312900
vt 0.74896600 0.67259500
vt 0.74926300 0.67208500
vt 0.74953900 0.67159100
vt 0.74741800 0.67027000
vt 0.74758600 0.66977000
vt 0.74775900 0.66926700
vt 0.74793900 0.66875100
vt 0.74812700 0.66821300
vt 0.74832100 0.66765100
vt 0.74852000 0.66707000
vt 0.74651200 0.67300000
vt 0.74872900 0.66649200
vt 0.74670500 0.67242200
vt 0.74689600 0.67185400
vt 0.74707700 0.67130500
vt 0.74725000 0.67077800
vt 0.74472700 0.66933900
vt 0.74490100 0.66878500
vt 0.74512600 0.66825200
vt 0.74539300 0.66773500
vt 0.74568500 0.66722000
vt 0.74597700 0.66669400
vt 0.74624100 0.66615600
vt 0.74413800 0.67225800
vt 0.74647600 0.66560200
vt 0.74429300 0.67167400
vt 0.74441000 0.67108600
vt 0.74450400 0.67049700
vt 0.74460100 0.66991200
vt 0.74158900 0.66830900
vt 0.74177600 0.66772400
vt 0.74201600 0.66714500
vt 0.74229900 0.66661100
vt 0.74260500 0.66607700
vt 0.74290600 0.66554700
vt 0.74318300 0.66499900
vt 0.74342400 0.66443200
vt 0.74095600 0.67129900
vt 0.74112000 0.67071300
vt 0.74124400 0.67011500
vt 0.74134500 0.66951200
vt 0.74145100 0.66890800
vt 0.73825100 0.66711100
vt 0.73845400 0.66652000
vt 0.73869500 0.66594300
vt 0.73896400 0.66537900
vt 0.73924700 0.66482500
vt 0.73952700 0.66427300
vt 0.73978700 0.66371400
vt 0.74000800 0.66314600
vt 0.73746200 0.67008200
vt 0.73764700 0.66950300
vt 0.73779900 0.66891200
vt 0.73793800 0.66831300
vt 0.73808200 0.66771100
vt 0.73495700 0.66592000
vt 0.73517200 0.66534400
vt 0.73541100 0.66477600
vt 0.73566900 0.66421700
vt 0.73593300 0.66366200
vt 0.73619100 0.66310900
vt 0.73643100 0.66255300
vt 0.73664500 0.66198700
vt 0.73407200 0.66884700
vt 0.73426500 0.66826900
vt 0.73443500 0.66768300
vt 0.73459800 0.66709300
vt 0.73476800 0.66650400
vt 0.73149700 0.66466200
vt 0.73171500 0.66409200
vt 0.73196000 0.66353200
vt 0.73222300 0.66297800
vt 0.73249300 0.66242700
vt 0.73275600 0.66187300
vt 0.73300200 0.66131300
vt 0.73061200 0.66758000
vt 0.73322400 0.66074600
vt 0.73080500 0.66700200
vt 0.73097400 0.66641600
vt 0.73113600 0.66582700
vt 0.73130600 0.66524100
vt 0.72781100 0.66332500
vt 0.72803500 0.66275500
vt 0.72829200 0.66219600
vt 0.72857100 0.66164500
vt 0.72885700 0.66109500
vt 0.72913400 0.66054300
vt 0.72939000 0.65998500
vt 0.72962200 0.65942000
vt 0.72696700 0.66626800
vt 0.72714800 0.66568600
vt 0.72730600 0.66509300
vt 0.72745700 0.66449800
vt 0.72762100 0.66390600
vt 0.72389500 0.66189500
vt 0.72414500 0.66127100
vt 0.72443400 0.66067000
vt 0.72474400 0.66009300
vt 0.72505500 0.65953500
vt 0.72534700 0.65898700
vt 0.72560800 0.65843700
vt 0.72584300 0.65787700
vt 0.72307200 0.66499500
vt 0.72324000 0.66440600
vt 0.72338300 0.66379800
vt 0.72352600 0.66317000
vt 0.72369100 0.66253200
vt 0.18512100 0.61229900
vt 0.70151600 0.35311200
vt 0.18562800 0.61041600
vt 0.69956900 0.35320800
vt 0.69947300 0.35123300
vt 0.70141100 0.35102000
vt 0.18374000 0.61367600
vt 0.70346400 0.35301600
vt 0.70335300 0.35083700
vt 0.68204000 0.35397900
vt 0.70541200 0.35291700
vt 0.18186600 0.61418000
vt 0.18185500 0.61417700
vt 0.70529900 0.35070800
vt 0.68195200 0.35176800
vt 0.68398900 0.35390000
vt 0.17998100 0.61367700
vt 0.68390200 0.35172100
vt 0.17860100 0.61229900
vt 0.68593700 0.35381900
vt 0.68585200 0.35172600
vt 0.68788500 0.35373800
vt 0.17809500 0.61041600
vt 0.68780100 0.35176200
vt 0.68983300 0.35365700
vt 0.17860000 0.60853300
vt 0.68975000 0.35179900
vt 0.17997900 0.60715400
vt 0.69178000 0.35357500
vt 0.69170000 0.35180300
vt 0.18186200 0.60664900
vt 0.69372800 0.35348900
vt 0.69364900 0.35174800
vt 0.69567500 0.35339900
vt 0.18374500 0.60715400
vt 0.69559400 0.35162600
vt 0.69762200 0.35330400
vt 0.18512400 0.60853300
vt 0.69753500 0.35144600
vt 0.50645600 0.94232000
vt 0.18406600 0.61168800
vt 0.18440900 0.61041500
vt 0.50701300 0.94351500
vt 0.50590000 0.94112400
vt 0.18313200 0.61261900
vt 0.18185700 0.61295800
vt 0.51202600 0.95426900
vt 0.18186500 0.61296100
vt 0.50534300 0.93992800
vt 0.18059000 0.61262100
vt 0.51148200 0.95307300
vt 0.17965600 0.61168900
vt 0.51091000 0.95187800
vt 0.51035200 0.95068300
vt 0.17931400 0.61041600
vt 0.17965600 0.60914200
vt 0.50979500 0.94948900
vt 0.18058800 0.60821000
vt 0.50923800 0.94829400
vt 0.18186200 0.60786800
vt 0.50868200 0.94709900
vt 0.50812500 0.94590500
vt 0.18313600 0.60821000
vt 0.50756900 0.94471000
vt 0.18406800 0.60914200
vt 0.54849900 0.52289600
vt 0.51082100 0.94027600
vt 0.54979800 0.52242100
vt 0.51107100 0.94162500
vt 0.55116700 0.52262800
vt 0.51194300 0.94268500
vt 0.51086400 0.93880800
vt 0.54747300 0.52394500
vt 0.51061600 0.93747200
vt 0.51729500 0.95180600
vt 0.54712700 0.52526100
vt 0.51309300 0.94359600
vt 0.55238500 0.52345100
vt 0.55298800 0.52467200
vt 0.51395400 0.94464500
vt 0.54895600 0.52731000
vt 0.51527200 0.94984000
vt 0.51440600 0.94879100
vt 0.55031300 0.52750900
vt 0.51419900 0.94598300
vt 0.55263600 0.52599000
vt 0.55342100 0.52463100
vt 0.55355100 0.52589700
vt 0.54773300 0.52648200
vt 0.51642900 0.95075700
vt 0.54682100 0.52656900
vt 0.54669500 0.52530500
vt 0.54656400 0.52404100
vt 0.54646400 0.52311500
vt 0.54636600 0.52223800
vt 0.54805400 0.52205300
vt 0.69450300 0.36000200
vt 0.54588600 0.51775100
vt 0.54467000 0.52241800
vt 0.56499600 0.52035000
vt 0.69304200 0.36088600
vt 0.54418800 0.51792800
vt 0.56454100 0.51585700
vt 0.69305400 0.36085100
vt 0.56329800 0.52052100
vt 0.69134800 0.36089500
vt 0.56284300 0.51602400
vt 0.56160000 0.52069400
vt 0.56114500 0.51619300
vt 0.68984900 0.36007900
vt 0.55990300 0.52086600
vt 0.68896300 0.35862200
vt 0.55944900 0.51636600
vt 0.55820700 0.52103900
vt 0.55775500 0.51654100
vt 0.68892600 0.35691600
vt 0.55651100 0.52121200
vt 0.55606200 0.51671800
vt 0.68975200 0.35542300
vt 0.55480800 0.52138200
vt 0.69121400 0.35454400
vt 0.55437000 0.51689300
vt 0.55312100 0.52155100
vt 0.69292000 0.35451400
vt 0.55267700 0.51706500
vt 0.55143200 0.52171100
vt 0.69441200 0.35534100
vt 0.55098100 0.51723400
vt 0.55499300 0.52318900
vt 0.55329400 0.52336500
vt 0.55320400 0.52243600
vt 0.55490100 0.52226300
vt 0.55512000 0.52445300
vt 0.55669000 0.52301100
vt 0.55681800 0.52427300
vt 0.55838700 0.52283300
vt 0.55851500 0.52409500
vt 0.56008400 0.52265700
vt 0.56021200 0.52391900
vt 0.56178100 0.52248400
vt 0.56191000 0.52374600
vt 0.56347900 0.52231400
vt 0.56360800 0.52357600
vt 0.56517800 0.52214700
vt 0.54486500 0.52421200
vt 0.54499600 0.52547000
vt 0.56530700 0.52340800
vt 0.56338600 0.52138900
vt 0.54476600 0.52329000
vt 0.56508400 0.52122200
vt 0.54512100 0.52672900
vt 0.56543600 0.52467000
vt 0.56373700 0.52483700
vt 0.54520800 0.52765100
vt 0.56553100 0.52559400
vt 0.56383200 0.52576200
vt 0.56213400 0.52593200
vt 0.56203900 0.52500700
vt 0.56043600 0.52610500
vt 0.56034100 0.52518000
vt 0.55873900 0.52628100
vt 0.55864400 0.52535700
vt 0.55704200 0.52646100
vt 0.55694700 0.52553600
vt 0.55534600 0.52664300
vt 0.55524900 0.52571600
vt 0.55364900 0.52682500
vt 0.55545200 0.52764900
vt 0.55714800 0.52747200
vt 0.55742800 0.53017000
vt 0.91679700 0.42312200
vt 0.91530500 0.42395000
vt 0.55573600 0.53035200
vt 0.91747500 0.42382300
vt 0.38477100 0.85581400
vt 0.91554200 0.42489600
vt 0.38697900 0.85571600
vt 0.38918800 0.85562000
vt 0.91333100 0.42485900
vt 0.91359900 0.42392200
vt 0.55404400 0.53053600
vt 0.91143500 0.42372200
vt 0.39139700 0.85552700
vt 0.91213600 0.42304400
vt 0.55234800 0.53071900
vt 0.39360600 0.85543900
vt 0.91036200 0.42178800
vt 0.55065100 0.53089000
vt 0.91130800 0.42155200
vt 0.93551500 0.42360800
vt 0.39137000 0.85485600
vt 0.93357100 0.42465900
vt 0.39357900 0.85476700
vt 0.39578800 0.85468300
vt 0.93136200 0.42458300
vt 0.39581500 0.85535400
vt 0.91040100 0.41957800
vt 0.92949400 0.42340100
vt 0.39799800 0.85460100
vt 0.91154200 0.41768400
vt 0.39802500 0.85527300
vt 0.40020800 0.85452100
vt 0.92843400 0.42173000
vt 0.37369800 0.85560200
vt 0.92846600 0.42144300
vt 0.40023500 0.85519200
vt 0.91346400 0.41661800
vt 0.91347700 0.41661400
vt 0.37372700 0.85627300
vt 0.92844100 0.41951900
vt 0.37590800 0.85551500
vt 0.91567400 0.41665200
vt 0.37593600 0.85618700
vt 0.92954700 0.41760400
vt 0.37811700 0.85542700
vt 0.37814500 0.85609800
vt 0.91757200 0.41778600
vt 0.38032600 0.85533500
vt 0.93145900 0.41649200
vt 0.91864800 0.41971700
vt 0.38035400 0.85600600
vt 0.93366900 0.41648400
vt 0.38253500 0.85523900
vt 0.91861200 0.42192800
vt 0.38256300 0.85591100
vt 0.38474400 0.85514200
vt 0.93558400 0.41758800
vt 0.93373200 0.41624800
vt 0.35919800 0.69150000
vt 0.35906300 0.68916800
vt 0.93575700 0.41741600
vt 0.93691600 0.41944600
vt 0.35892700 0.68683500
vt 0.93668000 0.41950700
vt 0.38695200 0.85504500
vt 0.93689200 0.42178300
vt 0.35879100 0.68450200
vt 0.93665800 0.42171700
vt 0.38916100 0.85494900
vt 0.93568300 0.42378400
vt 0.35865700 0.68216900
vt 0.35780000 0.68455700
vt 0.98712500 0.98930200
vt 0.98707200 0.98696500
vt 0.35766600 0.68222500
vt 0.35753400 0.67989200
vt 0.98585600 0.98497000
vt 0.35852500 0.67983600
vt 0.93362600 0.42489600
vt 0.35740500 0.67755900
vt 0.98380600 0.98385000
vt 0.35839600 0.67750200
vt 0.93129000 0.42481600
vt 0.98146900 0.98390700
vt 0.35727800 0.67522500
vt 0.92931500 0.42356600
vt 0.35826900 0.67516800
vt 0.97957000 0.98505400
vt 0.97947300 0.98512300
vt 0.35871900 0.70089100
vt 0.35715200 0.67289100
vt 0.35971000 0.70083500
vt 0.35814200 0.67283400
vt 0.92819900 0.42179300
vt 0.92822800 0.42149600
vt 0.97841700 0.98708700
vt 0.35859600 0.69855600
vt 0.35958600 0.69850100
vt 0.92820600 0.41945500
vt 0.35846900 0.69622200
vt 0.97843500 0.98942500
vt 0.35946000 0.69616700
vt 0.92937500 0.41743200
vt 0.35834000 0.69388800
vt 0.97962100 0.99143900
vt 0.35933100 0.69383400
vt 0.93139500 0.41625600
vt 0.98165700 0.99258800
vt 0.35820700 0.69155500
vt 0.35793600 0.68688900
vt 0.98599900 0.99135000
vt 0.35807200 0.68922200
vt 0.98399500 0.99255500
vt 0.55912200 0.52999000
vt 0.91767500 0.42166000
vt 0.56081700 0.52981300
vt 0.91770200 0.41995500
vt 0.56054100 0.52712300
vt 0.55884400 0.52729700
vt 0.91687200 0.41846400
vt 0.56251400 0.52964000
vt 0.56223800 0.52695000
vt 0.56421100 0.52947000
vt 0.91540700 0.41758900
vt 0.56393600 0.52677700
vt 0.91370100 0.41756400
vt 0.91371100 0.41756000
vt 0.56591000 0.52930200
vt 0.54555100 0.53136200
vt 0.54530100 0.52866100
vt 0.56563400 0.52660400
vt 0.54699900 0.52850300
vt 0.54725100 0.53121100
vt 0.91221800 0.41838600
vt 0.54869000 0.52834900
vt 0.54895300 0.53105600
vt 0.91133800 0.41984700
vt 0.55375800 0.52782600
vt 0.55207000 0.52801100
vt 0.55159900 0.52704500
vt 0.51416000 0.94745900
vt 0.54690900 0.52749600
vt 0.56168800 0.52155900
vt 0.55999000 0.52173100
vt 0.55829400 0.52190700
vt 0.55659800 0.52208500
vt 0.54928400 0.51740600
vt 0.69529200 0.35680100
vt 0.69532600 0.35850700
vt 0.54758500 0.51757600
vt 0.55038000 0.52817500
vt 0.54974400 0.52188800
vt 0.97896900 0.98693000
vt 0.38256400 0.69721200
vt 0.38292400 0.69534600
vt 0.97880400 0.98899500
vt 0.97969600 0.99086500
vt 0.38363500 0.69349900
vt 0.38457100 0.69152100
vt 0.98140400 0.99203700
vt 0.98346900 0.99219000
vt 0.38547900 0.68926800
vt 0.98533100 0.99128300
vt 0.38605700 0.68670800
vt 0.98648400 0.98956300
vt 0.38605300 0.68397300
vt 0.98661800 0.98749700
vt 0.38539400 0.68131100
vt 0.98569900 0.98564000
vt 0.38422900 0.67893400
vt 0.38284300 0.67689600
vt 0.98397500 0.98449200
vt 0.38152000 0.67507800
vt 0.98190700 0.98436300
vt 0.38247400 0.69919900
vt 0.38042400 0.67328700
vt 0.98005000 0.98528300
vt 0.98014400 0.98522300
vt 0.38006000 0.69302200
vt 0.37964900 0.69511300
vt 0.37629700 0.69290400
vt 0.37626400 0.69498800
vt 0.37234700 0.69322600
vt 0.37268600 0.69529400
vt 0.36919500 0.69389000
vt 0.37005000 0.69588300
vt 0.36576900 0.69572000
vt 0.36705200 0.69725800
vt 0.36784500 0.69896400
vt 0.36487400 0.67523600
vt 0.36831700 0.70089100
vt 0.36386900 0.67710800
vt 0.36258500 0.67905700
vt 0.36129200 0.68132100
vt 0.36039100 0.68399300
vt 0.36024500 0.68691900
vt 0.36097900 0.68975400
vt 0.36240100 0.69218300
vt 0.36412600 0.69412000
vt 0.36824600 0.69195200
vt 0.36737100 0.69005000
vt 0.37202700 0.69122800
vt 0.37174800 0.68933600
vt 0.37639000 0.69087400
vt 0.37647800 0.68893000
vt 0.38060200 0.69094200
vt 0.38110800 0.68886800
vt 0.38140900 0.68680200
vt 0.38139200 0.68475700
vt 0.38101600 0.68274300
vt 0.38032200 0.68076900
vt 0.37942300 0.67883100
vt 0.37848400 0.67691000
vt 0.37766800 0.67498100
vt 0.37936800 0.69928900
vt 0.37944900 0.69721100
vt 0.37631000 0.69707900
vt 0.37435000 0.67582900
vt 0.37638100 0.69914400
vt 0.37302100 0.69736900
vt 0.37336100 0.69940700
vt 0.37071800 0.67630900
vt 0.37070300 0.69792300
vt 0.36798900 0.67629200
vt 0.37124700 0.69993800
vt 0.36757100 0.67834900
vt 0.36705100 0.68041100
vt 0.36659000 0.68243700
vt 0.36633000 0.68440200
vt 0.36636000 0.68630400
vt 0.36671500 0.68817500
vt 0.37151600 0.68754000
vt 0.37132500 0.68579900
vt 0.37649400 0.68707200
vt 0.37638900 0.68527000
vt 0.37614100 0.68348300
vt 0.37576100 0.68166800
vt 0.37529100 0.67979100
vt 0.37479400 0.67783800
vt 0.37082900 0.67836100
vt 0.37092400 0.68035700
vt 0.37103300 0.68225500
vt 0.37116600 0.68405600
vt 0.69247800 0.35497100
vt 0.73413200 0.72307200
vt 0.73199000 0.72336000
vt 0.69102400 0.35512400
vt 0.68984200 0.35598300
vt 0.73007500 0.72417700
vt 0.68924900 0.35731900
vt 0.72849400 0.72525500
vt 0.72718000 0.72630600
vt 0.68940900 0.35877100
vt 0.72597500 0.72712400
vt 0.69027500 0.35994800
vt 0.72472300 0.72763700
vt 0.69161500 0.36053200
vt 0.72336200 0.72798600
vt 0.74237100 0.72709300
vt 0.69306800 0.36036700
vt 0.69305900 0.36040100
vt 0.69424000 0.35953800
vt 0.74106900 0.72634000
vt 0.73972300 0.72533700
vt 0.69483200 0.35820100
vt 0.69467500 0.35674700
vt 0.73815100 0.72426700
vt 0.69381400 0.35556600
vt 0.73626200 0.72341700
vt 0.73528600 0.72820000
vt 0.73663000 0.72863100
vt 0.73505700 0.73293900
vt 0.73628500 0.73295700
vt 0.73527000 0.73764900
vt 0.73657300 0.73743000
vt 0.73540400 0.74172100
vt 0.73682200 0.74139800
vt 0.73600700 0.74679900
vt 0.73784800 0.74613400
vt 0.73944600 0.74526400
vt 0.74085500 0.74442100
vt 0.72307200 0.74297200
vt 0.74221000 0.74377900
vt 0.72447300 0.74324500
vt 0.72580400 0.74368300
vt 0.72711500 0.74437600
vt 0.72851700 0.74525400
vt 0.73012300 0.74614000
vt 0.73197500 0.74680600
vt 0.73399300 0.74705100
vt 0.73399200 0.74184200
vt 0.73257800 0.74173000
vt 0.73398600 0.73773400
vt 0.73270100 0.73766300
vt 0.73388800 0.73293800
vt 0.73274700 0.73295000
vt 0.73396700 0.72805100
vt 0.73262900 0.72821400
vt 0.73125800 0.72867200
vt 0.72986900 0.72932000
vt 0.72845600 0.73001200
vt 0.72701600 0.73059800
vt 0.72556200 0.73100200
vt 0.72413300 0.73130200
vt 0.74080800 0.73036700
vt 0.73940100 0.72987600
vt 0.73800400 0.72924200
vt 0.73760400 0.73299400
vt 0.73901500 0.73304500
vt 0.73791400 0.73713500
vt 0.73930300 0.73683800
vt 0.73824800 0.74095000
vt 0.73968000 0.74048900
vt 0.74111300 0.74013500
vt 0.72394000 0.73942900
vt 0.72537500 0.73971100
vt 0.72683000 0.74003600
vt 0.72828200 0.74046300
vt 0.72972400 0.74095400
vt 0.73115600 0.74141100
vt 0.73139800 0.73745500
vt 0.73006100 0.73716300
vt 0.73156900 0.73298600
vt 0.73028300 0.73304300
vt 0.72888300 0.73312000
vt 0.72740400 0.73321300
vt 0.72591200 0.73331900
vt 0.74047000 0.73308200
vt 0.72446100 0.73343400
vt 0.72439800 0.73636300
vt 0.74073500 0.73662200
vt 0.72583500 0.73646500
vt 0.72726400 0.73661800
vt 0.72868000 0.73686200
vt 0.63040300 0.80518100
vt 0.63010800 0.80499400
vt 0.62980300 0.80486800
vt 0.62951900 0.80477700
vt 0.62927000 0.80468300
vt 0.63115700 0.80715900
vt 0.62905400 0.80456500
vt 0.63107000 0.80693200
vt 0.63101600 0.80668200
vt 0.63098100 0.80639600
vt 0.63093100 0.80607900
vt 0.63082900 0.80574900
vt 0.63065200 0.80543900
vt 0.62961000 0.80598100
vt 0.62942000 0.80584200
vt 0.62920300 0.80571700
vt 0.62897500 0.80559500
vt 0.62875300 0.80546400
vt 0.62855300 0.80531700
vt 0.63033800 0.80752900
vt 0.63022500 0.80730800
vt 0.63013200 0.80706700
vt 0.63005300 0.80681500
vt 0.62997500 0.80656800
vt 0.62988300 0.80634100
vt 0.62976400 0.80614500
vt 0.62878000 0.80670200
vt 0.62863100 0.80654900
vt 0.62846900 0.80639700
vt 0.62829700 0.80624100
vt 0.62812200 0.80607700
vt 0.62795200 0.80590200
vt 0.62967200 0.80801900
vt 0.62952900 0.80782000
vt 0.62940000 0.80761300
vt 0.62927800 0.80740800
vt 0.62916000 0.80721300
vt 0.62904100 0.80703000
vt 0.62891600 0.80686100
vt 0.62789600 0.80745900
vt 0.62776100 0.80728500
vt 0.62762400 0.80710600
vt 0.62748200 0.80692200
vt 0.62733500 0.80673400
vt 0.62718500 0.80654400
vt 0.62891800 0.80867300
vt 0.62876300 0.80848700
vt 0.62861100 0.80830300
vt 0.62846200 0.80812800
vt 0.62831600 0.80796000
vt 0.62817300 0.80779500
vt 0.62803300 0.80762800
vt 0.62685100 0.80836500
vt 0.62674200 0.80815200
vt 0.62663300 0.80793400
vt 0.62651400 0.80771800
vt 0.62637900 0.80751200
vt 0.62799200 0.80950100
vt 0.62623000 0.80731800
vt 0.62781700 0.80933300
vt 0.62763000 0.80918300
vt 0.62744400 0.80904100
vt 0.62726700 0.80889700
vt 0.62710800 0.80873900
vt 0.62697000 0.80856200
vt 0.62549400 0.80947100
vt 0.62539100 0.80923700
vt 0.62529100 0.80900300
vt 0.62518000 0.80878100
vt 0.62504800 0.80857600
vt 0.62489800 0.80838600
vt 0.62674300 0.81065500
vt 0.62655900 0.81049300
vt 0.62635100 0.81035200
vt 0.62613800 0.81021400
vt 0.62593800 0.81006300
vt 0.62576100 0.80989100
vt 0.62561400 0.80969200
vt 0.62398300 0.81075100
vt 0.62385600 0.81052900
vt 0.62373400 0.81030900
vt 0.62360600 0.81009800
vt 0.62346600 0.80990000
vt 0.62525100 0.81200000
vt 0.62331100 0.80971400
vt 0.62507300 0.81183100
vt 0.62487600 0.81167500
vt 0.62467100 0.81151800
vt 0.62447200 0.81135100
vt 0.62428800 0.81116700
vt 0.62412500 0.81096600
vt 0.62243100 0.81211700
vt 0.62226100 0.81193000
vt 0.62210000 0.81174300
vt 0.62194400 0.81155400
vt 0.62179200 0.81136500
vt 0.62163800 0.81117800
vt 0.62364800 0.81340300
vt 0.62349000 0.81321700
vt 0.62332600 0.81303200
vt 0.62315400 0.81284800
vt 0.62297400 0.81266400
vt 0.62278600 0.81248100
vt 0.62260800 0.81229800
vt 0.62071400 0.81365400
vt 0.62053000 0.81348800
vt 0.62035200 0.81331600
vt 0.62018400 0.81313800
vt 0.62002200 0.81295400
vt 0.62189900 0.81490300
vt 0.61986200 0.81277100
vt 0.62174300 0.81471600
vt 0.62159000 0.81452700
vt 0.62143200 0.81434000
vt 0.62126400 0.81415900
vt 0.62108600 0.81398600
vt 0.62090100 0.81381900
vt 0.61875300 0.81540000
vt 0.61856000 0.81524400
vt 0.61837500 0.81508100
vt 0.61820000 0.81490900
vt 0.61803400 0.81473000
vt 0.61993700 0.81662900
vt 0.61787200 0.81454800
vt 0.61978100 0.81644200
vt 0.61963100 0.81625000
vt 0.61947700 0.81606100
vt 0.61931200 0.81588100
vt 0.61913500 0.81571300
vt 0.61894600 0.81555400
vt 0.61532400 0.81847400
vt 0.61511700 0.81833300
vt 0.61491900 0.81817900
vt 0.61473600 0.81801000
vt 0.61457100 0.81782600
vt 0.61441400 0.81763800
vt 0.61646800 0.81967000
vt 0.61632400 0.81947400
vt 0.61619100 0.81927400
vt 0.61605300 0.81908300
vt 0.61589800 0.81890800
vt 0.61572300 0.81875200
vt 0.61552900 0.81861000
vt 0.58692800 0.48205800
vt 0.58608300 0.48231800
vt 0.58552700 0.48301800
vt 0.58536300 0.48389400
vt 0.58556400 0.48475000
vt 0.58610700 0.48542200
vt 0.58691100 0.48569700
vt 0.58771200 0.48544300
vt 0.58825100 0.48478700
vt 0.58844900 0.48394600
vt 0.58829300 0.48307700
vt 0.58776000 0.48236200
vt 0.58692400 0.48373700
vt 0.58695900 0.48375200
vt 0.58696300 0.48383200
vt 0.58693600 0.48398400
vt 0.58691000 0.48416900
vt 0.58690400 0.48432400
vt 0.58691400 0.48439800
vt 0.58693100 0.48436600
vt 0.58693700 0.48423500
vt 0.58692000 0.48405400
vt 0.58689200 0.48388700
vt 0.58689100 0.48378000
vt 0.58690400 0.48540300
vt 0.58691100 0.48541200
vt 0.58691700 0.48544800
vt 0.58692400 0.48551200
vt 0.58692800 0.48558800
vt 0.58692800 0.48565400
vt 0.58692800 0.48568400
vt 0.58692300 0.48567000
vt 0.58691400 0.48561400
vt 0.58690800 0.48553800
vt 0.58690400 0.48546900
vt 0.58690100 0.48542300
vt 0.58692700 0.48710100
vt 0.58692700 0.48710300
vt 0.58692600 0.48710700
vt 0.58692600 0.48711400
vt 0.58692700 0.48712300
vt 0.58692600 0.48713100
vt 0.58692200 0.48713300
vt 0.58691800 0.48712800
vt 0.58691700 0.48711700
vt 0.58691800 0.48710600
vt 0.58692000 0.48709900
vt 0.58692400 0.48709900
vt 0.58690900 0.48905500
vt 0.58690600 0.48906700
vt 0.58690400 0.48906200
vt 0.58690500 0.48904200
vt 0.58690700 0.48901300
vt 0.58690900 0.48898100
vt 0.58691200 0.48895700
vt 0.58691300 0.48894400
vt 0.58691400 0.48894700
vt 0.58691500 0.48896600
vt 0.58691600 0.48899600
vt 0.58691400 0.48902900
vt 0.58690800 0.49155400
vt 0.58690600 0.49157600
vt 0.58690500 0.49158000
vt 0.58690400 0.49156500
vt 0.58690500 0.49153600
vt 0.58690500 0.49150000
vt 0.58690600 0.49146600
vt 0.58690800 0.49144400
vt 0.58690900 0.49144000
vt 0.58691000 0.49145400
vt 0.58691000 0.49148400
vt 0.58690900 0.49152100
vt 0.58690000 0.49430000
vt 0.58690000 0.49431900
vt 0.58690000 0.49432500
vt 0.58690000 0.49431800
vt 0.58690000 0.49429900
vt 0.58690000 0.49427300
vt 0.58690000 0.49424700
vt 0.58690100 0.49422800
vt 0.58690100 0.49422100
vt 0.58690200 0.49422800
vt 0.58690200 0.49424800
vt 0.58690200 0.49427400
vt 0.58689800 0.49689000
vt 0.58689900 0.49688700
vt 0.58689900 0.49687100
vt 0.58689900 0.49684800
vt 0.58689700 0.49682200
vt 0.58689500 0.49680200
vt 0.58689300 0.49679200
vt 0.58689200 0.49679500
vt 0.58689200 0.49681100
vt 0.58689400 0.49683400
vt 0.58689500 0.49686000
vt 0.58689700 0.49688000
vt 0.58688800 0.49925100
vt 0.58688800 0.49923100
vt 0.58688900 0.49919300
vt 0.58689000 0.49914700
vt 0.58689100 0.49910700
vt 0.58689100 0.49908200
vt 0.58689100 0.49907900
vt 0.58689000 0.49909900
vt 0.58689000 0.49913700
vt 0.58689100 0.49918200
vt 0.58689000 0.49922300
vt 0.58688900 0.49924800
vt 0.58688700 0.50164900
vt 0.58688800 0.50161100
vt 0.58689000 0.50154600
vt 0.58689000 0.50147100
vt 0.58689000 0.50140600
vt 0.58688800 0.50136900
vt 0.58688600 0.50136900
vt 0.58688500 0.50140700
vt 0.58688400 0.50147200
vt 0.58688500 0.50154700
vt 0.58688600 0.50161200
vt 0.58688700 0.50165000
vt 0.58688100 0.50545300
vt 0.58687700 0.50537900
vt 0.58687600 0.50525600
vt 0.58687700 0.50511800
vt 0.58687900 0.50500000
vt 0.58688300 0.50493500
vt 0.58688600 0.50494000
vt 0.58688900 0.50501400
vt 0.58689100 0.50513600
vt 0.58689100 0.50527500
vt 0.58688900 0.50539300
vt 0.58688500 0.50545800
vt 0.17306200 0.71474000
vt 0.31195100 0.70775800
vt 0.31000800 0.70759200
vt 0.17332700 0.71280700
vt 0.31017800 0.70562200
vt 0.31212800 0.70567100
vt 0.31389400 0.70792400
vt 0.17186600 0.71628000
vt 0.31407600 0.70575100
vt 0.17006000 0.71701600
vt 0.17007800 0.71701700
vt 0.29253700 0.70598900
vt 0.31583700 0.70808900
vt 0.31602200 0.70588400
vt 0.29274600 0.70378600
vt 0.29447800 0.70617200
vt 0.16814500 0.71675800
vt 0.29468500 0.70400000
vt 0.29641900 0.70635400
vt 0.16660000 0.71556900
vt 0.29661700 0.70426900
vt 0.29835900 0.70653800
vt 0.16585700 0.71376600
vt 0.29854400 0.70456900
vt 0.16611600 0.71183300
vt 0.30030000 0.70672100
vt 0.30047100 0.70486900
vt 0.16730800 0.71029000
vt 0.30224000 0.70690500
vt 0.30240200 0.70513800
vt 0.30418000 0.70708700
vt 0.16911200 0.70954900
vt 0.30433900 0.70535100
vt 0.17104500 0.70981000
vt 0.30612300 0.70725900
vt 0.30628200 0.70549200
vt 0.30806600 0.70742600
vt 0.17258800 0.71100300
vt 0.30822900 0.70557300
vt 0.53144800 0.78972300
vt 0.17193800 0.71426700
vt 0.17211800 0.71296100
vt 0.53022700 0.79022000
vt 0.17112900 0.71530800
vt 0.53267000 0.78922600
vt 0.16992100 0.71580800
vt 0.16990700 0.71580600
vt 0.51924200 0.79470200
vt 0.53389200 0.78872900
vt 0.16861300 0.71563300
vt 0.52046400 0.79420400
vt 0.52168500 0.79370600
vt 0.16756800 0.71482800
vt 0.16706500 0.71360900
vt 0.52290500 0.79320800
vt 0.52412500 0.79270900
vt 0.16724100 0.71230300
vt 0.16804700 0.71125900
vt 0.52534600 0.79221100
vt 0.16926700 0.71075800
vt 0.52656600 0.79171300
vt 0.52778600 0.79121500
vt 0.17057400 0.71093500
vt 0.52900600 0.79071800
vt 0.17161800 0.71174100
vt 0.53327400 0.79418300
vt 0.74517500 0.99013500
vt 0.74649100 0.98971300
vt 0.53191500 0.79436600
vt 0.53081300 0.79518600
vt 0.74784800 0.98997500
vt 0.74410600 0.99114200
vt 0.53473800 0.79429800
vt 0.74370600 0.99244300
vt 0.52144000 0.80008700
vt 0.53608400 0.79411700
vt 0.74903100 0.99084700
vt 0.52984700 0.79629100
vt 0.74958300 0.99209100
vt 0.52875800 0.79710000
vt 0.52350500 0.79816400
vt 0.74545200 0.99456500
vt 0.74679900 0.99481900
vt 0.52459500 0.79735000
vt 0.74917800 0.99339500
vt 0.52740900 0.79727900
vt 0.75001800 0.99206800
vt 0.75009600 0.99333900
vt 0.52253100 0.79927400
vt 0.74426200 0.99368800
vt 0.74334800 0.99373900
vt 0.74327300 0.99246900
vt 0.74319400 0.99121200
vt 0.74313300 0.99027000
vt 0.74307100 0.98938800
vt 0.74476400 0.98927400
vt 0.74277700 0.98488600
vt 0.68835800 0.35863200
vt 0.74137100 0.98949700
vt 0.74107400 0.98499100
vt 0.68747500 0.36009200
vt 0.76005700 0.98836200
vt 0.73966800 0.98960700
vt 0.75978700 0.98385000
vt 0.68591400 0.36093900
vt 0.73937000 0.98509700
vt 0.68598000 0.36091400
vt 0.75835300 0.98846400
vt 0.68420800 0.36088800
vt 0.75808300 0.98394900
vt 0.75665000 0.98856800
vt 0.68275700 0.35999000
vt 0.75638100 0.98405300
vt 0.75494700 0.98867200
vt 0.68195200 0.35848500
vt 0.75468000 0.98416000
vt 0.75324500 0.98877600
vt 0.68200700 0.35678000
vt 0.75298000 0.98426800
vt 0.75154400 0.98887800
vt 0.68290300 0.35532900
vt 0.75128200 0.98437500
vt 0.74984400 0.98897800
vt 0.68440100 0.35451400
vt 0.74958300 0.98447800
vt 0.74815100 0.98907000
vt 0.68610600 0.35455200
vt 0.74788300 0.98457800
vt 0.75164700 0.99069100
vt 0.74994300 0.99079800
vt 0.74989000 0.98986700
vt 0.75159300 0.98976100
vt 0.75172300 0.99195900
vt 0.75335100 0.99058200
vt 0.75342700 0.99184800
vt 0.75505400 0.99047200
vt 0.75513000 0.99173800
vt 0.75675700 0.99036400
vt 0.75683400 0.99163000
vt 0.75846100 0.99026000
vt 0.75853800 0.99152600
vt 0.73978500 0.99140000
vt 0.76016500 0.99016000
vt 0.73986400 0.99266200
vt 0.76024200 0.99142500
vt 0.74149000 0.99129900
vt 0.74156800 0.99256500
vt 0.76010900 0.98923200
vt 0.73972500 0.99047500
vt 0.74142900 0.99037200
vt 0.74164300 0.99383100
vt 0.76031900 0.99269100
vt 0.73993800 0.99392400
vt 0.74169400 0.99475900
vt 0.76037600 0.99361800
vt 0.73998900 0.99484900
vt 0.75867200 0.99372000
vt 0.75861500 0.99279200
vt 0.75696900 0.99382500
vt 0.75691100 0.99289700
vt 0.75526600 0.99393300
vt 0.75520800 0.99300500
vt 0.75356300 0.99404300
vt 0.75350400 0.99311500
vt 0.75186000 0.99415600
vt 0.75180100 0.99322700
vt 0.75015700 0.99427000
vt 0.75192600 0.99516500
vt 0.75362700 0.99505800
vt 0.75379800 0.99776400
vt 0.92606500 0.42262200
vt 0.75210000 0.99787800
vt 0.92472700 0.42368000
vt 0.30768500 0.71447800
vt 0.92684700 0.42320400
vt 0.30559800 0.71375000
vt 0.92511300 0.42457500
vt 0.92292600 0.42489600
vt 0.30351100 0.71302300
vt 0.92303900 0.42392700
vt 0.75040300 0.99799400
vt 0.92087100 0.42407900
vt 0.30142500 0.71229500
vt 0.74870300 0.99810800
vt 0.92145400 0.42329700
vt 0.29933800 0.71156500
vt 0.91950100 0.42234400
vt 0.74700200 0.99821100
vt 0.92039600 0.42195900
vt 0.30120200 0.71292900
vt 0.99251300 0.89174200
vt 0.99472300 0.89172600
vt 0.29911600 0.71219900
vt 0.29703100 0.71146700
vt 0.99664200 0.89282300
vt 0.29725200 0.71083200
vt 0.91918200 0.42015600
vt 0.99775100 0.89473500
vt 0.29494600 0.71073200
vt 0.92000300 0.41810300
vt 0.29516700 0.71009700
vt 0.29286100 0.70999400
vt 0.99774700 0.89694500
vt 0.29308300 0.70936000
vt 0.92174200 0.41673700
vt 0.99663100 0.89885300
vt 0.99665900 0.89902400
vt 0.29077500 0.70925800
vt 0.31579700 0.71806400
vt 0.92391900 0.41641100
vt 0.92393100 0.41642600
vt 0.31602200 0.71743000
vt 0.29099700 0.70862400
vt 0.99472300 0.90009400
vt 0.31371400 0.71732000
vt 0.31393900 0.71668600
vt 0.92597300 0.41722800
vt 0.99251200 0.90005700
vt 0.31163100 0.71657900
vt 0.92734400 0.41896300
vt 0.31185600 0.71594500
vt 0.99061000 0.89892600
vt 0.30954600 0.71584300
vt 0.30977100 0.71520900
vt 0.92766400 0.42115000
vt 0.30746100 0.71511100
vt 0.98951800 0.89700200
vt 0.99043600 0.89909700
vt 0.30946500 0.72604000
vt 0.30727800 0.72521700
vt 0.98928200 0.89706500
vt 0.98928300 0.89472800
vt 0.30509100 0.72439700
vt 0.30537400 0.71438400
vt 0.98951900 0.89479000
vt 0.99043600 0.89269600
vt 0.30290400 0.72357600
vt 0.99061000 0.89286700
vt 0.30328800 0.71365700
vt 0.99244800 0.89150700
vt 0.30071800 0.72275400
vt 0.91646200 0.93007100
vt 0.30255200 0.72450400
vt 0.30036700 0.72368200
vt 0.91666400 0.92774400
vt 0.29818200 0.72285700
vt 0.91567400 0.92562700
vt 0.99478500 0.89149100
vt 0.29853200 0.72192900
vt 0.29599800 0.72202800
vt 0.91375800 0.92428900
vt 0.99681300 0.89265100
vt 0.29634800 0.72109900
vt 0.29381400 0.72119500
vt 0.91143000 0.92408800
vt 0.29416500 0.72026700
vt 0.99798600 0.89467200
vt 0.29163000 0.72036100
vt 0.90931300 0.92508000
vt 0.99798200 0.89700900
vt 0.29198100 0.71943200
vt 0.90801100 0.92694800
vt 0.31567000 0.72945500
vt 0.28944600 0.71952700
vt 0.90797800 0.92699900
vt 0.99682800 0.89920000
vt 0.28979700 0.71859800
vt 0.31602200 0.72852700
vt 0.99680200 0.89902600
vt 0.90778900 0.92927500
vt 0.31348500 0.72862300
vt 0.31383700 0.72769500
vt 0.99478200 0.90033100
vt 0.31130000 0.72779300
vt 0.90876300 0.93140000
vt 0.31165200 0.72686600
vt 0.99244500 0.90029100
vt 0.30911300 0.72696800
vt 0.91067000 0.93275200
vt 0.30473900 0.72532500
vt 0.91511900 0.93198400
vt 0.91299800 0.93296700
vt 0.30692600 0.72614500
vt 0.92669500 0.42103700
vt 0.75549900 0.99765300
vt 0.92644800 0.41934900
vt 0.75720000 0.99754500
vt 0.75703300 0.99484600
vt 0.75533000 0.99495100
vt 0.92539100 0.41801000
vt 0.75890300 0.99744000
vt 0.75873600 0.99474100
vt 0.74018900 0.99856800
vt 0.92380500 0.41737900
vt 0.92381400 0.41739400
vt 0.76060700 0.99733800
vt 0.74004400 0.99586600
vt 0.76044000 0.99463700
vt 0.92212500 0.41763400
vt 0.74189300 0.99848200
vt 0.74174800 0.99577400
vt 0.74345000 0.99568000
vt 0.92078400 0.41868800
vt 0.74359600 0.99839600
vt 0.74514500 0.99559400
vt 0.92015100 0.42027100
vt 0.74530000 0.99830900
vt 0.75022600 0.99527500
vt 0.74853400 0.99539100
vt 0.52593800 0.79716900
vt 0.74810100 0.99440800
vt 0.74339900 0.99467000
vt 0.75840500 0.98933200
vt 0.75670200 0.98943600
vt 0.75499900 0.98954300
vt 0.75329600 0.98965300
vt 0.68756600 0.35543300
vt 0.74618200 0.98468000
vt 0.68839200 0.35692600
vt 0.74448000 0.98478100
vt 0.74683900 0.99548700
vt 0.74645800 0.98917800
vt 0.36007200 0.63679100
vt 0.90857600 0.92684800
vt 0.33384700 0.63654600
vt 0.90854300 0.92689300
vt 0.90820100 0.92888600
vt 0.33572900 0.63734400
vt 0.33754800 0.63835800
vt 0.90889700 0.93083700
vt 0.91047600 0.93217800
vt 0.33945000 0.63956000
vt 0.34161400 0.64074600
vt 0.91251400 0.93254800
vt 0.91446200 0.93184600
vt 0.34411300 0.64163000
vt 0.34685000 0.64194900
vt 0.91579600 0.93026200
vt 0.91615600 0.92822200
vt 0.34959000 0.64160100
vt 0.91544400 0.92627600
vt 0.35210500 0.64070700
vt 0.35430500 0.63954200
vt 0.91385500 0.92494600
vt 0.91181500 0.92458900
vt 0.35626300 0.63839800
vt 0.90986900 0.92530200
vt 0.35814200 0.63747700
vt 0.33858900 0.63490100
vt 0.33659100 0.63418100
vt 0.33925100 0.63119600
vt 0.33722700 0.63088600
vt 0.33940400 0.62724200
vt 0.33736000 0.62735000
vt 0.33904700 0.62403900
vt 0.33701000 0.62471000
vt 0.33747800 0.62048200
vt 0.33573900 0.62167400
vt 0.35984400 0.62295100
vt 0.33388800 0.62253500
vt 0.35801800 0.62203600
vt 0.35631600 0.62079200
vt 0.35454100 0.61925200
vt 0.35244000 0.61767800
vt 0.34987800 0.61645500
vt 0.34697200 0.61596000
vt 0.34405100 0.61635700
vt 0.34145100 0.61749300
vt 0.33930000 0.61899800
vt 0.34106200 0.62331100
vt 0.34304100 0.62266500
vt 0.34138400 0.62715600
vt 0.34326100 0.62710400
vt 0.34122600 0.63153900
vt 0.34313300 0.63185900
vt 0.34057900 0.63570800
vt 0.34257600 0.63646100
vt 0.34459100 0.63700400
vt 0.34662100 0.63722600
vt 0.34866800 0.63709000
vt 0.35071800 0.63662300
vt 0.35275100 0.63594000
vt 0.35476900 0.63519600
vt 0.35678700 0.63453700
vt 0.33459500 0.63358400
vt 0.35880000 0.63400600
vt 0.33518300 0.63062900
vt 0.35830300 0.63102400
vt 0.35625400 0.63121300
vt 0.35829100 0.62785200
vt 0.33530100 0.62746800
vt 0.35623400 0.62766700
vt 0.35866100 0.62565600
vt 0.33499200 0.62527100
vt 0.35665900 0.62503500
vt 0.35464100 0.62430100
vt 0.35264500 0.62350800
vt 0.35068400 0.62279700
vt 0.34876300 0.62230100
vt 0.34687100 0.62210500
vt 0.34497400 0.62223500
vt 0.34503600 0.62708700
vt 0.34677200 0.62709400
vt 0.34497900 0.63209500
vt 0.34677100 0.63219100
vt 0.34854200 0.63215700
vt 0.35035900 0.63198900
vt 0.35225400 0.63173600
vt 0.35422900 0.63145900
vt 0.35418900 0.62749400
vt 0.35220600 0.62734300
vt 0.35031800 0.62722500
vt 0.34852200 0.62714400
vt 0.73262700 0.77421100
vt 0.68422200 0.35512400
vt 0.68300100 0.35593200
vt 0.73480400 0.77393800
vt 0.73675300 0.77312300
vt 0.68234300 0.35723800
vt 0.68242300 0.35869800
vt 0.73837100 0.77203500
vt 0.73972600 0.77096000
vt 0.68322200 0.35992100
vt 0.68452800 0.36057900
vt 0.74098100 0.77008600
vt 0.72307200 0.76922800
vt 0.74227600 0.76942700
vt 0.68605000 0.36046900
vt 0.68598800 0.36049400
vt 0.72437700 0.76986400
vt 0.68726500 0.35965500
vt 0.72563600 0.77072700
vt 0.68791000 0.35834300
vt 0.68781100 0.35688500
vt 0.72697600 0.77181200
vt 0.68699500 0.35567300
vt 0.72855700 0.77294200
vt 0.68568200 0.35502900
vt 0.73046700 0.77383500
vt 0.73152500 0.76907500
vt 0.73018200 0.76862300
vt 0.73180500 0.76434100
vt 0.73060500 0.76431100
vt 0.73164900 0.75962900
vt 0.73036500 0.75984200
vt 0.73151100 0.75555800
vt 0.73009300 0.75588400
vt 0.73088800 0.75048700
vt 0.72901300 0.75116600
vt 0.72738600 0.75207000
vt 0.72596200 0.75297400
vt 0.72462400 0.75371000
vt 0.72326500 0.75424100
vt 0.74259100 0.75428500
vt 0.74123400 0.75374800
vt 0.73989900 0.75300300
vt 0.73847800 0.75209200
vt 0.73685400 0.75118000
vt 0.73498100 0.75049400
vt 0.73293500 0.75023600
vt 0.73292400 0.75544300
vt 0.73433600 0.75556200
vt 0.73291600 0.75955100
vt 0.73418300 0.75963100
vt 0.73294600 0.76435000
vt 0.73406700 0.76434600
vt 0.73283100 0.76923800
vt 0.73418400 0.76908400
vt 0.73554800 0.76863500
vt 0.73692900 0.76799300
vt 0.73832600 0.76729900
vt 0.73973600 0.76669000
vt 0.74113900 0.76622200
vt 0.72462400 0.76619200
vt 0.72602400 0.76666400
vt 0.72742700 0.76727700
vt 0.72881500 0.76797600
vt 0.72931100 0.76425700
vt 0.72791800 0.76417800
vt 0.72904400 0.76013800
vt 0.72767600 0.76044500
vt 0.72866700 0.75634800
vt 0.72723400 0.75685300
vt 0.72579800 0.75730700
vt 0.74146600 0.75771400
vt 0.72437200 0.75767500
vt 0.74004200 0.75733800
vt 0.73860800 0.75687600
vt 0.73717800 0.75636400
vt 0.73575400 0.75589300
vt 0.73546600 0.75984800
vt 0.73678400 0.76015000
vt 0.73523300 0.76431700
vt 0.73650200 0.76426800
vt 0.73788000 0.76419600
vt 0.73932800 0.76410400
vt 0.74078800 0.76401600
vt 0.72500200 0.76398000
vt 0.72646200 0.76407900
vt 0.72626800 0.76070200
vt 0.72483100 0.76088100
vt 0.74098700 0.76092000
vt 0.73955200 0.76073000
vt 0.73814700 0.76046500
vt 0.46339700 0.65868900
vt 0.46195600 0.65883000
vt 0.46054300 0.65912700
vt 0.45922300 0.65960400
vt 0.45802600 0.66023200
vt 0.45693800 0.66093300
vt 0.45590300 0.66161700
vt 0.47076600 0.65693700
vt 0.46965300 0.65740200
vt 0.46856800 0.65789200
vt 0.46741800 0.65826800
vt 0.46612800 0.65850400
vt 0.46478100 0.65862800
vt 0.46594800 0.66605100
vt 0.46482100 0.66616800
vt 0.46370500 0.66638500
vt 0.46260600 0.66674700
vt 0.46151400 0.66725300
vt 0.46042600 0.66785200
vt 0.45933800 0.66843600
vt 0.47249500 0.66418900
vt 0.47138100 0.66465600
vt 0.47029700 0.66514600
vt 0.46922700 0.66554400
vt 0.46817100 0.66580200
vt 0.46708300 0.66595600
vt 0.46706100 0.67030600
vt 0.46601900 0.67057100
vt 0.46499900 0.67083800
vt 0.46398800 0.67113800
vt 0.46296700 0.67148500
vt 0.46190900 0.67188300
vt 0.47380600 0.66753600
vt 0.46079800 0.67230300
vt 0.47269700 0.66804300
vt 0.47155500 0.66857700
vt 0.47039600 0.66910900
vt 0.46924900 0.66959300
vt 0.46813300 0.66999100
vt 0.46830400 0.67384800
vt 0.46731800 0.67438500
vt 0.46633900 0.67473200
vt 0.46530700 0.67492300
vt 0.46418300 0.67501000
vt 0.46297700 0.67507000
vt 0.47485100 0.66973700
vt 0.46175900 0.67522000
vt 0.47369400 0.67018900
vt 0.47251300 0.67071700
vt 0.47139400 0.67143700
vt 0.47033900 0.67228300
vt 0.46931400 0.67312500
vt 0.47069500 0.67689800
vt 0.37595500 0.84795900
vt 0.46950100 0.67825100
vt 0.37651100 0.84920600
vt 0.37720200 0.85032300
vt 0.46788100 0.67912800
vt 0.46607400 0.67934100
vt 0.37799300 0.85131600
vt 0.46438100 0.67896500
vt 0.37883700 0.85222200
vt 0.46296100 0.67829700
vt 0.37969500 0.85309500
vt 0.46174400 0.67772700
vt 0.38053700 0.85398600
vt 0.37369800 0.84022900
vt 0.47546100 0.67188800
vt 0.37428200 0.84131100
vt 0.47428300 0.67184400
vt 0.47325200 0.67207900
vt 0.37470200 0.84250200
vt 0.47248700 0.67281500
vt 0.37499200 0.84380900
vt 0.37524000 0.84520000
vt 0.47195800 0.67396500
vt 0.37554100 0.84660700
vt 0.47145000 0.67538300
vt 0.38045700 0.84580200
vt 0.38121300 0.84677100
vt 0.38195000 0.84772700
vt 0.38261500 0.84870900
vt 0.38318500 0.84973900
vt 0.38367900 0.85082100
vt 0.37765000 0.83881600
vt 0.38416600 0.85192600
vt 0.37798900 0.84000300
vt 0.37829000 0.84122800
vt 0.37864900 0.84247300
vt 0.37913600 0.84367400
vt 0.37974600 0.84477800
vt 0.38535100 0.84343300
vt 0.38612600 0.84442000
vt 0.38686100 0.84543200
vt 0.38749600 0.84649300
vt 0.38800600 0.84760900
vt 0.38841400 0.84876200
vt 0.38880900 0.84991300
vt 0.38263000 0.83692000
vt 0.38294700 0.83809200
vt 0.38321700 0.83927400
vt 0.38354400 0.84039100
vt 0.38400400 0.84142100
vt 0.38461500 0.84243400
vt 0.38952000 0.84158600
vt 0.39002500 0.84265500
vt 0.39055300 0.84377500
vt 0.39108100 0.84493200
vt 0.39159000 0.84610600
vt 0.39207700 0.84726800
vt 0.38702100 0.83524800
vt 0.39256100 0.84839200
vt 0.38745500 0.83635400
vt 0.38784500 0.83743900
vt 0.38822600 0.83849800
vt 0.38863000 0.83954200
vt 0.38905400 0.84056500
vt 0.39303200 0.84026300
vt 0.39334600 0.84139600
vt 0.39368200 0.84255900
vt 0.39405700 0.84373900
vt 0.39447400 0.84491100
vt 0.39491900 0.84605600
vt 0.39536200 0.84718300
vt 0.39057300 0.83381300
vt 0.39103600 0.83491700
vt 0.39151400 0.83598600
vt 0.39196100 0.83703900
vt 0.39236000 0.83809400
vt 0.39271200 0.83916500
vt 0.39653200 0.83901200
vt 0.39668800 0.84021400
vt 0.39685500 0.84144600
vt 0.39708900 0.84267900
vt 0.39741500 0.84388800
vt 0.39781200 0.84506000
vt 0.39820900 0.84621100
vt 0.39400400 0.83251700
vt 0.39451700 0.83360900
vt 0.39508400 0.83465700
vt 0.39560500 0.83569500
vt 0.39602400 0.83675400
vt 0.39632700 0.83785700
vt 0.40029900 0.83792400
vt 0.40027100 0.83922200
vt 0.40024200 0.84051300
vt 0.40031800 0.84177200
vt 0.40056300 0.84298100
vt 0.40095600 0.84413900
vt 0.40138500 0.84528100
vt 0.39741200 0.83110500
vt 0.39807700 0.83215200
vt 0.39880500 0.83319200
vt 0.39945800 0.83427300
vt 0.39994100 0.83542500
vt 0.40021400 0.83664800
vt 0.40233300 0.83776900
vt 0.40226700 0.83913600
vt 0.40218900 0.84036600
vt 0.40221600 0.84147800
vt 0.40241100 0.84252300
vt 0.40276700 0.84356500
vt 0.39909100 0.83004100
vt 0.40318200 0.84466900
vt 0.39980000 0.83106800
vt 0.40058800 0.83215500
vt 0.40134500 0.83339500
vt 0.40193100 0.83479900
vt 0.40225600 0.83629500
vt 0.36073600 0.18002200
vt 0.36133600 0.18002200
vt 0.36193800 0.18002200
vt 0.36254100 0.18002200
vt 0.36314600 0.18002200
vt 0.36375400 0.18002200
vt 0.35711000 0.18002300
vt 0.36436400 0.18002200
vt 0.35771900 0.18002300
vt 0.35832600 0.18002300
vt 0.35893100 0.18002300
vt 0.35953400 0.18002300
vt 0.36013500 0.18002300
vt 0.36073800 0.17679900
vt 0.36133700 0.17680200
vt 0.36193700 0.17681000
vt 0.36253900 0.17682100
vt 0.36314500 0.17683200
vt 0.36375200 0.17684000
vt 0.35711400 0.17684000
vt 0.36436200 0.17684200
vt 0.35772400 0.17683800
vt 0.35833100 0.17683100
vt 0.35893700 0.17682000
vt 0.35953900 0.17681000
vt 0.36013900 0.17680200
vt 0.36074100 0.17367300
vt 0.36133700 0.17367900
vt 0.36193600 0.17369600
vt 0.36253600 0.17371900
vt 0.36314000 0.17374200
vt 0.36374700 0.17375800
vt 0.36435700 0.17376300
vt 0.35712300 0.17376000
vt 0.35773200 0.17375500
vt 0.35834000 0.17374000
vt 0.35894400 0.17371700
vt 0.35954500 0.17369500
vt 0.36014400 0.17367900
vt 0.36074000 0.17058600
vt 0.36133300 0.17059700
vt 0.36192800 0.17062400
vt 0.36252600 0.17066300
vt 0.36312900 0.17070100
vt 0.36373500 0.17073000
vt 0.36434500 0.17073900
vt 0.35713800 0.17073400
vt 0.35774700 0.17072600
vt 0.35835300 0.17069800
vt 0.35895600 0.17066000
vt 0.35955300 0.17062300
vt 0.36014800 0.17059600
vt 0.36074400 0.16749300
vt 0.36133000 0.16751000
vt 0.36191900 0.16755500
vt 0.36251300 0.16761800
vt 0.36311400 0.16768200
vt 0.36372000 0.16773200
vt 0.36432900 0.16775000
vt 0.35715900 0.16774200
vt 0.35776800 0.16772600
vt 0.35837400 0.16767800
vt 0.35897400 0.16761400
vt 0.35956900 0.16755300
vt 0.36015800 0.16750900
vt 0.36074800 0.16434700
vt 0.36132900 0.16437500
vt 0.36191500 0.16445000
vt 0.36250800 0.16455400
vt 0.36311000 0.16466400
vt 0.36371800 0.16475200
vt 0.35717000 0.16478200
vt 0.36432800 0.16479200
vt 0.35778000 0.16474500
vt 0.35838700 0.16465900
vt 0.35898900 0.16455100
vt 0.35958300 0.16444700
vt 0.36016800 0.16437400
vt 0.36076000 0.16109200
vt 0.36135800 0.16113800
vt 0.36196000 0.16126300
vt 0.36257100 0.16144000
vt 0.36318800 0.16162400
vt 0.36380300 0.16177500
vt 0.35709800 0.16185400
vt 0.36441400 0.16186600
vt 0.35770900 0.16176600
vt 0.35832600 0.16161800
vt 0.35894400 0.16143500
vt 0.35955700 0.16126100
vt 0.36016100 0.16113600
vt 0.36076300 0.15765600
vt 0.98798400 0.50158900
vt 0.36156600 0.15773700
vt 0.98878400 0.50150900
vt 0.36233300 0.15795900
vt 0.98954700 0.50128800
vt 0.99024700 0.50098700
vt 0.36303400 0.15826000
vt 0.99088500 0.50068600
vt 0.36367400 0.15856400
vt 0.36427700 0.15880100
vt 0.99148800 0.50045000
vt 0.98388000 0.50030900
vt 0.35665200 0.15892800
vt 0.99208600 0.50030900
vt 0.36487500 0.15894300
vt 0.98447800 0.50045000
vt 0.35725100 0.15878900
vt 0.98508100 0.50068600
vt 0.35785400 0.15855500
vt 0.35849400 0.15825400
vt 0.98572000 0.50098800
vt 0.35919500 0.15795500
vt 0.98641900 0.50128800
vt 0.98718400 0.50150900
vt 0.35996000 0.15773500
vt 0.98798400 0.49815200
vt 0.98858100 0.49810700
vt 0.98918100 0.49798200
vt 0.98979100 0.49780600
vt 0.99040700 0.49762300
vt 0.99102200 0.49747300
vt 0.99163300 0.49738400
vt 0.98433700 0.49738500
vt 0.98494700 0.49747500
vt 0.98556200 0.49762400
vt 0.98617800 0.49780700
vt 0.98678800 0.49798200
vt 0.98738800 0.49810700
vt 0.98798500 0.49489600
vt 0.98856300 0.49486900
vt 0.98914500 0.49479500
vt 0.98973600 0.49469100
vt 0.99033700 0.49458200
vt 0.99094400 0.49449500
vt 0.99155400 0.49445600
vt 0.98441400 0.49445900
vt 0.98502400 0.49449700
vt 0.98563100 0.49458400
vt 0.98623200 0.49469200
vt 0.98682400 0.49479600
vt 0.98740800 0.49487000
vt 0.98798200 0.49175100
vt 0.98856600 0.49173500
vt 0.98915300 0.49169000
vt 0.98974600 0.49162800
vt 0.99034500 0.49156400
vt 0.99095100 0.49151500
vt 0.99156000 0.49149700
vt 0.98440300 0.49150100
vt 0.98501200 0.49151800
vt 0.98561700 0.49156600
vt 0.98621700 0.49162900
vt 0.98681000 0.49169100
vt 0.98739800 0.49173500
vt 0.98797800 0.48865900
vt 0.98856900 0.48864900
vt 0.98916300 0.48862100
vt 0.98976000 0.48858300
vt 0.99036100 0.48854500
vt 0.99096600 0.48851700
vt 0.98437900 0.48851300
vt 0.99157500 0.48850800
vt 0.98498800 0.48852000
vt 0.98559400 0.48854700
vt 0.98619500 0.48858500
vt 0.98679300 0.48862200
vt 0.98738600 0.48864900
vt 0.98797000 0.48557400
vt 0.98856700 0.48556700
vt 0.98916500 0.48555100
vt 0.98976600 0.48552800
vt 0.99037000 0.48550600
vt 0.99097700 0.48549000
vt 0.99158600 0.48548500
vt 0.98435900 0.48548900
vt 0.98496800 0.48549200
vt 0.98557400 0.48550800
vt 0.98617700 0.48553000
vt 0.98677700 0.48555200
vt 0.98737400 0.48556800
vt 0.98797000 0.48244900
vt 0.98856800 0.48244600
vt 0.98916800 0.48243800
vt 0.98977000 0.48242700
vt 0.99037600 0.48241700
vt 0.99098400 0.48240900
vt 0.98434700 0.48241000
vt 0.99159300 0.48240700
vt 0.98495700 0.48241100
vt 0.98556400 0.48241800
vt 0.98617000 0.48242800
vt 0.98677200 0.48243900
vt 0.98737100 0.48244600
vt 0.98796800 0.47922700
vt 0.98856800 0.47922700
vt 0.98916900 0.47922700
vt 0.98977200 0.47922700
vt 0.99037800 0.47922700
vt 0.99098600 0.47922700
vt 0.98434200 0.47922900
vt 0.99159500 0.47922700
vt 0.98495200 0.47922900
vt 0.98556000 0.47922800
vt 0.98616500 0.47922800
vt 0.98676800 0.47922700
vt 0.98736900 0.47922700
vt 0.98796800 0.47600500
vt 0.98856700 0.47600800
vt 0.98916700 0.47601600
vt 0.98977000 0.47602600
vt 0.99037500 0.47603700
vt 0.99098300 0.47604500
vt 0.98434300 0.47604800
vt 0.99159300 0.47604700
vt 0.98495300 0.47604600
vt 0.98556100 0.47603800
vt 0.98616600 0.47602700
vt 0.98676900 0.47601600
vt 0.98736900 0.47600800
vt 0.98796800 0.47287900
vt 0.98856500 0.47288500
vt 0.98916400 0.47290200
vt 0.98976600 0.47292500
vt 0.99037000 0.47294800
vt 0.99097800 0.47296400
vt 0.98434800 0.47297000
vt 0.99158800 0.47296900
vt 0.98495800 0.47296400
vt 0.98556500 0.47294800
vt 0.98617000 0.47292500
vt 0.98677100 0.47290200
vt 0.98737100 0.47288500
vt 0.98796700 0.46979300
vt 0.98856100 0.46980300
vt 0.98915700 0.46983100
vt 0.98975700 0.46986900
vt 0.99036100 0.46990800
vt 0.99096800 0.46993600
vt 0.99157800 0.46994500
vt 0.98435700 0.46994500
vt 0.98496700 0.46993600
vt 0.98557400 0.46990700
vt 0.98617800 0.46986900
vt 0.98677700 0.46983100
vt 0.98737300 0.46980300
vt 0.98796900 0.46670000
vt 0.98855700 0.46671600
vt 0.98914900 0.46676100
vt 0.98974400 0.46682400
vt 0.99034600 0.46688800
vt 0.99095300 0.46693800
vt 0.99156300 0.46695500
vt 0.98437400 0.46695400
vt 0.98498400 0.46693700
vt 0.98559100 0.46688800
vt 0.98619300 0.46682300
vt 0.98678900 0.46676100
vt 0.98738000 0.46671600
vt 0.98796900 0.46355400
vt 0.98855200 0.46358100
vt 0.98913900 0.46365600
vt 0.98973500 0.46376000
vt 0.99033800 0.46386900
vt 0.99094700 0.46395700
vt 0.98438100 0.46399500
vt 0.99155700 0.46399700
vt 0.98499200 0.46395600
vt 0.98560100 0.46386900
vt 0.98620400 0.46376000
vt 0.98680000 0.46365600
vt 0.98738700 0.46358100
vt 0.98797200 0.46029900
vt 0.98857300 0.46034400
vt 0.98917800 0.46046900
vt 0.98979200 0.46064500
vt 0.99041100 0.46082900
vt 0.99102900 0.46097900
vt 0.98430200 0.46106700
vt 0.99164000 0.46106900
vt 0.98491300 0.46097800
vt 0.98553100 0.46082800
vt 0.98615100 0.46064400
vt 0.98676500 0.46046900
vt 0.98737000 0.46034300
vt 0.98797300 0.45686100
vt 0.36077000 0.20238700
vt 0.36157100 0.20230600
vt 0.98877900 0.45694200
vt 0.98954800 0.45716400
vt 0.36233600 0.20208400
vt 0.36303700 0.20178300
vt 0.99025200 0.45746400
vt 0.36367500 0.20148000
vt 0.99089400 0.45776700
vt 0.36427800 0.20124200
vt 0.99149800 0.45800300
vt 0.36487600 0.20110000
vt 0.98385000 0.45814100
vt 0.99209700 0.45814500
vt 0.35666600 0.20111700
vt 0.98444800 0.45800100
vt 0.35726400 0.20125600
vt 0.35786800 0.20149000
vt 0.98505300 0.45776500
vt 0.35850700 0.20179000
vt 0.98569400 0.45746300
vt 0.98639800 0.45716300
vt 0.35920600 0.20208900
vt 0.35997000 0.20230800
vt 0.98716600 0.45694200
vt 0.36076600 0.19895100
vt 0.36136300 0.19890500
vt 0.36196400 0.19877900
vt 0.36257300 0.19860300
vt 0.36318900 0.19841900
vt 0.36380500 0.19826800
vt 0.35711100 0.19819100
vt 0.36441500 0.19817700
vt 0.35772100 0.19827900
vt 0.35833800 0.19842700
vt 0.35895500 0.19860900
vt 0.35956600 0.19878300
vt 0.36016900 0.19890700
vt 0.36075500 0.19569600
vt 0.36133300 0.19566800
vt 0.36191700 0.19559300
vt 0.36250900 0.19548900
vt 0.36311000 0.19537900
vt 0.36371700 0.19529100
vt 0.35718200 0.19526300
vt 0.36432700 0.19525100
vt 0.35779200 0.19530100
vt 0.35839900 0.19538600
vt 0.35900000 0.19549400
vt 0.35959200 0.19559700
vt 0.36017600 0.19567000
vt 0.36074700 0.19255000
vt 0.36133200 0.19253400
vt 0.36192000 0.19248800
vt 0.36251400 0.19242600
vt 0.36311400 0.19236100
vt 0.36372000 0.19231100
vt 0.35716600 0.19230400
vt 0.36432900 0.19229400
vt 0.35777500 0.19232000
vt 0.35838100 0.19236700
vt 0.35898100 0.19243000
vt 0.35957400 0.19249100
vt 0.36016200 0.19253500
vt 0.36074300 0.18945700
vt 0.36133500 0.18944700
vt 0.36192900 0.18941900
vt 0.36252700 0.18938100
vt 0.36312900 0.18934200
vt 0.36373500 0.18931400
vt 0.36434500 0.18930500
vt 0.35714100 0.18931300
vt 0.35775000 0.18932000
vt 0.35835600 0.18934700
vt 0.35895800 0.18938500
vt 0.35955600 0.18942100
vt 0.36015100 0.18944800
vt 0.36073800 0.18637100
vt 0.36133500 0.18636500
vt 0.36193300 0.18634800
vt 0.36253500 0.18632500
vt 0.36313900 0.18630200
vt 0.36374600 0.18628600
vt 0.35712300 0.18628600
vt 0.36435600 0.18628100
vt 0.35773200 0.18629000
vt 0.35833900 0.18630600
vt 0.35894300 0.18632800
vt 0.35954400 0.18635000
vt 0.36014200 0.18636600
vt 0.36073600 0.18324500
vt 0.36133500 0.18324200
vt 0.36193500 0.18323400
vt 0.36253800 0.18322300
vt 0.36314300 0.18321300
vt 0.36375100 0.18320500
vt 0.35711300 0.18320600
vt 0.36436100 0.18320200
vt 0.35772300 0.18320700
vt 0.35833000 0.18321500
vt 0.35893500 0.18322500
vt 0.35953800 0.18323500
vt 0.36013700 0.18324300
vt 0.07830800 0.74429300
vt 0.07827500 0.74453300
vt 0.07824200 0.74477400
vt 0.07821000 0.74501500
vt 0.07817800 0.74525700
vt 0.07854200 0.74260500
vt 0.07814600 0.74549900
vt 0.07851000 0.74284700
vt 0.07847600 0.74308900
vt 0.07844300 0.74333000
vt 0.07840900 0.74357100
vt 0.07837500 0.74381200
vt 0.07834100 0.74405300
vt 0.08159500 0.74473400
vt 0.08156400 0.74497500
vt 0.08153200 0.74521600
vt 0.08150000 0.74545600
vt 0.08146800 0.74569700
vt 0.08180000 0.74303100
vt 0.08143600 0.74593900
vt 0.08176900 0.74326200
vt 0.08174000 0.74351700
vt 0.08171100 0.74376100
vt 0.08168300 0.74400500
vt 0.08165400 0.74424800
vt 0.08162500 0.74449100
vt 0.08478400 0.74513400
vt 0.08475500 0.74537700
vt 0.08472400 0.74561900
vt 0.08469200 0.74586000
vt 0.08466000 0.74610200
vt 0.08495900 0.74342700
vt 0.08462900 0.74634400
vt 0.08493100 0.74367000
vt 0.08490500 0.74391400
vt 0.08488100 0.74415800
vt 0.08485800 0.74440300
vt 0.08483500 0.74464700
vt 0.08481100 0.74489100
vt 0.08792800 0.74551500
vt 0.08790100 0.74575800
vt 0.08787100 0.74600100
vt 0.08783900 0.74624300
vt 0.08780700 0.74648500
vt 0.08777700 0.74672700
vt 0.08807300 0.74380200
vt 0.08804600 0.74404600
vt 0.08802400 0.74429000
vt 0.08800600 0.74453600
vt 0.08798900 0.74478100
vt 0.08797100 0.74502600
vt 0.08795200 0.74527100
vt 0.09106500 0.74588200
vt 0.09103900 0.74612600
vt 0.09100800 0.74636900
vt 0.09097500 0.74661200
vt 0.09094200 0.74685400
vt 0.09091200 0.74709700
vt 0.09117200 0.74416600
vt 0.09114700 0.74441000
vt 0.09113000 0.74465500
vt 0.09111900 0.74490100
vt 0.09110900 0.74514700
vt 0.09109900 0.74539300
vt 0.09108500 0.74563800
vt 0.09422500 0.74625800
vt 0.09420000 0.74650000
vt 0.09416600 0.74674000
vt 0.09412800 0.74697900
vt 0.09409100 0.74721900
vt 0.09427700 0.74452900
vt 0.09406100 0.74746000
vt 0.09425600 0.74477300
vt 0.09424700 0.74502000
vt 0.09424400 0.74526800
vt 0.09424600 0.74551700
vt 0.09424600 0.74576600
vt 0.09424100 0.74601300
vt 0.09745900 0.74655800
vt 0.09743100 0.74680200
vt 0.09738800 0.74704600
vt 0.09733700 0.74728800
vt 0.09729000 0.74753100
vt 0.09742600 0.74482700
vt 0.09725600 0.74777400
vt 0.09741000 0.74507100
vt 0.09741000 0.74531900
vt 0.09742300 0.74556900
vt 0.09744300 0.74581800
vt 0.09746100 0.74606700
vt 0.09746800 0.74631300
vt 0.10081200 0.74693500
vt 0.10077900 0.74717600
vt 0.10071900 0.74741400
vt 0.10064500 0.74765200
vt 0.10057500 0.74789100
vt 0.10065500 0.74517900
vt 0.10052900 0.74813300
vt 0.10064500 0.74542400
vt 0.10065800 0.74567500
vt 0.10069300 0.74593000
vt 0.10074100 0.74618600
vt 0.10078600 0.74644000
vt 0.10081300 0.74669000
vt 0.10420600 0.74726400
vt 0.84976500 0.30850300
vt 0.10415700 0.74754700
vt 0.85005100 0.30852600
vt 0.10406200 0.74781800
vt 0.85033500 0.30850100
vt 0.85061200 0.30845100
vt 0.10394200 0.74807400
vt 0.85087600 0.30840400
vt 0.10383000 0.74831800
vt 0.84802800 0.30773000
vt 0.10388100 0.74538700
vt 0.10375600 0.74855800
vt 0.85112600 0.30839200
vt 0.10386800 0.74563000
vt 0.84826700 0.30777800
vt 0.10389500 0.74587900
vt 0.84850000 0.30786500
vt 0.10396400 0.74613600
vt 0.84873300 0.30799400
vt 0.84897100 0.30814700
vt 0.10405500 0.74640500
vt 0.84922100 0.30830000
vt 0.10414200 0.74668600
vt 0.10419900 0.74697400
vt 0.84948600 0.30842500
vt 0.85024700 0.30523600
vt 0.85048900 0.30526400
vt 0.85074100 0.30526600
vt 0.85099400 0.30525500
vt 0.85124600 0.30524800
vt 0.85149200 0.30526500
vt 0.84859400 0.30465300
vt 0.84883600 0.30470500
vt 0.84907800 0.30478000
vt 0.84931700 0.30487600
vt 0.84955200 0.30498500
vt 0.84978400 0.30509000
vt 0.85001500 0.30517700
vt 0.85076100 0.30206100
vt 0.85099900 0.30209400
vt 0.85123500 0.30211000
vt 0.85147400 0.30212000
vt 0.85171500 0.30213300
vt 0.85195700 0.30215900
vt 0.84909300 0.30159900
vt 0.84933200 0.30164400
vt 0.84956800 0.30170500
vt 0.84980500 0.30177900
vt 0.85004100 0.30186000
vt 0.85027900 0.30194000
vt 0.85051900 0.30200800
vt 0.85118300 0.29891000
vt 0.85142300 0.29894500
vt 0.85166600 0.29897100
vt 0.85190900 0.29899200
vt 0.85215200 0.29901600
vt 0.85239500 0.29904500
vt 0.84950700 0.29852900
vt 0.84974800 0.29856900
vt 0.84998900 0.29862000
vt 0.85022800 0.29868000
vt 0.85046600 0.29874400
vt 0.85070400 0.29880700
vt 0.85094300 0.29886400
vt 0.85161400 0.29575900
vt 0.85185500 0.29579400
vt 0.85209700 0.29582400
vt 0.85234000 0.29585100
vt 0.85258200 0.29587800
vt 0.84993100 0.29543300
vt 0.85282400 0.29590900
vt 0.85017300 0.29547000
vt 0.85041400 0.29551500
vt 0.85065400 0.29556500
vt 0.85089400 0.29561800
vt 0.85113300 0.29567000
vt 0.85137300 0.29571700
vt 0.85204700 0.29256600
vt 0.85228800 0.29260000
vt 0.85253000 0.29263100
vt 0.85277200 0.29266100
vt 0.85301400 0.29269100
vt 0.85036000 0.29228300
vt 0.85325600 0.29272200
vt 0.85060200 0.29231900
vt 0.85084300 0.29235800
vt 0.85108500 0.29240000
vt 0.85132500 0.29244400
vt 0.85156600 0.29248700
vt 0.85180700 0.29252800
vt 0.85249000 0.28927300
vt 0.85273100 0.28930500
vt 0.85297200 0.28933700
vt 0.85321300 0.28936900
vt 0.85345500 0.28940100
vt 0.85369700 0.28943300
vt 0.85080700 0.28903000
vt 0.85104900 0.28906400
vt 0.85129000 0.28909800
vt 0.85153000 0.28913400
vt 0.85177000 0.28916900
vt 0.85201000 0.28920400
vt 0.85225000 0.28923900
vt 0.85294800 0.28598300
vt 0.85318800 0.28601400
vt 0.85342800 0.28604700
vt 0.85366800 0.28608000
vt 0.85390800 0.28611300
vt 0.85126100 0.28577700
vt 0.85415000 0.28614600
vt 0.85150200 0.28580900
vt 0.85174400 0.28584000
vt 0.85198600 0.28586900
vt 0.85222700 0.28589700
vt 0.85246800 0.28592500
vt 0.85270800 0.28595300
vt 0.85338200 0.28279500
vt 0.85362100 0.28282400
vt 0.85385900 0.28285700
vt 0.85409700 0.28289100
vt 0.85433700 0.28292500
vt 0.85457800 0.28295800
vt 0.85169200 0.28262600
vt 0.85193400 0.28265600
vt 0.85217600 0.28268200
vt 0.85241900 0.28270400
vt 0.85266000 0.28272500
vt 0.85290200 0.28274600
vt 0.85314200 0.28276900
vt 0.85378800 0.27965000
vt 0.85402600 0.27967800
vt 0.85426400 0.27971200
vt 0.85450300 0.27974800
vt 0.85474300 0.27978400
vt 0.85210200 0.27952400
vt 0.85498400 0.27981700
vt 0.85234500 0.27955200
vt 0.85258700 0.27957200
vt 0.85282900 0.27958700
vt 0.85307000 0.27959900
vt 0.85331100 0.27961200
vt 0.85355000 0.27962800
vt 0.85420200 0.27651300
vt 0.85443800 0.27654100
vt 0.85467300 0.27657700
vt 0.85490900 0.27661800
vt 0.85514700 0.27665700
vt 0.85538700 0.27669100
vt 0.85250400 0.27644200
vt 0.85274700 0.27646600
vt 0.85299100 0.27647900
vt 0.85323500 0.27648500
vt 0.85347900 0.27648600
vt 0.85372200 0.27648800
vt 0.85396300 0.27649600
vt 0.85456500 0.27334100
vt 0.85480000 0.27337100
vt 0.85503400 0.27341500
vt 0.85526900 0.27346700
vt 0.85550700 0.27351700
vt 0.85287400 0.27335300
vt 0.85574800 0.27355300
vt 0.85311700 0.27337300
vt 0.85336100 0.27337600
vt 0.85360500 0.27336600
vt 0.85384800 0.27334900
vt 0.85408900 0.27333400
vt 0.85432800 0.27333000
vt 0.85494800 0.27009700
vt 0.85518000 0.27013200
vt 0.85541100 0.27019400
vt 0.85564300 0.27026900
vt 0.85587800 0.27034000
vt 0.85611800 0.27038800
vt 0.85323600 0.27023300
vt 0.85348100 0.27024600
vt 0.85372800 0.27023600
vt 0.85397700 0.27020500
vt 0.85422500 0.27016100
vt 0.85447100 0.27011900
vt 0.85471200 0.27009400
vt 0.05584600 0.74084000
vt 0.85532000 0.26671100
vt 0.05582000 0.74111600
vt 0.85559400 0.26676200
vt 0.05584100 0.74139400
vt 0.85585600 0.26685900
vt 0.05588900 0.74166700
vt 0.85610500 0.26698000
vt 0.85634400 0.26709400
vt 0.05593200 0.74192900
vt 0.85348200 0.26701300
vt 0.85658200 0.26717000
vt 0.05593800 0.74217800
vt 0.05664400 0.73916200
vt 0.85372500 0.26702900
vt 0.05659100 0.73939900
vt 0.05650000 0.73962700
vt 0.85397000 0.26700500
vt 0.85422300 0.26694000
vt 0.05636800 0.73985200
vt 0.85448600 0.26685300
vt 0.05621200 0.74008000
vt 0.05605600 0.74031900
vt 0.85476000 0.26676900
vt 0.85504000 0.26671500
vt 0.05592700 0.74057200
vt 0.05920200 0.74143700
vt 0.05917200 0.74166900
vt 0.05916800 0.74190700
vt 0.05917700 0.74215000
vt 0.05918000 0.74239600
vt 0.05915900 0.74263900
vt 0.05980400 0.73983300
vt 0.05974800 0.74007100
vt 0.05967100 0.74030600
vt 0.05957200 0.74053600
vt 0.05946100 0.74076200
vt 0.05935300 0.74098600
vt 0.05926300 0.74121000
vt 0.06242500 0.74197100
vt 0.06239000 0.74220400
vt 0.06236900 0.74244100
vt 0.06235400 0.74268100
vt 0.06233600 0.74292200
vt 0.06290200 0.74034700
vt 0.06230500 0.74316400
vt 0.06285300 0.74058600
vt 0.06278900 0.74082300
vt 0.06271200 0.74105500
vt 0.06263000 0.74128400
vt 0.06254900 0.74151200
vt 0.06247900 0.74174100
vt 0.06557500 0.74249000
vt 0.06553700 0.74272400
vt 0.06550800 0.74296100
vt 0.06548300 0.74319900
vt 0.06545500 0.74344000
vt 0.06542100 0.74368000
vt 0.06597000 0.74085100
vt 0.06592600 0.74109000
vt 0.06587200 0.74132700
vt 0.06581100 0.74156200
vt 0.06574500 0.74179500
vt 0.06568100 0.74202600
vt 0.06562300 0.74225800
vt 0.06869700 0.74298800
vt 0.06866000 0.74322300
vt 0.06862800 0.74345900
vt 0.06859900 0.74369500
vt 0.06856800 0.74393300
vt 0.06853500 0.74417400
vt 0.06904000 0.74131800
vt 0.06900000 0.74155900
vt 0.06895300 0.74179900
vt 0.06890100 0.74203900
vt 0.06884600 0.74227700
vt 0.06879200 0.74251500
vt 0.06874200 0.74275200
vt 0.07183700 0.74340900
vt 0.07180100 0.74364700
vt 0.07176800 0.74388600
vt 0.07173700 0.74412600
vt 0.07170500 0.74436800
vt 0.07213600 0.74174500
vt 0.07167200 0.74460900
vt 0.07210000 0.74198600
vt 0.07205900 0.74222600
vt 0.07201400 0.74246400
vt 0.07196800 0.74270100
vt 0.07192200 0.74293700
vt 0.07187800 0.74317200
vt 0.07502000 0.74385900
vt 0.07498500 0.74409800
vt 0.07495300 0.74433700
vt 0.07492100 0.74457600
vt 0.07488900 0.74481600
vt 0.07485700 0.74505800
vt 0.07528600 0.74217600
vt 0.07525200 0.74241800
vt 0.07521500 0.74265900
vt 0.07517600 0.74290000
vt 0.07513500 0.74314100
vt 0.07509500 0.74338100
vt 0.07505700 0.74362100
vt 0.38630400 0.64915500
vt 0.38639400 0.65090700
vt 0.38678700 0.65261400
vt 0.38750400 0.65416500
vt 0.38847500 0.65548800
vt 0.38957300 0.65657600
vt 0.39066300 0.65748700
vt 0.39164500 0.65832600
vt 0.39251800 0.65918100
vt 0.38623400 0.64346700
vt 0.38653300 0.64464000
vt 0.38654400 0.64596400
vt 0.38641100 0.64747800
vt 0.39379500 0.64723200
vt 0.39379700 0.64844500
vt 0.39403300 0.64962800
vt 0.39455200 0.65076000
vt 0.39533400 0.65182700
vt 0.39629400 0.65282900
vt 0.39730400 0.65378700
vt 0.39824000 0.65473300
vt 0.39373500 0.64244600
vt 0.39902200 0.65569600
vt 0.39399100 0.64360900
vt 0.39402500 0.64479900
vt 0.39391700 0.64601100
vt 0.39796400 0.64634300
vt 0.39806900 0.64745500
vt 0.39833300 0.64847700
vt 0.39878100 0.64940200
vt 0.39940000 0.65026700
vt 0.40014600 0.65112600
vt 0.40094100 0.65202600
vt 0.40169300 0.65299200
vt 0.40230300 0.65404300
vt 0.39756300 0.64157100
vt 0.39780300 0.64276300
vt 0.39792500 0.64397000
vt 0.39794900 0.64517100
vt 0.40134700 0.64531200
vt 0.40156600 0.64617700
vt 0.40183500 0.64701500
vt 0.40219000 0.64789000
vt 0.40263500 0.64881700
vt 0.40314700 0.64978900
vt 0.40369400 0.65081100
vt 0.40423400 0.65189000
vt 0.40471900 0.65300900
vt 0.40016300 0.64090500
vt 0.40053100 0.64207600
vt 0.40085900 0.64324600
vt 0.40112500 0.64434200
vt 0.40481000 0.64440000
vt 0.40548000 0.64532100
vt 0.40595800 0.64618800
vt 0.40622100 0.64703400
vt 0.40630900 0.64792200
vt 0.40630000 0.64891100
vt 0.40629200 0.65001300
vt 0.40637700 0.65118800
vt 0.40661600 0.65237200
vt 0.40201000 0.64021300
vt 0.40255900 0.64132600
vt 0.40324600 0.64240500
vt 0.40402800 0.64342900
vt 0.40891200 0.64217300
vt 0.40977600 0.64309800
vt 0.41044400 0.64411500
vt 0.41083400 0.64523700
vt 0.41093900 0.64644600
vt 0.41083400 0.64770700
vt 0.41065600 0.64897900
vt 0.41055900 0.65021900
vt 0.41066800 0.65142100
vt 0.40578400 0.63835400
vt 0.40635900 0.63941500
vt 0.40709200 0.64039000
vt 0.40797400 0.64129100
vt 0.41375400 0.64017500
vt 0.41458500 0.64124000
vt 0.41526300 0.64238800
vt 0.41571100 0.64363200
vt 0.41591400 0.64494700
vt 0.41592300 0.64632100
vt 0.41584700 0.64768900
vt 0.41581900 0.64902600
vt 0.41596000 0.65027800
vt 0.41093000 0.63600600
vt 0.41143900 0.63710200
vt 0.41208800 0.63815000
vt 0.41288400 0.63916100
vt 0.41784800 0.63847900
vt 0.41838900 0.63972100
vt 0.41888100 0.64103800
vt 0.41929400 0.64241400
vt 0.41961900 0.64381300
vt 0.41987600 0.64519500
vt 0.42010200 0.64652700
vt 0.42034600 0.64779000
vt 0.41590200 0.63399000
vt 0.42066100 0.64898000
vt 0.41632200 0.63510100
vt 0.41678600 0.63619700
vt 0.41730100 0.63731200
vt 0.42138300 0.63748000
vt 0.42168500 0.63876400
vt 0.42197800 0.64009800
vt 0.42227800 0.64146400
vt 0.42260400 0.64282700
vt 0.42296400 0.64415300
vt 0.42335500 0.64541800
vt 0.42376300 0.64661800
vt 0.42416300 0.64777500
vt 0.42004400 0.63274600
vt 0.42037200 0.63390300
vt 0.42072100 0.63506400
vt 0.42106200 0.63625000
vt 0.42494300 0.63660800
vt 0.42504200 0.63790100
vt 0.42514600 0.63923200
vt 0.42531400 0.64057300
vt 0.42559600 0.64188900
vt 0.42600300 0.64315200
vt 0.42650800 0.64435100
vt 0.42704900 0.64549600
vt 0.42753600 0.64662400
vt 0.42405100 0.63181900
vt 0.42431500 0.63299000
vt 0.42458300 0.63416200
vt 0.42479800 0.63536200
vt 0.42877500 0.63595800
vt 0.42865200 0.63722200
vt 0.42853100 0.63848900
vt 0.42852900 0.63973800
vt 0.42873200 0.64093400
vt 0.42916400 0.64205600
vt 0.42977400 0.64310300
vt 0.43046100 0.64411200
vt 0.42817500 0.63111500
vt 0.43110600 0.64514400
vt 0.42845000 0.63229900
vt 0.42869200 0.63349300
vt 0.42880600 0.63471200
vt 0.43080600 0.63601100
vt 0.43063400 0.63729600
vt 0.43046400 0.63845300
vt 0.43041400 0.63948400
vt 0.43055300 0.64041500
vt 0.43090900 0.64128400
vt 0.43146000 0.64214100
vt 0.43213200 0.64304600
vt 0.43025500 0.63071300
vt 0.43281500 0.64402700
vt 0.43052500 0.63194000
vt 0.43077200 0.63325600
vt 0.43087400 0.63463900
vt 0.77421400 0.72389600
vt 0.77377400 0.72276100
vt 0.77333400 0.72162500
vt 0.77289500 0.72048900
vt 0.77773100 0.73298000
vt 0.77245500 0.71935200
vt 0.77729100 0.73184300
vt 0.77685100 0.73070700
vt 0.77641200 0.72957100
vt 0.77597200 0.72843600
vt 0.77553200 0.72730100
vt 0.77509300 0.72616600
vt 0.77465300 0.72503100
vt 0.56323100 0.51532200
vt 0.76894400 0.72985000
vt 0.76850400 0.72871500
vt 0.56444300 0.51518700
vt 0.76938400 0.73098500
vt 0.56211500 0.51483200
vt 0.76982300 0.73212000
vt 0.56139600 0.51384800
vt 0.56126700 0.51263600
vt 0.77026300 0.73325600
vt 0.56176200 0.51152300
vt 0.77070300 0.73439200
vt 0.77114200 0.73552900
vt 0.56274900 0.51080700
vt 0.56272400 0.51079600
vt 0.76586700 0.72190100
vt 0.76630600 0.72303800
vt 0.56393600 0.51066400
vt 0.56505200 0.51115300
vt 0.76674600 0.72417400
vt 0.56577400 0.51213500
vt 0.76718600 0.72531000
vt 0.76762600 0.72644500
vt 0.56591000 0.51334500
vt 0.56542300 0.51446300
vt 0.76806500 0.72758000
vt 0.56219900 0.51166600
vt 0.60631600 0.48691800
vt 0.60726600 0.48715600
vt 0.56304400 0.51117200
vt 0.59728700 0.48239500
vt 0.56302100 0.51116100
vt 0.59807300 0.48299400
vt 0.56399700 0.51115000
vt 0.59887200 0.48361000
vt 0.56484600 0.51163000
vt 0.56534200 0.51247000
vt 0.59965200 0.48424200
vt 0.60353200 0.48635100
vt 0.56220900 0.51436600
vt 0.60270700 0.48612200
vt 0.56305700 0.51484800
vt 0.60441500 0.48653400
vt 0.56171700 0.51351600
vt 0.56171400 0.51252600
vt 0.60535400 0.48671200
vt 0.60041100 0.48485000
vt 0.56535200 0.51345300
vt 0.60116600 0.48538500
vt 0.56487300 0.51432000
vt 0.60192600 0.48580900
vt 0.56403300 0.51483100
vt 0.60393900 0.48859800
vt 0.60491900 0.48884000
vt 0.60325800 0.49043800
vt 0.60421700 0.49083200
vt 0.60237200 0.49233400
vt 0.60322700 0.49294900
vt 0.60100600 0.49463500
vt 0.60172800 0.49535900
vt 0.59952600 0.49701900
vt 0.60018200 0.49771600
vt 0.59828300 0.49899900
vt 0.59903700 0.49946000
vt 0.59752500 0.50066000
vt 0.59840800 0.50087100
vt 0.59700200 0.50233300
vt 0.59803000 0.50228500
vt 0.59684200 0.50530600
vt 0.59810800 0.50492500
vt 0.59385700 0.50517600
vt 0.59538100 0.50545800
vt 0.59602700 0.50227600
vt 0.59514000 0.50204800
vt 0.59672800 0.50042900
vt 0.59600900 0.50015500
vt 0.59759300 0.49858000
vt 0.59693700 0.49821900
vt 0.59886000 0.49638100
vt 0.59813900 0.49586900
vt 0.60024100 0.49393900
vt 0.59940100 0.49338400
vt 0.60146900 0.49172600
vt 0.60050300 0.49117500
vt 0.60226600 0.49001800
vt 0.60125300 0.48957200
vt 0.60294800 0.48831700
vt 0.60196600 0.48796400
vt 0.60101600 0.48752400
vt 0.60011300 0.48700400
vt 0.59925800 0.48643100
vt 0.59843600 0.48584500
vt 0.59762600 0.48527900
vt 0.59648300 0.48721600
vt 0.59737100 0.48767200
vt 0.59540900 0.48955500
vt 0.59637700 0.48981500
vt 0.59445800 0.49238400
vt 0.59544700 0.49251200
vt 0.59362500 0.49503900
vt 0.59458000 0.49516700
vt 0.59305600 0.49667400
vt 0.59394300 0.49704400
vt 0.59250700 0.49765700
vt 0.59326500 0.49828400
vt 0.59184600 0.49847000
vt 0.59244300 0.49932800
vt 0.59005800 0.49977700
vt 0.59041300 0.50079800
vt 0.58959300 0.49896000
vt 0.60017100 0.50435100
vt 0.58898300 0.49824200
vt 0.59918600 0.50455300
vt 0.59051400 0.49698000
vt 0.60005900 0.50226200
vt 0.59906300 0.50223000
vt 0.59094300 0.49647200
vt 0.60028800 0.50135400
vt 0.59934700 0.50108900
vt 0.60071400 0.50040100
vt 0.59128900 0.49583500
vt 0.59985800 0.49993600
vt 0.60163600 0.49899300
vt 0.59177800 0.49449400
vt 0.60087400 0.49839400
vt 0.59257900 0.49188200
vt 0.60322900 0.49664400
vt 0.60245400 0.49604800
vt 0.60489100 0.49403200
vt 0.59357900 0.48891000
vt 0.60405800 0.49352200
vt 0.59474600 0.48633500
vt 0.60606300 0.49156800
vt 0.60515000 0.49120400
vt 0.60682400 0.48932400
vt 0.59599300 0.48422600
vt 0.60588000 0.48907600
vt 0.59681100 0.48474600
vt 0.59561100 0.48677400
vt 0.59448200 0.48925400
vt 0.59350600 0.49216900
vt 0.59269200 0.49480500
vt 0.59216600 0.49625600
vt 0.59172900 0.49704300
vt 0.59119300 0.49768700
vt 0.59082500 0.50199500
vt 0.59147200 0.50326100
vt 0.59249200 0.50439900
vt 0.59435200 0.50161700
vt 0.59365600 0.50098500
vt 0.59533800 0.49981500
vt 0.59467600 0.49939000
vt 0.59627600 0.49791300
vt 0.59556700 0.49763800
vt 0.59734100 0.49552000
vt 0.59646700 0.49532700
vt 0.59847700 0.49297700
vt 0.59748700 0.49273000
vt 0.59948200 0.49071400
vt 0.59843400 0.49035100
vt 0.60024000 0.48910400
vt 0.59924700 0.48862400
vt 0.59829000 0.48814400
vt 0.59739000 0.49006500
vt 0.59646600 0.49260100
vt 0.59553700 0.49523600
vt 0.59478900 0.49735900
vt 0.59399000 0.49887500
vt 0.59303000 0.50019400
vt 0.76197100 0.66240800
vt 0.76229400 0.66162000
vt 0.76241100 0.66078200
vt 0.76235900 0.65995600
vt 0.76222600 0.65918600
vt 0.76212100 0.65849100
vt 0.75889400 0.66554800
vt 0.76214400 0.65786400
vt 0.75921900 0.66503600
vt 0.75965900 0.66457800
vt 0.76022000 0.66413900
vt 0.76085100 0.66366300
vt 0.76146500 0.66309500
vt 0.75767000 0.66061500
vt 0.75789000 0.66006900
vt 0.75799800 0.65948400
vt 0.75802300 0.65886700
vt 0.75801500 0.65823400
vt 0.75803700 0.65760400
vt 0.75814200 0.65699900
vt 0.75537100 0.66358900
vt 0.75567800 0.66305800
vt 0.75605100 0.66255100
vt 0.75648100 0.66206900
vt 0.75692800 0.66160000
vt 0.75734000 0.66112100
vt 0.75525400 0.65968800
vt 0.75544500 0.65919400
vt 0.75558600 0.65867300
vt 0.75569200 0.65811800
vt 0.75578900 0.65753800
vt 0.75590500 0.65694400
vt 0.75606900 0.65635700
vt 0.75352600 0.66275500
vt 0.75378000 0.66219900
vt 0.75407500 0.66165800
vt 0.75439500 0.66113900
vt 0.75471400 0.66064500
vt 0.75500700 0.66016600
vt 0.75292600 0.65878900
vt 0.75310500 0.65829200
vt 0.75328900 0.65779600
vt 0.75348000 0.65728700
vt 0.75368200 0.65675800
vt 0.75389200 0.65620400
vt 0.75172700 0.66208600
vt 0.75410800 0.65563800
vt 0.75193300 0.66151000
vt 0.75215000 0.66093500
vt 0.75236000 0.66037000
vt 0.75255900 0.65982300
vt 0.75274600 0.65929700
vt 0.75023400 0.65786900
vt 0.75041300 0.65731700
vt 0.75064300 0.65678300
vt 0.75091600 0.65628000
vt 0.75121200 0.65574900
vt 0.75150300 0.65521900
vt 0.75175600 0.65466600
vt 0.74943900 0.66136300
vt 0.74962200 0.66078000
vt 0.74978000 0.66019500
vt 0.74990200 0.65960800
vt 0.75000100 0.65902100
vt 0.75010300 0.65843900
vt 0.74710200 0.65682800
vt 0.74728900 0.65624100
vt 0.74752900 0.65567500
vt 0.74780900 0.65512700
vt 0.74810700 0.65459200
vt 0.74839400 0.65405800
vt 0.74863800 0.65350500
vt 0.74630700 0.66042100
vt 0.74649400 0.65983900
vt 0.74664500 0.65924300
vt 0.74676200 0.65864000
vt 0.74686000 0.65803400
vt 0.74696500 0.65742800
vt 0.74377200 0.65561500
vt 0.74396800 0.65502700
vt 0.74420100 0.65445200
vt 0.74446000 0.65388900
vt 0.74472900 0.65333400
vt 0.74498700 0.65277900
vt 0.74287800 0.65914100
vt 0.74521600 0.65221500
vt 0.74306600 0.65857100
vt 0.74321900 0.65799600
vt 0.74335200 0.65740800
vt 0.74347700 0.65681100
vt 0.74361100 0.65621200
vt 0.74047400 0.65444000
vt 0.74068000 0.65386000
vt 0.74090900 0.65328900
vt 0.74115500 0.65272400
vt 0.74140400 0.65216300
vt 0.74164100 0.65159900
vt 0.73949800 0.65798200
vt 0.74185500 0.65102800
vt 0.73968300 0.65740100
vt 0.73984500 0.65681100
vt 0.73999200 0.65621700
vt 0.74013800 0.65562200
vt 0.74029500 0.65502800
vt 0.73700800 0.65320600
vt 0.73721400 0.65263100
vt 0.73744600 0.65206500
vt 0.73769500 0.65150600
vt 0.73794700 0.65094700
vt 0.73818900 0.65038600
vt 0.73604600 0.65674900
vt 0.73840700 0.64981700
vt 0.73623200 0.65616800
vt 0.73639000 0.65557700
vt 0.73653300 0.65498100
vt 0.73667500 0.65438300
vt 0.73683000 0.65379100
vt 0.73331200 0.65189700
vt 0.73352300 0.65132100
vt 0.73376600 0.65075600
vt 0.73402900 0.65019800
vt 0.73429700 0.64964200
vt 0.73455200 0.64908200
vt 0.73478200 0.64851700
vt 0.73240600 0.65548400
vt 0.73258200 0.65489800
vt 0.73273000 0.65429900
vt 0.73286100 0.65369300
vt 0.73299100 0.65308700
vt 0.73313700 0.65248600
vt 0.72937400 0.65053100
vt 0.72961100 0.64989700
vt 0.72988500 0.64928500
vt 0.73018000 0.64869900
vt 0.73047300 0.64813200
vt 0.73074500 0.64757300
vt 0.73098500 0.64701200
vt 0.72850500 0.65427400
vt 0.72866900 0.65368900
vt 0.72880200 0.65309000
vt 0.72891700 0.65247000
vt 0.72903800 0.65183000
vt 0.72918500 0.65118000
vt 0.60400700 0.76841500
vt 0.60433200 0.76884800
vt 0.60473500 0.76918500
vt 0.60516200 0.76943100
vt 0.60556400 0.76962200
vt 0.60591100 0.76980900
vt 0.60354900 0.76577800
vt 0.60620900 0.77002600
vt 0.60363500 0.76613200
vt 0.60367400 0.76651200
vt 0.60368100 0.76693800
vt 0.60370400 0.76741400
vt 0.60379900 0.76792000
vt 0.60532000 0.76762400
vt 0.60552800 0.76790500
vt 0.60579600 0.76815200
vt 0.60610600 0.76837800
vt 0.60643100 0.76859700
vt 0.60673900 0.76883200
vt 0.60472300 0.76543000
vt 0.60701100 0.76909000
vt 0.60484500 0.76578100
vt 0.60493500 0.76615800
vt 0.60500400 0.76655100
vt 0.60507400 0.76693900
vt 0.60517200 0.76730100
vt 0.60656200 0.76684700
vt 0.60674600 0.76711200
vt 0.60695700 0.76736600
vt 0.60719300 0.76762000
vt 0.60744300 0.76788200
vt 0.60768800 0.76815600
vt 0.60791000 0.76844400
vt 0.60567500 0.76493000
vt 0.60584600 0.76525500
vt 0.60599400 0.76559400
vt 0.60613000 0.76593300
vt 0.60626300 0.76625800
vt 0.60640300 0.76656400
vt 0.60780700 0.76604200
vt 0.60799100 0.76631900
vt 0.60817700 0.76659700
vt 0.60836900 0.76687900
vt 0.60856800 0.76716800
vt 0.60877000 0.76746500
vt 0.60896900 0.76777000
vt 0.60669100 0.76426300
vt 0.60689000 0.76457000
vt 0.60707800 0.76487900
vt 0.60726200 0.76518300
vt 0.60744400 0.76547700
vt 0.60762500 0.76576300
vt 0.60923400 0.76511900
vt 0.60943500 0.76540900
vt 0.60962200 0.76570600
vt 0.60979800 0.76600900
vt 0.60996900 0.76631800
vt 0.61014400 0.76663100
vt 0.61032800 0.76694400
vt 0.60796700 0.76337600
vt 0.60817100 0.76367900
vt 0.60837600 0.76397800
vt 0.60858800 0.76426900
vt 0.60880500 0.76455300
vt 0.60902200 0.76483500
vt 0.61104900 0.76392700
vt 0.61126300 0.76422400
vt 0.61146400 0.76452900
vt 0.61165000 0.76484100
vt 0.61182600 0.76515800
vt 0.61200100 0.76547700
vt 0.60976800 0.76216100
vt 0.61218500 0.76579100
vt 0.60996600 0.76246700
vt 0.61016800 0.76276800
vt 0.61037800 0.76306100
vt 0.61059900 0.76335000
vt 0.61082500 0.76363700
vt 0.61305000 0.76262900
vt 0.61326100 0.76292600
vt 0.61346300 0.76323000
vt 0.61365400 0.76354100
vt 0.61383800 0.76385700
vt 0.61402000 0.76417500
vt 0.61421000 0.76448800
vt 0.61181000 0.76084600
vt 0.61200400 0.76115400
vt 0.61220200 0.76145700
vt 0.61240600 0.76175400
vt 0.61261800 0.76204600
vt 0.61281400 0.76233600
vt 0.61494400 0.76140800
vt 0.61513300 0.76171100
vt 0.61531500 0.76202200
vt 0.61549100 0.76234100
vt 0.61566700 0.76266300
vt 0.61584900 0.76298300
vt 0.61370200 0.75965600
vt 0.61604200 0.76329400
vt 0.61390300 0.75996000
vt 0.61411300 0.76025400
vt 0.61432600 0.76054200
vt 0.61453800 0.76082700
vt 0.61474500 0.76111500
vt 0.61668400 0.76031100
vt 0.61685900 0.76062100
vt 0.61702000 0.76094200
vt 0.61717600 0.76127000
vt 0.61733500 0.76160000
vt 0.61750500 0.76192500
vt 0.61539700 0.75857900
vt 0.61769000 0.76224000
vt 0.61560400 0.75887900
vt 0.61582800 0.75916700
vt 0.61605700 0.75944700
vt 0.61628100 0.75972700
vt 0.61649100 0.76001300
vt 0.61846200 0.75920000
vt 0.61862500 0.75952300
vt 0.61876700 0.75986200
vt 0.61890000 0.76020900
vt 0.61903800 0.76055500
vt 0.61919200 0.76089100
vt 0.61936500 0.76121400
vt 0.61708400 0.75749000
vt 0.61730300 0.75778400
vt 0.61754700 0.75806200
vt 0.61780000 0.75833400
vt 0.61804600 0.75860900
vt 0.61826900 0.75889600
vt 0.62129000 0.75743900
vt 0.62146100 0.75783800
vt 0.62158400 0.75824700
vt 0.62168200 0.75864800
vt 0.62178400 0.75902700
vt 0.62191300 0.75937700
vt 0.62208000 0.75970100
vt 0.61962600 0.75566900
vt 0.61987200 0.75594500
vt 0.62016000 0.75620100
vt 0.62047300 0.75645900
vt 0.62078100 0.75674300
vt 0.62106000 0.75706900
f 85/85/85 420/420/420 423/423/423
f 423/423/423 425/425/425 85/85/85
f 92/92/92 85/85/85 425/425/425
f 425/425/425 431/431/431 92/92/92
f 98/98/98 92/92/92 431/431/431
f 431/431/431 437/437/437 98/98/98
f 104/104/104 98/98/98 437/437/437
f 437/437/437 442/442/442 104/104/104
f 109/109/109 104/104/104 442/442/442
f 442/442/442 449/449/449 109/109/109
f 115/115/115 109/109/109 449/449/449
f 449/449/449 455/455/455 115/115/115
f 122/122/122 115/115/115 455/455/455
f 455/455/455 460/460/460 122/122/122
f 128/128/128 122/122/122 460/460/460
f 460/460/460 466/466/466 128/128/128
f 133/133/133 128/128/128 466/466/466
f 466/466/466 473/473/473 133/133/133
f 140/140/140 133/133/133 473/473/473
f 473/473/473 478/478/478 140/140/140
f 145/145/145 140/140/140 478/478/478
f 478/478/478 485/485/485 145/145/145
f 152/152/152 145/145/145 485/485/485
f 485/485/485 491/491/491 152/152/152
f 162/162/162 152/152/152 491/491/491
f 491/491/491 497/497/497 162/162/162
f 170/170/170 161/161/161 496/496/496
f 496/496/496 508/508/508 170/170/170
f 175/175/175 170/170/170 508/508/508
f 508/508/508 515/515/515 175/175/175
f 181/181/181 175/175/175 515/515/515
f 515/515/515 520/520/520 181/181/181
f 529/529/529 181/181/181 520/520/520
f 520/520/520 526/526/526 529/529/529
f 420/420/420 529/529/529 526/526/526
f 526/526/526 423/423/423 420/420/420
f 306/306/306 308/308/308 310/310/310
f 310/310/310 311/311/311 313/313/313
f 313/313/313 315/315/315 318/318/318
f 310/310/310 313/313/313 318/318/318
f 318/318/318 319/319/319 321/321/321
f 321/321/321 324/324/324 325/325/325
f 318/318/318 321/321/321 325/325/325
f 325/325/325 328/328/328 330/330/330
f 330/330/330 331/331/331 334/334/334
f 325/325/325 330/330/330 334/334/334
f 318/318/318 325/325/325 334/334/334
f 310/310/310 318/318/318 334/334/334
f 334/334/334 337/337/337 338/338/338
f 310/310/310 334/334/334 338/338/338
f 306/306/306 310/310/310 338/338/338
f 340/340/340 306/306/306 338/338/338
f 42/42/42 40/40/40 77/77/77
f 77/77/77 88/88/88 42/42/42
f 428/428/428 419/419/419 79/79/79
f 79/79/79 427/427/427 428/428/428
f 1/1/1 4/4/4 84/84/84
f 84/84/84 81/81/81 1/1/1
f 43/43/43 42/42/42 88/88/88
f 88/88/88 94/94/94 43/43/43
f 435/435/435 428/428/428 427/427/427
f 427/427/427 432/432/432 435/435/435
f 4/4/4 5/5/5 89/89/89
f 89/89/89 84/84/84 4/4/4
f 46/46/46 43/43/43 94/94/94
f 94/94/94 99/99/99 46/46/46
f 440/440/440 435/435/435 432/432/432
f 432/432/432 439/439/439 440/440/440
f 5/5/5 8/8/8 95/95/95
f 95/95/95 89/89/89 5/5/5
f 48/48/48 46/46/46 99/99/99
f 99/99/99 106/106/106 48/48/48
f 447/447/447 440/440/440 439/439/439
f 439/439/439 444/444/444 447/447/447
f 8/8/8 10/10/10 101/101/101
f 101/101/101 95/95/95 8/8/8
f 49/49/49 48/48/48 106/106/106
f 106/106/106 112/112/112 49/49/49
f 452/452/452 447/447/447 444/444/444
f 444/444/444 450/450/450 452/452/452
f 10/10/10 12/12/12 108/108/108
f 108/108/108 101/101/101 10/10/10
f 51/51/51 49/49/49 112/112/112
f 112/112/112 117/117/117 51/51/51
f 458/458/458 452/452/452 450/450/450
f 450/450/450 457/457/457 458/458/458
f 12/12/12 14/14/14 113/113/113
f 113/113/113 108/108/108 12/12/12
f 54/54/54 51/51/51 117/117/117
f 117/117/117 124/124/124 54/54/54
f 464/464/464 458/458/458 457/457/457
f 457/457/457 463/463/463 464/464/464
f 14/14/14 15/15/15 120/120/120
f 120/120/120 113/113/113 14/14/14
f 55/55/55 54/54/54 124/124/124
f 124/124/124 130/130/130 55/55/55
f 471/471/471 464/464/464 463/463/463
f 463/463/463 469/469/469 471/471/471
f 15/15/15 17/17/17 126/126/126
f 126/126/126 120/120/120 15/15/15
f 58/58/58 55/55/55 130/130/130
f 130/130/130 135/135/135 58/58/58
f 477/477/477 471/471/471 469/469/469
f 469/469/469 474/474/474 477/477/477
f 17/17/17 19/19/19 132/132/132
f 132/132/132 126/126/126 17/17/17
f 59/59/59 58/58/58 135/135/135
f 135/135/135 142/142/142 59/59/59
f 483/483/483 477/477/477 474/474/474
f 474/474/474 480/480/480 483/483/483
f 19/19/19 22/22/22 138/138/138
f 138/138/138 132/132/132 19/19/19
f 61/61/61 59/59/59 142/142/142
f 142/142/142 148/148/148 61/61/61
f 488/488/488 483/483/483 480/480/480
f 480/480/480 487/487/487 488/488/488
f 22/22/22 23/23/23 143/143/143
f 143/143/143 138/138/138 22/22/22
f 64/64/64 61/61/61 148/148/148
f 148/148/148 153/153/153 64/64/64
f 495/495/495 488/488/488 487/487/487
f 487/487/487 492/492/492 495/495/495
f 23/23/23 26/26/26 150/150/150
f 150/150/150 143/143/143 23/23/23
f 68/68/68 64/64/64 153/153/153
f 153/153/153 164/164/164 68/68/68
f 504/504/504 495/495/495 492/492/492
f 492/492/492 503/503/503 504/504/504
f 26/26/26 28/28/28 157/157/157
f 157/157/157 150/150/150 26/26/26
f 70/70/70 67/67/67 163/163/163
f 163/163/163 171/171/171 70/70/70
f 513/513/513 505/505/505 502/502/502
f 502/502/502 511/511/511 513/513/513
f 27/27/27 31/31/31 167/167/167
f 167/167/167 156/156/156 27/27/27
f 71/71/71 70/70/70 171/171/171
f 171/171/171 178/178/178 71/71/71
f 519/519/519 513/513/513 511/511/511
f 511/511/511 517/517/517 519/519/519
f 31/31/31 33/33/33 174/174/174
f 174/174/174 167/167/167 31/31/31
f 74/74/74 71/71/71 178/178/178
f 178/178/178 184/184/184 74/74/74
f 525/525/525 519/519/519 517/517/517
f 517/517/517 523/523/523 525/525/525
f 33/33/33 36/36/36 180/180/180
f 180/180/180 174/174/174 33/33/33
f 75/75/75 74/74/74 184/184/184
f 184/184/184 189/189/189 75/75/75
f 530/530/530 525/525/525 523/523/523
f 523/523/523 188/188/188 530/530/530
f 36/36/36 37/37/37 185/185/185
f 185/185/185 180/180/180 36/36/36
f 40/40/40 75/75/75 189/189/189
f 189/189/189 77/77/77 40/40/40
f 419/419/419 530/530/530 188/188/188
f 188/188/188 79/79/79 419/419/419
f 37/37/37 1/1/1 81/81/81
f 81/81/81 185/185/185 37/37/37
f 230/230/230 231/231/231 267/267/267
f 267/267/267 270/270/270 230/230/230
f 231/231/231 234/234/234 303/303/303
f 303/303/303 267/267/267 231/231/231
f 234/234/234 235/235/235 301/301/301
f 301/301/301 303/303/303 234/234/234
f 235/235/235 238/238/238 299/299/299
f 299/299/299 301/301/301 235/235/235
f 238/238/238 239/239/239 298/298/298
f 298/298/298 299/299/299 238/238/238
f 239/239/239 242/242/242 295/295/295
f 295/295/295 298/298/298 239/239/239
f 242/242/242 243/243/243 294/294/294
f 294/294/294 295/295/295 242/242/242
f 243/243/243 246/246/246 292/292/292
f 292/292/292 294/294/294 243/243/243
f 246/246/246 248/248/248 289/289/289
f 289/289/289 292/292/292 246/246/246
f 248/248/248 250/250/250 287/287/287
f 287/287/287 289/289/289 248/248/248
f 250/250/250 251/251/251 286/286/286
f 286/286/286 287/287/287 250/250/250
f 251/251/251 254/254/254 283/283/283
f 283/283/283 286/286/286 251/251/251
f 254/254/254 255/255/255 279/279/279
f 279/279/279 283/283/283 254/254/254
f 257/257/257 259/259/259 278/278/278
f 278/278/278 280/280/280 257/257/257
f 259/259/259 261/261/261 275/275/275
f 275/275/275 278/278/278 259/259/259
f 261/261/261 263/263/263 274/274/274
f 274/274/274 275/275/275 261/261/261
f 263/263/263 266/266/266 271/271/271
f 271/271/271 274/274/274 263/263/263
f 266/266/266 230/230/230 270/270/270
f 270/270/270 271/271/271 266/266/266
f 39/39/39 41/41/41 232/232/232
f 232/232/232 229/229/229 39/39/39
f 41/41/41 44/44/44 233/233/233
f 233/233/233 232/232/232 41/41/41
f 44/44/44 45/45/45 236/236/236
f 236/236/236 233/233/233 44/44/44
f 45/45/45 47/47/47 237/237/237
f 237/237/237 236/236/236 45/45/45
f 47/47/47 50/50/50 240/240/240
f 240/240/240 237/237/237 47/47/47
f 50/50/50 52/52/52 241/241/241
f 241/241/241 240/240/240 50/50/50
f 52/52/52 53/53/53 244/244/244
f 244/244/244 241/241/241 52/52/52
f 53/53/53 56/56/56 245/245/245
f 245/245/245 244/244/244 53/53/53
f 56/56/56 57/57/57 247/247/247
f 247/247/247 245/245/245 56/56/56
f 57/57/57 60/60/60 249/249/249
f 249/249/249 247/247/247 57/57/57
f 60/60/60 62/62/62 252/252/252
f 252/252/252 249/249/249 60/60/60
f 62/62/62 63/63/63 253/253/253
f 253/253/253 252/252/252 62/62/62
f 63/63/63 66/66/66 256/256/256
f 256/256/256 253/253/253 63/63/63
f 65/65/65 69/69/69 260/260/260
f 260/260/260 258/258/258 65/65/65
f 69/69/69 72/72/72 262/262/262
f 262/262/262 260/260/260 69/69/69
f 72/72/72 73/73/73 264/264/264
f 264/264/264 262/262/262 72/72/72
f 73/73/73 76/76/76 265/265/265
f 265/265/265 264/264/264 73/73/73
f 76/76/76 39/39/39 229/229/229
f 229/229/229 265/265/265 76/76/76
f 193/193/193 191/191/191 269/269/269
f 269/269/269 268/268/268 193/193/193
f 191/191/191 228/228/228 272/272/272
f 272/272/272 269/269/269 191/191/191
f 228/228/228 225/225/225 273/273/273
f 273/273/273 272/272/272 228/228/228
f 225/225/225 224/224/224 276/276/276
f 276/276/276 273/273/273 225/225/225
f 224/224/224 222/222/222 277/277/277
f 277/277/277 276/276/276 224/224/224
f 222/222/222 217/217/217 282/282/282
f 282/282/282 277/277/277 222/222/222
f 218/218/218 216/216/216 284/284/284
f 284/284/284 281/281/281 218/218/218
f 216/216/216 213/213/213 285/285/285
f 285/285/285 284/284/284 216/216/216
f 213/213/213 212/212/212 288/288/288
f 288/288/288 285/285/285 213/213/213
f 212/212/212 209/209/209 290/290/290
f 290/290/290 288/288/288 212/212/212
f 209/209/209 208/208/208 291/291/291
f 291/291/291 290/290/290 209/209/209
f 208/208/208 205/205/205 293/293/293
f 293/293/293 291/291/291 208/208/208
f 205/205/205 204/204/204 296/296/296
f 296/296/296 293/293/293 205/205/205
f 204/204/204 201/201/201 297/297/297
f 297/297/297 296/296/296 204/204/204
f 201/201/201 199/199/199 300/300/300
f 300/300/300 297/297/297 201/201/201
f 199/199/199 198/198/198 302/302/302
f 302/302/302 300/300/300 199/199/199
f 198/198/198 196/196/196 304/304/304
f 304/304/304 302/302/302 198/198/198
f 196/196/196 193/193/193 268/268/268
f 268/268/268 304/304/304 196/196/196
f 348/348/348 344/344/344 760/760/760
f 760/760/760 763/763/763 348/348/348
f 352/352/352 348/348/348 763/763/763
f 763/763/763 764/764/764 352/352/352
f 356/356/356 352/352/352 764/764/764
f 764/764/764 766/766/766 356/356/356
f 360/360/360 356/356/356 766/766/766
f 766/766/766 769/769/769 360/360/360
f 364/364/364 360/360/360 769/769/769
f 769/769/769 770/770/770 364/364/364
f 368/368/368 364/364/364 770/770/770
f 770/770/770 773/773/773 368/368/368
f 372/372/372 368/368/368 773/773/773
f 773/773/773 774/774/774 372/372/372
f 376/376/376 372/372/372 774/774/774
f 774/774/774 777/777/777 376/376/376
f 380/380/380 376/376/376 777/777/777
f 777/777/777 778/778/778 380/380/380
f 384/384/384 380/380/380 778/778/778
f 778/778/778 781/781/781 384/384/384
f 388/388/388 384/384/384 781/781/781
f 781/781/781 783/783/783 388/388/388
f 392/392/392 388/388/388 783/783/783
f 783/783/783 784/784/784 392/392/392
f 399/399/399 392/392/392 784/784/784
f 784/784/784 787/787/787 399/399/399
f 404/404/404 398/398/398 788/788/788
f 788/788/788 791/791/791 404/404/404
f 408/408/408 404/404/404 791/791/791
f 791/791/791 793/793/793 408/408/408
f 412/412/412 408/408/408 793/793/793
f 793/793/793 795/795/795 412/412/412
f 416/416/416 412/412/412 795/795/795
f 795/795/795 796/796/796 416/416/416
f 344/344/344 416/416/416 796/796/796
f 796/796/796 760/760/760 344/344/344
f 307/307/307 305/305/305 345/345/345
f 345/345/345 349/349/349 307/307/307
f 349/349/349 345/345/345 344/344/344
f 344/344/344 348/348/348 349/349/349
f 192/192/192 194/194/194 347/347/347
f 347/347/347 343/343/343 192/192/192
f 309/309/309 307/307/307 349/349/349
f 349/349/349 353/353/353 309/309/309
f 353/353/353 349/349/349 348/348/348
f 348/348/348 352/352/352 353/353/353
f 194/194/194 195/195/195 350/350/350
f 350/350/350 347/347/347 194/194/194
f 312/312/312 309/309/309 353/353/353
f 353/353/353 357/357/357 312/312/312
f 357/357/357 353/353/353 352/352/352
f 352/352/352 356/356/356 357/357/357
f 195/195/195 197/197/197 355/355/355
f 355/355/355 350/350/350 195/195/195
f 314/314/314 312/312/312 357/357/357
f 357/357/357 361/361/361 314/314/314
f 361/361/361 357/357/357 356/356/356
f 356/356/356 360/360/360 361/361/361
f 197/197/197 200/200/200 358/358/358
f 358/358/358 355/355/355 197/197/197
f 316/316/316 314/314/314 361/361/361
f 361/361/361 365/365/365 316/316/316
f 365/365/365 361/361/361 360/360/360
f 360/360/360 364/364/364 365/365/365
f 200/200/200 202/202/202 362/362/362
f 362/362/362 358/358/358 200/200/200
f 317/317/317 316/316/316 365/365/365
f 365/365/365 369/369/369 317/317/317
f 369/369/369 365/365/365 364/364/364
f 364/364/364 368/368/368 369/369/369
f 202/202/202 203/203/203 366/366/366
f 366/366/366 362/362/362 202/202/202
f 320/320/320 317/317/317 369/369/369
f 369/369/369 373/373/373 320/320/320
f 373/373/373 369/369/369 368/368/368
f 368/368/368 372/372/372 373/373/373
f 203/203/203 206/206/206 370/370/370
f 370/370/370 366/366/366 203/203/203
f 322/322/322 320/320/320 373/373/373
f 373/373/373 377/377/377 322/322/322
f 377/377/377 373/373/373 372/372/372
f 372/372/372 376/376/376 377/377/377
f 206/206/206 207/207/207 374/374/374
f 374/374/374 370/370/370 206/206/206
f 323/323/323 322/322/322 377/377/377
f 377/377/377 381/381/381 323/323/323
f 381/381/381 377/377/377 376/376/376
f 376/376/376 380/380/380 381/381/381
f 207/207/207 210/210/210 379/379/379
f 379/379/379 374/374/374 207/207/207
f 326/326/326 323/323/323 381/381/381
f 381/381/381 385/385/385 326/326/326
f 385/385/385 381/381/381 380/380/380
f 380/380/380 384/384/384 385/385/385
f 210/210/210 211/211/211 383/383/383
f 383/383/383 379/379/379 210/210/210
f 327/327/327 326/326/326 385/385/385
f 385/385/385 389/389/389 327/327/327
f 389/389/389 385/385/385 384/384/384
f 384/384/384 388/388/388 389/389/389
f 211/211/211 214/214/214 386/386/386
f 386/386/386 383/383/383 211/211/211
f 329/329/329 327/327/327 389/389/389
f 389/389/389 393/393/393 329/329/329
f 393/393/393 389/389/389 388/388/388
f 388/388/388 392/392/392 393/393/393
f 214/214/214 215/215/215 390/390/390
f 390/390/390 386/386/386 214/214/214
f 333/333/333 329/329/329 393/393/393
f 393/393/393 401/401/401 333/333/333
f 401/401/401 393/393/393 392/392/392
f 392/392/392 399/399/399 401/401/401
f 215/215/215 219/219/219 396/396/396
f 396/396/396 390/390/390 215/215/215
f 335/335/335 332/332/332 400/400/400
f 400/400/400 405/405/405 335/335/335
f 405/405/405 400/400/400 398/398/398
f 398/398/398 404/404/404 405/405/405
f 220/220/220 221/221/221 402/402/402
f 402/402/402 395/395/395 220/220/220
f 336/336/336 335/335/335 405/405/405
f 405/405/405 409/409/409 336/336/336
f 409/409/409 405/405/405 404/404/404
f 404/404/404 408/408/408 409/409/409
f 221/221/221 223/223/223 407/407/407
f 407/407/407 402/402/402 221/221/221
f 339/339/339 336/336/336 409/409/409
f 409/409/409 413/413/413 339/339/339
f 413/413/413 409/409/409 408/408/408
f 408/408/408 412/412/412 413/413/413
f 223/223/223 226/226/226 410/410/410
f 410/410/410 407/407/407 223/223/223
f 341/341/341 339/339/339 413/413/413
f 413/413/413 417/417/417 341/341/341
f 417/417/417 413/413/413 412/412/412
f 412/412/412 416/416/416 417/417/417
f 226/226/226 227/227/227 414/414/414
f 414/414/414 410/410/410 226/226/226
f 305/305/305 341/341/341 417/417/417
f 417/417/417 345/345/345 305/305/305
f 345/345/345 417/417/417 416/416/416
f 416/416/416 344/344/344 345/345/345
f 227/227/227 192/192/192 343/343/343
f 343/343/343 414/414/414 227/227/227
f 535/535/535 570/570/570 573/573/573
f 573/573/573 532/532/532 535/535/535
f 611/611/611 646/646/646 648/648/648
f 648/648/648 608/608/608 611/611/611
f 687/687/687 723/723/723 724/724/724
f 724/724/724 684/684/684 687/687/687
f 536/536/536 607/607/607 570/570/570
f 570/570/570 535/535/535 536/536/536
f 613/613/613 683/683/683 646/646/646
f 646/646/646 611/611/611 613/613/613
f 684/684/684 724/724/724 727/727/727
f 727/727/727 720/720/720 684/684/684
f 538/538/538 604/604/604 607/607/607
f 607/607/607 536/536/536 538/538/538
f 615/615/615 680/680/680 683/683/683
f 683/683/683 613/613/613 615/615/615
f 720/720/720 727/727/727 729/729/729
f 729/729/729 719/719/719 720/720/720
f 541/541/541 603/603/603 604/604/604
f 604/604/604 538/538/538 541/541/541
f 616/616/616 679/679/679 680/680/680
f 680/680/680 615/615/615 616/616/616
f 719/719/719 729/729/729 731/731/731
f 731/731/731 717/717/717 719/719/719
f 543/543/543 600/600/600 603/603/603
f 603/603/603 541/541/541 543/543/543
f 619/619/619 676/676/676 679/679/679
f 679/679/679 616/616/616 619/619/619
f 717/717/717 731/731/731 732/732/732
f 732/732/732 715/715/715 717/717/717
f 544/544/544 599/599/599 600/600/600
f 600/600/600 543/543/543 544/544/544
f 620/620/620 674/674/674 676/676/676
f 676/676/676 619/619/619 620/620/620
f 715/715/715 732/732/732 735/735/735
f 735/735/735 713/713/713 715/715/715
f 547/547/547 597/597/597 599/599/599
f 599/599/599 544/544/544 547/547/547
f 622/622/622 673/673/673 674/674/674
f 674/674/674 620/620/620 622/622/622
f 713/713/713 735/735/735 736/736/736
f 736/736/736 710/710/710 713/713/713
f 548/548/548 594/594/594 597/597/597
f 597/597/597 547/547/547 548/548/548
f 625/625/625 671/671/671 673/673/673
f 673/673/673 622/622/622 625/625/625
f 710/710/710 736/736/736 739/739/739
f 739/739/739 708/708/708 710/710/710
f 551/551/551 593/593/593 594/594/594
f 594/594/594 548/548/548 551/551/551
f 627/627/627 668/668/668 671/671/671
f 671/671/671 625/625/625 627/627/627
f 708/708/708 739/739/739 740/740/740
f 740/740/740 707/707/707 708/708/708
f 552/552/552 590/590/590 593/593/593
f 593/593/593 551/551/551 552/552/552
f 629/629/629 667/667/667 668/668/668
f 668/668/668 627/627/627 629/629/629
f 707/707/707 740/740/740 743/743/743
f 743/743/743 705/705/705 707/707/707
f 555/555/555 589/589/589 590/590/590
f 590/590/590 552/552/552 555/555/555
f 631/631/631 664/664/664 667/667/667
f 667/667/667 629/629/629 631/631/631
f 705/705/705 743/743/743 745/745/745
f 745/745/745 703/703/703 705/705/705
f 556/556/556 587/587/587 589/589/589
f 589/589/589 555/555/555 556/556/556
f 633/633/633 662/662/662 664/664/664
f 664/664/664 631/631/631 633/633/633
f 703/703/703 745/745/745 747/747/747
f 747/747/747 700/700/700 703/703/703
f 560/560/560 583/583/583 587/587/587
f 587/587/587 556/556/556 560/560/560
f 634/634/634 660/660/660 662/662/662
f 662/662/662 633/633/633 634/634/634
f 700/700/700 747/747/747 748/748/748
f 748/748/748 697/697/697 700/700/700
f 562/562/562 580/580/580 584/584/584
f 584/584/584 561/561/561 562/562/562
f 638/638/638 657/657/657 658/658/658
f 658/658/658 636/636/636 638/638/638
f 696/696/696 750/750/750 753/753/753
f 753/753/753 694/694/694 696/696/696
f 564/564/564 579/579/579 580/580/580
f 580/580/580 562/562/562 564/564/564
f 640/640/640 655/655/655 657/657/657
f 657/657/657 638/638/638 640/640/640
f 694/694/694 753/753/753 755/755/755
f 755/755/755 693/693/693 694/694/694
f 566/566/566 576/576/576 579/579/579
f 579/579/579 564/564/564 566/566/566
f 642/642/642 652/652/652 655/655/655
f 655/655/655 640/640/640 642/642/642
f 693/693/693 755/755/755 756/756/756
f 756/756/756 690/690/690 693/693/693
f 569/569/569 575/575/575 576/576/576
f 576/576/576 566/566/566 569/569/569
f 644/644/644 651/651/651 652/652/652
f 652/652/652 642/642/642 644/644/644
f 690/690/690 756/756/756 759/759/759
f 759/759/759 688/688/688 690/690/690
f 532/532/532 573/573/573 575/575/575
f 575/575/575 569/569/569 532/532/532
f 608/608/608 648/648/648 651/651/651
f 651/651/651 644/644/644 608/608/608
f 688/688/688 759/759/759 723/723/723
f 723/723/723 687/687/687 688/688/688
f 418/418/418 429/429/429 534/534/534
f 534/534/534 533/533/533 418/418/418
f 429/429/429 434/434/434 537/537/537
f 537/537/537 534/534/534 429/429/429
f 434/434/434 441/441/441 539/539/539
f 539/539/539 537/537/537 434/434/434
f 441/441/441 446/446/446 540/540/540
f 540/540/540 539/539/539 441/441/441
f 446/446/446 453/453/453 542/542/542
f 542/542/542 540/540/540 446/446/446
f 453/453/453 459/459/459 545/545/545
f 545/545/545 542/542/542 453/453/453
f 459/459/459 465/465/465 546/546/546
f 546/546/546 545/545/545 459/459/459
f 465/465/465 470/470/470 549/549/549
f 549/549/549 546/546/546 465/465/465
f 470/470/470 476/476/476 550/550/550
f 550/550/550 549/549/549 470/470/470
f 476/476/476 482/482/482 553/553/553
f 553/553/553 550/550/550 476/476/476
f 482/482/482 489/489/489 554/554/554
f 554/554/554 553/553/553 482/482/482
f 489/489/489 494/494/494 557/557/557
f 557/557/557 554/554/554 489/489/489
f 494/494/494 507/507/507 559/559/559
f 559/559/559 557/557/557 494/494/494
f 506/506/506 512/512/512 563/563/563
f 563/563/563 558/558/558 506/506/506
f 512/512/512 518/518/518 565/565/565
f 565/565/565 563/563/563 512/512/512
f 518/518/518 524/524/524 567/567/567
f 567/567/567 565/565/565 518/518/518
f 524/524/524 531/531/531 568/568/568
f 568/568/568 567/567/567 524/524/524
f 531/531/531 418/418/418 533/533/533
f 533/533/533 568/568/568 531/531/531
f 87/87/87 78/78/78 572/572/572
f 572/572/572 571/571/571 87/87/87
f 78/78/78 190/190/190 574/574/574
f 574/574/574 572/572/572 78/78/78
f 190/190/190 183/183/183 577/577/577
f 577/577/577 574/574/574 190/190/190
f 183/183/183 177/177/177 578/578/578
f 578/578/578 577/577/577 183/183/183
f 177/177/177 172/172/172 581/581/581
f 581/581/581 578/578/578 177/177/177
f 172/172/172 165/165/165 582/582/582
f 582/582/582 581/581/581 172/172/172
f 166/166/166 154/154/154 586/586/586
f 586/586/586 585/585/585 166/166/166
f 154/154/154 147/147/147 588/588/588
f 588/588/588 586/586/586 154/154/154
f 147/147/147 141/141/141 591/591/591
f 591/591/591 588/588/588 147/147/147
f 141/141/141 136/136/136 592/592/592
f 592/592/592 591/591/591 141/141/141
f 136/136/136 129/129/129 595/595/595
f 595/595/595 592/592/592 136/136/136
f 129/129/129 123/123/123 596/596/596
f 596/596/596 595/595/595 129/129/129
f 123/123/123 118/118/118 598/598/598
f 598/598/598 596/596/596 123/123/123
f 118/118/118 111/111/111 601/601/601
f 601/601/601 598/598/598 118/118/118
f 111/111/111 105/105/105 602/602/602
f 602/602/602 601/601/601 111/111/111
f 105/105/105 100/100/100 605/605/605
f 605/605/605 602/602/602 105/105/105
f 100/100/100 93/93/93 606/606/606
f 606/606/606 605/605/605 100/100/100
f 93/93/93 87/87/87 571/571/571
f 571/571/571 606/606/606 93/93/93
f 421/421/421 86/86/86 610/610/610
f 610/610/610 609/609/609 421/421/421
f 86/86/86 91/91/91 612/612/612
f 612/612/612 610/610/610 86/86/86
f 91/91/91 97/97/97 614/614/614
f 614/614/614 612/612/612 91/91/91
f 97/97/97 103/103/103 617/617/617
f 617/617/617 614/614/614 97/97/97
f 103/103/103 110/110/110 618/618/618
f 618/618/618 617/617/617 103/103/103
f 110/110/110 116/116/116 621/621/621
f 621/621/621 618/618/618 110/110/110
f 116/116/116 121/121/121 623/623/623
f 623/623/623 621/621/621 116/116/116
f 121/121/121 127/127/127 624/624/624
f 624/624/624 623/623/623 121/121/121
f 127/127/127 134/134/134 626/626/626
f 626/626/626 624/624/624 127/127/127
f 134/134/134 139/139/139 628/628/628
f 628/628/628 626/626/626 134/134/134
f 139/139/139 146/146/146 630/630/630
f 630/630/630 628/628/628 139/139/139
f 146/146/146 151/151/151 632/632/632
f 632/632/632 630/630/630 146/146/146
f 151/151/151 160/160/160 637/637/637
f 637/637/637 632/632/632 151/151/151
f 159/159/159 169/169/169 639/639/639
f 639/639/639 635/635/635 159/159/159
f 169/169/169 176/176/176 641/641/641
f 641/641/641 639/639/639 169/169/169
f 176/176/176 182/182/182 643/643/643
f 643/643/643 641/641/641 176/176/176
f 182/182/182 528/528/528 645/645/645
f 645/645/645 643/643/643 182/182/182
f 528/528/528 421/421/421 609/609/609
f 609/609/609 645/645/645 528/528/528
f 426/426/426 80/80/80 649/649/649
f 649/649/649 647/647/647 426/426/426
f 80/80/80 187/187/187 650/650/650
f 650/650/650 649/649/649 80/80/80
f 187/187/187 522/522/522 653/653/653
f 653/653/653 650/650/650 187/187/187
f 522/522/522 516/516/516 654/654/654
f 654/654/654 653/653/653 522/522/522
f 516/516/516 510/510/510 656/656/656
f 656/656/656 654/654/654 516/516/516
f 510/510/510 501/501/501 661/661/661
f 661/661/661 656/656/656 510/510/510
f 500/500/500 493/493/493 663/663/663
f 663/663/663 659/659/659 500/500/500
f 493/493/493 486/486/486 665/665/665
f 665/665/665 663/663/663 493/493/493
f 486/486/486 481/481/481 666/666/666
f 666/666/666 665/665/665 486/486/486
f 481/481/481 475/475/475 669/669/669
f 669/669/669 666/666/666 481/481/481
f 475/475/475 468/468/468 670/670/670
f 670/670/670 669/669/669 475/475/475
f 468/468/468 462/462/462 672/672/672
f 672/672/672 670/670/670 468/468/468
f 462/462/462 456/456/456 675/675/675
f 675/675/675 672/672/672 462/462/462
f 456/456/456 451/451/451 677/677/677
f 677/677/677 675/675/675 456/456/456
f 451/451/451 445/445/445 678/678/678
f 678/678/678 677/677/677 451/451/451
f 445/445/445 438/438/438 681/681/681
f 681/681/681 678/678/678 445/445/445
f 438/438/438 433/433/433 682/682/682
f 682/682/682 681/681/681 438/438/438
f 433/433/433 426/426/426 647/647/647
f 647/647/647 682/682/682 433/433/433
f 424/424/424 422/422/422 686/686/686
f 686/686/686 685/685/685 424/424/424
f 422/422/422 527/527/527 689/689/689
f 689/689/689 686/686/686 422/422/422
f 527/527/527 521/521/521 691/691/691
f 691/691/691 689/689/689 527/527/527
f 521/521/521 514/514/514 692/692/692
f 692/692/692 691/691/691 521/521/521
f 514/514/514 509/509/509 695/695/695
f 695/695/695 692/692/692 514/514/514
f 509/509/509 498/498/498 698/698/698
f 698/698/698 695/695/695 509/509/509
f 499/499/499 490/490/490 701/701/701
f 701/701/701 699/699/699 499/499/499
f 490/490/490 484/484/484 702/702/702
f 702/702/702 701/701/701 490/490/490
f 484/484/484 479/479/479 704/704/704
f 704/704/704 702/702/702 484/484/484
f 479/479/479 472/472/472 706/706/706
f 706/706/706 704/704/704 479/479/479
f 472/472/472 467/467/467 709/709/709
f 709/709/709 706/706/706 472/472/472
f 467/467/467 461/461/461 711/711/711
f 711/711/711 709/709/709 467/467/467
f 461/461/461 454/454/454 712/712/712
f 712/712/712 711/711/711 461/461/461
f 454/454/454 448/448/448 714/714/714
f 714/714/714 712/712/712 454/454/454
f 448/448/448 443/443/443 716/716/716
f 716/716/716 714/714/714 448/448/448
f 443/443/443 436/436/436 718/718/718
f 718/718/718 716/716/716 443/443/443
f 436/436/436 430/430/430 721/721/721
f 721/721/721 718/718/718 436/436/436
f 430/430/430 424/424/424 685/685/685
f 685/685/685 721/721/721 430/430/430
f 82/82/82 83/83/83 725/725/725
f 725/725/725 722/722/722 82/82/82
f 83/83/83 90/90/90 726/726/726
f 726/726/726 725/725/725 83/83/83
f 90/90/90 96/96/96 728/728/728
f 728/728/728 726/726/726 90/90/90
f 96/96/96 102/102/102 730/730/730
f 730/730/730 728/728/728 96/96/96
f 102/102/102 107/107/107 733/733/733
f 733/733/733 730/730/730 102/102/102
f 107/107/107 114/114/114 734/734/734
f 734/734/734 733/733/733 107/107/107
f 114/114/114 119/119/119 737/737/737
f 737/737/737 734/734/734 114/114/114
f 119/119/119 125/125/125 738/738/738
f 738/738/738 737/737/737 119/119/119
f 125/125/125 131/131/131 741/741/741
f 741/741/741 738/738/738 125/125/125
f 131/131/131 137/137/137 742/742/742
f 742/742/742 741/741/741 131/131/131
f 137/137/137 144/144/144 744/744/744
f 744/744/744 742/742/742 137/137/137
f 144/144/144 149/149/149 746/746/746
f 746/746/746 744/744/744 144/144/144
f 149/149/149 158/158/158 751/751/751
f 751/751/751 746/746/746 149/149/149
f 155/155/155 168/168/168 752/752/752
f 752/752/752 749/749/749 155/155/155
f 168/168/168 173/173/173 754/754/754
f 754/754/754 752/752/752 168/168/168
f 173/173/173 179/179/179 757/757/757
f 757/757/757 754/754/754 173/173/173
f 179/179/179 186/186/186 758/758/758
f 758/758/758 757/757/757 179/179/179
f 186/186/186 82/82/82 722/722/722
f 722/722/722 758/758/758 186/186/186
f 800/800/800 837/837/837 838/838/838
f 838/838/838 798/798/798 800/800/800
f 798/798/798 838/838/838 840/840/840
f 840/840/840 834/834/834 798/798/798
f 834/834/834 840/840/840 843/843/843
f 843/843/843 832/832/832 834/834/834
f 832/832/832 843/843/843 845/845/845
f 845/845/845 831/831/831 832/832/832
f 831/831/831 845/845/845 847/847/847
f 847/847/847 828/828/828 831/831/831
f 828/828/828 847/847/847 849/849/849
f 849/849/849 826/826/826 828/828/828
f 826/826/826 849/849/849 851/851/851
f 851/851/851 825/825/825 826/826/826
f 825/825/825 851/851/851 852/852/852
f 852/852/852 823/823/823 825/825/825
f 823/823/823 852/852/852 855/855/855
f 855/855/855 820/820/820 823/823/823
f 820/820/820 855/855/855 856/856/856
f 856/856/856 818/818/818 820/820/820
f 818/818/818 856/856/856 858/858/858
f 858/858/858 817/817/817 818/818/818
f 817/817/817 858/858/858 860/860/860
f 860/860/860 814/814/814 817/817/817
f 814/814/814 860/860/860 864/864/864
f 864/864/864 811/811/811 814/814/814
f 810/810/810 865/865/865 866/866/866
f 866/866/866 809/809/809 810/810/810
f 809/809/809 866/866/866 869/869/869
f 869/869/869 807/807/807 809/809/809
f 807/807/807 869/869/869 871/871/871
f 871/871/871 804/804/804 807/807/807
f 804/804/804 871/871/871 872/872/872
f 872/872/872 802/802/802 804/804/804
f 802/802/802 872/872/872 837/837/837
f 837/837/837 800/800/800 802/802/802
f 762/762/762 761/761/761 801/801/801
f 801/801/801 799/799/799 762/762/762
f 761/761/761 797/797/797 803/803/803
f 803/803/803 801/801/801 761/761/761
f 797/797/797 794/794/794 805/805/805
f 805/805/805 803/803/803 797/797/797
f 794/794/794 792/792/792 806/806/806
f 806/806/806 805/805/805 794/794/794
f 792/792/792 790/790/790 808/808/808
f 808/808/808 806/806/806 792/792/792
f 790/790/790 789/789/789 812/812/812
f 812/812/812 808/808/808 790/790/790
f 786/786/786 785/785/785 815/815/815
f 815/815/815 813/813/813 786/786/786
f 785/785/785 782/782/782 816/816/816
f 816/816/816 815/815/815 785/785/785
f 782/782/782 780/780/780 819/819/819
f 819/819/819 816/816/816 782/782/782
f 780/780/780 779/779/779 821/821/821
f 821/821/821 819/819/819 780/780/780
f 779/779/779 776/776/776 822/822/822
f 822/822/822 821/821/821 779/779/779
f 776/776/776 775/775/775 824/824/824
f 824/824/824 822/822/822 776/776/776
f 775/775/775 772/772/772 827/827/827
f 827/827/827 824/824/824 775/775/775
f 772/772/772 771/771/771 829/829/829
f 829/829/829 827/827/827 772/772/772
f 771/771/771 768/768/768 830/830/830
f 830/830/830 829/829/829 771/771/771
f 768/768/768 767/767/767 833/833/833
f 833/833/833 830/830/830 768/768/768
f 767/767/767 765/765/765 835/835/835
f 835/835/835 833/833/833 767/767/767
f 765/765/765 762/762/762 799/799/799
f 799/799/799 835/835/835 765/765/765
f 342/342/342 346/346/346 839/839/839
f 839/839/839 836/836/836 342/342/342
f 346/346/346 351/351/351 841/841/841
f 841/841/841 839/839/839 346/346/346
f 351/351/351 354/354/354 842/842/842
f 842/842/842 841/841/841 351/351/351
f 354/354/354 359/359/359 844/844/844
f 844/844/844 842/842/842 354/354/354
f 359/359/359 363/363/363 846/846/846
f 846/846/846 844/844/844 359/359/359
f 363/363/363 367/367/367 848/848/848
f 848/848/848 846/846/846 363/363/363
f 367/367/367 371/371/371 850/850/850
f 850/850/850 848/848/848 367/367/367
f 371/371/371 375/375/375 853/853/853
f 853/853/853 850/850/850 371/371/371
f 375/375/375 378/378/378 854/854/854
f 854/854/854 853/853/853 375/375/375
f 378/378/378 382/382/382 857/857/857
f 857/857/857 854/854/854 378/378/378
f 382/382/382 387/387/387 859/859/859
f 859/859/859 857/857/857 382/382/382
f 387/387/387 391/391/391 861/861/861
f 861/861/861 859/859/859 387/387/387
f 391/391/391 394/394/394 863/863/863
f 863/863/863 861/861/861 391/391/391
f 397/397/397 403/403/403 867/867/867
f 867/867/867 862/862/862 397/397/397
f 403/403/403 406/406/406 868/868/868
f 868/868/868 867/867/867 403/403/403
f 406/406/406 411/411/411 870/870/870
f 870/870/870 868/868/868 406/406/406
f 411/411/411 415/415/415 873/873/873
f 873/873/873 870/870/870 411/411/411
f 415/415/415 342/342/342 836/836/836
f 836/836/836 873/873/873 415/415/415
f 3/3/3 2/2/2 875/875/875
f 875/875/875 874/874/874 3/3/3
f 2/2/2 38/38/38 876/876/876
f 876/876/876 875/875/875 2/2/2
f 38/38/38 35/35/35 877/877/877
f 877/877/877 876/876/876 38/38/38
f 35/35/35 34/34/34 878/878/878
f 878/878/878 877/877/877 35/35/35
f 34/34/34 32/32/32 879/879/879
f 879/879/879 878/878/878 34/34/34
f 32/32/32 30/30/30 880/880/880
f 880/880/880 879/879/879 32/32/32
f 29/29/29 25/25/25 882/882/882
f 882/882/882 881/881/881 29/29/29
f 25/25/25 24/24/24 883/883/883
f 883/883/883 882/882/882 25/25/25
f 24/24/24 21/21/21 884/884/884
f 884/884/884 883/883/883 24/24/24
f 21/21/21 20/20/20 885/885/885
f 885/885/885 884/884/884 21/21/21
f 20/20/20 18/18/18 886/886/886
f 886/886/886 885/885/885 20/20/20
f 18/18/18 16/16/16 887/887/887
f 887/887/887 886/886/886 18/18/18
f 16/16/16 13/13/13 888/888/888
f 888/888/888 887/887/887 16/16/16
f 13/13/13 11/11/11 889/889/889
f 889/889/889 888/888/888 13/13/13
f 11/11/11 9/9/9 890/890/890
f 890/890/890 889/889/889 11/11/11
f 9/9/9 7/7/7 891/891/891
f 891/891/891 890/890/890 9/9/9
f 7/7/7 6/6/6 892/892/892
f 892/892/892 891/891/891 7/7/7
f 6/6/6 3/3/3 874/874/874
f 874/874/874 892/892/892 6/6/6
f 907/907/907 909/909/909 904/904/904
f 904/904/904 903/903/903 907/907/907
f 911/911/911 907/907/907 903/903/903
f 903/903/903 902/902/902 911/911/911
f 913/913/913 911/911/911 902/902/902
f 902/902/902 901/901/901 913/913/913
f 915/915/915 913/913/913 901/901/901
f 901/901/901 900/900/900 915/915/915
f 916/916/916 915/915/915 900/900/900
f 900/900/900 899/899/899 916/916/916
f 919/919/919 916/916/916 899/899/899
f 899/899/899 898/898/898 919/919/919
f 922/922/922 919/919/919 898/898/898
f 898/898/898 896/896/896 922/922/922
f 924/924/924 920/920/920 897/897/897
f 897/897/897 895/895/895 924/924/924
f 926/926/926 924/924/924 895/895/895
f 895/895/895 894/894/894 926/926/926
f 929/929/929 926/926/926 894/894/894
f 894/894/894 893/893/893 929/929/929
f 930/930/930 929/929/929 893/893/893
f 893/893/893 905/905/905 930/930/930
f 909/909/909 930/930/930 905/905/905
f 905/905/905 904/904/904 909/909/909
f 943/943/943 997/997/997 998/998/998
f 998/998/998 941/941/941 943/943/943
f 941/941/941 998/998/998 1036/1036/1036
f 1036/1036/1036 938/938/938 941/941/941
f 939/939/939 1035/1035/1035 1033/1033/1033
f 1033/1033/1033 934/934/934 939/939/939
f 934/934/934 1033/1033/1033 1034/1034/1034
f 1034/1034/1034 933/933/933 934/934/934
f 933/933/933 1034/1034/1034 959/959/959
f 959/959/959 950/950/950 933/933/933
f 959/959/959 958/958/958 949/949/949
f 949/949/949 950/950/950 959/959/959
f 959/959/959 961/961/961 960/960/960
f 960/960/960 958/958/958 959/959/959
f 961/961/961 963/963/963 962/962/962
f 962/962/962 960/960/960 961/961/961
f 963/963/963 965/965/965 964/964/964
f 964/964/964 962/962/962 963/963/963
f 965/965/965 967/967/967 966/966/966
f 966/966/966 964/964/964 965/965/965
f 967/967/967 969/969/969 968/968/968
f 968/968/968 966/966/966 967/967/967
f 969/969/969 971/971/971 970/970/970
f 970/970/970 968/968/968 969/969/969
f 971/971/971 973/973/973 972/972/972
f 972/972/972 970/970/970 971/971/971
f 973/973/973 975/975/975 974/974/974
f 974/974/974 972/972/972 973/973/973
f 976/976/976 979/979/979 978/978/978
f 978/978/978 977/977/977 976/976/976
f 979/979/979 981/981/981 980/980/980
f 980/980/980 978/978/978 979/979/979
f 981/981/981 983/983/983 982/982/982
f 982/982/982 980/980/980 981/981/981
f 983/983/983 985/985/985 984/984/984
f 984/984/984 982/982/982 983/983/983
f 985/985/985 987/987/987 986/986/986
f 986/986/986 984/984/984 985/985/985
f 987/987/987 989/989/989 988/988/988
f 988/988/988 986/986/986 987/987/987
f 989/989/989 991/991/991 990/990/990
f 990/990/990 988/988/988 989/989/989
f 991/991/991 993/993/993 992/992/992
f 992/992/992 990/990/990 991/991/991
f 993/993/993 947/947/947 944/944/944
f 944/944/944 992/992/992 993/993/993
f 994/994/994 957/957/957 947/947/947
f 947/947/947 993/993/993 994/994/994
f 995/995/995 955/955/955 957/957/957
f 957/957/957 994/994/994 995/995/995
f 996/996/996 953/953/953 955/955/955
f 955/955/955 995/995/995 996/996/996
f 997/997/997 943/943/943 953/953/953
f 953/953/953 996/996/996 997/997/997
f 997/997/997 1000/1000/1000 999/999/999
f 999/999/999 998/998/998 997/997/997
f 1000/1000/1000 1002/1002/1002 1001/1001/1001
f 1001/1001/1001 999/999/999 1000/1000/1000
f 1002/1002/1002 1004/1004/1004 1003/1003/1003
f 1003/1003/1003 1001/1001/1001 1002/1002/1002
f 1004/1004/1004 1006/1006/1006 1005/1005/1005
f 1005/1005/1005 1003/1003/1003 1004/1004/1004
f 1006/1006/1006 1008/1008/1008 1007/1007/1007
f 1007/1007/1007 1005/1005/1005 1006/1006/1006
f 1008/1008/1008 1010/1010/1010 1009/1009/1009
f 1009/1009/1009 1007/1007/1007 1008/1008/1008
f 1010/1010/1010 1012/1012/1012 1011/1011/1011
f 1011/1011/1011 1009/1009/1009 1010/1010/1010
f 1012/1012/1012 1014/1014/1014 1013/1013/1013
f 1013/1013/1013 1011/1011/1011 1012/1012/1012
f 1018/1018/1018 1020/1020/1020 1019/1019/1019
f 1019/1019/1019 1017/1017/1017 1018/1018/1018
f 1020/1020/1020 1022/1022/1022 1021/1021/1021
f 1021/1021/1021 1019/1019/1019 1020/1020/1020
f 1022/1022/1022 1024/1024/1024 1023/1023/1023
f 1023/1023/1023 1021/1021/1021 1022/1022/1022
f 1024/1024/1024 1026/1026/1026 1025/1025/1025
f 1025/1025/1025 1023/1023/1023 1024/1024/1024
f 1026/1026/1026 1028/1028/1028 1027/1027/1027
f 1027/1027/1027 1025/1025/1025 1026/1026/1026
f 1028/1028/1028 1030/1030/1030 1029/1029/1029
f 1029/1029/1029 1027/1027/1027 1028/1028/1028
f 1030/1030/1030 1032/1032/1032 1031/1031/1031
f 1031/1031/1031 1029/1029/1029 1030/1030/1030
f 1032/1032/1032 1034/1034/1034 1033/1033/1033
f 1033/1033/1033 1031/1031/1031 1032/1032/1032
f 1034/1034/1034 1032/1032/1032 961/961/961
f 961/961/961 959/959/959 1034/1034/1034
f 1033/1033/1033 1035/1035/1035 1037/1037/1037
f 1037/1037/1037 1031/1031/1031 1033/1033/1033
f 1038/1038/1038 1036/1036/1036 998/998/998
f 998/998/998 999/999/999 1038/1038/1038
f 1032/1032/1032 1030/1030/1030 963/963/963
f 963/963/963 961/961/961 1032/1032/1032
f 1031/1031/1031 1037/1037/1037 1039/1039/1039
f 1039/1039/1039 1029/1029/1029 1031/1031/1031
f 1040/1040/1040 1038/1038/1038 999/999/999
f 999/999/999 1001/1001/1001 1040/1040/1040
f 1030/1030/1030 1028/1028/1028 965/965/965
f 965/965/965 963/963/963 1030/1030/1030
f 1029/1029/1029 1039/1039/1039 1042/1042/1042
f 1042/1042/1042 1027/1027/1027 1029/1029/1029
f 1041/1041/1041 1040/1040/1040 1001/1001/1001
f 1001/1001/1001 1003/1003/1003 1041/1041/1041
f 1028/1028/1028 1026/1026/1026 967/967/967
f 967/967/967 965/965/965 1028/1028/1028
f 1027/1027/1027 1042/1042/1042 1044/1044/1044
f 1044/1044/1044 1025/1025/1025 1027/1027/1027
f 1043/1043/1043 1041/1041/1041 1003/1003/1003
f 1003/1003/1003 1005/1005/1005 1043/1043/1043
f 1026/1026/1026 1024/1024/1024 969/969/969
f 969/969/969 967/967/967 1026/1026/1026
f 1025/1025/1025 1044/1044/1044 1046/1046/1046
f 1046/1046/1046 1023/1023/1023 1025/1025/1025
f 1045/1045/1045 1043/1043/1043 1005/1005/1005
f 1005/1005/1005 1007/1007/1007 1045/1045/1045
f 1024/1024/1024 1022/1022/1022 971/971/971
f 971/971/971 969/969/969 1024/1024/1024
f 1023/1023/1023 1046/1046/1046 1047/1047/1047
f 1047/1047/1047 1021/1021/1021 1023/1023/1023
f 1048/1048/1048 1045/1045/1045 1007/1007/1007
f 1007/1007/1007 1009/1009/1009 1048/1048/1048
f 1022/1022/1022 1020/1020/1020 973/973/973
f 973/973/973 971/971/971 1022/1022/1022
f 1021/1021/1021 1047/1047/1047 1050/1050/1050
f 1050/1050/1050 1019/1019/1019 1021/1021/1021
f 1049/1049/1049 1048/1048/1048 1009/1009/1009
f 1009/1009/1009 1011/1011/1011 1049/1049/1049
f 1020/1020/1020 1018/1018/1018 975/975/975
f 975/975/975 973/973/973 1020/1020/1020
f 1019/1019/1019 1050/1050/1050 1015/1015/1015
f 1015/1015/1015 1017/1017/1017 1019/1019/1019
f 1016/1016/1016 1049/1049/1049 1011/1011/1011
f 1011/1011/1011 1013/1013/1013 1016/1016/1016
f 1052/1052/1052 1055/1055/1055 1054/1054/1054
f 1054/1054/1054 1053/1053/1053 1052/1052/1052
f 1055/1055/1055 1057/1057/1057 1056/1056/1056
f 1056/1056/1056 1054/1054/1054 1055/1055/1055
f 1057/1057/1057 1059/1059/1059 1058/1058/1058
f 1058/1058/1058 1056/1056/1056 1057/1057/1057
f 1059/1059/1059 1061/1061/1061 1060/1060/1060
f 1060/1060/1060 1058/1058/1058 1059/1059/1059
f 1061/1061/1061 1063/1063/1063 1062/1062/1062
f 1062/1062/1062 1060/1060/1060 1061/1061/1061
f 1063/1063/1063 1065/1065/1065 1064/1064/1064
f 1064/1064/1064 1062/1062/1062 1063/1063/1063
f 1065/1065/1065 1067/1067/1067 1066/1066/1066
f 1066/1066/1066 1064/1064/1064 1065/1065/1065
f 1067/1067/1067 995/995/995 994/994/994
f 994/994/994 1066/1066/1066 1067/1067/1067
f 1068/1068/1068 996/996/996 995/995/995
f 995/995/995 1067/1067/1067 1068/1068/1068
f 1000/1000/1000 997/997/997 996/996/996
f 996/996/996 1068/1068/1068 1000/1000/1000
f 1067/1067/1067 1065/1065/1065 1069/1069/1069
f 1069/1069/1069 1068/1068/1068 1067/1067/1067
f 1068/1068/1068 1069/1069/1069 1002/1002/1002
f 1002/1002/1002 1000/1000/1000 1068/1068/1068
f 1066/1066/1066 994/994/994 993/993/993
f 993/993/993 991/991/991 1066/1066/1066
f 1065/1065/1065 1063/1063/1063 1070/1070/1070
f 1070/1070/1070 1069/1069/1069 1065/1065/1065
f 1069/1069/1069 1070/1070/1070 1004/1004/1004
f 1004/1004/1004 1002/1002/1002 1069/1069/1069
f 1064/1064/1064 1066/1066/1066 991/991/991
f 991/991/991 989/989/989 1064/1064/1064
f 1063/1063/1063 1061/1061/1061 1071/1071/1071
f 1071/1071/1071 1070/1070/1070 1063/1063/1063
f 1070/1070/1070 1071/1071/1071 1006/1006/1006
f 1006/1006/1006 1004/1004/1004 1070/1070/1070
f 1062/1062/1062 1064/1064/1064 989/989/989
f 989/989/989 987/987/987 1062/1062/1062
f 1061/1061/1061 1059/1059/1059 1072/1072/1072
f 1072/1072/1072 1071/1071/1071 1061/1061/1061
f 1071/1071/1071 1072/1072/1072 1008/1008/1008
f 1008/1008/1008 1006/1006/1006 1071/1071/1071
f 1060/1060/1060 1062/1062/1062 987/987/987
f 987/987/987 985/985/985 1060/1060/1060
f 1059/1059/1059 1057/1057/1057 1073/1073/1073
f 1073/1073/1073 1072/1072/1072 1059/1059/1059
f 1072/1072/1072 1073/1073/1073 1010/1010/1010
f 1010/1010/1010 1008/1008/1008 1072/1072/1072
f 1058/1058/1058 1060/1060/1060 985/985/985
f 985/985/985 983/983/983 1058/1058/1058
f 1057/1057/1057 1055/1055/1055 1074/1074/1074
f 1074/1074/1074 1073/1073/1073 1057/1057/1057
f 1073/1073/1073 1074/1074/1074 1012/1012/1012
f 1012/1012/1012 1010/1010/1010 1073/1073/1073
f 1056/1056/1056 1058/1058/1058 983/983/983
f 983/983/983 981/981/981 1056/1056/1056
f 1055/1055/1055 1052/1052/1052 1051/1051/1051
f 1051/1051/1051 1074/1074/1074 1055/1055/1055
f 1074/1074/1074 1051/1051/1051 1014/1014/1014
f 1014/1014/1014 1012/1012/1012 1074/1074/1074
f 1054/1054/1054 1056/1056/1056 981/981/981
f 981/981/981 979/979/979 1054/1054/1054
f 1053/1053/1053 1054/1054/1054 979/979/979
f 979/979/979 976/976/976 1053/1053/1053
f 992/992/992 944/944/944 949/949/949
f 949/949/949 958/958/958 992/992/992
f 992/992/992 958/958/958 960/960/960
f 960/960/960 990/990/990 992/992/992
f 990/990/990 960/960/960 962/962/962
f 962/962/962 988/988/988 990/990/990
f 988/988/988 962/962/962 964/964/964
f 964/964/964 986/986/986 988/988/988
f 986/986/986 964/964/964 966/966/966
f 966/966/966 984/984/984 986/986/986
f 984/984/984 966/966/966 968/968/968
f 968/968/968 982/982/982 984/984/984
f 982/982/982 968/968/968 970/970/970
f 970/970/970 980/980/980 982/982/982
f 980/980/980 970/970/970 972/972/972
f 972/972/972 978/978/978 980/980/980
f 978/978/978 972/972/972 974/974/974
f 974/974/974 977/977/977 978/978/978
f 908/908/908 906/906/906 946/946/946
f 946/946/946 956/956/956 908/908/908
f 906/906/906 910/910/910 945/945/945
f 945/945/945 946/946/946 906/906/906
f 910/910/910 912/912/912 948/948/948
f 948/948/948 945/945/945 910/910/910
f 912/912/912 914/914/914 951/951/951
f 951/951/951 948/948/948 912/912/912
f 914/914/914 917/917/917 932/932/932
f 932/932/932 951/951/951 914/914/914
f 917/917/917 918/918/918 935/935/935
f 935/935/935 932/932/932 917/917/917
f 918/918/918 923/923/923 937/937/937
f 937/937/937 935/935/935 918/918/918
f 921/921/921 925/925/925 940/940/940
f 940/940/940 936/936/936 921/921/921
f 925/925/925 927/927/927 942/942/942
f 942/942/942 940/940/940 925/925/925
f 927/927/927 928/928/928 952/952/952
f 952/952/952 942/942/942 927/927/927
f 928/928/928 931/931/931 954/954/954
f 954/954/954 952/952/952 928/928/928
f 931/931/931 908/908/908 956/956/956
f 956/956/956 954/954/954 931/931/931
f 1075/1075/1075 1088/1088/1088 1089/1089/1089
f 1089/1089/1089 1076/1076/1076 1075/1075/1075
f 1076/1076/1076 1089/1089/1089 1090/1090/1090
f 1090/1090/1090 1077/1077/1077 1076/1076/1076
f 1077/1077/1077 1090/1090/1090 1091/1091/1091
f 1091/1091/1091 1078/1078/1078 1077/1077/1077
f 1078/1078/1078 1091/1091/1091 1092/1092/1092
f 1092/1092/1092 1079/1079/1079 1078/1078/1078
f 1079/1079/1079 1092/1092/1092 1093/1093/1093
f 1093/1093/1093 1080/1080/1080 1079/1079/1079
f 1080/1080/1080 1093/1093/1093 1094/1094/1094
f 1094/1094/1094 1081/1081/1081 1080/1080/1080
f 1081/1081/1081 1094/1094/1094 1096/1096/1096
f 1096/1096/1096 1082/1082/1082 1081/1081/1081
f 1083/1083/1083 1095/1095/1095 1097/1097/1097
f 1097/1097/1097 1084/1084/1084 1083/1083/1083
f 1084/1084/1084 1097/1097/1097 1098/1098/1098
f 1098/1098/1098 1085/1085/1085 1084/1084/1084
f 1085/1085/1085 1098/1098/1098 1099/1099/1099
f 1099/1099/1099 1086/1086/1086 1085/1085/1085
f 1086/1086/1086 1099/1099/1099 1100/1100/1100
f 1100/1100/1100 1087/1087/1087 1086/1086/1086
f 1087/1087/1087 1100/1100/1100 1088/1088/1088
f 1088/1088/1088 1075/1075/1075 1087/1087/1087
f 1088/1088/1088 1101/1101/1101 1102/1102/1102
f 1102/1102/1102 1089/1089/1089 1088/1088/1088
f 1089/1089/1089 1102/1102/1102 1103/1103/1103
f 1103/1103/1103 1090/1090/1090 1089/1089/1089
f 1090/1090/1090 1103/1103/1103 1104/1104/1104
f 1104/1104/1104 1091/1091/1091 1090/1090/1090
f 1091/1091/1091 1104/1104/1104 1105/1105/1105
f 1105/1105/1105 1092/1092/1092 1091/1091/1091
f 1092/1092/1092 1105/1105/1105 1106/1106/1106
f 1106/1106/1106 1093/1093/1093 1092/1092/1092
f 1093/1093/1093 1106/1106/1106 1107/1107/1107
f 1107/1107/1107 1094/1094/1094 1093/1093/1093
f 1094/1094/1094 1107/1107/1107 1108/1108/1108
f 1108/1108/1108 1096/1096/1096 1094/1094/1094
f 1095/1095/1095 1109/1109/1109 1110/1110/1110
f 1110/1110/1110 1097/1097/1097 1095/1095/1095
f 1097/1097/1097 1110/1110/1110 1111/1111/1111
f 1111/1111/1111 1098/1098/1098 1097/1097/1097
f 1098/1098/1098 1111/1111/1111 1112/1112/1112
f 1112/1112/1112 1099/1099/1099 1098/1098/1098
f 1099/1099/1099 1112/1112/1112 1113/1113/1113
f 1113/1113/1113 1100/1100/1100 1099/1099/1099
f 1100/1100/1100 1113/1113/1113 1101/1101/1101
f 1101/1101/1101 1088/1088/1088 1100/1100/1100
f 1101/1101/1101 1114/1114/1114 1115/1115/1115
f 1115/1115/1115 1102/1102/1102 1101/1101/1101
f 1102/1102/1102 1115/1115/1115 1116/1116/1116
f 1116/1116/1116 1103/1103/1103 1102/1102/1102
f 1103/1103/1103 1116/1116/1116 1117/1117/1117
f 1117/1117/1117 1104/1104/1104 1103/1103/1103
f 1104/1104/1104 1117/1117/1117 1118/1118/1118
f 1118/1118/1118 1105/1105/1105 1104/1104/1104
f 1105/1105/1105 1118/1118/1118 1119/1119/1119
f 1119/1119/1119 1106/1106/1106 1105/1105/1105
f 1106/1106/1106 1119/1119/1119 1120/1120/1120
f 1120/1120/1120 1107/1107/1107 1106/1106/1106
f 1107/1107/1107 1120/1120/1120 1122/1122/1122
f 1122/1122/1122 1108/1108/1108 1107/1107/1107
f 1109/1109/1109 1121/1121/1121 1123/1123/1123
f 1123/1123/1123 1110/1110/1110 1109/1109/1109
f 1110/1110/1110 1123/1123/1123 1124/1124/1124
f 1124/1124/1124 1111/1111/1111 1110/1110/1110
f 1111/1111/1111 1124/1124/1124 1125/1125/1125
f 1125/1125/1125 1112/1112/1112 1111/1111/1111
f 1112/1112/1112 1125/1125/1125 1126/1126/1126
f 1126/1126/1126 1113/1113/1113 1112/1112/1112
f 1113/1113/1113 1126/1126/1126 1114/1114/1114
f 1114/1114/1114 1101/1101/1101 1113/1113/1113
f 1114/1114/1114 1127/1127/1127 1128/1128/1128
f 1128/1128/1128 1115/1115/1115 1114/1114/1114
f 1115/1115/1115 1128/1128/1128 1129/1129/1129
f 1129/1129/1129 1116/1116/1116 1115/1115/1115
f 1116/1116/1116 1129/1129/1129 1130/1130/1130
f 1130/1130/1130 1117/1117/1117 1116/1116/1116
f 1117/1117/1117 1130/1130/1130 1131/1131/1131
f 1131/1131/1131 1118/1118/1118 1117/1117/1117
f 1118/1118/1118 1131/1131/1131 1132/1132/1132
f 1132/1132/1132 1119/1119/1119 1118/1118/1118
f 1119/1119/1119 1132/1132/1132 1133/1133/1133
f 1133/1133/1133 1120/1120/1120 1119/1119/1119
f 1120/1120/1120 1133/1133/1133 1135/1135/1135
f 1135/1135/1135 1122/1122/1122 1120/1120/1120
f 1121/1121/1121 1134/1134/1134 1136/1136/1136
f 1136/1136/1136 1123/1123/1123 1121/1121/1121
f 1123/1123/1123 1136/1136/1136 1137/1137/1137
f 1137/1137/1137 1124/1124/1124 1123/1123/1123
f 1124/1124/1124 1137/1137/1137 1138/1138/1138
f 1138/1138/1138 1125/1125/1125 1124/1124/1124
f 1125/1125/1125 1138/1138/1138 1139/1139/1139
f 1139/1139/1139 1126/1126/1126 1125/1125/1125
f 1126/1126/1126 1139/1139/1139 1127/1127/1127
f 1127/1127/1127 1114/1114/1114 1126/1126/1126
f 1127/1127/1127 1140/1140/1140 1141/1141/1141
f 1141/1141/1141 1128/1128/1128 1127/1127/1127
f 1128/1128/1128 1141/1141/1141 1142/1142/1142
f 1142/1142/1142 1129/1129/1129 1128/1128/1128
f 1129/1129/1129 1142/1142/1142 1143/1143/1143
f 1143/1143/1143 1130/1130/1130 1129/1129/1129
f 1130/1130/1130 1143/1143/1143 1144/1144/1144
f 1144/1144/1144 1131/1131/1131 1130/1130/1130
f 1131/1131/1131 1144/1144/1144 1145/1145/1145
f 1145/1145/1145 1132/1132/1132 1131/1131/1131
f 1132/1132/1132 1145/1145/1145 1146/1146/1146
f 1146/1146/1146 1133/1133/1133 1132/1132/1132
f 1133/1133/1133 1146/1146/1146 1147/1147/1147
f 1147/1147/1147 1135/1135/1135 1133/1133/1133
f 1134/1134/1134 1148/1148/1148 1149/1149/1149
f 1149/1149/1149 1136/1136/1136 1134/1134/1134
f 1136/1136/1136 1149/1149/1149 1150/1150/1150
f 1150/1150/1150 1137/1137/1137 1136/1136/1136
f 1137/1137/1137 1150/1150/1150 1151/1151/1151
f 1151/1151/1151 1138/1138/1138 1137/1137/1137
f 1138/1138/1138 1151/1151/1151 1152/1152/1152
f 1152/1152/1152 1139/1139/1139 1138/1138/1138
f 1139/1139/1139 1152/1152/1152 1140/1140/1140
f 1140/1140/1140 1127/1127/1127 1139/1139/1139
f 1140/1140/1140 1153/1153/1153 1154/1154/1154
f 1154/1154/1154 1141/1141/1141 1140/1140/1140
f 1141/1141/1141 1154/1154/1154 1155/1155/1155
f 1155/1155/1155 1142/1142/1142 1141/1141/1141
f 1142/1142/1142 1155/1155/1155 1156/1156/1156
f 1156/1156/1156 1143/1143/1143 1142/1142/1142
f 1143/1143/1143 1156/1156/1156 1157/1157/1157
f 1157/1157/1157 1144/1144/1144 1143/1143/1143
f 1144/1144/1144 1157/1157/1157 1158/1158/1158
f 1158/1158/1158 1145/1145/1145 1144/1144/1144
f 1145/1145/1145 1158/1158/1158 1159/1159/1159
f 1159/1159/1159 1146/1146/1146 1145/1145/1145
f 1146/1146/1146 1159/1159/1159 1160/1160/1160
f 1160/1160/1160 1147/1147/1147 1146/1146/1146
f 1148/1148/1148 1161/1161/1161 1162/1162/1162
f 1162/1162/1162 1149/1149/1149 1148/1148/1148
f 1149/1149/1149 1162/1162/1162 1163/1163/1163
f 1163/1163/1163 1150/1150/1150 1149/1149/1149
f 1150/1150/1150 1163/1163/1163 1164/1164/1164
f 1164/1164/1164 1151/1151/1151 1150/1150/1150
f 1151/1151/1151 1164/1164/1164 1165/1165/1165
f 1165/1165/1165 1152/1152/1152 1151/1151/1151
f 1152/1152/1152 1165/1165/1165 1153/1153/1153
f 1153/1153/1153 1140/1140/1140 1152/1152/1152
f 1153/1153/1153 1166/1166/1166 1167/1167/1167
f 1167/1167/1167 1154/1154/1154 1153/1153/1153
f 1154/1154/1154 1167/1167/1167 1168/1168/1168
f 1168/1168/1168 1155/1155/1155 1154/1154/1154
f 1155/1155/1155 1168/1168/1168 1169/1169/1169
f 1169/1169/1169 1156/1156/1156 1155/1155/1155
f 1156/1156/1156 1169/1169/1169 1170/1170/1170
f 1170/1170/1170 1157/1157/1157 1156/1156/1156
f 1157/1157/1157 1170/1170/1170 1171/1171/1171
f 1171/1171/1171 1158/1158/1158 1157/1157/1157
f 1158/1158/1158 1171/1171/1171 1172/1172/1172
f 1172/1172/1172 1159/1159/1159 1158/1158/1158
f 1159/1159/1159 1172/1172/1172 1173/1173/1173
f 1173/1173/1173 1160/1160/1160 1159/1159/1159
f 1161/1161/1161 1174/1174/1174 1175/1175/1175
f 1175/1175/1175 1162/1162/1162 1161/1161/1161
f 1162/1162/1162 1175/1175/1175 1176/1176/1176
f 1176/1176/1176 1163/1163/1163 1162/1162/1162
f 1163/1163/1163 1176/1176/1176 1177/1177/1177
f 1177/1177/1177 1164/1164/1164 1163/1163/1163
f 1164/1164/1164 1177/1177/1177 1178/1178/1178
f 1178/1178/1178 1165/1165/1165 1164/1164/1164
f 1165/1165/1165 1178/1178/1178 1166/1166/1166
f 1166/1166/1166 1153/1153/1153 1165/1165/1165
f 1166/1166/1166 1179/1179/1179 1180/1180/1180
f 1180/1180/1180 1167/1167/1167 1166/1166/1166
f 1167/1167/1167 1180/1180/1180 1181/1181/1181
f 1181/1181/1181 1168/1168/1168 1167/1167/1167
f 1168/1168/1168 1181/1181/1181 1182/1182/1182
f 1182/1182/1182 1169/1169/1169 1168/1168/1168
f 1169/1169/1169 1182/1182/1182 1183/1183/1183
f 1183/1183/1183 1170/1170/1170 1169/1169/1169
f 1170/1170/1170 1183/1183/1183 1184/1184/1184
f 1184/1184/1184 1171/1171/1171 1170/1170/1170
f 1171/1171/1171 1184/1184/1184 1185/1185/1185
f 1185/1185/1185 1172/1172/1172 1171/1171/1171
f 1172/1172/1172 1185/1185/1185 1187/1187/1187
f 1187/1187/1187 1173/1173/1173 1172/1172/1172
f 1174/1174/1174 1186/1186/1186 1188/1188/1188
f 1188/1188/1188 1175/1175/1175 1174/1174/1174
f 1175/1175/1175 1188/1188/1188 1189/1189/1189
f 1189/1189/1189 1176/1176/1176 1175/1175/1175
f 1176/1176/1176 1189/1189/1189 1190/1190/1190
f 1190/1190/1190 1177/1177/1177 1176/1176/1176
f 1177/1177/1177 1190/1190/1190 1191/1191/1191
f 1191/1191/1191 1178/1178/1178 1177/1177/1177
f 1178/1178/1178 1191/1191/1191 1179/1179/1179
f 1179/1179/1179 1166/1166/1166 1178/1178/1178
f 1179/1179/1179 1192/1192/1192 1193/1193/1193
f 1193/1193/1193 1180/1180/1180 1179/1179/1179
f 1180/1180/1180 1193/1193/1193 1194/1194/1194
f 1194/1194/1194 1181/1181/1181 1180/1180/1180
f 1181/1181/1181 1194/1194/1194 1195/1195/1195
f 1195/1195/1195 1182/1182/1182 1181/1181/1181
f 1182/1182/1182 1195/1195/1195 1196/1196/1196
f 1196/1196/1196 1183/1183/1183 1182/1182/1182
f 1183/1183/1183 1196/1196/1196 1197/1197/1197
f 1197/1197/1197 1184/1184/1184 1183/1183/1183
f 1184/1184/1184 1197/1197/1197 1198/1198/1198
f 1198/1198/1198 1185/1185/1185 1184/1184/1184
f 1185/1185/1185 1198/1198/1198 1199/1199/1199
f 1199/1199/1199 1187/1187/1187 1185/1185/1185
f 1186/1186/1186 1200/1200/1200 1201/1201/1201
f 1201/1201/1201 1188/1188/1188 1186/1186/1186
f 1188/1188/1188 1201/1201/1201 1202/1202/1202
f 1202/1202/1202 1189/1189/1189 1188/1188/1188
f 1189/1189/1189 1202/1202/1202 1203/1203/1203
f 1203/1203/1203 1190/1190/1190 1189/1189/1189
f 1190/1190/1190 1203/1203/1203 1204/1204/1204
f 1204/1204/1204 1191/1191/1191 1190/1190/1190
f 1191/1191/1191 1204/1204/1204 1192/1192/1192
f 1192/1192/1192 1179/1179/1179 1191/1191/1191
f 1192/1192/1192 1205/1205/1205 1206/1206/1206
f 1206/1206/1206 1193/1193/1193 1192/1192/1192
f 1193/1193/1193 1206/1206/1206 1207/1207/1207
f 1207/1207/1207 1194/1194/1194 1193/1193/1193
f 1194/1194/1194 1207/1207/1207 1208/1208/1208
f 1208/1208/1208 1195/1195/1195 1194/1194/1194
f 1195/1195/1195 1208/1208/1208 1209/1209/1209
f 1209/1209/1209 1196/1196/1196 1195/1195/1195
f 1196/1196/1196 1209/1209/1209 1210/1210/1210
f 1210/1210/1210 1197/1197/1197 1196/1196/1196
f 1197/1197/1197 1210/1210/1210 1211/1211/1211
f 1211/1211/1211 1198/1198/1198 1197/1197/1197
f 1198/1198/1198 1211/1211/1211 1212/1212/1212
f 1212/1212/1212 1199/1199/1199 1198/1198/1198
f 1200/1200/1200 1213/1213/1213 1214/1214/1214
f 1214/1214/1214 1201/1201/1201 1200/1200/1200
f 1201/1201/1201 1214/1214/1214 1215/1215/1215
f 1215/1215/1215 1202/1202/1202 1201/1201/1201
f 1202/1202/1202 1215/1215/1215 1216/1216/1216
f 1216/1216/1216 1203/1203/1203 1202/1202/1202
f 1203/1203/1203 1216/1216/1216 1217/1217/1217
f 1217/1217/1217 1204/1204/1204 1203/1203/1203
f 1204/1204/1204 1217/1217/1217 1205/1205/1205
f 1205/1205/1205 1192/1192/1192 1204/1204/1204
f 1222/1222/1222 1223/1223/1223 1219/1219/1219
f 1219/1219/1219 1221/1221/1221 1222/1222/1222
f 1223/1223/1223 1226/1226/1226 1225/1225/1225
f 1225/1225/1225 1219/1219/1219 1223/1223/1223
f 1226/1226/1226 1231/1231/1231 1228/1228/1228
f 1228/1228/1228 1225/1225/1225 1226/1226/1226
f 1232/1232/1232 1235/1235/1235 1233/1233/1233
f 1233/1233/1233 1227/1227/1227 1232/1232/1232
f 1235/1235/1235 1238/1238/1238 1237/1237/1237
f 1237/1237/1237 1233/1233/1233 1235/1235/1235
f 1238/1238/1238 1241/1241/1241 1239/1239/1239
f 1239/1239/1239 1237/1237/1237 1238/1238/1238
f 1241/1241/1241 1244/1244/1244 1242/1242/1242
f 1242/1242/1242 1239/1239/1239 1241/1241/1241
f 1244/1244/1244 1247/1247/1247 1246/1246/1246
f 1246/1246/1246 1242/1242/1242 1244/1244/1244
f 1247/1247/1247 1250/1250/1250 1249/1249/1249
f 1249/1249/1249 1246/1246/1246 1247/1247/1247
f 1250/1250/1250 1253/1253/1253 1251/1251/1251
f 1251/1251/1251 1249/1249/1249 1250/1250/1250
f 1253/1253/1253 1256/1256/1256 1254/1254/1254
f 1254/1254/1254 1251/1251/1251 1253/1253/1253
f 1256/1256/1256 1222/1222/1222 1221/1221/1221
f 1221/1221/1221 1254/1254/1254 1256/1256/1256
f 1220/1220/1220 1218/1218/1218 1258/1258/1258
f 1258/1258/1258 1259/1259/1259 1220/1220/1220
f 1218/1218/1218 1224/1224/1224 1262/1262/1262
f 1262/1262/1262 1258/1258/1258 1218/1218/1218
f 1224/1224/1224 1230/1230/1230 1263/1263/1263
f 1263/1263/1263 1262/1262/1262 1224/1224/1224
f 1229/1229/1229 1234/1234/1234 1267/1267/1267
f 1267/1267/1267 1265/1265/1265 1229/1229/1229
f 1234/1234/1234 1236/1236/1236 1269/1269/1269
f 1269/1269/1269 1267/1267/1267 1234/1234/1234
f 1236/1236/1236 1240/1240/1240 1272/1272/1272
f 1272/1272/1272 1269/1269/1269 1236/1236/1236
f 1240/1240/1240 1243/1243/1243 1273/1273/1273
f 1273/1273/1273 1272/1272/1272 1240/1240/1240
f 1243/1243/1243 1245/1245/1245 1275/1275/1275
f 1275/1275/1275 1273/1273/1273 1243/1243/1243
f 1245/1245/1245 1248/1248/1248 1277/1277/1277
f 1277/1277/1277 1275/1275/1275 1245/1245/1245
f 1248/1248/1248 1252/1252/1252 1280/1280/1280
f 1280/1280/1280 1277/1277/1277 1248/1248/1248
f 1252/1252/1252 1255/1255/1255 1282/1282/1282
f 1282/1282/1282 1280/1280/1280 1252/1252/1252
f 1255/1255/1255 1220/1220/1220 1259/1259/1259
f 1259/1259/1259 1282/1282/1282 1255/1255/1255
f 1284/1284/1284 1286/1286/1286 1260/1260/1260
f 1260/1260/1260 1257/1257/1257 1284/1284/1284
f 1260/1260/1260 1286/1286/1286 1288/1288/1288
f 1288/1288/1288 1281/1281/1281 1260/1260/1260
f 1266/1266/1266 1291/1291/1291 1289/1289/1289
f 1289/1289/1289 1261/1261/1261 1266/1266/1266
f 1294/1294/1294 1297/1297/1297 1278/1278/1278
f 1278/1278/1278 1279/1279/1279 1294/1294/1294
f 1271/1271/1271 1300/1300/1300 1299/1299/1299
f 1299/1299/1299 1270/1270/1270 1271/1271/1271
f 1261/1261/1261 1289/1289/1289 1284/1284/1284
f 1284/1284/1284 1257/1257/1257 1261/1261/1261
f 1288/1288/1288 1294/1294/1294 1279/1279/1279
f 1279/1279/1279 1281/1281/1281 1288/1288/1288
f 1304/1304/1304 1305/1305/1305 1303/1303/1303
f 1303/1303/1303 1296/1296/1296 1304/1304/1304
f 1309/1309/1309 1293/1293/1293 1306/1306/1306
f 1306/1306/1306 1308/1308/1308 1309/1309/1309
f 1309/1309/1309 1310/1310/1310 1290/1290/1290
f 1290/1290/1290 1293/1293/1293 1309/1309/1309
f 1313/1313/1313 1283/1283/1283 1311/1311/1311
f 1311/1311/1311 1312/1312/1312 1313/1313/1313
f 1316/1316/1316 1319/1319/1319 1315/1315/1315
f 1315/1315/1315 1312/1312/1312 1316/1316/1316
f 1322/1322/1322 1324/1324/1324 1320/1320/1320
f 1320/1320/1320 1317/1317/1317 1322/1322/1322
f 1325/1325/1325 1326/1326/1326 1324/1324/1324
f 1324/1324/1324 1322/1322/1322 1325/1325/1325
f 1328/1328/1328 1330/1330/1330 1326/1326/1326
f 1326/1326/1326 1325/1325/1325 1328/1328/1328
f 1331/1331/1331 1332/1332/1332 1330/1330/1330
f 1330/1330/1330 1328/1328/1328 1331/1331/1331
f 1334/1334/1334 1335/1335/1335 1332/1332/1332
f 1332/1332/1332 1331/1331/1331 1334/1334/1334
f 1337/1337/1337 1339/1339/1339 1335/1335/1335
f 1335/1335/1335 1334/1334/1334 1337/1337/1337
f 1340/1340/1340 1342/1342/1342 1339/1339/1339
f 1339/1339/1339 1337/1337/1337 1340/1340/1340
f 1343/1343/1343 1345/1345/1345 1342/1342/1342
f 1342/1342/1342 1340/1340/1340 1343/1343/1343
f 1348/1348/1348 1349/1349/1349 1346/1346/1346
f 1346/1346/1346 1347/1347/1347 1348/1348/1348
f 1347/1347/1347 1346/1346/1346 1350/1350/1350
f 1350/1350/1350 1304/1304/1304 1347/1347/1347
f 1352/1352/1352 1350/1350/1350 1346/1346/1346
f 1346/1346/1346 1351/1351/1351 1352/1352/1352
f 1354/1354/1354 1352/1352/1352 1351/1351/1351
f 1351/1351/1351 1353/1353/1353 1354/1354/1354
f 1356/1356/1356 1354/1354/1354 1353/1353/1353
f 1353/1353/1353 1355/1355/1355 1356/1356/1356
f 1358/1358/1358 1356/1356/1356 1355/1355/1355
f 1355/1355/1355 1357/1357/1357 1358/1358/1358
f 1360/1360/1360 1358/1358/1358 1357/1357/1357
f 1357/1357/1357 1359/1359/1359 1360/1360/1360
f 1364/1364/1364 1360/1360/1360 1359/1359/1359
f 1359/1359/1359 1361/1361/1361 1364/1364/1364
f 1309/1309/1309 1363/1363/1363 1362/1362/1362
f 1362/1362/1362 1310/1310/1310 1309/1309/1309
f 1361/1361/1361 1359/1359/1359 1365/1365/1365
f 1365/1365/1365 1367/1367/1367 1361/1361/1361
f 1360/1360/1360 1364/1364/1364 1369/1369/1369
f 1369/1369/1369 1370/1370/1370 1360/1360/1360
f 1370/1370/1370 1369/1369/1369 1372/1372/1372
f 1372/1372/1372 1373/1373/1373 1370/1370/1370
f 1375/1375/1375 1370/1370/1370 1373/1373/1373
f 1373/1373/1373 1374/1374/1374 1375/1375/1375
f 1377/1377/1377 1375/1375/1375 1374/1374/1374
f 1374/1374/1374 1376/1376/1376 1377/1377/1377
f 1379/1379/1379 1377/1377/1377 1376/1376/1376
f 1376/1376/1376 1378/1378/1378 1379/1379/1379
f 1381/1381/1381 1379/1379/1379 1378/1378/1378
f 1378/1378/1378 1380/1380/1380 1381/1381/1381
f 1383/1383/1383 1381/1381/1381 1380/1380/1380
f 1380/1380/1380 1382/1382/1382 1383/1383/1383
f 1305/1305/1305 1383/1383/1383 1382/1382/1382
f 1382/1382/1382 1384/1384/1384 1305/1305/1305
f 1387/1387/1387 1390/1390/1390 1385/1385/1385
f 1385/1385/1385 1386/1386/1386 1387/1387/1387
f 1389/1389/1389 1388/1388/1388 1391/1391/1391
f 1391/1391/1391 1393/1393/1393 1389/1389/1389
f 1397/1397/1397 1389/1389/1389 1393/1393/1393
f 1393/1393/1393 1396/1396/1396 1397/1397/1397
f 1401/1401/1401 1397/1397/1397 1396/1396/1396
f 1396/1396/1396 1399/1399/1399 1401/1401/1401
f 1406/1406/1406 1401/1401/1401 1399/1399/1399
f 1399/1399/1399 1404/1404/1404 1406/1406/1406
f 1403/1403/1403 1400/1400/1400 1408/1408/1408
f 1408/1408/1408 1410/1410/1410 1403/1403/1403
f 1413/1413/1413 1403/1403/1403 1410/1410/1410
f 1410/1410/1410 1411/1411/1411 1413/1413/1413
f 1418/1418/1418 1413/1413/1413 1411/1411/1411
f 1411/1411/1411 1416/1416/1416 1418/1418/1418
f 1423/1423/1423 1418/1418/1418 1416/1416/1416
f 1416/1416/1416 1419/1419/1419 1423/1423/1423
f 1430/1430/1430 1426/1426/1426 1421/1421/1421
f 1421/1421/1421 1428/1428/1428 1430/1430/1430
f 1433/1433/1433 1430/1430/1430 1428/1428/1428
f 1428/1428/1428 1432/1432/1432 1433/1433/1433
f 1438/1438/1438 1433/1433/1433 1432/1432/1432
f 1432/1432/1432 1435/1435/1435 1438/1438/1438
f 1442/1442/1442 1438/1438/1438 1435/1435/1435
f 1435/1435/1435 1440/1440/1440 1442/1442/1442
f 1392/1392/1392 1442/1442/1442 1440/1440/1440
f 1440/1440/1440 1443/1443/1443 1392/1392/1392
f 1444/1444/1444 1439/1439/1439 1445/1445/1445
f 1445/1445/1445 1448/1448/1448 1444/1444/1444
f 1451/1451/1451 1444/1444/1444 1448/1448/1448
f 1448/1448/1448 1449/1449/1449 1451/1451/1451
f 1455/1455/1455 1451/1451/1451 1449/1449/1449
f 1449/1449/1449 1453/1453/1453 1455/1455/1455
f 1407/1407/1407 1455/1455/1455 1453/1453/1453
f 1453/1453/1453 1457/1457/1457 1407/1407/1407
f 1458/1458/1458 1454/1454/1454 1459/1459/1459
f 1459/1459/1459 1462/1462/1462 1458/1458/1458
f 1465/1465/1465 1458/1458/1458 1462/1462/1462
f 1462/1462/1462 1463/1463/1463 1465/1465/1465
f 1469/1469/1469 1465/1465/1465 1463/1463/1463
f 1463/1463/1463 1467/1467/1467 1469/1469/1469
f 1474/1474/1474 1469/1469/1469 1467/1467/1467
f 1467/1467/1467 1472/1472/1472 1474/1474/1474
f 1480/1480/1480 1474/1474/1474 1472/1472/1472
f 1472/1472/1472 1478/1478/1478 1480/1480/1480
f 1485/1485/1485 1479/1479/1479 1477/1477/1477
f 1477/1477/1477 1484/1484/1484 1485/1485/1485
f 1489/1489/1489 1485/1485/1485 1484/1484/1484
f 1484/1484/1484 1487/1487/1487 1489/1489/1489
f 1493/1493/1493 1489/1489/1489 1487/1487/1487
f 1487/1487/1487 1491/1491/1491 1493/1493/1493
f 1446/1446/1446 1493/1493/1493 1491/1491/1491
f 1491/1491/1491 1496/1496/1496 1446/1446/1446
f 1496/1496/1496 1499/1499/1499 1447/1447/1447
f 1447/1447/1447 1446/1446/1446 1496/1496/1496
f 1499/1499/1499 1497/1497/1497 1450/1450/1450
f 1450/1450/1450 1447/1447/1447 1499/1499/1499
f 1490/1490/1490 1494/1494/1494 1436/1436/1436
f 1436/1436/1436 1431/1431/1431 1490/1490/1490
f 1486/1486/1486 1490/1490/1490 1431/1431/1431
f 1431/1431/1431 1427/1427/1427 1486/1486/1486
f 1481/1481/1481 1486/1486/1486 1427/1427/1427
f 1427/1427/1427 1420/1420/1420 1481/1481/1481
f 1473/1473/1473 1482/1482/1482 1422/1422/1422
f 1422/1422/1422 1415/1415/1415 1473/1473/1473
f 1470/1470/1470 1473/1473/1473 1415/1415/1415
f 1415/1415/1415 1412/1412/1412 1470/1470/1470
f 1466/1466/1466 1470/1470/1470 1412/1412/1412
f 1412/1412/1412 1409/1409/1409 1466/1466/1466
f 1457/1457/1457 1466/1466/1466 1409/1409/1409
f 1409/1409/1409 1407/1407/1407 1457/1457/1457
f 1497/1497/1497 1459/1459/1459 1454/1454/1454
f 1454/1454/1454 1450/1450/1450 1497/1497/1497
f 1452/1452/1452 1456/1456/1456 1395/1395/1395
f 1395/1395/1395 1394/1394/1394 1452/1452/1452
f 1443/1443/1443 1452/1452/1452 1394/1394/1394
f 1394/1394/1394 1392/1392/1392 1443/1443/1443
f 1494/1494/1494 1445/1445/1445 1439/1439/1439
f 1439/1439/1439 1436/1436/1436 1494/1494/1494
f 1437/1437/1437 1441/1441/1441 1502/1502/1502
f 1502/1502/1502 1504/1504/1504 1437/1437/1437
f 1378/1378/1378 1376/1376/1376 1505/1505/1505
f 1505/1505/1505 1506/1506/1506 1378/1378/1378
f 1388/1388/1388 1502/1502/1502 1441/1441/1441
f 1441/1441/1441 1391/1391/1391 1388/1388/1388
f 1380/1380/1380 1378/1378/1378 1506/1506/1506
f 1506/1506/1506 1386/1386/1386 1380/1380/1380
f 1434/1434/1434 1437/1437/1437 1504/1504/1504
f 1504/1504/1504 1507/1507/1507 1434/1434/1434
f 1376/1376/1376 1374/1374/1374 1509/1509/1509
f 1509/1509/1509 1505/1505/1505 1376/1376/1376
f 1429/1429/1429 1434/1434/1434 1507/1507/1507
f 1507/1507/1507 1511/1511/1511 1429/1429/1429
f 1374/1374/1374 1373/1373/1373 1512/1512/1512
f 1512/1512/1512 1509/1509/1509 1374/1374/1374
f 1424/1424/1424 1429/1429/1429 1511/1511/1511
f 1511/1511/1511 1513/1513/1513 1424/1424/1424
f 1373/1373/1373 1372/1372/1372 1518/1518/1518
f 1518/1518/1518 1512/1512/1512 1373/1373/1373
f 1520/1520/1520 1516/1516/1516 1517/1517/1517
f 1517/1517/1517 1519/1519/1519 1520/1520/1520
f 1514/1514/1514 1521/1521/1521 1417/1417/1417
f 1417/1417/1417 1425/1425/1425 1514/1514/1514
f 1523/1523/1523 1520/1520/1520 1519/1519/1519
f 1519/1519/1519 1522/1522/1522 1523/1523/1523
f 1414/1414/1414 1417/1417/1417 1521/1521/1521
f 1521/1521/1521 1524/1524/1524 1414/1414/1414
f 1404/1404/1404 1414/1414/1414 1524/1524/1524
f 1524/1524/1524 1406/1406/1406 1404/1404/1404
f 1456/1456/1456 1408/1408/1408 1400/1400/1400
f 1400/1400/1400 1395/1395/1395 1456/1456/1456
f 1527/1527/1527 1384/1384/1384 1525/1525/1525
f 1525/1525/1525 1526/1526/1526 1527/1527/1527
f 1390/1390/1390 1398/1398/1398 1525/1525/1525
f 1525/1525/1525 1385/1385/1385 1390/1390/1390
f 1381/1381/1381 1383/1383/1383 1350/1350/1350
f 1350/1350/1350 1352/1352/1352 1381/1381/1381
f 1304/1304/1304 1350/1350/1350 1383/1383/1383
f 1383/1383/1383 1305/1305/1305 1304/1304/1304
f 1379/1379/1379 1381/1381/1381 1352/1352/1352
f 1352/1352/1352 1354/1354/1354 1379/1379/1379
f 1377/1377/1377 1379/1379/1379 1354/1354/1354
f 1354/1354/1354 1356/1356/1356 1377/1377/1377
f 1375/1375/1375 1377/1377/1377 1356/1356/1356
f 1356/1356/1356 1358/1358/1358 1375/1375/1375
f 1370/1370/1370 1375/1375/1375 1358/1358/1358
f 1358/1358/1358 1360/1360/1360 1370/1370/1370
f 1529/1529/1529 1371/1371/1371 1368/1368/1368
f 1368/1368/1368 1308/1308/1308 1529/1529/1529
f 1308/1308/1308 1368/1368/1368 1363/1363/1363
f 1363/1363/1363 1309/1309/1309 1308/1308/1308
f 1359/1359/1359 1357/1357/1357 1530/1530/1530
f 1530/1530/1530 1365/1365/1365 1359/1359/1359
f 1357/1357/1357 1355/1355/1355 1531/1531/1531
f 1531/1531/1531 1530/1530/1530 1357/1357/1357
f 1355/1355/1355 1353/1353/1353 1532/1532/1532
f 1532/1532/1532 1531/1531/1531 1355/1355/1355
f 1353/1353/1353 1351/1351/1351 1533/1533/1533
f 1533/1533/1533 1532/1532/1532 1353/1353/1353
f 1351/1351/1351 1346/1346/1346 1349/1349/1349
f 1349/1349/1349 1533/1533/1533 1351/1351/1351
f 1310/1310/1310 1362/1362/1362 1366/1366/1366
f 1366/1366/1366 1311/1311/1311 1310/1310/1310
f 1298/1298/1298 1529/1529/1529 1308/1308/1308
f 1308/1308/1308 1306/1306/1306 1298/1298/1298
f 1301/1301/1301 1527/1527/1527 1526/1526/1526
f 1526/1526/1526 1538/1538/1538 1301/1301/1301
f 1347/1347/1347 1295/1295/1295 1287/1287/1287
f 1287/1287/1287 1348/1348/1348 1347/1347/1347
f 1307/1307/1307 1292/1292/1292 1264/1264/1264
f 1264/1264/1264 1268/1268/1268 1307/1307/1307
f 1276/1276/1276 1278/1278/1278 1297/1297/1297
f 1297/1297/1297 1302/1302/1302 1276/1276/1276
f 1299/1299/1299 1307/1307/1307 1268/1268/1268
f 1268/1268/1268 1270/1270/1270 1299/1299/1299
f 1276/1276/1276 1302/1302/1302 1528/1528/1528
f 1528/1528/1528 1274/1274/1274 1276/1276/1276
f 1528/1528/1528 1300/1300/1300 1271/1271/1271
f 1271/1271/1271 1274/1274/1274 1528/1528/1528
f 1285/1285/1285 1283/1283/1283 1313/1313/1313
f 1313/1313/1313 1539/1539/1539 1285/1285/1285
f 1287/1287/1287 1285/1285/1285 1539/1539/1539
f 1539/1539/1539 1343/1343/1343 1287/1287/1287
f 1304/1304/1304 1296/1296/1296 1295/1295/1295
f 1295/1295/1295 1347/1347/1347 1304/1304/1304
f 1527/1527/1527 1303/1303/1303 1305/1305/1305
f 1305/1305/1305 1384/1384/1384 1527/1527/1527
f 1298/1298/1298 1301/1301/1301 1538/1538/1538
f 1538/1538/1538 1522/1522/1522 1298/1298/1298
f 1283/1283/1283 1290/1290/1290 1310/1310/1310
f 1310/1310/1310 1311/1311/1311 1283/1283/1283
f 1313/1313/1313 1312/1312/1312 1315/1315/1315
f 1315/1315/1315 1537/1537/1537 1313/1313/1313
f 1316/1316/1316 1312/1312/1312 1311/1311/1311
f 1311/1311/1311 1366/1366/1366 1316/1316/1316
f 1322/1322/1322 1317/1317/1317 1367/1367/1367
f 1367/1367/1367 1365/1365/1365 1322/1322/1322
f 1325/1325/1325 1322/1322/1322 1365/1365/1365
f 1365/1365/1365 1530/1530/1530 1325/1325/1325
f 1328/1328/1328 1325/1325/1325 1530/1530/1530
f 1530/1530/1530 1531/1531/1531 1328/1328/1328
f 1331/1331/1331 1328/1328/1328 1531/1531/1531
f 1531/1531/1531 1532/1532/1532 1331/1331/1331
f 1334/1334/1334 1331/1331/1331 1532/1532/1532
f 1532/1532/1532 1533/1533/1533 1334/1334/1334
f 1337/1337/1337 1334/1334/1334 1533/1533/1533
f 1533/1533/1533 1349/1349/1349 1337/1337/1337
f 1340/1340/1340 1337/1337/1337 1349/1349/1349
f 1349/1349/1349 1348/1348/1348 1340/1340/1340
f 1343/1343/1343 1340/1340/1340 1348/1348/1348
f 1348/1348/1348 1287/1287/1287 1343/1343/1343
f 1539/1539/1539 1313/1313/1313 1537/1537/1537
f 1537/1537/1537 1534/1534/1534 1539/1539/1539
f 1345/1345/1345 1343/1343/1343 1539/1539/1539
f 1539/1539/1539 1534/1534/1534 1345/1345/1345
f 1386/1386/1386 1385/1385/1385 1382/1382/1382
f 1382/1382/1382 1380/1380/1380 1386/1386/1386
f 1506/1506/1506 1505/1505/1505 1503/1503/1503
f 1503/1503/1503 1501/1501/1501 1506/1506/1506
f 1386/1386/1386 1506/1506/1506 1501/1501/1501
f 1501/1501/1501 1387/1387/1387 1386/1386/1386
f 1505/1505/1505 1509/1509/1509 1508/1508/1508
f 1508/1508/1508 1503/1503/1503 1505/1505/1505
f 1509/1509/1509 1512/1512/1512 1510/1510/1510
f 1510/1510/1510 1508/1508/1508 1509/1509/1509
f 1512/1512/1512 1518/1518/1518 1515/1515/1515
f 1515/1515/1515 1510/1510/1510 1512/1512/1512
f 1519/1519/1519 1517/1517/1517 1371/1371/1371
f 1371/1371/1371 1529/1529/1529 1519/1519/1519
f 1522/1522/1522 1519/1519/1519 1529/1529/1529
f 1529/1529/1529 1298/1298/1298 1522/1522/1522
f 1526/1526/1526 1525/1525/1525 1398/1398/1398
f 1398/1398/1398 1402/1402/1402 1526/1526/1526
f 1385/1385/1385 1525/1525/1525 1384/1384/1384
f 1384/1384/1384 1382/1382/1382 1385/1385/1385
f 1538/1538/1538 1526/1526/1526 1402/1402/1402
f 1402/1402/1402 1405/1405/1405 1538/1538/1538
f 1523/1523/1523 1522/1522/1522 1538/1538/1538
f 1538/1538/1538 1405/1405/1405 1523/1523/1523
f 1593/1593/1593 1594/1594/1594 1549/1549/1549
f 1549/1549/1549 1546/1546/1546 1593/1593/1593
f 1594/1594/1594 1595/1595/1595 1551/1551/1551
f 1551/1551/1551 1549/1549/1549 1594/1594/1594
f 1595/1595/1595 1596/1596/1596 1553/1553/1553
f 1553/1553/1553 1551/1551/1551 1595/1595/1595
f 1553/1553/1553 1596/1596/1596 1597/1597/1597
f 1597/1597/1597 1555/1555/1555 1553/1553/1553
f 1597/1597/1597 1598/1598/1598 1557/1557/1557
f 1557/1557/1557 1555/1555/1555 1597/1597/1597
f 1598/1598/1598 1599/1599/1599 1558/1558/1558
f 1558/1558/1558 1557/1557/1557 1598/1598/1598
f 1600/1600/1600 1601/1601/1601 1563/1563/1563
f 1563/1563/1563 1560/1560/1560 1600/1600/1600
f 1562/1562/1562 1602/1602/1602 1603/1603/1603
f 1603/1603/1603 1541/1541/1541 1562/1562/1562
f 1603/1603/1603 1567/1567/1567 1542/1542/1542
f 1542/1542/1542 1541/1541/1541 1603/1603/1603
f 1545/1545/1545 1542/1542/1542 1567/1567/1567
f 1567/1567/1567 1566/1566/1566 1545/1545/1545
f 1567/1567/1567 1569/1569/1569 1568/1568/1568
f 1568/1568/1568 1566/1566/1566 1567/1567/1567
f 1569/1569/1569 1571/1571/1571 1570/1570/1570
f 1570/1570/1570 1568/1568/1568 1569/1569/1569
f 1571/1571/1571 1573/1573/1573 1572/1572/1572
f 1572/1572/1572 1570/1570/1570 1571/1571/1571
f 1573/1573/1573 1575/1575/1575 1574/1574/1574
f 1574/1574/1574 1572/1572/1572 1573/1573/1573
f 1575/1575/1575 1573/1573/1573 1610/1610/1610
f 1610/1610/1610 1576/1576/1576 1575/1575/1575
f 1576/1576/1576 1610/1610/1610 1612/1612/1612
f 1612/1612/1612 1578/1578/1578 1576/1576/1576
f 1577/1577/1577 1611/1611/1611 1613/1613/1613
f 1613/1613/1613 1579/1579/1579 1577/1577/1577
f 1579/1579/1579 1613/1613/1613 1614/1614/1614
f 1614/1614/1614 1580/1580/1580 1579/1579/1579
f 1580/1580/1580 1614/1614/1614 1615/1615/1615
f 1615/1615/1615 1581/1581/1581 1580/1580/1580
f 1581/1581/1581 1615/1615/1615 1616/1616/1616
f 1616/1616/1616 1582/1582/1582 1581/1581/1581
f 1582/1582/1582 1616/1616/1616 1617/1617/1617
f 1617/1617/1617 1583/1583/1583 1582/1582/1582
f 1583/1583/1583 1617/1617/1617 1618/1618/1618
f 1618/1618/1618 1584/1584/1584 1583/1583/1583
f 1584/1584/1584 1618/1618/1618 1588/1588/1588
f 1588/1588/1588 1585/1585/1585 1584/1584/1584
f 1585/1585/1585 1588/1588/1588 1587/1587/1587
f 1587/1587/1587 1586/1586/1586 1585/1585/1585
f 1587/1587/1587 1572/1572/1572 1574/1574/1574
f 1574/1574/1574 1586/1586/1586 1587/1587/1587
f 1588/1588/1588 1590/1590/1590 1589/1589/1589
f 1589/1589/1589 1587/1587/1587 1588/1588/1588
f 1590/1590/1590 1592/1592/1592 1591/1591/1591
f 1591/1591/1591 1589/1589/1589 1590/1590/1590
f 1592/1592/1592 1594/1594/1594 1593/1593/1593
f 1593/1593/1593 1591/1591/1591 1592/1592/1592
f 1593/1593/1593 1546/1546/1546 1545/1545/1545
f 1545/1545/1545 1566/1566/1566 1593/1593/1593
f 1594/1594/1594 1592/1592/1592 1621/1621/1621
f 1621/1621/1621 1595/1595/1595 1594/1594/1594
f 1595/1595/1595 1621/1621/1621 1622/1622/1622
f 1622/1622/1622 1596/1596/1596 1595/1595/1595
f 1596/1596/1596 1622/1622/1622 1623/1623/1623
f 1623/1623/1623 1597/1597/1597 1596/1596/1596
f 1597/1597/1597 1623/1623/1623 1624/1624/1624
f 1624/1624/1624 1598/1598/1598 1597/1597/1597
f 1598/1598/1598 1624/1624/1624 1625/1625/1625
f 1625/1625/1625 1599/1599/1599 1598/1598/1598
f 1599/1599/1599 1625/1625/1625 1626/1626/1626
f 1626/1626/1626 1600/1600/1600 1599/1599/1599
f 1599/1599/1599 1600/1600/1600 1560/1560/1560
f 1560/1560/1560 1558/1558/1558 1599/1599/1599
f 1600/1600/1600 1626/1626/1626 1605/1605/1605
f 1605/1605/1605 1601/1601/1601 1600/1600/1600
f 1602/1602/1602 1606/1606/1606 1604/1604/1604
f 1604/1604/1604 1603/1603/1603 1602/1602/1602
f 1603/1603/1603 1604/1604/1604 1569/1569/1569
f 1569/1569/1569 1567/1567/1567 1603/1603/1603
f 1606/1606/1606 1608/1608/1608 1607/1607/1607
f 1607/1607/1607 1604/1604/1604 1606/1606/1606
f 1608/1608/1608 1612/1612/1612 1610/1610/1610
f 1610/1610/1610 1607/1607/1607 1608/1608/1608
f 1611/1611/1611 1609/1609/1609 1627/1627/1627
f 1627/1627/1627 1613/1613/1613 1611/1611/1611
f 1613/1613/1613 1627/1627/1627 1628/1628/1628
f 1628/1628/1628 1614/1614/1614 1613/1613/1613
f 1614/1614/1614 1628/1628/1628 1629/1629/1629
f 1629/1629/1629 1615/1615/1615 1614/1614/1614
f 1615/1615/1615 1629/1629/1629 1630/1630/1630
f 1630/1630/1630 1616/1616/1616 1615/1615/1615
f 1616/1616/1616 1630/1630/1630 1620/1620/1620
f 1620/1620/1620 1617/1617/1617 1616/1616/1616
f 1617/1617/1617 1620/1620/1620 1619/1619/1619
f 1619/1619/1619 1618/1618/1618 1617/1617/1617
f 1618/1618/1618 1619/1619/1619 1590/1590/1590
f 1590/1590/1590 1588/1588/1588 1618/1618/1618
f 1620/1620/1620 1622/1622/1622 1621/1621/1621
f 1621/1621/1621 1619/1619/1619 1620/1620/1620
f 1622/1622/1622 1620/1620/1620 1630/1630/1630
f 1630/1630/1630 1623/1623/1623 1622/1622/1622
f 1623/1623/1623 1630/1630/1630 1629/1629/1629
f 1629/1629/1629 1624/1624/1624 1623/1623/1623
f 1624/1624/1624 1629/1629/1629 1628/1628/1628
f 1628/1628/1628 1625/1625/1625 1624/1624/1624
f 1625/1625/1625 1628/1628/1628 1627/1627/1627
f 1627/1627/1627 1626/1626/1626 1625/1625/1625
f 1626/1626/1626 1627/1627/1627 1609/1609/1609
f 1609/1609/1609 1605/1605/1605 1626/1626/1626
f 1619/1619/1619 1621/1621/1621 1592/1592/1592
f 1592/1592/1592 1590/1590/1590 1619/1619/1619
f 1607/1607/1607 1610/1610/1610 1573/1573/1573
f 1573/1573/1573 1571/1571/1571 1607/1607/1607
f 1604/1604/1604 1607/1607/1607 1571/1571/1571
f 1571/1571/1571 1569/1569/1569 1604/1604/1604
f 1593/1593/1593 1566/1566/1566 1568/1568/1568
f 1568/1568/1568 1591/1591/1591 1593/1593/1593
f 1591/1591/1591 1568/1568/1568 1570/1570/1570
f 1570/1570/1570 1589/1589/1589 1591/1591/1591
f 1589/1589/1589 1570/1570/1570 1572/1572/1572
f 1572/1572/1572 1587/1587/1587 1589/1589/1589
f 1684/1684/1684 1685/1685/1685 1633/1633/1633
f 1633/1633/1633 1632/1632/1632 1684/1684/1684
f 1685/1685/1685 1686/1686/1686 1636/1636/1636
f 1636/1636/1636 1633/1633/1633 1685/1685/1685
f 1686/1686/1686 1687/1687/1687 1638/1638/1638
f 1638/1638/1638 1636/1636/1636 1686/1686/1686
f 1687/1687/1687 1688/1688/1688 1639/1639/1639
f 1639/1639/1639 1638/1638/1638 1687/1687/1687
f 1688/1688/1688 1689/1689/1689 1641/1641/1641
f 1641/1641/1641 1639/1639/1639 1688/1688/1688
f 1690/1690/1690 1691/1691/1691 1645/1645/1645
f 1645/1645/1645 1643/1643/1643 1690/1690/1690
f 1692/1692/1692 1693/1693/1693 1650/1650/1650
f 1650/1650/1650 1646/1646/1646 1692/1692/1692
f 1693/1693/1693 1694/1694/1694 1651/1651/1651
f 1651/1651/1651 1650/1650/1650 1693/1693/1693
f 1694/1694/1694 1658/1658/1658 1654/1654/1654
f 1654/1654/1654 1651/1651/1651 1694/1694/1694
f 1658/1658/1658 1657/1657/1657 1656/1656/1656
f 1656/1656/1656 1654/1654/1654 1658/1658/1658
f 1658/1658/1658 1660/1660/1660 1659/1659/1659
f 1659/1659/1659 1657/1657/1657 1658/1658/1658
f 1660/1660/1660 1662/1662/1662 1661/1661/1661
f 1661/1661/1661 1659/1659/1659 1660/1660/1660
f 1662/1662/1662 1664/1664/1664 1663/1663/1663
f 1663/1663/1663 1661/1661/1661 1662/1662/1662
f 1664/1664/1664 1666/1666/1666 1665/1665/1665
f 1665/1665/1665 1663/1663/1663 1664/1664/1664
f 1666/1666/1666 1664/1664/1664 1699/1699/1699
f 1699/1699/1699 1667/1667/1667 1666/1666/1666
f 1667/1667/1667 1699/1699/1699 1700/1700/1700
f 1700/1700/1700 1668/1668/1668 1667/1667/1667
f 1668/1668/1668 1700/1700/1700 1701/1701/1701
f 1701/1701/1701 1670/1670/1670 1668/1668/1668
f 1669/1669/1669 1702/1702/1702 1703/1703/1703
f 1703/1703/1703 1671/1671/1671 1669/1669/1669
f 1671/1671/1671 1703/1703/1703 1704/1704/1704
f 1704/1704/1704 1672/1672/1672 1671/1671/1671
f 1672/1672/1672 1704/1704/1704 1705/1705/1705
f 1705/1705/1705 1673/1673/1673 1672/1672/1672
f 1673/1673/1673 1705/1705/1705 1706/1706/1706
f 1706/1706/1706 1674/1674/1674 1673/1673/1673
f 1674/1674/1674 1706/1706/1706 1707/1707/1707
f 1707/1707/1707 1675/1675/1675 1674/1674/1674
f 1675/1675/1675 1707/1707/1707 1679/1679/1679
f 1679/1679/1679 1676/1676/1676 1675/1675/1675
f 1676/1676/1676 1679/1679/1679 1678/1678/1678
f 1678/1678/1678 1677/1677/1677 1676/1676/1676
f 1678/1678/1678 1663/1663/1663 1665/1665/1665
f 1665/1665/1665 1677/1677/1677 1678/1678/1678
f 1679/1679/1679 1681/1681/1681 1680/1680/1680
f 1680/1680/1680 1678/1678/1678 1679/1679/1679
f 1681/1681/1681 1683/1683/1683 1682/1682/1682
f 1682/1682/1682 1680/1680/1680 1681/1681/1681
f 1683/1683/1683 1685/1685/1685 1684/1684/1684
f 1684/1684/1684 1682/1682/1682 1683/1683/1683
f 1632/1632/1632 1656/1656/1656 1657/1657/1657
f 1657/1657/1657 1684/1684/1684 1632/1632/1632
f 1685/1685/1685 1683/1683/1683 1710/1710/1710
f 1710/1710/1710 1686/1686/1686 1685/1685/1685
f 1686/1686/1686 1710/1710/1710 1711/1711/1711
f 1711/1711/1711 1687/1687/1687 1686/1686/1686
f 1687/1687/1687 1711/1711/1711 1712/1712/1712
f 1712/1712/1712 1688/1688/1688 1687/1687/1687
f 1688/1688/1688 1712/1712/1712 1713/1713/1713
f 1713/1713/1713 1689/1689/1689 1688/1688/1688
f 1689/1689/1689 1713/1713/1713 1714/1714/1714
f 1714/1714/1714 1690/1690/1690 1689/1689/1689
f 1689/1689/1689 1690/1690/1690 1643/1643/1643
f 1643/1643/1643 1641/1641/1641 1689/1689/1689
f 1690/1690/1690 1714/1714/1714 1716/1716/1716
f 1716/1716/1716 1691/1691/1691 1690/1690/1690
f 1692/1692/1692 1715/1715/1715 1696/1696/1696
f 1696/1696/1696 1693/1693/1693 1692/1692/1692
f 1693/1693/1693 1696/1696/1696 1695/1695/1695
f 1695/1695/1695 1694/1694/1694 1693/1693/1693
f 1694/1694/1694 1695/1695/1695 1660/1660/1660
f 1660/1660/1660 1658/1658/1658 1694/1694/1694
f 1696/1696/1696 1698/1698/1698 1697/1697/1697
f 1697/1697/1697 1695/1695/1695 1696/1696/1696
f 1698/1698/1698 1700/1700/1700 1699/1699/1699
f 1699/1699/1699 1697/1697/1697 1698/1698/1698
f 1700/1700/1700 1698/1698/1698 1718/1718/1718
f 1718/1718/1718 1701/1701/1701 1700/1700/1700
f 1702/1702/1702 1717/1717/1717 1719/1719/1719
f 1719/1719/1719 1703/1703/1703 1702/1702/1702
f 1703/1703/1703 1719/1719/1719 1720/1720/1720
f 1720/1720/1720 1704/1704/1704 1703/1703/1703
f 1704/1704/1704 1720/1720/1720 1721/1721/1721
f 1721/1721/1721 1705/1705/1705 1704/1704/1704
f 1705/1705/1705 1721/1721/1721 1709/1709/1709
f 1709/1709/1709 1706/1706/1706 1705/1705/1705
f 1706/1706/1706 1709/1709/1709 1708/1708/1708
f 1708/1708/1708 1707/1707/1707 1706/1706/1706
f 1707/1707/1707 1708/1708/1708 1681/1681/1681
f 1681/1681/1681 1679/1679/1679 1707/1707/1707
f 1709/1709/1709 1711/1711/1711 1710/1710/1710
f 1710/1710/1710 1708/1708/1708 1709/1709/1709
f 1711/1711/1711 1709/1709/1709 1721/1721/1721
f 1721/1721/1721 1712/1712/1712 1711/1711/1711
f 1712/1712/1712 1721/1721/1721 1720/1720/1720
f 1720/1720/1720 1713/1713/1713 1712/1712/1712
f 1713/1713/1713 1720/1720/1720 1719/1719/1719
f 1719/1719/1719 1714/1714/1714 1713/1713/1713
f 1714/1714/1714 1719/1719/1719 1717/1717/1717
f 1717/1717/1717 1716/1716/1716 1714/1714/1714
f 1715/1715/1715 1718/1718/1718 1698/1698/1698
f 1698/1698/1698 1696/1696/1696 1715/1715/1715
f 1708/1708/1708 1710/1710/1710 1683/1683/1683
f 1683/1683/1683 1681/1681/1681 1708/1708/1708
f 1697/1697/1697 1699/1699/1699 1664/1664/1664
f 1664/1664/1664 1662/1662/1662 1697/1697/1697
f 1695/1695/1695 1697/1697/1697 1662/1662/1662
f 1662/1662/1662 1660/1660/1660 1695/1695/1695
f 1684/1684/1684 1657/1657/1657 1659/1659/1659
f 1659/1659/1659 1682/1682/1682 1684/1684/1684
f 1682/1682/1682 1659/1659/1659 1661/1661/1661
f 1661/1661/1661 1680/1680/1680 1682/1682/1682
f 1680/1680/1680 1661/1661/1661 1663/1663/1663
f 1663/1663/1663 1678/1678/1678 1680/1680/1680
f 1492/1492/1492 1488/1488/1488 1543/1543/1543
f 1543/1543/1543 1544/1544/1544 1492/1492/1492
f 1488/1488/1488 1483/1483/1483 1540/1540/1540
f 1540/1540/1540 1543/1543/1543 1488/1488/1488
f 1483/1483/1483 1475/1475/1475 1565/1565/1565
f 1565/1565/1565 1540/1540/1540 1483/1483/1483
f 1476/1476/1476 1471/1471/1471 1561/1561/1561
f 1561/1561/1561 1564/1564/1564 1476/1476/1476
f 1471/1471/1471 1468/1468/1468 1559/1559/1559
f 1559/1559/1559 1561/1561/1561 1471/1471/1471
f 1468/1468/1468 1464/1464/1464 1556/1556/1556
f 1556/1556/1556 1559/1559/1559 1468/1468/1468
f 1464/1464/1464 1461/1461/1461 1554/1554/1554
f 1554/1554/1554 1556/1556/1556 1464/1464/1464
f 1461/1461/1461 1460/1460/1460 1552/1552/1552
f 1552/1552/1552 1554/1554/1554 1461/1461/1461
f 1460/1460/1460 1498/1498/1498 1550/1550/1550
f 1550/1550/1550 1552/1552/1552 1460/1460/1460
f 1498/1498/1498 1500/1500/1500 1548/1548/1548
f 1548/1548/1548 1550/1550/1550 1498/1498/1498
f 1500/1500/1500 1495/1495/1495 1547/1547/1547
f 1547/1547/1547 1548/1548/1548 1500/1500/1500
f 1495/1495/1495 1492/1492/1492 1544/1544/1544
f 1544/1544/1544 1547/1547/1547 1495/1495/1495
f 1344/1344/1344 1535/1535/1535 1653/1653/1653
f 1653/1653/1653 1655/1655/1655 1344/1344/1344
f 1535/1535/1535 1536/1536/1536 1652/1652/1652
f 1652/1652/1652 1653/1653/1653 1535/1535/1535
f 1536/1536/1536 1314/1314/1314 1649/1649/1649
f 1649/1649/1649 1652/1652/1652 1536/1536/1536
f 1314/1314/1314 1318/1318/1318 1648/1648/1648
f 1648/1648/1648 1649/1649/1649 1314/1314/1314
f 1321/1321/1321 1323/1323/1323 1644/1644/1644
f 1644/1644/1644 1647/1647/1647 1321/1321/1321
f 1323/1323/1323 1327/1327/1327 1642/1642/1642
f 1642/1642/1642 1644/1644/1644 1323/1323/1323
f 1327/1327/1327 1329/1329/1329 1640/1640/1640
f 1640/1640/1640 1642/1642/1642 1327/1327/1327
f 1329/1329/1329 1333/1333/1333 1637/1637/1637
f 1637/1637/1637 1640/1640/1640 1329/1329/1329
f 1333/1333/1333 1336/1336/1336 1635/1635/1635
f 1635/1635/1635 1637/1637/1637 1333/1333/1333
f 1336/1336/1336 1338/1338/1338 1634/1634/1634
f 1634/1634/1634 1635/1635/1635 1336/1336/1336
f 1338/1338/1338 1341/1341/1341 1631/1631/1631
f 1631/1631/1631 1634/1634/1634 1338/1338/1338
f 1341/1341/1341 1344/1344/1344 1655/1655/1655
f 1655/1655/1655 1631/1631/1631 1341/1341/1341
f 1722/1722/1722 1735/1735/1735 1736/1736/1736
f 1736/1736/1736 1723/1723/1723 1722/1722/1722
f 1723/1723/1723 1736/1736/1736 1737/1737/1737
f 1737/1737/1737 1724/1724/1724 1723/1723/1723
f 1724/1724/1724 1737/1737/1737 1738/1738/1738
f 1738/1738/1738 1725/1725/1725 1724/1724/1724
f 1725/1725/1725 1738/1738/1738 1739/1739/1739
f 1739/1739/1739 1726/1726/1726 1725/1725/1725
f 1726/1726/1726 1739/1739/1739 1740/1740/1740
f 1740/1740/1740 1728/1728/1728 1726/1726/1726
f 1727/1727/1727 1741/1741/1741 1742/1742/1742
f 1742/1742/1742 1729/1729/1729 1727/1727/1727
f 1729/1729/1729 1742/1742/1742 1743/1743/1743
f 1743/1743/1743 1730/1730/1730 1729/1729/1729
f 1730/1730/1730 1743/1743/1743 1744/1744/1744
f 1744/1744/1744 1731/1731/1731 1730/1730/1730
f 1731/1731/1731 1744/1744/1744 1745/1745/1745
f 1745/1745/1745 1732/1732/1732 1731/1731/1731
f 1732/1732/1732 1745/1745/1745 1746/1746/1746
f 1746/1746/1746 1733/1733/1733 1732/1732/1732
f 1733/1733/1733 1746/1746/1746 1747/1747/1747
f 1747/1747/1747 1734/1734/1734 1733/1733/1733
f 1734/1734/1734 1747/1747/1747 1735/1735/1735
f 1735/1735/1735 1722/1722/1722 1734/1734/1734
f 1735/1735/1735 1748/1748/1748 1749/1749/1749
f 1749/1749/1749 1736/1736/1736 1735/1735/1735
f 1736/1736/1736 1749/1749/1749 1750/1750/1750
f 1750/1750/1750 1737/1737/1737 1736/1736/1736
f 1737/1737/1737 1750/1750/1750 1751/1751/1751
f 1751/1751/1751 1738/1738/1738 1737/1737/1737
f 1738/1738/1738 1751/1751/1751 1752/1752/1752
f 1752/1752/1752 1739/1739/1739 1738/1738/1738
f 1739/1739/1739 1752/1752/1752 1753/1753/1753
f 1753/1753/1753 1740/1740/1740 1739/1739/1739
f 1741/1741/1741 1754/1754/1754 1755/1755/1755
f 1755/1755/1755 1742/1742/1742 1741/1741/1741
f 1742/1742/1742 1755/1755/1755 1756/1756/1756
f 1756/1756/1756 1743/1743/1743 1742/1742/1742
f 1743/1743/1743 1756/1756/1756 1757/1757/1757
f 1757/1757/1757 1744/1744/1744 1743/1743/1743
f 1744/1744/1744 1757/1757/1757 1758/1758/1758
f 1758/1758/1758 1745/1745/1745 1744/1744/1744
f 1745/1745/1745 1758/1758/1758 1759/1759/1759
f 1759/1759/1759 1746/1746/1746 1745/1745/1745
f 1746/1746/1746 1759/1759/1759 1760/1760/1760
f 1760/1760/1760 1747/1747/1747 1746/1746/1746
f 1747/1747/1747 1760/1760/1760 1748/1748/1748
f 1748/1748/1748 1735/1735/1735 1747/1747/1747
f 1748/1748/1748 1761/1761/1761 1762/1762/1762
f 1762/1762/1762 1749/1749/1749 1748/1748/1748
f 1749/1749/1749 1762/1762/1762 1763/1763/1763
f 1763/1763/1763 1750/1750/1750 1749/1749/1749
f 1750/1750/1750 1763/1763/1763 1764/1764/1764
f 1764/1764/1764 1751/1751/1751 1750/1750/1750
f 1751/1751/1751 1764/1764/1764 1765/1765/1765
f 1765/1765/1765 1752/1752/1752 1751/1751/1751
f 1752/1752/1752 1765/1765/1765 1766/1766/1766
f 1766/1766/1766 1753/1753/1753 1752/1752/1752
f 1754/1754/1754 1767/1767/1767 1768/1768/1768
f 1768/1768/1768 1755/1755/1755 1754/1754/1754
f 1755/1755/1755 1768/1768/1768 1769/1769/1769
f 1769/1769/1769 1756/1756/1756 1755/1755/1755
f 1756/1756/1756 1769/1769/1769 1770/1770/1770
f 1770/1770/1770 1757/1757/1757 1756/1756/1756
f 1757/1757/1757 1770/1770/1770 1771/1771/1771
f 1771/1771/1771 1758/1758/1758 1757/1757/1757
f 1758/1758/1758 1771/1771/1771 1772/1772/1772
f 1772/1772/1772 1759/1759/1759 1758/1758/1758
f 1759/1759/1759 1772/1772/1772 1773/1773/1773
f 1773/1773/1773 1760/1760/1760 1759/1759/1759
f 1760/1760/1760 1773/1773/1773 1761/1761/1761
f 1761/1761/1761 1748/1748/1748 1760/1760/1760
f 1761/1761/1761 1774/1774/1774 1775/1775/1775
f 1775/1775/1775 1762/1762/1762 1761/1761/1761
f 1762/1762/1762 1775/1775/1775 1776/1776/1776
f 1776/1776/1776 1763/1763/1763 1762/1762/1762
f 1763/1763/1763 1776/1776/1776 1777/1777/1777
f 1777/1777/1777 1764/1764/1764 1763/1763/1763
f 1764/1764/1764 1777/1777/1777 1778/1778/1778
f 1778/1778/1778 1765/1765/1765 1764/1764/1764
f 1765/1765/1765 1778/1778/1778 1780/1780/1780
f 1780/1780/1780 1766/1766/1766 1765/1765/1765
f 1767/1767/1767 1779/1779/1779 1781/1781/1781
f 1781/1781/1781 1768/1768/1768 1767/1767/1767
f 1768/1768/1768 1781/1781/1781 1782/1782/1782
f 1782/1782/1782 1769/1769/1769 1768/1768/1768
f 1769/1769/1769 1782/1782/1782 1783/1783/1783
f 1783/1783/1783 1770/1770/1770 1769/1769/1769
f 1770/1770/1770 1783/1783/1783 1784/1784/1784
f 1784/1784/1784 1771/1771/1771 1770/1770/1770
f 1771/1771/1771 1784/1784/1784 1785/1785/1785
f 1785/1785/1785 1772/1772/1772 1771/1771/1771
f 1772/1772/1772 1785/1785/1785 1786/1786/1786
f 1786/1786/1786 1773/1773/1773 1772/1772/1772
f 1773/1773/1773 1786/1786/1786 1774/1774/1774
f 1774/1774/1774 1761/1761/1761 1773/1773/1773
f 1774/1774/1774 1787/1787/1787 1788/1788/1788
f 1788/1788/1788 1775/1775/1775 1774/1774/1774
f 1775/1775/1775 1788/1788/1788 1789/1789/1789
f 1789/1789/1789 1776/1776/1776 1775/1775/1775
f 1776/1776/1776 1789/1789/1789 1790/1790/1790
f 1790/1790/1790 1777/1777/1777 1776/1776/1776
f 1777/1777/1777 1790/1790/1790 1791/1791/1791
f 1791/1791/1791 1778/1778/1778 1777/1777/1777
f 1778/1778/1778 1791/1791/1791 1792/1792/1792
f 1792/1792/1792 1780/1780/1780 1778/1778/1778
f 1779/1779/1779 1793/1793/1793 1794/1794/1794
f 1794/1794/1794 1781/1781/1781 1779/1779/1779
f 1781/1781/1781 1794/1794/1794 1795/1795/1795
f 1795/1795/1795 1782/1782/1782 1781/1781/1781
f 1782/1782/1782 1795/1795/1795 1796/1796/1796
f 1796/1796/1796 1783/1783/1783 1782/1782/1782
f 1783/1783/1783 1796/1796/1796 1797/1797/1797
f 1797/1797/1797 1784/1784/1784 1783/1783/1783
f 1784/1784/1784 1797/1797/1797 1798/1798/1798
f 1798/1798/1798 1785/1785/1785 1784/1784/1784
f 1785/1785/1785 1798/1798/1798 1799/1799/1799
f 1799/1799/1799 1786/1786/1786 1785/1785/1785
f 1786/1786/1786 1799/1799/1799 1787/1787/1787
f 1787/1787/1787 1774/1774/1774 1786/1786/1786
f 1787/1787/1787 1800/1800/1800 1801/1801/1801
f 1801/1801/1801 1788/1788/1788 1787/1787/1787
f 1788/1788/1788 1801/1801/1801 1802/1802/1802
f 1802/1802/1802 1789/1789/1789 1788/1788/1788
f 1789/1789/1789 1802/1802/1802 1803/1803/1803
f 1803/1803/1803 1790/1790/1790 1789/1789/1789
f 1790/1790/1790 1803/1803/1803 1804/1804/1804
f 1804/1804/1804 1791/1791/1791 1790/1790/1790
f 1791/1791/1791 1804/1804/1804 1806/1806/1806
f 1806/1806/1806 1792/1792/1792 1791/1791/1791
f 1793/1793/1793 1805/1805/1805 1807/1807/1807
f 1807/1807/1807 1794/1794/1794 1793/1793/1793
f 1794/1794/1794 1807/1807/1807 1808/1808/1808
f 1808/1808/1808 1795/1795/1795 1794/1794/1794
f 1795/1795/1795 1808/1808/1808 1809/1809/1809
f 1809/1809/1809 1796/1796/1796 1795/1795/1795
f 1796/1796/1796 1809/1809/1809 1810/1810/1810
f 1810/1810/1810 1797/1797/1797 1796/1796/1796
f 1797/1797/1797 1810/1810/1810 1811/1811/1811
f 1811/1811/1811 1798/1798/1798 1797/1797/1797
f 1798/1798/1798 1811/1811/1811 1812/1812/1812
f 1812/1812/1812 1799/1799/1799 1798/1798/1798
f 1799/1799/1799 1812/1812/1812 1800/1800/1800
f 1800/1800/1800 1787/1787/1787 1799/1799/1799
f 1800/1800/1800 1813/1813/1813 1814/1814/1814
f 1814/1814/1814 1801/1801/1801 1800/1800/1800
f 1801/1801/1801 1814/1814/1814 1815/1815/1815
f 1815/1815/1815 1802/1802/1802 1801/1801/1801
f 1802/1802/1802 1815/1815/1815 1816/1816/1816
f 1816/1816/1816 1803/1803/1803 1802/1802/1802
f 1803/1803/1803 1816/1816/1816 1817/1817/1817
f 1817/1817/1817 1804/1804/1804 1803/1803/1803
f 1804/1804/1804 1817/1817/1817 1818/1818/1818
f 1818/1818/1818 1806/1806/1806 1804/1804/1804
f 1805/1805/1805 1819/1819/1819 1820/1820/1820
f 1820/1820/1820 1807/1807/1807 1805/1805/1805
f 1807/1807/1807 1820/1820/1820 1821/1821/1821
f 1821/1821/1821 1808/1808/1808 1807/1807/1807
f 1808/1808/1808 1821/1821/1821 1822/1822/1822
f 1822/1822/1822 1809/1809/1809 1808/1808/1808
f 1809/1809/1809 1822/1822/1822 1823/1823/1823
f 1823/1823/1823 1810/1810/1810 1809/1809/1809
f 1810/1810/1810 1823/1823/1823 1824/1824/1824
f 1824/1824/1824 1811/1811/1811 1810/1810/1810
f 1811/1811/1811 1824/1824/1824 1825/1825/1825
f 1825/1825/1825 1812/1812/1812 1811/1811/1811
f 1812/1812/1812 1825/1825/1825 1813/1813/1813
f 1813/1813/1813 1800/1800/1800 1812/1812/1812
f 1813/1813/1813 1826/1826/1826 1827/1827/1827
f 1827/1827/1827 1814/1814/1814 1813/1813/1813
f 1814/1814/1814 1827/1827/1827 1828/1828/1828
f 1828/1828/1828 1815/1815/1815 1814/1814/1814
f 1815/1815/1815 1828/1828/1828 1829/1829/1829
f 1829/1829/1829 1816/1816/1816 1815/1815/1815
f 1816/1816/1816 1829/1829/1829 1830/1830/1830
f 1830/1830/1830 1817/1817/1817 1816/1816/1816
f 1817/1817/1817 1830/1830/1830 1832/1832/1832
f 1832/1832/1832 1818/1818/1818 1817/1817/1817
f 1819/1819/1819 1831/1831/1831 1833/1833/1833
f 1833/1833/1833 1820/1820/1820 1819/1819/1819
f 1820/1820/1820 1833/1833/1833 1834/1834/1834
f 1834/1834/1834 1821/1821/1821 1820/1820/1820
f 1821/1821/1821 1834/1834/1834 1835/1835/1835
f 1835/1835/1835 1822/1822/1822 1821/1821/1821
f 1822/1822/1822 1835/1835/1835 1836/1836/1836
f 1836/1836/1836 1823/1823/1823 1822/1822/1822
f 1823/1823/1823 1836/1836/1836 1837/1837/1837
f 1837/1837/1837 1824/1824/1824 1823/1823/1823
f 1824/1824/1824 1837/1837/1837 1838/1838/1838
f 1838/1838/1838 1825/1825/1825 1824/1824/1824
f 1825/1825/1825 1838/1838/1838 1826/1826/1826
f 1826/1826/1826 1813/1813/1813 1825/1825/1825
f 1826/1826/1826 1839/1839/1839 1840/1840/1840
f 1840/1840/1840 1827/1827/1827 1826/1826/1826
f 1827/1827/1827 1840/1840/1840 1841/1841/1841
f 1841/1841/1841 1828/1828/1828 1827/1827/1827
f 1828/1828/1828 1841/1841/1841 1842/1842/1842
f 1842/1842/1842 1829/1829/1829 1828/1828/1828
f 1829/1829/1829 1842/1842/1842 1843/1843/1843
f 1843/1843/1843 1830/1830/1830 1829/1829/1829
f 1830/1830/1830 1843/1843/1843 1845/1845/1845
f 1845/1845/1845 1832/1832/1832 1830/1830/1830
f 1831/1831/1831 1844/1844/1844 1846/1846/1846
f 1846/1846/1846 1833/1833/1833 1831/1831/1831
f 1833/1833/1833 1846/1846/1846 1847/1847/1847
f 1847/1847/1847 1834/1834/1834 1833/1833/1833
f 1834/1834/1834 1847/1847/1847 1848/1848/1848
f 1848/1848/1848 1835/1835/1835 1834/1834/1834
f 1835/1835/1835 1848/1848/1848 1849/1849/1849
f 1849/1849/1849 1836/1836/1836 1835/1835/1835
f 1836/1836/1836 1849/1849/1849 1850/1850/1850
f 1850/1850/1850 1837/1837/1837 1836/1836/1836
f 1837/1837/1837 1850/1850/1850 1851/1851/1851
f 1851/1851/1851 1838/1838/1838 1837/1837/1837
f 1838/1838/1838 1851/1851/1851 1839/1839/1839
f 1839/1839/1839 1826/1826/1826 1838/1838/1838
f 1839/1839/1839 1852/1852/1852 1853/1853/1853
f 1853/1853/1853 1840/1840/1840 1839/1839/1839
f 1840/1840/1840 1853/1853/1853 1854/1854/1854
f 1854/1854/1854 1841/1841/1841 1840/1840/1840
f 1841/1841/1841 1854/1854/1854 1855/1855/1855
f 1855/1855/1855 1842/1842/1842 1841/1841/1841
f 1842/1842/1842 1855/1855/1855 1856/1856/1856
f 1856/1856/1856 1843/1843/1843 1842/1842/1842
f 1843/1843/1843 1856/1856/1856 1857/1857/1857
f 1857/1857/1857 1845/1845/1845 1843/1843/1843
f 1844/1844/1844 1858/1858/1858 1859/1859/1859
f 1859/1859/1859 1846/1846/1846 1844/1844/1844
f 1846/1846/1846 1859/1859/1859 1860/1860/1860
f 1860/1860/1860 1847/1847/1847 1846/1846/1846
f 1847/1847/1847 1860/1860/1860 1861/1861/1861
f 1861/1861/1861 1848/1848/1848 1847/1847/1847
f 1848/1848/1848 1861/1861/1861 1862/1862/1862
f 1862/1862/1862 1849/1849/1849 1848/1848/1848
f 1849/1849/1849 1862/1862/1862 1863/1863/1863
f 1863/1863/1863 1850/1850/1850 1849/1849/1849
f 1850/1850/1850 1863/1863/1863 1864/1864/1864
f 1864/1864/1864 1851/1851/1851 1850/1850/1850
f 1851/1851/1851 1864/1864/1864 1852/1852/1852
f 1852/1852/1852 1839/1839/1839 1851/1851/1851
f 1865/1865/1865 1877/1877/1877 1878/1878/1878
f 1878/1878/1878 1866/1866/1866 1865/1865/1865
f 1866/1866/1866 1878/1878/1878 1879/1879/1879
f 1879/1879/1879 1867/1867/1867 1866/1866/1866
f 1867/1867/1867 1879/1879/1879 1880/1880/1880
f 1880/1880/1880 1868/1868/1868 1867/1867/1867
f 1868/1868/1868 1880/1880/1880 1881/1881/1881
f 1881/1881/1881 1869/1869/1869 1868/1868/1868
f 1869/1869/1869 1881/1881/1881 1882/1882/1882
f 1882/1882/1882 1870/1870/1870 1869/1869/1869
f 1870/1870/1870 1882/1882/1882 1883/1883/1883
f 1883/1883/1883 1871/1871/1871 1870/1870/1870
f 1871/1871/1871 1883/1883/1883 1884/1884/1884
f 1884/1884/1884 1872/1872/1872 1871/1871/1871
f 1872/1872/1872 1884/1884/1884 1885/1885/1885
f 1885/1885/1885 1873/1873/1873 1872/1872/1872
f 1873/1873/1873 1885/1885/1885 1886/1886/1886
f 1886/1886/1886 1874/1874/1874 1873/1873/1873
f 1874/1874/1874 1886/1886/1886 1887/1887/1887
f 1887/1887/1887 1875/1875/1875 1874/1874/1874
f 1875/1875/1875 1887/1887/1887 1888/1888/1888
f 1888/1888/1888 1876/1876/1876 1875/1875/1875
f 1876/1876/1876 1888/1888/1888 1877/1877/1877
f 1877/1877/1877 1865/1865/1865 1876/1876/1876
f 1877/1877/1877 1889/1889/1889 1890/1890/1890
f 1890/1890/1890 1878/1878/1878 1877/1877/1877
f 1878/1878/1878 1890/1890/1890 1891/1891/1891
f 1891/1891/1891 1879/1879/1879 1878/1878/1878
f 1879/1879/1879 1891/1891/1891 1892/1892/1892
f 1892/1892/1892 1880/1880/1880 1879/1879/1879
f 1880/1880/1880 1892/1892/1892 1893/1893/1893
f 1893/1893/1893 1881/1881/1881 1880/1880/1880
f 1881/1881/1881 1893/1893/1893 1894/1894/1894
f 1894/1894/1894 1882/1882/1882 1881/1881/1881
f 1882/1882/1882 1894/1894/1894 1895/1895/1895
f 1895/1895/1895 1883/1883/1883 1882/1882/1882
f 1883/1883/1883 1895/1895/1895 1896/1896/1896
f 1896/1896/1896 1884/1884/1884 1883/1883/1883
f 1884/1884/1884 1896/1896/1896 1897/1897/1897
f 1897/1897/1897 1885/1885/1885 1884/1884/1884
f 1885/1885/1885 1897/1897/1897 1898/1898/1898
f 1898/1898/1898 1886/1886/1886 1885/1885/1885
f 1886/1886/1886 1898/1898/1898 1899/1899/1899
f 1899/1899/1899 1887/1887/1887 1886/1886/1886
f 1887/1887/1887 1899/1899/1899 1900/1900/1900
f 1900/1900/1900 1888/1888/1888 1887/1887/1887
f 1888/1888/1888 1900/1900/1900 1889/1889/1889
f 1889/1889/1889 1877/1877/1877 1888/1888/1888
f 1889/1889/1889 1901/1901/1901 1902/1902/1902
f 1902/1902/1902 1890/1890/1890 1889/1889/1889
f 1890/1890/1890 1902/1902/1902 1903/1903/1903
f 1903/1903/1903 1891/1891/1891 1890/1890/1890
f 1891/1891/1891 1903/1903/1903 1904/1904/1904
f 1904/1904/1904 1892/1892/1892 1891/1891/1891
f 1892/1892/1892 1904/1904/1904 1905/1905/1905
f 1905/1905/1905 1893/1893/1893 1892/1892/1892
f 1893/1893/1893 1905/1905/1905 1906/1906/1906
f 1906/1906/1906 1894/1894/1894 1893/1893/1893
f 1894/1894/1894 1906/1906/1906 1907/1907/1907
f 1907/1907/1907 1895/1895/1895 1894/1894/1894
f 1895/1895/1895 1907/1907/1907 1908/1908/1908
f 1908/1908/1908 1896/1896/1896 1895/1895/1895
f 1896/1896/1896 1908/1908/1908 1909/1909/1909
f 1909/1909/1909 1897/1897/1897 1896/1896/1896
f 1897/1897/1897 1909/1909/1909 1910/1910/1910
f 1910/1910/1910 1898/1898/1898 1897/1897/1897
f 1898/1898/1898 1910/1910/1910 1911/1911/1911
f 1911/1911/1911 1899/1899/1899 1898/1898/1898
f 1899/1899/1899 1911/1911/1911 1912/1912/1912
f 1912/1912/1912 1900/1900/1900 1899/1899/1899
f 1900/1900/1900 1912/1912/1912 1901/1901/1901
f 1901/1901/1901 1889/1889/1889 1900/1900/1900
f 1901/1901/1901 1913/1913/1913 1914/1914/1914
f 1914/1914/1914 1902/1902/1902 1901/1901/1901
f 1902/1902/1902 1914/1914/1914 1915/1915/1915
f 1915/1915/1915 1903/1903/1903 1902/1902/1902
f 1903/1903/1903 1915/1915/1915 1916/1916/1916
f 1916/1916/1916 1904/1904/1904 1903/1903/1903
f 1904/1904/1904 1916/1916/1916 1917/1917/1917
f 1917/1917/1917 1905/1905/1905 1904/1904/1904
f 1905/1905/1905 1917/1917/1917 1918/1918/1918
f 1918/1918/1918 1906/1906/1906 1905/1905/1905
f 1906/1906/1906 1918/1918/1918 1919/1919/1919
f 1919/1919/1919 1907/1907/1907 1906/1906/1906
f 1907/1907/1907 1919/1919/1919 1920/1920/1920
f 1920/1920/1920 1908/1908/1908 1907/1907/1907
f 1908/1908/1908 1920/1920/1920 1921/1921/1921
f 1921/1921/1921 1909/1909/1909 1908/1908/1908
f 1909/1909/1909 1921/1921/1921 1922/1922/1922
f 1922/1922/1922 1910/1910/1910 1909/1909/1909
f 1910/1910/1910 1922/1922/1922 1923/1923/1923
f 1923/1923/1923 1911/1911/1911 1910/1910/1910
f 1911/1911/1911 1923/1923/1923 1924/1924/1924
f 1924/1924/1924 1912/1912/1912 1911/1911/1911
f 1912/1912/1912 1924/1924/1924 1913/1913/1913
f 1913/1913/1913 1901/1901/1901 1912/1912/1912
f 1913/1913/1913 1925/1925/1925 1926/1926/1926
f 1926/1926/1926 1914/1914/1914 1913/1913/1913
f 1914/1914/1914 1926/1926/1926 1927/1927/1927
f 1927/1927/1927 1915/1915/1915 1914/1914/1914
f 1915/1915/1915 1927/1927/1927 1928/1928/1928
f 1928/1928/1928 1916/1916/1916 1915/1915/1915
f 1916/1916/1916 1928/1928/1928 1929/1929/1929
f 1929/1929/1929 1917/1917/1917 1916/1916/1916
f 1917/1917/1917 1929/1929/1929 1930/1930/1930
f 1930/1930/1930 1918/1918/1918 1917/1917/1917
f 1918/1918/1918 1930/1930/1930 1931/1931/1931
f 1931/1931/1931 1919/1919/1919 1918/1918/1918
f 1919/1919/1919 1931/1931/1931 1932/1932/1932
f 1932/1932/1932 1920/1920/1920 1919/1919/1919
f 1920/1920/1920 1932/1932/1932 1933/1933/1933
f 1933/1933/1933 1921/1921/1921 1920/1920/1920
f 1921/1921/1921 1933/1933/1933 1934/1934/1934
f 1934/1934/1934 1922/1922/1922 1921/1921/1921
f 1922/1922/1922 1934/1934/1934 1935/1935/1935
f 1935/1935/1935 1923/1923/1923 1922/1922/1922
f 1923/1923/1923 1935/1935/1935 1936/1936/1936
f 1936/1936/1936 1924/1924/1924 1923/1923/1923
f 1924/1924/1924 1936/1936/1936 1925/1925/1925
f 1925/1925/1925 1913/1913/1913 1924/1924/1924
f 1925/1925/1925 1937/1937/1937 1938/1938/1938
f 1938/1938/1938 1926/1926/1926 1925/1925/1925
f 1926/1926/1926 1938/1938/1938 1939/1939/1939
f 1939/1939/1939 1927/1927/1927 1926/1926/1926
f 1927/1927/1927 1939/1939/1939 1940/1940/1940
f 1940/1940/1940 1928/1928/1928 1927/1927/1927
f 1928/1928/1928 1940/1940/1940 1941/1941/1941
f 1941/1941/1941 1929/1929/1929 1928/1928/1928
f 1929/1929/1929 1941/1941/1941 1942/1942/1942
f 1942/1942/1942 1930/1930/1930 1929/1929/1929
f 1930/1930/1930 1942/1942/1942 1943/1943/1943
f 1943/1943/1943 1931/1931/1931 1930/1930/1930
f 1931/1931/1931 1943/1943/1943 1944/1944/1944
f 1944/1944/1944 1932/1932/1932 1931/1931/1931
f 1932/1932/1932 1944/1944/1944 1945/1945/1945
f 1945/1945/1945 1933/1933/1933 1932/1932/1932
f 1933/1933/1933 1945/1945/1945 1946/1946/1946
f 1946/1946/1946 1934/1934/1934 1933/1933/1933
f 1934/1934/1934 1946/1946/1946 1947/1947/1947
f 1947/1947/1947 1935/1935/1935 1934/1934/1934
f 1935/1935/1935 1947/1947/1947 1948/1948/1948
f 1948/1948/1948 1936/1936/1936 1935/1935/1935
f 1936/1936/1936 1948/1948/1948 1937/1937/1937
f 1937/1937/1937 1925/1925/1925 1936/1936/1936
f 1937/1937/1937 1949/1949/1949 1950/1950/1950
f 1950/1950/1950 1938/1938/1938 1937/1937/1937
f 1938/1938/1938 1950/1950/1950 1951/1951/1951
f 1951/1951/1951 1939/1939/1939 1938/1938/1938
f 1939/1939/1939 1951/1951/1951 1952/1952/1952
f 1952/1952/1952 1940/1940/1940 1939/1939/1939
f 1940/1940/1940 1952/1952/1952 1953/1953/1953
f 1953/1953/1953 1941/1941/1941 1940/1940/1940
f 1941/1941/1941 1953/1953/1953 1954/1954/1954
f 1954/1954/1954 1942/1942/1942 1941/1941/1941
f 1942/1942/1942 1954/1954/1954 1955/1955/1955
f 1955/1955/1955 1943/1943/1943 1942/1942/1942
f 1943/1943/1943 1955/1955/1955 1956/1956/1956
f 1956/1956/1956 1944/1944/1944 1943/1943/1943
f 1944/1944/1944 1956/1956/1956 1957/1957/1957
f 1957/1957/1957 1945/1945/1945 1944/1944/1944
f 1945/1945/1945 1957/1957/1957 1958/1958/1958
f 1958/1958/1958 1946/1946/1946 1945/1945/1945
f 1946/1946/1946 1958/1958/1958 1959/1959/1959
f 1959/1959/1959 1947/1947/1947 1946/1946/1946
f 1947/1947/1947 1959/1959/1959 1960/1960/1960
f 1960/1960/1960 1948/1948/1948 1947/1947/1947
f 1948/1948/1948 1960/1960/1960 1949/1949/1949
f 1949/1949/1949 1937/1937/1937 1948/1948/1948
f 1949/1949/1949 1961/1961/1961 1962/1962/1962
f 1962/1962/1962 1950/1950/1950 1949/1949/1949
f 1950/1950/1950 1962/1962/1962 1963/1963/1963
f 1963/1963/1963 1951/1951/1951 1950/1950/1950
f 1951/1951/1951 1963/1963/1963 1964/1964/1964
f 1964/1964/1964 1952/1952/1952 1951/1951/1951
f 1952/1952/1952 1964/1964/1964 1965/1965/1965
f 1965/1965/1965 1953/1953/1953 1952/1952/1952
f 1953/1953/1953 1965/1965/1965 1966/1966/1966
f 1966/1966/1966 1954/1954/1954 1953/1953/1953
f 1954/1954/1954 1966/1966/1966 1967/1967/1967
f 1967/1967/1967 1955/1955/1955 1954/1954/1954
f 1955/1955/1955 1967/1967/1967 1968/1968/1968
f 1968/1968/1968 1956/1956/1956 1955/1955/1955
f 1956/1956/1956 1968/1968/1968 1969/1969/1969
f 1969/1969/1969 1957/1957/1957 1956/1956/1956
f 1957/1957/1957 1969/1969/1969 1970/1970/1970
f 1970/1970/1970 1958/1958/1958 1957/1957/1957
f 1958/1958/1958 1970/1970/1970 1971/1971/1971
f 1971/1971/1971 1959/1959/1959 1958/1958/1958
f 1959/1959/1959 1971/1971/1971 1972/1972/1972
f 1972/1972/1972 1960/1960/1960 1959/1959/1959
f 1960/1960/1960 1972/1972/1972 1961/1961/1961
f 1961/1961/1961 1949/1949/1949 1960/1960/1960
f 1961/1961/1961 1973/1973/1973 1974/1974/1974
f 1974/1974/1974 1962/1962/1962 1961/1961/1961
f 1962/1962/1962 1974/1974/1974 1975/1975/1975
f 1975/1975/1975 1963/1963/1963 1962/1962/1962
f 1963/1963/1963 1975/1975/1975 1976/1976/1976
f 1976/1976/1976 1964/1964/1964 1963/1963/1963
f 1964/1964/1964 1976/1976/1976 1977/1977/1977
f 1977/1977/1977 1965/1965/1965 1964/1964/1964
f 1965/1965/1965 1977/1977/1977 1978/1978/1978
f 1978/1978/1978 1966/1966/1966 1965/1965/1965
f 1966/1966/1966 1978/1978/1978 1979/1979/1979
f 1979/1979/1979 1967/1967/1967 1966/1966/1966
f 1967/1967/1967 1979/1979/1979 1980/1980/1980
f 1980/1980/1980 1968/1968/1968 1967/1967/1967
f 1968/1968/1968 1980/1980/1980 1981/1981/1981
f 1981/1981/1981 1969/1969/1969 1968/1968/1968
f 1969/1969/1969 1981/1981/1981 1982/1982/1982
f 1982/1982/1982 1970/1970/1970 1969/1969/1969
f 1970/1970/1970 1982/1982/1982 1983/1983/1983
f 1983/1983/1983 1971/1971/1971 1970/1970/1970
f 1971/1971/1971 1983/1983/1983 1984/1984/1984
f 1984/1984/1984 1972/1972/1972 1971/1971/1971
f 1972/1972/1972 1984/1984/1984 1973/1973/1973
f 1973/1973/1973 1961/1961/1961 1972/1972/1972
f 1973/1973/1973 1985/1985/1985 1986/1986/1986
f 1986/1986/1986 1974/1974/1974 1973/1973/1973
f 1974/1974/1974 1986/1986/1986 1987/1987/1987
f 1987/1987/1987 1975/1975/1975 1974/1974/1974
f 1975/1975/1975 1987/1987/1987 1988/1988/1988
f 1988/1988/1988 1976/1976/1976 1975/1975/1975
f 1976/1976/1976 1988/1988/1988 1989/1989/1989
f 1989/1989/1989 1977/1977/1977 1976/1976/1976
f 1977/1977/1977 1989/1989/1989 1990/1990/1990
f 1990/1990/1990 1978/1978/1978 1977/1977/1977
f 1978/1978/1978 1990/1990/1990 1991/1991/1991
f 1991/1991/1991 1979/1979/1979 1978/1978/1978
f 1979/1979/1979 1991/1991/1991 1992/1992/1992
f 1992/1992/1992 1980/1980/1980 1979/1979/1979
f 1980/1980/1980 1992/1992/1992 1993/1993/1993
f 1993/1993/1993 1981/1981/1981 1980/1980/1980
f 1981/1981/1981 1993/1993/1993 1994/1994/1994
f 1994/1994/1994 1982/1982/1982 1981/1981/1981
f 1982/1982/1982 1994/1994/1994 1995/1995/1995
f 1995/1995/1995 1983/1983/1983 1982/1982/1982
f 1983/1983/1983 1995/1995/1995 1996/1996/1996
f 1996/1996/1996 1984/1984/1984 1983/1983/1983
f 1984/1984/1984 1996/1996/1996 1985/1985/1985
f 1985/1985/1985 1973/1973/1973 1984/1984/1984
f 2001/2001/2001 2002/2002/2002 1998/1998/1998
f 1998/1998/1998 1999/1999/1999 2001/2001/2001
f 2002/2002/2002 2005/2005/2005 2003/2003/2003
f 2003/2003/2003 1998/1998/1998 2002/2002/2002
f 2005/2005/2005 2010/2010/2010 2009/2009/2009
f 2009/2009/2009 2003/2003/2003 2005/2005/2005
f 2011/2011/2011 2014/2014/2014 2012/2012/2012
f 2012/2012/2012 2008/2008/2008 2011/2011/2011
f 2014/2014/2014 2017/2017/2017 2015/2015/2015
f 2015/2015/2015 2012/2012/2012 2014/2014/2014
f 2017/2017/2017 2020/2020/2020 2018/2018/2018
f 2018/2018/2018 2015/2015/2015 2017/2017/2017
f 2020/2020/2020 2023/2023/2023 2022/2022/2022
f 2022/2022/2022 2018/2018/2018 2020/2020/2020
f 2023/2023/2023 2026/2026/2026 2025/2025/2025
f 2025/2025/2025 2022/2022/2022 2023/2023/2023
f 2026/2026/2026 2029/2029/2029 2027/2027/2027
f 2027/2027/2027 2025/2025/2025 2026/2026/2026
f 2029/2029/2029 2032/2032/2032 2031/2031/2031
f 2031/2031/2031 2027/2027/2027 2029/2029/2029
f 2032/2032/2032 2035/2035/2035 2033/2033/2033
f 2033/2033/2033 2031/2031/2031 2032/2032/2032
f 2035/2035/2035 2001/2001/2001 1999/1999/1999
f 1999/1999/1999 2033/2033/2033 2035/2035/2035
f 2000/2000/2000 1997/1997/1997 2037/2037/2037
f 2037/2037/2037 2038/2038/2038 2000/2000/2000
f 1997/1997/1997 2004/2004/2004 2040/2040/2040
f 2040/2040/2040 2037/2037/2037 1997/1997/1997
f 2004/2004/2004 2006/2006/2006 2043/2043/2043
f 2043/2043/2043 2040/2040/2040 2004/2004/2004
f 2007/2007/2007 2013/2013/2013 2046/2046/2046
f 2046/2046/2046 2042/2042/2042 2007/2007/2007
f 2013/2013/2013 2016/2016/2016 2049/2049/2049
f 2049/2049/2049 2046/2046/2046 2013/2013/2013
f 2016/2016/2016 2019/2019/2019 2050/2050/2050
f 2050/2050/2050 2049/2049/2049 2016/2016/2016
f 2019/2019/2019 2021/2021/2021 2053/2053/2053
f 2053/2053/2053 2050/2050/2050 2019/2019/2019
f 2021/2021/2021 2024/2024/2024 2054/2054/2054
f 2054/2054/2054 2053/2053/2053 2021/2021/2021
f 2024/2024/2024 2028/2028/2028 2056/2056/2056
f 2056/2056/2056 2054/2054/2054 2024/2024/2024
f 2028/2028/2028 2030/2030/2030 2059/2059/2059
f 2059/2059/2059 2056/2056/2056 2028/2028/2028
f 2030/2030/2030 2034/2034/2034 2061/2061/2061
f 2061/2061/2061 2059/2059/2059 2030/2030/2030
f 2034/2034/2034 2000/2000/2000 2038/2038/2038
f 2038/2038/2038 2061/2061/2061 2034/2034/2034
f 2062/2062/2062 2065/2065/2065 2039/2039/2039
f 2039/2039/2039 2036/2036/2036 2062/2062/2062
f 2039/2039/2039 2065/2065/2065 2066/2066/2066
f 2066/2066/2066 2060/2060/2060 2039/2039/2039
f 2045/2045/2045 2072/2072/2072 2069/2069/2069
f 2069/2069/2069 2041/2041/2041 2045/2045/2045
f 2074/2074/2074 2076/2076/2076 2057/2057/2057
f 2057/2057/2057 2058/2058/2058 2074/2074/2074
f 2051/2051/2051 2080/2080/2080 2077/2077/2077
f 2077/2077/2077 2048/2048/2048 2051/2051/2051
f 2041/2041/2041 2069/2069/2069 2062/2062/2062
f 2062/2062/2062 2036/2036/2036 2041/2041/2041
f 2066/2066/2066 2074/2074/2074 2058/2058/2058
f 2058/2058/2058 2060/2060/2060 2066/2066/2066
f 2083/2083/2083 2084/2084/2084 2081/2081/2081
f 2081/2081/2081 2075/2075/2075 2083/2083/2083
f 2088/2088/2088 2070/2070/2070 2086/2086/2086
f 2086/2086/2086 2087/2087/2087 2088/2088/2088
f 2088/2088/2088 2089/2089/2089 2068/2068/2068
f 2068/2068/2068 2070/2070/2070 2088/2088/2088
f 2092/2092/2092 2063/2063/2063 2090/2090/2090
f 2090/2090/2090 2091/2091/2091 2092/2092/2092
f 2095/2095/2095 2096/2096/2096 2093/2093/2093
f 2093/2093/2093 2091/2091/2091 2095/2095/2095
f 2099/2099/2099 2102/2102/2102 2096/2096/2096
f 2096/2096/2096 2095/2095/2095 2099/2099/2099
f 2104/2104/2104 2106/2106/2106 2100/2100/2100
f 2100/2100/2100 2098/2098/2098 2104/2104/2104
f 2107/2107/2107 2109/2109/2109 2106/2106/2106
f 2106/2106/2106 2104/2104/2104 2107/2107/2107
f 2110/2110/2110 2112/2112/2112 2109/2109/2109
f 2109/2109/2109 2107/2107/2107 2110/2110/2110
f 2113/2113/2113 2115/2115/2115 2112/2112/2112
f 2112/2112/2112 2110/2110/2110 2113/2113/2113
f 2116/2116/2116 2118/2118/2118 2115/2115/2115
f 2115/2115/2115 2113/2113/2113 2116/2116/2116
f 2119/2119/2119 2121/2121/2121 2118/2118/2118
f 2118/2118/2118 2116/2116/2116 2119/2119/2119
f 2122/2122/2122 2124/2124/2124 2121/2121/2121
f 2121/2121/2121 2119/2119/2119 2122/2122/2122
f 2127/2127/2127 2128/2128/2128 2125/2125/2125
f 2125/2125/2125 2126/2126/2126 2127/2127/2127
f 2126/2126/2126 2125/2125/2125 2129/2129/2129
f 2129/2129/2129 2083/2083/2083 2126/2126/2126
f 2131/2131/2131 2129/2129/2129 2125/2125/2125
f 2125/2125/2125 2130/2130/2130 2131/2131/2131
f 2133/2133/2133 2131/2131/2131 2130/2130/2130
f 2130/2130/2130 2132/2132/2132 2133/2133/2133
f 2135/2135/2135 2133/2133/2133 2132/2132/2132
f 2132/2132/2132 2134/2134/2134 2135/2135/2135
f 2137/2137/2137 2135/2135/2135 2134/2134/2134
f 2134/2134/2134 2136/2136/2136 2137/2137/2137
f 2141/2141/2141 2137/2137/2137 2136/2136/2136
f 2136/2136/2136 2139/2139/2139 2141/2141/2141
f 2143/2143/2143 2140/2140/2140 2138/2138/2138
f 2138/2138/2138 2142/2142/2142 2143/2143/2143
f 2088/2088/2088 2143/2143/2143 2142/2142/2142
f 2142/2142/2142 2089/2089/2089 2088/2088/2088
f 2142/2142/2142 2138/2138/2138 2145/2145/2145
f 2145/2145/2145 2146/2146/2146 2142/2142/2142
f 2140/2140/2140 2143/2143/2143 2147/2147/2147
f 2147/2147/2147 2149/2149/2149 2140/2140/2140
f 2149/2149/2149 2147/2147/2147 2150/2150/2150
f 2150/2150/2150 2152/2152/2152 2149/2149/2149
f 2154/2154/2154 2148/2148/2148 2151/2151/2151
f 2151/2151/2151 2153/2153/2153 2154/2154/2154
f 2156/2156/2156 2154/2154/2154 2153/2153/2153
f 2153/2153/2153 2155/2155/2155 2156/2156/2156
f 2158/2158/2158 2156/2156/2156 2155/2155/2155
f 2155/2155/2155 2157/2157/2157 2158/2158/2158
f 2160/2160/2160 2158/2158/2158 2157/2157/2157
f 2157/2157/2157 2159/2159/2159 2160/2160/2160
f 2162/2162/2162 2160/2160/2160 2159/2159/2159
f 2159/2159/2159 2161/2161/2161 2162/2162/2162
f 2084/2084/2084 2162/2162/2162 2161/2161/2161
f 2161/2161/2161 2163/2163/2163 2084/2084/2084
f 2166/2166/2166 2168/2168/2168 2164/2164/2164
f 2164/2164/2164 2165/2165/2165 2166/2166/2166
f 2169/2169/2169 2167/2167/2167 2171/2171/2171
f 2171/2171/2171 2173/2173/2173 2169/2169/2169
f 2176/2176/2176 2169/2169/2169 2173/2173/2173
f 2173/2173/2173 2174/2174/2174 2176/2176/2176
f 2181/2181/2181 2176/2176/2176 2174/2174/2174
f 2174/2174/2174 2178/2178/2178 2181/2181/2181
f 2185/2185/2185 2181/2181/2181 2178/2178/2178
f 2178/2178/2178 2183/2183/2183 2185/2185/2185
f 2182/2182/2182 2179/2179/2179 2186/2186/2186
f 2186/2186/2186 2189/2189/2189 2182/2182/2182
f 2192/2192/2192 2182/2182/2182 2189/2189/2189
f 2189/2189/2189 2190/2190/2190 2192/2192/2192
f 2197/2197/2197 2192/2192/2192 2190/2190/2190
f 2190/2190/2190 2195/2195/2195 2197/2197/2197
f 2200/2200/2200 2197/2197/2197 2195/2195/2195
f 2195/2195/2195 2198/2198/2198 2200/2200/2200
f 2209/2209/2209 2200/2200/2200 2198/2198/2198
f 2198/2198/2198 2204/2204/2204 2209/2209/2209
f 2212/2212/2212 2208/2208/2208 2205/2205/2205
f 2205/2205/2205 2211/2211/2211 2212/2212/2212
f 2217/2217/2217 2212/2212/2212 2211/2211/2211
f 2211/2211/2211 2215/2215/2215 2217/2217/2217
f 2220/2220/2220 2217/2217/2217 2215/2215/2215
f 2215/2215/2215 2219/2219/2219 2220/2220/2220
f 2170/2170/2170 2220/2220/2220 2219/2219/2219
f 2219/2219/2219 2222/2222/2222 2170/2170/2170
f 2223/2223/2223 2218/2218/2218 2224/2224/2224
f 2224/2224/2224 2227/2227/2227 2223/2223/2223
f 2231/2231/2231 2223/2223/2223 2227/2227/2227
f 2227/2227/2227 2228/2228/2228 2231/2231/2231
f 2234/2234/2234 2231/2231/2231 2228/2228/2228
f 2228/2228/2228 2232/2232/2232 2234/2234/2234
f 2187/2187/2187 2234/2234/2234 2232/2232/2232
f 2232/2232/2232 2236/2236/2236 2187/2187/2187
f 2237/2237/2237 2233/2233/2233 2239/2239/2239
f 2239/2239/2239 2240/2240/2240 2237/2237/2237
f 2245/2245/2245 2237/2237/2237 2240/2240/2240
f 2240/2240/2240 2242/2242/2242 2245/2245/2245
f 2249/2249/2249 2245/2245/2245 2242/2242/2242
f 2242/2242/2242 2246/2246/2246 2249/2249/2249
f 2252/2252/2252 2249/2249/2249 2246/2246/2246
f 2246/2246/2246 2250/2250/2250 2252/2252/2252
f 2257/2257/2257 2252/2252/2252 2250/2250/2250
f 2250/2250/2250 2254/2254/2254 2257/2257/2257
f 2263/2263/2263 2257/2257/2257 2254/2254/2254
f 2254/2254/2254 2260/2260/2260 2263/2263/2263
f 2268/2268/2268 2264/2264/2264 2259/2259/2259
f 2259/2259/2259 2267/2267/2267 2268/2268/2268
f 2272/2272/2272 2268/2268/2268 2267/2267/2267
f 2267/2267/2267 2270/2270/2270 2272/2272/2272
f 2225/2225/2225 2272/2272/2272 2270/2270/2270
f 2270/2270/2270 2274/2274/2274 2225/2225/2225
f 2274/2274/2274 2279/2279/2279 2226/2226/2226
f 2226/2226/2226 2225/2225/2225 2274/2274/2274
f 2279/2279/2279 2276/2276/2276 2229/2229/2229
f 2229/2229/2229 2226/2226/2226 2279/2279/2279
f 2269/2269/2269 2273/2273/2273 2214/2214/2214
f 2214/2214/2214 2210/2210/2210 2269/2269/2269
f 2262/2262/2262 2269/2269/2269 2210/2210/2210
f 2210/2210/2210 2203/2203/2203 2262/2262/2262
f 2256/2256/2256 2265/2265/2265 2202/2202/2202
f 2202/2202/2202 2199/2199/2199 2256/2256/2256
f 2253/2253/2253 2256/2256/2256 2199/2199/2199
f 2199/2199/2199 2194/2194/2194 2253/2253/2253
f 2248/2248/2248 2253/2253/2253 2194/2194/2194
f 2194/2194/2194 2191/2191/2191 2248/2248/2248
f 2244/2244/2244 2248/2248/2248 2191/2191/2191
f 2191/2191/2191 2188/2188/2188 2244/2244/2244
f 2236/2236/2236 2244/2244/2244 2188/2188/2188
f 2188/2188/2188 2187/2187/2187 2236/2236/2236
f 2276/2276/2276 2239/2239/2239 2233/2233/2233
f 2233/2233/2233 2229/2229/2229 2276/2276/2276
f 2230/2230/2230 2235/2235/2235 2175/2175/2175
f 2175/2175/2175 2172/2172/2172 2230/2230/2230
f 2222/2222/2222 2230/2230/2230 2172/2172/2172
f 2172/2172/2172 2170/2170/2170 2222/2222/2222
f 2273/2273/2273 2224/2224/2224 2218/2218/2218
f 2218/2218/2218 2214/2214/2214 2273/2273/2273
f 2216/2216/2216 2221/2221/2221 2280/2280/2280
f 2280/2280/2280 2282/2282/2282 2216/2216/2216
f 2157/2157/2157 2155/2155/2155 2284/2284/2284
f 2284/2284/2284 2285/2285/2285 2157/2157/2157
f 2167/2167/2167 2280/2280/2280 2221/2221/2221
f 2221/2221/2221 2171/2171/2171 2167/2167/2167
f 2159/2159/2159 2157/2157/2157 2285/2285/2285
f 2285/2285/2285 2165/2165/2165 2159/2159/2159
f 2213/2213/2213 2216/2216/2216 2282/2282/2282
f 2282/2282/2282 2286/2286/2286 2213/2213/2213
f 2155/2155/2155 2153/2153/2153 2288/2288/2288
f 2288/2288/2288 2284/2284/2284 2155/2155/2155
f 2206/2206/2206 2213/2213/2213 2286/2286/2286
f 2286/2286/2286 2290/2290/2290 2206/2206/2206
f 2153/2153/2153 2151/2151/2151 2294/2294/2294
f 2294/2294/2294 2288/2288/2288 2153/2153/2153
f 2201/2201/2201 2207/2207/2207 2291/2291/2291
f 2291/2291/2291 2295/2295/2295 2201/2201/2201
f 2152/2152/2152 2150/2150/2150 2297/2297/2297
f 2297/2297/2297 2293/2293/2293 2152/2152/2152
f 2300/2300/2300 2296/2296/2296 2297/2297/2297
f 2297/2297/2297 2298/2298/2298 2300/2300/2300
f 2295/2295/2295 2299/2299/2299 2196/2196/2196
f 2196/2196/2196 2201/2201/2201 2295/2295/2295
f 2303/2303/2303 2300/2300/2300 2298/2298/2298
f 2298/2298/2298 2301/2301/2301 2303/2303/2303
f 2193/2193/2193 2196/2196/2196 2299/2299/2299
f 2299/2299/2299 2302/2302/2302 2193/2193/2193
f 2183/2183/2183 2193/2193/2193 2302/2302/2302
f 2302/2302/2302 2185/2185/2185 2183/2183/2183
f 2235/2235/2235 2186/2186/2186 2179/2179/2179
f 2179/2179/2179 2175/2175/2175 2235/2235/2235
f 2307/2307/2307 2163/2163/2163 2304/2304/2304
f 2304/2304/2304 2305/2305/2305 2307/2307/2307
f 2168/2168/2168 2177/2177/2177 2304/2304/2304
f 2304/2304/2304 2164/2164/2164 2168/2168/2168
f 2160/2160/2160 2162/2162/2162 2129/2129/2129
f 2129/2129/2129 2131/2131/2131 2160/2160/2160
f 2083/2083/2083 2129/2129/2129 2162/2162/2162
f 2162/2162/2162 2084/2084/2084 2083/2083/2083
f 2158/2158/2158 2160/2160/2160 2131/2131/2131
f 2131/2131/2131 2133/2133/2133 2158/2158/2158
f 2156/2156/2156 2158/2158/2158 2133/2133/2133
f 2133/2133/2133 2135/2135/2135 2156/2156/2156
f 2154/2154/2154 2156/2156/2156 2135/2135/2135
f 2135/2135/2135 2137/2137/2137 2154/2154/2154
f 2148/2148/2148 2154/2154/2154 2137/2137/2137
f 2137/2137/2137 2141/2141/2141 2148/2148/2148
f 2308/2308/2308 2150/2150/2150 2147/2147/2147
f 2147/2147/2147 2087/2087/2087 2308/2308/2308
f 2087/2087/2087 2147/2147/2147 2143/2143/2143
f 2143/2143/2143 2088/2088/2088 2087/2087/2087
f 2139/2139/2139 2136/2136/2136 2309/2309/2309
f 2309/2309/2309 2144/2144/2144 2139/2139/2139
f 2136/2136/2136 2134/2134/2134 2310/2310/2310
f 2310/2310/2310 2309/2309/2309 2136/2136/2136
f 2134/2134/2134 2132/2132/2132 2311/2311/2311
f 2311/2311/2311 2310/2310/2310 2134/2134/2134
f 2132/2132/2132 2130/2130/2130 2312/2312/2312
f 2312/2312/2312 2311/2311/2311 2132/2132/2132
f 2130/2130/2130 2125/2125/2125 2128/2128/2128
f 2128/2128/2128 2312/2312/2312 2130/2130/2130
f 2089/2089/2089 2142/2142/2142 2146/2146/2146
f 2146/2146/2146 2090/2090/2090 2089/2089/2089
f 2078/2078/2078 2308/2308/2308 2087/2087/2087
f 2087/2087/2087 2086/2086/2086 2078/2078/2078
f 2079/2079/2079 2307/2307/2307 2305/2305/2305
f 2305/2305/2305 2317/2317/2317 2079/2079/2079
f 2126/2126/2126 2073/2073/2073 2067/2067/2067
f 2067/2067/2067 2127/2127/2127 2126/2126/2126
f 2085/2085/2085 2071/2071/2071 2044/2044/2044
f 2044/2044/2044 2047/2047/2047 2085/2085/2085
f 2055/2055/2055 2057/2057/2057 2076/2076/2076
f 2076/2076/2076 2082/2082/2082 2055/2055/2055
f 2077/2077/2077 2085/2085/2085 2047/2047/2047
f 2047/2047/2047 2048/2048/2048 2077/2077/2077
f 2055/2055/2055 2082/2082/2082 2306/2306/2306
f 2306/2306/2306 2052/2052/2052 2055/2055/2055
f 2306/2306/2306 2080/2080/2080 2051/2051/2051
f 2051/2051/2051 2052/2052/2052 2306/2306/2306
f 2064/2064/2064 2063/2063/2063 2092/2092/2092
f 2092/2092/2092 2318/2318/2318 2064/2064/2064
f 2067/2067/2067 2064/2064/2064 2318/2318/2318
f 2318/2318/2318 2122/2122/2122 2067/2067/2067
f 2083/2083/2083 2075/2075/2075 2073/2073/2073
f 2073/2073/2073 2126/2126/2126 2083/2083/2083
f 2307/2307/2307 2081/2081/2081 2084/2084/2084
f 2084/2084/2084 2163/2163/2163 2307/2307/2307
f 2078/2078/2078 2079/2079/2079 2317/2317/2317
f 2317/2317/2317 2301/2301/2301 2078/2078/2078
f 2063/2063/2063 2068/2068/2068 2089/2089/2089
f 2089/2089/2089 2090/2090/2090 2063/2063/2063
f 2092/2092/2092 2091/2091/2091 2093/2093/2093
f 2093/2093/2093 2316/2316/2316 2092/2092/2092
f 2095/2095/2095 2091/2091/2091 2090/2090/2090
f 2090/2090/2090 2146/2146/2146 2095/2095/2095
f 2099/2099/2099 2095/2095/2095 2146/2146/2146
f 2146/2146/2146 2145/2145/2145 2099/2099/2099
f 2104/2104/2104 2098/2098/2098 2144/2144/2144
f 2144/2144/2144 2309/2309/2309 2104/2104/2104
f 2107/2107/2107 2104/2104/2104 2309/2309/2309
f 2309/2309/2309 2310/2310/2310 2107/2107/2107
f 2110/2110/2110 2107/2107/2107 2310/2310/2310
f 2310/2310/2310 2311/2311/2311 2110/2110/2110
f 2113/2113/2113 2110/2110/2110 2311/2311/2311
f 2311/2311/2311 2312/2312/2312 2113/2113/2113
f 2116/2116/2116 2113/2113/2113 2312/2312/2312
f 2312/2312/2312 2128/2128/2128 2116/2116/2116
f 2119/2119/2119 2116/2116/2116 2128/2128/2128
f 2128/2128/2128 2127/2127/2127 2119/2119/2119
f 2122/2122/2122 2119/2119/2119 2127/2127/2127
f 2127/2127/2127 2067/2067/2067 2122/2122/2122
f 2318/2318/2318 2092/2092/2092 2316/2316/2316
f 2316/2316/2316 2314/2314/2314 2318/2318/2318
f 2124/2124/2124 2122/2122/2122 2318/2318/2318
f 2318/2318/2318 2314/2314/2314 2124/2124/2124
f 2165/2165/2165 2164/2164/2164 2161/2161/2161
f 2161/2161/2161 2159/2159/2159 2165/2165/2165
f 2285/2285/2285 2284/2284/2284 2283/2283/2283
f 2283/2283/2283 2281/2281/2281 2285/2285/2285
f 2165/2165/2165 2285/2285/2285 2281/2281/2281
f 2281/2281/2281 2166/2166/2166 2165/2165/2165
f 2284/2284/2284 2288/2288/2288 2287/2287/2287
f 2287/2287/2287 2283/2283/2283 2284/2284/2284
f 2288/2288/2288 2294/2294/2294 2292/2292/2292
f 2292/2292/2292 2287/2287/2287 2288/2288/2288
f 2293/2293/2293 2297/2297/2297 2296/2296/2296
f 2296/2296/2296 2289/2289/2289 2293/2293/2293
f 2298/2298/2298 2297/2297/2297 2150/2150/2150
f 2150/2150/2150 2308/2308/2308 2298/2298/2298
f 2301/2301/2301 2298/2298/2298 2308/2308/2308
f 2308/2308/2308 2078/2078/2078 2301/2301/2301
f 2305/2305/2305 2304/2304/2304 2177/2177/2177
f 2177/2177/2177 2180/2180/2180 2305/2305/2305
f 2164/2164/2164 2304/2304/2304 2163/2163/2163
f 2163/2163/2163 2161/2161/2161 2164/2164/2164
f 2317/2317/2317 2305/2305/2305 2180/2180/2180
f 2180/2180/2180 2184/2184/2184 2317/2317/2317
f 2303/2303/2303 2301/2301/2301 2317/2317/2317
f 2317/2317/2317 2184/2184/2184 2303/2303/2303
f 2372/2372/2372 2373/2373/2373 2329/2329/2329
f 2329/2329/2329 2328/2328/2328 2372/2372/2372
f 2373/2373/2373 2374/2374/2374 2332/2332/2332
f 2332/2332/2332 2329/2329/2329 2373/2373/2373
f 2374/2374/2374 2375/2375/2375 2333/2333/2333
f 2333/2333/2333 2332/2332/2332 2374/2374/2374
f 2333/2333/2333 2375/2375/2375 2376/2376/2376
f 2376/2376/2376 2336/2336/2336 2333/2333/2333
f 2376/2376/2376 2377/2377/2377 2338/2338/2338
f 2338/2338/2338 2336/2336/2336 2376/2376/2376
f 2377/2377/2377 2378/2378/2378 2339/2339/2339
f 2339/2339/2339 2338/2338/2338 2377/2377/2377
f 2379/2379/2379 2380/2380/2380 2344/2344/2344
f 2344/2344/2344 2342/2342/2342 2379/2379/2379
f 2344/2344/2344 2380/2380/2380 2382/2382/2382
f 2382/2382/2382 2319/2319/2319 2344/2344/2344
f 2381/2381/2381 2346/2346/2346 2324/2324/2324
f 2324/2324/2324 2321/2321/2321 2381/2381/2381
f 2325/2325/2325 2324/2324/2324 2346/2346/2346
f 2346/2346/2346 2345/2345/2345 2325/2325/2325
f 2346/2346/2346 2348/2348/2348 2347/2347/2347
f 2347/2347/2347 2345/2345/2345 2346/2346/2346
f 2348/2348/2348 2350/2350/2350 2349/2349/2349
f 2349/2349/2349 2347/2347/2347 2348/2348/2348
f 2350/2350/2350 2352/2352/2352 2351/2351/2351
f 2351/2351/2351 2349/2349/2349 2350/2350/2350
f 2352/2352/2352 2354/2354/2354 2353/2353/2353
f 2353/2353/2353 2351/2351/2351 2352/2352/2352
f 2354/2354/2354 2352/2352/2352 2390/2390/2390
f 2390/2390/2390 2356/2356/2356 2354/2354/2354
f 2355/2355/2355 2389/2389/2389 2391/2391/2391
f 2391/2391/2391 2357/2357/2357 2355/2355/2355
f 2357/2357/2357 2391/2391/2391 2392/2392/2392
f 2392/2392/2392 2358/2358/2358 2357/2357/2357
f 2358/2358/2358 2392/2392/2392 2393/2393/2393
f 2393/2393/2393 2359/2359/2359 2358/2358/2358
f 2359/2359/2359 2393/2393/2393 2394/2394/2394
f 2394/2394/2394 2360/2360/2360 2359/2359/2359
f 2360/2360/2360 2394/2394/2394 2395/2395/2395
f 2395/2395/2395 2361/2361/2361 2360/2360/2360
f 2361/2361/2361 2395/2395/2395 2396/2396/2396
f 2396/2396/2396 2362/2362/2362 2361/2361/2361
f 2362/2362/2362 2396/2396/2396 2397/2397/2397
f 2397/2397/2397 2363/2363/2363 2362/2362/2362
f 2363/2363/2363 2397/2397/2397 2367/2367/2367
f 2367/2367/2367 2364/2364/2364 2363/2363/2363
f 2364/2364/2364 2367/2367/2367 2366/2366/2366
f 2366/2366/2366 2365/2365/2365 2364/2364/2364
f 2366/2366/2366 2351/2351/2351 2353/2353/2353
f 2353/2353/2353 2365/2365/2365 2366/2366/2366
f 2367/2367/2367 2369/2369/2369 2368/2368/2368
f 2368/2368/2368 2366/2366/2366 2367/2367/2367
f 2369/2369/2369 2371/2371/2371 2370/2370/2370
f 2370/2370/2370 2368/2368/2368 2369/2369/2369
f 2371/2371/2371 2373/2373/2373 2372/2372/2372
f 2372/2372/2372 2370/2370/2370 2371/2371/2371
f 2372/2372/2372 2328/2328/2328 2325/2325/2325
f 2325/2325/2325 2345/2345/2345 2372/2372/2372
f 2373/2373/2373 2371/2371/2371 2400/2400/2400
f 2400/2400/2400 2374/2374/2374 2373/2373/2373
f 2374/2374/2374 2400/2400/2400 2401/2401/2401
f 2401/2401/2401 2375/2375/2375 2374/2374/2374
f 2375/2375/2375 2401/2401/2401 2402/2402/2402
f 2402/2402/2402 2376/2376/2376 2375/2375/2375
f 2376/2376/2376 2402/2402/2402 2403/2403/2403
f 2403/2403/2403 2377/2377/2377 2376/2376/2376
f 2377/2377/2377 2403/2403/2403 2404/2404/2404
f 2404/2404/2404 2378/2378/2378 2377/2377/2377
f 2378/2378/2378 2404/2404/2404 2405/2405/2405
f 2405/2405/2405 2379/2379/2379 2378/2378/2378
f 2378/2378/2378 2379/2379/2379 2342/2342/2342
f 2342/2342/2342 2339/2339/2339 2378/2378/2378
f 2379/2379/2379 2405/2405/2405 2385/2385/2385
f 2385/2385/2385 2380/2380/2380 2379/2379/2379
f 2380/2380/2380 2385/2385/2385 2384/2384/2384
f 2384/2384/2384 2382/2382/2382 2380/2380/2380
f 2381/2381/2381 2383/2383/2383 2348/2348/2348
f 2348/2348/2348 2346/2346/2346 2381/2381/2381
f 2385/2385/2385 2388/2388/2388 2386/2386/2386
f 2386/2386/2386 2384/2384/2384 2385/2385/2385
f 2388/2388/2388 2391/2391/2391 2389/2389/2389
f 2389/2389/2389 2386/2386/2386 2388/2388/2388
f 2391/2391/2391 2388/2388/2388 2406/2406/2406
f 2406/2406/2406 2392/2392/2392 2391/2391/2391
f 2392/2392/2392 2406/2406/2406 2407/2407/2407
f 2407/2407/2407 2393/2393/2393 2392/2392/2392
f 2393/2393/2393 2407/2407/2407 2408/2408/2408
f 2408/2408/2408 2394/2394/2394 2393/2393/2393
f 2394/2394/2394 2408/2408/2408 2409/2409/2409
f 2409/2409/2409 2395/2395/2395 2394/2394/2394
f 2395/2395/2395 2409/2409/2409 2399/2399/2399
f 2399/2399/2399 2396/2396/2396 2395/2395/2395
f 2396/2396/2396 2399/2399/2399 2398/2398/2398
f 2398/2398/2398 2397/2397/2397 2396/2396/2396
f 2397/2397/2397 2398/2398/2398 2369/2369/2369
f 2369/2369/2369 2367/2367/2367 2397/2397/2397
f 2399/2399/2399 2401/2401/2401 2400/2400/2400
f 2400/2400/2400 2398/2398/2398 2399/2399/2399
f 2401/2401/2401 2399/2399/2399 2409/2409/2409
f 2409/2409/2409 2402/2402/2402 2401/2401/2401
f 2402/2402/2402 2409/2409/2409 2408/2408/2408
f 2408/2408/2408 2403/2403/2403 2402/2402/2402
f 2403/2403/2403 2408/2408/2408 2407/2407/2407
f 2407/2407/2407 2404/2404/2404 2403/2403/2403
f 2404/2404/2404 2407/2407/2407 2406/2406/2406
f 2406/2406/2406 2405/2405/2405 2404/2404/2404
f 2405/2405/2405 2406/2406/2406 2388/2388/2388
f 2388/2388/2388 2385/2385/2385 2405/2405/2405
f 2398/2398/2398 2400/2400/2400 2371/2371/2371
f 2371/2371/2371 2369/2369/2369 2398/2398/2398
f 2387/2387/2387 2390/2390/2390 2352/2352/2352
f 2352/2352/2352 2350/2350/2350 2387/2387/2387
f 2383/2383/2383 2387/2387/2387 2350/2350/2350
f 2350/2350/2350 2348/2348/2348 2383/2383/2383
f 2372/2372/2372 2345/2345/2345 2347/2347/2347
f 2347/2347/2347 2370/2370/2370 2372/2372/2372
f 2370/2370/2370 2347/2347/2347 2349/2349/2349
f 2349/2349/2349 2368/2368/2368 2370/2370/2370
f 2368/2368/2368 2349/2349/2349 2351/2351/2351
f 2351/2351/2351 2366/2366/2366 2368/2368/2368
f 2463/2463/2463 2464/2464/2464 2413/2413/2413
f 2413/2413/2413 2410/2410/2410 2463/2463/2463
f 2464/2464/2464 2465/2465/2465 2414/2414/2414
f 2414/2414/2414 2413/2413/2413 2464/2464/2464
f 2465/2465/2465 2466/2466/2466 2417/2417/2417
f 2417/2417/2417 2414/2414/2414 2465/2465/2465
f 2466/2466/2466 2467/2467/2467 2418/2418/2418
f 2418/2418/2418 2417/2417/2417 2466/2466/2466
f 2467/2467/2467 2468/2468/2468 2421/2421/2421
f 2421/2421/2421 2418/2418/2418 2467/2467/2467
f 2470/2470/2470 2471/2471/2471 2426/2426/2426
f 2426/2426/2426 2422/2422/2422 2470/2470/2470
f 2471/2471/2471 2472/2472/2472 2428/2428/2428
f 2428/2428/2428 2426/2426/2426 2471/2471/2471
f 2472/2472/2472 2473/2473/2473 2431/2431/2431
f 2431/2431/2431 2428/2428/2428 2472/2472/2472
f 2473/2473/2473 2437/2437/2437 2433/2433/2433
f 2433/2433/2433 2431/2431/2431 2473/2473/2473
f 2437/2437/2437 2436/2436/2436 2435/2435/2435
f 2435/2435/2435 2433/2433/2433 2437/2437/2437
f 2437/2437/2437 2439/2439/2439 2438/2438/2438
f 2438/2438/2438 2436/2436/2436 2437/2437/2437
f 2439/2439/2439 2441/2441/2441 2440/2440/2440
f 2440/2440/2440 2438/2438/2438 2439/2439/2439
f 2441/2441/2441 2443/2443/2443 2442/2442/2442
f 2442/2442/2442 2440/2440/2440 2441/2441/2441
f 2443/2443/2443 2445/2445/2445 2444/2444/2444
f 2444/2444/2444 2442/2442/2442 2443/2443/2443
f 2445/2445/2445 2443/2443/2443 2478/2478/2478
f 2478/2478/2478 2446/2446/2446 2445/2445/2445
f 2446/2446/2446 2478/2478/2478 2479/2479/2479
f 2479/2479/2479 2447/2447/2447 2446/2446/2446
f 2447/2447/2447 2479/2479/2479 2480/2480/2480
f 2480/2480/2480 2448/2448/2448 2447/2447/2447
f 2448/2448/2448 2480/2480/2480 2482/2482/2482
f 2482/2482/2482 2449/2449/2449 2448/2448/2448
f 2450/2450/2450 2481/2481/2481 2483/2483/2483
f 2483/2483/2483 2451/2451/2451 2450/2450/2450
f 2451/2451/2451 2483/2483/2483 2484/2484/2484
f 2484/2484/2484 2452/2452/2452 2451/2451/2451
f 2452/2452/2452 2484/2484/2484 2485/2485/2485
f 2485/2485/2485 2453/2453/2453 2452/2452/2452
f 2453/2453/2453 2485/2485/2485 2486/2486/2486
f 2486/2486/2486 2454/2454/2454 2453/2453/2453
f 2454/2454/2454 2486/2486/2486 2458/2458/2458
f 2458/2458/2458 2455/2455/2455 2454/2454/2454
f 2455/2455/2455 2458/2458/2458 2457/2457/2457
f 2457/2457/2457 2456/2456/2456 2455/2455/2455
f 2457/2457/2457 2442/2442/2442 2444/2444/2444
f 2444/2444/2444 2456/2456/2456 2457/2457/2457
f 2458/2458/2458 2460/2460/2460 2459/2459/2459
f 2459/2459/2459 2457/2457/2457 2458/2458/2458
f 2460/2460/2460 2462/2462/2462 2461/2461/2461
f 2461/2461/2461 2459/2459/2459 2460/2460/2460
f 2462/2462/2462 2464/2464/2464 2463/2463/2463
f 2463/2463/2463 2461/2461/2461 2462/2462/2462
f 2410/2410/2410 2435/2435/2435 2436/2436/2436
f 2436/2436/2436 2463/2463/2463 2410/2410/2410
f 2464/2464/2464 2462/2462/2462 2489/2489/2489
f 2489/2489/2489 2465/2465/2465 2464/2464/2464
f 2465/2465/2465 2489/2489/2489 2490/2490/2490
f 2490/2490/2490 2466/2466/2466 2465/2465/2465
f 2466/2466/2466 2490/2490/2490 2491/2491/2491
f 2491/2491/2491 2467/2467/2467 2466/2466/2466
f 2467/2467/2467 2491/2491/2491 2492/2492/2492
f 2492/2492/2492 2468/2468/2468 2467/2467/2467
f 2468/2468/2468 2492/2492/2492 2493/2493/2493
f 2493/2493/2493 2469/2469/2469 2468/2468/2468
f 2468/2468/2468 2469/2469/2469 2423/2423/2423
f 2423/2423/2423 2421/2421/2421 2468/2468/2468
f 2470/2470/2470 2494/2494/2494 2495/2495/2495
f 2495/2495/2495 2471/2471/2471 2470/2470/2470
f 2471/2471/2471 2495/2495/2495 2475/2475/2475
f 2475/2475/2475 2472/2472/2472 2471/2471/2471
f 2472/2472/2472 2475/2475/2475 2474/2474/2474
f 2474/2474/2474 2473/2473/2473 2472/2472/2472
f 2473/2473/2473 2474/2474/2474 2439/2439/2439
f 2439/2439/2439 2437/2437/2437 2473/2473/2473
f 2475/2475/2475 2477/2477/2477 2476/2476/2476
f 2476/2476/2476 2474/2474/2474 2475/2475/2475
f 2477/2477/2477 2479/2479/2479 2478/2478/2478
f 2478/2478/2478 2476/2476/2476 2477/2477/2477
f 2479/2479/2479 2477/2477/2477 2496/2496/2496
f 2496/2496/2496 2480/2480/2480 2479/2479/2479
f 2480/2480/2480 2496/2496/2496 2497/2497/2497
f 2497/2497/2497 2482/2482/2482 2480/2480/2480
f 2481/2481/2481 2498/2498/2498 2499/2499/2499
f 2499/2499/2499 2483/2483/2483 2481/2481/2481
f 2483/2483/2483 2499/2499/2499 2500/2500/2500
f 2500/2500/2500 2484/2484/2484 2483/2483/2483
f 2484/2484/2484 2500/2500/2500 2488/2488/2488
f 2488/2488/2488 2485/2485/2485 2484/2484/2484
f 2485/2485/2485 2488/2488/2488 2487/2487/2487
f 2487/2487/2487 2486/2486/2486 2485/2485/2485
f 2486/2486/2486 2487/2487/2487 2460/2460/2460
f 2460/2460/2460 2458/2458/2458 2486/2486/2486
f 2488/2488/2488 2490/2490/2490 2489/2489/2489
f 2489/2489/2489 2487/2487/2487 2488/2488/2488
f 2490/2490/2490 2488/2488/2488 2500/2500/2500
f 2500/2500/2500 2491/2491/2491 2490/2490/2490
f 2491/2491/2491 2500/2500/2500 2499/2499/2499
f 2499/2499/2499 2492/2492/2492 2491/2491/2491
f 2492/2492/2492 2499/2499/2499 2498/2498/2498
f 2498/2498/2498 2493/2493/2493 2492/2492/2492
f 2494/2494/2494 2497/2497/2497 2496/2496/2496
f 2496/2496/2496 2495/2495/2495 2494/2494/2494
f 2495/2495/2495 2496/2496/2496 2477/2477/2477
f 2477/2477/2477 2475/2475/2475 2495/2495/2495
f 2487/2487/2487 2489/2489/2489 2462/2462/2462
f 2462/2462/2462 2460/2460/2460 2487/2487/2487
f 2476/2476/2476 2478/2478/2478 2443/2443/2443
f 2443/2443/2443 2441/2441/2441 2476/2476/2476
f 2474/2474/2474 2476/2476/2476 2441/2441/2441
f 2441/2441/2441 2439/2439/2439 2474/2474/2474
f 2463/2463/2463 2436/2436/2436 2438/2438/2438
f 2438/2438/2438 2461/2461/2461 2463/2463/2463
f 2461/2461/2461 2438/2438/2438 2440/2440/2440
f 2440/2440/2440 2459/2459/2459 2461/2461/2461
f 2459/2459/2459 2440/2440/2440 2442/2442/2442
f 2442/2442/2442 2457/2457/2457 2459/2459/2459
f 2271/2271/2271 2266/2266/2266 2323/2323/2323
f 2323/2323/2323 2326/2326/2326 2271/2271/2271
f 2266/2266/2266 2258/2258/2258 2320/2320/2320
f 2320/2320/2320 2323/2323/2323 2266/2266/2266
f 2261/2261/2261 2255/2255/2255 2343/2343/2343
f 2343/2343/2343 2322/2322/2322 2261/2261/2261
f 2255/2255/2255 2251/2251/2251 2341/2341/2341
f 2341/2341/2341 2343/2343/2343 2255/2255/2255
f 2251/2251/2251 2247/2247/2247 2340/2340/2340
f 2340/2340/2340 2341/2341/2341 2251/2251/2251
f 2247/2247/2247 2243/2243/2243 2337/2337/2337
f 2337/2337/2337 2340/2340/2340 2247/2247/2247
f 2243/2243/2243 2241/2241/2241 2335/2335/2335
f 2335/2335/2335 2337/2337/2337 2243/2243/2243
f 2241/2241/2241 2238/2238/2238 2334/2334/2334
f 2334/2334/2334 2335/2335/2335 2241/2241/2241
f 2238/2238/2238 2277/2277/2277 2331/2331/2331
f 2331/2331/2331 2334/2334/2334 2238/2238/2238
f 2277/2277/2277 2278/2278/2278 2330/2330/2330
f 2330/2330/2330 2331/2331/2331 2277/2277/2277
f 2278/2278/2278 2275/2275/2275 2327/2327/2327
f 2327/2327/2327 2330/2330/2330 2278/2278/2278
f 2275/2275/2275 2271/2271/2271 2326/2326/2326
f 2326/2326/2326 2327/2327/2327 2275/2275/2275
f 2123/2123/2123 2313/2313/2313 2432/2432/2432
f 2432/2432/2432 2434/2434/2434 2123/2123/2123
f 2313/2313/2313 2315/2315/2315 2430/2430/2430
f 2430/2430/2430 2432/2432/2432 2313/2313/2313
f 2315/2315/2315 2094/2094/2094 2429/2429/2429
f 2429/2429/2429 2430/2430/2430 2315/2315/2315
f 2094/2094/2094 2097/2097/2097 2427/2427/2427
f 2427/2427/2427 2429/2429/2429 2094/2094/2094
f 2097/2097/2097 2103/2103/2103 2424/2424/2424
f 2424/2424/2424 2427/2427/2427 2097/2097/2097
f 2101/2101/2101 2105/2105/2105 2420/2420/2420
f 2420/2420/2420 2425/2425/2425 2101/2101/2101
f 2105/2105/2105 2108/2108/2108 2419/2419/2419
f 2419/2419/2419 2420/2420/2420 2105/2105/2105
f 2108/2108/2108 2111/2111/2111 2416/2416/2416
f 2416/2416/2416 2419/2419/2419 2108/2108/2108
f 2111/2111/2111 2114/2114/2114 2415/2415/2415
f 2415/2415/2415 2416/2416/2416 2111/2111/2111
f 2114/2114/2114 2117/2117/2117 2412/2412/2412
f 2412/2412/2412 2415/2415/2415 2114/2114/2114
f 2117/2117/2117 2120/2120/2120 2411/2411/2411
f 2411/2411/2411 2412/2412/2412 2117/2117/2117
f 2120/2120/2120 2123/2123/2123 2434/2434/2434
f 2434/2434/2434 2411/2411/2411 2120/2120/2120
f 2501/2501/2501 2514/2514/2514 2515/2515/2515
f 2515/2515/2515 2502/2502/2502 2501/2501/2501
f 2502/2502/2502 2515/2515/2515 2516/2516/2516
f 2516/2516/2516 2503/2503/2503 2502/2502/2502
f 2503/2503/2503 2516/2516/2516 2517/2517/2517
f 2517/2517/2517 2504/2504/2504 2503/2503/2503
f 2504/2504/2504 2517/2517/2517 2518/2518/2518
f 2518/2518/2518 2505/2505/2505 2504/2504/2504
f 2505/2505/2505 2518/2518/2518 2519/2519/2519
f 2519/2519/2519 2506/2506/2506 2505/2505/2505
f 2506/2506/2506 2519/2519/2519 2520/2520/2520
f 2520/2520/2520 2507/2507/2507 2506/2506/2506
f 2508/2508/2508 2521/2521/2521 2522/2522/2522
f 2522/2522/2522 2509/2509/2509 2508/2508/2508
f 2509/2509/2509 2522/2522/2522 2523/2523/2523
f 2523/2523/2523 2510/2510/2510 2509/2509/2509
f 2510/2510/2510 2523/2523/2523 2524/2524/2524
f 2524/2524/2524 2511/2511/2511 2510/2510/2510
f 2511/2511/2511 2524/2524/2524 2525/2525/2525
f 2525/2525/2525 2512/2512/2512 2511/2511/2511
f 2512/2512/2512 2525/2525/2525 2526/2526/2526
f 2526/2526/2526 2513/2513/2513 2512/2512/2512
f 2513/2513/2513 2526/2526/2526 2514/2514/2514
f 2514/2514/2514 2501/2501/2501 2513/2513/2513
f 2514/2514/2514 2527/2527/2527 2528/2528/2528
f 2528/2528/2528 2515/2515/2515 2514/2514/2514
f 2515/2515/2515 2528/2528/2528 2529/2529/2529
f 2529/2529/2529 2516/2516/2516 2515/2515/2515
f 2516/2516/2516 2529/2529/2529 2530/2530/2530
f 2530/2530/2530 2517/2517/2517 2516/2516/2516
f 2517/2517/2517 2530/2530/2530 2531/2531/2531
f 2531/2531/2531 2518/2518/2518 2517/2517/2517
f 2518/2518/2518 2531/2531/2531 2532/2532/2532
f 2532/2532/2532 2519/2519/2519 2518/2518/2518
f 2519/2519/2519 2532/2532/2532 2534/2534/2534
f 2534/2534/2534 2520/2520/2520 2519/2519/2519
f 2521/2521/2521 2533/2533/2533 2535/2535/2535
f 2535/2535/2535 2522/2522/2522 2521/2521/2521
f 2522/2522/2522 2535/2535/2535 2536/2536/2536
f 2536/2536/2536 2523/2523/2523 2522/2522/2522
f 2523/2523/2523 2536/2536/2536 2537/2537/2537
f 2537/2537/2537 2524/2524/2524 2523/2523/2523
f 2524/2524/2524 2537/2537/2537 2538/2538/2538
f 2538/2538/2538 2525/2525/2525 2524/2524/2524
f 2525/2525/2525 2538/2538/2538 2539/2539/2539
f 2539/2539/2539 2526/2526/2526 2525/2525/2525
f 2526/2526/2526 2539/2539/2539 2527/2527/2527
f 2527/2527/2527 2514/2514/2514 2526/2526/2526
f 2527/2527/2527 2540/2540/2540 2541/2541/2541
f 2541/2541/2541 2528/2528/2528 2527/2527/2527
f 2528/2528/2528 2541/2541/2541 2542/2542/2542
f 2542/2542/2542 2529/2529/2529 2528/2528/2528
f 2529/2529/2529 2542/2542/2542 2543/2543/2543
f 2543/2543/2543 2530/2530/2530 2529/2529/2529
f 2530/2530/2530 2543/2543/2543 2544/2544/2544
f 2544/2544/2544 2531/2531/2531 2530/2530/2530
f 2531/2531/2531 2544/2544/2544 2545/2545/2545
f 2545/2545/2545 2532/2532/2532 2531/2531/2531
f 2532/2532/2532 2545/2545/2545 2547/2547/2547
f 2547/2547/2547 2534/2534/2534 2532/2532/2532
f 2533/2533/2533 2546/2546/2546 2548/2548/2548
f 2548/2548/2548 2535/2535/2535 2533/2533/2533
f 2535/2535/2535 2548/2548/2548 2549/2549/2549
f 2549/2549/2549 2536/2536/2536 2535/2535/2535
f 2536/2536/2536 2549/2549/2549 2550/2550/2550
f 2550/2550/2550 2537/2537/2537 2536/2536/2536
f 2537/2537/2537 2550/2550/2550 2551/2551/2551
f 2551/2551/2551 2538/2538/2538 2537/2537/2537
f 2538/2538/2538 2551/2551/2551 2552/2552/2552
f 2552/2552/2552 2539/2539/2539 2538/2538/2538
f 2539/2539/2539 2552/2552/2552 2540/2540/2540
f 2540/2540/2540 2527/2527/2527 2539/2539/2539
f 2540/2540/2540 2553/2553/2553 2555/2555/2555
f 2555/2555/2555 2541/2541/2541 2540/2540/2540
f 2541/2541/2541 2555/2555/2555 2558/2558/2558
f 2558/2558/2558 2542/2542/2542 2541/2541/2541
f 2542/2542/2542 2558/2558/2558 2559/2559/2559
f 2559/2559/2559 2543/2543/2543 2542/2542/2542
f 2543/2543/2543 2559/2559/2559 2561/2561/2561
f 2561/2561/2561 2544/2544/2544 2543/2543/2543
f 2544/2544/2544 2561/2561/2561 2563/2563/2563
f 2563/2563/2563 2545/2545/2545 2544/2544/2544
f 2545/2545/2545 2563/2563/2563 2565/2565/2565
f 2565/2565/2565 2547/2547/2547 2545/2545/2545
f 2546/2546/2546 2568/2568/2568 2570/2570/2570
f 2570/2570/2570 2548/2548/2548 2546/2546/2546
f 2548/2548/2548 2570/2570/2570 2571/2571/2571
f 2571/2571/2571 2549/2549/2549 2548/2548/2548
f 2549/2549/2549 2571/2571/2571 2573/2573/2573
f 2573/2573/2573 2550/2550/2550 2549/2549/2549
f 2550/2550/2550 2573/2573/2573 2576/2576/2576
f 2576/2576/2576 2551/2551/2551 2550/2550/2550
f 2551/2551/2551 2576/2576/2576 2578/2578/2578
f 2578/2578/2578 2552/2552/2552 2551/2551/2551
f 2552/2552/2552 2578/2578/2578 2553/2553/2553
f 2553/2553/2553 2540/2540/2540 2552/2552/2552
f 2554/2554/2554 2579/2579/2579 2580/2580/2580
f 2580/2580/2580 2556/2556/2556 2554/2554/2554
f 2556/2556/2556 2580/2580/2580 2581/2581/2581
f 2581/2581/2581 2557/2557/2557 2556/2556/2556
f 2557/2557/2557 2581/2581/2581 2582/2582/2582
f 2582/2582/2582 2560/2560/2560 2557/2557/2557
f 2560/2560/2560 2582/2582/2582 2583/2583/2583
f 2583/2583/2583 2562/2562/2562 2560/2560/2560
f 2562/2562/2562 2583/2583/2583 2584/2584/2584
f 2584/2584/2584 2564/2564/2564 2562/2562/2562
f 2564/2564/2564 2584/2584/2584 2586/2586/2586
f 2586/2586/2586 2566/2566/2566 2564/2564/2564
f 2567/2567/2567 2585/2585/2585 2587/2587/2587
f 2587/2587/2587 2569/2569/2569 2567/2567/2567
f 2569/2569/2569 2587/2587/2587 2588/2588/2588
f 2588/2588/2588 2572/2572/2572 2569/2569/2569
f 2572/2572/2572 2588/2588/2588 2589/2589/2589
f 2589/2589/2589 2574/2574/2574 2572/2572/2572
f 2574/2574/2574 2589/2589/2589 2590/2590/2590
f 2590/2590/2590 2575/2575/2575 2574/2574/2574
f 2575/2575/2575 2590/2590/2590 2591/2591/2591
f 2591/2591/2591 2577/2577/2577 2575/2575/2575
f 2577/2577/2577 2591/2591/2591 2579/2579/2579
f 2579/2579/2579 2554/2554/2554 2577/2577/2577
f 2579/2579/2579 2592/2592/2592 2593/2593/2593
f 2593/2593/2593 2580/2580/2580 2579/2579/2579
f 2580/2580/2580 2593/2593/2593 2594/2594/2594
f 2594/2594/2594 2581/2581/2581 2580/2580/2580
f 2581/2581/2581 2594/2594/2594 2595/2595/2595
f 2595/2595/2595 2582/2582/2582 2581/2581/2581
f 2582/2582/2582 2595/2595/2595 2596/2596/2596
f 2596/2596/2596 2583/2583/2583 2582/2582/2582
f 2583/2583/2583 2596/2596/2596 2597/2597/2597
f 2597/2597/2597 2584/2584/2584 2583/2583/2583
f 2584/2584/2584 2597/2597/2597 2598/2598/2598
f 2598/2598/2598 2586/2586/2586 2584/2584/2584
f 2585/2585/2585 2599/2599/2599 2600/2600/2600
f 2600/2600/2600 2587/2587/2587 2585/2585/2585
f 2587/2587/2587 2600/2600/2600 2601/2601/2601
f 2601/2601/2601 2588/2588/2588 2587/2587/2587
f 2588/2588/2588 2601/2601/2601 2602/2602/2602
f 2602/2602/2602 2589/2589/2589 2588/2588/2588
f 2589/2589/2589 2602/2602/2602 2603/2603/2603
f 2603/2603/2603 2590/2590/2590 2589/2589/2589
f 2590/2590/2590 2603/2603/2603 2604/2604/2604
f 2604/2604/2604 2591/2591/2591 2590/2590/2590
f 2591/2591/2591 2604/2604/2604 2592/2592/2592
f 2592/2592/2592 2579/2579/2579 2591/2591/2591
f 2592/2592/2592 2605/2605/2605 2606/2606/2606
f 2606/2606/2606 2593/2593/2593 2592/2592/2592
f 2593/2593/2593 2606/2606/2606 2607/2607/2607
f 2607/2607/2607 2594/2594/2594 2593/2593/2593
f 2594/2594/2594 2607/2607/2607 2608/2608/2608
f 2608/2608/2608 2595/2595/2595 2594/2594/2594
f 2595/2595/2595 2608/2608/2608 2609/2609/2609
f 2609/2609/2609 2596/2596/2596 2595/2595/2595
f 2596/2596/2596 2609/2609/2609 2610/2610/2610
f 2610/2610/2610 2597/2597/2597 2596/2596/2596
f 2597/2597/2597 2610/2610/2610 2612/2612/2612
f 2612/2612/2612 2598/2598/2598 2597/2597/2597
f 2599/2599/2599 2611/2611/2611 2613/2613/2613
f 2613/2613/2613 2600/2600/2600 2599/2599/2599
f 2600/2600/2600 2613/2613/2613 2614/2614/2614
f 2614/2614/2614 2601/2601/2601 2600/2600/2600
f 2601/2601/2601 2614/2614/2614 2615/2615/2615
f 2615/2615/2615 2602/2602/2602 2601/2601/2601
f 2602/2602/2602 2615/2615/2615 2616/2616/2616
f 2616/2616/2616 2603/2603/2603 2602/2602/2602
f 2603/2603/2603 2616/2616/2616 2617/2617/2617
f 2617/2617/2617 2604/2604/2604 2603/2603/2603
f 2604/2604/2604 2617/2617/2617 2605/2605/2605
f 2605/2605/2605 2592/2592/2592 2604/2604/2604
f 2605/2605/2605 2618/2618/2618 2619/2619/2619
f 2619/2619/2619 2606/2606/2606 2605/2605/2605
f 2606/2606/2606 2619/2619/2619 2620/2620/2620
f 2620/2620/2620 2607/2607/2607 2606/2606/2606
f 2607/2607/2607 2620/2620/2620 2621/2621/2621
f 2621/2621/2621 2608/2608/2608 2607/2607/2607
f 2608/2608/2608 2621/2621/2621 2622/2622/2622
f 2622/2622/2622 2609/2609/2609 2608/2608/2608
f 2609/2609/2609 2622/2622/2622 2623/2623/2623
f 2623/2623/2623 2610/2610/2610 2609/2609/2609
f 2610/2610/2610 2623/2623/2623 2624/2624/2624
f 2624/2624/2624 2612/2612/2612 2610/2610/2610
f 2611/2611/2611 2625/2625/2625 2626/2626/2626
f 2626/2626/2626 2613/2613/2613 2611/2611/2611
f 2613/2613/2613 2626/2626/2626 2627/2627/2627
f 2627/2627/2627 2614/2614/2614 2613/2613/2613
f 2614/2614/2614 2627/2627/2627 2628/2628/2628
f 2628/2628/2628 2615/2615/2615 2614/2614/2614
f 2615/2615/2615 2628/2628/2628 2629/2629/2629
f 2629/2629/2629 2616/2616/2616 2615/2615/2615
f 2616/2616/2616 2629/2629/2629 2630/2630/2630
f 2630/2630/2630 2617/2617/2617 2616/2616/2616
f 2617/2617/2617 2630/2630/2630 2618/2618/2618
f 2618/2618/2618 2605/2605/2605 2617/2617/2617
f 2618/2618/2618 2631/2631/2631 2632/2632/2632
f 2632/2632/2632 2619/2619/2619 2618/2618/2618
f 2619/2619/2619 2632/2632/2632 2633/2633/2633
f 2633/2633/2633 2620/2620/2620 2619/2619/2619
f 2620/2620/2620 2633/2633/2633 2634/2634/2634
f 2634/2634/2634 2621/2621/2621 2620/2620/2620
f 2621/2621/2621 2634/2634/2634 2635/2635/2635
f 2635/2635/2635 2622/2622/2622 2621/2621/2621
f 2622/2622/2622 2635/2635/2635 2636/2636/2636
f 2636/2636/2636 2623/2623/2623 2622/2622/2622
f 2623/2623/2623 2636/2636/2636 2637/2637/2637
f 2637/2637/2637 2624/2624/2624 2623/2623/2623
f 2625/2625/2625 2638/2638/2638 2639/2639/2639
f 2639/2639/2639 2626/2626/2626 2625/2625/2625
f 2626/2626/2626 2639/2639/2639 2640/2640/2640
f 2640/2640/2640 2627/2627/2627 2626/2626/2626
f 2627/2627/2627 2640/2640/2640 2641/2641/2641
f 2641/2641/2641 2628/2628/2628 2627/2627/2627
f 2628/2628/2628 2641/2641/2641 2642/2642/2642
f 2642/2642/2642 2629/2629/2629 2628/2628/2628
f 2629/2629/2629 2642/2642/2642 2643/2643/2643
f 2643/2643/2643 2630/2630/2630 2629/2629/2629
f 2630/2630/2630 2643/2643/2643 2631/2631/2631
f 2631/2631/2631 2618/2618/2618 2630/2630/2630
f 2631/2631/2631 2644/2644/2644 2645/2645/2645
f 2645/2645/2645 2632/2632/2632 2631/2631/2631
f 2632/2632/2632 2645/2645/2645 2646/2646/2646
f 2646/2646/2646 2633/2633/2633 2632/2632/2632
f 2633/2633/2633 2646/2646/2646 2647/2647/2647
f 2647/2647/2647 2634/2634/2634 2633/2633/2633
f 2634/2634/2634 2647/2647/2647 2648/2648/2648
f 2648/2648/2648 2635/2635/2635 2634/2634/2634
f 2635/2635/2635 2648/2648/2648 2649/2649/2649
f 2649/2649/2649 2636/2636/2636 2635/2635/2635
f 2636/2636/2636 2649/2649/2649 2650/2650/2650
f 2650/2650/2650 2637/2637/2637 2636/2636/2636
f 2638/2638/2638 2651/2651/2651 2652/2652/2652
f 2652/2652/2652 2639/2639/2639 2638/2638/2638
f 2639/2639/2639 2652/2652/2652 2653/2653/2653
f 2653/2653/2653 2640/2640/2640 2639/2639/2639
f 2640/2640/2640 2653/2653/2653 2654/2654/2654
f 2654/2654/2654 2641/2641/2641 2640/2640/2640
f 2641/2641/2641 2654/2654/2654 2655/2655/2655
f 2655/2655/2655 2642/2642/2642 2641/2641/2641
f 2642/2642/2642 2655/2655/2655 2656/2656/2656
f 2656/2656/2656 2643/2643/2643 2642/2642/2642
f 2643/2643/2643 2656/2656/2656 2644/2644/2644
f 2644/2644/2644 2631/2631/2631 2643/2643/2643
f 2658/2658/2658 2645/2645/2645 2644/2644/2644
f 2644/2644/2644 2657/2657/2657 2658/2658/2658
f 2659/2659/2659 2646/2646/2646 2645/2645/2645
f 2645/2645/2645 2658/2658/2658 2659/2659/2659
f 2660/2660/2660 2647/2647/2647 2646/2646/2646
f 2646/2646/2646 2659/2659/2659 2660/2660/2660
f 2661/2661/2661 2648/2648/2648 2647/2647/2647
f 2647/2647/2647 2660/2660/2660 2661/2661/2661
f 2662/2662/2662 2649/2649/2649 2648/2648/2648
f 2648/2648/2648 2661/2661/2661 2662/2662/2662
f 2664/2664/2664 2650/2650/2650 2649/2649/2649
f 2649/2649/2649 2662/2662/2662 2664/2664/2664
f 2665/2665/2665 2652/2652/2652 2651/2651/2651
f 2651/2651/2651 2663/2663/2663 2665/2665/2665
f 2666/2666/2666 2653/2653/2653 2652/2652/2652
f 2652/2652/2652 2665/2665/2665 2666/2666/2666
f 2667/2667/2667 2654/2654/2654 2653/2653/2653
f 2653/2653/2653 2666/2666/2666 2667/2667/2667
f 2668/2668/2668 2655/2655/2655 2654/2654/2654
f 2654/2654/2654 2667/2667/2667 2668/2668/2668
f 2669/2669/2669 2656/2656/2656 2655/2655/2655
f 2655/2655/2655 2668/2668/2668 2669/2669/2669
f 2657/2657/2657 2644/2644/2644 2656/2656/2656
f 2656/2656/2656 2669/2669/2669 2657/2657/2657
f 2684/2684/2684 2671/2671/2671 2670/2670/2670
f 2670/2670/2670 2683/2683/2683 2684/2684/2684
f 2685/2685/2685 2672/2672/2672 2671/2671/2671
f 2671/2671/2671 2684/2684/2684 2685/2685/2685
f 2686/2686/2686 2673/2673/2673 2672/2672/2672
f 2672/2672/2672 2685/2685/2685 2686/2686/2686
f 2687/2687/2687 2674/2674/2674 2673/2673/2673
f 2673/2673/2673 2686/2686/2686 2687/2687/2687
f 2688/2688/2688 2675/2675/2675 2674/2674/2674
f 2674/2674/2674 2687/2687/2687 2688/2688/2688
f 2690/2690/2690 2677/2677/2677 2675/2675/2675
f 2675/2675/2675 2688/2688/2688 2690/2690/2690
f 2691/2691/2691 2678/2678/2678 2676/2676/2676
f 2676/2676/2676 2689/2689/2689 2691/2691/2691
f 2692/2692/2692 2679/2679/2679 2678/2678/2678
f 2678/2678/2678 2691/2691/2691 2692/2692/2692
f 2693/2693/2693 2680/2680/2680 2679/2679/2679
f 2679/2679/2679 2692/2692/2692 2693/2693/2693
f 2694/2694/2694 2681/2681/2681 2680/2680/2680
f 2680/2680/2680 2693/2693/2693 2694/2694/2694
f 2695/2695/2695 2682/2682/2682 2681/2681/2681
f 2681/2681/2681 2694/2694/2694 2695/2695/2695
f 2683/2683/2683 2670/2670/2670 2682/2682/2682
f 2682/2682/2682 2695/2695/2695 2683/2683/2683
f 2697/2697/2697 2684/2684/2684 2683/2683/2683
f 2683/2683/2683 2696/2696/2696 2697/2697/2697
f 2698/2698/2698 2685/2685/2685 2684/2684/2684
f 2684/2684/2684 2697/2697/2697 2698/2698/2698
f 2699/2699/2699 2686/2686/2686 2685/2685/2685
f 2685/2685/2685 2698/2698/2698 2699/2699/2699
f 2700/2700/2700 2687/2687/2687 2686/2686/2686
f 2686/2686/2686 2699/2699/2699 2700/2700/2700
f 2701/2701/2701 2688/2688/2688 2687/2687/2687
f 2687/2687/2687 2700/2700/2700 2701/2701/2701
f 2702/2702/2702 2690/2690/2690 2688/2688/2688
f 2688/2688/2688 2701/2701/2701 2702/2702/2702
f 2704/2704/2704 2691/2691/2691 2689/2689/2689
f 2689/2689/2689 2703/2703/2703 2704/2704/2704
f 2705/2705/2705 2692/2692/2692 2691/2691/2691
f 2691/2691/2691 2704/2704/2704 2705/2705/2705
f 2706/2706/2706 2693/2693/2693 2692/2692/2692
f 2692/2692/2692 2705/2705/2705 2706/2706/2706
f 2707/2707/2707 2694/2694/2694 2693/2693/2693
f 2693/2693/2693 2706/2706/2706 2707/2707/2707
f 2708/2708/2708 2695/2695/2695 2694/2694/2694
f 2694/2694/2694 2707/2707/2707 2708/2708/2708
f 2696/2696/2696 2683/2683/2683 2695/2695/2695
f 2695/2695/2695 2708/2708/2708 2696/2696/2696
f 2710/2710/2710 2697/2697/2697 2696/2696/2696
f 2696/2696/2696 2709/2709/2709 2710/2710/2710
f 2711/2711/2711 2698/2698/2698 2697/2697/2697
f 2697/2697/2697 2710/2710/2710 2711/2711/2711
f 2712/2712/2712 2699/2699/2699 2698/2698/2698
f 2698/2698/2698 2711/2711/2711 2712/2712/2712
f 2713/2713/2713 2700/2700/2700 2699/2699/2699
f 2699/2699/2699 2712/2712/2712 2713/2713/2713
f 2714/2714/2714 2701/2701/2701 2700/2700/2700
f 2700/2700/2700 2713/2713/2713 2714/2714/2714
f 2715/2715/2715 2702/2702/2702 2701/2701/2701
f 2701/2701/2701 2714/2714/2714 2715/2715/2715
f 2717/2717/2717 2704/2704/2704 2703/2703/2703
f 2703/2703/2703 2716/2716/2716 2717/2717/2717
f 2718/2718/2718 2705/2705/2705 2704/2704/2704
f 2704/2704/2704 2717/2717/2717 2718/2718/2718
f 2719/2719/2719 2706/2706/2706 2705/2705/2705
f 2705/2705/2705 2718/2718/2718 2719/2719/2719
f 2720/2720/2720 2707/2707/2707 2706/2706/2706
f 2706/2706/2706 2719/2719/2719 2720/2720/2720
f 2721/2721/2721 2708/2708/2708 2707/2707/2707
f 2707/2707/2707 2720/2720/2720 2721/2721/2721
f 2709/2709/2709 2696/2696/2696 2708/2708/2708
f 2708/2708/2708 2721/2721/2721 2709/2709/2709
f 2723/2723/2723 2710/2710/2710 2709/2709/2709
f 2709/2709/2709 2722/2722/2722 2723/2723/2723
f 2724/2724/2724 2711/2711/2711 2710/2710/2710
f 2710/2710/2710 2723/2723/2723 2724/2724/2724
f 2725/2725/2725 2712/2712/2712 2711/2711/2711
f 2711/2711/2711 2724/2724/2724 2725/2725/2725
f 2726/2726/2726 2713/2713/2713 2712/2712/2712
f 2712/2712/2712 2725/2725/2725 2726/2726/2726
f 2727/2727/2727 2714/2714/2714 2713/2713/2713
f 2713/2713/2713 2726/2726/2726 2727/2727/2727
f 2728/2728/2728 2715/2715/2715 2714/2714/2714
f 2714/2714/2714 2727/2727/2727 2728/2728/2728
f 2730/2730/2730 2717/2717/2717 2716/2716/2716
f 2716/2716/2716 2729/2729/2729 2730/2730/2730
f 2731/2731/2731 2718/2718/2718 2717/2717/2717
f 2717/2717/2717 2730/2730/2730 2731/2731/2731
f 2732/2732/2732 2719/2719/2719 2718/2718/2718
f 2718/2718/2718 2731/2731/2731 2732/2732/2732
f 2733/2733/2733 2720/2720/2720 2719/2719/2719
f 2719/2719/2719 2732/2732/2732 2733/2733/2733
f 2734/2734/2734 2721/2721/2721 2720/2720/2720
f 2720/2720/2720 2733/2733/2733 2734/2734/2734
f 2722/2722/2722 2709/2709/2709 2721/2721/2721
f 2721/2721/2721 2734/2734/2734 2722/2722/2722
f 2736/2736/2736 2723/2723/2723 2722/2722/2722
f 2722/2722/2722 2735/2735/2735 2736/2736/2736
f 2737/2737/2737 2724/2724/2724 2723/2723/2723
f 2723/2723/2723 2736/2736/2736 2737/2737/2737
f 2738/2738/2738 2725/2725/2725 2724/2724/2724
f 2724/2724/2724 2737/2737/2737 2738/2738/2738
f 2739/2739/2739 2726/2726/2726 2725/2725/2725
f 2725/2725/2725 2738/2738/2738 2739/2739/2739
f 2740/2740/2740 2727/2727/2727 2726/2726/2726
f 2726/2726/2726 2739/2739/2739 2740/2740/2740
f 2742/2742/2742 2728/2728/2728 2727/2727/2727
f 2727/2727/2727 2740/2740/2740 2742/2742/2742
f 2743/2743/2743 2730/2730/2730 2729/2729/2729
f 2729/2729/2729 2741/2741/2741 2743/2743/2743
f 2744/2744/2744 2731/2731/2731 2730/2730/2730
f 2730/2730/2730 2743/2743/2743 2744/2744/2744
f 2745/2745/2745 2732/2732/2732 2731/2731/2731
f 2731/2731/2731 2744/2744/2744 2745/2745/2745
f 2746/2746/2746 2733/2733/2733 2732/2732/2732
f 2732/2732/2732 2745/2745/2745 2746/2746/2746
f 2747/2747/2747 2734/2734/2734 2733/2733/2733
f 2733/2733/2733 2746/2746/2746 2747/2747/2747
f 2735/2735/2735 2722/2722/2722 2734/2734/2734
f 2734/2734/2734 2747/2747/2747 2735/2735/2735
f 2749/2749/2749 2736/2736/2736 2735/2735/2735
f 2735/2735/2735 2748/2748/2748 2749/2749/2749
f 2750/2750/2750 2737/2737/2737 2736/2736/2736
f 2736/2736/2736 2749/2749/2749 2750/2750/2750
f 2751/2751/2751 2738/2738/2738 2737/2737/2737
f 2737/2737/2737 2750/2750/2750 2751/2751/2751
f 2752/2752/2752 2739/2739/2739 2738/2738/2738
f 2738/2738/2738 2751/2751/2751 2752/2752/2752
f 2753/2753/2753 2740/2740/2740 2739/2739/2739
f 2739/2739/2739 2752/2752/2752 2753/2753/2753
f 2755/2755/2755 2742/2742/2742 2740/2740/2740
f 2740/2740/2740 2753/2753/2753 2755/2755/2755
f 2756/2756/2756 2743/2743/2743 2741/2741/2741
f 2741/2741/2741 2754/2754/2754 2756/2756/2756
f 2757/2757/2757 2744/2744/2744 2743/2743/2743
f 2743/2743/2743 2756/2756/2756 2757/2757/2757
f 2758/2758/2758 2745/2745/2745 2744/2744/2744
f 2744/2744/2744 2757/2757/2757 2758/2758/2758
f 2759/2759/2759 2746/2746/2746 2745/2745/2745
f 2745/2745/2745 2758/2758/2758 2759/2759/2759
f 2760/2760/2760 2747/2747/2747 2746/2746/2746
f 2746/2746/2746 2759/2759/2759 2760/2760/2760
f 2748/2748/2748 2735/2735/2735 2747/2747/2747
f 2747/2747/2747 2760/2760/2760 2748/2748/2748
f 2763/2763/2763 2749/2749/2749 2748/2748/2748
f 2748/2748/2748 2761/2761/2761 2763/2763/2763
f 2765/2765/2765 2750/2750/2750 2749/2749/2749
f 2749/2749/2749 2763/2763/2763 2765/2765/2765
f 2768/2768/2768 2751/2751/2751 2750/2750/2750
f 2750/2750/2750 2765/2765/2765 2768/2768/2768
f 2770/2770/2770 2752/2752/2752 2751/2751/2751
f 2751/2751/2751 2768/2768/2768 2770/2770/2770
f 2771/2771/2771 2753/2753/2753 2752/2752/2752
f 2752/2752/2752 2770/2770/2770 2771/2771/2771
f 2776/2776/2776 2755/2755/2755 2753/2753/2753
f 2753/2753/2753 2771/2771/2771 2776/2776/2776
f 2778/2778/2778 2756/2756/2756 2754/2754/2754
f 2754/2754/2754 2774/2774/2774 2778/2778/2778
f 2780/2780/2780 2757/2757/2757 2756/2756/2756
f 2756/2756/2756 2778/2778/2778 2780/2780/2780
f 2781/2781/2781 2758/2758/2758 2757/2757/2757
f 2757/2757/2757 2780/2780/2780 2781/2781/2781
f 2783/2783/2783 2759/2759/2759 2758/2758/2758
f 2758/2758/2758 2781/2781/2781 2783/2783/2783
f 2786/2786/2786 2760/2760/2760 2759/2759/2759
f 2759/2759/2759 2783/2783/2783 2786/2786/2786
f 2761/2761/2761 2748/2748/2748 2760/2760/2760
f 2760/2760/2760 2786/2786/2786 2761/2761/2761
f 2788/2788/2788 2764/2764/2764 2762/2762/2762
f 2762/2762/2762 2787/2787/2787 2788/2788/2788
f 2789/2789/2789 2766/2766/2766 2764/2764/2764
f 2764/2764/2764 2788/2788/2788 2789/2789/2789
f 2790/2790/2790 2767/2767/2767 2766/2766/2766
f 2766/2766/2766 2789/2789/2789 2790/2790/2790
f 2791/2791/2791 2769/2769/2769 2767/2767/2767
f 2767/2767/2767 2790/2790/2790 2791/2791/2791
f 2792/2792/2792 2772/2772/2772 2769/2769/2769
f 2769/2769/2769 2791/2791/2791 2792/2792/2792
f 2793/2793/2793 2775/2775/2775 2772/2772/2772
f 2772/2772/2772 2792/2792/2792 2793/2793/2793
f 2795/2795/2795 2777/2777/2777 2773/2773/2773
f 2773/2773/2773 2794/2794/2794 2795/2795/2795
f 2796/2796/2796 2779/2779/2779 2777/2777/2777
f 2777/2777/2777 2795/2795/2795 2796/2796/2796
f 2797/2797/2797 2782/2782/2782 2779/2779/2779
f 2779/2779/2779 2796/2796/2796 2797/2797/2797
f 2798/2798/2798 2784/2784/2784 2782/2782/2782
f 2782/2782/2782 2797/2797/2797 2798/2798/2798
f 2799/2799/2799 2785/2785/2785 2784/2784/2784
f 2784/2784/2784 2798/2798/2798 2799/2799/2799
f 2787/2787/2787 2762/2762/2762 2785/2785/2785
f 2785/2785/2785 2799/2799/2799 2787/2787/2787
f 2801/2801/2801 2788/2788/2788 2787/2787/2787
f 2787/2787/2787 2800/2800/2800 2801/2801/2801
f 2802/2802/2802 2789/2789/2789 2788/2788/2788
f 2788/2788/2788 2801/2801/2801 2802/2802/2802
f 2803/2803/2803 2790/2790/2790 2789/2789/2789
f 2789/2789/2789 2802/2802/2802 2803/2803/2803
f 2804/2804/2804 2791/2791/2791 2790/2790/2790
f 2790/2790/2790 2803/2803/2803 2804/2804/2804
f 2805/2805/2805 2792/2792/2792 2791/2791/2791
f 2791/2791/2791 2804/2804/2804 2805/2805/2805
f 2806/2806/2806 2793/2793/2793 2792/2792/2792
f 2792/2792/2792 2805/2805/2805 2806/2806/2806
f 2808/2808/2808 2795/2795/2795 2794/2794/2794
f 2794/2794/2794 2807/2807/2807 2808/2808/2808
f 2809/2809/2809 2796/2796/2796 2795/2795/2795
f 2795/2795/2795 2808/2808/2808 2809/2809/2809
f 2810/2810/2810 2797/2797/2797 2796/2796/2796
f 2796/2796/2796 2809/2809/2809 2810/2810/2810
f 2811/2811/2811 2798/2798/2798 2797/2797/2797
f 2797/2797/2797 2810/2810/2810 2811/2811/2811
f 2812/2812/2812 2799/2799/2799 2798/2798/2798
f 2798/2798/2798 2811/2811/2811 2812/2812/2812
f 2800/2800/2800 2787/2787/2787 2799/2799/2799
f 2799/2799/2799 2812/2812/2812 2800/2800/2800
f 2814/2814/2814 2801/2801/2801 2800/2800/2800
f 2800/2800/2800 2813/2813/2813 2814/2814/2814
f 2815/2815/2815 2802/2802/2802 2801/2801/2801
f 2801/2801/2801 2814/2814/2814 2815/2815/2815
f 2816/2816/2816 2803/2803/2803 2802/2802/2802
f 2802/2802/2802 2815/2815/2815 2816/2816/2816
f 2817/2817/2817 2804/2804/2804 2803/2803/2803
f 2803/2803/2803 2816/2816/2816 2817/2817/2817
f 2818/2818/2818 2805/2805/2805 2804/2804/2804
f 2804/2804/2804 2817/2817/2817 2818/2818/2818
f 2819/2819/2819 2806/2806/2806 2805/2805/2805
f 2805/2805/2805 2818/2818/2818 2819/2819/2819
f 2821/2821/2821 2808/2808/2808 2807/2807/2807
f 2807/2807/2807 2820/2820/2820 2821/2821/2821
f 2822/2822/2822 2809/2809/2809 2808/2808/2808
f 2808/2808/2808 2821/2821/2821 2822/2822/2822
f 2823/2823/2823 2810/2810/2810 2809/2809/2809
f 2809/2809/2809 2822/2822/2822 2823/2823/2823
f 2824/2824/2824 2811/2811/2811 2810/2810/2810
f 2810/2810/2810 2823/2823/2823 2824/2824/2824
f 2825/2825/2825 2812/2812/2812 2811/2811/2811
f 2811/2811/2811 2824/2824/2824 2825/2825/2825
f 2813/2813/2813 2800/2800/2800 2812/2812/2812
f 2812/2812/2812 2825/2825/2825 2813/2813/2813
f 2827/2827/2827 2814/2814/2814 2813/2813/2813
f 2813/2813/2813 2826/2826/2826 2827/2827/2827
f 2828/2828/2828 2815/2815/2815 2814/2814/2814
f 2814/2814/2814 2827/2827/2827 2828/2828/2828
f 2829/2829/2829 2816/2816/2816 2815/2815/2815
f 2815/2815/2815 2828/2828/2828 2829/2829/2829
f 2830/2830/2830 2817/2817/2817 2816/2816/2816
f 2816/2816/2816 2829/2829/2829 2830/2830/2830
f 2831/2831/2831 2818/2818/2818 2817/2817/2817
f 2817/2817/2817 2830/2830/2830 2831/2831/2831
f 2833/2833/2833 2819/2819/2819 2818/2818/2818
f 2818/2818/2818 2831/2831/2831 2833/2833/2833
f 2834/2834/2834 2821/2821/2821 2820/2820/2820
f 2820/2820/2820 2832/2832/2832 2834/2834/2834
f 2835/2835/2835 2822/2822/2822 2821/2821/2821
f 2821/2821/2821 2834/2834/2834 2835/2835/2835
f 2836/2836/2836 2823/2823/2823 2822/2822/2822
f 2822/2822/2822 2835/2835/2835 2836/2836/2836
f 2837/2837/2837 2824/2824/2824 2823/2823/2823
f 2823/2823/2823 2836/2836/2836 2837/2837/2837
f 2838/2838/2838 2825/2825/2825 2824/2824/2824
f 2824/2824/2824 2837/2837/2837 2838/2838/2838
f 2826/2826/2826 2813/2813/2813 2825/2825/2825
f 2825/2825/2825 2838/2838/2838 2826/2826/2826
f 2840/2840/2840 2827/2827/2827 2826/2826/2826
f 2826/2826/2826 2839/2839/2839 2840/2840/2840
f 2841/2841/2841 2828/2828/2828 2827/2827/2827
f 2827/2827/2827 2840/2840/2840 2841/2841/2841
f 2842/2842/2842 2829/2829/2829 2828/2828/2828
f 2828/2828/2828 2841/2841/2841 2842/2842/2842
f 2843/2843/2843 2830/2830/2830 2829/2829/2829
f 2829/2829/2829 2842/2842/2842 2843/2843/2843
f 2844/2844/2844 2831/2831/2831 2830/2830/2830
f 2830/2830/2830 2843/2843/2843 2844/2844/2844
f 2845/2845/2845 2833/2833/2833 2831/2831/2831
f 2831/2831/2831 2844/2844/2844 2845/2845/2845
f 2847/2847/2847 2834/2834/2834 2832/2832/2832
f 2832/2832/2832 2846/2846/2846 2847/2847/2847
f 2848/2848/2848 2835/2835/2835 2834/2834/2834
f 2834/2834/2834 2847/2847/2847 2848/2848/2848
f 2849/2849/2849 2836/2836/2836 2835/2835/2835
f 2835/2835/2835 2848/2848/2848 2849/2849/2849
f 2850/2850/2850 2837/2837/2837 2836/2836/2836
f 2836/2836/2836 2849/2849/2849 2850/2850/2850
f 2851/2851/2851 2838/2838/2838 2837/2837/2837
f 2837/2837/2837 2850/2850/2850 2851/2851/2851
f 2839/2839/2839 2826/2826/2826 2838/2838/2838
f 2838/2838/2838 2851/2851/2851 2839/2839/2839
f 2853/2853/2853 2840/2840/2840 2839/2839/2839
f 2839/2839/2839 2852/2852/2852 2853/2853/2853
f 2854/2854/2854 2841/2841/2841 2840/2840/2840
f 2840/2840/2840 2853/2853/2853 2854/2854/2854
f 2855/2855/2855 2842/2842/2842 2841/2841/2841
f 2841/2841/2841 2854/2854/2854 2855/2855/2855
f 2856/2856/2856 2843/2843/2843 2842/2842/2842
f 2842/2842/2842 2855/2855/2855 2856/2856/2856
f 2857/2857/2857 2844/2844/2844 2843/2843/2843
f 2843/2843/2843 2856/2856/2856 2857/2857/2857
f 2859/2859/2859 2845/2845/2845 2844/2844/2844
f 2844/2844/2844 2857/2857/2857 2859/2859/2859
f 2860/2860/2860 2847/2847/2847 2846/2846/2846
f 2846/2846/2846 2858/2858/2858 2860/2860/2860
f 2861/2861/2861 2848/2848/2848 2847/2847/2847
f 2847/2847/2847 2860/2860/2860 2861/2861/2861
f 2862/2862/2862 2849/2849/2849 2848/2848/2848
f 2848/2848/2848 2861/2861/2861 2862/2862/2862
f 2863/2863/2863 2850/2850/2850 2849/2849/2849
f 2849/2849/2849 2862/2862/2862 2863/2863/2863
f 2864/2864/2864 2851/2851/2851 2850/2850/2850
f 2850/2850/2850 2863/2863/2863 2864/2864/2864
f 2852/2852/2852 2839/2839/2839 2851/2851/2851
f 2851/2851/2851 2864/2864/2864 2852/2852/2852
f 2866/2866/2866 2853/2853/2853 2852/2852/2852
f 2852/2852/2852 2865/2865/2865 2866/2866/2866
f 2867/2867/2867 2854/2854/2854 2853/2853/2853
f 2853/2853/2853 2866/2866/2866 2867/2867/2867
f 2868/2868/2868 2855/2855/2855 2854/2854/2854
f 2854/2854/2854 2867/2867/2867 2868/2868/2868
f 2869/2869/2869 2856/2856/2856 2855/2855/2855
f 2855/2855/2855 2868/2868/2868 2869/2869/2869
f 2870/2870/2870 2857/2857/2857 2856/2856/2856
f 2856/2856/2856 2869/2869/2869 2870/2870/2870
f 2872/2872/2872 2859/2859/2859 2857/2857/2857
f 2857/2857/2857 2870/2870/2870 2872/2872/2872
f 2873/2873/2873 2860/2860/2860 2858/2858/2858
f 2858/2858/2858 2871/2871/2871 2873/2873/2873
f 2874/2874/2874 2861/2861/2861 2860/2860/2860
f 2860/2860/2860 2873/2873/2873 2874/2874/2874
f 2875/2875/2875 2862/2862/2862 2861/2861/2861
f 2861/2861/2861 2874/2874/2874 2875/2875/2875
f 2876/2876/2876 2863/2863/2863 2862/2862/2862
f 2862/2862/2862 2875/2875/2875 2876/2876/2876
f 2877/2877/2877 2864/2864/2864 2863/2863/2863
f 2863/2863/2863 2876/2876/2876 2877/2877/2877
f 2865/2865/2865 2852/2852/2852 2864/2864/2864
f 2864/2864/2864 2877/2877/2877 2865/2865/2865
f 2879/2879/2879 2866/2866/2866 2865/2865/2865
f 2865/2865/2865 2878/2878/2878 2879/2879/2879
f 2880/2880/2880 2867/2867/2867 2866/2866/2866
f 2866/2866/2866 2879/2879/2879 2880/2880/2880
f 2881/2881/2881 2868/2868/2868 2867/2867/2867
f 2867/2867/2867 2880/2880/2880 2881/2881/2881
f 2882/2882/2882 2869/2869/2869 2868/2868/2868
f 2868/2868/2868 2881/2881/2881 2882/2882/2882
f 2883/2883/2883 2870/2870/2870 2869/2869/2869
f 2869/2869/2869 2882/2882/2882 2883/2883/2883
f 2885/2885/2885 2872/2872/2872 2870/2870/2870
f 2870/2870/2870 2883/2883/2883 2885/2885/2885
f 2886/2886/2886 2873/2873/2873 2871/2871/2871
f 2871/2871/2871 2884/2884/2884 2886/2886/2886
f 2887/2887/2887 2874/2874/2874 2873/2873/2873
f 2873/2873/2873 2886/2886/2886 2887/2887/2887
f 2888/2888/2888 2875/2875/2875 2874/2874/2874
f 2874/2874/2874 2887/2887/2887 2888/2888/2888
f 2889/2889/2889 2876/2876/2876 2875/2875/2875
f 2875/2875/2875 2888/2888/2888 2889/2889/2889
f 2890/2890/2890 2877/2877/2877 2876/2876/2876
f 2876/2876/2876 2889/2889/2889 2890/2890/2890
f 2878/2878/2878 2865/2865/2865 2877/2877/2877
f 2877/2877/2877 2890/2890/2890 2878/2878/2878
f 2892/2892/2892 2879/2879/2879 2878/2878/2878
f 2878/2878/2878 2891/2891/2891 2892/2892/2892
f 2893/2893/2893 2880/2880/2880 2879/2879/2879
f 2879/2879/2879 2892/2892/2892 2893/2893/2893
f 2894/2894/2894 2881/2881/2881 2880/2880/2880
f 2880/2880/2880 2893/2893/2893 2894/2894/2894
f 2895/2895/2895 2882/2882/2882 2881/2881/2881
f 2881/2881/2881 2894/2894/2894 2895/2895/2895
f 2896/2896/2896 2883/2883/2883 2882/2882/2882
f 2882/2882/2882 2895/2895/2895 2896/2896/2896
f 2898/2898/2898 2885/2885/2885 2883/2883/2883
f 2883/2883/2883 2896/2896/2896 2898/2898/2898
f 2899/2899/2899 2886/2886/2886 2884/2884/2884
f 2884/2884/2884 2897/2897/2897 2899/2899/2899
f 2900/2900/2900 2887/2887/2887 2886/2886/2886
f 2886/2886/2886 2899/2899/2899 2900/2900/2900
f 2901/2901/2901 2888/2888/2888 2887/2887/2887
f 2887/2887/2887 2900/2900/2900 2901/2901/2901
f 2902/2902/2902 2889/2889/2889 2888/2888/2888
f 2888/2888/2888 2901/2901/2901 2902/2902/2902
f 2903/2903/2903 2890/2890/2890 2889/2889/2889
f 2889/2889/2889 2902/2902/2902 2903/2903/2903
f 2891/2891/2891 2878/2878/2878 2890/2890/2890
f 2890/2890/2890 2903/2903/2903 2891/2891/2891
f 2905/2905/2905 2892/2892/2892 2891/2891/2891
f 2891/2891/2891 2904/2904/2904 2905/2905/2905
f 2906/2906/2906 2893/2893/2893 2892/2892/2892
f 2892/2892/2892 2905/2905/2905 2906/2906/2906
f 2907/2907/2907 2894/2894/2894 2893/2893/2893
f 2893/2893/2893 2906/2906/2906 2907/2907/2907
f 2908/2908/2908 2895/2895/2895 2894/2894/2894
f 2894/2894/2894 2907/2907/2907 2908/2908/2908
f 2909/2909/2909 2896/2896/2896 2895/2895/2895
f 2895/2895/2895 2908/2908/2908 2909/2909/2909
f 2910/2910/2910 2898/2898/2898 2896/2896/2896
f 2896/2896/2896 2909/2909/2909 2910/2910/2910
f 2912/2912/2912 2899/2899/2899 2897/2897/2897
f 2897/2897/2897 2911/2911/2911 2912/2912/2912
f 2913/2913/2913 2900/2900/2900 2899/2899/2899
f 2899/2899/2899 2912/2912/2912 2913/2913/2913
f 2914/2914/2914 2901/2901/2901 2900/2900/2900
f 2900/2900/2900 2913/2913/2913 2914/2914/2914
f 2915/2915/2915 2902/2902/2902 2901/2901/2901
f 2901/2901/2901 2914/2914/2914 2915/2915/2915
f 2916/2916/2916 2903/2903/2903 2902/2902/2902
f 2902/2902/2902 2915/2915/2915 2916/2916/2916
f 2904/2904/2904 2891/2891/2891 2903/2903/2903
f 2903/2903/2903 2916/2916/2916 2904/2904/2904
f 2918/2918/2918 2905/2905/2905 2904/2904/2904
f 2904/2904/2904 2917/2917/2917 2918/2918/2918
f 2919/2919/2919 2906/2906/2906 2905/2905/2905
f 2905/2905/2905 2918/2918/2918 2919/2919/2919
f 2920/2920/2920 2907/2907/2907 2906/2906/2906
f 2906/2906/2906 2919/2919/2919 2920/2920/2920
f 2921/2921/2921 2908/2908/2908 2907/2907/2907
f 2907/2907/2907 2920/2920/2920 2921/2921/2921
f 2922/2922/2922 2909/2909/2909 2908/2908/2908
f 2908/2908/2908 2921/2921/2921 2922/2922/2922
f 2923/2923/2923 2910/2910/2910 2909/2909/2909
f 2909/2909/2909 2922/2922/2922 2923/2923/2923
f 2925/2925/2925 2912/2912/2912 2911/2911/2911
f 2911/2911/2911 2924/2924/2924 2925/2925/2925
f 2926/2926/2926 2913/2913/2913 2912/2912/2912
f 2912/2912/2912 2925/2925/2925 2926/2926/2926
f 2927/2927/2927 2914/2914/2914 2913/2913/2913
f 2913/2913/2913 2926/2926/2926 2927/2927/2927
f 2928/2928/2928 2915/2915/2915 2914/2914/2914
f 2914/2914/2914 2927/2927/2927 2928/2928/2928
f 2929/2929/2929 2916/2916/2916 2915/2915/2915
f 2915/2915/2915 2928/2928/2928 2929/2929/2929
f 2917/2917/2917 2904/2904/2904 2916/2916/2916
f 2916/2916/2916 2929/2929/2929 2917/2917/2917
f 2931/2931/2931 2918/2918/2918 2917/2917/2917
f 2917/2917/2917 2930/2930/2930 2931/2931/2931
f 2932/2932/2932 2919/2919/2919 2918/2918/2918
f 2918/2918/2918 2931/2931/2931 2932/2932/2932
f 2933/2933/2933 2920/2920/2920 2919/2919/2919
f 2919/2919/2919 2932/2932/2932 2933/2933/2933
f 2934/2934/2934 2921/2921/2921 2920/2920/2920
f 2920/2920/2920 2933/2933/2933 2934/2934/2934
f 2935/2935/2935 2922/2922/2922 2921/2921/2921
f 2921/2921/2921 2934/2934/2934 2935/2935/2935
f 2937/2937/2937 2923/2923/2923 2922/2922/2922
f 2922/2922/2922 2935/2935/2935 2937/2937/2937
f 2938/2938/2938 2925/2925/2925 2924/2924/2924
f 2924/2924/2924 2936/2936/2936 2938/2938/2938
f 2939/2939/2939 2926/2926/2926 2925/2925/2925
f 2925/2925/2925 2938/2938/2938 2939/2939/2939
f 2940/2940/2940 2927/2927/2927 2926/2926/2926
f 2926/2926/2926 2939/2939/2939 2940/2940/2940
f 2941/2941/2941 2928/2928/2928 2927/2927/2927
f 2927/2927/2927 2940/2940/2940 2941/2941/2941
f 2942/2942/2942 2929/2929/2929 2928/2928/2928
f 2928/2928/2928 2941/2941/2941 2942/2942/2942
f 2930/2930/2930 2917/2917/2917 2929/2929/2929
f 2929/2929/2929 2942/2942/2942 2930/2930/2930
f 2944/2944/2944 2931/2931/2931 2930/2930/2930
f 2930/2930/2930 2943/2943/2943 2944/2944/2944
f 2945/2945/2945 2932/2932/2932 2931/2931/2931
f 2931/2931/2931 2944/2944/2944 2945/2945/2945
f 2946/2946/2946 2933/2933/2933 2932/2932/2932
f 2932/2932/2932 2945/2945/2945 2946/2946/2946
f 2947/2947/2947 2934/2934/2934 2933/2933/2933
f 2933/2933/2933 2946/2946/2946 2947/2947/2947
f 2948/2948/2948 2935/2935/2935 2934/2934/2934
f 2934/2934/2934 2947/2947/2947 2948/2948/2948
f 2950/2950/2950 2937/2937/2937 2935/2935/2935
f 2935/2935/2935 2948/2948/2948 2950/2950/2950
f 2951/2951/2951 2938/2938/2938 2936/2936/2936
f 2936/2936/2936 2949/2949/2949 2951/2951/2951
f 2952/2952/2952 2939/2939/2939 2938/2938/2938
f 2938/2938/2938 2951/2951/2951 2952/2952/2952
f 2953/2953/2953 2940/2940/2940 2939/2939/2939
f 2939/2939/2939 2952/2952/2952 2953/2953/2953
f 2954/2954/2954 2941/2941/2941 2940/2940/2940
f 2940/2940/2940 2953/2953/2953 2954/2954/2954
f 2955/2955/2955 2942/2942/2942 2941/2941/2941
f 2941/2941/2941 2954/2954/2954 2955/2955/2955
f 2943/2943/2943 2930/2930/2930 2942/2942/2942
f 2942/2942/2942 2955/2955/2955 2943/2943/2943
f 2959/2959/2959 2944/2944/2944 2943/2943/2943
f 2943/2943/2943 2956/2956/2956 2959/2959/2959
f 2960/2960/2960 2945/2945/2945 2944/2944/2944
f 2944/2944/2944 2959/2959/2959 2960/2960/2960
f 2963/2963/2963 2946/2946/2946 2945/2945/2945
f 2945/2945/2945 2960/2960/2960 2963/2963/2963
f 2965/2965/2965 2947/2947/2947 2946/2946/2946
f 2946/2946/2946 2963/2963/2963 2965/2965/2965
f 2967/2967/2967 2948/2948/2948 2947/2947/2947
f 2947/2947/2947 2965/2965/2965 2967/2967/2967
f 2970/2970/2970 2950/2950/2950 2948/2948/2948
f 2948/2948/2948 2967/2967/2967 2970/2970/2970
f 2972/2972/2972 2951/2951/2951 2949/2949/2949
f 2949/2949/2949 2969/2969/2969 2972/2972/2972
f 2975/2975/2975 2952/2952/2952 2951/2951/2951
f 2951/2951/2951 2972/2972/2972 2975/2975/2975
f 2977/2977/2977 2953/2953/2953 2952/2952/2952
f 2952/2952/2952 2975/2975/2975 2977/2977/2977
f 2978/2978/2978 2954/2954/2954 2953/2953/2953
f 2953/2953/2953 2977/2977/2977 2978/2978/2978
f 2981/2981/2981 2955/2955/2955 2954/2954/2954
f 2954/2954/2954 2978/2978/2978 2981/2981/2981
f 2956/2956/2956 2943/2943/2943 2955/2955/2955
f 2955/2955/2955 2981/2981/2981 2956/2956/2956
f 2983/2983/2983 2958/2958/2958 2957/2957/2957
f 2957/2957/2957 2982/2982/2982 2983/2983/2983
f 2984/2984/2984 2961/2961/2961 2958/2958/2958
f 2958/2958/2958 2983/2983/2983 2984/2984/2984
f 2985/2985/2985 2962/2962/2962 2961/2961/2961
f 2961/2961/2961 2984/2984/2984 2985/2985/2985
f 2986/2986/2986 2964/2964/2964 2962/2962/2962
f 2962/2962/2962 2985/2985/2985 2986/2986/2986
f 2987/2987/2987 2966/2966/2966 2964/2964/2964
f 2964/2964/2964 2986/2986/2986 2987/2987/2987
f 2989/2989/2989 2968/2968/2968 2966/2966/2966
f 2966/2966/2966 2987/2987/2987 2989/2989/2989
f 2990/2990/2990 2973/2973/2973 2971/2971/2971
f 2971/2971/2971 2988/2988/2988 2990/2990/2990
f 2991/2991/2991 2974/2974/2974 2973/2973/2973
f 2973/2973/2973 2990/2990/2990 2991/2991/2991
f 2992/2992/2992 2976/2976/2976 2974/2974/2974
f 2974/2974/2974 2991/2991/2991 2992/2992/2992
f 2993/2993/2993 2979/2979/2979 2976/2976/2976
f 2976/2976/2976 2992/2992/2992 2993/2993/2993
f 2994/2994/2994 2980/2980/2980 2979/2979/2979
f 2979/2979/2979 2993/2993/2993 2994/2994/2994
f 2982/2982/2982 2957/2957/2957 2980/2980/2980
f 2980/2980/2980 2994/2994/2994 2982/2982/2982
f 2996/2996/2996 2983/2983/2983 2982/2982/2982
f 2982/2982/2982 2995/2995/2995 2996/2996/2996
f 2997/2997/2997 2984/2984/2984 2983/2983/2983
f 2983/2983/2983 2996/2996/2996 2997/2997/2997
f 2998/2998/2998 2985/2985/2985 2984/2984/2984
f 2984/2984/2984 2997/2997/2997 2998/2998/2998
f 2999/2999/2999 2986/2986/2986 2985/2985/2985
f 2985/2985/2985 2998/2998/2998 2999/2999/2999
f 3000/3000/3000 2987/2987/2987 2986/2986/2986
f 2986/2986/2986 2999/2999/2999 3000/3000/3000
f 3002/3002/3002 2989/2989/2989 2987/2987/2987
f 2987/2987/2987 3000/3000/3000 3002/3002/3002
f 3003/3003/3003 2990/2990/2990 2988/2988/2988
f 2988/2988/2988 3001/3001/3001 3003/3003/3003
f 3004/3004/3004 2991/2991/2991 2990/2990/2990
f 2990/2990/2990 3003/3003/3003 3004/3004/3004
f 3005/3005/3005 2992/2992/2992 2991/2991/2991
f 2991/2991/2991 3004/3004/3004 3005/3005/3005
f 3006/3006/3006 2993/2993/2993 2992/2992/2992
f 2992/2992/2992 3005/3005/3005 3006/3006/3006
f 3007/3007/3007 2994/2994/2994 2993/2993/2993
f 2993/2993/2993 3006/3006/3006 3007/3007/3007
f 2995/2995/2995 2982/2982/2982 2994/2994/2994
f 2994/2994/2994 3007/3007/3007 2995/2995/2995
f 3009/3009/3009 2996/2996/2996 2995/2995/2995
f 2995/2995/2995 3008/3008/3008 3009/3009/3009
f 3010/3010/3010 2997/2997/2997 2996/2996/2996
f 2996/2996/2996 3009/3009/3009 3010/3010/3010
f 3011/3011/3011 2998/2998/2998 2997/2997/2997
f 2997/2997/2997 3010/3010/3010 3011/3011/3011
f 3012/3012/3012 2999/2999/2999 2998/2998/2998
f 2998/2998/2998 3011/3011/3011 3012/3012/3012
f 3013/3013/3013 3000/3000/3000 2999/2999/2999
f 2999/2999/2999 3012/3012/3012 3013/3013/3013
f 3015/3015/3015 3002/3002/3002 3000/3000/3000
f 3000/3000/3000 3013/3013/3013 3015/3015/3015
f 3016/3016/3016 3003/3003/3003 3001/3001/3001
f 3001/3001/3001 3014/3014/3014 3016/3016/3016
f 3017/3017/3017 3004/3004/3004 3003/3003/3003
f 3003/3003/3003 3016/3016/3016 3017/3017/3017
f 3018/3018/3018 3005/3005/3005 3004/3004/3004
f 3004/3004/3004 3017/3017/3017 3018/3018/3018
f 3019/3019/3019 3006/3006/3006 3005/3005/3005
f 3005/3005/3005 3018/3018/3018 3019/3019/3019
f 3020/3020/3020 3007/3007/3007 3006/3006/3006
f 3006/3006/3006 3019/3019/3019 3020/3020/3020
f 3008/3008/3008 2995/2995/2995 3007/3007/3007
f 3007/3007/3007 3020/3020/3020 3008/3008/3008
f 3022/3022/3022 3009/3009/3009 3008/3008/3008
f 3008/3008/3008 3021/3021/3021 3022/3022/3022
f 3023/3023/3023 3010/3010/3010 3009/3009/3009
f 3009/3009/3009 3022/3022/3022 3023/3023/3023
f 3024/3024/3024 3011/3011/3011 3010/3010/3010
f 3010/3010/3010 3023/3023/3023 3024/3024/3024
f 3025/3025/3025 3012/3012/3012 3011/3011/3011
f 3011/3011/3011 3024/3024/3024 3025/3025/3025
f 3026/3026/3026 3013/3013/3013 3012/3012/3012
f 3012/3012/3012 3025/3025/3025 3026/3026/3026
f 3027/3027/3027 3015/3015/3015 3013/3013/3013
f 3013/3013/3013 3026/3026/3026 3027/3027/3027
f 3029/3029/3029 3016/3016/3016 3014/3014/3014
f 3014/3014/3014 3028/3028/3028 3029/3029/3029
f 3030/3030/3030 3017/3017/3017 3016/3016/3016
f 3016/3016/3016 3029/3029/3029 3030/3030/3030
f 3031/3031/3031 3018/3018/3018 3017/3017/3017
f 3017/3017/3017 3030/3030/3030 3031/3031/3031
f 3032/3032/3032 3019/3019/3019 3018/3018/3018
f 3018/3018/3018 3031/3031/3031 3032/3032/3032
f 3033/3033/3033 3020/3020/3020 3019/3019/3019
f 3019/3019/3019 3032/3032/3032 3033/3033/3033
f 3021/3021/3021 3008/3008/3008 3020/3020/3020
f 3020/3020/3020 3033/3033/3033 3021/3021/3021
f 3035/3035/3035 3022/3022/3022 3021/3021/3021
f 3021/3021/3021 3034/3034/3034 3035/3035/3035
f 3036/3036/3036 3023/3023/3023 3022/3022/3022
f 3022/3022/3022 3035/3035/3035 3036/3036/3036
f 3037/3037/3037 3024/3024/3024 3023/3023/3023
f 3023/3023/3023 3036/3036/3036 3037/3037/3037
f 3038/3038/3038 3025/3025/3025 3024/3024/3024
f 3024/3024/3024 3037/3037/3037 3038/3038/3038
f 3039/3039/3039 3026/3026/3026 3025/3025/3025
f 3025/3025/3025 3038/3038/3038 3039/3039/3039
f 3041/3041/3041 3027/3027/3027 3026/3026/3026
f 3026/3026/3026 3039/3039/3039 3041/3041/3041
f 3042/3042/3042 3029/3029/3029 3028/3028/3028
f 3028/3028/3028 3040/3040/3040 3042/3042/3042
f 3043/3043/3043 3030/3030/3030 3029/3029/3029
f 3029/3029/3029 3042/3042/3042 3043/3043/3043
f 3044/3044/3044 3031/3031/3031 3030/3030/3030
f 3030/3030/3030 3043/3043/3043 3044/3044/3044
f 3045/3045/3045 3032/3032/3032 3031/3031/3031
f 3031/3031/3031 3044/3044/3044 3045/3045/3045
f 3046/3046/3046 3033/3033/3033 3032/3032/3032
f 3032/3032/3032 3045/3045/3045 3046/3046/3046
f 3034/3034/3034 3021/3021/3021 3033/3033/3033
f 3033/3033/3033 3046/3046/3046 3034/3034/3034
f 3048/3048/3048 3035/3035/3035 3034/3034/3034
f 3034/3034/3034 3047/3047/3047 3048/3048/3048
f 3049/3049/3049 3036/3036/3036 3035/3035/3035
f 3035/3035/3035 3048/3048/3048 3049/3049/3049
f 3050/3050/3050 3037/3037/3037 3036/3036/3036
f 3036/3036/3036 3049/3049/3049 3050/3050/3050
f 3051/3051/3051 3038/3038/3038 3037/3037/3037
f 3037/3037/3037 3050/3050/3050 3051/3051/3051
f 3052/3052/3052 3039/3039/3039 3038/3038/3038
f 3038/3038/3038 3051/3051/3051 3052/3052/3052
f 3054/3054/3054 3041/3041/3041 3039/3039/3039
f 3039/3039/3039 3052/3052/3052 3054/3054/3054
f 3055/3055/3055 3042/3042/3042 3040/3040/3040
f 3040/3040/3040 3053/3053/3053 3055/3055/3055
f 3056/3056/3056 3043/3043/3043 3042/3042/3042
f 3042/3042/3042 3055/3055/3055 3056/3056/3056
f 3057/3057/3057 3044/3044/3044 3043/3043/3043
f 3043/3043/3043 3056/3056/3056 3057/3057/3057
f 3058/3058/3058 3045/3045/3045 3044/3044/3044
f 3044/3044/3044 3057/3057/3057 3058/3058/3058
f 3059/3059/3059 3046/3046/3046 3045/3045/3045
f 3045/3045/3045 3058/3058/3058 3059/3059/3059
f 3047/3047/3047 3034/3034/3034 3046/3046/3046
f 3046/3046/3046 3059/3059/3059 3047/3047/3047
f 2671/2671/2671 3048/3048/3048 3047/3047/3047
f 3047/3047/3047 2670/2670/2670 2671/2671/2671
f 2672/2672/2672 3049/3049/3049 3048/3048/3048
f 3048/3048/3048 2671/2671/2671 2672/2672/2672
f 2673/2673/2673 3050/3050/3050 3049/3049/3049
f 3049/3049/3049 2672/2672/2672 2673/2673/2673
f 2674/2674/2674 3051/3051/3051 3050/3050/3050
f 3050/3050/3050 2673/2673/2673 2674/2674/2674
f 2675/2675/2675 3052/3052/3052 3051/3051/3051
f 3051/3051/3051 2674/2674/2674 2675/2675/2675
f 2677/2677/2677 3054/3054/3054 3052/3052/3052
f 3052/3052/3052 2675/2675/2675 2677/2677/2677
f 2678/2678/2678 3055/3055/3055 3053/3053/3053
f 3053/3053/3053 2676/2676/2676 2678/2678/2678
f 2679/2679/2679 3056/3056/3056 3055/3055/3055
f 3055/3055/3055 2678/2678/2678 2679/2679/2679
f 2680/2680/2680 3057/3057/3057 3056/3056/3056
f 3056/3056/3056 2679/2679/2679 2680/2680/2680
f 2681/2681/2681 3058/3058/3058 3057/3057/3057
f 3057/3057/3057 2680/2680/2680 2681/2681/2681
f 2682/2682/2682 3059/3059/3059 3058/3058/3058
f 3058/3058/3058 2681/2681/2681 2682/2682/2682
f 2670/2670/2670 3047/3047/3047 3059/3059/3059
f 3059/3059/3059 2682/2682/2682 2670/2670/2670
f 3074/3074/3074 3061/3061/3061 3060/3060/3060
f 3060/3060/3060 3073/3073/3073 3074/3074/3074
f 3075/3075/3075 3062/3062/3062 3061/3061/3061
f 3061/3061/3061 3074/3074/3074 3075/3075/3075
f 3076/3076/3076 3063/3063/3063 3062/3062/3062
f 3062/3062/3062 3075/3075/3075 3076/3076/3076
f 3077/3077/3077 3064/3064/3064 3063/3063/3063
f 3063/3063/3063 3076/3076/3076 3077/3077/3077
f 3079/3079/3079 3066/3066/3066 3064/3064/3064
f 3064/3064/3064 3077/3077/3077 3079/3079/3079
f 3080/3080/3080 3067/3067/3067 3065/3065/3065
f 3065/3065/3065 3078/3078/3078 3080/3080/3080
f 3081/3081/3081 3068/3068/3068 3067/3067/3067
f 3067/3067/3067 3080/3080/3080 3081/3081/3081
f 3082/3082/3082 3069/3069/3069 3068/3068/3068
f 3068/3068/3068 3081/3081/3081 3082/3082/3082
f 3083/3083/3083 3070/3070/3070 3069/3069/3069
f 3069/3069/3069 3082/3082/3082 3083/3083/3083
f 3084/3084/3084 3071/3071/3071 3070/3070/3070
f 3070/3070/3070 3083/3083/3083 3084/3084/3084
f 3085/3085/3085 3072/3072/3072 3071/3071/3071
f 3071/3071/3071 3084/3084/3084 3085/3085/3085
f 3073/3073/3073 3060/3060/3060 3072/3072/3072
f 3072/3072/3072 3085/3085/3085 3073/3073/3073
f 3087/3087/3087 3074/3074/3074 3073/3073/3073
f 3073/3073/3073 3086/3086/3086 3087/3087/3087
f 3088/3088/3088 3075/3075/3075 3074/3074/3074
f 3074/3074/3074 3087/3087/3087 3088/3088/3088
f 3089/3089/3089 3076/3076/3076 3075/3075/3075
f 3075/3075/3075 3088/3088/3088 3089/3089/3089
f 3090/3090/3090 3077/3077/3077 3076/3076/3076
f 3076/3076/3076 3089/3089/3089 3090/3090/3090
f 3092/3092/3092 3079/3079/3079 3077/3077/3077
f 3077/3077/3077 3090/3090/3090 3092/3092/3092
f 3093/3093/3093 3080/3080/3080 3078/3078/3078
f 3078/3078/3078 3091/3091/3091 3093/3093/3093
f 3094/3094/3094 3081/3081/3081 3080/3080/3080
f 3080/3080/3080 3093/3093/3093 3094/3094/3094
f 3095/3095/3095 3082/3082/3082 3081/3081/3081
f 3081/3081/3081 3094/3094/3094 3095/3095/3095
f 3096/3096/3096 3083/3083/3083 3082/3082/3082
f 3082/3082/3082 3095/3095/3095 3096/3096/3096
f 3097/3097/3097 3084/3084/3084 3083/3083/3083
f 3083/3083/3083 3096/3096/3096 3097/3097/3097
f 3098/3098/3098 3085/3085/3085 3084/3084/3084
f 3084/3084/3084 3097/3097/3097 3098/3098/3098
f 3086/3086/3086 3073/3073/3073 3085/3085/3085
f 3085/3085/3085 3098/3098/3098 3086/3086/3086
f 3100/3100/3100 3087/3087/3087 3086/3086/3086
f 3086/3086/3086 3099/3099/3099 3100/3100/3100
f 3101/3101/3101 3088/3088/3088 3087/3087/3087
f 3087/3087/3087 3100/3100/3100 3101/3101/3101
f 3102/3102/3102 3089/3089/3089 3088/3088/3088
f 3088/3088/3088 3101/3101/3101 3102/3102/3102
f 3103/3103/3103 3090/3090/3090 3089/3089/3089
f 3089/3089/3089 3102/3102/3102 3103/3103/3103
f 3104/3104/3104 3092/3092/3092 3090/3090/3090
f 3090/3090/3090 3103/3103/3103 3104/3104/3104
f 3106/3106/3106 3093/3093/3093 3091/3091/3091
f 3091/3091/3091 3105/3105/3105 3106/3106/3106
f 3107/3107/3107 3094/3094/3094 3093/3093/3093
f 3093/3093/3093 3106/3106/3106 3107/3107/3107
f 3108/3108/3108 3095/3095/3095 3094/3094/3094
f 3094/3094/3094 3107/3107/3107 3108/3108/3108
f 3109/3109/3109 3096/3096/3096 3095/3095/3095
f 3095/3095/3095 3108/3108/3108 3109/3109/3109
f 3110/3110/3110 3097/3097/3097 3096/3096/3096
f 3096/3096/3096 3109/3109/3109 3110/3110/3110
f 3111/3111/3111 3098/3098/3098 3097/3097/3097
f 3097/3097/3097 3110/3110/3110 3111/3111/3111
f 3099/3099/3099 3086/3086/3086 3098/3098/3098
f 3098/3098/3098 3111/3111/3111 3099/3099/3099
f 3113/3113/3113 3100/3100/3100 3099/3099/3099
f 3099/3099/3099 3112/3112/3112 3113/3113/3113
f 3114/3114/3114 3101/3101/3101 3100/3100/3100
f 3100/3100/3100 3113/3113/3113 3114/3114/3114
f 3115/3115/3115 3102/3102/3102 3101/3101/3101
f 3101/3101/3101 3114/3114/3114 3115/3115/3115
f 3116/3116/3116 3103/3103/3103 3102/3102/3102
f 3102/3102/3102 3115/3115/3115 3116/3116/3116
f 3117/3117/3117 3104/3104/3104 3103/3103/3103
f 3103/3103/3103 3116/3116/3116 3117/3117/3117
f 3119/3119/3119 3106/3106/3106 3105/3105/3105
f 3105/3105/3105 3118/3118/3118 3119/3119/3119
f 3120/3120/3120 3107/3107/3107 3106/3106/3106
f 3106/3106/3106 3119/3119/3119 3120/3120/3120
f 3121/3121/3121 3108/3108/3108 3107/3107/3107
f 3107/3107/3107 3120/3120/3120 3121/3121/3121
f 3122/3122/3122 3109/3109/3109 3108/3108/3108
f 3108/3108/3108 3121/3121/3121 3122/3122/3122
f 3123/3123/3123 3110/3110/3110 3109/3109/3109
f 3109/3109/3109 3122/3122/3122 3123/3123/3123
f 3124/3124/3124 3111/3111/3111 3110/3110/3110
f 3110/3110/3110 3123/3123/3123 3124/3124/3124
f 3112/3112/3112 3099/3099/3099 3111/3111/3111
f 3111/3111/3111 3124/3124/3124 3112/3112/3112
f 3126/3126/3126 3113/3113/3113 3112/3112/3112
f 3112/3112/3112 3125/3125/3125 3126/3126/3126
f 3127/3127/3127 3114/3114/3114 3113/3113/3113
f 3113/3113/3113 3126/3126/3126 3127/3127/3127
f 3128/3128/3128 3115/3115/3115 3114/3114/3114
f 3114/3114/3114 3127/3127/3127 3128/3128/3128
f 3129/3129/3129 3116/3116/3116 3115/3115/3115
f 3115/3115/3115 3128/3128/3128 3129/3129/3129
f 3131/3131/3131 3117/3117/3117 3116/3116/3116
f 3116/3116/3116 3129/3129/3129 3131/3131/3131
f 3132/3132/3132 3119/3119/3119 3118/3118/3118
f 3118/3118/3118 3130/3130/3130 3132/3132/3132
f 3133/3133/3133 3120/3120/3120 3119/3119/3119
f 3119/3119/3119 3132/3132/3132 3133/3133/3133
f 3134/3134/3134 3121/3121/3121 3120/3120/3120
f 3120/3120/3120 3133/3133/3133 3134/3134/3134
f 3135/3135/3135 3122/3122/3122 3121/3121/3121
f 3121/3121/3121 3134/3134/3134 3135/3135/3135
f 3136/3136/3136 3123/3123/3123 3122/3122/3122
f 3122/3122/3122 3135/3135/3135 3136/3136/3136
f 3137/3137/3137 3124/3124/3124 3123/3123/3123
f 3123/3123/3123 3136/3136/3136 3137/3137/3137
f 3125/3125/3125 3112/3112/3112 3124/3124/3124
f 3124/3124/3124 3137/3137/3137 3125/3125/3125
f 3139/3139/3139 3126/3126/3126 3125/3125/3125
f 3125/3125/3125 3138/3138/3138 3139/3139/3139
f 3140/3140/3140 3127/3127/3127 3126/3126/3126
f 3126/3126/3126 3139/3139/3139 3140/3140/3140
f 3141/3141/3141 3128/3128/3128 3127/3127/3127
f 3127/3127/3127 3140/3140/3140 3141/3141/3141
f 3142/3142/3142 3129/3129/3129 3128/3128/3128
f 3128/3128/3128 3141/3141/3141 3142/3142/3142
f 3144/3144/3144 3131/3131/3131 3129/3129/3129
f 3129/3129/3129 3142/3142/3142 3144/3144/3144
f 3145/3145/3145 3132/3132/3132 3130/3130/3130
f 3130/3130/3130 3143/3143/3143 3145/3145/3145
f 3146/3146/3146 3133/3133/3133 3132/3132/3132
f 3132/3132/3132 3145/3145/3145 3146/3146/3146
f 3147/3147/3147 3134/3134/3134 3133/3133/3133
f 3133/3133/3133 3146/3146/3146 3147/3147/3147
f 3148/3148/3148 3135/3135/3135 3134/3134/3134
f 3134/3134/3134 3147/3147/3147 3148/3148/3148
f 3149/3149/3149 3136/3136/3136 3135/3135/3135
f 3135/3135/3135 3148/3148/3148 3149/3149/3149
f 3150/3150/3150 3137/3137/3137 3136/3136/3136
f 3136/3136/3136 3149/3149/3149 3150/3150/3150
f 3138/3138/3138 3125/3125/3125 3137/3137/3137
f 3137/3137/3137 3150/3150/3150 3138/3138/3138
f 3152/3152/3152 3139/3139/3139 3138/3138/3138
f 3138/3138/3138 3151/3151/3151 3152/3152/3152
f 3153/3153/3153 3140/3140/3140 3139/3139/3139
f 3139/3139/3139 3152/3152/3152 3153/3153/3153
f 3154/3154/3154 3141/3141/3141 3140/3140/3140
f 3140/3140/3140 3153/3153/3153 3154/3154/3154
f 3155/3155/3155 3142/3142/3142 3141/3141/3141
f 3141/3141/3141 3154/3154/3154 3155/3155/3155
f 3157/3157/3157 3144/3144/3144 3142/3142/3142
f 3142/3142/3142 3155/3155/3155 3157/3157/3157
f 3158/3158/3158 3145/3145/3145 3143/3143/3143
f 3143/3143/3143 3156/3156/3156 3158/3158/3158
f 3159/3159/3159 3146/3146/3146 3145/3145/3145
f 3145/3145/3145 3158/3158/3158 3159/3159/3159
f 3160/3160/3160 3147/3147/3147 3146/3146/3146
f 3146/3146/3146 3159/3159/3159 3160/3160/3160
f 3161/3161/3161 3148/3148/3148 3147/3147/3147
f 3147/3147/3147 3160/3160/3160 3161/3161/3161
f 3162/3162/3162 3149/3149/3149 3148/3148/3148
f 3148/3148/3148 3161/3161/3161 3162/3162/3162
f 3163/3163/3163 3150/3150/3150 3149/3149/3149
f 3149/3149/3149 3162/3162/3162 3163/3163/3163
f 3151/3151/3151 3138/3138/3138 3150/3150/3150
f 3150/3150/3150 3163/3163/3163 3151/3151/3151
f 3166/3166/3166 3152/3152/3152 3151/3151/3151
f 3151/3151/3151 3164/3164/3164 3166/3166/3166
f 3168/3168/3168 3153/3153/3153 3152/3152/3152
f 3152/3152/3152 3166/3166/3166 3168/3168/3168
f 3171/3171/3171 3154/3154/3154 3153/3153/3153
f 3153/3153/3153 3168/3168/3168 3171/3171/3171
f 3173/3173/3173 3155/3155/3155 3154/3154/3154
f 3154/3154/3154 3171/3171/3171 3173/3173/3173
f 3176/3176/3176 3157/3157/3157 3155/3155/3155
f 3155/3155/3155 3173/3173/3173 3176/3176/3176
f 3178/3178/3178 3158/3158/3158 3156/3156/3156
f 3156/3156/3156 3175/3175/3175 3178/3178/3178
f 3180/3180/3180 3159/3159/3159 3158/3158/3158
f 3158/3158/3158 3178/3178/3178 3180/3180/3180
f 3182/3182/3182 3160/3160/3160 3159/3159/3159
f 3159/3159/3159 3180/3180/3180 3182/3182/3182
f 3185/3185/3185 3161/3161/3161 3160/3160/3160
f 3160/3160/3160 3182/3182/3182 3185/3185/3185
f 3187/3187/3187 3162/3162/3162 3161/3161/3161
f 3161/3161/3161 3185/3185/3185 3187/3187/3187
f 3188/3188/3188 3163/3163/3163 3162/3162/3162
f 3162/3162/3162 3187/3187/3187 3188/3188/3188
f 3164/3164/3164 3151/3151/3151 3163/3163/3163
f 3163/3163/3163 3188/3188/3188 3164/3164/3164
f 3191/3191/3191 3167/3167/3167 3165/3165/3165
f 3165/3165/3165 3190/3190/3190 3191/3191/3191
f 3192/3192/3192 3169/3169/3169 3167/3167/3167
f 3167/3167/3167 3191/3191/3191 3192/3192/3192
f 3193/3193/3193 3170/3170/3170 3169/3169/3169
f 3169/3169/3169 3192/3192/3192 3193/3193/3193
f 3194/3194/3194 3172/3172/3172 3170/3170/3170
f 3170/3170/3170 3193/3193/3193 3194/3194/3194
f 3195/3195/3195 3177/3177/3177 3172/3172/3172
f 3172/3172/3172 3194/3194/3194 3195/3195/3195
f 3197/3197/3197 3179/3179/3179 3174/3174/3174
f 3174/3174/3174 3196/3196/3196 3197/3197/3197
f 3198/3198/3198 3181/3181/3181 3179/3179/3179
f 3179/3179/3179 3197/3197/3197 3198/3198/3198
f 3199/3199/3199 3183/3183/3183 3181/3181/3181
f 3181/3181/3181 3198/3198/3198 3199/3199/3199
f 3200/3200/3200 3184/3184/3184 3183/3183/3183
f 3183/3183/3183 3199/3199/3199 3200/3200/3200
f 3201/3201/3201 3186/3186/3186 3184/3184/3184
f 3184/3184/3184 3200/3200/3200 3201/3201/3201
f 3202/3202/3202 3189/3189/3189 3186/3186/3186
f 3186/3186/3186 3201/3201/3201 3202/3202/3202
f 3190/3190/3190 3165/3165/3165 3189/3189/3189
f 3189/3189/3189 3202/3202/3202 3190/3190/3190
f 3204/3204/3204 3191/3191/3191 3190/3190/3190
f 3190/3190/3190 3203/3203/3203 3204/3204/3204
f 3205/3205/3205 3192/3192/3192 3191/3191/3191
f 3191/3191/3191 3204/3204/3204 3205/3205/3205
f 3206/3206/3206 3193/3193/3193 3192/3192/3192
f 3192/3192/3192 3205/3205/3205 3206/3206/3206
f 3207/3207/3207 3194/3194/3194 3193/3193/3193
f 3193/3193/3193 3206/3206/3206 3207/3207/3207
f 3208/3208/3208 3195/3195/3195 3194/3194/3194
f 3194/3194/3194 3207/3207/3207 3208/3208/3208
f 3210/3210/3210 3197/3197/3197 3196/3196/3196
f 3196/3196/3196 3209/3209/3209 3210/3210/3210
f 3211/3211/3211 3198/3198/3198 3197/3197/3197
f 3197/3197/3197 3210/3210/3210 3211/3211/3211
f 3212/3212/3212 3199/3199/3199 3198/3198/3198
f 3198/3198/3198 3211/3211/3211 3212/3212/3212
f 3213/3213/3213 3200/3200/3200 3199/3199/3199
f 3199/3199/3199 3212/3212/3212 3213/3213/3213
f 3214/3214/3214 3201/3201/3201 3200/3200/3200
f 3200/3200/3200 3213/3213/3213 3214/3214/3214
f 3215/3215/3215 3202/3202/3202 3201/3201/3201
f 3201/3201/3201 3214/3214/3214 3215/3215/3215
f 3203/3203/3203 3190/3190/3190 3202/3202/3202
f 3202/3202/3202 3215/3215/3215 3203/3203/3203
f 3217/3217/3217 3204/3204/3204 3203/3203/3203
f 3203/3203/3203 3216/3216/3216 3217/3217/3217
f 3218/3218/3218 3205/3205/3205 3204/3204/3204
f 3204/3204/3204 3217/3217/3217 3218/3218/3218
f 3219/3219/3219 3206/3206/3206 3205/3205/3205
f 3205/3205/3205 3218/3218/3218 3219/3219/3219
f 3220/3220/3220 3207/3207/3207 3206/3206/3206
f 3206/3206/3206 3219/3219/3219 3220/3220/3220
f 3221/3221/3221 3208/3208/3208 3207/3207/3207
f 3207/3207/3207 3220/3220/3220 3221/3221/3221
f 3223/3223/3223 3210/3210/3210 3209/3209/3209
f 3209/3209/3209 3222/3222/3222 3223/3223/3223
f 3224/3224/3224 3211/3211/3211 3210/3210/3210
f 3210/3210/3210 3223/3223/3223 3224/3224/3224
f 3225/3225/3225 3212/3212/3212 3211/3211/3211
f 3211/3211/3211 3224/3224/3224 3225/3225/3225
f 3226/3226/3226 3213/3213/3213 3212/3212/3212
f 3212/3212/3212 3225/3225/3225 3226/3226/3226
f 3227/3227/3227 3214/3214/3214 3213/3213/3213
f 3213/3213/3213 3226/3226/3226 3227/3227/3227
f 3228/3228/3228 3215/3215/3215 3214/3214/3214
f 3214/3214/3214 3227/3227/3227 3228/3228/3228
f 3216/3216/3216 3203/3203/3203 3215/3215/3215
f 3215/3215/3215 3228/3228/3228 3216/3216/3216
f 3230/3230/3230 3217/3217/3217 3216/3216/3216
f 3216/3216/3216 3229/3229/3229 3230/3230/3230
f 3231/3231/3231 3218/3218/3218 3217/3217/3217
f 3217/3217/3217 3230/3230/3230 3231/3231/3231
f 3232/3232/3232 3219/3219/3219 3218/3218/3218
f 3218/3218/3218 3231/3231/3231 3232/3232/3232
f 3233/3233/3233 3220/3220/3220 3219/3219/3219
f 3219/3219/3219 3232/3232/3232 3233/3233/3233
f 3235/3235/3235 3221/3221/3221 3220/3220/3220
f 3220/3220/3220 3233/3233/3233 3235/3235/3235
f 3236/3236/3236 3223/3223/3223 3222/3222/3222
f 3222/3222/3222 3234/3234/3234 3236/3236/3236
f 3237/3237/3237 3224/3224/3224 3223/3223/3223
f 3223/3223/3223 3236/3236/3236 3237/3237/3237
f 3238/3238/3238 3225/3225/3225 3224/3224/3224
f 3224/3224/3224 3237/3237/3237 3238/3238/3238
f 3239/3239/3239 3226/3226/3226 3225/3225/3225
f 3225/3225/3225 3238/3238/3238 3239/3239/3239
f 3240/3240/3240 3227/3227/3227 3226/3226/3226
f 3226/3226/3226 3239/3239/3239 3240/3240/3240
f 3241/3241/3241 3228/3228/3228 3227/3227/3227
f 3227/3227/3227 3240/3240/3240 3241/3241/3241
f 3229/3229/3229 3216/3216/3216 3228/3228/3228
f 3228/3228/3228 3241/3241/3241 3229/3229/3229
f 3243/3243/3243 3230/3230/3230 3229/3229/3229
f 3229/3229/3229 3242/3242/3242 3243/3243/3243
f 3244/3244/3244 3231/3231/3231 3230/3230/3230
f 3230/3230/3230 3243/3243/3243 3244/3244/3244
f 3245/3245/3245 3232/3232/3232 3231/3231/3231
f 3231/3231/3231 3244/3244/3244 3245/3245/3245
f 3246/3246/3246 3233/3233/3233 3232/3232/3232
f 3232/3232/3232 3245/3245/3245 3246/3246/3246
f 3248/3248/3248 3235/3235/3235 3233/3233/3233
f 3233/3233/3233 3246/3246/3246 3248/3248/3248
f 3249/3249/3249 3236/3236/3236 3234/3234/3234
f 3234/3234/3234 3247/3247/3247 3249/3249/3249
f 3250/3250/3250 3237/3237/3237 3236/3236/3236
f 3236/3236/3236 3249/3249/3249 3250/3250/3250
f 3251/3251/3251 3238/3238/3238 3237/3237/3237
f 3237/3237/3237 3250/3250/3250 3251/3251/3251
f 3252/3252/3252 3239/3239/3239 3238/3238/3238
f 3238/3238/3238 3251/3251/3251 3252/3252/3252
f 3253/3253/3253 3240/3240/3240 3239/3239/3239
f 3239/3239/3239 3252/3252/3252 3253/3253/3253
f 3254/3254/3254 3241/3241/3241 3240/3240/3240
f 3240/3240/3240 3253/3253/3253 3254/3254/3254
f 3242/3242/3242 3229/3229/3229 3241/3241/3241
f 3241/3241/3241 3254/3254/3254 3242/3242/3242
f 3256/3256/3256 3243/3243/3243 3242/3242/3242
f 3242/3242/3242 3255/3255/3255 3256/3256/3256
f 3257/3257/3257 3244/3244/3244 3243/3243/3243
f 3243/3243/3243 3256/3256/3256 3257/3257/3257
f 3258/3258/3258 3245/3245/3245 3244/3244/3244
f 3244/3244/3244 3257/3257/3257 3258/3258/3258
f 3259/3259/3259 3246/3246/3246 3245/3245/3245
f 3245/3245/3245 3258/3258/3258 3259/3259/3259
f 3260/3260/3260 3248/3248/3248 3246/3246/3246
f 3246/3246/3246 3259/3259/3259 3260/3260/3260
f 3262/3262/3262 3249/3249/3249 3247/3247/3247
f 3247/3247/3247 3261/3261/3261 3262/3262/3262
f 3263/3263/3263 3250/3250/3250 3249/3249/3249
f 3249/3249/3249 3262/3262/3262 3263/3263/3263
f 3264/3264/3264 3251/3251/3251 3250/3250/3250
f 3250/3250/3250 3263/3263/3263 3264/3264/3264
f 3265/3265/3265 3252/3252/3252 3251/3251/3251
f 3251/3251/3251 3264/3264/3264 3265/3265/3265
f 3266/3266/3266 3253/3253/3253 3252/3252/3252
f 3252/3252/3252 3265/3265/3265 3266/3266/3266
f 3267/3267/3267 3254/3254/3254 3253/3253/3253
f 3253/3253/3253 3266/3266/3266 3267/3267/3267
f 3255/3255/3255 3242/3242/3242 3254/3254/3254
f 3254/3254/3254 3267/3267/3267 3255/3255/3255
f 3269/3269/3269 3256/3256/3256 3255/3255/3255
f 3255/3255/3255 3268/3268/3268 3269/3269/3269
f 3270/3270/3270 3257/3257/3257 3256/3256/3256
f 3256/3256/3256 3269/3269/3269 3270/3270/3270
f 3271/3271/3271 3258/3258/3258 3257/3257/3257
f 3257/3257/3257 3270/3270/3270 3271/3271/3271
f 3272/3272/3272 3259/3259/3259 3258/3258/3258
f 3258/3258/3258 3271/3271/3271 3272/3272/3272
f 3274/3274/3274 3260/3260/3260 3259/3259/3259
f 3259/3259/3259 3272/3272/3272 3274/3274/3274
f 3275/3275/3275 3262/3262/3262 3261/3261/3261
f 3261/3261/3261 3273/3273/3273 3275/3275/3275
f 3276/3276/3276 3263/3263/3263 3262/3262/3262
f 3262/3262/3262 3275/3275/3275 3276/3276/3276
f 3277/3277/3277 3264/3264/3264 3263/3263/3263
f 3263/3263/3263 3276/3276/3276 3277/3277/3277
f 3278/3278/3278 3265/3265/3265 3264/3264/3264
f 3264/3264/3264 3277/3277/3277 3278/3278/3278
f 3279/3279/3279 3266/3266/3266 3265/3265/3265
f 3265/3265/3265 3278/3278/3278 3279/3279/3279
f 3280/3280/3280 3267/3267/3267 3266/3266/3266
f 3266/3266/3266 3279/3279/3279 3280/3280/3280
f 3268/3268/3268 3255/3255/3255 3267/3267/3267
f 3267/3267/3267 3280/3280/3280 3268/3268/3268
f 3282/3282/3282 3269/3269/3269 3268/3268/3268
f 3268/3268/3268 3281/3281/3281 3282/3282/3282
f 3283/3283/3283 3270/3270/3270 3269/3269/3269
f 3269/3269/3269 3282/3282/3282 3283/3283/3283
f 3284/3284/3284 3271/3271/3271 3270/3270/3270
f 3270/3270/3270 3283/3283/3283 3284/3284/3284
f 3285/3285/3285 3272/3272/3272 3271/3271/3271
f 3271/3271/3271 3284/3284/3284 3285/3285/3285
f 3286/3286/3286 3274/3274/3274 3272/3272/3272
f 3272/3272/3272 3285/3285/3285 3286/3286/3286
f 3288/3288/3288 3275/3275/3275 3273/3273/3273
f 3273/3273/3273 3287/3287/3287 3288/3288/3288
f 3289/3289/3289 3276/3276/3276 3275/3275/3275
f 3275/3275/3275 3288/3288/3288 3289/3289/3289
f 3290/3290/3290 3277/3277/3277 3276/3276/3276
f 3276/3276/3276 3289/3289/3289 3290/3290/3290
f 3291/3291/3291 3278/3278/3278 3277/3277/3277
f 3277/3277/3277 3290/3290/3290 3291/3291/3291
f 3292/3292/3292 3279/3279/3279 3278/3278/3278
f 3278/3278/3278 3291/3291/3291 3292/3292/3292
f 3293/3293/3293 3280/3280/3280 3279/3279/3279
f 3279/3279/3279 3292/3292/3292 3293/3293/3293
f 3281/3281/3281 3268/3268/3268 3280/3280/3280
f 3280/3280/3280 3293/3293/3293 3281/3281/3281
f 3295/3295/3295 3282/3282/3282 3281/3281/3281
f 3281/3281/3281 3294/3294/3294 3295/3295/3295
f 3296/3296/3296 3283/3283/3283 3282/3282/3282
f 3282/3282/3282 3295/3295/3295 3296/3296/3296
f 3297/3297/3297 3284/3284/3284 3283/3283/3283
f 3283/3283/3283 3296/3296/3296 3297/3297/3297
f 3298/3298/3298 3285/3285/3285 3284/3284/3284
f 3284/3284/3284 3297/3297/3297 3298/3298/3298
f 3300/3300/3300 3286/3286/3286 3285/3285/3285
f 3285/3285/3285 3298/3298/3298 3300/3300/3300
f 3301/3301/3301 3288/3288/3288 3287/3287/3287
f 3287/3287/3287 3299/3299/3299 3301/3301/3301
f 3302/3302/3302 3289/3289/3289 3288/3288/3288
f 3288/3288/3288 3301/3301/3301 3302/3302/3302
f 3303/3303/3303 3290/3290/3290 3289/3289/3289
f 3289/3289/3289 3302/3302/3302 3303/3303/3303
f 3304/3304/3304 3291/3291/3291 3290/3290/3290
f 3290/3290/3290 3303/3303/3303 3304/3304/3304
f 3305/3305/3305 3292/3292/3292 3291/3291/3291
f 3291/3291/3291 3304/3304/3304 3305/3305/3305
f 3306/3306/3306 3293/3293/3293 3292/3292/3292
f 3292/3292/3292 3305/3305/3305 3306/3306/3306
f 3294/3294/3294 3281/3281/3281 3293/3293/3293
f 3293/3293/3293 3306/3306/3306 3294/3294/3294
f 3308/3308/3308 3295/3295/3295 3294/3294/3294
f 3294/3294/3294 3307/3307/3307 3308/3308/3308
f 3309/3309/3309 3296/3296/3296 3295/3295/3295
f 3295/3295/3295 3308/3308/3308 3309/3309/3309
f 3310/3310/3310 3297/3297/3297 3296/3296/3296
f 3296/3296/3296 3309/3309/3309 3310/3310/3310
f 3311/3311/3311 3298/3298/3298 3297/3297/3297
f 3297/3297/3297 3310/3310/3310 3311/3311/3311
f 3312/3312/3312 3300/3300/3300 3298/3298/3298
f 3298/3298/3298 3311/3311/3311 3312/3312/3312
f 3314/3314/3314 3301/3301/3301 3299/3299/3299
f 3299/3299/3299 3313/3313/3313 3314/3314/3314
f 3315/3315/3315 3302/3302/3302 3301/3301/3301
f 3301/3301/3301 3314/3314/3314 3315/3315/3315
f 3316/3316/3316 3303/3303/3303 3302/3302/3302
f 3302/3302/3302 3315/3315/3315 3316/3316/3316
f 3317/3317/3317 3304/3304/3304 3303/3303/3303
f 3303/3303/3303 3316/3316/3316 3317/3317/3317
f 3318/3318/3318 3305/3305/3305 3304/3304/3304
f 3304/3304/3304 3317/3317/3317 3318/3318/3318
f 3319/3319/3319 3306/3306/3306 3305/3305/3305
f 3305/3305/3305 3318/3318/3318 3319/3319/3319
f 3307/3307/3307 3294/3294/3294 3306/3306/3306
f 3306/3306/3306 3319/3319/3319 3307/3307/3307
f 3321/3321/3321 3308/3308/3308 3307/3307/3307
f 3307/3307/3307 3320/3320/3320 3321/3321/3321
f 3322/3322/3322 3309/3309/3309 3308/3308/3308
f 3308/3308/3308 3321/3321/3321 3322/3322/3322
f 3323/3323/3323 3310/3310/3310 3309/3309/3309
f 3309/3309/3309 3322/3322/3322 3323/3323/3323
f 3324/3324/3324 3311/3311/3311 3310/3310/3310
f 3310/3310/3310 3323/3323/3323 3324/3324/3324
f 3326/3326/3326 3312/3312/3312 3311/3311/3311
f 3311/3311/3311 3324/3324/3324 3326/3326/3326
f 3327/3327/3327 3314/3314/3314 3313/3313/3313
f 3313/3313/3313 3325/3325/3325 3327/3327/3327
f 3328/3328/3328 3315/3315/3315 3314/3314/3314
f 3314/3314/3314 3327/3327/3327 3328/3328/3328
f 3329/3329/3329 3316/3316/3316 3315/3315/3315
f 3315/3315/3315 3328/3328/3328 3329/3329/3329
f 3330/3330/3330 3317/3317/3317 3316/3316/3316
f 3316/3316/3316 3329/3329/3329 3330/3330/3330
f 3331/3331/3331 3318/3318/3318 3317/3317/3317
f 3317/3317/3317 3330/3330/3330 3331/3331/3331
f 3332/3332/3332 3319/3319/3319 3318/3318/3318
f 3318/3318/3318 3331/3331/3331 3332/3332/3332
f 3320/3320/3320 3307/3307/3307 3319/3319/3319
f 3319/3319/3319 3332/3332/3332 3320/3320/3320
f 3334/3334/3334 3321/3321/3321 3320/3320/3320
f 3320/3320/3320 3333/3333/3333 3334/3334/3334
f 3335/3335/3335 3322/3322/3322 3321/3321/3321
f 3321/3321/3321 3334/3334/3334 3335/3335/3335
f 3336/3336/3336 3323/3323/3323 3322/3322/3322
f 3322/3322/3322 3335/3335/3335 3336/3336/3336
f 3337/3337/3337 3324/3324/3324 3323/3323/3323
f 3323/3323/3323 3336/3336/3336 3337/3337/3337
f 3338/3338/3338 3326/3326/3326 3324/3324/3324
f 3324/3324/3324 3337/3337/3337 3338/3338/3338
f 3340/3340/3340 3327/3327/3327 3325/3325/3325
f 3325/3325/3325 3339/3339/3339 3340/3340/3340
f 3341/3341/3341 3328/3328/3328 3327/3327/3327
f 3327/3327/3327 3340/3340/3340 3341/3341/3341
f 3342/3342/3342 3329/3329/3329 3328/3328/3328
f 3328/3328/3328 3341/3341/3341 3342/3342/3342
f 3343/3343/3343 3330/3330/3330 3329/3329/3329
f 3329/3329/3329 3342/3342/3342 3343/3343/3343
f 3344/3344/3344 3331/3331/3331 3330/3330/3330
f 3330/3330/3330 3343/3343/3343 3344/3344/3344
f 3345/3345/3345 3332/3332/3332 3331/3331/3331
f 3331/3331/3331 3344/3344/3344 3345/3345/3345
f 3333/3333/3333 3320/3320/3320 3332/3332/3332
f 3332/3332/3332 3345/3345/3345 3333/3333/3333
f 3349/3349/3349 3334/3334/3334 3333/3333/3333
f 3333/3333/3333 3347/3347/3347 3349/3349/3349
f 3351/3351/3351 3335/3335/3335 3334/3334/3334
f 3334/3334/3334 3349/3349/3349 3351/3351/3351
f 3353/3353/3353 3336/3336/3336 3335/3335/3335
f 3335/3335/3335 3351/3351/3351 3353/3353/3353
f 3354/3354/3354 3337/3337/3337 3336/3336/3336
f 3336/3336/3336 3353/3353/3353 3354/3354/3354
f 3357/3357/3357 3338/3338/3338 3337/3337/3337
f 3337/3337/3337 3354/3354/3354 3357/3357/3357
f 3360/3360/3360 3340/3340/3340 3339/3339/3339
f 3339/3339/3339 3356/3356/3356 3360/3360/3360
f 3363/3363/3363 3341/3341/3341 3340/3340/3340
f 3340/3340/3340 3360/3360/3360 3363/3363/3363
f 3364/3364/3364 3342/3342/3342 3341/3341/3341
f 3341/3341/3341 3363/3363/3363 3364/3364/3364
f 3366/3366/3366 3343/3343/3343 3342/3342/3342
f 3342/3342/3342 3364/3364/3364 3366/3366/3366
f 3369/3369/3369 3344/3344/3344 3343/3343/3343
f 3343/3343/3343 3366/3366/3366 3369/3369/3369
f 3370/3370/3370 3345/3345/3345 3344/3344/3344
f 3344/3344/3344 3369/3369/3369 3370/3370/3370
f 3347/3347/3347 3333/3333/3333 3345/3345/3345
f 3345/3345/3345 3370/3370/3370 3347/3347/3347
f 3373/3373/3373 3348/3348/3348 3346/3346/3346
f 3346/3346/3346 3372/3372/3372 3373/3373/3373
f 3374/3374/3374 3350/3350/3350 3348/3348/3348
f 3348/3348/3348 3373/3373/3373 3374/3374/3374
f 3375/3375/3375 3352/3352/3352 3350/3350/3350
f 3350/3350/3350 3374/3374/3374 3375/3375/3375
f 3376/3376/3376 3355/3355/3355 3352/3352/3352
f 3352/3352/3352 3375/3375/3375 3376/3376/3376
f 3377/3377/3377 3358/3358/3358 3355/3355/3355
f 3355/3355/3355 3376/3376/3376 3377/3377/3377
f 3379/3379/3379 3361/3361/3361 3359/3359/3359
f 3359/3359/3359 3378/3378/3378 3379/3379/3379
f 3380/3380/3380 3362/3362/3362 3361/3361/3361
f 3361/3361/3361 3379/3379/3379 3380/3380/3380
f 3381/3381/3381 3365/3365/3365 3362/3362/3362
f 3362/3362/3362 3380/3380/3380 3381/3381/3381
f 3382/3382/3382 3367/3367/3367 3365/3365/3365
f 3365/3365/3365 3381/3381/3381 3382/3382/3382
f 3383/3383/3383 3368/3368/3368 3367/3367/3367
f 3367/3367/3367 3382/3382/3382 3383/3383/3383
f 3384/3384/3384 3371/3371/3371 3368/3368/3368
f 3368/3368/3368 3383/3383/3383 3384/3384/3384
f 3372/3372/3372 3346/3346/3346 3371/3371/3371
f 3371/3371/3371 3384/3384/3384 3372/3372/3372
f 3386/3386/3386 3373/3373/3373 3372/3372/3372
f 3372/3372/3372 3385/3385/3385 3386/3386/3386
f 3387/3387/3387 3374/3374/3374 3373/3373/3373
f 3373/3373/3373 3386/3386/3386 3387/3387/3387
f 3388/3388/3388 3375/3375/3375 3374/3374/3374
f 3374/3374/3374 3387/3387/3387 3388/3388/3388
f 3389/3389/3389 3376/3376/3376 3375/3375/3375
f 3375/3375/3375 3388/3388/3388 3389/3389/3389
f 3391/3391/3391 3377/3377/3377 3376/3376/3376
f 3376/3376/3376 3389/3389/3389 3391/3391/3391
f 3392/3392/3392 3379/3379/3379 3378/3378/3378
f 3378/3378/3378 3390/3390/3390 3392/3392/3392
f 3393/3393/3393 3380/3380/3380 3379/3379/3379
f 3379/3379/3379 3392/3392/3392 3393/3393/3393
f 3394/3394/3394 3381/3381/3381 3380/3380/3380
f 3380/3380/3380 3393/3393/3393 3394/3394/3394
f 3395/3395/3395 3382/3382/3382 3381/3381/3381
f 3381/3381/3381 3394/3394/3394 3395/3395/3395
f 3396/3396/3396 3383/3383/3383 3382/3382/3382
f 3382/3382/3382 3395/3395/3395 3396/3396/3396
f 3397/3397/3397 3384/3384/3384 3383/3383/3383
f 3383/3383/3383 3396/3396/3396 3397/3397/3397
f 3385/3385/3385 3372/3372/3372 3384/3384/3384
f 3384/3384/3384 3397/3397/3397 3385/3385/3385
f 3399/3399/3399 3386/3386/3386 3385/3385/3385
f 3385/3385/3385 3398/3398/3398 3399/3399/3399
f 3400/3400/3400 3387/3387/3387 3386/3386/3386
f 3386/3386/3386 3399/3399/3399 3400/3400/3400
f 3401/3401/3401 3388/3388/3388 3387/3387/3387
f 3387/3387/3387 3400/3400/3400 3401/3401/3401
f 3402/3402/3402 3389/3389/3389 3388/3388/3388
f 3388/3388/3388 3401/3401/3401 3402/3402/3402
f 3403/3403/3403 3391/3391/3391 3389/3389/3389
f 3389/3389/3389 3402/3402/3402 3403/3403/3403
f 3405/3405/3405 3392/3392/3392 3390/3390/3390
f 3390/3390/3390 3404/3404/3404 3405/3405/3405
f 3406/3406/3406 3393/3393/3393 3392/3392/3392
f 3392/3392/3392 3405/3405/3405 3406/3406/3406
f 3407/3407/3407 3394/3394/3394 3393/3393/3393
f 3393/3393/3393 3406/3406/3406 3407/3407/3407
f 3408/3408/3408 3395/3395/3395 3394/3394/3394
f 3394/3394/3394 3407/3407/3407 3408/3408/3408
f 3409/3409/3409 3396/3396/3396 3395/3395/3395
f 3395/3395/3395 3408/3408/3408 3409/3409/3409
f 3410/3410/3410 3397/3397/3397 3396/3396/3396
f 3396/3396/3396 3409/3409/3409 3410/3410/3410
f 3398/3398/3398 3385/3385/3385 3397/3397/3397
f 3397/3397/3397 3410/3410/3410 3398/3398/3398
f 3412/3412/3412 3399/3399/3399 3398/3398/3398
f 3398/3398/3398 3411/3411/3411 3412/3412/3412
f 3413/3413/3413 3400/3400/3400 3399/3399/3399
f 3399/3399/3399 3412/3412/3412 3413/3413/3413
f 3414/3414/3414 3401/3401/3401 3400/3400/3400
f 3400/3400/3400 3413/3413/3413 3414/3414/3414
f 3415/3415/3415 3402/3402/3402 3401/3401/3401
f 3401/3401/3401 3414/3414/3414 3415/3415/3415
f 3416/3416/3416 3403/3403/3403 3402/3402/3402
f 3402/3402/3402 3415/3415/3415 3416/3416/3416
f 3418/3418/3418 3405/3405/3405 3404/3404/3404
f 3404/3404/3404 3417/3417/3417 3418/3418/3418
f 3419/3419/3419 3406/3406/3406 3405/3405/3405
f 3405/3405/3405 3418/3418/3418 3419/3419/3419
f 3420/3420/3420 3407/3407/3407 3406/3406/3406
f 3406/3406/3406 3419/3419/3419 3420/3420/3420
f 3421/3421/3421 3408/3408/3408 3407/3407/3407
f 3407/3407/3407 3420/3420/3420 3421/3421/3421
f 3422/3422/3422 3409/3409/3409 3408/3408/3408
f 3408/3408/3408 3421/3421/3421 3422/3422/3422
f 3423/3423/3423 3410/3410/3410 3409/3409/3409
f 3409/3409/3409 3422/3422/3422 3423/3423/3423
f 3411/3411/3411 3398/3398/3398 3410/3410/3410
f 3410/3410/3410 3423/3423/3423 3411/3411/3411
f 3425/3425/3425 3412/3412/3412 3411/3411/3411
f 3411/3411/3411 3424/3424/3424 3425/3425/3425
f 3426/3426/3426 3413/3413/3413 3412/3412/3412
f 3412/3412/3412 3425/3425/3425 3426/3426/3426
f 3427/3427/3427 3414/3414/3414 3413/3413/3413
f 3413/3413/3413 3426/3426/3426 3427/3427/3427
f 3428/3428/3428 3415/3415/3415 3414/3414/3414
f 3414/3414/3414 3427/3427/3427 3428/3428/3428
f 3430/3430/3430 3416/3416/3416 3415/3415/3415
f 3415/3415/3415 3428/3428/3428 3430/3430/3430
f 3431/3431/3431 3418/3418/3418 3417/3417/3417
f 3417/3417/3417 3429/3429/3429 3431/3431/3431
f 3432/3432/3432 3419/3419/3419 3418/3418/3418
f 3418/3418/3418 3431/3431/3431 3432/3432/3432
f 3433/3433/3433 3420/3420/3420 3419/3419/3419
f 3419/3419/3419 3432/3432/3432 3433/3433/3433
f 3434/3434/3434 3421/3421/3421 3420/3420/3420
f 3420/3420/3420 3433/3433/3433 3434/3434/3434
f 3435/3435/3435 3422/3422/3422 3421/3421/3421
f 3421/3421/3421 3434/3434/3434 3435/3435/3435
f 3436/3436/3436 3423/3423/3423 3422/3422/3422
f 3422/3422/3422 3435/3435/3435 3436/3436/3436
f 3424/3424/3424 3411/3411/3411 3423/3423/3423
f 3423/3423/3423 3436/3436/3436 3424/3424/3424
f 3438/3438/3438 3425/3425/3425 3424/3424/3424
f 3424/3424/3424 3437/3437/3437 3438/3438/3438
f 3439/3439/3439 3426/3426/3426 3425/3425/3425
f 3425/3425/3425 3438/3438/3438 3439/3439/3439
f 3440/3440/3440 3427/3427/3427 3426/3426/3426
f 3426/3426/3426 3439/3439/3439 3440/3440/3440
f 3441/3441/3441 3428/3428/3428 3427/3427/3427
f 3427/3427/3427 3440/3440/3440 3441/3441/3441
f 3442/3442/3442 3430/3430/3430 3428/3428/3428
f 3428/3428/3428 3441/3441/3441 3442/3442/3442
f 3444/3444/3444 3431/3431/3431 3429/3429/3429
f 3429/3429/3429 3443/3443/3443 3444/3444/3444
f 3445/3445/3445 3432/3432/3432 3431/3431/3431
f 3431/3431/3431 3444/3444/3444 3445/3445/3445
f 3446/3446/3446 3433/3433/3433 3432/3432/3432
f 3432/3432/3432 3445/3445/3445 3446/3446/3446
f 3447/3447/3447 3434/3434/3434 3433/3433/3433
f 3433/3433/3433 3446/3446/3446 3447/3447/3447
f 3448/3448/3448 3435/3435/3435 3434/3434/3434
f 3434/3434/3434 3447/3447/3447 3448/3448/3448
f 3449/3449/3449 3436/3436/3436 3435/3435/3435
f 3435/3435/3435 3448/3448/3448 3449/3449/3449
f 3437/3437/3437 3424/3424/3424 3436/3436/3436
f 3436/3436/3436 3449/3449/3449 3437/3437/3437
f 3061/3061/3061 3438/3438/3438 3437/3437/3437
f 3437/3437/3437 3060/3060/3060 3061/3061/3061
f 3062/3062/3062 3439/3439/3439 3438/3438/3438
f 3438/3438/3438 3061/3061/3061 3062/3062/3062
f 3063/3063/3063 3440/3440/3440 3439/3439/3439
f 3439/3439/3439 3062/3062/3062 3063/3063/3063
f 3064/3064/3064 3441/3441/3441 3440/3440/3440
f 3440/3440/3440 3063/3063/3063 3064/3064/3064
f 3066/3066/3066 3442/3442/3442 3441/3441/3441
f 3441/3441/3441 3064/3064/3064 3066/3066/3066
f 3067/3067/3067 3444/3444/3444 3443/3443/3443
f 3443/3443/3443 3065/3065/3065 3067/3067/3067
f 3068/3068/3068 3445/3445/3445 3444/3444/3444
f 3444/3444/3444 3067/3067/3067 3068/3068/3068
f 3069/3069/3069 3446/3446/3446 3445/3445/3445
f 3445/3445/3445 3068/3068/3068 3069/3069/3069
f 3070/3070/3070 3447/3447/3447 3446/3446/3446
f 3446/3446/3446 3069/3069/3069 3070/3070/3070
f 3071/3071/3071 3448/3448/3448 3447/3447/3447
f 3447/3447/3447 3070/3070/3070 3071/3071/3071
f 3072/3072/3072 3449/3449/3449 3448/3448/3448
f 3448/3448/3448 3071/3071/3071 3072/3072/3072
f 3060/3060/3060 3437/3437/3437 3449/3449/3449
f 3449/3449/3449 3072/3072/3072 3060/3060/3060
f 3450/3450/3450 3463/3463/3463 3464/3464/3464
f 3464/3464/3464 3451/3451/3451 3450/3450/3450
f 3451/3451/3451 3464/3464/3464 3465/3465/3465
f 3465/3465/3465 3452/3452/3452 3451/3451/3451
f 3452/3452/3452 3465/3465/3465 3466/3466/3466
f 3466/3466/3466 3453/3453/3453 3452/3452/3452
f 3453/3453/3453 3466/3466/3466 3467/3467/3467
f 3467/3467/3467 3454/3454/3454 3453/3453/3453
f 3454/3454/3454 3467/3467/3467 3468/3468/3468
f 3468/3468/3468 3455/3455/3455 3454/3454/3454
f 3455/3455/3455 3468/3468/3468 3469/3469/3469
f 3469/3469/3469 3456/3456/3456 3455/3455/3455
f 3456/3456/3456 3469/3469/3469 3470/3470/3470
f 3470/3470/3470 3457/3457/3457 3456/3456/3456
f 3457/3457/3457 3470/3470/3470 3472/3472/3472
f 3472/3472/3472 3458/3458/3458 3457/3457/3457
f 3459/3459/3459 3471/3471/3471 3473/3473/3473
f 3473/3473/3473 3460/3460/3460 3459/3459/3459
f 3460/3460/3460 3473/3473/3473 3474/3474/3474
f 3474/3474/3474 3461/3461/3461 3460/3460/3460
f 3461/3461/3461 3474/3474/3474 3475/3475/3475
f 3475/3475/3475 3462/3462/3462 3461/3461/3461
f 3462/3462/3462 3475/3475/3475 3463/3463/3463
f 3463/3463/3463 3450/3450/3450 3462/3462/3462
f 3463/3463/3463 3476/3476/3476 3477/3477/3477
f 3477/3477/3477 3464/3464/3464 3463/3463/3463
f 3464/3464/3464 3477/3477/3477 3478/3478/3478
f 3478/3478/3478 3465/3465/3465 3464/3464/3464
f 3465/3465/3465 3478/3478/3478 3479/3479/3479
f 3479/3479/3479 3466/3466/3466 3465/3465/3465
f 3466/3466/3466 3479/3479/3479 3480/3480/3480
f 3480/3480/3480 3467/3467/3467 3466/3466/3466
f 3467/3467/3467 3480/3480/3480 3481/3481/3481
f 3481/3481/3481 3468/3468/3468 3467/3467/3467
f 3468/3468/3468 3481/3481/3481 3482/3482/3482
f 3482/3482/3482 3469/3469/3469 3468/3468/3468
f 3469/3469/3469 3482/3482/3482 3483/3483/3483
f 3483/3483/3483 3470/3470/3470 3469/3469/3469
f 3470/3470/3470 3483/3483/3483 3484/3484/3484
f 3484/3484/3484 3472/3472/3472 3470/3470/3470
f 3471/3471/3471 3485/3485/3485 3486/3486/3486
f 3486/3486/3486 3473/3473/3473 3471/3471/3471
f 3473/3473/3473 3486/3486/3486 3487/3487/3487
f 3487/3487/3487 3474/3474/3474 3473/3473/3473
f 3474/3474/3474 3487/3487/3487 3488/3488/3488
f 3488/3488/3488 3475/3475/3475 3474/3474/3474
f 3475/3475/3475 3488/3488/3488 3476/3476/3476
f 3476/3476/3476 3463/3463/3463 3475/3475/3475
f 3476/3476/3476 3489/3489/3489 3490/3490/3490
f 3490/3490/3490 3477/3477/3477 3476/3476/3476
f 3477/3477/3477 3490/3490/3490 3491/3491/3491
f 3491/3491/3491 3478/3478/3478 3477/3477/3477
f 3478/3478/3478 3491/3491/3491 3492/3492/3492
f 3492/3492/3492 3479/3479/3479 3478/3478/3478
f 3479/3479/3479 3492/3492/3492 3493/3493/3493
f 3493/3493/3493 3480/3480/3480 3479/3479/3479
f 3480/3480/3480 3493/3493/3493 3494/3494/3494
f 3494/3494/3494 3481/3481/3481 3480/3480/3480
f 3481/3481/3481 3494/3494/3494 3495/3495/3495
f 3495/3495/3495 3482/3482/3482 3481/3481/3481
f 3482/3482/3482 3495/3495/3495 3496/3496/3496
f 3496/3496/3496 3483/3483/3483 3482/3482/3482
f 3483/3483/3483 3496/3496/3496 3497/3497/3497
f 3497/3497/3497 3484/3484/3484 3483/3483/3483
f 3485/3485/3485 3498/3498/3498 3499/3499/3499
f 3499/3499/3499 3486/3486/3486 3485/3485/3485
f 3486/3486/3486 3499/3499/3499 3500/3500/3500
f 3500/3500/3500 3487/3487/3487 3486/3486/3486
f 3487/3487/3487 3500/3500/3500 3501/3501/3501
f 3501/3501/3501 3488/3488/3488 3487/3487/3487
f 3488/3488/3488 3501/3501/3501 3489/3489/3489
f 3489/3489/3489 3476/3476/3476 3488/3488/3488
f 3489/3489/3489 3502/3502/3502 3503/3503/3503
f 3503/3503/3503 3490/3490/3490 3489/3489/3489
f 3490/3490/3490 3503/3503/3503 3504/3504/3504
f 3504/3504/3504 3491/3491/3491 3490/3490/3490
f 3491/3491/3491 3504/3504/3504 3505/3505/3505
f 3505/3505/3505 3492/3492/3492 3491/3491/3491
f 3492/3492/3492 3505/3505/3505 3506/3506/3506
f 3506/3506/3506 3493/3493/3493 3492/3492/3492
f 3493/3493/3493 3506/3506/3506 3507/3507/3507
f 3507/3507/3507 3494/3494/3494 3493/3493/3493
f 3494/3494/3494 3507/3507/3507 3508/3508/3508
f 3508/3508/3508 3495/3495/3495 3494/3494/3494
f 3495/3495/3495 3508/3508/3508 3509/3509/3509
f 3509/3509/3509 3496/3496/3496 3495/3495/3495
f 3496/3496/3496 3509/3509/3509 3510/3510/3510
f 3510/3510/3510 3497/3497/3497 3496/3496/3496
f 3498/3498/3498 3511/3511/3511 3512/3512/3512
f 3512/3512/3512 3499/3499/3499 3498/3498/3498
f 3499/3499/3499 3512/3512/3512 3513/3513/3513
f 3513/3513/3513 3500/3500/3500 3499/3499/3499
f 3500/3500/3500 3513/3513/3513 3514/3514/3514
f 3514/3514/3514 3501/3501/3501 3500/3500/3500
f 3501/3501/3501 3514/3514/3514 3502/3502/3502
f 3502/3502/3502 3489/3489/3489 3501/3501/3501
f 3502/3502/3502 3515/3515/3515 3516/3516/3516
f 3516/3516/3516 3503/3503/3503 3502/3502/3502
f 3503/3503/3503 3516/3516/3516 3517/3517/3517
f 3517/3517/3517 3504/3504/3504 3503/3503/3503
f 3504/3504/3504 3517/3517/3517 3518/3518/3518
f 3518/3518/3518 3505/3505/3505 3504/3504/3504
f 3505/3505/3505 3518/3518/3518 3519/3519/3519
f 3519/3519/3519 3506/3506/3506 3505/3505/3505
f 3506/3506/3506 3519/3519/3519 3520/3520/3520
f 3520/3520/3520 3507/3507/3507 3506/3506/3506
f 3507/3507/3507 3520/3520/3520 3521/3521/3521
f 3521/3521/3521 3508/3508/3508 3507/3507/3507
f 3508/3508/3508 3521/3521/3521 3522/3522/3522
f 3522/3522/3522 3509/3509/3509 3508/3508/3508
f 3509/3509/3509 3522/3522/3522 3523/3523/3523
f 3523/3523/3523 3510/3510/3510 3509/3509/3509
f 3511/3511/3511 3524/3524/3524 3525/3525/3525
f 3525/3525/3525 3512/3512/3512 3511/3511/3511
f 3512/3512/3512 3525/3525/3525 3526/3526/3526
f 3526/3526/3526 3513/3513/3513 3512/3512/3512
f 3513/3513/3513 3526/3526/3526 3527/3527/3527
f 3527/3527/3527 3514/3514/3514 3513/3513/3513
f 3514/3514/3514 3527/3527/3527 3515/3515/3515
f 3515/3515/3515 3502/3502/3502 3514/3514/3514
f 3515/3515/3515 3528/3528/3528 3529/3529/3529
f 3529/3529/3529 3516/3516/3516 3515/3515/3515
f 3516/3516/3516 3529/3529/3529 3530/3530/3530
f 3530/3530/3530 3517/3517/3517 3516/3516/3516
f 3517/3517/3517 3530/3530/3530 3531/3531/3531
f 3531/3531/3531 3518/3518/3518 3517/3517/3517
f 3518/3518/3518 3531/3531/3531 3532/3532/3532
f 3532/3532/3532 3519/3519/3519 3518/3518/3518
f 3519/3519/3519 3532/3532/3532 3533/3533/3533
f 3533/3533/3533 3520/3520/3520 3519/3519/3519
f 3520/3520/3520 3533/3533/3533 3534/3534/3534
f 3534/3534/3534 3521/3521/3521 3520/3520/3520
f 3521/3521/3521 3534/3534/3534 3535/3535/3535
f 3535/3535/3535 3522/3522/3522 3521/3521/3521
f 3522/3522/3522 3535/3535/3535 3536/3536/3536
f 3536/3536/3536 3523/3523/3523 3522/3522/3522
f 3524/3524/3524 3537/3537/3537 3538/3538/3538
f 3538/3538/3538 3525/3525/3525 3524/3524/3524
f 3525/3525/3525 3538/3538/3538 3539/3539/3539
f 3539/3539/3539 3526/3526/3526 3525/3525/3525
f 3526/3526/3526 3539/3539/3539 3540/3540/3540
f 3540/3540/3540 3527/3527/3527 3526/3526/3526
f 3527/3527/3527 3540/3540/3540 3528/3528/3528
f 3528/3528/3528 3515/3515/3515 3527/3527/3527
f 3528/3528/3528 3541/3541/3541 3542/3542/3542
f 3542/3542/3542 3529/3529/3529 3528/3528/3528
f 3529/3529/3529 3542/3542/3542 3543/3543/3543
f 3543/3543/3543 3530/3530/3530 3529/3529/3529
f 3530/3530/3530 3543/3543/3543 3544/3544/3544
f 3544/3544/3544 3531/3531/3531 3530/3530/3530
f 3531/3531/3531 3544/3544/3544 3545/3545/3545
f 3545/3545/3545 3532/3532/3532 3531/3531/3531
f 3532/3532/3532 3545/3545/3545 3546/3546/3546
f 3546/3546/3546 3533/3533/3533 3532/3532/3532
f 3533/3533/3533 3546/3546/3546 3547/3547/3547
f 3547/3547/3547 3534/3534/3534 3533/3533/3533
f 3534/3534/3534 3547/3547/3547 3548/3548/3548
f 3548/3548/3548 3535/3535/3535 3534/3534/3534
f 3535/3535/3535 3548/3548/3548 3550/3550/3550
f 3550/3550/3550 3536/3536/3536 3535/3535/3535
f 3537/3537/3537 3549/3549/3549 3551/3551/3551
f 3551/3551/3551 3538/3538/3538 3537/3537/3537
f 3538/3538/3538 3551/3551/3551 3552/3552/3552
f 3552/3552/3552 3539/3539/3539 3538/3538/3538
f 3539/3539/3539 3552/3552/3552 3553/3553/3553
f 3553/3553/3553 3540/3540/3540 3539/3539/3539
f 3540/3540/3540 3553/3553/3553 3541/3541/3541
f 3541/3541/3541 3528/3528/3528 3540/3540/3540
f 3541/3541/3541 3554/3554/3554 3555/3555/3555
f 3555/3555/3555 3542/3542/3542 3541/3541/3541
f 3542/3542/3542 3555/3555/3555 3556/3556/3556
f 3556/3556/3556 3543/3543/3543 3542/3542/3542
f 3543/3543/3543 3556/3556/3556 3557/3557/3557
f 3557/3557/3557 3544/3544/3544 3543/3543/3543
f 3544/3544/3544 3557/3557/3557 3558/3558/3558
f 3558/3558/3558 3545/3545/3545 3544/3544/3544
f 3545/3545/3545 3558/3558/3558 3559/3559/3559
f 3559/3559/3559 3546/3546/3546 3545/3545/3545
f 3546/3546/3546 3559/3559/3559 3560/3560/3560
f 3560/3560/3560 3547/3547/3547 3546/3546/3546
f 3547/3547/3547 3560/3560/3560 3561/3561/3561
f 3561/3561/3561 3548/3548/3548 3547/3547/3547
f 3548/3548/3548 3561/3561/3561 3562/3562/3562
f 3562/3562/3562 3550/3550/3550 3548/3548/3548
f 3549/3549/3549 3563/3563/3563 3564/3564/3564
f 3564/3564/3564 3551/3551/3551 3549/3549/3549
f 3551/3551/3551 3564/3564/3564 3565/3565/3565
f 3565/3565/3565 3552/3552/3552 3551/3551/3551
f 3552/3552/3552 3565/3565/3565 3566/3566/3566
f 3566/3566/3566 3553/3553/3553 3552/3552/3552
f 3553/3553/3553 3566/3566/3566 3554/3554/3554
f 3554/3554/3554 3541/3541/3541 3553/3553/3553
f 3554/3554/3554 3567/3567/3567 3568/3568/3568
f 3568/3568/3568 3555/3555/3555 3554/3554/3554
f 3555/3555/3555 3568/3568/3568 3569/3569/3569
f 3569/3569/3569 3556/3556/3556 3555/3555/3555
f 3556/3556/3556 3569/3569/3569 3570/3570/3570
f 3570/3570/3570 3557/3557/3557 3556/3556/3556
f 3557/3557/3557 3570/3570/3570 3571/3571/3571
f 3571/3571/3571 3558/3558/3558 3557/3557/3557
f 3558/3558/3558 3571/3571/3571 3572/3572/3572
f 3572/3572/3572 3559/3559/3559 3558/3558/3558
f 3559/3559/3559 3572/3572/3572 3573/3573/3573
f 3573/3573/3573 3560/3560/3560 3559/3559/3559
f 3560/3560/3560 3573/3573/3573 3574/3574/3574
f 3574/3574/3574 3561/3561/3561 3560/3560/3560
f 3561/3561/3561 3574/3574/3574 3575/3575/3575
f 3575/3575/3575 3562/3562/3562 3561/3561/3561
f 3563/3563/3563 3576/3576/3576 3577/3577/3577
f 3577/3577/3577 3564/3564/3564 3563/3563/3563
f 3564/3564/3564 3577/3577/3577 3578/3578/3578
f 3578/3578/3578 3565/3565/3565 3564/3564/3564
f 3565/3565/3565 3578/3578/3578 3579/3579/3579
f 3579/3579/3579 3566/3566/3566 3565/3565/3565
f 3566/3566/3566 3579/3579/3579 3567/3567/3567
f 3567/3567/3567 3554/3554/3554 3566/3566/3566
f 3567/3567/3567 3580/3580/3580 3581/3581/3581
f 3581/3581/3581 3568/3568/3568 3567/3567/3567
f 3568/3568/3568 3581/3581/3581 3582/3582/3582
f 3582/3582/3582 3569/3569/3569 3568/3568/3568
f 3569/3569/3569 3582/3582/3582 3583/3583/3583
f 3583/3583/3583 3570/3570/3570 3569/3569/3569
f 3570/3570/3570 3583/3583/3583 3584/3584/3584
f 3584/3584/3584 3571/3571/3571 3570/3570/3570
f 3571/3571/3571 3584/3584/3584 3585/3585/3585
f 3585/3585/3585 3572/3572/3572 3571/3571/3571
f 3572/3572/3572 3585/3585/3585 3586/3586/3586
f 3586/3586/3586 3573/3573/3573 3572/3572/3572
f 3573/3573/3573 3586/3586/3586 3587/3587/3587
f 3587/3587/3587 3574/3574/3574 3573/3573/3573
f 3574/3574/3574 3587/3587/3587 3589/3589/3589
f 3589/3589/3589 3575/3575/3575 3574/3574/3574
f 3576/3576/3576 3588/3588/3588 3590/3590/3590
f 3590/3590/3590 3577/3577/3577 3576/3576/3576
f 3577/3577/3577 3590/3590/3590 3591/3591/3591
f 3591/3591/3591 3578/3578/3578 3577/3577/3577
f 3578/3578/3578 3591/3591/3591 3592/3592/3592
f 3592/3592/3592 3579/3579/3579 3578/3578/3578
f 3579/3579/3579 3592/3592/3592 3580/3580/3580
f 3580/3580/3580 3567/3567/3567 3579/3579/3579
f 3594/3594/3594 3581/3581/3581 3580/3580/3580
f 3580/3580/3580 3593/3593/3593 3594/3594/3594
f 3595/3595/3595 3582/3582/3582 3581/3581/3581
f 3581/3581/3581 3594/3594/3594 3595/3595/3595
f 3596/3596/3596 3583/3583/3583 3582/3582/3582
f 3582/3582/3582 3595/3595/3595 3596/3596/3596
f 3597/3597/3597 3584/3584/3584 3583/3583/3583
f 3583/3583/3583 3596/3596/3596 3597/3597/3597
f 3598/3598/3598 3585/3585/3585 3584/3584/3584
f 3584/3584/3584 3597/3597/3597 3598/3598/3598
f 3599/3599/3599 3586/3586/3586 3585/3585/3585
f 3585/3585/3585 3598/3598/3598 3599/3599/3599
f 3600/3600/3600 3587/3587/3587 3586/3586/3586
f 3586/3586/3586 3599/3599/3599 3600/3600/3600
f 3602/3602/3602 3589/3589/3589 3587/3587/3587
f 3587/3587/3587 3600/3600/3600 3602/3602/3602
f 3603/3603/3603 3590/3590/3590 3588/3588/3588
f 3588/3588/3588 3601/3601/3601 3603/3603/3603
f 3604/3604/3604 3591/3591/3591 3590/3590/3590
f 3590/3590/3590 3603/3603/3603 3604/3604/3604
f 3605/3605/3605 3592/3592/3592 3591/3591/3591
f 3591/3591/3591 3604/3604/3604 3605/3605/3605
f 3593/3593/3593 3580/3580/3580 3592/3592/3592
f 3592/3592/3592 3605/3605/3605 3593/3593/3593
f 3620/3620/3620 3621/3621/3621 3617/3617/3617
f 3617/3617/3617 3616/3616/3616 3620/3620/3620
f 3623/3623/3623 3620/3620/3620 3616/3616/3616
f 3616/3616/3616 3615/3615/3615 3623/3623/3623
f 3625/3625/3625 3623/3623/3623 3615/3615/3615
f 3615/3615/3615 3614/3614/3614 3625/3625/3625
f 3628/3628/3628 3625/3625/3625 3614/3614/3614
f 3614/3614/3614 3613/3613/3613 3628/3628/3628
f 3630/3630/3630 3628/3628/3628 3613/3613/3613
f 3613/3613/3613 3612/3612/3612 3630/3630/3630
f 3631/3631/3631 3630/3630/3630 3612/3612/3612
f 3612/3612/3612 3610/3610/3610 3631/3631/3631
f 3635/3635/3635 3634/3634/3634 3611/3611/3611
f 3611/3611/3611 3609/3609/3609 3635/3635/3635
f 3638/3638/3638 3635/3635/3635 3609/3609/3609
f 3609/3609/3609 3608/3608/3608 3638/3638/3638
f 3640/3640/3640 3638/3638/3638 3608/3608/3608
f 3608/3608/3608 3607/3607/3607 3640/3640/3640
f 3641/3641/3641 3640/3640/3640 3607/3607/3607
f 3607/3607/3607 3606/3606/3606 3641/3641/3641
f 3644/3644/3644 3641/3641/3641 3606/3606/3606
f 3606/3606/3606 3618/3618/3618 3644/3644/3644
f 3621/3621/3621 3644/3644/3644 3618/3618/3618
f 3618/3618/3618 3617/3617/3617 3621/3621/3621
f 3656/3656/3656 3710/3710/3710 3711/3711/3711
f 3711/3711/3711 3653/3653/3653 3656/3656/3656
f 3653/3653/3653 3711/3711/3711 3756/3756/3756
f 3756/3756/3756 3651/3651/3651 3653/3653/3653
f 3651/3651/3651 3756/3756/3756 3754/3754/3754
f 3754/3754/3754 3649/3649/3649 3651/3651/3651
f 3647/3647/3647 3753/3753/3753 3755/3755/3755
f 3755/3755/3755 3646/3646/3646 3647/3647/3647
f 3646/3646/3646 3755/3755/3755 3672/3672/3672
f 3672/3672/3672 3664/3664/3664 3646/3646/3646
f 3672/3672/3672 3671/3671/3671 3661/3661/3661
f 3661/3661/3661 3664/3664/3664 3672/3672/3672
f 3672/3672/3672 3674/3674/3674 3673/3673/3673
f 3673/3673/3673 3671/3671/3671 3672/3672/3672
f 3674/3674/3674 3676/3676/3676 3675/3675/3675
f 3675/3675/3675 3673/3673/3673 3674/3674/3674
f 3676/3676/3676 3678/3678/3678 3677/3677/3677
f 3677/3677/3677 3675/3675/3675 3676/3676/3676
f 3678/3678/3678 3680/3680/3680 3679/3679/3679
f 3679/3679/3679 3677/3677/3677 3678/3678/3678
f 3680/3680/3680 3682/3682/3682 3681/3681/3681
f 3681/3681/3681 3679/3679/3679 3680/3680/3680
f 3682/3682/3682 3684/3684/3684 3683/3683/3683
f 3683/3683/3683 3681/3681/3681 3682/3682/3682
f 3684/3684/3684 3686/3686/3686 3685/3685/3685
f 3685/3685/3685 3683/3683/3683 3684/3684/3684
f 3686/3686/3686 3688/3688/3688 3687/3687/3687
f 3687/3687/3687 3685/3685/3685 3686/3686/3686
f 3689/3689/3689 3692/3692/3692 3691/3691/3691
f 3691/3691/3691 3690/3690/3690 3689/3689/3689
f 3692/3692/3692 3694/3694/3694 3693/3693/3693
f 3693/3693/3693 3691/3691/3691 3692/3692/3692
f 3694/3694/3694 3696/3696/3696 3695/3695/3695
f 3695/3695/3695 3693/3693/3693 3694/3694/3694
f 3696/3696/3696 3698/3698/3698 3697/3697/3697
f 3697/3697/3697 3695/3695/3695 3696/3696/3696
f 3698/3698/3698 3700/3700/3700 3699/3699/3699
f 3699/3699/3699 3697/3697/3697 3698/3698/3698
f 3700/3700/3700 3702/3702/3702 3701/3701/3701
f 3701/3701/3701 3699/3699/3699 3700/3700/3700
f 3702/3702/3702 3704/3704/3704 3703/3703/3703
f 3703/3703/3703 3701/3701/3701 3702/3702/3702
f 3704/3704/3704 3706/3706/3706 3705/3705/3705
f 3705/3705/3705 3703/3703/3703 3704/3704/3704
f 3706/3706/3706 3659/3659/3659 3657/3657/3657
f 3657/3657/3657 3705/3705/3705 3706/3706/3706
f 3707/3707/3707 3669/3669/3669 3659/3659/3659
f 3659/3659/3659 3706/3706/3706 3707/3707/3707
f 3708/3708/3708 3667/3667/3667 3669/3669/3669
f 3669/3669/3669 3707/3707/3707 3708/3708/3708
f 3709/3709/3709 3665/3665/3665 3667/3667/3667
f 3667/3667/3667 3708/3708/3708 3709/3709/3709
f 3710/3710/3710 3656/3656/3656 3665/3665/3665
f 3665/3665/3665 3709/3709/3709 3710/3710/3710
f 3710/3710/3710 3713/3713/3713 3712/3712/3712
f 3712/3712/3712 3711/3711/3711 3710/3710/3710
f 3713/3713/3713 3715/3715/3715 3714/3714/3714
f 3714/3714/3714 3712/3712/3712 3713/3713/3713
f 3715/3715/3715 3717/3717/3717 3716/3716/3716
f 3716/3716/3716 3714/3714/3714 3715/3715/3715
f 3717/3717/3717 3719/3719/3719 3718/3718/3718
f 3718/3718/3718 3716/3716/3716 3717/3717/3717
f 3719/3719/3719 3721/3721/3721 3720/3720/3720
f 3720/3720/3720 3718/3718/3718 3719/3719/3719
f 3721/3721/3721 3723/3723/3723 3722/3722/3722
f 3722/3722/3722 3720/3720/3720 3721/3721/3721
f 3723/3723/3723 3725/3725/3725 3724/3724/3724
f 3724/3724/3724 3722/3722/3722 3723/3723/3723
f 3725/3725/3725 3727/3727/3727 3726/3726/3726
f 3726/3726/3726 3724/3724/3724 3725/3725/3725
f 3731/3731/3731 3734/3734/3734 3733/3733/3733
f 3733/3733/3733 3729/3729/3729 3731/3731/3731
f 3734/3734/3734 3737/3737/3737 3736/3736/3736
f 3736/3736/3736 3733/3733/3733 3734/3734/3734
f 3737/3737/3737 3740/3740/3740 3738/3738/3738
f 3738/3738/3738 3736/3736/3736 3737/3737/3737
f 3740/3740/3740 3743/3743/3743 3741/3741/3741
f 3741/3741/3741 3738/3738/3738 3740/3740/3740
f 3743/3743/3743 3746/3746/3746 3745/3745/3745
f 3745/3745/3745 3741/3741/3741 3743/3743/3743
f 3746/3746/3746 3749/3749/3749 3747/3747/3747
f 3747/3747/3747 3745/3745/3745 3746/3746/3746
f 3749/3749/3749 3752/3752/3752 3751/3751/3751
f 3751/3751/3751 3747/3747/3747 3749/3749/3749
f 3752/3752/3752 3755/3755/3755 3753/3753/3753
f 3753/3753/3753 3751/3751/3751 3752/3752/3752
f 3755/3755/3755 3752/3752/3752 3674/3674/3674
f 3674/3674/3674 3672/3672/3672 3755/3755/3755
f 3754/3754/3754 3756/3756/3756 3757/3757/3757
f 3757/3757/3757 3750/3750/3750 3754/3754/3754
f 3757/3757/3757 3756/3756/3756 3711/3711/3711
f 3711/3711/3711 3712/3712/3712 3757/3757/3757
f 3752/3752/3752 3749/3749/3749 3676/3676/3676
f 3676/3676/3676 3674/3674/3674 3752/3752/3752
f 3750/3750/3750 3757/3757/3757 3758/3758/3758
f 3758/3758/3758 3748/3748/3748 3750/3750/3750
f 3758/3758/3758 3757/3757/3757 3712/3712/3712
f 3712/3712/3712 3714/3714/3714 3758/3758/3758
f 3749/3749/3749 3746/3746/3746 3678/3678/3678
f 3678/3678/3678 3676/3676/3676 3749/3749/3749
f 3748/3748/3748 3758/3758/3758 3759/3759/3759
f 3759/3759/3759 3744/3744/3744 3748/3748/3748
f 3759/3759/3759 3758/3758/3758 3714/3714/3714
f 3714/3714/3714 3716/3716/3716 3759/3759/3759
f 3746/3746/3746 3743/3743/3743 3680/3680/3680
f 3680/3680/3680 3678/3678/3678 3746/3746/3746
f 3744/3744/3744 3759/3759/3759 3760/3760/3760
f 3760/3760/3760 3742/3742/3742 3744/3744/3744
f 3760/3760/3760 3759/3759/3759 3716/3716/3716
f 3716/3716/3716 3718/3718/3718 3760/3760/3760
f 3743/3743/3743 3740/3740/3740 3682/3682/3682
f 3682/3682/3682 3680/3680/3680 3743/3743/3743
f 3742/3742/3742 3760/3760/3760 3761/3761/3761
f 3761/3761/3761 3739/3739/3739 3742/3742/3742
f 3761/3761/3761 3760/3760/3760 3718/3718/3718
f 3718/3718/3718 3720/3720/3720 3761/3761/3761
f 3740/3740/3740 3737/3737/3737 3684/3684/3684
f 3684/3684/3684 3682/3682/3682 3740/3740/3740
f 3739/3739/3739 3761/3761/3761 3762/3762/3762
f 3762/3762/3762 3735/3735/3735 3739/3739/3739
f 3762/3762/3762 3761/3761/3761 3720/3720/3720
f 3720/3720/3720 3722/3722/3722 3762/3762/3762
f 3737/3737/3737 3734/3734/3734 3686/3686/3686
f 3686/3686/3686 3684/3684/3684 3737/3737/3737
f 3735/3735/3735 3762/3762/3762 3763/3763/3763
f 3763/3763/3763 3732/3732/3732 3735/3735/3735
f 3763/3763/3763 3762/3762/3762 3722/3722/3722
f 3722/3722/3722 3724/3724/3724 3763/3763/3763
f 3734/3734/3734 3731/3731/3731 3688/3688/3688
f 3688/3688/3688 3686/3686/3686 3734/3734/3734
f 3732/3732/3732 3763/3763/3763 3728/3728/3728
f 3728/3728/3728 3730/3730/3730 3732/3732/3732
f 3728/3728/3728 3763/3763/3763 3724/3724/3724
f 3724/3724/3724 3726/3726/3726 3728/3728/3728
f 3765/3765/3765 3768/3768/3768 3767/3767/3767
f 3767/3767/3767 3766/3766/3766 3765/3765/3765
f 3768/3768/3768 3770/3770/3770 3769/3769/3769
f 3769/3769/3769 3767/3767/3767 3768/3768/3768
f 3770/3770/3770 3772/3772/3772 3771/3771/3771
f 3771/3771/3771 3769/3769/3769 3770/3770/3770
f 3772/3772/3772 3774/3774/3774 3773/3773/3773
f 3773/3773/3773 3771/3771/3771 3772/3772/3772
f 3774/3774/3774 3776/3776/3776 3775/3775/3775
f 3775/3775/3775 3773/3773/3773 3774/3774/3774
f 3776/3776/3776 3778/3778/3778 3777/3777/3777
f 3777/3777/3777 3775/3775/3775 3776/3776/3776
f 3778/3778/3778 3780/3780/3780 3779/3779/3779
f 3779/3779/3779 3777/3777/3777 3778/3778/3778
f 3780/3780/3780 3708/3708/3708 3707/3707/3707
f 3707/3707/3707 3779/3779/3779 3780/3780/3780
f 3781/3781/3781 3709/3709/3709 3708/3708/3708
f 3708/3708/3708 3780/3780/3780 3781/3781/3781
f 3713/3713/3713 3710/3710/3710 3709/3709/3709
f 3709/3709/3709 3781/3781/3781 3713/3713/3713
f 3780/3780/3780 3778/3778/3778 3782/3782/3782
f 3782/3782/3782 3781/3781/3781 3780/3780/3780
f 3781/3781/3781 3782/3782/3782 3715/3715/3715
f 3715/3715/3715 3713/3713/3713 3781/3781/3781
f 3779/3779/3779 3707/3707/3707 3706/3706/3706
f 3706/3706/3706 3704/3704/3704 3779/3779/3779
f 3778/3778/3778 3776/3776/3776 3783/3783/3783
f 3783/3783/3783 3782/3782/3782 3778/3778/3778
f 3782/3782/3782 3783/3783/3783 3717/3717/3717
f 3717/3717/3717 3715/3715/3715 3782/3782/3782
f 3777/3777/3777 3779/3779/3779 3704/3704/3704
f 3704/3704/3704 3702/3702/3702 3777/3777/3777
f 3776/3776/3776 3774/3774/3774 3784/3784/3784
f 3784/3784/3784 3783/3783/3783 3776/3776/3776
f 3783/3783/3783 3784/3784/3784 3719/3719/3719
f 3719/3719/3719 3717/3717/3717 3783/3783/3783
f 3775/3775/3775 3777/3777/3777 3702/3702/3702
f 3702/3702/3702 3700/3700/3700 3775/3775/3775
f 3774/3774/3774 3772/3772/3772 3785/3785/3785
f 3785/3785/3785 3784/3784/3784 3774/3774/3774
f 3784/3784/3784 3785/3785/3785 3721/3721/3721
f 3721/3721/3721 3719/3719/3719 3784/3784/3784
f 3773/3773/3773 3775/3775/3775 3700/3700/3700
f 3700/3700/3700 3698/3698/3698 3773/3773/3773
f 3772/3772/3772 3770/3770/3770 3786/3786/3786
f 3786/3786/3786 3785/3785/3785 3772/3772/3772
f 3785/3785/3785 3786/3786/3786 3723/3723/3723
f 3723/3723/3723 3721/3721/3721 3785/3785/3785
f 3771/3771/3771 3773/3773/3773 3698/3698/3698
f 3698/3698/3698 3696/3696/3696 3771/3771/3771
f 3770/3770/3770 3768/3768/3768 3787/3787/3787
f 3787/3787/3787 3786/3786/3786 3770/3770/3770
f 3786/3786/3786 3787/3787/3787 3725/3725/3725
f 3725/3725/3725 3723/3723/3723 3786/3786/3786
f 3769/3769/3769 3771/3771/3771 3696/3696/3696
f 3696/3696/3696 3694/3694/3694 3769/3769/3769
f 3768/3768/3768 3765/3765/3765 3764/3764/3764
f 3764/3764/3764 3787/3787/3787 3768/3768/3768
f 3787/3787/3787 3764/3764/3764 3727/3727/3727
f 3727/3727/3727 3725/3725/3725 3787/3787/3787
f 3767/3767/3767 3769/3769/3769 3694/3694/3694
f 3694/3694/3694 3692/3692/3692 3767/3767/3767
f 3766/3766/3766 3767/3767/3767 3692/3692/3692
f 3692/3692/3692 3689/3689/3689 3766/3766/3766
f 3705/3705/3705 3657/3657/3657 3661/3661/3661
f 3661/3661/3661 3671/3671/3671 3705/3705/3705
f 3705/3705/3705 3671/3671/3671 3673/3673/3673
f 3673/3673/3673 3703/3703/3703 3705/3705/3705
f 3703/3703/3703 3673/3673/3673 3675/3675/3675
f 3675/3675/3675 3701/3701/3701 3703/3703/3703
f 3701/3701/3701 3675/3675/3675 3677/3677/3677
f 3677/3677/3677 3699/3699/3699 3701/3701/3701
f 3699/3699/3699 3677/3677/3677 3679/3679/3679
f 3679/3679/3679 3697/3697/3697 3699/3699/3699
f 3697/3697/3697 3679/3679/3679 3681/3681/3681
f 3681/3681/3681 3695/3695/3695 3697/3697/3697
f 3695/3695/3695 3681/3681/3681 3683/3683/3683
f 3683/3683/3683 3693/3693/3693 3695/3695/3695
f 3693/3693/3693 3683/3683/3683 3685/3685/3685
f 3685/3685/3685 3691/3691/3691 3693/3693/3693
f 3691/3691/3691 3685/3685/3685 3687/3687/3687
f 3687/3687/3687 3690/3690/3690 3691/3691/3691
f 3622/3622/3622 3619/3619/3619 3660/3660/3660
f 3660/3660/3660 3670/3670/3670 3622/3622/3622
f 3619/3619/3619 3624/3624/3624 3658/3658/3658
f 3658/3658/3658 3660/3660/3660 3619/3619/3619
f 3624/3624/3624 3626/3626/3626 3662/3662/3662
f 3662/3662/3662 3658/3658/3658 3624/3624/3624
f 3626/3626/3626 3627/3627/3627 3663/3663/3663
f 3663/3663/3663 3662/3662/3662 3626/3626/3626
f 3627/3627/3627 3629/3629/3629 3645/3645/3645
f 3645/3645/3645 3663/3663/3663 3627/3627/3627
f 3629/3629/3629 3632/3632/3632 3648/3648/3648
f 3648/3648/3648 3645/3645/3645 3629/3629/3629
f 3633/3633/3633 3636/3636/3636 3652/3652/3652
f 3652/3652/3652 3650/3650/3650 3633/3633/3633
f 3636/3636/3636 3637/3637/3637 3654/3654/3654
f 3654/3654/3654 3652/3652/3652 3636/3636/3636
f 3637/3637/3637 3639/3639/3639 3655/3655/3655
f 3655/3655/3655 3654/3654/3654 3637/3637/3637
f 3639/3639/3639 3642/3642/3642 3666/3666/3666
f 3666/3666/3666 3655/3655/3655 3639/3639/3639
f 3642/3642/3642 3643/3643/3643 3668/3668/3668
f 3668/3668/3668 3666/3666/3666 3642/3642/3642
f 3643/3643/3643 3622/3622/3622 3670/3670/3670
f 3670/3670/3670 3668/3668/3668 3643/3643/3643
f 3788/3788/3788 3801/3801/3801 3802/3802/3802
f 3802/3802/3802 3789/3789/3789 3788/3788/3788
f 3789/3789/3789 3802/3802/3802 3803/3803/3803
f 3803/3803/3803 3790/3790/3790 3789/3789/3789
f 3790/3790/3790 3803/3803/3803 3804/3804/3804
f 3804/3804/3804 3791/3791/3791 3790/3790/3790
f 3791/3791/3791 3804/3804/3804 3805/3805/3805
f 3805/3805/3805 3792/3792/3792 3791/3791/3791
f 3792/3792/3792 3805/3805/3805 3806/3806/3806
f 3806/3806/3806 3793/3793/3793 3792/3792/3792
f 3793/3793/3793 3806/3806/3806 3807/3807/3807
f 3807/3807/3807 3795/3795/3795 3793/3793/3793
f 3794/3794/3794 3808/3808/3808 3809/3809/3809
f 3809/3809/3809 3796/3796/3796 3794/3794/3794
f 3796/3796/3796 3809/3809/3809 3810/3810/3810
f 3810/3810/3810 3797/3797/3797 3796/3796/3796
f 3797/3797/3797 3810/3810/3810 3811/3811/3811
f 3811/3811/3811 3798/3798/3798 3797/3797/3797
f 3798/3798/3798 3811/3811/3811 3812/3812/3812
f 3812/3812/3812 3799/3799/3799 3798/3798/3798
f 3799/3799/3799 3812/3812/3812 3813/3813/3813
f 3813/3813/3813 3800/3800/3800 3799/3799/3799
f 3800/3800/3800 3813/3813/3813 3801/3801/3801
f 3801/3801/3801 3788/3788/3788 3800/3800/3800
f 3801/3801/3801 3814/3814/3814 3815/3815/3815
f 3815/3815/3815 3802/3802/3802 3801/3801/3801
f 3802/3802/3802 3815/3815/3815 3816/3816/3816
f 3816/3816/3816 3803/3803/3803 3802/3802/3802
f 3803/3803/3803 3816/3816/3816 3817/3817/3817
f 3817/3817/3817 3804/3804/3804 3803/3803/3803
f 3804/3804/3804 3817/3817/3817 3818/3818/3818
f 3818/3818/3818 3805/3805/3805 3804/3804/3804
f 3805/3805/3805 3818/3818/3818 3819/3819/3819
f 3819/3819/3819 3806/3806/3806 3805/3805/3805
f 3806/3806/3806 3819/3819/3819 3820/3820/3820
f 3820/3820/3820 3807/3807/3807 3806/3806/3806
f 3808/3808/3808 3821/3821/3821 3822/3822/3822
f 3822/3822/3822 3809/3809/3809 3808/3808/3808
f 3809/3809/3809 3822/3822/3822 3823/3823/3823
f 3823/3823/3823 3810/3810/3810 3809/3809/3809
f 3810/3810/3810 3823/3823/3823 3824/3824/3824
f 3824/3824/3824 3811/3811/3811 3810/3810/3810
f 3811/3811/3811 3824/3824/3824 3825/3825/3825
f 3825/3825/3825 3812/3812/3812 3811/3811/3811
f 3812/3812/3812 3825/3825/3825 3826/3826/3826
f 3826/3826/3826 3813/3813/3813 3812/3812/3812
f 3813/3813/3813 3826/3826/3826 3814/3814/3814
f 3814/3814/3814 3801/3801/3801 3813/3813/3813
f 3814/3814/3814 3827/3827/3827 3828/3828/3828
f 3828/3828/3828 3815/3815/3815 3814/3814/3814
f 3815/3815/3815 3828/3828/3828 3829/3829/3829
f 3829/3829/3829 3816/3816/3816 3815/3815/3815
f 3816/3816/3816 3829/3829/3829 3830/3830/3830
f 3830/3830/3830 3817/3817/3817 3816/3816/3816
f 3817/3817/3817 3830/3830/3830 3831/3831/3831
f 3831/3831/3831 3818/3818/3818 3817/3817/3817
f 3818/3818/3818 3831/3831/3831 3832/3832/3832
f 3832/3832/3832 3819/3819/3819 3818/3818/3818
f 3819/3819/3819 3832/3832/3832 3834/3834/3834
f 3834/3834/3834 3820/3820/3820 3819/3819/3819
f 3821/3821/3821 3833/3833/3833 3835/3835/3835
f 3835/3835/3835 3822/3822/3822 3821/3821/3821
f 3822/3822/3822 3835/3835/3835 3836/3836/3836
f 3836/3836/3836 3823/3823/3823 3822/3822/3822
f 3823/3823/3823 3836/3836/3836 3837/3837/3837
f 3837/3837/3837 3824/3824/3824 3823/3823/3823
f 3824/3824/3824 3837/3837/3837 3838/3838/3838
f 3838/3838/3838 3825/3825/3825 3824/3824/3824
f 3825/3825/3825 3838/3838/3838 3839/3839/3839
f 3839/3839/3839 3826/3826/3826 3825/3825/3825
f 3826/3826/3826 3839/3839/3839 3827/3827/3827
f 3827/3827/3827 3814/3814/3814 3826/3826/3826
f 3827/3827/3827 3840/3840/3840 3841/3841/3841
f 3841/3841/3841 3828/3828/3828 3827/3827/3827
f 3828/3828/3828 3841/3841/3841 3842/3842/3842
f 3842/3842/3842 3829/3829/3829 3828/3828/3828
f 3829/3829/3829 3842/3842/3842 3843/3843/3843
f 3843/3843/3843 3830/3830/3830 3829/3829/3829
f 3830/3830/3830 3843/3843/3843 3844/3844/3844
f 3844/3844/3844 3831/3831/3831 3830/3830/3830
f 3831/3831/3831 3844/3844/3844 3845/3845/3845
f 3845/3845/3845 3832/3832/3832 3831/3831/3831
f 3832/3832/3832 3845/3845/3845 3846/3846/3846
f 3846/3846/3846 3834/3834/3834 3832/3832/3832
f 3833/3833/3833 3847/3847/3847 3848/3848/3848
f 3848/3848/3848 3835/3835/3835 3833/3833/3833
f 3835/3835/3835 3848/3848/3848 3849/3849/3849
f 3849/3849/3849 3836/3836/3836 3835/3835/3835
f 3836/3836/3836 3849/3849/3849 3850/3850/3850
f 3850/3850/3850 3837/3837/3837 3836/3836/3836
f 3837/3837/3837 3850/3850/3850 3851/3851/3851
f 3851/3851/3851 3838/3838/3838 3837/3837/3837
f 3838/3838/3838 3851/3851/3851 3852/3852/3852
f 3852/3852/3852 3839/3839/3839 3838/3838/3838
f 3839/3839/3839 3852/3852/3852 3840/3840/3840
f 3840/3840/3840 3827/3827/3827 3839/3839/3839
f 3840/3840/3840 3853/3853/3853 3854/3854/3854
f 3854/3854/3854 3841/3841/3841 3840/3840/3840
f 3841/3841/3841 3854/3854/3854 3855/3855/3855
f 3855/3855/3855 3842/3842/3842 3841/3841/3841
f 3842/3842/3842 3855/3855/3855 3856/3856/3856
f 3856/3856/3856 3843/3843/3843 3842/3842/3842
f 3843/3843/3843 3856/3856/3856 3857/3857/3857
f 3857/3857/3857 3844/3844/3844 3843/3843/3843
f 3844/3844/3844 3857/3857/3857 3858/3858/3858
f 3858/3858/3858 3845/3845/3845 3844/3844/3844
f 3845/3845/3845 3858/3858/3858 3859/3859/3859
f 3859/3859/3859 3846/3846/3846 3845/3845/3845
f 3847/3847/3847 3860/3860/3860 3861/3861/3861
f 3861/3861/3861 3848/3848/3848 3847/3847/3847
f 3848/3848/3848 3861/3861/3861 3862/3862/3862
f 3862/3862/3862 3849/3849/3849 3848/3848/3848
f 3849/3849/3849 3862/3862/3862 3863/3863/3863
f 3863/3863/3863 3850/3850/3850 3849/3849/3849
f 3850/3850/3850 3863/3863/3863 3864/3864/3864
f 3864/3864/3864 3851/3851/3851 3850/3850/3850
f 3851/3851/3851 3864/3864/3864 3865/3865/3865
f 3865/3865/3865 3852/3852/3852 3851/3851/3851
f 3852/3852/3852 3865/3865/3865 3853/3853/3853
f 3853/3853/3853 3840/3840/3840 3852/3852/3852
f 3853/3853/3853 3866/3866/3866 3867/3867/3867
f 3867/3867/3867 3854/3854/3854 3853/3853/3853
f 3854/3854/3854 3867/3867/3867 3868/3868/3868
f 3868/3868/3868 3855/3855/3855 3854/3854/3854
f 3855/3855/3855 3868/3868/3868 3869/3869/3869
f 3869/3869/3869 3856/3856/3856 3855/3855/3855
f 3856/3856/3856 3869/3869/3869 3870/3870/3870
f 3870/3870/3870 3857/3857/3857 3856/3856/3856
f 3857/3857/3857 3870/3870/3870 3871/3871/3871
f 3871/3871/3871 3858/3858/3858 3857/3857/3857
f 3858/3858/3858 3871/3871/3871 3873/3873/3873
f 3873/3873/3873 3859/3859/3859 3858/3858/3858
f 3860/3860/3860 3872/3872/3872 3874/3874/3874
f 3874/3874/3874 3861/3861/3861 3860/3860/3860
f 3861/3861/3861 3874/3874/3874 3875/3875/3875
f 3875/3875/3875 3862/3862/3862 3861/3861/3861
f 3862/3862/3862 3875/3875/3875 3876/3876/3876
f 3876/3876/3876 3863/3863/3863 3862/3862/3862
f 3863/3863/3863 3876/3876/3876 3877/3877/3877
f 3877/3877/3877 3864/3864/3864 3863/3863/3863
f 3864/3864/3864 3877/3877/3877 3878/3878/3878
f 3878/3878/3878 3865/3865/3865 3864/3864/3864
f 3865/3865/3865 3878/3878/3878 3866/3866/3866
f 3866/3866/3866 3853/3853/3853 3865/3865/3865
f 3866/3866/3866 3879/3879/3879 3880/3880/3880
f 3880/3880/3880 3867/3867/3867 3866/3866/3866
f 3867/3867/3867 3880/3880/3880 3881/3881/3881
f 3881/3881/3881 3868/3868/3868 3867/3867/3867
f 3868/3868/3868 3881/3881/3881 3882/3882/3882
f 3882/3882/3882 3869/3869/3869 3868/3868/3868
f 3869/3869/3869 3882/3882/3882 3883/3883/3883
f 3883/3883/3883 3870/3870/3870 3869/3869/3869
f 3870/3870/3870 3883/3883/3883 3884/3884/3884
f 3884/3884/3884 3871/3871/3871 3870/3870/3870
f 3871/3871/3871 3884/3884/3884 3886/3886/3886
f 3886/3886/3886 3873/3873/3873 3871/3871/3871
f 3872/3872/3872 3885/3885/3885 3887/3887/3887
f 3887/3887/3887 3874/3874/3874 3872/3872/3872
f 3874/3874/3874 3887/3887/3887 3888/3888/3888
f 3888/3888/3888 3875/3875/3875 3874/3874/3874
f 3875/3875/3875 3888/3888/3888 3889/3889/3889
f 3889/3889/3889 3876/3876/3876 3875/3875/3875
f 3876/3876/3876 3889/3889/3889 3890/3890/3890
f 3890/3890/3890 3877/3877/3877 3876/3876/3876
f 3877/3877/3877 3890/3890/3890 3891/3891/3891
f 3891/3891/3891 3878/3878/3878 3877/3877/3877
f 3878/3878/3878 3891/3891/3891 3879/3879/3879
f 3879/3879/3879 3866/3866/3866 3878/3878/3878
f 3879/3879/3879 3892/3892/3892 3893/3893/3893
f 3893/3893/3893 3880/3880/3880 3879/3879/3879
f 3880/3880/3880 3893/3893/3893 3894/3894/3894
f 3894/3894/3894 3881/3881/3881 3880/3880/3880
f 3881/3881/3881 3894/3894/3894 3895/3895/3895
f 3895/3895/3895 3882/3882/3882 3881/3881/3881
f 3882/3882/3882 3895/3895/3895 3896/3896/3896
f 3896/3896/3896 3883/3883/3883 3882/3882/3882
f 3883/3883/3883 3896/3896/3896 3897/3897/3897
f 3897/3897/3897 3884/3884/3884 3883/3883/3883
f 3884/3884/3884 3897/3897/3897 3899/3899/3899
f 3899/3899/3899 3886/3886/3886 3884/3884/3884
f 3885/3885/3885 3898/3898/3898 3900/3900/3900
f 3900/3900/3900 3887/3887/3887 3885/3885/3885
f 3887/3887/3887 3900/3900/3900 3901/3901/3901
f 3901/3901/3901 3888/3888/3888 3887/3887/3887
f 3888/3888/3888 3901/3901/3901 3902/3902/3902
f 3902/3902/3902 3889/3889/3889 3888/3888/3888
f 3889/3889/3889 3902/3902/3902 3903/3903/3903
f 3903/3903/3903 3890/3890/3890 3889/3889/3889
f 3890/3890/3890 3903/3903/3903 3904/3904/3904
f 3904/3904/3904 3891/3891/3891 3890/3890/3890
f 3891/3891/3891 3904/3904/3904 3892/3892/3892
f 3892/3892/3892 3879/3879/3879 3891/3891/3891
f 3892/3892/3892 3905/3905/3905 3906/3906/3906
f 3906/3906/3906 3893/3893/3893 3892/3892/3892
f 3893/3893/3893 3906/3906/3906 3907/3907/3907
f 3907/3907/3907 3894/3894/3894 3893/3893/3893
f 3894/3894/3894 3907/3907/3907 3908/3908/3908
f 3908/3908/3908 3895/3895/3895 3894/3894/3894
f 3895/3895/3895 3908/3908/3908 3909/3909/3909
f 3909/3909/3909 3896/3896/3896 3895/3895/3895
f 3896/3896/3896 3909/3909/3909 3910/3910/3910
f 3910/3910/3910 3897/3897/3897 3896/3896/3896
f 3897/3897/3897 3910/3910/3910 3911/3911/3911
f 3911/3911/3911 3899/3899/3899 3897/3897/3897
f 3898/3898/3898 3912/3912/3912 3913/3913/3913
f 3913/3913/3913 3900/3900/3900 3898/3898/3898
f 3900/3900/3900 3913/3913/3913 3914/3914/3914
f 3914/3914/3914 3901/3901/3901 3900/3900/3900
f 3901/3901/3901 3914/3914/3914 3915/3915/3915
f 3915/3915/3915 3902/3902/3902 3901/3901/3901
f 3902/3902/3902 3915/3915/3915 3916/3916/3916
f 3916/3916/3916 3903/3903/3903 3902/3902/3902
f 3903/3903/3903 3916/3916/3916 3917/3917/3917
f 3917/3917/3917 3904/3904/3904 3903/3903/3903
f 3904/3904/3904 3917/3917/3917 3905/3905/3905
f 3905/3905/3905 3892/3892/3892 3904/3904/3904
f 3905/3905/3905 3918/3918/3918 3919/3919/3919
f 3919/3919/3919 3906/3906/3906 3905/3905/3905
f 3906/3906/3906 3919/3919/3919 3920/3920/3920
f 3920/3920/3920 3907/3907/3907 3906/3906/3906
f 3907/3907/3907 3920/3920/3920 3921/3921/3921
f 3921/3921/3921 3908/3908/3908 3907/3907/3907
f 3908/3908/3908 3921/3921/3921 3922/3922/3922
f 3922/3922/3922 3909/3909/3909 3908/3908/3908
f 3909/3909/3909 3922/3922/3922 3923/3923/3923
f 3923/3923/3923 3910/3910/3910 3909/3909/3909
f 3910/3910/3910 3923/3923/3923 3924/3924/3924
f 3924/3924/3924 3911/3911/3911 3910/3910/3910
f 3912/3912/3912 3925/3925/3925 3926/3926/3926
f 3926/3926/3926 3913/3913/3913 3912/3912/3912
f 3913/3913/3913 3926/3926/3926 3927/3927/3927
f 3927/3927/3927 3914/3914/3914 3913/3913/3913
f 3914/3914/3914 3927/3927/3927 3928/3928/3928
f 3928/3928/3928 3915/3915/3915 3914/3914/3914
f 3915/3915/3915 3928/3928/3928 3929/3929/3929
f 3929/3929/3929 3916/3916/3916 3915/3915/3915
f 3916/3916/3916 3929/3929/3929 3930/3930/3930
f 3930/3930/3930 3917/3917/3917 3916/3916/3916
f 3917/3917/3917 3930/3930/3930 3918/3918/3918
f 3918/3918/3918 3905/3905/3905 3917/3917/3917
f 3931/3931/3931 3944/3944/3944 3945/3945/3945
f 3945/3945/3945 3932/3932/3932 3931/3931/3931
f 3932/3932/3932 3945/3945/3945 3946/3946/3946
f 3946/3946/3946 3933/3933/3933 3932/3932/3932
f 3933/3933/3933 3946/3946/3946 3947/3947/3947
f 3947/3947/3947 3934/3934/3934 3933/3933/3933
f 3934/3934/3934 3947/3947/3947 3948/3948/3948
f 3948/3948/3948 3935/3935/3935 3934/3934/3934
f 3935/3935/3935 3948/3948/3948 3949/3949/3949
f 3949/3949/3949 3936/3936/3936 3935/3935/3935
f 3936/3936/3936 3949/3949/3949 3951/3951/3951
f 3951/3951/3951 3938/3938/3938 3936/3936/3936
f 3937/3937/3937 3950/3950/3950 3952/3952/3952
f 3952/3952/3952 3939/3939/3939 3937/3937/3937
f 3939/3939/3939 3952/3952/3952 3953/3953/3953
f 3953/3953/3953 3940/3940/3940 3939/3939/3939
f 3940/3940/3940 3953/3953/3953 3954/3954/3954
f 3954/3954/3954 3941/3941/3941 3940/3940/3940
f 3941/3941/3941 3954/3954/3954 3955/3955/3955
f 3955/3955/3955 3942/3942/3942 3941/3941/3941
f 3942/3942/3942 3955/3955/3955 3956/3956/3956
f 3956/3956/3956 3943/3943/3943 3942/3942/3942
f 3943/3943/3943 3956/3956/3956 3944/3944/3944
f 3944/3944/3944 3931/3931/3931 3943/3943/3943
f 3944/3944/3944 3957/3957/3957 3958/3958/3958
f 3958/3958/3958 3945/3945/3945 3944/3944/3944
f 3945/3945/3945 3958/3958/3958 3959/3959/3959
f 3959/3959/3959 3946/3946/3946 3945/3945/3945
f 3946/3946/3946 3959/3959/3959 3960/3960/3960
f 3960/3960/3960 3947/3947/3947 3946/3946/3946
f 3947/3947/3947 3960/3960/3960 3961/3961/3961
f 3961/3961/3961 3948/3948/3948 3947/3947/3947
f 3948/3948/3948 3961/3961/3961 3962/3962/3962
f 3962/3962/3962 3949/3949/3949 3948/3948/3948
f 3949/3949/3949 3962/3962/3962 3963/3963/3963
f 3963/3963/3963 3951/3951/3951 3949/3949/3949
f 3950/3950/3950 3964/3964/3964 3965/3965/3965
f 3965/3965/3965 3952/3952/3952 3950/3950/3950
f 3952/3952/3952 3965/3965/3965 3966/3966/3966
f 3966/3966/3966 3953/3953/3953 3952/3952/3952
f 3953/3953/3953 3966/3966/3966 3967/3967/3967
f 3967/3967/3967 3954/3954/3954 3953/3953/3953
f 3954/3954/3954 3967/3967/3967 3968/3968/3968
f 3968/3968/3968 3955/3955/3955 3954/3954/3954
f 3955/3955/3955 3968/3968/3968 3969/3969/3969
f 3969/3969/3969 3956/3956/3956 3955/3955/3955
f 3956/3956/3956 3969/3969/3969 3957/3957/3957
f 3957/3957/3957 3944/3944/3944 3956/3956/3956
f 3957/3957/3957 3970/3970/3970 3971/3971/3971
f 3971/3971/3971 3958/3958/3958 3957/3957/3957
f 3958/3958/3958 3971/3971/3971 3972/3972/3972
f 3972/3972/3972 3959/3959/3959 3958/3958/3958
f 3959/3959/3959 3972/3972/3972 3973/3973/3973
f 3973/3973/3973 3960/3960/3960 3959/3959/3959
f 3960/3960/3960 3973/3973/3973 3974/3974/3974
f 3974/3974/3974 3961/3961/3961 3960/3960/3960
f 3961/3961/3961 3974/3974/3974 3975/3975/3975
f 3975/3975/3975 3962/3962/3962 3961/3961/3961
f 3962/3962/3962 3975/3975/3975 3976/3976/3976
f 3976/3976/3976 3963/3963/3963 3962/3962/3962
f 3964/3964/3964 3977/3977/3977 3978/3978/3978
f 3978/3978/3978 3965/3965/3965 3964/3964/3964
f 3965/3965/3965 3978/3978/3978 3979/3979/3979
f 3979/3979/3979 3966/3966/3966 3965/3965/3965
f 3966/3966/3966 3979/3979/3979 3980/3980/3980
f 3980/3980/3980 3967/3967/3967 3966/3966/3966
f 3967/3967/3967 3980/3980/3980 3981/3981/3981
f 3981/3981/3981 3968/3968/3968 3967/3967/3967
f 3968/3968/3968 3981/3981/3981 3982/3982/3982
f 3982/3982/3982 3969/3969/3969 3968/3968/3968
f 3969/3969/3969 3982/3982/3982 3970/3970/3970
f 3970/3970/3970 3957/3957/3957 3969/3969/3969
f 3970/3970/3970 3983/3983/3983 3984/3984/3984
f 3984/3984/3984 3971/3971/3971 3970/3970/3970
f 3971/3971/3971 3984/3984/3984 3985/3985/3985
f 3985/3985/3985 3972/3972/3972 3971/3971/3971
f 3972/3972/3972 3985/3985/3985 3986/3986/3986
f 3986/3986/3986 3973/3973/3973 3972/3972/3972
f 3973/3973/3973 3986/3986/3986 3987/3987/3987
f 3987/3987/3987 3974/3974/3974 3973/3973/3973
f 3974/3974/3974 3987/3987/3987 3988/3988/3988
f 3988/3988/3988 3975/3975/3975 3974/3974/3974
f 3975/3975/3975 3988/3988/3988 3989/3989/3989
f 3989/3989/3989 3976/3976/3976 3975/3975/3975
f 3977/3977/3977 3990/3990/3990 3991/3991/3991
f 3991/3991/3991 3978/3978/3978 3977/3977/3977
f 3978/3978/3978 3991/3991/3991 3992/3992/3992
f 3992/3992/3992 3979/3979/3979 3978/3978/3978
f 3979/3979/3979 3992/3992/3992 3993/3993/3993
f 3993/3993/3993 3980/3980/3980 3979/3979/3979
f 3980/3980/3980 3993/3993/3993 3994/3994/3994
f 3994/3994/3994 3981/3981/3981 3980/3980/3980
f 3981/3981/3981 3994/3994/3994 3995/3995/3995
f 3995/3995/3995 3982/3982/3982 3981/3981/3981
f 3982/3982/3982 3995/3995/3995 3983/3983/3983
f 3983/3983/3983 3970/3970/3970 3982/3982/3982
f 3983/3983/3983 3996/3996/3996 3997/3997/3997
f 3997/3997/3997 3984/3984/3984 3983/3983/3983
f 3984/3984/3984 3997/3997/3997 3998/3998/3998
f 3998/3998/3998 3985/3985/3985 3984/3984/3984
f 3985/3985/3985 3998/3998/3998 3999/3999/3999
f 3999/3999/3999 3986/3986/3986 3985/3985/3985
f 3986/3986/3986 3999/3999/3999 4000/4000/4000
f 4000/4000/4000 3987/3987/3987 3986/3986/3986
f 3987/3987/3987 4000/4000/4000 4001/4001/4001
f 4001/4001/4001 3988/3988/3988 3987/3987/3987
f 3988/3988/3988 4001/4001/4001 4003/4003/4003
f 4003/4003/4003 3989/3989/3989 3988/3988/3988
f 3990/3990/3990 4002/4002/4002 4004/4004/4004
f 4004/4004/4004 3991/3991/3991 3990/3990/3990
f 3991/3991/3991 4004/4004/4004 4005/4005/4005
f 4005/4005/4005 3992/3992/3992 3991/3991/3991
f 3992/3992/3992 4005/4005/4005 4006/4006/4006
f 4006/4006/4006 3993/3993/3993 3992/3992/3992
f 3993/3993/3993 4006/4006/4006 4007/4007/4007
f 4007/4007/4007 3994/3994/3994 3993/3993/3993
f 3994/3994/3994 4007/4007/4007 4008/4008/4008
f 4008/4008/4008 3995/3995/3995 3994/3994/3994
f 3995/3995/3995 4008/4008/4008 3996/3996/3996
f 3996/3996/3996 3983/3983/3983 3995/3995/3995
f 3996/3996/3996 4009/4009/4009 4010/4010/4010
f 4010/4010/4010 3997/3997/3997 3996/3996/3996
f 3997/3997/3997 4010/4010/4010 4011/4011/4011
f 4011/4011/4011 3998/3998/3998 3997/3997/3997
f 3998/3998/3998 4011/4011/4011 4012/4012/4012
f 4012/4012/4012 3999/3999/3999 3998/3998/3998
f 3999/3999/3999 4012/4012/4012 4013/4013/4013
f 4013/4013/4013 4000/4000/4000 3999/3999/3999
f 4000/4000/4000 4013/4013/4013 4014/4014/4014
f 4014/4014/4014 4001/4001/4001 4000/4000/4000
f 4001/4001/4001 4014/4014/4014 4015/4015/4015
f 4015/4015/4015 4003/4003/4003 4001/4001/4001
f 4002/4002/4002 4016/4016/4016 4017/4017/4017
f 4017/4017/4017 4004/4004/4004 4002/4002/4002
f 4004/4004/4004 4017/4017/4017 4018/4018/4018
f 4018/4018/4018 4005/4005/4005 4004/4004/4004
f 4005/4005/4005 4018/4018/4018 4019/4019/4019
f 4019/4019/4019 4006/4006/4006 4005/4005/4005
f 4006/4006/4006 4019/4019/4019 4020/4020/4020
f 4020/4020/4020 4007/4007/4007 4006/4006/4006
f 4007/4007/4007 4020/4020/4020 4021/4021/4021
f 4021/4021/4021 4008/4008/4008 4007/4007/4007
f 4008/4008/4008 4021/4021/4021 4009/4009/4009
f 4009/4009/4009 3996/3996/3996 4008/4008/4008
f 4009/4009/4009 4022/4022/4022 4023/4023/4023
f 4023/4023/4023 4010/4010/4010 4009/4009/4009
f 4010/4010/4010 4023/4023/4023 4024/4024/4024
f 4024/4024/4024 4011/4011/4011 4010/4010/4010
f 4011/4011/4011 4024/4024/4024 4025/4025/4025
f 4025/4025/4025 4012/4012/4012 4011/4011/4011
f 4012/4012/4012 4025/4025/4025 4026/4026/4026
f 4026/4026/4026 4013/4013/4013 4012/4012/4012
f 4013/4013/4013 4026/4026/4026 4027/4027/4027
f 4027/4027/4027 4014/4014/4014 4013/4013/4013
f 4014/4014/4014 4027/4027/4027 4029/4029/4029
f 4029/4029/4029 4015/4015/4015 4014/4014/4014
f 4016/4016/4016 4028/4028/4028 4030/4030/4030
f 4030/4030/4030 4017/4017/4017 4016/4016/4016
f 4017/4017/4017 4030/4030/4030 4031/4031/4031
f 4031/4031/4031 4018/4018/4018 4017/4017/4017
f 4018/4018/4018 4031/4031/4031 4032/4032/4032
f 4032/4032/4032 4019/4019/4019 4018/4018/4018
f 4019/4019/4019 4032/4032/4032 4033/4033/4033
f 4033/4033/4033 4020/4020/4020 4019/4019/4019
f 4020/4020/4020 4033/4033/4033 4034/4034/4034
f 4034/4034/4034 4021/4021/4021 4020/4020/4020
f 4021/4021/4021 4034/4034/4034 4022/4022/4022
f 4022/4022/4022 4009/4009/4009 4021/4021/4021
f 4022/4022/4022 4035/4035/4035 4036/4036/4036
f 4036/4036/4036 4023/4023/4023 4022/4022/4022
f 4023/4023/4023 4036/4036/4036 4037/4037/4037
f 4037/4037/4037 4024/4024/4024 4023/4023/4023
f 4024/4024/4024 4037/4037/4037 4038/4038/4038
f 4038/4038/4038 4025/4025/4025 4024/4024/4024
f 4025/4025/4025 4038/4038/4038 4039/4039/4039
f 4039/4039/4039 4026/4026/4026 4025/4025/4025
f 4026/4026/4026 4039/4039/4039 4040/4040/4040
f 4040/4040/4040 4027/4027/4027 4026/4026/4026
f 4027/4027/4027 4040/4040/4040 4042/4042/4042
f 4042/4042/4042 4029/4029/4029 4027/4027/4027
f 4028/4028/4028 4041/4041/4041 4043/4043/4043
f 4043/4043/4043 4030/4030/4030 4028/4028/4028
f 4030/4030/4030 4043/4043/4043 4044/4044/4044
f 4044/4044/4044 4031/4031/4031 4030/4030/4030
f 4031/4031/4031 4044/4044/4044 4045/4045/4045
f 4045/4045/4045 4032/4032/4032 4031/4031/4031
f 4032/4032/4032 4045/4045/4045 4046/4046/4046
f 4046/4046/4046 4033/4033/4033 4032/4032/4032
f 4033/4033/4033 4046/4046/4046 4047/4047/4047
f 4047/4047/4047 4034/4034/4034 4033/4033/4033
f 4034/4034/4034 4047/4047/4047 4035/4035/4035
f 4035/4035/4035 4022/4022/4022 4034/4034/4034
f 4035/4035/4035 4048/4048/4048 4049/4049/4049
f 4049/4049/4049 4036/4036/4036 4035/4035/4035
f 4036/4036/4036 4049/4049/4049 4050/4050/4050
f 4050/4050/4050 4037/4037/4037 4036/4036/4036
f 4037/4037/4037 4050/4050/4050 4051/4051/4051
f 4051/4051/4051 4038/4038/4038 4037/4037/4037
f 4038/4038/4038 4051/4051/4051 4052/4052/4052
f 4052/4052/4052 4039/4039/4039 4038/4038/4038
f 4039/4039/4039 4052/4052/4052 4053/4053/4053
f 4053/4053/4053 4040/4040/4040 4039/4039/4039
f 4040/4040/4040 4053/4053/4053 4054/4054/4054
f 4054/4054/4054 4042/4042/4042 4040/4040/4040
f 4041/4041/4041 4055/4055/4055 4056/4056/4056
f 4056/4056/4056 4043/4043/4043 4041/4041/4041
f 4043/4043/4043 4056/4056/4056 4057/4057/4057
f 4057/4057/4057 4044/4044/4044 4043/4043/4043
f 4044/4044/4044 4057/4057/4057 4058/4058/4058
f 4058/4058/4058 4045/4045/4045 4044/4044/4044
f 4045/4045/4045 4058/4058/4058 4059/4059/4059
f 4059/4059/4059 4046/4046/4046 4045/4045/4045
f 4046/4046/4046 4059/4059/4059 4060/4060/4060
f 4060/4060/4060 4047/4047/4047 4046/4046/4046
f 4047/4047/4047 4060/4060/4060 4048/4048/4048
f 4048/4048/4048 4035/4035/4035 4047/4047/4047
f 4048/4048/4048 4061/4061/4061 4062/4062/4062
f 4062/4062/4062 4049/4049/4049 4048/4048/4048
f 4049/4049/4049 4062/4062/4062 4063/4063/4063
f 4063/4063/4063 4050/4050/4050 4049/4049/4049
f 4050/4050/4050 4063/4063/4063 4064/4064/4064
f 4064/4064/4064 4051/4051/4051 4050/4050/4050
f 4051/4051/4051 4064/4064/4064 4065/4065/4065
f 4065/4065/4065 4052/4052/4052 4051/4051/4051
f 4052/4052/4052 4065/4065/4065 4066/4066/4066
f 4066/4066/4066 4053/4053/4053 4052/4052/4052
f 4053/4053/4053 4066/4066/4066 4067/4067/4067
f 4067/4067/4067 4054/4054/4054 4053/4053/4053
f 4055/4055/4055 4068/4068/4068 4069/4069/4069
f 4069/4069/4069 4056/4056/4056 4055/4055/4055
f 4056/4056/4056 4069/4069/4069 4070/4070/4070
f 4070/4070/4070 4057/4057/4057 4056/4056/4056
f 4057/4057/4057 4070/4070/4070 4071/4071/4071
f 4071/4071/4071 4058/4058/4058 4057/4057/4057
f 4058/4058/4058 4071/4071/4071 4072/4072/4072
f 4072/4072/4072 4059/4059/4059 4058/4058/4058
f 4059/4059/4059 4072/4072/4072 4073/4073/4073
f 4073/4073/4073 4060/4060/4060 4059/4059/4059
f 4060/4060/4060 4073/4073/4073 4061/4061/4061
f 4061/4061/4061 4048/4048/4048 4060/4060/4060

