mtllib material.mtl
usemtl material_0
v -0.02083500 -0.00900000 -0.00400000
v -0.02083500 -0.00900000 -0.00400000
v -0.02083500 -0.00900000 -0.00400000
v -0.02083500 -0.00900000 -0.00400000
v -0.02070100 -0.00900000 -0.00450000
v -0.02070100 -0.00900000 -0.00450000
v -0.02070100 -0.00900000 -0.00450000
v -0.02070100 -0.00900000 -0.00450000
v -0.02070100 -0.00900000 -0.00450000
v -0.02020100 -0.00900000 -0.01170000
v -0.02020100 -0.00900000 -0.01170000
v -0.02020100 -0.00900000 -0.01170000
v -0.02020100 -0.00900000 -0.01170000
v -0.02020100 -0.00900000 -0.01170000
v -0.02020100 -0.00900000 0.01170000
v -0.02020100 -0.00900000 0.01170000
v -0.02020100 -0.00900000 0.01170000
v -0.02020100 -0.00900000 0.01170000
v -0.02070100 -0.00900000 0.01220000
v -0.02070100 -0.00900000 0.01220000
v -0.02070100 -0.00900000 0.01220000
v -0.02070100 -0.00900000 0.01220000
v -0.02070100 -0.00900000 0.01220000
v -0.02070100 -0.00900000 0.00450000
v -0.02070100 -0.00900000 0.00450000
v -0.02070100 -0.00900000 0.00450000
v -0.02070100 -0.00900000 0.00450000
v -0.02070100 -0.00900000 0.00450000
v -0.02083500 -0.00900000 0.00400000
v -0.02083500 -0.00900000 0.00400000
v -0.02083500 -0.00900000 0.00400000
v -0.02083500 -0.00900000 0.00400000
v -0.02083500 -0.00900000 0.00400000
v -0.02020100 -0.00900000 0.00300000
v -0.02020100 -0.00900000 0.00300000
v -0.02020100 -0.00900000 0.00300000
v -0.02020100 -0.00900000 0.00300000
v -0.02020100 -0.00900000 0.00300000
v -0.04950100 -0.00900000 -0.00350000
v -0.04950100 -0.00900000 -0.00350000
v -0.04950100 -0.00900000 -0.00350000
v -0.04950100 -0.00900000 -0.00350000
v -0.04950100 -0.00900000 -0.00350000
v -0.04950100 -0.00900000 -0.00350000
v -0.04900100 -0.00900000 -0.00300000
v -0.04900100 -0.00900000 -0.00300000
v -0.04900100 -0.00900000 -0.00300000
v -0.04900100 -0.00900000 -0.00300000
v -0.04900100 -0.00900000 -0.00300000
v -0.02170100 -0.00900000 -0.00350000
v -0.02170100 -0.00900000 -0.00350000
v -0.02170100 -0.00900000 -0.00350000
v -0.02170100 -0.00900000 -0.00350000
v -0.02170100 -0.00900000 -0.00350000
v -0.02120000 -0.00900000 -0.00363400
v -0.02120000 -0.00900000 -0.00363400
v -0.02120000 -0.00900000 -0.00363400
v -0.02120000 -0.00900000 -0.00363400
v -0.02120000 -0.00900000 -0.00363400
v -0.00837100 0.00900000 0.00075000
v -0.00837100 0.00900000 0.00075000
v -0.00837100 0.00900000 0.00075000
v -0.00837100 0.00900000 0.00075000
v -0.00837100 0.00900000 0.00075000
v -0.00824100 0.00898300 0.00075000
v -0.00824100 0.00898300 0.00075000
v -0.00824100 0.00898300 0.00075000
v -0.00824100 0.00898300 0.00075000
v -0.00824100 0.00898300 0.00075000
v -0.00812100 0.00893300 0.01220000
v -0.00812100 0.00893300 0.01220000
v -0.00812100 0.00893300 0.01220000
v -0.00812100 0.00893300 0.01220000
v -0.00812100 0.00893300 0.01220000
v -0.00812100 0.00893300 0.01220000
v -0.00812100 0.00893300 0.01220000
v -0.00801600 0.00885300 0.00073500
v -0.00801600 0.00885300 0.00073500
v -0.00801600 0.00885300 0.00073500
v -0.00801600 0.00885300 0.00073500
v -0.00801600 0.00885300 0.00073500
v -0.00793800 0.00875000 0.01220000
v -0.00793800 0.00875000 0.01220000
v -0.00793800 0.00875000 0.01220000
v -0.00793800 0.00875000 0.01220000
v -0.00793800 0.00875000 0.01220000
v -0.00793800 0.00875000 0.01220000
v -0.00793800 0.00875000 0.01220000
v 0.00012900 0.00700000 0.00870000
v 0.00012900 0.00700000 0.00870000
v 0.00012900 0.00700000 0.00870000
v 0.00012900 0.00700000 0.00870000
v 0.00012900 0.00700000 0.00870000
v 0.00000000 0.00700000 0.00740000
v 0.00000000 0.00700000 0.00740000
v 0.00000000 0.00700000 0.00740000
v 0.00000000 0.00700000 0.00740000
v 0.00000000 0.00700000 0.00740000
v 0.00349900 -0.00606300 0.00075000
v 0.00349900 -0.00606300 0.00075000
v 0.00349900 -0.00606300 0.00075000
v 0.00349900 -0.00606300 0.00075000
v 0.00349900 -0.00606300 0.00075000
v 0.00509100 -0.00480400 0.00075000
v 0.00509100 -0.00480400 0.00075000
v 0.00509100 -0.00480400 0.00075000
v 0.00509100 -0.00480400 0.00075000
v 0.00509100 -0.00480400 0.00075000
v 0.00625500 -0.00314200 0.00075000
v 0.00625500 -0.00314200 0.00075000
v 0.00625500 -0.00314200 0.00075000
v 0.00625500 -0.00314200 0.00075000
v 0.00625500 -0.00314200 0.00075000
v 0.00625500 -0.00314200 0.00870000
v 0.00625500 -0.00314200 0.00870000
v 0.00625500 -0.00314200 0.00870000
v 0.00625500 -0.00314200 0.00870000
v 0.00689400 -0.00121600 0.00075000
v 0.00689400 -0.00121600 0.00075000
v 0.00689400 -0.00121600 0.00075000
v 0.00689400 -0.00121600 0.00075000
v 0.00689400 -0.00121600 0.00075000
v 0.00689400 -0.00121600 0.00870000
v 0.00689400 -0.00121600 0.00870000
v 0.00689400 -0.00121600 0.00870000
v 0.00689400 -0.00121600 0.00870000
v 0.00695300 0.00081200 0.00075000
v 0.00695300 0.00081200 0.00075000
v 0.00695300 0.00081200 0.00075000
v 0.00695300 0.00081200 0.00075000
v 0.00695300 0.00081200 0.00075000
v 0.00642800 0.00277200 0.00075000
v 0.00642800 0.00277200 0.00075000
v 0.00642800 0.00277200 0.00075000
v 0.00642800 0.00277200 0.00075000
v 0.00642800 0.00277200 0.00075000
v 0.00536200 0.00449900 0.00075000
v 0.00536200 0.00449900 0.00075000
v 0.00536200 0.00449900 0.00075000
v 0.00536200 0.00449900 0.00075000
v 0.00536200 0.00449900 0.00075000
v 0.00536200 0.00449900 0.00870000
v 0.00536200 0.00449900 0.00870000
v 0.00536200 0.00449900 0.00870000
v 0.00536200 0.00449900 0.00870000
v 0.00384700 0.00584800 0.00870000
v 0.00384700 0.00584800 0.00870000
v 0.00384700 0.00584800 0.00870000
v 0.00384700 0.00584800 0.00870000
v 0.00161300 -0.00681100 -0.00225000
v 0.00161300 -0.00681100 -0.00225000
v 0.00161300 -0.00681100 -0.00225000
v 0.00161300 -0.00681100 -0.00225000
v 0.00349900 -0.00606300 -0.00225000
v 0.00349900 -0.00606300 -0.00225000
v 0.00349900 -0.00606300 -0.00225000
v 0.00349900 -0.00606300 -0.00225000
v 0.00349900 -0.00606300 -0.00225000
v 0.00349900 -0.00606300 -0.00075000
v 0.00349900 -0.00606300 -0.00075000
v 0.00349900 -0.00606300 -0.00075000
v 0.00349900 -0.00606300 -0.00075000
v 0.00509100 -0.00480400 -0.00075000
v 0.00509100 -0.00480400 -0.00075000
v 0.00509100 -0.00480400 -0.00075000
v 0.00509100 -0.00480400 -0.00075000
v 0.00625500 -0.00314200 -0.00075000
v 0.00625500 -0.00314200 -0.00075000
v 0.00625500 -0.00314200 -0.00075000
v 0.00625500 -0.00314200 -0.00075000
v 0.00625500 -0.00314200 -0.00225000
v 0.00625500 -0.00314200 -0.00225000
v 0.00625500 -0.00314200 -0.00225000
v 0.00625500 -0.00314200 -0.00225000
v 0.00625500 -0.00314200 -0.00225000
v 0.00695300 0.00081200 -0.00225000
v 0.00695300 0.00081200 -0.00225000
v 0.00695300 0.00081200 -0.00225000
v 0.00695300 0.00081200 -0.00225000
v 0.00695300 0.00081200 -0.00225000
v 0.00689400 -0.00121600 -0.00075000
v 0.00689400 -0.00121600 -0.00075000
v 0.00689400 -0.00121600 -0.00075000
v 0.00689400 -0.00121600 -0.00075000
v 0.00642800 0.00277200 -0.00225000
v 0.00642800 0.00277200 -0.00225000
v 0.00642800 0.00277200 -0.00225000
v 0.00642800 0.00277200 -0.00225000
v 0.00642800 0.00277200 -0.00225000
v 0.00536200 0.00449900 -0.00225000
v 0.00536200 0.00449900 -0.00225000
v 0.00536200 0.00449900 -0.00225000
v 0.00536200 0.00449900 -0.00225000
v 0.00536200 0.00449900 -0.00225000
v 0.00642800 0.00277200 -0.00075000
v 0.00642800 0.00277200 -0.00075000
v 0.00642800 0.00277200 -0.00075000
v 0.00642800 0.00277200 -0.00075000
v 0.00536200 0.00449900 -0.00075000
v 0.00536200 0.00449900 -0.00075000
v 0.00536200 0.00449900 -0.00075000
v 0.00536200 0.00449900 -0.00075000
v 0.00384700 0.00584800 -0.00225000
v 0.00384700 0.00584800 -0.00225000
v 0.00384700 0.00584800 -0.00225000
v 0.00384700 0.00584800 -0.00225000
v 0.00384700 0.00584800 -0.00225000
v -0.00418100 -0.00561400 -0.00225000
v -0.00418100 -0.00561400 -0.00225000
v -0.00418100 -0.00561400 -0.00225000
v -0.00418100 -0.00561400 -0.00225000
v -0.00418100 -0.00561400 -0.00225000
v -0.00239500 -0.00657700 -0.00225000
v -0.00239500 -0.00657700 -0.00225000
v -0.00239500 -0.00657700 -0.00225000
v -0.00239500 -0.00657700 -0.00225000
v -0.00239500 -0.00657700 -0.00225000
v -0.00040800 -0.00698800 -0.00225000
v -0.00040800 -0.00698800 -0.00225000
v -0.00040800 -0.00698800 -0.00225000
v -0.00040800 -0.00698800 -0.00225000
v -0.00040800 -0.00698800 -0.00225000
v -0.00040800 -0.00698800 -0.00225000
v -0.00040800 -0.00698800 -0.00225000
v -0.00040800 -0.00698800 -0.00225000
v 0.00000000 -0.00700000 0.00075000
v 0.00000000 -0.00700000 0.00075000
v 0.00000000 -0.00700000 0.00075000
v 0.00000000 -0.00700000 0.00075000
v 0.00000000 -0.00700000 0.00075000
v 0.00014500 0.00699800 0.00740000
v 0.00014500 0.00699800 0.00740000
v 0.00014500 0.00699800 0.00740000
v 0.00014500 0.00699800 0.00740000
v 0.00014500 0.00699800 0.00740000
v 0.00012900 0.00700000 0.00740000
v 0.00012900 0.00700000 0.00740000
v 0.00012900 0.00700000 0.00740000
v -0.00561600 -0.00417900 -0.00225000
v -0.00561600 -0.00417900 -0.00225000
v -0.00561600 -0.00417900 -0.00225000
v -0.00760100 -0.00162000 -0.00225000
v -0.00760100 -0.00162000 -0.00225000
v -0.00760100 -0.00162000 -0.00225000
v -0.00760100 -0.00162000 -0.00225000
v 0.00250300 -0.00120500 -0.00225000
v 0.00250300 -0.00120500 -0.00225000
v 0.00250300 -0.00120500 -0.00225000
v 0.00277800 0.00000000 -0.00225000
v 0.00277800 0.00000000 -0.00225000
v 0.00277800 0.00000000 -0.00225000
v 0.00277800 0.00000000 -0.00225000
v 0.00250300 0.00120500 -0.00225000
v 0.00250300 0.00120500 -0.00225000
v 0.00250300 0.00120500 -0.00225000
v 0.00250300 0.00120500 -0.00225000
v 0.00173200 0.00217200 0.00870000
v 0.00173200 0.00217200 0.00870000
v 0.00173200 0.00217200 0.00870000
v 0.00173200 0.00217200 0.00870000
v 0.00173200 0.00217200 0.00870000
v 0.00061800 0.00270800 0.00870000
v 0.00061800 0.00270800 0.00870000
v 0.00061800 0.00270800 0.00870000
v 0.00061800 0.00270800 0.00870000
v 0.00061800 0.00270800 0.00870000
v -0.00061800 0.00270800 0.00870000
v -0.00061800 0.00270800 0.00870000
v -0.00061800 0.00270800 0.00870000
v -0.00061800 0.00270800 0.00870000
v -0.00061800 0.00270800 0.00870000
v -0.00173200 0.00217200 0.00870000
v -0.00173200 0.00217200 0.00870000
v -0.00173200 0.00217200 0.00870000
v -0.00173200 0.00217200 0.00870000
v -0.00173200 0.00217200 0.00870000
v -0.00173200 0.00217200 -0.00225000
v -0.00173200 0.00217200 -0.00225000
v -0.00173200 0.00217200 -0.00225000
v -0.00173200 0.00217200 -0.00225000
v -0.00250300 -0.00120500 0.00870000
v -0.00250300 -0.00120500 0.00870000
v -0.00250300 -0.00120500 0.00870000
v -0.00250300 -0.00120500 0.00870000
v -0.00250300 -0.00120500 0.00870000
v -0.00173200 -0.00217200 -0.00225000
v -0.00173200 -0.00217200 -0.00225000
v -0.00173200 -0.00217200 -0.00225000
v -0.00173200 -0.00217200 -0.00225000
v -0.00173200 -0.00217200 0.00870000
v -0.00173200 -0.00217200 0.00870000
v -0.00173200 -0.00217200 0.00870000
v -0.00173200 -0.00217200 0.00870000
v -0.00173200 -0.00217200 0.00870000
v -0.00061800 -0.00270800 -0.00225000
v -0.00061800 -0.00270800 -0.00225000
v -0.00061800 -0.00270800 -0.00225000
v -0.00061800 -0.00270800 -0.00225000
v 0.00061800 -0.00270800 -0.00225000
v 0.00061800 -0.00270800 -0.00225000
v 0.00061800 -0.00270800 -0.00225000
v 0.00061800 -0.00270800 -0.00225000
v 0.00173200 -0.00217200 -0.00225000
v 0.00173200 -0.00217200 -0.00225000
v 0.00173200 -0.00217200 -0.00225000
v 0.00173200 -0.00217200 -0.00225000
v 0.00250300 -0.00120500 0.00870000
v 0.00250300 -0.00120500 0.00870000
v 0.00250300 -0.00120500 0.00870000
v 0.00250300 -0.00120500 0.00870000
v 0.00250300 -0.00120500 0.00870000
v -0.00760100 -0.00162000 -0.00920000
v -0.00760100 -0.00162000 -0.00920000
v -0.00760100 -0.00162000 -0.00920000
v -0.00760100 -0.00162000 -0.00920000
v -0.00760100 -0.00162000 -0.00920000
v -0.00682100 -0.00306500 -0.00640000
v -0.00682100 -0.00306500 -0.00640000
v -0.00682100 -0.00306500 -0.00640000
v -0.00561600 -0.00417900 -0.00640000
v -0.00561600 -0.00417900 -0.00640000
v -0.00561600 -0.00417900 -0.00640000
v -0.00561600 -0.00417900 -0.00640000
v 0.00014500 0.00699800 -0.00920000
v 0.00014500 0.00699800 -0.00920000
v 0.00014500 0.00699800 -0.00920000
v 0.00014500 0.00699800 -0.00920000
v 0.00014500 0.00699800 -0.00920000
v -0.00277800 0.00000000 -0.00920000
v -0.00277800 0.00000000 -0.00920000
v -0.00277800 0.00000000 -0.00920000
v -0.00277800 0.00000000 -0.00920000
v -0.00277800 0.00000000 -0.00920000
v -0.00250300 0.00120500 -0.00920000
v -0.00250300 0.00120500 -0.00920000
v -0.00250300 0.00120500 -0.00920000
v -0.00250300 0.00120500 -0.00920000
v -0.00250300 0.00120500 -0.00920000
v -0.00173200 0.00217200 -0.00920000
v -0.00173200 0.00217200 -0.00920000
v -0.00173200 0.00217200 -0.00920000
v -0.00173200 0.00217200 -0.00920000
v -0.00173200 0.00217200 -0.00920000
v -0.00173200 0.00217200 -0.00640000
v -0.00173200 0.00217200 -0.00640000
v -0.00173200 0.00217200 -0.00640000
v -0.00173200 0.00217200 -0.00640000
v -0.00061800 0.00270800 -0.00640000
v -0.00061800 0.00270800 -0.00640000
v -0.00061800 0.00270800 -0.00640000
v -0.00061800 0.00270800 -0.00640000
v 0.00061800 0.00270800 -0.00920000
v 0.00061800 0.00270800 -0.00920000
v 0.00061800 0.00270800 -0.00920000
v 0.00061800 0.00270800 -0.00920000
v 0.00061800 0.00270800 -0.00920000
v 0.00173200 0.00217200 -0.00920000
v 0.00173200 0.00217200 -0.00920000
v 0.00173200 0.00217200 -0.00920000
v 0.00173200 0.00217200 -0.00920000
v 0.00173200 0.00217200 -0.00920000
v 0.00250300 0.00120500 -0.00920000
v 0.00250300 0.00120500 -0.00920000
v 0.00250300 0.00120500 -0.00920000
v 0.00250300 0.00120500 -0.00920000
v 0.00250300 0.00120500 -0.00920000
v 0.00250300 -0.00120500 -0.00640000
v 0.00250300 -0.00120500 -0.00640000
v 0.00250300 -0.00120500 -0.00640000
v 0.00250300 -0.00120500 -0.00640000
v 0.00173200 -0.00217200 -0.00640000
v 0.00173200 -0.00217200 -0.00640000
v 0.00173200 -0.00217200 -0.00640000
v 0.00173200 -0.00217200 -0.00640000
v 0.00061800 -0.00270800 -0.00640000
v 0.00061800 -0.00270800 -0.00640000
v 0.00061800 -0.00270800 -0.00640000
v 0.00061800 -0.00270800 -0.00640000
v -0.00173200 -0.00217200 -0.00640000
v -0.00173200 -0.00217200 -0.00640000
v -0.00173200 -0.00217200 -0.00640000
v -0.00173200 -0.00217200 -0.00640000
v -0.00250300 -0.00120500 -0.00640000
v -0.00250300 -0.00120500 -0.00640000
v -0.00250300 -0.00120500 -0.00640000
v -0.00250300 -0.00120500 -0.00640000
v -0.00250300 -0.00120500 -0.00920000
v -0.00250300 -0.00120500 -0.00920000
v -0.00250300 -0.00120500 -0.00920000
v -0.00250300 -0.00120500 -0.00920000
v -0.00250300 -0.00120500 -0.00920000
v 0.00000000 0.00700000 -0.00740000
v 0.00000000 0.00700000 -0.00740000
v 0.00000000 0.00700000 -0.00740000
v 0.00000000 0.00700000 -0.00740000
v 0.00200800 0.00670600 -0.00640000
v 0.00200800 0.00670600 -0.00640000
v 0.00200800 0.00670600 -0.00640000
v 0.00200800 0.00670600 -0.00640000
v 0.00200800 0.00670600 -0.00640000
v -0.00561600 -0.00417900 -0.00920000
v -0.00561600 -0.00417900 -0.00920000
v -0.00561600 -0.00417900 -0.00920000
v -0.00561600 -0.00417900 -0.00920000
v -0.00561600 -0.00417900 -0.00920000
v -0.00239500 -0.00657700 -0.00920000
v -0.00239500 -0.00657700 -0.00920000
v -0.00239500 -0.00657700 -0.00920000
v -0.00239500 -0.00657700 -0.00920000
v -0.00239500 -0.00657700 -0.00920000
v -0.00418100 -0.00561400 -0.00640000
v -0.00418100 -0.00561400 -0.00640000
v -0.00418100 -0.00561400 -0.00640000
v -0.00418100 -0.00561400 -0.00640000
v -0.00040800 -0.00698800 -0.00920000
v -0.00040800 -0.00698800 -0.00920000
v -0.00040800 -0.00698800 -0.00920000
v -0.00040800 -0.00698800 -0.00920000
v -0.00040800 -0.00698800 -0.00920000
v -0.00040800 -0.00698800 -0.00640000
v -0.00040800 -0.00698800 -0.00640000
v -0.00040800 -0.00698800 -0.00640000
v -0.00040800 -0.00698800 -0.00640000
v 0.00161300 -0.00681100 -0.00640000
v 0.00161300 -0.00681100 -0.00640000
v 0.00161300 -0.00681100 -0.00640000
v 0.00161300 -0.00681100 -0.00640000
v 0.00349900 -0.00606300 -0.00920000
v 0.00349900 -0.00606300 -0.00920000
v 0.00349900 -0.00606300 -0.00920000
v 0.00349900 -0.00606300 -0.00920000
v 0.00349900 -0.00606300 -0.00920000
v 0.00509100 -0.00480400 -0.00640000
v 0.00509100 -0.00480400 -0.00640000
v 0.00509100 -0.00480400 -0.00640000
v 0.00509100 -0.00480400 -0.00640000
v 0.00625500 -0.00314200 -0.00920000
v 0.00625500 -0.00314200 -0.00920000
v 0.00625500 -0.00314200 -0.00920000
v 0.00625500 -0.00314200 -0.00920000
v 0.00625500 -0.00314200 -0.00920000
v 0.00625500 -0.00314200 -0.00920000
v 0.00625500 -0.00314200 -0.00640000
v 0.00625500 -0.00314200 -0.00640000
v 0.00625500 -0.00314200 -0.00640000
v 0.00625500 -0.00314200 -0.00640000
v 0.00695300 0.00081200 -0.00920000
v 0.00695300 0.00081200 -0.00920000
v 0.00695300 0.00081200 -0.00920000
v 0.00695300 0.00081200 -0.00920000
v 0.00695300 0.00081200 -0.00920000
v 0.00642800 0.00277200 -0.00920000
v 0.00642800 0.00277200 -0.00920000
v 0.00642800 0.00277200 -0.00920000
v 0.00642800 0.00277200 -0.00920000
v 0.00642800 0.00277200 -0.00920000
v 0.00642800 0.00277200 -0.00640000
v 0.00642800 0.00277200 -0.00640000
v 0.00642800 0.00277200 -0.00640000
v 0.00642800 0.00277200 -0.00640000
v 0.00014500 0.00699800 -0.00740000
v 0.00014500 0.00699800 -0.00740000
v 0.00014500 0.00699800 -0.00740000
v 0.00014500 0.00699800 -0.00740000
v 0.00014500 0.00699800 -0.00740000
v -0.00787100 0.00850000 0.01220000
v -0.00787100 0.00850000 0.01220000
v -0.00787100 0.00850000 0.01220000
v -0.00787100 0.00850000 0.01220000
v -0.00787100 0.00850000 0.01220000
v -0.00787100 0.00850000 0.01220000
v -0.00787100 0.00850000 0.01220000
v -0.00787100 0.00835000 -0.00037500
v -0.00787100 0.00835000 -0.00037500
v -0.00787100 0.00835000 -0.00037500
v -0.00787100 0.00835000 -0.00037500
v -0.00787100 0.00000000 0.00870000
v -0.00787100 0.00000000 0.00870000
v -0.00787100 0.00000000 0.00870000
v -0.00787100 0.00000000 0.00870000
v -0.00787100 0.00000000 0.00870000
v -0.00787100 -0.00429300 0.01220000
v -0.00787100 -0.00429300 0.01220000
v -0.00787100 -0.00429300 0.01220000
v -0.00787100 -0.00429300 0.01220000
v -0.00787100 -0.00429300 0.01220000
v -0.00787100 0.00000000 -0.00225000
v -0.00787100 0.00000000 -0.00225000
v -0.00787100 0.00000000 -0.00225000
v -0.00787100 0.00000000 -0.00225000
v -0.00787100 0.00000000 -0.00225000
v -0.00787100 -0.00429300 -0.01220000
v -0.00787100 -0.00429300 -0.01220000
v -0.00787100 -0.00429300 -0.01220000
v -0.00787100 -0.00429300 -0.01220000
v -0.00787100 -0.00429300 -0.01220000
v -0.00787100 -0.00429300 -0.01220000
v -0.00787100 -0.00429300 -0.01220000
v -0.00787100 -0.00429300 -0.01220000
v -0.00787100 0.00316700 -0.00480000
v -0.00787100 0.00316700 -0.00480000
v -0.00787100 0.00316700 -0.00480000
v -0.00787100 0.00316700 -0.00480000
v -0.00787100 0.00316700 -0.00480000
v -0.00787100 0.00360000 -0.00455000
v -0.00787100 0.00360000 -0.00455000
v -0.00787100 0.00360000 -0.00455000
v -0.00787100 0.00360000 -0.00455000
v -0.00787100 0.00360000 -0.00455000
v -0.00787100 0.00700000 -0.00225000
v -0.00787100 0.00700000 -0.00225000
v -0.00787100 0.00700000 -0.00225000
v -0.00787100 0.00700000 -0.00225000
v -0.00787100 0.00700000 -0.00225000
v -0.00787100 0.00700000 -0.00225000
v -0.00787100 0.00700000 -0.00225000
v -0.00787100 0.00385000 -0.00461700
v -0.00787100 0.00385000 -0.00461700
v -0.00787100 0.00385000 -0.00461700
v -0.00787100 0.00385000 -0.00461700
v -0.00787100 0.00410000 -0.00505000
v -0.00787100 0.00410000 -0.00505000
v -0.00787100 0.00410000 -0.00505000
v -0.00787100 0.00410000 -0.00505000
v -0.00787100 0.00410000 -0.00505000
v -0.00837100 0.00850000 -0.01270000
v -0.00837100 0.00850000 -0.01270000
v -0.00837100 0.00850000 -0.01270000
v -0.00837100 0.00850000 -0.01270000
v -0.00837100 0.00850000 -0.01270000
v -0.00837100 0.00850000 -0.01270000
v -0.00837100 0.00850000 -0.01270000
v -0.00837100 0.00850000 0.01270000
v -0.00837100 0.00850000 0.01270000
v -0.00837100 0.00850000 0.01270000
v -0.00837100 0.00850000 0.01270000
v -0.00837100 0.00850000 0.01270000
v -0.00837100 0.00850000 0.01270000
v -0.00837100 0.00850000 0.01270000
v -0.04975000 -0.00085600 -0.00350000
v -0.04975000 -0.00085600 -0.00350000
v -0.04975000 -0.00085600 -0.00350000
v -0.04975000 -0.00085600 -0.00350000
v -0.04975000 -0.00085600 -0.00350000
v -0.04975000 -0.00085600 -0.00350000
v -0.03279600 0.00893300 -0.00350000
v -0.03279600 0.00893300 -0.00350000
v -0.03279600 0.00893300 -0.00350000
v -0.03279600 0.00893300 -0.00350000
v -0.03279600 0.00893300 -0.00350000
v -0.03005500 0.00900000 0.00065000
v -0.03005500 0.00900000 0.00065000
v -0.03005500 0.00900000 0.00065000
v -0.03005500 0.00900000 0.00065000
v -0.03005500 0.00900000 0.00065000
v -0.03033000 0.00900000 0.00037500
v -0.03033000 0.00900000 0.00037500
v -0.03033000 0.00900000 0.00037500
v -0.03033000 0.00900000 0.00037500
v -0.03033000 0.00900000 0.00037500
v -0.00837100 0.00900000 -0.01220000
v -0.00837100 0.00900000 -0.01220000
v -0.00837100 0.00900000 -0.01220000
v -0.00837100 0.00900000 -0.01220000
v -0.00837100 0.00900000 -0.01220000
v -0.00837100 0.00900000 -0.01220000
v -0.00837100 0.00900000 -0.01220000
v -0.00948500 0.00900000 -0.00182400
v -0.00948500 0.00900000 -0.00182400
v -0.00948500 0.00900000 -0.00182400
v -0.00948500 0.00900000 -0.00182400
v -0.00948500 0.00900000 -0.00182400
v -0.00937100 0.00900000 -0.00125000
v -0.00937100 0.00900000 -0.00125000
v -0.00937100 0.00900000 -0.00125000
v -0.00937100 0.00900000 -0.00125000
v -0.00937100 0.00900000 -0.00075000
v -0.00937100 0.00900000 -0.00075000
v -0.00937100 0.00900000 -0.00075000
v -0.00937100 0.00900000 -0.00075000
v -0.00937100 0.00900000 -0.00075000
v -0.00937100 0.00900000 -0.00075000
v -0.00937100 0.00900000 -0.00075000
v -0.00937100 0.00900000 0.00075000
v -0.00937100 0.00900000 0.00075000
v -0.00937100 0.00900000 0.00075000
v -0.00937100 0.00900000 0.00075000
v -0.00937100 0.00900000 0.00075000
v -0.00937100 0.00900000 0.00075000
v -0.00981000 0.00900000 0.00231100
v -0.00981000 0.00900000 0.00231100
v -0.00981000 0.00900000 0.00231100
v -0.00981000 0.00900000 0.00231100
v -0.03005500 0.00900000 -0.00065000
v -0.03005500 0.00900000 -0.00065000
v -0.03005500 0.00900000 -0.00065000
v -0.03005500 0.00900000 -0.00065000
v -0.02083500 0.00900000 0.00400000
v -0.02083500 0.00900000 0.00400000
v -0.02083500 0.00900000 0.00400000
v -0.02083500 0.00900000 0.00400000
v -0.02083500 0.00900000 0.00400000
v -0.01987000 0.00900000 0.00275000
v -0.01987000 0.00900000 0.00275000
v -0.01987000 0.00900000 0.00275000
v -0.01987000 0.00900000 0.00275000
v -0.01987000 0.00900000 0.00275000
v -0.02170100 0.00900000 0.00350000
v -0.02170100 0.00900000 0.00350000
v -0.02170100 0.00900000 0.00350000
v -0.02170100 0.00900000 0.00350000
v -0.02170100 0.00900000 0.00350000
v -0.02093100 0.00900000 0.00231100
v -0.02093100 0.00900000 0.00231100
v -0.02093100 0.00900000 0.00231100
v -0.02093100 0.00900000 0.00231100
v -0.02093100 0.00900000 0.00231100
v -0.02125700 0.00900000 0.00182400
v -0.02125700 0.00900000 0.00182400
v -0.02125700 0.00900000 0.00182400
v -0.02125700 0.00900000 0.00182400
v -0.02125700 0.00900000 0.00182400
v -0.02137100 0.00900000 0.00125000
v -0.02137100 0.00900000 0.00125000
v -0.02137100 0.00900000 0.00125000
v -0.02137100 0.00900000 0.00125000
v -0.01087000 0.00900000 -0.00275000
v -0.01087000 0.00900000 -0.00275000
v -0.01087000 0.00900000 -0.00275000
v -0.01087000 0.00900000 -0.00275000
v -0.01087000 0.00900000 -0.00275000
v -0.01987000 0.00900000 -0.00275000
v -0.01987000 0.00900000 -0.00275000
v -0.01987000 0.00900000 -0.00275000
v -0.01987000 0.00900000 -0.00275000
v -0.02044500 0.00900000 -0.00263600
v -0.02044500 0.00900000 -0.00263600
v -0.02044500 0.00900000 -0.00263600
v -0.02044500 0.00900000 -0.00263600
v -0.02044500 0.00900000 -0.00263600
v -0.02120000 0.00900000 -0.00363400
v -0.02120000 0.00900000 -0.00363400
v -0.02120000 0.00900000 -0.00363400
v -0.02120000 0.00900000 -0.00363400
v -0.02120000 0.00900000 -0.00363400
v -0.02125700 0.00900000 -0.00182400
v -0.02125700 0.00900000 -0.00182400
v -0.02125700 0.00900000 -0.00182400
v -0.02125700 0.00900000 -0.00182400
v -0.02125700 0.00900000 -0.00182400
v -0.03254600 0.00900000 -0.00350000
v -0.03254600 0.00900000 -0.00350000
v -0.03254600 0.00900000 -0.00350000
v -0.03254600 0.00900000 -0.00350000
v -0.03254600 0.00900000 -0.00350000
v -0.03254600 0.00900000 -0.00350000
v -0.03254600 0.00900000 -0.00350000
v -0.02137100 0.00900000 -0.00125000
v -0.02137100 0.00900000 -0.00125000
v -0.02137100 0.00900000 -0.00125000
v -0.02137100 0.00900000 -0.00125000
v -0.02070100 0.00900000 0.00450000
v -0.02070100 0.00900000 0.00450000
v -0.02070100 0.00900000 0.00450000
v -0.02070100 0.00900000 0.00450000
v -0.02070100 0.00900000 0.01220000
v -0.02070100 0.00900000 0.01220000
v -0.02070100 0.00900000 0.01220000
v -0.02070100 0.00900000 0.01220000
v -0.02070100 0.00900000 0.01220000
v -0.02070100 0.00900000 0.01220000
v -0.01087000 0.00900000 0.00275000
v -0.01087000 0.00900000 0.00275000
v -0.01087000 0.00900000 0.00275000
v -0.01087000 0.00900000 0.00275000
v -0.01087000 0.00900000 0.00275000
v -0.03254600 0.00900000 0.00350000
v -0.03254600 0.00900000 0.00350000
v -0.03254600 0.00900000 0.00350000
v -0.03254600 0.00900000 0.00350000
v -0.03254600 0.00900000 0.00350000
v -0.03254600 0.00900000 0.00350000
v -0.03254600 0.00900000 0.00350000
v -0.03254600 0.00900000 0.00350000
v 0.00012900 0.00700000 -0.00740000
v 0.00012900 0.00700000 -0.00740000
v 0.00012900 0.00700000 -0.00740000
v -0.00801700 -0.00464600 -0.01220000
v -0.00801700 -0.00464600 -0.01220000
v -0.00801700 -0.00464600 -0.01220000
v -0.00801700 -0.00464600 -0.01220000
v -0.00801700 -0.00464600 -0.01220000
v -0.00801700 -0.00464600 -0.01220000
v -0.04950100 -0.00850000 -0.00400000
v -0.04950100 -0.00850000 -0.00400000
v -0.04950100 -0.00850000 -0.00400000
v -0.04950100 -0.00850000 -0.00400000
v -0.04950100 -0.00850000 -0.00400000
v -0.04950100 -0.00850000 -0.00400000
v -0.02120000 0.00850000 -0.01220000
v -0.02120000 0.00850000 -0.01220000
v -0.02120000 0.00850000 -0.01220000
v -0.02120000 0.00850000 -0.01220000
v -0.02120000 0.00850000 -0.01220000
v -0.02120000 0.00850000 -0.00450000
v -0.02120000 0.00850000 -0.00450000
v -0.02120000 0.00850000 -0.00450000
v -0.02120000 0.00850000 -0.00450000
v -0.02120000 0.00850000 -0.00450000
v -0.02120000 0.00850000 -0.00450000
v -0.02120000 0.00850000 -0.00450000
v -0.02120000 -0.00850000 -0.00450000
v -0.02120000 -0.00850000 -0.00450000
v -0.02120000 -0.00850000 -0.00450000
v -0.02120000 -0.00850000 -0.00450000
v -0.02120000 -0.00850000 -0.00450000
v -0.02120000 0.00850000 0.00450000
v -0.02120000 0.00850000 0.00450000
v -0.02120000 0.00850000 0.00450000
v -0.02120000 0.00850000 0.00450000
v -0.02120000 -0.00850000 0.00450000
v -0.02120000 -0.00850000 0.00450000
v -0.02120000 -0.00850000 0.00450000
v -0.02120000 -0.00850000 0.00450000
v -0.02120000 -0.00850000 0.00450000
v -0.02120000 -0.00850000 0.00450000
v -0.02170100 -0.00850000 0.00400000
v -0.02170100 -0.00850000 0.00400000
v -0.02170100 -0.00850000 0.00400000
v -0.02170100 -0.00850000 0.00400000
v -0.02170100 -0.00850000 0.00400000
v -0.00250300 -0.00120500 -0.00225000
v -0.00250300 -0.00120500 -0.00225000
v -0.00250300 -0.00120500 -0.00225000
v -0.00250300 -0.00120500 -0.00225000
v -0.00250300 -0.00120500 -0.00225000
v 0.00689400 -0.00121600 -0.00225000
v 0.00689400 -0.00121600 -0.00225000
v 0.00689400 -0.00121600 -0.00225000
v 0.00689400 -0.00121600 -0.00225000
v 0.00689400 -0.00121600 -0.00225000
v 0.00509100 -0.00480400 -0.00225000
v 0.00509100 -0.00480400 -0.00225000
v 0.00509100 -0.00480400 -0.00225000
v 0.00509100 -0.00480400 -0.00225000
v -0.00682100 -0.00306500 -0.00225000
v -0.00682100 -0.00306500 -0.00225000
v -0.00682100 -0.00306500 -0.00225000
v -0.00277800 0.00000000 -0.00225000
v -0.00277800 0.00000000 -0.00225000
v -0.00277800 0.00000000 -0.00225000
v -0.00277800 0.00000000 -0.00225000
v 0.00173200 0.00217200 -0.00225000
v 0.00173200 0.00217200 -0.00225000
v 0.00173200 0.00217200 -0.00225000
v 0.00173200 0.00217200 -0.00225000
v 0.00200800 0.00670600 -0.00225000
v 0.00200800 0.00670600 -0.00225000
v 0.00200800 0.00670600 -0.00225000
v 0.00200800 0.00670600 -0.00225000
v 0.00200800 0.00670600 -0.00225000
v 0.00000000 0.00700000 -0.00225000
v 0.00000000 0.00700000 -0.00225000
v 0.00000000 0.00700000 -0.00225000
v 0.00000000 0.00700000 -0.00225000
v 0.00000000 0.00700000 -0.00225000
v 0.00061800 0.00270800 -0.00225000
v 0.00061800 0.00270800 -0.00225000
v 0.00061800 0.00270800 -0.00225000
v 0.00061800 0.00270800 -0.00225000
v -0.00061800 0.00270800 -0.00225000
v -0.00061800 0.00270800 -0.00225000
v -0.00061800 0.00270800 -0.00225000
v -0.00061800 0.00270800 -0.00225000
v -0.00250300 0.00120500 -0.00225000
v -0.00250300 0.00120500 -0.00225000
v -0.00250300 0.00120500 -0.00225000
v -0.00250300 0.00120500 -0.00225000
v -0.00450000 0.00700000 -0.00075000
v -0.00450000 0.00700000 -0.00075000
v -0.00450000 0.00700000 -0.00075000
v -0.00450000 0.00700000 -0.00075000
v -0.00450000 0.00700000 -0.00075000
v -0.00450000 0.00635000 -0.00075000
v -0.00450000 0.00635000 -0.00075000
v -0.00450000 0.00635000 -0.00075000
v -0.00450000 0.00635000 -0.00075000
v -0.00450000 0.00635000 0.00075000
v -0.00450000 0.00635000 0.00075000
v -0.00450000 0.00635000 0.00075000
v 0.00000000 0.00635000 0.00075000
v 0.00000000 0.00635000 0.00075000
v 0.00000000 0.00635000 0.00075000
v 0.00000000 0.00635000 0.00075000
v 0.00000000 -0.00635000 0.00075000
v 0.00000000 -0.00635000 0.00075000
v 0.00000000 -0.00635000 0.00075000
v 0.00373200 -0.00513700 0.00075000
v 0.00373200 -0.00513700 0.00075000
v 0.00373200 -0.00513700 0.00075000
v 0.00373200 -0.00513700 0.00075000
v 0.00513700 -0.00373200 0.00075000
v 0.00513700 -0.00373200 0.00075000
v 0.00513700 -0.00373200 0.00075000
v 0.00513700 -0.00373200 0.00075000
v 0.00603900 -0.00196200 -0.00075000
v 0.00603900 -0.00196200 -0.00075000
v 0.00603900 -0.00196200 -0.00075000
v 0.00603900 -0.00196200 -0.00075000
v 0.00603900 -0.00196200 -0.00075000
v 0.00603900 -0.00196200 0.00075000
v 0.00603900 -0.00196200 0.00075000
v 0.00603900 -0.00196200 0.00075000
v 0.00603900 -0.00196200 0.00075000
v 0.00635000 0.00000000 -0.00075000
v 0.00635000 0.00000000 -0.00075000
v 0.00635000 0.00000000 -0.00075000
v 0.00635000 0.00000000 -0.00075000
v 0.00635000 0.00000000 -0.00075000
v 0.00513700 0.00373200 0.00075000
v 0.00513700 0.00373200 0.00075000
v 0.00513700 0.00373200 0.00075000
v 0.00513700 0.00373200 0.00075000
v 0.00373200 0.00513700 0.00075000
v 0.00373200 0.00513700 0.00075000
v 0.00373200 0.00513700 0.00075000
v 0.00373200 0.00513700 0.00075000
v 0.00196200 0.00603900 -0.00075000
v 0.00196200 0.00603900 -0.00075000
v 0.00196200 0.00603900 -0.00075000
v 0.00196200 0.00603900 -0.00075000
v 0.00196200 0.00603900 -0.00075000
v 0.00196200 -0.00603900 0.00075000
v 0.00196200 -0.00603900 0.00075000
v 0.00196200 -0.00603900 0.00075000
v 0.00196200 -0.00603900 0.00075000
v 0.00161300 -0.00681100 0.00075000
v 0.00161300 -0.00681100 0.00075000
v 0.00161300 -0.00681100 0.00075000
v 0.00161300 -0.00681100 0.00075000
v -0.00450000 0.00700000 0.00075000
v -0.00450000 0.00700000 0.00075000
v -0.00450000 0.00700000 0.00075000
v -0.00450000 0.00700000 0.00075000
v 0.00000000 0.00700000 0.00075000
v 0.00000000 0.00700000 0.00075000
v 0.00000000 0.00700000 0.00075000
v 0.00000000 0.00700000 0.00075000
v 0.00200800 0.00670600 0.00075000
v 0.00200800 0.00670600 0.00075000
v 0.00200800 0.00670600 0.00075000
v 0.00200800 0.00670600 0.00075000
v 0.00200800 0.00670600 0.00075000
v 0.00200800 0.00670600 0.00075000
v 0.00200800 0.00670600 0.00075000
v 0.00196200 0.00603900 0.00075000
v 0.00196200 0.00603900 0.00075000
v 0.00196200 0.00603900 0.00075000
v 0.00196200 0.00603900 0.00075000
v 0.00384700 0.00584800 0.00075000
v 0.00384700 0.00584800 0.00075000
v 0.00384700 0.00584800 0.00075000
v 0.00384700 0.00584800 0.00075000
v 0.00384700 0.00584800 0.00075000
v 0.00603900 0.00196200 0.00075000
v 0.00603900 0.00196200 0.00075000
v 0.00603900 0.00196200 0.00075000
v 0.00603900 0.00196200 0.00075000
v 0.00635000 0.00000000 0.00075000
v 0.00635000 0.00000000 0.00075000
v 0.00635000 0.00000000 0.00075000
v 0.00635000 0.00000000 0.00075000
v 0.00000000 -0.00635000 -0.00075000
v 0.00000000 -0.00635000 -0.00075000
v 0.00000000 -0.00635000 -0.00075000
v 0.00000000 -0.00635000 -0.00075000
v 0.00196200 -0.00603900 -0.00075000
v 0.00196200 -0.00603900 -0.00075000
v 0.00196200 -0.00603900 -0.00075000
v 0.00196200 -0.00603900 -0.00075000
v 0.00196200 -0.00603900 -0.00075000
v 0.00000000 -0.00700000 -0.00075000
v 0.00000000 -0.00700000 -0.00075000
v 0.00000000 -0.00700000 -0.00075000
v 0.00000000 -0.00700000 -0.00075000
v 0.00161300 -0.00681100 -0.00075000
v 0.00161300 -0.00681100 -0.00075000
v 0.00161300 -0.00681100 -0.00075000
v 0.00161300 -0.00681100 -0.00075000
v 0.00161300 -0.00681100 -0.00075000
v 0.00373200 -0.00513700 -0.00075000
v 0.00373200 -0.00513700 -0.00075000
v 0.00373200 -0.00513700 -0.00075000
v 0.00373200 -0.00513700 -0.00075000
v 0.00373200 -0.00513700 -0.00075000
v 0.00513700 -0.00373200 -0.00075000
v 0.00513700 -0.00373200 -0.00075000
v 0.00513700 -0.00373200 -0.00075000
v 0.00513700 -0.00373200 -0.00075000
v 0.00513700 -0.00373200 -0.00075000
v 0.00000000 0.00700000 -0.00075000
v 0.00000000 0.00700000 -0.00075000
v 0.00000000 0.00700000 -0.00075000
v 0.00000000 0.00700000 -0.00075000
v 0.00200800 0.00670600 -0.00075000
v 0.00200800 0.00670600 -0.00075000
v 0.00200800 0.00670600 -0.00075000
v 0.00200800 0.00670600 -0.00075000
v 0.00000000 0.00635000 -0.00075000
v 0.00000000 0.00635000 -0.00075000
v 0.00000000 0.00635000 -0.00075000
v 0.00000000 0.00635000 -0.00075000
v 0.00000000 0.00635000 -0.00075000
v 0.00384700 0.00584800 -0.00075000
v 0.00384700 0.00584800 -0.00075000
v 0.00384700 0.00584800 -0.00075000
v 0.00384700 0.00584800 -0.00075000
v 0.00373200 0.00513700 -0.00075000
v 0.00373200 0.00513700 -0.00075000
v 0.00373200 0.00513700 -0.00075000
v 0.00373200 0.00513700 -0.00075000
v 0.00373200 0.00513700 -0.00075000
v 0.00513700 0.00373200 -0.00075000
v 0.00513700 0.00373200 -0.00075000
v 0.00513700 0.00373200 -0.00075000
v 0.00513700 0.00373200 -0.00075000
v 0.00513700 0.00373200 -0.00075000
v 0.00603900 0.00196200 -0.00075000
v 0.00603900 0.00196200 -0.00075000
v 0.00603900 0.00196200 -0.00075000
v 0.00603900 0.00196200 -0.00075000
v 0.00603900 0.00196200 -0.00075000
v 0.00695300 0.00081200 -0.00075000
v 0.00695300 0.00081200 -0.00075000
v 0.00695300 0.00081200 -0.00075000
v 0.00695300 0.00081200 -0.00075000
v 0.00277800 0.00000000 -0.00640000
v 0.00277800 0.00000000 -0.00640000
v 0.00277800 0.00000000 -0.00640000
v 0.00277800 0.00000000 -0.00640000
v 0.00695300 0.00081200 -0.00640000
v 0.00695300 0.00081200 -0.00640000
v 0.00695300 0.00081200 -0.00640000
v 0.00695300 0.00081200 -0.00640000
v 0.00349900 -0.00606300 -0.00640000
v 0.00349900 -0.00606300 -0.00640000
v 0.00349900 -0.00606300 -0.00640000
v 0.00349900 -0.00606300 -0.00640000
v 0.00689400 -0.00121600 -0.00640000
v 0.00689400 -0.00121600 -0.00640000
v 0.00689400 -0.00121600 -0.00640000
v 0.00689400 -0.00121600 -0.00640000
v -0.00787100 0.00000000 -0.00640000
v -0.00787100 0.00000000 -0.00640000
v -0.00787100 0.00000000 -0.00640000
v -0.00787100 0.00000000 -0.00640000
v -0.00277800 0.00000000 -0.00640000
v -0.00277800 0.00000000 -0.00640000
v -0.00277800 0.00000000 -0.00640000
v -0.00277800 0.00000000 -0.00640000
v -0.00760100 -0.00162000 -0.00640000
v -0.00760100 -0.00162000 -0.00640000
v -0.00760100 -0.00162000 -0.00640000
v -0.00760100 -0.00162000 -0.00640000
v -0.00760100 -0.00162000 -0.00640000
v -0.00061800 -0.00270800 -0.00640000
v -0.00061800 -0.00270800 -0.00640000
v -0.00061800 -0.00270800 -0.00640000
v -0.00061800 -0.00270800 -0.00640000
v -0.00239500 -0.00657700 -0.00640000
v -0.00239500 -0.00657700 -0.00640000
v -0.00239500 -0.00657700 -0.00640000
v -0.00239500 -0.00657700 -0.00640000
v -0.00250300 0.00120500 -0.00640000
v -0.00250300 0.00120500 -0.00640000
v -0.00250300 0.00120500 -0.00640000
v -0.00787100 0.00700000 -0.00640000
v -0.00787100 0.00700000 -0.00640000
v -0.00787100 0.00700000 -0.00640000
v -0.00787100 0.00700000 -0.00640000
v -0.00787100 0.00700000 -0.00640000
v 0.00000000 0.00700000 -0.00640000
v 0.00000000 0.00700000 -0.00640000
v 0.00000000 0.00700000 -0.00640000
v 0.00000000 0.00700000 -0.00640000
v 0.00000000 0.00700000 -0.00640000
v 0.00000000 0.00700000 -0.00640000
v 0.00061800 0.00270800 -0.00640000
v 0.00061800 0.00270800 -0.00640000
v 0.00061800 0.00270800 -0.00640000
v 0.00061800 0.00270800 -0.00640000
v 0.00384700 0.00584800 -0.00640000
v 0.00384700 0.00584800 -0.00640000
v 0.00384700 0.00584800 -0.00640000
v 0.00384700 0.00584800 -0.00640000
v 0.00173200 0.00217200 -0.00640000
v 0.00173200 0.00217200 -0.00640000
v 0.00173200 0.00217200 -0.00640000
v 0.00173200 0.00217200 -0.00640000
v 0.00536200 0.00449900 -0.00640000
v 0.00536200 0.00449900 -0.00640000
v 0.00536200 0.00449900 -0.00640000
v 0.00536200 0.00449900 -0.00640000
v 0.00250300 0.00120500 -0.00640000
v 0.00250300 0.00120500 -0.00640000
v 0.00250300 0.00120500 -0.00640000
v 0.00250300 0.00120500 -0.00640000
v -0.01987000 0.00410000 -0.00505000
v -0.01987000 0.00410000 -0.00505000
v -0.01987000 0.00410000 -0.00505000
v -0.01987000 0.00410000 -0.00505000
v -0.01987000 0.00403300 -0.00480000
v -0.01987000 0.00403300 -0.00480000
v -0.01987000 0.00403300 -0.00480000
v -0.01987000 0.00403300 -0.00480000
v -0.00787100 0.00403300 -0.00480000
v -0.00787100 0.00403300 -0.00480000
v -0.00787100 0.00403300 -0.00480000
v -0.00787100 0.00403300 -0.00480000
v -0.00787100 0.00403300 -0.00480000
v -0.01987000 0.00385000 -0.00461700
v -0.01987000 0.00385000 -0.00461700
v -0.01987000 0.00385000 -0.00461700
v -0.01987000 0.00385000 -0.00461700
v -0.01987000 0.00385000 -0.00461700
v -0.01987000 0.00360000 -0.00455000
v -0.01987000 0.00360000 -0.00455000
v -0.01987000 0.00360000 -0.00455000
v -0.01987000 0.00360000 -0.00455000
v -0.00787100 0.00335000 -0.00461700
v -0.00787100 0.00335000 -0.00461700
v -0.00787100 0.00335000 -0.00461700
v -0.00787100 0.00335000 -0.00461700
v -0.00787100 0.00335000 -0.00461700
v -0.00787100 0.00410000 -0.00555000
v -0.00787100 0.00410000 -0.00555000
v -0.00787100 0.00410000 -0.00555000
v -0.00787100 0.00410000 -0.00555000
v -0.00787100 0.00410000 -0.00555000
v -0.01987000 0.00310000 -0.00555000
v -0.01987000 0.00310000 -0.00555000
v -0.01987000 0.00310000 -0.00555000
v -0.01987000 0.00310000 -0.00555000
v -0.01987000 0.00316700 -0.00580000
v -0.01987000 0.00316700 -0.00580000
v -0.01987000 0.00316700 -0.00580000
v -0.01987000 0.00316700 -0.00580000
v -0.00787100 0.00316700 -0.00580000
v -0.00787100 0.00316700 -0.00580000
v -0.00787100 0.00316700 -0.00580000
v -0.00787100 0.00316700 -0.00580000
v -0.00787100 0.00316700 -0.00580000
v -0.00787100 0.00335000 -0.00598300
v -0.00787100 0.00335000 -0.00598300
v -0.00787100 0.00335000 -0.00598300
v -0.00787100 0.00335000 -0.00598300
v -0.00787100 0.00335000 -0.00598300
v -0.01987000 0.00335000 -0.00598300
v -0.01987000 0.00335000 -0.00598300
v -0.01987000 0.00335000 -0.00598300
v -0.01987000 0.00360000 -0.00605000
v -0.01987000 0.00360000 -0.00605000
v -0.01987000 0.00360000 -0.00605000
v -0.00787100 0.00360000 -0.00605000
v -0.00787100 0.00360000 -0.00605000
v -0.00787100 0.00360000 -0.00605000
v -0.00787100 0.00360000 -0.00605000
v -0.00787100 0.00360000 -0.00605000
v -0.00787100 0.00385000 -0.00598300
v -0.00787100 0.00385000 -0.00598300
v -0.00787100 0.00385000 -0.00598300
v -0.00787100 0.00385000 -0.00598300
v -0.01987000 0.00403300 -0.00580000
v -0.01987000 0.00403300 -0.00580000
v -0.01987000 0.00403300 -0.00580000
v -0.00787100 0.00403300 -0.00580000
v -0.00787100 0.00403300 -0.00580000
v -0.00787100 0.00403300 -0.00580000
v -0.00787100 0.00403300 -0.00580000
v -0.00787100 0.00403300 -0.00580000
v -0.00787100 0.00310000 -0.00555000
v -0.00787100 0.00310000 -0.00555000
v -0.00787100 0.00310000 -0.00555000
v -0.00787100 0.00310000 -0.00555000
v -0.01987000 0.00310000 -0.00505000
v -0.01987000 0.00310000 -0.00505000
v -0.01987000 0.00310000 -0.00505000
v -0.01987000 0.00310000 -0.00505000
v -0.00787100 0.00310000 -0.00505000
v -0.00787100 0.00310000 -0.00505000
v -0.00787100 0.00310000 -0.00505000
v -0.00787100 0.00310000 -0.00505000
v -0.00787100 0.00310000 -0.00505000
v -0.01987000 0.00385000 -0.00598300
v -0.01987000 0.00385000 -0.00598300
v -0.01987000 0.00385000 -0.00598300
v -0.01987000 0.00385000 -0.00598300
v -0.01987000 0.00385000 -0.00598300
v -0.01987000 0.00316700 -0.00480000
v -0.01987000 0.00316700 -0.00480000
v -0.01987000 0.00316700 -0.00480000
v -0.01987000 0.00410000 -0.00555000
v -0.01987000 0.00410000 -0.00555000
v -0.01987000 0.00410000 -0.00555000
v -0.01987000 0.00410000 -0.00555000
v -0.01987000 0.00335000 -0.00461700
v -0.01987000 0.00335000 -0.00461700
v -0.01987000 0.00335000 -0.00461700
v -0.01987000 0.00335000 -0.00461700
v 0.00277800 0.00000000 -0.00920000
v 0.00277800 0.00000000 -0.00920000
v 0.00277800 0.00000000 -0.00920000
v 0.00277800 0.00000000 -0.00920000
v 0.00277800 0.00000000 -0.00920000
v 0.00250300 -0.00120500 -0.00920000
v 0.00250300 -0.00120500 -0.00920000
v 0.00250300 -0.00120500 -0.00920000
v 0.00250300 -0.00120500 -0.00920000
v 0.00250300 -0.00120500 -0.00920000
v 0.00689400 -0.00121600 -0.00920000
v 0.00689400 -0.00121600 -0.00920000
v 0.00689400 -0.00121600 -0.00920000
v 0.00689400 -0.00121600 -0.00920000
v 0.00689400 -0.00121600 -0.00920000
v -0.00061800 -0.00270800 -0.00920000
v -0.00061800 -0.00270800 -0.00920000
v -0.00061800 -0.00270800 -0.00920000
v -0.00061800 -0.00270800 -0.00920000
v -0.00061800 -0.00270800 -0.00920000
v -0.00418100 -0.00561400 -0.00920000
v -0.00418100 -0.00561400 -0.00920000
v -0.00418100 -0.00561400 -0.00920000
v -0.00418100 -0.00561400 -0.00920000
v -0.00418100 -0.00561400 -0.00920000
v -0.00173200 -0.00217200 -0.00920000
v -0.00173200 -0.00217200 -0.00920000
v -0.00173200 -0.00217200 -0.00920000
v -0.00173200 -0.00217200 -0.00920000
v -0.00173200 -0.00217200 -0.00920000
v 0.00173200 -0.00217200 -0.00920000
v 0.00173200 -0.00217200 -0.00920000
v 0.00173200 -0.00217200 -0.00920000
v 0.00173200 -0.00217200 -0.00920000
v 0.00173200 -0.00217200 -0.00920000
v 0.00509100 -0.00480400 -0.00920000
v 0.00509100 -0.00480400 -0.00920000
v 0.00509100 -0.00480400 -0.00920000
v 0.00509100 -0.00480400 -0.00920000
v 0.00061800 -0.00270800 -0.00920000
v 0.00061800 -0.00270800 -0.00920000
v 0.00061800 -0.00270800 -0.00920000
v 0.00061800 -0.00270800 -0.00920000
v 0.00061800 -0.00270800 -0.00920000
v 0.00161300 -0.00681100 -0.00920000
v 0.00161300 -0.00681100 -0.00920000
v 0.00161300 -0.00681100 -0.00920000
v 0.00161300 -0.00681100 -0.00920000
v 0.00161300 -0.00681100 -0.00920000
v 0.00536200 0.00449900 -0.00920000
v 0.00536200 0.00449900 -0.00920000
v 0.00536200 0.00449900 -0.00920000
v 0.00536200 0.00449900 -0.00920000
v 0.00536200 0.00449900 -0.00920000
v -0.00787100 0.00700000 -0.00920000
v -0.00787100 0.00700000 -0.00920000
v -0.00787100 0.00700000 -0.00920000
v -0.00787100 0.00700000 -0.00920000
v -0.00787100 0.00700000 -0.00920000
v -0.00787100 0.00700000 -0.00920000
v -0.00787100 0.00700000 -0.00920000
v 0.00012900 0.00700000 -0.00920000
v 0.00012900 0.00700000 -0.00920000
v 0.00012900 0.00700000 -0.00920000
v 0.00012900 0.00700000 -0.00920000
v 0.00200800 0.00670600 -0.00920000
v 0.00200800 0.00670600 -0.00920000
v 0.00200800 0.00670600 -0.00920000
v 0.00200800 0.00670600 -0.00920000
v 0.00200800 0.00670600 -0.00920000
v 0.00384700 0.00584800 -0.00920000
v 0.00384700 0.00584800 -0.00920000
v 0.00384700 0.00584800 -0.00920000
v 0.00384700 0.00584800 -0.00920000
v 0.00384700 0.00584800 -0.00920000
v -0.00682100 -0.00306500 -0.00920000
v -0.00682100 -0.00306500 -0.00920000
v -0.00682100 -0.00306500 -0.00920000
v -0.00682100 -0.00306500 -0.00920000
v -0.00787100 0.00000000 -0.00920000
v -0.00787100 0.00000000 -0.00920000
v -0.00787100 0.00000000 -0.00920000
v -0.00787100 0.00000000 -0.00920000
v -0.00787100 0.00000000 -0.00920000
v -0.00061800 0.00270800 -0.00920000
v -0.00061800 0.00270800 -0.00920000
v -0.00061800 0.00270800 -0.00920000
v -0.00061800 0.00270800 -0.00920000
v -0.00061800 0.00270800 -0.00920000
v 0.00277800 0.00000000 0.00870000
v 0.00277800 0.00000000 0.00870000
v 0.00277800 0.00000000 0.00870000
v 0.00277800 0.00000000 0.00870000
v 0.00277800 0.00000000 0.00870000
v 0.00061800 -0.00270800 0.00870000
v 0.00061800 -0.00270800 0.00870000
v 0.00061800 -0.00270800 0.00870000
v 0.00061800 -0.00270800 0.00870000
v 0.00061800 -0.00270800 0.00870000
v 0.00173200 -0.00217200 0.00870000
v 0.00173200 -0.00217200 0.00870000
v 0.00173200 -0.00217200 0.00870000
v 0.00173200 -0.00217200 0.00870000
v 0.00173200 -0.00217200 0.00870000
v 0.00509100 -0.00480400 0.00870000
v 0.00509100 -0.00480400 0.00870000
v 0.00509100 -0.00480400 0.00870000
v 0.00509100 -0.00480400 0.00870000
v -0.00061800 -0.00270800 0.00870000
v -0.00061800 -0.00270800 0.00870000
v -0.00061800 -0.00270800 0.00870000
v -0.00061800 -0.00270800 0.00870000
v -0.00061800 -0.00270800 0.00870000
v -0.00760100 -0.00162000 0.00870000
v -0.00760100 -0.00162000 0.00870000
v -0.00760100 -0.00162000 0.00870000
v -0.00760100 -0.00162000 0.00870000
v -0.00760100 -0.00162000 0.00870000
v -0.00682100 -0.00306500 0.00870000
v -0.00682100 -0.00306500 0.00870000
v -0.00682100 -0.00306500 0.00870000
v -0.00682100 -0.00306500 0.00870000
v -0.00682100 -0.00306500 0.00870000
v -0.00561600 -0.00417900 0.00870000
v -0.00561600 -0.00417900 0.00870000
v -0.00561600 -0.00417900 0.00870000
v -0.00561600 -0.00417900 0.00870000
v -0.00418100 -0.00561400 0.00870000
v -0.00418100 -0.00561400 0.00870000
v -0.00418100 -0.00561400 0.00870000
v -0.00418100 -0.00561400 0.00870000
v -0.00418100 -0.00561400 0.00870000
v -0.00239500 -0.00657700 0.00870000
v -0.00239500 -0.00657700 0.00870000
v -0.00239500 -0.00657700 0.00870000
v -0.00040800 -0.00698800 0.00870000
v -0.00040800 -0.00698800 0.00870000
v -0.00040800 -0.00698800 0.00870000
v -0.00040800 -0.00698800 0.00870000
v -0.00040800 -0.00698800 0.00870000
v 0.00161300 -0.00681100 0.00870000
v 0.00161300 -0.00681100 0.00870000
v 0.00161300 -0.00681100 0.00870000
v 0.00161300 -0.00681100 0.00870000
v 0.00161300 -0.00681100 0.00870000
v 0.00349900 -0.00606300 0.00870000
v 0.00349900 -0.00606300 0.00870000
v 0.00349900 -0.00606300 0.00870000
v 0.00349900 -0.00606300 0.00870000
v -0.00277800 0.00000000 0.00870000
v -0.00277800 0.00000000 0.00870000
v -0.00277800 0.00000000 0.00870000
v -0.00277800 0.00000000 0.00870000
v -0.00277800 0.00000000 0.00870000
v -0.00250300 0.00120500 0.00870000
v -0.00250300 0.00120500 0.00870000
v -0.00250300 0.00120500 0.00870000
v -0.00250300 0.00120500 0.00870000
v -0.00787100 0.00700000 0.00870000
v -0.00787100 0.00700000 0.00870000
v -0.00787100 0.00700000 0.00870000
v -0.00787100 0.00700000 0.00870000
v -0.00787100 0.00700000 0.00870000
v -0.00787100 0.00700000 0.00870000
v 0.00014500 0.00699800 0.00870000
v 0.00014500 0.00699800 0.00870000
v 0.00014500 0.00699800 0.00870000
v 0.00014500 0.00699800 0.00870000
v 0.00014500 0.00699800 0.00870000
v 0.00695300 0.00081200 0.00870000
v 0.00695300 0.00081200 0.00870000
v 0.00695300 0.00081200 0.00870000
v 0.00695300 0.00081200 0.00870000
v 0.00695300 0.00081200 0.00870000
v 0.00642800 0.00277200 0.00870000
v 0.00642800 0.00277200 0.00870000
v 0.00642800 0.00277200 0.00870000
v 0.00250300 0.00120500 0.00870000
v 0.00250300 0.00120500 0.00870000
v 0.00250300 0.00120500 0.00870000
v 0.00250300 0.00120500 0.00870000
v 0.00250300 0.00120500 0.00870000
v 0.00200800 0.00670600 0.00870000
v 0.00200800 0.00670600 0.00870000
v 0.00200800 0.00670600 0.00870000
v 0.00200800 0.00670600 0.00870000
v -0.00793800 0.00875000 -0.00070700
v -0.00793800 0.00875000 -0.00070700
v -0.00793800 0.00875000 -0.00070700
v -0.00793800 0.00875000 -0.00070700
v -0.00793800 0.00875000 -0.00070700
v -0.00787100 0.00850000 -0.01220000
v -0.00787100 0.00850000 -0.01220000
v -0.00787100 0.00850000 -0.01220000
v -0.00787100 0.00850000 -0.01220000
v -0.00787100 0.00850000 -0.01220000
v -0.00787100 0.00850000 -0.01220000
v -0.00788700 0.00862500 -0.00065000
v -0.00788700 0.00862500 -0.00065000
v -0.00788700 0.00862500 -0.00065000
v -0.00788700 0.00862500 -0.00065000
v -0.00788700 0.00862500 -0.00065000
v -0.00788700 0.00862500 -0.00065000
v -0.00788700 0.00862500 -0.00065000
v -0.00787100 0.00850000 -0.00055900
v -0.00787100 0.00850000 -0.00055900
v -0.00787100 0.00850000 -0.00055900
v -0.00787100 0.00850000 -0.00055900
v -0.00787100 0.00850000 -0.00055900
v -0.00787100 0.00850000 -0.00055900
v -0.00787100 0.00850000 -0.00055900
v -0.00812100 0.00893300 -0.01220000
v -0.00812100 0.00893300 -0.01220000
v -0.00812100 0.00893300 -0.01220000
v -0.00812100 0.00893300 -0.01220000
v -0.00812100 0.00893300 -0.01220000
v -0.00812100 0.00893300 -0.01220000
v -0.00824100 0.00898300 -0.00075000
v -0.00824100 0.00898300 -0.00075000
v -0.00824100 0.00898300 -0.00075000
v -0.00824100 0.00898300 -0.00075000
v -0.00812100 0.00893300 -0.00074700
v -0.00812100 0.00893300 -0.00074700
v -0.00812100 0.00893300 -0.00074700
v -0.00812100 0.00893300 -0.00074700
v -0.00812100 0.00893300 -0.00074700
v -0.00801600 0.00885300 -0.00073500
v -0.00801600 0.00885300 -0.00073500
v -0.00801600 0.00885300 -0.00073500
v -0.00801600 0.00885300 -0.00073500
v -0.02903100 -0.00900000 -0.00037500
v -0.02903100 -0.00900000 -0.00037500
v -0.02903100 -0.00900000 -0.00037500
v -0.02903100 -0.00900000 -0.00037500
v -0.02903100 -0.00900000 -0.00037500
v -0.02968000 -0.00900000 -0.00075000
v -0.02968000 -0.00900000 -0.00075000
v -0.02968000 -0.00900000 -0.00075000
v -0.02968000 -0.00900000 -0.00075000
v -0.02968000 0.00900000 -0.00075000
v -0.02968000 0.00900000 -0.00075000
v -0.02968000 0.00900000 -0.00075000
v -0.02968000 0.00900000 -0.00075000
v -0.02968000 0.00900000 -0.00075000
v -0.02968000 0.00900000 -0.00075000
v -0.03033000 -0.00900000 -0.00037500
v -0.03033000 -0.00900000 -0.00037500
v -0.03033000 -0.00900000 -0.00037500
v -0.03033000 0.00900000 -0.00037500
v -0.03033000 0.00900000 -0.00037500
v -0.03033000 0.00900000 -0.00037500
v -0.03033000 0.00900000 -0.00037500
v -0.03043000 0.00900000 0.00000000
v -0.03043000 0.00900000 0.00000000
v -0.03043000 0.00900000 0.00000000
v -0.03043000 0.00900000 0.00000000
v -0.03043000 0.00900000 0.00000000
v -0.03043000 -0.00900000 0.00000000
v -0.03043000 -0.00900000 0.00000000
v -0.03043000 -0.00900000 0.00000000
v -0.03043000 -0.00900000 0.00000000
v -0.03033000 -0.00900000 0.00037500
v -0.03033000 -0.00900000 0.00037500
v -0.03033000 -0.00900000 0.00037500
v -0.02968000 0.00900000 0.00075000
v -0.02968000 0.00900000 0.00075000
v -0.02968000 0.00900000 0.00075000
v -0.02968000 0.00900000 0.00075000
v -0.02968000 0.00900000 0.00075000
v -0.02968000 0.00900000 0.00075000
v -0.02968000 -0.00900000 0.00075000
v -0.02968000 -0.00900000 0.00075000
v -0.02968000 -0.00900000 0.00075000
v -0.02930500 -0.00900000 0.00065000
v -0.02930500 -0.00900000 0.00065000
v -0.02930500 -0.00900000 0.00065000
v -0.02930500 -0.00900000 0.00065000
v -0.02930500 0.00862500 0.00065000
v -0.02930500 0.00862500 0.00065000
v -0.02930500 0.00862500 0.00065000
v -0.02930500 0.00862500 0.00065000
v -0.02930500 0.00862500 0.00065000
v -0.02903100 0.00835000 0.00037500
v -0.02903100 0.00835000 0.00037500
v -0.02903100 0.00835000 0.00037500
v -0.02903100 0.00835000 0.00037500
v -0.02903100 0.00835000 0.00037500
v -0.02903100 -0.00900000 0.00037500
v -0.02903100 -0.00900000 0.00037500
v -0.02903100 -0.00900000 0.00037500
v -0.02903100 -0.00900000 0.00037500
v -0.02903100 -0.00900000 0.00037500
v -0.02395600 0.00827600 -0.00019400
v -0.02395600 0.00827600 -0.00019400
v -0.02395600 0.00827600 -0.00019400
v -0.02395600 0.00827600 -0.00019400
v -0.02395600 0.00827600 -0.00019400
v -0.02403100 -0.00900000 0.00037500
v -0.02403100 -0.00900000 0.00037500
v -0.02403100 -0.00900000 0.00037500
v -0.02403100 -0.00900000 0.00037500
v -0.02505500 0.00862500 0.00065000
v -0.02505500 0.00862500 0.00065000
v -0.02505500 0.00862500 0.00065000
v -0.02505500 0.00862500 0.00065000
v -0.02505500 0.00862500 0.00065000
v -0.02505500 -0.00900000 0.00065000
v -0.02505500 -0.00900000 0.00065000
v -0.02505500 -0.00900000 0.00065000
v -0.02505500 -0.00900000 0.00065000
v -0.02505500 -0.00900000 0.00065000
v -0.02533000 -0.00900000 0.00037500
v -0.02533000 -0.00900000 0.00037500
v -0.02533000 -0.00900000 0.00037500
v -0.02533000 -0.00900000 0.00037500
v -0.02533000 -0.00900000 0.00037500
v -0.02533000 -0.00900000 0.00037500
v -0.02533000 0.00835000 0.00037500
v -0.02533000 0.00835000 0.00037500
v -0.02533000 0.00835000 0.00037500
v -0.02533000 0.00835000 0.00037500
v -0.02533000 0.00835000 0.00037500
v -0.02403100 0.00835000 -0.00037500
v -0.02403100 0.00835000 -0.00037500
v -0.02403100 0.00835000 -0.00037500
v -0.02403100 0.00835000 -0.00037500
v -0.02403100 0.00835000 -0.00037500
v -0.02403100 -0.00900000 -0.00037500
v -0.02403100 -0.00900000 -0.00037500
v -0.02403100 -0.00900000 -0.00037500
v -0.02403100 -0.00900000 -0.00037500
v -0.02403100 -0.00900000 -0.00037500
v -0.02430500 0.00862500 -0.00065000
v -0.02430500 0.00862500 -0.00065000
v -0.02430500 0.00862500 -0.00065000
v -0.02430500 0.00862500 -0.00065000
v -0.02430500 0.00862500 -0.00065000
v -0.02430500 0.00862500 -0.00065000
v -0.02430500 0.00862500 -0.00065000
v -0.02430500 -0.00900000 -0.00065000
v -0.02430500 -0.00900000 -0.00065000
v -0.02430500 -0.00900000 -0.00065000
v -0.02430500 -0.00900000 -0.00065000
v -0.02468000 -0.00900000 -0.00075000
v -0.02468000 -0.00900000 -0.00075000
v -0.02468000 -0.00900000 -0.00075000
v -0.02505500 0.00862500 -0.00065000
v -0.02505500 0.00862500 -0.00065000
v -0.02505500 0.00862500 -0.00065000
v -0.02505500 0.00862500 -0.00065000
v -0.02505500 0.00862500 -0.00065000
v -0.02505500 0.00862500 -0.00065000
v -0.02533000 -0.00900000 -0.00037500
v -0.02533000 -0.00900000 -0.00037500
v -0.02533000 -0.00900000 -0.00037500
v -0.02533000 -0.00900000 -0.00037500
v -0.02533000 -0.00900000 -0.00037500
v -0.02540500 0.00827600 0.00019400
v -0.02540500 0.00827600 0.00019400
v -0.02540500 0.00827600 0.00019400
v -0.02540500 0.00827600 0.00019400
v -0.02468000 0.00900000 0.00075000
v -0.02468000 0.00900000 0.00075000
v -0.02468000 0.00900000 0.00075000
v -0.02468000 0.00900000 0.00075000
v -0.02468000 0.00900000 0.00075000
v -0.02895600 0.00827600 0.00019400
v -0.02895600 0.00827600 0.00019400
v -0.02895600 0.00827600 0.00019400
v -0.02895600 0.00827600 0.00019400
v -0.02895600 0.00827600 0.00019400
v -0.02895600 0.00827600 0.00019400
v -0.02893000 0.00825000 0.00000000
v -0.02893000 0.00825000 0.00000000
v -0.02893000 0.00825000 0.00000000
v -0.02893000 0.00825000 0.00000000
v -0.02893000 0.00825000 0.00000000
v -0.02893000 0.00825000 0.00000000
v -0.02543000 0.00825000 0.00000000
v -0.02543000 0.00825000 0.00000000
v -0.02543000 0.00825000 0.00000000
v -0.02543000 0.00825000 0.00000000
v -0.02543000 0.00825000 0.00000000
v -0.02895600 0.00827600 -0.00019400
v -0.02895600 0.00827600 -0.00019400
v -0.02895600 0.00827600 -0.00019400
v -0.02895600 0.00827600 -0.00019400
v -0.02895600 0.00827600 -0.00019400
v -0.02540500 0.00827600 -0.00019400
v -0.02540500 0.00827600 -0.00019400
v -0.02540500 0.00827600 -0.00019400
v -0.02540500 0.00827600 -0.00019400
v -0.02540500 0.00827600 -0.00019400
v -0.02540500 0.00827600 -0.00019400
v -0.02533000 0.00835000 -0.00037500
v -0.02533000 0.00835000 -0.00037500
v -0.02533000 0.00835000 -0.00037500
v -0.02533000 0.00835000 -0.00037500
v -0.02533000 0.00835000 -0.00037500
v -0.02903100 0.00835000 -0.00037500
v -0.02903100 0.00835000 -0.00037500
v -0.02903100 0.00835000 -0.00037500
v -0.02903100 0.00835000 -0.00037500
v -0.02930500 0.00862500 -0.00065000
v -0.02930500 0.00862500 -0.00065000
v -0.02930500 0.00862500 -0.00065000
v -0.02930500 0.00862500 -0.00065000
v -0.02930500 0.00862500 -0.00065000
v -0.02468000 0.00900000 -0.00075000
v -0.02468000 0.00900000 -0.00075000
v -0.02468000 0.00900000 -0.00075000
v -0.02468000 0.00900000 -0.00075000
v -0.02468000 0.00900000 -0.00075000
v -0.02468000 0.00900000 -0.00075000
v -0.02468000 0.00900000 -0.00075000
v -0.00793800 0.00875000 0.00070700
v -0.00793800 0.00875000 0.00070700
v -0.00793800 0.00875000 0.00070700
v -0.00793800 0.00875000 0.00070700
v -0.00812100 0.00893300 0.00074700
v -0.00812100 0.00893300 0.00074700
v -0.00812100 0.00893300 0.00074700
v -0.00812100 0.00893300 0.00074700
v -0.00812900 0.00880600 0.00072400
v -0.00812900 0.00880600 0.00072400
v -0.00812900 0.00880600 0.00072400
v -0.00812900 0.00880600 0.00072400
v -0.00812900 0.00880600 0.00072400
v -0.00812900 0.00880600 0.00072400
v -0.00812900 0.00880600 0.00072400
v -0.00787100 0.00850000 0.00055900
v -0.00787100 0.00850000 0.00055900
v -0.00787100 0.00850000 0.00055900
v -0.00787100 0.00850000 0.00055900
v -0.02403100 0.00835000 0.00037500
v -0.02403100 0.00835000 0.00037500
v -0.02403100 0.00835000 0.00037500
v -0.02403100 0.00835000 0.00037500
v -0.02403100 0.00835000 0.00037500
v -0.02403100 0.00835000 0.00037500
v -0.02395600 0.00827600 0.00019400
v -0.02395600 0.00827600 0.00019400
v -0.02395600 0.00827600 0.00019400
v -0.02395600 0.00827600 0.00019400
v -0.02395600 0.00827600 0.00019400
v -0.00812900 0.00880600 -0.00072400
v -0.00812900 0.00880600 -0.00072400
v -0.00812900 0.00880600 -0.00072400
v -0.00812900 0.00880600 -0.00072400
v -0.00812900 0.00880600 -0.00072400
v -0.00812900 0.00880600 -0.00072400
v -0.00812900 0.00880600 -0.00072400
v -0.00837100 0.00900000 -0.00075000
v -0.00837100 0.00900000 -0.00075000
v -0.00837100 0.00900000 -0.00075000
v -0.00837100 0.00900000 -0.00075000
v -0.00837100 0.00900000 -0.00075000
v -0.00837100 0.00900000 -0.00075000
v -0.00787100 0.00835000 0.00037500
v -0.00787100 0.00835000 0.00037500
v -0.00787100 0.00835000 0.00037500
v -0.00787100 0.00835000 0.00037500
v -0.00787100 0.00835000 0.00037500
v -0.00787100 0.00835000 0.00037500
v -0.02393000 0.00825000 0.00000000
v -0.02393000 0.00825000 0.00000000
v -0.02393000 0.00825000 0.00000000
v -0.02393000 0.00825000 0.00000000
v -0.02393000 0.00825000 0.00000000
v -0.02393000 0.00825000 0.00000000
v -0.00787100 0.00825000 0.00000000
v -0.00787100 0.00825000 0.00000000
v -0.00787100 0.00825000 0.00000000
v -0.00787100 0.00825000 0.00000000
v -0.00787100 0.00825000 0.00000000
v -0.00787100 0.00825000 0.00000000
v -0.02430500 0.00862500 0.00065000
v -0.02430500 0.00862500 0.00065000
v -0.02430500 0.00862500 0.00065000
v -0.02430500 0.00862500 0.00065000
v -0.02430500 0.00862500 0.00065000
v -0.00788700 0.00862500 0.00065000
v -0.00788700 0.00862500 0.00065000
v -0.00788700 0.00862500 0.00065000
v -0.00788700 0.00862500 0.00065000
v -0.00788700 0.00862500 0.00065000
v -0.00788700 0.00862500 0.00065000
v -0.00788700 0.00862500 0.00065000
v -0.00788700 0.00862500 0.00065000
v -0.02137100 0.00900000 0.00075000
v -0.02137100 0.00900000 0.00075000
v -0.02137100 0.00900000 0.00075000
v -0.02137100 0.00900000 0.00075000
v -0.02137100 0.00900000 0.00075000
v -0.02137100 0.00900000 0.00075000
v -0.02137100 0.00964900 -0.00037500
v -0.02137100 0.00964900 -0.00037500
v -0.02137100 0.00964900 -0.00037500
v -0.02137100 0.00964900 -0.00037500
v -0.02137100 0.00964900 -0.00037500
v -0.00937100 0.00964900 -0.00037500
v -0.00937100 0.00964900 -0.00037500
v -0.00937100 0.00964900 -0.00037500
v -0.00937100 0.00964900 -0.00037500
v -0.02137100 0.00900000 -0.00075000
v -0.02137100 0.00900000 -0.00075000
v -0.02137100 0.00900000 -0.00075000
v -0.02137100 0.00900000 -0.00075000
v -0.02137100 0.00900000 -0.00075000
v -0.02137100 0.00900000 -0.00075000
v -0.02137100 0.00900000 -0.00075000
v -0.01087000 0.01017800 0.00244800
v -0.01087000 0.01017800 0.00244800
v -0.01087000 0.01017800 0.00244800
v -0.01087000 0.01017800 0.00244800
v -0.01987000 0.01061600 0.00222500
v -0.01987000 0.01061600 0.00222500
v -0.01987000 0.01061600 0.00222500
v -0.01987000 0.01061600 0.00222500
v -0.01987000 0.01061600 0.00222500
v -0.01087000 0.01061600 0.00222500
v -0.01087000 0.01061600 0.00222500
v -0.01087000 0.01061600 0.00222500
v -0.01087000 0.01061600 0.00222500
v -0.01087000 0.01061600 0.00222500
v -0.01987000 0.01122500 0.00161600
v -0.01987000 0.01122500 0.00161600
v -0.01987000 0.01122500 0.00161600
v -0.01987000 0.01122500 0.00161600
v -0.01987000 0.01122500 0.00161600
v -0.01987000 0.01122500 0.00161600
v -0.01987000 0.01165400 0.00060800
v -0.01987000 0.01165400 0.00060800
v -0.01987000 0.01165400 0.00060800
v -0.01987000 0.01165400 0.00060800
v -0.01987000 0.01165400 0.00060800
v -0.01987000 0.01165400 0.00060800
v -0.01987000 0.01165400 -0.00060800
v -0.01987000 0.01165400 -0.00060800
v -0.01987000 0.01165400 -0.00060800
v -0.01987000 0.01165400 -0.00060800
v -0.01987000 0.01165400 -0.00060800
v -0.01987000 0.01161500 -0.00085000
v -0.01987000 0.01161500 -0.00085000
v -0.01987000 0.01161500 -0.00085000
v -0.01987000 0.01161500 -0.00085000
v -0.01987000 0.01161500 -0.00085000
v -0.01987000 0.01161500 -0.00085000
v -0.01087000 0.01122500 -0.00161600
v -0.01087000 0.01122500 -0.00161600
v -0.01087000 0.01122500 -0.00161600
v -0.01087000 0.01122500 -0.00161600
v -0.01087000 0.01122500 -0.00161600
v -0.01987000 0.01061600 -0.00222500
v -0.01987000 0.01061600 -0.00222500
v -0.01987000 0.01061600 -0.00222500
v -0.01987000 0.01061600 -0.00222500
v -0.01987000 0.01061600 -0.00222500
v -0.01987000 0.01061600 -0.00222500
v -0.01087000 0.01061600 -0.00222500
v -0.01087000 0.01061600 -0.00222500
v -0.01087000 0.01061600 -0.00222500
v -0.01087000 0.01061600 -0.00222500
v -0.01087000 0.01017800 -0.00244800
v -0.01087000 0.01017800 -0.00244800
v -0.01087000 0.01017800 -0.00244800
v -0.01087000 0.01017800 -0.00244800
v -0.01087000 0.01017800 -0.00244800
v -0.01087000 0.00985000 -0.00261500
v -0.01087000 0.00985000 -0.00261500
v -0.01087000 0.00985000 -0.00261500
v -0.01087000 0.00985000 -0.00261500
v -0.02137100 0.00973500 -0.00101100
v -0.02137100 0.00973500 -0.00101100
v -0.02137100 0.00973500 -0.00101100
v -0.02137100 0.00973500 -0.00101100
v -0.02137100 0.00973500 -0.00101100
v -0.02137100 0.01001100 -0.00073500
v -0.02137100 0.01001100 -0.00073500
v -0.02137100 0.01001100 -0.00073500
v -0.02137100 0.01001100 -0.00073500
v -0.02137100 0.01001100 -0.00073500
v -0.02137100 0.00937500 -0.00065000
v -0.02137100 0.00937500 -0.00065000
v -0.02137100 0.00937500 -0.00065000
v -0.02137100 0.00937500 -0.00065000
v -0.02137100 0.00937500 -0.00065000
v -0.02137100 0.00975000 0.00000000
v -0.02137100 0.00975000 0.00000000
v -0.02137100 0.00975000 0.00000000
v -0.02137100 0.00975000 0.00000000
v -0.02137100 0.00975000 0.00000000
v -0.02137100 0.01025000 0.00000000
v -0.02137100 0.01025000 0.00000000
v -0.02137100 0.01025000 0.00000000
v -0.02137100 0.01025000 0.00000000
v -0.02137100 0.01025000 0.00000000
v -0.02137100 0.01018900 0.00038600
v -0.02137100 0.01018900 0.00038600
v -0.02137100 0.01018900 0.00038600
v -0.02137100 0.01018900 0.00038600
v -0.02137100 0.01018900 0.00038600
v -0.02137100 0.00964900 0.00037500
v -0.02137100 0.00964900 0.00037500
v -0.02137100 0.00964900 0.00037500
v -0.02137100 0.00964900 0.00037500
v -0.02137100 0.00964900 0.00037500
v -0.02137100 0.00973500 0.00101100
v -0.02137100 0.00973500 0.00101100
v -0.02137100 0.00973500 0.00101100
v -0.02137100 0.00973500 0.00101100
v -0.02137100 0.00937500 0.00065000
v -0.02137100 0.00937500 0.00065000
v -0.02137100 0.00937500 0.00065000
v -0.02137100 0.00937500 0.00065000
v -0.02137100 0.00937500 0.00065000
v -0.00937100 0.00900000 0.00125000
v -0.00937100 0.00900000 0.00125000
v -0.00937100 0.00900000 0.00125000
v -0.00937100 0.00938600 0.00118900
v -0.00937100 0.00938600 0.00118900
v -0.00937100 0.00938600 0.00118900
v -0.00937100 0.00938600 0.00118900
v -0.00937100 0.01001100 0.00073500
v -0.00937100 0.01001100 0.00073500
v -0.00937100 0.01001100 0.00073500
v -0.00937100 0.01001100 0.00073500
v -0.00937100 0.00937500 0.00065000
v -0.00937100 0.00937500 0.00065000
v -0.00937100 0.00937500 0.00065000
v -0.00937100 0.00937500 0.00065000
v -0.00937100 0.00964900 0.00037500
v -0.00937100 0.00964900 0.00037500
v -0.00937100 0.00964900 0.00037500
v -0.00937100 0.00964900 0.00037500
v -0.00937100 0.01025000 0.00000000
v -0.00937100 0.01025000 0.00000000
v -0.00937100 0.01025000 0.00000000
v -0.00937100 0.01025000 0.00000000
v -0.00937100 0.01025000 0.00000000
v -0.00937100 0.00975000 0.00000000
v -0.00937100 0.00975000 0.00000000
v -0.00937100 0.00975000 0.00000000
v -0.00937100 0.00975000 0.00000000
v -0.00937100 0.01018900 -0.00038600
v -0.00937100 0.01018900 -0.00038600
v -0.00937100 0.01018900 -0.00038600
v -0.00937100 0.01018900 -0.00038600
v -0.00937100 0.01018900 -0.00038600
v -0.00937100 0.00973500 -0.00101100
v -0.00937100 0.00973500 -0.00101100
v -0.00937100 0.00973500 -0.00101100
v -0.00937100 0.00973500 -0.00101100
v -0.00937100 0.00937500 -0.00065000
v -0.00937100 0.00937500 -0.00065000
v -0.00937100 0.00937500 -0.00065000
v -0.00937100 0.00937500 -0.00065000
v -0.01087000 0.01113800 -0.00170300
v -0.01087000 0.01113800 -0.00170300
v -0.01087000 0.01113800 -0.00170300
v -0.01087000 0.01113800 -0.00170300
v -0.01087000 0.01113800 -0.00170300
v -0.01029700 0.01150700 -0.00081500
v -0.01029700 0.01150700 -0.00081500
v -0.01029700 0.01150700 -0.00081500
v -0.01029700 0.01150700 -0.00081500
v -0.01029700 0.01150700 -0.00081500
v -0.01087000 0.01161500 -0.00085000
v -0.01087000 0.01161500 -0.00085000
v -0.01087000 0.01161500 -0.00085000
v -0.01087000 0.01161500 -0.00085000
v -0.01087000 0.01165400 -0.00060800
v -0.01087000 0.01165400 -0.00060800
v -0.01087000 0.01165400 -0.00060800
v -0.01087000 0.01165400 -0.00060800
v -0.01087000 0.01165400 -0.00060800
v -0.01087000 0.01165400 -0.00060800
v -0.01029700 0.01163600 0.00000000
v -0.01029700 0.01163600 0.00000000
v -0.01029700 0.01163600 0.00000000
v -0.01029700 0.01163600 0.00000000
v -0.01029700 0.01163600 0.00000000
v -0.01029700 0.01163600 0.00000000
v -0.01029700 0.01163600 0.00000000
v -0.01087000 0.01175000 0.00000000
v -0.01087000 0.01175000 0.00000000
v -0.01087000 0.01175000 0.00000000
v -0.01087000 0.01175000 0.00000000
v -0.01087000 0.01165400 0.00060800
v -0.01087000 0.01165400 0.00060800
v -0.01087000 0.01165400 0.00060800
v -0.01087000 0.01165400 0.00060800
v -0.01087000 0.01161500 0.00085000
v -0.01087000 0.01161500 0.00085000
v -0.01087000 0.01161500 0.00085000
v -0.01087000 0.01161500 0.00085000
v -0.01087000 0.01161500 0.00085000
v -0.01029700 0.01113200 0.00154900
v -0.01029700 0.01113200 0.00154900
v -0.01029700 0.01113200 0.00154900
v -0.01029700 0.01113200 0.00154900
v -0.01029700 0.01113200 0.00154900
v -0.01029700 0.01113200 0.00154900
v -0.01087000 0.01122500 0.00161600
v -0.01087000 0.01122500 0.00161600
v -0.01087000 0.01122500 0.00161600
v -0.01087000 0.01122500 0.00161600
v -0.01087000 0.01113800 0.00170300
v -0.01087000 0.01113800 0.00170300
v -0.01087000 0.01113800 0.00170300
v -0.01087000 0.01113800 0.00170300
v -0.01029700 0.00900000 0.00263600
v -0.01029700 0.00900000 0.00263600
v -0.01029700 0.00900000 0.00263600
v -0.01029700 0.00900000 0.00263600
v -0.01029700 0.00900000 0.00263600
v -0.01087000 0.00985000 0.00261500
v -0.01087000 0.00985000 0.00261500
v -0.01087000 0.00985000 0.00261500
v -0.01087000 0.00985000 0.00261500
v -0.01087000 0.00985000 0.00261500
v -0.01029700 0.00981400 0.00250700
v -0.01029700 0.00981400 0.00250700
v -0.01029700 0.00981400 0.00250700
v -0.01029700 0.00981400 0.00250700
v -0.01029700 0.00981400 0.00250700
v -0.01029700 0.00981400 0.00250700
v -0.01029700 0.00981400 0.00250700
v -0.00981000 0.00971400 0.00219800
v -0.00981000 0.00971400 0.00219800
v -0.00981000 0.00971400 0.00219800
v -0.00981000 0.00971400 0.00219800
v -0.00981000 0.00971400 0.00219800
v -0.00981000 0.00971400 0.00219800
v -0.01029700 0.01054900 0.00213200
v -0.01029700 0.01054900 0.00213200
v -0.01029700 0.01054900 0.00213200
v -0.01029700 0.01054900 0.00213200
v -0.01029700 0.01054900 0.00213200
v -0.01029700 0.01054900 0.00213200
v -0.00981000 0.01035800 0.00186900
v -0.00981000 0.01035800 0.00186900
v -0.00981000 0.01035800 0.00186900
v -0.00981000 0.01035800 0.00186900
v -0.00981000 0.01035800 0.00186900
v -0.00981000 0.01035800 0.00186900
v -0.01029700 0.01150700 0.00081500
v -0.01029700 0.01150700 0.00081500
v -0.01029700 0.01150700 0.00081500
v -0.01029700 0.01150700 0.00081500
v -0.01029700 0.01150700 0.00081500
v -0.01029700 0.01150700 0.00081500
v -0.00981000 0.01119700 0.00071400
v -0.00981000 0.01119700 0.00071400
v -0.00981000 0.01119700 0.00071400
v -0.00981000 0.01119700 0.00071400
v -0.00981000 0.01119700 0.00071400
v -0.00981000 0.01119700 0.00071400
v -0.00981000 0.01131000 0.00000000
v -0.00981000 0.01131000 0.00000000
v -0.00981000 0.01131000 0.00000000
v -0.00981000 0.01131000 0.00000000
v -0.00981000 0.01131000 0.00000000
v -0.00981000 0.01119700 -0.00071400
v -0.00981000 0.01119700 -0.00071400
v -0.00981000 0.01119700 -0.00071400
v -0.00981000 0.01119700 -0.00071400
v -0.00981000 0.01119700 -0.00071400
v -0.00981000 0.01119700 -0.00071400
v -0.01029700 0.01113200 -0.00154900
v -0.01029700 0.01113200 -0.00154900
v -0.01029700 0.01113200 -0.00154900
v -0.01029700 0.01113200 -0.00154900
v -0.01029700 0.01113200 -0.00154900
v -0.01029700 0.01113200 -0.00154900
v -0.01029700 0.01054900 -0.00213200
v -0.01029700 0.01054900 -0.00213200
v -0.01029700 0.01054900 -0.00213200
v -0.01029700 0.01054900 -0.00213200
v -0.01029700 0.01054900 -0.00213200
v -0.01029700 0.01054900 -0.00213200
v -0.00981000 0.01086900 -0.00135800
v -0.00981000 0.01086900 -0.00135800
v -0.00981000 0.01086900 -0.00135800
v -0.00981000 0.01086900 -0.00135800
v -0.00981000 0.01086900 -0.00135800
v -0.00981000 0.01086900 -0.00135800
v -0.01029700 0.00981400 -0.00250700
v -0.01029700 0.00981400 -0.00250700
v -0.01029700 0.00981400 -0.00250700
v -0.01029700 0.00981400 -0.00250700
v -0.01029700 0.00981400 -0.00250700
v -0.01029700 0.00981400 -0.00250700
v -0.01029700 0.00981400 -0.00250700
v -0.00981000 0.01035800 -0.00186900
v -0.00981000 0.01035800 -0.00186900
v -0.00981000 0.01035800 -0.00186900
v -0.00981000 0.01035800 -0.00186900
v -0.00981000 0.01035800 -0.00186900
v -0.00981000 0.01035800 -0.00186900
v -0.00981000 0.00971400 -0.00219800
v -0.00981000 0.00971400 -0.00219800
v -0.00981000 0.00971400 -0.00219800
v -0.00981000 0.00971400 -0.00219800
v -0.00981000 0.00971400 -0.00219800
v -0.00981000 0.00971400 -0.00219800
v -0.01029700 0.00900000 -0.00263600
v -0.01029700 0.00900000 -0.00263600
v -0.01029700 0.00900000 -0.00263600
v -0.01029700 0.00900000 -0.00263600
v -0.01029700 0.00900000 -0.00263600
v -0.00948500 0.01007200 0.00147600
v -0.00948500 0.01007200 0.00147600
v -0.00948500 0.01007200 0.00147600
v -0.00948500 0.01007200 0.00147600
v -0.00948500 0.01007200 0.00147600
v -0.00948500 0.01007200 0.00147600
v -0.00981000 0.01086900 0.00135800
v -0.00981000 0.01086900 0.00135800
v -0.00981000 0.01086900 0.00135800
v -0.00981000 0.01086900 0.00135800
v -0.00981000 0.01086900 0.00135800
v -0.00981000 0.01086900 0.00135800
v -0.00948500 0.01073500 0.00056400
v -0.00948500 0.01073500 0.00056400
v -0.00948500 0.01073500 0.00056400
v -0.00948500 0.01073500 0.00056400
v -0.00948500 0.01073500 0.00056400
v -0.00948500 0.01073500 0.00056400
v -0.00948500 0.01082400 0.00000000
v -0.00948500 0.01082400 0.00000000
v -0.00948500 0.01082400 0.00000000
v -0.00948500 0.01082400 0.00000000
v -0.00948500 0.01082400 0.00000000
v -0.00948500 0.01082400 0.00000000
v -0.00948500 0.01073500 -0.00056400
v -0.00948500 0.01073500 -0.00056400
v -0.00948500 0.01073500 -0.00056400
v -0.00948500 0.01073500 -0.00056400
v -0.00948500 0.01073500 -0.00056400
v -0.00948500 0.01073500 -0.00056400
v -0.00948500 0.01047500 -0.00107200
v -0.00948500 0.01047500 -0.00107200
v -0.00948500 0.01047500 -0.00107200
v -0.00948500 0.01047500 -0.00107200
v -0.00948500 0.01047500 -0.00107200
v -0.00948500 0.01047500 -0.00107200
v -0.00948500 0.01007200 -0.00147600
v -0.00948500 0.01007200 -0.00147600
v -0.00948500 0.01007200 -0.00147600
v -0.00948500 0.01007200 -0.00147600
v -0.00948500 0.01007200 -0.00147600
v -0.00948500 0.01007200 -0.00147600
v -0.00981000 0.00900000 -0.00231100
v -0.00981000 0.00900000 -0.00231100
v -0.00981000 0.00900000 -0.00231100
v -0.00981000 0.00900000 -0.00231100
v -0.00948500 0.00900000 0.00182400
v -0.00948500 0.00900000 0.00182400
v -0.00948500 0.00900000 0.00182400
v -0.00948500 0.00900000 0.00182400
v -0.00948500 0.00900000 0.00182400
v -0.00948500 0.00956400 0.00173500
v -0.00948500 0.00956400 0.00173500
v -0.00948500 0.00956400 0.00173500
v -0.00948500 0.00956400 0.00173500
v -0.00948500 0.00956400 0.00173500
v -0.00948500 0.00956400 0.00173500
v -0.00948500 0.01047500 0.00107200
v -0.00948500 0.01047500 0.00107200
v -0.00948500 0.01047500 0.00107200
v -0.00948500 0.01047500 0.00107200
v -0.00948500 0.01047500 0.00107200
v -0.00948500 0.01047500 0.00107200
v -0.00937100 0.00973500 0.00101100
v -0.00937100 0.00973500 0.00101100
v -0.00937100 0.00973500 0.00101100
v -0.00937100 0.00973500 0.00101100
v -0.00937100 0.01018900 0.00038600
v -0.00937100 0.01018900 0.00038600
v -0.00937100 0.01018900 0.00038600
v -0.00937100 0.01018900 0.00038600
v -0.00937100 0.01018900 0.00038600
v -0.00937100 0.01001100 -0.00073500
v -0.00937100 0.01001100 -0.00073500
v -0.00937100 0.01001100 -0.00073500
v -0.00937100 0.01001100 -0.00073500
v -0.00937100 0.00938600 -0.00118900
v -0.00937100 0.00938600 -0.00118900
v -0.00937100 0.00938600 -0.00118900
v -0.00937100 0.00938600 -0.00118900
v -0.00948500 0.00956400 -0.00173500
v -0.00948500 0.00956400 -0.00173500
v -0.00948500 0.00956400 -0.00173500
v -0.00948500 0.00956400 -0.00173500
v -0.00948500 0.00956400 -0.00173500
v -0.00948500 0.00956400 -0.00173500
v -0.02137100 0.00938600 0.00118900
v -0.02137100 0.00938600 0.00118900
v -0.02137100 0.00938600 0.00118900
v -0.02137100 0.00938600 0.00118900
v -0.02137100 0.00938600 0.00118900
v -0.02125700 0.00956400 0.00173500
v -0.02125700 0.00956400 0.00173500
v -0.02125700 0.00956400 0.00173500
v -0.02125700 0.00956400 0.00173500
v -0.02125700 0.00956400 0.00173500
v -0.02125700 0.00956400 0.00173500
v -0.02125700 0.01073500 0.00056400
v -0.02125700 0.01073500 0.00056400
v -0.02125700 0.01073500 0.00056400
v -0.02125700 0.01073500 0.00056400
v -0.02125700 0.01073500 0.00056400
v -0.02125700 0.01073500 0.00056400
v -0.02125700 0.01047500 0.00107200
v -0.02125700 0.01047500 0.00107200
v -0.02125700 0.01047500 0.00107200
v -0.02125700 0.01047500 0.00107200
v -0.02125700 0.01047500 0.00107200
v -0.02137100 0.01001100 0.00073500
v -0.02137100 0.01001100 0.00073500
v -0.02137100 0.01001100 0.00073500
v -0.02137100 0.01001100 0.00073500
v -0.02137100 0.01001100 0.00073500
v -0.02125700 0.01007200 0.00147600
v -0.02125700 0.01007200 0.00147600
v -0.02125700 0.01007200 0.00147600
v -0.02125700 0.01007200 0.00147600
v -0.02125700 0.01007200 0.00147600
v -0.02093100 0.01035800 -0.00186900
v -0.02093100 0.01035800 -0.00186900
v -0.02093100 0.01035800 -0.00186900
v -0.02093100 0.01035800 -0.00186900
v -0.02093100 0.01035800 -0.00186900
v -0.02093100 0.01035800 -0.00186900
v -0.02125700 0.00956400 -0.00173500
v -0.02125700 0.00956400 -0.00173500
v -0.02125700 0.00956400 -0.00173500
v -0.02125700 0.00956400 -0.00173500
v -0.02125700 0.00956400 -0.00173500
v -0.02125700 0.00956400 -0.00173500
v -0.02137100 0.00938600 -0.00118900
v -0.02137100 0.00938600 -0.00118900
v -0.02137100 0.00938600 -0.00118900
v -0.02137100 0.00938600 -0.00118900
v -0.02137100 0.00938600 -0.00118900
v -0.02125700 0.01007200 -0.00147600
v -0.02125700 0.01007200 -0.00147600
v -0.02125700 0.01007200 -0.00147600
v -0.02125700 0.01007200 -0.00147600
v -0.02125700 0.01007200 -0.00147600
v -0.02044500 0.01150700 -0.00081500
v -0.02044500 0.01150700 -0.00081500
v -0.02044500 0.01150700 -0.00081500
v -0.02044500 0.01150700 -0.00081500
v -0.02044500 0.01150700 -0.00081500
v -0.02044500 0.01150700 -0.00081500
v -0.02125700 0.01047500 -0.00107200
v -0.02125700 0.01047500 -0.00107200
v -0.02125700 0.01047500 -0.00107200
v -0.02125700 0.01047500 -0.00107200
v -0.02125700 0.01047500 -0.00107200
v -0.02125700 0.01073500 -0.00056400
v -0.02125700 0.01073500 -0.00056400
v -0.02125700 0.01073500 -0.00056400
v -0.02125700 0.01073500 -0.00056400
v -0.02125700 0.01073500 -0.00056400
v -0.02093100 0.01131000 0.00000000
v -0.02093100 0.01131000 0.00000000
v -0.02093100 0.01131000 0.00000000
v -0.02093100 0.01131000 0.00000000
v -0.02093100 0.01131000 0.00000000
v -0.02093100 0.01131000 0.00000000
v -0.02125700 0.01082400 0.00000000
v -0.02125700 0.01082400 0.00000000
v -0.02125700 0.01082400 0.00000000
v -0.02125700 0.01082400 0.00000000
v -0.02125700 0.01082400 0.00000000
v -0.02125700 0.01082400 0.00000000
v -0.02093100 0.01119700 0.00071400
v -0.02093100 0.01119700 0.00071400
v -0.02093100 0.01119700 0.00071400
v -0.02093100 0.01119700 0.00071400
v -0.02093100 0.01119700 0.00071400
v -0.02093100 0.01119700 0.00071400
v -0.02044500 0.01150700 0.00081500
v -0.02044500 0.01150700 0.00081500
v -0.02044500 0.01150700 0.00081500
v -0.02044500 0.01150700 0.00081500
v -0.02044500 0.01150700 0.00081500
v -0.02044500 0.01150700 0.00081500
v -0.02044500 0.01113200 0.00154900
v -0.02044500 0.01113200 0.00154900
v -0.02044500 0.01113200 0.00154900
v -0.02044500 0.01113200 0.00154900
v -0.02044500 0.01113200 0.00154900
v -0.02044500 0.01113200 0.00154900
v -0.02093100 0.00900000 -0.00231100
v -0.02093100 0.00900000 -0.00231100
v -0.02093100 0.00900000 -0.00231100
v -0.02093100 0.00900000 -0.00231100
v -0.02093100 0.00900000 -0.00231100
v -0.02093100 0.00971400 -0.00219800
v -0.02093100 0.00971400 -0.00219800
v -0.02093100 0.00971400 -0.00219800
v -0.02093100 0.00971400 -0.00219800
v -0.02093100 0.00971400 -0.00219800
v -0.02093100 0.00971400 -0.00219800
v -0.02044500 0.00981400 -0.00250700
v -0.02044500 0.00981400 -0.00250700
v -0.02044500 0.00981400 -0.00250700
v -0.02044500 0.00981400 -0.00250700
v -0.02044500 0.00981400 -0.00250700
v -0.02044500 0.00981400 -0.00250700
v -0.02044500 0.00981400 -0.00250700
v -0.01987000 0.01122500 -0.00161600
v -0.01987000 0.01122500 -0.00161600
v -0.01987000 0.01122500 -0.00161600
v -0.01987000 0.01122500 -0.00161600
v -0.01987000 0.01122500 -0.00161600
v -0.02044500 0.01113200 -0.00154900
v -0.02044500 0.01113200 -0.00154900
v -0.02044500 0.01113200 -0.00154900
v -0.02044500 0.01113200 -0.00154900
v -0.02044500 0.01113200 -0.00154900
v -0.02044500 0.01113200 -0.00154900
v -0.02044500 0.01113200 -0.00154900
v -0.01987000 0.01113800 -0.00170300
v -0.01987000 0.01113800 -0.00170300
v -0.01987000 0.01113800 -0.00170300
v -0.01987000 0.01113800 -0.00170300
v -0.01987000 0.01113800 -0.00170300
v -0.01987000 0.01113800 -0.00170300
v -0.02044500 0.01054900 -0.00213200
v -0.02044500 0.01054900 -0.00213200
v -0.02044500 0.01054900 -0.00213200
v -0.02044500 0.01054900 -0.00213200
v -0.02044500 0.01054900 -0.00213200
v -0.02044500 0.01054900 -0.00213200
v -0.01987000 0.01017800 -0.00244800
v -0.01987000 0.01017800 -0.00244800
v -0.01987000 0.01017800 -0.00244800
v -0.01987000 0.01017800 -0.00244800
v -0.01987000 0.01017800 -0.00244800
v -0.01987000 0.00985000 -0.00261500
v -0.01987000 0.00985000 -0.00261500
v -0.01987000 0.00985000 -0.00261500
v -0.01987000 0.00985000 -0.00261500
v -0.01987000 0.00985000 -0.00261500
v -0.01987000 0.00985000 -0.00261500
v -0.02093100 0.01086900 -0.00135800
v -0.02093100 0.01086900 -0.00135800
v -0.02093100 0.01086900 -0.00135800
v -0.02093100 0.01086900 -0.00135800
v -0.02093100 0.01086900 -0.00135800
v -0.02093100 0.01086900 -0.00135800
v -0.02093100 0.01119700 -0.00071400
v -0.02093100 0.01119700 -0.00071400
v -0.02093100 0.01119700 -0.00071400
v -0.02093100 0.01119700 -0.00071400
v -0.02093100 0.01119700 -0.00071400
v -0.02093100 0.01119700 -0.00071400
v -0.01987000 0.01161500 0.00085000
v -0.01987000 0.01161500 0.00085000
v -0.01987000 0.01161500 0.00085000
v -0.01987000 0.01161500 0.00085000
v -0.01987000 0.01161500 0.00085000
v -0.02044500 0.01163600 0.00000000
v -0.02044500 0.01163600 0.00000000
v -0.02044500 0.01163600 0.00000000
v -0.02044500 0.01163600 0.00000000
v -0.02044500 0.01163600 0.00000000
v -0.02044500 0.01163600 0.00000000
v -0.02044500 0.01163600 0.00000000
v -0.01987000 0.01175000 0.00000000
v -0.01987000 0.01175000 0.00000000
v -0.01987000 0.01175000 0.00000000
v -0.01987000 0.01175000 0.00000000
v -0.01987000 0.01175000 0.00000000
v -0.01987000 0.01113800 0.00170300
v -0.01987000 0.01113800 0.00170300
v -0.01987000 0.01113800 0.00170300
v -0.01987000 0.01113800 0.00170300
v -0.01987000 0.01113800 0.00170300
v -0.01987000 0.01113800 0.00170300
v -0.02093100 0.01086900 0.00135800
v -0.02093100 0.01086900 0.00135800
v -0.02093100 0.01086900 0.00135800
v -0.02093100 0.01086900 0.00135800
v -0.02093100 0.01086900 0.00135800
v -0.02093100 0.01086900 0.00135800
v -0.02137100 0.01018900 -0.00038600
v -0.02137100 0.01018900 -0.00038600
v -0.02137100 0.01018900 -0.00038600
v -0.02137100 0.01018900 -0.00038600
v -0.02137100 0.01018900 -0.00038600
v -0.01987000 0.00985000 0.00261500
v -0.01987000 0.00985000 0.00261500
v -0.01987000 0.00985000 0.00261500
v -0.01987000 0.00985000 0.00261500
v -0.01987000 0.00985000 0.00261500
v -0.02093100 0.00971400 0.00219800
v -0.02093100 0.00971400 0.00219800
v -0.02093100 0.00971400 0.00219800
v -0.02093100 0.00971400 0.00219800
v -0.02093100 0.00971400 0.00219800
v -0.02093100 0.00971400 0.00219800
v -0.02093100 0.01035800 0.00186900
v -0.02093100 0.01035800 0.00186900
v -0.02093100 0.01035800 0.00186900
v -0.02093100 0.01035800 0.00186900
v -0.02093100 0.01035800 0.00186900
v -0.02093100 0.01035800 0.00186900
v -0.02044500 0.01054900 0.00213200
v -0.02044500 0.01054900 0.00213200
v -0.02044500 0.01054900 0.00213200
v -0.02044500 0.01054900 0.00213200
v -0.02044500 0.01054900 0.00213200
v -0.02044500 0.01054900 0.00213200
v -0.02044500 0.01054900 0.00213200
v -0.01987000 0.01017800 0.00244800
v -0.01987000 0.01017800 0.00244800
v -0.01987000 0.01017800 0.00244800
v -0.01987000 0.01017800 0.00244800
v -0.01987000 0.01017800 0.00244800
v -0.01987000 0.01017800 0.00244800
v -0.02044500 0.00981400 0.00250700
v -0.02044500 0.00981400 0.00250700
v -0.02044500 0.00981400 0.00250700
v -0.02044500 0.00981400 0.00250700
v -0.02044500 0.00981400 0.00250700
v -0.02044500 0.00981400 0.00250700
v -0.02044500 0.00981400 0.00250700
v -0.02044500 0.00900000 0.00263600
v -0.02044500 0.00900000 0.00263600
v -0.02044500 0.00900000 0.00263600
v -0.02044500 0.00900000 0.00263600
v -0.02044500 0.00900000 0.00263600
v -0.02468000 -0.00900000 0.00075000
v -0.02468000 -0.00900000 0.00075000
v -0.02468000 -0.00900000 0.00075000
v -0.02468000 -0.00900000 0.00075000
v -0.02543000 -0.00900000 0.00000000
v -0.02543000 -0.00900000 0.00000000
v -0.02543000 -0.00900000 0.00000000
v -0.02543000 -0.00900000 0.00000000
v -0.02543000 -0.00900000 0.00000000
v -0.02430500 -0.00900000 0.00065000
v -0.02430500 -0.00900000 0.00065000
v -0.02430500 -0.00900000 0.00065000
v -0.02430500 -0.00900000 0.00065000
v -0.02430500 -0.00900000 0.00065000
v -0.02505500 -0.00900000 -0.00065000
v -0.02505500 -0.00900000 -0.00065000
v -0.02505500 -0.00900000 -0.00065000
v -0.02505500 -0.00900000 -0.00065000
v -0.02505500 -0.00900000 -0.00065000
v -0.02393000 -0.00900000 0.00000000
v -0.02393000 -0.00900000 0.00000000
v -0.02393000 -0.00900000 0.00000000
v -0.02393000 -0.00900000 0.00000000
v -0.02393000 -0.00900000 0.00000000
v -0.03005500 -0.00900000 0.00065000
v -0.03005500 -0.00900000 0.00065000
v -0.03005500 -0.00900000 0.00065000
v -0.03005500 -0.00900000 0.00065000
v -0.03005500 -0.00900000 -0.00065000
v -0.03005500 -0.00900000 -0.00065000
v -0.03005500 -0.00900000 -0.00065000
v -0.03005500 -0.00900000 -0.00065000
v -0.02930500 -0.00900000 -0.00065000
v -0.02930500 -0.00900000 -0.00065000
v -0.02930500 -0.00900000 -0.00065000
v -0.02930500 -0.00900000 -0.00065000
v -0.02930500 -0.00900000 -0.00065000
v -0.02893000 -0.00900000 0.00000000
v -0.02893000 -0.00900000 0.00000000
v -0.02893000 -0.00900000 0.00000000
v -0.02893000 -0.00900000 0.00000000
v -0.01920100 -0.01000000 -0.00200000
v -0.01920100 -0.01000000 -0.00200000
v -0.01920100 -0.01000000 -0.00200000
v -0.01920100 -0.01000000 -0.00200000
v -0.01920100 -0.01000000 -0.00200000
v -0.01920100 -0.01000000 -0.00200000
v -0.00837100 0.00900000 0.01220000
v -0.00837100 0.00900000 0.01220000
v -0.00837100 0.00900000 0.01220000
v -0.00837100 0.00900000 0.01220000
v -0.00837100 0.00900000 0.01220000
v -0.00837100 0.00900000 0.01220000
v -0.00837100 0.00900000 0.01220000
v -0.00837100 0.00893300 0.01245000
v -0.00837100 0.00893300 0.01245000
v -0.00837100 0.00893300 0.01245000
v -0.00837100 0.00893300 0.01245000
v -0.00837100 0.00893300 0.01245000
v -0.02070100 0.00875000 0.01263300
v -0.02070100 0.00875000 0.01263300
v -0.02070100 0.00875000 0.01263300
v -0.02070100 0.00875000 0.01263300
v -0.02070100 0.00875000 0.01263300
v -0.02070100 0.00850000 0.01270000
v -0.02070100 0.00850000 0.01270000
v -0.02070100 0.00850000 0.01270000
v -0.02070100 0.00850000 0.01270000
v -0.02070100 0.00850000 0.01270000
v -0.02070100 0.00850000 0.01270000
v -0.02070100 0.00850000 0.01270000
v -0.02070100 0.00850000 0.01270000
v -0.02120000 0.00850000 0.01220000
v -0.02120000 0.00850000 0.01220000
v -0.02120000 0.00850000 0.01220000
v -0.02120000 0.00850000 0.01220000
v -0.02120000 0.00850000 0.01220000
v -0.02113400 -0.00850000 0.01245000
v -0.02113400 -0.00850000 0.01245000
v -0.02113400 -0.00850000 0.01245000
v -0.02113400 -0.00850000 0.01245000
v -0.02113400 -0.00850000 0.01245000
v -0.02113400 -0.00850000 0.01245000
v -0.02070100 -0.00850000 0.01270000
v -0.02070100 -0.00850000 0.01270000
v -0.02070100 -0.00850000 0.01270000
v -0.02070100 -0.00850000 0.01270000
v -0.02070100 -0.00850000 0.01270000
v -0.02070100 -0.00850000 0.01270000
v -0.02070100 -0.00850000 0.01270000
v -0.02113400 -0.00875000 0.00450000
v -0.02113400 -0.00875000 0.00450000
v -0.02113400 -0.00875000 0.00450000
v -0.02113400 -0.00875000 0.00450000
v -0.02113400 -0.00875000 0.00450000
v -0.02113400 -0.00875000 0.00450000
v -0.02113400 -0.00875000 0.01220000
v -0.02113400 -0.00875000 0.01220000
v -0.02113400 -0.00875000 0.01220000
v -0.02113400 -0.00875000 0.01220000
v -0.02113400 -0.00875000 0.01220000
v -0.02070100 -0.00875000 0.01263300
v -0.02070100 -0.00875000 0.01263300
v -0.02070100 -0.00875000 0.01263300
v -0.02070100 -0.00875000 0.01263300
v -0.02070100 -0.00875000 0.01263300
v -0.02070100 -0.00875000 0.01263300
v -0.02070100 -0.00893300 0.01245000
v -0.02070100 -0.00893300 0.01245000
v -0.02070100 -0.00893300 0.01245000
v -0.02070100 -0.00893300 0.01245000
v -0.02070100 -0.00893300 0.01245000
v -0.02095100 -0.00893300 0.01220000
v -0.02095100 -0.00893300 0.01220000
v -0.02095100 -0.00893300 0.01220000
v -0.02095100 -0.00893300 0.01220000
v -0.02095100 -0.00893300 0.01220000
v -0.02091700 -0.00887500 0.01245000
v -0.02091700 -0.00887500 0.01245000
v -0.02091700 -0.00887500 0.01245000
v -0.02091700 -0.00887500 0.01245000
v -0.02091700 -0.00887500 0.01245000
v -0.02091700 -0.00887500 0.01245000
v -0.02120000 -0.00850000 0.01220000
v -0.02120000 -0.00850000 0.01220000
v -0.02120000 -0.00850000 0.01220000
v -0.02120000 -0.00850000 0.01220000
v -0.02120000 -0.00850000 0.01220000
v -0.02120000 -0.00850000 0.01220000
v -0.02082600 -0.00871700 0.01263300
v -0.02082600 -0.00871700 0.01263300
v -0.02082600 -0.00871700 0.01263300
v -0.02082600 -0.00871700 0.01263300
v -0.02082600 -0.00871700 0.01263300
v -0.02107600 -0.00871700 0.01245000
v -0.02107600 -0.00871700 0.01245000
v -0.02107600 -0.00871700 0.01245000
v -0.02107600 -0.00871700 0.01245000
v -0.02107600 -0.00871700 0.01245000
v -0.02107600 -0.00871700 0.01245000
v -0.02091700 -0.00862500 0.01263300
v -0.02091700 -0.00862500 0.01263300
v -0.02091700 -0.00862500 0.01263300
v -0.02091700 -0.00862500 0.01263300
v -0.02091700 -0.00862500 0.01263300
v -0.02095100 -0.00850000 0.01263300
v -0.02095100 -0.00850000 0.01263300
v -0.02095100 -0.00850000 0.01263300
v -0.02095100 -0.00850000 0.01263300
v -0.02095100 -0.00850000 0.01263300
v -0.00837100 0.00875000 0.01263300
v -0.00837100 0.00875000 0.01263300
v -0.00837100 0.00875000 0.01263300
v -0.00837100 0.00875000 0.01263300
v -0.00837100 0.00875000 0.01263300
v -0.00837100 0.00875000 0.01263300
v -0.00824600 0.00871600 0.01263300
v -0.00824600 0.00871600 0.01263300
v -0.00824600 0.00871600 0.01263300
v -0.00824600 0.00871600 0.01263300
v -0.00824600 0.00871600 0.01263300
v -0.00793800 0.00850000 0.01245000
v -0.00793800 0.00850000 0.01245000
v -0.00793800 0.00850000 0.01245000
v -0.00793800 0.00850000 0.01245000
v -0.00793800 0.00850000 0.01245000
v -0.00793800 0.00850000 0.01245000
v -0.00815400 0.00887500 0.01245000
v -0.00815400 0.00887500 0.01245000
v -0.00815400 0.00887500 0.01245000
v -0.00815400 0.00887500 0.01245000
v -0.00815400 0.00887500 0.01245000
v -0.00799600 0.00871600 0.01245000
v -0.00799600 0.00871600 0.01245000
v -0.00799600 0.00871600 0.01245000
v -0.00799600 0.00871600 0.01245000
v -0.00799600 0.00871600 0.01245000
v -0.00799600 0.00871600 0.01245000
v -0.00815400 0.00862500 0.01263300
v -0.00815400 0.00862500 0.01263300
v -0.00815400 0.00862500 0.01263300
v -0.00815400 0.00862500 0.01263300
v -0.00815400 0.00862500 0.01263300
v -0.02113400 0.00875000 0.01220000
v -0.02113400 0.00875000 0.01220000
v -0.02113400 0.00875000 0.01220000
v -0.02113400 0.00875000 0.01220000
v -0.02113400 0.00875000 0.01220000
v -0.02113400 0.00875000 0.01220000
v -0.02107600 0.00871600 0.01245000
v -0.02107600 0.00871600 0.01245000
v -0.02107600 0.00871600 0.01245000
v -0.02107600 0.00871600 0.01245000
v -0.02107600 0.00871600 0.01245000
v -0.02107600 0.00871600 0.01245000
v -0.02095100 0.00893300 0.01220000
v -0.02095100 0.00893300 0.01220000
v -0.02095100 0.00893300 0.01220000
v -0.02095100 0.00893300 0.01220000
v -0.02095100 0.00893300 0.01220000
v -0.02095100 0.00893300 0.01220000
v -0.02070100 0.00893300 0.01245000
v -0.02070100 0.00893300 0.01245000
v -0.02070100 0.00893300 0.01245000
v -0.02070100 0.00893300 0.01245000
v -0.02070100 0.00893300 0.01245000
v -0.02070100 0.00893300 0.01245000
v -0.02113400 0.00850000 0.01245000
v -0.02113400 0.00850000 0.01245000
v -0.02113400 0.00850000 0.01245000
v -0.02113400 0.00850000 0.01245000
v -0.02113400 0.00850000 0.01245000
v -0.02095100 0.00850000 0.01263300
v -0.02095100 0.00850000 0.01263300
v -0.02095100 0.00850000 0.01263300
v -0.02095100 0.00850000 0.01263300
v -0.02095100 0.00850000 0.01263300
v -0.02091700 0.00862500 0.01263300
v -0.02091700 0.00862500 0.01263300
v -0.02091700 0.00862500 0.01263300
v -0.02091700 0.00862500 0.01263300
v -0.02091700 0.00862500 0.01263300
v -0.02082600 0.00871600 0.01263300
v -0.02082600 0.00871600 0.01263300
v -0.02082600 0.00871600 0.01263300
v -0.02082600 0.00871600 0.01263300
v -0.02091700 0.00887500 0.01245000
v -0.02091700 0.00887500 0.01245000
v -0.02091700 0.00887500 0.01245000
v -0.02091700 0.00887500 0.01245000
v -0.02091700 0.00887500 0.01245000
v -0.02091700 0.00887500 0.01245000
v -0.02120000 -0.00900000 0.00363400
v -0.02120000 -0.00900000 0.00363400
v -0.02120000 -0.00900000 0.00363400
v -0.02120000 -0.00900000 0.00363400
v -0.02170100 -0.00893300 0.00375000
v -0.02170100 -0.00893300 0.00375000
v -0.02170100 -0.00893300 0.00375000
v -0.02170100 -0.00893300 0.00375000
v -0.02170100 -0.00893300 0.00375000
v -0.02095100 -0.00893300 0.00450000
v -0.02095100 -0.00893300 0.00450000
v -0.02095100 -0.00893300 0.00450000
v -0.02095100 -0.00893300 0.00450000
v -0.02095100 -0.00893300 0.00450000
v -0.02095100 -0.00893300 0.00450000
v -0.02105100 -0.00893300 0.00412500
v -0.02105100 -0.00893300 0.00412500
v -0.02105100 -0.00893300 0.00412500
v -0.02105100 -0.00893300 0.00412500
v -0.02105100 -0.00893300 0.00412500
v -0.02105100 -0.00893300 0.00412500
v -0.02120900 -0.00875000 0.00421600
v -0.02120900 -0.00875000 0.00421600
v -0.02120900 -0.00875000 0.00421600
v -0.02120900 -0.00875000 0.00421600
v -0.02120900 -0.00875000 0.00421600
v -0.02120900 -0.00875000 0.00421600
v -0.02132500 -0.00893300 0.00385000
v -0.02132500 -0.00893300 0.00385000
v -0.02132500 -0.00893300 0.00385000
v -0.02132500 -0.00893300 0.00385000
v -0.02132500 -0.00893300 0.00385000
v -0.02141700 -0.00875000 0.00400900
v -0.02141700 -0.00875000 0.00400900
v -0.02141700 -0.00875000 0.00400900
v -0.02141700 -0.00875000 0.00400900
v -0.02141700 -0.00875000 0.00400900
v -0.02141700 -0.00875000 0.00400900
v -0.02170100 -0.00875000 0.00393300
v -0.02170100 -0.00875000 0.00393300
v -0.02170100 -0.00875000 0.00393300
v -0.02170100 -0.00875000 0.00393300
v -0.02170100 -0.00875000 0.00393300
v -0.01257800 -0.00900000 0.01220000
v -0.01257800 -0.00900000 0.01220000
v -0.01257800 -0.00900000 0.01220000
v -0.01257800 -0.00900000 0.01220000
v -0.01257800 -0.00900000 0.01220000
v -0.01257800 -0.00900000 0.01220000
v -0.01257800 -0.00893300 0.01245000
v -0.01257800 -0.00893300 0.01245000
v -0.01257800 -0.00893300 0.01245000
v -0.01257800 -0.00893300 0.01245000
v -0.01257800 -0.00893300 0.01245000
v -0.01257800 -0.00893300 0.01245000
v -0.01222400 -0.00885400 0.01220000
v -0.01222400 -0.00885400 0.01220000
v -0.01222400 -0.00885400 0.01220000
v -0.01222400 -0.00885400 0.01220000
v -0.01222400 -0.00885400 0.01220000
v -0.00806400 -0.00459900 0.01245000
v -0.00806400 -0.00459900 0.01245000
v -0.00806400 -0.00459900 0.01245000
v -0.00806400 -0.00459900 0.01245000
v -0.00806400 -0.00459900 0.01245000
v -0.00806400 -0.00459900 0.01245000
v -0.01240100 -0.00867700 0.01263300
v -0.01240100 -0.00867700 0.01263300
v -0.01240100 -0.00867700 0.01263300
v -0.01240100 -0.00867700 0.01263300
v -0.01240100 -0.00867700 0.01263300
v -0.01240100 -0.00867700 0.01263300
v -0.00793800 -0.00429300 0.01245000
v -0.00793800 -0.00429300 0.01245000
v -0.00793800 -0.00429300 0.01245000
v -0.00793800 -0.00429300 0.01245000
v -0.00793800 -0.00429300 0.01245000
v -0.00793800 -0.00429300 0.01245000
v -0.00812100 0.00850000 0.01263300
v -0.00812100 0.00850000 0.01263300
v -0.00812100 0.00850000 0.01263300
v -0.00812100 0.00850000 0.01263300
v -0.00812100 0.00850000 0.01263300
v -0.00812100 -0.00429300 0.01263300
v -0.00812100 -0.00429300 0.01263300
v -0.00812100 -0.00429300 0.01263300
v -0.00812100 -0.00429300 0.01263300
v -0.00812100 -0.00429300 0.01263300
v -0.00812100 -0.00429300 0.01263300
v -0.00837100 -0.00429300 0.01270000
v -0.00837100 -0.00429300 0.01270000
v -0.00837100 -0.00429300 0.01270000
v -0.00837100 -0.00429300 0.01270000
v -0.00837100 -0.00429300 0.01270000
v -0.00837100 -0.00429300 0.01270000
v -0.00837100 -0.00429300 0.01270000
v -0.02113400 0.00875000 0.00450000
v -0.02113400 0.00875000 0.00450000
v -0.02113400 0.00875000 0.00450000
v -0.02113400 0.00875000 0.00450000
v -0.02113400 0.00875000 0.00450000
v -0.02095100 0.00893300 0.00450000
v -0.02095100 0.00893300 0.00450000
v -0.02095100 0.00893300 0.00450000
v -0.02095100 0.00893300 0.00450000
v -0.02095100 0.00893300 0.00450000
v -0.02145000 -0.00850000 0.00406700
v -0.02145000 -0.00850000 0.00406700
v -0.02145000 -0.00850000 0.00406700
v -0.02145000 -0.00850000 0.00406700
v -0.02145000 -0.00850000 0.00406700
v -0.02145000 -0.00850000 0.00406700
v -0.02126800 -0.00850000 0.00425000
v -0.02126800 -0.00850000 0.00425000
v -0.02126800 -0.00850000 0.00425000
v -0.02126800 -0.00850000 0.00425000
v -0.02126800 -0.00850000 0.00425000
v -0.02126800 -0.00850000 0.00425000
v -0.02126800 0.00850000 0.00425000
v -0.02126800 0.00850000 0.00425000
v -0.02126800 0.00850000 0.00425000
v -0.02126800 0.00850000 0.00425000
v -0.02126800 0.00850000 0.00425000
v -0.04993400 -0.00128900 0.00375000
v -0.04993400 -0.00128900 0.00375000
v -0.04993400 -0.00128900 0.00375000
v -0.04993400 -0.00128900 0.00375000
v -0.04993400 -0.00128900 0.00375000
v -0.04975000 -0.00850000 0.00393300
v -0.04975000 -0.00850000 0.00393300
v -0.04975000 -0.00850000 0.00393300
v -0.04975000 -0.00850000 0.00393300
v -0.04975000 -0.00850000 0.00393300
v -0.04950100 -0.00875000 0.00393300
v -0.04950100 -0.00875000 0.00393300
v -0.04950100 -0.00875000 0.00393300
v -0.04950100 -0.00875000 0.00393300
v -0.04950100 -0.00875000 0.00393300
v -0.04950100 -0.00875000 0.00393300
v -0.04950100 -0.00900000 0.00350000
v -0.04950100 -0.00900000 0.00350000
v -0.04950100 -0.00900000 0.00350000
v -0.04950100 -0.00900000 0.00350000
v -0.04950100 -0.00900000 0.00350000
v -0.04950100 -0.00900000 0.00350000
v -0.02170100 -0.00900000 0.00350000
v -0.02170100 -0.00900000 0.00350000
v -0.02170100 -0.00900000 0.00350000
v -0.02170100 -0.00900000 0.00350000
v -0.02170100 -0.00900000 0.00350000
v -0.01257800 -0.00850000 0.01270000
v -0.01257800 -0.00850000 0.01270000
v -0.01257800 -0.00850000 0.01270000
v -0.01257800 -0.00850000 0.01270000
v -0.01257800 -0.00850000 0.01270000
v -0.01257800 -0.00850000 0.01270000
v -0.01257800 -0.00875000 0.01263300
v -0.01257800 -0.00875000 0.01263300
v -0.01257800 -0.00875000 0.01263300
v -0.01257800 -0.00875000 0.01263300
v -0.01257800 -0.00875000 0.01263300
v -0.01248200 -0.00873100 0.01263300
v -0.01248200 -0.00873100 0.01263300
v -0.01248200 -0.00873100 0.01263300
v -0.01248200 -0.00873100 0.01263300
v -0.01248200 -0.00873100 0.01263300
v -0.01241200 -0.00890000 0.01245000
v -0.01241200 -0.00890000 0.01245000
v -0.01241200 -0.00890000 0.01245000
v -0.01241200 -0.00890000 0.01245000
v -0.01241200 -0.00890000 0.01245000
v -0.01241200 -0.00890000 0.01245000
v -0.01227200 -0.00880600 0.01245000
v -0.01227200 -0.00880600 0.01245000
v -0.01227200 -0.00880600 0.01245000
v -0.01227200 -0.00880600 0.01245000
v -0.01227200 -0.00880600 0.01245000
v -0.01227200 -0.00880600 0.01245000
v -0.01238600 -0.00896200 0.01220000
v -0.01238600 -0.00896200 0.01220000
v -0.01238600 -0.00896200 0.01220000
v -0.01238600 -0.00896200 0.01220000
v -0.01238600 -0.00896200 0.01220000
v -0.01238600 -0.00896200 0.01220000
v -0.00819400 -0.00447000 0.01263300
v -0.00819400 -0.00447000 0.01263300
v -0.00819400 -0.00447000 0.01263300
v -0.00819400 -0.00447000 0.01263300
v -0.00819400 -0.00447000 0.01263300
v -0.00801700 -0.00464600 0.01220000
v -0.00801700 -0.00464600 0.01220000
v -0.00801700 -0.00464600 0.01220000
v -0.00801700 -0.00464600 0.01220000
v -0.00801700 -0.00464600 0.01220000
v -0.00801700 -0.00464600 0.01220000
v -0.00814000 -0.00438900 0.01263300
v -0.00814000 -0.00438900 0.01263300
v -0.00814000 -0.00438900 0.01263300
v -0.00814000 -0.00438900 0.01263300
v -0.00814000 -0.00438900 0.01263300
v -0.00797100 -0.00445900 0.01245000
v -0.00797100 -0.00445900 0.01245000
v -0.00797100 -0.00445900 0.01245000
v -0.00797100 -0.00445900 0.01245000
v -0.00797100 -0.00445900 0.01245000
v -0.00797100 -0.00445900 0.01245000
v -0.00790900 -0.00448400 0.01220000
v -0.00790900 -0.00448400 0.01220000
v -0.00790900 -0.00448400 0.01220000
v -0.00790900 -0.00448400 0.01220000
v -0.00790900 -0.00448400 0.01220000
v -0.02145000 0.00850000 0.00406700
v -0.02145000 0.00850000 0.00406700
v -0.02145000 0.00850000 0.00406700
v -0.02145000 0.00850000 0.00406700
v -0.02145000 0.00850000 0.00406700
v -0.02120900 0.00875000 0.00421600
v -0.02120900 0.00875000 0.00421600
v -0.02120900 0.00875000 0.00421600
v -0.02120900 0.00875000 0.00421600
v -0.02120900 0.00875000 0.00421600
v -0.02120900 0.00875000 0.00421600
v -0.02170100 0.00850000 0.00400000
v -0.02170100 0.00850000 0.00400000
v -0.02170100 0.00850000 0.00400000
v -0.02170100 0.00850000 0.00400000
v -0.02170100 0.00850000 0.00400000
v -0.02141700 0.00875000 0.00400900
v -0.02141700 0.00875000 0.00400900
v -0.02141700 0.00875000 0.00400900
v -0.02141700 0.00875000 0.00400900
v -0.02141700 0.00875000 0.00400900
v -0.02141700 0.00875000 0.00400900
v -0.02105100 0.00893300 0.00412500
v -0.02105100 0.00893300 0.00412500
v -0.02105100 0.00893300 0.00412500
v -0.02105100 0.00893300 0.00412500
v -0.02105100 0.00893300 0.00412500
v -0.02105100 0.00893300 0.00412500
v -0.02132500 0.00893300 0.00385000
v -0.02132500 0.00893300 0.00385000
v -0.02132500 0.00893300 0.00385000
v -0.02132500 0.00893300 0.00385000
v -0.02132500 0.00893300 0.00385000
v -0.02132500 0.00893300 0.00385000
v -0.02120000 0.00900000 0.00363400
v -0.02120000 0.00900000 0.00363400
v -0.02120000 0.00900000 0.00363400
v -0.02120000 0.00900000 0.00363400
v -0.04950100 -0.00128900 0.00400000
v -0.04950100 -0.00128900 0.00400000
v -0.04950100 -0.00128900 0.00400000
v -0.04950100 -0.00128900 0.00400000
v -0.04950100 -0.00128900 0.00400000
v -0.04962600 -0.00107200 0.00393300
v -0.04962600 -0.00107200 0.00393300
v -0.04962600 -0.00107200 0.00393300
v -0.04962600 -0.00107200 0.00393300
v -0.04962600 -0.00107200 0.00393300
v -0.04971700 -0.00116400 0.00393300
v -0.04971700 -0.00116400 0.00393300
v -0.04971700 -0.00116400 0.00393300
v -0.04971700 -0.00116400 0.00393300
v -0.04971700 -0.00116400 0.00393300
v -0.04971700 -0.00091400 0.00375000
v -0.04971700 -0.00091400 0.00375000
v -0.04971700 -0.00091400 0.00375000
v -0.04971700 -0.00091400 0.00375000
v -0.04971700 -0.00091400 0.00375000
v -0.04971700 -0.00091400 0.00375000
v -0.04987500 -0.00107200 0.00375000
v -0.04987500 -0.00107200 0.00375000
v -0.04987500 -0.00107200 0.00375000
v -0.04987500 -0.00107200 0.00375000
v -0.04987500 -0.00107200 0.00375000
v -0.04987500 -0.00107200 0.00375000
v -0.04975000 -0.00128900 0.00393300
v -0.04975000 -0.00128900 0.00393300
v -0.04975000 -0.00128900 0.00393300
v -0.04975000 -0.00128900 0.00393300
v -0.04975000 -0.00128900 0.00393300
v -0.04993400 -0.00103900 0.00350000
v -0.04993400 -0.00103900 0.00350000
v -0.04993400 -0.00103900 0.00350000
v -0.04993400 -0.00103900 0.00350000
v -0.04993400 -0.00103900 0.00350000
v -0.04993400 -0.00103900 0.00350000
v -0.05000000 -0.00128900 0.00350000
v -0.05000000 -0.00128900 0.00350000
v -0.05000000 -0.00128900 0.00350000
v -0.05000000 -0.00128900 0.00350000
v -0.05000000 -0.00128900 0.00350000
v -0.04962600 -0.00871700 0.00393300
v -0.04962600 -0.00871700 0.00393300
v -0.04962600 -0.00871700 0.00393300
v -0.04962600 -0.00871700 0.00393300
v -0.04950100 -0.00850000 0.00400000
v -0.04950100 -0.00850000 0.00400000
v -0.04950100 -0.00850000 0.00400000
v -0.04950100 -0.00850000 0.00400000
v -0.04950100 -0.00850000 0.00400000
v -0.04950100 -0.00850000 0.00400000
v -0.04950100 -0.00850000 0.00400000
v -0.04950100 -0.00893300 0.00375000
v -0.04950100 -0.00893300 0.00375000
v -0.04950100 -0.00893300 0.00375000
v -0.04950100 -0.00893300 0.00375000
v -0.04950100 -0.00893300 0.00375000
v -0.04950100 -0.00893300 0.00375000
v -0.04975000 -0.00893300 0.00350000
v -0.04975000 -0.00893300 0.00350000
v -0.04975000 -0.00893300 0.00350000
v -0.04975000 -0.00893300 0.00350000
v -0.04975000 -0.00893300 0.00350000
v -0.04975000 -0.00893300 0.00350000
v -0.04971700 -0.00887500 0.00375000
v -0.04971700 -0.00887500 0.00375000
v -0.04971700 -0.00887500 0.00375000
v -0.04971700 -0.00887500 0.00375000
v -0.04971700 -0.00887500 0.00375000
v -0.04971700 -0.00887500 0.00375000
v -0.04987500 -0.00871700 0.00375000
v -0.04987500 -0.00871700 0.00375000
v -0.04987500 -0.00871700 0.00375000
v -0.04987500 -0.00871700 0.00375000
v -0.04987500 -0.00871700 0.00375000
v -0.04987500 -0.00871700 0.00375000
v -0.04993400 -0.00850000 0.00375000
v -0.04993400 -0.00850000 0.00375000
v -0.04993400 -0.00850000 0.00375000
v -0.04993400 -0.00850000 0.00375000
v -0.04993400 -0.00850000 0.00375000
v -0.04993400 -0.00850000 0.00375000
v -0.04971700 -0.00862500 0.00393300
v -0.04971700 -0.00862500 0.00393300
v -0.04971700 -0.00862500 0.00393300
v -0.04971700 -0.00862500 0.00393300
v -0.04971700 -0.00862500 0.00393300
v -0.00819400 -0.00447000 -0.01263300
v -0.00819400 -0.00447000 -0.01263300
v -0.00819400 -0.00447000 -0.01263300
v -0.00819400 -0.00447000 -0.01263300
v -0.00819400 -0.00447000 -0.01263300
v -0.00819400 -0.00447000 -0.01263300
v -0.00806400 -0.00459900 -0.01245000
v -0.00806400 -0.00459900 -0.01245000
v -0.00806400 -0.00459900 -0.01245000
v -0.00806400 -0.00459900 -0.01245000
v -0.00806400 -0.00459900 -0.01245000
v -0.00806400 -0.00459900 -0.01245000
v -0.02170100 0.00875000 0.00393300
v -0.02170100 0.00875000 0.00393300
v -0.02170100 0.00875000 0.00393300
v -0.02170100 0.00875000 0.00393300
v -0.02170100 0.00875000 0.00393300
v -0.02170100 0.00875000 0.00393300
v -0.03254600 0.00850000 0.00400000
v -0.03254600 0.00850000 0.00400000
v -0.03254600 0.00850000 0.00400000
v -0.03254600 0.00850000 0.00400000
v -0.03254600 0.00850000 0.00400000
v -0.03254600 0.00875000 0.00393300
v -0.03254600 0.00875000 0.00393300
v -0.03254600 0.00875000 0.00393300
v -0.03254600 0.00875000 0.00393300
v -0.02170100 0.00893300 0.00375000
v -0.02170100 0.00893300 0.00375000
v -0.02170100 0.00893300 0.00375000
v -0.02170100 0.00893300 0.00375000
v -0.02170100 0.00893300 0.00375000
v -0.02170100 0.00893300 0.00375000
v -0.03254600 0.00893300 0.00375000
v -0.03254600 0.00893300 0.00375000
v -0.03254600 0.00893300 0.00375000
v -0.03254600 0.00893300 0.00375000
v -0.03254600 0.00893300 0.00375000
v -0.03276300 0.00887500 0.00375000
v -0.03276300 0.00887500 0.00375000
v -0.03276300 0.00887500 0.00375000
v -0.03276300 0.00887500 0.00375000
v -0.03276300 0.00887500 0.00375000
v -0.03276300 0.00887500 0.00375000
v -0.04975000 -0.00085600 0.00350000
v -0.04975000 -0.00085600 0.00350000
v -0.04975000 -0.00085600 0.00350000
v -0.04975000 -0.00085600 0.00350000
v -0.04975000 -0.00085600 0.00350000
v -0.04975000 -0.00085600 0.00350000
v -0.05000000 -0.00850000 -0.00350000
v -0.05000000 -0.00850000 -0.00350000
v -0.05000000 -0.00850000 -0.00350000
v -0.05000000 -0.00850000 -0.00350000
v -0.04975000 -0.00128900 -0.00393300
v -0.04975000 -0.00128900 -0.00393300
v -0.04975000 -0.00128900 -0.00393300
v -0.04975000 -0.00128900 -0.00393300
v -0.04975000 -0.00128900 -0.00393300
v -0.04993400 -0.00850000 -0.00375000
v -0.04993400 -0.00850000 -0.00375000
v -0.04993400 -0.00850000 -0.00375000
v -0.04993400 -0.00850000 -0.00375000
v -0.04993400 -0.00850000 -0.00375000
v -0.04975000 -0.00850000 -0.00393300
v -0.04975000 -0.00850000 -0.00393300
v -0.04975000 -0.00850000 -0.00393300
v -0.04975000 -0.00850000 -0.00393300
v -0.04975000 -0.00850000 -0.00393300
v -0.04975000 -0.00893300 -0.00350000
v -0.04975000 -0.00893300 -0.00350000
v -0.04975000 -0.00893300 -0.00350000
v -0.04975000 -0.00893300 -0.00350000
v -0.04975000 -0.00893300 -0.00350000
v -0.04975000 -0.00893300 -0.00350000
v -0.04993400 -0.00875000 0.00350000
v -0.04993400 -0.00875000 0.00350000
v -0.04993400 -0.00875000 0.00350000
v -0.04993400 -0.00875000 0.00350000
v -0.04993400 -0.00875000 0.00350000
v -0.04993400 -0.00875000 0.00350000
v -0.05000000 -0.00850000 0.00350000
v -0.05000000 -0.00850000 0.00350000
v -0.05000000 -0.00850000 0.00350000
v -0.05000000 -0.00850000 0.00350000
v -0.05000000 -0.00850000 0.00350000
v -0.05000000 -0.00850000 0.00350000
v -0.01248200 -0.00873100 -0.01263300
v -0.01248200 -0.00873100 -0.01263300
v -0.01248200 -0.00873100 -0.01263300
v -0.01248200 -0.00873100 -0.01263300
v -0.01248200 -0.00873100 -0.01263300
v -0.01257800 -0.00875000 -0.01263300
v -0.01257800 -0.00875000 -0.01263300
v -0.01257800 -0.00875000 -0.01263300
v -0.01257800 -0.00875000 -0.01263300
v -0.01257800 -0.00875000 -0.01263300
v -0.01257800 -0.00875000 -0.01263300
v -0.01238600 -0.00896200 -0.01220000
v -0.01238600 -0.00896200 -0.01220000
v -0.01238600 -0.00896200 -0.01220000
v -0.01238600 -0.00896200 -0.01220000
v -0.01238600 -0.00896200 -0.01220000
v -0.01238600 -0.00896200 -0.01220000
v -0.01240100 -0.00867700 -0.01263300
v -0.01240100 -0.00867700 -0.01263300
v -0.01240100 -0.00867700 -0.01263300
v -0.01240100 -0.00867700 -0.01263300
v -0.01240100 -0.00867700 -0.01263300
v -0.01227200 -0.00880600 -0.01245000
v -0.01227200 -0.00880600 -0.01245000
v -0.01227200 -0.00880600 -0.01245000
v -0.01227200 -0.00880600 -0.01245000
v -0.01227200 -0.00880600 -0.01245000
v -0.01227200 -0.00880600 -0.01245000
v -0.01241200 -0.00890000 -0.01245000
v -0.01241200 -0.00890000 -0.01245000
v -0.01241200 -0.00890000 -0.01245000
v -0.01241200 -0.00890000 -0.01245000
v -0.01241200 -0.00890000 -0.01245000
v -0.01241200 -0.00890000 -0.01245000
v -0.01222400 -0.00885400 -0.01220000
v -0.01222400 -0.00885400 -0.01220000
v -0.01222400 -0.00885400 -0.01220000
v -0.01222400 -0.00885400 -0.01220000
v -0.01222400 -0.00885400 -0.01220000
v -0.01222400 -0.00885400 -0.01220000
v -0.00837100 -0.00429300 -0.01270000
v -0.00837100 -0.00429300 -0.01270000
v -0.00837100 -0.00429300 -0.01270000
v -0.00837100 -0.00429300 -0.01270000
v -0.00837100 -0.00429300 -0.01270000
v -0.00837100 -0.00429300 -0.01270000
v -0.00837100 -0.00429300 -0.01270000
v -0.00797100 -0.00445900 -0.01245000
v -0.00797100 -0.00445900 -0.01245000
v -0.00797100 -0.00445900 -0.01245000
v -0.00797100 -0.00445900 -0.01245000
v -0.00797100 -0.00445900 -0.01245000
v -0.00797100 -0.00445900 -0.01245000
v -0.00790900 -0.00448400 -0.01220000
v -0.00790900 -0.00448400 -0.01220000
v -0.00790900 -0.00448400 -0.01220000
v -0.00790900 -0.00448400 -0.01220000
v -0.00790900 -0.00448400 -0.01220000
v -0.00790900 -0.00448400 -0.01220000
v -0.00812100 -0.00429300 -0.01263300
v -0.00812100 -0.00429300 -0.01263300
v -0.00812100 -0.00429300 -0.01263300
v -0.00812100 -0.00429300 -0.01263300
v -0.00812100 -0.00429300 -0.01263300
v -0.00814000 -0.00438900 -0.01263300
v -0.00814000 -0.00438900 -0.01263300
v -0.00814000 -0.00438900 -0.01263300
v -0.00814000 -0.00438900 -0.01263300
v -0.00814000 -0.00438900 -0.01263300
v -0.03267100 0.00871600 0.00393300
v -0.03267100 0.00871600 0.00393300
v -0.03267100 0.00871600 0.00393300
v -0.03267100 0.00871600 0.00393300
v -0.03267100 0.00871600 0.00393300
v -0.04993400 -0.00103900 -0.00350000
v -0.04993400 -0.00103900 -0.00350000
v -0.04993400 -0.00103900 -0.00350000
v -0.04993400 -0.00103900 -0.00350000
v -0.04993400 -0.00103900 -0.00350000
v -0.04993400 -0.00103900 -0.00350000
v -0.04971700 -0.00091400 -0.00375000
v -0.04971700 -0.00091400 -0.00375000
v -0.04971700 -0.00091400 -0.00375000
v -0.04971700 -0.00091400 -0.00375000
v -0.04971700 -0.00091400 -0.00375000
v -0.04971700 -0.00091400 -0.00375000
v -0.04950100 -0.00128900 -0.00400000
v -0.04950100 -0.00128900 -0.00400000
v -0.04950100 -0.00128900 -0.00400000
v -0.04950100 -0.00128900 -0.00400000
v -0.04950100 -0.00128900 -0.00400000
v -0.04950100 -0.00128900 -0.00400000
v -0.04971700 -0.00116400 -0.00393300
v -0.04971700 -0.00116400 -0.00393300
v -0.04971700 -0.00116400 -0.00393300
v -0.04971700 -0.00116400 -0.00393300
v -0.04971700 -0.00116400 -0.00393300
v -0.04993400 -0.00128900 -0.00375000
v -0.04993400 -0.00128900 -0.00375000
v -0.04993400 -0.00128900 -0.00375000
v -0.04993400 -0.00128900 -0.00375000
v -0.04993400 -0.00128900 -0.00375000
v -0.04993400 -0.00128900 -0.00375000
v -0.04987500 -0.00107200 -0.00375000
v -0.04987500 -0.00107200 -0.00375000
v -0.04987500 -0.00107200 -0.00375000
v -0.04987500 -0.00107200 -0.00375000
v -0.04987500 -0.00107200 -0.00375000
v -0.04987500 -0.00107200 -0.00375000
v -0.05000000 -0.00128900 -0.00350000
v -0.05000000 -0.00128900 -0.00350000
v -0.05000000 -0.00128900 -0.00350000
v -0.05000000 -0.00128900 -0.00350000
v -0.05000000 -0.00128900 -0.00350000
v -0.05000000 -0.00128900 -0.00350000
v -0.04962600 -0.00871700 -0.00393300
v -0.04962600 -0.00871700 -0.00393300
v -0.04962600 -0.00871700 -0.00393300
v -0.04962600 -0.00871700 -0.00393300
v -0.04962600 -0.00871700 -0.00393300
v -0.04971700 -0.00862500 -0.00393300
v -0.04971700 -0.00862500 -0.00393300
v -0.04971700 -0.00862500 -0.00393300
v -0.04971700 -0.00862500 -0.00393300
v -0.04971700 -0.00862500 -0.00393300
v -0.04971700 -0.00887500 -0.00375000
v -0.04971700 -0.00887500 -0.00375000
v -0.04971700 -0.00887500 -0.00375000
v -0.04971700 -0.00887500 -0.00375000
v -0.04971700 -0.00887500 -0.00375000
v -0.04971700 -0.00887500 -0.00375000
v -0.04987500 -0.00871700 -0.00375000
v -0.04987500 -0.00871700 -0.00375000
v -0.04987500 -0.00871700 -0.00375000
v -0.04987500 -0.00871700 -0.00375000
v -0.04987500 -0.00871700 -0.00375000
v -0.04987500 -0.00871700 -0.00375000
v -0.04993400 -0.00875000 -0.00350000
v -0.04993400 -0.00875000 -0.00350000
v -0.04993400 -0.00875000 -0.00350000
v -0.04993400 -0.00875000 -0.00350000
v -0.04993400 -0.00875000 -0.00350000
v -0.04993400 -0.00875000 -0.00350000
v -0.02070100 -0.00900000 -0.01220000
v -0.02070100 -0.00900000 -0.01220000
v -0.02070100 -0.00900000 -0.01220000
v -0.02070100 -0.00900000 -0.01220000
v -0.02070100 -0.00900000 -0.01220000
v -0.02070100 -0.00900000 -0.01220000
v -0.02070100 -0.00900000 -0.01220000
v -0.01257800 -0.00900000 -0.01220000
v -0.01257800 -0.00900000 -0.01220000
v -0.01257800 -0.00900000 -0.01220000
v -0.01257800 -0.00900000 -0.01220000
v -0.01257800 -0.00900000 -0.01220000
v -0.02070100 -0.00893300 -0.01245000
v -0.02070100 -0.00893300 -0.01245000
v -0.02070100 -0.00893300 -0.01245000
v -0.02070100 -0.00893300 -0.01245000
v -0.02070100 -0.00893300 -0.01245000
v -0.02070100 -0.00893300 -0.01245000
v -0.01257800 -0.00893300 -0.01245000
v -0.01257800 -0.00893300 -0.01245000
v -0.01257800 -0.00893300 -0.01245000
v -0.01257800 -0.00893300 -0.01245000
v -0.01257800 -0.00893300 -0.01245000
v -0.02070100 -0.00875000 -0.01263300
v -0.02070100 -0.00875000 -0.01263300
v -0.02070100 -0.00875000 -0.01263300
v -0.02070100 -0.00875000 -0.01263300
v -0.02070100 -0.00875000 -0.01263300
v -0.01257800 -0.00850000 -0.01270000
v -0.01257800 -0.00850000 -0.01270000
v -0.01257800 -0.00850000 -0.01270000
v -0.01257800 -0.00850000 -0.01270000
v -0.01257800 -0.00850000 -0.01270000
v -0.01257800 -0.00850000 -0.01270000
v -0.00793800 -0.00429300 -0.01245000
v -0.00793800 -0.00429300 -0.01245000
v -0.00793800 -0.00429300 -0.01245000
v -0.00793800 -0.00429300 -0.01245000
v -0.00793800 -0.00429300 -0.01245000
v -0.00793800 -0.00429300 -0.01245000
v -0.03279600 0.00893300 0.00350000
v -0.03279600 0.00893300 0.00350000
v -0.03279600 0.00893300 0.00350000
v -0.03279600 0.00893300 0.00350000
v -0.03279600 0.00893300 0.00350000
v -0.03279600 0.00893300 0.00350000
v -0.03254600 0.00850000 -0.00400000
v -0.03254600 0.00850000 -0.00400000
v -0.03254600 0.00850000 -0.00400000
v -0.03254600 0.00850000 -0.00400000
v -0.03254600 0.00850000 -0.00400000
v -0.03254600 0.00850000 -0.00400000
v -0.03267100 0.00871600 -0.00393300
v -0.03267100 0.00871600 -0.00393300
v -0.03267100 0.00871600 -0.00393300
v -0.03267100 0.00871600 -0.00393300
v -0.03267100 0.00871600 -0.00393300
v -0.04962600 -0.00107200 -0.00393300
v -0.04962600 -0.00107200 -0.00393300
v -0.04962600 -0.00107200 -0.00393300
v -0.04962600 -0.00107200 -0.00393300
v -0.04962600 -0.00107200 -0.00393300
v -0.04962600 -0.00107200 -0.00393300
v -0.04950100 -0.00875000 -0.00393300
v -0.04950100 -0.00875000 -0.00393300
v -0.04950100 -0.00875000 -0.00393300
v -0.04950100 -0.00875000 -0.00393300
v -0.02170100 -0.00893300 -0.00375000
v -0.02170100 -0.00893300 -0.00375000
v -0.02170100 -0.00893300 -0.00375000
v -0.02170100 -0.00893300 -0.00375000
v -0.02170100 -0.00893300 -0.00375000
v -0.04950100 -0.00893300 -0.00375000
v -0.04950100 -0.00893300 -0.00375000
v -0.04950100 -0.00893300 -0.00375000
v -0.04950100 -0.00893300 -0.00375000
v -0.04950100 -0.00893300 -0.00375000
v -0.02113400 -0.00875000 -0.00450000
v -0.02113400 -0.00875000 -0.00450000
v -0.02113400 -0.00875000 -0.00450000
v -0.02113400 -0.00875000 -0.00450000
v -0.02113400 -0.00875000 -0.00450000
v -0.02095100 -0.00893300 -0.01220000
v -0.02095100 -0.00893300 -0.01220000
v -0.02095100 -0.00893300 -0.01220000
v -0.02095100 -0.00893300 -0.01220000
v -0.02095100 -0.00893300 -0.01220000
v -0.02095100 -0.00893300 -0.01220000
v -0.02091700 -0.00862500 -0.01263300
v -0.02091700 -0.00862500 -0.01263300
v -0.02091700 -0.00862500 -0.01263300
v -0.02091700 -0.00862500 -0.01263300
v -0.02091700 -0.00862500 -0.01263300
v -0.02082600 -0.00871700 -0.01263300
v -0.02082600 -0.00871700 -0.01263300
v -0.02082600 -0.00871700 -0.01263300
v -0.02082600 -0.00871700 -0.01263300
v -0.02082600 -0.00871700 -0.01263300
v -0.02095100 -0.00850000 -0.01263300
v -0.02095100 -0.00850000 -0.01263300
v -0.02095100 -0.00850000 -0.01263300
v -0.02095100 -0.00850000 -0.01263300
v -0.02095100 -0.00850000 -0.01263300
v -0.02107600 -0.00871700 -0.01245000
v -0.02107600 -0.00871700 -0.01245000
v -0.02107600 -0.00871700 -0.01245000
v -0.02107600 -0.00871700 -0.01245000
v -0.02107600 -0.00871700 -0.01245000
v -0.02107600 -0.00871700 -0.01245000
v -0.02091700 -0.00887500 -0.01245000
v -0.02091700 -0.00887500 -0.01245000
v -0.02091700 -0.00887500 -0.01245000
v -0.02091700 -0.00887500 -0.01245000
v -0.02091700 -0.00887500 -0.01245000
v -0.02091700 -0.00887500 -0.01245000
v -0.02113400 -0.00875000 -0.01220000
v -0.02113400 -0.00875000 -0.01220000
v -0.02113400 -0.00875000 -0.01220000
v -0.02113400 -0.00875000 -0.01220000
v -0.02113400 -0.00875000 -0.01220000
v -0.02113400 -0.00875000 -0.01220000
v -0.02113400 -0.00850000 -0.01245000
v -0.02113400 -0.00850000 -0.01245000
v -0.02113400 -0.00850000 -0.01245000
v -0.02113400 -0.00850000 -0.01245000
v -0.02113400 -0.00850000 -0.01245000
v -0.00815400 0.00862500 -0.01263300
v -0.00815400 0.00862500 -0.01263300
v -0.00815400 0.00862500 -0.01263300
v -0.00815400 0.00862500 -0.01263300
v -0.00815400 0.00862500 -0.01263300
v -0.00824600 0.00871600 -0.01263300
v -0.00824600 0.00871600 -0.01263300
v -0.00824600 0.00871600 -0.01263300
v -0.00824600 0.00871600 -0.01263300
v -0.00824600 0.00871600 -0.01263300
v -0.00815400 0.00887500 -0.01245000
v -0.00815400 0.00887500 -0.01245000
v -0.00815400 0.00887500 -0.01245000
v -0.00815400 0.00887500 -0.01245000
v -0.00815400 0.00887500 -0.01245000
v -0.00815400 0.00887500 -0.01245000
v -0.00812100 0.00850000 -0.01263300
v -0.00812100 0.00850000 -0.01263300
v -0.00812100 0.00850000 -0.01263300
v -0.00812100 0.00850000 -0.01263300
v -0.00812100 0.00850000 -0.01263300
v -0.00812100 0.00850000 -0.01263300
v -0.00799600 0.00871600 -0.01245000
v -0.00799600 0.00871600 -0.01245000
v -0.00799600 0.00871600 -0.01245000
v -0.00799600 0.00871600 -0.01245000
v -0.00799600 0.00871600 -0.01245000
v -0.00799600 0.00871600 -0.01245000
v -0.00793800 0.00875000 -0.01220000
v -0.00793800 0.00875000 -0.01220000
v -0.00793800 0.00875000 -0.01220000
v -0.00793800 0.00875000 -0.01220000
v -0.00793800 0.00875000 -0.01220000
v -0.00793800 0.00875000 -0.01220000
v -0.00793800 0.00875000 -0.01220000
v -0.00793800 0.00850000 -0.01245000
v -0.00793800 0.00850000 -0.01245000
v -0.00793800 0.00850000 -0.01245000
v -0.00793800 0.00850000 -0.01245000
v -0.00793800 0.00850000 -0.01245000
v -0.00793800 0.00850000 -0.01245000
v -0.03265800 0.00891800 -0.00375000
v -0.03265800 0.00891800 -0.00375000
v -0.03265800 0.00891800 -0.00375000
v -0.03265800 0.00891800 -0.00375000
v -0.03265800 0.00891800 -0.00375000
v -0.03265800 0.00891800 -0.00375000
v -0.03267600 0.00898300 -0.00350000
v -0.03267600 0.00898300 -0.00350000
v -0.03267600 0.00898300 -0.00350000
v -0.03267600 0.00898300 -0.00350000
v -0.03267600 0.00898300 -0.00350000
v -0.03267600 0.00898300 -0.00350000
v -0.03261100 0.00874100 -0.00393300
v -0.03261100 0.00874100 -0.00393300
v -0.03261100 0.00874100 -0.00393300
v -0.03261100 0.00874100 -0.00393300
v -0.03276300 0.00887500 -0.00375000
v -0.03276300 0.00887500 -0.00375000
v -0.03276300 0.00887500 -0.00375000
v -0.03276300 0.00887500 -0.00375000
v -0.03276300 0.00887500 -0.00375000
v -0.03276300 0.00887500 -0.00375000
v -0.02132500 -0.00893300 -0.00385000
v -0.02132500 -0.00893300 -0.00385000
v -0.02132500 -0.00893300 -0.00385000
v -0.02132500 -0.00893300 -0.00385000
v -0.02132500 -0.00893300 -0.00385000
v -0.02132500 -0.00893300 -0.00385000
v -0.02105100 -0.00893300 -0.00412500
v -0.02105100 -0.00893300 -0.00412500
v -0.02105100 -0.00893300 -0.00412500
v -0.02105100 -0.00893300 -0.00412500
v -0.02105100 -0.00893300 -0.00412500
v -0.02105100 -0.00893300 -0.00412500
v -0.02095100 -0.00893300 -0.00450000
v -0.02095100 -0.00893300 -0.00450000
v -0.02095100 -0.00893300 -0.00450000
v -0.02095100 -0.00893300 -0.00450000
v -0.02095100 -0.00893300 -0.00450000
v -0.02141700 -0.00875000 -0.00400900
v -0.02141700 -0.00875000 -0.00400900
v -0.02141700 -0.00875000 -0.00400900
v -0.02141700 -0.00875000 -0.00400900
v -0.02141700 -0.00875000 -0.00400900
v -0.02141700 -0.00875000 -0.00400900
v -0.02170100 -0.00875000 -0.00393300
v -0.02170100 -0.00875000 -0.00393300
v -0.02170100 -0.00875000 -0.00393300
v -0.02170100 -0.00875000 -0.00393300
v -0.02170100 -0.00875000 -0.00393300
v -0.02170100 -0.00875000 -0.00393300
v -0.02170100 -0.00850000 -0.00400000
v -0.02170100 -0.00850000 -0.00400000
v -0.02170100 -0.00850000 -0.00400000
v -0.02170100 -0.00850000 -0.00400000
v -0.02170100 -0.00850000 -0.00400000
v -0.02170100 -0.00850000 -0.00400000
v -0.02145000 -0.00850000 -0.00406700
v -0.02145000 -0.00850000 -0.00406700
v -0.02145000 -0.00850000 -0.00406700
v -0.02145000 -0.00850000 -0.00406700
v -0.02145000 -0.00850000 -0.00406700
v -0.02120900 -0.00875000 -0.00421600
v -0.02120900 -0.00875000 -0.00421600
v -0.02120900 -0.00875000 -0.00421600
v -0.02120900 -0.00875000 -0.00421600
v -0.02120900 -0.00875000 -0.00421600
v -0.02120900 -0.00875000 -0.00421600
v -0.02126800 -0.00850000 -0.00425000
v -0.02126800 -0.00850000 -0.00425000
v -0.02126800 -0.00850000 -0.00425000
v -0.02126800 -0.00850000 -0.00425000
v -0.02126800 -0.00850000 -0.00425000
v -0.02120000 -0.00850000 -0.01220000
v -0.02120000 -0.00850000 -0.01220000
v -0.02120000 -0.00850000 -0.01220000
v -0.02120000 -0.00850000 -0.01220000
v -0.02070100 0.00850000 -0.01270000
v -0.02070100 0.00850000 -0.01270000
v -0.02070100 0.00850000 -0.01270000
v -0.02070100 0.00850000 -0.01270000
v -0.02070100 0.00850000 -0.01270000
v -0.02070100 0.00850000 -0.01270000
v -0.02070100 0.00850000 -0.01270000
v -0.02070100 0.00850000 -0.01270000
v -0.02070100 -0.00850000 -0.01270000
v -0.02070100 -0.00850000 -0.01270000
v -0.02070100 -0.00850000 -0.01270000
v -0.02070100 -0.00850000 -0.01270000
v -0.02070100 -0.00850000 -0.01270000
v -0.02070100 -0.00850000 -0.01270000
v -0.02070100 -0.00850000 -0.01270000
v -0.02070100 0.00900000 -0.01220000
v -0.02070100 0.00900000 -0.01220000
v -0.02070100 0.00900000 -0.01220000
v -0.02070100 0.00900000 -0.01220000
v -0.00837100 0.00893300 -0.01245000
v -0.00837100 0.00893300 -0.01245000
v -0.00837100 0.00893300 -0.01245000
v -0.00837100 0.00893300 -0.01245000
v -0.00837100 0.00893300 -0.01245000
v -0.00837100 0.00893300 -0.01245000
v -0.00837100 0.00875000 -0.01263300
v -0.00837100 0.00875000 -0.01263300
v -0.00837100 0.00875000 -0.01263300
v -0.00837100 0.00875000 -0.01263300
v -0.00837100 0.00875000 -0.01263300
v -0.02070100 0.00875000 -0.01263300
v -0.02070100 0.00875000 -0.01263300
v -0.02070100 0.00875000 -0.01263300
v -0.02070100 0.00875000 -0.01263300
v -0.02070100 0.00875000 -0.01263300
v -0.02070100 0.00875000 -0.01263300
v -0.03254600 0.00875000 -0.00393300
v -0.03254600 0.00875000 -0.00393300
v -0.03254600 0.00875000 -0.00393300
v -0.03254600 0.00875000 -0.00393300
v -0.03254600 0.00875000 -0.00393300
v -0.03254600 0.00875000 -0.00393300
v -0.02170100 0.00875000 -0.00393300
v -0.02170100 0.00875000 -0.00393300
v -0.02170100 0.00875000 -0.00393300
v -0.02170100 0.00875000 -0.00393300
v -0.02170100 0.00875000 -0.00393300
v -0.03254600 0.00893300 -0.00375000
v -0.03254600 0.00893300 -0.00375000
v -0.03254600 0.00893300 -0.00375000
v -0.03254600 0.00893300 -0.00375000
v -0.03254600 0.00893300 -0.00375000
v -0.03254600 0.00893300 -0.00375000
v -0.02145000 0.00850000 -0.00406700
v -0.02145000 0.00850000 -0.00406700
v -0.02145000 0.00850000 -0.00406700
v -0.02145000 0.00850000 -0.00406700
v -0.02145000 0.00850000 -0.00406700
v -0.02145000 0.00850000 -0.00406700
v -0.02126800 0.00850000 -0.00425000
v -0.02126800 0.00850000 -0.00425000
v -0.02126800 0.00850000 -0.00425000
v -0.02126800 0.00850000 -0.00425000
v -0.02126800 0.00850000 -0.00425000
v -0.02126800 0.00850000 -0.00425000
v -0.02082600 0.00871600 -0.01263300
v -0.02082600 0.00871600 -0.01263300
v -0.02082600 0.00871600 -0.01263300
v -0.02082600 0.00871600 -0.01263300
v -0.02082600 0.00871600 -0.01263300
v -0.02095100 0.00850000 -0.01263300
v -0.02095100 0.00850000 -0.01263300
v -0.02095100 0.00850000 -0.01263300
v -0.02095100 0.00850000 -0.01263300
v -0.02095100 0.00850000 -0.01263300
v -0.02091700 0.00862500 -0.01263300
v -0.02091700 0.00862500 -0.01263300
v -0.02091700 0.00862500 -0.01263300
v -0.02091700 0.00862500 -0.01263300
v -0.02091700 0.00862500 -0.01263300
v -0.02113400 0.00850000 -0.01245000
v -0.02113400 0.00850000 -0.01245000
v -0.02113400 0.00850000 -0.01245000
v -0.02113400 0.00850000 -0.01245000
v -0.02113400 0.00850000 -0.01245000
v -0.02113400 0.00850000 -0.01245000
v -0.02091700 0.00887500 -0.01245000
v -0.02091700 0.00887500 -0.01245000
v -0.02091700 0.00887500 -0.01245000
v -0.02091700 0.00887500 -0.01245000
v -0.02091700 0.00887500 -0.01245000
v -0.02070100 0.00893300 -0.01245000
v -0.02070100 0.00893300 -0.01245000
v -0.02070100 0.00893300 -0.01245000
v -0.02070100 0.00893300 -0.01245000
v -0.02070100 0.00893300 -0.01245000
v -0.02107600 0.00871600 -0.01245000
v -0.02107600 0.00871600 -0.01245000
v -0.02107600 0.00871600 -0.01245000
v -0.02107600 0.00871600 -0.01245000
v -0.02107600 0.00871600 -0.01245000
v -0.02107600 0.00871600 -0.01245000
v -0.02095100 0.00893300 -0.01220000
v -0.02095100 0.00893300 -0.01220000
v -0.02095100 0.00893300 -0.01220000
v -0.02095100 0.00893300 -0.01220000
v -0.02095100 0.00893300 -0.01220000
v -0.02170100 0.00850000 -0.00400000
v -0.02170100 0.00850000 -0.00400000
v -0.02170100 0.00850000 -0.00400000
v -0.02170100 0.00850000 -0.00400000
v -0.02141700 0.00875000 -0.00400900
v -0.02141700 0.00875000 -0.00400900
v -0.02141700 0.00875000 -0.00400900
v -0.02141700 0.00875000 -0.00400900
v -0.02141700 0.00875000 -0.00400900
v -0.02141700 0.00875000 -0.00400900
v -0.02120900 0.00875000 -0.00421600
v -0.02120900 0.00875000 -0.00421600
v -0.02120900 0.00875000 -0.00421600
v -0.02120900 0.00875000 -0.00421600
v -0.02120900 0.00875000 -0.00421600
v -0.02120900 0.00875000 -0.00421600
v -0.02095100 0.00893300 -0.00450000
v -0.02095100 0.00893300 -0.00450000
v -0.02095100 0.00893300 -0.00450000
v -0.02095100 0.00893300 -0.00450000
v -0.02095100 0.00893300 -0.00450000
v -0.02095100 0.00893300 -0.00450000
v -0.02170100 0.00893300 -0.00375000
v -0.02170100 0.00893300 -0.00375000
v -0.02170100 0.00893300 -0.00375000
v -0.02170100 0.00893300 -0.00375000
v -0.02170100 0.00893300 -0.00375000
v -0.02132500 0.00893300 -0.00385000
v -0.02132500 0.00893300 -0.00385000
v -0.02132500 0.00893300 -0.00385000
v -0.02132500 0.00893300 -0.00385000
v -0.02132500 0.00893300 -0.00385000
v -0.02132500 0.00893300 -0.00385000
v -0.02170100 0.00900000 -0.00350000
v -0.02170100 0.00900000 -0.00350000
v -0.02170100 0.00900000 -0.00350000
v -0.02170100 0.00900000 -0.00350000
v -0.02105100 0.00893300 -0.00412500
v -0.02105100 0.00893300 -0.00412500
v -0.02105100 0.00893300 -0.00412500
v -0.02105100 0.00893300 -0.00412500
v -0.02105100 0.00893300 -0.00412500
v -0.02105100 0.00893300 -0.00412500
v -0.02083500 0.00900000 -0.00400000
v -0.02083500 0.00900000 -0.00400000
v -0.02083500 0.00900000 -0.00400000
v -0.02083500 0.00900000 -0.00400000
v -0.02083500 0.00900000 -0.00400000
v -0.02083500 0.00900000 -0.00400000
v -0.02070100 0.00900000 -0.00450000
v -0.02070100 0.00900000 -0.00450000
v -0.02070100 0.00900000 -0.00450000
v -0.02070100 0.00900000 -0.00450000
v -0.02070100 0.00900000 -0.00450000
v -0.02113400 0.00875000 -0.00450000
v -0.02113400 0.00875000 -0.00450000
v -0.02113400 0.00875000 -0.00450000
v -0.02113400 0.00875000 -0.00450000
v -0.02113400 0.00875000 -0.00450000
v -0.02113400 0.00875000 -0.00450000
v -0.02113400 0.00875000 -0.01220000
v -0.02113400 0.00875000 -0.01220000
v -0.02113400 0.00875000 -0.01220000
v -0.02113400 0.00875000 -0.01220000
v -0.02113400 0.00875000 -0.01220000
v -0.04848400 -0.00962900 0.00248300
v -0.04848400 -0.00962900 0.00248300
v -0.04848400 -0.00962900 0.00248300
v -0.04848400 -0.00962900 0.00248300
v -0.04848400 -0.00962900 0.00248300
v -0.04848400 -0.00962900 0.00248300
v -0.04843400 -0.00975000 -0.00243300
v -0.04843400 -0.00975000 -0.00243300
v -0.04843400 -0.00975000 -0.00243300
v -0.04843400 -0.00975000 -0.00243300
v -0.04843400 -0.00975000 -0.00243300
v -0.04843400 -0.00975000 -0.00243300
v -0.04843400 -0.00975000 0.00243300
v -0.04843400 -0.00975000 0.00243300
v -0.04843400 -0.00975000 0.00243300
v -0.04843400 -0.00975000 0.00243300
v -0.04843400 -0.00975000 0.00243300
v -0.04825000 -0.00993300 -0.00225000
v -0.04825000 -0.00993300 -0.00225000
v -0.04825000 -0.00993300 -0.00225000
v -0.04825000 -0.00993300 -0.00225000
v -0.04825000 -0.00993300 -0.00225000
v -0.04825000 -0.00993300 0.00225000
v -0.04825000 -0.00993300 0.00225000
v -0.04825000 -0.00993300 0.00225000
v -0.04825000 -0.00993300 0.00225000
v -0.04825000 -0.00993300 0.00225000
v -0.01945100 -0.00993300 -0.00225000
v -0.01945100 -0.00993300 -0.00225000
v -0.01945100 -0.00993300 -0.00225000
v -0.01945100 -0.00993300 -0.00225000
v -0.01945100 -0.00993300 -0.00225000
v -0.01945100 -0.00993300 -0.00225000
v -0.04800100 -0.01000000 -0.00200000
v -0.04800100 -0.01000000 -0.00200000
v -0.04800100 -0.01000000 -0.00200000
v -0.04800100 -0.01000000 -0.00200000
v -0.04850000 -0.00950000 -0.00250000
v -0.04850000 -0.00950000 -0.00250000
v -0.04850000 -0.00950000 -0.00250000
v -0.04850000 -0.00950000 -0.00250000
v -0.04848400 -0.00962900 -0.00248300
v -0.04848400 -0.00962900 -0.00248300
v -0.04848400 -0.00962900 -0.00248300
v -0.04848400 -0.00962900 -0.00248300
v -0.04848400 -0.00962900 -0.00248300
v -0.04848400 -0.00962900 -0.00248300
v -0.01968300 -0.00962900 -0.00248300
v -0.01968300 -0.00962900 -0.00248300
v -0.01968300 -0.00962900 -0.00248300
v -0.01968300 -0.00962900 -0.00248300
v -0.01968300 -0.00962900 -0.00248300
v -0.01970000 -0.00950000 0.00250000
v -0.01970000 -0.00950000 0.00250000
v -0.01970000 -0.00950000 0.00250000
v -0.01970000 -0.00950000 0.00250000
v -0.01968300 -0.00962900 0.00248300
v -0.01968300 -0.00962900 0.00248300
v -0.01968300 -0.00962900 0.00248300
v -0.01968300 -0.00962900 0.00248300
v -0.01968300 -0.00962900 0.00248300
v -0.01968300 -0.00962900 0.00248300
v -0.01963400 -0.00975000 0.00243300
v -0.01963400 -0.00975000 0.00243300
v -0.01963400 -0.00975000 0.00243300
v -0.01963400 -0.00975000 0.00243300
v -0.01945100 -0.00993300 0.00225000
v -0.01945100 -0.00993300 0.00225000
v -0.01945100 -0.00993300 0.00225000
v -0.01945100 -0.00993300 0.00225000
v -0.01945100 -0.00993300 0.00225000
v -0.04800100 -0.01000000 0.00200000
v -0.04800100 -0.01000000 0.00200000
v -0.04800100 -0.01000000 0.00200000
v -0.04800100 -0.01000000 0.00200000
v -0.04851800 -0.00937100 0.00251700
v -0.04851800 -0.00937100 0.00251700
v -0.04851800 -0.00937100 0.00251700
v -0.04851800 -0.00937100 0.00251700
v -0.04851800 -0.00937100 0.00251700
v -0.04856800 -0.00925000 -0.00256700
v -0.04856800 -0.00925000 -0.00256700
v -0.04856800 -0.00925000 -0.00256700
v -0.04856800 -0.00925000 -0.00256700
v -0.04856800 -0.00925000 -0.00256700
v -0.04875000 -0.00906700 0.00275000
v -0.04875000 -0.00906700 0.00275000
v -0.04875000 -0.00906700 0.00275000
v -0.04875000 -0.00906700 0.00275000
v -0.04875000 -0.00906700 0.00275000
v -0.04875000 -0.00906700 -0.00275000
v -0.04875000 -0.00906700 -0.00275000
v -0.04875000 -0.00906700 -0.00275000
v -0.04875000 -0.00906700 -0.00275000
v -0.04875000 -0.00906700 -0.00275000
v -0.01970000 -0.00950000 -0.00250000
v -0.01970000 -0.00950000 -0.00250000
v -0.01970000 -0.00950000 -0.00250000
v -0.01970000 -0.00950000 -0.00250000
v -0.01970000 -0.00950000 -0.00250000
v -0.01970000 -0.00950000 -0.00250000
v -0.01971800 -0.00937100 -0.00251700
v -0.01971800 -0.00937100 -0.00251700
v -0.01971800 -0.00937100 -0.00251700
v -0.01971800 -0.00937100 -0.00251700
v -0.01971800 -0.00937100 -0.00251700
v -0.01971800 -0.00937100 -0.00251700
v -0.04851800 -0.00937100 -0.00251700
v -0.04851800 -0.00937100 -0.00251700
v -0.04851800 -0.00937100 -0.00251700
v -0.04851800 -0.00937100 -0.00251700
v -0.04851800 -0.00937100 -0.00251700
v -0.04851800 -0.00937100 -0.00251700
v -0.01976800 -0.00925000 -0.00256700
v -0.01976800 -0.00925000 -0.00256700
v -0.01976800 -0.00925000 -0.00256700
v -0.01976800 -0.00925000 -0.00256700
v -0.01976800 -0.00925000 -0.00256700
v -0.01995000 -0.00906700 -0.00275000
v -0.01995000 -0.00906700 -0.00275000
v -0.01995000 -0.00906700 -0.00275000
v -0.01995000 -0.00906700 -0.00275000
v -0.01995000 -0.00906700 -0.00275000
v -0.01920100 -0.01000000 -0.01070000
v -0.01920100 -0.01000000 -0.01070000
v -0.01920100 -0.01000000 -0.01070000
v -0.01945100 -0.00993300 -0.01095000
v -0.01945100 -0.00993300 -0.01095000
v -0.01945100 -0.00993300 -0.01095000
v -0.01945100 -0.00993300 -0.01095000
v -0.01963400 -0.00975000 -0.00243300
v -0.01963400 -0.00975000 -0.00243300
v -0.01963400 -0.00975000 -0.00243300
v -0.01963400 -0.00975000 -0.00243300
v -0.01963400 -0.00975000 -0.00243300
v -0.01963400 -0.00975000 -0.01113300
v -0.01963400 -0.00975000 -0.01113300
v -0.01963400 -0.00975000 -0.01113300
v -0.01963400 -0.00975000 -0.01113300
v -0.01963400 -0.00975000 -0.01113300
v -0.01968300 -0.00962900 -0.01118300
v -0.01968300 -0.00962900 -0.01118300
v -0.01968300 -0.00962900 -0.01118300
v -0.01968300 -0.00962900 -0.01118300
v -0.01968300 -0.00962900 -0.01118300
v -0.01968300 -0.00962900 0.01118300
v -0.01968300 -0.00962900 0.01118300
v -0.01968300 -0.00962900 0.01118300
v -0.01968300 -0.00962900 0.01118300
v -0.01968300 -0.00962900 0.01118300
v -0.01968300 -0.00962900 0.01118300
v -0.01920100 -0.01000000 0.00200000
v -0.01920100 -0.01000000 0.00200000
v -0.01920100 -0.01000000 0.00200000
v -0.01920100 -0.01000000 0.00200000
v -0.01920100 -0.01000000 0.00200000
v -0.01920100 -0.01000000 0.01070000
v -0.01920100 -0.01000000 0.01070000
v -0.01920100 -0.01000000 0.01070000
v -0.01920100 -0.01000000 0.01070000
v -0.04856800 -0.00925000 0.00256700
v -0.04856800 -0.00925000 0.00256700
v -0.04856800 -0.00925000 0.00256700
v -0.04856800 -0.00925000 0.00256700
v -0.04856800 -0.00925000 0.00256700
v -0.04856800 -0.00925000 0.00256700
v -0.04900100 -0.00900000 0.00300000
v -0.04900100 -0.00900000 0.00300000
v -0.04900100 -0.00900000 0.00300000
v -0.04900100 -0.00900000 0.00300000
v -0.04900100 -0.00900000 0.00300000
v -0.04850000 -0.00950000 0.00250000
v -0.04850000 -0.00950000 0.00250000
v -0.04850000 -0.00950000 0.00250000
v -0.04850000 -0.00950000 0.00250000
v -0.04850000 -0.00950000 0.00250000
v -0.04850000 -0.00950000 0.00250000
v -0.04850000 -0.00950000 0.00250000
v -0.01976800 -0.00925000 0.00256700
v -0.01976800 -0.00925000 0.00256700
v -0.01976800 -0.00925000 0.00256700
v -0.01976800 -0.00925000 0.00256700
v -0.01976800 -0.00925000 0.00256700
v -0.01976800 -0.00925000 0.00256700
v -0.01971800 -0.00937100 -0.01121700
v -0.01971800 -0.00937100 -0.01121700
v -0.01971800 -0.00937100 -0.01121700
v -0.01971800 -0.00937100 -0.01121700
v -0.01971800 -0.00937100 -0.01121700
v -0.01971800 -0.00937100 -0.01121700
v -0.01995000 -0.00906700 -0.01145000
v -0.01995000 -0.00906700 -0.01145000
v -0.01995000 -0.00906700 -0.01145000
v -0.01995000 -0.00906700 -0.01145000
v -0.01995000 -0.00906700 -0.01145000
v -0.02020100 -0.00900000 -0.00300000
v -0.02020100 -0.00900000 -0.00300000
v -0.02020100 -0.00900000 -0.00300000
v -0.02020100 -0.00900000 -0.00300000
v -0.02020100 -0.00900000 -0.00300000
v -0.01393800 -0.00975000 -0.01113300
v -0.01393800 -0.00975000 -0.01113300
v -0.01393800 -0.00975000 -0.01113300
v -0.01393800 -0.00975000 -0.01113300
v -0.01393800 -0.00975000 -0.01113300
v -0.01393800 -0.00975000 -0.01113300
v -0.01412000 -0.00993300 -0.01095000
v -0.01412000 -0.00993300 -0.01095000
v -0.01412000 -0.00993300 -0.01095000
v -0.01412000 -0.00993300 -0.01095000
v -0.01412000 -0.00993300 -0.01095000
v -0.01387000 -0.00950000 0.01120000
v -0.01387000 -0.00950000 0.01120000
v -0.01387000 -0.00950000 0.01120000
v -0.01387000 -0.00950000 0.01120000
v -0.01387000 -0.00950000 0.01120000
v -0.01388800 -0.00962900 0.01118300
v -0.01388800 -0.00962900 0.01118300
v -0.01388800 -0.00962900 0.01118300
v -0.01388800 -0.00962900 0.01118300
v -0.01388800 -0.00962900 0.01118300
v -0.01388800 -0.00962900 0.01118300
v -0.01970000 -0.00950000 0.01120000
v -0.01970000 -0.00950000 0.01120000
v -0.01970000 -0.00950000 0.01120000
v -0.01970000 -0.00950000 0.01120000
v -0.01963400 -0.00975000 0.01113300
v -0.01963400 -0.00975000 0.01113300
v -0.01963400 -0.00975000 0.01113300
v -0.01963400 -0.00975000 0.01113300
v -0.01963400 -0.00975000 0.01113300
v -0.01945100 -0.00993300 0.01095000
v -0.01945100 -0.00993300 0.01095000
v -0.01945100 -0.00993300 0.01095000
v -0.01945100 -0.00993300 0.01095000
v -0.01945100 -0.00993300 0.01095000
v -0.01412000 -0.00993300 0.01095000
v -0.01412000 -0.00993300 0.01095000
v -0.01412000 -0.00993300 0.01095000
v -0.01412000 -0.00993300 0.01095000
v -0.01412000 -0.00993300 0.01095000
v -0.01995000 -0.00906700 0.00275000
v -0.01995000 -0.00906700 0.00275000
v -0.01995000 -0.00906700 0.00275000
v -0.01995000 -0.00906700 0.00275000
v -0.01995000 -0.00906700 0.00275000
v -0.01971800 -0.00937100 0.00251700
v -0.01971800 -0.00937100 0.00251700
v -0.01971800 -0.00937100 0.00251700
v -0.01971800 -0.00937100 0.00251700
v -0.01971800 -0.00937100 0.00251700
v -0.01387000 -0.00950000 -0.01120000
v -0.01387000 -0.00950000 -0.01120000
v -0.01387000 -0.00950000 -0.01120000
v -0.01387000 -0.00950000 -0.01120000
v -0.01387000 -0.00950000 -0.01120000
v -0.01970000 -0.00950000 -0.01120000
v -0.01970000 -0.00950000 -0.01120000
v -0.01970000 -0.00950000 -0.01120000
v -0.01970000 -0.00950000 -0.01120000
v -0.01970000 -0.00950000 -0.01120000
v -0.01976800 -0.00925000 -0.01126700
v -0.01976800 -0.00925000 -0.01126700
v -0.01976800 -0.00925000 -0.01126700
v -0.01976800 -0.00925000 -0.01126700
v -0.01976800 -0.00925000 -0.01126700
v -0.01337100 -0.00900000 -0.01170000
v -0.01337100 -0.00900000 -0.01170000
v -0.01337100 -0.00900000 -0.01170000
v -0.01337100 -0.00900000 -0.01170000
v -0.01337100 -0.00900000 -0.01170000
v -0.01388800 -0.00962900 -0.01118300
v -0.01388800 -0.00962900 -0.01118300
v -0.01388800 -0.00962900 -0.01118300
v -0.01388800 -0.00962900 -0.01118300
v -0.01388800 -0.00962900 -0.01118300
v -0.01393800 -0.00975000 0.01113300
v -0.01393800 -0.00975000 0.01113300
v -0.01393800 -0.00975000 0.01113300
v -0.01393800 -0.00975000 0.01113300
v -0.01393800 -0.00975000 0.01113300
v -0.01437100 -0.01000000 0.01070000
v -0.01437100 -0.01000000 0.01070000
v -0.01437100 -0.01000000 0.01070000
v -0.01437100 -0.01000000 0.01070000
v -0.01437100 -0.01000000 0.01070000
v -0.01437100 -0.01000000 -0.01070000
v -0.01437100 -0.01000000 -0.01070000
v -0.01437100 -0.01000000 -0.01070000
v -0.01437100 -0.01000000 -0.01070000
v -0.01385300 -0.00937100 0.01121700
v -0.01385300 -0.00937100 0.01121700
v -0.01385300 -0.00937100 0.01121700
v -0.01385300 -0.00937100 0.01121700
v -0.01385300 -0.00937100 0.01121700
v -0.01971800 -0.00937100 0.01121700
v -0.01971800 -0.00937100 0.01121700
v -0.01971800 -0.00937100 0.01121700
v -0.01971800 -0.00937100 0.01121700
v -0.01971800 -0.00937100 0.01121700
v -0.01976800 -0.00925000 0.01126700
v -0.01976800 -0.00925000 0.01126700
v -0.01976800 -0.00925000 0.01126700
v -0.01976800 -0.00925000 0.01126700
v -0.01362000 -0.00906700 0.01145000
v -0.01362000 -0.00906700 0.01145000
v -0.01362000 -0.00906700 0.01145000
v -0.01362000 -0.00906700 0.01145000
v -0.01362000 -0.00906700 0.01145000
v -0.01337100 -0.00900000 0.01170000
v -0.01337100 -0.00900000 0.01170000
v -0.01337100 -0.00900000 0.01170000
v -0.01337100 -0.00900000 0.01170000
v -0.01337100 -0.00900000 0.01170000
v -0.01337100 -0.00900000 0.01170000
v -0.01995000 -0.00906700 0.01145000
v -0.01995000 -0.00906700 0.01145000
v -0.01995000 -0.00906700 0.01145000
v -0.01995000 -0.00906700 0.01145000
v -0.01995000 -0.00906700 0.01145000
v -0.01385300 -0.00937100 -0.01121700
v -0.01385300 -0.00937100 -0.01121700
v -0.01385300 -0.00937100 -0.01121700
v -0.01385300 -0.00937100 -0.01121700
v -0.01385300 -0.00937100 -0.01121700
v -0.01385300 -0.00937100 -0.01121700
v -0.01380400 -0.00925000 0.01126700
v -0.01380400 -0.00925000 0.01126700
v -0.01380400 -0.00925000 0.01126700
v -0.01380400 -0.00925000 0.01126700
v -0.01380400 -0.00925000 0.01126700
v -0.01380400 -0.00925000 0.01126700
v -0.01380400 -0.00925000 -0.01126700
v -0.01380400 -0.00925000 -0.01126700
v -0.01380400 -0.00925000 -0.01126700
v -0.01380400 -0.00925000 -0.01126700
v -0.01362000 -0.00906700 -0.01145000
v -0.01362000 -0.00906700 -0.01145000
v -0.01362000 -0.00906700 -0.01145000
v -0.01362000 -0.00906700 -0.01145000
v -0.01362000 -0.00906700 -0.01145000
vn -0.18910000 -0.96360000 -0.18910000
vn -0.25830000 -0.96360000 -0.06920000
vn -0.18910000 -0.96360000 -0.18900000
vn -0.00000000 -1.00000000 -0.00000000
vn -0.25830000 -0.96360000 -0.06920000
vn -0.00000000 -1.00000000 -0.00000000
vn -0.25890000 -0.96590000 -0.00000000
vn -0.25830000 -0.96360000 -0.06910000
vn -0.00000000 -1.00000000 -0.00000000
vn -0.25870000 -0.96590000 -0.00000000
vn -0.00000000 -0.96590000 -0.25890000
vn -0.00000000 -1.00000000 -0.00000000
vn -0.00000000 -1.00000000 -0.00000000
vn -0.00000000 -0.96590000 -0.25890000
vn -0.25870000 -0.96590000 -0.00000000
vn -0.25870000 -0.96590000 -0.00000000
vn -0.00000000 -0.96590000 0.25890000
vn -0.00000000 -1.00000000 -0.00000000
vn -0.00000000 -0.96590000 0.25880000
vn -0.25060000 -0.93510000 0.25050000
vn -0.00000000 -1.00000000 -0.00000000
vn -0.00000000 -1.00000000 -0.00000000
vn -0.25890000 -0.96590000 -0.00000000
vn -0.25890000 -0.96590000 -0.00000000
vn -0.25830000 -0.96360000 0.06920000
vn -0.25890000 -0.96590000 -0.00000000
vn -0.00000000 -1.00000000 -0.00000000
vn -0.00000000 -1.00000000 -0.00000000
vn -0.00000000 -1.00000000 -0.00000000
vn -0.25840000 -0.96360000 0.06920000
vn -0.18910000 -0.96360000 0.18900000
vn -0.25830000 -0.96360000 0.06920000
vn -0.00000000 -1.00000000 -0.00000000
vn -0.00000000 -0.96590000 0.25890000
vn -0.00000000 -0.96590000 0.25890000
vn -0.00000000 -1.00000000 -0.00000000
vn -0.00000000 -1.00000000 -0.00000000
vn -0.25870000 -0.96590000 -0.00000000
vn -0.25070000 -0.93510000 -0.25040000
vn -0.25900000 -0.96590000 -0.00000000
vn -0.00000000 -0.96590000 -0.25890000
vn -0.25050000 -0.93510000 -0.25060000
vn -0.00000000 -1.00000000 -0.00000000
vn -0.00000000 -1.00000000 -0.00000000
vn -0.00000000 -0.96590000 -0.25890000
vn -0.25880000 -0.96590000 -0.00000000
vn -0.00000000 -1.00000000 -0.00000000
vn -0.00000000 -1.00000000 -0.00000000
vn -0.00000000 -0.96590000 -0.25890000
vn -0.06920000 -0.96360000 -0.25820000
vn -0.00000000 -0.96590000 -0.25890000
vn -0.00000000 -1.00000000 -0.00000000
vn -0.00000000 -0.96590000 -0.25890000
vn -0.00000000 -1.00000000 -0.00000000
vn -0.00000000 -1.00000000 -0.00000000
vn -0.06920000 -0.96360000 -0.25820000
vn -0.06920000 -0.96360000 -0.25820000
vn -0.00000000 -1.00000000 -0.00000000
vn -0.18910000 -0.96360000 -0.18900000
vn 0.01870000 0.15330000 -0.98800000
vn 0.13020000 0.99150000 -0.00000000
vn -0.00000000 1.00000000 -0.00000000
vn -0.00000000 1.00000000 -0.00000000
vn -0.00000000 0.13050000 -0.99140000
vn 0.04820000 0.17160000 -0.98400000
vn 0.38280000 0.92380000 -0.00000000
vn 0.01870000 0.15330000 -0.98800000
vn 0.13020000 0.99150000 -0.00000000
vn 0.25880000 0.96590000 0.00150000
vn 0.25050000 0.93520000 0.25050000
vn 0.68460000 0.68460000 0.25050000
vn 0.25060000 0.93510000 0.25060000
vn 0.70710000 0.70710000 0.00150000
vn 0.38280000 0.92380000 -0.00000000
vn 0.60990000 0.79250000 -0.00000000
vn 0.25880000 0.96590000 0.00150000
vn 0.60990000 0.79250000 -0.00000000
vn 0.70710000 0.70710000 0.00150000
vn 0.02370000 0.17320000 -0.98460000
vn -0.01270000 0.25650000 -0.96640000
vn 0.79410000 0.60770000 -0.00000000
vn 0.96590000 0.25890000 0.00150000
vn 0.79410000 0.60770000 -0.00000000
vn 0.70710000 0.70710000 0.00150000
vn 0.92570000 0.37830000 -0.00000000
vn 0.68460000 0.68460000 0.25050000
vn 0.68460000 0.68460000 0.25050000
vn 0.93510000 0.25060000 0.25050000
vn -0.00000000 -0.00000000 1.00000000
vn -0.00000000 -0.00000000 1.00000000
vn 0.09700000 0.99530000 -0.00000000
vn -0.00000000 1.00000000 -0.00000000
vn -0.00000000 1.00000000 -0.00000000
vn 0.14490000 0.98940000 -0.00000000
vn 0.01030000 0.99910000 -0.04110000
vn -0.00000000 -0.00000000 -1.00000000
vn -0.00000000 1.00000000 -0.00000000
vn -0.00000000 1.00000000 -0.00000000
vn 0.36910000 -0.92940000 -0.00000000
vn 0.36910000 -0.92940000 -0.00000000
vn -0.00000000 -0.00000000 -1.00000000
vn -0.00000000 -0.00000000 -1.00000000
vn 0.62020000 -0.78450000 -0.00000000
vn -0.00000000 -0.00000000 -1.00000000
vn 0.62020000 -0.78450000 -0.00000000
vn 0.62020000 -0.78450000 -0.00000000
vn -0.00000000 -0.00000000 -1.00000000
vn 0.81910000 -0.57370000 -0.00000000
vn -0.00000000 -0.00000000 -1.00000000
vn 0.94920000 -0.31460000 -0.00000000
vn -0.00000000 -0.00000000 -1.00000000
vn 0.81910000 -0.57370000 -0.00000000
vn 0.81910000 -0.57370000 -0.00000000
vn -0.00000000 -0.00000000 1.00000000
vn 0.81910000 -0.57370000 -0.00000000
vn -0.00000000 -0.00000000 1.00000000
vn 0.94920000 -0.31460000 -0.00000000
vn 0.94920000 -0.31460000 -0.00000000
vn 0.94920000 -0.31460000 -0.00000000
vn -0.00000000 -0.00000000 -1.00000000
vn -0.00000000 -0.00000000 -1.00000000
vn 0.99960000 -0.02910000 -0.00000000
vn -0.00000000 -0.00000000 1.00000000
vn -0.00000000 -0.00000000 1.00000000
vn 0.99960000 -0.02910000 -0.00000000
vn 0.94920000 -0.31460000 -0.00000000
vn 0.99960000 -0.02910000 -0.00000000
vn -0.00000000 -0.00000000 -1.00000000
vn 0.99960000 -0.02910000 -0.00000000
vn -0.00000000 -0.00000000 -1.00000000
vn 0.96590000 0.25870000 -0.00000000
vn 0.85110000 0.52500000 -0.00000000
vn 0.96590000 0.25870000 -0.00000000
vn 0.96590000 0.25870000 -0.00000000
vn -0.00000000 -0.00000000 -1.00000000
vn -0.00000000 -0.00000000 -1.00000000
vn 0.66480000 0.74700000 -0.00000000
vn -0.00000000 -0.00000000 -1.00000000
vn 0.85110000 0.52500000 -0.00000000
vn 0.85110000 0.52500000 -0.00000000
vn -0.00000000 -0.00000000 -1.00000000
vn 0.85110000 0.52500000 -0.00000000
vn 0.66480000 0.74700000 -0.00000000
vn -0.00000000 -0.00000000 1.00000000
vn -0.00000000 -0.00000000 1.00000000
vn -0.00000000 -0.00000000 1.00000000
vn -0.00000000 -0.00000000 1.00000000
vn 0.66480000 0.74700000 -0.00000000
vn 0.42260000 0.90630000 -0.00000000
vn 0.08700000 -0.99620000 -0.00000000
vn -0.00000000 -0.00000000 -1.00000000
vn -0.00000000 -0.00000000 -1.00000000
vn 0.36910000 -0.92940000 -0.00000000
vn 0.36910000 -0.92940000 -0.00000000
vn -0.00000000 -0.00000000 -1.00000000
vn -0.00000000 -0.00000000 -1.00000000
vn 0.62020000 -0.78450000 -0.00000000
vn 0.36910000 -0.92940000 -0.00000000
vn -0.00000000 -0.00000000 1.00000000
vn 0.36910000 -0.92940000 -0.00000000
vn -0.00000000 -0.00000000 1.00000000
vn 0.62020000 -0.78450000 -0.00000000
vn 0.81910000 -0.57370000 -0.00000000
vn -0.00000000 -0.00000000 1.00000000
vn 0.62020000 -0.78450000 -0.00000000
vn -0.00000000 -0.00000000 1.00000000
vn 0.94920000 -0.31460000 -0.00000000
vn -0.00000000 -0.00000000 1.00000000
vn 0.81910000 -0.57370000 -0.00000000
vn -0.00000000 -0.00000000 1.00000000
vn 0.81910000 -0.57370000 -0.00000000
vn -0.00000000 -0.00000000 -1.00000000
vn 0.94920000 -0.31460000 -0.00000000
vn -0.00000000 -0.00000000 -1.00000000
vn 0.81910000 -0.57370000 -0.00000000
vn -0.00000000 -0.00000000 -1.00000000
vn 0.99960000 -0.02910000 -0.00000000
vn 0.96590000 0.25870000 -0.00000000
vn 0.99960000 -0.02910000 -0.00000000
vn -0.00000000 -0.00000000 -1.00000000
vn -0.00000000 -0.00000000 1.00000000
vn 0.94920000 -0.31460000 -0.00000000
vn 0.99960000 -0.02910000 -0.00000000
vn -0.00000000 -0.00000000 1.00000000
vn 0.96590000 0.25870000 -0.00000000
vn -0.00000000 -0.00000000 -1.00000000
vn -0.00000000 -0.00000000 -1.00000000
vn 0.85110000 0.52500000 -0.00000000
vn 0.96590000 0.25870000 -0.00000000
vn 0.66480000 0.74700000 -0.00000000
vn 0.85110000 0.52500000 -0.00000000
vn 0.85110000 0.52500000 -0.00000000
vn -0.00000000 -0.00000000 -1.00000000
vn -0.00000000 -0.00000000 -1.00000000
vn -0.00000000 -0.00000000 1.00000000
vn -0.00000000 -0.00000000 1.00000000
vn 0.85110000 0.52500000 -0.00000000
vn 0.96590000 0.25870000 -0.00000000
vn 0.66480000 0.74700000 -0.00000000
vn 0.85110000 0.52500000 -0.00000000
vn -0.00000000 -0.00000000 1.00000000
vn -0.00000000 -0.00000000 1.00000000
vn 0.66480000 0.74700000 -0.00000000
vn -0.00000000 -0.00000000 -1.00000000
vn -0.00000000 -0.00000000 -1.00000000
vn 0.42260000 0.90630000 -0.00000000
vn 0.66480000 0.74700000 -0.00000000
vn -0.70720000 -0.70700000 -0.00000000
vn -0.00000000 -0.00000000 -1.00000000
vn -0.00000000 -0.00000000 -1.00000000
vn -0.47470000 -0.88020000 -0.00000000
vn -0.70720000 -0.70700000 -0.00000000
vn -0.47470000 -0.88020000 -0.00000000
vn -0.47470000 -0.88020000 -0.00000000
vn -0.00000000 -0.00000000 -1.00000000
vn -0.00000000 -0.00000000 -1.00000000
vn -0.20240000 -0.97930000 -0.00000000
vn -0.00000000 -0.00000000 -1.00000000
vn -0.20240000 -0.97930000 -0.00000000
vn -0.20240000 -0.97930000 -0.00000000
vn -0.00000000 -0.00000000 -1.00000000
vn 0.08700000 -0.99620000 -0.00000000
vn 0.11600000 -0.99250000 -0.03940000
vn -0.02920000 -0.99960000 -0.00000000
vn -0.02920000 -0.99960000 -0.00000000
vn -0.02920000 -0.99960000 -0.00000000
vn 0.11610000 -0.99320000 -0.00000000
vn 0.08700000 -0.99620000 0.00600000
vn 1.00000000 -0.00000000 -0.00000000
vn -0.00000000 -0.00000000 -1.00000000
vn -0.00000000 -0.00000000 -1.00000000
vn 0.15520000 0.98790000 -0.00000000
vn 0.01030000 0.99910000 -0.04110000
vn 0.15520000 0.98790000 -0.00000000
vn 0.09700000 0.99530000 -0.00000000
vn -0.00000000 1.00000000 -0.00000000
vn -0.00000000 -0.00000000 -1.00000000
vn 0.09700000 0.99530000 -0.00000000
vn -0.67880000 -0.73430000 -0.00000000
vn -0.70720000 -0.70700000 -0.00000000
vn -0.00000000 -0.00000000 -1.00000000
vn -0.00000000 -0.00000000 -1.00000000
vn -0.00000000 -0.00000000 -1.00000000
vn -0.88000000 -0.47490000 -0.00000000
vn -0.98640000 -0.16420000 -0.00000000
vn -0.97490000 0.22250000 -0.00000000
vn -0.78180000 0.62350000 -0.00000000
vn -0.00000000 -0.00000000 -1.00000000
vn -0.00000000 -0.00000000 -1.00000000
vn -0.97490000 0.22250000 -0.00000000
vn -0.00000000 -0.00000000 -1.00000000
vn -0.97490000 -0.22250000 -0.00000000
vn -0.00000000 -0.00000000 -1.00000000
vn -0.78180000 -0.62350000 -0.00000000
vn -0.97490000 -0.22250000 -0.00000000
vn -0.00000000 -0.00000000 -1.00000000
vn -0.00000000 -0.00000000 1.00000000
vn -0.00000000 -0.00000000 1.00000000
vn -0.43390000 -0.90100000 -0.00000000
vn -0.78180000 -0.62350000 -0.00000000
vn -0.78180000 -0.62350000 -0.00000000
vn -0.43390000 -0.90100000 -0.00000000
vn -0.00000000 -1.00000000 -0.00000000
vn -0.00000000 -0.00000000 1.00000000
vn -0.43390000 -0.90100000 -0.00000000
vn -0.00000000 -0.00000000 1.00000000
vn -0.00000000 -1.00000000 -0.00000000
vn -0.00000000 -0.00000000 1.00000000
vn -0.00000000 -1.00000000 -0.00000000
vn 0.43390000 -0.90100000 -0.00000000
vn -0.00000000 -0.00000000 1.00000000
vn -0.00000000 -0.00000000 1.00000000
vn 0.43390000 -0.90100000 -0.00000000
vn -0.00000000 -0.00000000 1.00000000
vn 0.78180000 -0.62350000 -0.00000000
vn 0.43390000 -0.90100000 -0.00000000
vn -0.00000000 -0.00000000 -1.00000000
vn 0.43390000 -0.90100000 -0.00000000
vn -0.00000000 -0.00000000 -1.00000000
vn 0.78180000 -0.62350000 -0.00000000
vn -0.00000000 -0.00000000 1.00000000
vn -0.00000000 -0.00000000 1.00000000
vn 0.78180000 0.62350000 -0.00000000
vn 0.97490000 0.22250000 -0.00000000
vn 0.97490000 0.22250000 -0.00000000
vn 0.43390000 0.90100000 -0.00000000
vn -0.00000000 -0.00000000 -1.00000000
vn 0.78180000 0.62350000 -0.00000000
vn -0.00000000 -0.00000000 -1.00000000
vn 0.78180000 0.62350000 -0.00000000
vn 0.43390000 0.90100000 -0.00000000
vn -0.00000000 -0.00000000 1.00000000
vn -0.00000000 -0.00000000 1.00000000
vn 0.78180000 0.62350000 -0.00000000
vn 0.43390000 0.90100000 -0.00000000
vn -0.00000000 -0.00000000 -1.00000000
vn -0.00000000 -0.00000000 -1.00000000
vn -0.00000000 1.00000000 -0.00000000
vn -0.00000000 -0.00000000 -1.00000000
vn -0.43390000 0.90100000 -0.00000000
vn -0.00000000 -0.00000000 -1.00000000
vn -0.00000000 1.00000000 -0.00000000
vn -0.00000000 -0.00000000 -1.00000000
vn -0.43390000 0.90100000 -0.00000000
vn -0.00000000 -0.00000000 -1.00000000
vn -0.78180000 0.62350000 -0.00000000
vn -0.00000000 -0.00000000 1.00000000
vn -0.97490000 0.22250000 -0.00000000
vn -0.78180000 0.62350000 -0.00000000
vn -0.00000000 -0.00000000 1.00000000
vn -0.78180000 0.62350000 -0.00000000
vn -0.98640000 -0.16420000 -0.00000000
vn -0.98640000 -0.16420000 -0.00000000
vn -0.00000000 -0.00000000 -1.00000000
vn -0.00000000 -0.00000000 -1.00000000
vn -0.88000000 -0.47490000 -0.00000000
vn -0.88000000 -0.47490000 -0.00000000
vn -0.67880000 -0.73430000 -0.00000000
vn -0.00000000 -0.00000000 1.00000000
vn -0.67880000 -0.73430000 -0.00000000
vn -0.00000000 -0.00000000 1.00000000
vn -0.70720000 -0.70700000 -0.00000000
vn -0.00000000 -0.00000000 1.00000000
vn 0.09700000 0.99530000 -0.00000000
vn -0.00000000 -0.00000000 -1.00000000
vn -0.00000000 -0.00000000 -1.00000000
vn 0.15520000 0.98790000 -0.00000000
vn 0.15520000 0.98790000 -0.00000000
vn 0.97490000 0.22250000 -0.00000000
vn 0.97490000 -0.22250000 -0.00000000
vn -0.00000000 -0.00000000 -1.00000000
vn -0.00000000 -0.00000000 -1.00000000
vn 0.97490000 0.22250000 -0.00000000
vn 0.97490000 -0.22250000 -0.00000000
vn 0.78180000 -0.62350000 -0.00000000
vn -0.00000000 -0.00000000 -1.00000000
vn 0.97490000 -0.22250000 -0.00000000
vn -0.00000000 -0.00000000 -1.00000000
vn -0.00000000 -0.00000000 -1.00000000
vn -0.00000000 -0.00000000 -1.00000000
vn 0.78180000 -0.62350000 -0.00000000
vn 0.78180000 -0.62350000 -0.00000000
vn 0.43390000 -0.90100000 -0.00000000
vn 0.43390000 -0.90100000 -0.00000000
vn 0.78180000 -0.62350000 -0.00000000
vn -0.00000000 -0.00000000 1.00000000
vn -0.00000000 -0.00000000 1.00000000
vn 0.43390000 -0.90100000 -0.00000000
vn -0.00000000 -0.00000000 1.00000000
vn -0.00000000 -0.00000000 1.00000000
vn -0.00000000 -1.00000000 -0.00000000
vn -0.00000000 -0.00000000 -1.00000000
vn -0.00000000 -1.00000000 -0.00000000
vn -0.43390000 -0.90100000 -0.00000000
vn -0.00000000 -1.00000000 -0.00000000
vn -0.00000000 -0.00000000 -1.00000000
vn -0.78180000 -0.62350000 -0.00000000
vn -0.00000000 -0.00000000 -1.00000000
vn -0.43390000 -0.90100000 -0.00000000
vn -0.43390000 -0.90100000 -0.00000000
vn -0.00000000 -0.00000000 -1.00000000
vn -0.78180000 -0.62350000 -0.00000000
vn -0.97490000 -0.22250000 -0.00000000
vn -0.78180000 -0.62350000 -0.00000000
vn -0.00000000 -0.00000000 -1.00000000
vn -0.00000000 -0.00000000 -1.00000000
vn -0.97490000 0.22250000 -0.00000000
vn -0.00000000 -0.00000000 1.00000000
vn -0.78180000 0.62350000 -0.00000000
vn -0.00000000 -0.00000000 1.00000000
vn -0.78180000 0.62350000 -0.00000000
vn -0.00000000 -0.00000000 1.00000000
vn -0.43390000 0.90100000 -0.00000000
vn -0.00000000 -0.00000000 1.00000000
vn -0.00000000 -0.00000000 1.00000000
vn -0.43390000 0.90100000 -0.00000000
vn -0.00000000 -0.00000000 1.00000000
vn -0.00000000 1.00000000 -0.00000000
vn -0.00000000 -0.00000000 1.00000000
vn 0.78180000 0.62350000 -0.00000000
vn -0.00000000 -0.00000000 1.00000000
vn 0.43390000 0.90100000 -0.00000000
vn -0.00000000 -0.00000000 1.00000000
vn 0.78180000 0.62350000 -0.00000000
vn 0.97490000 0.22250000 -0.00000000
vn -0.00000000 -0.00000000 1.00000000
vn -0.00000000 -0.00000000 -1.00000000
vn -0.00000000 -0.00000000 -1.00000000
vn 0.78180000 0.62350000 -0.00000000
vn 0.78180000 0.62350000 -0.00000000
vn 0.97490000 0.22250000 -0.00000000
vn -0.00000000 1.00000000 -0.00000000
vn 0.01030000 0.99990000 -0.00000000
vn -0.00000000 1.00000000 -0.00000000
vn -0.00000000 -0.00000000 1.00000000
vn -0.00000000 -0.00000000 1.00000000
vn 0.15520000 0.98790000 -0.00000000
vn 0.14490000 0.98930000 0.01950000
vn 0.42260000 0.90630000 -0.00000000
vn -0.00000000 -0.00000000 1.00000000
vn -0.70720000 -0.70700000 -0.00000000
vn -0.67880000 -0.73430000 -0.00000000
vn -0.00000000 -0.00000000 -1.00000000
vn -0.67880000 -0.73430000 -0.00000000
vn -0.00000000 -0.00000000 -1.00000000
vn -0.20240000 -0.97930000 -0.00000000
vn -0.47470000 -0.88020000 -0.00000000
vn -0.00000000 -0.00000000 -1.00000000
vn -0.00000000 -0.00000000 -1.00000000
vn -0.47470000 -0.88020000 -0.00000000
vn -0.47470000 -0.88020000 -0.00000000
vn -0.00000000 -0.00000000 1.00000000
vn -0.70720000 -0.70700000 -0.00000000
vn -0.00000000 -0.00000000 1.00000000
vn 0.08700000 -0.99620000 -0.00000000
vn -0.00000000 -0.00000000 -1.00000000
vn -0.20240000 -0.97930000 -0.00000000
vn -0.20240000 -0.97930000 -0.00000000
vn -0.00000000 -0.00000000 -1.00000000
vn -0.20240000 -0.97930000 -0.00000000
vn -0.00000000 -0.00000000 1.00000000
vn -0.00000000 -0.00000000 1.00000000
vn 0.08700000 -0.99620000 -0.00000000
vn 0.36910000 -0.92940000 -0.00000000
vn -0.00000000 -0.00000000 1.00000000
vn 0.08700000 -0.99620000 -0.00000000
vn -0.00000000 -0.00000000 1.00000000
vn -0.00000000 -0.00000000 -1.00000000
vn 0.36910000 -0.92940000 -0.00000000
vn 0.36910000 -0.92940000 -0.00000000
vn 0.62020000 -0.78450000 -0.00000000
vn -0.00000000 -0.00000000 -1.00000000
vn -0.00000000 -0.00000000 1.00000000
vn 0.81910000 -0.57370000 -0.00000000
vn 0.62020000 -0.78450000 -0.00000000
vn -0.00000000 -0.00000000 1.00000000
vn -0.00000000 -0.00000000 -1.00000000
vn 0.81910000 -0.57370000 -0.00000000
vn 0.94920000 -0.31460000 -0.00000000
vn -0.00000000 -0.00000000 -1.00000000
vn -0.00000000 -0.00000000 -1.00000000
vn 0.81910000 -0.57370000 -0.00000000
vn -0.00000000 -0.00000000 1.00000000
vn 0.81910000 -0.57370000 -0.00000000
vn 0.94920000 -0.31460000 -0.00000000
vn -0.00000000 -0.00000000 1.00000000
vn 0.99960000 -0.02910000 -0.00000000
vn 0.99960000 -0.02910000 -0.00000000
vn -0.00000000 -0.00000000 -1.00000000
vn -0.00000000 -0.00000000 -1.00000000
vn 0.96590000 0.25870000 -0.00000000
vn -0.00000000 -0.00000000 -1.00000000
vn -0.00000000 -0.00000000 -1.00000000
vn 0.96590000 0.25870000 -0.00000000
vn 0.85110000 0.52500000 -0.00000000
vn 0.96590000 0.25870000 -0.00000000
vn -0.00000000 -0.00000000 1.00000000
vn -0.00000000 -0.00000000 1.00000000
vn 0.85110000 0.52500000 -0.00000000
vn 0.96590000 0.25870000 -0.00000000
vn 0.09700000 0.99530000 -0.00000000
vn 0.15520000 0.98790000 -0.00000000
vn 0.01030000 0.99990000 -0.00000000
vn 0.14490000 0.98930000 0.01950000
vn -0.00000000 -0.00000000 1.00000000
vn 1.00000000 -0.00000000 -0.00000000
vn 0.99200000 0.12630000 -0.00000000
vn 0.96590000 0.25890000 0.00150000
vn 0.93510000 0.25060000 0.25050000
vn 1.00000000 -0.00000000 -0.00000000
vn 0.96590000 -0.00000000 0.25880000
vn 0.93510000 0.25050000 0.25060000
vn 1.00000000 -0.00000000 -0.00000000
vn -0.00160000 0.96590000 0.25880000
vn -0.00000000 0.92390000 0.38270000
vn -0.00000000 0.77600000 0.63070000
vn 1.00000000 -0.00000000 -0.00000000
vn -0.00000000 -0.00000000 1.00000000
vn 1.00000000 -0.00000000 -0.00000000
vn -0.98640000 -0.16420000 -0.00000000
vn -0.98640000 -0.16420000 -0.00000000
vn 0.98080000 -0.19520000 -0.00000000
vn 1.00000000 -0.00000000 -0.00000000
vn 0.94860000 -0.18880000 0.25410000
vn 0.96590000 -0.00000000 0.25880000
vn 1.00000000 -0.00000000 -0.00000000
vn 1.00000000 -0.00000000 -0.00000000
vn 1.00000000 -0.00000000 -0.00000000
vn -0.98640000 -0.16420000 -0.00000000
vn -0.00000000 -0.00000000 -1.00000000
vn -0.00000000 -0.00000000 -1.00000000
vn 0.96590000 -0.00000000 -0.25880000
vn 0.94860000 -0.18880000 -0.25410000
vn 0.94860000 -0.18870000 -0.25420000
vn 1.00000000 -0.00000000 -0.00000000
vn 0.98080000 -0.19520000 -0.00000000
vn 1.00000000 -0.00000000 -0.00000000
vn 1.00000000 -0.00000000 -0.00000000
vn 0.98080000 -0.19520000 -0.00000000
vn 1.00000000 -0.00000000 -0.00000000
vn 1.00000000 -0.00000000 -0.00000000
vn -0.00000000 0.70710000 -0.70710000
vn -0.00000000 0.70710000 -0.70710000
vn -0.00000000 0.96600000 -0.25870000
vn 1.00000000 -0.00000000 -0.00000000
vn -0.00000000 -0.25860000 -0.96600000
vn -0.00000000 0.25860000 -0.96600000
vn 1.00000000 -0.00000000 -0.00000000
vn -0.00000000 -0.25870000 -0.96600000
vn -0.00000000 1.00000000 -0.00000000
vn 1.00000000 -0.00000000 -0.00000000
vn 1.00000000 -0.00000000 -0.00000000
vn 1.00000000 -0.00000000 -0.00000000
vn -0.00000000 1.00000000 -0.00000000
vn -0.00000000 -0.00000000 -1.00000000
vn -0.00000000 -0.00000000 -1.00000000
vn 1.00000000 -0.00000000 -0.00000000
vn -0.00000000 -0.70700000 -0.70720000
vn -0.00000000 -0.25870000 -0.96600000
vn -0.00000000 -0.70700000 -0.70720000
vn -0.00000000 -0.96590000 -0.25890000
vn 1.00000000 -0.00000000 -0.00000000
vn -0.00000000 -1.00000000 -0.00000000
vn -0.00000000 -1.00000000 -0.00000000
vn 1.00000000 -0.00000000 -0.00000000
vn 0.06930000 0.25840000 -0.96360000
vn 0.18930000 0.18940000 -0.96350000
vn 0.25930000 -0.00000000 -0.96580000
vn -0.00000000 0.25930000 -0.96580000
vn 0.25860000 0.06930000 -0.96350000
vn -0.00000000 0.25880000 -0.96590000
vn -0.00000000 -0.00000000 -1.00000000
vn 0.25890000 -0.00000000 0.96590000
vn 0.06930000 0.25840000 0.96360000
vn 0.25860000 0.06930000 0.96350000
vn -0.00000000 -0.00000000 1.00000000
vn 0.18930000 0.18940000 0.96350000
vn -0.00000000 0.25880000 0.96590000
vn 0.25930000 -0.00000000 0.96580000
vn -0.48300000 0.83660000 -0.25870000
vn -0.68410000 0.68500000 -0.25030000
vn -0.70640000 0.70780000 -0.00000000
vn -0.50000000 0.86600000 -0.00000000
vn -0.48300000 0.83660000 -0.25860000
vn -0.50000000 0.86600000 -0.00000000
vn -0.50000000 0.86600000 -0.00000000
vn -0.48300000 0.83660000 -0.25870000
vn -0.36960000 0.89300000 -0.25680000
vn -0.38250000 0.92390000 -0.00000000
vn -0.36970000 0.89290000 -0.25680000
vn 0.25880000 -0.00000000 -0.96590000
vn 0.70700000 -0.00000000 -0.70720000
vn -0.00000000 1.00000000 -0.00000000
vn -0.00000000 1.00000000 -0.00000000
vn 0.70700000 -0.00000000 -0.70720000
vn 0.70700000 -0.00000000 -0.70720000
vn 0.96610000 -0.00000000 -0.25830000
vn -0.00000000 1.00000000 -0.00000000
vn 0.96610000 -0.00000000 -0.25830000
vn -0.00000000 1.00000000 -0.00000000
vn 0.25060000 0.93510000 -0.25050000
vn -0.00000000 1.00000000 -0.00000000
vn 0.25880000 0.96590000 -0.00000000
vn 0.25050000 0.93510000 -0.25060000
vn -0.00000000 1.00000000 -0.00000000
vn -0.00000000 0.96590000 -0.25880000
vn -0.00000000 1.00000000 -0.00000000
vn 0.98030000 0.03090000 -0.19510000
vn 0.98030000 0.03090000 -0.19510000
vn -0.00000000 1.00000000 -0.00000000
vn 0.82830000 0.08770000 -0.55340000
vn -0.00000000 1.00000000 -0.00000000
vn -0.00000000 1.00000000 -0.00000000
vn 0.98030000 0.03090000 -0.19510000
vn -0.00000000 1.00000000 -0.00000000
vn 1.00000000 -0.00000000 -0.00000000
vn -0.00000000 1.00000000 -0.00000000
vn -0.00000000 0.25880000 0.96590000
vn 1.00000000 -0.00000000 -0.00000000
vn -0.00000000 -0.25880000 0.96590000
vn 0.05010000 0.43880000 0.89720000
vn 1.00000000 -0.00000000 -0.00000000
vn -0.00000000 0.13050000 0.99140000
vn -0.00000000 1.00000000 -0.00000000
vn 1.00000000 -0.00000000 -0.00000000
vn -0.00000000 0.13050000 -0.99140000
vn -0.00000000 0.25880000 -0.96590000
vn 0.05010000 0.43880000 -0.89720000
vn -0.00000000 -0.25880000 -0.96590000
vn 0.55090000 0.13050000 0.82430000
vn 0.55080000 0.13050000 0.82440000
vn -0.00000000 1.00000000 -0.00000000
vn 0.82820000 0.08760000 0.55350000
vn 0.25880000 -0.00000000 0.96590000
vn 0.70700000 -0.00000000 0.70720000
vn -0.00000000 1.00000000 -0.00000000
vn 0.25880000 -0.00000000 0.96590000
vn -0.25830000 0.96360000 0.06920000
vn -0.00000000 1.00000000 -0.00000000
vn -0.18910000 0.96360000 0.18910000
vn -0.18910000 0.96360000 0.18900000
vn -0.00000000 1.00000000 -0.00000000
vn -0.00000000 0.15640000 0.98770000
vn -0.19270000 0.15350000 0.96920000
vn -0.00000000 1.00000000 -0.00000000
vn -0.00000000 1.00000000 -0.00000000
vn -0.19280000 0.15340000 0.96920000
vn -0.00000000 0.96590000 0.25890000
vn -0.00000000 0.96590000 0.25890000
vn -0.00000000 1.00000000 -0.00000000
vn -0.00000000 1.00000000 -0.00000000
vn -0.06920000 0.96360000 0.25820000
vn -0.55080000 0.13050000 0.82440000
vn -0.82830000 0.08760000 0.55340000
vn -0.00000000 1.00000000 -0.00000000
vn -0.82820000 0.08780000 0.55350000
vn -0.00000000 1.00000000 -0.00000000
vn -0.00000000 1.00000000 -0.00000000
vn -0.82820000 0.08780000 0.55350000
vn -0.00000000 1.00000000 -0.00000000
vn -0.98040000 0.03090000 0.19470000
vn -0.98040000 0.03090000 0.19480000
vn -0.98040000 0.03090000 0.19470000
vn -0.00000000 1.00000000 -0.00000000
vn -0.00000000 1.00000000 -0.00000000
vn -1.00000000 -0.00000000 -0.00000000
vn 0.19280000 0.15350000 -0.96920000
vn 0.19300000 0.15340000 -0.96910000
vn -0.00000000 1.00000000 -0.00000000
vn -0.00000000 0.15640000 -0.98770000
vn -0.00000000 1.00000000 -0.00000000
vn -0.00000000 1.00000000 -0.00000000
vn -0.19280000 0.15350000 -0.96910000
vn -0.00000000 0.15640000 -0.98770000
vn -0.00000000 0.15640000 -0.98770000
vn -0.55080000 0.13050000 -0.82440000
vn -0.00000000 1.00000000 -0.00000000
vn -0.19270000 0.15340000 -0.96920000
vn -0.19280000 0.15350000 -0.96910000
vn -0.00000000 1.00000000 -0.00000000
vn -0.18900000 0.96360000 -0.18900000
vn -0.06920000 0.96360000 -0.25820000
vn -0.18910000 0.96360000 -0.18900000
vn -0.00000000 1.00000000 -0.00000000
vn -0.00000000 1.00000000 -0.00000000
vn -0.98040000 0.03090000 -0.19480000
vn -0.00000000 1.00000000 -0.00000000
vn -0.82830000 0.08770000 -0.55340000
vn -0.82830000 0.08760000 -0.55350000
vn -0.00000000 1.00000000 -0.00000000
vn -0.13060000 0.99140000 -0.00000000
vn -0.00000000 0.96590000 -0.25890000
vn -0.12620000 0.95820000 -0.25680000
vn -0.00000000 1.00000000 -0.00000000
vn -0.00000000 0.96590000 -0.25890000
vn -0.00000000 1.00000000 -0.00000000
vn -0.00000000 1.00000000 -0.00000000
vn -1.00000000 -0.00000000 -0.00000000
vn -0.98040000 0.03090000 -0.19480000
vn -0.00000000 1.00000000 -0.00000000
vn -0.00000000 1.00000000 -0.00000000
vn -0.25830000 0.96360000 0.06920000
vn -0.25820000 0.96360000 0.06910000
vn -0.00000000 1.00000000 -0.00000000
vn -0.25890000 0.96590000 -0.00000000
vn -0.25050000 0.93510000 0.25050000
vn -0.25890000 0.96590000 -0.00000000
vn -0.00000000 1.00000000 -0.00000000
vn -0.00000000 0.96590000 0.25880000
vn -0.25060000 0.93510000 0.25050000
vn -0.25890000 0.96590000 -0.00000000
vn 0.19300000 0.15350000 0.96910000
vn -0.00000000 1.00000000 -0.00000000
vn -0.00000000 1.00000000 -0.00000000
vn -0.00000000 0.15640000 0.98770000
vn -0.00000000 1.00000000 -0.00000000
vn -0.00000000 0.96590000 0.25890000
vn -0.00000000 1.00000000 -0.00000000
vn -0.00000000 1.00000000 -0.00000000
vn -0.13060000 0.99140000 -0.00000000
vn -0.00000000 1.00000000 -0.00000000
vn -0.25880000 0.96590000 0.00240000
vn -0.25050000 0.93510000 0.25070000
vn -0.25070000 0.93510000 0.25060000
vn -0.00000000 1.00000000 -0.00000000
vn -0.00000000 -0.00000000 1.00000000
vn 0.09700000 0.99530000 -0.00000000
vn 0.68300000 -0.68290000 -0.25920000
vn 0.80420000 -0.53730000 -0.25410000
vn 0.68300000 -0.68300000 -0.25870000
vn 0.70710000 -0.70710000 -0.00000000
vn 0.70710000 -0.70710000 -0.00000000
vn 0.83150000 -0.55550000 -0.00000000
vn -0.00000000 -0.25900000 -0.96590000
vn -0.25860000 -0.06910000 -0.96350000
vn -0.25920000 -0.00000000 -0.96580000
vn -0.00000000 -0.00000000 -1.00000000
vn -0.06930000 -0.25840000 -0.96360000
vn -0.18930000 -0.18910000 -0.96350000
vn -0.96610000 0.25820000 -0.00000000
vn -0.93530000 0.25000000 -0.25060000
vn -0.93510000 0.25080000 -0.25020000
vn -1.00000000 -0.00000000 -0.00000000
vn -0.96610000 -0.00000000 -0.25810000
vn -1.00000000 -0.00000000 -0.00000000
vn -0.93490000 0.25090000 -0.25100000
vn -0.93540000 0.25000000 -0.25020000
vn -0.96580000 -0.00000000 -0.25930000
vn -0.96610000 0.25820000 -0.00000000
vn -0.96580000 -0.00000000 -0.25930000
vn -1.00000000 -0.00000000 -0.00000000
vn -0.96610000 -0.25810000 -0.00000000
vn -0.93520000 -0.25020000 -0.25080000
vn -1.00000000 -0.00000000 -0.00000000
vn -0.96600000 -0.25850000 -0.00000000
vn -0.96580000 -0.00000000 -0.25930000
vn -0.96610000 0.25820000 -0.00000000
vn -1.00000000 -0.00000000 -0.00000000
vn -0.93510000 0.25020000 0.25080000
vn -0.96580000 -0.00000000 0.25930000
vn -0.93520000 -0.25030000 0.25050000
vn -0.96600000 -0.25850000 -0.00000000
vn -0.96580000 -0.00000000 0.25930000
vn -0.93500000 -0.25060000 0.25080000
vn -1.00000000 -0.00000000 -0.00000000
vn -0.96580000 -0.00000000 0.25930000
vn -0.25050000 -0.25080000 0.93510000
vn -0.00000000 -0.00000000 1.00000000
vn -0.00000000 -0.00000000 1.00000000
vn -0.00000000 -0.25900000 0.96590000
vn -0.25870000 -0.00000000 0.96590000
vn -0.00000000 -0.00000000 -1.00000000
vn -0.00000000 -0.00000000 -1.00000000
vn -0.00000000 -0.00000000 -1.00000000
vn 0.97490000 0.22250000 -0.00000000
vn 0.78180000 0.62350000 -0.00000000
vn -0.00000000 -0.00000000 -1.00000000
vn -0.00000000 -0.00000000 -1.00000000
vn 0.94920000 -0.31460000 -0.00000000
vn 0.94920000 -0.31460000 -0.00000000
vn 0.99960000 -0.02910000 -0.00000000
vn 0.62020000 -0.78450000 -0.00000000
vn 0.62020000 -0.78450000 -0.00000000
vn -0.00000000 -0.00000000 -1.00000000
vn 0.81910000 -0.57370000 -0.00000000
vn -0.00000000 -0.00000000 -1.00000000
vn -0.88000000 -0.47490000 -0.00000000
vn -0.67880000 -0.73430000 -0.00000000
vn -0.00000000 -0.00000000 -1.00000000
vn 0.97490000 -0.22250000 -0.00000000
vn 0.97490000 0.22250000 -0.00000000
vn -0.00000000 -0.00000000 -1.00000000
vn -0.78180000 -0.62350000 -0.00000000
vn -0.00000000 -0.00000000 -1.00000000
vn -0.00000000 -0.00000000 -1.00000000
vn -0.43390000 -0.90100000 -0.00000000
vn 0.42260000 0.90630000 -0.00000000
vn 0.14490000 0.98940000 -0.00000000
vn -0.00000000 -0.00000000 -1.00000000
vn 0.42260000 0.90630000 -0.00000000
vn -0.00000000 -0.00000000 -1.00000000
vn 0.14490000 0.98940000 -0.00000000
vn -0.00000000 -0.00000000 -1.00000000
vn -0.00000000 1.00000000 -0.00000000
vn 0.14490000 0.98940000 -0.00000000
vn -0.00000000 -0.00000000 -1.00000000
vn -0.00000000 -1.00000000 -0.00000000
vn -0.00000000 -0.00000000 -1.00000000
vn -0.00000000 -0.00000000 -1.00000000
vn -0.43390000 -0.90100000 -0.00000000
vn -0.00000000 -0.00000000 -1.00000000
vn -0.00000000 -0.00000000 -1.00000000
vn 0.43390000 -0.90100000 -0.00000000
vn -0.00000000 -1.00000000 -0.00000000
vn -0.00000000 -0.00000000 -1.00000000
vn -0.00000000 -0.00000000 -1.00000000
vn 0.97490000 -0.22250000 -0.00000000
vn 0.78180000 -0.62350000 -0.00000000
vn 1.00000000 -0.00000000 -0.00000000
vn -0.00000000 1.00000000 -0.00000000
vn -0.00000000 -0.00000000 1.00000000
vn -0.00000000 1.00000000 -0.00000000
vn 1.00000000 -0.00000000 -0.00000000
vn -0.00000000 1.00000000 -0.00000000
vn 1.00000000 -0.00000000 -0.00000000
vn -0.00000000 -0.00000000 1.00000000
vn -0.00000000 1.00000000 -0.00000000
vn -0.00000000 -0.00000000 -1.00000000
vn -0.00000000 1.00000000 -0.00000000
vn 1.00000000 -0.00000000 -0.00000000
vn -0.00000000 1.00000000 -0.00000000
vn -0.00000000 -0.00000000 -1.00000000
vn 0.15640000 0.98770000 -0.00000000
vn -0.00000000 -0.00000000 -1.00000000
vn 1.00000000 -0.00000000 -0.00000000
vn 0.15640000 -0.98770000 -0.00000000
vn -0.00000000 -0.00000000 -1.00000000
vn -0.00000000 -0.00000000 -1.00000000
vn 0.70710000 -0.70710000 -0.00000000
vn -0.00000000 -0.00000000 -1.00000000
vn 0.45400000 -0.89100000 -0.00000000
vn -0.00000000 -0.00000000 -1.00000000
vn 0.89100000 -0.45400000 -0.00000000
vn -0.00000000 -0.00000000 -1.00000000
vn 0.70710000 -0.70710000 -0.00000000
vn -0.00000000 -0.00000000 1.00000000
vn 0.89100000 -0.45400000 -0.00000000
vn 0.89100000 -0.45400000 -0.00000000
vn 0.98770000 -0.15640000 -0.00000000
vn -0.00000000 -0.00000000 1.00000000
vn 0.98770000 -0.15640000 -0.00000000
vn -0.00000000 -0.00000000 -1.00000000
vn 0.89100000 -0.45400000 -0.00000000
vn -0.00000000 -0.00000000 -1.00000000
vn 0.98770000 0.15640000 -0.00000000
vn 0.98770000 -0.15640000 -0.00000000
vn -0.00000000 -0.00000000 1.00000000
vn 0.98770000 -0.15640000 -0.00000000
vn -0.00000000 -0.00000000 1.00000000
vn 0.70710000 0.70710000 -0.00000000
vn 0.89100000 0.45400000 -0.00000000
vn -0.00000000 -0.00000000 -1.00000000
vn -0.00000000 -0.00000000 -1.00000000
vn -0.00000000 -0.00000000 -1.00000000
vn 0.70710000 0.70710000 -0.00000000
vn 0.45400000 0.89100000 -0.00000000
vn -0.00000000 -0.00000000 -1.00000000
vn 0.15640000 0.98770000 -0.00000000
vn 0.45400000 0.89100000 -0.00000000
vn -0.00000000 -0.00000000 1.00000000
vn 0.45400000 0.89100000 -0.00000000
vn -0.00000000 -0.00000000 1.00000000
vn 0.15640000 -0.98770000 -0.00000000
vn -0.00000000 -0.00000000 -1.00000000
vn 0.45400000 -0.89100000 -0.00000000
vn -0.00000000 -0.00000000 -1.00000000
vn 0.11610000 -0.99320000 -0.00000000
vn -0.00000000 -0.00000000 -1.00000000
vn 0.36910000 -0.92940000 -0.00000000
vn -0.00000000 -0.00000000 -1.00000000
vn -0.00000000 1.00000000 -0.00000000
vn 1.00000000 -0.00000000 -0.00000000
vn -0.00000000 -0.00000000 -1.00000000
vn -0.00000000 1.00000000 -0.00000000
vn 0.14490000 0.98940000 -0.00000000
vn -0.00000000 -0.00000000 -1.00000000
vn -0.00000000 -0.00000000 -1.00000000
vn -0.00000000 1.00000000 -0.00000000
vn 0.14490000 0.98940000 -0.00000000
vn 0.01030000 0.99910000 -0.04110000
vn 0.42260000 0.90630000 -0.00000000
vn 0.42260000 0.90630000 -0.00000000
vn 0.15520000 0.98790000 -0.00000000
vn -0.00000000 -0.00000000 -1.00000000
vn -0.00000000 -0.00000000 -1.00000000
vn 0.45400000 0.89100000 -0.00000000
vn 0.15640000 0.98770000 -0.00000000
vn -0.00000000 -0.00000000 -1.00000000
vn -0.00000000 -0.00000000 -1.00000000
vn 0.66480000 0.74700000 -0.00000000
vn 0.42260000 0.90630000 -0.00000000
vn -0.00000000 -0.00000000 -1.00000000
vn -0.00000000 -0.00000000 -1.00000000
vn 0.66480000 0.74700000 -0.00000000
vn -0.00000000 -0.00000000 -1.00000000
vn 0.98770000 0.15640000 -0.00000000
vn 0.89100000 0.45400000 -0.00000000
vn -0.00000000 -0.00000000 -1.00000000
vn 0.98770000 0.15640000 -0.00000000
vn -0.00000000 -0.00000000 -1.00000000
vn 0.98770000 -0.15640000 -0.00000000
vn -0.00000000 -0.00000000 -1.00000000
vn 1.00000000 -0.00000000 -0.00000000
vn 0.15640000 -0.98770000 -0.00000000
vn -0.00000000 -0.00000000 1.00000000
vn 1.00000000 -0.00000000 -0.00000000
vn -0.00000000 -0.00000000 1.00000000
vn 0.45400000 -0.89100000 -0.00000000
vn 0.15640000 -0.98770000 -0.00000000
vn 0.15640000 -0.98770000 -0.00000000
vn -0.00000000 -0.00000000 1.00000000
vn 0.11600000 -0.99250000 -0.03940000
vn -0.02920000 -0.99960000 -0.00000000
vn -0.00000000 -0.00000000 1.00000000
vn 1.00000000 -0.00000000 -0.00000000
vn -0.00000000 -0.00000000 1.00000000
vn 0.36910000 -0.92940000 -0.00000000
vn -0.00000000 -0.00000000 1.00000000
vn 0.08700000 -0.99620000 -0.00000000
vn 0.11600000 -0.99250000 -0.03940000
vn -0.00000000 -0.00000000 1.00000000
vn 0.45400000 -0.89100000 -0.00000000
vn 0.70710000 -0.70710000 -0.00000000
vn 0.45400000 -0.89100000 -0.00000000
vn -0.00000000 -0.00000000 1.00000000
vn 0.89100000 -0.45400000 -0.00000000
vn -0.00000000 -0.00000000 1.00000000
vn 0.70710000 -0.70710000 -0.00000000
vn -0.00000000 -0.00000000 1.00000000
vn 0.70710000 -0.70710000 -0.00000000
vn -0.00000000 -0.00000000 1.00000000
vn -0.00000000 -0.00000000 1.00000000
vn -0.00000000 1.00000000 -0.00000000
vn 0.14490000 0.98940000 -0.00000000
vn 0.14490000 0.98940000 -0.00000000
vn -0.00000000 -0.00000000 1.00000000
vn 0.42260000 0.90630000 -0.00000000
vn -0.00000000 -0.00000000 1.00000000
vn -0.00000000 -0.00000000 1.00000000
vn 0.15640000 0.98770000 -0.00000000
vn 0.15640000 0.98770000 -0.00000000
vn -0.00000000 -0.00000000 1.00000000
vn -0.00000000 1.00000000 -0.00000000
vn 0.42260000 0.90630000 -0.00000000
vn -0.00000000 -0.00000000 1.00000000
vn -0.00000000 -0.00000000 1.00000000
vn 0.66480000 0.74700000 -0.00000000
vn 0.70710000 0.70710000 -0.00000000
vn 0.45400000 0.89100000 -0.00000000
vn -0.00000000 -0.00000000 1.00000000
vn 0.70710000 0.70710000 -0.00000000
vn -0.00000000 -0.00000000 1.00000000
vn 0.70710000 0.70710000 -0.00000000
vn -0.00000000 -0.00000000 1.00000000
vn 0.89100000 0.45400000 -0.00000000
vn 0.89100000 0.45400000 -0.00000000
vn -0.00000000 -0.00000000 1.00000000
vn 0.98770000 0.15640000 -0.00000000
vn 0.98770000 0.15640000 -0.00000000
vn -0.00000000 -0.00000000 1.00000000
vn 0.89100000 0.45400000 -0.00000000
vn -0.00000000 -0.00000000 1.00000000
vn -0.00000000 -0.00000000 1.00000000
vn 0.99960000 -0.02910000 -0.00000000
vn 0.96590000 0.25870000 -0.00000000
vn -0.00000000 -0.00000000 1.00000000
vn -0.97490000 0.22250000 -0.00000000
vn -0.00000000 -0.00000000 1.00000000
vn -0.97490000 -0.22250000 -0.00000000
vn -0.00000000 -0.00000000 1.00000000
vn -0.00000000 -0.00000000 1.00000000
vn 0.96590000 0.25870000 -0.00000000
vn -0.00000000 -0.00000000 1.00000000
vn 0.99960000 -0.02910000 -0.00000000
vn 0.36910000 -0.92940000 -0.00000000
vn 0.62020000 -0.78450000 -0.00000000
vn -0.00000000 -0.00000000 1.00000000
vn -0.00000000 -0.00000000 1.00000000
vn -0.00000000 -0.00000000 1.00000000
vn 0.94920000 -0.31460000 -0.00000000
vn 0.99960000 -0.02910000 -0.00000000
vn -0.00000000 -0.00000000 1.00000000
vn -0.98640000 -0.16420000 -0.00000000
vn 1.00000000 -0.00000000 -0.00000000
vn 1.00000000 -0.00000000 -0.00000000
vn -0.00000000 -0.00000000 1.00000000
vn 0.97490000 -0.22250000 -0.00000000
vn -0.00000000 -0.00000000 1.00000000
vn -0.00000000 -0.00000000 1.00000000
vn 0.97490000 0.22250000 -0.00000000
vn -0.00000000 -0.00000000 1.00000000
vn -0.88000000 -0.47490000 -0.00000000
vn -0.98640000 -0.16420000 -0.00000000
vn -0.00000000 -0.00000000 1.00000000
vn -0.00000000 -0.00000000 1.00000000
vn 0.43390000 0.90100000 -0.00000000
vn -0.00000000 1.00000000 -0.00000000
vn -0.00000000 -0.00000000 1.00000000
vn -0.00000000 -0.00000000 1.00000000
vn -0.00000000 -0.00000000 1.00000000
vn -0.00000000 -0.00000000 1.00000000
vn -0.20240000 -0.97930000 -0.00000000
vn -0.47470000 -0.88020000 -0.00000000
vn 0.78180000 -0.62350000 -0.00000000
vn 0.97490000 -0.22250000 -0.00000000
vn -0.00000000 -0.00000000 1.00000000
vn -0.00000000 1.00000000 -0.00000000
vn -0.00000000 -0.00000000 1.00000000
vn -0.00000000 -0.00000000 1.00000000
vn 1.00000000 -0.00000000 -0.00000000
vn 1.00000000 -0.00000000 -0.00000000
vn -0.00000000 1.00000000 -0.00000000
vn 0.01030000 0.99990000 -0.00000000
vn -0.00000000 -0.00000000 1.00000000
vn 0.14490000 0.98930000 0.01950000
vn -0.00000000 1.00000000 -0.00000000
vn -0.00000000 -0.00000000 1.00000000
vn -0.00000000 -0.00000000 1.00000000
vn -0.43390000 -0.90100000 -0.00000000
vn -0.00000000 -1.00000000 -0.00000000
vn -0.00000000 -0.00000000 1.00000000
vn 0.66480000 0.74700000 -0.00000000
vn -0.00000000 -0.00000000 1.00000000
vn 0.42260000 0.90630000 -0.00000000
vn -0.00000000 -0.00000000 1.00000000
vn -0.78180000 -0.62350000 -0.00000000
vn -0.43390000 -0.90100000 -0.00000000
vn -0.00000000 -0.00000000 1.00000000
vn -0.00000000 -0.00000000 1.00000000
vn 0.66480000 0.74700000 -0.00000000
vn 0.85110000 0.52500000 -0.00000000
vn -0.00000000 -0.00000000 1.00000000
vn -0.00000000 -0.00000000 1.00000000
vn -0.00000000 -0.00000000 1.00000000
vn -0.00000000 -0.00000000 1.00000000
vn -0.97490000 -0.22250000 -0.00000000
vn -0.78180000 -0.62350000 -0.00000000
vn -0.00000000 -1.00000000 -0.00000000
vn -0.00000000 -0.96590000 -0.25890000
vn 1.00000000 -0.00000000 -0.00000000
vn 1.00000000 -0.00000000 -0.00000000
vn -0.00000000 -0.70700000 -0.70720000
vn 1.00000000 -0.00000000 -0.00000000
vn 1.00000000 -0.00000000 -0.00000000
vn -0.00000000 -0.96590000 -0.25890000
vn 1.00000000 -0.00000000 -0.00000000
vn -0.00000000 -0.96590000 -0.25890000
vn -0.00000000 -0.70700000 -0.70720000
vn 1.00000000 -0.00000000 -0.00000000
vn -0.00000000 -0.96590000 -0.25890000
vn -0.00000000 -0.70700000 -0.70720000
vn -0.00000000 -0.25860000 -0.96600000
vn 1.00000000 -0.00000000 -0.00000000
vn 1.00000000 -0.00000000 -0.00000000
vn -0.00000000 -0.25870000 -0.96600000
vn -0.00000000 -0.25860000 -0.96600000
vn -0.00000000 0.25870000 -0.96600000
vn 1.00000000 -0.00000000 -0.00000000
vn -0.00000000 0.25860000 -0.96600000
vn -0.00000000 0.25870000 -0.96600000
vn -0.00000000 0.70710000 -0.70710000
vn 1.00000000 -0.00000000 -0.00000000
vn -0.00000000 0.25860000 -0.96600000
vn 1.00000000 -0.00000000 -0.00000000
vn 1.00000000 -0.00000000 -0.00000000
vn 1.00000000 -0.00000000 -0.00000000
vn -0.00000000 -0.96590000 0.25890000
vn -0.00000000 -0.96590000 0.25890000
vn -0.00000000 -1.00000000 -0.00000000
vn -0.00000000 1.00000000 -0.00000000
vn 1.00000000 -0.00000000 -0.00000000
vn -0.00000000 0.96600000 0.25870000
vn 1.00000000 -0.00000000 -0.00000000
vn 1.00000000 -0.00000000 -0.00000000
vn -0.00000000 0.70710000 0.70710000
vn 1.00000000 -0.00000000 -0.00000000
vn -0.00000000 0.96600000 0.25870000
vn -0.00000000 0.96600000 0.25870000
vn -0.00000000 0.96600000 0.25870000
vn 1.00000000 -0.00000000 -0.00000000
vn -0.00000000 0.70710000 0.70710000
vn 1.00000000 -0.00000000 -0.00000000
vn -0.00000000 0.25890000 0.96590000
vn 1.00000000 -0.00000000 -0.00000000
vn 1.00000000 -0.00000000 -0.00000000
vn -0.00000000 0.70710000 0.70710000
vn -0.00000000 0.70710000 0.70710000
vn -0.00000000 0.70710000 0.70710000
vn 1.00000000 -0.00000000 -0.00000000
vn -0.00000000 0.25890000 0.96590000
vn 1.00000000 -0.00000000 -0.00000000
vn -0.00000000 -0.25890000 0.96590000
vn -0.00000000 0.25890000 0.96590000
vn -0.00000000 0.25890000 0.96590000
vn -0.00000000 0.25890000 0.96590000
vn 1.00000000 -0.00000000 -0.00000000
vn -0.00000000 -0.25890000 0.96590000
vn 1.00000000 -0.00000000 -0.00000000
vn -0.00000000 -0.70700000 0.70720000
vn -0.00000000 -0.25890000 0.96590000
vn -0.00000000 -0.25890000 0.96590000
vn 1.00000000 -0.00000000 -0.00000000
vn -0.00000000 -0.96590000 0.25890000
vn -0.00000000 -0.70700000 0.70720000
vn 1.00000000 -0.00000000 -0.00000000
vn -0.00000000 -0.70700000 0.70720000
vn 1.00000000 -0.00000000 -0.00000000
vn -0.00000000 -0.96590000 0.25890000
vn -0.00000000 -0.70700000 0.70720000
vn 1.00000000 -0.00000000 -0.00000000
vn -0.00000000 0.96600000 0.25870000
vn 1.00000000 -0.00000000 -0.00000000
vn -0.00000000 1.00000000 -0.00000000
vn -0.00000000 1.00000000 -0.00000000
vn 1.00000000 -0.00000000 -0.00000000
vn -0.00000000 1.00000000 -0.00000000
vn 1.00000000 -0.00000000 -0.00000000
vn -0.00000000 0.96600000 -0.25870000
vn -0.00000000 0.96600000 -0.25870000
vn 1.00000000 -0.00000000 -0.00000000
vn -0.00000000 1.00000000 -0.00000000
vn -0.00000000 0.96600000 -0.25870000
vn 1.00000000 -0.00000000 -0.00000000
vn 1.00000000 -0.00000000 -0.00000000
vn -0.00000000 -0.70700000 0.70720000
vn -0.00000000 -0.25890000 0.96590000
vn 1.00000000 -0.00000000 -0.00000000
vn 1.00000000 -0.00000000 -0.00000000
vn -0.00000000 0.96600000 -0.25870000
vn 1.00000000 -0.00000000 -0.00000000
vn -0.00000000 0.70710000 -0.70710000
vn 1.00000000 -0.00000000 -0.00000000
vn -0.00000000 -1.00000000 -0.00000000
vn 1.00000000 -0.00000000 -0.00000000
vn -0.00000000 -0.96590000 0.25890000
vn -0.00000000 0.25870000 -0.96600000
vn 1.00000000 -0.00000000 -0.00000000
vn -0.00000000 0.70710000 -0.70710000
vn 1.00000000 -0.00000000 -0.00000000
vn -0.97490000 -0.22250000 -0.00000000
vn -0.00000000 -0.00000000 -1.00000000
vn -0.97490000 -0.22250000 -0.00000000
vn -0.00000000 -0.00000000 -1.00000000
vn -0.97490000 0.22250000 -0.00000000
vn -0.78180000 0.62350000 -0.00000000
vn -0.97490000 0.22250000 -0.00000000
vn -0.00000000 -0.00000000 -1.00000000
vn -0.00000000 -0.00000000 -1.00000000
vn -0.97490000 0.22250000 -0.00000000
vn -0.00000000 -0.00000000 -1.00000000
vn -0.00000000 -0.00000000 -1.00000000
vn 0.94920000 -0.31460000 -0.00000000
vn 0.94920000 -0.31460000 -0.00000000
vn 0.99960000 -0.02910000 -0.00000000
vn -0.00000000 -0.00000000 -1.00000000
vn -0.00000000 -0.00000000 -1.00000000
vn -0.00000000 1.00000000 -0.00000000
vn 0.43390000 0.90100000 -0.00000000
vn -0.00000000 1.00000000 -0.00000000
vn -0.00000000 -0.00000000 -1.00000000
vn -0.70720000 -0.70700000 -0.00000000
vn -0.70720000 -0.70700000 -0.00000000
vn -0.47470000 -0.88020000 -0.00000000
vn -0.00000000 -0.00000000 -1.00000000
vn 0.43390000 0.90100000 -0.00000000
vn -0.00000000 -0.00000000 -1.00000000
vn 0.78180000 0.62350000 -0.00000000
vn 0.43390000 0.90100000 -0.00000000
vn -0.00000000 -0.00000000 -1.00000000
vn -0.00000000 -0.00000000 -1.00000000
vn -0.78180000 0.62350000 -0.00000000
vn -0.43390000 0.90100000 -0.00000000
vn -0.78180000 0.62350000 -0.00000000
vn -0.00000000 -0.00000000 -1.00000000
vn 0.62020000 -0.78450000 -0.00000000
vn -0.00000000 -0.00000000 -1.00000000
vn 0.62020000 -0.78450000 -0.00000000
vn 0.81910000 -0.57370000 -0.00000000
vn -0.43390000 0.90100000 -0.00000000
vn -0.00000000 -0.00000000 -1.00000000
vn -0.00000000 -0.00000000 -1.00000000
vn -0.43390000 0.90100000 -0.00000000
vn -0.00000000 1.00000000 -0.00000000
vn 0.36910000 -0.92940000 -0.00000000
vn -0.00000000 -0.00000000 -1.00000000
vn 0.08700000 -0.99620000 -0.00000000
vn -0.00000000 -0.00000000 -1.00000000
vn 0.08700000 -0.99620000 -0.00000000
vn -0.00000000 -0.00000000 -1.00000000
vn -0.00000000 -0.00000000 -1.00000000
vn 0.85110000 0.52500000 -0.00000000
vn 0.85110000 0.52500000 -0.00000000
vn 0.66480000 0.74700000 -0.00000000
vn -0.00000000 -0.00000000 -1.00000000
vn -0.00000000 1.00000000 -0.00000000
vn -0.00000000 1.00000000 -0.00000000
vn 1.00000000 -0.00000000 -0.00000000
vn -0.00000000 -0.00000000 -1.00000000
vn -0.00000000 -0.00000000 -1.00000000
vn 1.00000000 -0.00000000 -0.00000000
vn -0.00000000 -0.00000000 -1.00000000
vn -0.00000000 1.00000000 -0.00000000
vn 0.09700000 0.99530000 -0.00000000
vn 0.09700000 0.99530000 -0.00000000
vn 0.42260000 0.90630000 -0.00000000
vn -0.00000000 -0.00000000 -1.00000000
vn 0.15520000 0.98790000 -0.00000000
vn -0.00000000 -0.00000000 -1.00000000
vn 0.42260000 0.90630000 -0.00000000
vn -0.00000000 -0.00000000 -1.00000000
vn -0.00000000 -0.00000000 -1.00000000
vn 0.66480000 0.74700000 -0.00000000
vn 0.66480000 0.74700000 -0.00000000
vn 0.42260000 0.90630000 -0.00000000
vn -0.88000000 -0.47490000 -0.00000000
vn -0.67880000 -0.73430000 -0.00000000
vn -0.00000000 -0.00000000 -1.00000000
vn -0.88000000 -0.47490000 -0.00000000
vn -0.00000000 -0.00000000 -1.00000000
vn -0.00000000 -0.00000000 -1.00000000
vn -0.98640000 -0.16420000 -0.00000000
vn 1.00000000 -0.00000000 -0.00000000
vn 1.00000000 -0.00000000 -0.00000000
vn 0.43390000 -0.90100000 -0.00000000
vn 0.43390000 -0.90100000 -0.00000000
vn -0.00000000 -0.00000000 -1.00000000
vn -0.00000000 -0.00000000 -1.00000000
vn -0.00000000 -1.00000000 -0.00000000
vn -0.97490000 0.22250000 -0.00000000
vn -0.97490000 -0.22250000 -0.00000000
vn -0.00000000 -0.00000000 1.00000000
vn -0.97490000 0.22250000 -0.00000000
vn -0.00000000 -0.00000000 1.00000000
vn -0.00000000 1.00000000 -0.00000000
vn -0.00000000 -0.00000000 1.00000000
vn -0.00000000 1.00000000 -0.00000000
vn -0.43390000 0.90100000 -0.00000000
vn -0.00000000 -0.00000000 1.00000000
vn -0.43390000 0.90100000 -0.00000000
vn -0.00000000 -0.00000000 1.00000000
vn -0.78180000 0.62350000 -0.00000000
vn -0.00000000 -0.00000000 1.00000000
vn -0.43390000 0.90100000 -0.00000000
vn 0.62020000 -0.78450000 -0.00000000
vn -0.00000000 -0.00000000 1.00000000
vn 0.81910000 -0.57370000 -0.00000000
vn -0.00000000 -0.00000000 1.00000000
vn -0.00000000 1.00000000 -0.00000000
vn -0.00000000 -0.00000000 1.00000000
vn 0.43390000 0.90100000 -0.00000000
vn -0.00000000 -0.00000000 1.00000000
vn 0.43390000 0.90100000 -0.00000000
vn -0.88000000 -0.47490000 -0.00000000
vn -0.88000000 -0.47490000 -0.00000000
vn -0.00000000 -0.00000000 1.00000000
vn -0.00000000 -0.00000000 1.00000000
vn -0.98640000 -0.16420000 -0.00000000
vn -0.67880000 -0.73430000 -0.00000000
vn -0.88000000 -0.47490000 -0.00000000
vn -0.00000000 -0.00000000 1.00000000
vn -0.00000000 -0.00000000 1.00000000
vn -0.67880000 -0.73430000 -0.00000000
vn -0.00000000 -0.00000000 1.00000000
vn -0.70720000 -0.70700000 -0.00000000
vn -0.67880000 -0.73430000 -0.00000000
vn -0.00000000 -0.00000000 1.00000000
vn -0.70720000 -0.70700000 -0.00000000
vn -0.47470000 -0.88020000 -0.00000000
vn -0.00000000 -0.00000000 1.00000000
vn -0.00000000 -0.00000000 1.00000000
vn -0.00000000 -0.00000000 1.00000000
vn -0.20240000 -0.97930000 -0.00000000
vn -0.00000000 -0.00000000 1.00000000
vn -0.47470000 -0.88020000 -0.00000000
vn -0.00000000 -0.00000000 1.00000000
vn -0.02920000 -0.99960000 -0.00000000
vn -0.20240000 -0.97930000 -0.00000000
vn 0.08700000 -0.99620000 0.00600000
vn -0.00000000 -0.00000000 1.00000000
vn -0.00000000 -0.00000000 1.00000000
vn -0.00000000 -0.00000000 1.00000000
vn 0.11610000 -0.99320000 -0.00000000
vn 0.08700000 -0.99620000 0.00600000
vn 0.36910000 -0.92940000 -0.00000000
vn 0.62020000 -0.78450000 -0.00000000
vn 0.36910000 -0.92940000 -0.00000000
vn -0.00000000 -0.00000000 1.00000000
vn -0.00000000 -0.00000000 1.00000000
vn 0.97490000 0.22250000 -0.00000000
vn -0.00000000 -0.00000000 1.00000000
vn 0.97490000 -0.22250000 -0.00000000
vn -0.00000000 -0.00000000 1.00000000
vn 0.97490000 -0.22250000 -0.00000000
vn 0.78180000 -0.62350000 -0.00000000
vn 0.78180000 -0.62350000 -0.00000000
vn -0.00000000 -0.00000000 1.00000000
vn 0.97490000 -0.22250000 -0.00000000
vn -0.00000000 1.00000000 -0.00000000
vn -0.00000000 -0.00000000 1.00000000
vn 1.00000000 -0.00000000 -0.00000000
vn 1.00000000 -0.00000000 -0.00000000
vn -0.00000000 1.00000000 -0.00000000
vn -0.00000000 -0.00000000 1.00000000
vn 0.15520000 0.98790000 -0.00000000
vn 0.09700000 0.99530000 -0.00000000
vn -0.00000000 -0.00000000 1.00000000
vn -0.00000000 -0.00000000 1.00000000
vn 0.09700000 0.99530000 -0.00000000
vn 0.96590000 0.25870000 -0.00000000
vn 0.99960000 -0.02910000 -0.00000000
vn -0.00000000 -0.00000000 1.00000000
vn -0.00000000 -0.00000000 1.00000000
vn -0.00000000 -0.00000000 1.00000000
vn -0.00000000 -0.00000000 1.00000000
vn 0.96590000 0.25870000 -0.00000000
vn 0.85110000 0.52500000 -0.00000000
vn -0.00000000 -0.00000000 1.00000000
vn -0.00000000 -0.00000000 1.00000000
vn -0.97490000 -0.22250000 -0.00000000
vn -0.78180000 -0.62350000 -0.00000000
vn -0.97490000 -0.22250000 -0.00000000
vn -0.00000000 -0.00000000 1.00000000
vn -0.00000000 -0.00000000 1.00000000
vn 0.15520000 0.98790000 -0.00000000
vn 0.42260000 0.90630000 -0.00000000
vn 0.96590000 0.25890000 -0.00000000
vn -0.01270000 0.25660000 0.96640000
vn 0.04490000 0.43310000 0.90020000
vn 0.92610000 0.37720000 -0.00280000
vn 0.79410000 0.60770000 -0.00000000
vn 0.99200000 0.12630000 -0.00000000
vn 0.96590000 0.25890000 -0.00000000
vn 1.00000000 -0.00000000 -0.00000000
vn 0.96590000 -0.00000000 -0.25880000
vn 0.92610000 0.37720000 -0.00280000
vn 0.93510000 0.25060000 -0.25050000
vn 0.92610000 0.37720000 -0.00280000
vn -0.00000000 0.58650000 0.81000000
vn -0.00000000 0.25880000 0.96590000
vn 0.99200000 0.12630000 -0.00000000
vn 0.04490000 0.43310000 0.90020000
vn 0.05010000 0.43880000 0.89720000
vn -0.00000000 0.25880000 0.96590000
vn 0.99200000 0.12630000 -0.00000000
vn -0.00000000 0.77600000 0.63070000
vn 1.00000000 -0.00000000 -0.00000000
vn -0.00000000 0.58650000 0.81000000
vn 1.00000000 -0.00000000 -0.00000000
vn 0.00150000 0.70780000 0.70640000
vn 1.00000000 -0.00000000 -0.00000000
vn 0.68460000 0.68460000 -0.25050000
vn 0.25880000 0.96590000 -0.00000000
vn 0.70710000 0.70710000 -0.00000000
vn 0.25060000 0.93510000 -0.25050000
vn 0.38270000 0.92390000 -0.00000000
vn 0.13060000 0.99140000 -0.00290000
vn 0.04820000 0.17160000 0.98400000
vn 0.38270000 0.92390000 -0.00000000
vn 0.13060000 0.99140000 -0.00290000
vn 0.01870000 0.15340000 0.98800000
vn 0.38270000 0.92390000 -0.00000000
vn 0.70710000 0.70710000 -0.00000000
vn 0.02370000 0.17320000 0.98460000
vn 0.04820000 0.17160000 0.98400000
vn 0.61010000 0.79230000 -0.00290000
vn 0.02370000 0.17320000 0.98460000
vn 0.79410000 0.60770000 -0.00000000
vn -0.01270000 0.25660000 0.96640000
vn 0.61010000 0.79230000 -0.00290000
vn -0.99130000 0.00290000 0.13130000
vn -0.70710000 -0.00000000 0.70710000
vn -0.92390000 -0.00000000 0.38270000
vn -0.00000000 1.00000000 -0.00000000
vn -0.96580000 -0.00000000 0.25920000
vn -0.00000000 1.00000000 -0.00000000
vn -0.00000000 1.00000000 -0.00000000
vn 0.25880000 -0.00000000 0.96590000
vn -0.25880000 -0.00000000 0.96590000
vn -0.00000000 1.00000000 -0.00000000
vn -0.25880000 -0.00000000 0.96590000
vn -0.25880000 -0.00000000 0.96590000
vn -0.00000000 0.25880000 0.96590000
vn -0.00000000 1.00000000 -0.00000000
vn 0.25880000 -0.00000000 0.96590000
vn -0.00000000 1.00000000 -0.00000000
vn 0.96610000 -0.00000000 0.25830000
vn 0.70700000 -0.00000000 0.70720000
vn 0.96610000 -0.00000000 0.25830000
vn 0.70700000 -0.00000000 0.70720000
vn 0.70700000 -0.00000000 0.70720000
vn -0.00000000 1.00000000 -0.00000000
vn 0.96610000 -0.00000000 0.25830000
vn -0.00000000 1.00000000 -0.00000000
vn -0.00000000 1.00000000 -0.00000000
vn 0.96610000 -0.00000000 -0.25830000
vn 0.96610000 -0.00000000 0.25830000
vn -0.00000000 1.00000000 -0.00000000
vn 0.96610000 -0.00000000 -0.25830000
vn 0.96610000 -0.00000000 0.25830000
vn -0.00000000 1.00000000 -0.00000000
vn 0.70700000 -0.00000000 -0.70720000
vn -0.00000000 1.00000000 -0.00000000
vn 0.96610000 -0.00000000 -0.25830000
vn -0.00000000 1.00000000 -0.00000000
vn -0.00000000 1.00000000 -0.00000000
vn 0.25880000 -0.00000000 -0.96590000
vn -0.25880000 -0.00000000 -0.96590000
vn 0.25880000 -0.00000000 -0.96590000
vn -0.00000000 0.25880000 -0.96590000
vn -0.25880000 -0.00000000 -0.96590000
vn -0.00000000 1.00000000 -0.00000000
vn 0.25880000 -0.00000000 -0.96590000
vn -0.00000000 1.00000000 -0.00000000
vn -0.00000000 1.00000000 -0.00000000
vn -0.25880000 -0.00000000 -0.96590000
vn -0.70710000 -0.00000000 -0.70710000
vn -0.25880000 -0.00000000 -0.96590000
vn -0.70710000 -0.00000000 -0.70710000
vn -0.25880000 -0.00000000 -0.96590000
vn -0.00000000 0.70710000 -0.70710000
vn -0.00000000 0.25880000 -0.96590000
vn -0.92390000 -0.00000000 -0.38270000
vn -0.00000000 0.92390000 -0.38270000
vn -0.70710000 -0.00000000 -0.70710000
vn -0.70710000 -0.00000000 -0.70710000
vn -0.00000000 0.70710000 -0.70710000
vn -0.92390000 -0.00000000 -0.38270000
vn -0.96580000 0.00150000 -0.25920000
vn -0.00000000 1.00000000 -0.00000000
vn -0.00000000 1.00000000 -0.00000000
vn -0.70710000 -0.00000000 -0.70710000
vn -0.99130000 0.00290000 0.13130000
vn -0.00160000 0.96590000 0.25880000
vn -0.00000000 0.92390000 0.38270000
vn -0.00000000 0.99140000 0.13060000
vn -0.92400000 -0.00000000 0.38240000
vn -0.70710000 -0.00000000 -0.70710000
vn -0.92400000 -0.00000000 -0.38240000
vn -0.96590000 0.00150000 -0.25880000
vn -0.00000000 1.00000000 -0.00000000
vn 0.25880000 -0.00000000 -0.96590000
vn -0.00000000 0.25880000 -0.96590000
vn -0.00000000 0.25880000 -0.96590000
vn 0.70720000 -0.00000000 -0.70710000
vn -0.00000000 0.70710000 -0.70710000
vn -0.00000000 1.00000000 -0.00000000
vn -0.00000000 1.00000000 -0.00000000
vn 0.25880000 -0.00000000 -0.96590000
vn 0.70720000 -0.00000000 -0.70710000
vn 0.25880000 -0.00000000 -0.96590000
vn 0.70720000 -0.00000000 -0.70710000
vn 0.92390000 -0.00000000 -0.38270000
vn -0.00000000 1.00000000 -0.00000000
vn 0.99140000 0.00290000 -0.13070000
vn 0.96590000 -0.00000000 -0.25900000
vn 0.70720000 -0.00000000 -0.70710000
vn 0.92390000 -0.00000000 -0.38270000
vn -0.00000000 0.92390000 -0.38270000
vn 0.70720000 -0.00000000 -0.70710000
vn -0.00000000 0.70710000 -0.70710000
vn -0.00000000 0.70710000 -0.70710000
vn 0.00150000 0.70780000 0.70640000
vn -0.00000000 0.77600000 0.63070000
vn -0.70710000 -0.00000000 0.70710000
vn -0.00000000 0.92390000 0.38270000
vn -0.92400000 -0.00000000 0.38240000
vn -0.92400000 -0.00000000 0.38240000
vn -0.99130000 0.00290000 0.13130000
vn -0.00000000 1.00000000 -0.00000000
vn -0.96590000 -0.00000000 0.25880000
vn -0.70710000 -0.00000000 0.70710000
vn -0.70710000 -0.00000000 0.70710000
vn -0.00000000 0.25880000 0.96590000
vn -0.70710000 -0.00000000 0.70710000
vn -0.25890000 -0.00000000 0.96590000
vn -0.00000000 0.58650000 0.81000000
vn 0.00150000 0.70780000 0.70640000
vn -0.00000000 0.25880000 0.96590000
vn -0.25890000 -0.00000000 0.96590000
vn -0.00000000 1.00000000 -0.00000000
vn -0.00000000 1.00000000 -0.00000000
vn -0.70710000 -0.00000000 0.70710000
vn -0.00000000 1.00000000 -0.00000000
vn -0.25890000 -0.00000000 0.96590000
vn 0.25880000 -0.00000000 0.96590000
vn 0.70720000 -0.00000000 0.70710000
vn -0.00000000 0.25880000 0.96590000
vn 0.25880000 -0.00000000 0.96590000
vn 0.25880000 -0.00000000 0.96590000
vn -0.00000000 0.70710000 0.70710000
vn -0.00000000 0.70710000 0.70710000
vn 0.92390000 -0.00000000 0.38270000
vn 0.96590000 0.00150000 0.25900000
vn 0.70720000 -0.00000000 0.70710000
vn -0.00000000 1.00000000 -0.00000000
vn -0.00000000 1.00000000 -0.00000000
vn -0.00000000 0.92390000 -0.38270000
vn 0.92390000 -0.00000000 -0.38270000
vn -0.00000000 0.99140000 -0.13060000
vn 0.99140000 0.00290000 -0.13070000
vn 0.25880000 -0.00000000 -0.96590000
vn -0.25890000 -0.00000000 -0.96590000
vn -0.00000000 0.25880000 -0.96590000
vn -0.00000000 1.00000000 -0.00000000
vn -0.00000000 1.00000000 -0.00000000
vn -0.00000000 0.92390000 -0.38270000
vn -0.99140000 -0.00000000 -0.13090000
vn -0.00000000 0.92390000 -0.38270000
vn -0.96580000 0.00150000 -0.25920000
vn -0.92390000 -0.00000000 -0.38270000
vn -0.00000000 0.99140000 -0.13060000
vn -0.99130000 0.00290000 0.13130000
vn -0.00000000 0.99140000 -0.13060000
vn -0.99140000 -0.00000000 -0.13090000
vn -0.96580000 -0.00000000 0.25920000
vn -0.00000000 0.99140000 -0.13060000
vn -0.00000000 0.99140000 0.13060000
vn 0.99150000 -0.00000000 0.13030000
vn 0.99140000 0.00290000 -0.13070000
vn 0.96590000 -0.00000000 -0.25900000
vn -0.00000000 0.99140000 0.13060000
vn -0.00000000 0.99140000 -0.13060000
vn -0.00000000 0.99140000 0.13060000
vn -0.99130000 0.00290000 0.13130000
vn -0.00000000 0.92390000 0.38270000
vn -0.00000000 0.99140000 0.13060000
vn -0.92390000 -0.00000000 0.38270000
vn 0.92390000 -0.00000000 0.38270000
vn 0.99150000 -0.00000000 0.13030000
vn -0.00000000 0.92390000 0.38270000
vn -0.00000000 0.92390000 0.38270000
vn 0.96590000 0.00150000 0.25900000
vn -0.00000000 0.99140000 0.13060000
vn 0.70720000 -0.00000000 0.70710000
vn 0.92390000 -0.00000000 0.38270000
vn -0.00000000 0.70710000 0.70710000
vn 0.70720000 -0.00000000 0.70710000
vn -0.00000000 0.92390000 0.38270000
vn -0.00000000 0.70710000 0.70710000
vn -0.70710000 -0.00000000 0.70710000
vn -0.92390000 -0.00000000 0.38270000
vn -0.00000000 0.92390000 0.38270000
vn -0.70710000 -0.00000000 0.70710000
vn -0.00000000 0.70710000 0.70710000
vn -0.25880000 -0.00000000 0.96590000
vn -0.00000000 0.25880000 0.96590000
vn -0.70710000 -0.00000000 0.70710000
vn -0.00000000 0.25880000 0.96590000
vn -0.00000000 1.00000000 -0.00000000
vn 0.25880000 -0.00000000 0.96590000
vn -0.25890000 -0.00000000 0.96590000
vn -0.00000000 1.00000000 -0.00000000
vn -0.00000000 0.25880000 0.96590000
vn -0.25890000 -0.00000000 0.96590000
vn 0.92570000 0.37830000 -0.00000000
vn 0.04490000 0.43310000 -0.90020000
vn 0.79410000 0.60770000 -0.00000000
vn -0.01270000 0.25650000 -0.96640000
vn 0.02370000 0.17320000 -0.98460000
vn 0.38280000 0.92380000 -0.00000000
vn 0.04820000 0.17160000 -0.98400000
vn 0.60990000 0.79250000 -0.00000000
vn -0.00000000 0.13050000 -0.99140000
vn -0.01270000 0.25650000 -0.96640000
vn 0.01870000 0.15330000 -0.98800000
vn 0.04820000 0.17160000 -0.98400000
vn 0.02370000 0.17320000 -0.98460000
vn 0.05010000 0.43880000 -0.89720000
vn 0.04490000 0.43310000 -0.90020000
vn 0.00380000 0.58680000 -0.80970000
vn 1.00000000 -0.00000000 -0.00000000
vn 0.99200000 0.12630000 -0.00000000
vn -0.00000000 0.77600000 -0.63070000
vn -0.00000000 0.92390000 -0.38270000
vn 0.00380000 0.58680000 -0.80970000
vn -0.00000000 0.77600000 -0.63070000
vn -0.70710000 -0.00000000 -0.70710000
vn -0.00000000 0.70710000 -0.70710000
vn -0.92400000 -0.00000000 -0.38240000
vn -0.99140000 -0.00000000 -0.13090000
vn -0.92400000 -0.00000000 -0.38240000
vn -0.96590000 0.00150000 -0.25880000
vn -0.00310000 0.99140000 -0.13100000
vn -0.00000000 0.92390000 -0.38270000
vn 0.01870000 0.15340000 0.98800000
vn 0.02370000 0.17320000 0.98460000
vn -0.00000000 0.13050000 0.99140000
vn 0.04820000 0.17160000 0.98400000
vn -0.01270000 0.25660000 0.96640000
vn 0.04490000 0.43310000 0.90020000
vn 0.05010000 0.43880000 0.89720000
vn -0.00000000 1.00000000 -0.00000000
vn 0.01870000 0.15340000 0.98800000
vn 0.13060000 0.99140000 -0.00290000
vn -0.00000000 0.13050000 0.99140000
vn -0.00000000 1.00000000 -0.00000000
vn 0.25880000 0.96590000 -0.00000000
vn -0.00000000 0.96590000 -0.25880000
vn -0.00000000 0.92390000 -0.38270000
vn -0.00310000 0.99140000 -0.13100000
vn -0.00000000 0.77600000 -0.63070000
vn 1.00000000 -0.00000000 -0.00000000
vn 1.00000000 -0.00000000 -0.00000000
vn -0.00000000 0.99140000 0.13060000
vn -0.00000000 0.96590000 -0.25880000
vn -0.99130000 0.00290000 0.13130000
vn -0.96590000 -0.00000000 0.25880000
vn -0.99140000 -0.00000000 -0.13090000
vn -0.00310000 0.99140000 -0.13100000
vn 1.00000000 -0.00000000 -0.00000000
vn -0.00000000 0.99140000 0.13060000
vn -0.00160000 0.96590000 0.25880000
vn 1.00000000 -0.00000000 -0.00000000
vn -0.00000000 0.96590000 -0.25880000
vn 1.00000000 -0.00000000 -0.00000000
vn -0.70710000 -0.00000000 -0.70710000
vn -0.25890000 -0.00000000 -0.96590000
vn -0.00000000 0.25880000 -0.96590000
vn -0.00000000 0.70710000 -0.70710000
vn -0.00000000 0.25880000 -0.96590000
vn 0.00380000 0.58680000 -0.80970000
vn -0.00000000 0.25880000 -0.96590000
vn -0.00000000 0.70710000 -0.70710000
vn 0.05010000 0.43880000 -0.89720000
vn 0.04490000 0.43310000 -0.90020000
vn 0.96590000 0.25890000 0.00150000
vn 0.92570000 0.37830000 -0.00000000
vn 0.99200000 0.12630000 -0.00000000
vn -0.00000000 -0.25880000 -0.96590000
vn -1.00000000 -0.00000000 -0.00000000
vn -0.00000000 0.25880000 -0.96590000
vn -1.00000000 -0.00000000 -0.00000000
vn -0.00000000 1.00000000 -0.00000000
vn -0.00000000 0.25880000 -0.96590000
vn -1.00000000 -0.00000000 -0.00000000
vn -0.00000000 -0.96590000 0.25890000
vn -0.00000000 -0.70720000 0.70710000
vn -1.00000000 -0.00000000 -0.00000000
vn -0.00000000 -0.96590000 0.25890000
vn -0.00000000 -0.70720000 0.70710000
vn 1.00000000 -0.00000000 -0.00000000
vn -0.00000000 -0.96590000 0.25890000
vn 1.00000000 -0.00000000 -0.00000000
vn -0.00000000 -0.25880000 0.96590000
vn -0.00000000 0.25880000 0.96590000
vn -0.00000000 1.00000000 -0.00000000
vn -0.00000000 0.25880000 0.96590000
vn -0.00000000 0.25880000 0.96590000
vn -0.00000000 -0.25880000 0.96590000
vn -1.00000000 -0.00000000 -0.00000000
vn -0.00000000 0.45380000 0.89110000
vn 0.19260000 0.44530000 0.87440000
vn 0.19280000 0.44570000 0.87410000
vn -0.00000000 0.45430000 0.89090000
vn -0.00000000 0.70710000 0.70710000
vn -0.19290000 0.69380000 0.69380000
vn -0.00000000 0.45380000 0.89110000
vn -0.19280000 0.44530000 0.87440000
vn -0.00000000 0.45380000 0.89110000
vn 0.19290000 0.44560000 0.87420000
vn 0.19300000 0.69380000 0.69380000
vn 0.19260000 0.44530000 0.87440000
vn -0.00000000 0.70710000 0.70710000
vn -0.00000000 0.45380000 0.89110000
vn -0.00000000 0.70790000 0.70630000
vn -0.00000000 0.89100000 0.45410000
vn -0.19270000 0.87430000 0.44560000
vn -0.19280000 0.69460000 0.69310000
vn -0.19270000 0.87430000 0.44560000
vn -0.00000000 0.70790000 0.70630000
vn -0.19270000 0.96910000 0.15360000
vn -0.19270000 0.96920000 0.15360000
vn -0.00000000 0.98770000 0.15620000
vn -0.00000000 0.98770000 0.15660000
vn -0.19270000 0.96920000 0.15330000
vn -0.00000000 0.98770000 0.15620000
vn -0.19270000 0.96920000 -0.15360000
vn -0.19270000 0.96910000 -0.15360000
vn -0.00000000 0.98770000 -0.15660000
vn -0.00000000 0.98770000 -0.15620000
vn -0.00000000 0.98770000 -0.15660000
vn -0.19270000 0.87430000 -0.44560000
vn -0.00000000 0.89100000 -0.45410000
vn -0.19270000 0.96920000 -0.15360000
vn -0.00000000 0.98770000 -0.15620000
vn -0.19270000 0.87430000 -0.44560000
vn -0.00000000 0.98770000 -0.15660000
vn 0.19290000 0.69460000 -0.69310000
vn -0.00000000 0.70790000 -0.70630000
vn 0.19280000 0.87420000 -0.44560000
vn 0.19280000 0.87420000 -0.44560000
vn -0.00000000 0.89100000 -0.45410000
vn -0.19290000 0.69380000 -0.69380000
vn -0.00000000 0.70710000 -0.70710000
vn -0.19240000 0.44540000 -0.87440000
vn -0.19280000 0.44560000 -0.87420000
vn -0.00000000 0.70710000 -0.70710000
vn -0.00000000 0.45380000 -0.89110000
vn -0.00000000 0.45380000 -0.89110000
vn 0.19290000 0.44530000 -0.87430000
vn 0.19300000 0.69380000 -0.69380000
vn -0.00000000 0.70710000 -0.70710000
vn 0.19270000 0.44560000 -0.87430000
vn -0.00000000 0.45380000 -0.89110000
vn 0.19290000 0.44530000 -0.87430000
vn 0.19280000 0.44570000 -0.87410000
vn -0.00000000 0.45430000 -0.89090000
vn -0.00000000 0.15640000 -0.98770000
vn -0.00000000 0.45430000 -0.89090000
vn 0.19280000 0.44570000 -0.87410000
vn 0.19280000 0.15350000 -0.96920000
vn -0.98040000 0.13950000 -0.13940000
vn -0.98040000 0.13950000 -0.13940000
vn -1.00000000 -0.00000000 -0.00000000
vn -0.98040000 0.08950000 -0.17570000
vn -1.00000000 -0.00000000 -0.00000000
vn -1.00000000 -0.00000000 -0.00000000
vn -1.00000000 -0.00000000 -0.00000000
vn -0.98040000 0.17570000 -0.08950000
vn -0.98040000 0.17570000 -0.08950000
vn -0.98040000 0.13950000 -0.13940000
vn -1.00000000 -0.00000000 -0.00000000
vn -0.00000000 -0.70720000 0.70710000
vn -0.00000000 -0.25880000 0.96590000
vn -0.00000000 -0.70720000 0.70710000
vn -1.00000000 -0.00000000 -0.00000000
vn -1.00000000 -0.00000000 -0.00000000
vn -0.00000000 -0.96590000 -0.25890000
vn -0.00000000 -0.96590000 -0.25890000
vn -0.00000000 -0.96590000 0.25890000
vn -1.00000000 -0.00000000 -0.00000000
vn -0.98040000 0.19470000 0.03090000
vn -1.00000000 -0.00000000 -0.00000000
vn -0.98040000 0.19480000 -0.03090000
vn -0.98040000 0.19480000 0.03090000
vn -1.00000000 -0.00000000 -0.00000000
vn -0.98040000 0.19470000 0.03090000
vn -1.00000000 -0.00000000 -0.00000000
vn -0.98040000 0.17570000 0.08950000
vn -0.98040000 0.17570000 0.08950000
vn -1.00000000 -0.00000000 -0.00000000
vn -0.00000000 -0.70720000 -0.70710000
vn -1.00000000 -0.00000000 -0.00000000
vn -0.00000000 -0.70720000 -0.70710000
vn -0.00000000 -0.96590000 -0.25890000
vn -1.00000000 -0.00000000 -0.00000000
vn -0.98040000 0.08950000 0.17570000
vn -1.00000000 -0.00000000 -0.00000000
vn -0.98040000 0.13950000 0.13940000
vn -1.00000000 -0.00000000 -0.00000000
vn -0.00000000 -0.70720000 -0.70710000
vn -0.00000000 -0.25880000 -0.96590000
vn -1.00000000 -0.00000000 -0.00000000
vn -1.00000000 -0.00000000 -0.00000000
vn -0.00000000 -0.25880000 -0.96590000
vn 1.00000000 -0.00000000 -0.00000000
vn 0.98030000 0.03090000 0.19500000
vn -0.00000000 1.00000000 -0.00000000
vn 0.98030000 0.03090000 0.19500000
vn 0.98030000 0.08960000 0.17600000
vn 1.00000000 -0.00000000 -0.00000000
vn 1.00000000 -0.00000000 -0.00000000
vn 0.98030000 0.13970000 0.13960000
vn 0.98030000 0.17590000 0.08970000
vn 1.00000000 -0.00000000 -0.00000000
vn 1.00000000 -0.00000000 -0.00000000
vn 1.00000000 -0.00000000 -0.00000000
vn -0.00000000 -0.70720000 -0.70710000
vn -0.00000000 -0.25880000 -0.96590000
vn 1.00000000 -0.00000000 -0.00000000
vn 1.00000000 -0.00000000 -0.00000000
vn -0.00000000 -0.70720000 -0.70710000
vn -0.00000000 -0.96590000 -0.25890000
vn 1.00000000 -0.00000000 -0.00000000
vn 0.98030000 0.19500000 -0.03100000
vn 1.00000000 -0.00000000 -0.00000000
vn 1.00000000 -0.00000000 -0.00000000
vn 0.98030000 0.19500000 0.03100000
vn 0.98030000 0.19500000 -0.03090000
vn -0.00000000 -0.96590000 -0.25890000
vn -0.00000000 -0.96590000 0.25890000
vn 1.00000000 -0.00000000 -0.00000000
vn 1.00000000 -0.00000000 -0.00000000
vn 0.98030000 0.17600000 -0.08970000
vn 1.00000000 -0.00000000 -0.00000000
vn 0.98030000 0.19500000 -0.03100000
vn 1.00000000 -0.00000000 -0.00000000
vn 0.98030000 0.17590000 -0.08970000
vn 1.00000000 -0.00000000 -0.00000000
vn 1.00000000 -0.00000000 -0.00000000
vn 0.98030000 0.08960000 -0.17600000
vn 0.98030000 0.13970000 -0.13960000
vn 1.00000000 -0.00000000 -0.00000000
vn 1.00000000 -0.00000000 -0.00000000
vn -0.00000000 -0.70720000 0.70710000
vn -0.00000000 -0.25880000 0.96590000
vn -0.00000000 0.70790000 -0.70630000
vn 0.19300000 0.69380000 -0.69380000
vn 0.19290000 0.69460000 -0.69310000
vn -0.00000000 0.70710000 -0.70710000
vn 0.19300000 0.69380000 -0.69380000
vn 0.55100000 0.82420000 -0.13060000
vn 0.55100000 0.82420000 -0.13060000
vn 0.19280000 0.87420000 -0.44560000
vn 0.19280000 0.96910000 -0.15360000
vn 0.55090000 0.74350000 -0.37900000
vn 0.19280000 0.96910000 -0.15360000
vn 0.19280000 0.87420000 -0.44560000
vn -0.00000000 0.98770000 -0.15660000
vn -0.00000000 0.89100000 -0.45410000
vn 0.19280000 0.96910000 -0.15360000
vn 0.19290000 0.96910000 -0.15360000
vn -0.00000000 0.98770000 -0.15660000
vn 0.19280000 0.96910000 -0.15360000
vn -0.00000000 0.98770000 -0.15660000
vn -0.00000000 0.98770000 -0.15620000
vn 0.55100000 0.82420000 0.13070000
vn 0.55100000 0.82420000 0.13060000
vn 0.55100000 0.82420000 -0.13060000
vn 0.19280000 0.96910000 -0.15360000
vn 0.19290000 0.96910000 0.15360000
vn 0.19290000 0.96910000 -0.15360000
vn 0.19280000 0.96910000 0.15360000
vn -0.00000000 0.98770000 -0.15660000
vn 0.19290000 0.96910000 -0.15360000
vn 0.19290000 0.96910000 0.15360000
vn -0.00000000 0.98770000 0.15660000
vn 0.19290000 0.96910000 0.15360000
vn 0.19280000 0.96910000 0.15360000
vn -0.00000000 0.98770000 0.15620000
vn -0.00000000 0.98770000 0.15660000
vn -0.00000000 0.98770000 0.15620000
vn -0.00000000 0.89100000 0.45410000
vn 0.19280000 0.87420000 0.44560000
vn 0.19280000 0.96910000 0.15360000
vn 0.19280000 0.87420000 0.44560000
vn 0.19280000 0.87420000 0.44560000
vn 0.55070000 0.59010000 0.59030000
vn 0.55090000 0.59020000 0.59010000
vn 0.19290000 0.69460000 0.69310000
vn 0.19300000 0.69380000 0.69380000
vn 0.55070000 0.74370000 0.37900000
vn 0.19280000 0.87420000 0.44560000
vn 0.19290000 0.69460000 0.69310000
vn -0.00000000 0.89100000 0.45410000
vn -0.00000000 0.70790000 0.70630000
vn -0.00000000 0.70710000 0.70710000
vn 0.19290000 0.69460000 0.69310000
vn -0.00000000 0.70790000 0.70630000
vn 0.19300000 0.69380000 0.69380000
vn 0.19280000 0.15340000 0.96920000
vn 0.55080000 0.13050000 0.82440000
vn -0.00000000 1.00000000 -0.00000000
vn -0.00000000 1.00000000 -0.00000000
vn 0.19300000 0.15350000 0.96910000
vn -0.00000000 0.15640000 0.98770000
vn 0.19280000 0.44570000 0.87410000
vn -0.00000000 0.45430000 0.89090000
vn 0.19300000 0.15350000 0.96910000
vn 0.19280000 0.15340000 0.96920000
vn 0.55090000 0.13050000 0.82430000
vn 0.55080000 0.37900000 0.74360000
vn 0.19260000 0.44530000 0.87440000
vn 0.55080000 0.13050000 0.82440000
vn 0.19280000 0.15340000 0.96920000
vn 0.19280000 0.44570000 0.87410000
vn 0.19290000 0.44560000 0.87420000
vn 0.55080000 0.37900000 0.74360000
vn 0.82830000 0.08780000 0.55330000
vn 0.55090000 0.13050000 0.82430000
vn 0.55090000 0.37900000 0.74360000
vn 0.82830000 0.25440000 0.49920000
vn 0.82820000 0.08760000 0.55350000
vn 0.55090000 0.37900000 0.74360000
vn 0.19300000 0.69380000 0.69380000
vn 0.19290000 0.44560000 0.87420000
vn 0.55090000 0.59020000 0.59010000
vn 0.19300000 0.69380000 0.69380000
vn 0.55080000 0.37900000 0.74360000
vn 0.55070000 0.59010000 0.59030000
vn 0.55090000 0.59020000 0.59010000
vn 0.82830000 0.25440000 0.49920000
vn 0.82820000 0.39620000 0.39630000
vn 0.55090000 0.37900000 0.74360000
vn 0.82820000 0.25440000 0.49940000
vn 0.55070000 0.74370000 0.37900000
vn 0.19280000 0.87420000 0.44560000
vn 0.19280000 0.96910000 0.15360000
vn 0.55100000 0.74360000 0.37870000
vn 0.19280000 0.96910000 0.15360000
vn 0.55100000 0.82420000 0.13070000
vn 0.55100000 0.74360000 0.37870000
vn 0.82830000 0.49930000 0.25440000
vn 0.55100000 0.82420000 0.13070000
vn 0.82830000 0.49920000 0.25430000
vn 0.55100000 0.82420000 0.13060000
vn 0.82830000 0.55340000 0.08770000
vn 0.82820000 0.55350000 -0.08770000
vn 0.82830000 0.55340000 0.08770000
vn 0.82820000 0.55350000 0.08780000
vn 0.55100000 0.82420000 -0.13060000
vn 0.55100000 0.82420000 0.13060000
vn 0.82820000 0.55350000 -0.08770000
vn 0.82830000 0.55340000 -0.08780000
vn 0.55100000 0.82420000 -0.13060000
vn 0.55070000 0.74380000 -0.37880000
vn 0.55090000 0.74350000 -0.37900000
vn 0.82830000 0.49930000 -0.25430000
vn 0.19290000 0.69460000 -0.69310000
vn 0.55070000 0.74380000 -0.37880000
vn 0.55090000 0.74350000 -0.37900000
vn 0.19300000 0.69380000 -0.69380000
vn 0.19280000 0.87420000 -0.44560000
vn 0.55070000 0.59030000 -0.59020000
vn 0.55090000 0.59000000 -0.59020000
vn 0.55070000 0.59030000 -0.59020000
vn 0.19300000 0.69380000 -0.69380000
vn 0.55090000 0.37900000 -0.74360000
vn 0.19270000 0.44560000 -0.87430000
vn 0.19290000 0.44530000 -0.87430000
vn 0.55070000 0.59030000 -0.59020000
vn 0.55090000 0.59000000 -0.59020000
vn 0.55070000 0.74380000 -0.37880000
vn 0.82830000 0.49930000 -0.25430000
vn 0.82840000 0.49910000 -0.25440000
vn 0.82830000 0.39610000 -0.39620000
vn 0.55090000 0.13050000 -0.82430000
vn 0.55080000 0.37900000 -0.74360000
vn 0.19280000 0.44570000 -0.87410000
vn 0.19280000 0.15350000 -0.96920000
vn 0.19300000 0.15340000 -0.96910000
vn 0.55090000 0.37900000 -0.74360000
vn 0.19270000 0.44560000 -0.87430000
vn 0.55080000 0.37900000 -0.74360000
vn 0.82830000 0.39610000 -0.39620000
vn 0.55090000 0.59000000 -0.59020000
vn 0.82820000 0.25450000 -0.49930000
vn 0.55090000 0.37900000 -0.74360000
vn 0.82820000 0.39640000 -0.39620000
vn 0.55080000 0.13050000 -0.82440000
vn 0.82830000 0.25430000 -0.49920000
vn 0.82830000 0.08760000 -0.55340000
vn 0.82820000 0.25450000 -0.49930000
vn 0.55090000 0.13050000 -0.82430000
vn 0.55080000 0.37900000 -0.74360000
vn 0.55090000 0.13050000 -0.82430000
vn -0.00000000 1.00000000 -0.00000000
vn -0.00000000 1.00000000 -0.00000000
vn 0.55080000 0.13050000 -0.82440000
vn 0.19300000 0.15340000 -0.96910000
vn 0.98030000 0.13970000 0.13960000
vn 0.98030000 0.08960000 0.17600000
vn 0.82820000 0.25440000 0.49940000
vn 0.82820000 0.39620000 0.39630000
vn 0.98030000 0.08960000 0.17600000
vn 0.82840000 0.39620000 0.39600000
vn 0.82840000 0.39620000 0.39600000
vn 0.55070000 0.74370000 0.37900000
vn 0.55100000 0.74360000 0.37870000
vn 0.55070000 0.59010000 0.59030000
vn 0.82820000 0.39620000 0.39630000
vn 0.82830000 0.49920000 0.25430000
vn 0.82830000 0.49930000 0.25440000
vn 0.82830000 0.55340000 0.08770000
vn 0.98030000 0.17590000 0.08970000
vn 0.98030000 0.17590000 0.08970000
vn 0.98030000 0.19500000 0.03090000
vn 0.82820000 0.55350000 0.08780000
vn 0.98030000 0.19500000 -0.03090000
vn 0.98030000 0.19500000 0.03100000
vn 0.98030000 0.19500000 0.03090000
vn 0.82820000 0.55350000 -0.08770000
vn 0.82830000 0.55340000 -0.08780000
vn 0.82820000 0.55350000 0.08780000
vn 0.82840000 0.49910000 -0.25440000
vn 0.98030000 0.19500000 -0.03090000
vn 0.98030000 0.19500000 -0.03100000
vn 0.98030000 0.17590000 -0.08970000
vn 0.82830000 0.49930000 -0.25430000
vn 0.82830000 0.55340000 -0.08780000
vn 0.82840000 0.49910000 -0.25440000
vn 0.98030000 0.17600000 -0.08970000
vn 0.98030000 0.17590000 -0.08970000
vn 0.98030000 0.13970000 -0.13960000
vn 0.82830000 0.39610000 -0.39620000
vn 0.82820000 0.39640000 -0.39620000
vn 0.98030000 0.08960000 -0.17600000
vn 0.82820000 0.25450000 -0.49930000
vn 0.82820000 0.39640000 -0.39620000
vn 0.98030000 0.13970000 -0.13960000
vn 0.98030000 0.13970000 -0.13960000
vn 0.82830000 0.25430000 -0.49920000
vn 0.55080000 0.13050000 -0.82440000
vn 0.82830000 0.08770000 -0.55340000
vn 0.82830000 0.08760000 -0.55340000
vn -0.00000000 1.00000000 -0.00000000
vn -0.00000000 1.00000000 -0.00000000
vn -0.00000000 1.00000000 -0.00000000
vn 0.98030000 0.03090000 0.19500000
vn 0.82830000 0.08780000 0.55330000
vn 0.82820000 0.08760000 0.55350000
vn 0.98030000 0.08960000 0.17600000
vn 0.98030000 0.03090000 0.19500000
vn 0.82820000 0.25440000 0.49940000
vn 0.82830000 0.08780000 0.55330000
vn 0.98030000 0.03090000 0.19500000
vn 0.82830000 0.25440000 0.49920000
vn 0.98030000 0.17590000 0.08970000
vn 0.82830000 0.49920000 0.25430000
vn 0.82840000 0.39620000 0.39600000
vn 0.98030000 0.13970000 0.13960000
vn 0.82830000 0.49930000 0.25440000
vn 0.98030000 0.13970000 0.13960000
vn 1.00000000 -0.00000000 -0.00000000
vn 1.00000000 -0.00000000 -0.00000000
vn 0.98030000 0.13970000 0.13960000
vn 0.98030000 0.08960000 0.17600000
vn 1.00000000 -0.00000000 -0.00000000
vn 1.00000000 -0.00000000 -0.00000000
vn 0.98030000 0.19500000 0.03090000
vn 0.98030000 0.17590000 0.08970000
vn 0.98030000 0.19500000 0.03100000
vn 0.98030000 0.17600000 -0.08970000
vn 0.98030000 0.13970000 -0.13960000
vn 1.00000000 -0.00000000 -0.00000000
vn 1.00000000 -0.00000000 -0.00000000
vn 0.98030000 0.08960000 -0.17600000
vn 0.98030000 0.03090000 -0.19510000
vn 1.00000000 -0.00000000 -0.00000000
vn 1.00000000 -0.00000000 -0.00000000
vn 0.98030000 0.08960000 -0.17600000
vn 0.82830000 0.25430000 -0.49920000
vn 0.98030000 0.08960000 -0.17600000
vn 0.82830000 0.08770000 -0.55340000
vn 0.82830000 0.08760000 -0.55340000
vn 0.98030000 0.03090000 -0.19510000
vn -0.98040000 0.03090000 0.19480000
vn -0.98040000 0.08950000 0.17570000
vn -1.00000000 -0.00000000 -0.00000000
vn -1.00000000 -0.00000000 -0.00000000
vn -0.98040000 0.03090000 0.19470000
vn -0.82820000 0.08780000 0.55350000
vn -0.82830000 0.08760000 0.55340000
vn -0.82830000 0.25430000 0.49930000
vn -0.98040000 0.08950000 0.17570000
vn -0.98040000 0.08950000 0.17570000
vn -0.98040000 0.03090000 0.19480000
vn -0.98040000 0.17570000 0.08950000
vn -0.98040000 0.19480000 0.03090000
vn -0.82820000 0.55350000 0.08780000
vn -0.82820000 0.49940000 0.25430000
vn -0.98040000 0.19470000 0.03090000
vn -0.82830000 0.49920000 0.25440000
vn -0.82820000 0.39640000 0.39620000
vn -0.82830000 0.49920000 0.25440000
vn -0.82830000 0.39610000 0.39630000
vn -0.98040000 0.17570000 0.08950000
vn -0.98040000 0.13950000 0.13940000
vn -0.98040000 0.13950000 0.13940000
vn -0.98040000 0.13950000 0.13940000
vn -1.00000000 -0.00000000 -0.00000000
vn -1.00000000 -0.00000000 -0.00000000
vn -0.98040000 0.17570000 0.08950000
vn -0.98040000 0.08950000 0.17570000
vn -0.82820000 0.25450000 0.49930000
vn -0.82820000 0.39640000 0.39620000
vn -0.98040000 0.13950000 0.13940000
vn -0.82830000 0.25430000 0.49930000
vn -0.82820000 0.25440000 -0.49940000
vn -0.82830000 0.25450000 -0.49920000
vn -0.55070000 0.59010000 -0.59030000
vn -0.82820000 0.39620000 -0.39640000
vn -0.55090000 0.59020000 -0.59010000
vn -0.55090000 0.37900000 -0.74360000
vn -0.98040000 0.03090000 -0.19480000
vn -0.82830000 0.08770000 -0.55340000
vn -0.98040000 0.08950000 -0.17570000
vn -0.82820000 0.25440000 -0.49940000
vn -0.82830000 0.25450000 -0.49920000
vn -0.98040000 0.03090000 -0.19480000
vn -0.98040000 0.03090000 -0.19480000
vn -0.98040000 0.08950000 -0.17570000
vn -0.98040000 0.08950000 -0.17570000
vn -1.00000000 -0.00000000 -0.00000000
vn -1.00000000 -0.00000000 -0.00000000
vn -0.98040000 0.13950000 -0.13940000
vn -0.82820000 0.25440000 -0.49940000
vn -0.82830000 0.39630000 -0.39610000
vn -0.82820000 0.39620000 -0.39640000
vn -0.98040000 0.08950000 -0.17570000
vn -0.55100000 0.82420000 -0.13070000
vn -0.55100000 0.74360000 -0.37870000
vn -0.55070000 0.74370000 -0.37900000
vn -0.19270000 0.87430000 -0.44560000
vn -0.19270000 0.96920000 -0.15360000
vn -0.19270000 0.96920000 -0.15360000
vn -0.82830000 0.49930000 -0.25430000
vn -0.82830000 0.39630000 -0.39610000
vn -0.98040000 0.17570000 -0.08950000
vn -0.98040000 0.13950000 -0.13940000
vn -0.82820000 0.49930000 -0.25450000
vn -0.82820000 0.55350000 -0.08770000
vn -0.82810000 0.55360000 -0.08780000
vn -0.98040000 0.19470000 -0.03090000
vn -0.82820000 0.49930000 -0.25450000
vn -0.98040000 0.17570000 -0.08950000
vn -0.82820000 0.55360000 0.08770000
vn -0.82820000 0.55350000 -0.08770000
vn -0.55100000 0.82420000 0.13060000
vn -0.55100000 0.82420000 0.13060000
vn -0.82810000 0.55360000 -0.08780000
vn -0.55100000 0.82420000 -0.13060000
vn -0.98040000 0.19480000 -0.03090000
vn -0.82810000 0.55360000 -0.08780000
vn -0.82820000 0.55350000 0.08780000
vn -0.98040000 0.19480000 0.03090000
vn -0.98040000 0.19470000 -0.03090000
vn -0.82820000 0.55360000 0.08770000
vn -0.55100000 0.82420000 0.13060000
vn -0.82820000 0.55360000 0.08770000
vn -0.55090000 0.74350000 0.37900000
vn -0.55070000 0.74380000 0.37880000
vn -0.82820000 0.49940000 0.25430000
vn -0.82820000 0.55350000 0.08780000
vn -0.19270000 0.96920000 0.15360000
vn -0.55100000 0.82420000 0.13060000
vn -0.19270000 0.87430000 0.44560000
vn -0.55090000 0.74350000 0.37900000
vn -0.19270000 0.87430000 0.44560000
vn -0.19270000 0.96920000 0.15330000
vn -0.55090000 0.74350000 0.37900000
vn -0.19280000 0.69460000 0.69310000
vn -0.55070000 0.74380000 0.37880000
vn -0.19270000 0.87430000 0.44560000
vn -0.19290000 0.69390000 0.69380000
vn -0.55070000 0.59030000 0.59020000
vn -0.55080000 0.13050000 -0.82440000
vn -0.00000000 1.00000000 -0.00000000
vn -0.82830000 0.08760000 -0.55350000
vn -0.55090000 0.13050000 -0.82430000
vn -0.00000000 1.00000000 -0.00000000
vn -0.82830000 0.08760000 -0.55350000
vn -0.82830000 0.08770000 -0.55340000
vn -0.55080000 0.37900000 -0.74360000
vn -0.55090000 0.13050000 -0.82430000
vn -0.82830000 0.25450000 -0.49920000
vn -0.55090000 0.37900000 -0.74360000
vn -0.55080000 0.13050000 -0.82440000
vn -0.19270000 0.15340000 -0.96920000
vn -0.19280000 0.44560000 -0.87420000
vn -0.19270000 0.44580000 -0.87420000
vn -0.55090000 0.13050000 -0.82430000
vn -0.19240000 0.44540000 -0.87440000
vn -0.55080000 0.37900000 -0.74360000
vn -0.19280000 0.69430000 -0.69340000
vn -0.19270000 0.87430000 -0.44560000
vn -0.00000000 0.89100000 -0.45410000
vn -0.00000000 0.89100000 -0.45410000
vn -0.00000000 0.70790000 -0.70630000
vn -0.19290000 0.69390000 -0.69380000
vn -0.55070000 0.74370000 -0.37900000
vn -0.55070000 0.59010000 -0.59030000
vn -0.55090000 0.59020000 -0.59010000
vn -0.19270000 0.87430000 -0.44560000
vn -0.19280000 0.69430000 -0.69340000
vn -0.19270000 0.87430000 -0.44560000
vn -0.00000000 0.70790000 -0.70630000
vn -0.00000000 0.70790000 -0.70630000
vn -0.19290000 0.69380000 -0.69380000
vn -0.00000000 0.70710000 -0.70710000
vn -0.19290000 0.69390000 -0.69380000
vn -0.19280000 0.69430000 -0.69340000
vn -0.55090000 0.59020000 -0.59010000
vn -0.19290000 0.69390000 -0.69380000
vn -0.19280000 0.44560000 -0.87420000
vn -0.55080000 0.37900000 -0.74360000
vn -0.55090000 0.37900000 -0.74360000
vn -0.19290000 0.69380000 -0.69380000
vn -0.00000000 0.45380000 -0.89110000
vn -0.19270000 0.44580000 -0.87420000
vn -0.00000000 0.45380000 -0.89110000
vn -0.19240000 0.44540000 -0.87440000
vn -0.00000000 0.45430000 -0.89090000
vn -0.19270000 0.15340000 -0.96920000
vn -0.00000000 0.45430000 -0.89090000
vn -0.00000000 0.15640000 -0.98770000
vn -0.19270000 0.44580000 -0.87420000
vn -0.19280000 0.15350000 -0.96910000
vn -0.00000000 0.45430000 -0.89090000
vn -0.55070000 0.74370000 -0.37900000
vn -0.82830000 0.39630000 -0.39610000
vn -0.55070000 0.59010000 -0.59030000
vn -0.82820000 0.39620000 -0.39640000
vn -0.55100000 0.74360000 -0.37870000
vn -0.82830000 0.49930000 -0.25430000
vn -0.55100000 0.74360000 -0.37870000
vn -0.82820000 0.49930000 -0.25450000
vn -0.82820000 0.55350000 -0.08770000
vn -0.82830000 0.49930000 -0.25430000
vn -0.55100000 0.82420000 -0.13070000
vn -0.55100000 0.82420000 -0.13060000
vn -0.00000000 0.98770000 0.15620000
vn -0.00000000 0.89100000 0.45410000
vn -0.19270000 0.96920000 0.15330000
vn -0.19270000 0.87430000 0.44560000
vn -0.00000000 0.89100000 0.45410000
vn -0.19270000 0.96920000 0.15360000
vn -0.55100000 0.82420000 -0.13070000
vn -0.19270000 0.96920000 -0.15360000
vn -0.19270000 0.96910000 0.15360000
vn -0.19270000 0.96910000 -0.15360000
vn -0.55100000 0.82420000 0.13060000
vn -0.55100000 0.82420000 -0.13060000
vn -0.19270000 0.96910000 0.15360000
vn -0.19270000 0.96910000 -0.15360000
vn -0.00000000 0.98770000 -0.15660000
vn -0.00000000 0.98770000 0.15660000
vn -0.00000000 0.98770000 0.15660000
vn -0.19280000 0.69460000 0.69310000
vn -0.19290000 0.69390000 0.69380000
vn -0.00000000 0.70790000 0.70630000
vn -0.00000000 0.70710000 0.70710000
vn -0.00000000 0.70710000 0.70710000
vn -0.19290000 0.69380000 0.69380000
vn -0.82830000 0.49920000 0.25440000
vn -0.82820000 0.49940000 0.25430000
vn -0.55070000 0.59030000 0.59020000
vn -0.82830000 0.39610000 0.39630000
vn -0.55090000 0.59000000 0.59020000
vn -0.55070000 0.74380000 0.37880000
vn -0.98040000 0.17570000 -0.08950000
vn -0.98040000 0.19480000 -0.03090000
vn -0.98040000 0.19470000 -0.03090000
vn -1.00000000 -0.00000000 -0.00000000
vn -1.00000000 -0.00000000 -0.00000000
vn -0.00000000 0.45430000 0.89090000
vn -0.00000000 0.15640000 0.98770000
vn -0.00000000 0.15640000 0.98770000
vn -0.19270000 0.15350000 0.96920000
vn -0.19270000 0.44580000 0.87420000
vn -0.82830000 0.08760000 0.55340000
vn -0.82830000 0.25430000 0.49930000
vn -0.82820000 0.25450000 0.49930000
vn -0.55080000 0.13050000 0.82440000
vn -0.55080000 0.37900000 0.74360000
vn -0.55090000 0.13050000 0.82430000
vn -0.55090000 0.59000000 0.59020000
vn -0.55080000 0.37900000 0.74360000
vn -0.82820000 0.25450000 0.49930000
vn -0.55090000 0.37900000 0.74360000
vn -0.82820000 0.39640000 0.39620000
vn -0.82830000 0.39610000 0.39630000
vn -0.55070000 0.59030000 0.59020000
vn -0.55090000 0.37900000 0.74360000
vn -0.55090000 0.59000000 0.59020000
vn -0.19290000 0.69390000 0.69380000
vn -0.19280000 0.44530000 0.87440000
vn -0.19290000 0.69380000 0.69380000
vn -0.19260000 0.44560000 0.87430000
vn -0.19260000 0.44560000 0.87430000
vn -0.00000000 0.45430000 0.89090000
vn -0.00000000 0.45380000 0.89110000
vn -0.19280000 0.44530000 0.87440000
vn -0.00000000 0.45430000 0.89090000
vn -0.19270000 0.44580000 0.87420000
vn -0.55090000 0.13050000 0.82430000
vn -0.19270000 0.15350000 0.96920000
vn -0.55080000 0.37900000 0.74360000
vn -0.19260000 0.44560000 0.87430000
vn -0.55090000 0.37900000 0.74360000
vn -0.19280000 0.15340000 0.96920000
vn -0.19270000 0.44580000 0.87420000
vn -0.00000000 1.00000000 -0.00000000
vn -0.55090000 0.13050000 0.82430000
vn -0.00000000 1.00000000 -0.00000000
vn -0.19280000 0.15340000 0.96920000
vn -0.55080000 0.13050000 0.82440000
vn 0.25880000 -0.00000000 -0.96590000
vn -0.25890000 -0.00000000 -0.96590000
vn -0.25890000 -0.00000000 -0.96590000
vn -0.00000000 1.00000000 -0.00000000
vn -0.00000000 1.00000000 -0.00000000
vn 0.99150000 -0.00000000 0.13030000
vn 0.96590000 0.00150000 0.25900000
vn -0.00000000 1.00000000 -0.00000000
vn 0.96590000 -0.00000000 -0.25900000
vn -0.25890000 -0.00000000 -0.96590000
vn -0.70710000 -0.00000000 -0.70710000
vn -0.00000000 1.00000000 -0.00000000
vn -0.70710000 -0.00000000 -0.70710000
vn -0.00000000 1.00000000 -0.00000000
vn -0.00000000 1.00000000 -0.00000000
vn 0.70720000 -0.00000000 0.70710000
vn -0.00000000 1.00000000 -0.00000000
vn 0.25880000 -0.00000000 0.96590000
vn -0.00000000 1.00000000 -0.00000000
vn -0.00000000 1.00000000 -0.00000000
vn -0.96590000 -0.00000000 0.25880000
vn -0.96590000 0.00150000 -0.25880000
vn -0.00000000 1.00000000 -0.00000000
vn -0.99140000 -0.00000000 -0.13090000
vn -0.00000000 1.00000000 -0.00000000
vn 0.70700000 -0.00000000 -0.70720000
vn 0.25880000 -0.00000000 -0.96590000
vn -0.00000000 1.00000000 -0.00000000
vn 0.70700000 -0.00000000 0.70720000
vn 0.25880000 -0.00000000 0.96590000
vn -0.00000000 1.00000000 -0.00000000
vn -0.00000000 1.00000000 -0.00000000
vn -0.70710000 -0.00000000 0.70710000
vn -0.00000000 1.00000000 -0.00000000
vn -0.25880000 -0.00000000 0.96590000
vn -0.00000000 1.00000000 -0.00000000
vn -0.00000000 1.00000000 -0.00000000
vn -0.00000000 1.00000000 -0.00000000
vn -0.96580000 -0.00000000 0.25920000
vn -0.96580000 0.00150000 -0.25920000
vn -0.99140000 -0.00000000 -0.13090000
vn -0.25880000 -0.96590000 -0.00000000
vn -0.00000000 -1.00000000 -0.00000000
vn -0.00000000 -0.96590000 -0.25890000
vn -0.00000000 -1.00000000 -0.00000000
vn -0.00000000 -1.00000000 -0.00000000
vn -0.00000000 -0.96590000 -0.25890000
vn -0.00000000 1.00000000 -0.00000000
vn 0.25880000 0.96590000 0.00150000
vn -0.00000000 1.00000000 -0.00000000
vn -0.00000000 1.00000000 -0.00000000
vn 0.13020000 0.99150000 -0.00000000
vn 0.25060000 0.93510000 0.25060000
vn -0.00000000 0.96590000 0.25880000
vn -0.00000000 0.96590000 0.25880000
vn -0.00000000 0.70700000 0.70720000
vn 0.25050000 0.93520000 0.25050000
vn 0.25060000 0.93510000 0.25060000
vn 0.18610000 0.69490000 0.69460000
vn -0.18610000 0.69460000 0.69490000
vn -0.06930000 0.25870000 0.96350000
vn -0.00000000 0.25930000 0.96580000
vn -0.00000000 0.70700000 0.70720000
vn -0.00000000 0.70700000 0.70720000
vn -0.00000000 -0.00000000 1.00000000
vn -0.18940000 0.18940000 0.96350000
vn -0.00000000 0.25930000 0.96580000
vn -0.06930000 0.25870000 0.96350000
vn -0.00000000 0.25880000 0.96590000
vn -0.25930000 -0.00000000 0.96580000
vn -0.00000000 -0.00000000 1.00000000
vn -0.25870000 0.06930000 0.96350000
vn -0.96610000 -0.00000000 0.25810000
vn -1.00000000 -0.00000000 -0.00000000
vn -0.96610000 0.25820000 -0.00000000
vn -0.93540000 0.25000000 0.24990000
vn -1.00000000 -0.00000000 -0.00000000
vn -0.96610000 -0.00000000 0.25810000
vn -0.69440000 -0.18610000 0.69510000
vn -0.70670000 -0.00000000 0.70750000
vn -0.93520000 -0.25080000 0.24990000
vn -0.96610000 -0.00000000 0.25810000
vn -0.69440000 -0.18620000 0.69510000
vn -0.00000000 -0.25890000 0.96590000
vn -0.25930000 -0.00000000 0.96580000
vn -0.00000000 -0.00000000 1.00000000
vn -0.25870000 -0.06930000 0.96350000
vn -0.18940000 -0.18930000 0.96350000
vn -0.06930000 -0.25860000 0.96350000
vn -0.25930000 -0.00000000 0.96580000
vn -0.96600000 -0.25850000 -0.00000000
vn -0.96610000 -0.25810000 -0.00000000
vn -0.70690000 -0.70730000 -0.00000000
vn -0.93520000 -0.25030000 0.25050000
vn -0.69460000 -0.69490000 0.18610000
vn -0.69450000 -0.69500000 0.18600000
vn -0.70690000 -0.70730000 -0.00000000
vn -0.93530000 -0.24990000 0.25060000
vn -0.96610000 -0.25810000 -0.00000000
vn -0.68440000 -0.68470000 0.25060000
vn -0.68430000 -0.68480000 0.25050000
vn -0.00000000 -0.25930000 0.96580000
vn -0.18610000 -0.69460000 0.69490000
vn -0.18600000 -0.69490000 0.69470000
vn -0.00000000 -0.70700000 0.70720000
vn -0.06930000 -0.25860000 0.96350000
vn -0.00000000 -0.25890000 0.96590000
vn -0.00000000 -0.70700000 0.70720000
vn -0.00000000 -0.96590000 0.25880000
vn -0.25060000 -0.93510000 0.25050000
vn -0.25050000 -0.93520000 0.25050000
vn -0.18600000 -0.69490000 0.69470000
vn -0.25060000 -0.93510000 0.25050000
vn -0.25050000 -0.93520000 0.25050000
vn -0.25890000 -0.96590000 -0.00000000
vn -0.68430000 -0.68480000 0.25050000
vn -0.70690000 -0.70730000 -0.00000000
vn -0.68430000 -0.68480000 0.25050000
vn -0.25050000 -0.93520000 0.25050000
vn -0.50840000 -0.50860000 0.69490000
vn -0.68440000 -0.68470000 0.25060000
vn -0.18600000 -0.69490000 0.69470000
vn -0.18610000 -0.69460000 0.69490000
vn -0.96600000 -0.25850000 -0.00000000
vn -0.96610000 -0.25810000 -0.00000000
vn -0.93530000 -0.24990000 0.25060000
vn -0.93520000 -0.25080000 0.24990000
vn -1.00000000 -0.00000000 -0.00000000
vn -0.96610000 -0.00000000 0.25810000
vn -0.18610000 -0.69460000 0.69490000
vn -0.18940000 -0.18930000 0.96350000
vn -0.06930000 -0.25860000 0.96350000
vn -0.50850000 -0.50860000 0.69480000
vn -0.50840000 -0.50860000 0.69490000
vn -0.50850000 -0.50860000 0.69480000
vn -0.50840000 -0.50860000 0.69490000
vn -0.93520000 -0.25080000 0.24990000
vn -0.93530000 -0.24990000 0.25060000
vn -0.69440000 -0.18620000 0.69510000
vn -0.68440000 -0.68470000 0.25060000
vn -0.50850000 -0.50860000 0.69480000
vn -0.69440000 -0.18620000 0.69510000
vn -0.18940000 -0.18930000 0.96350000
vn -0.69440000 -0.18610000 0.69510000
vn -0.25870000 -0.06930000 0.96350000
vn -0.69440000 -0.18610000 0.69510000
vn -0.25870000 -0.06930000 0.96350000
vn -0.70670000 -0.00000000 0.70750000
vn -0.25930000 -0.00000000 0.96580000
vn -0.70670000 -0.00000000 0.70750000
vn 0.18610000 0.69460000 0.69490000
vn -0.00000000 0.70700000 0.70720000
vn 0.06930000 0.25840000 0.96360000
vn -0.00000000 0.25930000 0.96580000
vn -0.00000000 0.25880000 0.96590000
vn 0.18610000 0.69490000 0.69460000
vn 0.06930000 0.25840000 0.96360000
vn 0.18610000 0.69460000 0.69490000
vn 0.50860000 0.50860000 0.69470000
vn 0.50830000 0.50870000 0.69490000
vn 0.18930000 0.18940000 0.96350000
vn 0.69460000 0.18620000 0.69490000
vn 0.70700000 -0.00000000 0.70720000
vn 0.96590000 -0.00000000 0.25880000
vn 0.96590000 -0.00000000 0.25880000
vn 0.69460000 0.18610000 0.69490000
vn 0.93510000 0.25050000 0.25060000
vn 0.25050000 0.93520000 0.25050000
vn 0.68460000 0.68460000 0.25050000
vn 0.18610000 0.69490000 0.69460000
vn 0.50860000 0.50860000 0.69470000
vn 0.18610000 0.69460000 0.69490000
vn 0.50860000 0.50860000 0.69470000
vn 0.50830000 0.50870000 0.69490000
vn 0.69460000 0.18610000 0.69490000
vn 0.93510000 0.25060000 0.25050000
vn 0.93510000 0.25050000 0.25060000
vn 0.68460000 0.68460000 0.25050000
vn 0.18930000 0.18940000 0.96350000
vn 0.69460000 0.18610000 0.69490000
vn 0.25860000 0.06930000 0.96350000
vn 0.50830000 0.50870000 0.69490000
vn 0.69460000 0.18620000 0.69490000
vn -0.70690000 0.70730000 -0.00000000
vn -0.93540000 0.25000000 0.24990000
vn -0.68430000 0.68480000 0.25060000
vn -0.93500000 0.25080000 0.25070000
vn -0.96610000 0.25820000 -0.00000000
vn -0.96610000 0.25820000 -0.00000000
vn -0.69480000 0.18590000 0.69480000
vn -0.69440000 0.18620000 0.69510000
vn -0.68440000 0.68470000 0.25050000
vn -0.93500000 0.25080000 0.25070000
vn -0.68430000 0.68480000 0.25060000
vn -0.50830000 0.50850000 0.69500000
vn -0.68440000 0.68470000 0.25050000
vn -0.25060000 0.93510000 0.25050000
vn -0.25890000 0.96590000 -0.00000000
vn -0.68430000 0.68480000 0.25060000
vn -0.70690000 0.70730000 -0.00000000
vn -0.70690000 0.70730000 -0.00000000
vn -0.00000000 0.70700000 0.70720000
vn -0.00000000 0.96590000 0.25880000
vn -0.18610000 0.69460000 0.69490000
vn -0.25050000 0.93510000 0.25050000
vn -0.18610000 0.69460000 0.69490000
vn -0.00000000 0.96590000 0.25880000
vn -0.96610000 -0.00000000 0.25810000
vn -0.93540000 0.25000000 0.24990000
vn -0.70670000 -0.00000000 0.70750000
vn -0.69440000 0.18620000 0.69510000
vn -0.93500000 0.25080000 0.25070000
vn -0.25930000 -0.00000000 0.96580000
vn -0.70670000 -0.00000000 0.70750000
vn -0.69440000 0.18620000 0.69510000
vn -0.25870000 0.06930000 0.96350000
vn -0.69480000 0.18590000 0.69480000
vn -0.69480000 0.18590000 0.69480000
vn -0.18940000 0.18940000 0.96350000
vn -0.50830000 0.50850000 0.69500000
vn -0.50820000 0.50880000 0.69490000
vn -0.25870000 0.06930000 0.96350000
vn -0.06930000 0.25870000 0.96350000
vn -0.18610000 0.69460000 0.69490000
vn -0.18940000 0.18940000 0.96350000
vn -0.50820000 0.50880000 0.69490000
vn -0.50830000 0.50850000 0.69500000
vn -0.68440000 0.68470000 0.25050000
vn -0.25050000 0.93510000 0.25050000
vn -0.50820000 0.50880000 0.69490000
vn -0.25060000 0.93510000 0.25050000
vn -0.18610000 0.69460000 0.69490000
vn -0.06920000 -0.96360000 0.25820000
vn -0.00000000 -1.00000000 -0.00000000
vn -0.18900000 -0.96360000 0.18900000
vn -0.18910000 -0.96360000 0.18900000
vn -0.18620000 -0.69480000 0.69470000
vn -0.18630000 -0.69470000 0.69470000
vn -0.06920000 -0.96360000 0.25820000
vn -0.00000000 -0.96590000 0.25890000
vn -0.00000000 -0.70710000 0.70710000
vn -0.70690000 -0.70730000 -0.00000000
vn -0.70690000 -0.70730000 -0.00000000
vn -0.25830000 -0.96360000 0.06920000
vn -0.69450000 -0.69500000 0.18600000
vn -0.25840000 -0.96360000 0.06920000
vn -0.25890000 -0.96590000 -0.00000000
vn -0.69450000 -0.69500000 0.18600000
vn -0.18900000 -0.96360000 0.18900000
vn -0.50850000 -0.69480000 0.50850000
vn -0.25840000 -0.96360000 0.06920000
vn -0.18910000 -0.96360000 0.18900000
vn -0.69460000 -0.69490000 0.18610000
vn -0.50850000 -0.69480000 0.50850000
vn -0.69460000 -0.69490000 0.18610000
vn -0.93520000 -0.25030000 0.25050000
vn -0.93500000 -0.25060000 0.25080000
vn -0.68450000 -0.25040000 0.68460000
vn -0.50820000 -0.69510000 0.50850000
vn -0.18900000 -0.96360000 0.18900000
vn -0.50850000 -0.69480000 0.50850000
vn -0.06920000 -0.96360000 0.25820000
vn -0.50820000 -0.69510000 0.50850000
vn -0.18620000 -0.69480000 0.69470000
vn -0.68450000 -0.25040000 0.68460000
vn -0.25080000 -0.25050000 0.93510000
vn -0.68490000 -0.25000000 0.68440000
vn -0.18620000 -0.69480000 0.69470000
vn -0.50820000 -0.69510000 0.50850000
vn -0.18630000 -0.69470000 0.69470000
vn -0.25050000 -0.25080000 0.93510000
vn -0.00000000 -0.70710000 0.70710000
vn -0.00000000 -0.25900000 0.96590000
vn -0.18630000 -0.69470000 0.69470000
vn -0.25080000 -0.25050000 0.93510000
vn 0.19520000 -0.98080000 -0.00000000
vn -0.00000000 -1.00000000 -0.00000000
vn 0.18860000 -0.94860000 0.25420000
vn 0.18880000 -0.94860000 0.25400000
vn -0.00000000 -1.00000000 -0.00000000
vn -0.00000000 -0.96590000 0.25880000
vn -0.00000000 -0.70700000 0.70720000
vn -0.00000000 -0.96590000 0.25880000
vn 0.13920000 -0.70010000 0.70040000
vn 0.18860000 -0.94860000 0.25420000
vn 0.13930000 -0.70010000 0.70030000
vn -0.00000000 -0.96590000 0.25880000
vn 0.70710000 -0.70710000 -0.00000000
vn 0.55530000 -0.83170000 -0.00000000
vn 0.68290000 -0.68300000 0.25920000
vn 0.53700000 -0.80430000 0.25440000
vn 0.68300000 -0.68300000 0.25870000
vn 0.59340000 -0.39650000 0.70050000
vn 0.49980000 -0.49980000 0.70730000
vn 0.68290000 -0.68300000 0.25920000
vn 0.80420000 -0.53740000 0.25410000
vn 0.59350000 -0.39640000 0.70040000
vn 0.68300000 -0.68300000 0.25870000
vn 0.14680000 -0.21940000 0.96450000
vn 0.39680000 -0.59330000 0.70040000
vn 0.18340000 -0.18340000 0.96580000
vn 0.49990000 -0.49990000 0.70730000
vn 0.39710000 -0.59320000 0.70030000
vn 0.18330000 -0.18330000 0.96580000
vn 0.70730000 -0.00000000 0.70690000
vn 0.70010000 -0.13930000 0.70030000
vn 0.94860000 -0.18870000 0.25410000
vn 0.94860000 -0.18880000 0.25410000
vn 0.96590000 -0.00000000 0.25880000
vn 0.70700000 -0.00000000 0.70720000
vn 0.70730000 -0.00000000 0.70690000
vn 0.25860000 0.06930000 0.96350000
vn 0.69460000 0.18620000 0.69490000
vn 0.25930000 -0.00000000 0.96580000
vn 0.70700000 -0.00000000 0.70720000
vn 0.70010000 -0.13930000 0.70030000
vn 0.25930000 -0.00000000 0.96580000
vn 0.70730000 -0.00000000 0.70690000
vn 0.25890000 -0.00000000 0.96590000
vn 0.25890000 -0.05170000 0.96450000
vn 0.69990000 -0.13960000 0.70050000
vn 0.18340000 -0.18340000 0.96580000
vn 0.25890000 -0.05170000 0.96450000
vn 0.21960000 -0.14670000 0.96450000
vn -0.00000000 -0.00000000 1.00000000
vn -0.00000000 -0.00000000 1.00000000
vn 0.25890000 -0.00000000 0.96590000
vn 0.18330000 -0.18330000 0.96580000
vn -0.96610000 0.25820000 -0.00000000
vn -0.70690000 0.70730000 -0.00000000
vn -0.69460000 0.69500000 0.18580000
vn -0.93510000 0.25090000 0.25010000
vn -0.93510000 0.25020000 0.25080000
vn -0.25890000 0.96590000 -0.00000000
vn -0.70690000 0.70730000 -0.00000000
vn -0.69470000 0.69490000 0.18600000
vn -0.69460000 0.69500000 0.18580000
vn -0.25820000 0.96360000 0.06910000
vn -0.68490000 -0.25000000 0.68440000
vn -0.25870000 -0.00000000 0.96590000
vn -0.25050000 -0.25080000 0.93510000
vn -0.25080000 -0.25050000 0.93510000
vn -0.25870000 -0.00000000 0.96590000
vn -0.70730000 -0.00000000 0.70690000
vn -0.96580000 -0.00000000 0.25930000
vn -0.68490000 -0.25000000 0.68440000
vn -0.70730000 -0.00000000 0.70690000
vn -0.93500000 -0.25060000 0.25080000
vn -0.68450000 -0.25040000 0.68460000
vn -0.70730000 -0.00000000 0.70690000
vn -0.93510000 0.25090000 0.25010000
vn -0.96580000 -0.00000000 0.25930000
vn -0.70730000 -0.00000000 0.70690000
vn -0.93510000 0.25020000 0.25080000
vn -0.68480000 0.25070000 0.68430000
vn -0.93460000 0.25140000 0.25150000
vn -0.96620000 -0.00000000 0.25800000
vn -0.93550000 0.24970000 0.24980000
vn -0.69420000 0.18670000 0.69510000
vn -0.70660000 -0.00000000 0.70760000
vn -0.25920000 -0.00000000 0.96580000
vn -0.70660000 -0.00000000 0.70760000
vn -0.69440000 -0.18540000 0.69530000
vn -0.25860000 -0.06910000 0.96350000
vn -0.70660000 -0.00000000 0.70760000
vn -0.18610000 -0.69470000 0.69480000
vn -0.18620000 -0.69470000 0.69480000
vn -0.06930000 -0.25840000 0.96360000
vn -0.00000000 -0.25900000 0.96590000
vn -0.00000000 -0.25900000 0.96590000
vn -0.00000000 -0.70710000 0.70710000
vn -0.00000000 -0.96590000 0.25890000
vn -0.25070000 -0.93510000 0.25060000
vn -0.25900000 -0.96590000 -0.00000000
vn -0.00000000 -1.00000000 -0.00000000
vn -0.00000000 -0.96590000 0.25890000
vn -0.00000000 -1.00000000 -0.00000000
vn -0.00000000 -1.00000000 -0.00000000
vn -0.00000000 -1.00000000 -0.00000000
vn -0.00000000 -0.96590000 0.25890000
vn -0.06920000 -0.96360000 0.25820000
vn -0.06920000 -0.96360000 0.25820000
vn 0.18330000 -0.18330000 0.96580000
vn -0.00000000 -0.25890000 0.96590000
vn 0.05150000 -0.25860000 0.96460000
vn -0.00000000 -0.25930000 0.96580000
vn 0.14680000 -0.21940000 0.96450000
vn -0.00000000 -0.00000000 1.00000000
vn -0.00000000 -0.25930000 0.96580000
vn 0.05150000 -0.25860000 0.96460000
vn 0.13930000 -0.70010000 0.70030000
vn -0.00000000 -0.70700000 0.70720000
vn -0.00000000 -0.70700000 0.70720000
vn 0.39710000 -0.59320000 0.70030000
vn 0.13930000 -0.70010000 0.70030000
vn 0.05150000 -0.25860000 0.96460000
vn 0.13920000 -0.70010000 0.70040000
vn 0.14680000 -0.21940000 0.96450000
vn 0.39680000 -0.59330000 0.70040000
vn 0.39710000 -0.59320000 0.70030000
vn 0.13920000 -0.70010000 0.70040000
vn 0.18860000 -0.94860000 0.25420000
vn 0.18880000 -0.94860000 0.25400000
vn 0.53770000 -0.80400000 0.25390000
vn 0.68290000 -0.68300000 0.25920000
vn 0.49980000 -0.49980000 0.70730000
vn 0.53700000 -0.80430000 0.25440000
vn 0.49990000 -0.49990000 0.70730000
vn 0.53770000 -0.80400000 0.25390000
vn 0.39680000 -0.59330000 0.70040000
vn 0.55530000 -0.83170000 -0.00000000
vn 0.55520000 -0.83170000 -0.00000000
vn 0.18880000 -0.94860000 0.25400000
vn 0.53770000 -0.80400000 0.25390000
vn 0.53700000 -0.80430000 0.25440000
vn 0.19520000 -0.98080000 -0.00000000
vn 0.18340000 -0.18340000 0.96580000
vn 0.49990000 -0.49990000 0.70730000
vn 0.21960000 -0.14670000 0.96450000
vn 0.49980000 -0.49980000 0.70730000
vn 0.59350000 -0.39640000 0.70040000
vn 0.83150000 -0.55550000 -0.00000000
vn 0.80420000 -0.53740000 0.25410000
vn 0.80420000 -0.53730000 0.25410000
vn 0.83150000 -0.55560000 -0.00000000
vn 0.70710000 -0.70710000 -0.00000000
vn 0.68300000 -0.68300000 0.25870000
vn 0.59340000 -0.39650000 0.70050000
vn 0.25890000 -0.05170000 0.96450000
vn 0.59350000 -0.39640000 0.70040000
vn 0.69990000 -0.13960000 0.70050000
vn 0.21960000 -0.14670000 0.96450000
vn 0.59340000 -0.39650000 0.70050000
vn 0.94860000 -0.18870000 0.25410000
vn 0.70010000 -0.13930000 0.70030000
vn 0.80420000 -0.53740000 0.25410000
vn 0.80420000 -0.53730000 0.25410000
vn 0.69990000 -0.13960000 0.70050000
vn 0.94860000 -0.18870000 0.25410000
vn 0.80420000 -0.53730000 0.25410000
vn 0.98080000 -0.19520000 -0.00000000
vn 0.83150000 -0.55560000 -0.00000000
vn 0.94860000 -0.18880000 0.25410000
vn -0.25050000 0.25050000 0.93520000
vn -0.68440000 0.25010000 0.68490000
vn -0.25870000 -0.00000000 0.96590000
vn -0.70730000 -0.00000000 0.70690000
vn -0.68480000 0.25070000 0.68430000
vn -0.93510000 0.25090000 0.25010000
vn -0.69460000 0.69500000 0.18580000
vn -0.69470000 0.69490000 0.18600000
vn -0.68440000 0.25010000 0.68490000
vn -0.68480000 0.25070000 0.68430000
vn -0.50840000 0.69480000 0.50870000
vn -0.25050000 0.25050000 0.93520000
vn -0.00000000 0.25910000 0.96590000
vn -0.25080000 0.25080000 0.93500000
vn -0.25870000 -0.00000000 0.96590000
vn -0.00000000 -0.00000000 1.00000000
vn -0.25050000 0.25050000 0.93520000
vn -0.25080000 0.25080000 0.93500000
vn -0.50840000 0.69480000 0.50870000
vn -0.50840000 0.69500000 0.50840000
vn -0.68440000 0.25010000 0.68490000
vn -0.18630000 0.69480000 0.69460000
vn -0.50840000 0.69500000 0.50840000
vn -0.18910000 0.96360000 0.18910000
vn -0.25830000 0.96360000 0.06920000
vn -0.69470000 0.69490000 0.18600000
vn -0.25820000 0.96360000 0.06910000
vn -0.50840000 0.69480000 0.50870000
vn -0.18620000 0.69470000 0.69470000
vn -0.06920000 0.96360000 0.25820000
vn -0.18910000 0.96360000 0.18900000
vn -0.18630000 0.69480000 0.69460000
vn -0.18910000 0.96360000 0.18910000
vn -0.50840000 0.69500000 0.50840000
vn -0.00000000 1.00000000 -0.00000000
vn -0.06920000 0.96360000 0.25820000
vn -0.18910000 0.96360000 0.18900000
vn -0.00000000 1.00000000 -0.00000000
vn -0.00000000 -0.00000000 1.00000000
vn -0.18920000 0.18920000 0.96350000
vn -0.25920000 -0.00000000 0.96580000
vn -0.25860000 0.06910000 0.96350000
vn -0.12950000 0.22440000 0.96590000
vn -0.18920000 0.18920000 0.96350000
vn -0.35360000 0.61240000 0.70710000
vn -0.12950000 0.22440000 0.96590000
vn -0.35360000 0.61250000 0.70700000
vn -0.50860000 0.50860000 0.69470000
vn -0.50860000 0.50860000 0.69470000
vn -0.50880000 0.50850000 0.69460000
vn -0.25860000 0.06910000 0.96350000
vn -0.69520000 0.18570000 0.69450000
vn -0.18920000 0.18920000 0.96350000
vn -0.50880000 0.50850000 0.69460000
vn -0.68480000 0.68440000 0.25030000
vn -0.48300000 0.83660000 0.25860000
vn -0.48290000 0.83640000 0.25910000
vn -0.35360000 0.61240000 0.70710000
vn -0.50860000 0.50860000 0.69470000
vn -0.93460000 0.25140000 0.25150000
vn -0.69420000 0.18670000 0.69510000
vn -0.68390000 0.68490000 0.25120000
vn -0.69520000 0.18570000 0.69450000
vn -0.50880000 0.50850000 0.69460000
vn -0.68480000 0.68440000 0.25030000
vn -0.70660000 -0.00000000 0.70760000
vn -0.69420000 0.18670000 0.69510000
vn -0.25860000 0.06910000 0.96350000
vn -0.25920000 -0.00000000 0.96580000
vn -0.69520000 0.18570000 0.69450000
vn -0.93550000 0.24970000 0.24980000
vn -0.93460000 0.25140000 0.25150000
vn -0.96610000 0.25830000 -0.00000000
vn -0.70660000 0.70760000 -0.00000000
vn -0.96610000 0.25820000 -0.00000000
vn -0.68390000 0.68490000 0.25120000
vn -1.00000000 -0.00000000 -0.00000000
vn -0.93550000 0.24970000 0.24980000
vn -1.00000000 -0.00000000 -0.00000000
vn -0.96610000 0.25820000 -0.00000000
vn -0.96620000 -0.00000000 0.25800000
vn -0.18620000 -0.69470000 0.69480000
vn -0.06930000 -0.25840000 0.96360000
vn -0.50880000 -0.50840000 0.69470000
vn -0.18930000 -0.18910000 0.96350000
vn -0.18930000 -0.18910000 0.96350000
vn -0.25920000 -0.00000000 0.96580000
vn -0.25920000 -0.00000000 0.96580000
vn -0.06930000 -0.25840000 0.96360000
vn -0.00000000 -0.25900000 0.96590000
vn -0.00000000 -0.00000000 1.00000000
vn -0.25860000 -0.06910000 0.96350000
vn -0.00000000 -0.70710000 0.70710000
vn -0.18610000 -0.69470000 0.69480000
vn -0.00000000 -0.70710000 0.70710000
vn -0.25070000 -0.93510000 0.25060000
vn -0.00000000 -0.96590000 0.25890000
vn -0.25050000 -0.93520000 0.25040000
vn -0.25900000 -0.96590000 -0.00000000
vn -0.70660000 -0.70760000 -0.00000000
vn -0.25900000 -0.96590000 -0.00000000
vn -0.25070000 -0.93510000 0.25060000
vn -0.25050000 -0.93520000 0.25040000
vn -0.68410000 -0.68510000 0.25030000
vn -0.50880000 -0.50840000 0.69470000
vn -0.68480000 -0.68420000 0.25070000
vn -0.25050000 -0.93520000 0.25040000
vn -0.18610000 -0.69470000 0.69480000
vn -0.68410000 -0.68510000 0.25030000
vn -0.18620000 -0.69470000 0.69480000
vn -0.69460000 -0.18680000 0.69470000
vn -0.50880000 -0.50840000 0.69470000
vn -0.68480000 -0.68420000 0.25070000
vn -0.93510000 -0.25150000 0.24970000
vn -0.93510000 -0.24990000 0.25110000
vn -0.50880000 -0.50840000 0.69470000
vn -0.96620000 -0.00000000 0.25800000
vn -0.96620000 -0.00000000 0.25800000
vn -0.70660000 -0.00000000 0.70760000
vn -0.93510000 -0.25150000 0.24970000
vn -0.69460000 -0.18680000 0.69470000
vn -0.69440000 -0.18540000 0.69530000
vn -0.69440000 -0.18540000 0.69530000
vn -0.18930000 -0.18910000 0.96350000
vn -0.50880000 -0.50840000 0.69470000
vn -0.69460000 -0.18680000 0.69470000
vn -0.25860000 -0.06910000 0.96350000
vn 0.50000000 -0.50000000 -0.70710000
vn 0.18340000 -0.18340000 -0.96580000
vn 0.18330000 -0.18330000 -0.96580000
vn 0.59350000 -0.39640000 -0.70050000
vn 0.59340000 -0.39650000 -0.70040000
vn 0.21960000 -0.14670000 -0.96450000
vn 0.50010000 -0.50010000 -0.70700000
vn 0.80420000 -0.53740000 -0.25410000
vn 0.59340000 -0.39650000 -0.70040000
vn 0.80420000 -0.53730000 -0.25410000
vn 0.50000000 -0.50000000 -0.70710000
vn 0.68300000 -0.68300000 -0.25870000
vn -0.18620000 0.69470000 0.69470000
vn -0.25080000 0.25080000 0.93500000
vn -0.18630000 0.69480000 0.69460000
vn -0.00000000 0.25910000 0.96590000
vn -0.00000000 0.70710000 0.70710000
vn -0.00000000 0.25910000 0.96590000
vn -0.00000000 -0.00000000 1.00000000
vn -0.06930000 0.25850000 0.96350000
vn -0.00000000 -0.00000000 1.00000000
vn -0.00000000 0.25910000 0.96590000
vn -0.12950000 0.22440000 0.96590000
vn -0.00000000 0.25910000 0.96590000
vn -0.18620000 0.69470000 0.69470000
vn -0.00000000 0.70710000 0.70710000
vn -0.06930000 0.25850000 0.96350000
vn -0.18620000 0.69470000 0.69470000
vn -0.00000000 0.96590000 0.25890000
vn -0.00000000 0.70710000 0.70710000
vn -0.00000000 0.70710000 0.70710000
vn -0.06920000 0.96360000 0.25820000
vn -0.06920000 0.96360000 0.25820000
vn -0.25070000 0.93510000 0.25060000
vn -0.18620000 0.69470000 0.69470000
vn -0.18620000 0.69470000 0.69470000
vn -0.00000000 0.96590000 0.25890000
vn -0.00000000 0.70710000 0.70710000
vn -0.25050000 0.93510000 0.25070000
vn -0.35360000 0.61250000 0.70700000
vn -0.48290000 0.83640000 0.25910000
vn -0.18620000 0.69470000 0.69470000
vn -0.35360000 0.61240000 0.70710000
vn -0.25070000 0.93510000 0.25060000
vn -0.50000000 0.86600000 -0.00000000
vn -0.68390000 0.68490000 0.25120000
vn -0.68480000 0.68440000 0.25030000
vn -0.70640000 0.70780000 -0.00000000
vn -0.48300000 0.83660000 0.25860000
vn -0.70660000 0.70760000 -0.00000000
vn -0.96610000 -0.25820000 -0.00000000
vn -1.00000000 -0.00000000 -0.00000000
vn -0.93530000 -0.25010000 -0.25020000
vn -0.96620000 -0.00000000 -0.25800000
vn -0.25920000 -0.00000000 -0.96580000
vn -0.70660000 -0.00000000 -0.70760000
vn -0.70660000 -0.00000000 -0.70760000
vn -0.25860000 0.06910000 -0.96350000
vn -0.69460000 0.18550000 -0.69510000
vn -0.93530000 -0.25010000 -0.25020000
vn -0.93480000 -0.25120000 -0.25120000
vn -0.69420000 -0.18670000 -0.69510000
vn -0.96620000 -0.00000000 -0.25800000
vn -0.70660000 -0.00000000 -0.70760000
vn -0.69510000 -0.18560000 -0.69450000
vn -0.25860000 -0.06910000 -0.96350000
vn -0.69420000 -0.18670000 -0.69510000
vn -0.25920000 -0.00000000 -0.96580000
vn -0.70660000 -0.00000000 -0.70760000
vn -0.25070000 -0.93510000 -0.25040000
vn -0.25900000 -0.96590000 -0.00000000
vn -0.68490000 -0.68440000 -0.25020000
vn -0.68400000 -0.68490000 -0.25110000
vn -0.70690000 -0.70730000 -0.00000000
vn -0.70660000 -0.70760000 -0.00000000
vn -0.70660000 -0.70760000 -0.00000000
vn -0.96620000 -0.25790000 -0.00000000
vn -0.70690000 -0.70730000 -0.00000000
vn -0.68410000 -0.68510000 0.25030000
vn -0.68480000 -0.68420000 0.25070000
vn -0.93510000 -0.24990000 0.25110000
vn -0.93510000 -0.24990000 0.25110000
vn -0.93510000 -0.25150000 0.24970000
vn -0.96610000 -0.25820000 -0.00000000
vn -1.00000000 -0.00000000 -0.00000000
vn -0.96620000 -0.25790000 -0.00000000
vn -0.96620000 -0.00000000 0.25800000
vn 0.14680000 -0.21940000 -0.96450000
vn 0.13930000 -0.70000000 -0.70040000
vn 0.05150000 -0.25860000 -0.96460000
vn 0.39680000 -0.59340000 -0.70030000
vn 0.39690000 -0.59340000 -0.70030000
vn 0.05150000 -0.25860000 -0.96460000
vn -0.00000000 -0.70700000 -0.70720000
vn -0.00000000 -0.25880000 -0.96590000
vn 0.13930000 -0.70000000 -0.70040000
vn -0.00000000 -0.25930000 -0.96580000
vn 0.13920000 -0.70030000 -0.70010000
vn 0.19520000 -0.98080000 -0.00000000
vn 0.55520000 -0.83170000 -0.00000000
vn 0.53740000 -0.80410000 -0.25410000
vn 0.18880000 -0.94860000 -0.25410000
vn 0.18860000 -0.94860000 -0.25400000
vn 0.19520000 -0.98080000 -0.00000000
vn 0.50010000 -0.50010000 -0.70700000
vn 0.18330000 -0.18330000 -0.96580000
vn 0.50000000 -0.50000000 -0.70710000
vn 0.39690000 -0.59340000 -0.70030000
vn 0.14680000 -0.21940000 -0.96450000
vn 0.39680000 -0.59340000 -0.70030000
vn 0.50010000 -0.50010000 -0.70700000
vn 0.39690000 -0.59340000 -0.70030000
vn 0.53760000 -0.80390000 -0.25450000
vn 0.68300000 -0.68300000 -0.25870000
vn 0.68300000 -0.68290000 -0.25920000
vn 0.13920000 -0.70030000 -0.70010000
vn 0.13930000 -0.70000000 -0.70040000
vn 0.53760000 -0.80390000 -0.25450000
vn 0.39680000 -0.59340000 -0.70030000
vn 0.18860000 -0.94860000 -0.25400000
vn 0.53740000 -0.80410000 -0.25410000
vn 0.55520000 -0.83170000 -0.00000000
vn 0.68300000 -0.68290000 -0.25920000
vn 0.70710000 -0.70710000 -0.00000000
vn 0.53760000 -0.80390000 -0.25450000
vn 0.53740000 -0.80410000 -0.25410000
vn 0.55530000 -0.83170000 -0.00000000
vn 0.25890000 -0.00000000 -0.96590000
vn -0.00000000 -0.00000000 -1.00000000
vn 0.21960000 -0.14670000 -0.96450000
vn 0.18340000 -0.18340000 -0.96580000
vn -0.00000000 -0.00000000 -1.00000000
vn 0.25890000 -0.05170000 -0.96450000
vn 0.25930000 -0.00000000 -0.96580000
vn 0.80420000 -0.53740000 -0.25410000
vn 0.59350000 -0.39640000 -0.70050000
vn 0.94860000 -0.18880000 -0.25410000
vn 0.59340000 -0.39650000 -0.70040000
vn 0.94860000 -0.18870000 -0.25420000
vn 0.70000000 -0.13920000 -0.70050000
vn 0.80420000 -0.53730000 -0.25410000
vn 0.80420000 -0.53740000 -0.25410000
vn 0.94860000 -0.18880000 -0.25410000
vn 0.83150000 -0.55550000 -0.00000000
vn 0.98080000 -0.19520000 -0.00000000
vn 0.83150000 -0.55560000 -0.00000000
vn 0.70730000 -0.00000000 -0.70690000
vn 0.25890000 -0.00000000 -0.96590000
vn 0.25890000 -0.05170000 -0.96450000
vn 0.70700000 -0.00000000 -0.70720000
vn 0.70010000 -0.13970000 -0.70030000
vn 0.25890000 -0.05170000 -0.96450000
vn 0.70010000 -0.13970000 -0.70030000
vn 0.21960000 -0.14670000 -0.96450000
vn 0.59350000 -0.39640000 -0.70050000
vn 0.70000000 -0.13920000 -0.70050000
vn -0.12950000 0.22440000 0.96590000
vn -0.12950000 0.22440000 0.96590000
vn -0.35360000 0.61250000 0.70700000
vn -0.06930000 0.25850000 0.96350000
vn -0.18620000 0.69470000 0.69470000
vn -0.93510000 0.24960000 -0.25140000
vn -0.70640000 0.70780000 -0.00000000
vn -0.68460000 0.68420000 -0.25150000
vn -0.68410000 0.68500000 -0.25030000
vn -0.96610000 0.25830000 -0.00000000
vn -0.70660000 0.70760000 -0.00000000
vn -0.68460000 0.68420000 -0.25150000
vn -0.50880000 0.50850000 -0.69470000
vn -0.68410000 0.68500000 -0.25030000
vn -0.35360000 0.61240000 -0.70710000
vn -0.35360000 0.61250000 -0.70700000
vn -0.48300000 0.83660000 -0.25860000
vn -0.25920000 -0.00000000 -0.96580000
vn -0.25860000 0.06910000 -0.96350000
vn -0.12950000 0.22440000 -0.96590000
vn -0.18920000 0.18920000 -0.96350000
vn -0.00000000 -0.00000000 -1.00000000
vn -0.25920000 -0.00000000 -0.96580000
vn -0.69470000 0.18690000 -0.69460000
vn -0.25860000 0.06910000 -0.96350000
vn -0.18920000 0.18920000 -0.96350000
vn -0.50870000 0.50870000 -0.69460000
vn -0.69460000 0.18550000 -0.69510000
vn -0.69460000 0.18550000 -0.69510000
vn -0.70660000 -0.00000000 -0.70760000
vn -0.96620000 -0.00000000 -0.25800000
vn -0.93510000 0.25150000 -0.24970000
vn -0.96620000 -0.00000000 -0.25800000
vn -0.69470000 0.18690000 -0.69460000
vn -0.93510000 0.24960000 -0.25140000
vn -0.50880000 0.50850000 -0.69470000
vn -0.50870000 0.50870000 -0.69460000
vn -0.93510000 0.25150000 -0.24970000
vn -0.68460000 0.68420000 -0.25150000
vn -0.69470000 0.18690000 -0.69460000
vn -1.00000000 -0.00000000 -0.00000000
vn -0.96620000 -0.00000000 -0.25800000
vn -0.93510000 0.24960000 -0.25140000
vn -0.96610000 0.25820000 -0.00000000
vn -0.96610000 0.25830000 -0.00000000
vn -0.93510000 0.25150000 -0.24970000
vn -0.50830000 -0.50860000 -0.69490000
vn -0.18620000 -0.69470000 -0.69480000
vn -0.18610000 -0.69470000 -0.69480000
vn -0.06930000 -0.25840000 -0.96360000
vn -0.18930000 -0.18910000 -0.96350000
vn -0.18930000 -0.18910000 -0.96350000
vn -0.25860000 -0.06910000 -0.96350000
vn -0.69510000 -0.18560000 -0.69450000
vn -0.50880000 -0.50840000 -0.69470000
vn -0.50830000 -0.50860000 -0.69490000
vn -0.50830000 -0.50860000 -0.69490000
vn -0.25070000 -0.93510000 -0.25040000
vn -0.25050000 -0.93510000 -0.25060000
vn -0.50880000 -0.50840000 -0.69470000
vn -0.18610000 -0.69470000 -0.69480000
vn -0.68490000 -0.68440000 -0.25020000
vn -0.69420000 -0.18670000 -0.69510000
vn -0.50880000 -0.50840000 -0.69470000
vn -0.93480000 -0.25120000 -0.25120000
vn -0.69510000 -0.18560000 -0.69450000
vn -0.68400000 -0.68490000 -0.25110000
vn -0.68490000 -0.68440000 -0.25020000
vn -0.93480000 -0.25120000 -0.25120000
vn -0.68400000 -0.68490000 -0.25110000
vn -0.96610000 -0.25820000 -0.00000000
vn -0.70690000 -0.70730000 -0.00000000
vn -0.93530000 -0.25010000 -0.25020000
vn -0.96620000 -0.25790000 -0.00000000
vn -0.25890000 -0.96590000 -0.00000000
vn -0.25890000 -0.96590000 -0.00000000
vn -0.00000000 -1.00000000 -0.00000000
vn -0.25060000 -0.93510000 -0.25050000
vn -0.00000000 -0.96590000 -0.25880000
vn -0.25050000 -0.93510000 -0.25060000
vn -0.00000000 -1.00000000 -0.00000000
vn 0.18880000 -0.94860000 -0.25410000
vn -0.00000000 -1.00000000 -0.00000000
vn -0.00000000 -1.00000000 -0.00000000
vn 0.19520000 -0.98080000 -0.00000000
vn -0.00000000 -0.96590000 -0.25880000
vn -0.00000000 -0.96590000 -0.25880000
vn -0.18620000 -0.69480000 -0.69460000
vn -0.25050000 -0.93510000 -0.25060000
vn -0.00000000 -0.96590000 -0.25880000
vn -0.18610000 -0.69460000 -0.69490000
vn -0.00000000 -0.70700000 -0.70720000
vn -0.00000000 -0.96590000 -0.25880000
vn 0.18880000 -0.94860000 -0.25410000
vn 0.18860000 -0.94860000 -0.25400000
vn 0.13920000 -0.70030000 -0.70010000
vn -0.00000000 -0.70700000 -0.70720000
vn -0.06930000 -0.25860000 -0.96350000
vn -0.18620000 -0.69480000 -0.69460000
vn -0.00000000 -0.25930000 -0.96580000
vn -0.00000000 -0.70700000 -0.70720000
vn -0.00000000 -0.70700000 -0.70720000
vn 0.05150000 -0.25860000 -0.96460000
vn 0.14680000 -0.21940000 -0.96450000
vn -0.00000000 -0.00000000 -1.00000000
vn 0.18340000 -0.18340000 -0.96580000
vn 0.18330000 -0.18330000 -0.96580000
vn -0.00000000 -0.25880000 -0.96590000
vn 0.96590000 -0.00000000 -0.25880000
vn 0.70010000 -0.13970000 -0.70030000
vn 0.94860000 -0.18870000 -0.25420000
vn 0.70700000 -0.00000000 -0.70720000
vn 0.70000000 -0.13920000 -0.70050000
vn 0.96590000 -0.00000000 -0.25880000
vn -0.25880000 0.96590000 0.00240000
vn -0.48300000 0.83660000 0.25860000
vn -0.50000000 0.86600000 -0.00000000
vn -0.48290000 0.83640000 0.25910000
vn -0.38250000 0.92390000 -0.00000000
vn -0.25050000 0.93510000 0.25070000
vn -0.00000000 0.25910000 -0.96590000
vn -0.03410000 0.25890000 -0.96530000
vn -0.00000000 -0.00000000 -1.00000000
vn -0.12950000 0.22440000 -0.96590000
vn -0.00000000 -0.00000000 -1.00000000
vn -0.10000000 0.24120000 -0.96530000
vn -0.35360000 0.61240000 -0.70710000
vn -0.10000000 0.24120000 -0.96530000
vn -0.27190000 0.65610000 -0.70400000
vn -0.35360000 0.61250000 -0.70700000
vn -0.12950000 0.22440000 -0.96590000
vn -0.12950000 0.22440000 -0.96590000
vn -0.35360000 0.61240000 -0.70710000
vn -0.12950000 0.22440000 -0.96590000
vn -0.18920000 0.18920000 -0.96350000
vn -0.50880000 0.50850000 -0.69470000
vn -0.50870000 0.50870000 -0.69460000
vn -0.00000000 -0.70710000 -0.70710000
vn -0.00000000 -0.25900000 -0.96590000
vn -0.06930000 -0.25840000 -0.96360000
vn -0.18620000 -0.69470000 -0.69480000
vn -0.00000000 -0.70710000 -0.70710000
vn -0.00000000 -0.70710000 -0.70710000
vn -0.06920000 -0.96360000 -0.25820000
vn -0.18620000 -0.69470000 -0.69470000
vn -0.00000000 -0.96590000 -0.25890000
vn -0.00000000 -0.70710000 -0.70710000
vn -0.18620000 -0.69470000 -0.69480000
vn -0.00000000 -0.96590000 -0.25890000
vn -0.18610000 -0.69470000 -0.69480000
vn -0.25050000 -0.93510000 -0.25060000
vn -0.69460000 -0.69500000 -0.18580000
vn -0.93520000 -0.25050000 -0.25050000
vn -0.70690000 -0.70730000 -0.00000000
vn -0.96610000 -0.25810000 -0.00000000
vn -0.93520000 -0.25020000 -0.25080000
vn -0.68440000 -0.68470000 -0.25050000
vn -0.70690000 -0.70730000 -0.00000000
vn -0.68430000 -0.68480000 -0.25060000
vn -0.25890000 -0.96590000 -0.00000000
vn -0.70690000 -0.70730000 -0.00000000
vn -0.25060000 -0.93510000 -0.25050000
vn -0.50850000 -0.50850000 -0.69490000
vn -0.18940000 -0.18930000 -0.96350000
vn -0.25870000 -0.06930000 -0.96350000
vn -0.69480000 -0.18590000 -0.69480000
vn -0.50870000 -0.50830000 -0.69490000
vn -0.50870000 -0.50830000 -0.69490000
vn -0.18610000 -0.69460000 -0.69490000
vn -0.18620000 -0.69480000 -0.69460000
vn -0.06930000 -0.25860000 -0.96350000
vn -0.18940000 -0.18930000 -0.96350000
vn -0.70670000 -0.00000000 -0.70750000
vn -0.69440000 -0.18620000 -0.69510000
vn -0.25930000 -0.00000000 -0.96580000
vn -0.69480000 -0.18590000 -0.69480000
vn -0.25870000 -0.06930000 -0.96350000
vn -0.68440000 -0.68470000 -0.25050000
vn -0.68430000 -0.68480000 -0.25060000
vn -0.50850000 -0.50850000 -0.69490000
vn -0.69440000 -0.18620000 -0.69510000
vn -0.69480000 -0.18590000 -0.69480000
vn -0.93500000 -0.25070000 -0.25070000
vn -0.25060000 -0.93510000 -0.25050000
vn -0.50850000 -0.50850000 -0.69490000
vn -0.50870000 -0.50830000 -0.69490000
vn -0.18610000 -0.69460000 -0.69490000
vn -0.68440000 -0.68470000 -0.25050000
vn -0.25050000 -0.93510000 -0.25060000
vn -0.93500000 -0.25070000 -0.25070000
vn -0.68430000 -0.68480000 -0.25060000
vn -0.96600000 -0.25850000 -0.00000000
vn -0.93530000 -0.25020000 -0.25030000
vn -0.96610000 -0.25810000 -0.00000000
vn -0.70690000 -0.70730000 -0.00000000
vn -0.93530000 -0.25020000 -0.25030000
vn -0.69440000 -0.18620000 -0.69510000
vn -0.70670000 -0.00000000 -0.70750000
vn -0.93500000 -0.25070000 -0.25070000
vn -0.96610000 -0.00000000 -0.25810000
vn 0.18930000 0.18940000 -0.96350000
vn 0.50850000 0.50850000 -0.69490000
vn 0.50820000 0.50860000 -0.69500000
vn 0.25860000 0.06930000 -0.96350000
vn 0.69460000 0.18620000 -0.69490000
vn 0.06930000 0.25840000 -0.96360000
vn 0.18620000 0.69460000 -0.69490000
vn 0.18600000 0.69460000 -0.69490000
vn 0.50820000 0.50860000 -0.69500000
vn 0.18930000 0.18940000 -0.96350000
vn 0.68460000 0.68460000 -0.25050000
vn 0.50850000 0.50850000 -0.69490000
vn 0.50820000 0.50860000 -0.69500000
vn 0.25050000 0.93510000 -0.25060000
vn 0.25060000 0.93510000 -0.25050000
vn 0.18600000 0.69460000 -0.69490000
vn 0.69460000 0.18620000 -0.69490000
vn 0.25860000 0.06930000 -0.96350000
vn 0.25930000 -0.00000000 -0.96580000
vn 0.25890000 -0.00000000 -0.96590000
vn 0.70730000 -0.00000000 -0.70690000
vn 0.69460000 0.18610000 -0.69490000
vn 0.68460000 0.68460000 -0.25050000
vn 0.69460000 0.18620000 -0.69490000
vn 0.50850000 0.50850000 -0.69490000
vn 0.68460000 0.68460000 -0.25050000
vn 0.93520000 0.25050000 -0.25050000
vn 0.69460000 0.18610000 -0.69490000
vn 0.61010000 0.79230000 -0.00290000
vn 0.96590000 0.25890000 -0.00000000
vn 0.93520000 0.25050000 -0.25050000
vn 0.68460000 0.68460000 -0.25050000
vn 0.70710000 0.70710000 -0.00000000
vn 0.79410000 0.60770000 -0.00000000
vn 0.93510000 0.25060000 -0.25050000
vn 0.93520000 0.25050000 -0.25050000
vn 0.70700000 -0.00000000 -0.70720000
vn 0.93510000 0.25060000 -0.25050000
vn 0.70730000 -0.00000000 -0.70690000
vn 0.96590000 -0.00000000 -0.25880000
vn 0.69460000 0.18610000 -0.69490000
vn -0.09270000 0.70400000 -0.70410000
vn -0.09260000 0.70410000 -0.70410000
vn -0.12600000 0.95820000 -0.25670000
vn -0.36960000 0.89300000 -0.25680000
vn -0.36970000 0.89290000 -0.25680000
vn -0.27190000 0.65610000 -0.70400000
vn -0.12600000 0.95820000 -0.25670000
vn -0.25880000 0.96590000 0.00240000
vn -0.38250000 0.92390000 -0.00000000
vn -0.36970000 0.89290000 -0.25680000
vn -0.12620000 0.95820000 -0.25680000
vn -0.13060000 0.99140000 -0.00000000
vn -0.09270000 0.70400000 -0.70410000
vn -0.27190000 0.65610000 -0.70400000
vn -0.10000000 0.24120000 -0.96530000
vn -0.03410000 0.25890000 -0.96530000
vn -0.48300000 0.83660000 -0.25870000
vn -0.35360000 0.61250000 -0.70700000
vn -0.27190000 0.65610000 -0.70400000
vn -0.27190000 0.65610000 -0.70400000
vn -0.48300000 0.83660000 -0.25860000
vn -0.36960000 0.89300000 -0.25680000
vn -0.50840000 -0.69500000 -0.50840000
vn -0.18620000 -0.69470000 -0.69470000
vn -0.18630000 -0.69480000 -0.69460000
vn -0.18910000 -0.96360000 -0.18910000
vn -0.18910000 -0.96360000 -0.18900000
vn -0.06920000 -0.96360000 -0.25820000
vn -0.18910000 -0.96360000 -0.18910000
vn -0.25830000 -0.96360000 -0.06910000
vn -0.50840000 -0.69500000 -0.50840000
vn -0.69470000 -0.69490000 -0.18600000
vn -0.50840000 -0.69480000 -0.50870000
vn -0.25830000 -0.96360000 -0.06920000
vn -0.25830000 -0.96360000 -0.06910000
vn -0.25890000 -0.96590000 -0.00000000
vn -0.69470000 -0.69490000 -0.18600000
vn -0.69460000 -0.69500000 -0.18580000
vn -0.70690000 -0.70730000 -0.00000000
vn -0.18630000 -0.69480000 -0.69460000
vn -0.50840000 -0.69500000 -0.50840000
vn -0.68440000 -0.25000000 -0.68490000
vn -0.50840000 -0.69480000 -0.50870000
vn -0.25050000 -0.25040000 -0.93520000
vn -0.25080000 -0.25070000 -0.93500000
vn -0.00000000 -0.25900000 -0.96590000
vn -0.18620000 -0.69470000 -0.69470000
vn -0.00000000 -0.70710000 -0.70710000
vn -0.00000000 -0.25900000 -0.96590000
vn -0.25080000 -0.25070000 -0.93500000
vn -0.18630000 -0.69480000 -0.69460000
vn -0.25080000 -0.25070000 -0.93500000
vn -0.00000000 -0.25900000 -0.96590000
vn -0.25050000 -0.25040000 -0.93520000
vn -0.25870000 -0.00000000 -0.96590000
vn -0.00000000 -0.00000000 -1.00000000
vn -0.00000000 -0.00000000 -1.00000000
vn -0.68480000 -0.25070000 -0.68430000
vn -0.68440000 -0.25000000 -0.68490000
vn -0.25050000 -0.25040000 -0.93520000
vn -0.70730000 -0.00000000 -0.70690000
vn -0.25870000 -0.00000000 -0.96590000
vn -0.68440000 -0.25000000 -0.68490000
vn -0.93520000 -0.25050000 -0.25050000
vn -0.68480000 -0.25070000 -0.68430000
vn -0.69460000 -0.69500000 -0.18580000
vn -0.69470000 -0.69490000 -0.18600000
vn -0.50840000 -0.69480000 -0.50870000
vn -0.68480000 -0.25070000 -0.68430000
vn -0.93520000 -0.25020000 -0.25080000
vn -0.93520000 -0.25050000 -0.25050000
vn -0.96580000 -0.00000000 -0.25930000
vn -0.70730000 -0.00000000 -0.70690000
vn -1.00000000 -0.00000000 -0.00000000
vn -0.96600000 -0.25850000 -0.00000000
vn -0.93530000 -0.25020000 -0.25030000
vn -0.96610000 -0.00000000 -0.25810000
vn -0.18940000 0.18940000 -0.96350000
vn -0.00000000 -0.00000000 -1.00000000
vn -0.25930000 -0.00000000 -0.96580000
vn -0.25930000 -0.00000000 -0.96580000
vn -0.06930000 0.25870000 -0.96350000
vn -0.25870000 0.06930000 -0.96350000
vn -0.00000000 0.25880000 -0.96590000
vn -0.00000000 -0.00000000 -1.00000000
vn -0.00000000 -0.25930000 -0.96580000
vn -0.00000000 -0.00000000 -1.00000000
vn -0.18940000 -0.18930000 -0.96350000
vn -0.25930000 -0.00000000 -0.96580000
vn -0.25870000 -0.06930000 -0.96350000
vn -0.00000000 -0.25880000 -0.96590000
vn -0.06930000 -0.25860000 -0.96350000
vn -0.25890000 0.96590000 -0.00000000
vn -0.00000000 0.96590000 -0.25880000
vn -0.25060000 0.93510000 -0.25050000
vn -0.00000000 1.00000000 -0.00000000
vn -0.00000000 0.96590000 -0.25880000
vn -0.00000000 0.96590000 -0.25880000
vn 0.25050000 0.93510000 -0.25060000
vn -0.00000000 0.70700000 -0.70720000
vn 0.18620000 0.69460000 -0.69490000
vn 0.18600000 0.69460000 -0.69490000
vn -0.00000000 0.70700000 -0.70720000
vn -0.00000000 0.70700000 -0.70720000
vn -0.00000000 0.25930000 -0.96580000
vn 0.18620000 0.69460000 -0.69490000
vn 0.06930000 0.25840000 -0.96360000
vn -0.06930000 0.25870000 -0.96350000
vn -0.00000000 0.25930000 -0.96580000
vn -0.00000000 0.70700000 -0.70720000
vn -0.18610000 0.69460000 -0.69490000
vn -0.18610000 0.69460000 -0.69490000
vn -0.00000000 0.25880000 -0.96590000
vn -0.00000000 0.70710000 -0.70710000
vn -0.09270000 0.70400000 -0.70410000
vn -0.00000000 0.25910000 -0.96590000
vn -0.09260000 0.70410000 -0.70410000
vn -0.03410000 0.25890000 -0.96530000
vn -0.00000000 0.25910000 -0.96590000
vn -0.18630000 0.69470000 -0.69470000
vn -0.25080000 0.25050000 -0.93510000
vn -0.00000000 0.25910000 -0.96590000
vn -0.00000000 0.70710000 -0.70710000
vn -0.25050000 0.25080000 -0.93510000
vn -0.00000000 0.96590000 -0.25890000
vn -0.00000000 0.70710000 -0.70710000
vn -0.12600000 0.95820000 -0.25670000
vn -0.12620000 0.95820000 -0.25680000
vn -0.00000000 0.70710000 -0.70710000
vn -0.09260000 0.70410000 -0.70410000
vn -0.68490000 0.25000000 -0.68440000
vn -0.25870000 -0.00000000 -0.96590000
vn -0.25080000 0.25050000 -0.93510000
vn -0.25050000 0.25080000 -0.93510000
vn -0.70730000 -0.00000000 -0.70690000
vn -0.25870000 -0.00000000 -0.96590000
vn -0.96580000 -0.00000000 -0.25930000
vn -0.70730000 -0.00000000 -0.70690000
vn -0.93490000 0.25090000 -0.25100000
vn -0.68430000 0.25070000 -0.68470000
vn -0.68490000 0.25000000 -0.68440000
vn -0.70730000 -0.00000000 -0.70690000
vn -0.18610000 0.69460000 -0.69490000
vn -0.50840000 0.50860000 -0.69490000
vn -0.18940000 0.18940000 -0.96350000
vn -0.06930000 0.25870000 -0.96350000
vn -0.50840000 0.50840000 -0.69500000
vn -0.70670000 -0.00000000 -0.70750000
vn -0.70670000 -0.00000000 -0.70750000
vn -0.69440000 0.18610000 -0.69510000
vn -0.25930000 -0.00000000 -0.96580000
vn -0.25870000 0.06930000 -0.96350000
vn -0.50840000 0.50840000 -0.69500000
vn -0.18940000 0.18940000 -0.96350000
vn -0.25870000 0.06930000 -0.96350000
vn -0.69460000 0.18630000 -0.69480000
vn -0.69440000 0.18610000 -0.69510000
vn -0.70670000 -0.00000000 -0.70750000
vn -0.69440000 0.18610000 -0.69510000
vn -0.96610000 -0.00000000 -0.25810000
vn -0.69460000 0.18630000 -0.69480000
vn -0.93510000 0.25080000 -0.25020000
vn -0.96610000 -0.00000000 -0.25810000
vn -0.25050000 0.93520000 -0.25050000
vn -0.68430000 0.68480000 -0.25050000
vn -0.68440000 0.68470000 -0.25060000
vn -0.18610000 0.69460000 -0.69490000
vn -0.50840000 0.50860000 -0.69490000
vn -0.00000000 0.96590000 -0.25880000
vn -0.25060000 0.93510000 -0.25050000
vn -0.25050000 0.93520000 -0.25050000
vn -0.18610000 0.69460000 -0.69490000
vn -0.00000000 0.70700000 -0.70720000
vn -0.93510000 0.25080000 -0.25020000
vn -0.93530000 0.25000000 -0.25060000
vn -0.50840000 0.50840000 -0.69500000
vn -0.50840000 0.50860000 -0.69490000
vn -0.68440000 0.68470000 -0.25060000
vn -0.69460000 0.18630000 -0.69480000
vn -0.25050000 0.93520000 -0.25050000
vn -0.25890000 0.96590000 -0.00000000
vn -0.70690000 0.70730000 -0.00000000
vn -0.68430000 0.68480000 -0.25050000
vn -0.25060000 0.93510000 -0.25050000
vn -0.25050000 0.25080000 -0.93510000
vn -0.25870000 -0.00000000 -0.96590000
vn -0.00000000 -0.00000000 -1.00000000
vn -0.00000000 0.25910000 -0.96590000
vn -0.68430000 0.25070000 -0.68470000
vn -0.25080000 0.25050000 -0.93510000
vn -0.68490000 0.25000000 -0.68440000
vn -0.18630000 0.69470000 -0.69470000
vn -0.50820000 0.69510000 -0.50850000
vn -0.18620000 0.69480000 -0.69470000
vn -0.50820000 0.69510000 -0.50850000
vn -0.93540000 0.25000000 -0.25020000
vn -0.93490000 0.25090000 -0.25100000
vn -0.68430000 0.25070000 -0.68470000
vn -0.69470000 0.69480000 -0.18580000
vn -0.50850000 0.69480000 -0.50850000
vn -0.25820000 0.96360000 -0.06920000
vn -0.25840000 0.96360000 -0.06920000
vn -0.70690000 0.70730000 -0.00000000
vn -0.70690000 0.70730000 -0.00000000
vn -0.69450000 0.69500000 -0.18600000
vn -0.25890000 0.96590000 -0.00000000
vn -0.00000000 0.70710000 -0.70710000
vn -0.00000000 0.96590000 -0.25890000
vn -0.18630000 0.69470000 -0.69470000
vn -0.06920000 0.96360000 -0.25820000
vn -0.18620000 0.69480000 -0.69470000
vn -0.50850000 0.69480000 -0.50850000
vn -0.06920000 0.96360000 -0.25820000
vn -0.50820000 0.69510000 -0.50850000
vn -0.18620000 0.69480000 -0.69470000
vn -0.18900000 0.96360000 -0.18900000
vn -0.06920000 0.96360000 -0.25820000
vn -0.00000000 1.00000000 -0.00000000
vn -0.06920000 0.96360000 -0.25820000
vn -0.00000000 0.96590000 -0.25890000
vn -0.00000000 1.00000000 -0.00000000
vn -0.50850000 0.69480000 -0.50850000
vn -0.18900000 0.96360000 -0.18900000
vn -0.69450000 0.69500000 -0.18600000
vn -0.18910000 0.96360000 -0.18900000
vn -0.25840000 0.96360000 -0.06920000
vn -0.69470000 0.69480000 -0.18580000
vn -0.00000000 1.00000000 -0.00000000
vn -0.00000000 1.00000000 -0.00000000
vn -0.25820000 0.96360000 -0.06920000
vn -0.18910000 0.96360000 -0.18900000
vn -0.00000000 1.00000000 -0.00000000
vn -0.25840000 0.96360000 -0.06920000
vn -0.25820000 0.96360000 -0.06920000
vn -0.25890000 0.96590000 -0.00000000
vn -0.00000000 1.00000000 -0.00000000
vn -0.25890000 0.96590000 -0.00000000
vn -0.00000000 1.00000000 -0.00000000
vn -0.69470000 0.69480000 -0.18580000
vn -0.69450000 0.69500000 -0.18600000
vn -0.70690000 0.70730000 -0.00000000
vn -0.93540000 0.25000000 -0.25020000
vn -0.96610000 0.25820000 -0.00000000
vn -0.96610000 0.25820000 -0.00000000
vn -0.96610000 0.25820000 -0.00000000
vn -0.68430000 0.68480000 -0.25050000
vn -0.68440000 0.68470000 -0.25060000
vn -0.70690000 0.70730000 -0.00000000
vn -0.93530000 0.25000000 -0.25060000
vn -0.00000000 -0.13060000 0.99140000
vn -0.00000000 -0.38270000 0.92390000
vn -0.92400000 -0.38230000 -0.00000000
vn -0.00000000 -0.38270000 0.92390000
vn -0.92400000 -0.38240000 -0.00000000
vn -0.99150000 -0.13000000 -0.00000000
vn -0.00000000 -0.38270000 -0.92390000
vn -0.92400000 -0.38240000 -0.00000000
vn -0.00000000 -0.70710000 -0.70710000
vn -0.70660000 -0.70760000 -0.00000000
vn -0.92400000 -0.38230000 -0.00000000
vn -0.00000000 -0.38270000 -0.92390000
vn -0.70670000 -0.70760000 -0.00000000
vn -0.00000000 -0.70710000 0.70710000
vn -0.00000000 -0.38270000 0.92390000
vn -0.70660000 -0.70760000 -0.00000000
vn -0.92400000 -0.38230000 -0.00000000
vn -0.70660000 -0.70760000 -0.00000000
vn -0.25900000 -0.96590000 -0.00000000
vn -0.70670000 -0.70760000 -0.00000000
vn -0.00000000 -0.96590000 -0.25890000
vn -0.00000000 -0.70710000 -0.70710000
vn -0.25900000 -0.96590000 -0.00000000
vn -0.00000000 -0.70710000 0.70710000
vn -0.70670000 -0.70760000 -0.00000000
vn -0.00000000 -0.70710000 0.70710000
vn -0.00000000 -0.96590000 0.25890000
vn -0.00000000 -0.70710000 -0.70710000
vn -0.70700000 -0.70720000 -0.00000000
vn -0.00000000 -0.96590000 -0.25890000
vn -0.25880000 -0.96590000 -0.00000000
vn -0.00000000 -0.70710000 -0.70710000
vn -0.25880000 -0.96590000 -0.00000000
vn -0.25900000 -0.96590000 -0.00000000
vn -0.25900000 -0.96590000 -0.00000000
vn -0.00000000 -0.96590000 -0.25890000
vn -0.00000000 -1.00000000 -0.00000000
vn -0.00000000 -0.13020000 -0.99150000
vn -0.00000000 -0.13050000 -0.99140000
vn -0.99150000 -0.12990000 -0.00000000
vn -0.99130000 -0.13190000 -0.00000000
vn -0.99150000 -0.13000000 -0.00000000
vn -0.92400000 -0.38240000 -0.00000000
vn -0.00000000 -0.13050000 -0.99140000
vn -0.00000000 -0.13060000 -0.99140000
vn -0.00000000 -0.38270000 -0.92390000
vn -0.99150000 -0.12990000 -0.00000000
vn -0.00000000 -0.13060000 -0.99140000
vn -0.92400000 -0.38230000 -0.00000000
vn -0.92420000 -0.38190000 -0.00000000
vn -0.99150000 -0.13010000 -0.00000000
vn -0.00000000 -0.38270000 -0.92390000
vn -0.00000000 -0.13020000 0.99150000
vn -0.00000000 -0.13050000 0.99140000
vn -0.99150000 -0.13010000 -0.00000000
vn -0.99130000 -0.13170000 -0.00000000
vn -0.92420000 -0.38190000 -0.00000000
vn -0.00000000 -0.38270000 0.92390000
vn -0.92400000 -0.38240000 -0.00000000
vn -0.00000000 -0.13050000 0.99140000
vn -0.00000000 -0.13060000 0.99140000
vn -0.99150000 -0.13010000 -0.00000000
vn -0.92400000 -0.38240000 -0.00000000
vn -0.00000000 -0.70710000 0.70710000
vn -0.00000000 -0.38270000 0.92390000
vn -0.70700000 -0.70720000 -0.00000000
vn -0.70700000 -0.70720000 -0.00000000
vn -0.00000000 -0.96590000 0.25890000
vn -0.00000000 -0.70710000 0.70710000
vn -0.25880000 -0.96590000 -0.00000000
vn -0.70700000 -0.70720000 -0.00000000
vn -0.00000000 -0.96590000 0.25890000
vn -0.00000000 -0.96590000 0.25890000
vn -0.25900000 -0.96590000 -0.00000000
vn -0.00000000 -1.00000000 -0.00000000
vn -0.00000000 -0.13020000 0.99150000
vn -0.99130000 -0.13150000 -0.00000000
vn -0.00000000 -0.13020000 0.99150000
vn -0.00000000 -0.38270000 0.92390000
vn -0.92400000 -0.38230000 -0.00000000
vn -0.92400000 -0.38230000 -0.00000000
vn -0.70700000 -0.70720000 -0.00000000
vn -0.00000000 -0.70730000 -0.70690000
vn -0.70730000 -0.70690000 -0.00000000
vn -0.00000000 -0.38270000 -0.92390000
vn -0.70700000 -0.70720000 -0.00000000
vn -0.25880000 -0.96590000 -0.00000000
vn -0.00000000 -0.96590000 0.25890000
vn -0.70730000 -0.70690000 -0.00000000
vn -0.00000000 -0.70730000 0.70690000
vn -0.25880000 -0.96590000 -0.00000000
vn -0.00000000 -0.70730000 -0.70690000
vn -0.00000000 -0.70730000 -0.70690000
vn -0.70700000 -0.70720000 -0.00000000
vn -0.00000000 -0.96590000 -0.25890000
vn -0.99130000 -0.13150000 -0.00000000
vn -0.00000000 -0.13060000 -0.99140000
vn -0.00000000 -0.13020000 -0.99150000
vn -0.99150000 -0.13010000 -0.00000000
vn -0.00000000 -0.13050000 -0.99140000
vn -0.99150000 -0.13010000 -0.00000000
vn -0.92400000 -0.38230000 -0.00000000
vn -0.99130000 -0.13140000 -0.00000000
vn -0.99130000 -0.13150000 -0.00000000
vn -0.00000000 -0.38270000 -0.92390000
vn -0.00000000 -0.13020000 -0.99150000
vn -0.00000000 -0.13020000 -0.99150000
vn -0.99130000 -0.13150000 -0.00000000
vn -0.92400000 -0.38230000 -0.00000000
vn -0.99130000 -0.13190000 -0.00000000
vn -0.00000000 -0.38270000 -0.92390000
vn -0.00000000 -0.38270000 -0.92390000
vn -0.00000000 -0.13020000 -0.99150000
vn -0.70740000 -0.70690000 -0.00000000
vn -0.92400000 -0.38240000 -0.00000000
vn -0.00000000 -0.38270000 -0.92390000
vn -0.92400000 -0.38230000 -0.00000000
vn -0.00000000 -0.70730000 -0.70690000
vn -0.00000000 -0.96590000 -0.25890000
vn -0.70730000 -0.70690000 -0.00000000
vn -0.25870000 -0.96590000 -0.00000000
vn -0.00000000 -0.70730000 -0.70690000
vn -0.70740000 -0.70690000 -0.00000000
vn -0.00000000 -0.96590000 -0.25890000
vn -0.25880000 -0.96590000 -0.00000000
vn -0.00000000 -1.00000000 -0.00000000
vn -0.00000000 -0.96590000 -0.25890000
vn -0.70700000 -0.70720000 -0.00000000
vn -0.25880000 -0.96590000 -0.00000000
vn -0.00000000 -0.70710000 -0.70710000
vn -0.00000000 -0.70710000 -0.70710000
vn -0.70700000 -0.70720000 -0.00000000
vn -0.00000000 -0.38270000 -0.92390000
vn -0.92400000 -0.38230000 -0.00000000
vn -0.70700000 -0.70720000 -0.00000000
vn -0.92400000 -0.38230000 -0.00000000
vn -0.00000000 -0.38340000 -0.92360000
vn -0.00000000 -0.70710000 -0.70710000
vn -0.92420000 -0.38190000 -0.00000000
vn -0.70700000 -0.70720000 -0.00000000
vn -0.00000000 -0.13010000 -0.99150000
vn -0.99150000 -0.13010000 -0.00000000
vn -0.00000000 -0.38390000 -0.92340000
vn -0.00000000 -0.38340000 -0.92360000
vn -0.92420000 -0.38190000 -0.00000000
vn -0.99150000 -0.13010000 -0.00000000
vn -0.92420000 -0.38190000 -0.00000000
vn -0.00000000 -0.38340000 0.92360000
vn -0.99150000 -0.13010000 -0.00000000
vn -0.00000000 -0.13010000 0.99150000
vn -0.00000000 -0.38340000 0.92360000
vn -0.00000000 -1.00000000 -0.00000000
vn -0.00000000 -0.96590000 0.25890000
vn -0.25880000 -0.96590000 -0.00000000
vn -0.25880000 -0.96590000 -0.00000000
vn -0.00000000 -1.00000000 -0.00000000
vn -0.00000000 -1.00000000 -0.00000000
vn -0.00000000 -0.96590000 0.25890000
vn -0.00000000 -0.96590000 0.25890000
vn -0.25880000 -0.96590000 -0.00000000
vn -0.00000000 -0.38270000 0.92390000
vn -0.92400000 -0.38230000 -0.00000000
vn -0.00000000 -0.38270000 0.92390000
vn -0.92400000 -0.38230000 -0.00000000
vn -0.00000000 -0.70730000 0.70690000
vn -0.70730000 -0.70690000 -0.00000000
vn -0.25880000 -0.96590000 -0.00000000
vn -0.00000000 -0.96590000 0.25890000
vn -0.00000000 -1.00000000 -0.00000000
vn -0.00000000 -1.00000000 -0.00000000
vn -0.25880000 -0.96590000 -0.00000000
vn -0.00000000 -0.13050000 0.99140000
vn -0.00000000 -0.13060000 0.99140000
vn -0.99150000 -0.13000000 -0.00000000
vn -0.00000000 -0.13020000 0.99150000
vn -0.99130000 -0.13150000 -0.00000000
vn -0.99150000 -0.12990000 -0.00000000
vn -0.99130000 -0.13190000 -0.00000000
vn -0.92400000 -0.38230000 -0.00000000
vn -0.00000000 -0.38270000 0.92390000
vn -0.70740000 -0.70690000 -0.00000000
vn -0.70730000 -0.70690000 -0.00000000
vn -0.92400000 -0.38230000 -0.00000000
vn -0.00000000 -0.70730000 0.70690000
vn -0.00000000 -0.38270000 -0.92390000
vn -0.92400000 -0.38230000 -0.00000000
vn -0.00000000 -0.13010000 -0.99150000
vn -0.92400000 -0.38240000 -0.00000000
vn -0.00000000 -0.38270000 -0.92390000
vn -0.99130000 -0.13140000 -0.00000000
vn -0.70730000 -0.70690000 -0.00000000
vn -0.00000000 -0.96590000 -0.25890000
vn -0.00000000 -0.70750000 -0.70680000
vn -0.25870000 -0.96590000 -0.00000000
vn -0.00000000 -0.70750000 -0.70680000
vn -0.25870000 -0.96590000 -0.00000000
vn -0.00000000 -1.00000000 -0.00000000
vn -0.25870000 -0.96590000 -0.00000000
vn -0.00000000 -1.00000000 -0.00000000
vn -0.00000000 -0.96590000 -0.25890000
vn 0.70740000 -0.70690000 -0.00000000
vn -0.00000000 -0.38390000 -0.92340000
vn -0.00000000 -0.38340000 -0.92360000
vn 0.70730000 -0.70690000 -0.00000000
vn -0.00000000 -0.70710000 -0.70710000
vn 0.92400000 -0.38230000 -0.00000000
vn 0.25870000 -0.96590000 -0.00000000
vn -0.00000000 -0.70710000 -0.70710000
vn 0.70730000 -0.70690000 -0.00000000
vn -0.00000000 -0.96590000 -0.25890000
vn -0.00000000 -0.70710000 -0.70710000
vn -0.00000000 -0.13010000 0.99150000
vn 0.99130000 -0.13160000 -0.00000000
vn -0.00000000 -0.13010000 0.99150000
vn 0.99150000 -0.13010000 -0.00000000
vn -0.00000000 -0.13030000 0.99150000
vn -0.00000000 -0.13010000 0.99150000
vn -0.00000000 -0.13010000 0.99150000
vn 0.92400000 -0.38230000 -0.00000000
vn -0.00000000 -0.38340000 0.92360000
vn 0.99130000 -0.13160000 -0.00000000
vn 0.99130000 -0.13160000 -0.00000000
vn -0.99130000 -0.13160000 -0.00000000
vn -0.99150000 -0.13010000 -0.00000000
vn -0.00000000 -0.13010000 0.99150000
vn -0.99130000 -0.13170000 -0.00000000
vn -0.70700000 -0.70720000 -0.00000000
vn -0.92400000 -0.38240000 -0.00000000
vn -0.00000000 -0.38340000 0.92360000
vn -0.00000000 -0.70710000 0.70710000
vn -0.92420000 -0.38190000 -0.00000000
vn -0.25880000 -0.96590000 -0.00000000
vn -0.70700000 -0.70720000 -0.00000000
vn -0.00000000 -0.70710000 0.70710000
vn -0.00000000 -0.70710000 0.70710000
vn -0.00000000 -0.96590000 0.25890000
vn 0.70740000 -0.70690000 -0.00000000
vn 0.25870000 -0.96590000 -0.00000000
vn -0.00000000 -0.70710000 0.70710000
vn 0.70730000 -0.70690000 -0.00000000
vn -0.00000000 -0.96590000 0.25890000
vn -0.25870000 -0.96590000 -0.00000000
vn -0.70730000 -0.70690000 -0.00000000
vn -0.00000000 -0.70730000 0.70690000
vn -0.00000000 -0.70730000 0.70690000
vn -0.00000000 -0.96590000 0.25890000
vn -0.99130000 -0.13160000 -0.00000000
vn -0.00000000 -0.38270000 0.92390000
vn -0.92400000 -0.38230000 -0.00000000
vn -0.99130000 -0.13170000 -0.00000000
vn -0.00000000 -0.13020000 0.99150000
vn -0.00000000 -0.13010000 -0.99150000
vn 0.99150000 -0.13040000 -0.00000000
vn 0.99150000 -0.13010000 -0.00000000
vn -0.00000000 -0.13010000 -0.99150000
vn 0.99130000 -0.13160000 -0.00000000
vn -0.99130000 -0.13140000 -0.00000000
vn -0.99130000 -0.13150000 -0.00000000
vn -0.99150000 -0.13010000 -0.00000000
vn -0.00000000 -0.13010000 -0.99150000
vn -0.00000000 -0.13010000 -0.99150000
vn -0.92400000 -0.38240000 -0.00000000
vn -0.00000000 -0.38270000 -0.92390000
vn -0.70730000 -0.70690000 -0.00000000
vn -0.00000000 -0.70750000 -0.70680000
vn -0.70740000 -0.70690000 -0.00000000
vn 0.25900000 -0.96590000 -0.00000000
vn -0.00000000 -1.00000000 -0.00000000
vn -0.00000000 -1.00000000 -0.00000000
vn -0.00000000 -0.96590000 -0.25890000
vn 0.25900000 -0.96590000 -0.00000000
vn 0.92400000 -0.38230000 -0.00000000
vn -0.00000000 -0.13010000 -0.99150000
vn 0.99130000 -0.13160000 -0.00000000
vn -0.00000000 -0.13010000 -0.99150000
vn -0.00000000 -0.38390000 -0.92340000
vn 0.70740000 -0.70690000 -0.00000000
vn 0.92400000 -0.38230000 -0.00000000
vn 0.92400000 -0.38230000 -0.00000000
vn -0.00000000 -0.70710000 0.70710000
vn -0.00000000 -0.38340000 0.92360000
vn -0.00000000 -0.96590000 0.25890000
vn -0.00000000 -1.00000000 -0.00000000
vn 0.25870000 -0.96590000 -0.00000000
vn 0.25870000 -0.96590000 -0.00000000
vn -0.00000000 -1.00000000 -0.00000000
vn 0.25870000 -0.96590000 -0.00000000
vn -0.00000000 -0.96590000 -0.25890000
vn -0.00000000 -0.96590000 -0.25890000
vn -0.00000000 -1.00000000 -0.00000000
vn 0.99150000 -0.13040000 -0.00000000
vn 0.99150000 -0.13010000 -0.00000000
vn -0.00000000 -0.13030000 0.99150000
vn 0.92420000 -0.38190000 -0.00000000
vn -0.00000000 -0.38270000 0.92390000
vn -0.92400000 -0.38230000 -0.00000000
vn -0.00000000 -0.38270000 0.92390000
vn -0.00000000 -0.13030000 0.99150000
vn -0.99130000 -0.13160000 -0.00000000
vn -0.00000000 -0.13010000 0.99150000
vn -0.00000000 -0.70750000 0.70680000
vn -0.92400000 -0.38230000 -0.00000000
vn -0.70740000 -0.70690000 -0.00000000
vn -0.00000000 -0.38270000 0.92390000
vn -0.00000000 -0.96590000 0.25890000
vn 0.25900000 -0.96590000 -0.00000000
vn -0.00000000 -0.70750000 0.70680000
vn -0.00000000 -0.70750000 0.70680000
vn 0.70700000 -0.70720000 -0.00000000
vn -0.00000000 -1.00000000 -0.00000000
vn -0.00000000 -0.96590000 0.25890000
vn -0.00000000 -1.00000000 -0.00000000
vn -0.00000000 -0.96590000 0.25890000
vn 0.25900000 -0.96590000 -0.00000000
vn -0.00000000 -1.00000000 -0.00000000
vn -0.70740000 -0.70690000 -0.00000000
vn -0.00000000 -0.70750000 0.70680000
vn -0.25870000 -0.96590000 -0.00000000
vn -0.70730000 -0.70690000 -0.00000000
vn -0.00000000 -0.96590000 0.25890000
vn -0.00000000 -0.13010000 -0.99150000
vn 0.92420000 -0.38200000 -0.00000000
vn 0.99150000 -0.13040000 -0.00000000
vn 0.92420000 -0.38190000 -0.00000000
vn -0.00000000 -0.38270000 -0.92390000
vn -0.00000000 -0.13010000 -0.99150000
vn -0.00000000 -0.38270000 0.92390000
vn 0.92420000 -0.38200000 -0.00000000
vn -0.00000000 -0.70750000 0.70680000
vn 0.92420000 -0.38190000 -0.00000000
vn 0.70700000 -0.70720000 -0.00000000
vn -0.00000000 -0.38270000 0.92390000
vn 0.92420000 -0.38200000 -0.00000000
vn 0.70700000 -0.70720000 -0.00000000
vn -0.00000000 -0.38270000 -0.92390000
vn -0.00000000 -0.70750000 -0.70680000
vn 0.25900000 -0.96590000 -0.00000000
vn 0.70700000 -0.70720000 -0.00000000
vn 0.70700000 -0.70720000 -0.00000000
vn -0.00000000 -0.70750000 -0.70680000
vn -0.00000000 -0.96590000 -0.25890000
vt 0.00000000 0.00000000
vt 0.00000000 0.00000000
vt 1.00000000 1.00000000
vt 1.00000000 0.00000000
vt 1.00000000 1.00000000
vt 1.00000000 1.00000000
vt 1.00000000 1.00000000
vt 0.00000000 0.00000000
vt 1.00000000 0.00000000
vt 1.00000000 1.00000000
vt 1.00000000 0.00000000
vt 0.00000000 0.00000000
vt 1.00000000 1.00000000
vt 1.00000000 1.00000000
vt 1.00000000 1.00000000
vt 1.00000000 0.00000000
vt 1.00000000 1.00000000
vt 0.00000000 0.00000000
vt 0.00000000 0.00000000
vt 0.00000000 0.00000000
vt 1.00000000 1.00000000
vt 1.00000000 0.00000000
vt 1.00000000 1.00000000
vt 1.00000000 0.00000000
vt 0.00000000 0.00000000
vt 1.00000000 1.00000000
vt 1.00000000 0.00000000
vt 1.00000000 1.00000000
vt 0.00000000 0.00000000
vt 0.00000000 0.00000000
vt 0.00000000 0.00000000
vt 1.00000000 1.00000000
vt 1.00000000 1.00000000
vt 1.00000000 0.00000000
vt 1.00000000 1.00000000
vt 1.00000000 1.00000000
vt 0.00000000 0.00000000
vt 1.00000000 1.00000000
vt 1.00000000 0.00000000
vt 0.00000000 0.00000000
vt 1.00000000 1.00000000
vt 1.00000000 0.00000000
vt 1.00000000 1.00000000
vt 1.00000000 0.00000000
vt 1.00000000 1.00000000
vt 1.00000000 1.00000000
vt 0.00000000 0.00000000
vt 1.00000000 1.00000000
vt 1.00000000 0.00000000
vt 0.00000000 0.00000000
vt 1.00000000 1.00000000
vt 1.00000000 1.00000000
vt 1.00000000 0.00000000
vt 1.00000000 0.00000000
vt 0.00000000 0.00000000
vt 0.00000000 0.00000000
vt 1.00000000 1.00000000
vt 1.00000000 1.00000000
vt 0.00000000 0.00000000
vt 1.00000000 0.00000000
vt 0.00000000 0.00000000
vt 0.00000000 0.00000000
vt 1.00000000 1.00000000
vt 1.00000000 1.00000000
vt 0.00000000 0.00000000
vt 0.00000000 0.00000000
vt 1.00000000 1.00000000
vt 1.00000000 1.00000000
vt 0.00000000 0.00000000
vt 0.00000000 0.00000000
vt 0.00000000 0.00000000
vt 1.00000000 1.00000000
vt 1.00000000 0.00000000
vt 1.00000000 0.00000000
vt 1.00000000 0.00000000
vt 1.00000000 1.00000000
vt 1.00000000 1.00000000
vt 0.00000000 0.00000000
vt 1.00000000 1.00000000
vt 1.00000000 0.00000000
vt 0.00000000 0.00000000
vt 1.00000000 0.00000000
vt 1.00000000 0.00000000
vt 1.00000000 1.00000000
vt 1.00000000 0.00000000
vt 1.00000000 1.00000000
vt 0.00000000 0.00000000
vt 0.00000000 0.00000000
vt 0.00000000 0.00000000
vt 1.00000000 1.00000000
vt 1.00000000 1.00000000
vt 1.00000000 0.00000000
vt 1.00000000 1.00000000
vt 1.00000000 0.00000000
vt 1.00000000 0.00000000
vt 0.00000000 0.00000000
vt 0.00000000 0.00000000
vt 1.00000000 1.00000000
vt 1.00000000 1.00000000
vt 1.00000000 0.00000000
vt 1.00000000 1.00000000
vt 0.00000000 0.00000000
vt 1.00000000 0.00000000
vt 1.00000000 1.00000000
vt 1.00000000 1.00000000
vt 1.00000000 0.00000000
vt 0.00000000 0.00000000
vt 1.00000000 0.00000000
vt 0.00000000 0.00000000
vt 1.00000000 0.00000000
vt 1.00000000 1.00000000
vt 1.00000000 1.00000000
vt 1.00000000 0.00000000
vt 1.00000000 1.00000000
vt 1.00000000 1.00000000
vt 1.00000000 0.00000000
vt 0.00000000 0.00000000
vt 1.00000000 1.00000000
vt 1.00000000 0.00000000
vt 1.00000000 0.00000000
vt 1.00000000 1.00000000
vt 1.00000000 0.00000000
vt 1.00000000 0.00000000
vt 1.00000000 1.00000000
vt 0.00000000 0.00000000
vt 1.00000000 1.00000000
vt 1.00000000 0.00000000
vt 1.00000000 1.00000000
vt 1.00000000 1.00000000
vt 1.00000000 0.00000000
vt 1.00000000 0.00000000
vt 1.00000000 0.00000000
vt 1.00000000 0.00000000
vt 1.00000000 1.00000000
vt 1.00000000 0.00000000
vt 1.00000000 1.00000000
vt 1.00000000 0.00000000
vt 1.00000000 0.00000000
vt 1.00000000 0.00000000
vt 1.00000000 1.00000000
vt 1.00000000 1.00000000
vt 1.00000000 1.00000000
vt 0.00000000 0.00000000
vt 1.00000000 0.00000000
vt 1.00000000 1.00000000
vt 1.00000000 0.00000000
vt 1.00000000 1.00000000
vt 1.00000000 1.00000000
vt 0.00000000 0.00000000
vt 1.00000000 0.00000000
vt 1.00000000 0.00000000
vt 1.00000000 1.00000000
vt 1.00000000 0.00000000
vt 1.00000000 0.00000000
vt 1.00000000 1.00000000
vt 1.00000000 0.00000000
vt 1.00000000 0.00000000
vt 1.00000000 1.00000000
vt 1.00000000 0.00000000
vt 1.00000000 1.00000000
vt 1.00000000 1.00000000
vt 0.00000000 0.00000000
vt 0.00000000 0.00000000
vt 1.00000000 0.00000000
vt 1.00000000 1.00000000
vt 1.00000000 1.00000000
vt 0.00000000 0.00000000
vt 1.00000000 1.00000000
vt 1.00000000 1.00000000
vt 0.00000000 0.00000000
vt 1.00000000 1.00000000
vt 1.00000000 1.00000000
vt 1.00000000 0.00000000
vt 0.00000000 0.00000000
vt 1.00000000 0.00000000
vt 0.00000000 0.00000000
vt 1.00000000 0.00000000
vt 1.00000000 0.00000000
vt 1.00000000 1.00000000
vt 1.00000000 1.00000000
vt 0.00000000 0.00000000
vt 1.00000000 1.00000000
vt 0.00000000 0.00000000
vt 1.00000000 1.00000000
vt 1.00000000 0.00000000
vt 1.00000000 1.00000000
vt 0.00000000 0.00000000
vt 1.00000000 0.00000000
vt 1.00000000 1.00000000
vt 1.00000000 0.00000000
vt 1.00000000 0.00000000
vt 1.00000000 1.00000000
vt 0.00000000 0.00000000
vt 1.00000000 1.00000000
vt 0.00000000 0.00000000
vt 1.00000000 1.00000000
vt 0.00000000 0.00000000
vt 1.00000000 1.00000000
vt 0.00000000 0.00000000
vt 1.00000000 1.00000000
vt 1.00000000 1.00000000
vt 0.00000000 0.00000000
vt 1.00000000 1.00000000
vt 1.00000000 1.00000000
vt 0.00000000 0.00000000
vt 1.00000000 0.00000000
vt 1.00000000 0.00000000
vt 1.00000000 0.00000000
vt 1.00000000 1.00000000
vt 0.00000000 0.00000000
vt 1.00000000 0.00000000
vt 1.00000000 1.00000000
vt 1.00000000 0.00000000
vt 1.00000000 1.00000000
vt 1.00000000 1.00000000
vt 0.00000000 0.00000000
vt 1.00000000 0.00000000
vt 0.00000000 0.00000000
vt 1.00000000 1.00000000
vt 1.00000000 0.00000000
vt 1.00000000 1.00000000
vt 0.00000000 0.00000000
vt 1.00000000 1.00000000
vt 1.00000000 0.00000000
vt 0.00000000 0.00000000
vt 1.00000000 1.00000000
vt 1.00000000 0.00000000
vt 1.00000000 0.00000000
vt 1.00000000 0.00000000
vt 0.00000000 0.00000000
vt 1.00000000 1.00000000
vt 1.00000000 0.00000000
vt 1.00000000 1.00000000
vt 1.00000000 1.00000000
vt 0.00000000 0.00000000
vt 1.00000000 1.00000000
vt 1.00000000 0.00000000
vt 1.00000000 0.00000000
vt 0.00000000 0.00000000
vt 1.00000000 0.00000000
vt 0.00000000 0.00000000
vt 1.00000000 1.00000000
vt 1.00000000 0.00000000
vt 1.00000000 1.00000000
vt 0.00000000 0.00000000
vt 0.00000000 0.00000000
vt 1.00000000 1.00000000
vt 1.00000000 0.00000000
vt 1.00000000 0.00000000
vt 1.00000000 1.00000000
vt 1.00000000 1.00000000
vt 0.00000000 0.00000000
vt 1.00000000 0.00000000
vt 0.00000000 0.00000000
vt 1.00000000 1.00000000
vt 1.00000000 1.00000000
vt 0.00000000 0.00000000
vt 1.00000000 1.00000000
vt 1.00000000 0.00000000
vt 1.00000000 1.00000000
vt 1.00000000 0.00000000
vt 1.00000000 0.00000000
vt 1.00000000 0.00000000
vt 0.00000000 0.00000000
vt 1.00000000 1.00000000
vt 1.00000000 1.00000000
vt 1.00000000 0.00000000
vt 1.00000000 1.00000000
vt 1.00000000 1.00000000
vt 1.00000000 0.00000000
vt 1.00000000 0.00000000
vt 1.00000000 0.00000000
vt 1.00000000 0.00000000
vt 1.00000000 1.00000000
vt 1.00000000 0.00000000
vt 1.00000000 1.00000000
vt 1.00000000 0.00000000
vt 1.00000000 1.00000000
vt 1.00000000 1.00000000
vt 0.00000000 0.00000000
vt 1.00000000 1.00000000
vt 0.00000000 0.00000000
vt 1.00000000 0.00000000
vt 1.00000000 0.00000000
vt 1.00000000 1.00000000
vt 0.00000000 0.00000000
vt 1.00000000 1.00000000
vt 1.00000000 1.00000000
vt 1.00000000 0.00000000
vt 1.00000000 1.00000000
vt 1.00000000 0.00000000
vt 1.00000000 1.00000000
vt 0.00000000 0.00000000
vt 1.00000000 0.00000000
vt 1.00000000 1.00000000
vt 1.00000000 1.00000000
vt 1.00000000 0.00000000
vt 0.00000000 0.00000000
vt 1.00000000 1.00000000
vt 0.00000000 0.00000000
vt 0.00000000 0.00000000
vt 1.00000000 1.00000000
vt 1.00000000 1.00000000
vt 1.00000000 1.00000000
vt 0.00000000 0.00000000
vt 0.00000000 0.00000000
vt 1.00000000 1.00000000
vt 1.00000000 0.00000000
vt 1.00000000 0.00000000
vt 0.00000000 0.00000000
vt 1.00000000 1.00000000
vt 1.00000000 1.00000000
vt 1.00000000 0.00000000
vt 1.00000000 0.00000000
vt 1.00000000 1.00000000
vt 1.00000000 0.00000000
vt 1.00000000 1.00000000
vt 0.00000000 0.00000000
vt 1.00000000 0.00000000
vt 1.00000000 1.00000000
vt 1.00000000 0.00000000
vt 0.00000000 0.00000000
vt 1.00000000 1.00000000
vt 1.00000000 1.00000000
vt 1.00000000 0.00000000
vt 1.00000000 1.00000000
vt 1.00000000 1.00000000
vt 1.00000000 0.00000000
vt 1.00000000 0.00000000
vt 1.00000000 0.00000000
vt 0.00000000 0.00000000
vt 1.00000000 1.00000000
vt 1.00000000 1.00000000
vt 1.00000000 0.00000000
vt 1.00000000 0.00000000
vt 1.00000000 1.00000000
vt 1.00000000 1.00000000
vt 0.00000000 0.00000000
vt 1.00000000 1.00000000
vt 0.00000000 0.00000000
vt 1.00000000 1.00000000
vt 1.00000000 0.00000000
vt 1.00000000 0.00000000
vt 0.00000000 0.00000000
vt 1.00000000 1.00000000
vt 1.00000000 0.00000000
vt 1.00000000 1.00000000
vt 1.00000000 1.00000000
vt 1.00000000 1.00000000
vt 1.00000000 0.00000000
vt 0.00000000 0.00000000
vt 0.00000000 0.00000000
vt 1.00000000 0.00000000
vt 1.00000000 0.00000000
vt 1.00000000 1.00000000
vt 1.00000000 1.00000000
vt 1.00000000 0.00000000
vt 1.00000000 1.00000000
vt 1.00000000 1.00000000
vt 1.00000000 0.00000000
vt 0.00000000 0.00000000
vt 1.00000000 0.00000000
vt 1.00000000 0.00000000
vt 1.00000000 1.00000000
vt 1.00000000 1.00000000
vt 0.00000000 0.00000000
vt 1.00000000 1.00000000
vt 0.00000000 0.00000000
vt 0.00000000 0.00000000
vt 1.00000000 1.00000000
vt 1.00000000 1.00000000
vt 0.00000000 0.00000000
vt 0.00000000 0.00000000
vt 1.00000000 1.00000000
vt 1.00000000 1.00000000
vt 1.00000000 1.00000000
vt 0.00000000 0.00000000
vt 0.00000000 0.00000000
vt 0.00000000 0.00000000
vt 0.00000000 0.00000000
vt 1.00000000 1.00000000
vt 1.00000000 1.00000000
vt 0.00000000 0.00000000
vt 1.00000000 1.00000000
vt 0.00000000 0.00000000
vt 1.00000000 1.00000000
vt 1.00000000 1.00000000
vt 0.00000000 0.00000000
vt 1.00000000 0.00000000
vt 1.00000000 1.00000000
vt 1.00000000 0.00000000
vt 0.00000000 0.00000000
vt 0.00000000 0.00000000
vt 1.00000000 1.00000000
vt 1.00000000 1.00000000
vt 0.00000000 0.00000000
vt 0.00000000 0.00000000
vt 1.00000000 1.00000000
vt 1.00000000 1.00000000
vt 1.00000000 1.00000000
vt 1.00000000 0.00000000
vt 1.00000000 0.00000000
vt 1.00000000 1.00000000
vt 1.00000000 1.00000000
vt 0.00000000 0.00000000
vt 1.00000000 0.00000000
vt 1.00000000 1.00000000
vt 1.00000000 1.00000000
vt 1.00000000 0.00000000
vt 1.00000000 0.00000000
vt 0.00000000 0.00000000
vt 1.00000000 0.00000000
vt 1.00000000 1.00000000
vt 1.00000000 1.00000000
vt 1.00000000 0.00000000
vt 1.00000000 0.00000000
vt 1.00000000 0.00000000
vt 1.00000000 1.00000000
vt 1.00000000 1.00000000
vt 1.00000000 1.00000000
vt 1.00000000 1.00000000
vt 1.00000000 0.00000000
vt 0.00000000 0.00000000
vt 0.00000000 0.00000000
vt 1.00000000 1.00000000
vt 1.00000000 1.00000000
vt 1.00000000 0.00000000
vt 1.00000000 0.00000000
vt 1.00000000 1.00000000
vt 1.00000000 0.00000000
vt 1.00000000 0.00000000
vt 1.00000000 1.00000000
vt 1.00000000 0.00000000
vt 0.00000000 0.00000000
vt 1.00000000 1.00000000
vt 1.00000000 1.00000000
vt 1.00000000 0.00000000
vt 1.00000000 1.00000000
vt 1.00000000 0.00000000
vt 0.00000000 0.00000000
vt 1.00000000 1.00000000
vt 1.00000000 0.00000000
vt 1.00000000 0.00000000
vt 1.00000000 1.00000000
vt 0.00000000 0.00000000
vt 1.00000000 1.00000000
vt 1.00000000 0.00000000
vt 1.00000000 1.00000000
vt 1.00000000 1.00000000
vt 1.00000000 0.00000000
vt 1.00000000 0.00000000
vt 1.00000000 1.00000000
vt 1.00000000 0.00000000
vt 1.00000000 1.00000000
vt 1.00000000 0.00000000
vt 1.00000000 0.00000000
vt 0.00000000 0.00000000
vt 1.00000000 1.00000000
vt 0.00000000 0.00000000
vt 1.00000000 1.00000000
vt 1.00000000 0.00000000
vt 1.00000000 1.00000000
vt 1.00000000 1.00000000
vt 0.00000000 0.00000000
vt 0.00000000 0.00000000
vt 1.00000000 1.00000000
vt 1.00000000 0.00000000
vt 1.00000000 1.00000000
vt 1.00000000 1.00000000
vt 1.00000000 0.00000000
vt 1.00000000 0.00000000
vt 0.00000000 0.00000000
vt 1.00000000 0.00000000
vt 1.00000000 1.00000000
vt 1.00000000 0.00000000
vt 1.00000000 0.00000000
vt 1.00000000 1.00000000
vt 1.00000000 0.00000000
vt 0.00000000 0.00000000
vt 1.00000000 1.00000000
vt 1.00000000 0.00000000
vt 1.00000000 1.00000000
vt 1.00000000 1.00000000
vt 1.00000000 1.00000000
vt 0.00000000 0.00000000
vt 1.00000000 0.00000000
vt 1.00000000 1.00000000
vt 0.00000000 0.00000000
vt 1.00000000 1.00000000
vt 1.00000000 0.00000000
vt 1.00000000 1.00000000
vt 1.00000000 0.00000000
vt 1.00000000 0.00000000
vt 1.00000000 1.00000000
vt 1.00000000 1.00000000
vt 1.00000000 1.00000000
vt 0.00000000 0.00000000
vt 1.00000000 0.00000000
vt 1.00000000 0.00000000
vt 1.00000000 1.00000000
vt 0.00000000 0.00000000
vt 1.00000000 1.00000000
vt 1.00000000 0.00000000
vt 1.00000000 0.00000000
vt 1.00000000 0.00000000
vt 1.00000000 0.00000000
vt 1.00000000 0.00000000
vt 0.00000000 0.00000000
vt 1.00000000 1.00000000
vt 1.00000000 0.00000000
vt 0.00000000 0.00000000
vt 1.00000000 1.00000000
vt 1.00000000 0.00000000
vt 1.00000000 1.00000000
vt 1.00000000 1.00000000
vt 0.00000000 0.00000000
vt 1.00000000 0.00000000
vt 1.00000000 0.00000000
vt 1.00000000 0.00000000
vt 1.00000000 1.00000000
vt 1.00000000 0.00000000
vt 1.00000000 1.00000000
vt 0.00000000 0.00000000
vt 1.00000000 1.00000000
vt 1.00000000 0.00000000
vt 1.00000000 1.00000000
vt 1.00000000 1.00000000
vt 1.00000000 1.00000000
vt 1.00000000 1.00000000
vt 0.00000000 0.00000000
vt 1.00000000 0.00000000
vt 1.00000000 1.00000000
vt 1.00000000 0.00000000
vt 1.00000000 1.00000000
vt 1.00000000 1.00000000
vt 1.00000000 1.00000000
vt 1.00000000 0.00000000
vt 1.00000000 1.00000000
vt 1.00000000 1.00000000
vt 1.00000000 0.00000000
vt 1.00000000 1.00000000
vt 1.00000000 1.00000000
vt 0.00000000 0.00000000
vt 1.00000000 1.00000000
vt 1.00000000 1.00000000
vt 1.00000000 1.00000000
vt 1.00000000 1.00000000
vt 1.00000000 1.00000000
vt 0.00000000 0.00000000
vt 1.00000000 0.00000000
vt 1.00000000 0.00000000
vt 1.00000000 1.00000000
vt 1.00000000 1.00000000
vt 1.00000000 0.00000000
vt 1.00000000 0.00000000
vt 1.00000000 0.00000000
vt 1.00000000 1.00000000
vt 0.00000000 0.00000000
vt 1.00000000 0.00000000
vt 1.00000000 1.00000000
vt 1.00000000 0.00000000
vt 1.00000000 1.00000000
vt 1.00000000 0.00000000
vt 1.00000000 0.00000000
vt 1.00000000 0.00000000
vt 1.00000000 0.00000000
vt 0.00000000 0.00000000
vt 0.00000000 0.00000000
vt 1.00000000 1.00000000
vt 1.00000000 1.00000000
vt 1.00000000 1.00000000
vt 1.00000000 0.00000000
vt 1.00000000 1.00000000
vt 1.00000000 1.00000000
vt 1.00000000 0.00000000
vt 1.00000000 1.00000000
vt 1.00000000 1.00000000
vt 0.00000000 0.00000000
vt 1.00000000 0.00000000
vt 1.00000000 1.00000000
vt 0.00000000 0.00000000
vt 1.00000000 1.00000000
vt 1.00000000 1.00000000
vt 0.00000000 0.00000000
vt 1.00000000 0.00000000
vt 1.00000000 0.00000000
vt 1.00000000 1.00000000
vt 1.00000000 0.00000000
vt 0.00000000 0.00000000
vt 1.00000000 0.00000000
vt 1.00000000 0.00000000
vt 1.00000000 1.00000000
vt 0.00000000 0.00000000
vt 1.00000000 0.00000000
vt 1.00000000 0.00000000
vt 1.00000000 0.00000000
vt 1.00000000 1.00000000
vt 1.00000000 1.00000000
vt 1.00000000 1.00000000
vt 1.00000000 0.00000000
vt 1.00000000 0.00000000
vt 0.00000000 0.00000000
vt 0.00000000 0.00000000
vt 1.00000000 0.00000000
vt 1.00000000 0.00000000
vt 1.00000000 1.00000000
vt 1.00000000 1.00000000
vt 1.00000000 1.00000000
vt 1.00000000 0.00000000
vt 0.00000000 0.00000000
vt 1.00000000 1.00000000
vt 1.00000000 1.00000000
vt 1.00000000 0.00000000
vt 1.00000000 0.00000000
vt 1.00000000 0.00000000
vt 1.00000000 1.00000000
vt 1.00000000 1.00000000
vt 1.00000000 0.00000000
vt 1.00000000 0.00000000
vt 1.00000000 1.00000000
vt 1.00000000 1.00000000
vt 1.00000000 0.00000000
vt 1.00000000 0.00000000
vt 1.00000000 1.00000000
vt 0.00000000 0.00000000
vt 1.00000000 1.00000000
vt 0.00000000 0.00000000
vt 1.00000000 1.00000000
vt 0.00000000 0.00000000
vt 1.00000000 1.00000000
vt 1.00000000 0.00000000
vt 0.00000000 0.00000000
vt 1.00000000 1.00000000
vt 1.00000000 1.00000000
vt 0.00000000 0.00000000
vt 1.00000000 1.00000000
vt 0.00000000 0.00000000
vt 0.00000000 0.00000000
vt 0.00000000 0.00000000
vt 1.00000000 1.00000000
vt 1.00000000 0.00000000
vt 1.00000000 1.00000000
vt 1.00000000 0.00000000
vt 1.00000000 0.00000000
vt 1.00000000 1.00000000
vt 1.00000000 1.00000000
vt 0.00000000 0.00000000
vt 0.00000000 0.00000000
vt 0.00000000 0.00000000
vt 1.00000000 1.00000000
vt 1.00000000 1.00000000
vt 1.00000000 0.00000000
vt 1.00000000 1.00000000
vt 1.00000000 0.00000000
vt 1.00000000 1.00000000
vt 0.00000000 0.00000000
vt 1.00000000 1.00000000
vt 0.00000000 0.00000000
vt 0.00000000 0.00000000
vt 1.00000000 1.00000000
vt 0.00000000 0.00000000
vt 1.00000000 0.00000000
vt 1.00000000 0.00000000
vt 0.00000000 0.00000000
vt 1.00000000 1.00000000
vt 0.00000000 0.00000000
vt 1.00000000 1.00000000
vt 1.00000000 0.00000000
vt 1.00000000 0.00000000
vt 1.00000000 1.00000000
vt 1.00000000 0.00000000
vt 0.00000000 0.00000000
vt 1.00000000 0.00000000
vt 1.00000000 1.00000000
vt 1.00000000 0.00000000
vt 0.00000000 0.00000000
vt 1.00000000 1.00000000
vt 1.00000000 1.00000000
vt 0.00000000 0.00000000
vt 1.00000000 0.00000000
vt 1.00000000 0.00000000
vt 1.00000000 1.00000000
vt 1.00000000 0.00000000
vt 1.00000000 1.00000000
vt 0.00000000 0.00000000
vt 1.00000000 0.00000000
vt 0.00000000 0.00000000
vt 1.00000000 0.00000000
vt 1.00000000 1.00000000
vt 1.00000000 1.00000000
vt 0.00000000 0.00000000
vt 1.00000000 1.00000000
vt 1.00000000 0.00000000
vt 0.00000000 0.00000000
vt 0.00000000 0.00000000
vt 1.00000000 1.00000000
vt 0.00000000 0.00000000
vt 1.00000000 1.00000000
vt 1.00000000 1.00000000
vt 0.00000000 0.00000000
vt 1.00000000 0.00000000
vt 1.00000000 0.00000000
vt 0.00000000 0.00000000
vt 1.00000000 0.00000000
vt 1.00000000 1.00000000
vt 1.00000000 1.00000000
vt 0.00000000 0.00000000
vt 1.00000000 0.00000000
vt 1.00000000 0.00000000
vt 1.00000000 1.00000000
vt 0.00000000 0.00000000
vt 0.00000000 0.00000000
vt 1.00000000 1.00000000
vt 1.00000000 1.00000000
vt 0.00000000 0.00000000
vt 1.00000000 1.00000000
vt 0.00000000 0.00000000
vt 0.00000000 0.00000000
vt 0.00000000 0.00000000
vt 1.00000000 1.00000000
vt 1.00000000 0.00000000
vt 1.00000000 0.00000000
vt 1.00000000 0.00000000
vt 1.00000000 0.00000000
vt 1.00000000 0.00000000
vt 1.00000000 1.00000000
vt 1.00000000 1.00000000
vt 1.00000000 1.00000000
vt 1.00000000 0.00000000
vt 0.00000000 0.00000000
vt 1.00000000 0.00000000
vt 0.00000000 0.00000000
vt 1.00000000 0.00000000
vt 1.00000000 1.00000000
vt 1.00000000 1.00000000
vt 0.00000000 0.00000000
vt 1.00000000 1.00000000
vt 0.00000000 0.00000000
vt 1.00000000 0.00000000
vt 1.00000000 1.00000000
vt 1.00000000 0.00000000
vt 1.00000000 1.00000000
vt 1.00000000 0.00000000
vt 1.00000000 0.00000000
vt 1.00000000 0.00000000
vt 1.00000000 0.00000000
vt 0.00000000 0.00000000
vt 1.00000000 1.00000000
vt 0.00000000 0.00000000
vt 1.00000000 1.00000000
vt 0.00000000 0.00000000
vt 1.00000000 1.00000000
vt 1.00000000 1.00000000
vt 1.00000000 1.00000000
vt 1.00000000 0.00000000
vt 0.00000000 0.00000000
vt 1.00000000 1.00000000
vt 1.00000000 0.00000000
vt 0.00000000 0.00000000
vt 1.00000000 0.00000000
vt 1.00000000 1.00000000
vt 1.00000000 0.00000000
vt 1.00000000 1.00000000
vt 1.00000000 0.00000000
vt 1.00000000 1.00000000
vt 0.00000000 0.00000000
vt 0.00000000 0.00000000
vt 1.00000000 1.00000000
vt 1.00000000 0.00000000
vt 1.00000000 1.00000000
vt 1.00000000 0.00000000
vt 1.00000000 1.00000000
vt 0.00000000 0.00000000
vt 1.00000000 1.00000000
vt 1.00000000 1.00000000
vt 0.00000000 0.00000000
vt 0.00000000 0.00000000
vt 1.00000000 1.00000000
vt 0.00000000 0.00000000
vt 0.00000000 0.00000000
vt 0.00000000 0.00000000
vt 1.00000000 1.00000000
vt 1.00000000 1.00000000
vt 0.00000000 0.00000000
vt 1.00000000 1.00000000
vt 1.00000000 0.00000000
vt 1.00000000 1.00000000
vt 0.00000000 0.00000000
vt 0.00000000 0.00000000
vt 1.00000000 0.00000000
vt 1.00000000 0.00000000
vt 1.00000000 1.00000000
vt 1.00000000 1.00000000
vt 0.00000000 0.00000000
vt 0.00000000 0.00000000
vt 0.00000000 0.00000000
vt 1.00000000 0.00000000
vt 1.00000000 1.00000000
vt 0.00000000 0.00000000
vt 1.00000000 0.00000000
vt 1.00000000 1.00000000
vt 1.00000000 0.00000000
vt 0.00000000 0.00000000
vt 1.00000000 1.00000000
vt 1.00000000 1.00000000
vt 1.00000000 0.00000000
vt 1.00000000 1.00000000
vt 1.00000000 0.00000000
vt 1.00000000 0.00000000
vt 1.00000000 1.00000000
vt 0.00000000 0.00000000
vt 1.00000000 1.00000000
vt 1.00000000 1.00000000
vt 0.00000000 0.00000000
vt 1.00000000 0.00000000
vt 1.00000000 1.00000000
vt 1.00000000 0.00000000
vt 1.00000000 0.00000000
vt 1.00000000 1.00000000
vt 0.00000000 0.00000000
vt 1.00000000 1.00000000
vt 1.00000000 1.00000000
vt 0.00000000 0.00000000
vt 1.00000000 1.00000000
vt 1.00000000 1.00000000
vt 0.00000000 0.00000000
vt 0.00000000 0.00000000
vt 1.00000000 0.00000000
vt 1.00000000 0.00000000
vt 1.00000000 0.00000000
vt 1.00000000 1.00000000
vt 1.00000000 1.00000000
vt 1.00000000 1.00000000
vt 1.00000000 1.00000000
vt 0.00000000 0.00000000
vt 1.00000000 0.00000000
vt 1.00000000 1.00000000
vt 1.00000000 1.00000000
vt 1.00000000 0.00000000
vt 0.00000000 0.00000000
vt 0.00000000 0.00000000
vt 0.00000000 0.00000000
vt 1.00000000 0.00000000
vt 1.00000000 1.00000000
vt 0.00000000 0.00000000
vt 1.00000000 1.00000000
vt 1.00000000 0.00000000
vt 1.00000000 0.00000000
vt 1.00000000 1.00000000
vt 0.00000000 0.00000000
vt 1.00000000 0.00000000
vt 1.00000000 1.00000000
vt 1.00000000 0.00000000
vt 1.00000000 0.00000000
vt 1.00000000 1.00000000
vt 1.00000000 1.00000000
vt 0.00000000 0.00000000
vt 1.00000000 1.00000000
vt 0.00000000 0.00000000
vt 1.00000000 1.00000000
vt 1.00000000 0.00000000
vt 1.00000000 0.00000000
vt 1.00000000 1.00000000
vt 1.00000000 0.00000000
vt 0.00000000 0.00000000
vt 1.00000000 1.00000000
vt 0.00000000 0.00000000
vt 1.00000000 1.00000000
vt 0.00000000 0.00000000
vt 1.00000000 1.00000000
vt 1.00000000 1.00000000
vt 0.00000000 0.00000000
vt 0.00000000 0.00000000
vt 1.00000000 0.00000000
vt 0.00000000 0.00000000
vt 1.00000000 1.00000000
vt 0.00000000 0.00000000
vt 1.00000000 0.00000000
vt 1.00000000 1.00000000
vt 1.00000000 0.00000000
vt 1.00000000 1.00000000
vt 1.00000000 0.00000000
vt 1.00000000 0.00000000
vt 1.00000000 0.00000000
vt 1.00000000 1.00000000
vt 1.00000000 0.00000000
vt 0.00000000 0.00000000
vt 1.00000000 1.00000000
vt 1.00000000 1.00000000
vt 0.00000000 0.00000000
vt 0.00000000 0.00000000
vt 1.00000000 0.00000000
vt 1.00000000 0.00000000
vt 1.00000000 1.00000000
vt 1.00000000 1.00000000
vt 1.00000000 0.00000000
vt 0.00000000 0.00000000
vt 1.00000000 0.00000000
vt 1.00000000 1.00000000
vt 1.00000000 1.00000000
vt 0.00000000 0.00000000
vt 1.00000000 1.00000000
vt 0.00000000 0.00000000
vt 1.00000000 1.00000000
vt 0.00000000 0.00000000
vt 1.00000000 1.00000000
vt 1.00000000 1.00000000
vt 0.00000000 0.00000000
vt 1.00000000 0.00000000
vt 1.00000000 1.00000000
vt 1.00000000 0.00000000
vt 1.00000000 1.00000000
vt 1.00000000 1.00000000
vt 0.00000000 0.00000000
vt 1.00000000 1.00000000
vt 0.00000000 0.00000000
vt 1.00000000 1.00000000
vt 1.00000000 1.00000000
vt 1.00000000 0.00000000
vt 1.00000000 1.00000000
vt 1.00000000 0.00000000
vt 1.00000000 0.00000000
vt 1.00000000 0.00000000
vt 1.00000000 1.00000000
vt 1.00000000 1.00000000
vt 1.00000000 0.00000000
vt 1.00000000 0.00000000
vt 1.00000000 0.00000000
vt 1.00000000 1.00000000
vt 1.00000000 0.00000000
vt 1.00000000 0.00000000
vt 1.00000000 1.00000000
vt 1.00000000 1.00000000
vt 1.00000000 1.00000000
vt 0.00000000 0.00000000
vt 0.00000000 0.00000000
vt 0.00000000 0.00000000
vt 0.00000000 0.00000000
vt 1.00000000 1.00000000
vt 1.00000000 1.00000000
vt 1.00000000 0.00000000
vt 0.00000000 0.00000000
vt 1.00000000 1.00000000
vt 1.00000000 1.00000000
vt 1.00000000 1.00000000
vt 0.00000000 0.00000000
vt 1.00000000 0.00000000
vt 1.00000000 1.00000000
vt 1.00000000 1.00000000
vt 1.00000000 1.00000000
vt 0.00000000 0.00000000
vt 1.00000000 0.00000000
vt 0.00000000 0.00000000
vt 1.00000000 1.00000000
vt 0.00000000 0.00000000
vt 1.00000000 0.00000000
vt 0.00000000 0.00000000
vt 1.00000000 1.00000000
vt 0.00000000 0.00000000
vt 1.00000000 1.00000000
vt 0.00000000 0.00000000
vt 0.00000000 0.00000000
vt 1.00000000 1.00000000
vt 1.00000000 0.00000000
vt 1.00000000 1.00000000
vt 0.00000000 0.00000000
vt 1.00000000 1.00000000
vt 0.00000000 0.00000000
vt 1.00000000 1.00000000
vt 1.00000000 0.00000000
vt 1.00000000 1.00000000
vt 0.00000000 0.00000000
vt 1.00000000 1.00000000
vt 0.00000000 0.00000000
vt 1.00000000 1.00000000
vt 1.00000000 0.00000000
vt 1.00000000 1.00000000
vt 1.00000000 1.00000000
vt 0.00000000 0.00000000
vt 0.00000000 0.00000000
vt 1.00000000 1.00000000
vt 0.00000000 0.00000000
vt 1.00000000 0.00000000
vt 1.00000000 1.00000000
vt 1.00000000 0.00000000
vt 1.00000000 1.00000000
vt 0.00000000 0.00000000
vt 1.00000000 0.00000000
vt 0.00000000 0.00000000
vt 1.00000000 1.00000000
vt 1.00000000 1.00000000
vt 1.00000000 1.00000000
vt 1.00000000 1.00000000
vt 0.00000000 0.00000000
vt 0.00000000 0.00000000
vt 0.00000000 0.00000000
vt 1.00000000 1.00000000
vt 1.00000000 0.00000000
vt 1.00000000 1.00000000
vt 0.00000000 0.00000000
vt 1.00000000 1.00000000
vt 0.00000000 0.00000000
vt 1.00000000 1.00000000
vt 1.00000000 0.00000000
vt 1.00000000 1.00000000
vt 0.00000000 0.00000000
vt 1.00000000 1.00000000
vt 0.00000000 0.00000000
vt 0.00000000 0.00000000
vt 1.00000000 0.00000000
vt 1.00000000 1.00000000
vt 0.00000000 0.00000000
vt 1.00000000 0.00000000
vt 1.00000000 1.00000000
vt 1.00000000 1.00000000
vt 1.00000000 1.00000000
vt 1.00000000 0.00000000
vt 1.00000000 0.00000000
vt 1.00000000 0.00000000
vt 1.00000000 1.00000000
vt 1.00000000 1.00000000
vt 0.00000000 0.00000000
vt 1.00000000 1.00000000
vt 0.00000000 0.00000000
vt 0.00000000 0.00000000
vt 1.00000000 1.00000000
vt 0.00000000 0.00000000
vt 1.00000000 0.00000000
vt 0.00000000 0.00000000
vt 1.00000000 0.00000000
vt 1.00000000 0.00000000
vt 0.00000000 0.00000000
vt 1.00000000 1.00000000
vt 1.00000000 0.00000000
vt 0.00000000 0.00000000
vt 1.00000000 1.00000000
vt 1.00000000 1.00000000
vt 1.00000000 0.00000000
vt 1.00000000 1.00000000
vt 0.00000000 0.00000000
vt 0.00000000 0.00000000
vt 0.00000000 0.00000000
vt 1.00000000 1.00000000
vt 0.00000000 0.00000000
vt 0.00000000 0.00000000
vt 1.00000000 1.00000000
vt 1.00000000 1.00000000
vt 1.00000000 1.00000000
vt 1.00000000 0.00000000
vt 0.00000000 0.00000000
vt 1.00000000 0.00000000
vt 1.00000000 1.00000000
vt 1.00000000 0.00000000
vt 1.00000000 0.00000000
vt 1.00000000 1.00000000
vt 1.00000000 0.00000000
vt 1.00000000 1.00000000
vt 1.00000000 1.00000000
vt 0.00000000 0.00000000
vt 0.00000000 0.00000000
vt 1.00000000 0.00000000
vt 0.00000000 0.00000000
vt 1.00000000 1.00000000
vt 1.00000000 1.00000000
vt 1.00000000 0.00000000
vt 1.00000000 0.00000000
vt 1.00000000 0.00000000
vt 1.00000000 1.00000000
vt 1.00000000 0.00000000
vt 1.00000000 1.00000000
vt 1.00000000 0.00000000
vt 1.00000000 0.00000000
vt 0.00000000 0.00000000
vt 1.00000000 1.00000000
vt 1.00000000 0.00000000
vt 1.00000000 0.00000000
vt 0.00000000 0.00000000
vt 1.00000000 0.00000000
vt 1.00000000 1.00000000
vt 1.00000000 0.00000000
vt 1.00000000 0.00000000
vt 1.00000000 0.00000000
vt 0.00000000 0.00000000
vt 1.00000000 1.00000000
vt 1.00000000 1.00000000
vt 1.00000000 0.00000000
vt 0.00000000 0.00000000
vt 1.00000000 1.00000000
vt 1.00000000 0.00000000
vt 1.00000000 1.00000000
vt 1.00000000 1.00000000
vt 1.00000000 1.00000000
vt 1.00000000 0.00000000
vt 1.00000000 0.00000000
vt 0.00000000 0.00000000
vt 1.00000000 1.00000000
vt 0.00000000 0.00000000
vt 1.00000000 1.00000000
vt 0.00000000 0.00000000
vt 1.00000000 0.00000000
vt 1.00000000 1.00000000
vt 1.00000000 1.00000000
vt 1.00000000 0.00000000
vt 1.00000000 0.00000000
vt 1.00000000 1.00000000
vt 1.00000000 1.00000000
vt 1.00000000 1.00000000
vt 0.00000000 0.00000000
vt 0.00000000 0.00000000
vt 1.00000000 0.00000000
vt 0.00000000 0.00000000
vt 1.00000000 1.00000000
vt 1.00000000 1.00000000
vt 1.00000000 0.00000000
vt 1.00000000 0.00000000
vt 1.00000000 0.00000000
vt 0.00000000 0.00000000
vt 1.00000000 1.00000000
vt 1.00000000 1.00000000
vt 1.00000000 0.00000000
vt 1.00000000 1.00000000
vt 1.00000000 1.00000000
vt 1.00000000 0.00000000
vt 1.00000000 0.00000000
vt 0.00000000 0.00000000
vt 1.00000000 1.00000000
vt 1.00000000 0.00000000
vt 1.00000000 0.00000000
vt 1.00000000 1.00000000
vt 1.00000000 1.00000000
vt 1.00000000 0.00000000
vt 1.00000000 1.00000000
vt 1.00000000 0.00000000
vt 1.00000000 0.00000000
vt 1.00000000 1.00000000
vt 1.00000000 1.00000000
vt 1.00000000 0.00000000
vt 1.00000000 0.00000000
vt 0.00000000 0.00000000
vt 1.00000000 1.00000000
vt 1.00000000 1.00000000
vt 1.00000000 0.00000000
vt 1.00000000 0.00000000
vt 0.00000000 0.00000000
vt 1.00000000 0.00000000
vt 1.00000000 0.00000000
vt 1.00000000 1.00000000
vt 1.00000000 0.00000000
vt 1.00000000 1.00000000
vt 1.00000000 1.00000000
vt 0.00000000 0.00000000
vt 1.00000000 0.00000000
vt 1.00000000 0.00000000
vt 1.00000000 0.00000000
vt 1.00000000 1.00000000
vt 1.00000000 1.00000000
vt 1.00000000 0.00000000
vt 1.00000000 0.00000000
vt 1.00000000 1.00000000
vt 1.00000000 0.00000000
vt 1.00000000 1.00000000
vt 1.00000000 0.00000000
vt 1.00000000 0.00000000
vt 1.00000000 1.00000000
vt 1.00000000 0.00000000
vt 1.00000000 1.00000000
vt 1.00000000 1.00000000
vt 1.00000000 0.00000000
vt 0.00000000 0.00000000
vt 0.00000000 0.00000000
vt 1.00000000 0.00000000
vt 1.00000000 0.00000000
vt 1.00000000 1.00000000
vt 0.00000000 0.00000000
vt 1.00000000 0.00000000
vt 1.00000000 1.00000000
vt 1.00000000 0.00000000
vt 1.00000000 0.00000000
vt 1.00000000 1.00000000
vt 1.00000000 1.00000000
vt 1.00000000 0.00000000
vt 1.00000000 1.00000000
vt 1.00000000 0.00000000
vt 1.00000000 0.00000000
vt 1.00000000 0.00000000
vt 1.00000000 0.00000000
vt 1.00000000 0.00000000
vt 1.00000000 1.00000000
vt 1.00000000 1.00000000
vt 1.00000000 0.00000000
vt 1.00000000 0.00000000
vt 1.00000000 0.00000000
vt 1.00000000 1.00000000
vt 1.00000000 1.00000000
vt 1.00000000 0.00000000
vt 1.00000000 1.00000000
vt 0.00000000 0.00000000
vt 1.00000000 0.00000000
vt 1.00000000 1.00000000
vt 1.00000000 0.00000000
vt 0.00000000 0.00000000
vt 1.00000000 0.00000000
vt 1.00000000 1.00000000
vt 1.00000000 0.00000000
vt 1.00000000 1.00000000
vt 1.00000000 1.00000000
vt 1.00000000 0.00000000
vt 0.00000000 0.00000000
vt 1.00000000 0.00000000
vt 0.00000000 0.00000000
vt 1.00000000 0.00000000
vt 1.00000000 1.00000000
vt 1.00000000 1.00000000
vt 1.00000000 1.00000000
vt 1.00000000 1.00000000
vt 0.00000000 0.00000000
vt 1.00000000 0.00000000
vt 1.00000000 0.00000000
vt 0.00000000 0.00000000
vt 1.00000000 1.00000000
vt 1.00000000 1.00000000
vt 1.00000000 0.00000000
vt 1.00000000 1.00000000
vt 1.00000000 0.00000000
vt 1.00000000 0.00000000
vt 1.00000000 1.00000000
vt 1.00000000 0.00000000
vt 1.00000000 1.00000000
vt 1.00000000 0.00000000
vt 1.00000000 0.00000000
vt 1.00000000 1.00000000
vt 1.00000000 0.00000000
vt 1.00000000 0.00000000
vt 0.00000000 0.00000000
vt 1.00000000 0.00000000
vt 1.00000000 1.00000000
vt 1.00000000 1.00000000
vt 0.00000000 0.00000000
vt 0.00000000 0.00000000
vt 1.00000000 0.00000000
vt 1.00000000 1.00000000
vt 0.00000000 0.00000000
vt 1.00000000 0.00000000
vt 1.00000000 1.00000000
vt 1.00000000 0.00000000
vt 0.00000000 0.00000000
vt 1.00000000 1.00000000
vt 0.00000000 0.00000000
vt 1.00000000 1.00000000
vt 1.00000000 0.00000000
vt 1.00000000 1.00000000
vt 0.00000000 0.00000000
vt 1.00000000 1.00000000
vt 0.00000000 0.00000000
vt 0.00000000 0.00000000
vt 1.00000000 1.00000000
vt 1.00000000 1.00000000
vt 1.00000000 0.00000000
vt 1.00000000 0.00000000
vt 1.00000000 1.00000000
vt 1.00000000 1.00000000
vt 0.00000000 0.00000000
vt 1.00000000 0.00000000
vt 1.00000000 0.00000000
vt 1.00000000 1.00000000
vt 1.00000000 0.00000000
vt 1.00000000 0.00000000
vt 1.00000000 0.00000000
vt 0.00000000 0.00000000
vt 0.00000000 0.00000000
vt 1.00000000 1.00000000
vt 1.00000000 1.00000000
vt 1.00000000 1.00000000
vt 1.00000000 1.00000000
vt 0.00000000 0.00000000
vt 1.00000000 1.00000000
vt 0.00000000 0.00000000
vt 1.00000000 1.00000000
vt 0.00000000 0.00000000
vt 1.00000000 1.00000000
vt 1.00000000 0.00000000
vt 1.00000000 1.00000000
vt 0.00000000 0.00000000
vt 1.00000000 0.00000000
vt 1.00000000 1.00000000
vt 0.00000000 0.00000000
vt 1.00000000 1.00000000
vt 0.00000000 0.00000000
vt 1.00000000 1.00000000
vt 1.00000000 0.00000000
vt 1.00000000 0.00000000
vt 1.00000000 1.00000000
vt 1.00000000 0.00000000
vt 0.00000000 0.00000000
vt 1.00000000 1.00000000
vt 1.00000000 0.00000000
vt 1.00000000 0.00000000
vt 1.00000000 1.00000000
vt 1.00000000 0.00000000
vt 1.00000000 1.00000000
vt 0.00000000 0.00000000
vt 1.00000000 1.00000000
vt 1.00000000 0.00000000
vt 0.00000000 0.00000000
vt 0.00000000 0.00000000
vt 1.00000000 1.00000000
vt 1.00000000 1.00000000
vt 1.00000000 1.00000000
vt 1.00000000 1.00000000
vt 1.00000000 0.00000000
vt 1.00000000 0.00000000
vt 1.00000000 0.00000000
vt 1.00000000 0.00000000
vt 1.00000000 1.00000000
vt 1.00000000 1.00000000
vt 1.00000000 0.00000000
vt 1.00000000 0.00000000
vt 0.00000000 0.00000000
vt 1.00000000 0.00000000
vt 1.00000000 1.00000000
vt 1.00000000 0.00000000
vt 0.00000000 0.00000000
vt 0.00000000 0.00000000
vt 1.00000000 1.00000000
vt 0.00000000 0.00000000
vt 1.00000000 1.00000000
vt 1.00000000 1.00000000
vt 1.00000000 0.00000000
vt 1.00000000 0.00000000
vt 1.00000000 0.00000000
vt 1.00000000 1.00000000
vt 1.00000000 0.00000000
vt 1.00000000 0.00000000
vt 1.00000000 0.00000000
vt 1.00000000 0.00000000
vt 0.00000000 0.00000000
vt 1.00000000 0.00000000
vt 1.00000000 1.00000000
vt 1.00000000 1.00000000
vt 0.00000000 0.00000000
vt 0.00000000 0.00000000
vt 1.00000000 1.00000000
vt 1.00000000 0.00000000
vt 1.00000000 1.00000000
vt 1.00000000 1.00000000
vt 0.00000000 0.00000000
vt 0.00000000 0.00000000
vt 1.00000000 1.00000000
vt 1.00000000 1.00000000
vt 1.00000000 0.00000000
vt 1.00000000 1.00000000
vt 1.00000000 1.00000000
vt 1.00000000 0.00000000
vt 1.00000000 0.00000000
vt 0.00000000 0.00000000
vt 0.00000000 0.00000000
vt 1.00000000 1.00000000
vt 1.00000000 0.00000000
vt 1.00000000 0.00000000
vt 1.00000000 1.00000000
vt 0.00000000 0.00000000
vt 1.00000000 1.00000000
vt 1.00000000 1.00000000
vt 0.00000000 0.00000000
vt 1.00000000 0.00000000
vt 1.00000000 0.00000000
vt 1.00000000 0.00000000
vt 0.00000000 0.00000000
vt 1.00000000 1.00000000
vt 0.00000000 0.00000000
vt 0.00000000 0.00000000
vt 1.00000000 0.00000000
vt 1.00000000 1.00000000
vt 0.00000000 0.00000000
vt 1.00000000 1.00000000
vt 1.00000000 0.00000000
vt 1.00000000 0.00000000
vt 1.00000000 1.00000000
vt 0.00000000 0.00000000
vt 0.00000000 0.00000000
vt 1.00000000 1.00000000
vt 1.00000000 1.00000000
vt 1.00000000 1.00000000
vt 0.00000000 0.00000000
vt 1.00000000 1.00000000
vt 0.00000000 0.00000000
vt 1.00000000 1.00000000
vt 1.00000000 0.00000000
vt 1.00000000 0.00000000
vt 0.00000000 0.00000000
vt 1.00000000 1.00000000
vt 1.00000000 0.00000000
vt 0.00000000 0.00000000
vt 1.00000000 1.00000000
vt 1.00000000 0.00000000
vt 1.00000000 1.00000000
vt 0.00000000 0.00000000
vt 0.00000000 0.00000000
vt 0.00000000 0.00000000
vt 1.00000000 1.00000000
vt 1.00000000 1.00000000
vt 0.00000000 0.00000000
vt 0.00000000 0.00000000
vt 0.00000000 0.00000000
vt 1.00000000 1.00000000
vt 0.00000000 0.00000000
vt 1.00000000 0.00000000
vt 1.00000000 0.00000000
vt 1.00000000 1.00000000
vt 1.00000000 0.00000000
vt 1.00000000 1.00000000
vt 1.00000000 0.00000000
vt 1.00000000 1.00000000
vt 0.00000000 0.00000000
vt 1.00000000 0.00000000
vt 1.00000000 1.00000000
vt 0.00000000 0.00000000
vt 1.00000000 1.00000000
vt 1.00000000 0.00000000
vt 1.00000000 0.00000000
vt 1.00000000 1.00000000
vt 0.00000000 0.00000000
vt 1.00000000 0.00000000
vt 0.00000000 0.00000000
vt 1.00000000 1.00000000
vt 1.00000000 0.00000000
vt 1.00000000 1.00000000
vt 1.00000000 0.00000000
vt 1.00000000 1.00000000
vt 1.00000000 1.00000000
vt 1.00000000 0.00000000
vt 0.00000000 0.00000000
vt 0.00000000 0.00000000
vt 1.00000000 0.00000000
vt 1.00000000 1.00000000
vt 1.00000000 0.00000000
vt 1.00000000 1.00000000
vt 1.00000000 0.00000000
vt 1.00000000 0.00000000
vt 1.00000000 0.00000000
vt 0.00000000 0.00000000
vt 1.00000000 1.00000000
vt 0.00000000 0.00000000
vt 1.00000000 0.00000000
vt 1.00000000 0.00000000
vt 0.00000000 0.00000000
vt 1.00000000 1.00000000
vt 1.00000000 1.00000000
vt 0.00000000 0.00000000
vt 1.00000000 1.00000000
vt 1.00000000 0.00000000
vt 1.00000000 1.00000000
vt 1.00000000 1.00000000
vt 1.00000000 1.00000000
vt 0.00000000 0.00000000
vt 1.00000000 0.00000000
vt 1.00000000 0.00000000
vt 1.00000000 0.00000000
vt 1.00000000 1.00000000
vt 1.00000000 1.00000000
vt 1.00000000 0.00000000
vt 0.00000000 0.00000000
vt 0.00000000 0.00000000
vt 1.00000000 1.00000000
vt 1.00000000 1.00000000
vt 1.00000000 0.00000000
vt 1.00000000 1.00000000
vt 1.00000000 0.00000000
vt 1.00000000 0.00000000
vt 1.00000000 1.00000000
vt 0.00000000 0.00000000
vt 1.00000000 1.00000000
vt 1.00000000 0.00000000
vt 1.00000000 1.00000000
vt 1.00000000 0.00000000
vt 1.00000000 1.00000000
vt 1.00000000 0.00000000
vt 0.00000000 0.00000000
vt 1.00000000 0.00000000
vt 1.00000000 1.00000000
vt 0.00000000 0.00000000
vt 1.00000000 0.00000000
vt 0.00000000 0.00000000
vt 1.00000000 1.00000000
vt 1.00000000 0.00000000
vt 1.00000000 1.00000000
vt 0.00000000 0.00000000
vt 1.00000000 1.00000000
vt 1.00000000 0.00000000
vt 1.00000000 0.00000000
vt 1.00000000 0.00000000
vt 1.00000000 1.00000000
vt 1.00000000 1.00000000
vt 1.00000000 1.00000000
vt 0.00000000 0.00000000
vt 0.00000000 0.00000000
vt 0.00000000 0.00000000
vt 1.00000000 1.00000000
vt 1.00000000 0.00000000
vt 1.00000000 0.00000000
vt 0.00000000 0.00000000
vt 1.00000000 0.00000000
vt 1.00000000 1.00000000
vt 1.00000000 1.00000000
vt 1.00000000 0.00000000
vt 1.00000000 0.00000000
vt 1.00000000 0.00000000
vt 1.00000000 0.00000000
vt 0.00000000 0.00000000
vt 1.00000000 0.00000000
vt 1.00000000 0.00000000
vt 1.00000000 1.00000000
vt 1.00000000 0.00000000
vt 1.00000000 1.00000000
vt 1.00000000 0.00000000
vt 0.00000000 0.00000000
vt 1.00000000 1.00000000
vt 1.00000000 0.00000000
vt 1.00000000 1.00000000
vt 1.00000000 0.00000000
vt 1.00000000 0.00000000
vt 1.00000000 0.00000000
vt 1.00000000 1.00000000
vt 1.00000000 1.00000000
vt 0.00000000 0.00000000
vt 0.00000000 0.00000000
vt 1.00000000 1.00000000
vt 1.00000000 1.00000000
vt 1.00000000 0.00000000
vt 1.00000000 1.00000000
vt 1.00000000 0.00000000
vt 0.00000000 0.00000000
vt 0.00000000 0.00000000
vt 0.00000000 0.00000000
vt 0.00000000 0.00000000
vt 1.00000000 1.00000000
vt 0.00000000 0.00000000
vt 1.00000000 1.00000000
vt 1.00000000 1.00000000
vt 1.00000000 0.00000000
vt 1.00000000 0.00000000
vt 1.00000000 1.00000000
vt 1.00000000 0.00000000
vt 0.00000000 0.00000000
vt 1.00000000 1.00000000
vt 0.00000000 0.00000000
vt 0.00000000 0.00000000
vt 0.00000000 0.00000000
vt 1.00000000 1.00000000
vt 1.00000000 1.00000000
vt 0.00000000 0.00000000
vt 0.00000000 0.00000000
vt 0.00000000 0.00000000
vt 1.00000000 1.00000000
vt 0.00000000 0.00000000
vt 1.00000000 1.00000000
vt 0.00000000 0.00000000
vt 0.00000000 0.00000000
vt 0.00000000 0.00000000
vt 0.00000000 0.00000000
vt 1.00000000 1.00000000
vt 0.00000000 0.00000000
vt 1.00000000 1.00000000
vt 0.00000000 0.00000000
vt 1.00000000 0.00000000
vt 1.00000000 1.00000000
vt 1.00000000 1.00000000
vt 1.00000000 0.00000000
vt 1.00000000 0.00000000
vt 1.00000000 0.00000000
vt 1.00000000 1.00000000
vt 0.00000000 0.00000000
vt 1.00000000 0.00000000
vt 0.00000000 0.00000000
vt 0.00000000 0.00000000
vt 1.00000000 1.00000000
vt 0.00000000 0.00000000
vt 0.00000000 0.00000000
vt 1.00000000 1.00000000
vt 0.00000000 0.00000000
vt 1.00000000 0.00000000
vt 1.00000000 0.00000000
vt 1.00000000 1.00000000
vt 1.00000000 1.00000000
vt 1.00000000 0.00000000
vt 1.00000000 1.00000000
vt 0.00000000 0.00000000
vt 1.00000000 0.00000000
vt 1.00000000 0.00000000
vt 0.00000000 0.00000000
vt 0.00000000 0.00000000
vt 0.00000000 0.00000000
vt 1.00000000 1.00000000
vt 0.00000000 0.00000000
vt 1.00000000 0.00000000
vt 0.00000000 0.00000000
vt 1.00000000 1.00000000
vt 0.00000000 0.00000000
vt 1.00000000 0.00000000
vt 1.00000000 0.00000000
vt 1.00000000 0.00000000
vt 1.00000000 1.00000000
vt 1.00000000 0.00000000
vt 1.00000000 1.00000000
vt 1.00000000 0.00000000
vt 1.00000000 1.00000000
vt 1.00000000 0.00000000
vt 1.00000000 1.00000000
vt 1.00000000 0.00000000
vt 0.00000000 0.00000000
vt 1.00000000 1.00000000
vt 1.00000000 1.00000000
vt 1.00000000 0.00000000
vt 1.00000000 1.00000000
vt 0.00000000 0.00000000
vt 1.00000000 1.00000000
vt 1.00000000 0.00000000
vt 1.00000000 1.00000000
vt 1.00000000 0.00000000
vt 1.00000000 0.00000000
vt 1.00000000 0.00000000
vt 0.00000000 0.00000000
vt 1.00000000 1.00000000
vt 1.00000000 1.00000000
vt 0.00000000 0.00000000
vt 0.00000000 0.00000000
vt 0.00000000 0.00000000
vt 1.00000000 1.00000000
vt 1.00000000 1.00000000
vt 1.00000000 0.00000000
vt 1.00000000 1.00000000
vt 1.00000000 1.00000000
vt 1.00000000 0.00000000
vt 1.00000000 1.00000000
vt 1.00000000 1.00000000
vt 0.00000000 0.00000000
vt 0.00000000 0.00000000
vt 0.00000000 0.00000000
vt 1.00000000 1.00000000
vt 0.00000000 0.00000000
vt 1.00000000 0.00000000
vt 1.00000000 0.00000000
vt 1.00000000 1.00000000
vt 0.00000000 0.00000000
vt 1.00000000 1.00000000
vt 0.00000000 0.00000000
vt 1.00000000 1.00000000
vt 1.00000000 1.00000000
vt 0.00000000 0.00000000
vt 0.00000000 0.00000000
vt 1.00000000 1.00000000
vt 0.00000000 0.00000000
vt 0.00000000 0.00000000
vt 0.00000000 0.00000000
vt 1.00000000 1.00000000
vt 1.00000000 1.00000000
vt 0.00000000 0.00000000
vt 1.00000000 1.00000000
vt 1.00000000 0.00000000
vt 0.00000000 0.00000000
vt 1.00000000 0.00000000
vt 1.00000000 1.00000000
vt 1.00000000 1.00000000
vt 0.00000000 0.00000000
vt 1.00000000 0.00000000
vt 1.00000000 0.00000000
vt 1.00000000 1.00000000
vt 0.00000000 0.00000000
vt 1.00000000 0.00000000
vt 1.00000000 0.00000000
vt 1.00000000 0.00000000
vt 1.00000000 1.00000000
vt 1.00000000 0.00000000
vt 1.00000000 1.00000000
vt 0.00000000 0.00000000
vt 1.00000000 1.00000000
vt 1.00000000 0.00000000
vt 1.00000000 0.00000000
vt 1.00000000 1.00000000
vt 1.00000000 0.00000000
vt 1.00000000 0.00000000
vt 1.00000000 0.00000000
vt 0.00000000 0.00000000
vt 0.00000000 0.00000000
vt 1.00000000 0.00000000
vt 1.00000000 1.00000000
vt 0.00000000 0.00000000
vt 1.00000000 1.00000000
vt 1.00000000 0.00000000
vt 0.00000000 0.00000000
vt 1.00000000 0.00000000
vt 1.00000000 1.00000000
vt 1.00000000 1.00000000
vt 1.00000000 0.00000000
vt 1.00000000 0.00000000
vt 1.00000000 0.00000000
vt 1.00000000 0.00000000
vt 1.00000000 0.00000000
vt 1.00000000 1.00000000
vt 1.00000000 0.00000000
vt 1.00000000 1.00000000
vt 1.00000000 1.00000000
vt 1.00000000 1.00000000
vt 0.00000000 0.00000000
vt 1.00000000 1.00000000
vt 0.00000000 0.00000000
vt 0.00000000 0.00000000
vt 1.00000000 1.00000000
vt 0.00000000 0.00000000
vt 1.00000000 1.00000000
vt 0.00000000 0.00000000
vt 1.00000000 1.00000000
vt 1.00000000 1.00000000
vt 1.00000000 0.00000000
vt 1.00000000 0.00000000
vt 1.00000000 0.00000000
vt 0.00000000 0.00000000
vt 1.00000000 1.00000000
vt 1.00000000 1.00000000
vt 0.00000000 0.00000000
vt 1.00000000 0.00000000
vt 1.00000000 1.00000000
vt 1.00000000 0.00000000
vt 1.00000000 1.00000000
vt 1.00000000 0.00000000
vt 0.00000000 0.00000000
vt 1.00000000 0.00000000
vt 1.00000000 0.00000000
vt 1.00000000 1.00000000
vt 1.00000000 0.00000000
vt 0.00000000 0.00000000
vt 1.00000000 1.00000000
vt 1.00000000 1.00000000
vt 1.00000000 0.00000000
vt 0.00000000 0.00000000
vt 1.00000000 1.00000000
vt 1.00000000 1.00000000
vt 0.00000000 0.00000000
vt 1.00000000 1.00000000
vt 1.00000000 0.00000000
vt 1.00000000 0.00000000
vt 1.00000000 1.00000000
vt 0.00000000 0.00000000
vt 1.00000000 1.00000000
vt 1.00000000 0.00000000
vt 0.00000000 0.00000000
vt 1.00000000 1.00000000
vt 1.00000000 1.00000000
vt 1.00000000 0.00000000
vt 1.00000000 1.00000000
vt 0.00000000 0.00000000
vt 1.00000000 1.00000000
vt 1.00000000 0.00000000
vt 1.00000000 0.00000000
vt 0.00000000 0.00000000
vt 1.00000000 1.00000000
vt 1.00000000 1.00000000
vt 1.00000000 0.00000000
vt 1.00000000 1.00000000
vt 0.00000000 0.00000000
vt 1.00000000 0.00000000
vt 1.00000000 1.00000000
vt 1.00000000 0.00000000
vt 1.00000000 1.00000000
vt 1.00000000 1.00000000
vt 0.00000000 0.00000000
vt 1.00000000 1.00000000
vt 1.00000000 0.00000000
vt 1.00000000 0.00000000
vt 1.00000000 0.00000000
vt 1.00000000 1.00000000
vt 0.00000000 0.00000000
vt 1.00000000 1.00000000
vt 1.00000000 1.00000000
vt 0.00000000 0.00000000
vt 0.00000000 0.00000000
vt 1.00000000 0.00000000
vt 1.00000000 0.00000000
vt 1.00000000 1.00000000
vt 1.00000000 0.00000000
vt 1.00000000 0.00000000
vt 0.00000000 0.00000000
vt 1.00000000 1.00000000
vt 1.00000000 1.00000000
vt 1.00000000 0.00000000
vt 1.00000000 0.00000000
vt 1.00000000 1.00000000
vt 0.00000000 0.00000000
vt 0.00000000 0.00000000
vt 1.00000000 1.00000000
vt 0.00000000 0.00000000
vt 1.00000000 1.00000000
vt 0.00000000 0.00000000
vt 1.00000000 0.00000000
vt 1.00000000 0.00000000
vt 1.00000000 0.00000000
vt 1.00000000 1.00000000
vt 1.00000000 1.00000000
vt 1.00000000 0.00000000
vt 1.00000000 1.00000000
vt 1.00000000 0.00000000
vt 1.00000000 0.00000000
vt 1.00000000 1.00000000
vt 0.00000000 0.00000000
vt 1.00000000 1.00000000
vt 1.00000000 0.00000000
vt 1.00000000 1.00000000
vt 0.00000000 0.00000000
vt 1.00000000 1.00000000
vt 0.00000000 0.00000000
vt 0.00000000 0.00000000
vt 0.00000000 0.00000000
vt 1.00000000 0.00000000
vt 1.00000000 0.00000000
vt 1.00000000 0.00000000
vt 1.00000000 1.00000000
vt 1.00000000 1.00000000
vt 1.00000000 1.00000000
vt 1.00000000 0.00000000
vt 1.00000000 0.00000000
vt 1.00000000 0.00000000
vt 0.00000000 0.00000000
vt 1.00000000 1.00000000
vt 0.00000000 0.00000000
vt 1.00000000 0.00000000
vt 1.00000000 1.00000000
vt 0.00000000 0.00000000
vt 1.00000000 0.00000000
vt 1.00000000 1.00000000
vt 0.00000000 0.00000000
vt 0.00000000 0.00000000
vt 0.00000000 0.00000000
vt 1.00000000 0.00000000
vt 1.00000000 1.00000000
vt 1.00000000 1.00000000
vt 1.00000000 0.00000000
vt 1.00000000 1.00000000
vt 1.00000000 0.00000000
vt 0.00000000 0.00000000
vt 1.00000000 1.00000000
vt 1.00000000 0.00000000
vt 0.00000000 0.00000000
vt 1.00000000 1.00000000
vt 0.00000000 0.00000000
vt 1.00000000 1.00000000
vt 0.00000000 0.00000000
vt 0.00000000 0.00000000
vt 0.00000000 0.00000000
vt 1.00000000 1.00000000
vt 1.00000000 0.00000000
vt 1.00000000 0.00000000
vt 1.00000000 1.00000000
vt 0.00000000 0.00000000
vt 1.00000000 1.00000000
vt 0.00000000 0.00000000
vt 1.00000000 1.00000000
vt 0.00000000 0.00000000
vt 0.00000000 0.00000000
vt 0.00000000 0.00000000
vt 1.00000000 1.00000000
vt 0.00000000 0.00000000
vt 1.00000000 1.00000000
vt 0.00000000 0.00000000
vt 1.00000000 0.00000000
vt 1.00000000 1.00000000
vt 1.00000000 0.00000000
vt 0.00000000 0.00000000
vt 0.00000000 0.00000000
vt 1.00000000 1.00000000
vt 0.00000000 0.00000000
vt 1.00000000 0.00000000
vt 1.00000000 1.00000000
vt 1.00000000 1.00000000
vt 0.00000000 0.00000000
vt 1.00000000 1.00000000
vt 1.00000000 0.00000000
vt 1.00000000 0.00000000
vt 0.00000000 0.00000000
vt 0.00000000 0.00000000
vt 0.00000000 0.00000000
vt 1.00000000 1.00000000
vt 1.00000000 1.00000000
vt 0.00000000 0.00000000
vt 0.00000000 0.00000000
vt 0.00000000 0.00000000
vt 1.00000000 1.00000000
vt 0.00000000 0.00000000
vt 0.00000000 0.00000000
vt 1.00000000 1.00000000
vt 1.00000000 1.00000000
vt 1.00000000 0.00000000
vt 1.00000000 0.00000000
vt 1.00000000 1.00000000
vt 1.00000000 1.00000000
vt 0.00000000 0.00000000
vt 0.00000000 0.00000000
vt 0.00000000 0.00000000
vt 0.00000000 0.00000000
vt 0.00000000 0.00000000
vt 1.00000000 1.00000000
vt 0.00000000 0.00000000
vt 1.00000000 1.00000000
vt 0.00000000 0.00000000
vt 1.00000000 0.00000000
vt 1.00000000 1.00000000
vt 1.00000000 1.00000000
vt 0.00000000 0.00000000
vt 1.00000000 0.00000000
vt 0.00000000 0.00000000
vt 1.00000000 0.00000000
vt 0.00000000 0.00000000
vt 0.00000000 0.00000000
vt 1.00000000 1.00000000
vt 1.00000000 0.00000000
vt 1.00000000 1.00000000
vt 1.00000000 1.00000000
vt 1.00000000 0.00000000
vt 0.00000000 0.00000000
vt 0.00000000 0.00000000
vt 1.00000000 0.00000000
vt 0.00000000 0.00000000
vt 1.00000000 1.00000000
vt 1.00000000 1.00000000
vt 1.00000000 0.00000000
vt 0.00000000 0.00000000
vt 1.00000000 0.00000000
vt 0.00000000 0.00000000
vt 1.00000000 0.00000000
vt 1.00000000 0.00000000
vt 1.00000000 1.00000000
vt 1.00000000 1.00000000
vt 0.00000000 0.00000000
vt 1.00000000 1.00000000
vt 1.00000000 0.00000000
vt 1.00000000 1.00000000
vt 0.00000000 0.00000000
vt 0.00000000 0.00000000
vt 1.00000000 0.00000000
vt 0.00000000 0.00000000
vt 0.00000000 0.00000000
vt 1.00000000 1.00000000
vt 1.00000000 0.00000000
vt 1.00000000 0.00000000
vt 1.00000000 1.00000000
vt 1.00000000 0.00000000
vt 1.00000000 1.00000000
vt 0.00000000 0.00000000
vt 0.00000000 0.00000000
vt 1.00000000 0.00000000
vt 1.00000000 1.00000000
vt 1.00000000 1.00000000
vt 0.00000000 0.00000000
vt 1.00000000 1.00000000
vt 0.00000000 0.00000000
vt 1.00000000 0.00000000
vt 1.00000000 0.00000000
vt 0.00000000 0.00000000
vt 1.00000000 0.00000000
vt 1.00000000 1.00000000
vt 0.00000000 0.00000000
vt 1.00000000 1.00000000
vt 1.00000000 0.00000000
vt 1.00000000 1.00000000
vt 0.00000000 0.00000000
vt 1.00000000 1.00000000
vt 1.00000000 0.00000000
vt 1.00000000 1.00000000
vt 1.00000000 0.00000000
vt 0.00000000 0.00000000
vt 1.00000000 0.00000000
vt 1.00000000 0.00000000
vt 0.00000000 0.00000000
vt 0.00000000 0.00000000
vt 1.00000000 0.00000000
vt 1.00000000 1.00000000
vt 1.00000000 1.00000000
vt 1.00000000 0.00000000
vt 0.00000000 0.00000000
vt 1.00000000 0.00000000
vt 1.00000000 1.00000000
vt 1.00000000 1.00000000
vt 1.00000000 0.00000000
vt 0.00000000 0.00000000
vt 1.00000000 1.00000000
vt 0.00000000 0.00000000
vt 1.00000000 0.00000000
vt 1.00000000 1.00000000
vt 1.00000000 1.00000000
vt 0.00000000 0.00000000
vt 1.00000000 0.00000000
vt 1.00000000 1.00000000
vt 1.00000000 0.00000000
vt 1.00000000 1.00000000
vt 1.00000000 0.00000000
vt 1.00000000 1.00000000
vt 0.00000000 0.00000000
vt 1.00000000 1.00000000
vt 1.00000000 0.00000000
vt 0.00000000 0.00000000
vt 1.00000000 1.00000000
vt 0.00000000 0.00000000
vt 1.00000000 1.00000000
vt 1.00000000 1.00000000
vt 1.00000000 0.00000000
vt 1.00000000 0.00000000
vt 0.00000000 0.00000000
vt 0.00000000 0.00000000
vt 1.00000000 0.00000000
vt 0.00000000 0.00000000
vt 1.00000000 1.00000000
vt 0.00000000 0.00000000
vt 0.00000000 0.00000000
vt 0.00000000 0.00000000
vt 1.00000000 0.00000000
vt 1.00000000 1.00000000
vt 1.00000000 0.00000000
vt 1.00000000 1.00000000
vt 1.00000000 1.00000000
vt 0.00000000 0.00000000
vt 0.00000000 0.00000000
vt 1.00000000 1.00000000
vt 1.00000000 0.00000000
vt 0.00000000 0.00000000
vt 1.00000000 0.00000000
vt 1.00000000 0.00000000
vt 1.00000000 1.00000000
vt 1.00000000 0.00000000
vt 1.00000000 0.00000000
vt 1.00000000 0.00000000
vt 1.00000000 1.00000000
vt 0.00000000 0.00000000
vt 1.00000000 1.00000000
vt 0.00000000 0.00000000
vt 1.00000000 1.00000000
vt 0.00000000 0.00000000
vt 1.00000000 1.00000000
vt 0.00000000 0.00000000
vt 0.00000000 0.00000000
vt 1.00000000 1.00000000
vt 0.00000000 0.00000000
vt 0.00000000 0.00000000
vt 0.00000000 0.00000000
vt 1.00000000 0.00000000
vt 1.00000000 1.00000000
vt 1.00000000 0.00000000
vt 1.00000000 0.00000000
vt 0.00000000 0.00000000
vt 0.00000000 0.00000000
vt 1.00000000 1.00000000
vt 1.00000000 1.00000000
vt 1.00000000 0.00000000
vt 1.00000000 0.00000000
vt 0.00000000 0.00000000
vt 0.00000000 0.00000000
vt 1.00000000 1.00000000
vt 0.00000000 0.00000000
vt 1.00000000 0.00000000
vt 0.00000000 0.00000000
vt 1.00000000 0.00000000
vt 1.00000000 1.00000000
vt 0.00000000 0.00000000
vt 1.00000000 1.00000000
vt 1.00000000 1.00000000
vt 1.00000000 0.00000000
vt 0.00000000 0.00000000
vt 1.00000000 0.00000000
vt 1.00000000 0.00000000
vt 1.00000000 0.00000000
vt 0.00000000 0.00000000
vt 1.00000000 1.00000000
vt 0.00000000 0.00000000
vt 1.00000000 0.00000000
vt 0.00000000 0.00000000
vt 0.00000000 0.00000000
vt 1.00000000 0.00000000
vt 1.00000000 1.00000000
vt 0.00000000 0.00000000
vt 1.00000000 1.00000000
vt 1.00000000 0.00000000
vt 0.00000000 0.00000000
vt 1.00000000 1.00000000
vt 1.00000000 0.00000000
vt 1.00000000 0.00000000
vt 1.00000000 0.00000000
vt 1.00000000 1.00000000
vt 1.00000000 0.00000000
vt 1.00000000 1.00000000
vt 1.00000000 0.00000000
vt 1.00000000 0.00000000
vt 1.00000000 1.00000000
vt 1.00000000 0.00000000
vt 1.00000000 1.00000000
vt 1.00000000 0.00000000
vt 1.00000000 0.00000000
vt 0.00000000 0.00000000
vt 1.00000000 1.00000000
vt 1.00000000 1.00000000
vt 0.00000000 0.00000000
vt 0.00000000 0.00000000
vt 0.00000000 0.00000000
vt 1.00000000 1.00000000
vt 1.00000000 0.00000000
vt 1.00000000 0.00000000
vt 1.00000000 0.00000000
vt 1.00000000 1.00000000
vt 1.00000000 0.00000000
vt 0.00000000 0.00000000
vt 1.00000000 1.00000000
vt 1.00000000 1.00000000
vt 0.00000000 0.00000000
vt 0.00000000 0.00000000
vt 1.00000000 0.00000000
vt 1.00000000 1.00000000
vt 1.00000000 0.00000000
vt 1.00000000 0.00000000
vt 1.00000000 0.00000000
vt 1.00000000 0.00000000
vt 1.00000000 0.00000000
vt 1.00000000 0.00000000
vt 1.00000000 1.00000000
vt 0.00000000 0.00000000
vt 1.00000000 1.00000000
vt 0.00000000 0.00000000
vt 0.00000000 0.00000000
vt 1.00000000 0.00000000
vt 1.00000000 0.00000000
vt 1.00000000 1.00000000
vt 0.00000000 0.00000000
vt 0.00000000 0.00000000
vt 0.00000000 0.00000000
vt 0.00000000 0.00000000
vt 1.00000000 1.00000000
vt 1.00000000 1.00000000
vt 0.00000000 0.00000000
vt 0.00000000 0.00000000
vt 1.00000000 1.00000000
vt 1.00000000 1.00000000
vt 0.00000000 0.00000000
vt 1.00000000 0.00000000
vt 0.00000000 0.00000000
vt 1.00000000 0.00000000
vt 1.00000000 1.00000000
vt 0.00000000 0.00000000
vt 1.00000000 1.00000000
vt 0.00000000 0.00000000
vt 1.00000000 1.00000000
vt 0.00000000 0.00000000
vt 0.00000000 0.00000000
vt 0.00000000 0.00000000
vt 1.00000000 0.00000000
vt 1.00000000 1.00000000
vt 1.00000000 1.00000000
vt 0.00000000 0.00000000
vt 1.00000000 1.00000000
vt 0.00000000 0.00000000
vt 0.00000000 0.00000000
vt 1.00000000 1.00000000
vt 1.00000000 0.00000000
vt 1.00000000 1.00000000
vt 1.00000000 0.00000000
vt 1.00000000 1.00000000
vt 1.00000000 0.00000000
vt 1.00000000 1.00000000
vt 0.00000000 0.00000000
vt 0.00000000 0.00000000
vt 1.00000000 0.00000000
vt 1.00000000 1.00000000
vt 0.00000000 0.00000000
vt 1.00000000 1.00000000
vt 1.00000000 0.00000000
vt 0.00000000 0.00000000
vt 0.00000000 0.00000000
vt 1.00000000 1.00000000
vt 1.00000000 0.00000000
vt 1.00000000 0.00000000
vt 0.00000000 0.00000000
vt 1.00000000 1.00000000
vt 1.00000000 1.00000000
vt 1.00000000 0.00000000
vt 0.00000000 0.00000000
vt 0.00000000 0.00000000
vt 0.00000000 0.00000000
vt 1.00000000 1.00000000
vt 1.00000000 1.00000000
vt 1.00000000 0.00000000
vt 0.00000000 0.00000000
vt 1.00000000 1.00000000
vt 0.00000000 0.00000000
vt 1.00000000 1.00000000
vt 1.00000000 0.00000000
vt 0.00000000 0.00000000
vt 0.00000000 0.00000000
vt 1.00000000 1.00000000
vt 1.00000000 0.00000000
vt 1.00000000 1.00000000
vt 0.00000000 0.00000000
vt 1.00000000 1.00000000
vt 1.00000000 0.00000000
vt 1.00000000 0.00000000
vt 0.00000000 0.00000000
vt 1.00000000 0.00000000
vt 1.00000000 1.00000000
vt 1.00000000 0.00000000
vt 0.00000000 0.00000000
vt 1.00000000 1.00000000
vt 0.00000000 0.00000000
vt 1.00000000 1.00000000
vt 0.00000000 0.00000000
vt 1.00000000 1.00000000
vt 1.00000000 0.00000000
vt 1.00000000 1.00000000
vt 1.00000000 1.00000000
vt 1.00000000 0.00000000
vt 0.00000000 0.00000000
vt 1.00000000 0.00000000
vt 0.00000000 0.00000000
vt 1.00000000 1.00000000
vt 0.00000000 0.00000000
vt 1.00000000 1.00000000
vt 0.00000000 0.00000000
vt 0.00000000 0.00000000
vt 0.00000000 0.00000000
vt 0.00000000 0.00000000
vt 1.00000000 1.00000000
vt 0.00000000 0.00000000
vt 0.00000000 0.00000000
vt 0.00000000 0.00000000
vt 1.00000000 1.00000000
vt 0.00000000 0.00000000
vt 1.00000000 1.00000000
vt 0.00000000 0.00000000
vt 0.00000000 0.00000000
vt 1.00000000 0.00000000
vt 1.00000000 1.00000000
vt 1.00000000 1.00000000
vt 1.00000000 1.00000000
vt 0.00000000 0.00000000
vt 1.00000000 1.00000000
vt 1.00000000 0.00000000
vt 1.00000000 0.00000000
vt 0.00000000 0.00000000
vt 0.00000000 0.00000000
vt 1.00000000 1.00000000
vt 1.00000000 0.00000000
vt 1.00000000 0.00000000
vt 1.00000000 0.00000000
vt 1.00000000 1.00000000
vt 1.00000000 0.00000000
vt 1.00000000 1.00000000
vt 1.00000000 0.00000000
vt 1.00000000 0.00000000
vt 1.00000000 1.00000000
vt 0.00000000 0.00000000
vt 1.00000000 1.00000000
vt 0.00000000 0.00000000
vt 0.00000000 0.00000000
vt 1.00000000 0.00000000
vt 1.00000000 1.00000000
vt 1.00000000 1.00000000
vt 1.00000000 0.00000000
vt 0.00000000 0.00000000
vt 1.00000000 1.00000000
vt 0.00000000 0.00000000
vt 0.00000000 0.00000000
vt 1.00000000 1.00000000
vt 1.00000000 0.00000000
vt 0.00000000 0.00000000
vt 1.00000000 1.00000000
vt 1.00000000 0.00000000
vt 1.00000000 1.00000000
vt 1.00000000 0.00000000
vt 1.00000000 1.00000000
vt 1.00000000 1.00000000
vt 0.00000000 0.00000000
vt 1.00000000 0.00000000
vt 0.00000000 0.00000000
vt 1.00000000 1.00000000
vt 1.00000000 1.00000000
vt 0.00000000 0.00000000
vt 1.00000000 1.00000000
vt 1.00000000 0.00000000
vt 0.00000000 0.00000000
vt 1.00000000 1.00000000
vt 0.00000000 0.00000000
vt 0.00000000 0.00000000
vt 0.00000000 0.00000000
vt 1.00000000 1.00000000
vt 0.00000000 0.00000000
vt 1.00000000 0.00000000
vt 0.00000000 0.00000000
vt 1.00000000 1.00000000
vt 1.00000000 0.00000000
vt 1.00000000 1.00000000
vt 1.00000000 0.00000000
vt 1.00000000 1.00000000
vt 1.00000000 0.00000000
vt 1.00000000 0.00000000
vt 0.00000000 0.00000000
vt 1.00000000 0.00000000
vt 0.00000000 0.00000000
vt 0.00000000 0.00000000
vt 1.00000000 1.00000000
vt 0.00000000 0.00000000
vt 1.00000000 0.00000000
vt 1.00000000 0.00000000
vt 0.00000000 0.00000000
vt 1.00000000 1.00000000
vt 0.00000000 0.00000000
vt 1.00000000 0.00000000
vt 1.00000000 1.00000000
vt 1.00000000 0.00000000
vt 0.00000000 0.00000000
vt 1.00000000 0.00000000
vt 1.00000000 1.00000000
vt 1.00000000 1.00000000
vt 1.00000000 0.00000000
vt 1.00000000 1.00000000
vt 1.00000000 1.00000000
vt 1.00000000 1.00000000
vt 0.00000000 0.00000000
vt 0.00000000 0.00000000
vt 1.00000000 0.00000000
vt 0.00000000 0.00000000
vt 1.00000000 1.00000000
vt 1.00000000 0.00000000
vt 0.00000000 0.00000000
vt 1.00000000 0.00000000
vt 1.00000000 1.00000000
vt 1.00000000 1.00000000
vt 1.00000000 1.00000000
vt 1.00000000 1.00000000
vt 1.00000000 1.00000000
vt 0.00000000 0.00000000
vt 1.00000000 1.00000000
vt 1.00000000 0.00000000
vt 1.00000000 1.00000000
vt 1.00000000 0.00000000
vt 1.00000000 1.00000000
vt 1.00000000 0.00000000
vt 1.00000000 0.00000000
vt 0.00000000 0.00000000
vt 1.00000000 0.00000000
vt 1.00000000 0.00000000
vt 0.00000000 0.00000000
vt 0.00000000 0.00000000
vt 1.00000000 1.00000000
vt 0.00000000 0.00000000
vt 1.00000000 1.00000000
vt 0.00000000 0.00000000
vt 1.00000000 0.00000000
vt 1.00000000 0.00000000
vt 1.00000000 1.00000000
vt 1.00000000 0.00000000
vt 0.00000000 0.00000000
vt 0.00000000 0.00000000
vt 1.00000000 1.00000000
vt 1.00000000 0.00000000
vt 1.00000000 0.00000000
vt 0.00000000 0.00000000
vt 1.00000000 1.00000000
vt 0.00000000 0.00000000
vt 0.00000000 0.00000000
vt 0.00000000 0.00000000
vt 1.00000000 1.00000000
vt 1.00000000 0.00000000
vt 1.00000000 1.00000000
vt 0.00000000 0.00000000
vt 1.00000000 0.00000000
vt 1.00000000 1.00000000
vt 0.00000000 0.00000000
vt 0.00000000 0.00000000
vt 0.00000000 0.00000000
vt 1.00000000 1.00000000
vt 0.00000000 0.00000000
vt 1.00000000 1.00000000
vt 1.00000000 0.00000000
vt 1.00000000 1.00000000
vt 0.00000000 0.00000000
vt 0.00000000 0.00000000
vt 1.00000000 0.00000000
vt 1.00000000 0.00000000
vt 0.00000000 0.00000000
vt 1.00000000 1.00000000
vt 1.00000000 0.00000000
vt 1.00000000 0.00000000
vt 0.00000000 0.00000000
vt 1.00000000 1.00000000
vt 1.00000000 1.00000000
vt 1.00000000 0.00000000
vt 1.00000000 1.00000000
vt 1.00000000 0.00000000
vt 1.00000000 0.00000000
vt 1.00000000 1.00000000
vt 0.00000000 0.00000000
vt 1.00000000 1.00000000
vt 1.00000000 0.00000000
vt 1.00000000 0.00000000
vt 1.00000000 0.00000000
vt 1.00000000 1.00000000
vt 1.00000000 0.00000000
vt 0.00000000 0.00000000
vt 0.00000000 0.00000000
vt 1.00000000 0.00000000
vt 0.00000000 0.00000000
vt 1.00000000 1.00000000
vt 1.00000000 0.00000000
vt 1.00000000 0.00000000
vt 0.00000000 0.00000000
vt 0.00000000 0.00000000
vt 1.00000000 0.00000000
vt 1.00000000 1.00000000
vt 1.00000000 0.00000000
vt 1.00000000 1.00000000
vt 1.00000000 1.00000000
vt 1.00000000 1.00000000
vt 1.00000000 0.00000000
vt 1.00000000 1.00000000
vt 0.00000000 0.00000000
vt 0.00000000 0.00000000
vt 1.00000000 1.00000000
vt 0.00000000 0.00000000
vt 0.00000000 0.00000000
vt 1.00000000 0.00000000
vt 1.00000000 0.00000000
vt 1.00000000 1.00000000
vt 1.00000000 1.00000000
vt 1.00000000 0.00000000
vt 1.00000000 0.00000000
vt 1.00000000 1.00000000
vt 1.00000000 0.00000000
vt 1.00000000 0.00000000
vt 1.00000000 1.00000000
vt 0.00000000 0.00000000
vt 0.00000000 0.00000000
vt 1.00000000 0.00000000
vt 1.00000000 1.00000000
vt 0.00000000 0.00000000
vt 1.00000000 1.00000000
vt 1.00000000 0.00000000
vt 1.00000000 1.00000000
vt 1.00000000 0.00000000
vt 0.00000000 0.00000000
vt 0.00000000 0.00000000
vt 0.00000000 0.00000000
vt 1.00000000 0.00000000
vt 1.00000000 1.00000000
vt 1.00000000 0.00000000
vt 1.00000000 1.00000000
vt 1.00000000 0.00000000
vt 1.00000000 1.00000000
vt 0.00000000 0.00000000
vt 1.00000000 1.00000000
vt 1.00000000 1.00000000
vt 1.00000000 0.00000000
vt 1.00000000 1.00000000
vt 1.00000000 0.00000000
vt 0.00000000 0.00000000
vt 0.00000000 0.00000000
vt 1.00000000 0.00000000
vt 0.00000000 0.00000000
vt 1.00000000 1.00000000
vt 1.00000000 0.00000000
vt 1.00000000 0.00000000
vt 1.00000000 0.00000000
vt 1.00000000 1.00000000
vt 0.00000000 0.00000000
vt 1.00000000 0.00000000
vt 1.00000000 0.00000000
vt 0.00000000 0.00000000
vt 1.00000000 0.00000000
vt 1.00000000 0.00000000
vt 1.00000000 1.00000000
vt 1.00000000 1.00000000
vt 1.00000000 1.00000000
vt 1.00000000 1.00000000
vt 1.00000000 0.00000000
vt 0.00000000 0.00000000
vt 1.00000000 0.00000000
vt 0.00000000 0.00000000
vt 0.00000000 0.00000000
vt 1.00000000 0.00000000
vt 0.00000000 0.00000000
vt 1.00000000 1.00000000
vt 1.00000000 1.00000000
vt 0.00000000 0.00000000
vt 1.00000000 1.00000000
vt 0.00000000 0.00000000
vt 1.00000000 1.00000000
vt 1.00000000 1.00000000
vt 1.00000000 0.00000000
vt 1.00000000 0.00000000
vt 0.00000000 0.00000000
vt 1.00000000 0.00000000
vt 1.00000000 0.00000000
vt 1.00000000 1.00000000
vt 1.00000000 0.00000000
vt 0.00000000 0.00000000
vt 1.00000000 1.00000000
vt 1.00000000 0.00000000
vt 0.00000000 0.00000000
vt 1.00000000 0.00000000
vt 1.00000000 1.00000000
vt 1.00000000 1.00000000
vt 0.00000000 0.00000000
vt 0.00000000 0.00000000
vt 1.00000000 0.00000000
vt 1.00000000 1.00000000
vt 1.00000000 1.00000000
vt 1.00000000 0.00000000
vt 0.00000000 0.00000000
vt 0.00000000 0.00000000
vt 1.00000000 1.00000000
vt 0.00000000 0.00000000
vt 0.00000000 0.00000000
vt 1.00000000 0.00000000
vt 1.00000000 1.00000000
vt 1.00000000 0.00000000
vt 0.00000000 0.00000000
vt 0.00000000 0.00000000
vt 1.00000000 1.00000000
vt 1.00000000 1.00000000
vt 1.00000000 1.00000000
vt 0.00000000 0.00000000
vt 1.00000000 1.00000000
vt 1.00000000 1.00000000
vt 1.00000000 0.00000000
vt 1.00000000 0.00000000
vt 1.00000000 0.00000000
vt 1.00000000 0.00000000
vt 1.00000000 1.00000000
vt 1.00000000 0.00000000
vt 1.00000000 0.00000000
vt 1.00000000 1.00000000
vt 1.00000000 0.00000000
vt 1.00000000 0.00000000
vt 1.00000000 1.00000000
vt 0.00000000 0.00000000
vt 1.00000000 1.00000000
vt 0.00000000 0.00000000
vt 1.00000000 0.00000000
vt 1.00000000 0.00000000
vt 1.00000000 0.00000000
vt 1.00000000 0.00000000
vt 1.00000000 1.00000000
vt 1.00000000 1.00000000
vt 1.00000000 1.00000000
vt 0.00000000 0.00000000
vt 0.00000000 0.00000000
vt 1.00000000 1.00000000
vt 0.00000000 0.00000000
vt 0.00000000 0.00000000
vt 0.00000000 0.00000000
vt 1.00000000 1.00000000
vt 0.00000000 0.00000000
vt 0.00000000 0.00000000
vt 1.00000000 1.00000000
vt 0.00000000 0.00000000
vt 1.00000000 0.00000000
vt 0.00000000 0.00000000
vt 1.00000000 1.00000000
vt 1.00000000 0.00000000
vt 1.00000000 1.00000000
vt 0.00000000 0.00000000
vt 0.00000000 0.00000000
vt 1.00000000 1.00000000
vt 0.00000000 0.00000000
vt 1.00000000 1.00000000
vt 0.00000000 0.00000000
vt 1.00000000 1.00000000
vt 0.00000000 0.00000000
vt 0.00000000 0.00000000
vt 1.00000000 0.00000000
vt 1.00000000 1.00000000
vt 1.00000000 1.00000000
vt 1.00000000 0.00000000
vt 1.00000000 1.00000000
vt 0.00000000 0.00000000
vt 0.00000000 0.00000000
vt 1.00000000 0.00000000
vt 1.00000000 0.00000000
vt 0.00000000 0.00000000
vt 1.00000000 1.00000000
vt 1.00000000 0.00000000
vt 1.00000000 0.00000000
vt 0.00000000 0.00000000
vt 1.00000000 1.00000000
vt 1.00000000 1.00000000
vt 1.00000000 0.00000000
vt 1.00000000 0.00000000
vt 1.00000000 0.00000000
vt 1.00000000 0.00000000
vt 1.00000000 0.00000000
vt 1.00000000 0.00000000
vt 1.00000000 1.00000000
vt 1.00000000 1.00000000
vt 1.00000000 0.00000000
vt 1.00000000 0.00000000
vt 0.00000000 0.00000000
vt 0.00000000 0.00000000
vt 1.00000000 1.00000000
vt 1.00000000 1.00000000
vt 0.00000000 0.00000000
vt 0.00000000 0.00000000
vt 1.00000000 1.00000000
vt 0.00000000 0.00000000
vt 1.00000000 1.00000000
vt 0.00000000 0.00000000
vt 1.00000000 0.00000000
vt 1.00000000 1.00000000
vt 1.00000000 1.00000000
vt 0.00000000 0.00000000
vt 1.00000000 0.00000000
vt 1.00000000 0.00000000
vt 1.00000000 0.00000000
vt 1.00000000 0.00000000
vt 1.00000000 0.00000000
vt 1.00000000 1.00000000
vt 1.00000000 0.00000000
vt 1.00000000 1.00000000
vt 0.00000000 0.00000000
vt 1.00000000 0.00000000
vt 1.00000000 1.00000000
vt 1.00000000 0.00000000
vt 1.00000000 0.00000000
vt 1.00000000 0.00000000
vt 1.00000000 1.00000000
vt 1.00000000 1.00000000
vt 1.00000000 1.00000000
vt 0.00000000 0.00000000
vt 1.00000000 1.00000000
vt 1.00000000 0.00000000
vt 0.00000000 0.00000000
vt 1.00000000 1.00000000
vt 0.00000000 0.00000000
vt 1.00000000 0.00000000
vt 1.00000000 0.00000000
vt 1.00000000 0.00000000
vt 1.00000000 0.00000000
vt 1.00000000 1.00000000
vt 1.00000000 0.00000000
vt 1.00000000 0.00000000
vt 0.00000000 0.00000000
vt 1.00000000 1.00000000
vt 0.00000000 0.00000000
vt 1.00000000 0.00000000
vt 1.00000000 0.00000000
vt 1.00000000 1.00000000
vt 1.00000000 1.00000000
vt 0.00000000 0.00000000
vt 0.00000000 0.00000000
vt 1.00000000 0.00000000
vt 1.00000000 1.00000000
vt 0.00000000 0.00000000
vt 0.00000000 0.00000000
vt 0.00000000 0.00000000
vt 0.00000000 0.00000000
vt 1.00000000 1.00000000
vt 0.00000000 0.00000000
vt 0.00000000 0.00000000
vt 1.00000000 1.00000000
vt 1.00000000 1.00000000
vt 1.00000000 0.00000000
vt 1.00000000 1.00000000
vt 1.00000000 0.00000000
vt 1.00000000 0.00000000
vt 1.00000000 0.00000000
vt 1.00000000 1.00000000
vt 1.00000000 0.00000000
vt 0.00000000 0.00000000
vt 1.00000000 1.00000000
vt 1.00000000 0.00000000
vt 0.00000000 0.00000000
vt 0.00000000 0.00000000
vt 1.00000000 0.00000000
vt 0.00000000 0.00000000
vt 1.00000000 0.00000000
vt 0.00000000 0.00000000
vt 1.00000000 0.00000000
vt 1.00000000 1.00000000
vt 1.00000000 1.00000000
vt 1.00000000 0.00000000
vt 1.00000000 0.00000000
vt 0.00000000 0.00000000
vt 0.00000000 0.00000000
vt 1.00000000 1.00000000
vt 1.00000000 1.00000000
vt 1.00000000 1.00000000
vt 0.00000000 0.00000000
vt 1.00000000 1.00000000
vt 1.00000000 0.00000000
vt 0.00000000 0.00000000
vt 0.00000000 0.00000000
vt 1.00000000 1.00000000
vt 0.00000000 0.00000000
vt 1.00000000 1.00000000
vt 1.00000000 1.00000000
vt 1.00000000 1.00000000
vt 0.00000000 0.00000000
vt 1.00000000 0.00000000
vt 1.00000000 0.00000000
vt 0.00000000 0.00000000
vt 1.00000000 1.00000000
vt 1.00000000 0.00000000
vt 0.00000000 0.00000000
vt 0.00000000 0.00000000
vt 1.00000000 1.00000000
vt 1.00000000 0.00000000
vt 1.00000000 0.00000000
vt 1.00000000 1.00000000
vt 0.00000000 0.00000000
vt 1.00000000 1.00000000
vt 0.00000000 0.00000000
vt 1.00000000 0.00000000
vt 0.00000000 0.00000000
vt 0.00000000 0.00000000
vt 1.00000000 1.00000000
vt 1.00000000 1.00000000
vt 1.00000000 0.00000000
vt 1.00000000 0.00000000
vt 0.00000000 0.00000000
vt 0.00000000 0.00000000
vt 1.00000000 0.00000000
vt 1.00000000 1.00000000
vt 1.00000000 1.00000000
vt 1.00000000 1.00000000
vt 1.00000000 0.00000000
vt 1.00000000 1.00000000
vt 0.00000000 0.00000000
vt 0.00000000 0.00000000
vt 0.00000000 0.00000000
vt 1.00000000 1.00000000
vt 0.00000000 0.00000000
vt 0.00000000 0.00000000
vt 1.00000000 0.00000000
vt 0.00000000 0.00000000
vt 1.00000000 1.00000000
vt 0.00000000 0.00000000
vt 1.00000000 0.00000000
vt 0.00000000 0.00000000
vt 0.00000000 0.00000000
vt 1.00000000 0.00000000
vt 1.00000000 0.00000000
vt 1.00000000 1.00000000
vt 1.00000000 0.00000000
vt 1.00000000 0.00000000
vt 0.00000000 0.00000000
vt 0.00000000 0.00000000
vt 1.00000000 1.00000000
vt 1.00000000 1.00000000
vt 1.00000000 0.00000000
vt 1.00000000 0.00000000
vt 0.00000000 0.00000000
vt 1.00000000 1.00000000
vt 1.00000000 1.00000000
vt 0.00000000 0.00000000
vt 1.00000000 1.00000000
vt 0.00000000 0.00000000
vt 1.00000000 1.00000000
vt 0.00000000 0.00000000
vt 0.00000000 0.00000000
vt 1.00000000 0.00000000
vt 1.00000000 1.00000000
vt 1.00000000 0.00000000
vt 1.00000000 0.00000000
vt 1.00000000 1.00000000
vt 1.00000000 1.00000000
vt 0.00000000 0.00000000
vt 1.00000000 1.00000000
vt 1.00000000 1.00000000
vt 1.00000000 0.00000000
vt 0.00000000 0.00000000
vt 1.00000000 1.00000000
vt 0.00000000 0.00000000
vt 1.00000000 0.00000000
vt 0.00000000 0.00000000
vt 1.00000000 0.00000000
vt 1.00000000 0.00000000
vt 1.00000000 1.00000000
vt 1.00000000 1.00000000
vt 1.00000000 0.00000000
vt 1.00000000 0.00000000
vt 1.00000000 1.00000000
vt 1.00000000 0.00000000
vt 0.00000000 0.00000000
vt 1.00000000 1.00000000
vt 1.00000000 0.00000000
vt 1.00000000 0.00000000
vt 1.00000000 0.00000000
vt 1.00000000 0.00000000
vt 1.00000000 0.00000000
vt 1.00000000 1.00000000
vt 1.00000000 1.00000000
vt 0.00000000 0.00000000
vt 0.00000000 0.00000000
vt 0.00000000 0.00000000
vt 1.00000000 0.00000000
vt 1.00000000 1.00000000
vt 1.00000000 1.00000000
vt 1.00000000 0.00000000
vt 0.00000000 0.00000000
vt 0.00000000 0.00000000
vt 0.00000000 0.00000000
vt 1.00000000 1.00000000
vt 1.00000000 0.00000000
vt 1.00000000 0.00000000
vt 1.00000000 1.00000000
vt 1.00000000 0.00000000
vt 1.00000000 1.00000000
vt 1.00000000 0.00000000
vt 1.00000000 1.00000000
vt 1.00000000 1.00000000
vt 0.00000000 0.00000000
vt 1.00000000 0.00000000
vt 1.00000000 1.00000000
vt 1.00000000 1.00000000
vt 1.00000000 0.00000000
vt 1.00000000 0.00000000
vt 1.00000000 0.00000000
vt 1.00000000 1.00000000
vt 1.00000000 0.00000000
vt 0.00000000 0.00000000
vt 0.00000000 0.00000000
vt 1.00000000 1.00000000
vt 1.00000000 0.00000000
vt 0.00000000 0.00000000
vt 1.00000000 1.00000000
vt 0.00000000 0.00000000
vt 1.00000000 1.00000000
vt 1.00000000 0.00000000
vt 0.00000000 0.00000000
vt 1.00000000 1.00000000
vt 1.00000000 1.00000000
vt 1.00000000 1.00000000
vt 1.00000000 0.00000000
vt 1.00000000 0.00000000
vt 1.00000000 1.00000000
vt 0.00000000 0.00000000
vt 0.00000000 0.00000000
vt 0.00000000 0.00000000
vt 1.00000000 0.00000000
vt 1.00000000 1.00000000
vt 1.00000000 0.00000000
vt 0.00000000 0.00000000
vt 1.00000000 0.00000000
vt 1.00000000 1.00000000
vt 1.00000000 0.00000000
vt 1.00000000 0.00000000
vt 1.00000000 1.00000000
vt 1.00000000 1.00000000
vt 0.00000000 0.00000000
vt 1.00000000 0.00000000
vt 1.00000000 0.00000000
vt 1.00000000 1.00000000
vt 0.00000000 0.00000000
vt 1.00000000 1.00000000
vt 0.00000000 0.00000000
vt 1.00000000 1.00000000
vt 1.00000000 0.00000000
vt 1.00000000 1.00000000
vt 1.00000000 0.00000000
vt 0.00000000 0.00000000
vt 0.00000000 0.00000000
vt 1.00000000 0.00000000
vt 1.00000000 1.00000000
vt 1.00000000 0.00000000
vt 1.00000000 1.00000000
vt 1.00000000 1.00000000
vt 1.00000000 1.00000000
vt 1.00000000 0.00000000
vt 1.00000000 1.00000000
vt 0.00000000 0.00000000
vt 1.00000000 0.00000000
vt 1.00000000 1.00000000
vt 1.00000000 0.00000000
vt 1.00000000 0.00000000
vt 1.00000000 0.00000000
vt 0.00000000 0.00000000
vt 1.00000000 1.00000000
vt 1.00000000 1.00000000
vt 1.00000000 1.00000000
vt 0.00000000 0.00000000
vt 1.00000000 1.00000000
vt 1.00000000 1.00000000
vt 0.00000000 0.00000000
vt 0.00000000 0.00000000
vt 1.00000000 1.00000000
vt 1.00000000 1.00000000
vt 1.00000000 1.00000000
vt 1.00000000 0.00000000
vt 1.00000000 0.00000000
vt 0.00000000 0.00000000
vt 0.00000000 0.00000000
vt 1.00000000 1.00000000
vt 1.00000000 0.00000000
vt 1.00000000 0.00000000
vt 1.00000000 1.00000000
vt 0.00000000 0.00000000
vt 0.00000000 0.00000000
vt 1.00000000 1.00000000
vt 0.00000000 0.00000000
vt 1.00000000 0.00000000
vt 1.00000000 1.00000000
vt 1.00000000 1.00000000
vt 1.00000000 0.00000000
vt 1.00000000 1.00000000
vt 1.00000000 0.00000000
vt 1.00000000 0.00000000
vt 0.00000000 0.00000000
vt 0.00000000 0.00000000
vt 1.00000000 1.00000000
vt 1.00000000 1.00000000
vt 0.00000000 0.00000000
vt 0.00000000 0.00000000
vt 0.00000000 0.00000000
vt 0.00000000 0.00000000
vt 1.00000000 0.00000000
vt 1.00000000 0.00000000
vt 1.00000000 1.00000000
vt 1.00000000 0.00000000
vt 1.00000000 1.00000000
vt 1.00000000 1.00000000
vt 0.00000000 0.00000000
vt 1.00000000 1.00000000
vt 0.00000000 0.00000000
vt 1.00000000 0.00000000
vt 1.00000000 0.00000000
vt 1.00000000 0.00000000
vt 1.00000000 1.00000000
vt 1.00000000 1.00000000
vt 1.00000000 0.00000000
vt 0.00000000 0.00000000
vt 0.00000000 0.00000000
vt 1.00000000 0.00000000
vt 1.00000000 1.00000000
vt 0.00000000 0.00000000
vt 1.00000000 1.00000000
vt 1.00000000 0.00000000
vt 0.00000000 0.00000000
vt 1.00000000 1.00000000
vt 1.00000000 1.00000000
vt 1.00000000 1.00000000
vt 1.00000000 1.00000000
vt 1.00000000 0.00000000
vt 1.00000000 0.00000000
vt 1.00000000 1.00000000
vt 1.00000000 1.00000000
vt 0.00000000 0.00000000
vt 1.00000000 0.00000000
vt 0.00000000 0.00000000
vt 0.00000000 0.00000000
vt 1.00000000 0.00000000
vt 1.00000000 0.00000000
vt 1.00000000 1.00000000
vt 0.00000000 0.00000000
vt 1.00000000 0.00000000
vt 0.00000000 0.00000000
vt 1.00000000 1.00000000
vt 1.00000000 0.00000000
vt 1.00000000 1.00000000
vt 1.00000000 1.00000000
vt 1.00000000 1.00000000
vt 1.00000000 0.00000000
vt 1.00000000 0.00000000
vt 1.00000000 0.00000000
vt 1.00000000 0.00000000
vt 1.00000000 0.00000000
vt 1.00000000 1.00000000
vt 1.00000000 0.00000000
vt 1.00000000 1.00000000
vt 0.00000000 0.00000000
vt 1.00000000 0.00000000
vt 1.00000000 0.00000000
vt 0.00000000 0.00000000
vt 1.00000000 0.00000000
vt 1.00000000 1.00000000
vt 1.00000000 0.00000000
vt 1.00000000 1.00000000
vt 0.00000000 0.00000000
vt 1.00000000 1.00000000
vt 0.00000000 0.00000000
vt 1.00000000 1.00000000
vt 1.00000000 0.00000000
vt 1.00000000 1.00000000
vt 0.00000000 0.00000000
vt 0.00000000 0.00000000
vt 1.00000000 1.00000000
vt 0.00000000 0.00000000
vt 1.00000000 1.00000000
vt 1.00000000 0.00000000
vt 1.00000000 0.00000000
vt 1.00000000 1.00000000
vt 0.00000000 0.00000000
vt 1.00000000 0.00000000
vt 0.00000000 0.00000000
vt 1.00000000 0.00000000
vt 1.00000000 0.00000000
vt 0.00000000 0.00000000
vt 1.00000000 1.00000000
vt 1.00000000 0.00000000
vt 1.00000000 0.00000000
vt 0.00000000 0.00000000
vt 1.00000000 1.00000000
vt 1.00000000 0.00000000
vt 1.00000000 0.00000000
vt 1.00000000 0.00000000
vt 1.00000000 1.00000000
vt 1.00000000 0.00000000
vt 0.00000000 0.00000000
vt 1.00000000 0.00000000
vt 1.00000000 1.00000000
vt 0.00000000 0.00000000
vt 1.00000000 0.00000000
vt 1.00000000 1.00000000
vt 0.00000000 0.00000000
vt 1.00000000 0.00000000
vt 1.00000000 0.00000000
vt 0.00000000 0.00000000
vt 0.00000000 0.00000000
vt 1.00000000 1.00000000
vt 0.00000000 0.00000000
vt 1.00000000 1.00000000
vt 0.00000000 0.00000000
vt 1.00000000 0.00000000
vt 0.00000000 0.00000000
vt 1.00000000 0.00000000
vt 1.00000000 0.00000000
vt 0.00000000 0.00000000
vt 0.00000000 0.00000000
vt 1.00000000 1.00000000
vt 1.00000000 0.00000000
vt 0.00000000 0.00000000
vt 1.00000000 1.00000000
vt 1.00000000 0.00000000
vt 1.00000000 1.00000000
vt 0.00000000 0.00000000
vt 1.00000000 0.00000000
vt 1.00000000 1.00000000
vt 0.00000000 0.00000000
vt 1.00000000 0.00000000
vt 0.00000000 0.00000000
vt 1.00000000 1.00000000
vt 1.00000000 0.00000000
vt 1.00000000 1.00000000
vt 0.00000000 0.00000000
vt 1.00000000 1.00000000
vt 1.00000000 0.00000000
vt 0.00000000 0.00000000
vt 1.00000000 0.00000000
vt 1.00000000 1.00000000
vt 1.00000000 0.00000000
vt 1.00000000 0.00000000
vt 1.00000000 0.00000000
vt 1.00000000 0.00000000
vt 1.00000000 1.00000000
vt 1.00000000 1.00000000
vt 1.00000000 0.00000000
vt 1.00000000 1.00000000
vt 1.00000000 0.00000000
vt 0.00000000 0.00000000
vt 1.00000000 1.00000000
vt 1.00000000 0.00000000
vt 0.00000000 0.00000000
vt 1.00000000 0.00000000
vt 1.00000000 0.00000000
vt 1.00000000 0.00000000
vt 1.00000000 1.00000000
vt 0.00000000 0.00000000
vt 0.00000000 0.00000000
vt 1.00000000 1.00000000
vt 0.00000000 0.00000000
vt 0.00000000 0.00000000
vt 0.00000000 0.00000000
vt 1.00000000 0.00000000
vt 1.00000000 0.00000000
vt 1.00000000 1.00000000
vt 0.00000000 0.00000000
vt 0.00000000 0.00000000
vt 0.00000000 0.00000000
vt 0.00000000 0.00000000
vt 0.00000000 0.00000000
vt 1.00000000 1.00000000
vt 1.00000000 0.00000000
vt 1.00000000 1.00000000
vt 1.00000000 0.00000000
vt 1.00000000 0.00000000
vt 1.00000000 0.00000000
vt 1.00000000 1.00000000
vt 1.00000000 0.00000000
vt 1.00000000 0.00000000
vt 1.00000000 0.00000000
vt 1.00000000 1.00000000
vt 1.00000000 0.00000000
vt 1.00000000 1.00000000
vt 1.00000000 0.00000000
vt 0.00000000 0.00000000
vt 1.00000000 0.00000000
vt 0.00000000 0.00000000
vt 1.00000000 1.00000000
vt 0.00000000 0.00000000
vt 0.00000000 0.00000000
vt 1.00000000 0.00000000
vt 1.00000000 0.00000000
vt 0.00000000 0.00000000
vt 1.00000000 1.00000000
vt 1.00000000 0.00000000
vt 1.00000000 0.00000000
vt 1.00000000 1.00000000
vt 1.00000000 1.00000000
vt 0.00000000 0.00000000
vt 0.00000000 0.00000000
vt 0.00000000 0.00000000
vt 1.00000000 1.00000000
vt 0.00000000 0.00000000
vt 0.00000000 0.00000000
vt 1.00000000 0.00000000
vt 1.00000000 1.00000000
vt 1.00000000 0.00000000
vt 0.00000000 0.00000000
vt 1.00000000 0.00000000
vt 1.00000000 1.00000000
vt 1.00000000 0.00000000
vt 0.00000000 0.00000000
vt 1.00000000 0.00000000
vt 0.00000000 0.00000000
vt 1.00000000 1.00000000
vt 1.00000000 1.00000000
vt 0.00000000 0.00000000
vt 1.00000000 1.00000000
vt 0.00000000 0.00000000
vt 1.00000000 0.00000000
vt 1.00000000 0.00000000
vt 1.00000000 0.00000000
vt 1.00000000 0.00000000
vt 1.00000000 1.00000000
vt 1.00000000 1.00000000
vt 0.00000000 0.00000000
vt 1.00000000 0.00000000
vt 1.00000000 0.00000000
vt 0.00000000 0.00000000
vt 1.00000000 1.00000000
vt 0.00000000 0.00000000
vt 0.00000000 0.00000000
vt 1.00000000 1.00000000
vt 1.00000000 0.00000000
vt 0.00000000 0.00000000
vt 1.00000000 1.00000000
vt 0.00000000 0.00000000
vt 0.00000000 0.00000000
vt 1.00000000 1.00000000
vt 1.00000000 1.00000000
vt 1.00000000 1.00000000
vt 0.00000000 0.00000000
vt 1.00000000 1.00000000
vt 1.00000000 0.00000000
vt 1.00000000 0.00000000
vt 0.00000000 0.00000000
vt 0.00000000 0.00000000
vt 1.00000000 0.00000000
vt 1.00000000 0.00000000
vt 1.00000000 1.00000000
vt 0.00000000 0.00000000
vt 1.00000000 1.00000000
vt 1.00000000 0.00000000
vt 1.00000000 1.00000000
vt 1.00000000 1.00000000
vt 1.00000000 0.00000000
vt 1.00000000 0.00000000
vt 1.00000000 0.00000000
vt 0.00000000 0.00000000
vt 1.00000000 1.00000000
vt 0.00000000 0.00000000
vt 1.00000000 1.00000000
vt 1.00000000 1.00000000
vt 1.00000000 0.00000000
vt 0.00000000 0.00000000
vt 1.00000000 1.00000000
vt 1.00000000 0.00000000
vt 0.00000000 0.00000000
vt 1.00000000 0.00000000
vt 1.00000000 1.00000000
vt 0.00000000 0.00000000
vt 0.00000000 0.00000000
vt 0.00000000 0.00000000
vt 0.00000000 0.00000000
vt 1.00000000 0.00000000
vt 1.00000000 0.00000000
vt 1.00000000 1.00000000
vt 0.00000000 0.00000000
vt 1.00000000 1.00000000
vt 1.00000000 1.00000000
vt 1.00000000 1.00000000
vt 0.00000000 0.00000000
vt 0.00000000 0.00000000
vt 1.00000000 1.00000000
vt 0.00000000 0.00000000
vt 1.00000000 1.00000000
vt 1.00000000 0.00000000
vt 1.00000000 1.00000000
vt 0.00000000 0.00000000
vt 0.00000000 0.00000000
vt 1.00000000 0.00000000
vt 0.00000000 0.00000000
vt 0.00000000 0.00000000
vt 1.00000000 0.00000000
vt 1.00000000 1.00000000
vt 1.00000000 1.00000000
vt 0.00000000 0.00000000
vt 1.00000000 0.00000000
vt 1.00000000 1.00000000
vt 0.00000000 0.00000000
vt 0.00000000 0.00000000
vt 0.00000000 0.00000000
vt 1.00000000 1.00000000
vt 1.00000000 1.00000000
vt 1.00000000 1.00000000
vt 1.00000000 0.00000000
vt 1.00000000 0.00000000
vt 0.00000000 0.00000000
vt 0.00000000 0.00000000
vt 1.00000000 1.00000000
vt 1.00000000 1.00000000
vt 0.00000000 0.00000000
vt 1.00000000 1.00000000
vt 1.00000000 1.00000000
vt 1.00000000 0.00000000
vt 0.00000000 0.00000000
vt 1.00000000 0.00000000
vt 0.00000000 0.00000000
vt 1.00000000 1.00000000
vt 1.00000000 0.00000000
vt 0.00000000 0.00000000
vt 1.00000000 1.00000000
vt 1.00000000 0.00000000
vt 1.00000000 1.00000000
vt 0.00000000 0.00000000
vt 1.00000000 0.00000000
vt 0.00000000 0.00000000
vt 1.00000000 1.00000000
vt 0.00000000 0.00000000
vt 1.00000000 0.00000000
vt 1.00000000 0.00000000
vt 1.00000000 1.00000000
vt 1.00000000 1.00000000
vt 1.00000000 0.00000000
vt 1.00000000 1.00000000
vt 0.00000000 0.00000000
vt 0.00000000 0.00000000
vt 1.00000000 0.00000000
vt 1.00000000 1.00000000
vt 0.00000000 0.00000000
vt 1.00000000 1.00000000
vt 0.00000000 0.00000000
vt 1.00000000 1.00000000
vt 1.00000000 1.00000000
vt 1.00000000 0.00000000
vt 0.00000000 0.00000000
vt 1.00000000 0.00000000
vt 0.00000000 0.00000000
vt 1.00000000 1.00000000
vt 1.00000000 0.00000000
vt 1.00000000 0.00000000
vt 1.00000000 0.00000000
vt 1.00000000 1.00000000
vt 0.00000000 0.00000000
vt 1.00000000 0.00000000
vt 1.00000000 0.00000000
vt 1.00000000 0.00000000
vt 1.00000000 0.00000000
vt 0.00000000 0.00000000
vt 0.00000000 0.00000000
vt 1.00000000 1.00000000
vt 1.00000000 0.00000000
vt 1.00000000 0.00000000
vt 1.00000000 1.00000000
vt 0.00000000 0.00000000
vt 1.00000000 1.00000000
vt 1.00000000 1.00000000
vt 0.00000000 0.00000000
vt 0.00000000 0.00000000
vt 1.00000000 0.00000000
vt 1.00000000 0.00000000
vt 1.00000000 1.00000000
vt 1.00000000 1.00000000
vt 1.00000000 0.00000000
vt 1.00000000 0.00000000
vt 0.00000000 0.00000000
vt 1.00000000 1.00000000
vt 1.00000000 0.00000000
vt 1.00000000 0.00000000
vt 1.00000000 1.00000000
vt 0.00000000 0.00000000
vt 1.00000000 1.00000000
vt 1.00000000 1.00000000
vt 1.00000000 0.00000000
vt 1.00000000 1.00000000
vt 0.00000000 0.00000000
vt 1.00000000 1.00000000
vt 1.00000000 1.00000000
vt 1.00000000 0.00000000
vt 1.00000000 1.00000000
vt 1.00000000 0.00000000
vt 1.00000000 1.00000000
vt 1.00000000 1.00000000
vt 0.00000000 0.00000000
vt 1.00000000 0.00000000
vt 1.00000000 1.00000000
vt 1.00000000 1.00000000
vt 0.00000000 0.00000000
vt 1.00000000 1.00000000
vt 1.00000000 1.00000000
vt 1.00000000 0.00000000
vt 1.00000000 1.00000000
vt 0.00000000 0.00000000
vt 1.00000000 0.00000000
vt 1.00000000 0.00000000
vt 1.00000000 0.00000000
vt 1.00000000 0.00000000
vt 1.00000000 1.00000000
vt 1.00000000 0.00000000
vt 0.00000000 0.00000000
vt 0.00000000 0.00000000
vt 1.00000000 1.00000000
vt 0.00000000 0.00000000
vt 1.00000000 1.00000000
vt 0.00000000 0.00000000
vt 1.00000000 1.00000000
vt 0.00000000 0.00000000
vt 1.00000000 0.00000000
vt 0.00000000 0.00000000
vt 1.00000000 0.00000000
vt 0.00000000 0.00000000
vt 1.00000000 1.00000000
vt 1.00000000 1.00000000
vt 0.00000000 0.00000000
vt 1.00000000 0.00000000
vt 1.00000000 1.00000000
vt 0.00000000 0.00000000
vt 1.00000000 0.00000000
vt 1.00000000 0.00000000
vt 1.00000000 1.00000000
vt 0.00000000 0.00000000
vt 0.00000000 0.00000000
vt 1.00000000 0.00000000
vt 1.00000000 1.00000000
vt 0.00000000 0.00000000
vt 1.00000000 0.00000000
vt 0.00000000 0.00000000
vt 1.00000000 1.00000000
vt 1.00000000 0.00000000
vt 1.00000000 1.00000000
vt 1.00000000 0.00000000
vt 1.00000000 1.00000000
vt 0.00000000 0.00000000
vt 0.00000000 0.00000000
vt 1.00000000 1.00000000
vt 1.00000000 0.00000000
vt 0.00000000 0.00000000
vt 0.00000000 0.00000000
vt 1.00000000 0.00000000
vt 1.00000000 0.00000000
vt 1.00000000 1.00000000
vt 1.00000000 0.00000000
vt 1.00000000 1.00000000
vt 0.00000000 0.00000000
vt 1.00000000 0.00000000
vt 0.00000000 0.00000000
vt 0.00000000 0.00000000
vt 0.00000000 0.00000000
vt 1.00000000 0.00000000
vt 0.00000000 0.00000000
vt 1.00000000 1.00000000
vt 1.00000000 0.00000000
vt 1.00000000 0.00000000
vt 1.00000000 0.00000000
vt 1.00000000 0.00000000
vt 0.00000000 0.00000000
vt 1.00000000 1.00000000
vt 0.00000000 0.00000000
vt 0.00000000 0.00000000
vt 1.00000000 1.00000000
vt 1.00000000 0.00000000
vt 1.00000000 1.00000000
vt 1.00000000 1.00000000
vt 0.00000000 0.00000000
vt 1.00000000 1.00000000
vt 1.00000000 1.00000000
vt 0.00000000 0.00000000
vt 1.00000000 1.00000000
vt 0.00000000 0.00000000
vt 1.00000000 0.00000000
vt 1.00000000 0.00000000
vt 0.00000000 0.00000000
vt 1.00000000 1.00000000
vt 1.00000000 0.00000000
vt 0.00000000 0.00000000
vt 1.00000000 1.00000000
vt 1.00000000 1.00000000
vt 1.00000000 0.00000000
vt 0.00000000 0.00000000
vt 1.00000000 0.00000000
vt 1.00000000 1.00000000
vt 0.00000000 0.00000000
vt 1.00000000 0.00000000
vt 1.00000000 1.00000000
vt 1.00000000 0.00000000
vt 1.00000000 1.00000000
vt 0.00000000 0.00000000
vt 0.00000000 0.00000000
vt 1.00000000 1.00000000
vt 1.00000000 0.00000000
vt 1.00000000 0.00000000
vt 1.00000000 1.00000000
vt 0.00000000 0.00000000
vt 0.00000000 0.00000000
vt 0.00000000 0.00000000
vt 1.00000000 1.00000000
vt 1.00000000 1.00000000
vt 1.00000000 0.00000000
vt 1.00000000 1.00000000
vt 1.00000000 0.00000000
vt 1.00000000 1.00000000
vt 0.00000000 0.00000000
vt 1.00000000 0.00000000
vt 0.00000000 0.00000000
vt 1.00000000 0.00000000
vt 1.00000000 0.00000000
vt 0.00000000 0.00000000
vt 1.00000000 0.00000000
vt 1.00000000 1.00000000
vt 0.00000000 0.00000000
vt 1.00000000 1.00000000
vt 1.00000000 0.00000000
vt 1.00000000 0.00000000
vt 1.00000000 1.00000000
vt 1.00000000 1.00000000
vt 1.00000000 1.00000000
vt 1.00000000 1.00000000
vt 1.00000000 0.00000000
vt 0.00000000 0.00000000
vt 0.00000000 0.00000000
vt 1.00000000 0.00000000
vt 0.00000000 0.00000000
vt 1.00000000 1.00000000
vt 1.00000000 0.00000000
vt 1.00000000 1.00000000
vt 1.00000000 0.00000000
vt 1.00000000 0.00000000
vt 1.00000000 1.00000000
vt 1.00000000 0.00000000
vt 0.00000000 0.00000000
vt 1.00000000 1.00000000
vt 1.00000000 1.00000000
vt 1.00000000 1.00000000
vt 0.00000000 0.00000000
vt 1.00000000 0.00000000
vt 1.00000000 1.00000000
vt 1.00000000 1.00000000
vt 1.00000000 0.00000000
vt 1.00000000 1.00000000
vt 1.00000000 0.00000000
vt 1.00000000 0.00000000
vt 0.00000000 0.00000000
vt 1.00000000 1.00000000
vt 1.00000000 1.00000000
vt 1.00000000 0.00000000
vt 0.00000000 0.00000000
vt 0.00000000 0.00000000
vt 0.00000000 0.00000000
vt 1.00000000 1.00000000
vt 1.00000000 1.00000000
vt 1.00000000 1.00000000
vt 0.00000000 0.00000000
vt 1.00000000 0.00000000
vt 1.00000000 0.00000000
vt 0.00000000 0.00000000
vt 0.00000000 0.00000000
vt 1.00000000 0.00000000
vt 1.00000000 0.00000000
vt 0.00000000 0.00000000
vt 1.00000000 1.00000000
vt 1.00000000 1.00000000
vt 1.00000000 0.00000000
vt 1.00000000 0.00000000
vt 0.00000000 0.00000000
vt 1.00000000 1.00000000
vt 0.00000000 0.00000000
vt 1.00000000 0.00000000
vt 1.00000000 1.00000000
vt 1.00000000 1.00000000
vt 1.00000000 0.00000000
vt 1.00000000 0.00000000
vt 1.00000000 0.00000000
vt 1.00000000 0.00000000
vt 1.00000000 1.00000000
vt 1.00000000 1.00000000
vt 1.00000000 0.00000000
vt 1.00000000 0.00000000
vt 1.00000000 1.00000000
vt 1.00000000 1.00000000
vt 1.00000000 0.00000000
vt 1.00000000 0.00000000
vt 0.00000000 0.00000000
vt 1.00000000 0.00000000
vt 1.00000000 0.00000000
vt 1.00000000 0.00000000
vt 1.00000000 0.00000000
vt 1.00000000 1.00000000
vt 0.00000000 0.00000000
vt 0.00000000 0.00000000
vt 1.00000000 1.00000000
vt 1.00000000 1.00000000
vt 1.00000000 1.00000000
vt 1.00000000 0.00000000
vt 1.00000000 0.00000000
vt 1.00000000 0.00000000
vt 1.00000000 0.00000000
vt 0.00000000 0.00000000
vt 1.00000000 0.00000000
vt 0.00000000 0.00000000
vt 1.00000000 0.00000000
vt 0.00000000 0.00000000
vt 0.00000000 0.00000000
vt 1.00000000 1.00000000
vt 0.00000000 0.00000000
vt 1.00000000 1.00000000
vt 1.00000000 0.00000000
vt 0.00000000 0.00000000
vt 1.00000000 1.00000000
vt 1.00000000 0.00000000
vt 1.00000000 1.00000000
vt 0.00000000 0.00000000
vt 1.00000000 1.00000000
vt 1.00000000 0.00000000
vt 1.00000000 0.00000000
vt 1.00000000 0.00000000
vt 1.00000000 1.00000000
vt 1.00000000 1.00000000
vt 0.00000000 0.00000000
vt 0.00000000 0.00000000
vt 1.00000000 0.00000000
vt 1.00000000 1.00000000
vt 0.00000000 0.00000000
vt 1.00000000 0.00000000
vt 1.00000000 1.00000000
vt 0.00000000 0.00000000
vt 1.00000000 0.00000000
vt 0.00000000 0.00000000
vt 1.00000000 0.00000000
vt 1.00000000 0.00000000
vt 1.00000000 0.00000000
vt 0.00000000 0.00000000
vt 1.00000000 1.00000000
vt 1.00000000 1.00000000
vt 0.00000000 0.00000000
vt 1.00000000 0.00000000
vt 1.00000000 1.00000000
vt 1.00000000 1.00000000
vt 1.00000000 0.00000000
vt 1.00000000 0.00000000
vt 1.00000000 0.00000000
vt 0.00000000 0.00000000
vt 1.00000000 1.00000000
vt 1.00000000 0.00000000
vt 1.00000000 0.00000000
vt 1.00000000 0.00000000
vt 1.00000000 0.00000000
vt 1.00000000 1.00000000
vt 0.00000000 0.00000000
vt 1.00000000 1.00000000
vt 0.00000000 0.00000000
vt 1.00000000 1.00000000
vt 0.00000000 0.00000000
vt 0.00000000 0.00000000
vt 0.00000000 0.00000000
vt 1.00000000 0.00000000
vt 1.00000000 1.00000000
vt 1.00000000 0.00000000
vt 1.00000000 0.00000000
vt 1.00000000 1.00000000
vt 1.00000000 1.00000000
vt 0.00000000 0.00000000
vt 0.00000000 0.00000000
vt 1.00000000 0.00000000
vt 1.00000000 0.00000000
vt 1.00000000 1.00000000
vt 1.00000000 1.00000000
vt 1.00000000 1.00000000
vt 0.00000000 0.00000000
vt 1.00000000 0.00000000
vt 0.00000000 0.00000000
vt 0.00000000 0.00000000
vt 1.00000000 1.00000000
vt 1.00000000 1.00000000
vt 1.00000000 0.00000000
vt 1.00000000 1.00000000
vt 1.00000000 1.00000000
vt 1.00000000 0.00000000
vt 1.00000000 0.00000000
vt 0.00000000 0.00000000
vt 1.00000000 1.00000000
vt 0.00000000 0.00000000
vt 0.00000000 0.00000000
vt 1.00000000 1.00000000
vt 1.00000000 1.00000000
vt 0.00000000 0.00000000
vt 0.00000000 0.00000000
vt 0.00000000 0.00000000
vt 1.00000000 1.00000000
vt 0.00000000 0.00000000
vt 0.00000000 0.00000000
vt 1.00000000 0.00000000
vt 1.00000000 1.00000000
vt 1.00000000 1.00000000
vt 0.00000000 0.00000000
vt 1.00000000 1.00000000
vt 1.00000000 1.00000000
vt 1.00000000 1.00000000
vt 1.00000000 0.00000000
vt 0.00000000 0.00000000
vt 1.00000000 0.00000000
vt 1.00000000 0.00000000
vt 1.00000000 1.00000000
vt 1.00000000 1.00000000
vt 0.00000000 0.00000000
vt 1.00000000 0.00000000
vt 1.00000000 1.00000000
vt 1.00000000 1.00000000
vt 0.00000000 0.00000000
vt 1.00000000 0.00000000
vt 1.00000000 0.00000000
vt 1.00000000 1.00000000
vt 1.00000000 1.00000000
vt 0.00000000 0.00000000
vt 1.00000000 1.00000000
vt 1.00000000 0.00000000
vt 1.00000000 0.00000000
vt 0.00000000 0.00000000
vt 0.00000000 0.00000000
vt 0.00000000 0.00000000
vt 0.00000000 0.00000000
vt 1.00000000 1.00000000
vt 0.00000000 0.00000000
vt 1.00000000 1.00000000
vt 0.00000000 0.00000000
vt 0.00000000 0.00000000
vt 1.00000000 1.00000000
vt 1.00000000 0.00000000
vt 1.00000000 0.00000000
vt 0.00000000 0.00000000
vt 1.00000000 1.00000000
vt 0.00000000 0.00000000
vt 0.00000000 0.00000000
vt 1.00000000 1.00000000
vt 1.00000000 1.00000000
vt 1.00000000 0.00000000
vt 1.00000000 1.00000000
vt 0.00000000 0.00000000
vt 1.00000000 0.00000000
vt 1.00000000 0.00000000
vt 1.00000000 1.00000000
vt 1.00000000 1.00000000
vt 0.00000000 0.00000000
vt 1.00000000 1.00000000
vt 0.00000000 0.00000000
vt 1.00000000 1.00000000
vt 1.00000000 0.00000000
vt 0.00000000 0.00000000
vt 1.00000000 0.00000000
vt 1.00000000 1.00000000
vt 0.00000000 0.00000000
vt 1.00000000 1.00000000
vt 1.00000000 1.00000000
vt 1.00000000 0.00000000
vt 1.00000000 0.00000000
vt 0.00000000 0.00000000
vt 1.00000000 0.00000000
vt 1.00000000 1.00000000
vt 0.00000000 0.00000000
vt 0.00000000 0.00000000
vt 0.00000000 0.00000000
vt 1.00000000 1.00000000
vt 1.00000000 0.00000000
vt 0.00000000 0.00000000
vt 1.00000000 0.00000000
vt 1.00000000 1.00000000
vt 1.00000000 0.00000000
vt 0.00000000 0.00000000
vt 1.00000000 0.00000000
vt 1.00000000 0.00000000
vt 0.00000000 0.00000000
vt 1.00000000 1.00000000
vt 1.00000000 0.00000000
vt 1.00000000 0.00000000
vt 1.00000000 1.00000000
vt 0.00000000 0.00000000
vt 1.00000000 1.00000000
vt 1.00000000 1.00000000
vt 1.00000000 0.00000000
vt 1.00000000 0.00000000
vt 1.00000000 1.00000000
vt 1.00000000 0.00000000
vt 1.00000000 1.00000000
vt 1.00000000 0.00000000
vt 0.00000000 0.00000000
vt 0.00000000 0.00000000
vt 1.00000000 1.00000000
vt 1.00000000 0.00000000
vt 1.00000000 1.00000000
vt 1.00000000 0.00000000
vt 0.00000000 0.00000000
vt 1.00000000 0.00000000
vt 0.00000000 0.00000000
vt 1.00000000 1.00000000
vt 1.00000000 1.00000000
vt 0.00000000 0.00000000
vt 1.00000000 0.00000000
vt 1.00000000 0.00000000
vt 1.00000000 0.00000000
vt 0.00000000 0.00000000
vt 0.00000000 0.00000000
vt 0.00000000 0.00000000
vt 1.00000000 1.00000000
vt 1.00000000 0.00000000
vt 0.00000000 0.00000000
vt 1.00000000 1.00000000
vt 1.00000000 0.00000000
vt 0.00000000 0.00000000
vt 1.00000000 0.00000000
vt 0.00000000 0.00000000
vt 1.00000000 1.00000000
vt 0.00000000 0.00000000
vt 1.00000000 1.00000000
vt 1.00000000 1.00000000
vt 1.00000000 0.00000000
vt 0.00000000 0.00000000
vt 1.00000000 1.00000000
vt 1.00000000 1.00000000
vt 1.00000000 0.00000000
vt 1.00000000 0.00000000
vt 1.00000000 0.00000000
vt 1.00000000 0.00000000
vt 1.00000000 1.00000000
vt 0.00000000 0.00000000
vt 1.00000000 1.00000000
vt 1.00000000 1.00000000
vt 0.00000000 0.00000000
vt 1.00000000 1.00000000
vt 1.00000000 0.00000000
vt 1.00000000 1.00000000
vt 1.00000000 1.00000000
vt 1.00000000 1.00000000
vt 1.00000000 0.00000000
vt 1.00000000 1.00000000
vt 0.00000000 0.00000000
vt 1.00000000 1.00000000
vt 1.00000000 0.00000000
vt 0.00000000 0.00000000
vt 1.00000000 0.00000000
vt 1.00000000 0.00000000
vt 0.00000000 0.00000000
vt 1.00000000 1.00000000
vt 1.00000000 1.00000000
vt 0.00000000 0.00000000
vt 0.00000000 0.00000000
vt 1.00000000 1.00000000
vt 1.00000000 0.00000000
vt 1.00000000 1.00000000
vt 1.00000000 0.00000000
vt 0.00000000 0.00000000
vt 1.00000000 0.00000000
vt 1.00000000 1.00000000
vt 1.00000000 1.00000000
vt 0.00000000 0.00000000
vt 1.00000000 0.00000000
vt 1.00000000 1.00000000
vt 1.00000000 1.00000000
vt 1.00000000 1.00000000
vt 1.00000000 0.00000000
vt 1.00000000 1.00000000
vt 1.00000000 1.00000000
vt 1.00000000 0.00000000
vt 1.00000000 0.00000000
vt 0.00000000 0.00000000
vt 0.00000000 0.00000000
vt 0.00000000 0.00000000
vt 1.00000000 1.00000000
vt 1.00000000 0.00000000
vt 0.00000000 0.00000000
vt 1.00000000 1.00000000
vt 1.00000000 1.00000000
vt 1.00000000 1.00000000
vt 1.00000000 0.00000000
vt 1.00000000 1.00000000
vt 0.00000000 0.00000000
vt 1.00000000 0.00000000
vt 1.00000000 0.00000000
vt 1.00000000 0.00000000
vt 1.00000000 1.00000000
vt 0.00000000 0.00000000
vt 1.00000000 0.00000000
vt 1.00000000 0.00000000
vt 1.00000000 1.00000000
vt 1.00000000 1.00000000
vt 0.00000000 0.00000000
f 18/18/18 3778/3778/3778 21/21/21
f 55/55/55 4/4/4 3660/3660/3660
f 3662/3662/3662 4/4/4 6/6/6
f 3662/3662/3662 9/9/9 13/13/13
f 12/12/12 9/9/9 3054/3054/3054
f 12/12/12 3050/3050/3050 3732/3732/3732
f 3731/3731/3731 3050/3050/3050 3057/3057/3057
f 3731/3731/3731 3056/3056/3056 3775/3775/3775
f 3773/3773/3773 3056/3056/3056 2524/2524/2524
f 3773/3773/3773 2527/2527/2527 21/21/21
f 18/18/18 22/22/22 36/36/36
f 37/37/37 22/22/22 28/28/28
f 37/37/37 27/27/27 33/33/33
f 29/29/29 2481/2481/2481 36/36/36
f 37/37/37 2481/2481/2481 2626/2626/2626
f 37/37/37 2625/2625/2625 3632/3632/3632
f 3633/3633/3633 2625/2625/2625 2622/2622/2622
f 3633/3633/3633 2624/2624/2624 48/48/48
f 47/47/47 2624/2624/2624 43/43/43
f 47/47/47 44/44/44 3660/3660/3660
f 3662/3662/3662 44/44/44 52/52/52
f 3662/3662/3662 54/54/54 58/58/58
f 61/61/61 2299/2299/2299 68/68/68
f 69/69/69 2296/2296/2296 76/76/76
f 66/66/66 74/74/74 1530/1530/1530
f 1532/1532/1532 75/75/75 77/77/77
f 78/78/78 73/73/73 84/84/84
f 81/81/81 83/83/83 1527/1527/1527
f 1525/1525/1525 85/85/85 1597/1597/1597
f 1596/1596/1596 82/82/82 468/468/468
f 1598/1598/1598 467/467/467 1542/1542/1542
f 97/97/97 848/848/848 844/844/844
f 903/903/903 764/764/764 782/782/782
f 780/780/780 764/764/764 514/514/514
f 780/780/780 510/510/510 844/844/844
f 841/841/841 510/510/510 1272/1272/1272
f 841/841/841 1268/1268/1268 98/98/98
f 97/97/97 1268/1268/1268 93/93/93
f 97/97/97 92/92/92 236/236/236
f 845/845/845 94/94/94 849/849/849
f 850/850/850 95/95/95 233/233/233
f 1254/1254/1254 100/100/100 1256/1256/1256
f 1255/1255/1255 103/103/103 105/105/105
f 1255/1255/1255 106/106/106 1214/1214/1214
f 1216/1216/1216 108/108/108 112/112/112
f 1216/1216/1216 113/113/113 115/115/115
f 117/117/117 110/110/110 118/118/118
f 117/117/117 119/119/119 126/126/126
f 125/125/125 122/122/122 129/129/129
f 125/125/125 127/127/127 1280/1280/1280
f 1279/1279/1279 131/131/131 134/134/134
f 1279/1279/1279 133/133/133 1285/1285/1285
f 1286/1286/1286 132/132/132 140/140/140
f 1286/1286/1286 139/139/139 142/142/142
f 143/143/143 137/137/137 860/860/860
f 143/143/143 864/864/864 148/148/148
f 149/149/149 861/861/861 852/852/852
f 149/149/149 851/851/851 1295/1295/1295
f 1294/1294/1294 853/853/853 234/234/234
f 1294/1294/1294 232/232/232 1274/1274/1274
f 890/890/890 882/882/882 223/223/223
f 225/225/225 883/883/883 226/226/226
f 222/222/222 150/150/150 889/889/889
f 887/887/887 153/153/153 158/158/158
f 887/887/887 154/154/154 160/160/160
f 162/162/162 157/157/157 742/742/742
f 162/162/162 743/743/743 165/165/165
f 163/163/163 745/745/745 171/171/171
f 163/163/163 175/175/175 169/169/169
f 167/167/167 173/173/173 740/740/740
f 167/167/167 739/739/739 182/182/182
f 183/183/183 741/741/741 179/179/179
f 183/183/183 177/177/177 934/934/934
f 935/935/935 178/178/178 189/189/189
f 935/935/935 185/185/185 198/198/198
f 197/197/197 188/188/188 192/192/192
f 197/197/197 191/191/191 200/200/200
f 199/199/199 190/190/190 203/203/203
f 199/199/199 207/207/207 917/917/917
f 914/914/914 206/206/206 757/757/757
f 914/914/914 760/760/760 907/907/907
f 905/905/905 758/758/758 765/765/765
f 905/905/905 762/762/762 904/904/904
f 1234/1234/1234 240/240/240 212/212/212
f 1234/1234/1234 208/208/208 1237/1237/1237
f 1238/1238/1238 211/211/211 214/214/214
f 1238/1238/1238 213/213/213 1244/1244/1244
f 1242/1242/1242 217/217/217 219/219/219
f 1242/1242/1242 220/220/220 1247/1247/1247
f 1246/1246/1246 224/224/224 226/226/226
f 1248/1248/1248 228/228/228 1253/1253/1253
f 1252/1252/1252 227/227/227 837/837/837
f 1254/1254/1254 839/839/839 99/99/99
f 235/235/235 238/238/238 1278/1278/1278
f 1275/1275/1275 238/238/238 91/91/91
f 239/239/239 1235/1235/1235 1228/1228/1228
f 239/239/239 1232/1232/1232 748/748/748
f 747/747/747 1229/1229/1229 1223/1223/1223
f 747/747/747 1224/1224/1224 244/244/244
f 245/245/245 1227/1227/1227 480/480/480
f 245/245/245 481/481/481 489/489/489
f 246/246/246 1202/1202/1202 250/250/250
f 252/252/252 1200/1200/1200 1289/1289/1289
f 252/252/252 1291/1291/1291 255/255/255
f 254/254/254 1290/1290/1290 260/260/260
f 254/254/254 261/261/261 753/753/753
f 756/756/756 259/259/259 265/265/265
f 756/756/756 262/262/262 770/770/770
f 767/767/767 263/263/263 269/269/269
f 767/767/767 267/267/267 774/774/774
f 773/773/773 270/270/270 276/276/276
f 773/773/773 273/273/273 278/278/278
f 280/280/280 275/275/275 1265/1265/1265
f 280/280/280 1264/1264/1264 778/778/778
f 777/777/777 1267/1267/1267 1261/1261/1261
f 777/777/777 1263/1263/1263 750/750/750
f 751/751/751 1259/1259/1259 285/285/285
f 751/751/751 284/284/284 735/735/735
f 736/736/736 283/283/283 290/290/290
f 736/736/736 294/294/294 288/288/288
f 286/286/286 291/291/291 1220/1220/1220
f 286/286/286 1222/1222/1222 295/295/295
f 298/298/298 1218/1218/1218 1206/1206/1206
f 298/298/298 1204/1204/1204 302/302/302
f 300/300/300 1207/1207/1207 1213/1213/1213
f 300/300/300 1209/1209/1209 304/304/304
f 306/306/306 1211/1211/1211 311/311/311
f 306/306/306 309/309/309 247/247/247
f 246/246/246 308/308/308 1199/1199/1199
f 953/953/953 1191/1191/1191 312/312/312
f 953/953/953 313/313/313 963/963/963
f 962/962/962 316/316/316 1188/1188/1188
f 962/962/962 1185/1185/1185 317/317/317
f 318/318/318 1186/1186/1186 404/404/404
f 318/318/318 402/402/402 320/320/320
f 687/687/687 461/461/461 1173/1173/1173
f 1174/1174/1174 461/461/461 324/324/324
f 685/685/685 1172/1172/1172 394/394/394
f 392/392/392 1172/1172/1172 1166/1166/1166
f 392/392/392 1165/1165/1165 986/986/986
f 982/982/982 1165/1165/1165 977/977/977
f 385/385/385 329/329/329 960/960/960
f 957/957/957 330/330/330 337/337/337
f 957/957/957 334/334/334 975/975/975
f 974/974/974 335/335/335 341/341/341
f 974/974/974 342/342/342 345/345/345
f 344/344/344 343/343/343 1194/1194/1194
f 344/344/344 1195/1195/1195 348/348/348
f 351/351/351 1198/1198/1198 355/355/355
f 351/351/351 353/353/353 990/990/990
f 989/989/989 354/354/354 359/359/359
f 989/989/989 360/360/360 997/997/997
f 996/996/996 357/357/357 364/364/364
f 996/996/996 362/362/362 1007/1007/1007
f 1006/1006/1006 363/363/363 1112/1112/1112
f 1006/1006/1006 1110/1110/1110 939/939/939
f 937/937/937 1114/1114/1114 1119/1119/1119
f 937/937/937 1116/1116/1116 367/367/367
f 369/369/369 1115/1115/1115 1141/1141/1141
f 369/369/369 1143/1143/1143 371/371/371
f 373/373/373 1142/1142/1142 1149/1149/1149
f 373/373/373 1152/1152/1152 376/376/376
f 378/378/378 1153/1153/1153 1129/1129/1129
f 378/378/378 1127/1127/1127 967/967/967
f 966/966/966 1128/1128/1128 1135/1135/1135
f 966/966/966 1138/1138/1138 382/382/382
f 380/380/380 1137/1137/1137 390/390/390
f 380/380/380 389/389/389 384/384/384
f 385/385/385 391/391/391 333/333/333
f 393/393/393 983/983/983 463/463/463
f 464/464/464 985/985/985 398/398/398
f 322/322/322 401/401/401 1132/1132/1132
f 322/322/322 1131/1131/1131 413/413/413
f 411/411/411 1133/1133/1133 407/407/407
f 411/411/411 410/410/410 973/973/973
f 972/972/972 406/406/406 418/418/418
f 972/972/972 417/417/417 420/420/420
f 423/423/423 415/415/415 1156/1156/1156
f 423/423/423 1158/1158/1158 426/426/426
f 424/424/424 1154/1154/1154 429/429/429
f 424/424/424 430/430/430 945/945/945
f 946/946/946 431/431/431 1147/1147/1147
f 946/946/946 1145/1145/1145 435/435/435
f 434/434/434 1148/1148/1148 438/438/438
f 434/434/434 442/442/442 444/444/444
f 445/445/445 439/439/439 1122/1122/1122
f 445/445/445 1123/1123/1123 950/950/950
f 951/951/951 1124/1124/1124 448/448/448
f 951/951/951 447/447/447 944/944/944
f 942/942/942 451/451/451 454/454/454
f 942/942/942 456/456/456 460/460/460
f 459/459/459 455/455/455 1161/1161/1161
f 459/459/459 1162/1162/1162 1001/1001/1001
f 1000/1000/1000 1163/1163/1163 1182/1182/1182
f 1000/1000/1000 1183/1183/1183 992/992/992
f 994/994/994 1184/1184/1184 1179/1179/1179
f 994/994/994 1175/1175/1175 399/399/399
f 397/397/397 1177/1177/1177 327/327/327
f 397/397/397 328/328/328 462/462/462
f 1572/1572/1572 1541/1541/1541 466/466/466
f 1170/1170/1170 1192/1192/1192 495/495/495
f 1032/1032/1032 505/505/505 512/512/512
f 497/497/497 1303/1303/1303 1167/1167/1167
f 1170/1170/1170 1303/1303/1303 1320/1320/1320
f 1170/1170/1170 1316/1316/1316 981/981/981
f 980/980/980 1316/1316/1316 512/512/512
f 1318/1318/1318 473/473/473 512/512/512
f 511/511/511 473/473/473 1583/1583/1583
f 511/511/511 1585/1585/1585 1271/1271/1271
f 1580/1580/1580 1573/1573/1573 1271/1271/1271
f 1270/1270/1270 1573/1573/1573 466/466/466
f 1270/1270/1270 470/470/470 477/477/477
f 479/479/479 470/470/470 483/483/483
f 479/479/479 486/486/486 487/487/487
f 488/488/488 486/486/486 495/495/495
f 488/488/488 498/498/498 954/954/954
f 955/955/955 498/498/498 1193/1193/1193
f 1035/1035/1035 1080/1080/1080 981/981/981
f 501/501/501 1034/1034/1034 954/954/954
f 955/955/955 1034/1034/1034 512/512/512
f 955/955/955 513/513/513 487/487/487
f 1050/1050/1050 1082/1082/1082 954/954/954
f 955/955/955 1082/1082/1082 1090/1090/1090
f 955/955/955 1093/1093/1093 500/500/500
f 508/508/508 517/517/517 512/512/512
f 511/511/511 517/517/517 1016/1016/1016
f 511/511/511 1019/1019/1019 981/981/981
f 980/980/980 1019/1019/1019 522/522/522
f 980/980/980 525/525/525 1036/1036/1036
f 1077/1077/1077 1072/1072/1072 981/981/981
f 980/980/980 1072/1072/1072 1068/1068/1068
f 980/980/980 1066/1066/1066 954/954/954
f 955/955/955 1066/1066/1066 1055/1055/1055
f 955/955/955 1054/1054/1054 1052/1052/1052
f 3014/3014/3014 2869/2869/2869 2769/2769/2769
f 2767/2767/2767 2869/2869/2869 2902/2902/2902
f 3078/3078/3078 3301/3301/3301 2946/2946/2946
f 2949/2949/2949 3301/3301/3301 3293/3293/3293
f 2949/2949/2949 3299/3299/3299 532/532/532
f 2333/2333/2333 2635/2635/2635 2318/2318/2318
f 2312/2312/2312 2635/2635/2635 2573/2573/2573
f 2312/2312/2312 2572/2572/2572 536/536/536
f 2862/2862/2862 3090/3090/3090 545/545/545
f 543/543/543 3090/3090/3090 546/546/546
f 632/632/632 631/631/631 3443/3443/3443
f 1374/1374/1374 554/554/554 678/678/678
f 1361/1361/1361 654/654/654 1363/1363/1363
f 1364/1364/1364 654/654/654 678/678/678
f 1364/1364/1364 681/681/681 560/560/560
f 558/558/558 681/681/681 553/553/553
f 629/629/629 1917/1917/1917 562/562/562
f 1918/1918/1918 1966/1966/1966 562/562/562
f 567/567/567 1966/1966/1966 570/570/570
f 567/567/567 572/572/572 1566/1566/1566
f 1562/1562/1562 572/572/572 573/573/573
f 1562/1562/1562 575/575/575 577/577/577
f 584/584/584 1728/1728/1728 63/63/63
f 62/62/62 1728/1728/1728 1967/1967/1967
f 62/62/62 1968/1968/1968 2295/2295/2295
f 2298/2298/2298 1968/1968/1968 592/592/592
f 1361/1361/1361 596/596/596 657/657/657
f 656/656/656 596/596/596 1349/1349/1349
f 656/656/656 1353/1353/1353 1519/1519/1519
f 664/664/664 673/673/673 599/599/599
f 602/602/602 673/673/673 606/606/606
f 602/602/602 605/605/605 2725/2725/2725
f 2728/2728/2728 605/605/605 2243/2243/2243
f 2728/2728/2728 2245/2245/2245 611/611/611
f 610/610/610 2245/2245/2245 617/617/617
f 610/610/610 615/615/615 678/678/678
f 679/679/679 615/615/615 620/620/620
f 679/679/679 618/618/618 624/624/624
f 3442/3442/3442 631/631/631 3452/3452/3452
f 3450/3450/3450 631/631/631 562/562/562
f 3450/3450/3450 565/565/565 3310/3310/3310
f 632/632/632 3446/3446/3446 640/640/640
f 637/637/637 3446/3446/3446 645/645/645
f 637/637/637 644/644/644 2108/2108/2108
f 2111/2111/2111 644/644/644 3435/3435/3435
f 2111/2111/2111 3432/3432/3432 650/650/650
f 647/647/647 3432/3432/3432 657/657/657
f 647/647/647 654/654/654 660/660/660
f 661/661/661 654/654/654 1519/1519/1519
f 661/661/661 1522/1522/1522 1616/1616/1616
f 664/664/664 668/668/668 674/674/674
f 676/676/676 668/668/668 2295/2295/2295
f 676/676/676 2297/2297/2297 1823/1823/1823
f 1824/1824/1824 2297/2297/2297 592/592/592
f 625/625/625 1603/1603/1603 678/678/678
f 679/679/679 1603/1603/1603 1474/1474/1474
f 679/679/679 1475/1475/1475 1375/1375/1375
f 465/465/465 686/686/686 395/395/395
f 2673/2673/2673 2535/2535/2535 692/692/692
f 691/691/691 2535/2535/2535 2941/2941/2941
f 96/96/96 237/237/237 231/231/231
f 697/697/697 2995/2995/2995 3271/3271/3271
f 3270/3270/3270 2995/2995/2995 3098/3098/3098
f 3270/3270/3270 3096/3096/3096 3401/3401/3401
f 703/703/703 3288/3288/3288 705/705/705
f 711/711/711 3288/3288/3288 714/714/714
f 718/718/718 725/725/725 2324/2324/2324
f 2321/2321/2321 725/725/725 2375/2375/2375
f 2729/2729/2729 2781/2781/2781 2836/2836/2836
f 2838/2838/2838 2781/2781/2781 728/728/728
f 2838/2838/2838 729/729/729 2706/2706/2706
f 305/305/305 248/248/248 172/172/172
f 241/241/241 733/733/733 209/209/209
f 210/210/210 733/733/733 287/287/287
f 210/210/210 289/289/289 215/215/215
f 216/216/216 289/289/289 296/296/296
f 216/216/216 297/297/297 221/221/221
f 218/218/218 297/297/297 299/299/299
f 174/174/174 248/248/248 737/737/737
f 738/738/738 248/248/248 251/251/251
f 738/738/738 249/249/249 180/180/180
f 174/174/174 744/744/744 303/303/303
f 305/305/305 744/744/744 155/155/155
f 305/305/305 156/156/156 299/299/299
f 301/301/301 156/156/156 152/152/152
f 301/301/301 151/151/151 221/221/221
f 241/241/241 746/746/746 734/734/734
f 732/732/732 746/746/746 242/242/242
f 732/732/732 243/243/243 752/752/752
f 749/749/749 243/243/243 491/491/491
f 749/749/749 490/490/490 775/775/775
f 776/776/776 490/490/490 515/515/515
f 176/176/176 249/249/249 186/186/186
f 187/187/187 249/249/249 256/256/256
f 187/187/187 253/253/253 194/194/194
f 193/193/193 253/253/253 754/754/754
f 193/193/193 755/755/755 204/204/204
f 205/205/205 755/755/755 761/761/761
f 759/759/759 755/755/755 768/768/768
f 759/759/759 769/769/769 763/763/763
f 766/766/766 769/769/769 772/772/772
f 766/766/766 771/771/771 515/515/515
f 516/516/516 771/771/771 279/279/279
f 516/516/516 277/277/277 775/775/775
f 842/842/842 790/790/790 783/783/783
f 779/779/779 790/790/790 785/785/785
f 789/789/789 791/791/791 787/787/787
f 784/784/784 791/791/791 913/913/913
f 796/796/796 874/874/874 879/879/879
f 796/796/796 880/880/880 833/833/833
f 835/835/835 878/878/878 894/894/894
f 835/835/835 892/892/892 801/801/801
f 799/799/799 893/893/893 900/900/900
f 799/799/799 898/898/898 805/805/805
f 803/803/803 896/896/896 807/807/807
f 803/803/803 808/808/808 813/813/813
f 811/811/811 809/809/809 816/816/816
f 811/811/811 818/818/818 871/871/871
f 869/869/869 815/815/815 929/929/929
f 869/869/869 928/928/928 866/866/866
f 867/867/867 931/931/931 925/925/925
f 867/867/867 926/926/926 821/821/821
f 820/820/820 923/923/923 918/918/918
f 820/820/820 921/921/921 825/825/825
f 826/826/826 919/919/919 831/831/831
f 826/826/826 829/829/829 856/856/856
f 857/857/857 828/828/828 910/910/910
f 857/857/857 911/911/911 793/793/793
f 795/795/795 229/229/229 876/876/876
f 873/873/873 229/229/229 885/885/885
f 230/230/230 797/797/797 838/838/838
f 840/840/840 797/797/797 834/834/834
f 840/840/840 836/836/836 101/101/101
f 102/102/102 836/836/836 798/798/798
f 102/102/102 800/800/800 104/104/104
f 107/107/107 800/800/800 804/804/804
f 107/107/107 802/802/802 111/111/111
f 109/109/109 802/802/802 812/812/812
f 788/788/788 843/843/843 792/792/792
f 794/794/794 843/843/843 846/846/846
f 794/794/794 847/847/847 858/858/858
f 859/859/859 847/847/847 855/855/855
f 859/859/859 854/854/854 824/824/824
f 827/827/827 854/854/854 863/863/863
f 827/827/827 862/862/862 822/822/822
f 823/823/823 862/862/862 141/141/141
f 823/823/823 138/138/138 868/868/868
f 865/865/865 138/138/138 136/136/136
f 865/865/865 135/135/135 870/870/870
f 872/872/872 135/135/135 128/128/128
f 872/872/872 130/130/130 812/812/812
f 814/814/814 130/130/130 121/121/121
f 814/814/814 120/120/120 111/111/111
f 875/875/875 884/884/884 881/881/881
f 877/877/877 884/884/884 888/888/888
f 877/877/877 886/886/886 895/895/895
f 891/891/891 886/886/886 161/161/161
f 891/891/891 159/159/159 899/899/899
f 897/897/897 159/159/159 166/166/166
f 897/897/897 164/164/164 810/810/810
f 781/781/781 786/786/786 902/902/902
f 901/901/901 786/786/786 912/912/912
f 901/901/901 909/909/909 906/906/906
f 908/908/908 909/909/909 832/832/832
f 908/908/908 830/830/830 915/915/915
f 916/916/916 830/830/830 920/920/920
f 916/916/916 922/922/922 201/201/201
f 202/202/202 922/922/922 924/924/924
f 202/202/202 927/927/927 196/196/196
f 195/195/195 927/927/927 932/932/932
f 195/195/195 930/930/930 933/933/933
f 936/936/936 930/930/930 819/819/819
f 936/936/936 817/817/817 184/184/184
f 181/181/181 817/817/817 810/810/810
f 181/181/181 806/806/806 168/168/168
f 170/170/170 806/806/806 166/166/166
f 368/368/368 952/952/952 940/940/940
f 938/938/938 952/952/952 943/943/943
f 938/938/938 941/941/941 1005/1005/1005
f 377/377/377 947/947/947 374/374/374
f 372/372/372 947/947/947 436/436/436
f 372/372/372 433/433/433 370/370/370
f 368/368/368 433/433/433 446/446/446
f 368/368/368 443/443/443 949/949/949
f 979/979/979 956/956/956 958/958/958
f 959/959/959 956/956/956 965/965/965
f 959/959/959 964/964/964 386/386/386
f 968/968/968 422/422/422 375/375/375
f 377/377/377 422/422/422 425/425/425
f 377/377/377 427/427/427 948/948/948
f 961/961/961 319/319/319 386/386/386
f 383/383/383 319/319/319 323/323/323
f 383/383/383 321/321/321 381/381/381
f 379/379/379 321/321/321 414/414/414
f 379/379/379 412/412/412 969/969/969
f 968/968/968 412/412/412 971/971/971
f 968/968/968 970/970/970 421/421/421
f 959/959/959 976/976/976 978/978/978
f 979/979/979 976/976/976 347/347/347
f 979/979/979 346/346/346 984/984/984
f 987/987/987 346/346/346 349/349/349
f 987/987/987 350/350/350 400/400/400
f 396/396/396 350/350/350 991/991/991
f 396/396/396 988/988/988 993/993/993
f 995/995/995 988/988/988 999/999/999
f 995/995/995 998/998/998 1003/1003/1003
f 1002/1002/1002 998/998/998 1005/1005/1005
f 1002/1002/1002 1004/1004/1004 458/458/458
f 457/457/457 1004/1004/1004 943/943/943
f 1009/1009/1009 521/521/521 1020/1020/1020
f 1009/1009/1009 1017/1017/1017 1015/1015/1015
f 1012/1012/1012 1018/1018/1018 520/520/520
f 1012/1012/1012 518/518/518 1021/1021/1021
f 1025/1025/1025 519/519/519 509/509/509
f 1022/1022/1022 506/506/506 1026/1026/1026
f 1029/1029/1029 507/507/507 1033/1033/1033
f 1027/1027/1027 1030/1030/1030 1106/1106/1106
f 1108/1108/1108 1031/1031/1031 502/502/502
f 1108/1108/1108 503/503/503 1101/1101/1101
f 1099/1099/1099 504/504/504 1092/1092/1092
f 1099/1099/1099 1089/1089/1089 1088/1088/1088
f 1008/1008/1008 1103/1103/1103 524/524/524
f 523/523/523 1103/1103/1103 1039/1039/1039
f 1042/1042/1042 1081/1081/1081 1048/1048/1048
f 1042/1042/1042 1049/1049/1049 1047/1047/1047
f 1045/1045/1045 1051/1051/1051 1057/1057/1057
f 1045/1045/1045 1056/1056/1056 1058/1058/1058
f 1060/1060/1060 1053/1053/1053 1064/1064/1064
f 1060/1060/1060 1065/1065/1065 1063/1063/1063
f 1062/1062/1062 1067/1067/1067 1070/1070/1070
f 1062/1062/1062 1071/1071/1071 1096/1096/1096
f 1095/1095/1095 1069/1069/1069 1079/1079/1079
f 1095/1095/1095 1076/1076/1076 1074/1074/1074
f 1073/1073/1073 1078/1078/1078 1037/1037/1037
f 1073/1073/1073 1038/1038/1038 1105/1105/1105
f 1040/1040/1040 1086/1086/1086 1084/1084/1084
f 1083/1083/1083 1086/1086/1086 1091/1091/1091
f 1097/1097/1097 1075/1075/1075 1102/1102/1102
f 1109/1109/1109 1100/1100/1100 1085/1085/1085
f 1059/1059/1059 1061/1061/1061 1098/1098/1098
f 1024/1024/1024 1028/1028/1028 1107/1107/1107
f 1059/1059/1059 1094/1094/1094 1046/1046/1046
f 1044/1044/1044 1094/1094/1094 1043/1043/1043
f 1041/1041/1041 1094/1094/1094 1102/1102/1102
f 1041/1041/1041 1104/1104/1104 1085/1085/1085
f 1087/1087/1087 1104/1104/1104 1011/1011/1011
f 1087/1087/1087 1010/1010/1010 1107/1107/1107
f 1109/1109/1109 1010/1010/1010 1014/1014/1014
f 1109/1109/1109 1013/1013/1013 1023/1023/1023
f 1111/1111/1111 1120/1120/1120 1118/1118/1118
f 1117/1117/1117 1120/1120/1120 441/441/441
f 1117/1117/1117 437/437/437 1140/1140/1140
f 1151/1151/1151 416/416/416 1126/1126/1126
f 1125/1125/1125 416/416/416 408/408/408
f 1125/1125/1125 409/409/409 1136/1136/1136
f 1139/1139/1139 409/409/409 1130/1130/1130
f 1139/1139/1139 1134/1134/1134 387/387/387
f 388/388/388 1134/1134/1134 403/403/403
f 440/440/440 1146/1146/1146 1140/1140/1140
f 1144/1144/1144 1146/1146/1146 432/432/432
f 1144/1144/1144 428/428/428 1150/1150/1150
f 1151/1151/1151 428/428/428 1155/1155/1155
f 1151/1151/1151 1157/1157/1157 419/419/419
f 361/361/361 1160/1160/1160 365/365/365
f 366/366/366 1160/1160/1160 452/452/452
f 366/366/366 453/453/453 1113/1113/1113
f 1111/1111/1111 453/453/453 449/449/449
f 1111/1111/1111 450/450/450 1121/1121/1121
f 1169/1169/1169 1171/1171/1171 1196/1196/1196
f 1197/1197/1197 1171/1171/1171 326/326/326
f 1197/1197/1197 325/325/325 356/356/356
f 352/352/352 325/325/325 1176/1176/1176
f 352/352/352 1178/1178/1178 358/358/358
f 361/361/361 1178/1178/1178 1180/1180/1180
f 361/361/361 1181/1181/1181 1159/1159/1159
f 405/405/405 1187/1187/1187 387/387/387
f 388/388/388 1187/1187/1187 315/315/315
f 388/388/388 314/314/314 332/332/332
f 331/331/331 314/314/314 1189/1189/1189
f 331/331/331 1190/1190/1190 336/336/336
f 338/338/338 1190/1190/1190 1164/1164/1164
f 338/338/338 1168/1168/1168 339/339/339
f 340/340/340 1168/1168/1168 1196/1196/1196
f 310/310/310 123/123/123 1203/1203/1203
f 1201/1201/1201 123/123/123 1282/1282/1282
f 1201/1201/1201 1281/1281/1281 1287/1287/1287
f 1208/1208/1208 1258/1258/1258 1212/1212/1212
f 1210/1210/1210 1258/1258/1258 1215/1215/1215
f 1210/1210/1210 1217/1217/1217 307/307/307
f 310/310/310 1217/1217/1217 114/114/114
f 310/310/310 116/116/116 124/124/124
f 282/282/282 1233/1233/1233 292/292/292
f 293/293/293 1233/1233/1233 1241/1241/1241
f 293/293/293 1240/1240/1240 1221/1221/1221
f 1269/1269/1269 478/478/478 1260/1260/1260
f 1262/1262/1262 478/478/478 1226/1226/1226
f 1262/1262/1262 1225/1225/1225 281/281/281
f 282/282/282 1225/1225/1225 1231/1231/1231
f 282/282/282 1230/1230/1230 1236/1236/1236
f 1239/1239/1239 1243/1243/1243 1221/1221/1221
f 1219/1219/1219 1243/1243/1243 1249/1249/1249
f 1219/1219/1219 1245/1245/1245 1205/1205/1205
f 1208/1208/1208 1245/1245/1245 1251/1251/1251
f 1208/1208/1208 1250/1250/1250 1257/1257/1257
f 1262/1262/1262 1266/1266/1266 1273/1273/1273
f 1269/1269/1269 1266/1266/1266 274/274/274
f 1269/1269/1269 272/272/272 90/90/90
f 89/89/89 272/272/272 268/268/268
f 89/89/89 271/271/271 1276/1276/1276
f 1277/1277/1277 271/271/271 266/266/266
f 1283/1283/1283 1284/1284/1284 1287/1287/1287
f 1288/1288/1288 1284/1284/1284 145/145/145
f 1288/1288/1288 144/144/144 258/258/258
f 257/257/257 144/144/144 147/147/147
f 257/257/257 146/146/146 266/266/266
f 264/264/264 146/146/146 1292/1292/1292
f 264/264/264 1293/1293/1293 1276/1276/1276
f 3203/3203/3203 1296/1296/1296 1302/1302/1302
f 1305/1305/1305 1299/1299/1299 1307/1307/1307
f 1301/1301/1301 1310/1310/1310 1314/1314/1314
f 1322/1322/1322 563/563/563 1567/1567/1567
f 1564/1564/1564 1329/1329/1329 1326/1326/1326
f 1325/1325/1325 1328/1328/1328 1331/1331/1331
f 1323/1323/1323 1332/1332/1332 3206/3206/3206
f 3202/3202/3202 1335/1335/1335 1339/1339/1339
f 3207/3207/3207 1337/1337/1337 1300/1300/1300
f 1497/1497/1497 1511/1511/1511 1342/1342/1342
f 1341/1341/1341 1510/1510/1510 1517/1517/1517
f 1341/1341/1341 1513/1513/1513 2280/2280/2280
f 2282/2282/2282 1515/1515/1515 1351/1351/1351
f 2282/2282/2282 1350/1350/1350 1348/1348/1348
f 1347/1347/1347 1354/1354/1354 597/597/597
f 1347/1347/1347 594/594/594 2277/2277/2277
f 2276/2276/2276 595/595/595 1360/1360/1360
f 2276/2276/2276 1359/1359/1359 1357/1357/1357
f 1356/1356/1356 1358/1358/1358 1362/1362/1362
f 1356/1356/1356 1366/1366/1366 1369/1369/1369
f 1368/1368/1368 1365/1365/1365 557/557/557
f 1368/1368/1368 559/559/559 1373/1373/1373
f 1371/1371/1371 556/556/556 552/552/552
f 1371/1371/1371 555/555/555 2273/2273/2273
f 2274/2274/2274 551/551/551 1378/1378/1378
f 2274/2274/2274 1376/1376/1376 1382/1382/1382
f 1380/1380/1380 1377/1377/1377 1387/1387/1387
f 1380/1380/1380 1389/1389/1389 1385/1385/1385
f 1386/1386/1386 1388/1388/1388 1394/1394/1394
f 1386/1386/1386 1395/1395/1395 1401/1401/1401
f 1397/1397/1397 1392/1392/1392 1480/1480/1480
f 1398/1398/1398 1479/1479/1479 2287/2287/2287
f 2288/2288/2288 1477/1477/1477 1484/1484/1484
f 2286/2286/2286 1485/1485/1485 1344/1344/1344
f 1340/1340/1340 1482/1482/1482 1494/1494/1494
f 1402/1402/1402 1438/1438/1438 1576/1576/1576
f 1577/1577/1577 1440/1440/1440 2268/2268/2268
f 1578/1578/1578 2271/2271/2271 1550/1550/1550
f 1552/1552/1552 2269/2269/2269 1409/1409/1409
f 1551/1551/1551 1408/1408/1408 1549/1549/1549
f 1547/1547/1547 1407/1407/1407 2258/2258/2258
f 1547/1547/1547 2260/2260/2260 1586/1586/1586
f 1587/1587/1587 2257/2257/2257 2249/2249/2249
f 1587/1587/1587 2250/2250/2250 1472/1472/1472
f 1471/1471/1471 2248/2248/2248 1418/1418/1418
f 1471/1471/1471 1420/1420/1420 1411/1411/1411
f 1414/1414/1414 1419/1419/1419 1421/1421/1421
f 1414/1414/1414 1426/1426/1426 1429/1429/1429
f 1406/1406/1406 1436/1436/1436 1437/1437/1437
f 1441/1441/1441 1434/1434/1434 1442/1442/1442
f 1441/1441/1441 1444/1444/1444 1452/1452/1452
f 1449/1449/1449 1445/1445/1445 1524/1524/1524
f 1449/1449/1449 1521/1521/1521 1454/1454/1454
f 1455/1455/1455 1520/1520/1520 1459/1459/1459
f 1455/1455/1455 1458/1458/1458 2265/2265/2265
f 2263/2263/2263 1456/1456/1456 1504/1504/1504
f 2263/2263/2263 1507/1507/1507 1464/1464/1464
f 1462/1462/1462 1505/1505/1505 1498/1498/1498
f 1463/1463/1463 1502/1502/1502 2254/2254/2254
f 2253/2253/2253 1499/1499/1499 1488/1488/1488
f 2256/2256/2256 1490/1490/1490 1425/1425/1425
f 1424/1424/1424 1489/1489/1489 1470/1470/1470
f 1422/1422/1422 1468/1468/1468 1427/1427/1427
f 1379/1379/1379 1473/1473/1473 1413/1413/1413
f 1379/1379/1379 1412/1412/1412 1391/1391/1391
f 1390/1390/1390 1415/1415/1415 1430/1430/1430
f 1390/1390/1390 1431/1431/1431 1396/1396/1396
f 1393/1393/1393 1428/1428/1428 1476/1476/1476
f 1478/1478/1478 1428/1428/1428 1467/1467/1467
f 1481/1481/1481 1469/1469/1469 1486/1486/1486
f 1483/1483/1483 1469/1469/1469 1492/1492/1492
f 1487/1487/1487 1491/1491/1491 1493/1493/1493
f 1496/1496/1496 1491/1491/1491 1503/1503/1503
f 1495/1495/1495 1500/1500/1500 1512/1512/1512
f 1501/1501/1501 1508/1508/1508 1512/1512/1512
f 1509/1509/1509 1506/1506/1506 1460/1460/1460
f 1509/1509/1509 1461/1461/1461 1514/1514/1514
f 1516/1516/1516 1457/1457/1457 1523/1523/1523
f 1516/1516/1516 1518/1518/1518 1352/1352/1352
f 1615/1615/1615 1518/1518/1518 1448/1448/1448
f 1590/1590/1590 1473/1473/1473 1604/1604/1604
f 1526/1526/1526 1595/1595/1595 1539/1539/1539
f 1594/1594/1594 588/588/588 1538/1538/1538
f 1533/1533/1533 586/586/586 64/64/64
f 1535/1535/1535 60/60/60 67/67/67
f 65/65/65 1531/1531/1531 1536/1536/1536
f 1537/1537/1537 1529/1529/1529 79/79/79
f 1534/1534/1534 80/80/80 1528/1528/1528
f 1591/1591/1591 1540/1540/1540 1545/1545/1545
f 1546/1546/1546 1543/1543/1543 1571/1571/1571
f 1544/1544/1544 1569/1569/1569 1554/1554/1554
f 1557/1557/1557 1565/1565/1565 583/583/583
f 1336/1336/1336 1333/1333/1333 1556/1556/1556
f 1558/1558/1558 1334/1334/1334 1327/1327/1327
f 1555/1555/1555 1330/1330/1330 1563/1563/1563
f 1553/1553/1553 1570/1570/1570 1579/1579/1579
f 1575/1575/1575 1568/1568/1568 1584/1584/1584
f 1574/1574/1574 1581/1581/1581 1405/1405/1405
f 1403/1403/1403 1582/1582/1582 474/474/474
f 1404/1404/1404 475/475/475 1435/1435/1435
f 1433/1433/1433 476/476/476 1315/1315/1315
f 1432/1432/1432 1319/1319/1319 1447/1447/1447
f 1446/1446/1446 1317/1317/1317 1308/1308/1308
f 1443/1443/1443 1313/1313/1313 1618/1618/1618
f 1548/1548/1548 1589/1589/1589 1593/1593/1593
f 1592/1592/1592 1588/1588/1588 1604/1604/1604
f 1592/1592/1592 1601/1601/1601 587/587/587
f 589/589/589 1599/1599/1599 1722/1722/1722
f 589/589/589 1725/1725/1725 1739/1739/1739
f 1738/1738/1738 1721/1721/1721 1712/1712/1712
f 1738/1738/1738 1714/1714/1714 1742/1742/1742
f 1743/1743/1743 1715/1715/1715 1699/1699/1699
f 1743/1743/1743 1698/1698/1698 1750/1750/1750
f 1751/1751/1751 1700/1700/1700 1606/1606/1606
f 1751/1751/1751 1609/1609/1609 1612/1612/1612
f 1610/1610/1610 1607/1607/1607 1693/1693/1693
f 1610/1610/1610 1695/1695/1695 1765/1765/1765
f 1766/1766/1766 1694/1694/1694 1614/1614/1614
f 1766/1766/1766 1619/1619/1619 580/580/580
f 578/578/578 1617/1617/1617 1309/1309/1309
f 581/581/581 1312/1312/1312 1561/1561/1561
f 1560/1560/1560 1311/1311/1311 1298/1298/1298
f 1559/1559/1559 1297/1297/1297 1338/1338/1338
f 603/603/603 675/675/675 2207/2207/2207
f 2208/2208/2208 675/675/675 1826/1826/1826
f 2206/2206/2206 1828/1828/1828 2234/2234/2234
f 2231/2231/2231 1828/1828/1828 1624/1624/1624
f 2232/2232/2232 1621/1621/1621 1629/1629/1629
f 1627/1627/1627 1621/1621/1621 1634/1634/1634
f 1625/1625/1625 1633/1633/1633 2193/2193/2193
f 2192/2192/2192 1633/1633/1633 1817/1817/1817
f 2191/2191/2191 1819/1819/1819 1635/1635/1635
f 1640/1640/1640 1819/1819/1819 1816/1816/1816
f 1636/1636/1636 1815/1815/1815 2173/2173/2173
f 2176/2176/2176 1815/1815/1815 1803/1803/1803
f 2172/2172/2172 1802/1802/1802 1643/1643/1643
f 1646/1646/1646 1802/1802/1802 1800/1800/1800
f 1644/1644/1644 1801/1801/1801 2187/2187/2187
f 2188/2188/2188 1801/1801/1801 1797/1797/1797
f 2186/2186/2186 1794/1794/1794 1651/1651/1651
f 1649/1649/1649 1794/1794/1794 1783/1783/1783
f 1650/1650/1650 1786/1786/1786 1655/1655/1655
f 1657/1657/1657 1785/1785/1785 1779/1779/1779
f 1653/1653/1653 1780/1780/1780 2127/2127/2127
f 2128/2128/2128 1780/1780/1780 1662/1662/1662
f 2129/2129/2129 1659/1659/1659 2137/2137/2137
f 2138/2138/2138 1659/1659/1659 1767/1767/1767
f 2140/2140/2140 1770/1770/1770 1667/1667/1667
f 1664/1664/1664 1770/1770/1770 1672/1672/1672
f 1668/1668/1668 1669/1669/1669 2151/2151/2151
f 2149/2149/2149 1669/1669/1669 1674/1674/1674
f 2153/2153/2153 1677/1677/1677 2159/2159/2159
f 2155/2155/2155 1677/1677/1677 1679/1679/1679
f 2156/2156/2156 1678/1678/1678 634/634/634
f 635/635/635 1678/1678/1678 630/630/630
f 658/658/658 1620/1620/1620 2055/2055/2055
f 2054/2054/2054 1620/1620/1620 1692/1692/1692
f 2054/2054/2054 1696/1696/1696 1686/1686/1686
f 1684/1684/1684 1696/1696/1696 1688/1688/1688
f 1687/1687/1687 1696/1696/1696 1608/1608/1608
f 1687/1687/1687 1605/1605/1605 2205/2205/2205
f 2204/2204/2204 1605/1605/1605 1701/1701/1701
f 2204/2204/2204 1697/1697/1697 1703/1703/1703
f 1706/1706/1706 1697/1697/1697 1708/1708/1708
f 1711/1711/1711 1697/1697/1697 1713/1713/1713
f 1711/1711/1711 1716/1716/1716 2032/2032/2032
f 2031/2031/2031 1716/1716/1716 1718/1718/1718
f 1720/1720/1720 1716/1716/1716 1724/1724/1724
f 1720/1720/1720 1723/1723/1723 2010/2010/2010
f 2009/2009/2009 1723/1723/1723 1602/1602/1602
f 2009/2009/2009 1600/1600/1600 626/626/626
f 1726/1726/1726 585/585/585 1732/1732/1732
f 1731/1731/1731 585/585/585 1737/1737/1737
f 1731/1731/1731 1740/1740/1740 1984/1984/1984
f 1985/1985/1985 1740/1740/1740 1736/1736/1736
f 1735/1735/1735 1740/1740/1740 1744/1744/1744
f 1735/1735/1735 1741/1741/1741 1988/1988/1988
f 1989/1989/1989 1741/1741/1741 1752/1752/1752
f 1989/1989/1989 1753/1753/1753 1747/1747/1747
f 1746/1746/1746 1753/1753/1753 1757/1757/1757
f 1755/1755/1755 1753/1753/1753 1611/1611/1611
f 1755/1755/1755 1613/1613/1613 1995/1995/1995
f 1996/1996/1996 1613/1613/1613 1759/1759/1759
f 1760/1760/1760 1613/1613/1613 1764/1764/1764
f 1760/1760/1760 1763/1763/1763 2000/2000/2000
f 1999/1999/1999 1763/1763/1763 582/582/582
f 1999/1999/1999 579/579/579 576/576/576
f 1901/1901/1901 1920/1920/1920 628/628/628
f 627/627/627 1681/1681/1681 1900/1900/1900
f 1899/1899/1899 1680/1680/1680 1676/1676/1676
f 1903/1903/1903 1673/1673/1673 1889/1889/1889
f 1675/1675/1675 1670/1670/1670 1890/1890/1890
f 1887/1887/1887 1671/1671/1671 1771/1771/1771
f 1887/1887/1887 1768/1768/1768 1882/1882/1882
f 1879/1879/1879 1769/1769/1769 1658/1658/1658
f 1883/1883/1883 1661/1661/1661 1774/1774/1774
f 1660/1660/1660 1778/1778/1778 1774/1774/1774
f 1775/1775/1775 1777/1777/1777 1784/1784/1784
f 1775/1775/1775 1781/1781/1781 1790/1790/1790
f 1782/1782/1782 1795/1795/1795 1792/1792/1792
f 1791/1791/1791 1796/1796/1796 1798/1798/1798
f 1793/1793/1793 1799/1799/1799 1860/1860/1860
f 1858/1858/1858 1799/1799/1799 1805/1805/1805
f 1857/1857/1857 1806/1806/1806 1807/1807/1807
f 1804/1804/1804 1813/1813/1813 1807/1807/1807
f 1810/1810/1810 1814/1814/1814 1818/1818/1818
f 1811/1811/1811 1820/1820/1820 1845/1845/1845
f 1848/1848/1848 1820/1820/1820 1631/1631/1631
f 1846/1846/1846 1630/1630/1630 1837/1837/1837
f 672/672/672 1825/1825/1825 1829/1829/1829
f 1830/1830/1830 1821/1821/1821 1835/1835/1835
f 1827/1827/1827 1836/1836/1836 1623/1623/1623
f 1622/1622/1622 1833/1833/1833 1632/1632/1632
f 1822/1822/1822 591/591/591 1834/1834/1834
f 1831/1831/1831 590/590/590 1840/1840/1840
f 1832/1832/1832 1838/1838/1838 1849/1849/1849
f 1844/1844/1844 1841/1841/1841 1854/1854/1854
f 1847/1847/1847 1851/1851/1851 1809/1809/1809
f 1808/1808/1808 1850/1850/1850 1930/1930/1930
f 1812/1812/1812 1928/1928/1928 1856/1856/1856
f 1859/1859/1859 1929/1929/1929 1862/1862/1862
f 1861/1861/1861 1864/1864/1864 1787/1787/1787
f 1788/1788/1788 1866/1866/1866 1872/1872/1872
f 1789/1789/1789 1871/1871/1871 1773/1773/1773
f 1772/1772/1772 1871/1871/1871 1875/1875/1875
f 1776/1776/1776 1877/1877/1877 1881/1881/1881
f 1880/1880/1880 1876/1876/1876 1893/1893/1893
f 1884/1884/1884 1891/1891/1891 1886/1886/1886
f 1885/1885/1885 1892/1892/1892 1906/1906/1906
f 1888/1888/1888 1908/1908/1908 1902/1902/1902
f 1898/1898/1898 1904/1904/1904 1915/1915/1915
f 1897/1897/1897 1914/1914/1914 1916/1916/1916
f 1919/1919/1919 1910/1910/1910 1963/1963/1963
f 593/593/593 1971/1971/1971 1843/1843/1843
f 1839/1839/1839 1970/1970/1970 1975/1975/1975
f 1842/1842/1842 1977/1977/1977 1852/1852/1852
f 1855/1855/1855 1974/1974/1974 1923/1923/1923
f 1853/1853/1853 1924/1924/1924 1931/1931/1931
f 1927/1927/1927 1926/1926/1926 1980/1980/1980
f 1932/1932/1932 1979/1979/1979 1865/1865/1865
f 1863/1863/1863 1982/1982/1982 1933/1933/1933
f 1867/1867/1867 1934/1934/1934 1869/1869/1869
f 1870/1870/1870 1938/1938/1938 1944/1944/1944
f 1868/1868/1868 1942/1942/1942 1873/1873/1873
f 1874/1874/1874 1943/1943/1943 1950/1950/1950
f 1878/1878/1878 1949/1949/1949 1894/1894/1894
f 1895/1895/1895 1945/1945/1945 1951/1951/1951
f 1896/1896/1896 1955/1955/1955 1905/1905/1905
f 1909/1909/1909 1956/1956/1956 1959/1959/1959
f 1907/1907/1907 1958/1958/1958 1913/1913/1913
f 1911/1911/1911 1962/1962/1962 2002/2002/2002
f 1912/1912/1912 2005/2005/2005 1965/1965/1965
f 1964/1964/1964 2004/2004/2004 571/571/571
f 1969/1969/1969 1727/1727/1727 1976/1976/1976
f 1973/1973/1973 1727/1727/1727 1729/1729/1729
f 1972/1972/1972 1730/1730/1730 1922/1922/1922
f 1925/1925/1925 1730/1730/1730 1987/1987/1987
f 1921/1921/1921 1986/1986/1986 1981/1981/1981
f 1983/1983/1983 1986/1986/1986 1733/1733/1733
f 1978/1978/1978 1734/1734/1734 1935/1935/1935
f 1936/1936/1936 1734/1734/1734 1991/1991/1991
f 1937/1937/1937 1990/1990/1990 1941/1941/1941
f 1940/1940/1940 1992/1992/1992 1748/1748/1748
f 1939/1939/1939 1749/1749/1749 1946/1946/1946
f 1947/1947/1947 1745/1745/1745 1756/1756/1756
f 1948/1948/1948 1758/1758/1758 1953/1953/1953
f 1952/1952/1952 1754/1754/1754 1993/1993/1993
f 1954/1954/1954 1994/1994/1994 1961/1961/1961
f 1960/1960/1960 1994/1994/1994 1762/1762/1762
f 1957/1957/1957 1761/1761/1761 2003/2003/2003
f 2001/2001/2001 1761/1761/1761 1997/1997/1997
f 2006/2006/2006 1998/1998/1998 569/569/569
f 568/568/568 1998/1998/1998 574/574/574
f 2023/2023/2023 2025/2025/2025 2195/2195/2195
f 2011/2011/2011 623/623/623 621/621/621
f 1717/1717/1717 2008/2008/2008 2015/2015/2015
f 2033/2033/2033 2027/2027/2027 1710/1710/1710
f 1709/1709/1709 2027/2027/2027 2018/2018/2018
f 1707/1707/1707 2022/2022/2022 1702/1702/1702
f 2040/2040/2040 2116/2116/2116 2049/2049/2049
f 2225/2225/2225 2199/2199/2199 2217/2217/2217
f 2222/2222/2222 2198/2198/2198 2026/2026/2026
f 2221/2221/2221 2024/2024/2024 2036/2036/2036
f 2037/2037/2037 2028/2028/2028 2030/2030/2030
f 2037/2037/2037 2029/2029/2029 1719/1719/1719
f 2124/2124/2124 2114/2114/2114 2146/2146/2146
f 2147/2147/2147 2117/2117/2117 2044/2044/2044
f 2143/2143/2143 2043/2043/2043 2133/2133/2133
f 659/659/659 2051/2051/2051 2050/2050/2050
f 2047/2047/2047 2052/2052/2052 2060/2060/2060
f 2048/2048/2048 2057/2057/2057 2039/2039/2039
f 2042/2042/2042 2059/2059/2059 2163/2163/2163
f 2041/2041/2041 2162/2162/2162 2132/2132/2132
f 2131/2131/2131 2160/2160/2160 2063/2063/2063
f 2134/2134/2134 2064/2064/2064 1656/1656/1656
f 1654/1654/1654 2066/2066/2066 1647/1647/1647
f 1683/1683/1683 1691/1691/1691 2070/2070/2070
f 2069/2069/2069 1689/1689/1689 2076/2076/2076
f 2071/2071/2071 2075/2075/2075 2167/2167/2167
f 2168/2168/2168 2072/2072/2072 2078/2078/2078
f 2171/2171/2171 2082/2082/2082 2183/2183/2183
f 2182/2182/2182 2079/2079/2079 2096/2096/2096
f 1690/1690/1690 2201/2201/2201 2076/2076/2076
f 2074/2074/2074 2203/2203/2203 2087/2087/2087
f 2073/2073/2073 2084/2084/2084 2081/2081/2081
f 2077/2077/2077 2088/2088/2088 2090/2090/2090
f 2080/2080/2080 2089/2089/2089 2096/2096/2096
f 2098/2098/2098 2091/2091/2091 2101/2101/2101
f 2099/2099/2099 2104/2104/2104 1639/1639/1639
f 1638/1638/1638 2102/2102/2102 2189/2189/2189
f 659/659/659 2045/2045/2045 646/646/646
f 648/648/648 2046/2046/2046 2113/2113/2113
f 649/649/649 2112/2112/2112 2109/2109/2109
f 2110/2110/2110 2115/2115/2115 2122/2122/2122
f 2107/2107/2107 2118/2118/2118 636/636/636
f 638/638/638 2119/2119/2119 2154/2154/2154
f 639/639/639 2158/2158/2158 633/633/633
f 1652/1652/1652 2126/2126/2126 2136/2136/2136
f 2135/2135/2135 2125/2125/2125 2142/2142/2142
f 2130/2130/2130 2141/2141/2141 2144/2144/2144
f 2148/2148/2148 2139/2139/2139 1663/1663/1663
f 2145/2145/2145 1666/1666/1666 2120/2120/2120
f 2123/2123/2123 1665/1665/1665 2152/2152/2152
f 2121/2121/2121 2150/2150/2150 2157/2157/2157
f 2053/2053/2053 1685/1685/1685 2060/2060/2060
f 2056/2056/2056 1682/1682/1682 2070/2070/2070
f 2058/2058/2058 2068/2068/2068 2161/2161/2161
f 2165/2165/2165 2067/2067/2067 2169/2169/2169
f 2164/2164/2164 2166/2166/2166 2062/2062/2062
f 2061/2061/2061 2170/2170/2170 2178/2178/2178
f 2065/2065/2065 2179/2179/2179 1647/1647/1647
f 1637/1637/1637 2175/2175/2175 2097/2097/2097
f 2100/2100/2100 2174/2174/2174 1645/1645/1645
f 2095/2095/2095 1642/1642/1642 2177/2177/2177
f 2180/2180/2180 1641/1641/1641 2184/2184/2184
f 2181/2181/2181 2185/2185/2185 1648/1648/1648
f 1626/1626/1626 2194/2194/2194 2228/2228/2228
f 2226/2226/2226 2190/2190/2190 2105/2105/2105
f 2223/2223/2223 2106/2106/2106 2197/2197/2197
f 2200/2200/2200 2103/2103/2103 2092/2092/2092
f 2196/2196/2196 2093/2093/2093 2021/2021/2021
f 2020/2020/2020 2094/2094/2094 2085/2085/2085
f 2019/2019/2019 2086/2086/2086 1705/1705/1705
f 1704/1704/1704 2083/2083/2083 2202/2202/2202
f 2242/2242/2242 2210/2210/2210 2235/2235/2235
f 1717/1717/1717 2016/2016/2016 2034/2034/2034
f 2038/2038/2038 2014/2014/2014 2212/2212/2212
f 2035/2035/2035 2213/2213/2213 2219/2219/2219
f 2218/2218/2218 2215/2215/2215 2238/2238/2238
f 2220/2220/2220 2240/2240/2240 2224/2224/2224
f 2229/2229/2229 2239/2239/2239 2230/2230/2230
f 2227/2227/2227 2233/2233/2233 1628/1628/1628
f 2007/2007/2007 622/622/622 2017/2017/2017
f 2012/2012/2012 619/619/619 616/616/616
f 2013/2013/2013 614/614/614 2211/2211/2211
f 2214/2214/2214 613/613/613 2247/2247/2247
f 2216/2216/2216 2244/2244/2244 2236/2236/2236
f 2241/2241/2241 2246/2246/2246 607/607/607
f 2237/2237/2237 604/604/604 2209/2209/2209
f 1417/1417/1417 2251/2251/2251 2259/2259/2259
f 2255/2255/2255 1423/1423/1423 1416/1416/1416
f 2261/2261/2261 1410/1410/1410 2262/2262/2262
f 2264/2264/2264 1410/1410/1410 2270/2270/2270
f 2261/2261/2261 2266/2266/2266 1416/1416/1416
f 1417/1417/1417 2266/2266/2266 1465/1465/1465
f 1417/1417/1417 1466/1466/1466 2252/2252/2252
f 2267/2267/2267 1439/1439/1439 2262/2262/2262
f 2264/2264/2264 1439/1439/1439 1450/1450/1450
f 2264/2264/2264 1451/1451/1451 1453/1453/1453
f 1370/1370/1370 1372/1372/1372 2272/2272/2272
f 2284/2284/2284 2275/2275/2275 1381/1381/1381
f 1355/1355/1355 1367/1367/1367 2278/2278/2278
f 2279/2279/2279 1367/1367/1367 2272/2272/2272
f 2279/2279/2279 2275/2275/2275 1345/1345/1345
f 1346/1346/1346 2275/2275/2275 2283/2283/2283
f 2285/2285/2285 1343/1343/1343 1400/1400/1400
f 1399/1399/1399 1343/1343/1343 2283/2283/2283
f 1399/1399/1399 2281/2281/2281 1383/1383/1383
f 1384/1384/1384 2281/2281/2281 1381/1381/1381
f 2290/2290/2290 3589/3589/3589 3753/3753/3753
f 3746/3746/3746 3620/3620/3620 3615/3615/3615
f 3538/3538/3538 3500/3500/3500 3615/3615/3615
f 3619/3619/3619 3500/3500/3500 2293/2293/2293
f 3619/3619/3619 2292/2292/2292 3749/3749/3749
f 3746/3746/3746 2292/2292/2292 3753/3753/3753
f 2301/2301/2301 669/669/669 2450/2450/2450
f 2301/2301/2301 2454/2454/2454 2302/2302/2302
f 2303/2303/2303 2449/2449/2449 2310/2310/2310
f 2303/2303/2303 2311/2311/2311 2399/2399/2399
f 2401/2401/2401 2309/2309/2309 2314/2314/2314
f 2402/2402/2402 2316/2316/2316 538/538/538
f 2320/2320/2320 2376/2376/2376 2329/2329/2329
f 2320/2320/2320 2325/2325/2325 2455/2455/2455
f 2457/2457/2457 2327/2327/2327 2395/2395/2395
f 2457/2457/2457 2397/2397/2397 2461/2461/2461
f 2460/2460/2460 2396/2396/2396 2332/2332/2332
f 2460/2460/2460 2337/2337/2337 2317/2317/2317
f 2371/2371/2371 722/722/722 2338/2338/2338
f 2372/2372/2372 2339/2339/2339 2346/2346/2346
f 2344/2344/2344 2340/2340/2340 2489/2489/2489
f 2344/2344/2344 2490/2490/2490 2364/2364/2364
f 2362/2362/2362 2494/2494/2494 26/26/26
f 2362/2362/2362 24/24/24 23/23/23
f 2379/2379/2379 2353/2353/2353 2336/2336/2336
f 2378/2378/2378 2335/2335/2335 2390/2390/2390
f 20/20/20 2357/2357/2357 2360/2360/2360
f 2361/2361/2361 2358/2358/2358 2366/2366/2366
f 2363/2363/2363 2365/2365/2365 2348/2348/2348
f 2347/2347/2347 2368/2368/2368 2387/2387/2387
f 2345/2345/2345 2385/2385/2385 2373/2373/2373
f 2374/2374/2374 2384/2384/2384 2328/2328/2328
f 2359/2359/2359 2351/2351/2351 2369/2369/2369
f 2370/2370/2370 2350/2350/2350 2377/2377/2377
f 2367/2367/2367 2381/2381/2381 2383/2383/2383
f 2382/2382/2382 2380/2380/2380 2388/2388/2388
f 2386/2386/2386 2389/2389/2389 2330/2330/2330
f 2326/2326/2326 2391/2391/2391 2393/2393/2393
f 2394/2394/2394 2392/2392/2392 2334/2334/2334
f 2404/2404/2404 2400/2400/2400 534/534/534
f 2408/2408/2408 537/537/537 2426/2426/2426
f 2300/2300/2300 2305/2305/2305 72/72/72
f 70/70/70 2304/2304/2304 2415/2415/2415
f 71/71/71 2416/2416/2416 86/86/86
f 87/87/87 2416/2416/2416 2425/2425/2425
f 88/88/88 2423/2423/2423 469/469/469
f 472/472/472 2424/2424/2424 2414/2414/2414
f 2306/2306/2306 2403/2403/2403 2417/2417/2417
f 2419/2419/2419 2398/2398/2398 2405/2405/2405
f 2418/2418/2418 2406/2406/2406 2420/2420/2420
f 2421/2421/2421 2407/2407/2407 2429/2429/2429
f 2422/2422/2422 2427/2427/2427 2413/2413/2413
f 2409/2409/2409 2430/2430/2430 2560/2560/2560
f 2559/2559/2559 2428/2428/2428 535/535/535
f 2469/2469/2469 2463/2463/2463 2319/2319/2319
f 2466/2466/2466 2313/2313/2313 2472/2472/2472
f 2323/2323/2323 2456/2456/2456 2432/2432/2432
f 2434/2434/2434 2459/2459/2459 2440/2440/2440
f 2433/2433/2433 2441/2441/2441 2446/2446/2446
f 2443/2443/2443 2439/2439/2439 2475/2475/2475
f 2444/2444/2444 2478/2478/2478 670/670/670
f 666/666/666 2476/2476/2476 2452/2452/2452
f 2458/2458/2458 2462/2462/2462 2438/2438/2438
f 2437/2437/2437 2464/2464/2464 2465/2465/2465
f 2442/2442/2442 2467/2467/2467 2474/2474/2474
f 2477/2477/2477 2468/2468/2468 2473/2473/2473
f 2479/2479/2479 2471/2471/2471 2453/2453/2453
f 2451/2451/2451 2471/2471/2471 2307/2307/2307
f 2308/2308/2308 2470/2470/2470 2315/2315/2315
f 25/25/25 2491/2491/2491 32/32/32
f 30/30/30 2493/2493/2493 2498/2498/2498
f 31/31/31 2499/2499/2499 2483/2483/2483
f 2482/2482/2482 2496/2496/2496 2507/2507/2507
f 2480/2480/2480 2509/2509/2509 2628/2628/2628
f 2629/2629/2629 2509/2509/2509 2486/2486/2486
f 2492/2492/2492 2343/2343/2343 2495/2495/2495
f 2500/2500/2500 2342/2342/2342 2502/2502/2502
f 2497/2497/2497 2501/2501/2501 2508/2508/2508
f 2510/2510/2510 2506/2506/2506 2516/2516/2516
f 2511/2511/2511 2515/2515/2515 2484/2484/2484
f 2485/2485/2485 2517/2517/2517 2521/2521/2521
f 2341/2341/2341 721/721/721 2503/2503/2503
f 2504/2504/2504 724/724/724 2595/2595/2595
f 2505/2505/2505 2596/2596/2596 2512/2512/2512
f 2514/2514/2514 2593/2593/2593 2586/2586/2586
f 2513/2513/2513 2589/2589/2589 2522/2522/2522
f 2518/2518/2518 2588/2588/2588 727/727/727
f 19/19/19 2528/2528/2528 2530/2530/2530
f 19/19/19 2534/2534/2534 2356/2356/2356
f 2355/2355/2355 2529/2529/2529 2639/2639/2639
f 2355/2355/2355 2640/2640/2640 2352/2352/2352
f 2349/2349/2349 2636/2636/2636 2633/2633/2633
f 2354/2354/2354 2631/2631/2631 2331/2331/2331
f 2539/2539/2539 2674/2674/2674 2545/2545/2545
f 2537/2537/2537 2542/2542/2542 2652/2652/2652
f 2653/2653/2653 2541/2541/2541 2667/2667/2667
f 2655/2655/2655 2665/2665/2665 2549/2549/2549
f 2548/2548/2548 2664/2664/2664 2569/2569/2569
f 2551/2551/2551 2575/2575/2575 2630/2630/2630
f 485/485/485 471/471/471 2411/2411/2411
f 485/485/485 2412/2412/2412 2556/2556/2556
f 2557/2557/2557 2410/2410/2410 2562/2562/2562
f 2552/2552/2552 2558/2558/2558 2565/2565/2565
f 2564/2564/2564 2561/2561/2561 539/539/539
f 2566/2566/2566 533/533/533 2574/2574/2574
f 717/717/717 2322/2322/2322 2436/2436/2436
f 717/717/717 2435/2435/2435 2576/2576/2576
f 2577/2577/2577 2431/2431/2431 2448/2448/2448
f 2577/2577/2577 2447/2447/2447 2582/2582/2582
f 2581/2581/2581 2445/2445/2445 667/667/667
f 2581/2581/2581 671/671/671 665/665/665
f 2705/2705/2705 731/731/731 2587/2587/2587
f 2705/2705/2705 2590/2590/2590 2693/2693/2693
f 2694/2694/2694 2591/2591/2591 2594/2594/2594
f 2694/2694/2694 2597/2597/2597 2600/2600/2600
f 2599/2599/2599 2592/2592/2592 726/726/726
f 2599/2599/2599 723/723/723 720/720/720
f 2771/2771/2771 2904/2904/2904 2808/2808/2808
f 2771/2771/2771 2807/2807/2807 2604/2604/2604
f 2607/2607/2607 2809/2809/2809 2609/2609/2609
f 2607/2607/2607 2612/2612/2612 2756/2756/2756
f 2759/2759/2759 2608/2608/2608 2778/2778/2778
f 2759/2759/2759 2777/2777/2777 2731/2731/2731
f 730/730/730 2780/2780/2780 2617/2617/2617
f 730/730/730 2616/2616/2616 2520/2520/2520
f 2519/2519/2519 2618/2618/2618 2785/2785/2785
f 2519/2519/2519 2783/2783/2783 2488/2488/2488
f 2487/2487/2487 2787/2787/2787 2619/2619/2619
f 2487/2487/2487 2623/2623/2623 2627/2627/2627
f 2632/2632/2632 2637/2637/2637 2643/2643/2643
f 2642/2642/2642 2638/2638/2638 2533/2533/2533
f 2644/2644/2644 2531/2531/2531 2648/2648/2648
f 2649/2649/2649 2532/2532/2532 2525/2525/2525
f 2650/2650/2650 2526/2526/2526 2660/2660/2660
f 2634/2634/2634 2645/2645/2645 2546/2546/2546
f 2550/2550/2550 2641/2641/2641 2647/2647/2647
f 2547/2547/2547 2646/2646/2646 2657/2657/2657
f 2656/2656/2656 2651/2651/2651 2661/2661/2661
f 2654/2654/2654 2662/2662/2662 2538/2538/2538
f 2571/2571/2571 2666/2666/2666 2679/2679/2679
f 2677/2677/2677 2668/2668/2668 2544/2544/2544
f 2675/2675/2675 2540/2540/2540 2680/2680/2680
f 2683/2683/2683 2543/2543/2543 2670/2670/2670
f 2684/2684/2684 2671/2671/2671 2687/2687/2687
f 2570/2570/2570 2676/2676/2676 2567/2567/2567
f 2568/2568/2568 2678/2678/2678 2685/2685/2685
f 2563/2563/2563 2682/2682/2682 2553/2553/2553
f 2554/2554/2554 2681/2681/2681 2686/2686/2686
f 2555/2555/2555 2690/2690/2690 484/484/484
f 719/719/719 2580/2580/2580 2601/2601/2601
f 2598/2598/2598 2579/2579/2579 2696/2696/2696
f 2602/2602/2602 2700/2700/2700 2695/2695/2695
f 2692/2692/2692 2699/2699/2699 2711/2711/2711
f 2691/2691/2691 2707/2707/2707 2702/2702/2702
f 2704/2704/2704 2708/2708/2708 2831/2831/2831
f 2578/2578/2578 2584/2584/2584 2697/2697/2697
f 2698/2698/2698 2583/2583/2583 2716/2716/2716
f 2701/2701/2701 2718/2718/2718 2709/2709/2709
f 2710/2710/2710 2713/2713/2713 2724/2724/2724
f 2712/2712/2712 2722/2722/2722 2832/2832/2832
f 2830/2830/2830 2719/2719/2719 2845/2845/2845
f 2585/2585/2585 663/663/663 2717/2717/2717
f 2715/2715/2715 662/662/662 598/598/598
f 2714/2714/2714 600/600/600 2723/2723/2723
f 2721/2721/2721 601/601/601 2727/2727/2727
f 2720/2720/2720 2726/2726/2726 2849/2849/2849
f 2850/2850/2850 2726/2726/2726 612/612/612
f 2730/2730/2730 2734/2734/2734 2743/2743/2743
f 2739/2739/2739 2738/2738/2738 2749/2749/2749
f 2740/2740/2740 2744/2744/2744 2754/2754/2754
f 2755/2755/2755 2745/2745/2745 2864/2864/2864
f 2752/2752/2752 2863/2863/2863 2766/2766/2766
f 2732/2732/2732 2741/2741/2741 2758/2758/2758
f 2760/2760/2760 2742/2742/2742 2753/2753/2753
f 2757/2757/2757 2751/2751/2751 2606/2606/2606
f 2603/2603/2603 2750/2750/2750 2762/2762/2762
f 2605/2605/2605 2761/2761/2761 2768/2768/2768
f 2773/2773/2773 2615/2615/2615 2779/2779/2779
f 2775/2775/2775 2776/2776/2776 2814/2814/2814
f 2620/2620/2620 2786/2786/2786 2792/2792/2792
f 2793/2793/2793 2788/2788/2788 2797/2797/2797
f 2794/2794/2794 2799/2799/2799 2896/2896/2896
f 2897/2897/2897 2796/2796/2796 2803/2803/2803
f 2898/2898/2898 2805/2805/2805 2899/2899/2899
f 2900/2900/2900 2804/2804/2804 2810/2810/2810
f 2784/2784/2784 2613/2613/2613 2798/2798/2798
f 2800/2800/2800 2614/2614/2614 2772/2772/2772
f 2795/2795/2795 2774/2774/2774 2806/2806/2806
f 2802/2802/2802 2774/2774/2774 2815/2815/2815
f 2801/2801/2801 2816/2816/2816 2811/2811/2811
f 2812/2812/2812 2813/2813/2813 2610/2610/2610
f 2611/2611/2611 2817/2817/2817 2782/2782/2782
f 2523/2523/2523 3058/3058/3058 2921/2921/2921
f 2523/2523/2523 2916/2916/2916 2663/2663/2663
f 2659/2659/2659 2917/2917/2917 2939/2939/2939
f 2658/2658/2658 2944/2944/2944 2536/2536/2536
f 3079/3079/3079 2948/2948/2948 2819/2819/2819
f 3080/3080/3080 2820/2820/2820 2923/2923/2923
f 2924/2924/2924 2818/2818/2818 2828/2828/2828
f 2922/2922/2922 2824/2824/2824 2928/2928/2928
f 2931/2931/2931 2829/2829/2829 690/690/690
f 2932/2932/2932 688/688/688 2940/2940/2940
f 2669/2669/2669 693/693/693 2961/2961/2961
f 2672/2672/2672 2963/2963/2963 2689/2689/2689
f 2688/2688/2688 2962/2962/2962 496/496/496
f 2688/2688/2688 499/499/499 482/482/482
f 2839/2839/2839 2703/2703/2703 2833/2833/2833
f 2839/2839/2839 2835/2835/2835 2841/2841/2841
f 2843/2843/2843 2834/2834/2834 2848/2848/2848
f 2843/2843/2843 2847/2847/2847 2855/2855/2855
f 2854/2854/2854 2846/2846/2846 608/608/608
f 2854/2854/2854 609/609/609 677/677/677
f 2733/2733/2733 2840/2840/2840 2975/2975/2975
f 2733/2733/2733 2974/2974/2974 2736/2736/2736
f 2737/2737/2737 2976/2976/2976 2857/2857/2857
f 2735/2735/2735 2860/2860/2860 2748/2748/2748
f 2747/2747/2747 2858/2858/2858 3091/3091/3091
f 2746/2746/2746 3089/3089/3089 2866/2866/2866
f 3017/3017/3017 2770/2770/2770 2765/2765/2765
f 3018/3018/3018 2763/2763/2763 2983/2983/2983
f 2984/2984/2984 2764/2764/2764 2867/2867/2867
f 2980/2980/2980 2865/2865/2865 542/542/542
f 2871/2871/2871 3015/3015/3015 3006/3006/3006
f 2871/2871/2871 3004/3004/3004 2880/2880/2880
f 2881/2881/2881 3003/3003/3003 2873/2873/2873
f 2881/2881/2881 2874/2874/2874 2886/2886/2886
f 2885/2885/2885 2872/2872/2872 2991/2991/2991
f 2885/2885/2885 2996/2996/2996 696/696/696
f 40/40/40 2621/2621/2621 2791/2791/2791
f 40/40/40 2789/2789/2789 2888/2888/2888
f 2892/2892/2892 2790/2790/2790 2893/2893/2893
f 2891/2891/2891 2895/2895/2895 3045/3045/3045
f 3047/3047/3047 2894/2894/2894 2903/2903/2903
f 3044/3044/3044 2901/2901/2901 2868/2868/2868
f 3076/3076/3076 2907/2907/2907 2910/2910/2910
f 2913/2913/2913 2906/2906/2906 2934/2934/2934
f 2915/2915/2915 2933/2933/2933 3069/3069/3069
f 3068/3068/3068 2937/2937/2937 2920/2920/2920
f 3067/3067/3067 2919/2919/2919 3055/3055/3055
f 3077/3077/3077 2926/2926/2926 2905/2905/2905
f 2909/2909/2909 2925/2925/2925 2929/2929/2929
f 2908/2908/2908 2927/2927/2927 2936/2936/2936
f 2935/2935/2935 2930/2930/2930 2942/2942/2942
f 2938/2938/2938 2943/2943/2943 2918/2918/2918
f 2947/2947/2947 2971/2971/2971 2823/2823/2823
f 2821/2821/2821 2972/2972/2972 2953/2953/2953
f 2822/2822/2822 2955/2955/2955 2826/2826/2826
f 2825/2825/2825 2952/2952/2952 2959/2959/2959
f 2827/2827/2827 2958/2958/2958 689/689/689
f 2950/2950/2950 2966/2966/2966 2969/2969/2969
f 2970/2970/2970 2968/2968/2968 3083/3083/3083
f 2973/2973/2973 3086/3086/3086 2957/2957/2957
f 2956/2956/2956 3084/3084/3084 494/494/494
f 2954/2954/2954 493/493/493 2960/2960/2960
f 2837/2837/2837 2844/2844/2844 2977/2977/2977
f 2978/2978/2978 2842/2842/2842 2853/2853/2853
f 2978/2978/2978 2852/2852/2852 2859/2859/2859
f 2861/2861/2861 2851/2851/2851 684/684/684
f 2856/2856/2856 683/683/683 3093/3093/3093
f 2994/2994/2994 2999/2999/2999 3108/3108/3108
f 3110/3110/3110 3000/3000/3000 3010/3010/3010
f 3109/3109/3109 3009/3009/3009 2986/2986/2986
f 2985/2985/2985 3012/3012/3012 2981/2981/2981
f 2987/2987/2987 2982/2982/2982 541/541/541
f 2992/2992/2992 2875/2875/2875 2998/2998/2998
f 3001/3001/3001 2876/2876/2876 3002/3002/3002
f 2997/2997/2997 3007/3007/3007 3013/3013/3013
f 3011/3011/3011 3005/3005/3005 3019/3019/3019
f 3008/3008/3008 3016/3016/3016 2979/2979/2979
f 695/695/695 3026/3026/3026 2883/2883/2883
f 3024/3024/3024 3025/3025/3025 699/699/699
f 3113/3113/3113 3023/3023/3023 698/698/698
f 3114/3114/3114 3121/3121/3121 3021/3021/3021
f 3022/3022/3022 3123/3123/3123 3034/3034/3034
f 3020/3020/3020 3030/3030/3030 3029/3029/3029
f 3028/3028/3028 3033/3033/3033 3037/3037/3037
f 3027/3027/3027 3039/3039/3039 2882/2882/2882
f 2884/2884/2884 3036/3036/3036 2879/2879/2879
f 3124/3124/3124 42/42/42 3032/3032/3032
f 3031/3031/3031 39/39/39 2887/2887/2887
f 3035/3035/3035 2889/2889/2889 3041/3041/3041
f 3040/3040/3040 2890/2890/2890 3043/3043/3043
f 3038/3038/3038 3042/3042/3042 2878/2878/2878
f 2877/2877/2877 3046/3046/3046 2870/2870/2870
f 3059/3059/3059 3052/3052/3052 3060/3060/3060
f 3059/3059/3059 3063/3063/3063 3066/3066/3066
f 3070/3070/3070 3065/3065/3065 3075/3075/3075
f 3070/3070/3070 3074/3074/3074 2911/2911/2911
f 2914/2914/2914 3073/3073/3073 3300/3300/3300
f 2912/2912/2912 3305/3305/3305 3081/3081/3081
f 1304/1304/1304 492/492/492 3087/3087/3087
f 1304/1304/1304 3082/3082/3082 3213/3213/3213
f 3210/3210/3210 3085/3085/3085 2967/2967/2967
f 3212/3212/3212 2964/2964/2964 3194/3194/3194
f 3193/3193/3193 2965/2965/2965 2945/2945/2945
f 3192/3192/3192 2951/2951/2951 528/528/528
f 549/549/549 3092/3092/3092 3223/3223/3223
f 3222/3222/3222 3088/3088/3088 682/682/682
f 3226/3226/3226 680/680/680 651/651/651
f 3097/3097/3097 2993/2993/2993 3107/3107/3107
f 3097/3097/3097 3105/3105/3105 3104/3104/3104
f 3100/3100/3100 3106/3106/3106 2988/2988/2988
f 3103/3103/3103 2989/2989/2989 3232/3232/3232
f 3235/3235/3235 2990/2990/2990 544/544/544
f 3231/3231/3231 540/540/540 547/547/547
f 694/694/694 3267/3267/3267 3263/3263/3263
f 694/694/694 3260/3260/3260 3112/3112/3112
f 3111/3111/3111 3262/3262/3262 3116/3116/3116
f 3111/3111/3111 3115/3115/3115 3120/3120/3120
f 3122/3122/3122 3119/3119/3119 51/51/51
f 3122/3122/3122 53/53/53 41/41/41
f 715/715/715 3289/3289/3289 3165/3165/3165
f 712/712/712 3167/3167/3167 3128/3128/3128
f 3127/3127/3127 3168/3168/3168 3134/3134/3134
f 3127/3127/3127 3131/3131/3131 3253/3253/3253
f 3250/3250/3250 3133/3133/3133 3049/3049/3049
f 3250/3250/3250 3048/3048/3048 7/7/7
f 3304/3304/3304 3138/3138/3138 3150/3150/3150
f 3145/3145/3145 3137/3137/3137 3302/3302/3302
f 3071/3071/3071 3144/3144/3144 3306/3306/3306
f 3072/3072/3072 3061/3061/3061 3143/3143/3143
f 3142/3142/3142 3064/3064/3064 3160/3160/3160
f 3141/3141/3141 3159/3159/3159 3140/3140/3140
f 3136/3136/3136 3158/3158/3158 3153/3153/3153
f 3139/3139/3139 3155/3155/3155 3149/3149/3149
f 3147/3147/3147 3154/3154/3154 3170/3170/3170
f 3062/3062/3062 3053/3053/3053 3162/3162/3162
f 3157/3157/3157 3051/3051/3051 3135/3135/3135
f 3161/3161/3161 3130/3130/3130 3151/3151/3151
f 3152/3152/3152 3132/3132/3132 3164/3164/3164
f 3156/3156/3156 3163/3163/3163 3172/3172/3172
f 3169/3169/3169 3166/3166/3166 3290/3290/3290
f 530/530/530 3177/3177/3177 3191/3191/3191
f 3183/3183/3183 3174/3174/3174 527/527/527
f 3321/3321/3321 3179/3179/3179 526/526/526
f 3320/3320/3320 3315/3315/3315 3180/3180/3180
f 3181/3181/3181 3316/3316/3316 3189/3189/3189
f 3182/3182/3182 3186/3186/3186 3176/3176/3176
f 3175/3175/3175 3185/3185/3185 3198/3198/3198
f 3178/3178/3178 3197/3197/3197 3190/3190/3190
f 3195/3195/3195 3201/3201/3201 3214/3214/3214
f 3313/3313/3313 564/564/564 3187/3187/3187
f 3188/3188/3188 561/561/561 1324/1324/1324
f 3184/3184/3184 1321/1321/1321 3196/3196/3196
f 3199/3199/3199 1321/1321/1321 3205/3205/3205
f 3200/3200/3200 3204/3204/3204 3209/3209/3209
f 3211/3211/3211 3208/3208/3208 1306/1306/1306
f 3095/3095/3095 3230/3230/3230 3332/3332/3332
f 3329/3329/3329 3227/3227/3227 3215/3215/3215
f 3331/3331/3331 3216/3216/3216 3344/3344/3344
f 3341/3341/3341 3217/3217/3217 3221/3221/3221
f 3342/3342/3342 3225/3225/3225 653/653/653
f 3099/3099/3099 3101/3101/3101 3229/3229/3229
f 3228/3228/3228 3102/3102/3102 3234/3234/3234
f 3228/3228/3228 3233/3233/3233 3220/3220/3220
f 3218/3218/3218 3236/3236/3236 548/548/548
f 3219/3219/3219 550/550/550 3224/3224/3224
f 50/50/50 3117/3117/3117 57/57/57
f 56/56/56 3117/3117/3117 3242/3242/3242
f 59/59/59 3241/3241/3241 3/3/3
f 1/1/1 3240/3240/3240 3243/3243/3243
f 2/2/2 3248/3248/3248 5/5/5
f 8/8/8 3244/3244/3244 3249/3249/3249
f 3118/3118/3118 3261/3261/3261 3238/3238/3238
f 3239/3239/3239 3265/3265/3265 3254/3254/3254
f 3237/3237/3237 3255/3255/3255 3245/3245/3245
f 3247/3247/3247 3257/3257/3257 3282/3282/3282
f 3246/3246/3246 3281/3281/3281 3251/3251/3251
f 3252/3252/3252 3280/3280/3280 3125/3125/3125
f 3264/3264/3264 3266/3266/3266 3259/3259/3259
f 3258/3258/3258 3268/3268/3268 3274/3274/3274
f 3256/3256/3256 3273/3273/3273 3277/3277/3277
f 3279/3279/3279 3272/3272/3272 3283/3283/3283
f 3278/3278/3278 3285/3285/3285 3126/3126/3126
f 3129/3129/3129 3284/3284/3284 713/713/713
f 3291/3291/3291 704/704/704 3377/3377/3377
f 3291/3291/3291 3374/3374/3374 3173/3173/3173
f 3171/3171/3171 3372/3372/3372 3363/3363/3363
f 3171/3171/3171 3362/3362/3362 3146/3146/3146
f 3148/3148/3148 3365/3365/3365 3295/3295/3295
f 3148/3148/3148 3294/3294/3294 3303/3303/3303
f 3308/3308/3308 566/566/566 3312/3312/3312
f 3308/3308/3308 3311/3311/3311 3383/3383/3383
f 3387/3387/3387 3314/3314/3314 3318/3318/3318
f 3387/3387/3387 3317/3317/3317 3324/3324/3324
f 3323/3323/3323 3319/3319/3319 529/529/529
f 3327/3327/3327 531/531/531 3298/3298/3298
f 3402/3402/3402 3094/3094/3094 3333/3333/3333
f 3402/3402/3402 3330/3330/3330 3336/3336/3336
f 3337/3337/3337 3328/3328/3328 3340/3340/3340
f 3337/3337/3337 3343/3343/3343 3421/3421/3421
f 3422/3422/3422 3339/3339/3339 655/655/655
f 3422/3422/3422 652/652/652 3434/3434/3434
f 3269/3269/3269 3400/3400/3400 3350/3350/3350
f 3269/3269/3269 3346/3346/3346 3276/3276/3276
f 3275/3275/3275 3349/3349/3349 3352/3352/3352
f 3275/3275/3275 3356/3356/3356 3287/3287/3287
f 3286/3286/3286 3351/3351/3351 710/710/710
f 3286/3286/3286 708/708/708 716/716/716
f 3296/3296/3296 3360/3360/3360 3322/3322/3322
f 3368/3368/3368 3359/3359/3359 3292/3292/3292
f 3366/3366/3366 3369/3369/3369 3297/3297/3297
f 3364/3364/3364 3373/3373/3373 3371/3371/3371
f 3370/3370/3370 3375/3375/3375 3393/3393/3393
f 3367/3367/3367 3390/3390/3390 3361/3361/3361
f 3358/3358/3358 3391/3391/3391 3382/3382/3382
f 3357/3357/3357 3381/3381/3381 3326/3326/3326
f 3325/3325/3325 3381/3381/3381 3386/3386/3386
f 3376/3376/3376 702/702/702 3388/3388/3388
f 3389/3389/3389 701/701/701 3463/3463/3463
f 3392/3392/3392 3461/3461/3461 3380/3380/3380
f 3379/3379/3379 3460/3460/3460 3397/3397/3397
f 3378/3378/3378 3394/3394/3394 3385/3385/3385
f 3384/3384/3384 3398/3398/3398 3309/3309/3309
f 3399/3399/3399 3338/3338/3338 3348/3348/3348
f 3347/3347/3347 3335/3335/3335 3404/3404/3404
f 3345/3345/3345 3405/3405/3405 3355/3355/3355
f 3354/3354/3354 3403/3403/3403 3412/3412/3412
f 3353/3353/3353 3411/3411/3411 706/706/706
f 707/707/707 3410/3410/3410 3456/3456/3456
f 3334/3334/3334 3423/3423/3423 3406/3406/3406
f 3408/3408/3408 3425/3425/3425 3429/3429/3429
f 3407/3407/3407 3428/3428/3428 3409/3409/3409
f 3414/3414/3414 3426/3426/3426 3436/3436/3436
f 3413/3413/3413 3441/3441/3441 3453/3453/3453
f 3454/3454/3454 3438/3438/3438 3419/3419/3419
f 3424/3424/3424 3433/3433/3433 3431/3431/3431
f 3427/3427/3427 3433/3433/3433 642/642/642
f 3430/3430/3430 641/641/641 3437/3437/3437
f 3439/3439/3439 643/643/643 3445/3445/3445
f 3440/3440/3440 3447/3447/3447 3416/3416/3416
f 3415/3415/3415 3444/3444/3444 3448/3448/3448
f 700/700/700 709/709/709 3457/3457/3457
f 700/700/700 3458/3458/3458 3459/3459/3459
f 3462/3462/3462 3455/3455/3455 3417/3417/3417
f 3462/3462/3462 3418/3418/3418 3396/3396/3396
f 3395/3395/3395 3420/3420/3420 3451/3451/3451
f 3395/3395/3395 3449/3449/3449 3307/3307/3307
f 3640/3640/3640 3503/3503/3503 3510/3510/3510
f 3637/3637/3637 3505/3505/3505 3469/3469/3469
f 3468/3468/3468 3506/3506/3506 3471/3471/3471
f 3466/3466/3466 3474/3474/3474 3480/3480/3480
f 3479/3479/3479 3473/3473/3473 3481/3481/3481
f 3476/3476/3476 3483/3483/3483 3488/3488/3488
f 3486/3486/3486 3482/3482/3482 3498/3498/3498
f 3486/3486/3486 3497/3497/3497 3537/3537/3537
f 3472/3472/3472 3491/3491/3491 3485/3485/3485
f 3484/3484/3484 3493/3493/3493 2291/2291/2291
f 3484/3484/3484 2294/2294/2294 3499/3499/3499
f 3502/3502/3502 3563/3563/3563 3507/3507/3507
f 3508/3508/3508 3560/3560/3560 3511/3511/3511
f 3509/3509/3509 3515/3515/3515 3470/3470/3470
f 3475/3475/3475 3515/3515/3515 3596/3596/3596
f 3472/3472/3472 3594/3594/3594 3495/3495/3495
f 3517/3517/3517 3635/3635/3635 3523/3523/3523
f 3524/3524/3524 3636/3636/3636 3464/3464/3464
f 3521/3521/3521 3465/3465/3465 3528/3528/3528
f 3467/3467/3467 3478/3478/3478 3528/3528/3528
f 3527/3527/3527 3477/3477/3477 3489/3489/3489
f 3527/3527/3527 3487/3487/3487 3532/3532/3532
f 3531/3531/3531 3490/3490/3490 3536/3536/3536
f 3531/3531/3531 3535/3535/3535 3616/3616/3616
f 3573/3573/3573 3504/3504/3504 3641/3641/3641
f 3639/3639/3639 3540/3540/3540 3571/3571/3571
f 3572/3572/3572 3543/3543/3543 3627/3627/3627
f 3572/3572/3572 3625/3625/3625 3544/3544/3544
f 3547/3547/3547 3629/3629/3629 3552/3552/3552
f 3545/3545/3545 3549/3549/3549 3557/3557/3557
f 3554/3554/3554 3550/3550/3550 3634/3634/3634
f 3554/3554/3554 3630/3630/3630 46/46/46
f 3561/3561/3561 3501/3501/3501 3569/3569/3569
f 3570/3570/3570 3501/3501/3501 3576/3576/3576
f 3568/3568/3568 3575/3575/3575 3579/3579/3579
f 3574/3574/3574 3548/3548/3548 3579/3579/3579
f 3581/3581/3581 3546/3546/3546 3556/3556/3556
f 3581/3581/3581 3555/3555/3555 3585/3585/3585
f 3582/3582/3582 3558/3558/3558 45/45/45
f 3582/3582/3582 49/49/49 3663/3663/3663
f 3588/3588/3588 2289/2289/2289 3494/3494/3494
f 3588/3588/3588 3496/3496/3496 3592/3592/3592
f 3591/3591/3591 3492/3492/3492 3595/3595/3595
f 3591/3591/3591 3598/3598/3598 3603/3603/3603
f 3599/3599/3599 3597/3597/3597 3512/3512/3512
f 3602/3602/3602 3513/3513/3513 3608/3608/3608
f 3605/3605/3605 3514/3514/3514 3562/3562/3562
f 3605/3605/3605 3564/3564/3564 3722/3722/3722
f 3687/3687/3687 3518/3518/3518 3612/3612/3612
f 3609/3609/3609 3518/3518/3518 3525/3525/3525
f 3610/3610/3610 3520/3520/3520 3694/3694/3694
f 3522/3522/3522 3526/3526/3526 3691/3691/3691
f 3690/3690/3690 3529/3529/3529 3530/3530/3530
f 3690/3690/3690 3534/3534/3534 3696/3696/3696
f 3695/3695/3695 3533/3533/3533 3617/3617/3617
f 3695/3695/3695 3618/3618/3618 3623/3623/3623
f 3628/3628/3628 3707/3707/3707 3553/3553/3553
f 3551/3551/3551 3709/3709/3709 35/35/35
f 3551/3551/3551 34/34/34 3631/3631/3631
f 3638/3638/3638 3516/3516/3516 3541/3541/3541
f 3539/3539/3539 3516/3516/3516 3714/3714/3714
f 3542/3542/3542 3711/3711/3711 3626/3626/3626
f 3624/3624/3624 3711/3711/3711 3643/3643/3643
f 3628/3628/3628 3647/3647/3647 3708/3708/3708
f 3721/3721/3721 3559/3559/3559 3567/3567/3567
f 3720/3720/3720 3566/3566/3566 3653/3653/3653
f 3649/3649/3649 3565/3565/3565 3580/3580/3580
f 3651/3651/3651 3578/3578/3578 3725/3725/3725
f 3729/3729/3729 3577/3577/3577 3586/3586/3586
f 3727/3727/3727 3583/3583/3583 3654/3654/3654
f 3657/3657/3657 3584/3584/3584 3661/3661/3661
f 3657/3657/3657 3659/3659/3659 10/10/10
f 3724/3724/3724 3718/3718/3718 3736/3736/3736
f 3724/3724/3724 3738/3738/3738 3604/3604/3604
f 3606/3606/3606 3739/3739/3739 3665/3665/3665
f 3607/3607/3607 3666/3666/3666 3600/3600/3600
f 3601/3601/3601 3668/3668/3668 3671/3671/3671
f 3601/3601/3601 3674/3674/3674 3593/3593/3593
f 3590/3590/3590 3673/3673/3673 3751/3751/3751
f 3590/3590/3590 3752/3752/3752 3587/3587/3587
f 3675/3675/3675 3688/3688/3688 3681/3681/3681
f 3680/3680/3680 3688/3688/3688 3613/3613/3613
f 3683/3683/3683 3611/3611/3611 3744/3744/3744
f 3614/3614/3614 3692/3692/3692 3744/3744/3744
f 3743/3743/3743 3693/3693/3693 3697/3697/3697
f 3743/3743/3743 3698/3698/3698 3702/3702/3702
f 3704/3704/3704 3699/3699/3699 3622/3622/3622
f 3704/3704/3704 3621/3621/3621 3745/3745/3745
f 3645/3645/3645 3782/3782/3782 3706/3706/3706
f 3705/3705/3705 3781/3781/3781 15/15/15
f 3705/3705/3705 16/16/16 38/38/38
f 3519/3519/3519 3689/3689/3689 3713/3713/3713
f 3710/3710/3710 3686/3686/3686 3762/3762/3762
f 3712/3712/3712 3759/3759/3759 3646/3646/3646
f 3642/3642/3642 3759/3759/3759 3765/3765/3765
f 3644/3644/3644 3766/3766/3766 3779/3779/3779
f 3715/3715/3715 3723/3723/3723 3789/3789/3789
f 3784/3784/3784 3723/3723/3723 3650/3650/3650
f 3788/3788/3788 3648/3648/3648 3798/3798/3798
f 3652/3652/3652 3726/3726/3726 3798/3798/3798
f 3799/3799/3799 3728/3728/3728 3656/3656/3656
f 3799/3799/3799 3658/3658/3658 3803/3803/3803
f 3804/3804/3804 3655/3655/3655 14/14/14
f 3804/3804/3804 11/11/11 3733/3733/3733
f 3719/3719/3719 3676/3676/3676 3685/3685/3685
f 3719/3719/3719 3684/3684/3684 3737/3737/3737
f 3735/3735/3735 3682/3682/3682 3742/3742/3742
f 3735/3735/3735 3741/3741/3741 3669/3669/3669
f 3664/3664/3664 3740/3740/3740 3700/3700/3700
f 3667/3667/3667 3703/3703/3703 3672/3672/3672
f 3670/3670/3670 3701/3701/3701 3747/3747/3747
f 3670/3670/3670 3748/3748/3748 3750/3750/3750
f 3763/3763/3763 3688/3688/3688 3677/3677/3677
f 3679/3679/3679 3756/3756/3756 3761/3761/3761
f 3760/3760/3760 3758/3758/3758 3790/3790/3790
f 3760/3760/3760 3795/3795/3795 3767/3767/3767
f 3764/3764/3764 3792/3792/3792 3771/3771/3771
f 3764/3764/3764 3770/3770/3770 3780/3780/3780
f 3783/3783/3783 3768/3768/3768 3776/3776/3776
f 3783/3783/3783 3774/3774/3774 17/17/17
f 3678/3678/3678 3717/3717/3717 3755/3755/3755
f 3754/3754/3754 3716/3716/3716 3786/3786/3786
f 3757/3757/3757 3787/3787/3787 3793/3793/3793
f 3785/3785/3785 3796/3796/3796 3791/3791/3791
f 3794/3794/3794 3797/3797/3797 3802/3802/3802
f 3794/3794/3794 3801/3801/3801 3772/3772/3772
f 3769/3769/3769 3800/3800/3800 3730/3730/3730
f 3769/3769/3769 3734/3734/3734 3777/3777/3777

