mtllib material.mtl
usemtl material_0
v 0.13393800 0.05319900 0.02649500
v 0.13393800 0.05319900 -0.02014500
v 0.13393800 -0.03729000 -0.02332500
v 0.13393800 0.05177300 -0.02261500
v 0.13393800 -0.03729000 -0.00432500
v 0.12270700 0.07455000 -0.05066600
v 0.12270700 0.07429500 -0.04927600
v 0.12270700 -0.07429500 -0.04927600
v 0.14287500 0.06537700 -0.01653600
v 0.14287500 0.06887300 -0.01604800
v 0.14287500 0.07004100 -0.02009300
v 0.14287500 0.06343400 -0.03803400
v 0.14287500 0.06343400 -0.03803400
v 0.14287500 0.04889500 -0.02590800
v 0.14287500 0.06669400 -0.03625300
v 0.14287500 0.06669400 -0.03625300
v 0.14287500 0.06669400 -0.03625300
v 0.14287500 0.07011000 -0.03200500
v 0.14287500 0.07429500 -0.03613200
v 0.14287500 0.07429500 -0.03613200
v 0.14287500 0.06930600 -0.02406900
v 0.14287500 0.06629000 -0.02306500
v 0.14287500 0.06845000 -0.02256200
v 0.14287500 0.06631500 -0.02128200
v 0.14287500 0.06868100 -0.02111000
v 0.14287500 0.04259500 -0.03976700
v 0.14287500 0.06175500 -0.04100400
v 0.14287500 0.04280300 -0.03538400
v 0.13651200 0.07429500 -0.03613200
v 0.13651200 0.06634600 -0.03629000
v 0.13651200 0.06634600 -0.03629000
v 0.13651200 0.06634600 -0.03629000
v 0.13651200 0.06348300 -0.03808300
v 0.13651200 0.06853700 -0.04031800
v 0.13651200 0.06982600 -0.04082600
v 0.13651200 0.06666400 -0.04078000
v -0.14208800 -0.00217700 0.00831300
v -0.14208800 -0.00603600 0.00487300
v -0.14208800 -0.00711100 0.00375900
v -0.14208800 -0.00139400 0.00914400
v -0.14208800 -0.00139400 0.00914400
v -0.14208800 -0.00139400 0.00914400
v -0.14208800 -0.00139400 0.00914400
v -0.14208800 0.01236700 -0.01008100
v -0.14208800 0.01236700 -0.01008100
v -0.14208800 0.01252000 -0.00988100
v -0.14208800 0.01252000 -0.00988100
v -0.14208800 0.01216700 -0.01023400
v -0.14208800 0.01216700 -0.01023400
v -0.14208800 0.01216700 -0.01023400
v -0.14208800 0.01193400 -0.01033000
v -0.14208800 0.01193400 -0.01033000
v -0.14208800 0.01261600 -0.00964800
v -0.14208800 0.01261600 -0.00964800
v -0.14208800 0.01264900 -0.00939800
v -0.14208800 0.01264900 -0.00939800
v -0.14208800 0.01168400 -0.01036300
v -0.14208800 0.01168400 -0.01036300
v -0.14208800 0.01143400 -0.01033000
v -0.14208800 0.01261600 -0.00914800
v -0.14208800 0.01261600 -0.00914800
v -0.14208800 0.01252000 -0.00891500
v -0.14208800 0.01252000 -0.00891500
v -0.14208800 0.00225900 -0.00996100
v -0.14208800 0.00225900 -0.00996100
v -0.14208800 0.00225900 -0.00996100
v -0.14208800 -0.00696700 -0.00997500
v -0.14208800 -0.00239500 -0.00997500
v -0.14208800 -0.00239500 -0.00997500
v -0.14208800 -0.00239500 -0.00997500
v -0.14208800 0.00745500 -0.00970200
v -0.14208800 0.00745500 -0.00970200
v -0.14208800 0.00745500 -0.00970200
v -0.14208800 0.00767400 -0.00892500
v -0.14208800 -0.01084800 -0.00988100
v -0.14208800 0.00674900 -0.00997500
v -0.14208800 -0.00609400 0.00882800
v -0.14208800 -0.00609400 0.00882800
v -0.14208800 -0.00596600 -0.00457200
v -0.14208800 -0.00596600 -0.00457200
v -0.14208800 -0.00596600 -0.00457200
v -0.14208800 -0.00674900 0.00831300
v -0.14208800 0.00296500 0.00048100
v -0.14208800 0.00258700 0.00375000
v -0.14208800 0.00258700 0.00375000
v -0.14208800 0.00258700 0.00375000
v -0.14208800 -0.00156600 -0.00045500
v -0.14208800 -0.00156600 -0.00045500
v -0.14208800 -0.00156600 -0.00045500
v -0.14208800 0.00167800 -0.00060800
v -0.14208800 0.00762200 0.00882800
v -0.14208800 0.00762200 0.00882800
v -0.14208800 0.00762200 0.00882800
v -0.14208800 -0.00623200 0.00972200
v -0.14208800 0.00295100 -0.00965400
v -0.14208800 0.00295100 -0.00965400
v -0.14208800 0.00295100 -0.00965400
v -0.14208800 0.00775000 -0.00457200
v -0.14208800 0.00775000 -0.00457200
v -0.14208800 0.00775000 -0.00457200
v -0.14208800 -0.00225200 0.00999500
v -0.14208800 -0.00671800 -0.00539300
v -0.14208800 -0.00671800 -0.00539300
v -0.14208800 0.00685800 0.00828500
v -0.14208800 0.00685800 -0.00543100
v -0.14208800 0.00685800 -0.00543100
v -0.14208800 -0.01100200 0.00871600
v -0.14208800 0.00310800 0.00457200
v -0.14208800 0.00652000 0.00538800
v -0.14208800 -0.01120100 0.00856200
v -0.14208800 -0.00231300 -0.00081700
v -0.14208800 -0.00231300 -0.00081700
v -0.14208800 -0.01084800 0.00891500
v -0.14208800 0.00301800 -0.00872200
v -0.14208800 -0.01143400 0.00846600
v -0.14208800 -0.01075200 0.00914800
v -0.14208800 -0.01168400 -0.01036300
v -0.14208800 -0.01168400 0.00843300
v -0.14208800 -0.01168400 0.00843300
v -0.14208800 -0.01071900 0.00939800
v -0.14208800 -0.01193400 0.00846600
v -0.14208800 -0.01193400 0.00846600
v -0.14208800 0.00748400 0.00972200
v -0.14208800 -0.00156500 0.00038500
v -0.14208800 -0.01237000 0.01168400
v -0.14208800 -0.00765200 -0.00494000
v -0.14208800 -0.00765200 -0.00494000
v -0.14208800 0.00160700 0.00409100
v -0.14208800 0.00300600 -0.00502700
v -0.14208800 0.00300600 -0.00502700
v -0.14208800 0.00300600 -0.00502700
v -0.14208800 0.00757800 -0.00045500
v -0.14208800 0.00757800 -0.00045500
v -0.14208800 0.00757800 -0.00045500
v -0.14208800 0.00689200 -0.00372100
v -0.14208800 -0.00146400 -0.00944500
v -0.14208800 -0.00146400 -0.00944500
v -0.14208800 -0.00146400 -0.00944500
v -0.14208800 0.00160700 -0.00962500
v -0.14208800 0.00671800 -0.00082100
v -0.14208800 0.00671800 -0.00082100
v -0.14208800 0.00228600 -0.00538500
v -0.14208800 -0.01252000 -0.00988100
v -0.14208800 0.00300700 -0.00418700
v -0.14208800 -0.00145600 0.00435000
v -0.14208800 -0.00145600 0.00435000
v -0.14208800 -0.00145600 0.00435000
v -0.14208800 -0.00643600 -0.00073200
v -0.14208800 -0.00643600 -0.00073200
v -0.14208800 -0.00643600 -0.00073200
v -0.14208800 -0.00682400 -0.00372100
v -0.14208800 0.00305000 0.00882800
v -0.14208800 0.00305000 0.00882800
v -0.14208800 0.00305000 0.00882800
v -0.14208800 -0.00220900 0.00374300
v -0.14208800 -0.00220900 0.00374300
v -0.14208800 0.00228600 0.00828500
v -0.14208800 0.01236700 0.00871600
v -0.14208800 0.01236700 0.00871600
v -0.14208800 0.01216700 0.00856200
v -0.14208800 0.01216700 0.00856200
v -0.14208800 0.00757900 0.00038500
v -0.14208800 0.01252000 0.00891500
v -0.14208800 0.01252000 0.00891500
v -0.14208800 0.01261600 0.00914800
v -0.14208800 0.01261600 0.00914800
v -0.14208800 -0.00156600 -0.00502700
v -0.14208800 -0.00156600 -0.00502700
v -0.14208800 -0.00156600 -0.00502700
v -0.14208800 0.00291700 -0.00063100
v -0.14208800 0.00291700 -0.00063100
v -0.14208800 0.00291700 -0.00063100
v -0.14208800 0.00291700 -0.00063100
v -0.14208800 -0.00603600 0.00000000
v -0.14208800 0.00741600 0.00397500
v -0.14208800 0.00741600 0.00397500
v -0.14208800 0.00741600 0.00397500
v -0.14208800 0.00291200 0.00972200
v -0.14208800 0.00291200 0.00972200
v -0.14208800 -0.00299000 -0.00955100
v -0.14208800 -0.00626100 -0.00970200
v -0.14208800 -0.00626100 -0.00970200
v -0.14208800 -0.00626100 -0.00970200
v -0.14208800 0.00768000 0.00487300
v -0.14208800 0.00768000 0.00487300
v -0.14208800 0.00768000 0.00487300
v -0.14208800 -0.00726900 -0.00071100
v -0.14208800 0.00671800 0.00375100
v -0.14208800 -0.00171100 0.00514700
v -0.14208800 -0.00228600 -0.00538500
v -0.14208800 -0.00308700 0.00424000
v -0.14208800 -0.00605700 -0.00881200
v -0.14208800 0.01264900 0.00939800
v -0.14208800 0.01261600 0.00964800
v -0.14208800 -0.00156500 -0.00418700
v -0.14208800 0.01252000 0.00988100
v -0.14208800 0.01252000 0.00988100
v -0.14208800 -0.00630000 0.00397500
v -0.14208800 -0.00630000 0.00397500
v -0.14208800 -0.00630000 0.00397500
v -0.14366200 -0.01291200 0.01161900
v -0.14366200 -0.01291200 0.01161900
v -0.14366200 0.01388900 0.01073900
v -0.14366200 0.01288000 0.01163500
v -0.14366200 0.00667100 0.00374100
v -0.14366200 0.00667100 0.00374100
v -0.14366200 0.00667100 0.00374100
v -0.14366200 -0.00675000 -0.00082000
v -0.14366200 -0.00675000 -0.00082000
v -0.14366200 -0.00675000 -0.00082000
v -0.14366200 -0.00717400 -0.00380800
v -0.14366200 -0.00156600 0.00502700
v -0.14366200 -0.00156600 0.00502700
v -0.14366200 -0.00156600 0.00502700
v -0.14366200 0.00145500 0.00446300
v -0.14366200 -0.00239500 -0.00831300
v -0.14366200 0.00286400 0.00977000
v -0.14366200 0.00286400 0.00977000
v -0.14366200 0.00286400 0.00977000
v -0.14366200 0.00286400 0.00977000
v -0.14366200 0.00286400 0.00977000
v -0.14366200 0.00604500 0.00939700
v -0.14366200 -0.00177600 -0.00390700
v -0.14366000 0.01362900 -0.01052100
v -0.14366000 0.01362900 -0.01052100
v -0.14366000 0.01362900 -0.01052100
v -0.14366200 -0.00642800 -0.00840000
v -0.14366200 -0.00305000 -0.00882800
v -0.14366300 0.00914400 0.00660400
v -0.14366300 0.00914400 0.00660400
v -0.14366300 0.00914400 0.00660400
v -0.14366300 0.00914400 0.00660400
v -0.14366300 0.00914400 0.00660400
v -0.14366300 0.00914400 0.00660400
v -0.14366300 0.00914400 0.00660400
v -0.14366300 0.00914400 0.00660400
v -0.14365900 0.01056100 0.00745400
v -0.14365900 0.01056100 0.00745400
v -0.14365900 0.01056100 0.00745400
v -0.14365900 0.01056100 0.00745400
v -0.14365900 0.01056100 0.00745400
v -0.14365900 0.01056100 0.00745400
v -0.14366300 0.01295400 0.00660400
v -0.14366300 0.01295400 0.00660400
v -0.14366300 0.01295400 0.00660400
v -0.14366300 0.01295400 0.00660400
v -0.14366300 0.01295400 0.00660400
v -0.14366200 -0.00288300 0.00397500
v -0.14366200 -0.00288300 0.00397500
v -0.14366200 0.00239900 0.00828500
v -0.14366200 0.00239900 0.00828500
v -0.14366200 0.00239900 0.00828500
v -0.14366200 0.00764000 0.00481000
v -0.14366200 0.00764000 0.00481000
v -0.14366200 0.00764000 0.00481000
v -0.14366200 0.00753700 0.00409100
v -0.14366200 0.00753700 0.00409100
v -0.14366200 0.00753700 0.00409100
v -0.14366200 0.00753700 0.00409100
v -0.14366200 0.00753700 0.00409100
v -0.14366200 0.00753700 0.00409100
v -0.14366200 -0.00598200 -0.00011500
v -0.14366200 -0.00598200 -0.00011500
v -0.14366200 -0.00598200 -0.00011500
v -0.14366200 -0.00313700 -0.00003400
v -0.14366200 0.00186400 -0.00073200
v -0.14366200 0.00186400 -0.00073200
v -0.14366200 0.00186400 -0.00073200
v -0.14366200 0.00146400 -0.00427100
v -0.14366100 0.01168400 -0.01160700
v -0.14366100 0.01168400 -0.01160700
v -0.14366100 0.01168400 -0.01160700
v -0.14366100 0.01168400 -0.01160700
v -0.14366100 0.01168400 -0.01160700
v -0.14366100 0.01168400 -0.01160700
v -0.14366300 -0.01295400 -0.00660400
v -0.14366300 -0.01295400 -0.00660400
v -0.14366300 -0.01295400 -0.00660400
v -0.14366300 -0.01295400 -0.00660400
v -0.14366300 -0.01295400 -0.00660400
v -0.14366200 -0.01373200 -0.00872400
v -0.14366200 -0.01373200 -0.00872400
v -0.14366200 -0.01373200 -0.00872400
v -0.14366200 -0.01373200 -0.00872400
v -0.14366200 -0.01373200 -0.00872400
v -0.14366100 -0.01278800 -0.00748500
v -0.14366100 -0.01278800 -0.00748500
v -0.14366100 -0.01278800 -0.00748500
v -0.14366100 -0.01278800 -0.00748500
v -0.14366100 -0.01278800 -0.00748500
v -0.14366100 -0.01278800 -0.00748500
v -0.14366200 0.00704500 0.00540300
v -0.14366200 0.00704500 0.00540300
v -0.14366200 0.00704500 0.00540300
v -0.14366200 0.00704500 0.00540300
v -0.14366300 -0.00914400 -0.00660400
v -0.14366300 -0.00914400 -0.00660400
v -0.14366300 -0.00914400 -0.00660400
v -0.14366300 -0.00914400 -0.00660400
v -0.14366300 -0.00914400 -0.00660400
v -0.14366300 -0.00914400 -0.00660400
v -0.14366300 -0.00914400 -0.00660400
v -0.14366300 -0.00914400 -0.00660400
v -0.14366300 -0.00914400 -0.00660400
v -0.14366100 0.01278800 0.01131100
v -0.14366100 0.01278800 0.01131100
v -0.14366100 0.01278800 0.01131100
v -0.14366100 0.01278800 0.01131100
v -0.14366200 0.00171100 0.00514700
v -0.14366200 -0.00757800 -0.00045500
v -0.14366200 -0.00757800 -0.00045500
v -0.14366200 -0.00757800 -0.00045500
v -0.14366200 -0.00757800 -0.00045500
v -0.14366200 -0.00667100 0.00083100
v -0.14366200 0.00153000 0.00879600
v -0.14366200 0.00675000 0.00996400
v -0.14366200 0.00675000 0.00996400
v -0.14366200 0.00675000 0.00996400
v -0.14366200 -0.00765200 -0.00435900
v -0.14366200 -0.00765200 -0.00435900
v -0.14366200 -0.00765200 -0.00435900
v -0.14366300 0.01295400 -0.00660400
v -0.14366300 0.01295400 -0.00660400
v -0.14366300 0.01295400 -0.00660400
v -0.14366300 0.01295400 -0.00660400
v -0.14366300 0.01295400 -0.00660400
v -0.14366300 0.01295400 -0.00660400
v -0.14365900 0.01347300 -0.00802500
v -0.14365900 0.01347300 -0.00802500
v -0.14365900 0.01347300 -0.00802500
v -0.14365900 0.01347300 -0.00802500
v -0.14365900 0.01347300 -0.00802500
v -0.14366200 0.01151600 -0.00721900
v -0.14366200 0.01151600 -0.00721900
v -0.14366200 0.01151600 -0.00721900
v -0.14366200 0.01151600 -0.00721900
v -0.14366200 0.01151600 -0.00721900
v -0.14366200 0.01151600 -0.00721900
v -0.14366200 0.00697100 -0.01000300
v -0.14366200 0.00697100 -0.01000300
v -0.14366200 0.00697100 -0.01000300
v -0.14366200 0.00697100 -0.01000300
v -0.14366200 0.00697100 -0.01000300
v -0.14366100 0.00993800 -0.01073800
v -0.14366100 0.00993800 -0.01073800
v -0.14366100 0.00993800 -0.01073800
v -0.14366100 0.00993800 -0.01073800
v -0.14366100 0.00993800 -0.01073800
v -0.14366100 0.00993800 -0.01073800
v -0.14366100 0.00993800 -0.01073800
v -0.14366200 0.00767900 -0.00928400
v -0.14366200 0.00767900 -0.00928400
v -0.14366200 0.00767900 -0.00928400
v -0.14366200 0.00767900 -0.00928400
v -0.14366200 0.00767900 -0.00928400
v -0.14366200 0.00953000 -0.00911400
v -0.14366200 0.00953000 -0.00911400
v -0.14366200 0.00953000 -0.00911400
v -0.14366200 0.00953000 -0.00911400
v -0.14366200 0.00953000 -0.00911400
v -0.14366200 -0.00191800 0.00835000
v -0.14366200 -0.00191800 0.00835000
v -0.14366200 -0.00191800 0.00835000
v -0.14366200 -0.00614700 0.00416100
v -0.14366200 -0.00614700 0.00416100
v -0.14366200 -0.00614700 0.00416100
v -0.14366200 -0.01015200 -0.01093000
v -0.14366200 -0.01015200 -0.01093000
v -0.14366200 -0.01015200 -0.01093000
v -0.14366200 -0.01015200 -0.01093000
v -0.14366200 -0.01015200 -0.01093000
v -0.14366200 -0.01015200 -0.01093000
v -0.14366200 -0.00697100 -0.01000300
v -0.14366200 -0.00697100 -0.01000300
v -0.14366200 -0.00697100 -0.01000300
v -0.14366200 -0.00697100 -0.01000300
v -0.14366200 -0.00697100 -0.01000300
v -0.14366200 -0.00697100 -0.01000300
v -0.14366200 0.00743900 -0.00856300
v -0.14366200 0.00743900 -0.00856300
v -0.14366200 0.00743900 -0.00856300
v -0.14366200 0.00743900 -0.00856300
v -0.14366200 0.01015200 -0.00786600
v -0.14366200 0.01015200 -0.00786600
v -0.14366200 0.01015200 -0.00786600
v -0.14366200 0.01015200 -0.00786600
v -0.14366200 0.01015200 -0.00786600
v -0.14366200 0.01015200 -0.00786600
v -0.14366300 0.00914400 -0.00660400
v -0.14366300 0.00914400 -0.00660400
v -0.14366300 0.00914400 -0.00660400
v -0.14366300 0.00914400 -0.00660400
v -0.14366300 0.00914400 -0.00660400
v -0.14366300 0.00914400 -0.00660400
v -0.14366300 0.00914400 -0.00660400
v -0.14366200 -0.00697100 0.00371300
v -0.14366200 -0.00697100 0.00371300
v -0.14366200 -0.00697100 0.00371300
v -0.14366200 -0.00146500 0.00928400
v -0.14366200 -0.00146500 0.00928400
v -0.14366200 -0.00146500 0.00928400
v -0.14366200 0.00641200 -0.00837200
v -0.14366200 0.00641200 -0.00837200
v -0.14366200 0.00641200 -0.00837200
v -0.14366100 -0.00947500 -0.00939800
v -0.14366100 -0.00947500 -0.00939800
v -0.14366100 -0.00947500 -0.00939800
v -0.14366100 -0.00947500 -0.00939800
v -0.14366100 -0.00947500 -0.00939800
v -0.14366100 -0.00947500 -0.00939800
v -0.14366100 -0.00947500 -0.00939800
v -0.14366200 -0.01124400 -0.01150900
v -0.14366200 -0.01124400 -0.01150900
v -0.14366200 -0.01124400 -0.01150900
v -0.14366200 -0.01124400 -0.01150900
v -0.14366200 -0.01124400 -0.01150900
v -0.14366200 -0.00250500 0.00538800
v -0.14366200 -0.00765200 -0.00935700
v -0.14366200 -0.00765200 -0.00935700
v -0.14366200 0.00286400 -0.00977000
v -0.14366200 0.00286400 -0.00977000
v -0.14366200 0.00286400 -0.00977000
v -0.14366200 0.00286400 -0.00977000
v -0.14366200 0.00286400 -0.00977000
v -0.14366200 0.00286400 -0.00977000
v -0.14366200 0.00286400 -0.00977000
v -0.14366200 0.00608300 -0.00946500
v -0.14366200 -0.00610200 0.00492000
v -0.14366200 -0.00308000 0.00478500
v -0.14366200 0.01124400 0.01150900
v -0.14366200 0.01124400 0.01150900
v -0.14366200 0.01124400 0.01150900
v -0.14366200 0.01124400 0.01150900
v -0.14366200 0.01124400 0.01150900
v -0.14366200 0.00748400 -0.00515000
v -0.14366200 0.00748400 -0.00515000
v -0.14366200 0.00748400 -0.00515000
v -0.14366200 0.00748400 -0.00515000
v -0.14366200 0.00748400 -0.00515000
v -0.14366200 0.00172500 0.00981600
v -0.14366200 0.00172500 0.00981600
v -0.14366200 0.00172500 0.00981600
v -0.14366200 0.00172500 0.00981600
v -0.14366200 -0.00753700 0.00048100
v -0.14366200 -0.00753700 0.00048100
v -0.14366200 -0.00286700 0.00856300
v -0.14366200 0.00635500 -0.00528800
v -0.14366200 0.00635500 -0.00528800
v -0.14366200 0.00303000 -0.00871400
v -0.14366200 0.00303000 -0.00871400
v -0.14366200 0.00303000 -0.00871400
v -0.14366200 -0.00745500 -0.00854700
v -0.14366200 -0.00745500 -0.00854700
v -0.14366200 -0.00745500 -0.00854700
v -0.14366200 -0.00745500 -0.00854700
v -0.14366200 -0.00745500 -0.00854700
v -0.14366200 -0.00220800 0.01001600
v -0.14366200 -0.00220800 0.01001600
v -0.14366200 -0.00220800 0.01001600
v -0.14366200 -0.00220800 0.01001600
v -0.14366200 -0.00220800 0.01001600
v -0.14366200 -0.00220800 0.01001600
v -0.14366100 -0.01278800 -0.01131100
v -0.14366100 -0.01278800 -0.01131100
v -0.14366100 -0.01278800 -0.01131100
v -0.14366200 -0.00663600 -0.00540200
v -0.14366200 -0.00663600 -0.00540200
v -0.14366200 -0.00663600 -0.00540200
v -0.14366200 -0.00663600 -0.00540200
v -0.14366200 -0.00663600 -0.00540200
v -0.14366200 -0.00663600 -0.00540200
v -0.14366200 -0.00663600 -0.00540200
v -0.14366200 0.00316200 0.00445700
v -0.14366200 0.00316200 0.00445700
v -0.14366200 0.00316200 0.00445700
v -0.14366200 0.00236300 0.00082900
v -0.14366200 0.00602700 0.00446300
v -0.14366200 -0.00177600 -0.00066500
v -0.14366200 -0.00177600 -0.00066500
v -0.14366200 -0.00177600 -0.00066500
v -0.14366200 -0.00177600 -0.00066500
v -0.14366200 -0.00641200 0.00837200
v -0.14366200 -0.00641200 0.00837200
v -0.14366200 -0.00641200 0.00837200
v -0.14366200 -0.00641200 0.00837200
v -0.14366200 0.00730400 0.00837200
v -0.14366200 0.00730400 0.00837200
v -0.14366200 0.00730400 0.00837200
v -0.14366200 0.00730400 0.00837200
v -0.14366200 0.00730400 0.00837200
v -0.14366200 0.00730400 0.00837200
v -0.14366200 0.00730400 0.00837200
v -0.14366100 0.00947500 0.00939800
v -0.14366100 0.00947500 0.00939800
v -0.14366100 0.00947500 0.00939800
v -0.14366100 0.00947500 0.00939800
v -0.14366100 0.00947500 0.00939800
v -0.14366100 0.00947500 0.00939800
v -0.14366200 -0.00603800 -0.00468000
v -0.14366200 -0.00603800 -0.00468000
v -0.14366200 -0.00314500 -0.00457200
v -0.14366200 -0.00697100 0.00543100
v -0.14366200 -0.00697100 0.00543100
v -0.14366200 -0.00697100 0.00543100
v -0.14366200 -0.00310200 0.00936300
v -0.14366200 0.00217300 0.00371300
v -0.14366200 0.00217300 0.00371300
v -0.14366200 0.00217300 0.00371300
v -0.14366200 -0.00608300 0.00946500
v -0.14366200 -0.00608300 0.00946500
v -0.14366200 0.00250800 -0.00540200
v -0.14366200 0.00250800 -0.00540200
v -0.14366200 0.00250800 -0.00540200
v -0.14366300 -0.00914400 0.00660400
v -0.14366300 -0.00914400 0.00660400
v -0.14366300 -0.00914400 0.00660400
v -0.14366300 -0.00914400 0.00660400
v -0.14366300 -0.00914400 0.00660400
v -0.14366300 -0.00914400 0.00660400
v -0.14366300 -0.00914400 0.00660400
v -0.14366300 -0.00914400 0.00660400
v -0.14366200 -0.00771700 0.00457200
v -0.14366200 -0.00771700 0.00457200
v -0.14366200 -0.00771700 0.00457200
v -0.14366200 -0.00206700 -0.00996000
v -0.14366200 -0.00206700 -0.00996000
v -0.14366200 -0.00206700 -0.00996000
v -0.14366200 -0.00206700 -0.00996000
v -0.14366200 -0.00206700 -0.00996000
v -0.14366200 -0.00206700 -0.00996000
v -0.14366200 -0.00206700 -0.00996000
v -0.14366200 0.00197000 -0.00990800
v -0.14366200 0.00197000 -0.00990800
v -0.14366200 0.00197000 -0.00990800
v -0.14366200 0.00197000 -0.00990800
v -0.14366200 0.00197000 -0.00990800
v -0.14366200 0.00197000 -0.00990800
v -0.14366200 0.00757800 -0.00411700
v -0.14366200 0.00757800 -0.00411700
v -0.14366200 0.00757800 -0.00411700
v -0.14366200 0.00757800 -0.00411700
v -0.14366200 0.00757800 -0.00411700
v -0.14366200 0.00726900 -0.00071100
v -0.14366200 0.00726900 -0.00071100
v -0.14366200 0.00726900 -0.00071100
v -0.14366200 0.00726900 -0.00071100
v -0.14366200 -0.00743900 0.00856300
v -0.14366200 -0.00743900 0.00856300
v -0.14366200 -0.00743900 0.00856300
v -0.14366200 -0.00743900 0.00856300
v -0.14366200 -0.00146500 -0.00928400
v -0.14366200 -0.00146500 -0.00928400
v -0.14366200 -0.00146500 -0.00928400
v -0.14366200 0.00146500 -0.00928400
v -0.14366200 0.00314800 -0.00442200
v -0.14366200 0.00314800 -0.00442200
v -0.14366200 0.00314800 -0.00442200
v -0.14366200 -0.00147300 0.00025300
v -0.14366200 -0.00147300 0.00025300
v -0.14366200 -0.00147300 0.00025300
v -0.14366200 0.00146400 0.00030100
v -0.14366200 -0.00685800 0.00998900
v -0.14366200 -0.00685800 0.00998900
v -0.14366200 -0.00685800 0.00998900
v -0.14366200 0.00760200 0.00957400
v -0.14366200 0.00760200 0.00957400
v -0.14366200 0.00760200 0.00957400
v -0.14366200 0.00760200 0.00957400
v -0.14366200 0.00760200 0.00957400
v -0.14366200 0.00191800 -0.00835000
v -0.14366200 0.00663900 -0.00375600
v -0.14366200 -0.01015200 0.00786600
v -0.14366200 -0.01015200 0.00786600
v -0.14366200 -0.01015200 0.00786600
v -0.14366200 -0.01015200 0.00786600
v -0.14366200 -0.01015200 0.00786600
v -0.14366200 -0.01015200 0.00786600
v -0.14366200 0.00606400 -0.00435900
v -0.14366200 -0.00260200 -0.00076400
v -0.14366200 -0.00260200 -0.00076400
v -0.14366200 -0.00260200 -0.00380800
v -0.14365900 -0.01056100 -0.00745400
v -0.14365900 -0.01056100 -0.00745400
v -0.14365900 -0.01056100 -0.00745400
v -0.14365900 -0.01056100 -0.00745400
v -0.14365900 -0.01056100 -0.00745400
v -0.14365900 -0.01056100 -0.00745400
v -0.14366200 -0.00953000 0.00911400
v -0.14366200 -0.00953000 0.00911400
v -0.14366200 -0.00953000 0.00911400
v -0.14366200 -0.00953000 0.00911400
v -0.14366200 -0.00953000 0.00911400
v -0.14366200 0.00633000 -0.00068800
v -0.14366200 0.00633000 -0.00068800
v -0.14366200 -0.01151600 0.00721900
v -0.14366200 -0.01151600 0.00721900
v -0.14366200 -0.01151600 0.00721900
v -0.14366200 -0.01151600 0.00721900
v -0.14366200 -0.01151600 0.00721900
v -0.14366200 -0.01151600 0.00721900
v -0.14366200 -0.00767100 0.00939700
v -0.14366200 -0.00767100 0.00939700
v -0.14366200 0.00171100 -0.00514700
v -0.14366200 0.00628300 0.00514700
v -0.14366200 -0.00168900 -0.00858600
v -0.14366200 -0.00168900 -0.00858600
v -0.14366200 -0.00634800 -0.00390700
v -0.14366200 -0.00634800 -0.00390700
v -0.14366300 -0.01295400 0.00660400
v -0.14366300 -0.01295400 0.00660400
v -0.14366300 -0.01295400 0.00660400
v -0.14366300 -0.01295400 0.00660400
v -0.14366300 -0.01295400 0.00660400
v -0.14366300 -0.01295400 0.00660400
v -0.14366100 -0.00993800 0.01073800
v -0.14366100 -0.00993800 0.01073800
v -0.14366100 -0.00993800 0.01073800
v -0.14366100 -0.00993800 0.01073800
v -0.14366100 -0.00993800 0.01073800
v -0.14366100 -0.00993800 0.01073800
v -0.14366200 0.00627700 0.00856300
v -0.14365900 -0.01347300 0.00802500
v -0.14365900 -0.01347300 0.00802500
v -0.14365900 -0.01347300 0.00802500
v -0.14365900 -0.01347300 0.00802500
v -0.14365900 -0.01347300 0.00802500
v -0.14366200 0.00247300 0.00540300
v -0.14366200 0.01015200 0.01093000
v -0.14366200 0.01015200 0.01093000
v -0.14366200 0.01015200 0.01093000
v -0.14366200 0.01015200 0.01093000
v -0.14366200 0.01015200 0.01093000
v -0.14366200 0.01015200 0.01093000
v -0.14366200 0.01015200 0.01093000
v -0.14366200 -0.00751400 -0.00507500
v -0.14366200 -0.00751400 -0.00507500
v -0.14366200 -0.00751400 -0.00507500
v -0.14366100 -0.01168400 0.01160700
v -0.14366100 -0.01168400 0.01160700
v -0.14366100 -0.01168400 0.01160700
v -0.14366100 -0.01168400 0.01160700
v -0.14366100 -0.01168400 0.01160700
v -0.14366100 -0.01168400 0.01160700
v -0.14366100 -0.01168400 0.01160700
v -0.14366000 -0.01362900 0.01052100
v -0.14366000 -0.01362900 0.01052100
v -0.14366000 -0.01362900 0.01052100
v -0.14366000 -0.01362900 0.01052100
v -0.14366100 0.01278800 0.00748500
v -0.14366100 0.01278800 0.00748500
v -0.14366100 0.01278800 0.00748500
v -0.14366100 0.01278800 0.00748500
v -0.14366100 0.01278800 0.00748500
v -0.14366100 0.01278800 0.00748500
v -0.14366200 0.01373200 0.00872400
v -0.14366200 0.01373200 0.00872400
v -0.14366200 0.01373200 0.00872400
v -0.14366200 0.01373200 0.00872400
v -0.14366200 0.01373200 0.00872400
v -0.14366200 -0.01377700 -0.00995900
v -0.14366200 -0.01377700 -0.00995900
v -0.14366200 -0.01377700 -0.00995900
v -0.14366200 0.00770900 0.00003400
v -0.14366200 0.00770900 0.00003400
v -0.14366200 0.00770900 0.00003400
v -0.14366200 0.00770900 0.00003400
v -0.14366200 0.00770900 0.00003400
v -0.14366200 0.00770900 0.00003400
v -0.14366200 0.01377700 0.00995900
v -0.14366200 0.01377700 0.00995900
v -0.14366200 0.01377700 0.00995900
v -0.14366200 0.01377700 0.00995900
v -0.14366200 0.00693600 0.00087200
v -0.14366200 0.00269700 -0.00071100
v -0.14366200 0.00269700 -0.00071100
v -0.14366200 0.00269700 -0.00071100
v -0.14366200 -0.00228600 -0.00546400
v -0.14366200 -0.00228600 -0.00546400
v -0.14366200 -0.00228600 -0.00546400
v -0.14366200 0.00314800 0.00015000
v -0.14366200 0.00314800 0.00015000
v -0.14366200 0.00314800 0.00015000
v -0.14366200 0.00236300 -0.00374300
v -0.14366200 -0.00146500 -0.00471200
v -0.14366200 -0.00146500 -0.00471200
v -0.14366200 -0.00146500 -0.00471200
v -0.14366200 -0.00604500 -0.00939700
v -0.14366200 -0.00604500 -0.00939700
v -0.14366200 -0.00604500 -0.00939700
v -0.14366200 -0.00295100 -0.00965400
v -0.14366200 -0.00295100 -0.00965400
v -0.14366200 -0.00295100 -0.00965400
v -0.14366200 0.00607700 0.00028900
v -0.14366200 -0.00174800 0.00387100
v -0.14366200 -0.00174800 0.00387100
v -0.14366200 -0.00174800 0.00387100
v -0.14366200 -0.00243600 0.00086200
v -0.14366200 0.00308000 0.00893100
v -0.14366200 0.00308000 0.00893100
v -0.14366200 0.00308000 0.00893100
v -0.14366200 0.00308000 0.00893100
v -0.14231200 0.01068700 0.00950700
v -0.14231200 0.01068700 0.00950700
v -0.14231200 0.01068700 0.00950700
v -0.14231600 0.01264100 0.00916200
v -0.14231600 0.01264100 0.00916200
v -0.14231600 0.01264100 0.00916200
v -0.14231600 0.01264100 0.00916200
v -0.14231600 0.01219400 0.00855500
v -0.14231600 0.01219400 0.00855500
v -0.14230600 0.01119300 0.00849900
v -0.14230600 0.01119300 0.00849900
v -0.14230600 0.01119300 0.00849900
v -0.14230600 0.01119300 0.00849900
v -0.14230500 0.01247400 0.01000400
v -0.14230500 0.01247400 0.01000400
v -0.14230500 0.01247400 0.01000400
v -0.14231600 0.01141700 0.01039600
v -0.14231600 0.01141700 0.01039600
v -0.14231600 0.01141700 0.01039600
v -0.14231600 0.01141700 0.01039600
v -0.14231600 -0.01266900 0.00937800
v -0.14231600 -0.01266900 0.00937800
v -0.14231600 -0.01266900 0.00937800
v -0.14230600 -0.01068900 0.00915700
v -0.14230600 -0.01068900 0.00915700
v -0.14230600 -0.01068900 0.00915700
v -0.14230600 -0.01068900 0.00915700
v -0.14231600 -0.01141000 0.00845100
v -0.14231600 -0.01141000 0.00845100
v -0.14231600 -0.01141000 0.00845100
v -0.14231200 -0.01227600 0.00858900
v -0.14231200 -0.01227600 0.00858900
v -0.14231200 -0.01227600 0.00858900
v -0.14231200 -0.01231200 0.01018000
v -0.14231200 -0.01231200 0.01018000
v -0.14231200 -0.01231200 0.01018000
v -0.14230600 -0.01119300 0.01029700
v -0.14230600 -0.01119300 0.01029700
v -0.14230600 -0.01119300 0.01029700
v -0.14231600 0.01266900 -0.00937800
v -0.14231600 0.01266900 -0.00937800
v -0.14231600 0.01266900 -0.00937800
v -0.14230600 0.01068900 -0.00915700
v -0.14230600 0.01068900 -0.00915700
v -0.14230600 0.01068900 -0.00915700
v -0.14230600 0.01068900 -0.00915700
v -0.14231600 0.01141000 -0.00845100
v -0.14231600 0.01141000 -0.00845100
v -0.14231600 0.01141000 -0.00845100
v -0.14231200 0.01227600 -0.00858900
v -0.14231200 0.01227600 -0.00858900
v -0.14231200 0.01227600 -0.00858900
v -0.14231200 0.01231200 -0.01018000
v -0.14231200 0.01231200 -0.01018000
v -0.14231200 0.01231200 -0.01018000
v -0.14230600 0.01119300 -0.01029700
v -0.14230600 0.01119300 -0.01029700
v -0.14230600 0.01119300 -0.01029700
v -0.14231200 -0.01068700 -0.00950700
v -0.14231200 -0.01068700 -0.00950700
v -0.14231200 -0.01068700 -0.00950700
v -0.14231600 -0.01264100 -0.00916200
v -0.14231600 -0.01264100 -0.00916200
v -0.14231600 -0.01264100 -0.00916200
v -0.14231600 -0.01264100 -0.00916200
v -0.14231600 -0.01219400 -0.00855500
v -0.14231600 -0.01219400 -0.00855500
v -0.14230600 -0.01119300 -0.00849900
v -0.14230600 -0.01119300 -0.00849900
v -0.14230600 -0.01119300 -0.00849900
v -0.14230600 -0.01119300 -0.00849900
v -0.14230500 -0.01247400 -0.01000400
v -0.14230500 -0.01247400 -0.01000400
v -0.14230500 -0.01247400 -0.01000400
v -0.14231600 -0.01141700 -0.01039600
v -0.14231600 -0.01141700 -0.01039600
v -0.14231600 -0.01141700 -0.01039600
v -0.14231600 -0.01141700 -0.01039600
v 0.12866000 0.02895300 -0.03859400
v 0.12866000 0.03361500 -0.03411300
v 0.12866000 0.03185600 -0.03570600
v 0.12866000 0.03136500 -0.03520400
v 0.12866000 0.03136500 -0.03520400
v 0.12866000 0.03183100 -0.03277000
v 0.12866000 0.03429200 -0.03856800
v 0.12866000 0.03455200 -0.03614400
v 0.12866000 0.02847100 -0.03810200
v 0.12866000 0.03294900 -0.04035200
v 0.12866000 0.02804300 -0.03296000
v 0.12503400 0.03181800 -0.03569000
v 0.12504300 0.03136500 -0.03523900
v 0.12504300 0.03136500 -0.03523900
v 0.12504200 0.02851200 -0.03810100
v 0.12504200 0.02851200 -0.03810100
v -0.13891300 -0.01069900 -0.00943100
v -0.13891300 0.01218000 0.01025600
v -0.13891300 0.01272400 0.00921700
v -0.13891300 0.01272400 0.00921700
v -0.13891300 0.01272400 0.00921700
v -0.13891300 0.01272400 0.00921700
v -0.13891300 0.01272400 0.00921700
v -0.13891300 0.01272400 0.00921700
v -0.13891300 0.01272400 0.00921700
v -0.13891300 -0.01110300 -0.01021700
v -0.13891300 -0.01110300 -0.01021700
v -0.13891300 -0.01272400 -0.00921700
v -0.13891300 -0.01210300 -0.01031100
v -0.13891300 -0.01210300 -0.01031100
v -0.13891300 0.01164300 0.00837100
v -0.13891300 0.01186500 -0.00835800
v -0.13891300 0.01272400 -0.00957900
v -0.13891300 0.01272400 -0.00957900
v -0.13891300 0.01272400 -0.00957900
v -0.13891300 0.01272400 -0.00957900
v -0.13891300 0.01272400 -0.00957900
v -0.13891300 0.01272400 -0.00957900
v -0.13891300 0.01272400 -0.00957900
v -0.13891300 0.01272400 -0.00957900
v -0.13891300 0.01190700 -0.01035800
v -0.13891300 0.01190700 -0.01035800
v -0.13891300 0.01190700 -0.01035800
v -0.13891300 0.01190700 -0.01035800
v -0.13891300 -0.01080100 0.00990800
v -0.13891300 -0.01103500 0.00855200
v -0.13891300 -0.01103500 0.00855200
v -0.13891300 -0.01103500 0.00855200
v -0.13891300 -0.01103500 0.00855200
v -0.13891300 -0.01103500 0.00855200
v -0.13891300 -0.01103500 0.00855200
v -0.13891300 -0.01243900 0.00870100
v -0.05021400 0.03988200 -0.04953000
v -0.05101700 0.03794400 -0.04953000
v -0.05359600 0.03566800 -0.04953000
v 0.00885800 0.04818300 -0.04953000
v 0.01046400 -0.04657700 -0.04953000
v -0.04790800 0.04830300 -0.04953000
v -0.05381300 -0.03465800 -0.04953000
v 0.01057100 0.04622400 -0.04953000
v -0.04824600 0.04825600 -0.04127500
v 0.04968200 0.04838700 -0.03889400
v 0.04968200 0.04838700 -0.03889400
v -0.06128100 0.04832200 -0.04127500
v 0.07072900 0.04832100 -0.04953000
v 0.07072900 0.04832100 -0.04953000
v 0.04175800 0.04838700 -0.03889400
v 0.04175800 0.04838700 -0.03889400
v 0.04175800 0.04838700 -0.03889400
v 0.04175800 0.04838700 -0.03889400
v 0.01435500 0.04829000 -0.04953000
v 0.01435500 0.04829000 -0.04953000
v 0.07082400 0.04830900 -0.04127500
v 0.10540200 0.04835100 -0.03889400
v 0.10540200 0.04835100 -0.03889400
v 0.03944900 0.04968200 -0.03889400
v -0.10988400 0.04822700 -0.03889400
v -0.10988400 0.04822700 -0.03889400
v 0.10210600 0.07162300 -0.02857500
v 0.10210600 0.07162300 -0.02857500
v 0.10094700 0.07313200 -0.02857500
v 0.10094700 0.07313200 -0.02857500
v 0.10094700 0.07313200 -0.02857500
v 0.09951700 0.07371300 -0.02857500
v 0.09951700 0.07371300 -0.02857500
v 0.09048800 0.07372400 -0.02857500
v 0.12065000 0.01708100 -0.04953000
v 0.12065000 0.04324400 -0.04953000
v 0.10795000 0.04324400 -0.04953000
v 0.10795000 0.04324400 -0.04953000
v 0.10777700 0.04658500 -0.04953000
v 0.11303000 0.01708100 -0.04953000
v 0.08102200 0.03786900 -0.04953000
v 0.07575800 0.03645600 -0.04476700
v 0.07482000 0.03702900 -0.04127500
v 0.07482000 0.03702900 -0.04127500
v 0.07387700 0.03794400 -0.04953000
v 0.07387700 0.03794400 -0.04953000
v 0.07320300 0.03914400 -0.04127500
v 0.07320300 0.03914400 -0.04127500
v 0.07320300 0.03914400 -0.04127500
v 0.07307400 0.03988200 -0.04953000
v 0.07307400 0.03988200 -0.04953000
v 0.07667300 0.03465800 -0.04953000
v 0.01239600 0.04657700 -0.04953000
v 0.07651200 -0.03545600 -0.04953000
v 0.00844200 0.04832200 -0.04476700
v 0.07286500 0.04651100 -0.04127500
v 0.07597700 0.03977800 -0.04127500
v 0.07599900 0.04142400 -0.04127500
v 0.10795000 0.04324400 -0.04206900
v 0.05195700 0.04969400 -0.03889400
v 0.11301600 0.06164000 -0.03889400
v 0.08958800 0.07374400 -0.04572000
v 0.09958100 0.07371000 -0.04953000
v 0.09958100 0.07371000 -0.04953000
v 0.09958100 0.07371000 -0.04953000
v 0.09573700 0.07372400 -0.03652600
v 0.09562900 0.07372400 -0.03329500
v 0.11299100 0.06201700 -0.04953000
v 0.10106700 0.07304000 -0.04953000
v 0.10106700 0.07304000 -0.04953000
v 0.10106700 0.07304000 -0.04953000
v 0.10215100 0.07146700 -0.04953000
v 0.11303000 0.05888100 -0.04388400
vn -1.00000000 -0.00000000 -0.00000000
vn -1.00000000 -0.00000000 -0.00000000
vn -1.00000000 -0.00000000 -0.00000000
vn -1.00000000 -0.00000000 -0.00000000
vn -1.00000000 -0.00000000 -0.00000000
vn -1.00000000 -0.00000000 -0.00000000
vn -1.00000000 -0.00000000 -0.00000000
vn -1.00000000 -0.00000000 -0.00000000
vn -1.00000000 -0.00000000 -0.00000000
vn -1.00000000 -0.00000000 -0.00000000
vn -1.00000000 -0.00000000 -0.00000000
vn 0.02110000 -0.47930000 0.87740000
vn -1.00000000 -0.00000000 -0.00000000
vn -1.00000000 -0.00000000 -0.00000000
vn 0.02110000 -0.47930000 0.87740000
vn -0.00500000 -0.01590000 0.99990000
vn -1.00000000 -0.00000000 -0.00000000
vn -1.00000000 -0.00000000 -0.00000000
vn -0.00500000 -0.01590000 0.99990000
vn -1.00000000 -0.00000000 -0.00000000
vn -1.00000000 -0.00000000 -0.00000000
vn -1.00000000 -0.00000000 -0.00000000
vn -1.00000000 -0.00000000 -0.00000000
vn -1.00000000 -0.00000000 -0.00000000
vn -1.00000000 -0.00000000 -0.00000000
vn -1.00000000 -0.00000000 -0.00000000
vn -1.00000000 -0.00000000 -0.00000000
vn -1.00000000 -0.00000000 -0.00000000
vn -1.00000000 -0.00000000 -0.00000000
vn -1.00000000 -0.00000000 -0.00000000
vn 0.02110000 -0.47930000 0.87740000
vn -0.00500000 -0.01590000 0.99990000
vn -1.00000000 -0.00000000 -0.00000000
vn -1.00000000 -0.00000000 -0.00000000
vn -1.00000000 -0.00000000 -0.00000000
vn -1.00000000 -0.00000000 -0.00000000
vn -0.10280000 -0.72430000 0.68180000
vn -0.06010000 -0.95780000 0.28120000
vn -0.05120000 -0.25750000 0.96490000
vn 0.07920000 -0.89710000 0.43470000
vn -0.02870000 -0.70420000 -0.70940000
vn -0.10280000 -0.72430000 0.68180000
vn -0.03150000 -0.70150000 -0.71200000
vn -0.00680000 -0.79330000 0.60880000
vn -0.05660000 -0.60780000 0.79210000
vn 0.02310000 -0.92360000 0.38260000
vn -0.00680000 -0.79330000 0.60880000
vn -0.05660000 -0.60780000 0.79210000
vn 0.00490000 -0.38270000 0.92390000
vn -0.02810000 -0.68980000 0.72340000
vn 0.00490000 -0.38270000 0.92390000
vn 0.00760000 -0.13050000 0.99140000
vn 0.02310000 -0.92360000 0.38260000
vn 0.03080000 -0.99100000 0.13050000
vn 0.01590000 -0.99130000 -0.13050000
vn 0.03080000 -0.99100000 0.13050000
vn 0.00760000 -0.13050000 0.99140000
vn -0.01070000 0.13050000 0.99140000
vn -0.01070000 0.13050000 0.99140000
vn 0.01590000 -0.99130000 -0.13050000
vn -0.02060000 -0.92370000 -0.38260000
vn -0.06750000 -0.81610000 -0.57390000
vn -0.02060000 -0.92370000 -0.38260000
vn -0.05420000 0.45680000 0.88790000
vn -0.04470000 -0.40400000 0.91370000
vn 0.06090000 -0.15210000 0.98650000
vn -0.01580000 -0.36070000 0.93250000
vn -0.03920000 0.58060000 0.81320000
vn 0.07700000 0.32590000 0.94230000
vn -0.09440000 -0.49270000 0.86510000
vn -0.06750000 -0.36000000 0.93050000
vn 0.08450000 -0.71050000 0.69860000
vn -0.06450000 -0.96040000 0.27120000
vn -0.06450000 -0.96040000 0.27120000
vn -0.02300000 -0.88900000 0.45730000
vn -0.06750000 -0.36000000 0.93050000
vn -0.10220000 -0.61500000 0.78190000
vn -0.06820000 -0.98600000 -0.15200000
vn -0.12810000 -0.69870000 -0.70390000
vn -0.04260000 -0.73660000 0.67500000
vn -0.00850000 -0.77050000 0.63740000
vn -0.10220000 -0.61500000 0.78190000
vn -0.12420000 -0.99130000 0.04330000
vn -0.10830000 0.32610000 0.93910000
vn -0.06830000 -0.84280000 0.53390000
vn 0.13760000 -0.59540000 0.79160000
vn 0.08440000 -0.94630000 0.31200000
vn -0.05870000 -0.99830000 0.00110000
vn -0.06190000 -0.43440000 0.89860000
vn -0.07640000 0.01850000 0.99690000
vn -0.05970000 -0.98660000 -0.15210000
vn -0.11820000 -0.57520000 0.80940000
vn 0.12530000 -0.96290000 0.23890000
vn -0.06820000 -0.98600000 -0.15200000
vn -0.04470000 -0.40400000 0.91370000
vn -0.00760000 -0.99740000 0.07120000
vn 0.04340000 -0.98690000 0.15570000
vn -0.12730000 -0.69870000 -0.70400000
vn 0.13370000 -0.98700000 0.08970000
vn -0.14550000 -0.68650000 0.71250000
vn -0.02870000 -0.70420000 -0.70940000
vn -0.04260000 -0.73660000 0.67500000
vn 0.01740000 0.43600000 0.89980000
vn -0.11820000 -0.57520000 0.80940000
vn 0.12820000 -0.12040000 0.98440000
vn -0.14550000 -0.68650000 0.71250000
vn 0.03440000 -0.60840000 0.79290000
vn -0.06830000 -0.84280000 0.53390000
vn -0.14250000 -0.40200000 -0.90450000
vn 0.03440000 -0.60840000 0.79290000
vn 0.05490000 -0.11850000 0.99140000
vn -0.06190000 -0.43440000 0.89860000
vn -0.01060000 -0.92380000 0.38260000
vn -0.00760000 -0.99740000 0.07120000
vn -0.01060000 -0.13050000 0.99140000
vn -0.01060000 -0.92380000 0.38260000
vn -0.02870000 -0.09270000 0.99530000
vn -0.06380000 0.13030000 0.98940000
vn -0.01060000 -0.13050000 0.99140000
vn -0.05280000 -0.98410000 0.16970000
vn -0.06380000 0.13030000 0.98940000
vn -0.05690000 0.10530000 0.99280000
vn -0.05970000 -0.98660000 -0.15210000
vn -0.05870000 -0.99830000 0.00110000
vn -0.04110000 -0.00060000 0.99920000
vn -0.04990000 0.34810000 0.93610000
vn 0.01740000 0.43600000 0.89980000
vn -0.10830000 0.32610000 0.93910000
vn -0.07230000 -0.44390000 0.89310000
vn 0.13340000 -0.83000000 0.54160000
vn -0.08940000 -0.99600000 0.00100000
vn -0.07270000 -0.38990000 0.91800000
vn -0.08270000 -0.99660000 0.00110000
vn 0.08610000 -0.85780000 0.50670000
vn -0.12730000 -0.69870000 -0.70400000
vn -0.03060000 -0.95180000 -0.30520000
vn -0.09440000 -0.49270000 0.86510000
vn 0.06830000 -0.74520000 0.66330000
vn -0.05420000 0.45680000 0.88790000
vn -0.07270000 -0.38990000 0.91800000
vn 0.07790000 0.02520000 0.99660000
vn -0.07230000 -0.44390000 0.89310000
vn -0.04720000 0.86870000 0.49300000
vn -0.08940000 -0.99600000 0.00100000
vn -0.11950000 -0.62280000 0.77320000
vn -0.06440000 -0.95050000 -0.30400000
vn 0.13470000 -0.97880000 0.15410000
vn 0.09340000 -0.67300000 0.73380000
vn -0.06540000 -0.87610000 0.47770000
vn -0.06070000 0.02430000 0.99790000
vn -0.12810000 -0.69870000 -0.70390000
vn 0.03490000 -0.68860000 0.72430000
vn -0.04160000 -0.57870000 0.81450000
vn -0.02860000 -0.98790000 -0.15230000
vn -0.11950000 -0.62280000 0.77320000
vn -0.08290000 0.49100000 0.86720000
vn -0.04160000 -0.57870000 0.81450000
vn -0.00680000 -0.79330000 0.60880000
vn -0.05660000 -0.60780000 0.79210000
vn -0.05420000 -0.61510000 0.78650000
vn -0.05660000 -0.60780000 0.79210000
vn -0.08270000 -0.99660000 0.00110000
vn 0.02310000 -0.92360000 0.38260000
vn -0.00680000 -0.79330000 0.60880000
vn 0.02310000 -0.92360000 0.38260000
vn 0.03080000 -0.99100000 0.13050000
vn -0.06350000 -0.99800000 0.00110000
vn -0.04470000 -0.44460000 0.89460000
vn 0.10390000 -0.67190000 0.73330000
vn -0.12420000 -0.99130000 0.04330000
vn 0.09940000 -0.88150000 0.46170000
vn -0.07640000 0.01850000 0.99690000
vn -0.04780000 -0.02430000 0.99860000
vn -0.06540000 -0.87610000 0.47770000
vn 0.03920000 -0.37410000 0.92660000
vn -0.05310000 -0.95820000 0.28130000
vn 0.00280000 -0.30530000 0.95220000
vn -0.02860000 -0.98790000 -0.15230000
vn 0.02210000 -0.96820000 -0.24920000
vn -0.03920000 0.58060000 0.81320000
vn 0.08630000 -0.54530000 0.83380000
vn -0.01580000 -0.36070000 0.93250000
vn -0.09040000 -0.97070000 0.22260000
vn -0.05310000 -0.95820000 0.28130000
vn 0.01940000 -0.98980000 0.14110000
vn -0.14250000 -0.40200000 -0.90450000
vn -0.06070000 0.02430000 0.99790000
vn 0.00280000 -0.30530000 0.95220000
vn -0.06440000 -0.95050000 -0.30400000
vn -0.04470000 -0.44460000 0.89460000
vn -0.08290000 0.49100000 0.86720000
vn -0.09040000 -0.97070000 0.22260000
vn 0.03080000 -0.99100000 0.13050000
vn -0.02060000 -0.92370000 -0.38260000
vn -0.06350000 -0.99800000 0.00110000
vn -0.04000000 -0.88510000 -0.46360000
vn -0.02060000 -0.92370000 -0.38260000
vn 0.05710000 -0.47710000 0.87700000
vn -0.06010000 -0.95780000 0.28120000
vn -0.05120000 -0.25750000 0.96490000
vn -1.00000000 0.00100000 -0.00330000
vn -0.04110000 -0.00060000 0.99920000
vn -1.00000000 -0.00130000 -0.00020000
vn -0.04110000 -0.00060000 0.99920000
vn -1.00000000 -0.00000000 -0.00000000
vn 0.00280000 -0.30530000 0.95220000
vn 0.03920000 -0.37410000 0.92660000
vn -1.00000000 -0.00000000 -0.00000000
vn 0.09340000 -0.67300000 0.73380000
vn -0.06070000 0.02430000 0.99790000
vn -1.00000000 -0.00000000 -0.00000000
vn -0.06440000 -0.95050000 -0.30400000
vn 0.13470000 -0.97880000 0.15410000
vn -1.00000000 -0.00000000 -0.00000000
vn -1.00000000 -0.00000000 -0.00000000
vn -1.00000000 -0.00000000 -0.00000000
vn 0.02210000 -0.96820000 -0.24920000
vn -1.00000000 -0.00000000 0.00010000
vn -1.00000000 -0.00000000 0.00040000
vn -1.00000000 0.00010000 -0.00060000
vn -1.00000000 -0.00000000 -0.00000000
vn -1.00000000 -0.00000000 -0.00000000
vn -1.00000000 -0.00000000 -0.00000000
vn -0.70580000 -0.64810000 0.28600000
vn -0.57200000 -0.39960000 0.71630000
vn -0.55080000 -0.83300000 -0.05160000
vn -1.00000000 -0.00000000 -0.00000000
vn -1.00000000 -0.00000000 -0.00000000
vn -1.00000000 -0.00000000 0.00460000
vn -1.00000000 -0.00040000 -0.00000000
vn -1.00000000 -0.00030000 -0.00000000
vn -1.00000000 0.00160000 0.00200000
vn -1.00000000 -0.00000000 -0.00000000
vn -1.00000000 -0.00020000 -0.00020000
vn -1.00000000 -0.00050000 0.00010000
vn -1.00000000 -0.00020000 -0.00000000
vn -1.00000000 0.00090000 -0.00050000
vn -1.00000000 -0.00070000 0.00250000
vn -1.00000000 0.00160000 0.00200000
vn -0.61720000 0.68710000 0.38330000
vn -1.00000000 -0.00000000 0.00460000
vn -0.60810000 -0.01170000 0.79380000
vn -1.00000000 -0.00000000 0.00460000
vn -1.00000000 -0.00410000 0.00190000
vn -1.00000000 0.00090000 -0.00000000
vn -1.00000000 -0.00070000 0.00250000
vn -1.00000000 -0.00000000 -0.00000000
vn -0.08290000 0.49100000 0.86720000
vn -1.00000000 -0.00000000 -0.00000000
vn -0.04160000 -0.57870000 0.81450000
vn 0.03490000 -0.68860000 0.72430000
vn -1.00000000 -0.00000000 -0.00000000
vn -1.00000000 -0.00050000 0.00010000
vn 0.01940000 -0.98980000 0.14110000
vn -1.00000000 -0.00020000 -0.00020000
vn -1.00000000 -0.00040000 -0.00000000
vn 0.03920000 -0.37410000 0.92660000
vn -1.00000000 -0.00050000 0.00010000
vn -0.05310000 -0.95820000 0.28130000
vn 0.01940000 -0.98980000 0.14110000
vn -1.00000000 -0.00000000 -0.00000000
vn -1.00000000 -0.00000000 -0.00000000
vn 0.09340000 -0.67300000 0.73380000
vn -0.06540000 -0.87610000 0.47770000
vn -1.00000000 -0.00000000 -0.00000000
vn -1.00000000 -0.00000000 -0.00000000
vn -0.04780000 -0.02430000 0.99860000
vn -0.07640000 0.01850000 0.99690000
vn -1.00000000 -0.00000000 -0.00000000
vn -0.57590000 0.36440000 0.73180000
vn -1.00000000 0.00010000 -0.00050000
vn -0.70750000 -0.07720000 0.70250000
vn -0.57200000 -0.39960000 0.71630000
vn -1.00000000 0.00010000 -0.00010000
vn -1.00000000 0.00010000 -0.00040000
vn -1.00000000 -0.00000000 -0.00460000
vn -1.00000000 0.00410000 -0.00190000
vn -1.00000000 -0.00000000 -0.00000000
vn -1.00000000 0.00070000 -0.00250000
vn -1.00000000 -0.00090000 -0.00000000
vn -1.00000000 -0.00090000 -0.00000000
vn -0.64410000 0.60890000 -0.46310000
vn -1.00000000 -0.00780000 0.00030000
vn -1.00000000 0.00410000 -0.00190000
vn -0.63480000 0.77220000 -0.02810000
vn -0.60810000 0.01170000 -0.79380000
vn -0.64410000 0.60890000 -0.46310000
vn -0.63740000 0.62050000 -0.45680000
vn -1.00000000 0.00070000 -0.00250000
vn -1.00000000 0.00410000 -0.00190000
vn -0.63460000 0.04840000 -0.77130000
vn -0.14250000 -0.40200000 -0.90450000
vn -1.00000000 -0.00020000 -0.00020000
vn -1.00000000 -0.00030000 -0.00000000
vn -1.00000000 -0.00000000 -0.00000000
vn -1.00000000 -0.00000000 -0.00000000
vn -1.00000000 -0.00170000 -0.00180000
vn -1.00000000 0.00010000 0.00030000
vn -1.00000000 0.00030000 -0.00010000
vn -1.00000000 0.00030000 -0.00000000
vn -1.00000000 0.00030000 0.00010000
vn -1.00000000 -0.00000000 -0.00460000
vn -1.00000000 0.00040000 -0.00000000
vn -1.00000000 0.00020000 -0.00000000
vn -0.60280000 -0.64440000 -0.47050000
vn -0.70190000 -0.24080000 -0.67040000
vn -0.62660000 -0.09850000 -0.77310000
vn -1.00000000 -0.00130000 -0.00020000
vn -1.00000000 -0.00000000 -0.00000000
vn -1.00000000 0.00030000 -0.00000000
vn -1.00000000 -0.00000000 -0.00000000
vn -1.00000000 0.00020000 -0.00000000
vn -1.00000000 0.00040000 -0.00000000
vn -1.00000000 -0.00000000 -0.00000000
vn -1.00000000 -0.00000000 -0.00000000
vn -1.00000000 -0.00000000 -0.00000000
vn -1.00000000 -0.00000000 0.00040000
vn -1.00000000 0.00010000 0.00010000
vn -1.00000000 0.00040000 -0.00000000
vn -1.00000000 0.00030000 0.00010000
vn -1.00000000 -0.00000000 -0.00000000
vn -1.00000000 -0.00020000 -0.00000000
vn -1.00000000 -0.00020000 -0.00250000
vn -1.00000000 0.00010000 -0.00310000
vn -1.00000000 -0.00000000 -0.00000000
vn -1.00000000 0.00090000 -0.00000000
vn -1.00000000 0.00780000 -0.00030000
vn -1.00000000 0.00010000 -0.00310000
vn -1.00000000 0.00780000 -0.00030000
vn -0.55080000 -0.83300000 -0.05160000
vn -0.70090000 -0.63970000 -0.31540000
vn -0.58710000 -0.30760000 -0.74880000
vn -0.58710000 -0.30760000 -0.74880000
vn -0.62160000 0.33590000 -0.70770000
vn -0.67590000 -0.11310000 -0.72830000
vn -1.00000000 -0.00020000 -0.00250000
vn -1.00000000 0.00040000 -0.00020000
vn -1.00000000 0.00010000 -0.00310000
vn -1.00000000 -0.00000000 -0.00000000
vn 0.08450000 -0.71050000 0.69860000
vn -0.06750000 -0.36000000 0.93050000
vn -1.00000000 -0.00010000 -0.00180000
vn -1.00000000 0.00030000 -0.00030000
vn -1.00000000 0.00030000 -0.00030000
vn -1.00000000 0.00020000 -0.00030000
vn -0.57590000 0.36440000 0.73180000
vn -0.69960000 0.65350000 0.28910000
vn -1.00000000 -0.00010000 -0.00180000
vn -1.00000000 0.00010000 -0.00010000
vn -0.63480000 0.74940000 0.18800000
vn -1.00000000 0.00020000 -0.00030000
vn -1.00000000 0.00020000 0.00010000
vn 0.08450000 -0.71050000 0.69860000
vn -0.06450000 -0.96040000 0.27120000
vn -1.00000000 0.00030000 -0.00030000
vn -1.00000000 0.00020000 -0.00010000
vn -1.00000000 0.00020000 0.00010000
vn -1.00000000 0.00020000 -0.00030000
vn -0.61460000 0.70610000 -0.35170000
vn -0.63480000 0.74940000 0.18800000
vn 0.07920000 -0.89710000 0.43470000
vn -1.00000000 -0.00000000 -0.00000000
vn -0.10280000 -0.72430000 0.68180000
vn -1.00000000 -0.00000000 -0.00000000
vn 0.05710000 -0.47710000 0.87700000
vn -0.06010000 -0.95780000 0.28120000
vn -1.00000000 -0.00010000 0.00050000
vn -0.61960000 -0.71780000 0.31760000
vn -1.00000000 -0.00030000 0.00080000
vn -0.62030000 -0.36720000 0.69310000
vn -1.00000000 -0.00000000 -0.00030000
vn -0.69900000 -0.55140000 0.45550000
vn -1.00000000 -0.00070000 -0.00070000
vn -1.00000000 -0.00000000 -0.00000000
vn -1.00000000 -0.00030000 0.00080000
vn -0.01580000 -0.36070000 0.93250000
vn 0.08630000 -0.54530000 0.83380000
vn -1.00000000 -0.00000000 -0.00030000
vn -1.00000000 0.00020000 -0.00040000
vn -1.00000000 -0.00000000 -0.00010000
vn -1.00000000 0.00020000 -0.00010000
vn -1.00000000 0.00020000 0.00010000
vn -1.00000000 0.00020000 -0.00010000
vn -0.69290000 0.49960000 -0.51990000
vn -0.61460000 0.70610000 -0.35170000
vn -0.62160000 0.33590000 -0.70770000
vn -1.00000000 0.00020000 -0.00040000
vn -1.00000000 0.00040000 -0.00020000
vn -1.00000000 -0.00010000 -0.00000000
vn -1.00000000 -0.00030000 -0.00000000
vn -1.00000000 0.00020000 -0.00040000
vn -1.00000000 -0.00020000 -0.00250000
vn -1.00000000 -0.00020000 -0.00000000
vn -1.00000000 -0.00000000 -0.00010000
vn -1.00000000 0.00040000 -0.00020000
vn -1.00000000 -0.00000000 -0.00000000
vn 0.05710000 -0.47710000 0.87700000
vn -0.05120000 -0.25750000 0.96490000
vn -0.03150000 -0.70150000 -0.71200000
vn 0.07920000 -0.89710000 0.43470000
vn -1.00000000 -0.00000000 -0.00000000
vn -1.00000000 -0.00000000 -0.00000000
vn -1.00000000 -0.00010000 -0.00000000
vn -1.00000000 -0.00000000 -0.00010000
vn -0.64350000 -0.68550000 -0.34070000
vn -0.61960000 -0.71780000 0.31760000
vn -0.61720000 -0.68710000 -0.38330000
vn -1.00000000 -0.00090000 0.00050000
vn -1.00000000 -0.00030000 0.00080000
vn -1.00000000 -0.00070000 0.00020000
vn -1.00000000 -0.00070000 -0.00070000
vn -1.00000000 0.00010000 -0.00050000
vn -1.00000000 -0.00010000 0.00050000
vn -0.62660000 0.09850000 0.77310000
vn -1.00000000 -0.00000000 -0.00010000
vn -0.62030000 -0.36720000 0.69310000
vn -1.00000000 -0.00000000 -0.00000000
vn -1.00000000 -0.00070000 -0.00070000
vn -1.00000000 -0.00070000 0.00020000
vn -1.00000000 -0.00000000 -0.00000000
vn 0.04340000 -0.98690000 0.15570000
vn -0.04470000 -0.40400000 0.91370000
vn -1.00000000 0.00010000 -0.00010000
vn 0.06090000 -0.15210000 0.98650000
vn -1.00000000 -0.00010000 -0.00180000
vn -1.00000000 0.00010000 -0.00040000
vn -1.00000000 -0.00000000 -0.00000000
vn -1.00000000 -0.00000000 -0.00000000
vn -1.00000000 -0.00000000 -0.00000000
vn -0.62030000 0.36720000 -0.69310000
vn -0.62660000 -0.09850000 -0.77310000
vn -1.00000000 0.00010000 -0.00060000
vn -1.00000000 -0.00000000 0.00030000
vn -1.00000000 -0.00000000 0.00010000
vn 0.13370000 -0.98700000 0.08970000
vn -1.00000000 -0.00010000 -0.00000000
vn -0.14550000 -0.68650000 0.71250000
vn -1.00000000 -0.00000000 -0.00000000
vn 0.12820000 -0.12040000 0.98440000
vn -1.00000000 -0.00000000 -0.00000000
vn -1.00000000 0.00010000 0.00110000
vn -1.00000000 -0.00000000 0.00030000
vn -1.00000000 -0.00000000 0.00010000
vn -1.00000000 0.00020000 -0.00000000
vn -1.00000000 -0.00000000 -0.00000000
vn -1.00000000 -0.00000000 -0.00000000
vn -1.00000000 -0.00000000 -0.00000000
vn 0.12820000 -0.12040000 0.98440000
vn -0.00760000 -0.99740000 0.07120000
vn 0.04340000 -0.98690000 0.15570000
vn -1.00000000 -0.00000000 -0.00000000
vn -1.00000000 0.00030000 -0.00010000
vn -1.00000000 -0.00000000 -0.00000000
vn -1.00000000 -0.00070000 0.00020000
vn -1.00000000 -0.00090000 0.00050000
vn -1.00000000 -0.00170000 -0.00180000
vn -1.00000000 -0.00000000 -0.00000000
vn -1.00000000 -0.00000000 0.00130000
vn -1.00000000 -0.00010000 -0.00000000
vn -1.00000000 0.00010000 0.00110000
vn -0.03150000 -0.70150000 -0.71200000
vn -0.02870000 -0.70420000 -0.70940000
vn -0.60280000 0.64440000 0.47050000
vn -0.70190000 0.24080000 0.67040000
vn -0.62660000 0.09850000 0.77310000
vn 0.01740000 0.43600000 0.89980000
vn -0.00850000 -0.77050000 0.63740000
vn -1.00000000 -0.00000000 -0.00000000
vn -0.04990000 0.34810000 0.93610000
vn -1.00000000 0.00030000 -0.00010000
vn -1.00000000 0.00010000 0.00030000
vn -0.04260000 -0.73660000 0.67500000
vn -1.00000000 -0.00000000 -0.00000000
vn -0.06830000 -0.84280000 0.53390000
vn 0.13760000 -0.59540000 0.79160000
vn -1.00000000 -0.00000000 -0.00000000
vn -1.00000000 -0.00000000 -0.00000000
vn 0.08440000 -0.94630000 0.31200000
vn 0.05490000 -0.11850000 0.99140000
vn -0.06190000 -0.43440000 0.89860000
vn -1.00000000 -0.00000000 -0.00000000
vn -1.00000000 -0.00000000 0.00010000
vn -1.00000000 0.00010000 -0.00000000
vn -0.10220000 -0.61500000 0.78190000
vn -1.00000000 -0.00000000 -0.00000000
vn -1.00000000 -0.00000000 -0.00000000
vn -1.00000000 0.00090000 -0.00050000
vn -1.00000000 0.00160000 0.00200000
vn 0.12530000 -0.96290000 0.23890000
vn -0.11820000 -0.57520000 0.80940000
vn -1.00000000 0.00070000 -0.00020000
vn -1.00000000 -0.00030000 -0.00000000
vn -1.00000000 0.00060000 -0.00090000
vn -0.61720000 0.68710000 0.38330000
vn -0.64350000 0.68550000 0.34070000
vn -1.00000000 0.00070000 -0.00020000
vn -0.61960000 0.71780000 -0.31760000
vn -1.00000000 0.00090000 -0.00050000
vn -0.00850000 -0.77050000 0.63740000
vn -1.00000000 -0.00000000 -0.00000000
vn -1.00000000 -0.00000000 -0.00000000
vn -1.00000000 0.00010000 -0.00000000
vn -1.00000000 -0.00000000 -0.00000000
vn -1.00000000 0.00010000 -0.00010000
vn -1.00000000 -0.00000000 -0.00000000
vn -1.00000000 -0.00000000 -0.00000000
vn -0.10830000 0.32610000 0.93910000
vn 0.13760000 -0.59540000 0.79160000
vn -0.06820000 -0.98600000 -0.15200000
vn -1.00000000 -0.00000000 -0.00000000
vn 0.13340000 -0.83000000 0.54160000
vn -1.00000000 -0.00000000 -0.00000000
vn -0.07230000 -0.44390000 0.89310000
vn -1.00000000 0.00020000 0.00250000
vn -1.00000000 0.00030000 -0.00000000
vn -1.00000000 -0.00040000 0.00020000
vn -1.00000000 -0.00020000 0.00040000
vn -1.00000000 0.00010000 -0.00000000
vn -1.00000000 0.00020000 -0.00000000
vn -1.00000000 0.00010000 -0.00010000
vn -1.00000000 -0.00000000 0.00010000
vn -1.00000000 -0.00000000 -0.00000000
vn -1.00000000 0.00020000 -0.00000000
vn -1.00000000 0.00010000 -0.00010000
vn 0.06830000 -0.74520000 0.66330000
vn -1.00000000 -0.00000000 -0.00010000
vn -0.09440000 -0.49270000 0.86510000
vn -1.00000000 -0.00010000 0.00050000
vn -1.00000000 -0.00000000 -0.00030000
vn -1.00000000 -0.00000000 -0.00000000
vn 0.07700000 0.32590000 0.94230000
vn -1.00000000 -0.00000000 -0.00010000
vn -1.00000000 0.00010000 -0.00050000
vn -0.05420000 0.45680000 0.88790000
vn -1.00000000 0.00010000 -0.00040000
vn -1.00000000 -0.00000000 -0.00000000
vn 0.06090000 -0.15210000 0.98650000
vn 0.13370000 -0.98700000 0.08970000
vn -1.00000000 -0.00000000 -0.00000000
vn -1.00000000 -0.00020000 -0.00000000
vn -1.00000000 -0.00010000 -0.00000000
vn -0.12730000 -0.69870000 -0.70400000
vn 0.08610000 -0.85780000 0.50670000
vn 0.07790000 0.02520000 0.99660000
vn -0.07270000 -0.38990000 0.91800000
vn -1.00000000 -0.00000000 -0.00000000
vn -1.00000000 -0.00020000 0.00040000
vn -1.00000000 -0.00020000 0.00010000
vn -1.00000000 -0.00000000 0.00010000
vn -1.00000000 -0.00020000 -0.00010000
vn 0.06830000 -0.74520000 0.66330000
vn -0.03060000 -0.95180000 -0.30520000
vn -1.00000000 -0.00000000 -0.00000000
vn -1.00000000 -0.00000000 -0.00000000
vn -0.08940000 -0.99600000 0.00100000
vn -1.00000000 -0.00000000 -0.00000000
vn 0.13340000 -0.83000000 0.54160000
vn -1.00000000 -0.00000000 -0.00000000
vn -0.05870000 -0.99830000 0.00110000
vn 0.08440000 -0.94630000 0.31200000
vn -1.00000000 -0.00000000 -0.00000000
vn -1.00000000 -0.00000000 0.00130000
vn -1.00000000 -0.00030000 0.00030000
vn -1.00000000 -0.00000000 -0.00000000
vn -1.00000000 0.00010000 0.00010000
vn -1.00000000 0.00060000 -0.00090000
vn -1.00000000 0.00070000 -0.00020000
vn 0.12530000 -0.96290000 0.23890000
vn -0.05970000 -0.98660000 -0.15210000
vn -1.00000000 -0.00000000 -0.00000000
vn -1.00000000 -0.00000000 -0.00000000
vn -0.61460000 -0.70610000 0.35170000
vn -0.69290000 -0.49960000 0.51990000
vn -0.62160000 -0.33590000 0.70770000
vn -1.00000000 -0.00020000 0.00010000
vn -1.00000000 -0.00040000 0.00020000
vn -1.00000000 -0.00020000 0.00040000
vn -1.00000000 -0.00000000 -0.00000000
vn 0.05490000 -0.11850000 0.99140000
vn -1.00000000 -0.00000000 -0.00000000
vn -1.00000000 -0.00000000 -0.00000000
vn -1.00000000 -0.00090000 0.00050000
vn -1.00000000 0.00070000 -0.00250000
vn -0.60810000 0.01170000 -0.79380000
vn -0.61720000 -0.68710000 -0.38330000
vn -1.00000000 -0.00000000 -0.00460000
vn -1.00000000 -0.00170000 -0.00180000
vn -1.00000000 -0.00030000 0.00030000
vn -0.63480000 -0.74940000 -0.18800000
vn -0.61460000 -0.70610000 0.35170000
vn -1.00000000 -0.00020000 -0.00010000
vn -1.00000000 -0.00020000 0.00010000
vn -1.00000000 -0.00000000 -0.00000000
vn 0.07790000 0.02520000 0.99660000
vn -0.67590000 0.11310000 0.72830000
vn -1.00000000 -0.00040000 0.00020000
vn -1.00000000 -0.00010000 0.00310000
vn -0.58710000 0.30760000 0.74880000
vn -0.62160000 -0.33590000 0.70770000
vn -1.00000000 0.00020000 0.00250000
vn -1.00000000 -0.00020000 -0.00010000
vn -1.00000000 -0.00030000 0.00030000
vn -1.00000000 -0.00000000 -0.00000000
vn -1.00000000 -0.00000000 -0.00000000
vn -1.00000000 -0.00000000 -0.00000000
vn -0.03060000 -0.95180000 -0.30520000
vn -0.12810000 -0.69870000 -0.70390000
vn -1.00000000 -0.00000000 -0.00000000
vn -1.00000000 -0.00000000 -0.00000000
vn -1.00000000 0.00020000 -0.00000000
vn -1.00000000 -0.00010000 0.00310000
vn -1.00000000 0.00020000 0.00250000
vn -1.00000000 -0.00090000 -0.00000000
vn -1.00000000 -0.00780000 0.00030000
vn -0.63480000 -0.74940000 -0.18800000
vn -0.69960000 -0.65350000 -0.28910000
vn -1.00000000 -0.00010000 -0.00000000
vn -1.00000000 -0.00030000 0.00030000
vn -1.00000000 -0.00000000 0.00130000
vn -0.57590000 -0.36440000 -0.73180000
vn -1.00000000 -0.00000000 -0.00000000
vn -0.70090000 0.63970000 0.31540000
vn -0.55080000 0.83300000 0.05160000
vn -1.00000000 -0.00010000 0.00310000
vn -1.00000000 -0.00780000 0.00030000
vn -0.58710000 0.30760000 0.74880000
vn -1.00000000 -0.00000000 -0.00000000
vn -0.69900000 0.55140000 -0.45550000
vn -1.00000000 -0.00000000 0.00040000
vn -0.61960000 0.71780000 -0.31760000
vn -1.00000000 0.00010000 -0.00060000
vn -1.00000000 0.00010000 0.00010000
vn -0.62030000 0.36720000 -0.69310000
vn -1.00000000 0.00060000 -0.00090000
vn -1.00000000 0.00030000 0.00010000
vn -0.04990000 0.34810000 0.93610000
vn -1.00000000 0.00010000 0.00030000
vn -1.00000000 -0.00000000 0.00030000
vn -1.00000000 -0.00010000 -0.00000000
vn -1.00000000 0.00010000 0.00110000
vn -0.57590000 -0.36440000 -0.73180000
vn -0.70750000 0.07720000 -0.70250000
vn -0.57190000 0.39970000 -0.71630000
vn -1.00000000 0.00100000 -0.00330000
vn -0.55080000 0.83300000 0.05160000
vn -0.57190000 0.39970000 -0.71630000
vn -0.70580000 0.64810000 -0.28600000
vn -1.00000000 0.00100000 -0.00330000
vn -1.00000000 -0.00070000 0.00250000
vn -0.60810000 -0.01170000 0.79380000
vn -0.63740000 -0.62050000 0.45680000
vn -1.00000000 -0.00410000 0.00190000
vn -0.63460000 -0.04840000 0.77130000
vn -0.64410000 -0.60890000 0.46310000
vn -1.00000000 0.00780000 -0.00030000
vn -1.00000000 -0.00410000 0.00190000
vn -1.00000000 0.00090000 -0.00000000
vn -0.64410000 -0.60890000 0.46310000
vn -0.63480000 -0.77220000 0.02810000
vn -0.68400000 0.71720000 0.13340000
vn -0.60280000 0.64440000 0.47050000
vn -0.63480000 0.77220000 -0.02810000
vn -1.00000000 -0.00030000 -0.00000000
vn -1.00000000 -0.00020000 -0.00000000
vn -1.00000000 -0.00040000 -0.00000000
vn 0.08610000 -0.85780000 0.50670000
vn -1.00000000 -0.00000000 -0.00000000
vn -0.08270000 -0.99660000 0.00110000
vn -0.68400000 -0.71720000 -0.13340000
vn -1.00000000 -0.00130000 -0.00020000
vn -0.63480000 -0.77220000 0.02810000
vn -0.60280000 -0.64440000 -0.47050000
vn -1.00000000 -0.00000000 -0.00000000
vn 0.09940000 -0.88150000 0.46170000
vn -0.04780000 -0.02430000 0.99860000
vn -1.00000000 -0.00000000 -0.00000000
vn -0.04470000 -0.44460000 0.89460000
vn 0.10390000 -0.67190000 0.73330000
vn -1.00000000 -0.00000000 -0.00000000
vn -0.12420000 -0.99130000 0.04330000
vn -1.00000000 -0.00000000 -0.00000000
vn 0.09940000 -0.88150000 0.46170000
vn -1.00000000 -0.00000000 -0.00000000
vn -0.06350000 -0.99800000 0.00110000
vn -1.00000000 -0.00000000 -0.00000000
vn 0.10390000 -0.67190000 0.73330000
vn -0.09040000 -0.97070000 0.22260000
vn -1.00000000 -0.00000000 -0.00000000
vn 0.08630000 -0.54530000 0.83380000
vn -1.00000000 -0.00000000 -0.00000000
vn -0.03920000 0.58060000 0.81320000
vn 0.07700000 0.32590000 0.94230000
vn -1.00000000 -0.00000000 -0.00000000
vn -0.11950000 -0.62280000 0.77320000
vn -1.00000000 -0.00000000 -0.00000000
vn 0.13470000 -0.97880000 0.15410000
vn -1.00000000 -0.00000000 -0.00000000
vn 0.02210000 -0.96820000 -0.24920000
vn -1.00000000 -0.00000000 -0.00000000
vn 0.03490000 -0.68860000 0.72430000
vn -0.02860000 -0.98790000 -0.15230000
vn -0.61960000 0.71780000 -0.31760000
vn -0.69900000 0.55140000 -0.45550000
vn -0.64350000 0.68550000 0.34070000
vn -0.63740000 -0.62050000 0.45680000
vn -0.63480000 -0.77220000 0.02810000
vn -0.64410000 -0.60890000 0.46310000
vn -0.68400000 -0.71720000 -0.13340000
vn -0.63460000 -0.04840000 0.77130000
vn -0.63740000 -0.62050000 0.45680000
vn -0.63460000 -0.04840000 0.77130000
vn -0.64350000 0.68550000 0.34070000
vn -0.61720000 0.68710000 0.38330000
vn -0.60810000 -0.01170000 0.79380000
vn -0.70190000 -0.24080000 -0.67040000
vn -0.68400000 -0.71720000 -0.13340000
vn -0.60280000 -0.64440000 -0.47050000
vn -0.69900000 0.55140000 -0.45550000
vn -0.62030000 0.36720000 -0.69310000
vn -0.62660000 -0.09850000 -0.77310000
vn -0.70190000 -0.24080000 -0.67040000
vn -0.55080000 0.83300000 0.05160000
vn -0.70580000 0.64810000 -0.28600000
vn -0.70090000 0.63970000 0.31540000
vn -0.63480000 -0.74940000 -0.18800000
vn -0.61460000 -0.70610000 0.35170000
vn -0.69290000 -0.49960000 0.51990000
vn -0.69960000 -0.65350000 -0.28910000
vn -0.69290000 -0.49960000 0.51990000
vn -0.67590000 0.11310000 0.72830000
vn -0.62160000 -0.33590000 0.70770000
vn -0.70090000 0.63970000 0.31540000
vn -0.67590000 0.11310000 0.72830000
vn -0.58710000 0.30760000 0.74880000
vn -0.57190000 0.39970000 -0.71630000
vn -0.70750000 0.07720000 -0.70250000
vn -0.70580000 0.64810000 -0.28600000
vn -0.69960000 -0.65350000 -0.28910000
vn -0.57590000 -0.36440000 -0.73180000
vn -0.70750000 0.07720000 -0.70250000
vn -0.55080000 -0.83300000 -0.05160000
vn -0.70090000 -0.63970000 -0.31540000
vn -0.70580000 -0.64810000 0.28600000
vn -0.61460000 0.70610000 -0.35170000
vn -0.69290000 0.49960000 -0.51990000
vn -0.63480000 0.74940000 0.18800000
vn -0.69960000 0.65350000 0.28910000
vn -0.67590000 -0.11310000 -0.72830000
vn -0.62160000 0.33590000 -0.70770000
vn -0.69290000 0.49960000 -0.51990000
vn -0.67590000 -0.11310000 -0.72830000
vn -0.70090000 -0.63970000 -0.31540000
vn -0.58710000 -0.30760000 -0.74880000
vn -0.70750000 -0.07720000 0.70250000
vn -0.57200000 -0.39960000 0.71630000
vn -0.70580000 -0.64810000 0.28600000
vn -0.70750000 -0.07720000 0.70250000
vn -0.57590000 0.36440000 0.73180000
vn -0.69960000 0.65350000 0.28910000
vn -0.64350000 -0.68550000 -0.34070000
vn -0.61960000 -0.71780000 0.31760000
vn -0.69900000 -0.55140000 0.45550000
vn -0.68400000 0.71720000 0.13340000
vn -0.63480000 0.77220000 -0.02810000
vn -0.63740000 0.62050000 -0.45680000
vn -0.64410000 0.60890000 -0.46310000
vn -0.63460000 0.04840000 -0.77130000
vn -0.63740000 0.62050000 -0.45680000
vn -0.63460000 0.04840000 -0.77130000
vn -0.64350000 -0.68550000 -0.34070000
vn -0.60810000 0.01170000 -0.79380000
vn -0.61720000 -0.68710000 -0.38330000
vn -0.68400000 0.71720000 0.13340000
vn -0.60280000 0.64440000 0.47050000
vn -0.70190000 0.24080000 0.67040000
vn -0.62030000 -0.36720000 0.69310000
vn -0.70190000 0.24080000 0.67040000
vn -0.62660000 0.09850000 0.77310000
vn -0.69900000 -0.55140000 0.45550000
vn -1.00000000 -0.00000000 -0.00000000
vn -1.00000000 -0.00000000 -0.00000000
vn -1.00000000 -0.00000000 -0.00000000
vn -1.00000000 -0.00000000 -0.00000000
vn -0.00700000 -0.70820000 0.70600000
vn -1.00000000 -0.00000000 -0.00000000
vn -1.00000000 -0.00000000 -0.00000000
vn -1.00000000 -0.00000000 -0.00000000
vn -1.00000000 -0.00000000 -0.00000000
vn -1.00000000 -0.00000000 -0.00000000
vn -1.00000000 -0.00000000 -0.00000000
vn -0.99990000 -0.00950000 0.00970000
vn -0.00700000 -0.70820000 0.70600000
vn -0.99990000 -0.00950000 0.00970000
vn -0.99990000 -0.00950000 0.00970000
vn -0.00700000 -0.70820000 0.70600000
vn -0.02300000 -0.88900000 0.45730000
vn -0.04000000 -0.88510000 -0.46360000
vn -0.02060000 -0.92370000 -0.38260000
vn -0.05660000 -0.60780000 0.79210000
vn 0.02310000 -0.92360000 0.38260000
vn -0.04000000 -0.88510000 -0.46360000
vn 0.03080000 -0.99100000 0.13050000
vn -0.05420000 -0.61510000 0.78650000
vn -0.00680000 -0.79330000 0.60880000
vn -0.02870000 -0.09270000 0.99530000
vn -0.02300000 -0.88900000 0.45730000
vn -0.04720000 0.86870000 0.49300000
vn -0.04720000 0.86870000 0.49300000
vn -0.02870000 -0.09270000 0.99530000
vn -0.05420000 -0.61510000 0.78650000
vn -0.06750000 -0.81610000 -0.57390000
vn 0.03080000 -0.99100000 0.13050000
vn 0.01590000 -0.99130000 -0.13050000
vn 0.02310000 -0.92360000 0.38260000
vn -0.06750000 -0.81610000 -0.57390000
vn -0.02060000 -0.92370000 -0.38260000
vn -0.05660000 -0.60780000 0.79210000
vn -0.02810000 -0.68980000 0.72340000
vn -0.00680000 -0.79330000 0.60880000
vn 0.00760000 -0.13050000 0.99140000
vn -0.02810000 -0.68980000 0.72340000
vn -0.01070000 0.13050000 0.99140000
vn 0.00490000 -0.38270000 0.92390000
vn -0.05280000 -0.98410000 0.16970000
vn -0.05280000 -0.98410000 0.16970000
vn 0.03440000 -0.60840000 0.79290000
vn -0.01060000 -0.92380000 0.38260000
vn -0.05690000 0.10530000 0.99280000
vn -0.01060000 -0.13050000 0.99140000
vn -0.06380000 0.13030000 0.98940000
vn -0.05690000 0.10530000 0.99280000
vn -0.00000000 -0.00000000 1.00000000
vn -0.00000000 -0.00000000 1.00000000
vn -0.00000000 -0.00000000 1.00000000
vn -0.00000000 -0.00000000 1.00000000
vn -0.00000000 -0.00000000 1.00000000
vn -0.00000000 -0.00000000 1.00000000
vn -0.00000000 -0.00000000 1.00000000
vn -0.00000000 -0.00000000 1.00000000
vn 0.00140000 -1.00000000 0.00330000
vn -0.00060000 -0.99960000 0.02690000
vn -0.00000000 -0.00000000 1.00000000
vn 0.00110000 -0.99980000 -0.01830000
vn 0.00050000 -1.00000000 0.00770000
vn -0.00000000 -0.00000000 1.00000000
vn -0.00000000 -0.00000000 1.00000000
vn 0.00050000 -1.00000000 0.00770000
vn 0.00140000 -1.00000000 0.00330000
vn 0.00110000 -0.99980000 -0.01830000
vn 0.00050000 -1.00000000 0.00770000
vn -0.00000000 -0.00000000 1.00000000
vn -0.00060000 -0.99960000 0.02690000
vn -0.00060000 -0.99960000 0.02690000
vn -0.00000000 -0.00000000 1.00000000
vn -0.00000000 -0.00000000 1.00000000
vn 0.00110000 -0.99980000 -0.01830000
vn -0.00000000 -0.00000000 1.00000000
vn -0.82330000 -0.56760000 0.00250000
vn -0.79300000 -0.60920000 -0.00190000
vn -0.41110000 -0.91160000 0.00170000
vn -0.79300000 -0.60920000 -0.00190000
vn -0.37620000 -0.92650000 -0.00100000
vn -0.00120000 -1.00000000 -0.00130000
vn -0.37620000 -0.92650000 -0.00100000
vn -0.00120000 -1.00000000 -0.00130000
vn -0.00000000 -0.00000000 1.00000000
vn -0.00000000 -0.00000000 1.00000000
vn -0.00000000 -0.00000000 1.00000000
vn -0.99870000 -0.05170000 -0.00000000
vn -0.99870000 -0.05170000 -0.00000000
vn -0.00000000 -0.00000000 1.00000000
vn -0.00000000 -0.00000000 1.00000000
vn -0.58330000 -0.81190000 -0.02340000
vn -0.58330000 -0.81190000 -0.02340000
vn -0.79430000 -0.60710000 0.02350000
vn -0.58330000 -0.81190000 -0.02340000
vn -0.79430000 -0.60710000 0.02350000
vn -0.99890000 -0.04580000 0.01150000
vn -0.00000000 -0.00000000 1.00000000
vn -0.79430000 -0.60710000 0.02350000
vn -0.00000000 -0.00000000 1.00000000
vn -0.99890000 -0.04580000 0.01150000
vn -0.00000000 -0.00000000 1.00000000
vn -0.00000000 -0.00000000 1.00000000
vn -0.00000000 -0.00000000 1.00000000
vn 0.00140000 -1.00000000 0.00330000
vn -0.99890000 -0.04580000 0.01150000
vn -0.00000000 -0.00000000 1.00000000
vn -0.00000000 -0.00000000 1.00000000
vn -0.99870000 -0.05170000 -0.00000000
vn -0.00000000 -0.00000000 1.00000000
vn -1.00000000 -0.00870000 0.00210000
vn -0.00340000 -1.00000000 -0.00000000
vn -0.00340000 -1.00000000 -0.00000000
vn -0.37620000 -0.92650000 -0.00100000
vn -0.41110000 -0.91160000 0.00170000
vn -0.00340000 -1.00000000 -0.00000000
vn -0.00120000 -1.00000000 -0.00130000
vn -1.00000000 -0.00870000 0.00210000
vn -0.41110000 -0.91160000 0.00170000
vn -0.82330000 -0.56760000 0.00250000
vn -0.79300000 -0.60920000 -0.00190000
vn -0.82330000 -0.56760000 0.00250000
vn -1.00000000 -0.00870000 0.00210000
vt 0.32176900 0.64295800
vt 0.27157900 0.64247500
vt 0.26814100 0.57347900
vt 0.26892100 0.64136200
vt 0.28858700 0.57367600
vt 0.26471700 0.25415100
vt 0.26490600 0.25564600
vt 0.37814700 0.25493800
vt 0.20023300 0.28331000
vt 0.19970100 0.28064200
vt 0.20405100 0.27978400
vt 0.96694600 0.29538600
vt 0.22337100 0.28496200
vt 0.21034900 0.29594600
vt 0.96695000 0.29187900
vt 0.96695000 0.29187900
vt 0.22144800 0.28246300
vt 0.21687100 0.27982600
vt 0.96695000 0.28369900
vt 0.22130300 0.27667000
vt 0.20833100 0.28037600
vt 0.20725700 0.28266600
vt 0.20671100 0.28101600
vt 0.20533800 0.28263300
vt 0.20514900 0.28082800
vt 0.22527500 0.30085700
vt 0.22657000 0.28626500
vt 0.22055800 0.30066400
vt 0.22138700 0.27183500
vt 0.22157200 0.27789400
vt 0.97379800 0.29225400
vt 0.97379800 0.29225400
vt 0.22350700 0.28009100
vt 0.22590300 0.27625700
vt 0.22644700 0.27527900
vt 0.22640300 0.27768800
vt 0.95488100 0.47865400
vt 0.97942300 0.56266700
vt 0.95064500 0.55818300
vt 0.89319900 0.92022100
vt 0.90986400 0.25524100
vt 0.95488300 0.47781200
vt 0.90986400 0.25524100
vt 0.64177400 0.99134500
vt 0.64177400 0.99134500
vt 0.99900100 0.67227800
vt 0.64193900 0.99134500
vt 0.64155900 0.99134400
vt 0.64155900 0.99134400
vt 0.64155900 0.99134400
vt 0.64130900 0.99134400
vt 0.64130900 0.99134400
vt 0.99877100 0.67240400
vt 0.99877100 0.67240400
vt 0.99851300 0.67248500
vt 0.99851300 0.67248500
vt 0.64104000 0.99134400
vt 0.64104000 0.99134400
vt 0.64077100 0.99134300
vt 0.99824500 0.67251700
vt 0.99923900 0.46165800
vt 0.99946800 0.46153400
vt 0.99946800 0.46153400
vt 0.97917900 0.33476800
vt 0.97917900 0.33476800
vt 0.97917900 0.33476800
vt 0.91162700 0.25608400
vt 0.97378600 0.64690500
vt 0.97378600 0.64690500
vt 0.97378600 0.64690500
vt 0.02321100 0.90389000
vt 0.02321100 0.90389000
vt 0.98819800 0.01037200
vt 0.98745100 0.00995700
vt 0.42011500 0.55481000
vt 0.02321300 0.90313000
vt 0.98908900 0.39892900
vt 0.99574300 0.00840500
vt 0.95366200 0.41259900
vt 0.91345200 0.25524100
vt 0.91345200 0.25524100
vt 0.98979300 0.39892800
vt 0.95803000 0.03098700
vt 0.02327800 0.90290500
vt 0.55081300 0.99923500
vt 0.02327800 0.90290500
vt 0.98842900 0.85931600
vt 0.97724800 0.17366300
vt 0.98509100 0.81658100
vt 0.99477400 0.49230800
vt 0.99801200 0.17409300
vt 0.95707700 0.41259900
vt 0.68479000 0.25192000
vt 0.99666000 0.00809700
vt 0.97992300 0.33472800
vt 0.55720900 0.99902500
vt 0.98911600 0.12643500
vt 0.95536900 0.41259900
vt 0.98836900 0.06025700
vt 0.90641000 0.25524100
vt 0.90986400 0.25616300
vt 0.91345100 0.25604900
vt 0.91345100 0.25604900
vt 0.95707600 0.41342000
vt 0.90640900 0.25620000
vt 0.90640900 0.25620000
vt 0.80264500 0.99206800
vt 0.55017200 0.99850400
vt 0.94912800 0.98815900
vt 0.80243000 0.99206800
vt 0.98428700 0.81658100
vt 0.98428700 0.81658100
vt 0.42014300 0.53458200
vt 0.55645500 0.99836000
vt 0.80218000 0.99206800
vt 0.42021700 0.53433100
vt 0.42162700 0.99307800
vt 0.80191100 0.99206800
vt 0.80191100 0.99206800
vt 0.42024200 0.53406200
vt 0.80164200 0.99206800
vt 0.80164200 0.99206800
vt 0.99715400 0.17364600
vt 0.97814600 0.17355600
vt 0.96585200 0.71855800
vt 0.91345200 0.25705500
vt 0.91345200 0.25705500
vt 0.02327800 0.90396100
vt 0.98902500 0.39723100
vt 0.97017400 0.45301800
vt 0.98065100 0.02036500
vt 0.97816100 0.64690500
vt 0.99824400 0.47016000
vt 0.99861200 0.81849100
vt 0.95628700 0.41268700
vt 0.51135200 0.90231500
vt 0.97478700 0.64690500
vt 0.97478700 0.64690500
vt 0.97847800 0.33480800
vt 0.97723600 0.64690500
vt 0.97723600 0.64690500
vt 0.98825000 0.39723000
vt 0.99918600 0.36925400
vt 0.97974700 0.02036500
vt 0.95312200 0.47781200
vt 0.98624100 0.53680900
vt 0.93359800 0.43782200
vt 0.96772300 0.68835700
vt 0.24802400 0.99863000
vt 0.96772300 0.68835700
vt 0.95458000 0.41268700
vt 0.96878700 0.71656200
vt 0.96878700 0.71656200
vt 0.01096600 0.99854000
vt 0.95312100 0.47862200
vt 0.95312100 0.47862200
vt 0.96960800 0.71657500
vt 0.45601500 0.99418900
vt 0.45601500 0.99418900
vt 0.45580000 0.99418900
vt 0.45580000 0.99418900
vt 0.99740500 0.46982500
vt 0.99537800 0.03073000
vt 0.45618000 0.99418900
vt 0.99563900 0.03073500
vt 0.99563900 0.03073500
vt 0.97718400 0.17482900
vt 0.92049100 0.25534900
vt 0.92049100 0.25534900
vt 0.95686500 0.03126900
vt 0.99553000 0.51005800
vt 0.99344100 0.49230800
vt 0.99344100 0.49230800
vt 0.24741600 0.99804100
vt 0.97744900 0.57303800
vt 0.96735800 0.28361900
vt 0.97744900 0.57303800
vt 0.01171500 0.99792800
vt 0.89822300 0.66467100
vt 0.97314500 0.64690600
vt 0.91162400 0.25684400
vt 0.91162400 0.25684400
vt 0.38426100 0.94636700
vt 0.96636900 0.28361900
vt 0.98527500 0.34378100
vt 0.95037500 0.98819000
vt 0.96772400 0.68925400
vt 0.97669800 0.57303700
vt 0.98707200 0.53652500
vt 0.92049000 0.25612300
vt 0.95312200 0.47956700
vt 0.38336300 0.94599800
vt 0.99590400 0.03079200
vt 0.34147300 0.99954700
vt 0.97628000 0.17482900
vt 0.34171500 0.99945300
vt 0.34171500 0.99945300
vt 0.95151800 0.55818400
vt 0.98035300 0.56300400
vt 0.95151800 0.55818400
vt 0.51889500 0.92488000
vt 0.96415800 0.71797500
vt 0.49847000 0.92414800
vt 0.96415800 0.74573200
vt 0.50396600 0.91656000
vt 0.97664600 0.57473100
vt 0.97664600 0.57473100
vt 0.51419000 0.91154300
vt 0.96941800 0.68869500
vt 0.96941800 0.68869500
vt 0.51451100 0.90832500
vt 0.98707200 0.53783900
vt 0.93247100 0.43686900
vt 0.51024400 0.91787800
vt 0.50794100 0.91729400
vt 0.51086600 0.90351500
vt 0.89850600 0.66586900
vt 0.50687200 0.92301700
vt 0.50687200 0.92301700
vt 0.50687200 0.92301700
vt 0.50687200 0.92301700
vt 0.50444700 0.92264200
vt 0.51039700 0.90826200
vt 0.49865500 0.90126800
vt 0.64313300 0.99303600
vt 0.49865500 0.90126800
vt 0.51393900 0.90338900
vt 0.51136400 0.90295600
vt 0.50208300 0.91966100
vt 0.50208300 0.91966100
vt 0.50208300 0.91966100
vt 0.50208300 0.91966100
vt 0.50208300 0.91966100
vt 0.50208300 0.91966100
vt 0.50208300 0.91966100
vt 0.50208300 0.91966100
vt 0.50100600 0.92058700
vt 0.50100600 0.92058700
vt 0.50100600 0.92058700
vt 0.98408300 0.04283800
vt 0.50100600 0.92058700
vt 0.45407500 0.99587900
vt 0.49917900 0.91969100
vt 0.49917900 0.91969100
vt 0.49917900 0.91969100
vt 0.49917900 0.91969100
vt 0.49917900 0.91969100
vt 0.95481600 0.47934900
vt 0.51124700 0.91673400
vt 0.96951300 0.71487900
vt 0.96951300 0.71487900
vt 0.50722500 0.92141500
vt 0.50322800 0.91771800
vt 0.98466500 0.34272000
vt 0.50322800 0.91771800
vt 0.50330600 0.91694300
vt 0.97757900 0.57473300
vt 0.50330600 0.91694300
vt 0.96698500 0.28238000
vt 0.98527500 0.34223600
vt 0.50330600 0.91694300
vt 0.51360500 0.91230800
vt 0.96941900 0.68786900
vt 0.24802400 0.99695400
vt 0.51143700 0.91241800
vt 0.50762600 0.91170800
vt 0.99457500 0.49061400
vt 0.99457500 0.49061400
vt 0.50792700 0.90789600
vt 0.64104100 0.99303400
vt 0.50013500 0.90008300
vt 0.64104100 0.99303400
vt 0.64104100 0.99303400
vt 0.50013500 0.90008300
vt 0.50013500 0.90008300
vt 0.51891300 0.90526900
vt 0.51891300 0.90526900
vt 0.51891300 0.90526900
vt 0.51891300 0.90526900
vt 0.51891300 0.90526900
vt 0.51950500 0.90298200
vt 0.14035300 0.99320500
vt 0.51950500 0.90298200
vt 0.51950500 0.90298200
vt 0.14035300 0.99320500
vt 0.22856900 0.99608900
vt 0.14086600 0.99180300
vt 0.14086600 0.99180300
vt 0.51878800 0.90432200
vt 0.51878800 0.90432200
vt 0.22856900 0.99608900
vt 0.94973600 0.98647900
vt 0.50368200 0.91835200
vt 0.50368200 0.91835200
vt 0.50368200 0.91835200
vt 0.51601000 0.90530000
vt 0.51601000 0.90530000
vt 0.51601000 0.90530000
vt 0.51601000 0.90530000
vt 0.51601000 0.90530000
vt 0.51601000 0.90530000
vt 0.51601000 0.90530000
vt 0.51601000 0.90530000
vt 0.51601000 0.90530000
vt 0.49931000 0.92475500
vt 0.20083200 0.99556900
vt 0.20083200 0.99556900
vt 0.49931000 0.92475500
vt 0.50774700 0.91803300
vt 0.51482100 0.91192900
vt 0.51482100 0.91192900
vt 0.51482100 0.91192900
vt 0.51482100 0.91192900
vt 0.51413100 0.91332100
vt 0.50788800 0.92195900
vt 0.50391000 0.92325700
vt 0.50391000 0.92325700
vt 0.50391000 0.92325700
vt 0.51487400 0.90772700
vt 0.51487400 0.90772700
vt 0.51487400 0.90772700
vt 0.49916900 0.90547800
vt 0.49916900 0.90547800
vt 0.49916900 0.90547800
vt 0.49916900 0.90547800
vt 0.49916900 0.90547800
vt 0.49916900 0.90547800
vt 0.49877500 0.90395300
vt 0.49877500 0.90395300
vt 0.49877500 0.90395300
vt 0.49877500 0.90395300
vt 0.74386400 0.99381200
vt 0.74596900 0.99381400
vt 0.74596900 0.99381400
vt 0.74596900 0.99381400
vt 0.50026500 0.90480400
vt 0.50026500 0.90480400
vt 0.50026500 0.90480400
vt 0.50372700 0.90177100
vt 0.02151800 0.90336600
vt 0.02151800 0.90336600
vt 0.50372700 0.90177100
vt 0.50372700 0.90177100
vt 0.50146600 0.90100500
vt 0.50146600 0.90100500
vt 0.63916100 0.99303600
vt 0.96339900 0.80033300
vt 0.50146600 0.90100500
vt 0.50146600 0.90100500
vt 0.96339900 0.80033300
vt 0.50318800 0.90255100
vt 0.50318800 0.90255100
vt 0.02151500 0.90412700
vt 0.98819800 0.00893600
vt 0.50318800 0.90255100
vt 0.50177700 0.90274800
vt 0.50177700 0.90274800
vt 0.50177700 0.90274800
vt 0.96297400 0.79861100
vt 0.96297400 0.79861100
vt 0.89319900 0.91841700
vt 0.51051400 0.92145100
vt 0.95657600 0.47837600
vt 0.51373400 0.91690900
vt 0.95168200 0.55987900
vt 0.98035300 0.56167700
vt 0.51677500 0.90063600
vt 0.51677500 0.90063600
vt 0.51677500 0.90063600
vt 0.51677500 0.90063600
vt 0.51677500 0.90063600
vt 0.51677500 0.90063600
vt 0.51435200 0.90165900
vt 0.51435200 0.90165900
vt 0.51435200 0.90165900
vt 0.90993200 0.25607600
vt 0.90993200 0.25607600
vt 0.51435200 0.90165900
vt 0.50337100 0.90332500
vt 0.50337100 0.90332500
vt 0.50337100 0.90332500
vt 0.50337100 0.90332500
vt 0.50130400 0.90409700
vt 0.96332100 0.79724100
vt 0.96332100 0.79724100
vt 0.74743800 0.99381400
vt 0.50130400 0.90409700
vt 0.50130400 0.90409700
vt 0.50207300 0.90544700
vt 0.50207300 0.90544700
vt 0.50207300 0.90544700
vt 0.50207300 0.90544700
vt 0.50207300 0.90544700
vt 0.50207300 0.90544700
vt 0.50207300 0.90544700
vt 0.51436200 0.91641900
vt 0.95079500 0.55987800
vt 0.95079500 0.55987800
vt 0.90816900 0.25531700
vt 0.89247200 0.91919500
vt 0.51017000 0.92245900
vt 0.50415400 0.90352300
vt 0.50415400 0.90352300
vt 0.50415400 0.90352300
vt 0.51626100 0.90229000
vt 0.51626100 0.90229000
vt 0.51626100 0.90229000
vt 0.51626100 0.90229000
vt 0.51626100 0.90229000
vt 0.51626100 0.90229000
vt 0.51626100 0.90229000
vt 0.51760700 0.90000500
vt 0.51760700 0.90000500
vt 0.42091600 0.99147100
vt 0.51760700 0.90000500
vt 0.51760700 0.90000500
vt 0.51095900 0.91825800
vt 0.51487100 0.90235000
vt 0.51487100 0.90235000
vt 0.50685700 0.90198900
vt 0.98818600 0.12729300
vt 0.97992300 0.33642500
vt 0.50685700 0.90198900
vt 0.97992300 0.33642500
vt 0.50685700 0.90198900
vt 0.50685700 0.90198900
vt 0.50440400 0.90234400
vt 0.51370000 0.91772500
vt 0.51139700 0.91760400
vt 0.20249400 0.99557100
vt 0.20249400 0.99557100
vt 0.50048700 0.92495600
vt 0.50048700 0.92495600
vt 0.50048700 0.92495600
vt 0.98730300 0.06134700
vt 0.50333900 0.90699900
vt 0.90810400 0.25552600
vt 0.50333900 0.90699900
vt 0.90810400 0.25552600
vt 0.50773900 0.92305700
vt 0.50773900 0.92305700
vt 0.50773900 0.92305700
vt 0.50773900 0.92305700
vt 0.51479100 0.91293800
vt 0.51479100 0.91293800
vt 0.51123800 0.92167200
vt 0.50420000 0.90684100
vt 0.90810400 0.25674100
vt 0.55720900 0.99741900
vt 0.98911600 0.12796100
vt 0.50673100 0.90312700
vt 0.51472200 0.90322300
vt 0.51472200 0.90322300
vt 0.51472200 0.90322300
vt 0.51472200 0.90322300
vt 0.51472200 0.90322300
vt 0.51073700 0.92324100
vt 0.51073700 0.92324100
vt 0.51073700 0.92324100
vt 0.51073700 0.92324100
vt 0.90816900 0.25611500
vt 0.90816900 0.25611500
vt 0.14137400 0.99588800
vt 0.42256100 0.99123500
vt 0.42256100 0.99123500
vt 0.91514500 0.25596000
vt 0.91514500 0.25596000
vt 0.51409900 0.90661300
vt 0.91514500 0.25596000
vt 0.51409900 0.90661300
vt 0.51409900 0.90661300
vt 0.91514500 0.25596000
vt 0.50664000 0.91730200
vt 0.55081300 0.99743500
vt 0.02497400 0.90228700
vt 0.50724600 0.91339100
vt 0.50445700 0.91733100
vt 0.98842900 0.85794600
vt 0.98486600 0.81827600
vt 0.98486600 0.81827600
vt 0.51039900 0.91175000
vt 0.51393900 0.92143800
vt 0.51393900 0.92143800
vt 0.98942500 0.39723400
vt 0.51393900 0.92143800
vt 0.50348700 0.92154800
vt 0.50348700 0.92154800
vt 0.50348700 0.92154800
vt 0.68358800 0.25284200
vt 0.95877100 0.41294100
vt 0.50348700 0.92154800
vt 0.50348700 0.92154800
vt 0.50183400 0.92267000
vt 0.98542100 0.04463500
vt 0.98542100 0.04463500
vt 0.50183400 0.92267000
vt 0.98542100 0.04463500
vt 0.50183400 0.92267000
vt 0.91514700 0.25531700
vt 0.51364500 0.90739500
vt 0.51144000 0.90753500
vt 0.51436300 0.91826900
vt 0.51436300 0.91826900
vt 0.51436300 0.91826900
vt 0.51141800 0.92253100
vt 0.50739300 0.91649300
vt 0.02497200 0.90335100
vt 0.02497200 0.90335100
vt 0.99666000 0.00943800
vt 0.51369000 0.92261700
vt 0.96901500 0.45415300
vt 0.50713100 0.90668700
vt 0.98848800 0.39892500
vt 0.51602000 0.91951400
vt 0.51602000 0.91951400
vt 0.51602000 0.91951400
vt 0.51602000 0.91951400
vt 0.51602000 0.91951400
vt 0.51602000 0.91951400
vt 0.51602000 0.91951400
vt 0.51602000 0.91951400
vt 0.51493100 0.91733800
vt 0.51493100 0.91733800
vt 0.51493100 0.91733800
vt 0.97414000 0.64859900
vt 0.51061500 0.90174500
vt 0.97414000 0.64859900
vt 0.51061500 0.90174500
vt 0.51061500 0.90174500
vt 0.51061500 0.90174500
vt 0.97414000 0.64859900
vt 0.50753800 0.90183400
vt 0.50753800 0.90183400
vt 0.97896200 0.33647800
vt 0.50753800 0.90183400
vt 0.50753800 0.90183400
vt 0.97896200 0.33647800
vt 0.98836900 0.06167300
vt 0.50326800 0.90811100
vt 0.50326800 0.90811100
vt 0.50326800 0.90811100
vt 0.95539000 0.41430300
vt 0.99861200 0.81703700
vt 0.97782800 0.64860000
vt 0.97782800 0.64860000
vt 0.50350700 0.91177300
vt 0.51472200 0.92163600
vt 0.51472200 0.92163600
vt 0.51472200 0.92163600
vt 0.51472200 0.92163600
vt 0.97478700 0.64860000
vt 0.51015600 0.90247800
vt 0.51015600 0.90247800
vt 0.50792300 0.90250100
vt 0.98000900 0.01906100
vt 0.50664400 0.90774700
vt 0.97017400 0.45428900
vt 0.51016900 0.91274100
vt 0.97814600 0.17483200
vt 0.98748700 0.85833200
vt 0.50793100 0.91281600
vt 0.51428000 0.92317500
vt 0.51428000 0.92317500
vt 0.51428000 0.92317500
vt 0.50326000 0.92284400
vt 0.50326000 0.92284400
vt 0.50326000 0.92284400
vt 0.68479000 0.25337700
vt 0.99801200 0.17267100
vt 0.50757900 0.90351000
vt 0.50398400 0.90849200
vt 0.51678900 0.92086400
vt 0.51678900 0.92086400
vt 0.80356200 0.99376000
vt 0.51678900 0.92086400
vt 0.51678900 0.92086400
vt 0.51678900 0.92086400
vt 0.50442200 0.90783800
vt 0.98397600 0.81827600
vt 0.51102900 0.91163700
vt 0.51102700 0.90836100
vt 0.51709200 0.90437400
vt 0.51709200 0.90437400
vt 0.22617200 0.99608900
vt 0.51709200 0.90437400
vt 0.51709200 0.90437400
vt 0.51709200 0.90437400
vt 0.51631600 0.92221200
vt 0.51631600 0.92221200
vt 0.51631600 0.92221200
vt 0.51631600 0.92221200
vt 0.51631600 0.92221200
vt 0.50422200 0.91179100
vt 0.97681800 0.64860000
vt 0.80209400 0.99375900
vt 0.51782900 0.92015600
vt 0.51782900 0.92015600
vt 0.80209400 0.99375900
vt 0.80209400 0.99375900
vt 0.51782900 0.92015600
vt 0.51490000 0.92253100
vt 0.51490000 0.92253100
vt 0.50773900 0.90695500
vt 0.50426200 0.91807000
vt 0.51032800 0.90322700
vt 0.51032800 0.90322700
vt 0.95390700 0.41432500
vt 0.51388100 0.90822500
vt 0.51892300 0.91948300
vt 0.51892300 0.91948300
vt 0.51892300 0.91948300
vt 0.51892300 0.91948300
vt 0.51892300 0.91948300
vt 0.51892300 0.91948300
vt 0.51662900 0.92395600
vt 0.51662900 0.92395600
vt 0.51662900 0.92395600
vt 0.51662900 0.92395600
vt 0.51662900 0.92395600
vt 0.85566600 0.99281700
vt 0.50426900 0.92174600
vt 0.89168600 0.99468500
vt 0.89168600 0.99468500
vt 0.51932300 0.92100800
vt 0.51932300 0.92100800
vt 0.79998700 0.99376000
vt 0.50716600 0.91831500
vt 0.98541000 0.04635100
vt 0.50131800 0.92432400
vt 0.98541000 0.04635100
vt 0.50131800 0.92432400
vt 0.50131800 0.92432400
vt 0.20367000 0.99557100
vt 0.50131800 0.92432400
vt 0.51476900 0.90695800
vt 0.91514700 0.25690500
vt 0.51476900 0.90695800
vt 0.51796000 0.92487700
vt 0.51796000 0.92487700
vt 0.51796000 0.92487700
vt 0.85754400 0.99281700
vt 0.85754400 0.99281700
vt 0.85754400 0.99281700
vt 0.51796000 0.92487700
vt 0.89168600 0.99737400
vt 0.85963800 0.99281700
vt 0.89168600 0.99737400
vt 0.51944300 0.92369200
vt 0.49930800 0.92063900
vt 0.45647100 0.99587900
vt 0.49930800 0.92063900
vt 0.49930800 0.92063900
vt 0.45647100 0.99587900
vt 0.49930800 0.92063900
vt 0.49858900 0.92197900
vt 0.49858900 0.92197900
vt 0.49858900 0.92197900
vt 0.49858900 0.92197900
vt 0.49858900 0.92197900
vt 0.14048500 0.99452700
vt 0.14048500 0.99452700
vt 0.14048500 0.99452700
vt 0.50317200 0.91257900
vt 0.50317200 0.91257900
vt 0.50317200 0.91257900
vt 0.99788200 0.81751600
vt 0.50317200 0.91257900
vt 0.99824400 0.46876400
vt 0.49855500 0.92330800
vt 0.49855500 0.92330800
vt 0.49855500 0.92330800
vt 0.49855500 0.92330800
vt 0.50376200 0.91347400
vt 0.99553000 0.50869500
vt 0.99367800 0.49061400
vt 0.50699100 0.91173600
vt 0.92218500 0.25612300
vt 0.92218500 0.25612300
vt 0.51078500 0.90658200
vt 0.95803000 0.03237300
vt 0.50664800 0.91266700
vt 0.99462100 0.50909200
vt 0.50724300 0.90847100
vt 0.97685500 0.17355600
vt 0.51016000 0.90739800
vt 0.92218600 0.25524100
vt 0.38426100 0.94496900
vt 0.51364600 0.90231800
vt 0.90992800 0.25707300
vt 0.51128900 0.90206700
vt 0.97318800 0.64860000
vt 0.97318800 0.64860000
vt 0.50441500 0.91284000
vt 0.95481600 0.47812600
vt 0.51038200 0.91663200
vt 0.93359800 0.43631800
vt 0.51090400 0.91338800
vt 0.89759000 0.66586900
vt 0.50670600 0.92211700
vt 0.96878100 0.71486600
vt 0.01171500 0.99950800
vt 0.98357900 0.04529000
vt 0.98357900 0.04529000
vt 0.98357900 0.04529000
vt 0.50044400 0.92245100
vt 0.50044400 0.92245100
vt 0.50044400 0.92245100
vt 0.50044400 0.92245100
vt 0.45582900 0.99443400
vt 0.50078400 0.92179400
vt 0.45475300 0.99442500
vt 0.98292200 0.04434900
vt 0.98292200 0.04434900
vt 0.45475300 0.99442500
vt 0.20117200 0.99411100
vt 0.50057900 0.92335600
vt 0.50057900 0.92335600
vt 0.98334200 0.04635100
vt 0.20230900 0.99412200
vt 0.20230900 0.99412200
vt 0.20230900 0.99412200
vt 0.88997400 0.99607400
vt 0.88997400 0.99607400
vt 0.88997400 0.99607400
vt 0.51823000 0.92225700
vt 0.51823000 0.92225700
vt 0.51823000 0.92225700
vt 0.51823000 0.92225700
vt 0.51877200 0.92149300
vt 0.80220600 0.99231300
vt 0.80220600 0.99231300
vt 0.88972400 0.99521100
vt 0.80127300 0.99231100
vt 0.80127300 0.99231100
vt 0.85822200 0.99136700
vt 0.85822200 0.99136700
vt 0.88967800 0.99692200
vt 0.51861500 0.92348000
vt 0.85701800 0.99136000
vt 0.85701800 0.99136000
vt 0.50040800 0.90249900
vt 0.50040800 0.90249900
vt 0.50040800 0.90249900
vt 0.96489000 0.79851200
vt 0.96489000 0.79851200
vt 0.96489000 0.79851200
vt 0.96489000 0.79851200
vt 0.74608400 0.99236600
vt 0.74608400 0.99236600
vt 0.96534500 0.79772100
vt 0.74515200 0.99236300
vt 0.50071000 0.90334500
vt 0.74515200 0.99236300
vt 0.64171600 0.99158600
vt 0.64171600 0.99158600
vt 0.50068200 0.90163400
vt 0.64051200 0.99157900
vt 0.64051200 0.99157900
vt 0.96534500 0.79971100
vt 0.51821000 0.90217300
vt 0.51821000 0.90217300
vt 0.51821000 0.90217300
vt 0.14225900 0.99344200
vt 0.14225900 0.99344200
vt 0.14225900 0.99344200
vt 0.14225900 0.99344200
vt 0.22792900 0.99464200
vt 0.14249900 0.99275600
vt 0.22685200 0.99463300
vt 0.51860100 0.90325300
vt 0.22685200 0.99463300
vt 0.51860100 0.90325300
vt 0.14249900 0.99432600
vt 0.14249900 0.99432600
vt 0.42243600 0.99272400
vt 0.51876200 0.90121000
vt 0.42130800 0.99287600
vt 0.42130800 0.99287600
vt 0.51876200 0.90121000
vt 0.01424300 0.97185500
vt 0.01913200 0.96834600
vt 0.01732100 0.96957000
vt 0.01713200 0.96894300
vt 0.46162800 0.25307600
vt 0.01828600 0.96656200
vt 0.01813100 0.97305800
vt 0.01913200 0.97063900
vt 0.01405800 0.97124100
vt 0.01655800 0.97457300
vt 0.01547000 0.96588400
vt 0.16937500 0.97562800
vt 0.46162200 0.24918300
vt 0.16994000 0.97582100
vt 0.16994000 0.97203400
vt 0.46468900 0.24918400
vt 0.41781600 0.55429700
vt 0.34191900 0.99675500
vt 0.34084200 0.99726100
vt 0.45639700 0.99077300
vt 0.99643700 0.02837900
vt 0.34084200 0.99726100
vt 0.99643700 0.02837900
vt 0.45639700 0.99077300
vt 0.45639700 0.99077300
vt 0.42149600 0.99654900
vt 0.41750700 0.55514600
vt 0.99825400 0.36693800
vt 0.99939200 0.36639100
vt 0.42256100 0.99639600
vt 0.45523400 0.99077200
vt 0.99946800 0.45855700
vt 0.99924600 0.67484500
vt 0.99924600 0.67484500
vt 0.99924600 0.67484500
vt 0.99832500 0.45946900
vt 0.99832500 0.45946900
vt 0.64216000 0.98792900
vt 0.64216000 0.98792900
vt 0.64216000 0.98792900
vt 0.64128200 0.98792700
vt 0.64128200 0.98792700
vt 0.64128200 0.98792700
vt 0.64128200 0.98792700
vt 0.41776700 0.53348700
vt 0.41758700 0.53494700
vt 0.80260600 0.98865100
vt 0.41758700 0.53494700
vt 0.80260600 0.98865100
vt 0.80260600 0.98865100
vt 0.80260600 0.98865100
vt 0.80109500 0.98865300
vt 0.00381400 0.55109200
vt 0.00295200 0.54900600
vt 0.00017900 0.54655300
vt 0.06737700 0.56009900
vt 0.06922300 0.45812000
vt 0.00628400 0.56015800
vt 0.00003200 0.47086800
vt 0.06922300 0.55799300
vt 0.82248400 0.05258400
vt 0.81873800 0.37061400
vt 0.84723200 0.67509200
vt 0.82251100 0.04262800
vt 0.83000300 0.38667400
vt 0.27078300 0.45067600
vt 0.13462300 0.56475900
vt 0.81880700 0.36459200
vt 0.81972800 0.12090000
vt 0.81972800 0.12090000
vt 0.83049000 0.34386000
vt 0.33145400 0.45077800
vt 0.82111900 0.38674300
vt 0.81825700 0.41298300
vt 0.84729000 0.73505800
vt 0.13322900 0.56227400
vt 0.82005400 0.00578300
vt 0.13479400 0.40156200
vt 0.81645400 0.86449600
vt 0.81645400 0.86449600
vt 0.81644400 0.86246600
vt 0.81644400 0.86246600
vt 0.81644400 0.86246600
vt 0.81644400 0.86093700
vt 0.81644400 0.86093700
vt 0.81648700 0.85406700
vt 0.11490000 0.52651300
vt 0.11490000 0.55466800
vt 0.10123200 0.55466800
vt 0.82971400 0.41882800
vt 0.82969400 0.41614900
vt 0.10670000 0.52651300
vt 0.07225300 0.54888400
vt 0.82491000 0.39953100
vt 0.82115600 0.39837600
vt 0.82115600 0.39837600
vt 0.83004200 0.39697400
vt 0.83004200 0.39697400
vt 0.82115700 0.39553500
vt 0.89652400 0.95353000
vt 0.82115700 0.39553500
vt 0.26825000 0.45975500
vt 0.83003700 0.39488700
vt 0.26437000 0.46537200
vt 0.33356000 0.45262400
vt 0.26445700 0.54083000
vt 0.82612100 0.09558700
vt 0.82111200 0.38966400
vt 0.89720600 0.95054400
vt 0.89897800 0.95052000
vt 0.82168400 0.41881600
vt 0.84582600 0.67754000
vt 0.82761000 0.88035400
vt 0.83494100 0.85329800
vt 0.83899500 0.86090400
vt 0.83899500 0.86090400
vt 0.83899500 0.86090400
vt 0.82501800 0.85802400
vt 0.82154200 0.85795500
vt 0.83905300 0.88000500
vt 0.83899500 0.86254300
vt 0.83899500 0.86254300
vt 0.83899500 0.86254300
vt 0.83900600 0.86456600
vt 0.83300900 0.88244700
f 5/5/5 2/2/2 4/4/4
f 5/5/5 1/1/1 2/2/2
f 5/5/5 4/4/4 3/3/3
f 8/8/8 7/7/7 6/6/6
f 20/20/20 17/17/17 18/18/18
f 21/21/21 22/22/22 23/23/23
f 22/22/22 24/24/24 23/23/23
f 23/23/23 24/24/24 25/25/25
f 26/26/26 28/28/28 27/27/27
f 27/27/27 28/28/28 13/13/13
f 25/25/25 24/24/24 10/10/10
f 24/24/24 9/9/9 10/10/10
f 13/13/13 28/28/28 14/14/14
f 11/11/11 25/25/25 10/10/10
f 32/32/32 16/16/16 19/19/19
f 31/31/31 12/12/12 15/15/15
f 30/30/30 29/29/29 35/35/35
f 30/30/30 34/34/34 36/36/36
f 33/33/33 30/30/30 36/36/36
f 204/204/204 202/202/202 125/125/125
f 208/208/208 608/608/608 211/211/211
f 205/205/205 673/673/673 693/693/693
f 214/214/214 215/215/215 695/695/695
f 679/679/679 216/216/216 228/228/228
f 221/221/221 222/222/222 699/699/699
f 223/223/223 269/269/269 685/685/685
f 227/227/227 228/228/228 688/688/688
f 229/229/229 241/241/241 243/243/243
f 249/249/249 695/695/695 697/697/697
f 235/235/235 258/258/258 253/253/253
f 277/277/277 290/290/290 284/284/284
f 293/293/293 234/234/234 255/255/255
f 279/279/279 583/583/583 289/289/289
f 276/276/276 302/302/302 586/586/586
f 681/681/681 205/205/205 693/693/693
f 214/214/214 309/309/309 215/215/215
f 252/252/252 627/627/627 309/309/309
f 311/311/311 208/208/208 211/211/211
f 314/314/314 265/265/265 262/262/262
f 314/314/314 697/697/697 265/265/265
f 315/315/315 252/252/252 309/309/309
f 221/221/221 316/316/316 222/222/222
f 311/311/311 211/211/211 321/321/321
f 324/324/324 328/328/328 338/338/338
f 220/220/220 432/432/432 631/631/631
f 219/219/219 629/629/629 317/317/317
f 443/443/443 434/434/434 218/218/218
f 355/355/355 344/344/344 343/343/343
f 351/351/351 358/358/358 345/345/345
f 362/362/362 309/309/309 214/214/214
f 362/362/362 315/315/315 309/309/309
f 364/364/364 697/697/697 314/314/314
f 364/364/364 249/249/249 697/697/697
f 381/381/381 383/383/383 356/356/356
f 382/382/382 357/357/357 352/352/352
f 391/391/391 387/387/387 379/379/379
f 395/395/395 337/337/337 388/388/388
f 396/396/396 364/364/364 314/314/314
f 392/392/392 323/323/323 336/336/336
f 371/371/371 378/378/378 529/529/529
f 401/401/401 315/315/315 362/362/362
f 404/404/404 394/394/394 380/380/380
f 409/409/409 375/375/375 369/369/369
f 362/362/362 214/214/214 417/417/417
f 413/413/413 367/367/367 528/528/528
f 411/411/411 418/418/418 373/373/373
f 420/420/420 427/427/427 339/339/339
f 415/415/415 526/526/526 532/532/532
f 412/412/412 533/533/533 271/271/271
f 428/428/428 429/429/429 249/249/249
f 428/428/428 249/249/249 364/364/364
f 401/401/401 440/440/440 315/315/315
f 436/436/436 389/389/389 403/403/403
f 396/396/396 314/314/314 445/445/445
f 423/423/423 349/349/349 274/274/274
f 425/425/425 342/342/342 348/348/348
f 446/446/446 362/362/362 417/417/417
f 535/535/535 426/426/426 275/275/275
f 447/447/447 438/438/438 402/402/402
f 451/451/451 427/427/427 420/420/420
f 410/410/410 454/454/454 419/419/419
f 457/457/457 440/440/440 401/401/401
f 451/451/451 402/402/402 427/427/427
f 428/428/428 417/417/417 429/429/429
f 541/541/541 389/389/389 436/436/436
f 522/522/522 396/396/396 445/445/445
f 468/468/468 228/228/228 227/227/227
f 468/468/468 679/679/679 228/228/228
f 451/451/451 447/447/447 402/402/402
f 473/473/473 681/681/681 476/476/476
f 473/473/473 477/477/477 205/205/205
f 473/473/473 205/205/205 681/681/681
f 481/481/481 266/266/266 269/269/269
f 481/481/481 269/269/269 223/223/223
f 485/485/485 446/446/446 417/417/417
f 487/487/487 498/498/498 237/237/237
f 485/485/485 417/417/417 428/428/428
f 488/488/488 239/239/239 232/232/232
f 500/500/500 501/501/501 679/679/679
f 500/500/500 679/679/679 468/468/468
f 485/485/485 428/428/428 503/503/503
f 485/485/485 505/505/505 446/446/446
f 506/506/506 473/473/473 476/476/476
f 510/510/510 505/505/505 485/485/485
f 512/512/512 447/447/447 451/451/451
f 520/520/520 504/504/504 524/524/524
f 667/667/667 539/539/539 546/546/546
f 518/518/518 483/483/483 502/502/502
f 521/521/521 549/549/549 482/482/482
f 492/492/492 231/231/231 294/294/294
f 553/553/553 554/554/554 536/536/536
f 553/553/553 536/536/536 530/530/530
f 556/556/556 447/447/447 512/512/512
f 558/558/558 561/561/561 266/266/266
f 564/564/564 505/505/505 510/510/510
f 558/558/558 266/266/266 481/481/481
f 564/564/564 457/457/457 505/505/505
f 567/567/567 496/496/496 491/491/491
f 512/512/512 451/451/451 570/570/570
f 546/546/546 539/539/539 571/571/571
f 556/556/556 578/578/578 447/447/447
f 577/577/577 547/547/547 517/517/517
f 580/580/580 223/223/223 581/581/581
f 580/580/580 481/481/481 223/223/223
f 582/582/582 455/455/455 408/408/408
f 592/592/592 548/548/548 575/575/575
f 593/593/593 546/546/546 571/571/571
f 596/596/596 576/576/576 516/516/516
f 591/591/591 601/601/601 550/550/550
f 468/468/468 227/227/227 453/453/453
f 473/473/473 604/604/604 477/477/477
f 603/603/603 512/512/512 570/570/570
f 486/486/486 295/295/295 604/604/604
f 556/556/556 571/571/571 578/578/578
f 605/605/605 570/570/570 554/554/554
f 605/605/605 554/554/554 553/553/553
f 608/608/608 501/501/501 500/500/500
f 613/613/613 280/280/280 281/281/281
f 612/612/612 600/600/600 514/514/514
f 506/506/506 476/476/476 561/561/561
f 618/618/618 602/602/602 588/588/588
f 621/621/621 486/486/486 604/604/604
f 624/624/624 597/597/597 611/611/611
f 618/618/618 563/563/563 602/602/602
f 608/608/608 581/581/581 501/501/501
f 627/627/627 604/604/604 473/473/473
f 621/621/621 604/604/604 627/627/627
f 619/619/619 458/458/458 562/562/562
f 566/566/566 634/634/634 493/493/493
f 625/625/625 614/614/614 283/283/283
f 639/639/639 459/459/459 617/617/617
f 298/298/298 637/637/637 471/471/471
f 299/299/299 470/470/470 452/452/452
f 297/297/297 456/456/456 587/587/587
f 318/318/318 632/632/632 565/565/565
f 201/201/201 644/644/644 648/648/648
f 656/656/656 244/244/244 652/652/652
f 638/638/638 433/433/433 442/442/442
f 640/640/640 441/441/441 460/460/460
f 657/657/657 326/326/326 245/245/245
f 231/231/231 390/390/390 663/663/663
f 230/230/230 665/665/665 256/256/256
f 655/655/655 329/329/329 327/327/327
f 664/664/664 393/393/393 540/540/540
f 300/300/300 515/515/515 310/310/310
f 303/303/303 313/313/313 319/319/319
f 312/312/312 519/519/519 444/444/444
f 444/444/444 519/519/519 523/523/523
f 320/320/320 635/635/635 301/301/301
f 238/238/238 649/649/649 246/246/246
f 261/261/261 667/667/667 673/673/673
f 676/676/676 571/571/571 556/556/556
f 676/676/676 593/593/593 571/571/571
f 679/679/679 570/570/570 605/605/605
f 679/679/679 603/603/603 570/570/570
f 681/681/681 593/593/593 676/676/676
f 676/676/676 556/556/556 683/683/683
f 685/685/685 603/603/603 679/679/679
f 374/374/374 688/688/688 690/690/690
f 681/681/681 693/693/693 593/593/593
f 695/695/695 561/561/561 558/558/558
f 695/695/695 506/506/506 561/561/561
f 685/685/685 269/269/269 603/603/603
f 695/695/695 558/558/558 697/697/697
f 205/205/205 261/261/261 673/673/673
f 262/262/262 581/581/581 608/608/608
f 679/679/679 605/605/605 216/216/216
f 262/262/262 580/580/580 581/581/581
f 252/252/252 621/621/621 627/627/627
f 374/374/374 690/690/690 530/530/530
f 266/266/266 676/676/676 683/683/683
f 699/699/699 621/621/621 252/252/252
f 699/699/699 222/222/222 621/621/621
f 688/688/688 228/228/228 690/690/690
f 695/695/695 215/215/215 506/506/506
f 262/262/262 265/265/265 580/580/580
f 208/208/208 262/262/262 608/608/608
f 308/308/308 203/203/203 670/670/670
f 266/266/266 683/683/683 269/269/269
f 461/461/461 399/399/399 43/43/43
f 462/462/462 41/41/41 101/101/101
f 363/363/363 37/37/37 42/42/42
f 400/400/400 361/361/361 40/40/40
f 701/701/701 154/154/154 178/178/178
f 217/217/217 698/698/698 179/179/179
f 700/700/700 251/251/251 152/152/152
f 250/250/250 157/157/157 153/153/153
f 569/569/569 91/91/91 123/123/123
f 490/490/490 104/104/104 92/92/92
f 568/568/568 489/489/489 93/93/93
f 365/365/365 397/397/397 198/198/198
f 398/398/398 39/39/39 200/200/200
f 366/366/366 199/199/199 38/38/38
f 212/212/212 146/146/146 189/189/189
f 248/248/248 191/191/191 156/156/156
f 694/694/694 155/155/155 145/145/145
f 213/213/213 696/696/696 147/147/147
f 507/507/507 128/128/128 84/84/84
f 475/475/475 508/508/508 86/86/86
f 474/474/474 85/85/85 108/108/108
f 292/292/292 186/186/186 109/109/109
f 257/257/257 207/207/207 175/175/175
f 206/206/206 188/188/188 177/177/177
f 259/259/259 176/176/176 184/184/184
f 254/254/254 260/260/260 185/185/185
f 210/210/210 187/187/187 150/150/150
f 263/263/263 209/209/209 148/148/148
f 264/264/264 149/149/149 174/174/174
f 559/559/559 88/88/88 124/124/124
f 479/479/479 579/579/579 111/111/111
f 480/480/480 112/112/112 89/89/89
f 560/560/560 478/478/478 87/87/87
f 680/680/680 170/170/170 83/83/83
f 675/675/675 267/267/267 173/173/173
f 268/268/268 90/90/90 172/172/172
f 682/682/682 674/674/674 171/171/171
f 668/668/668 133/133/133 162/162/162
f 544/544/544 594/594/594 141/141/141
f 545/545/545 140/140/140 132/132/132
f 666/666/666 543/543/543 134/134/134
f 607/607/607 79/79/79 151/151/151
f 469/469/469 636/636/636 126/126/126
f 466/466/466 127/127/127 103/103/103
f 472/472/472 102/102/102 80/80/80
f 499/499/499 467/467/467 81/81/81
f 684/684/684 167/167/167 195/195/195
f 677/677/677 190/190/190 168/168/168
f 686/686/686 678/678/678 169/169/169
f 555/555/555 131/131/131 144/144/144
f 513/513/513 142/142/142 129/129/129
f 557/557/557 511/511/511 130/130/130
f 542/542/542 98/98/98 135/135/135
f 439/439/439 448/448/448 105/105/105
f 437/437/437 106/106/106 100/100/100
f 538/538/538 435/435/435 99/99/99
f 689/689/689 377/377/377 181/181/181
f 376/376/376 67/67/67 182/182/182
f 687/687/687 183/183/183 192/192/192
f 606/606/606 552/552/552 136/136/136
f 691/691/691 180/180/180 68/68/68
f 531/531/531 692/692/692 69/69/69
f 527/527/527 70/70/70 137/137/137
f 551/551/551 525/525/525 138/138/138
f 534/534/534 139/139/139 64/64/64
f 424/424/424 537/537/537 66/66/66
f 422/422/422 65/65/65 95/95/95
f 450/450/450 421/421/421 97/97/97
f 449/449/449 96/96/96 114/114/114
f 341/341/341 76/76/76 71/71/71
f 353/353/353 340/340/340 72/72/72
f 354/354/354 73/73/73 74/74/74
f 509/509/509 78/78/78 94/94/94
f 484/484/484 82/82/82 77/77/77
f 233/233/233 247/247/247 325/325/325
f 236/236/236 322/322/322 393/393/393
f 610/610/610 519/519/519 304/304/304
f 609/609/609 296/296/296 278/278/278
f 713/713/713 240/240/240 494/494/494
f 704/704/704 712/712/712 495/495/495
f 706/706/706 671/671/671 659/659/659
f 710/710/710 705/705/705 651/651/651
f 707/707/707 658/658/658 654/654/654
f 711/711/711 709/709/709 653/653/653
f 714/714/714 650/650/650 242/242/242
f 717/717/717 305/305/305 672/672/672
f 708/708/708 716/716/716 669/669/669
f 702/702/702 497/497/497 630/630/630
f 718/718/718 703/703/703 628/628/628
f 719/719/719 633/633/633 430/430/430
f 720/720/720 431/431/431 307/307/307
f 715/715/715 721/721/721 306/306/306
f 724/724/724 732/732/732 622/622/622
f 722/722/722 623/623/623 645/645/645
f 726/726/726 590/590/590 572/572/572
f 729/729/729 727/727/727 573/573/573
f 731/731/731 574/574/574 599/599/599
f 733/733/733 730/730/730 595/595/595
f 734/734/734 598/598/598 626/626/626
f 728/728/728 738/738/738 616/616/616
f 725/725/725 615/615/615 589/589/589
f 737/737/737 723/723/723 647/647/647
f 735/735/735 646/646/646 643/643/643
f 740/740/740 736/736/736 642/642/642
f 739/739/739 641/641/641 620/620/620
f 742/742/742 752/752/752 331/331/331
f 741/741/741 330/330/330 226/226/226
f 744/744/744 359/359/359 385/385/385
f 750/750/750 745/745/745 384/384/384
f 749/749/749 386/386/386 334/334/334
f 751/751/751 748/748/748 335/335/335
f 753/753/753 333/333/333 332/332/332
f 747/747/747 759/759/759 347/347/347
f 746/746/746 350/350/350 360/360/360
f 756/756/756 743/743/743 224/224/224
f 755/755/755 225/225/225 273/273/273
f 757/757/757 754/754/754 272/272/272
f 758/758/758 270/270/270 346/346/346
f 772/772/772 585/585/585 407/407/407
f 760/760/760 770/770/770 405/405/405
f 764/764/764 662/662/662 285/285/285
f 768/768/768 765/765/765 288/288/288
f 766/766/766 282/282/282 287/287/287
f 769/769/769 767/767/767 291/291/291
f 771/771/771 286/286/286 584/584/584
f 774/774/774 463/463/463 661/661/661
f 763/763/763 773/773/773 660/660/660
f 761/761/761 406/406/406 368/368/368
f 779/779/779 762/762/762 372/372/372
f 776/776/776 370/370/370 416/416/416
f 778/778/778 414/414/414 465/465/465
f 775/775/775 777/777/777 464/464/464
f 783/783/783 788/788/788 790/790/790
f 787/787/787 782/782/782 781/781/781
f 787/787/787 786/786/786 782/782/782
f 781/781/781 783/783/783 785/785/785
f 789/789/789 780/780/780 782/782/782
f 786/786/786 789/789/789 782/782/782
f 795/795/795 784/784/784 792/792/792
f 793/793/793 791/791/791 794/794/794
f 806/806/806 796/796/796 75/75/75
f 809/809/809 805/805/805 117/117/117
f 807/807/807 808/808/808 143/143/143
f 812/812/812 56/56/56 54/54/54
f 814/814/814 53/53/53 46/46/46
f 819/819/819 47/47/47 44/44/44
f 821/821/821 818/818/818 50/50/50
f 817/817/817 45/45/45 48/48/48
f 823/823/823 49/49/49 51/51/51
f 820/820/820 52/52/52 57/57/57
f 822/822/822 58/58/58 59/59/59
f 815/815/815 811/811/811 62/62/62
f 816/816/816 63/63/63 61/61/61
f 813/813/813 60/60/60 55/55/55
f 825/825/825 824/824/824 120/120/120
f 827/827/827 116/116/116 113/113/113
f 826/826/826 107/107/107 110/110/110
f 829/829/829 115/115/115 119/119/119
f 831/831/831 828/828/828 122/122/122
f 830/830/830 118/118/118 121/121/121
f 802/802/802 193/193/193 166/166/166
f 800/800/800 165/165/165 163/163/163
f 804/804/804 164/164/164 158/158/158
f 810/810/810 803/803/803 160/160/160
f 799/799/799 159/159/159 161/161/161
f 801/801/801 797/797/797 196/196/196
f 798/798/798 197/197/197 194/194/194
f 837/837/837 832/832/832 835/835/835
f 839/839/839 838/838/838 836/836/836
f 834/834/834 838/838/838 839/839/839
f 833/833/833 839/839/839 835/835/835
f 844/844/844 847/847/847 850/850/850
f 849/849/849 856/856/856 843/843/843
f 848/848/848 840/840/840 886/886/886
f 853/853/853 841/841/841 852/852/852
f 855/855/855 857/857/857 846/846/846
f 872/872/872 871/871/871 868/868/868
f 867/867/867 871/871/871 866/866/866
f 868/868/868 871/871/871 867/867/867
f 877/877/877 875/875/875 880/880/880
f 876/876/876 873/873/873 874/874/874
f 851/851/851 881/881/881 845/845/845
f 884/884/884 885/885/885 883/883/883
f 888/888/888 889/889/889 879/879/879
f 882/882/882 878/878/878 887/887/887
f 890/890/890 870/870/870 869/869/869
f 891/891/891 842/842/842 854/854/854
f 897/897/897 893/893/893 894/894/894
f 863/863/863 865/865/865 898/898/898
f 899/899/899 904/904/904 892/892/892
f 862/862/862 864/864/864 895/895/895
f 860/860/860 896/896/896 900/900/900
f 859/859/859 861/861/861 902/902/902
f 858/858/858 901/901/901 903/903/903

