mtllib material.mtl
usemtl material_0
v -0.02115900 0.00900000 0.00511600
v -0.02115900 0.00900000 0.00511600
v -0.02115900 0.00900000 0.00511600
v -0.02115900 0.00900000 0.00511600
v -0.02165900 0.00900000 0.00525000
v -0.02165900 0.00900000 0.00525000
v -0.02165900 0.00900000 0.00525000
v -0.02165900 0.00900000 0.00525000
v -0.02165900 0.00900000 0.00525000
v -0.04895900 0.00900000 0.00575000
v -0.04895900 0.00900000 0.00575000
v -0.04895900 0.00900000 0.00575000
v -0.04895900 0.00900000 0.00575000
v -0.04895900 0.00900000 0.00575000
v -0.04945900 0.00900000 0.00525000
v -0.04945900 0.00900000 0.00525000
v -0.04945900 0.00900000 0.00525000
v -0.04945900 0.00900000 0.00525000
v -0.04945900 0.00900000 0.00525000
v -0.04945900 0.00900000 0.00525000
v -0.01277600 0.00900000 0.01220000
v -0.01277600 0.00900000 0.01220000
v -0.01277600 0.00900000 0.01220000
v -0.01277600 0.00900000 0.01220000
v -0.01277600 0.00900000 0.01220000
v -0.04945900 0.00900000 -0.01220000
v -0.04945900 0.00900000 -0.01220000
v -0.04945900 0.00900000 -0.01220000
v -0.04945900 0.00900000 -0.01220000
v -0.04945900 0.00900000 -0.01220000
v -0.04895900 0.00900000 -0.01170000
v -0.04895900 0.00900000 -0.01170000
v -0.04895900 0.00900000 -0.01170000
v -0.04895900 0.00900000 -0.01170000
v -0.04895900 0.00900000 -0.01170000
v -0.04895900 0.00900000 -0.00575000
v -0.04895900 0.00900000 -0.00575000
v -0.04895900 0.00900000 -0.00575000
v -0.04895900 0.00900000 -0.00575000
v -0.04895900 0.00900000 -0.00575000
v -0.02115900 0.00900000 -0.00511600
v -0.02115900 0.00900000 -0.00511600
v -0.02115900 0.00900000 -0.00511600
v -0.02115900 0.00900000 -0.00511600
v -0.02115900 0.00900000 -0.00511600
v -0.02015900 0.00900000 -0.00575000
v -0.02015900 0.00900000 -0.00575000
v -0.02015900 0.00900000 -0.00575000
v -0.02015900 0.00900000 -0.00575000
v -0.02015900 0.00900000 -0.00575000
v -0.02079300 0.00900000 -0.00475000
v -0.02079300 0.00900000 -0.00475000
v -0.02079300 0.00900000 -0.00475000
v -0.02079300 0.00900000 -0.00475000
v -0.02065900 0.00900000 -0.00425000
v -0.02065900 0.00900000 -0.00425000
v -0.02065900 0.00900000 -0.00425000
v -0.02065900 0.00900000 -0.00425000
v -0.02065900 0.00900000 -0.00425000
v -0.00856900 -0.00900000 -0.00075000
v -0.00856900 -0.00900000 -0.00075000
v -0.00856900 -0.00900000 -0.00075000
v -0.00856900 -0.00900000 -0.00075000
v -0.00856900 -0.00900000 -0.00075000
v -0.00831900 -0.00893300 -0.01220000
v -0.00831900 -0.00893300 -0.01220000
v -0.00831900 -0.00893300 -0.01220000
v -0.00831900 -0.00893300 -0.01220000
v -0.00831900 -0.00893300 -0.01220000
v -0.00831900 -0.00893300 -0.01220000
v -0.00831900 -0.00893300 -0.01220000
v -0.00831900 -0.00893300 -0.00074700
v -0.00831900 -0.00893300 -0.00074700
v -0.00831900 -0.00893300 -0.00074700
v -0.00831900 -0.00893300 -0.00074700
v -0.00821500 -0.00885300 -0.00073500
v -0.00821500 -0.00885300 -0.00073500
v -0.00821500 -0.00885300 -0.00073500
v -0.00821500 -0.00885300 -0.00073500
v -0.00821500 -0.00885300 -0.00073500
v -0.00813600 -0.00875000 -0.01220000
v -0.00813600 -0.00875000 -0.01220000
v -0.00813600 -0.00875000 -0.01220000
v -0.00813600 -0.00875000 -0.01220000
v -0.00813600 -0.00875000 -0.01220000
v -0.00813600 -0.00875000 -0.01220000
v -0.00813600 -0.00875000 -0.01220000
v -0.00806900 -0.00850000 -0.01220000
v -0.00806900 -0.00850000 -0.01220000
v -0.00806900 -0.00850000 -0.01220000
v -0.00806900 -0.00850000 -0.01220000
v -0.00806900 -0.00850000 -0.01220000
v -0.00806900 -0.00850000 -0.01220000
v -0.00806900 -0.00850000 -0.01220000
v -0.00006900 -0.00700000 -0.00075000
v -0.00006900 -0.00700000 -0.00075000
v -0.00006900 -0.00700000 -0.00075000
v -0.00006900 -0.00700000 -0.00075000
v -0.00006900 -0.00700000 -0.00075000
v 0.00367400 0.00595900 -0.00075000
v 0.00367400 0.00595900 -0.00075000
v 0.00367400 0.00595900 -0.00075000
v 0.00367400 0.00595900 -0.00075000
v 0.00367400 0.00595900 -0.00075000
v 0.00633100 0.00298700 -0.00075000
v 0.00633100 0.00298700 -0.00075000
v 0.00633100 0.00298700 -0.00075000
v 0.00633100 0.00298700 -0.00075000
v 0.00633100 0.00298700 -0.00075000
v 0.00691900 0.00106100 -0.00075000
v 0.00691900 0.00106100 -0.00075000
v 0.00691900 0.00106100 -0.00075000
v 0.00691900 0.00106100 -0.00075000
v 0.00691900 0.00106100 -0.00075000
v 0.00693500 -0.00095300 -0.00075000
v 0.00693500 -0.00095300 -0.00075000
v 0.00693500 -0.00095300 -0.00075000
v 0.00693500 -0.00095300 -0.00075000
v 0.00693500 -0.00095300 -0.00075000
v 0.00693500 -0.00095300 -0.00870000
v 0.00693500 -0.00095300 -0.00870000
v 0.00693500 -0.00095300 -0.00870000
v 0.00693500 -0.00095300 -0.00870000
v 0.00637600 -0.00288800 -0.00075000
v 0.00637600 -0.00288800 -0.00075000
v 0.00637600 -0.00288800 -0.00075000
v 0.00637600 -0.00288800 -0.00075000
v 0.00637600 -0.00288800 -0.00075000
v 0.00529000 -0.00458400 -0.00075000
v 0.00529000 -0.00458400 -0.00075000
v 0.00529000 -0.00458400 -0.00075000
v 0.00529000 -0.00458400 -0.00075000
v 0.00529000 -0.00458400 -0.00075000
v 0.00376600 -0.00590100 -0.00075000
v 0.00376600 -0.00590100 -0.00075000
v 0.00376600 -0.00590100 -0.00075000
v 0.00376600 -0.00590100 -0.00075000
v 0.00376600 -0.00590100 -0.00075000
v 0.00182500 0.00675800 0.00075000
v 0.00182500 0.00675800 0.00075000
v 0.00182500 0.00675800 0.00075000
v 0.00182500 0.00675800 0.00075000
v 0.00182500 0.00675800 0.00075000
v 0.00693500 -0.00095300 0.00075000
v 0.00693500 -0.00095300 0.00075000
v 0.00693500 -0.00095300 0.00075000
v 0.00693500 -0.00095300 0.00075000
v 0.00693500 -0.00095300 0.00225000
v 0.00693500 -0.00095300 0.00225000
v 0.00693500 -0.00095300 0.00225000
v 0.00693500 -0.00095300 0.00225000
v 0.00693500 -0.00095300 0.00225000
v 0.00637600 -0.00288800 0.00225000
v 0.00637600 -0.00288800 0.00225000
v 0.00637600 -0.00288800 0.00225000
v 0.00637600 -0.00288800 0.00225000
v 0.00637600 -0.00288800 0.00225000
v 0.00637600 -0.00288800 0.00075000
v 0.00637600 -0.00288800 0.00075000
v 0.00637600 -0.00288800 0.00075000
v 0.00637600 -0.00288800 0.00075000
v 0.00376600 -0.00590100 0.00225000
v 0.00376600 -0.00590100 0.00225000
v 0.00376600 -0.00590100 0.00225000
v 0.00376600 -0.00590100 0.00225000
v 0.00376600 -0.00590100 0.00225000
v 0.00376600 -0.00590100 0.00075000
v 0.00376600 -0.00590100 0.00075000
v 0.00376600 -0.00590100 0.00075000
v 0.00376600 -0.00590100 0.00075000
v -0.00216000 0.00665800 0.00225000
v -0.00216000 0.00665800 0.00225000
v -0.00216000 0.00665800 0.00225000
v -0.00216000 0.00665800 0.00225000
v -0.00216000 0.00665800 0.00225000
v -0.00216000 0.00665800 -0.00870000
v -0.00216000 0.00665800 -0.00870000
v -0.00216000 0.00665800 -0.00870000
v -0.00216000 0.00665800 -0.00870000
v -0.00006900 -0.00700000 0.00225000
v -0.00006900 -0.00700000 0.00225000
v -0.00006900 -0.00700000 0.00225000
v -0.00006900 -0.00700000 -0.00870000
v -0.00006900 -0.00700000 -0.00870000
v -0.00006900 -0.00700000 -0.00870000
v -0.00006900 -0.00700000 -0.00870000
v -0.00006900 -0.00700000 -0.00870000
v -0.00544400 0.00440000 -0.00870000
v -0.00544400 0.00440000 -0.00870000
v -0.00544400 0.00440000 -0.00870000
v -0.00544400 0.00440000 -0.00870000
v -0.00652800 0.00361000 -0.00870000
v -0.00652800 0.00361000 -0.00870000
v -0.00652800 0.00361000 -0.00870000
v -0.00652800 0.00361000 -0.00870000
v -0.00652800 0.00361000 -0.00870000
v -0.00736300 0.00256100 -0.00870000
v -0.00736300 0.00256100 -0.00870000
v -0.00736300 0.00256100 -0.00870000
v -0.00736300 0.00256100 -0.00870000
v -0.00736300 0.00256100 -0.00870000
v -0.00736300 0.00256100 0.00225000
v -0.00736300 0.00256100 0.00225000
v -0.00736300 0.00256100 0.00225000
v -0.00736300 0.00256100 0.00225000
v 0.00277800 0.00000000 0.00225000
v 0.00277800 0.00000000 0.00225000
v 0.00277800 0.00000000 0.00225000
v 0.00277800 0.00000000 0.00225000
v 0.00250300 -0.00120500 0.00225000
v 0.00250300 -0.00120500 0.00225000
v 0.00250300 -0.00120500 0.00225000
v 0.00250300 -0.00120500 0.00225000
v 0.00061800 -0.00270800 0.00225000
v 0.00061800 -0.00270800 0.00225000
v 0.00061800 -0.00270800 0.00225000
v 0.00061800 -0.00270800 0.00225000
v -0.00173200 -0.00217200 0.00225000
v -0.00173200 -0.00217200 0.00225000
v -0.00173200 -0.00217200 0.00225000
v -0.00173200 -0.00217200 0.00225000
v -0.00250300 -0.00120500 0.00225000
v -0.00250300 -0.00120500 0.00225000
v -0.00250300 -0.00120500 0.00225000
v -0.00250300 -0.00120500 0.00225000
v -0.00277800 0.00000000 0.00225000
v -0.00277800 0.00000000 0.00225000
v -0.00277800 0.00000000 0.00225000
v -0.00277800 0.00000000 0.00225000
v -0.00173200 0.00217200 0.00225000
v -0.00173200 0.00217200 0.00225000
v -0.00173200 0.00217200 0.00225000
v -0.00173200 0.00217200 0.00225000
v -0.00061800 0.00270800 0.00225000
v -0.00061800 0.00270800 0.00225000
v -0.00061800 0.00270800 0.00225000
v -0.00061800 0.00270800 0.00225000
v -0.00061800 0.00270800 -0.00870000
v -0.00061800 0.00270800 -0.00870000
v -0.00061800 0.00270800 -0.00870000
v -0.00061800 0.00270800 -0.00870000
v -0.00061800 0.00270800 -0.00870000
v 0.00173200 0.00217200 0.00225000
v 0.00173200 0.00217200 0.00225000
v 0.00173200 0.00217200 0.00225000
v 0.00173200 0.00217200 0.00225000
v 0.00250300 0.00120500 -0.00870000
v 0.00250300 0.00120500 -0.00870000
v 0.00250300 0.00120500 -0.00870000
v 0.00250300 0.00120500 -0.00870000
v 0.00250300 0.00120500 -0.00870000
v 0.00250300 0.00120500 0.00225000
v 0.00250300 0.00120500 0.00225000
v 0.00250300 0.00120500 0.00225000
v 0.00250300 0.00120500 0.00225000
v -0.00788900 0.00132800 0.00640000
v -0.00788900 0.00132800 0.00640000
v -0.00788900 0.00132800 0.00640000
v -0.00736300 0.00256100 0.00920000
v -0.00736300 0.00256100 0.00920000
v -0.00736300 0.00256100 0.00920000
v -0.00736300 0.00256100 0.00920000
v -0.00736300 0.00256100 0.00920000
v -0.00544400 0.00440000 0.00920000
v -0.00544400 0.00440000 0.00920000
v -0.00544400 0.00440000 0.00920000
v -0.00544400 0.00440000 0.00920000
v -0.00544400 0.00440000 0.00920000
v -0.00006600 -0.00700000 0.00920000
v -0.00006600 -0.00700000 0.00920000
v -0.00006600 -0.00700000 0.00920000
v -0.00006600 -0.00700000 0.00920000
v -0.00006600 -0.00700000 0.00920000
v -0.00006600 -0.00700000 0.00920000
v -0.00006700 -0.00700000 0.00740000
v -0.00006700 -0.00700000 0.00740000
v -0.00006700 -0.00700000 0.00740000
v -0.00006700 -0.00700000 0.00740000
v -0.00006600 -0.00700000 0.00740000
v -0.00006600 -0.00700000 0.00740000
v -0.00006600 -0.00700000 0.00740000
v -0.00006900 -0.00700000 0.00740000
v -0.00006900 -0.00700000 0.00740000
v -0.00006900 -0.00700000 0.00740000
v -0.00006900 -0.00700000 0.00740000
v -0.00006900 -0.00700000 0.00740000
v -0.00250300 -0.00120500 0.00920000
v -0.00250300 -0.00120500 0.00920000
v -0.00250300 -0.00120500 0.00920000
v -0.00250300 -0.00120500 0.00920000
v -0.00250300 -0.00120500 0.00920000
v -0.00250300 -0.00120500 0.00640000
v -0.00250300 -0.00120500 0.00640000
v -0.00250300 -0.00120500 0.00640000
v -0.00061800 -0.00270800 0.00640000
v -0.00061800 -0.00270800 0.00640000
v -0.00061800 -0.00270800 0.00640000
v -0.00061800 -0.00270800 0.00640000
v -0.00061800 -0.00270800 0.00920000
v -0.00061800 -0.00270800 0.00920000
v -0.00061800 -0.00270800 0.00920000
v -0.00061800 -0.00270800 0.00920000
v -0.00061800 -0.00270800 0.00920000
v -0.00061800 -0.00270800 0.00920000
v 0.00061800 -0.00270800 0.00920000
v 0.00061800 -0.00270800 0.00920000
v 0.00061800 -0.00270800 0.00920000
v 0.00061800 -0.00270800 0.00920000
v 0.00061800 -0.00270800 0.00920000
v 0.00173200 -0.00217200 0.00920000
v 0.00173200 -0.00217200 0.00920000
v 0.00173200 -0.00217200 0.00920000
v 0.00173200 -0.00217200 0.00920000
v 0.00173200 -0.00217200 0.00920000
v 0.00173200 -0.00217200 0.00640000
v 0.00173200 -0.00217200 0.00640000
v 0.00173200 -0.00217200 0.00640000
v 0.00173200 -0.00217200 0.00640000
v 0.00250300 -0.00120500 0.00920000
v 0.00250300 -0.00120500 0.00920000
v 0.00250300 -0.00120500 0.00920000
v 0.00250300 -0.00120500 0.00920000
v 0.00250300 -0.00120500 0.00920000
v 0.00250300 -0.00120500 0.00640000
v 0.00250300 -0.00120500 0.00640000
v 0.00250300 -0.00120500 0.00640000
v 0.00250300 -0.00120500 0.00640000
v 0.00277800 0.00000000 0.00640000
v 0.00277800 0.00000000 0.00640000
v 0.00277800 0.00000000 0.00640000
v 0.00277800 0.00000000 0.00640000
v 0.00250300 0.00120500 0.00920000
v 0.00250300 0.00120500 0.00920000
v 0.00250300 0.00120500 0.00920000
v 0.00250300 0.00120500 0.00920000
v 0.00250300 0.00120500 0.00920000
v 0.00250300 0.00120500 0.00640000
v 0.00250300 0.00120500 0.00640000
v 0.00250300 0.00120500 0.00640000
v 0.00250300 0.00120500 0.00640000
v 0.00061800 0.00270800 0.00640000
v 0.00061800 0.00270800 0.00640000
v 0.00061800 0.00270800 0.00640000
v 0.00061800 0.00270800 0.00640000
v -0.00061800 0.00270800 0.00920000
v -0.00061800 0.00270800 0.00920000
v -0.00061800 0.00270800 0.00920000
v -0.00061800 0.00270800 0.00920000
v -0.00061800 0.00270800 0.00920000
v -0.00173200 0.00217200 0.00920000
v -0.00173200 0.00217200 0.00920000
v -0.00173200 0.00217200 0.00920000
v -0.00173200 0.00217200 0.00920000
v -0.00173200 0.00217200 0.00920000
v -0.00250300 0.00120500 0.00640000
v -0.00250300 0.00120500 0.00640000
v -0.00250300 0.00120500 0.00640000
v -0.00250300 0.00120500 0.00640000
v -0.00277800 0.00000000 0.00920000
v -0.00277800 0.00000000 0.00920000
v -0.00277800 0.00000000 0.00920000
v -0.00277800 0.00000000 0.00920000
v -0.00277800 0.00000000 0.00920000
v -0.00396600 0.00576800 0.00640000
v -0.00396600 0.00576800 0.00640000
v -0.00396600 0.00576800 0.00640000
v -0.00396600 0.00576800 0.00640000
v -0.00216000 0.00665800 0.00640000
v -0.00216000 0.00665800 0.00640000
v -0.00216000 0.00665800 0.00640000
v -0.00216000 0.00665800 0.00640000
v -0.00216000 0.00665800 0.00920000
v -0.00216000 0.00665800 0.00920000
v -0.00216000 0.00665800 0.00920000
v -0.00216000 0.00665800 0.00920000
v -0.00216000 0.00665800 0.00920000
v -0.00017500 0.00699800 0.00640000
v -0.00017500 0.00699800 0.00640000
v -0.00017500 0.00699800 0.00640000
v -0.00017500 0.00699800 0.00640000
v -0.00017500 0.00699800 0.00920000
v -0.00017500 0.00699800 0.00920000
v -0.00017500 0.00699800 0.00920000
v -0.00017500 0.00699800 0.00920000
v -0.00017500 0.00699800 0.00920000
v 0.00182500 0.00675800 0.00920000
v 0.00182500 0.00675800 0.00920000
v 0.00182500 0.00675800 0.00920000
v 0.00182500 0.00675800 0.00920000
v 0.00367400 0.00595900 0.00920000
v 0.00367400 0.00595900 0.00920000
v 0.00367400 0.00595900 0.00920000
v 0.00367400 0.00595900 0.00920000
v 0.00367400 0.00595900 0.00920000
v 0.00367400 0.00595900 0.00920000
v 0.00367400 0.00595900 0.00640000
v 0.00367400 0.00595900 0.00640000
v 0.00367400 0.00595900 0.00640000
v 0.00367400 0.00595900 0.00640000
v 0.00521800 0.00466600 0.00920000
v 0.00521800 0.00466600 0.00920000
v 0.00521800 0.00466600 0.00920000
v 0.00521800 0.00466600 0.00920000
v 0.00521800 0.00466600 0.00920000
v 0.00633100 0.00298700 0.00920000
v 0.00633100 0.00298700 0.00920000
v 0.00633100 0.00298700 0.00920000
v 0.00633100 0.00298700 0.00920000
v 0.00633100 0.00298700 0.00920000
v 0.00691900 0.00106100 0.00920000
v 0.00691900 0.00106100 0.00920000
v 0.00691900 0.00106100 0.00920000
v 0.00691900 0.00106100 0.00920000
v 0.00691900 0.00106100 0.00920000
v 0.00529000 -0.00458400 0.00920000
v 0.00529000 -0.00458400 0.00920000
v 0.00529000 -0.00458400 0.00920000
v 0.00529000 -0.00458400 0.00920000
v 0.00529000 -0.00458400 0.00920000
v 0.00637600 -0.00288800 0.00640000
v 0.00637600 -0.00288800 0.00640000
v 0.00637600 -0.00288800 0.00640000
v 0.00637600 -0.00288800 0.00640000
v 0.00529000 -0.00458400 0.00640000
v 0.00529000 -0.00458400 0.00640000
v 0.00529000 -0.00458400 0.00640000
v 0.00529000 -0.00458400 0.00640000
v 0.00376600 -0.00590100 0.00920000
v 0.00376600 -0.00590100 0.00920000
v 0.00376600 -0.00590100 0.00920000
v 0.00376600 -0.00590100 0.00920000
v 0.00376600 -0.00590100 0.00920000
v 0.00193000 -0.00672900 0.00920000
v 0.00193000 -0.00672900 0.00920000
v 0.00193000 -0.00672900 0.00920000
v 0.00193000 -0.00672900 0.00920000
v 0.00193000 -0.00672900 0.00920000
v 0.00193000 -0.00672900 0.00920000
v -0.04995900 0.00128900 -0.00525000
v -0.04995900 0.00128900 -0.00525000
v -0.04995900 0.00128900 -0.00525000
v -0.04995900 0.00128900 -0.00525000
v -0.04995900 0.00128900 -0.00525000
v -0.04995900 0.00128900 -0.00525000
v -0.01890900 -0.00900000 0.00000000
v -0.01890900 -0.00900000 0.00000000
v -0.01890900 -0.00900000 0.00000000
v -0.01890900 -0.00900000 0.00000000
v -0.01890900 -0.00900000 0.00000000
v -0.00856900 -0.00900000 -0.01220000
v -0.00856900 -0.00900000 -0.01220000
v -0.00856900 -0.00900000 -0.01220000
v -0.00856900 -0.00900000 -0.01220000
v -0.00856900 -0.00900000 -0.01220000
v -0.00856900 -0.00900000 -0.01220000
v -0.00856900 -0.00900000 -0.01220000
v -0.02115900 -0.00900000 -0.00511600
v -0.02115900 -0.00900000 -0.00511600
v -0.02115900 -0.00900000 -0.00511600
v -0.02115900 -0.00900000 -0.00511600
v -0.02115900 -0.00900000 -0.00511600
v -0.00856900 -0.00900000 0.01220000
v -0.00856900 -0.00900000 0.01220000
v -0.00856900 -0.00900000 0.01220000
v -0.00856900 -0.00900000 0.01220000
v -0.00856900 -0.00900000 0.01220000
v -0.00856900 -0.00900000 0.01220000
v -0.00856900 -0.00900000 0.01220000
v -0.03250400 -0.00900000 0.00525000
v -0.03250400 -0.00900000 0.00525000
v -0.03250400 -0.00900000 0.00525000
v -0.03250400 -0.00900000 0.00525000
v -0.03250400 -0.00900000 0.00525000
v -0.03250400 -0.00900000 0.00525000
v -0.01853400 -0.00900000 -0.00065000
v -0.01853400 -0.00900000 -0.00065000
v -0.01853400 -0.00900000 -0.00065000
v -0.01853400 -0.00900000 -0.00065000
v -0.01853400 -0.00900000 -0.00065000
v -0.00956900 -0.00900000 -0.00075000
v -0.00956900 -0.00900000 -0.00075000
v -0.00956900 -0.00900000 -0.00075000
v -0.00956900 -0.00900000 -0.00075000
v -0.00956900 -0.00900000 -0.00075000
v -0.00956900 -0.00900000 -0.00075000
v -0.00956900 -0.00900000 -0.00125000
v -0.00956900 -0.00900000 -0.00125000
v -0.00956900 -0.00900000 -0.00125000
v -0.00968300 -0.00900000 -0.00182400
v -0.00968300 -0.00900000 -0.00182400
v -0.00968300 -0.00900000 -0.00182400
v -0.00968300 -0.00900000 -0.00182400
v -0.00968300 -0.00900000 -0.00182400
v -0.01049500 -0.00900000 -0.00263600
v -0.01049500 -0.00900000 -0.00263600
v -0.01049500 -0.00900000 -0.00263600
v -0.01049500 -0.00900000 -0.00263600
v -0.01049500 -0.00900000 -0.00263600
v -0.02079300 -0.00900000 -0.00475000
v -0.02079300 -0.00900000 -0.00475000
v -0.02079300 -0.00900000 -0.00475000
v -0.02079300 -0.00900000 -0.00475000
v -0.01465900 -0.00900000 -0.00075000
v -0.01465900 -0.00900000 -0.00075000
v -0.01465900 -0.00900000 -0.00075000
v -0.01465900 -0.00900000 -0.00075000
v -0.01465900 -0.00900000 -0.00075000
v -0.01256900 -0.00900000 -0.00075000
v -0.01256900 -0.00900000 -0.00075000
v -0.01256900 -0.00900000 -0.00075000
v -0.01256900 -0.00900000 -0.00075000
v -0.01256900 -0.00900000 -0.00075000
v -0.01256900 -0.00900000 -0.00075000
v -0.01213000 -0.00900000 0.00231100
v -0.01213000 -0.00900000 0.00231100
v -0.01213000 -0.00900000 0.00231100
v -0.01213000 -0.00900000 0.00231100
v -0.01213000 -0.00900000 0.00231100
v -0.02115900 -0.00900000 0.00511600
v -0.02115900 -0.00900000 0.00511600
v -0.02115900 -0.00900000 0.00511600
v -0.02115900 -0.00900000 0.00511600
v -0.02165900 -0.00900000 0.00525000
v -0.02165900 -0.00900000 0.00525000
v -0.02165900 -0.00900000 0.00525000
v -0.02165900 -0.00900000 0.00525000
v -0.01164300 -0.00900000 0.00263600
v -0.01164300 -0.00900000 0.00263600
v -0.01164300 -0.00900000 0.00263600
v -0.01164300 -0.00900000 0.00263600
v -0.01256900 -0.00900000 0.00075000
v -0.01256900 -0.00900000 0.00075000
v -0.01256900 -0.00900000 0.00075000
v -0.01256900 -0.00900000 0.00075000
v -0.01256900 -0.00900000 0.00075000
v -0.01256900 -0.00900000 0.00075000
v -0.01256900 -0.00900000 0.00075000
v -0.01256900 -0.00900000 0.00125000
v -0.01256900 -0.00900000 0.00125000
v -0.01256900 -0.00900000 0.00125000
v -0.01256900 -0.00900000 0.00125000
v -0.01256900 -0.00900000 0.00125000
v -0.01853400 -0.00900000 0.00065000
v -0.01853400 -0.00900000 0.00065000
v -0.01853400 -0.00900000 0.00065000
v -0.01853400 -0.00900000 0.00065000
v -0.02079300 -0.00900000 0.00475000
v -0.02079300 -0.00900000 0.00475000
v -0.02079300 -0.00900000 0.00475000
v -0.02079300 -0.00900000 0.00475000
v -0.02079300 -0.00900000 0.00475000
v -0.01815900 -0.00900000 0.00075000
v -0.01815900 -0.00900000 0.00075000
v -0.01815900 -0.00900000 0.00075000
v -0.01815900 -0.00900000 0.00075000
v -0.01815900 -0.00900000 0.00075000
v -0.01815900 -0.00900000 0.00075000
v -0.01049500 -0.00900000 0.00263600
v -0.01049500 -0.00900000 0.00263600
v -0.01049500 -0.00900000 0.00263600
v -0.01049500 -0.00900000 0.00263600
v -0.01049500 -0.00900000 0.00263600
v -0.00968300 -0.00900000 0.00182400
v -0.00968300 -0.00900000 0.00182400
v -0.00968300 -0.00900000 0.00182400
v -0.00968300 -0.00900000 0.00182400
v -0.00968300 -0.00900000 0.00182400
v -0.00956900 -0.00900000 0.00125000
v -0.00956900 -0.00900000 0.00125000
v -0.00956900 -0.00900000 0.00125000
v -0.00956900 -0.00900000 0.00125000
v -0.04970900 0.00085600 -0.01220000
v -0.04970900 0.00085600 -0.01220000
v -0.04970900 0.00085600 -0.01220000
v -0.04970900 0.00085600 -0.01220000
v -0.04970900 0.00085600 -0.01220000
v -0.04970900 0.00085600 -0.01220000
v -0.04970900 0.00085600 -0.00525000
v -0.04970900 0.00085600 -0.00525000
v -0.04970900 0.00085600 -0.00525000
v -0.04970900 0.00085600 -0.00525000
v -0.04970900 0.00085600 -0.00525000
v -0.04970900 0.00085600 -0.00525000
v -0.03275500 -0.00893300 -0.01220000
v -0.03275500 -0.00893300 -0.01220000
v -0.03275500 -0.00893300 -0.01220000
v -0.03275500 -0.00893300 -0.01220000
v -0.03275500 -0.00893300 -0.00525000
v -0.03275500 -0.00893300 -0.00525000
v -0.03275500 -0.00893300 -0.00525000
v -0.03275500 -0.00893300 -0.00525000
v -0.03275500 -0.00893300 -0.00525000
v -0.00806900 -0.00835000 -0.00037500
v -0.00806900 -0.00835000 -0.00037500
v -0.00806900 -0.00835000 -0.00037500
v -0.00806900 -0.00835000 -0.00037500
v -0.00806900 -0.00835000 -0.00037500
v -0.00806900 -0.00835000 -0.00037500
v -0.00806900 0.00000000 0.00225000
v -0.00806900 0.00000000 0.00225000
v -0.00806900 0.00000000 0.00225000
v -0.00806900 0.00000000 0.00225000
v -0.00806900 0.00000000 0.00225000
v -0.00806900 -0.00700000 0.00225000
v -0.00806900 -0.00700000 0.00225000
v -0.00806900 -0.00700000 0.00225000
v -0.00806900 -0.00700000 0.00225000
v -0.00806900 -0.00700000 0.00225000
v -0.00806900 -0.00700000 0.00225000
v -0.00806900 -0.00700000 0.00225000
v -0.00806900 -0.00825000 0.00000000
v -0.00806900 -0.00825000 0.00000000
v -0.00806900 -0.00825000 0.00000000
v -0.00806900 -0.00825000 0.00000000
v -0.00806900 -0.00825000 0.00000000
v -0.00806900 -0.00825000 0.00000000
v -0.00806900 0.00000000 -0.00870000
v -0.00806900 0.00000000 -0.00870000
v -0.00806900 0.00000000 -0.00870000
v -0.00806900 0.00000000 -0.00870000
v -0.00806900 0.00000000 -0.00870000
v -0.00806900 0.00000000 -0.00870000
v -0.00806900 0.00000000 0.00920000
v -0.00806900 0.00000000 0.00920000
v -0.00806900 0.00000000 0.00920000
v -0.00806900 0.00000000 0.00920000
v -0.00806900 0.00000000 0.00920000
v -0.04995900 0.00128900 0.00525000
v -0.04995900 0.00128900 0.00525000
v -0.04995900 0.00128900 0.00525000
v -0.04995900 0.00128900 0.00525000
v -0.04995900 0.00850000 0.00525000
v -0.04995900 0.00850000 0.00525000
v -0.04995900 0.00850000 0.00525000
v -0.04995900 0.00850000 0.00525000
v -0.04995900 0.00850000 0.00525000
v -0.04995900 0.00850000 0.00525000
v -0.04995900 0.00850000 0.00525000
v -0.04995900 0.00850000 0.01220000
v -0.04995900 0.00850000 0.01220000
v -0.04995900 0.00850000 0.01220000
v -0.04995900 0.00850000 0.01220000
v -0.03250400 -0.00850000 0.01270000
v -0.03250400 -0.00850000 0.01270000
v -0.03250400 -0.00850000 0.01270000
v -0.03250400 -0.00850000 0.01270000
v -0.03250400 -0.00850000 0.01270000
v -0.03250400 -0.00850000 0.01270000
v -0.00856900 0.00429300 0.01270000
v -0.00856900 0.00429300 0.01270000
v -0.00856900 0.00429300 0.01270000
v -0.00856900 0.00429300 0.01270000
v -0.00856900 0.00429300 0.01270000
v -0.00856900 0.00429300 0.01270000
v -0.01277600 0.00850000 0.01270000
v -0.01277600 0.00850000 0.01270000
v -0.01277600 0.00850000 0.01270000
v -0.01277600 0.00850000 0.01270000
v -0.01277600 0.00850000 0.01270000
v -0.01277600 0.00850000 0.01270000
v -0.01277600 0.00850000 0.01270000
v -0.04945900 0.00128900 0.01270000
v -0.04945900 0.00128900 0.01270000
v -0.04945900 0.00128900 0.01270000
v -0.04945900 0.00128900 0.01270000
v -0.04945900 0.00128900 0.01270000
v -0.04945900 0.00128900 0.01270000
v -0.04945900 0.00128900 0.01270000
v -0.03250400 -0.00850000 -0.01270000
v -0.03250400 -0.00850000 -0.01270000
v -0.03250400 -0.00850000 -0.01270000
v -0.03250400 -0.00850000 -0.01270000
v -0.03250400 -0.00850000 -0.01270000
v -0.03250400 -0.00850000 -0.01270000
v -0.01242300 0.00885400 -0.01220000
v -0.01242300 0.00885400 -0.01220000
v -0.01242300 0.00885400 -0.01220000
v -0.01242300 0.00885400 -0.01220000
v -0.00006600 -0.00700000 0.00225000
v -0.00006600 -0.00700000 0.00225000
v -0.00006600 -0.00700000 0.00225000
v -0.00006600 -0.00700000 0.00225000
v -0.00006600 -0.00700000 0.00225000
v -0.03275500 -0.00893300 0.01220000
v -0.03275500 -0.00893300 0.01220000
v -0.03275500 -0.00893300 0.01220000
v -0.03275500 -0.00893300 0.01220000
v -0.03275500 -0.00893300 0.01220000
v -0.04945900 0.00128900 -0.00475000
v -0.04945900 0.00128900 -0.00475000
v -0.04945900 0.00128900 -0.00475000
v -0.04945900 0.00128900 -0.00475000
v -0.04945900 0.00128900 -0.00475000
v -0.04945900 0.00128900 -0.00475000
v -0.03250400 -0.00850000 0.00475000
v -0.03250400 -0.00850000 0.00475000
v -0.03250400 -0.00850000 0.00475000
v -0.03250400 -0.00850000 0.00475000
v -0.03250400 -0.00850000 0.00475000
v -0.03250400 -0.00850000 0.00475000
v -0.02115900 0.00850000 -0.00425000
v -0.02115900 0.00850000 -0.00425000
v -0.02115900 0.00850000 -0.00425000
v -0.02115900 0.00850000 -0.00425000
v -0.00652800 0.00361000 0.00225000
v -0.00652800 0.00361000 0.00225000
v -0.00652800 0.00361000 0.00225000
v -0.00652800 0.00361000 0.00225000
v -0.00017500 0.00699800 0.00225000
v -0.00017500 0.00699800 0.00225000
v -0.00017500 0.00699800 0.00225000
v -0.00017500 0.00699800 0.00225000
v -0.00017500 0.00699800 0.00225000
v -0.00017500 0.00699800 0.00225000
v -0.00017500 0.00699800 0.00225000
v -0.00017500 0.00699800 0.00225000
v -0.00396600 0.00576800 0.00225000
v -0.00396600 0.00576800 0.00225000
v -0.00396600 0.00576800 0.00225000
v -0.00396600 0.00576800 0.00225000
v -0.00396600 0.00576800 0.00225000
v -0.00250300 0.00120500 0.00225000
v -0.00250300 0.00120500 0.00225000
v -0.00250300 0.00120500 0.00225000
v -0.00250300 0.00120500 0.00225000
v -0.00544400 0.00440000 0.00225000
v -0.00544400 0.00440000 0.00225000
v -0.00544400 0.00440000 0.00225000
v -0.00544400 0.00440000 0.00225000
v 0.00521800 0.00466600 0.00225000
v 0.00521800 0.00466600 0.00225000
v 0.00521800 0.00466600 0.00225000
v 0.00521800 0.00466600 0.00225000
v 0.00521800 0.00466600 0.00225000
v 0.00367400 0.00595900 0.00225000
v 0.00367400 0.00595900 0.00225000
v 0.00367400 0.00595900 0.00225000
v 0.00367400 0.00595900 0.00225000
v 0.00367400 0.00595900 0.00225000
v 0.00061800 0.00270800 0.00225000
v 0.00061800 0.00270800 0.00225000
v 0.00061800 0.00270800 0.00225000
v 0.00061800 0.00270800 0.00225000
v 0.00182500 0.00675800 0.00225000
v 0.00182500 0.00675800 0.00225000
v 0.00182500 0.00675800 0.00225000
v 0.00182500 0.00675800 0.00225000
v 0.00633100 0.00298700 0.00225000
v 0.00633100 0.00298700 0.00225000
v 0.00633100 0.00298700 0.00225000
v 0.00633100 0.00298700 0.00225000
v 0.00633100 0.00298700 0.00225000
v 0.00691900 0.00106100 0.00225000
v 0.00691900 0.00106100 0.00225000
v 0.00691900 0.00106100 0.00225000
v 0.00691900 0.00106100 0.00225000
v 0.00691900 0.00106100 0.00225000
v -0.00061800 -0.00270800 0.00225000
v -0.00061800 -0.00270800 0.00225000
v -0.00061800 -0.00270800 0.00225000
v -0.00061800 -0.00270800 0.00225000
v 0.00193000 -0.00672900 0.00225000
v 0.00193000 -0.00672900 0.00225000
v 0.00193000 -0.00672900 0.00225000
v 0.00193000 -0.00672900 0.00225000
v 0.00193000 -0.00672900 0.00225000
v 0.00173200 -0.00217200 0.00225000
v 0.00173200 -0.00217200 0.00225000
v 0.00173200 -0.00217200 0.00225000
v 0.00173200 -0.00217200 0.00225000
v 0.00529000 -0.00458400 0.00225000
v 0.00529000 -0.00458400 0.00225000
v 0.00529000 -0.00458400 0.00225000
v 0.00529000 -0.00458400 0.00225000
v 0.00529000 -0.00458400 0.00225000
v -0.00788900 0.00132800 0.00225000
v -0.00788900 0.00132800 0.00225000
v -0.00788900 0.00132800 0.00225000
v -0.00006900 -0.00700000 0.00640000
v -0.00006900 -0.00700000 0.00640000
v -0.00006900 -0.00700000 0.00640000
v -0.00006900 -0.00700000 0.00640000
v -0.00006900 -0.00700000 0.00640000
v 0.00173200 0.00217200 0.00640000
v 0.00173200 0.00217200 0.00640000
v 0.00173200 0.00217200 0.00640000
v 0.00173200 0.00217200 0.00640000
v 0.00173200 0.00217200 0.00640000
v 0.00182500 0.00675800 0.00640000
v 0.00182500 0.00675800 0.00640000
v 0.00182500 0.00675800 0.00640000
v 0.00182500 0.00675800 0.00640000
v 0.00521800 0.00466600 0.00640000
v 0.00521800 0.00466600 0.00640000
v 0.00521800 0.00466600 0.00640000
v 0.00521800 0.00466600 0.00640000
v 0.00633100 0.00298700 0.00640000
v 0.00633100 0.00298700 0.00640000
v 0.00633100 0.00298700 0.00640000
v 0.00691900 0.00106100 0.00640000
v 0.00691900 0.00106100 0.00640000
v 0.00691900 0.00106100 0.00640000
v 0.00691900 0.00106100 0.00640000
v 0.00693500 -0.00095300 0.00640000
v 0.00693500 -0.00095300 0.00640000
v 0.00693500 -0.00095300 0.00640000
v 0.00693500 -0.00095300 0.00640000
v -0.00544400 0.00440000 0.00640000
v -0.00544400 0.00440000 0.00640000
v -0.00544400 0.00440000 0.00640000
v -0.00544400 0.00440000 0.00640000
v -0.00173200 0.00217200 0.00640000
v -0.00173200 0.00217200 0.00640000
v -0.00173200 0.00217200 0.00640000
v -0.00173200 0.00217200 0.00640000
v -0.00061800 0.00270800 0.00640000
v -0.00061800 0.00270800 0.00640000
v -0.00061800 0.00270800 0.00640000
v -0.00061800 0.00270800 0.00640000
v -0.00806900 0.00000000 0.00640000
v -0.00806900 0.00000000 0.00640000
v -0.00806900 0.00000000 0.00640000
v -0.00806900 0.00000000 0.00640000
v -0.00806900 0.00000000 0.00640000
v -0.00806900 0.00000000 0.00640000
v -0.00277800 0.00000000 0.00640000
v -0.00277800 0.00000000 0.00640000
v -0.00277800 0.00000000 0.00640000
v -0.00277800 0.00000000 0.00640000
v -0.00736300 0.00256100 0.00640000
v -0.00736300 0.00256100 0.00640000
v -0.00736300 0.00256100 0.00640000
v -0.00736300 0.00256100 0.00640000
v -0.00652800 0.00361000 0.00640000
v -0.00652800 0.00361000 0.00640000
v -0.00652800 0.00361000 0.00640000
v -0.00652800 0.00361000 0.00640000
v -0.00806900 -0.00700000 0.00640000
v -0.00806900 -0.00700000 0.00640000
v -0.00806900 -0.00700000 0.00640000
v -0.00806900 -0.00700000 0.00640000
v -0.00806900 -0.00700000 0.00640000
v -0.00806900 -0.00700000 0.00640000
v -0.00173200 -0.00217200 0.00640000
v -0.00173200 -0.00217200 0.00640000
v -0.00173200 -0.00217200 0.00640000
v -0.00173200 -0.00217200 0.00640000
v -0.00006600 -0.00700000 0.00640000
v -0.00006600 -0.00700000 0.00640000
v -0.00006600 -0.00700000 0.00640000
v -0.00006600 -0.00700000 0.00640000
v -0.00006600 -0.00700000 0.00640000
v 0.00061800 -0.00270800 0.00640000
v 0.00061800 -0.00270800 0.00640000
v 0.00061800 -0.00270800 0.00640000
v 0.00061800 -0.00270800 0.00640000
v 0.00193000 -0.00672900 0.00640000
v 0.00193000 -0.00672900 0.00640000
v 0.00193000 -0.00672900 0.00640000
v 0.00193000 -0.00672900 0.00640000
v 0.00376600 -0.00590100 0.00640000
v 0.00376600 -0.00590100 0.00640000
v 0.00376600 -0.00590100 0.00640000
v 0.00376600 -0.00590100 0.00640000
v -0.00456300 -0.00635000 0.00075000
v -0.00456300 -0.00635000 0.00075000
v -0.00456300 -0.00635000 0.00075000
v -0.00456300 -0.00635000 0.00075000
v -0.00000300 0.00635000 0.00075000
v -0.00000300 0.00635000 0.00075000
v -0.00000300 0.00635000 0.00075000
v -0.00000300 0.00635000 0.00075000
v -0.00000300 0.00635000 -0.00075000
v -0.00000300 0.00635000 -0.00075000
v -0.00000300 0.00635000 -0.00075000
v 0.00344000 0.00533700 0.00075000
v 0.00344000 0.00533700 0.00075000
v 0.00344000 0.00533700 0.00075000
v 0.00344000 0.00533700 0.00075000
v 0.00344000 0.00533700 0.00075000
v 0.00480900 0.00414700 -0.00075000
v 0.00480900 0.00414700 -0.00075000
v 0.00480900 0.00414700 -0.00075000
v 0.00480900 0.00414700 -0.00075000
v 0.00628100 -0.00093600 0.00075000
v 0.00628100 -0.00093600 0.00075000
v 0.00628100 -0.00093600 0.00075000
v 0.00628100 -0.00093600 0.00075000
v 0.00628100 -0.00093600 0.00075000
v 0.00477000 -0.00419200 -0.00075000
v 0.00477000 -0.00419200 -0.00075000
v 0.00477000 -0.00419200 -0.00075000
v 0.00477000 -0.00419200 -0.00075000
v 0.00339000 -0.00536900 0.00075000
v 0.00339000 -0.00536900 0.00075000
v 0.00339000 -0.00536900 0.00075000
v 0.00339000 -0.00536900 0.00075000
v 0.00339000 -0.00536900 0.00075000
v 0.00173400 -0.00610800 0.00075000
v 0.00173400 -0.00610800 0.00075000
v 0.00173400 -0.00610800 0.00075000
v 0.00173400 -0.00610800 0.00075000
v 0.00173400 -0.00610800 0.00075000
v -0.00006300 -0.00635000 0.00075000
v -0.00006300 -0.00635000 0.00075000
v -0.00006300 -0.00635000 0.00075000
v -0.00006300 -0.00635000 0.00075000
v -0.00006300 -0.00635000 0.00075000
v 0.00000000 0.00700000 -0.00075000
v 0.00000000 0.00700000 -0.00075000
v 0.00000000 0.00700000 -0.00075000
v 0.00000000 0.00700000 -0.00075000
v 0.00000000 0.00700000 -0.00075000
v -0.00456300 -0.00700000 -0.00075000
v -0.00456300 -0.00700000 -0.00075000
v -0.00456300 -0.00700000 -0.00075000
v -0.00456300 -0.00700000 -0.00075000
v -0.00456300 -0.00635000 -0.00075000
v -0.00456300 -0.00635000 -0.00075000
v -0.00456300 -0.00635000 -0.00075000
v -0.00456300 -0.00635000 -0.00075000
v -0.00456300 -0.00700000 0.00075000
v -0.00456300 -0.00700000 0.00075000
v -0.00456300 -0.00700000 0.00075000
v -0.00456300 -0.00700000 0.00075000
v -0.00456300 -0.00700000 0.00075000
v 0.00179200 0.00609200 -0.00075000
v 0.00179200 0.00609200 -0.00075000
v 0.00179200 0.00609200 -0.00075000
v 0.00179200 0.00609200 -0.00075000
v 0.00182500 0.00675800 -0.00075000
v 0.00182500 0.00675800 -0.00075000
v 0.00182500 0.00675800 -0.00075000
v 0.00182500 0.00675800 -0.00075000
v 0.00344000 0.00533700 -0.00075000
v 0.00344000 0.00533700 -0.00075000
v 0.00344000 0.00533700 -0.00075000
v 0.00344000 0.00533700 -0.00075000
v 0.00521800 0.00466600 -0.00075000
v 0.00521800 0.00466600 -0.00075000
v 0.00521800 0.00466600 -0.00075000
v 0.00521800 0.00466600 -0.00075000
v 0.00521800 0.00466600 -0.00075000
v 0.00578500 0.00261900 -0.00075000
v 0.00578500 0.00261900 -0.00075000
v 0.00578500 0.00261900 -0.00075000
v 0.00578500 0.00261900 -0.00075000
v 0.00628900 0.00087700 -0.00075000
v 0.00628900 0.00087700 -0.00075000
v 0.00628900 0.00087700 -0.00075000
v 0.00628900 0.00087700 -0.00075000
v 0.00628100 -0.00093600 -0.00075000
v 0.00628100 -0.00093600 -0.00075000
v 0.00628100 -0.00093600 -0.00075000
v 0.00628100 -0.00093600 -0.00075000
v 0.00576000 -0.00267300 -0.00075000
v 0.00576000 -0.00267300 -0.00075000
v 0.00576000 -0.00267300 -0.00075000
v 0.00576000 -0.00267300 -0.00075000
v 0.00339000 -0.00536900 -0.00075000
v 0.00339000 -0.00536900 -0.00075000
v 0.00339000 -0.00536900 -0.00075000
v 0.00339000 -0.00536900 -0.00075000
v 0.00193000 -0.00672900 -0.00075000
v 0.00193000 -0.00672900 -0.00075000
v 0.00193000 -0.00672900 -0.00075000
v 0.00193000 -0.00672900 -0.00075000
v 0.00193000 -0.00672900 -0.00075000
v 0.00173400 -0.00610800 -0.00075000
v 0.00173400 -0.00610800 -0.00075000
v 0.00173400 -0.00610800 -0.00075000
v 0.00173400 -0.00610800 -0.00075000
v -0.00006600 -0.00700000 -0.00075000
v -0.00006600 -0.00700000 -0.00075000
v -0.00006600 -0.00700000 -0.00075000
v -0.00006600 -0.00700000 -0.00075000
v -0.00006600 -0.00700000 -0.00075000
v -0.00006300 -0.00635000 -0.00075000
v -0.00006300 -0.00635000 -0.00075000
v -0.00006300 -0.00635000 -0.00075000
v -0.00006300 -0.00635000 -0.00075000
v 0.00000000 0.00700000 0.00075000
v 0.00000000 0.00700000 0.00075000
v 0.00000000 0.00700000 0.00075000
v 0.00000000 0.00700000 0.00075000
v 0.00179200 0.00609200 0.00075000
v 0.00179200 0.00609200 0.00075000
v 0.00179200 0.00609200 0.00075000
v 0.00179200 0.00609200 0.00075000
v 0.00179200 0.00609200 0.00075000
v 0.00367400 0.00595900 0.00075000
v 0.00367400 0.00595900 0.00075000
v 0.00367400 0.00595900 0.00075000
v 0.00367400 0.00595900 0.00075000
v 0.00480900 0.00414700 0.00075000
v 0.00480900 0.00414700 0.00075000
v 0.00480900 0.00414700 0.00075000
v 0.00480900 0.00414700 0.00075000
v 0.00480900 0.00414700 0.00075000
v 0.00521800 0.00466600 0.00075000
v 0.00521800 0.00466600 0.00075000
v 0.00521800 0.00466600 0.00075000
v 0.00521800 0.00466600 0.00075000
v 0.00578500 0.00261900 0.00075000
v 0.00578500 0.00261900 0.00075000
v 0.00578500 0.00261900 0.00075000
v 0.00578500 0.00261900 0.00075000
v 0.00578500 0.00261900 0.00075000
v 0.00633100 0.00298700 0.00075000
v 0.00633100 0.00298700 0.00075000
v 0.00633100 0.00298700 0.00075000
v 0.00633100 0.00298700 0.00075000
v 0.00628900 0.00087700 0.00075000
v 0.00628900 0.00087700 0.00075000
v 0.00628900 0.00087700 0.00075000
v 0.00628900 0.00087700 0.00075000
v 0.00628900 0.00087700 0.00075000
v 0.00691900 0.00106100 0.00075000
v 0.00691900 0.00106100 0.00075000
v 0.00691900 0.00106100 0.00075000
v 0.00691900 0.00106100 0.00075000
v 0.00576000 -0.00267300 0.00075000
v 0.00576000 -0.00267300 0.00075000
v 0.00576000 -0.00267300 0.00075000
v 0.00576000 -0.00267300 0.00075000
v 0.00576000 -0.00267300 0.00075000
v 0.00477000 -0.00419200 0.00075000
v 0.00477000 -0.00419200 0.00075000
v 0.00477000 -0.00419200 0.00075000
v 0.00477000 -0.00419200 0.00075000
v 0.00477000 -0.00419200 0.00075000
v 0.00529000 -0.00458400 0.00075000
v 0.00529000 -0.00458400 0.00075000
v 0.00529000 -0.00458400 0.00075000
v 0.00529000 -0.00458400 0.00075000
v 0.00193000 -0.00672900 0.00075000
v 0.00193000 -0.00672900 0.00075000
v 0.00193000 -0.00672900 0.00075000
v 0.00193000 -0.00672900 0.00075000
v -0.00006600 -0.00700000 0.00075000
v -0.00006600 -0.00700000 0.00075000
v -0.00006600 -0.00700000 0.00075000
v -0.00006600 -0.00700000 0.00075000
v -0.00006600 -0.00700000 0.00075000
v -0.00006900 -0.00700000 0.00075000
v -0.00006900 -0.00700000 0.00075000
v -0.00006900 -0.00700000 0.00075000
v -0.00006900 -0.00700000 0.00075000
v -0.00652800 0.00361000 0.00920000
v -0.00652800 0.00361000 0.00920000
v -0.00652800 0.00361000 0.00920000
v -0.00652800 0.00361000 0.00920000
v -0.00652800 0.00361000 0.00920000
v 0.00173200 0.00217200 0.00920000
v 0.00173200 0.00217200 0.00920000
v 0.00173200 0.00217200 0.00920000
v 0.00173200 0.00217200 0.00920000
v 0.00173200 0.00217200 0.00920000
v 0.00061800 0.00270800 0.00920000
v 0.00061800 0.00270800 0.00920000
v 0.00061800 0.00270800 0.00920000
v 0.00061800 0.00270800 0.00920000
v 0.00061800 0.00270800 0.00920000
v 0.00637600 -0.00288800 0.00920000
v 0.00637600 -0.00288800 0.00920000
v 0.00637600 -0.00288800 0.00920000
v 0.00637600 -0.00288800 0.00920000
v 0.00637600 -0.00288800 0.00920000
v 0.00637600 -0.00288800 0.00920000
v -0.00396600 0.00576800 0.00920000
v -0.00396600 0.00576800 0.00920000
v -0.00396600 0.00576800 0.00920000
v -0.00396600 0.00576800 0.00920000
v -0.00396600 0.00576800 0.00920000
v -0.00250300 0.00120500 0.00920000
v -0.00250300 0.00120500 0.00920000
v -0.00250300 0.00120500 0.00920000
v -0.00250300 0.00120500 0.00920000
v -0.00250300 0.00120500 0.00920000
v 0.00693500 -0.00095300 0.00920000
v 0.00693500 -0.00095300 0.00920000
v 0.00693500 -0.00095300 0.00920000
v 0.00693500 -0.00095300 0.00920000
v 0.00277800 0.00000000 0.00920000
v 0.00277800 0.00000000 0.00920000
v 0.00277800 0.00000000 0.00920000
v 0.00277800 0.00000000 0.00920000
v 0.00277800 0.00000000 0.00920000
v -0.00006900 -0.00700000 0.00920000
v -0.00006900 -0.00700000 0.00920000
v -0.00006900 -0.00700000 0.00920000
v -0.00006900 -0.00700000 0.00920000
v -0.00788900 0.00132800 0.00920000
v -0.00788900 0.00132800 0.00920000
v -0.00788900 0.00132800 0.00920000
v -0.00788900 0.00132800 0.00920000
v -0.00806900 -0.00700000 0.00920000
v -0.00806900 -0.00700000 0.00920000
v -0.00806900 -0.00700000 0.00920000
v -0.00806900 -0.00700000 0.00920000
v -0.00806900 -0.00700000 0.00920000
v -0.00806900 -0.00700000 0.00920000
v -0.00173200 -0.00217200 0.00920000
v -0.00173200 -0.00217200 0.00920000
v -0.00173200 -0.00217200 0.00920000
v -0.00173200 -0.00217200 0.00920000
v -0.00173200 -0.00217200 0.00920000
v 0.00061800 0.00270800 -0.00870000
v 0.00061800 0.00270800 -0.00870000
v 0.00061800 0.00270800 -0.00870000
v 0.00061800 0.00270800 -0.00870000
v 0.00061800 0.00270800 -0.00870000
v 0.00182500 0.00675800 -0.00870000
v 0.00182500 0.00675800 -0.00870000
v 0.00182500 0.00675800 -0.00870000
v 0.00182500 0.00675800 -0.00870000
v 0.00182500 0.00675800 -0.00870000
v 0.00182500 0.00675800 -0.00870000
v -0.00250300 0.00120500 -0.00870000
v -0.00250300 0.00120500 -0.00870000
v -0.00250300 0.00120500 -0.00870000
v -0.00250300 0.00120500 -0.00870000
v -0.00250300 0.00120500 -0.00870000
v -0.00173200 0.00217200 -0.00870000
v -0.00173200 0.00217200 -0.00870000
v -0.00173200 0.00217200 -0.00870000
v -0.00173200 0.00217200 -0.00870000
v -0.00173200 0.00217200 -0.00870000
v -0.00396600 0.00576800 -0.00870000
v -0.00396600 0.00576800 -0.00870000
v -0.00396600 0.00576800 -0.00870000
v -0.00396600 0.00576800 -0.00870000
v -0.00017500 0.00699800 -0.00870000
v -0.00017500 0.00699800 -0.00870000
v -0.00017500 0.00699800 -0.00870000
v -0.00017500 0.00699800 -0.00870000
v -0.00017500 0.00699800 -0.00870000
v 0.00529000 -0.00458400 -0.00870000
v 0.00529000 -0.00458400 -0.00870000
v 0.00529000 -0.00458400 -0.00870000
v 0.00529000 -0.00458400 -0.00870000
v 0.00173200 -0.00217200 -0.00870000
v 0.00173200 -0.00217200 -0.00870000
v 0.00173200 -0.00217200 -0.00870000
v 0.00173200 -0.00217200 -0.00870000
v 0.00173200 -0.00217200 -0.00870000
v 0.00061800 -0.00270800 -0.00870000
v 0.00061800 -0.00270800 -0.00870000
v 0.00061800 -0.00270800 -0.00870000
v 0.00061800 -0.00270800 -0.00870000
v 0.00061800 -0.00270800 -0.00870000
v 0.00277800 0.00000000 -0.00870000
v 0.00277800 0.00000000 -0.00870000
v 0.00277800 0.00000000 -0.00870000
v 0.00277800 0.00000000 -0.00870000
v 0.00277800 0.00000000 -0.00870000
v 0.00691900 0.00106100 -0.00870000
v 0.00691900 0.00106100 -0.00870000
v 0.00691900 0.00106100 -0.00870000
v 0.00691900 0.00106100 -0.00870000
v 0.00250300 -0.00120500 -0.00870000
v 0.00250300 -0.00120500 -0.00870000
v 0.00250300 -0.00120500 -0.00870000
v 0.00250300 -0.00120500 -0.00870000
v 0.00250300 -0.00120500 -0.00870000
v 0.00637600 -0.00288800 -0.00870000
v 0.00637600 -0.00288800 -0.00870000
v 0.00637600 -0.00288800 -0.00870000
v 0.00637600 -0.00288800 -0.00870000
v 0.00367400 0.00595900 -0.00870000
v 0.00367400 0.00595900 -0.00870000
v 0.00367400 0.00595900 -0.00870000
v 0.00173200 0.00217200 -0.00870000
v 0.00173200 0.00217200 -0.00870000
v 0.00173200 0.00217200 -0.00870000
v 0.00173200 0.00217200 -0.00870000
v 0.00173200 0.00217200 -0.00870000
v 0.00521800 0.00466600 -0.00870000
v 0.00521800 0.00466600 -0.00870000
v 0.00521800 0.00466600 -0.00870000
v 0.00521800 0.00466600 -0.00870000
v 0.00633100 0.00298700 -0.00870000
v 0.00633100 0.00298700 -0.00870000
v 0.00633100 0.00298700 -0.00870000
v 0.00633100 0.00298700 -0.00870000
v -0.00277800 0.00000000 -0.00870000
v -0.00277800 0.00000000 -0.00870000
v -0.00277800 0.00000000 -0.00870000
v -0.00277800 0.00000000 -0.00870000
v -0.00277800 0.00000000 -0.00870000
v -0.00788900 0.00132800 -0.00870000
v -0.00788900 0.00132800 -0.00870000
v -0.00788900 0.00132800 -0.00870000
v -0.00788900 0.00132800 -0.00870000
v -0.00250300 -0.00120500 -0.00870000
v -0.00250300 -0.00120500 -0.00870000
v -0.00250300 -0.00120500 -0.00870000
v -0.00250300 -0.00120500 -0.00870000
v -0.00806900 -0.00700000 -0.00870000
v -0.00806900 -0.00700000 -0.00870000
v -0.00806900 -0.00700000 -0.00870000
v -0.00806900 -0.00700000 -0.00870000
v -0.00806900 -0.00700000 -0.00870000
v -0.00806900 -0.00700000 -0.00870000
v -0.00173200 -0.00217200 -0.00870000
v -0.00173200 -0.00217200 -0.00870000
v -0.00173200 -0.00217200 -0.00870000
v -0.00173200 -0.00217200 -0.00870000
v -0.00173200 -0.00217200 -0.00870000
v -0.00061800 -0.00270800 -0.00870000
v -0.00061800 -0.00270800 -0.00870000
v -0.00061800 -0.00270800 -0.00870000
v -0.00061800 -0.00270800 -0.00870000
v -0.00061800 -0.00270800 -0.00870000
v -0.00061800 -0.00270800 -0.00870000
v -0.00006600 -0.00700000 -0.00870000
v -0.00006600 -0.00700000 -0.00870000
v -0.00006600 -0.00700000 -0.00870000
v -0.00006600 -0.00700000 -0.00870000
v -0.00006600 -0.00700000 -0.00870000
v 0.00193000 -0.00672900 -0.00870000
v 0.00193000 -0.00672900 -0.00870000
v 0.00193000 -0.00672900 -0.00870000
v 0.00193000 -0.00672900 -0.00870000
v 0.00376600 -0.00590100 -0.00870000
v 0.00376600 -0.00590100 -0.00870000
v 0.00376600 -0.00590100 -0.00870000
v 0.00376600 -0.00590100 -0.00870000
v -0.00813600 -0.00875000 0.01220000
v -0.00813600 -0.00875000 0.01220000
v -0.00813600 -0.00875000 0.01220000
v -0.00813600 -0.00875000 0.01220000
v -0.00813600 -0.00875000 0.01220000
v -0.00813600 -0.00875000 0.01220000
v -0.00813600 -0.00875000 0.01220000
v -0.00813600 -0.00875000 0.00070700
v -0.00813600 -0.00875000 0.00070700
v -0.00813600 -0.00875000 0.00070700
v -0.00813600 -0.00875000 0.00070700
v -0.00813600 -0.00875000 0.00070700
v -0.00808500 -0.00862500 0.00065000
v -0.00808500 -0.00862500 0.00065000
v -0.00808500 -0.00862500 0.00065000
v -0.00808500 -0.00862500 0.00065000
v -0.00808500 -0.00862500 0.00065000
v -0.00808500 -0.00862500 0.00065000
v -0.00808500 -0.00862500 0.00065000
v -0.00856900 -0.00900000 0.00075000
v -0.00856900 -0.00900000 0.00075000
v -0.00856900 -0.00900000 0.00075000
v -0.00856900 -0.00900000 0.00075000
v -0.00856900 -0.00900000 0.00075000
v -0.00856900 -0.00900000 0.00075000
v -0.00831900 -0.00893300 0.01220000
v -0.00831900 -0.00893300 0.01220000
v -0.00831900 -0.00893300 0.01220000
v -0.00831900 -0.00893300 0.01220000
v -0.00831900 -0.00893300 0.01220000
v -0.00831900 -0.00893300 0.01220000
v -0.00831900 -0.00893300 0.01220000
v -0.01743500 -0.00827600 0.00019400
v -0.01743500 -0.00827600 0.00019400
v -0.01743500 -0.00827600 0.00019400
v -0.01743500 -0.00827600 0.00019400
v -0.01815900 0.00900000 0.00075000
v -0.01815900 0.00900000 0.00075000
v -0.01815900 0.00900000 0.00075000
v -0.01853400 0.00900000 0.00065000
v -0.01853400 0.00900000 0.00065000
v -0.01853400 0.00900000 0.00065000
v -0.01853400 0.00900000 0.00065000
v -0.01880900 -0.00900000 0.00037500
v -0.01880900 -0.00900000 0.00037500
v -0.01880900 -0.00900000 0.00037500
v -0.01880900 -0.00900000 0.00037500
v -0.01880900 -0.00900000 -0.00037500
v -0.01880900 -0.00900000 -0.00037500
v -0.01880900 -0.00900000 -0.00037500
v -0.01880900 -0.00900000 -0.00037500
v -0.01853400 0.00900000 -0.00065000
v -0.01853400 0.00900000 -0.00065000
v -0.01853400 0.00900000 -0.00065000
v -0.01853400 0.00900000 -0.00065000
v -0.01815900 0.00900000 -0.00075000
v -0.01815900 0.00900000 -0.00075000
v -0.01815900 0.00900000 -0.00075000
v -0.01743500 -0.00827600 -0.00019400
v -0.01743500 -0.00827600 -0.00019400
v -0.01743500 -0.00827600 -0.00019400
v -0.01743500 -0.00827600 -0.00019400
v -0.01743500 -0.00827600 -0.00019400
v -0.01743500 -0.00827600 -0.00019400
v -0.01751000 0.00900000 0.00037500
v -0.01751000 0.00900000 0.00037500
v -0.01751000 0.00900000 0.00037500
v -0.01751000 0.00900000 0.00037500
v -0.01751000 0.00900000 0.00037500
v -0.01390900 0.00900000 0.00000000
v -0.01390900 0.00900000 0.00000000
v -0.01390900 0.00900000 0.00000000
v -0.01390900 0.00900000 0.00000000
v -0.01390900 -0.00825000 0.00000000
v -0.01390900 -0.00825000 0.00000000
v -0.01390900 -0.00825000 0.00000000
v -0.01390900 -0.00825000 0.00000000
v -0.01390900 -0.00825000 0.00000000
v -0.01390900 -0.00825000 0.00000000
v -0.01393500 -0.00827600 -0.00019400
v -0.01393500 -0.00827600 -0.00019400
v -0.01393500 -0.00827600 -0.00019400
v -0.01393500 -0.00827600 -0.00019400
v -0.01393500 -0.00827600 -0.00019400
v -0.01401000 0.00900000 -0.00037500
v -0.01401000 0.00900000 -0.00037500
v -0.01401000 0.00900000 -0.00037500
v -0.01401000 0.00900000 -0.00037500
v -0.01401000 0.00900000 -0.00037500
v -0.01428400 0.00900000 -0.00065000
v -0.01428400 0.00900000 -0.00065000
v -0.01428400 0.00900000 -0.00065000
v -0.01428400 0.00900000 -0.00065000
v -0.01428400 0.00900000 -0.00065000
v -0.01428400 -0.00862500 -0.00065000
v -0.01428400 -0.00862500 -0.00065000
v -0.01428400 -0.00862500 -0.00065000
v -0.01428400 -0.00862500 -0.00065000
v -0.01428400 -0.00862500 -0.00065000
v -0.01465900 0.00900000 -0.00075000
v -0.01465900 0.00900000 -0.00075000
v -0.01465900 0.00900000 -0.00075000
v -0.01465900 0.00900000 -0.00075000
v -0.01503400 0.00900000 -0.00065000
v -0.01503400 0.00900000 -0.00065000
v -0.01503400 0.00900000 -0.00065000
v -0.01503400 0.00900000 -0.00065000
v -0.01503400 -0.00862500 -0.00065000
v -0.01503400 -0.00862500 -0.00065000
v -0.01503400 -0.00862500 -0.00065000
v -0.01503400 -0.00862500 -0.00065000
v -0.01503400 -0.00862500 -0.00065000
v -0.01428400 0.00900000 0.00065000
v -0.01428400 0.00900000 0.00065000
v -0.01428400 0.00900000 0.00065000
v -0.01465900 -0.00900000 0.00075000
v -0.01465900 -0.00900000 0.00075000
v -0.01465900 -0.00900000 0.00075000
v -0.01465900 -0.00900000 0.00075000
v -0.01465900 -0.00900000 0.00075000
v -0.01465900 -0.00900000 0.00075000
v -0.01465900 -0.00900000 0.00075000
v -0.01503400 -0.00862500 0.00065000
v -0.01503400 -0.00862500 0.00065000
v -0.01503400 -0.00862500 0.00065000
v -0.01503400 -0.00862500 0.00065000
v -0.01503400 -0.00862500 0.00065000
v -0.01503400 -0.00862500 0.00065000
v -0.01503400 0.00900000 0.00065000
v -0.01503400 0.00900000 0.00065000
v -0.01503400 0.00900000 0.00065000
v -0.01503400 0.00900000 0.00065000
v -0.01530800 -0.00835000 0.00037500
v -0.01530800 -0.00835000 0.00037500
v -0.01530800 -0.00835000 0.00037500
v -0.01530800 -0.00835000 0.00037500
v -0.01530800 -0.00835000 0.00037500
v -0.01530800 -0.00835000 0.00037500
v -0.01540900 0.00900000 0.00000000
v -0.01540900 0.00900000 0.00000000
v -0.01540900 0.00900000 0.00000000
v -0.01540900 0.00900000 0.00000000
v -0.01540900 -0.00825000 0.00000000
v -0.01540900 -0.00825000 0.00000000
v -0.01540900 -0.00825000 0.00000000
v -0.01540900 -0.00825000 0.00000000
v -0.01540900 -0.00825000 0.00000000
v -0.01540900 -0.00825000 0.00000000
v -0.01530800 0.00900000 -0.00037500
v -0.01530800 0.00900000 -0.00037500
v -0.01530800 0.00900000 -0.00037500
v -0.01530800 0.00900000 -0.00037500
v -0.01530800 0.00900000 -0.00037500
v -0.01530800 0.00900000 -0.00037500
v -0.01530800 0.00900000 -0.00037500
v -0.01530800 0.00900000 -0.00037500
v -0.01530800 -0.00835000 -0.00037500
v -0.01530800 -0.00835000 -0.00037500
v -0.01530800 -0.00835000 -0.00037500
v -0.01530800 -0.00835000 -0.00037500
v -0.01530800 -0.00835000 -0.00037500
v -0.01815900 -0.00900000 -0.00075000
v -0.01815900 -0.00900000 -0.00075000
v -0.01815900 -0.00900000 -0.00075000
v -0.01815900 -0.00900000 -0.00075000
v -0.01815900 -0.00900000 -0.00075000
v -0.01815900 -0.00900000 -0.00075000
v -0.01815900 -0.00900000 -0.00075000
v -0.01778400 -0.00862500 -0.00065000
v -0.01778400 -0.00862500 -0.00065000
v -0.01778400 -0.00862500 -0.00065000
v -0.01778400 -0.00862500 -0.00065000
v -0.01778400 -0.00862500 -0.00065000
v -0.01751000 -0.00835000 -0.00037500
v -0.01751000 -0.00835000 -0.00037500
v -0.01751000 -0.00835000 -0.00037500
v -0.01751000 -0.00835000 -0.00037500
v -0.01751000 -0.00835000 -0.00037500
v -0.01538300 -0.00827600 -0.00019400
v -0.01538300 -0.00827600 -0.00019400
v -0.01538300 -0.00827600 -0.00019400
v -0.01538300 -0.00827600 -0.00019400
v -0.01740900 -0.00825000 0.00000000
v -0.01740900 -0.00825000 0.00000000
v -0.01740900 -0.00825000 0.00000000
v -0.01740900 -0.00825000 0.00000000
v -0.01740900 -0.00825000 0.00000000
v -0.01740900 -0.00825000 0.00000000
v -0.01538300 -0.00827600 0.00019400
v -0.01538300 -0.00827600 0.00019400
v -0.01538300 -0.00827600 0.00019400
v -0.01538300 -0.00827600 0.00019400
v -0.01538300 -0.00827600 0.00019400
v -0.01751000 -0.00835000 0.00037500
v -0.01751000 -0.00835000 0.00037500
v -0.01751000 -0.00835000 0.00037500
v -0.01751000 -0.00835000 0.00037500
v -0.01778400 -0.00862500 0.00065000
v -0.01778400 -0.00862500 0.00065000
v -0.01778400 -0.00862500 0.00065000
v -0.01778400 -0.00862500 0.00065000
v -0.01778400 -0.00862500 0.00065000
v -0.00813600 -0.00875000 -0.00070700
v -0.00813600 -0.00875000 -0.00070700
v -0.00813600 -0.00875000 -0.00070700
v -0.00813600 -0.00875000 -0.00070700
v -0.00832700 -0.00880600 -0.00072400
v -0.00832700 -0.00880600 -0.00072400
v -0.00832700 -0.00880600 -0.00072400
v -0.00832700 -0.00880600 -0.00072400
v -0.00832700 -0.00880600 -0.00072400
v -0.00832700 -0.00880600 -0.00072400
v -0.00832700 -0.00880600 -0.00072400
v -0.00844000 -0.00898300 -0.00075000
v -0.00844000 -0.00898300 -0.00075000
v -0.00844000 -0.00898300 -0.00075000
v -0.00844000 -0.00898300 -0.00075000
v -0.00844000 -0.00898300 -0.00075000
v -0.00808500 -0.00862500 -0.00065000
v -0.00808500 -0.00862500 -0.00065000
v -0.00808500 -0.00862500 -0.00065000
v -0.00808500 -0.00862500 -0.00065000
v -0.00808500 -0.00862500 -0.00065000
v -0.00808500 -0.00862500 -0.00065000
v -0.00808500 -0.00862500 -0.00065000
v -0.00808500 -0.00862500 -0.00065000
v -0.00806900 -0.00850000 -0.00055900
v -0.00806900 -0.00850000 -0.00055900
v -0.00806900 -0.00850000 -0.00055900
v -0.00806900 -0.00850000 -0.00055900
v -0.01401000 -0.00835000 -0.00037500
v -0.01401000 -0.00835000 -0.00037500
v -0.01401000 -0.00835000 -0.00037500
v -0.01401000 -0.00835000 -0.00037500
v -0.01401000 -0.00835000 -0.00037500
v -0.01401000 -0.00835000 -0.00037500
v -0.00831900 -0.00893300 0.00074700
v -0.00831900 -0.00893300 0.00074700
v -0.00831900 -0.00893300 0.00074700
v -0.00831900 -0.00893300 0.00074700
v -0.00831900 -0.00893300 0.00074700
v -0.00844000 -0.00898300 0.00075000
v -0.00844000 -0.00898300 0.00075000
v -0.00844000 -0.00898300 0.00075000
v -0.00844000 -0.00898300 0.00075000
v -0.01393500 -0.00827600 0.00019400
v -0.01393500 -0.00827600 0.00019400
v -0.01393500 -0.00827600 0.00019400
v -0.01393500 -0.00827600 0.00019400
v -0.01393500 -0.00827600 0.00019400
v -0.01401000 -0.00835000 0.00037500
v -0.01401000 -0.00835000 0.00037500
v -0.01401000 -0.00835000 0.00037500
v -0.01401000 -0.00835000 0.00037500
v -0.01401000 -0.00835000 0.00037500
v -0.00806900 -0.00835000 0.00037500
v -0.00806900 -0.00835000 0.00037500
v -0.00806900 -0.00835000 0.00037500
v -0.00806900 -0.00835000 0.00037500
v -0.01428400 -0.00862500 0.00065000
v -0.01428400 -0.00862500 0.00065000
v -0.01428400 -0.00862500 0.00065000
v -0.01428400 -0.00862500 0.00065000
v -0.01428400 -0.00862500 0.00065000
v -0.01428400 -0.00862500 0.00065000
v -0.01428400 -0.00862500 0.00065000
v -0.00806900 -0.00850000 0.00055900
v -0.00806900 -0.00850000 0.00055900
v -0.00806900 -0.00850000 0.00055900
v -0.00806900 -0.00850000 0.00055900
v -0.00806900 -0.00850000 0.00055900
v -0.00806900 -0.00850000 0.00055900
v -0.00806900 -0.00850000 0.00055900
v -0.00956900 -0.00937500 -0.00065000
v -0.00956900 -0.00937500 -0.00065000
v -0.00956900 -0.00937500 -0.00065000
v -0.00956900 -0.00937500 -0.00065000
v -0.01256900 -0.00964900 -0.00037500
v -0.01256900 -0.00964900 -0.00037500
v -0.01256900 -0.00964900 -0.00037500
v -0.01256900 -0.00964900 -0.00037500
v -0.01256900 -0.00964900 -0.00037500
v -0.00956900 -0.00964900 -0.00037500
v -0.00956900 -0.00964900 -0.00037500
v -0.00956900 -0.00964900 -0.00037500
v -0.00956900 -0.00964900 -0.00037500
v -0.00956900 -0.00964900 -0.00037500
v -0.01256900 -0.00937500 0.00065000
v -0.01256900 -0.00937500 0.00065000
v -0.01256900 -0.00937500 0.00065000
v -0.01256900 -0.00937500 0.00065000
v -0.01256900 -0.00937500 0.00065000
v -0.00956900 -0.00900000 0.00075000
v -0.00956900 -0.00900000 0.00075000
v -0.00956900 -0.00900000 0.00075000
v -0.00956900 -0.00900000 0.00075000
v -0.00956900 -0.00900000 0.00075000
v -0.00956900 -0.00900000 0.00075000
v -0.00956900 -0.00900000 0.00075000
v -0.00832700 -0.00880600 0.00072400
v -0.00832700 -0.00880600 0.00072400
v -0.00832700 -0.00880600 0.00072400
v -0.00832700 -0.00880600 0.00072400
v -0.00832700 -0.00880600 0.00072400
v -0.00832700 -0.00880600 0.00072400
v -0.00832700 -0.00880600 0.00072400
v -0.00821500 -0.00885300 0.00073500
v -0.00821500 -0.00885300 0.00073500
v -0.00821500 -0.00885300 0.00073500
v -0.00821500 -0.00885300 0.00073500
v -0.01256900 -0.00973500 0.00101100
v -0.01256900 -0.00973500 0.00101100
v -0.01256900 -0.00973500 0.00101100
v -0.01256900 -0.00973500 0.00101100
v -0.01256900 -0.00973500 0.00101100
v -0.01256900 -0.01001100 0.00073500
v -0.01256900 -0.01001100 0.00073500
v -0.01256900 -0.01001100 0.00073500
v -0.01256900 -0.01001100 0.00073500
v -0.01256900 -0.01001100 0.00073500
v -0.01256900 -0.00964900 0.00037500
v -0.01256900 -0.00964900 0.00037500
v -0.01256900 -0.00964900 0.00037500
v -0.01256900 -0.00964900 0.00037500
v -0.01256900 -0.00964900 0.00037500
v -0.01256900 -0.01018900 0.00038600
v -0.01256900 -0.01018900 0.00038600
v -0.01256900 -0.01018900 0.00038600
v -0.01256900 -0.01018900 0.00038600
v -0.01256900 -0.01018900 0.00038600
v -0.01256900 -0.00975000 0.00000000
v -0.01256900 -0.00975000 0.00000000
v -0.01256900 -0.00975000 0.00000000
v -0.01256900 -0.00975000 0.00000000
v -0.01256900 -0.00975000 0.00000000
v -0.01256900 -0.01025000 0.00000000
v -0.01256900 -0.01025000 0.00000000
v -0.01256900 -0.01025000 0.00000000
v -0.01256900 -0.01025000 0.00000000
v -0.01256900 -0.01025000 0.00000000
v -0.01256900 -0.00937500 -0.00065000
v -0.01256900 -0.00937500 -0.00065000
v -0.01256900 -0.00937500 -0.00065000
v -0.01256900 -0.00937500 -0.00065000
v -0.01256900 -0.00937500 -0.00065000
v -0.01256900 -0.00900000 -0.00125000
v -0.01256900 -0.00900000 -0.00125000
v -0.01256900 -0.00900000 -0.00125000
v -0.01256900 -0.00900000 -0.00125000
v -0.00956900 -0.00938600 -0.00118900
v -0.00956900 -0.00938600 -0.00118900
v -0.00956900 -0.00938600 -0.00118900
v -0.00956900 -0.00938600 -0.00118900
v -0.00956900 -0.00938600 -0.00118900
v -0.00956900 -0.00973500 -0.00101100
v -0.00956900 -0.00973500 -0.00101100
v -0.00956900 -0.00973500 -0.00101100
v -0.00956900 -0.00973500 -0.00101100
v -0.00956900 -0.01001100 -0.00073500
v -0.00956900 -0.01001100 -0.00073500
v -0.00956900 -0.01001100 -0.00073500
v -0.00956900 -0.01001100 -0.00073500
v -0.00956900 -0.01018900 -0.00038600
v -0.00956900 -0.01018900 -0.00038600
v -0.00956900 -0.01018900 -0.00038600
v -0.00956900 -0.01018900 -0.00038600
v -0.00956900 -0.01025000 0.00000000
v -0.00956900 -0.01025000 0.00000000
v -0.00956900 -0.01025000 0.00000000
v -0.00956900 -0.01025000 0.00000000
v -0.00956900 -0.00975000 0.00000000
v -0.00956900 -0.00975000 0.00000000
v -0.00956900 -0.00975000 0.00000000
v -0.00956900 -0.00975000 0.00000000
v -0.00956900 -0.00975000 0.00000000
v -0.00956900 -0.00964900 0.00037500
v -0.00956900 -0.00964900 0.00037500
v -0.00956900 -0.00964900 0.00037500
v -0.00956900 -0.00964900 0.00037500
v -0.00956900 -0.00937500 0.00065000
v -0.00956900 -0.00937500 0.00065000
v -0.00956900 -0.00937500 0.00065000
v -0.00956900 -0.00937500 0.00065000
v -0.01106900 -0.00985000 -0.00261500
v -0.01106900 -0.00985000 -0.00261500
v -0.01106900 -0.00985000 -0.00261500
v -0.01106900 -0.00985000 -0.00261500
v -0.01106900 -0.00985000 -0.00261500
v -0.01049500 -0.01054900 -0.00213200
v -0.01049500 -0.01054900 -0.00213200
v -0.01049500 -0.01054900 -0.00213200
v -0.01049500 -0.01054900 -0.00213200
v -0.01049500 -0.01054900 -0.00213200
v -0.01049500 -0.01054900 -0.00213200
v -0.01049500 -0.01113200 -0.00154900
v -0.01049500 -0.01113200 -0.00154900
v -0.01049500 -0.01113200 -0.00154900
v -0.01049500 -0.01113200 -0.00154900
v -0.01049500 -0.01113200 -0.00154900
v -0.01049500 -0.01150700 -0.00081500
v -0.01049500 -0.01150700 -0.00081500
v -0.01049500 -0.01150700 -0.00081500
v -0.01049500 -0.01150700 -0.00081500
v -0.01049500 -0.01150700 -0.00081500
v -0.01049500 -0.01150700 -0.00081500
v -0.01049500 -0.01163600 0.00000000
v -0.01049500 -0.01163600 0.00000000
v -0.01049500 -0.01163600 0.00000000
v -0.01049500 -0.01163600 0.00000000
v -0.01049500 -0.01163600 0.00000000
v -0.01049500 -0.01163600 0.00000000
v -0.01049500 -0.01150700 0.00081500
v -0.01049500 -0.01150700 0.00081500
v -0.01049500 -0.01150700 0.00081500
v -0.01049500 -0.01150700 0.00081500
v -0.01049500 -0.01150700 0.00081500
v -0.01049500 -0.01113200 0.00154900
v -0.01049500 -0.01113200 0.00154900
v -0.01049500 -0.01113200 0.00154900
v -0.01049500 -0.01113200 0.00154900
v -0.01049500 -0.01113200 0.00154900
v -0.01049500 -0.01113200 0.00154900
v -0.01049500 -0.01054900 0.00213200
v -0.01049500 -0.01054900 0.00213200
v -0.01049500 -0.01054900 0.00213200
v -0.01049500 -0.01054900 0.00213200
v -0.01049500 -0.01054900 0.00213200
v -0.01049500 -0.01054900 0.00213200
v -0.01106900 -0.00900000 0.00275000
v -0.01106900 -0.00900000 0.00275000
v -0.01106900 -0.00900000 0.00275000
v -0.01106900 -0.00900000 0.00275000
v -0.01106900 -0.00900000 0.00275000
v -0.01049500 -0.00981400 -0.00250700
v -0.01049500 -0.00981400 -0.00250700
v -0.01049500 -0.00981400 -0.00250700
v -0.01049500 -0.00981400 -0.00250700
v -0.01049500 -0.00981400 -0.00250700
v -0.01049500 -0.00981400 -0.00250700
v -0.01000800 -0.00971400 -0.00219800
v -0.01000800 -0.00971400 -0.00219800
v -0.01000800 -0.00971400 -0.00219800
v -0.01000800 -0.00971400 -0.00219800
v -0.01000800 -0.00971400 -0.00219800
v -0.01000800 -0.01035800 -0.00186900
v -0.01000800 -0.01035800 -0.00186900
v -0.01000800 -0.01035800 -0.00186900
v -0.01000800 -0.01035800 -0.00186900
v -0.01000800 -0.01035800 -0.00186900
v -0.01000800 -0.01035800 -0.00186900
v -0.01000800 -0.01119700 -0.00071400
v -0.01000800 -0.01119700 -0.00071400
v -0.01000800 -0.01119700 -0.00071400
v -0.01000800 -0.01119700 -0.00071400
v -0.01000800 -0.01119700 -0.00071400
v -0.01000800 -0.01086900 0.00135800
v -0.01000800 -0.01086900 0.00135800
v -0.01000800 -0.01086900 0.00135800
v -0.01000800 -0.01086900 0.00135800
v -0.01000800 -0.01086900 0.00135800
v -0.01000800 -0.01086900 0.00135800
v -0.01049500 -0.00981400 0.00250700
v -0.01049500 -0.00981400 0.00250700
v -0.01049500 -0.00981400 0.00250700
v -0.01049500 -0.00981400 0.00250700
v -0.01049500 -0.00981400 0.00250700
v -0.01049500 -0.00981400 0.00250700
v -0.01000800 -0.00971400 0.00219800
v -0.01000800 -0.00971400 0.00219800
v -0.01000800 -0.00971400 0.00219800
v -0.01000800 -0.00971400 0.00219800
v -0.01000800 -0.00971400 0.00219800
v -0.01000800 -0.00971400 0.00219800
v -0.01000800 -0.00900000 0.00231100
v -0.01000800 -0.00900000 0.00231100
v -0.01000800 -0.00900000 0.00231100
v -0.01000800 -0.00900000 0.00231100
v -0.01000800 -0.00900000 -0.00231100
v -0.01000800 -0.00900000 -0.00231100
v -0.01000800 -0.00900000 -0.00231100
v -0.01000800 -0.00900000 -0.00231100
v -0.01000800 -0.00900000 -0.00231100
v -0.00968300 -0.00956400 -0.00173500
v -0.00968300 -0.00956400 -0.00173500
v -0.00968300 -0.00956400 -0.00173500
v -0.00968300 -0.00956400 -0.00173500
v -0.00968300 -0.00956400 -0.00173500
v -0.00968300 -0.00956400 -0.00173500
v -0.00968300 -0.01007200 -0.00147600
v -0.00968300 -0.01007200 -0.00147600
v -0.00968300 -0.01007200 -0.00147600
v -0.00968300 -0.01007200 -0.00147600
v -0.00968300 -0.01007200 -0.00147600
v -0.00968300 -0.01007200 -0.00147600
v -0.01000800 -0.01086900 -0.00135800
v -0.01000800 -0.01086900 -0.00135800
v -0.01000800 -0.01086900 -0.00135800
v -0.01000800 -0.01086900 -0.00135800
v -0.01000800 -0.01086900 -0.00135800
v -0.01000800 -0.01086900 -0.00135800
v -0.01000800 -0.01131100 0.00000000
v -0.01000800 -0.01131100 0.00000000
v -0.01000800 -0.01131100 0.00000000
v -0.01000800 -0.01131100 0.00000000
v -0.01000800 -0.01131100 0.00000000
v -0.01000800 -0.01131100 0.00000000
v -0.00968300 -0.01082400 0.00000000
v -0.00968300 -0.01082400 0.00000000
v -0.00968300 -0.01082400 0.00000000
v -0.00968300 -0.01082400 0.00000000
v -0.00968300 -0.01082400 0.00000000
v -0.00968300 -0.01082400 0.00000000
v -0.01000800 -0.01119700 0.00071400
v -0.01000800 -0.01119700 0.00071400
v -0.01000800 -0.01119700 0.00071400
v -0.01000800 -0.01119700 0.00071400
v -0.01000800 -0.01119700 0.00071400
v -0.01000800 -0.01119700 0.00071400
v -0.00968300 -0.01073500 0.00056400
v -0.00968300 -0.01073500 0.00056400
v -0.00968300 -0.01073500 0.00056400
v -0.00968300 -0.01073500 0.00056400
v -0.00968300 -0.01073500 0.00056400
v -0.00968300 -0.01073500 0.00056400
v -0.01000800 -0.01035800 0.00186900
v -0.01000800 -0.01035800 0.00186900
v -0.01000800 -0.01035800 0.00186900
v -0.01000800 -0.01035800 0.00186900
v -0.01000800 -0.01035800 0.00186900
v -0.01000800 -0.01035800 0.00186900
v -0.00968300 -0.00956400 0.00173500
v -0.00968300 -0.00956400 0.00173500
v -0.00968300 -0.00956400 0.00173500
v -0.00968300 -0.00956400 0.00173500
v -0.00968300 -0.00956400 0.00173500
v -0.00968300 -0.01047600 -0.00107200
v -0.00968300 -0.01047600 -0.00107200
v -0.00968300 -0.01047600 -0.00107200
v -0.00968300 -0.01047600 -0.00107200
v -0.00968300 -0.01047600 -0.00107200
v -0.00968300 -0.01047600 -0.00107200
v -0.00968300 -0.01073500 -0.00056400
v -0.00968300 -0.01073500 -0.00056400
v -0.00968300 -0.01073500 -0.00056400
v -0.00968300 -0.01073500 -0.00056400
v -0.00968300 -0.01073500 -0.00056400
v -0.00968300 -0.01073500 -0.00056400
v -0.00956900 -0.01018900 0.00038600
v -0.00956900 -0.01018900 0.00038600
v -0.00956900 -0.01018900 0.00038600
v -0.00956900 -0.01018900 0.00038600
v -0.00956900 -0.01018900 0.00038600
v -0.00968300 -0.01047600 0.00107200
v -0.00968300 -0.01047600 0.00107200
v -0.00968300 -0.01047600 0.00107200
v -0.00968300 -0.01047600 0.00107200
v -0.00968300 -0.01047600 0.00107200
v -0.00968300 -0.01047600 0.00107200
v -0.00968300 -0.01007200 0.00147600
v -0.00968300 -0.01007200 0.00147600
v -0.00968300 -0.01007200 0.00147600
v -0.00968300 -0.01007200 0.00147600
v -0.00968300 -0.01007200 0.00147600
v -0.00968300 -0.01007200 0.00147600
v -0.00956900 -0.01001100 0.00073500
v -0.00956900 -0.01001100 0.00073500
v -0.00956900 -0.01001100 0.00073500
v -0.00956900 -0.01001100 0.00073500
v -0.00956900 -0.00973500 0.00101100
v -0.00956900 -0.00973500 0.00101100
v -0.00956900 -0.00973500 0.00101100
v -0.00956900 -0.00973500 0.00101100
v -0.00956900 -0.00938600 0.00118900
v -0.00956900 -0.00938600 0.00118900
v -0.00956900 -0.00938600 0.00118900
v -0.00956900 -0.00938600 0.00118900
v -0.00956900 -0.00938600 0.00118900
v -0.01256900 -0.00938600 -0.00118900
v -0.01256900 -0.00938600 -0.00118900
v -0.01256900 -0.00938600 -0.00118900
v -0.01256900 -0.00938600 -0.00118900
v -0.01256900 -0.00938600 -0.00118900
v -0.01256900 -0.00973500 -0.00101100
v -0.01256900 -0.00973500 -0.00101100
v -0.01256900 -0.00973500 -0.00101100
v -0.01256900 -0.00973500 -0.00101100
v -0.01256900 -0.00973500 -0.00101100
v -0.01245500 -0.01047600 -0.00107200
v -0.01245500 -0.01047600 -0.00107200
v -0.01245500 -0.01047600 -0.00107200
v -0.01245500 -0.01047600 -0.00107200
v -0.01245500 -0.01047600 -0.00107200
v -0.01245500 -0.01047600 -0.00107200
v -0.01256900 -0.01001100 -0.00073500
v -0.01256900 -0.01001100 -0.00073500
v -0.01256900 -0.01001100 -0.00073500
v -0.01256900 -0.01001100 -0.00073500
v -0.01256900 -0.01001100 -0.00073500
v -0.01256900 -0.01018900 -0.00038600
v -0.01256900 -0.01018900 -0.00038600
v -0.01256900 -0.01018900 -0.00038600
v -0.01256900 -0.01018900 -0.00038600
v -0.01256900 -0.01018900 -0.00038600
v -0.01245500 -0.01073500 -0.00056400
v -0.01245500 -0.01073500 -0.00056400
v -0.01245500 -0.01073500 -0.00056400
v -0.01245500 -0.01073500 -0.00056400
v -0.01245500 -0.01073500 -0.00056400
v -0.01245500 -0.01073500 -0.00056400
v -0.01245500 -0.01082400 0.00000000
v -0.01245500 -0.01082400 0.00000000
v -0.01245500 -0.01082400 0.00000000
v -0.01245500 -0.01082400 0.00000000
v -0.01245500 -0.01082400 0.00000000
v -0.01245500 -0.01082400 0.00000000
v -0.01256900 -0.00938600 0.00118900
v -0.01256900 -0.00938600 0.00118900
v -0.01256900 -0.00938600 0.00118900
v -0.01256900 -0.00938600 0.00118900
v -0.01256900 -0.00938600 0.00118900
v -0.01245500 -0.01007200 0.00147600
v -0.01245500 -0.01007200 0.00147600
v -0.01245500 -0.01007200 0.00147600
v -0.01245500 -0.01007200 0.00147600
v -0.01245500 -0.01007200 0.00147600
v -0.01245500 -0.00956400 0.00173500
v -0.01245500 -0.00956400 0.00173500
v -0.01245500 -0.00956400 0.00173500
v -0.01245500 -0.00956400 0.00173500
v -0.01245500 -0.00956400 0.00173500
v -0.01245500 -0.00956400 0.00173500
v -0.01245500 -0.00900000 -0.00182400
v -0.01245500 -0.00900000 -0.00182400
v -0.01245500 -0.00900000 -0.00182400
v -0.01245500 -0.00900000 -0.00182400
v -0.01245500 -0.00956400 -0.00173500
v -0.01245500 -0.00956400 -0.00173500
v -0.01245500 -0.00956400 -0.00173500
v -0.01245500 -0.00956400 -0.00173500
v -0.01245500 -0.00956400 -0.00173500
v -0.01245500 -0.00956400 -0.00173500
v -0.01213000 -0.00900000 -0.00231100
v -0.01213000 -0.00900000 -0.00231100
v -0.01213000 -0.00900000 -0.00231100
v -0.01213000 -0.00900000 -0.00231100
v -0.01245500 -0.01007200 -0.00147600
v -0.01245500 -0.01007200 -0.00147600
v -0.01245500 -0.01007200 -0.00147600
v -0.01245500 -0.01007200 -0.00147600
v -0.01245500 -0.01007200 -0.00147600
v -0.01245500 -0.01073500 0.00056400
v -0.01245500 -0.01073500 0.00056400
v -0.01245500 -0.01073500 0.00056400
v -0.01245500 -0.01073500 0.00056400
v -0.01245500 -0.01073500 0.00056400
v -0.01245500 -0.01047600 0.00107200
v -0.01245500 -0.01047600 0.00107200
v -0.01245500 -0.01047600 0.00107200
v -0.01245500 -0.01047600 0.00107200
v -0.01245500 -0.01047600 0.00107200
v -0.01213000 -0.01086900 0.00135800
v -0.01213000 -0.01086900 0.00135800
v -0.01213000 -0.01086900 0.00135800
v -0.01213000 -0.01086900 0.00135800
v -0.01213000 -0.01086900 0.00135800
v -0.01213000 -0.01086900 0.00135800
v -0.01213000 -0.01035800 0.00186900
v -0.01213000 -0.01035800 0.00186900
v -0.01213000 -0.01035800 0.00186900
v -0.01213000 -0.01035800 0.00186900
v -0.01213000 -0.01035800 0.00186900
v -0.01213000 -0.01035800 0.00186900
v -0.01245500 -0.00900000 0.00182400
v -0.01245500 -0.00900000 0.00182400
v -0.01245500 -0.00900000 0.00182400
v -0.01245500 -0.00900000 0.00182400
v -0.01245500 -0.00900000 0.00182400
v -0.01164300 -0.00900000 -0.00263600
v -0.01164300 -0.00900000 -0.00263600
v -0.01164300 -0.00900000 -0.00263600
v -0.01164300 -0.00900000 -0.00263600
v -0.01164300 -0.00900000 -0.00263600
v -0.01164300 -0.00900000 -0.00263600
v -0.01164300 -0.00981400 -0.00250700
v -0.01164300 -0.00981400 -0.00250700
v -0.01164300 -0.00981400 -0.00250700
v -0.01164300 -0.00981400 -0.00250700
v -0.01164300 -0.00981400 -0.00250700
v -0.01164300 -0.00981400 -0.00250700
v -0.01213000 -0.00971400 -0.00219800
v -0.01213000 -0.00971400 -0.00219800
v -0.01213000 -0.00971400 -0.00219800
v -0.01213000 -0.00971400 -0.00219800
v -0.01213000 -0.00971400 -0.00219800
v -0.01213000 -0.00971400 -0.00219800
v -0.01213000 -0.01035800 -0.00186900
v -0.01213000 -0.01035800 -0.00186900
v -0.01213000 -0.01035800 -0.00186900
v -0.01213000 -0.01035800 -0.00186900
v -0.01213000 -0.01035800 -0.00186900
v -0.01213000 -0.01035800 -0.00186900
v -0.01213000 -0.01086900 -0.00135800
v -0.01213000 -0.01086900 -0.00135800
v -0.01213000 -0.01086900 -0.00135800
v -0.01213000 -0.01086900 -0.00135800
v -0.01213000 -0.01086900 -0.00135800
v -0.01213000 -0.01086900 -0.00135800
v -0.01164300 -0.01054900 -0.00213200
v -0.01164300 -0.01054900 -0.00213200
v -0.01164300 -0.01054900 -0.00213200
v -0.01164300 -0.01054900 -0.00213200
v -0.01164300 -0.01054900 -0.00213200
v -0.01164300 -0.01054900 -0.00213200
v -0.01164300 -0.01113200 -0.00154900
v -0.01164300 -0.01113200 -0.00154900
v -0.01164300 -0.01113200 -0.00154900
v -0.01164300 -0.01113200 -0.00154900
v -0.01164300 -0.01113200 -0.00154900
v -0.01164300 -0.01113200 -0.00154900
v -0.01213000 -0.01119700 -0.00071400
v -0.01213000 -0.01119700 -0.00071400
v -0.01213000 -0.01119700 -0.00071400
v -0.01213000 -0.01119700 -0.00071400
v -0.01213000 -0.01119700 -0.00071400
v -0.01213000 -0.01119700 -0.00071400
v -0.01164300 -0.01150700 -0.00081500
v -0.01164300 -0.01150700 -0.00081500
v -0.01164300 -0.01150700 -0.00081500
v -0.01164300 -0.01150700 -0.00081500
v -0.01164300 -0.01150700 -0.00081500
v -0.01213000 -0.01131100 0.00000000
v -0.01213000 -0.01131100 0.00000000
v -0.01213000 -0.01131100 0.00000000
v -0.01213000 -0.01131100 0.00000000
v -0.01213000 -0.01131100 0.00000000
v -0.01213000 -0.01131100 0.00000000
v -0.01164300 -0.01163600 0.00000000
v -0.01164300 -0.01163600 0.00000000
v -0.01164300 -0.01163600 0.00000000
v -0.01164300 -0.01163600 0.00000000
v -0.01164300 -0.01163600 0.00000000
v -0.01213000 -0.01119700 0.00071400
v -0.01213000 -0.01119700 0.00071400
v -0.01213000 -0.01119700 0.00071400
v -0.01213000 -0.01119700 0.00071400
v -0.01213000 -0.01119700 0.00071400
v -0.01213000 -0.01119700 0.00071400
v -0.01213000 -0.00971400 0.00219800
v -0.01213000 -0.00971400 0.00219800
v -0.01213000 -0.00971400 0.00219800
v -0.01213000 -0.00971400 0.00219800
v -0.01213000 -0.00971400 0.00219800
v -0.01164300 -0.00981400 0.00250700
v -0.01164300 -0.00981400 0.00250700
v -0.01164300 -0.00981400 0.00250700
v -0.01164300 -0.00981400 0.00250700
v -0.01164300 -0.00981400 0.00250700
v -0.01164300 -0.00981400 0.00250700
v -0.01106900 -0.00900000 -0.00275000
v -0.01106900 -0.00900000 -0.00275000
v -0.01106900 -0.00900000 -0.00275000
v -0.01106900 -0.00900000 -0.00275000
v -0.01106900 -0.01061600 -0.00222500
v -0.01106900 -0.01061600 -0.00222500
v -0.01106900 -0.01061600 -0.00222500
v -0.01106900 -0.01061600 -0.00222500
v -0.01106900 -0.01061600 -0.00222500
v -0.01106900 -0.01061600 -0.00222500
v -0.01106900 -0.01122500 -0.00161600
v -0.01106900 -0.01122500 -0.00161600
v -0.01106900 -0.01122500 -0.00161600
v -0.01106900 -0.01122500 -0.00161600
v -0.01106900 -0.01122500 -0.00161600
v -0.01106900 -0.01161500 -0.00085000
v -0.01106900 -0.01161500 -0.00085000
v -0.01106900 -0.01161500 -0.00085000
v -0.01106900 -0.01161500 -0.00085000
v -0.01106900 -0.01161500 -0.00085000
v -0.01106900 -0.01161500 -0.00085000
v -0.01164300 -0.01150700 0.00081500
v -0.01164300 -0.01150700 0.00081500
v -0.01164300 -0.01150700 0.00081500
v -0.01164300 -0.01150700 0.00081500
v -0.01164300 -0.01150700 0.00081500
v -0.01164300 -0.01150700 0.00081500
v -0.01106900 -0.01175000 0.00000000
v -0.01106900 -0.01175000 0.00000000
v -0.01106900 -0.01175000 0.00000000
v -0.01106900 -0.01175000 0.00000000
v -0.01106900 -0.01175000 0.00000000
v -0.01106900 -0.01175000 0.00000000
v -0.01106900 -0.01161500 0.00085000
v -0.01106900 -0.01161500 0.00085000
v -0.01106900 -0.01161500 0.00085000
v -0.01106900 -0.01161500 0.00085000
v -0.01106900 -0.01161500 0.00085000
v -0.01164300 -0.01113200 0.00154900
v -0.01164300 -0.01113200 0.00154900
v -0.01164300 -0.01113200 0.00154900
v -0.01164300 -0.01113200 0.00154900
v -0.01164300 -0.01113200 0.00154900
v -0.01164300 -0.01113200 0.00154900
v -0.01106900 -0.01122500 0.00161600
v -0.01106900 -0.01122500 0.00161600
v -0.01106900 -0.01122500 0.00161600
v -0.01106900 -0.01122500 0.00161600
v -0.01106900 -0.01122500 0.00161600
v -0.01106900 -0.01122500 0.00161600
v -0.01164300 -0.01054900 0.00213200
v -0.01164300 -0.01054900 0.00213200
v -0.01164300 -0.01054900 0.00213200
v -0.01164300 -0.01054900 0.00213200
v -0.01164300 -0.01054900 0.00213200
v -0.01106900 -0.01061600 0.00222500
v -0.01106900 -0.01061600 0.00222500
v -0.01106900 -0.01061600 0.00222500
v -0.01106900 -0.01061600 0.00222500
v -0.01106900 -0.01061600 0.00222500
v -0.01106900 -0.00985000 0.00261500
v -0.01106900 -0.00985000 0.00261500
v -0.01106900 -0.00985000 0.00261500
v -0.01106900 -0.00985000 0.00261500
v -0.01106900 -0.00985000 0.00261500
v -0.01106900 -0.00985000 0.00261500
v -0.01530800 0.00900000 0.00037500
v -0.01530800 0.00900000 0.00037500
v -0.01530800 0.00900000 0.00037500
v -0.01530800 0.00900000 0.00037500
v -0.01530800 0.00900000 0.00037500
v -0.01465900 0.00900000 0.00075000
v -0.01465900 0.00900000 0.00075000
v -0.01465900 0.00900000 0.00075000
v -0.01401000 0.00900000 0.00037500
v -0.01401000 0.00900000 0.00037500
v -0.01401000 0.00900000 0.00037500
v -0.01401000 0.00900000 0.00037500
v -0.01401000 0.00900000 0.00037500
v -0.01401000 0.00900000 0.00037500
v -0.01401000 0.00900000 0.00037500
v -0.01890900 0.00900000 0.00000000
v -0.01890900 0.00900000 0.00000000
v -0.01890900 0.00900000 0.00000000
v -0.01740900 0.00900000 0.00000000
v -0.01740900 0.00900000 0.00000000
v -0.01740900 0.00900000 0.00000000
v -0.01740900 0.00900000 0.00000000
v -0.01751000 0.00900000 -0.00037500
v -0.01751000 0.00900000 -0.00037500
v -0.01751000 0.00900000 -0.00037500
v -0.01751000 0.00900000 -0.00037500
v -0.01751000 0.00900000 -0.00037500
v -0.01751000 0.00900000 -0.00037500
v -0.01778400 0.00900000 -0.00065000
v -0.01778400 0.00900000 -0.00065000
v -0.01778400 0.00900000 -0.00065000
v -0.01880900 0.00900000 -0.00037500
v -0.01880900 0.00900000 -0.00037500
v -0.01880900 0.00900000 -0.00037500
v -0.01880900 0.00900000 -0.00037500
v -0.01778400 0.00900000 0.00065000
v -0.01778400 0.00900000 0.00065000
v -0.01778400 0.00900000 0.00065000
v -0.01778400 0.00900000 0.00065000
v -0.01880900 0.00900000 0.00037500
v -0.01880900 0.00900000 0.00037500
v -0.01880900 0.00900000 0.00037500
v -0.01880900 0.00900000 0.00037500
v -0.04795900 0.01000000 0.01070000
v -0.04795900 0.01000000 0.01070000
v -0.04795900 0.01000000 0.01070000
v -0.04795900 0.01000000 0.01070000
v -0.01395900 0.01000000 0.01070000
v -0.01395900 0.01000000 0.01070000
v -0.01395900 0.01000000 0.01070000
v -0.01395900 0.01000000 0.01070000
v -0.01395900 0.01000000 0.01070000
v -0.01915900 0.01000000 -0.00675000
v -0.01915900 0.01000000 -0.00675000
v -0.01915900 0.01000000 -0.00675000
v -0.01915900 0.01000000 -0.00675000
v -0.01915900 0.01000000 -0.00675000
v -0.01395900 0.01000000 -0.01070000
v -0.01395900 0.01000000 -0.01070000
v -0.01395900 0.01000000 -0.01070000
v -0.01395900 0.01000000 -0.01070000
v -0.01395900 0.01000000 -0.01070000
v -0.04795900 0.01000000 -0.00675000
v -0.04795900 0.01000000 -0.00675000
v -0.04795900 0.01000000 -0.00675000
v -0.04795900 0.01000000 -0.00675000
v -0.04795900 0.01000000 -0.00675000
v -0.01277600 0.00875000 0.01263300
v -0.01277600 0.00875000 0.01263300
v -0.01277600 0.00875000 0.01263300
v -0.01277600 0.00875000 0.01263300
v -0.01277600 0.00875000 0.01263300
v -0.01268000 0.00873100 0.01263300
v -0.01268000 0.00873100 0.01263300
v -0.01268000 0.00873100 0.01263300
v -0.01268000 0.00873100 0.01263300
v -0.01268000 0.00873100 0.01263300
v -0.01261000 0.00890000 0.01245000
v -0.01261000 0.00890000 0.01245000
v -0.01261000 0.00890000 0.01245000
v -0.01261000 0.00890000 0.01245000
v -0.01261000 0.00890000 0.01245000
v -0.01261000 0.00890000 0.01245000
v -0.01277600 0.00893300 0.01245000
v -0.01277600 0.00893300 0.01245000
v -0.01277600 0.00893300 0.01245000
v -0.01277600 0.00893300 0.01245000
v -0.01277600 0.00893300 0.01245000
v -0.04970900 0.00128900 0.01263300
v -0.04970900 0.00128900 0.01263300
v -0.04970900 0.00128900 0.01263300
v -0.04970900 0.00128900 0.01263300
v -0.04970900 0.00128900 0.01263300
v -0.00806900 -0.00850000 0.01220000
v -0.00806900 -0.00850000 0.01220000
v -0.00806900 -0.00850000 0.01220000
v -0.00806900 -0.00850000 0.01220000
v -0.00806900 -0.00850000 0.01220000
v -0.00806900 -0.00850000 0.01220000
v -0.00806900 -0.00850000 0.01220000
v -0.00813600 0.00429300 0.01245000
v -0.00813600 0.00429300 0.01245000
v -0.00813600 0.00429300 0.01245000
v -0.00813600 0.00429300 0.01245000
v -0.00813600 0.00429300 0.01245000
v -0.00813600 0.00429300 0.01245000
v -0.00813600 -0.00850000 0.01245000
v -0.00813600 -0.00850000 0.01245000
v -0.00813600 -0.00850000 0.01245000
v -0.00813600 -0.00850000 0.01245000
v -0.00813600 -0.00850000 0.01245000
v -0.00831900 0.00429300 0.01263300
v -0.00831900 0.00429300 0.01263300
v -0.00831900 0.00429300 0.01263300
v -0.00831900 0.00429300 0.01263300
v -0.00831900 0.00429300 0.01263300
v -0.00856900 -0.00850000 0.01270000
v -0.00856900 -0.00850000 0.01270000
v -0.00856900 -0.00850000 0.01270000
v -0.00856900 -0.00850000 0.01270000
v -0.00856900 -0.00850000 0.01270000
v -0.00856900 -0.00850000 0.01270000
v -0.00856900 -0.00850000 0.01270000
v -0.00839200 0.00447000 0.01263300
v -0.00839200 0.00447000 0.01263300
v -0.00839200 0.00447000 0.01263300
v -0.00839200 0.00447000 0.01263300
v -0.00839200 0.00447000 0.01263300
v -0.00839200 0.00447000 0.01263300
v -0.01259900 0.00867700 0.01263300
v -0.01259900 0.00867700 0.01263300
v -0.01259900 0.00867700 0.01263300
v -0.01259900 0.00867700 0.01263300
v -0.01259900 0.00867700 0.01263300
v -0.00826300 0.00459900 0.01245000
v -0.00826300 0.00459900 0.01245000
v -0.00826300 0.00459900 0.01245000
v -0.00826300 0.00459900 0.01245000
v -0.00826300 0.00459900 0.01245000
v -0.00826300 0.00459900 0.01245000
v -0.01247000 0.00880600 0.01245000
v -0.01247000 0.00880600 0.01245000
v -0.01247000 0.00880600 0.01245000
v -0.01247000 0.00880600 0.01245000
v -0.01247000 0.00880600 0.01245000
v -0.00821500 0.00464600 0.01220000
v -0.00821500 0.00464600 0.01220000
v -0.00821500 0.00464600 0.01220000
v -0.00821500 0.00464600 0.01220000
v -0.00821500 0.00464600 0.01220000
v -0.00821500 0.00464600 0.01220000
v -0.01277600 0.00900000 -0.01220000
v -0.01277600 0.00900000 -0.01220000
v -0.01277600 0.00900000 -0.01220000
v -0.01277600 0.00900000 -0.01220000
v -0.01277600 0.00900000 -0.01220000
v -0.01277600 0.00900000 -0.01220000
v -0.01258500 0.00896200 0.01220000
v -0.01258500 0.00896200 0.01220000
v -0.01258500 0.00896200 0.01220000
v -0.01258500 0.00896200 0.01220000
v -0.01258500 0.00896200 0.01220000
v -0.01258500 0.00896200 0.01220000
v -0.01242300 0.00885400 0.01220000
v -0.01242300 0.00885400 0.01220000
v -0.01242300 0.00885400 0.01220000
v -0.01242300 0.00885400 0.01220000
v -0.01242300 0.00885400 0.01220000
v -0.01242300 0.00885400 0.01220000
v -0.04967600 0.00862500 0.01263300
v -0.04967600 0.00862500 0.01263300
v -0.04967600 0.00862500 0.01263300
v -0.04967600 0.00862500 0.01263300
v -0.04967600 0.00862500 0.01263300
v -0.04945900 0.00850000 0.01270000
v -0.04945900 0.00850000 0.01270000
v -0.04945900 0.00850000 0.01270000
v -0.04945900 0.00850000 0.01270000
v -0.04945900 0.00850000 0.01270000
v -0.04945900 0.00850000 0.01270000
v -0.04945900 0.00850000 0.01270000
v -0.04945900 0.00875000 0.01263300
v -0.04945900 0.00875000 0.01263300
v -0.04945900 0.00875000 0.01263300
v -0.04945900 0.00875000 0.01263300
v -0.04945900 0.00875000 0.01263300
v -0.04958400 0.00871700 0.01263300
v -0.04958400 0.00871700 0.01263300
v -0.04958400 0.00871700 0.01263300
v -0.04958400 0.00871700 0.01263300
v -0.04958400 0.00871700 0.01263300
v -0.04967600 0.00887500 0.01245000
v -0.04967600 0.00887500 0.01245000
v -0.04967600 0.00887500 0.01245000
v -0.04967600 0.00887500 0.01245000
v -0.04967600 0.00887500 0.01245000
v -0.04967600 0.00887500 0.01245000
v -0.04983400 0.00871700 0.01245000
v -0.04983400 0.00871700 0.01245000
v -0.04983400 0.00871700 0.01245000
v -0.04983400 0.00871700 0.01245000
v -0.04983400 0.00871700 0.01245000
v -0.04983400 0.00871700 0.01245000
v -0.04970900 0.00850000 0.01263300
v -0.04970900 0.00850000 0.01263300
v -0.04970900 0.00850000 0.01263300
v -0.04970900 0.00850000 0.01263300
v -0.04970900 0.00850000 0.01263300
v -0.04970900 0.00850000 0.01263300
v -0.04945900 0.00893300 0.01245000
v -0.04945900 0.00893300 0.01245000
v -0.04945900 0.00893300 0.01245000
v -0.04945900 0.00893300 0.01245000
v -0.04945900 0.00893300 0.01245000
v -0.04945900 0.00900000 0.01220000
v -0.04945900 0.00900000 0.01220000
v -0.04945900 0.00900000 0.01220000
v -0.04945900 0.00900000 0.01220000
v -0.04945900 0.00900000 0.01220000
v -0.04945900 0.00900000 0.01220000
v -0.04989200 0.00850000 0.01245000
v -0.04989200 0.00850000 0.01245000
v -0.04989200 0.00850000 0.01245000
v -0.04989200 0.00850000 0.01245000
v -0.04989200 0.00850000 0.01245000
v -0.04983400 0.00107200 0.01245000
v -0.04983400 0.00107200 0.01245000
v -0.04983400 0.00107200 0.01245000
v -0.04983400 0.00107200 0.01245000
v -0.04983400 0.00107200 0.01245000
v -0.04983400 0.00107200 0.01245000
v -0.04967600 0.00116400 0.01263300
v -0.04967600 0.00116400 0.01263300
v -0.04967600 0.00116400 0.01263300
v -0.04967600 0.00116400 0.01263300
v -0.04967600 0.00116400 0.01263300
v -0.04989200 0.00128900 0.01245000
v -0.04989200 0.00128900 0.01245000
v -0.04989200 0.00128900 0.01245000
v -0.04989200 0.00128900 0.01245000
v -0.04989200 0.00128900 0.01245000
v -0.04989200 0.00128900 0.01245000
v -0.04995900 0.00128900 0.01220000
v -0.04995900 0.00128900 0.01220000
v -0.04995900 0.00128900 0.01220000
v -0.04995900 0.00128900 0.01220000
v -0.04995900 0.00128900 0.01220000
v -0.04995900 0.00128900 0.01220000
v -0.04989200 0.00103900 0.01220000
v -0.04989200 0.00103900 0.01220000
v -0.04989200 0.00103900 0.01220000
v -0.04989200 0.00103900 0.01220000
v -0.04989200 0.00103900 0.01220000
v -0.00835300 -0.00862500 0.01263300
v -0.00835300 -0.00862500 0.01263300
v -0.00835300 -0.00862500 0.01263300
v -0.00835300 -0.00862500 0.01263300
v -0.00835300 -0.00862500 0.01263300
v -0.00844400 -0.00871600 0.01263300
v -0.00844400 -0.00871600 0.01263300
v -0.00844400 -0.00871600 0.01263300
v -0.00844400 -0.00871600 0.01263300
v -0.00844400 -0.00871600 0.01263300
v -0.00831900 -0.00850000 0.01263300
v -0.00831900 -0.00850000 0.01263300
v -0.00831900 -0.00850000 0.01263300
v -0.00831900 -0.00850000 0.01263300
v -0.00831900 -0.00850000 0.01263300
v -0.00831900 -0.00850000 0.01263300
v -0.00819400 -0.00871600 0.01245000
v -0.00819400 -0.00871600 0.01245000
v -0.00819400 -0.00871600 0.01245000
v -0.00819400 -0.00871600 0.01245000
v -0.00819400 -0.00871600 0.01245000
v -0.00819400 -0.00871600 0.01245000
v -0.00835300 -0.00887500 0.01245000
v -0.00835300 -0.00887500 0.01245000
v -0.00835300 -0.00887500 0.01245000
v -0.00835300 -0.00887500 0.01245000
v -0.00835300 -0.00887500 0.01245000
v -0.00816900 0.00445900 0.01245000
v -0.00816900 0.00445900 0.01245000
v -0.00816900 0.00445900 0.01245000
v -0.00816900 0.00445900 0.01245000
v -0.00816900 0.00445900 0.01245000
v -0.00816900 0.00445900 0.01245000
v -0.00833800 0.00438900 0.01263300
v -0.00833800 0.00438900 0.01263300
v -0.00833800 0.00438900 0.01263300
v -0.00833800 0.00438900 0.01263300
v -0.00833800 0.00438900 0.01263300
v -0.00806900 0.00429300 0.01220000
v -0.00806900 0.00429300 0.01220000
v -0.00806900 0.00429300 0.01220000
v -0.00806900 0.00429300 0.01220000
v -0.00806900 0.00429300 0.01220000
v -0.00806900 0.00429300 0.01220000
v -0.00806900 0.00429300 0.01220000
v -0.01268000 0.00873100 -0.01263300
v -0.01268000 0.00873100 -0.01263300
v -0.01268000 0.00873100 -0.01263300
v -0.01268000 0.00873100 -0.01263300
v -0.01268000 0.00873100 -0.01263300
v -0.01277600 0.00893300 -0.01245000
v -0.01277600 0.00893300 -0.01245000
v -0.01277600 0.00893300 -0.01245000
v -0.01277600 0.00893300 -0.01245000
v -0.01277600 0.00893300 -0.01245000
v -0.01277600 0.00893300 -0.01245000
v -0.01259900 0.00867700 -0.01263300
v -0.01259900 0.00867700 -0.01263300
v -0.01259900 0.00867700 -0.01263300
v -0.01259900 0.00867700 -0.01263300
v -0.01259900 0.00867700 -0.01263300
v -0.01259900 0.00867700 -0.01263300
v -0.01261000 0.00890000 -0.01245000
v -0.01261000 0.00890000 -0.01245000
v -0.01261000 0.00890000 -0.01245000
v -0.01261000 0.00890000 -0.01245000
v -0.01261000 0.00890000 -0.01245000
v -0.01261000 0.00890000 -0.01245000
v -0.01258500 0.00896200 -0.01220000
v -0.01258500 0.00896200 -0.01220000
v -0.01258500 0.00896200 -0.01220000
v -0.01258500 0.00896200 -0.01220000
v -0.01258500 0.00896200 -0.01220000
v -0.01247000 0.00880600 -0.01245000
v -0.01247000 0.00880600 -0.01245000
v -0.01247000 0.00880600 -0.01245000
v -0.01247000 0.00880600 -0.01245000
v -0.01247000 0.00880600 -0.01245000
v -0.01247000 0.00880600 -0.01245000
v -0.04970900 0.00893300 0.00525000
v -0.04970900 0.00893300 0.00525000
v -0.04970900 0.00893300 0.00525000
v -0.04970900 0.00893300 0.00525000
v -0.04970900 0.00893300 0.00525000
v -0.04970900 0.00893300 0.00525000
v -0.04970900 0.00893300 0.01220000
v -0.04970900 0.00893300 0.01220000
v -0.04970900 0.00893300 0.01220000
v -0.04970900 0.00893300 0.01220000
v -0.04970900 0.00893300 0.01220000
v -0.04989200 0.00875000 0.01220000
v -0.04989200 0.00875000 0.01220000
v -0.04989200 0.00875000 0.01220000
v -0.04989200 0.00875000 0.01220000
v -0.04989200 0.00875000 0.01220000
v -0.04989200 0.00128900 0.00500000
v -0.04989200 0.00128900 0.00500000
v -0.04989200 0.00128900 0.00500000
v -0.04989200 0.00128900 0.00500000
v -0.04989200 0.00128900 0.00500000
v -0.04970900 0.00128900 0.00481700
v -0.04970900 0.00128900 0.00481700
v -0.04970900 0.00128900 0.00481700
v -0.04970900 0.00128900 0.00481700
v -0.04970900 0.00128900 0.00481700
v -0.04989200 0.00103900 0.00525000
v -0.04989200 0.00103900 0.00525000
v -0.04989200 0.00103900 0.00525000
v -0.04989200 0.00103900 0.00525000
v -0.04989200 0.00103900 0.00525000
v -0.04989200 0.00103900 0.00525000
v -0.04989200 0.00103900 0.00525000
v -0.04970900 0.00085600 0.01220000
v -0.04970900 0.00085600 0.01220000
v -0.04970900 0.00085600 0.01220000
v -0.04970900 0.00085600 0.01220000
v -0.04970900 0.00085600 0.01220000
v -0.04958400 0.00107200 0.01263300
v -0.04958400 0.00107200 0.01263300
v -0.04958400 0.00107200 0.01263300
v -0.04958400 0.00107200 0.01263300
v -0.04958400 0.00107200 0.01263300
v -0.04958400 0.00107200 0.01263300
v -0.04967600 0.00091400 0.01245000
v -0.04967600 0.00091400 0.01245000
v -0.04967600 0.00091400 0.01245000
v -0.04967600 0.00091400 0.01245000
v -0.04967600 0.00091400 0.01245000
v -0.04967600 0.00091400 0.01245000
v -0.03262900 -0.00871600 0.01263300
v -0.03262900 -0.00871600 0.01263300
v -0.03262900 -0.00871600 0.01263300
v -0.03262900 -0.00871600 0.01263300
v -0.03262900 -0.00871600 0.01263300
v -0.03250400 -0.00900000 0.01220000
v -0.03250400 -0.00900000 0.01220000
v -0.03250400 -0.00900000 0.01220000
v -0.03250400 -0.00900000 0.01220000
v -0.00856900 -0.00893300 0.01245000
v -0.00856900 -0.00893300 0.01245000
v -0.00856900 -0.00893300 0.01245000
v -0.00856900 -0.00893300 0.01245000
v -0.00856900 -0.00893300 0.01245000
v -0.00856900 -0.00893300 0.01245000
v -0.00856900 -0.00875000 0.01263300
v -0.00856900 -0.00875000 0.01263300
v -0.00856900 -0.00875000 0.01263300
v -0.00856900 -0.00875000 0.01263300
v -0.00856900 -0.00875000 0.01263300
v -0.00810700 0.00448400 0.01220000
v -0.00810700 0.00448400 0.01220000
v -0.00810700 0.00448400 0.01220000
v -0.00810700 0.00448400 0.01220000
v -0.00810700 0.00448400 0.01220000
v -0.00810700 0.00448400 0.01220000
v -0.00839200 0.00447000 -0.01263300
v -0.00839200 0.00447000 -0.01263300
v -0.00839200 0.00447000 -0.01263300
v -0.00839200 0.00447000 -0.01263300
v -0.00839200 0.00447000 -0.01263300
v -0.01277600 0.00850000 -0.01270000
v -0.01277600 0.00850000 -0.01270000
v -0.01277600 0.00850000 -0.01270000
v -0.01277600 0.00850000 -0.01270000
v -0.01277600 0.00850000 -0.01270000
v -0.01277600 0.00850000 -0.01270000
v -0.01277600 0.00850000 -0.01270000
v -0.01277600 0.00875000 -0.01263300
v -0.01277600 0.00875000 -0.01263300
v -0.01277600 0.00875000 -0.01263300
v -0.01277600 0.00875000 -0.01263300
v -0.01277600 0.00875000 -0.01263300
v -0.04945900 0.00875000 -0.01263300
v -0.04945900 0.00875000 -0.01263300
v -0.04945900 0.00875000 -0.01263300
v -0.04945900 0.00875000 -0.01263300
v -0.04945900 0.00875000 -0.01263300
v -0.04983400 0.00871700 0.00500000
v -0.04983400 0.00871700 0.00500000
v -0.04983400 0.00871700 0.00500000
v -0.04983400 0.00871700 0.00500000
v -0.04983400 0.00871700 0.00500000
v -0.04983400 0.00871700 0.00500000
v -0.04989200 0.00875000 0.00525000
v -0.04989200 0.00875000 0.00525000
v -0.04989200 0.00875000 0.00525000
v -0.04989200 0.00875000 0.00525000
v -0.04989200 0.00875000 0.00525000
v -0.04989200 0.00875000 0.00525000
v -0.04989200 0.00850000 0.00500000
v -0.04989200 0.00850000 0.00500000
v -0.04989200 0.00850000 0.00500000
v -0.04989200 0.00850000 0.00500000
v -0.04989200 0.00850000 0.00500000
v -0.04989200 0.00850000 0.00500000
v -0.04967600 0.00887500 0.00500000
v -0.04967600 0.00887500 0.00500000
v -0.04967600 0.00887500 0.00500000
v -0.04967600 0.00887500 0.00500000
v -0.04967600 0.00887500 0.00500000
v -0.04967600 0.00887500 0.00500000
v -0.04958400 0.00871700 0.00481700
v -0.04958400 0.00871700 0.00481700
v -0.04958400 0.00871700 0.00481700
v -0.04958400 0.00871700 0.00481700
v -0.04958400 0.00871700 0.00481700
v -0.04970900 0.00850000 0.00481700
v -0.04970900 0.00850000 0.00481700
v -0.04970900 0.00850000 0.00481700
v -0.04970900 0.00850000 0.00481700
v -0.04970900 0.00850000 0.00481700
v -0.04967600 0.00862500 0.00481700
v -0.04967600 0.00862500 0.00481700
v -0.04967600 0.00862500 0.00481700
v -0.04967600 0.00862500 0.00481700
v -0.04967600 0.00862500 0.00481700
v -0.04967600 0.00116400 0.00481700
v -0.04967600 0.00116400 0.00481700
v -0.04967600 0.00116400 0.00481700
v -0.04967600 0.00116400 0.00481700
v -0.04967600 0.00116400 0.00481700
v -0.04967600 0.00116400 0.00481700
v -0.04963000 0.00099300 0.00490800
v -0.04963000 0.00099300 0.00490800
v -0.04963000 0.00099300 0.00490800
v -0.04963000 0.00099300 0.00490800
v -0.04963000 0.00099300 0.00490800
v -0.04963000 0.00099300 0.00490800
v -0.04983400 0.00107200 0.00500000
v -0.04983400 0.00107200 0.00500000
v -0.04983400 0.00107200 0.00500000
v -0.04983400 0.00107200 0.00500000
v -0.04983400 0.00107200 0.00500000
v -0.04983400 0.00107200 0.00500000
v -0.04983400 0.00107200 0.00500000
v -0.04967600 0.00091400 0.00500000
v -0.04967600 0.00091400 0.00500000
v -0.04967600 0.00091400 0.00500000
v -0.04967600 0.00091400 0.00500000
v -0.04967600 0.00091400 0.00500000
v -0.04955300 0.00112600 0.00480000
v -0.04955300 0.00112600 0.00480000
v -0.04955300 0.00112600 0.00480000
v -0.04955300 0.00112600 0.00480000
v -0.04958400 0.00107200 0.00481700
v -0.04958400 0.00107200 0.00481700
v -0.04958400 0.00107200 0.00481700
v -0.04958400 0.00107200 0.00481700
v -0.04958400 0.00107200 0.00481700
v -0.04945900 0.00128900 0.00475000
v -0.04945900 0.00128900 0.00475000
v -0.04945900 0.00128900 0.00475000
v -0.04945900 0.00128900 0.00475000
v -0.04945900 0.00128900 0.00475000
v -0.03250400 -0.00875000 0.01263300
v -0.03250400 -0.00875000 0.01263300
v -0.03250400 -0.00875000 0.01263300
v -0.03250400 -0.00875000 0.01263300
v -0.03250400 -0.00875000 0.01263300
v -0.03272100 -0.00887500 0.01245000
v -0.03272100 -0.00887500 0.01245000
v -0.03272100 -0.00887500 0.01245000
v -0.03272100 -0.00887500 0.01245000
v -0.03272100 -0.00887500 0.01245000
v -0.03250400 -0.00893300 0.01245000
v -0.03250400 -0.00893300 0.01245000
v -0.03250400 -0.00893300 0.01245000
v -0.03250400 -0.00893300 0.01245000
v -0.03250400 -0.00893300 0.01245000
v -0.00826300 0.00459900 -0.01245000
v -0.00826300 0.00459900 -0.01245000
v -0.00826300 0.00459900 -0.01245000
v -0.00826300 0.00459900 -0.01245000
v -0.00826300 0.00459900 -0.01245000
v -0.00826300 0.00459900 -0.01245000
v -0.00821500 0.00464600 -0.01220000
v -0.00821500 0.00464600 -0.01220000
v -0.00821500 0.00464600 -0.01220000
v -0.00821500 0.00464600 -0.01220000
v -0.00821500 0.00464600 -0.01220000
v -0.00821500 0.00464600 -0.01220000
v -0.00856900 0.00429300 -0.01270000
v -0.00856900 0.00429300 -0.01270000
v -0.00856900 0.00429300 -0.01270000
v -0.00856900 0.00429300 -0.01270000
v -0.00856900 0.00429300 -0.01270000
v -0.00856900 0.00429300 -0.01270000
v -0.00833800 0.00438900 -0.01263300
v -0.00833800 0.00438900 -0.01263300
v -0.00833800 0.00438900 -0.01263300
v -0.00833800 0.00438900 -0.01263300
v -0.00833800 0.00438900 -0.01263300
v -0.00816900 0.00445900 -0.01245000
v -0.00816900 0.00445900 -0.01245000
v -0.00816900 0.00445900 -0.01245000
v -0.00816900 0.00445900 -0.01245000
v -0.00816900 0.00445900 -0.01245000
v -0.00816900 0.00445900 -0.01245000
v -0.00831900 0.00429300 -0.01263300
v -0.00831900 0.00429300 -0.01263300
v -0.00831900 0.00429300 -0.01263300
v -0.00831900 0.00429300 -0.01263300
v -0.00831900 0.00429300 -0.01263300
v -0.00831900 0.00429300 -0.01263300
v -0.00810700 0.00448400 -0.01220000
v -0.00810700 0.00448400 -0.01220000
v -0.00810700 0.00448400 -0.01220000
v -0.00810700 0.00448400 -0.01220000
v -0.00810700 0.00448400 -0.01220000
v -0.00813600 0.00429300 -0.01245000
v -0.00813600 0.00429300 -0.01245000
v -0.00813600 0.00429300 -0.01245000
v -0.00813600 0.00429300 -0.01245000
v -0.00813600 0.00429300 -0.01245000
v -0.00806900 0.00429300 -0.01220000
v -0.00806900 0.00429300 -0.01220000
v -0.00806900 0.00429300 -0.01220000
v -0.00806900 0.00429300 -0.01220000
v -0.00806900 0.00429300 -0.01220000
v -0.04945900 0.00850000 -0.01270000
v -0.04945900 0.00850000 -0.01270000
v -0.04945900 0.00850000 -0.01270000
v -0.04945900 0.00850000 -0.01270000
v -0.04945900 0.00850000 -0.01270000
v -0.04945900 0.00850000 -0.01270000
v -0.04945900 0.00850000 -0.01270000
v -0.04967600 0.00862500 -0.01263300
v -0.04967600 0.00862500 -0.01263300
v -0.04967600 0.00862500 -0.01263300
v -0.04967600 0.00862500 -0.01263300
v -0.04967600 0.00862500 -0.01263300
v -0.04970900 0.00893300 -0.01220000
v -0.04970900 0.00893300 -0.01220000
v -0.04970900 0.00893300 -0.01220000
v -0.04970900 0.00893300 -0.01220000
v -0.04970900 0.00893300 -0.01220000
v -0.04970900 0.00893300 -0.01220000
v -0.04967600 0.00887500 -0.01245000
v -0.04967600 0.00887500 -0.01245000
v -0.04967600 0.00887500 -0.01245000
v -0.04967600 0.00887500 -0.01245000
v -0.04967600 0.00887500 -0.01245000
v -0.04967600 0.00887500 -0.01245000
v -0.04989200 0.00875000 -0.01220000
v -0.04989200 0.00875000 -0.01220000
v -0.04989200 0.00875000 -0.01220000
v -0.04989200 0.00875000 -0.01220000
v -0.04989200 0.00875000 -0.01220000
v -0.04989200 0.00875000 -0.01220000
v -0.04995900 0.00850000 -0.01220000
v -0.04995900 0.00850000 -0.01220000
v -0.04995900 0.00850000 -0.01220000
v -0.04995900 0.00850000 -0.01220000
v -0.04995900 0.00850000 -0.01220000
v -0.04995900 0.00850000 -0.01220000
v -0.04983400 0.00871700 -0.01245000
v -0.04983400 0.00871700 -0.01245000
v -0.04983400 0.00871700 -0.01245000
v -0.04983400 0.00871700 -0.01245000
v -0.04983400 0.00871700 -0.01245000
v -0.04983400 0.00871700 -0.01245000
v -0.04989200 0.00850000 -0.01245000
v -0.04989200 0.00850000 -0.01245000
v -0.04989200 0.00850000 -0.01245000
v -0.04989200 0.00850000 -0.01245000
v -0.04989200 0.00850000 -0.01245000
v -0.04989200 0.00850000 -0.01245000
v -0.04945900 0.00893300 -0.01245000
v -0.04945900 0.00893300 -0.01245000
v -0.04945900 0.00893300 -0.01245000
v -0.04945900 0.00893300 -0.01245000
v -0.04945900 0.00893300 -0.01245000
v -0.04958400 0.00871700 -0.01263300
v -0.04958400 0.00871700 -0.01263300
v -0.04958400 0.00871700 -0.01263300
v -0.04958400 0.00871700 -0.01263300
v -0.04958400 0.00871700 -0.01263300
v -0.04945900 0.00850000 0.00475000
v -0.04945900 0.00850000 0.00475000
v -0.04945900 0.00850000 0.00475000
v -0.04945900 0.00850000 0.00475000
v -0.04945900 0.00850000 0.00475000
v -0.04945900 0.00850000 0.00475000
v -0.04945900 0.00850000 0.00475000
v -0.04945900 0.00875000 0.00481700
v -0.04945900 0.00875000 0.00481700
v -0.04945900 0.00875000 0.00481700
v -0.04945900 0.00875000 0.00481700
v -0.04945900 0.00875000 0.00481700
v -0.04945900 0.00875000 0.00481700
v -0.04945900 0.00893300 0.00500000
v -0.04945900 0.00893300 0.00500000
v -0.04945900 0.00893300 0.00500000
v -0.04945900 0.00893300 0.00500000
v -0.04945900 0.00893300 0.00500000
v -0.04945900 0.00893300 0.00500000
v -0.02165900 0.00893300 0.00500000
v -0.02165900 0.00893300 0.00500000
v -0.02165900 0.00893300 0.00500000
v -0.02165900 0.00893300 0.00500000
v -0.02165900 0.00893300 0.00500000
v -0.03275500 -0.00893300 0.00525000
v -0.03275500 -0.00893300 0.00525000
v -0.03275500 -0.00893300 0.00525000
v -0.03275500 -0.00893300 0.00525000
v -0.03275500 -0.00893300 0.00525000
v -0.04970900 0.00085600 0.00525000
v -0.04970900 0.00085600 0.00525000
v -0.04970900 0.00085600 0.00525000
v -0.04970900 0.00085600 0.00525000
v -0.04970900 0.00085600 0.00525000
v -0.04970900 0.00085600 0.00525000
v -0.04968400 0.00089900 0.00506200
v -0.04968400 0.00089900 0.00506200
v -0.04968400 0.00089900 0.00506200
v -0.04968400 0.00089900 0.00506200
v -0.04968400 0.00089900 0.00506200
v -0.04968400 0.00089900 0.00506200
v -0.04968400 0.00089900 0.00506200
v -0.03259900 -0.00866300 0.00480000
v -0.03259900 -0.00866300 0.00480000
v -0.03259900 -0.00866300 0.00480000
v -0.03259900 -0.00866300 0.00480000
v -0.03259900 -0.00866300 0.00480000
v -0.03259900 -0.00866300 0.00480000
v -0.03262900 -0.00871600 0.00481700
v -0.03262900 -0.00871600 0.00481700
v -0.03262900 -0.00871600 0.00481700
v -0.03262900 -0.00871600 0.00481700
v -0.03262900 -0.00871600 0.00481700
v -0.03272900 -0.00888900 0.00506200
v -0.03272900 -0.00888900 0.00506200
v -0.03272900 -0.00888900 0.00506200
v -0.03272900 -0.00888900 0.00506200
v -0.00831900 -0.00850000 -0.01263300
v -0.00831900 -0.00850000 -0.01263300
v -0.00831900 -0.00850000 -0.01263300
v -0.00831900 -0.00850000 -0.01263300
v -0.00831900 -0.00850000 -0.01263300
v -0.00856900 -0.00850000 -0.01270000
v -0.00856900 -0.00850000 -0.01270000
v -0.00856900 -0.00850000 -0.01270000
v -0.00856900 -0.00850000 -0.01270000
v -0.00856900 -0.00850000 -0.01270000
v -0.00856900 -0.00850000 -0.01270000
v -0.00856900 -0.00850000 -0.01270000
v -0.00856900 -0.00850000 -0.01270000
v -0.04970900 0.00850000 -0.01263300
v -0.04970900 0.00850000 -0.01263300
v -0.04970900 0.00850000 -0.01263300
v -0.04970900 0.00850000 -0.01263300
v -0.04970900 0.00850000 -0.01263300
v -0.04945900 0.00128900 -0.01270000
v -0.04945900 0.00128900 -0.01270000
v -0.04945900 0.00128900 -0.01270000
v -0.04945900 0.00128900 -0.01270000
v -0.04945900 0.00128900 -0.01270000
v -0.04945900 0.00128900 -0.01270000
v -0.04945900 0.00900000 -0.00525000
v -0.04945900 0.00900000 -0.00525000
v -0.04945900 0.00900000 -0.00525000
v -0.04945900 0.00900000 -0.00525000
v -0.04945900 0.00900000 -0.00525000
v -0.04945900 0.00900000 -0.00525000
v -0.02090900 0.00893300 0.00425000
v -0.02090900 0.00893300 0.00425000
v -0.02090900 0.00893300 0.00425000
v -0.02090900 0.00893300 0.00425000
v -0.02090900 0.00893300 0.00425000
v -0.02090900 0.00893300 0.00425000
v -0.02079300 0.00900000 0.00475000
v -0.02079300 0.00900000 0.00475000
v -0.02079300 0.00900000 0.00475000
v -0.02079300 0.00900000 0.00475000
v -0.02079300 0.00900000 0.00475000
v -0.02101000 0.00893300 0.00462500
v -0.02101000 0.00893300 0.00462500
v -0.02101000 0.00893300 0.00462500
v -0.02101000 0.00893300 0.00462500
v -0.02101000 0.00893300 0.00462500
v -0.02101000 0.00893300 0.00462500
v -0.02128400 0.00893300 0.00489900
v -0.02128400 0.00893300 0.00489900
v -0.02128400 0.00893300 0.00489900
v -0.02128400 0.00893300 0.00489900
v -0.02128400 0.00893300 0.00489900
v -0.02128400 0.00893300 0.00489900
v -0.02116800 0.00875000 0.00453300
v -0.02116800 0.00875000 0.00453300
v -0.02116800 0.00875000 0.00453300
v -0.02116800 0.00875000 0.00453300
v -0.02116800 0.00875000 0.00453300
v -0.02116800 0.00875000 0.00453300
v -0.02137600 0.00875000 0.00474100
v -0.02137600 0.00875000 0.00474100
v -0.02137600 0.00875000 0.00474100
v -0.02137600 0.00875000 0.00474100
v -0.02137600 0.00875000 0.00474100
v -0.02137600 0.00875000 0.00474100
v -0.02165900 0.00875000 0.00481700
v -0.02165900 0.00875000 0.00481700
v -0.02165900 0.00875000 0.00481700
v -0.02165900 0.00875000 0.00481700
v -0.02165900 0.00875000 0.00481700
v -0.02140900 0.00850000 0.00468300
v -0.02140900 0.00850000 0.00468300
v -0.02140900 0.00850000 0.00468300
v -0.02140900 0.00850000 0.00468300
v -0.02140900 0.00850000 0.00468300
v -0.03250400 -0.00893300 0.00500000
v -0.03250400 -0.00893300 0.00500000
v -0.03250400 -0.00893300 0.00500000
v -0.03250400 -0.00893300 0.00500000
v -0.03250400 -0.00893300 0.00500000
v -0.03250400 -0.00893300 0.00500000
v -0.03272100 -0.00887500 0.00500000
v -0.03272100 -0.00887500 0.00500000
v -0.03272100 -0.00887500 0.00500000
v -0.03272100 -0.00887500 0.00500000
v -0.03272100 -0.00887500 0.00500000
v -0.03267500 -0.00879600 0.00490800
v -0.03267500 -0.00879600 0.00490800
v -0.03267500 -0.00879600 0.00490800
v -0.03267500 -0.00879600 0.00490800
v -0.03267500 -0.00879600 0.00490800
v -0.03267500 -0.00879600 0.00490800
v -0.00844400 -0.00871600 -0.01263300
v -0.00844400 -0.00871600 -0.01263300
v -0.00844400 -0.00871600 -0.01263300
v -0.00844400 -0.00871600 -0.01263300
v -0.00835300 -0.00887500 -0.01245000
v -0.00835300 -0.00887500 -0.01245000
v -0.00835300 -0.00887500 -0.01245000
v -0.00835300 -0.00887500 -0.01245000
v -0.00835300 -0.00887500 -0.01245000
v -0.00835300 -0.00887500 -0.01245000
v -0.00856900 -0.00875000 -0.01263300
v -0.00856900 -0.00875000 -0.01263300
v -0.00856900 -0.00875000 -0.01263300
v -0.00856900 -0.00875000 -0.01263300
v -0.00856900 -0.00875000 -0.01263300
v -0.00819400 -0.00871600 -0.01245000
v -0.00819400 -0.00871600 -0.01245000
v -0.00819400 -0.00871600 -0.01245000
v -0.00819400 -0.00871600 -0.01245000
v -0.00819400 -0.00871600 -0.01245000
v -0.00819400 -0.00871600 -0.01245000
v -0.00835300 -0.00862500 -0.01263300
v -0.00835300 -0.00862500 -0.01263300
v -0.00835300 -0.00862500 -0.01263300
v -0.00835300 -0.00862500 -0.01263300
v -0.00835300 -0.00862500 -0.01263300
v -0.00813600 -0.00850000 -0.01245000
v -0.00813600 -0.00850000 -0.01245000
v -0.00813600 -0.00850000 -0.01245000
v -0.00813600 -0.00850000 -0.01245000
v -0.00813600 -0.00850000 -0.01245000
v -0.00813600 -0.00850000 -0.01245000
v -0.04967600 0.00091400 -0.01245000
v -0.04967600 0.00091400 -0.01245000
v -0.04967600 0.00091400 -0.01245000
v -0.04967600 0.00091400 -0.01245000
v -0.04967600 0.00091400 -0.01245000
v -0.04967600 0.00091400 -0.01245000
v -0.04970900 0.00128900 -0.01263300
v -0.04970900 0.00128900 -0.01263300
v -0.04970900 0.00128900 -0.01263300
v -0.04970900 0.00128900 -0.01263300
v -0.04970900 0.00128900 -0.01263300
v -0.04970900 0.00128900 -0.01263300
v -0.04967600 0.00116400 -0.01263300
v -0.04967600 0.00116400 -0.01263300
v -0.04967600 0.00116400 -0.01263300
v -0.04967600 0.00116400 -0.01263300
v -0.04967600 0.00116400 -0.01263300
v -0.04983400 0.00107200 -0.01245000
v -0.04983400 0.00107200 -0.01245000
v -0.04983400 0.00107200 -0.01245000
v -0.04983400 0.00107200 -0.01245000
v -0.04983400 0.00107200 -0.01245000
v -0.04983400 0.00107200 -0.01245000
v -0.04989200 0.00128900 -0.01245000
v -0.04989200 0.00128900 -0.01245000
v -0.04989200 0.00128900 -0.01245000
v -0.04989200 0.00128900 -0.01245000
v -0.04989200 0.00128900 -0.01245000
v -0.04995900 0.00128900 -0.01220000
v -0.04995900 0.00128900 -0.01220000
v -0.04995900 0.00128900 -0.01220000
v -0.04995900 0.00128900 -0.01220000
v -0.04967600 0.00862500 -0.00481700
v -0.04967600 0.00862500 -0.00481700
v -0.04967600 0.00862500 -0.00481700
v -0.04967600 0.00862500 -0.00481700
v -0.04967600 0.00862500 -0.00481700
v -0.04958400 0.00871700 -0.00481700
v -0.04958400 0.00871700 -0.00481700
v -0.04958400 0.00871700 -0.00481700
v -0.04958400 0.00871700 -0.00481700
v -0.04958400 0.00871700 -0.00481700
v -0.04967600 0.00887500 -0.00500000
v -0.04967600 0.00887500 -0.00500000
v -0.04967600 0.00887500 -0.00500000
v -0.04967600 0.00887500 -0.00500000
v -0.04967600 0.00887500 -0.00500000
v -0.04967600 0.00887500 -0.00500000
v -0.04970900 0.00893300 -0.00525000
v -0.04970900 0.00893300 -0.00525000
v -0.04970900 0.00893300 -0.00525000
v -0.04970900 0.00893300 -0.00525000
v -0.04970900 0.00893300 -0.00525000
v -0.04983400 0.00871700 -0.00500000
v -0.04983400 0.00871700 -0.00500000
v -0.04983400 0.00871700 -0.00500000
v -0.04983400 0.00871700 -0.00500000
v -0.04983400 0.00871700 -0.00500000
v -0.04983400 0.00871700 -0.00500000
v -0.04989200 0.00875000 -0.00525000
v -0.04989200 0.00875000 -0.00525000
v -0.04989200 0.00875000 -0.00525000
v -0.04989200 0.00875000 -0.00525000
v -0.04989200 0.00875000 -0.00525000
v -0.04945900 0.00850000 -0.00475000
v -0.04945900 0.00850000 -0.00475000
v -0.04945900 0.00850000 -0.00475000
v -0.04945900 0.00850000 -0.00475000
v -0.04945900 0.00850000 -0.00475000
v -0.04945900 0.00850000 -0.00475000
v -0.02165900 0.00850000 -0.00475000
v -0.02165900 0.00850000 -0.00475000
v -0.02165900 0.00850000 -0.00475000
v -0.02165900 0.00850000 -0.00475000
v -0.02165900 0.00850000 -0.00475000
v -0.02165900 0.00850000 -0.00475000
v -0.02165900 0.00850000 -0.00475000
v -0.02165900 0.00875000 -0.00481700
v -0.02165900 0.00875000 -0.00481700
v -0.02165900 0.00875000 -0.00481700
v -0.02165900 0.00875000 -0.00481700
v -0.02165900 0.00875000 -0.00481700
v -0.02165900 0.00875000 -0.00481700
v -0.04945900 0.00875000 -0.00481700
v -0.04945900 0.00875000 -0.00481700
v -0.04945900 0.00875000 -0.00481700
v -0.04945900 0.00875000 -0.00481700
v -0.04945900 0.00893300 -0.00500000
v -0.04945900 0.00893300 -0.00500000
v -0.04945900 0.00893300 -0.00500000
v -0.04945900 0.00893300 -0.00500000
v -0.04945900 0.00893300 -0.00500000
v -0.02109200 0.00875000 0.00425000
v -0.02109200 0.00875000 0.00425000
v -0.02109200 0.00875000 0.00425000
v -0.02109200 0.00875000 0.00425000
v -0.02109200 0.00875000 0.00425000
v -0.02109200 0.00875000 0.00425000
v -0.02109200 0.00875000 -0.00425000
v -0.02109200 0.00875000 -0.00425000
v -0.02109200 0.00875000 -0.00425000
v -0.02109200 0.00875000 -0.00425000
v -0.02109200 0.00875000 -0.00425000
v -0.02065900 0.00900000 0.00425000
v -0.02065900 0.00900000 0.00425000
v -0.02065900 0.00900000 0.00425000
v -0.02065900 0.00900000 0.00425000
v -0.02065900 0.00900000 0.00425000
v -0.02115900 0.00850000 0.00425000
v -0.02115900 0.00850000 0.00425000
v -0.02115900 0.00850000 0.00425000
v -0.02115900 0.00850000 0.00425000
v -0.02115900 0.00850000 0.00425000
v -0.02122600 0.00850000 0.00450000
v -0.02122600 0.00850000 0.00450000
v -0.02122600 0.00850000 0.00450000
v -0.02122600 0.00850000 0.00450000
v -0.02122600 0.00850000 0.00450000
v -0.02140900 -0.00850000 0.00468300
v -0.02140900 -0.00850000 0.00468300
v -0.02140900 -0.00850000 0.00468300
v -0.02140900 -0.00850000 0.00468300
v -0.02140900 -0.00850000 0.00468300
v -0.02140900 -0.00850000 0.00468300
v -0.02165900 -0.00850000 0.00475000
v -0.02165900 -0.00850000 0.00475000
v -0.02165900 -0.00850000 0.00475000
v -0.02165900 -0.00850000 0.00475000
v -0.02165900 -0.00850000 0.00475000
v -0.02165900 -0.00850000 0.00475000
v -0.02165900 0.00850000 0.00475000
v -0.02165900 0.00850000 0.00475000
v -0.02165900 0.00850000 0.00475000
v -0.02165900 0.00850000 0.00475000
v -0.02165900 0.00850000 0.00475000
v -0.02165900 -0.00875000 0.00481700
v -0.02165900 -0.00875000 0.00481700
v -0.02165900 -0.00875000 0.00481700
v -0.02165900 -0.00875000 0.00481700
v -0.02165900 -0.00875000 0.00481700
v -0.02165900 -0.00875000 0.00481700
v -0.03250400 -0.00875000 0.00481700
v -0.03250400 -0.00875000 0.00481700
v -0.03250400 -0.00875000 0.00481700
v -0.03250400 -0.00875000 0.00481700
v -0.03250400 -0.00875000 0.00481700
v -0.03250400 -0.00875000 0.00481700
v -0.00856900 -0.00893300 -0.01245000
v -0.00856900 -0.00893300 -0.01245000
v -0.00856900 -0.00893300 -0.01245000
v -0.00856900 -0.00893300 -0.01245000
v -0.00856900 -0.00893300 -0.01245000
v -0.03250400 -0.00875000 -0.01263300
v -0.03250400 -0.00875000 -0.01263300
v -0.03250400 -0.00875000 -0.01263300
v -0.03250400 -0.00875000 -0.01263300
v -0.03250400 -0.00875000 -0.01263300
v -0.04958400 0.00107200 -0.01263300
v -0.04958400 0.00107200 -0.01263300
v -0.04958400 0.00107200 -0.01263300
v -0.04958400 0.00107200 -0.01263300
v -0.04958400 0.00107200 -0.01263300
v -0.04989200 0.00103900 -0.01220000
v -0.04989200 0.00103900 -0.01220000
v -0.04989200 0.00103900 -0.01220000
v -0.04989200 0.00103900 -0.01220000
v -0.04989200 0.00103900 -0.01220000
v -0.04989200 0.00103900 -0.01220000
v -0.04995900 0.00850000 -0.00525000
v -0.04995900 0.00850000 -0.00525000
v -0.04995900 0.00850000 -0.00525000
v -0.04995900 0.00850000 -0.00525000
v -0.04989200 0.00128900 -0.00500000
v -0.04989200 0.00128900 -0.00500000
v -0.04989200 0.00128900 -0.00500000
v -0.04989200 0.00128900 -0.00500000
v -0.04989200 0.00128900 -0.00500000
v -0.04989200 0.00128900 -0.00500000
v -0.04989200 0.00850000 -0.00500000
v -0.04989200 0.00850000 -0.00500000
v -0.04989200 0.00850000 -0.00500000
v -0.04989200 0.00850000 -0.00500000
v -0.04989200 0.00850000 -0.00500000
v -0.04970900 0.00850000 -0.00481700
v -0.04970900 0.00850000 -0.00481700
v -0.04970900 0.00850000 -0.00481700
v -0.04970900 0.00850000 -0.00481700
v -0.04970900 0.00850000 -0.00481700
v -0.02165900 0.00900000 -0.00525000
v -0.02165900 0.00900000 -0.00525000
v -0.02165900 0.00900000 -0.00525000
v -0.02165900 0.00900000 -0.00525000
v -0.02165900 0.00900000 -0.00525000
v -0.02165900 0.00893300 -0.00500000
v -0.02165900 0.00893300 -0.00500000
v -0.02165900 0.00893300 -0.00500000
v -0.02165900 0.00893300 -0.00500000
v -0.02165900 0.00893300 -0.00500000
v -0.02101000 0.00893300 -0.00462500
v -0.02101000 0.00893300 -0.00462500
v -0.02101000 0.00893300 -0.00462500
v -0.02101000 0.00893300 -0.00462500
v -0.02101000 0.00893300 -0.00462500
v -0.02128400 0.00893300 -0.00489900
v -0.02128400 0.00893300 -0.00489900
v -0.02128400 0.00893300 -0.00489900
v -0.02128400 0.00893300 -0.00489900
v -0.02128400 0.00893300 -0.00489900
v -0.02128400 0.00893300 -0.00489900
v -0.02090900 0.00893300 -0.00425000
v -0.02090900 0.00893300 -0.00425000
v -0.02090900 0.00893300 -0.00425000
v -0.02090900 0.00893300 -0.00425000
v -0.02090900 0.00893300 -0.00425000
v -0.02116800 0.00875000 -0.00453300
v -0.02116800 0.00875000 -0.00453300
v -0.02116800 0.00875000 -0.00453300
v -0.02116800 0.00875000 -0.00453300
v -0.02116800 0.00875000 -0.00453300
v -0.02116800 0.00875000 -0.00453300
v -0.02137600 0.00875000 -0.00474100
v -0.02137600 0.00875000 -0.00474100
v -0.02137600 0.00875000 -0.00474100
v -0.02137600 0.00875000 -0.00474100
v -0.02137600 0.00875000 -0.00474100
v -0.02137600 0.00875000 -0.00474100
v -0.02122600 -0.00850000 0.00450000
v -0.02122600 -0.00850000 0.00450000
v -0.02122600 -0.00850000 0.00450000
v -0.02122600 -0.00850000 0.00450000
v -0.02122600 -0.00850000 0.00450000
v -0.02122600 -0.00850000 0.00450000
v -0.02137600 -0.00875000 0.00474100
v -0.02137600 -0.00875000 0.00474100
v -0.02137600 -0.00875000 0.00474100
v -0.02137600 -0.00875000 0.00474100
v -0.02137600 -0.00875000 0.00474100
v -0.02137600 -0.00875000 0.00474100
v -0.02116800 -0.00875000 0.00453300
v -0.02116800 -0.00875000 0.00453300
v -0.02116800 -0.00875000 0.00453300
v -0.02116800 -0.00875000 0.00453300
v -0.02116800 -0.00875000 0.00453300
v -0.02116800 -0.00875000 0.00453300
v -0.02101000 -0.00893300 0.00462500
v -0.02101000 -0.00893300 0.00462500
v -0.02101000 -0.00893300 0.00462500
v -0.02101000 -0.00893300 0.00462500
v -0.02101000 -0.00893300 0.00462500
v -0.02101000 -0.00893300 0.00462500
v -0.02165900 -0.00893300 0.00500000
v -0.02165900 -0.00893300 0.00500000
v -0.02165900 -0.00893300 0.00500000
v -0.02165900 -0.00893300 0.00500000
v -0.02165900 -0.00893300 0.00500000
v -0.02165900 -0.00893300 0.00500000
v -0.02128400 -0.00893300 0.00489900
v -0.02128400 -0.00893300 0.00489900
v -0.02128400 -0.00893300 0.00489900
v -0.02128400 -0.00893300 0.00489900
v -0.02128400 -0.00893300 0.00489900
v -0.02128400 -0.00893300 0.00489900
v -0.03262900 -0.00871600 -0.01263300
v -0.03262900 -0.00871600 -0.01263300
v -0.03262900 -0.00871600 -0.01263300
v -0.03262900 -0.00871600 -0.01263300
v -0.03262900 -0.00871600 -0.01263300
v -0.03250400 -0.00893300 -0.01245000
v -0.03250400 -0.00893300 -0.01245000
v -0.03250400 -0.00893300 -0.01245000
v -0.03250400 -0.00893300 -0.01245000
v -0.03250400 -0.00893300 -0.01245000
v -0.03250400 -0.00893300 -0.01245000
v -0.03272100 -0.00887500 -0.01245000
v -0.03272100 -0.00887500 -0.01245000
v -0.03272100 -0.00887500 -0.01245000
v -0.03272100 -0.00887500 -0.01245000
v -0.03272100 -0.00887500 -0.01245000
v -0.03272100 -0.00887500 -0.01245000
v -0.04967600 0.00116400 -0.00481700
v -0.04967600 0.00116400 -0.00481700
v -0.04967600 0.00116400 -0.00481700
v -0.04967600 0.00116400 -0.00481700
v -0.04967600 0.00116400 -0.00481700
v -0.04967600 0.00091400 -0.00500000
v -0.04967600 0.00091400 -0.00500000
v -0.04967600 0.00091400 -0.00500000
v -0.04967600 0.00091400 -0.00500000
v -0.04967600 0.00091400 -0.00500000
v -0.04967600 0.00091400 -0.00500000
v -0.04970900 0.00128900 -0.00481700
v -0.04970900 0.00128900 -0.00481700
v -0.04970900 0.00128900 -0.00481700
v -0.04970900 0.00128900 -0.00481700
v -0.04970900 0.00128900 -0.00481700
v -0.04983400 0.00107200 -0.00500000
v -0.04983400 0.00107200 -0.00500000
v -0.04983400 0.00107200 -0.00500000
v -0.04983400 0.00107200 -0.00500000
v -0.04983400 0.00107200 -0.00500000
v -0.04983400 0.00107200 -0.00500000
v -0.04989200 0.00103900 -0.00525000
v -0.04989200 0.00103900 -0.00525000
v -0.04989200 0.00103900 -0.00525000
v -0.04989200 0.00103900 -0.00525000
v -0.04989200 0.00103900 -0.00525000
v -0.02122600 -0.00850000 -0.00450000
v -0.02122600 -0.00850000 -0.00450000
v -0.02122600 -0.00850000 -0.00450000
v -0.02122600 -0.00850000 -0.00450000
v -0.02122600 -0.00850000 -0.00450000
v -0.02122600 0.00850000 -0.00450000
v -0.02122600 0.00850000 -0.00450000
v -0.02122600 0.00850000 -0.00450000
v -0.02122600 0.00850000 -0.00450000
v -0.02122600 0.00850000 -0.00450000
v -0.02122600 0.00850000 -0.00450000
v -0.02140900 0.00850000 -0.00468300
v -0.02140900 0.00850000 -0.00468300
v -0.02140900 0.00850000 -0.00468300
v -0.02140900 0.00850000 -0.00468300
v -0.02140900 0.00850000 -0.00468300
v -0.02140900 0.00850000 -0.00468300
v -0.02140900 -0.00850000 -0.00468300
v -0.02140900 -0.00850000 -0.00468300
v -0.02140900 -0.00850000 -0.00468300
v -0.02140900 -0.00850000 -0.00468300
v -0.02140900 -0.00850000 -0.00468300
v -0.02165900 -0.00850000 -0.00475000
v -0.02165900 -0.00850000 -0.00475000
v -0.02165900 -0.00850000 -0.00475000
v -0.02165900 -0.00850000 -0.00475000
v -0.02065900 -0.00900000 0.00425000
v -0.02065900 -0.00900000 0.00425000
v -0.02065900 -0.00900000 0.00425000
v -0.02065900 -0.00900000 0.00425000
v -0.02065900 -0.00900000 0.00425000
v -0.02090900 -0.00893300 0.00425000
v -0.02090900 -0.00893300 0.00425000
v -0.02090900 -0.00893300 0.00425000
v -0.02090900 -0.00893300 0.00425000
v -0.02090900 -0.00893300 0.00425000
v -0.02090900 -0.00893300 0.00425000
v -0.02090900 -0.00893300 -0.00425000
v -0.02090900 -0.00893300 -0.00425000
v -0.02090900 -0.00893300 -0.00425000
v -0.02090900 -0.00893300 -0.00425000
v -0.02090900 -0.00893300 -0.00425000
v -0.02109200 -0.00875000 0.00425000
v -0.02109200 -0.00875000 0.00425000
v -0.02109200 -0.00875000 0.00425000
v -0.02109200 -0.00875000 0.00425000
v -0.02109200 -0.00875000 0.00425000
v -0.02109200 -0.00875000 0.00425000
v -0.02115900 -0.00850000 0.00425000
v -0.02115900 -0.00850000 0.00425000
v -0.02115900 -0.00850000 0.00425000
v -0.02115900 -0.00850000 0.00425000
v -0.02115900 -0.00850000 0.00425000
v -0.03250400 -0.00900000 -0.01220000
v -0.03250400 -0.00900000 -0.01220000
v -0.03250400 -0.00900000 -0.01220000
v -0.03250400 -0.00900000 -0.01220000
v -0.03250400 -0.00900000 -0.01220000
v -0.03250400 -0.00900000 -0.01220000
v -0.04958400 0.00107200 -0.00481700
v -0.04958400 0.00107200 -0.00481700
v -0.04958400 0.00107200 -0.00481700
v -0.04958400 0.00107200 -0.00481700
v -0.04958400 0.00107200 -0.00481700
v -0.04958400 0.00107200 -0.00481700
v -0.03262900 -0.00871600 -0.00481700
v -0.03262900 -0.00871600 -0.00481700
v -0.03262900 -0.00871600 -0.00481700
v -0.03262900 -0.00871600 -0.00481700
v -0.03262900 -0.00871600 -0.00481700
v -0.02137600 -0.00875000 -0.00474100
v -0.02137600 -0.00875000 -0.00474100
v -0.02137600 -0.00875000 -0.00474100
v -0.02137600 -0.00875000 -0.00474100
v -0.02137600 -0.00875000 -0.00474100
v -0.02137600 -0.00875000 -0.00474100
v -0.02116800 -0.00875000 -0.00453300
v -0.02116800 -0.00875000 -0.00453300
v -0.02116800 -0.00875000 -0.00453300
v -0.02116800 -0.00875000 -0.00453300
v -0.02116800 -0.00875000 -0.00453300
v -0.02116800 -0.00875000 -0.00453300
v -0.02115900 -0.00850000 -0.00425000
v -0.02115900 -0.00850000 -0.00425000
v -0.02115900 -0.00850000 -0.00425000
v -0.02115900 -0.00850000 -0.00425000
v -0.02115900 -0.00850000 -0.00425000
v -0.02115900 -0.00850000 -0.00425000
v -0.02128400 -0.00893300 -0.00489900
v -0.02128400 -0.00893300 -0.00489900
v -0.02128400 -0.00893300 -0.00489900
v -0.02128400 -0.00893300 -0.00489900
v -0.02128400 -0.00893300 -0.00489900
v -0.02128400 -0.00893300 -0.00489900
v -0.02109200 -0.00875000 -0.00425000
v -0.02109200 -0.00875000 -0.00425000
v -0.02109200 -0.00875000 -0.00425000
v -0.02109200 -0.00875000 -0.00425000
v -0.02109200 -0.00875000 -0.00425000
v -0.02165900 -0.00900000 -0.00525000
v -0.02165900 -0.00900000 -0.00525000
v -0.02165900 -0.00900000 -0.00525000
v -0.02165900 -0.00900000 -0.00525000
v -0.02165900 -0.00900000 -0.00525000
v -0.02101000 -0.00893300 -0.00462500
v -0.02101000 -0.00893300 -0.00462500
v -0.02101000 -0.00893300 -0.00462500
v -0.02101000 -0.00893300 -0.00462500
v -0.02101000 -0.00893300 -0.00462500
v -0.02101000 -0.00893300 -0.00462500
v -0.02065900 -0.00900000 -0.00425000
v -0.02065900 -0.00900000 -0.00425000
v -0.02065900 -0.00900000 -0.00425000
v -0.02065900 -0.00900000 -0.00425000
v -0.02065900 -0.00900000 -0.00425000
v -0.03250400 -0.00850000 -0.00475000
v -0.03250400 -0.00850000 -0.00475000
v -0.03250400 -0.00850000 -0.00475000
v -0.03250400 -0.00850000 -0.00475000
v -0.03250400 -0.00850000 -0.00475000
v -0.03272100 -0.00887500 -0.00500000
v -0.03272100 -0.00887500 -0.00500000
v -0.03272100 -0.00887500 -0.00500000
v -0.03272100 -0.00887500 -0.00500000
v -0.03272100 -0.00887500 -0.00500000
v -0.03250400 -0.00875000 -0.00481700
v -0.03250400 -0.00875000 -0.00481700
v -0.03250400 -0.00875000 -0.00481700
v -0.03250400 -0.00875000 -0.00481700
v -0.03250400 -0.00875000 -0.00481700
v -0.03250400 -0.00875000 -0.00481700
v -0.03250400 -0.00893300 -0.00500000
v -0.03250400 -0.00893300 -0.00500000
v -0.03250400 -0.00893300 -0.00500000
v -0.03250400 -0.00893300 -0.00500000
v -0.03250400 -0.00893300 -0.00500000
v -0.03250400 -0.00893300 -0.00500000
v -0.02165900 -0.00875000 -0.00481700
v -0.02165900 -0.00875000 -0.00481700
v -0.02165900 -0.00875000 -0.00481700
v -0.02165900 -0.00875000 -0.00481700
v -0.02165900 -0.00875000 -0.00481700
v -0.02165900 -0.00893300 -0.00500000
v -0.02165900 -0.00893300 -0.00500000
v -0.02165900 -0.00893300 -0.00500000
v -0.02165900 -0.00893300 -0.00500000
v -0.02165900 -0.00893300 -0.00500000
v -0.03250400 -0.00900000 -0.00525000
v -0.03250400 -0.00900000 -0.00525000
v -0.03250400 -0.00900000 -0.00525000
v -0.03250400 -0.00900000 -0.00525000
v -0.03250400 -0.00900000 -0.00525000
v -0.01964200 0.00962900 0.00626700
v -0.01964200 0.00962900 0.00626700
v -0.01964200 0.00962900 0.00626700
v -0.01964200 0.00962900 0.00626700
v -0.01964200 0.00962900 0.00626700
v -0.01964200 0.00962900 0.00626700
v -0.01940900 0.00993300 0.00650000
v -0.01940900 0.00993300 0.00650000
v -0.01940900 0.00993300 0.00650000
v -0.01940900 0.00993300 0.00650000
v -0.01940900 0.00993300 0.00650000
v -0.04795900 0.01000000 0.00675000
v -0.04795900 0.01000000 0.00675000
v -0.04795900 0.01000000 0.00675000
v -0.04795900 0.01000000 0.00675000
v -0.04820900 0.00993300 0.00650000
v -0.04820900 0.00993300 0.00650000
v -0.04820900 0.00993300 0.00650000
v -0.04820900 0.00993300 0.00650000
v -0.04820900 0.00993300 0.00650000
v -0.04845900 0.00950000 0.00625000
v -0.04845900 0.00950000 0.00625000
v -0.04845900 0.00950000 0.00625000
v -0.04845900 0.00950000 0.00625000
v -0.04845900 0.00950000 0.00625000
v -0.04845900 0.00950000 0.00625000
v -0.04845900 0.00950000 0.01120000
v -0.04845900 0.00950000 0.01120000
v -0.04845900 0.00950000 0.01120000
v -0.04845900 0.00950000 0.01120000
v -0.04845900 0.00950000 0.01120000
v -0.04845900 0.00950000 0.01120000
v -0.04845900 0.00950000 0.01120000
v -0.04844200 0.00962900 0.00626700
v -0.04844200 0.00962900 0.00626700
v -0.04844200 0.00962900 0.00626700
v -0.04844200 0.00962900 0.00626700
v -0.04844200 0.00962900 0.00626700
v -0.04844200 0.00962900 0.00626700
v -0.04839200 0.00975000 0.00631700
v -0.04839200 0.00975000 0.00631700
v -0.04839200 0.00975000 0.00631700
v -0.04839200 0.00975000 0.00631700
v -0.04839200 0.00975000 0.00631700
v -0.01965900 0.00950000 -0.00625000
v -0.01965900 0.00950000 -0.00625000
v -0.01965900 0.00950000 -0.00625000
v -0.01965900 0.00950000 -0.00625000
v -0.01965900 0.00950000 -0.00625000
v -0.01964200 0.00962900 -0.00626700
v -0.01964200 0.00962900 -0.00626700
v -0.01964200 0.00962900 -0.00626700
v -0.01964200 0.00962900 -0.00626700
v -0.01964200 0.00962900 -0.00626700
v -0.01964200 0.00962900 -0.00626700
v -0.01965900 0.00950000 0.00625000
v -0.01965900 0.00950000 0.00625000
v -0.01965900 0.00950000 0.00625000
v -0.01965900 0.00950000 0.00625000
v -0.01965900 0.00950000 0.00625000
v -0.01959200 0.00975000 0.00631700
v -0.01959200 0.00975000 0.00631700
v -0.01959200 0.00975000 0.00631700
v -0.01959200 0.00975000 0.00631700
v -0.01959200 0.00975000 0.00631700
v -0.01959200 0.00975000 -0.00631700
v -0.01959200 0.00975000 -0.00631700
v -0.01959200 0.00975000 -0.00631700
v -0.01959200 0.00975000 -0.00631700
v -0.01915900 0.01000000 0.00675000
v -0.01915900 0.01000000 0.00675000
v -0.01915900 0.01000000 0.00675000
v -0.01915900 0.01000000 0.00675000
v -0.01915900 0.01000000 0.00675000
v -0.01967600 0.00937100 0.00623300
v -0.01967600 0.00937100 0.00623300
v -0.01967600 0.00937100 0.00623300
v -0.01967600 0.00937100 0.00623300
v -0.01967600 0.00937100 0.00623300
v -0.01972600 0.00925000 0.00618300
v -0.01972600 0.00925000 0.00618300
v -0.01972600 0.00925000 0.00618300
v -0.01972600 0.00925000 0.00618300
v -0.04852600 0.00925000 0.00618300
v -0.04852600 0.00925000 0.00618300
v -0.04852600 0.00925000 0.00618300
v -0.04852600 0.00925000 0.00618300
v -0.04847600 0.00937100 0.01121700
v -0.04847600 0.00937100 0.01121700
v -0.04847600 0.00937100 0.01121700
v -0.04847600 0.00937100 0.01121700
v -0.04847600 0.00937100 0.01121700
v -0.04847600 0.00937100 0.00623300
v -0.04847600 0.00937100 0.00623300
v -0.04847600 0.00937100 0.00623300
v -0.04847600 0.00937100 0.00623300
v -0.04847600 0.00937100 0.00623300
v -0.04847600 0.00937100 0.00623300
v -0.04852600 0.00925000 0.01126700
v -0.04852600 0.00925000 0.01126700
v -0.04852600 0.00925000 0.01126700
v -0.04852600 0.00925000 0.01126700
v -0.04852600 0.00925000 0.01126700
v -0.04852600 0.00925000 0.01126700
v -0.04870900 0.00906700 0.00600000
v -0.04870900 0.00906700 0.00600000
v -0.04870900 0.00906700 0.00600000
v -0.04870900 0.00906700 0.00600000
v -0.04870900 0.00906700 0.00600000
v -0.01370900 0.00993300 0.01095000
v -0.01370900 0.00993300 0.01095000
v -0.01370900 0.00993300 0.01095000
v -0.01370900 0.00993300 0.01095000
v -0.01370900 0.00993300 0.01095000
v -0.04820900 0.00993300 0.01095000
v -0.04820900 0.00993300 0.01095000
v -0.04820900 0.00993300 0.01095000
v -0.04820900 0.00993300 0.01095000
v -0.04820900 0.00993300 0.01095000
v -0.04844200 0.00962900 0.01118300
v -0.04844200 0.00962900 0.01118300
v -0.04844200 0.00962900 0.01118300
v -0.04844200 0.00962900 0.01118300
v -0.04844200 0.00962900 0.01118300
v -0.01345900 0.00950000 0.01120000
v -0.01345900 0.00950000 0.01120000
v -0.01345900 0.00950000 0.01120000
v -0.01345900 0.00950000 0.01120000
v -0.01345900 0.00950000 0.01120000
v -0.01347600 0.00962900 0.01118300
v -0.01347600 0.00962900 0.01118300
v -0.01347600 0.00962900 0.01118300
v -0.01347600 0.00962900 0.01118300
v -0.01347600 0.00962900 0.01118300
v -0.04839200 0.00975000 0.01113300
v -0.04839200 0.00975000 0.01113300
v -0.04839200 0.00975000 0.01113300
v -0.04839200 0.00975000 0.01113300
v -0.04839200 0.00975000 0.01113300
v -0.01352600 0.00975000 0.01113300
v -0.01352600 0.00975000 0.01113300
v -0.01352600 0.00975000 0.01113300
v -0.01352600 0.00975000 0.01113300
v -0.04845900 0.00950000 -0.00625000
v -0.04845900 0.00950000 -0.00625000
v -0.04845900 0.00950000 -0.00625000
v -0.04845900 0.00950000 -0.00625000
v -0.04845900 0.00950000 -0.00625000
v -0.01940900 0.00993300 -0.00650000
v -0.01940900 0.00993300 -0.00650000
v -0.01940900 0.00993300 -0.00650000
v -0.01940900 0.00993300 -0.00650000
v -0.01940900 0.00993300 -0.00650000
v -0.01990900 0.00906700 0.00600000
v -0.01990900 0.00906700 0.00600000
v -0.01990900 0.00906700 0.00600000
v -0.01990900 0.00906700 0.00600000
v -0.01990900 0.00906700 0.00600000
v -0.01990900 0.00906700 -0.00600000
v -0.01990900 0.00906700 -0.00600000
v -0.01990900 0.00906700 -0.00600000
v -0.01990900 0.00906700 -0.00600000
v -0.01990900 0.00906700 -0.00600000
v -0.02015900 0.00900000 0.00575000
v -0.02015900 0.00900000 0.00575000
v -0.02015900 0.00900000 0.00575000
v -0.02015900 0.00900000 0.00575000
v -0.02015900 0.00900000 0.00575000
v -0.01344200 0.00937100 0.01121700
v -0.01344200 0.00937100 0.01121700
v -0.01344200 0.00937100 0.01121700
v -0.01344200 0.00937100 0.01121700
v -0.01344200 0.00937100 0.01121700
v -0.01339200 0.00925000 0.01126700
v -0.01339200 0.00925000 0.01126700
v -0.01339200 0.00925000 0.01126700
v -0.01339200 0.00925000 0.01126700
v -0.01339200 0.00925000 0.01126700
v -0.01339200 0.00925000 0.01126700
v -0.04870900 0.00906700 0.01145000
v -0.04870900 0.00906700 0.01145000
v -0.04870900 0.00906700 0.01145000
v -0.04870900 0.00906700 0.01145000
v -0.04870900 0.00906700 0.01145000
v -0.01320900 0.00906700 0.01145000
v -0.01320900 0.00906700 0.01145000
v -0.01320900 0.00906700 0.01145000
v -0.01320900 0.00906700 0.01145000
v -0.01320900 0.00906700 0.01145000
v -0.04895900 0.00900000 0.01170000
v -0.04895900 0.00900000 0.01170000
v -0.04895900 0.00900000 0.01170000
v -0.04895900 0.00900000 0.01170000
v -0.04895900 0.00900000 0.01170000
v -0.01295900 0.00900000 0.01170000
v -0.01295900 0.00900000 0.01170000
v -0.01295900 0.00900000 0.01170000
v -0.01295900 0.00900000 0.01170000
v -0.01295900 0.00900000 0.01170000
v -0.01345900 0.00950000 -0.01120000
v -0.01345900 0.00950000 -0.01120000
v -0.01345900 0.00950000 -0.01120000
v -0.01345900 0.00950000 -0.01120000
v -0.01345900 0.00950000 -0.01120000
v -0.01345900 0.00950000 -0.01120000
v -0.01352600 0.00975000 -0.01113300
v -0.01352600 0.00975000 -0.01113300
v -0.01352600 0.00975000 -0.01113300
v -0.01352600 0.00975000 -0.01113300
v -0.01352600 0.00975000 -0.01113300
v -0.01352600 0.00975000 -0.01113300
v -0.01370900 0.00993300 -0.01095000
v -0.01370900 0.00993300 -0.01095000
v -0.01370900 0.00993300 -0.01095000
v -0.01370900 0.00993300 -0.01095000
v -0.01370900 0.00993300 -0.01095000
v -0.04844200 0.00962900 -0.00626700
v -0.04844200 0.00962900 -0.00626700
v -0.04844200 0.00962900 -0.00626700
v -0.04844200 0.00962900 -0.00626700
v -0.04844200 0.00962900 -0.00626700
v -0.04844200 0.00962900 -0.00626700
v -0.04839200 0.00975000 -0.00631700
v -0.04839200 0.00975000 -0.00631700
v -0.04839200 0.00975000 -0.00631700
v -0.04839200 0.00975000 -0.00631700
v -0.04839200 0.00975000 -0.00631700
v -0.04839200 0.00975000 -0.01113300
v -0.04839200 0.00975000 -0.01113300
v -0.04839200 0.00975000 -0.01113300
v -0.04839200 0.00975000 -0.01113300
v -0.04820900 0.00993300 -0.00650000
v -0.04820900 0.00993300 -0.00650000
v -0.04820900 0.00993300 -0.00650000
v -0.04820900 0.00993300 -0.00650000
v -0.04820900 0.00993300 -0.00650000
v -0.04820900 0.00993300 -0.01095000
v -0.04820900 0.00993300 -0.01095000
v -0.04820900 0.00993300 -0.01095000
v -0.04820900 0.00993300 -0.01095000
v -0.04820900 0.00993300 -0.01095000
v -0.01967600 0.00937100 -0.00623300
v -0.01967600 0.00937100 -0.00623300
v -0.01967600 0.00937100 -0.00623300
v -0.01967600 0.00937100 -0.00623300
v -0.01967600 0.00937100 -0.00623300
v -0.01967600 0.00937100 -0.00623300
v -0.01972600 0.00925000 -0.00618300
v -0.01972600 0.00925000 -0.00618300
v -0.01972600 0.00925000 -0.00618300
v -0.01972600 0.00925000 -0.00618300
v -0.01972600 0.00925000 -0.00618300
v -0.01972600 0.00925000 -0.00618300
v -0.01320900 0.00906700 -0.01145000
v -0.01320900 0.00906700 -0.01145000
v -0.01320900 0.00906700 -0.01145000
v -0.01320900 0.00906700 -0.01145000
v -0.01320900 0.00906700 -0.01145000
v -0.04795900 0.01000000 -0.01070000
v -0.04795900 0.01000000 -0.01070000
v -0.04795900 0.01000000 -0.01070000
v -0.04795900 0.01000000 -0.01070000
v -0.01347600 0.00962900 -0.01118300
v -0.01347600 0.00962900 -0.01118300
v -0.01347600 0.00962900 -0.01118300
v -0.01347600 0.00962900 -0.01118300
v -0.01347600 0.00962900 -0.01118300
v -0.01347600 0.00962900 -0.01118300
v -0.04844200 0.00962900 -0.01118300
v -0.04844200 0.00962900 -0.01118300
v -0.04844200 0.00962900 -0.01118300
v -0.04844200 0.00962900 -0.01118300
v -0.04844200 0.00962900 -0.01118300
v -0.04844200 0.00962900 -0.01118300
v -0.04845900 0.00950000 -0.01120000
v -0.04845900 0.00950000 -0.01120000
v -0.04845900 0.00950000 -0.01120000
v -0.04845900 0.00950000 -0.01120000
v -0.04845900 0.00950000 -0.01120000
v -0.04847600 0.00937100 -0.00623300
v -0.04847600 0.00937100 -0.00623300
v -0.04847600 0.00937100 -0.00623300
v -0.04847600 0.00937100 -0.00623300
v -0.04847600 0.00937100 -0.00623300
v -0.04847600 0.00937100 -0.00623300
v -0.04852600 0.00925000 -0.00618300
v -0.04852600 0.00925000 -0.00618300
v -0.04852600 0.00925000 -0.00618300
v -0.04852600 0.00925000 -0.00618300
v -0.04852600 0.00925000 -0.00618300
v -0.04870900 0.00906700 -0.00600000
v -0.04870900 0.00906700 -0.00600000
v -0.04870900 0.00906700 -0.00600000
v -0.04870900 0.00906700 -0.00600000
v -0.04870900 0.00906700 -0.00600000
v -0.04847600 0.00937100 -0.01121700
v -0.04847600 0.00937100 -0.01121700
v -0.04847600 0.00937100 -0.01121700
v -0.04847600 0.00937100 -0.01121700
v -0.01344200 0.00937100 -0.01121700
v -0.01344200 0.00937100 -0.01121700
v -0.01344200 0.00937100 -0.01121700
v -0.01344200 0.00937100 -0.01121700
v -0.01344200 0.00937100 -0.01121700
v -0.01339200 0.00925000 -0.01126700
v -0.01339200 0.00925000 -0.01126700
v -0.01339200 0.00925000 -0.01126700
v -0.01339200 0.00925000 -0.01126700
v -0.01339200 0.00925000 -0.01126700
v -0.04852600 0.00925000 -0.01126700
v -0.04852600 0.00925000 -0.01126700
v -0.04852600 0.00925000 -0.01126700
v -0.04852600 0.00925000 -0.01126700
v -0.04852600 0.00925000 -0.01126700
v -0.04852600 0.00925000 -0.01126700
v -0.04852600 0.00925000 -0.01126700
v -0.04852600 0.00925000 -0.01126700
v -0.04870900 0.00906700 -0.01145000
v -0.04870900 0.00906700 -0.01145000
v -0.04870900 0.00906700 -0.01145000
v -0.04870900 0.00906700 -0.01145000
v -0.04870900 0.00906700 -0.01145000
v -0.01295900 0.00900000 -0.01170000
v -0.01295900 0.00900000 -0.01170000
v -0.01295900 0.00900000 -0.01170000
v -0.01295900 0.00900000 -0.01170000
v -0.01295900 0.00900000 -0.01170000
vn -0.18910000 0.96360000 -0.18900000
vn -0.18900000 0.96360000 -0.18900000
vn -0.06920000 0.96360000 -0.25820000
vn -0.00000000 1.00000000 -0.00000000
vn -0.06920000 0.96360000 -0.25820000
vn -0.00000000 0.96590000 -0.25890000
vn -0.00000000 1.00000000 -0.00000000
vn -0.06930000 0.96360000 -0.25820000
vn -0.00000000 1.00000000 -0.00000000
vn -0.25890000 0.96590000 -0.00000000
vn -0.25890000 0.96590000 -0.00000000
vn -0.00000000 1.00000000 -0.00000000
vn -0.00000000 0.96590000 -0.25890000
vn -0.00000000 1.00000000 -0.00000000
vn -0.00000000 0.96590000 -0.25890000
vn -0.25060000 0.93510000 -0.25060000
vn -0.00000000 1.00000000 -0.00000000
vn -0.00000000 0.96590000 -0.25890000
vn -0.00000000 1.00000000 -0.00000000
vn -0.25880000 0.96590000 -0.00000000
vn -0.00000000 0.96590000 0.25890000
vn -0.00000000 1.00000000 -0.00000000
vn 0.18890000 0.94850000 0.25420000
vn -0.00000000 1.00000000 -0.00000000
vn 0.19530000 0.98070000 -0.00000000
vn -0.25880000 0.96590000 -0.00000000
vn -0.00000000 0.96590000 -0.25890000
vn -0.00000000 1.00000000 -0.00000000
vn -0.25060000 0.93510000 -0.25060000
vn -0.00000000 1.00000000 -0.00000000
vn -0.25890000 0.96590000 -0.00000000
vn -0.25890000 0.96590000 -0.00000000
vn -0.00000000 0.96590000 -0.25890000
vn -0.00000000 1.00000000 -0.00000000
vn -0.00000000 1.00000000 -0.00000000
vn -0.00000000 1.00000000 -0.00000000
vn -0.00000000 1.00000000 -0.00000000
vn -0.00000000 0.96590000 0.25890000
vn -0.00000000 0.96590000 0.25890000
vn -0.25890000 0.96590000 -0.00000000
vn -0.06920000 0.96360000 0.25820000
vn -0.00000000 1.00000000 -0.00000000
vn -0.18900000 0.96360000 0.18900000
vn -0.00000000 1.00000000 -0.00000000
vn -0.06920000 0.96360000 0.25820000
vn -0.00000000 1.00000000 -0.00000000
vn -0.25890000 0.96590000 -0.00000000
vn -0.25890000 0.96590000 -0.00000000
vn -0.00000000 0.96590000 0.25890000
vn -0.00000000 1.00000000 -0.00000000
vn -0.18910000 0.96360000 0.18910000
vn -0.18900000 0.96360000 0.18900000
vn -0.25820000 0.96360000 0.06920000
vn -0.00000000 1.00000000 -0.00000000
vn -0.25820000 0.96360000 0.06920000
vn -0.25820000 0.96360000 0.06920000
vn -0.00000000 1.00000000 -0.00000000
vn -0.00000000 1.00000000 -0.00000000
vn -0.25880000 0.96590000 -0.00000000
vn -0.00000000 -1.00000000 -0.00000000
vn 0.01870000 -0.15330000 0.98800000
vn -0.00000000 -1.00000000 -0.00000000
vn 0.13020000 -0.99150000 -0.00000000
vn -0.00000000 -0.13050000 0.99140000
vn 0.70700000 -0.70720000 -0.00150000
vn 0.38290000 -0.92380000 -0.00000000
vn 0.25060000 -0.93510000 -0.25060000
vn 0.25050000 -0.93510000 -0.25050000
vn 0.25890000 -0.96590000 -0.00150000
vn 0.68440000 -0.68470000 -0.25060000
vn 0.60970000 -0.79270000 -0.00000000
vn 0.38290000 -0.92380000 -0.00000000
vn 0.02370000 -0.17320000 0.98460000
vn 0.60970000 -0.79270000 -0.00000000
vn 0.04830000 -0.17160000 0.98400000
vn 0.79410000 -0.60770000 -0.00000000
vn 0.60970000 -0.79270000 -0.00000000
vn 0.70700000 -0.70720000 -0.00150000
vn 0.02370000 -0.17320000 0.98460000
vn -0.01270000 -0.25650000 0.96640000
vn 0.96590000 -0.25890000 -0.00150000
vn 0.92570000 -0.37830000 -0.00000000
vn 0.79410000 -0.60770000 -0.00000000
vn 0.93510000 -0.25060000 -0.25070000
vn 0.70700000 -0.70720000 -0.00150000
vn 0.68440000 -0.68470000 -0.25060000
vn 0.68450000 -0.68450000 -0.25070000
vn 0.96590000 -0.25890000 -0.00150000
vn 1.00000000 -0.00000000 -0.00000000
vn 0.99200000 -0.12630000 -0.00000000
vn 1.00000000 -0.00000000 -0.00000000
vn 0.96590000 -0.00000000 -0.25890000
vn 0.93510000 -0.25060000 -0.25070000
vn 0.93510000 -0.25070000 -0.25060000
vn -0.00000000 -1.00000000 -0.00000000
vn 0.11110000 -0.99380000 -0.00000000
vn -0.00000000 -1.00000000 -0.00000000
vn -0.00000000 -0.00000000 1.00000000
vn -0.00000000 -0.00000000 1.00000000
vn 0.39690000 0.91790000 -0.00000000
vn -0.00000000 -0.00000000 1.00000000
vn -0.00000000 -0.00000000 1.00000000
vn 0.64180000 0.76690000 -0.00000000
vn 0.39690000 0.91790000 -0.00000000
vn 0.95640000 0.29220000 -0.00000000
vn 0.83360000 0.55240000 -0.00000000
vn -0.00000000 -0.00000000 1.00000000
vn 0.83360000 0.55240000 -0.00000000
vn -0.00000000 -0.00000000 1.00000000
vn 0.95640000 0.29220000 -0.00000000
vn -0.00000000 -0.00000000 1.00000000
vn -0.00000000 -0.00000000 1.00000000
vn 0.95640000 0.29220000 -0.00000000
vn 1.00000000 0.00780000 -0.00000000
vn 1.00000000 0.00780000 -0.00000000
vn -0.00000000 -0.00000000 1.00000000
vn 1.00000000 0.00780000 -0.00000000
vn -0.00000000 -0.00000000 1.00000000
vn 0.96080000 -0.27730000 -0.00000000
vn 0.96080000 -0.27730000 -0.00000000
vn 1.00000000 0.00780000 -0.00000000
vn -0.00000000 -0.00000000 -1.00000000
vn -0.00000000 -0.00000000 -1.00000000
vn 0.96080000 -0.27730000 -0.00000000
vn 0.96080000 -0.27730000 -0.00000000
vn -0.00000000 -0.00000000 1.00000000
vn -0.00000000 -0.00000000 1.00000000
vn 0.84210000 -0.53930000 -0.00000000
vn 0.84210000 -0.53930000 -0.00000000
vn -0.00000000 -0.00000000 1.00000000
vn -0.00000000 -0.00000000 1.00000000
vn 0.84210000 -0.53930000 -0.00000000
vn 0.65370000 -0.75680000 -0.00000000
vn -0.00000000 -0.00000000 1.00000000
vn 0.65370000 -0.75680000 -0.00000000
vn 0.41110000 -0.91160000 -0.00000000
vn -0.00000000 -0.00000000 1.00000000
vn 0.65370000 -0.75680000 -0.00000000
vn 0.11910000 0.99290000 -0.00000000
vn -0.00000000 -0.00000000 -1.00000000
vn -0.00000000 -0.00000000 -1.00000000
vn 0.13150000 0.99120000 0.01680000
vn 0.39690000 0.91790000 -0.00000000
vn 1.00000000 0.00780000 -0.00000000
vn 0.96080000 -0.27730000 -0.00000000
vn -0.00000000 -0.00000000 -1.00000000
vn -0.00000000 -0.00000000 -1.00000000
vn -0.00000000 -0.00000000 1.00000000
vn 1.00000000 0.00780000 -0.00000000
vn 1.00000000 0.00780000 -0.00000000
vn 0.96080000 -0.27730000 -0.00000000
vn -0.00000000 -0.00000000 1.00000000
vn -0.00000000 -0.00000000 1.00000000
vn 0.96080000 -0.27730000 -0.00000000
vn -0.00000000 -0.00000000 1.00000000
vn 0.96080000 -0.27730000 -0.00000000
vn 0.84210000 -0.53930000 -0.00000000
vn -0.00000000 -0.00000000 -1.00000000
vn 0.84210000 -0.53930000 -0.00000000
vn -0.00000000 -0.00000000 -1.00000000
vn 0.96080000 -0.27730000 -0.00000000
vn -0.00000000 -0.00000000 1.00000000
vn 0.41110000 -0.91160000 -0.00000000
vn -0.00000000 -0.00000000 1.00000000
vn 0.65370000 -0.75680000 -0.00000000
vn 0.65370000 -0.75680000 -0.00000000
vn 0.65370000 -0.75680000 -0.00000000
vn 0.41110000 -0.91160000 -0.00000000
vn -0.00000000 -0.00000000 -1.00000000
vn -0.00000000 -0.00000000 -1.00000000
vn -0.16850000 0.98570000 -0.00000000
vn -0.00000000 -0.00000000 1.00000000
vn -0.00000000 -0.00000000 1.00000000
vn -0.44220000 0.89690000 -0.00000000
vn -0.44220000 0.89690000 -0.00000000
vn -0.00000000 -0.00000000 -1.00000000
vn -0.16850000 0.98570000 -0.00000000
vn -0.00000000 -0.00000000 -1.00000000
vn -0.44220000 0.89690000 -0.00000000
vn -0.00000000 -1.00000000 -0.00000000
vn -0.00000000 -0.00000000 1.00000000
vn 0.11110000 -0.99380000 -0.00000000
vn -0.00000000 -1.00000000 -0.00000000
vn -0.00000000 -0.00000000 -1.00000000
vn -0.00000000 -0.00000000 -1.00000000
vn 0.11110000 -0.99380000 -0.00000000
vn 0.00050000 -0.00000000 -1.00000000
vn -0.00000000 -0.00000000 -1.00000000
vn -0.67930000 0.73390000 -0.00000000
vn -0.58870000 0.80830000 -0.00000000
vn -0.00000000 -0.00000000 -1.00000000
vn -0.00000000 -0.00000000 -1.00000000
vn -0.58870000 0.80830000 -0.00000000
vn -0.78240000 0.62280000 -0.00000000
vn -0.58870000 0.80830000 -0.00000000
vn -0.00000000 -0.00000000 -1.00000000
vn -0.78240000 0.62280000 -0.00000000
vn -0.00000000 -0.00000000 -1.00000000
vn -0.00000000 -0.00000000 -1.00000000
vn -0.91970000 0.39260000 -0.00000000
vn -0.78240000 0.62280000 -0.00000000
vn -0.00000000 -0.00000000 1.00000000
vn -0.00000000 -0.00000000 1.00000000
vn -0.91970000 0.39260000 -0.00000000
vn -0.78240000 0.62280000 -0.00000000
vn -0.00000000 -0.00000000 1.00000000
vn -0.00000000 -0.00000000 1.00000000
vn -0.97490000 -0.22250000 -0.00000000
vn -0.97490000 0.22250000 -0.00000000
vn -0.00000000 -0.00000000 1.00000000
vn -0.78180000 0.62350000 -0.00000000
vn -0.00000000 -0.00000000 1.00000000
vn -0.97490000 0.22250000 -0.00000000
vn -0.00000000 -0.00000000 1.00000000
vn -0.00000000 1.00000000 -0.00000000
vn -0.43390000 0.90100000 -0.00000000
vn -0.00000000 -0.00000000 1.00000000
vn 0.43390000 0.90100000 -0.00000000
vn 0.78180000 0.62350000 -0.00000000
vn -0.00000000 -0.00000000 1.00000000
vn -0.00000000 -0.00000000 1.00000000
vn 0.97490000 0.22250000 -0.00000000
vn -0.00000000 -0.00000000 1.00000000
vn 0.78180000 0.62350000 -0.00000000
vn -0.00000000 -0.00000000 1.00000000
vn 0.97490000 -0.22250000 -0.00000000
vn 0.97490000 0.22250000 -0.00000000
vn -0.00000000 -0.00000000 1.00000000
vn -0.00000000 -0.00000000 1.00000000
vn 0.43390000 -0.90100000 -0.00000000
vn -0.00000000 -0.00000000 1.00000000
vn 0.78180000 -0.62350000 -0.00000000
vn -0.00000000 -0.00000000 1.00000000
vn -0.00000000 -0.00000000 1.00000000
vn -0.00000000 -0.00000000 1.00000000
vn -0.00000000 -1.00000000 -0.00000000
vn 0.43390000 -0.90100000 -0.00000000
vn -0.00000000 -0.00000000 -1.00000000
vn 0.43390000 -0.90100000 -0.00000000
vn 0.43390000 -0.90100000 -0.00000000
vn -0.00000000 -1.00000000 -0.00000000
vn -0.00000000 -0.00000000 -1.00000000
vn -0.00000000 -0.00000000 1.00000000
vn -0.78180000 -0.62350000 -0.00000000
vn -0.43390000 -0.90100000 -0.00000000
vn -0.00000000 -0.00000000 1.00000000
vn -0.00000000 -0.00000000 -1.00000000
vn -0.97490000 -0.22250000 -0.00000000
vn -0.00000000 -0.00000000 -1.00000000
vn -0.78180000 -0.62350000 -0.00000000
vn -0.78180000 -0.62350000 -0.00000000
vn -0.00000000 -0.00000000 1.00000000
vn -0.97490000 -0.22250000 -0.00000000
vn -0.00000000 -0.00000000 1.00000000
vn -0.78180000 -0.62350000 -0.00000000
vn -0.99100000 0.13410000 -0.00000000
vn -0.91970000 0.39260000 -0.00000000
vn -0.00000000 -0.00000000 -1.00000000
vn -0.91970000 0.39260000 -0.00000000
vn -0.00000000 -0.00000000 1.00000000
vn -0.91970000 0.39260000 -0.00000000
vn -0.00000000 -0.00000000 1.00000000
vn -0.78240000 0.62280000 -0.00000000
vn -0.67930000 0.73390000 -0.00000000
vn -0.00000000 -0.00000000 1.00000000
vn -0.58870000 0.80830000 -0.00000000
vn -0.58870000 0.80830000 -0.00000000
vn -0.00000000 -0.00000000 1.00000000
vn 0.11140000 -0.99380000 -0.00000000
vn -0.00000000 -0.00000000 1.00000000
vn 0.13450000 -0.99090000 -0.00000000
vn -0.00010000 -0.00000000 1.00000000
vn 0.11120000 -0.99380000 -0.00000000
vn 0.11110000 -0.99380000 -0.00000000
vn 0.11140000 -0.99380000 -0.00000000
vn 0.11120000 -0.99380000 -0.00000000
vn 0.11110000 -0.99380000 -0.00000000
vn 0.11120000 -0.99380000 -0.00000000
vn 0.11120000 -0.99380000 -0.00000000
vn 0.13450000 -0.99090000 -0.00000000
vn 0.13450000 -0.99090000 -0.00000000
vn -0.00000000 -1.00000000 -0.00000000
vn 0.11140000 -0.99380000 -0.00000000
vn -0.00000000 -1.00000000 -0.00000000
vn 0.11140000 -0.99380000 -0.00000000
vn 0.11110000 -0.99380000 -0.00000000
vn -0.00000000 -0.00000000 1.00000000
vn 0.78180000 0.62350000 -0.00000000
vn 0.97490000 0.22250000 -0.00000000
vn -0.00000000 -0.00000000 1.00000000
vn 0.97490000 0.22250000 -0.00000000
vn 0.97490000 0.22250000 -0.00000000
vn 0.78180000 0.62350000 -0.00000000
vn -0.00000000 -0.00000000 -1.00000000
vn -0.00000000 1.00000000 -0.00000000
vn 0.43390000 0.90100000 -0.00000000
vn -0.00000000 -0.00000000 -1.00000000
vn -0.00000000 -0.00000000 -1.00000000
vn 0.43390000 0.90100000 -0.00000000
vn -0.00010000 -0.00000000 1.00000000
vn -0.00000000 -0.00000000 1.00000000
vn -0.00000000 1.00000000 -0.00000000
vn 0.43390000 0.90100000 -0.00000000
vn -0.00000000 -0.00000000 1.00000000
vn -0.00000000 -0.00000000 1.00000000
vn -0.00000000 -0.00000000 1.00000000
vn -0.00000000 1.00000000 -0.00000000
vn -0.43390000 0.90100000 -0.00000000
vn -0.00000000 1.00000000 -0.00000000
vn -0.43390000 0.90100000 -0.00000000
vn -0.00000000 -0.00000000 1.00000000
vn -0.43390000 0.90100000 -0.00000000
vn -0.78180000 0.62350000 -0.00000000
vn -0.00000000 -0.00000000 1.00000000
vn -0.00000000 -0.00000000 -1.00000000
vn -0.78180000 0.62350000 -0.00000000
vn -0.43390000 0.90100000 -0.00000000
vn -0.00000000 -0.00000000 -1.00000000
vn -0.00000000 -0.00000000 1.00000000
vn -0.97490000 0.22250000 -0.00000000
vn -0.78180000 0.62350000 -0.00000000
vn -0.78180000 0.62350000 -0.00000000
vn -0.00000000 -0.00000000 1.00000000
vn -0.78180000 0.62350000 -0.00000000
vn -0.00000000 -0.00000000 -1.00000000
vn -0.97490000 0.22250000 -0.00000000
vn -0.00000000 -0.00000000 -1.00000000
vn -0.00000000 -0.00000000 -1.00000000
vn -0.97490000 -0.22250000 -0.00000000
vn -0.97490000 0.22250000 -0.00000000
vn -0.00000000 -0.00000000 -1.00000000
vn -0.97490000 -0.22250000 -0.00000000
vn -0.97490000 -0.22250000 -0.00000000
vn -0.78180000 -0.62350000 -0.00000000
vn -0.00000000 -0.00000000 1.00000000
vn -0.00000000 -0.00000000 1.00000000
vn -0.00000000 -0.00000000 -1.00000000
vn -0.00000000 -0.00000000 -1.00000000
vn -0.78180000 -0.62350000 -0.00000000
vn -0.97490000 -0.22250000 -0.00000000
vn -0.00000000 -0.00000000 -1.00000000
vn -0.00000000 -0.00000000 -1.00000000
vn -0.00000000 -1.00000000 -0.00000000
vn -0.43390000 -0.90100000 -0.00000000
vn -0.00000000 -0.00000000 1.00000000
vn -0.00000000 -1.00000000 -0.00000000
vn 0.43390000 -0.90100000 -0.00000000
vn -0.00000000 -0.00000000 1.00000000
vn -0.00000000 -1.00000000 -0.00000000
vn 0.43390000 -0.90100000 -0.00000000
vn -0.00000000 -0.00000000 1.00000000
vn -0.00000000 -0.00000000 1.00000000
vn 0.78180000 -0.62350000 -0.00000000
vn 0.43390000 -0.90100000 -0.00000000
vn -0.00000000 -0.00000000 -1.00000000
vn -0.00000000 -0.00000000 -1.00000000
vn 0.78180000 -0.62350000 -0.00000000
vn 0.97490000 -0.22250000 -0.00000000
vn -0.00000000 -0.00000000 1.00000000
vn -0.00000000 -0.00000000 1.00000000
vn 0.97490000 -0.22250000 -0.00000000
vn 0.97490000 -0.22250000 -0.00000000
vn 0.97490000 0.22250000 -0.00000000
vn -0.00000000 -0.00000000 -1.00000000
vn -0.00000000 -0.00000000 -1.00000000
vn -0.67930000 0.73390000 -0.00000000
vn -0.44220000 0.89690000 -0.00000000
vn -0.00000000 -0.00000000 -1.00000000
vn -0.16850000 0.98570000 -0.00000000
vn -0.44220000 0.89690000 -0.00000000
vn -0.00000000 -0.00000000 -1.00000000
vn -0.00000000 -0.00000000 1.00000000
vn -0.44220000 0.89690000 -0.00000000
vn -0.44220000 0.89690000 -0.00000000
vn -0.00000000 -0.00000000 1.00000000
vn -0.16850000 0.98570000 -0.00000000
vn -0.16850000 0.98570000 -0.00000000
vn -0.00000000 -0.00000000 -1.00000000
vn 0.11910000 0.99290000 -0.00000000
vn -0.00000000 -0.00000000 -1.00000000
vn -0.16850000 0.98570000 -0.00000000
vn -0.00000000 -0.00000000 1.00000000
vn 0.11910000 0.99290000 -0.00000000
vn -0.00000000 -0.00000000 1.00000000
vn -0.16850000 0.98570000 -0.00000000
vn 0.11910000 0.99290000 -0.00000000
vn 0.11910000 0.99290000 -0.00000000
vn -0.00000000 -0.00000000 1.00000000
vn 0.39690000 0.91790000 -0.00000000
vn -0.00000000 -0.00000000 1.00000000
vn 0.39690000 0.91790000 -0.00000000
vn 0.64180000 0.76690000 -0.00000000
vn -0.00000000 -0.00000000 1.00000000
vn -0.00000000 -0.00000000 1.00000000
vn 0.39690000 0.91790000 -0.00000000
vn 0.39690000 0.91790000 -0.00000000
vn -0.00000000 -0.00000000 -1.00000000
vn -0.00000000 -0.00000000 -1.00000000
vn 0.64180000 0.76690000 -0.00000000
vn 0.64180000 0.76690000 -0.00000000
vn 0.64180000 0.76690000 -0.00000000
vn -0.00000000 -0.00000000 1.00000000
vn 0.83360000 0.55240000 -0.00000000
vn -0.00000000 -0.00000000 1.00000000
vn 0.95640000 0.29220000 -0.00000000
vn 0.83360000 0.55240000 -0.00000000
vn -0.00000000 -0.00000000 1.00000000
vn 0.83360000 0.55240000 -0.00000000
vn -0.00000000 -0.00000000 1.00000000
vn 0.95640000 0.29220000 -0.00000000
vn 1.00000000 0.00780000 -0.00000000
vn -0.00000000 -0.00000000 1.00000000
vn 0.95640000 0.29220000 -0.00000000
vn -0.00000000 -0.00000000 1.00000000
vn 0.65370000 -0.75680000 -0.00000000
vn -0.00000000 -0.00000000 1.00000000
vn 0.84210000 -0.53930000 -0.00000000
vn 0.84210000 -0.53930000 -0.00000000
vn -0.00000000 -0.00000000 1.00000000
vn 0.84210000 -0.53930000 -0.00000000
vn 0.96080000 -0.27730000 -0.00000000
vn -0.00000000 -0.00000000 -1.00000000
vn -0.00000000 -0.00000000 -1.00000000
vn -0.00000000 -0.00000000 -1.00000000
vn -0.00000000 -0.00000000 -1.00000000
vn 0.84210000 -0.53930000 -0.00000000
vn 0.65370000 -0.75680000 -0.00000000
vn 0.41110000 -0.91160000 -0.00000000
vn 0.65370000 -0.75680000 -0.00000000
vn -0.00000000 -0.00000000 1.00000000
vn 0.65370000 -0.75680000 -0.00000000
vn -0.00000000 -0.00000000 1.00000000
vn -0.00000000 -0.00000000 1.00000000
vn 0.41110000 -0.91160000 -0.00000000
vn 0.13450000 -0.99090000 -0.00000000
vn 0.13450000 -0.99090000 -0.00000000
vn -0.00000000 -0.00000000 1.00000000
vn 0.41110000 -0.91160000 -0.00000000
vn -0.96590000 -0.00000000 0.25910000
vn -0.93510000 -0.25020000 0.25090000
vn -0.96590000 -0.25900000 -0.00000000
vn -1.00000000 -0.00000000 -0.00000000
vn -0.93510000 -0.25080000 0.25040000
vn -1.00000000 -0.00000000 -0.00000000
vn -0.00000000 -1.00000000 -0.00000000
vn 0.96600000 -0.00000000 -0.25870000
vn 0.96600000 -0.00000000 -0.25870000
vn 0.96600000 -0.00000000 0.25870000
vn -0.00000000 -1.00000000 -0.00000000
vn 0.13020000 -0.99150000 -0.00000000
vn -0.00000000 -1.00000000 -0.00000000
vn -0.00000000 -1.00000000 -0.00000000
vn 0.25060000 -0.93510000 -0.25060000
vn 0.25890000 -0.96590000 -0.00150000
vn -0.00000000 -1.00000000 -0.00000000
vn -0.00000000 -0.96590000 -0.25890000
vn -0.06920000 -0.96360000 0.25820000
vn -0.18900000 -0.96360000 0.18900000
vn -0.00000000 -1.00000000 -0.00000000
vn -0.00000000 -1.00000000 -0.00000000
vn -0.18910000 -0.96360000 0.18900000
vn -0.00000000 -1.00000000 -0.00000000
vn 0.25050000 -0.93510000 0.25060000
vn 0.25060000 -0.93510000 0.25050000
vn -0.00000000 -1.00000000 -0.00000000
vn 0.25890000 -0.96590000 -0.00000000
vn -0.00000000 -1.00000000 -0.00000000
vn -0.00000000 -0.96590000 0.25890000
vn -0.25050000 -0.93510000 -0.25060000
vn -0.25050000 -0.93510000 -0.25060000
vn -0.00000000 -1.00000000 -0.00000000
vn -0.25870000 -0.96590000 -0.00000000
vn -0.00000000 -0.96590000 -0.25890000
vn -0.25870000 -0.96590000 -0.00000000
vn 0.70710000 -0.00000000 0.70710000
vn -0.00000000 -1.00000000 -0.00000000
vn 0.70710000 -0.00000000 0.70710000
vn 0.25880000 -0.00000000 0.96590000
vn -0.00000000 -1.00000000 -0.00000000
vn 0.05010000 -0.43880000 0.89720000
vn -0.00000000 -0.13050000 0.99140000
vn -0.00000000 0.25880000 0.96590000
vn -0.00000000 -1.00000000 -0.00000000
vn 1.00000000 -0.00000000 -0.00000000
vn -0.00000000 -0.25880000 0.96590000
vn -0.00000000 -1.00000000 -0.00000000
vn 1.00000000 -0.00000000 -0.00000000
vn 0.98030000 -0.03090000 -0.19500000
vn 0.82820000 -0.08760000 -0.55350000
vn -0.00000000 -1.00000000 -0.00000000
vn -0.00000000 -1.00000000 -0.00000000
vn 0.98030000 -0.03090000 -0.19500000
vn 0.82830000 -0.08770000 -0.55340000
vn 0.19280000 -0.15340000 -0.96920000
vn -0.00000000 -1.00000000 -0.00000000
vn -0.00000000 -1.00000000 -0.00000000
vn 0.55080000 -0.13050000 -0.82440000
vn 0.19290000 -0.15350000 -0.96910000
vn -0.00000000 -1.00000000 -0.00000000
vn -0.25820000 -0.96360000 0.06920000
vn -0.18910000 -0.96360000 0.18900000
vn -0.00000000 -1.00000000 -0.00000000
vn -0.00000000 -1.00000000 -0.00000000
vn -0.25890000 -0.00000000 0.96590000
vn -0.00000000 -0.25880000 0.96590000
vn -0.00000000 -1.00000000 -0.00000000
vn 0.25880000 -0.00000000 0.96590000
vn -0.00000000 -0.25880000 0.96590000
vn -1.00000000 -0.00000000 -0.00000000
vn -0.00000000 -1.00000000 -0.00000000
vn -1.00000000 -0.00000000 -0.00000000
vn -0.00000000 0.25880000 0.96590000
vn -0.00000000 -0.25880000 0.96590000
vn -0.00000000 -1.00000000 -0.00000000
vn -0.82830000 -0.08760000 0.55340000
vn -0.55080000 -0.13050000 0.82440000
vn -0.55090000 -0.13050000 0.82430000
vn -0.00000000 -1.00000000 -0.00000000
vn -0.18900000 -0.96360000 -0.18900000
vn -0.06920000 -0.96360000 -0.25820000
vn -0.00000000 -1.00000000 -0.00000000
vn -0.00000000 -1.00000000 -0.00000000
vn -0.00000000 -1.00000000 -0.00000000
vn -0.06920000 -0.96360000 -0.25820000
vn -0.00000000 -0.96590000 -0.25890000
vn -0.00000000 -0.96590000 -0.25890000
vn -0.19280000 -0.15340000 0.96920000
vn -0.00000000 -1.00000000 -0.00000000
vn -0.55080000 -0.13050000 0.82440000
vn -0.19290000 -0.15350000 0.96910000
vn -0.00000000 -0.25880000 -0.96590000
vn -0.00000000 -0.25880000 -0.96590000
vn -0.00000000 -1.00000000 -0.00000000
vn -1.00000000 -0.00000000 -0.00000000
vn -0.00000000 -0.25880000 -0.96590000
vn -0.00000000 0.25880000 -0.96590000
vn -0.00000000 0.25880000 -0.96590000
vn -0.98030000 -0.03090000 0.19510000
vn -0.98030000 -0.03090000 0.19500000
vn -0.00000000 -1.00000000 -0.00000000
vn -0.00000000 -1.00000000 -0.00000000
vn -1.00000000 -0.00000000 -0.00000000
vn 0.25880000 -0.00000000 -0.96590000
vn -0.00000000 -1.00000000 -0.00000000
vn 0.25880000 -0.00000000 -0.96590000
vn 0.70710000 -0.00000000 -0.70710000
vn -0.25820000 -0.96360000 -0.06920000
vn -0.18910000 -0.96360000 -0.18910000
vn -0.00000000 -1.00000000 -0.00000000
vn -0.00000000 -1.00000000 -0.00000000
vn -0.18900000 -0.96360000 -0.18900000
vn -0.00000000 -1.00000000 -0.00000000
vn -0.00000000 -0.25880000 -0.96590000
vn -0.00000000 -1.00000000 -0.00000000
vn -0.25880000 -0.00000000 -0.96590000
vn 0.25880000 -0.00000000 -0.96590000
vn -0.25880000 -0.00000000 -0.96590000
vn 0.19290000 -0.15340000 0.96910000
vn 0.55080000 -0.13050000 0.82440000
vn -0.00000000 -1.00000000 -0.00000000
vn 0.55090000 -0.13050000 0.82430000
vn -0.00000000 -1.00000000 -0.00000000
vn -0.00000000 -1.00000000 -0.00000000
vn 0.82830000 -0.08760000 0.55340000
vn 0.98030000 -0.03090000 0.19500000
vn -0.00000000 -1.00000000 -0.00000000
vn 0.98030000 -0.03090000 0.19510000
vn -0.00000000 -1.00000000 -0.00000000
vn -0.00000000 -1.00000000 -0.00000000
vn 1.00000000 -0.00000000 -0.00000000
vn 0.98030000 -0.03090000 0.19510000
vn -0.68450000 -0.68460000 -0.25060000
vn -0.68460000 -0.68450000 -0.25050000
vn -0.70710000 -0.70710000 -0.00000000
vn -0.70710000 -0.70710000 -0.00000000
vn -0.50000000 -0.86600000 -0.00000000
vn -0.48300000 -0.83650000 -0.25880000
vn -0.48300000 -0.83650000 0.25880000
vn -0.50000000 -0.86600000 -0.00000000
vn -0.50000000 -0.86600000 -0.00000000
vn -0.68450000 -0.68450000 0.25060000
vn -0.48300000 -0.83650000 0.25880000
vn -0.70710000 -0.70710000 -0.00000000
vn -0.25050000 -0.93510000 -0.25050000
vn -0.50000000 -0.86600000 -0.00000000
vn -0.48300000 -0.83650000 -0.25880000
vn -0.25870000 -0.96590000 -0.00000000
vn -0.25870000 -0.96590000 -0.00000000
vn -0.25040000 -0.93520000 0.25050000
vn -0.25050000 -0.93510000 0.25060000
vn -0.50000000 -0.86600000 -0.00000000
vn -0.48300000 -0.83650000 0.25880000
vn -0.00000000 -0.92390000 0.38270000
vn 1.00000000 -0.00000000 -0.00000000
vn -0.00860000 -0.99130000 0.13170000
vn -0.00000000 -0.77600000 0.63070000
vn -0.00000000 -0.96590000 0.25890000
vn 1.00000000 -0.00000000 -0.00000000
vn 1.00000000 -0.00000000 -0.00000000
vn -0.00000000 -0.00000000 1.00000000
vn -0.99100000 0.13410000 -0.00000000
vn 1.00000000 -0.00000000 -0.00000000
vn -0.00000000 -0.00000000 1.00000000
vn -0.00000000 -1.00000000 -0.00000000
vn -0.00000000 -0.00000000 1.00000000
vn -0.00000000 -0.00000000 1.00000000
vn -0.00000000 -1.00000000 -0.00000000
vn 1.00000000 -0.00000000 -0.00000000
vn 1.00000000 -0.00000000 -0.00000000
vn -0.00000000 -0.00000000 1.00000000
vn -0.00000000 -0.96590000 0.25890000
vn -0.00440000 -0.96590000 -0.25880000
vn 1.00000000 -0.00000000 -0.00000000
vn -0.00000000 -0.99140000 -0.13060000
vn 1.00000000 -0.00000000 -0.00000000
vn 1.00000000 -0.00000000 -0.00000000
vn -0.99100000 0.13410000 -0.00000000
vn -0.00000000 -0.00000000 -1.00000000
vn -0.99100000 0.13410000 -0.00000000
vn 1.00000000 -0.00000000 -0.00000000
vn 1.00000000 -0.00000000 -0.00000000
vn -0.00000000 -0.00000000 -1.00000000
vn -0.99100000 0.13410000 -0.00000000
vn 1.00000000 -0.00000000 -0.00000000
vn -0.00000000 -0.00000000 1.00000000
vn 1.00000000 -0.00000000 -0.00000000
vn -0.00000000 -0.00000000 1.00000000
vn -1.00000000 -0.00000000 -0.00000000
vn -0.96600000 -0.25870000 -0.00000000
vn -0.96590000 -0.00000000 -0.25910000
vn -0.93510000 -0.25060000 -0.25060000
vn -1.00000000 -0.00000000 -0.00000000
vn -0.93510000 0.25060000 -0.25050000
vn -0.96590000 -0.00000000 -0.25910000
vn -0.96590000 0.25900000 -0.00000000
vn -0.93510000 0.25080000 -0.25030000
vn -0.96590000 0.25900000 -0.00000000
vn -1.00000000 -0.00000000 -0.00000000
vn -0.96590000 -0.00000000 0.25910000
vn -0.96590000 0.25900000 -0.00000000
vn -1.00000000 -0.00000000 -0.00000000
vn -0.93500000 0.25070000 0.25080000
vn -0.00000000 -0.00000000 1.00000000
vn -0.12960000 -0.22440000 0.96580000
vn -0.00000000 -0.00000000 1.00000000
vn -0.12950000 -0.22440000 0.96590000
vn -0.00000000 -0.25910000 0.96590000
vn -0.06930000 -0.25850000 0.96350000
vn -0.00000000 -0.00000000 1.00000000
vn 0.25880000 0.05150000 0.96460000
vn 0.25880000 -0.00000000 0.96590000
vn 0.21940000 0.14650000 0.96460000
vn 0.18300000 0.18300000 0.96590000
vn 0.25860000 -0.00000000 0.96600000
vn -0.00000000 -0.00000000 1.00000000
vn 0.14640000 0.21940000 0.96460000
vn 0.05160000 0.25870000 0.96460000
vn 0.18300000 0.18300000 0.96590000
vn 0.18320000 0.18320000 0.96590000
vn -0.00000000 0.25900000 0.96590000
vn -0.00000000 -0.00000000 1.00000000
vn -0.12950000 -0.22440000 0.96590000
vn -0.25900000 -0.00000000 0.96590000
vn -0.00000000 -0.00000000 1.00000000
vn -0.18900000 -0.18900000 0.96360000
vn -0.25910000 -0.00000000 0.96590000
vn -0.00000000 -0.00000000 1.00000000
vn -0.25810000 -0.06920000 0.96360000
vn -0.00000000 -0.25910000 -0.96590000
vn -0.00000000 -0.00000000 -1.00000000
vn -0.00000000 -0.25910000 -0.96590000
vn -0.12950000 -0.22440000 -0.96590000
vn -0.06930000 -0.25850000 -0.96350000
vn -0.00000000 -0.00000000 -1.00000000
vn 0.68300000 0.68300000 -0.25880000
vn 0.53710000 0.80440000 -0.25410000
vn 0.70710000 0.70710000 -0.00000000
vn 0.55530000 0.83170000 -0.00000000
vn 0.13450000 -0.99090000 -0.00000000
vn -0.00000000 -0.00000000 1.00000000
vn 0.13450000 -0.99090000 -0.00000000
vn 0.11110000 -0.99380000 -0.00000000
vn -0.00000000 -0.00000000 1.00000000
vn -0.25050000 -0.93510000 0.25060000
vn -0.50000000 -0.86600000 -0.00000000
vn -0.25040000 -0.93520000 0.25050000
vn -0.25870000 -0.96590000 -0.00000000
vn -0.48300000 -0.83650000 0.25880000
vn -0.18920000 -0.18920000 0.96350000
vn -0.25840000 -0.06930000 0.96360000
vn -0.25900000 -0.00000000 0.96590000
vn -0.00000000 -0.00000000 1.00000000
vn -0.12950000 -0.22440000 0.96590000
vn -0.25900000 -0.00000000 0.96590000
vn -0.06950000 -0.25820000 -0.96360000
vn -0.00000000 -0.25910000 -0.96590000
vn -0.12960000 -0.22450000 -0.96580000
vn -0.00000000 -0.25880000 -0.96590000
vn -0.00000000 -0.00000000 -1.00000000
vn -0.00000000 -0.00000000 -1.00000000
vn -0.93510000 0.25080000 0.25040000
vn -0.96590000 0.25900000 -0.00000000
vn -0.96590000 -0.00000000 0.25900000
vn -1.00000000 -0.00000000 -0.00000000
vn -0.58870000 0.80830000 -0.00000000
vn -0.00000000 -0.00000000 1.00000000
vn -0.78240000 0.62280000 -0.00000000
vn -0.00000000 -0.00000000 1.00000000
vn -0.16850000 0.98570000 -0.00000000
vn 0.13150000 0.99120000 0.01680000
vn -0.00000000 -0.00000000 1.00000000
vn -0.00000000 -0.00000000 1.00000000
vn -0.16850000 0.98570000 -0.00000000
vn -0.01260000 0.99990000 -0.00000000
vn 0.11910000 0.99290000 -0.00000000
vn -0.01260000 0.99990000 -0.00000000
vn -0.00000000 -0.00000000 1.00000000
vn -0.00000000 -0.00000000 1.00000000
vn -0.67930000 0.73390000 -0.00000000
vn -0.44220000 0.89690000 -0.00000000
vn -0.67930000 0.73390000 -0.00000000
vn -0.00000000 -0.00000000 1.00000000
vn 0.97490000 -0.22250000 -0.00000000
vn 0.78180000 -0.62350000 -0.00000000
vn -0.00000000 -0.00000000 1.00000000
vn -0.67930000 0.73390000 -0.00000000
vn -0.00000000 -0.00000000 1.00000000
vn -0.00000000 -0.00000000 1.00000000
vn -0.58870000 0.80830000 -0.00000000
vn 0.83360000 0.55240000 -0.00000000
vn 0.64180000 0.76690000 -0.00000000
vn -0.00000000 -0.00000000 1.00000000
vn -0.00000000 -0.00000000 1.00000000
vn 0.64180000 0.76690000 -0.00000000
vn 0.39690000 0.91790000 -0.00000000
vn -0.00000000 -0.00000000 1.00000000
vn 0.39690000 0.91790000 -0.00000000
vn -0.00000000 -0.00000000 1.00000000
vn 0.64180000 0.76690000 -0.00000000
vn -0.00000000 -0.00000000 1.00000000
vn -0.00000000 -0.00000000 1.00000000
vn -0.43390000 -0.90100000 -0.00000000
vn -0.00000000 -1.00000000 -0.00000000
vn 0.11910000 0.99290000 -0.00000000
vn 0.39690000 0.91790000 -0.00000000
vn -0.00000000 -0.00000000 1.00000000
vn -0.00000000 -0.00000000 1.00000000
vn 0.83360000 0.55240000 -0.00000000
vn -0.00000000 -0.00000000 1.00000000
vn -0.00000000 -0.00000000 1.00000000
vn 0.83360000 0.55240000 -0.00000000
vn 0.95640000 0.29220000 -0.00000000
vn 0.95640000 0.29220000 -0.00000000
vn 0.95640000 0.29220000 -0.00000000
vn 1.00000000 0.00780000 -0.00000000
vn -0.00000000 -0.00000000 1.00000000
vn -0.00000000 -0.00000000 1.00000000
vn 0.43390000 0.90100000 -0.00000000
vn -0.00000000 -0.00000000 1.00000000
vn -0.00000000 -0.00000000 1.00000000
vn -0.00000000 1.00000000 -0.00000000
vn 0.41110000 -0.91160000 -0.00000000
vn 0.13450000 -0.99090000 -0.00000000
vn -0.00000000 -0.00000000 1.00000000
vn 0.41110000 -0.91160000 -0.00000000
vn -0.00000000 -0.00000000 1.00000000
vn -0.00000000 -0.00000000 1.00000000
vn -0.78180000 0.62350000 -0.00000000
vn -0.00000000 -0.00000000 1.00000000
vn -0.43390000 0.90100000 -0.00000000
vn 0.84210000 -0.53930000 -0.00000000
vn -0.00000000 -0.00000000 1.00000000
vn 0.84210000 -0.53930000 -0.00000000
vn -0.00000000 -0.00000000 1.00000000
vn 0.65370000 -0.75680000 -0.00000000
vn -0.99100000 0.13410000 -0.00000000
vn -0.00000000 -0.00000000 1.00000000
vn -0.91970000 0.39260000 -0.00000000
vn -0.00000000 -0.00000000 -1.00000000
vn 0.11110000 -0.99380000 -0.00000000
vn 0.11140000 -0.99380000 -0.00000000
vn -0.00000000 -0.00000000 -1.00000000
vn -0.00000000 -1.00000000 -0.00000000
vn -0.43390000 -0.90100000 -0.00000000
vn -0.00000000 -0.00000000 -1.00000000
vn -0.00000000 -0.00000000 -1.00000000
vn -0.00000000 -0.00000000 -1.00000000
vn -0.78180000 -0.62350000 -0.00000000
vn 0.11910000 0.99290000 -0.00000000
vn -0.00000000 -0.00000000 -1.00000000
vn 0.39690000 0.91790000 -0.00000000
vn -0.00000000 -0.00000000 -1.00000000
vn -0.00000000 -0.00000000 -1.00000000
vn -0.00000000 -0.00000000 -1.00000000
vn 0.83360000 0.55240000 -0.00000000
vn 0.64180000 0.76690000 -0.00000000
vn 0.95640000 0.29220000 -0.00000000
vn -0.00000000 -0.00000000 -1.00000000
vn 0.83360000 0.55240000 -0.00000000
vn -0.00000000 -0.00000000 -1.00000000
vn 1.00000000 0.00780000 -0.00000000
vn 0.95640000 0.29220000 -0.00000000
vn -0.00000000 -0.00000000 -1.00000000
vn 1.00000000 0.00780000 -0.00000000
vn 0.96080000 -0.27730000 -0.00000000
vn -0.00000000 -0.00000000 -1.00000000
vn -0.00000000 -0.00000000 -1.00000000
vn -0.58870000 0.80830000 -0.00000000
vn -0.67930000 0.73390000 -0.00000000
vn -0.00000000 -0.00000000 -1.00000000
vn -0.00000000 -0.00000000 -1.00000000
vn -0.00000000 -0.00000000 -1.00000000
vn 0.43390000 -0.90100000 -0.00000000
vn -0.00000000 -0.00000000 -1.00000000
vn 0.78180000 -0.62350000 -0.00000000
vn -0.00000000 -0.00000000 -1.00000000
vn 0.43390000 -0.90100000 -0.00000000
vn -0.00000000 -0.00000000 -1.00000000
vn -0.00000000 -1.00000000 -0.00000000
vn -0.00000000 -0.00000000 -1.00000000
vn 1.00000000 -0.00000000 -0.00000000
vn 1.00000000 -0.00000000 -0.00000000
vn 1.00000000 -0.00000000 -0.00000000
vn -0.00000000 -0.00000000 -1.00000000
vn -0.99100000 0.13410000 -0.00000000
vn -0.00000000 -0.00000000 -1.00000000
vn -0.00000000 -0.00000000 -1.00000000
vn 0.97490000 -0.22250000 -0.00000000
vn 0.97490000 0.22250000 -0.00000000
vn -0.91970000 0.39260000 -0.00000000
vn -0.00000000 -0.00000000 -1.00000000
vn -0.78240000 0.62280000 -0.00000000
vn -0.00000000 -0.00000000 -1.00000000
vn -0.00000000 -0.00000000 -1.00000000
vn -0.58870000 0.80830000 -0.00000000
vn -0.78240000 0.62280000 -0.00000000
vn -0.00000000 -0.00000000 -1.00000000
vn -0.00000000 -0.00000000 -1.00000000
vn 1.00000000 -0.00000000 -0.00000000
vn -0.00000000 -1.00000000 -0.00000000
vn 1.00000000 -0.00000000 -0.00000000
vn -0.00000000 -1.00000000 -0.00000000
vn -0.00000000 -0.00000000 -1.00000000
vn 0.78180000 0.62350000 -0.00000000
vn -0.00000000 -0.00000000 -1.00000000
vn 0.43390000 0.90100000 -0.00000000
vn -0.00000000 -0.00000000 -1.00000000
vn -0.00000000 -0.00000000 -1.00000000
vn 0.13450000 -0.99090000 -0.00000000
vn 0.11110000 -0.99380000 -0.00000000
vn 0.11120000 -0.99380000 -0.00000000
vn -0.00000000 -0.00000000 -1.00000000
vn -0.00000000 -0.00000000 -1.00000000
vn -0.00000000 -0.00000000 -1.00000000
vn -0.43390000 0.90100000 -0.00000000
vn -0.00000000 1.00000000 -0.00000000
vn -0.00000000 -0.00000000 -1.00000000
vn 0.41110000 -0.91160000 -0.00000000
vn -0.00000000 -0.00000000 -1.00000000
vn 0.13450000 -0.99090000 -0.00000000
vn -0.00000000 -0.00000000 -1.00000000
vn -0.00000000 -0.00000000 -1.00000000
vn 0.41110000 -0.91160000 -0.00000000
vn 0.65370000 -0.75680000 -0.00000000
vn -0.00000000 -0.00000000 -1.00000000
vn 1.00000000 -0.00000000 -0.00000000
vn -0.00000000 -1.00000000 -0.00000000
vn -0.00000000 -1.00000000 -0.00000000
vn 1.00000000 -0.00470000 -0.00000000
vn 0.14230000 0.98980000 -0.00000000
vn -0.00000000 -0.00000000 -1.00000000
vn 1.00000000 -0.00470000 -0.00000000
vn 1.00000000 -0.00470000 -0.00000000
vn 0.14230000 0.98980000 -0.00000000
vn -0.00000000 -0.00000000 1.00000000
vn -0.00000000 -0.00000000 -1.00000000
vn -0.00000000 -0.00000000 -1.00000000
vn 0.65630000 0.75450000 -0.00000000
vn 0.41630000 0.90920000 -0.00000000
vn 0.41630000 0.90920000 -0.00000000
vn 0.84270000 0.53830000 -0.00000000
vn 0.65630000 0.75450000 -0.00000000
vn -0.00000000 -0.00000000 1.00000000
vn -0.00000000 -0.00000000 1.00000000
vn -0.00000000 -0.00000000 -1.00000000
vn -0.00000000 -0.00000000 -1.00000000
vn 0.95790000 -0.28720000 -0.00000000
vn 1.00000000 -0.00470000 -0.00000000
vn 1.00000000 -0.00470000 -0.00000000
vn 0.64920000 -0.76070000 -0.00000000
vn -0.00000000 -0.00000000 1.00000000
vn 0.83770000 -0.54620000 -0.00000000
vn -0.00000000 -0.00000000 1.00000000
vn 0.64920000 -0.76070000 -0.00000000
vn -0.00000000 -0.00000000 -1.00000000
vn -0.00000000 -0.00000000 -1.00000000
vn 0.64920000 -0.76070000 -0.00000000
vn 0.40760000 -0.91310000 -0.00000000
vn 0.40760000 -0.91310000 -0.00000000
vn -0.00000000 -0.00000000 -1.00000000
vn 0.13300000 -0.99110000 -0.00000000
vn 0.40760000 -0.91310000 -0.00000000
vn -0.00000000 -0.00000000 -1.00000000
vn 0.13300000 -0.99110000 -0.00000000
vn -0.00000000 -0.00000000 -1.00000000
vn -0.00000000 -0.00000000 -1.00000000
vn -0.00000000 -1.00000000 -0.00000000
vn 0.13300000 -0.99110000 -0.00000000
vn 1.00000000 -0.00470000 -0.00000000
vn -0.01260000 0.99990000 -0.00000000
vn 0.11910000 0.99290000 -0.00290000
vn 0.13150000 0.99130000 -0.00000000
vn -0.00000000 -0.00000000 1.00000000
vn -0.00000000 -1.00000000 -0.00000000
vn -0.00000000 -0.00000000 1.00000000
vn -0.00000000 -1.00000000 -0.00000000
vn 1.00000000 -0.00000000 -0.00000000
vn -0.00000000 -0.00000000 1.00000000
vn 1.00000000 -0.00000000 -0.00000000
vn -0.00000000 -1.00000000 -0.00000000
vn -0.00000000 -0.00000000 1.00000000
vn -0.00000000 -0.00000000 -1.00000000
vn -0.00000000 -1.00000000 -0.00000000
vn 1.00000000 -0.00000000 -0.00000000
vn 1.00000000 -0.00000000 -0.00000000
vn -0.00000000 -1.00000000 -0.00000000
vn 0.41630000 0.90920000 -0.00000000
vn 0.14230000 0.98980000 -0.00000000
vn -0.00000000 -0.00000000 1.00000000
vn -0.00000000 -0.00000000 1.00000000
vn 0.39690000 0.91790000 -0.00000000
vn 0.13150000 0.99130000 -0.00000000
vn -0.00000000 -0.00000000 1.00000000
vn -0.00000000 -0.00000000 1.00000000
vn 0.41630000 0.90920000 -0.00000000
vn -0.00000000 -0.00000000 1.00000000
vn -0.00000000 -0.00000000 1.00000000
vn 0.65630000 0.75450000 -0.00000000
vn 0.64180000 0.76690000 -0.00000000
vn 0.64180000 0.76690000 -0.00000000
vn 0.83360000 0.55240000 -0.00000000
vn -0.00000000 -0.00000000 1.00000000
vn -0.00000000 -0.00000000 1.00000000
vn 0.84270000 0.53830000 -0.00000000
vn 0.96050000 0.27810000 -0.00000000
vn -0.00000000 -0.00000000 1.00000000
vn -0.00000000 -0.00000000 1.00000000
vn 0.96050000 0.27810000 -0.00000000
vn 1.00000000 -0.00470000 -0.00000000
vn -0.00000000 -0.00000000 1.00000000
vn -0.00000000 -0.00000000 1.00000000
vn 0.95790000 -0.28720000 -0.00000000
vn -0.00000000 -0.00000000 1.00000000
vn -0.00000000 -0.00000000 1.00000000
vn 1.00000000 -0.00470000 -0.00000000
vn -0.00000000 -0.00000000 1.00000000
vn 0.95790000 -0.28720000 -0.00000000
vn 0.83770000 -0.54620000 -0.00000000
vn -0.00000000 -0.00000000 1.00000000
vn 0.40760000 -0.91310000 -0.00000000
vn -0.00000000 -0.00000000 1.00000000
vn 0.64920000 -0.76070000 -0.00000000
vn -0.00000000 -0.00000000 1.00000000
vn 0.41110000 -0.91160000 -0.00000000
vn -0.00000000 -0.00000000 1.00000000
vn 0.13450000 -0.99090000 -0.00000000
vn -0.00000000 -0.00000000 1.00000000
vn 0.41110000 -0.91160000 -0.00000000
vn 0.40760000 -0.91310000 -0.00000000
vn 0.13300000 -0.99110000 -0.00000000
vn -0.00000000 -0.00000000 1.00000000
vn -0.00000000 -0.00000000 1.00000000
vn -0.00000000 -0.00000000 1.00000000
vn 0.13450000 -0.99090000 -0.00000000
vn 0.11110000 -0.99380000 -0.00000000
vn 0.13450000 -0.99090000 -0.00000000
vn -0.00000000 -0.00000000 1.00000000
vn -0.00000000 -1.00000000 -0.00000000
vn 0.13300000 -0.99110000 -0.00000000
vn -0.00000000 -0.00000000 1.00000000
vn -0.00000000 -0.00000000 1.00000000
vn -0.00000000 -0.00000000 -1.00000000
vn 0.13150000 0.99120000 0.01680000
vn -0.01260000 0.99990000 -0.00000000
vn 1.00000000 -0.00470000 -0.00000000
vn -0.00000000 -0.00000000 -1.00000000
vn -0.00000000 -0.00000000 -1.00000000
vn 0.41630000 0.90920000 -0.00000000
vn 0.14230000 0.98980000 -0.00000000
vn 0.14230000 0.98980000 -0.00000000
vn 0.39690000 0.91790000 -0.00000000
vn -0.00000000 -0.00000000 -1.00000000
vn 0.64180000 0.76690000 -0.00000000
vn -0.00000000 -0.00000000 -1.00000000
vn -0.00000000 -0.00000000 -1.00000000
vn -0.00000000 -0.00000000 -1.00000000
vn 0.84270000 0.53830000 -0.00000000
vn 0.65630000 0.75450000 -0.00000000
vn 0.65630000 0.75450000 -0.00000000
vn -0.00000000 -0.00000000 -1.00000000
vn 0.64180000 0.76690000 -0.00000000
vn -0.00000000 -0.00000000 -1.00000000
vn 0.83360000 0.55240000 -0.00000000
vn 0.96050000 0.27810000 -0.00000000
vn -0.00000000 -0.00000000 -1.00000000
vn -0.00000000 -0.00000000 -1.00000000
vn 0.84270000 0.53830000 -0.00000000
vn 0.84270000 0.53830000 -0.00000000
vn 0.95640000 0.29220000 -0.00000000
vn -0.00000000 -0.00000000 -1.00000000
vn -0.00000000 -0.00000000 -1.00000000
vn 0.83360000 0.55240000 -0.00000000
vn -0.00000000 -0.00000000 -1.00000000
vn -0.00000000 -0.00000000 -1.00000000
vn 1.00000000 -0.00470000 -0.00000000
vn 0.96050000 0.27810000 -0.00000000
vn 0.96050000 0.27810000 -0.00000000
vn -0.00000000 -0.00000000 -1.00000000
vn 1.00000000 0.00780000 -0.00000000
vn 0.95640000 0.29220000 -0.00000000
vn -0.00000000 -0.00000000 -1.00000000
vn 0.95790000 -0.28720000 -0.00000000
vn 0.95790000 -0.28720000 -0.00000000
vn 0.83770000 -0.54620000 -0.00000000
vn -0.00000000 -0.00000000 -1.00000000
vn -0.00000000 -0.00000000 -1.00000000
vn 0.83770000 -0.54620000 -0.00000000
vn -0.00000000 -0.00000000 -1.00000000
vn 0.64920000 -0.76070000 -0.00000000
vn 0.83770000 -0.54620000 -0.00000000
vn -0.00000000 -0.00000000 -1.00000000
vn 0.84210000 -0.53930000 -0.00000000
vn 0.65370000 -0.75680000 -0.00000000
vn -0.00000000 -0.00000000 -1.00000000
vn -0.00000000 -0.00000000 -1.00000000
vn 0.41110000 -0.91160000 -0.00000000
vn -0.00000000 -0.00000000 -1.00000000
vn 0.13450000 -0.99090000 -0.00000000
vn -0.00000000 -0.00000000 -1.00000000
vn -0.00000000 -0.00000000 -1.00000000
vn -0.00000000 -0.00000000 -1.00000000
vn 0.11110000 -0.99380000 -0.00000000
vn 0.11110000 -0.99380000 -0.00000000
vn 0.13450000 -0.99090000 -0.00000000
vn 0.11110000 -0.99380000 -0.00000000
vn -0.00000000 -0.00000000 -1.00000000
vn -0.00000000 -0.00000000 -1.00000000
vn -0.00000000 -1.00000000 -0.00000000
vn -0.58870000 0.80830000 -0.00000000
vn -0.78240000 0.62280000 -0.00000000
vn -0.00000000 -0.00000000 1.00000000
vn -0.00000000 -0.00000000 1.00000000
vn -0.78240000 0.62280000 -0.00000000
vn -0.78180000 -0.62350000 -0.00000000
vn -0.78180000 -0.62350000 -0.00000000
vn -0.00000000 -0.00000000 1.00000000
vn -0.43390000 -0.90100000 -0.00000000
vn -0.00000000 -0.00000000 1.00000000
vn -0.00000000 -0.00000000 1.00000000
vn -0.00000000 -0.00000000 1.00000000
vn -0.43390000 -0.90100000 -0.00000000
vn -0.00000000 -1.00000000 -0.00000000
vn -0.43390000 -0.90100000 -0.00000000
vn -0.00000000 -0.00000000 1.00000000
vn -0.00000000 -0.00000000 1.00000000
vn 0.96080000 -0.27730000 -0.00000000
vn 0.96080000 -0.27730000 -0.00000000
vn 0.84210000 -0.53930000 -0.00000000
vn -0.00000000 -0.00000000 1.00000000
vn -0.67930000 0.73390000 -0.00000000
vn -0.67930000 0.73390000 -0.00000000
vn -0.44220000 0.89690000 -0.00000000
vn -0.00000000 -0.00000000 1.00000000
vn -0.00000000 -0.00000000 1.00000000
vn -0.00000000 -0.00000000 1.00000000
vn -0.00000000 -0.00000000 1.00000000
vn 0.78180000 -0.62350000 -0.00000000
vn 0.97490000 -0.22250000 -0.00000000
vn 0.78180000 -0.62350000 -0.00000000
vn 1.00000000 0.00780000 -0.00000000
vn -0.00000000 -0.00000000 1.00000000
vn 1.00000000 0.00780000 -0.00000000
vn 0.96080000 -0.27730000 -0.00000000
vn -0.00000000 -0.00000000 1.00000000
vn -0.00000000 -0.00000000 1.00000000
vn -0.97490000 0.22250000 -0.00000000
vn -0.97490000 0.22250000 -0.00000000
vn -0.97490000 -0.22250000 -0.00000000
vn -0.00000000 -1.00000000 -0.00000000
vn -0.00000000 -0.00000000 1.00000000
vn -0.00010000 -0.00000000 1.00000000
vn 0.11110000 -0.99380000 -0.00000000
vn -0.99100000 0.13410000 -0.00000000
vn -0.00000000 -0.00000000 1.00000000
vn -0.91970000 0.39260000 -0.00000000
vn -0.99100000 0.13410000 -0.00000000
vn 1.00000000 -0.00000000 -0.00000000
vn 1.00000000 -0.00000000 -0.00000000
vn -0.00000000 -1.00000000 -0.00000000
vn -0.00000000 -0.00000000 1.00000000
vn -0.00000000 -0.00000000 1.00000000
vn -0.00000000 -0.00000000 1.00000000
vn -0.00000000 -0.00000000 1.00000000
vn -0.00000000 -0.00000000 1.00000000
vn 0.78180000 0.62350000 -0.00000000
vn 0.78180000 0.62350000 -0.00000000
vn 0.43390000 0.90100000 -0.00000000
vn -0.43390000 -0.90100000 -0.00000000
vn -0.00000000 -0.00000000 -1.00000000
vn -0.00000000 -0.00000000 -1.00000000
vn -0.00000000 -1.00000000 -0.00000000
vn -0.00000000 -1.00000000 -0.00000000
vn -0.00000000 -0.00000000 -1.00000000
vn 0.13150000 0.99130000 -0.00000000
vn 0.11910000 0.99290000 -0.00290000
vn -0.00000000 -0.00000000 -1.00000000
vn -0.00000000 -0.00000000 -1.00000000
vn 0.39690000 0.91790000 -0.00000000
vn -0.00000000 -0.00000000 -1.00000000
vn -0.00000000 -0.00000000 -1.00000000
vn 0.97490000 -0.22250000 -0.00000000
vn 0.97490000 -0.22250000 -0.00000000
vn 0.78180000 -0.62350000 -0.00000000
vn 0.78180000 -0.62350000 -0.00000000
vn -0.00000000 -0.00000000 -1.00000000
vn 0.78180000 -0.62350000 -0.00000000
vn -0.00000000 -0.00000000 -1.00000000
vn 0.43390000 -0.90100000 -0.00000000
vn -0.44220000 0.89690000 -0.00000000
vn -0.67930000 0.73390000 -0.00000000
vn -0.00000000 -0.00000000 -1.00000000
vn -0.00000000 -0.00000000 -1.00000000
vn -0.00000000 -0.00000000 -1.00000000
vn -0.16850000 0.98570000 -0.00000000
vn 0.11910000 0.99290000 -0.00290000
vn -0.00000000 -0.00000000 -1.00000000
vn -0.01260000 0.99990000 -0.00000000
vn 0.65370000 -0.75680000 -0.00000000
vn 0.84210000 -0.53930000 -0.00000000
vn -0.00000000 -0.00000000 -1.00000000
vn -0.00000000 -0.00000000 -1.00000000
vn -0.00000000 -0.00000000 -1.00000000
vn -0.00000000 -0.00000000 -1.00000000
vn -0.78180000 0.62350000 -0.00000000
vn -0.78180000 0.62350000 -0.00000000
vn -0.43390000 0.90100000 -0.00000000
vn -0.00000000 -0.00000000 -1.00000000
vn -0.43390000 0.90100000 -0.00000000
vn -0.43390000 0.90100000 -0.00000000
vn -0.00000000 1.00000000 -0.00000000
vn -0.00000000 -0.00000000 -1.00000000
vn -0.00000000 -0.00000000 -1.00000000
vn -0.97490000 -0.22250000 -0.00000000
vn -0.00000000 -0.00000000 -1.00000000
vn -0.97490000 0.22250000 -0.00000000
vn -0.97490000 -0.22250000 -0.00000000
vn -0.00000000 -0.00000000 -1.00000000
vn -0.00000000 -0.00000000 -1.00000000
vn 0.95640000 0.29220000 -0.00000000
vn 1.00000000 0.00780000 -0.00000000
vn -0.97490000 0.22250000 -0.00000000
vn -0.78180000 0.62350000 -0.00000000
vn -0.00000000 -0.00000000 -1.00000000
vn -0.97490000 0.22250000 -0.00000000
vn -0.00000000 -0.00000000 -1.00000000
vn -0.00000000 -0.00000000 -1.00000000
vn -0.00000000 -0.00000000 -1.00000000
vn 0.96080000 -0.27730000 -0.00000000
vn 0.84210000 -0.53930000 -0.00000000
vn 0.64180000 0.76690000 -0.00000000
vn 0.39690000 0.91790000 -0.00000000
vn -0.00000000 -0.00000000 -1.00000000
vn -0.43390000 -0.90100000 -0.00000000
vn -0.00000000 -0.00000000 -1.00000000
vn -0.43390000 -0.90100000 -0.00000000
vn -0.00000000 -0.00000000 -1.00000000
vn -0.78180000 -0.62350000 -0.00000000
vn 0.83360000 0.55240000 -0.00000000
vn 0.64180000 0.76690000 -0.00000000
vn -0.00000000 -0.00000000 -1.00000000
vn -0.00000000 -0.00000000 -1.00000000
vn -0.00000000 -0.00000000 -1.00000000
vn 0.95640000 0.29220000 -0.00000000
vn 0.83360000 0.55240000 -0.00000000
vn -0.00000000 -0.00000000 -1.00000000
vn 0.97490000 -0.22250000 -0.00000000
vn 0.97490000 0.22250000 -0.00000000
vn -0.00000000 -0.00000000 -1.00000000
vn -0.00000000 -0.00000000 -1.00000000
vn 0.97490000 0.22250000 -0.00000000
vn -0.99100000 0.13410000 -0.00000000
vn -0.00000000 -0.00000000 -1.00000000
vn -0.91970000 0.39260000 -0.00000000
vn -0.91970000 0.39260000 -0.00000000
vn 0.78180000 0.62350000 -0.00000000
vn 0.97490000 0.22250000 -0.00000000
vn -0.00000000 -0.00000000 -1.00000000
vn 0.78180000 0.62350000 -0.00000000
vn 1.00000000 -0.00000000 -0.00000000
vn 1.00000000 -0.00000000 -0.00000000
vn -0.00000000 -0.00000000 -1.00000000
vn -0.00000000 -1.00000000 -0.00000000
vn -0.00000000 -1.00000000 -0.00000000
vn -0.00000000 -0.00000000 -1.00000000
vn -0.00000000 -0.00000000 -1.00000000
vn -0.00000000 -0.00000000 -1.00000000
vn 0.43390000 0.90100000 -0.00000000
vn 0.43390000 0.90100000 -0.00000000
vn 0.78180000 0.62350000 -0.00000000
vn -0.00000000 1.00000000 -0.00000000
vn -0.00000000 -0.00000000 -1.00000000
vn -0.00000000 -0.00000000 -1.00000000
vn 0.43390000 0.90100000 -0.00000000
vn 0.00050000 -0.00000000 -1.00000000
vn -0.00000000 1.00000000 -0.00000000
vn -0.00000000 -0.00000000 -1.00000000
vn 0.13450000 -0.99090000 -0.00000000
vn 0.00050000 -0.00000000 -1.00000000
vn 0.11110000 -0.99380000 -0.00000000
vn 0.11110000 -0.99380000 -0.00000000
vn 0.13450000 -0.99090000 -0.00000000
vn -0.00000000 -0.00000000 -1.00000000
vn 0.41110000 -0.91160000 -0.00000000
vn -0.00000000 -0.00000000 -1.00000000
vn -0.00000000 -0.00000000 -1.00000000
vn 0.41110000 -0.91160000 -0.00000000
vn 0.65370000 -0.75680000 -0.00000000
vn -0.00000000 -0.00000000 -1.00000000
vn 0.93500000 -0.25070000 0.25070000
vn 0.60990000 -0.79250000 0.00290000
vn 0.70700000 -0.70720000 -0.00000000
vn 0.68440000 -0.68460000 0.25070000
vn 0.93510000 -0.25060000 0.25060000
vn 0.96590000 -0.25890000 -0.00000000
vn 0.79410000 -0.60770000 -0.00000000
vn 0.92610000 -0.37720000 0.00280000
vn 0.96590000 -0.25890000 -0.00000000
vn 0.04490000 -0.43310000 -0.90020000
vn 0.79410000 -0.60770000 -0.00000000
vn -0.01270000 -0.25660000 -0.96640000
vn 0.05010000 -0.43880000 -0.89720000
vn 0.04490000 -0.43310000 -0.90020000
vn 0.99200000 -0.12630000 -0.00000000
vn 0.92610000 -0.37720000 0.00280000
vn -0.00000000 -0.58650000 -0.81000000
vn -0.00000000 -0.25880000 -0.96590000
vn -0.00000000 -0.25880000 -0.96590000
vn -0.00000000 -1.00000000 -0.00000000
vn 0.13060000 -0.99140000 0.00290000
vn -0.00000000 -1.00000000 -0.00000000
vn 0.01870000 -0.15340000 -0.98800000
vn 0.25890000 -0.96590000 -0.00000000
vn -0.00000000 -0.13050000 -0.99140000
vn 0.70700000 -0.70720000 -0.00000000
vn 0.25890000 -0.96590000 -0.00000000
vn 0.13060000 -0.99140000 0.00290000
vn 0.25060000 -0.93510000 0.25050000
vn 0.38270000 -0.92390000 -0.00000000
vn 0.68440000 -0.68460000 0.25070000
vn 0.68460000 -0.68460000 0.25050000
vn -0.00000000 -0.92390000 -0.38270000
vn -0.00000000 -0.99140000 -0.13060000
vn -0.92380000 -0.00000000 -0.38300000
vn -0.99150000 -0.00290000 -0.13040000
vn -0.00000000 -1.00000000 -0.00000000
vn 0.25880000 -0.00000000 -0.96590000
vn -0.25880000 -0.00000000 -0.96590000
vn 0.70710000 -0.00000000 -0.70710000
vn 0.25880000 -0.00000000 -0.96590000
vn -0.00000000 -1.00000000 -0.00000000
vn -0.00000000 -1.00000000 -0.00000000
vn -0.00000000 -1.00000000 -0.00000000
vn 0.96600000 -0.00000000 -0.25870000
vn 0.70710000 -0.00000000 -0.70710000
vn 0.70710000 -0.00000000 -0.70710000
vn 0.96600000 -0.00000000 0.25870000
vn 0.70710000 -0.00000000 0.70710000
vn 0.96600000 -0.00000000 0.25870000
vn -0.00000000 -1.00000000 -0.00000000
vn -0.00000000 -1.00000000 -0.00000000
vn 0.25880000 -0.00000000 0.96590000
vn 0.70710000 -0.00000000 0.70710000
vn -0.00000000 -1.00000000 -0.00000000
vn -0.25880000 -0.00000000 0.96590000
vn -0.00000000 -1.00000000 -0.00000000
vn 0.25880000 -0.00000000 0.96590000
vn -0.00000000 -0.99140000 0.13060000
vn -0.00000000 -0.92390000 0.38270000
vn -0.96600000 -0.00150000 0.25870000
vn -0.99150000 -0.00000000 0.13000000
vn -0.00000000 -0.92390000 0.38270000
vn -0.92380000 -0.00000000 0.38300000
vn -0.00000000 -1.00000000 -0.00000000
vn -0.99150000 -0.00290000 -0.13040000
vn -0.96590000 -0.00000000 -0.25900000
vn -0.92380000 -0.00000000 -0.38300000
vn -0.70720000 -0.00000000 -0.70700000
vn -0.96590000 -0.00150000 0.25880000
vn -0.00000000 -1.00000000 -0.00000000
vn -0.99150000 -0.00000000 0.13000000
vn -0.96590000 -0.00000000 -0.25880000
vn -0.96590000 -0.00000000 -0.25880000
vn -0.00000000 -0.99140000 -0.13060000
vn -0.99150000 -0.00000000 0.13000000
vn -0.00000000 -0.96590000 0.25890000
vn -0.99150000 -0.00290000 -0.13040000
vn -0.00860000 -0.99130000 0.13170000
vn -0.99150000 -0.00000000 0.13000000
vn -0.00000000 -0.92390000 0.38270000
vn -0.92370000 -0.00000000 0.38320000
vn -0.00860000 -0.99130000 0.13170000
vn -0.96590000 -0.00150000 0.25880000
vn -0.96590000 -0.00150000 0.25880000
vn -0.00000000 -1.00000000 -0.00000000
vn -0.92370000 -0.00000000 0.38320000
vn -0.00000000 -1.00000000 -0.00000000
vn -0.70720000 -0.00000000 0.70710000
vn -0.00000000 -1.00000000 -0.00000000
vn -0.70720000 -0.00000000 0.70710000
vn -0.70720000 -0.00000000 0.70710000
vn -0.00000000 -1.00000000 -0.00000000
vn -0.25890000 -0.00000000 0.96590000
vn -0.25890000 -0.00000000 0.96590000
vn -0.70720000 -0.00000000 0.70710000
vn -0.00000000 -0.25880000 0.96590000
vn -0.00000000 -0.70710000 0.70710000
vn -0.00000000 -0.25880000 0.96590000
vn -0.25890000 -0.00000000 0.96590000
vn -0.00000000 -1.00000000 -0.00000000
vn 0.25880000 -0.00000000 0.96590000
vn -0.25890000 -0.00000000 0.96590000
vn 0.25880000 -0.00000000 0.96590000
vn 0.25880000 -0.00000000 0.96590000
vn -0.00000000 -1.00000000 -0.00000000
vn 0.70720000 -0.00000000 0.70710000
vn -0.00000000 -0.25880000 0.96590000
vn -0.00000000 -0.70710000 0.70710000
vn 0.25880000 -0.00000000 0.96590000
vn -0.00000000 -0.25880000 0.96590000
vn 0.70720000 -0.00000000 0.70710000
vn -0.25890000 -0.00000000 -0.96590000
vn -0.00000000 -1.00000000 -0.00000000
vn -0.70720000 -0.00000000 -0.70710000
vn -0.25890000 -0.00000000 -0.96590000
vn -0.25890000 -0.00000000 -0.96590000
vn -0.00000000 -0.25880000 -0.96590000
vn -0.00000000 -0.25880000 -0.96590000
vn -0.00000000 -1.00000000 -0.00000000
vn 0.25880000 -0.00000000 -0.96590000
vn -0.00000000 -1.00000000 -0.00000000
vn 0.70720000 -0.00000000 -0.70710000
vn -0.00000000 -0.70710000 -0.70710000
vn -0.00000000 -0.25880000 -0.96590000
vn 0.25880000 -0.00000000 -0.96590000
vn 0.25880000 -0.00000000 -0.96590000
vn -0.00000000 -0.70710000 -0.70710000
vn 0.70720000 -0.00000000 -0.70710000
vn -0.00000000 -1.00000000 -0.00000000
vn -0.00000000 -1.00000000 -0.00000000
vn 0.25880000 -0.00000000 -0.96590000
vn 0.92390000 -0.00000000 -0.38270000
vn 0.70720000 -0.00000000 -0.70710000
vn -0.00000000 -0.70710000 -0.70710000
vn -0.00000000 -0.92390000 -0.38270000
vn -0.00000000 -0.92390000 -0.38270000
vn 0.70720000 -0.00000000 -0.70710000
vn 0.96590000 -0.00000000 0.25900000
vn 0.96600000 -0.00150000 -0.25850000
vn 0.99140000 -0.00000000 -0.13060000
vn -0.00000000 -1.00000000 -0.00000000
vn 0.99140000 -0.00000000 -0.13060000
vn 0.99140000 -0.00290000 0.13100000
vn -0.00000000 -0.99140000 0.13060000
vn 0.96590000 -0.00000000 0.25900000
vn -0.00000000 -0.99140000 -0.13060000
vn -0.00000000 -0.99140000 -0.13060000
vn 0.99140000 -0.00290000 0.13100000
vn 0.92390000 -0.00000000 0.38270000
vn -0.00000000 -1.00000000 -0.00000000
vn 0.70720000 -0.00000000 0.70710000
vn 0.96590000 -0.00000000 0.25900000
vn 0.70720000 -0.00000000 0.70710000
vn -0.00000000 -1.00000000 -0.00000000
vn -0.00000000 -1.00000000 -0.00000000
vn 0.92390000 -0.00000000 0.38270000
vn -0.00000000 -0.70710000 0.70710000
vn -0.00000000 -0.70710000 0.70710000
vn -0.00000000 -0.92390000 0.38270000
vn 0.70720000 -0.00000000 0.70710000
vn -0.00000000 -0.25880000 0.96590000
vn 0.25880000 -0.00000000 0.96590000
vn -0.00000000 -1.00000000 -0.00000000
vn 0.25880000 -0.00000000 0.96590000
vn -0.00000000 -1.00000000 -0.00000000
vn -0.00000000 -1.00000000 -0.00000000
vn -0.25880000 -0.00000000 0.96590000
vn -0.70720000 -0.00000000 0.70700000
vn -0.25880000 -0.00000000 0.96590000
vn -0.00000000 -0.25880000 0.96590000
vn -0.00000000 -0.70710000 0.70710000
vn -0.25880000 -0.00000000 0.96590000
vn -0.70720000 -0.00000000 0.70700000
vn -0.00000000 -0.70710000 0.70710000
vn -0.92380000 -0.00000000 0.38300000
vn -0.70720000 -0.00000000 0.70700000
vn -0.00000000 -0.92390000 0.38270000
vn 0.99140000 -0.00290000 0.13100000
vn -0.00000000 -0.92390000 0.38270000
vn -0.00000000 -0.99140000 0.13060000
vn 0.92390000 -0.00000000 0.38270000
vn -0.99150000 -0.00000000 0.13000000
vn -0.99150000 -0.00290000 -0.13040000
vn -0.96590000 -0.00000000 -0.25900000
vn -0.00000000 -0.99140000 0.13060000
vn -0.00000000 -0.99140000 0.13060000
vn -0.00000000 -0.99140000 -0.13060000
vn -0.00000000 -0.92390000 -0.38270000
vn -0.00000000 -0.99140000 -0.13060000
vn 0.92390000 -0.00000000 -0.38270000
vn 0.96600000 -0.00150000 -0.25850000
vn 0.99140000 -0.00000000 -0.13060000
vn -0.92380000 -0.00000000 -0.38300000
vn -0.00000000 -0.92390000 -0.38270000
vn -0.00000000 -0.70710000 -0.70710000
vn -0.70720000 -0.00000000 -0.70700000
vn -0.25880000 -0.00000000 -0.96590000
vn -0.00000000 -0.70710000 -0.70710000
vn -0.70720000 -0.00000000 -0.70700000
vn -0.00000000 -0.25880000 -0.96590000
vn -0.70720000 -0.00000000 -0.70700000
vn 0.04490000 -0.43310000 0.90020000
vn 0.79410000 -0.60770000 -0.00000000
vn 0.92570000 -0.37830000 -0.00000000
vn -0.01270000 -0.25650000 0.96640000
vn 0.01870000 -0.15330000 0.98800000
vn 0.02370000 -0.17320000 0.98460000
vn 0.04830000 -0.17160000 0.98400000
vn 0.04490000 -0.43310000 0.90020000
vn 0.05010000 -0.43880000 0.89720000
vn -0.01270000 -0.25650000 0.96640000
vn -0.00000000 -0.13050000 0.99140000
vn 0.25890000 -0.96590000 -0.00150000
vn 0.01870000 -0.15330000 0.98800000
vn 0.38290000 -0.92380000 -0.00000000
vn 0.13020000 -0.99150000 -0.00000000
vn 0.04830000 -0.17160000 0.98400000
vn 0.05010000 -0.43880000 0.89720000
vn 0.04490000 -0.43310000 0.90020000
vn -0.00000000 -0.70710000 0.70710000
vn 0.92570000 -0.37830000 -0.00000000
vn 0.96590000 -0.25890000 -0.00150000
vn -0.00000000 -0.25880000 0.96590000
vn 0.01030000 -0.58730000 0.80930000
vn 0.99200000 -0.12630000 -0.00000000
vn 1.00000000 -0.00000000 -0.00000000
vn -0.00000000 -0.77600000 0.63070000
vn 0.01030000 -0.58730000 0.80930000
vn 0.99200000 -0.12630000 -0.00000000
vn -0.00000000 -0.70710000 0.70710000
vn -0.00000000 -0.77600000 0.63070000
vn 0.01030000 -0.58730000 0.80930000
vn -0.92370000 -0.00000000 0.38320000
vn -0.70720000 -0.00000000 0.70710000
vn -0.00000000 -0.92390000 0.38270000
vn 0.70700000 -0.70720000 -0.00000000
vn 0.02370000 -0.17320000 -0.98460000
vn 0.38270000 -0.92390000 -0.00000000
vn 0.60990000 -0.79250000 0.00290000
vn 0.04820000 -0.17160000 -0.98400000
vn 0.13060000 -0.99140000 0.00290000
vn 0.38270000 -0.92390000 -0.00000000
vn 0.01870000 -0.15340000 -0.98800000
vn 0.04820000 -0.17160000 -0.98400000
vn -0.92370000 -0.00000000 -0.38320000
vn -0.00440000 -0.96590000 -0.25880000
vn -0.00000000 -0.92390000 -0.38270000
vn -0.00000000 -0.99140000 -0.13060000
vn -0.99150000 -0.00290000 -0.13040000
vn -0.00000000 -0.77600000 -0.63070000
vn -0.92370000 -0.00000000 -0.38320000
vn -0.70720000 -0.00000000 -0.70710000
vn -0.00000000 -0.92390000 -0.38270000
vn 0.00400000 -0.70910000 -0.70510000
vn -0.00440000 -0.96590000 -0.25880000
vn -0.00000000 -0.92390000 -0.38270000
vn -0.00000000 -0.77600000 -0.63070000
vn 1.00000000 -0.00000000 -0.00000000
vn -0.00000000 -0.25880000 -0.96590000
vn -0.00000000 -0.58650000 -0.81000000
vn -0.70720000 -0.00000000 -0.70710000
vn -0.70720000 -0.00000000 -0.70710000
vn -0.00000000 -0.25880000 -0.96590000
vn 0.00400000 -0.70910000 -0.70510000
vn -0.25890000 -0.00000000 -0.96590000
vn -0.00000000 -0.58650000 -0.81000000
vn 0.00400000 -0.70910000 -0.70510000
vn 1.00000000 -0.00000000 -0.00000000
vn 1.00000000 -0.00000000 -0.00000000
vn 1.00000000 -0.00000000 -0.00000000
vn 0.99200000 -0.12630000 -0.00000000
vn -0.00000000 -0.77600000 -0.63070000
vn 1.00000000 -0.00000000 -0.00000000
vn -0.00000000 0.70720000 0.70710000
vn 1.00000000 -0.00000000 -0.00000000
vn -0.00000000 0.25880000 0.96590000
vn -0.00000000 0.70720000 0.70710000
vn -1.00000000 -0.00000000 -0.00000000
vn -0.00000000 0.96590000 0.25890000
vn -1.00000000 -0.00000000 -0.00000000
vn -0.00000000 0.70720000 0.70710000
vn 1.00000000 -0.00000000 -0.00000000
vn -0.00000000 0.96590000 0.25890000
vn -0.00000000 0.70720000 0.70710000
vn 1.00000000 -0.00000000 -0.00000000
vn -0.00000000 0.96590000 0.25880000
vn -1.00000000 -0.00000000 -0.00000000
vn -1.00000000 -0.00000000 -0.00000000
vn -0.00000000 0.25880000 -0.96590000
vn -0.00000000 0.70720000 -0.70710000
vn -0.00000000 0.70720000 -0.70710000
vn 1.00000000 -0.00000000 -0.00000000
vn 1.00000000 -0.00000000 -0.00000000
vn -0.00000000 -1.00000000 -0.00000000
vn -0.00000000 -0.25880000 -0.96590000
vn 0.05010000 -0.43880000 -0.89720000
vn -0.00000000 -0.13050000 -0.99140000
vn -0.00000000 0.25880000 -0.96590000
vn 0.05010000 -0.43880000 -0.89720000
vn 0.04490000 -0.43310000 -0.90020000
vn -0.01270000 -0.25660000 -0.96640000
vn 0.02370000 -0.17320000 -0.98460000
vn -0.00000000 -0.13050000 -0.99140000
vn 0.01870000 -0.15340000 -0.98800000
vn 0.04820000 -0.17160000 -0.98400000
vn -0.01270000 -0.25660000 -0.96640000
vn 0.02370000 -0.17320000 -0.98460000
vn 0.60990000 -0.79250000 0.00290000
vn 0.79410000 -0.60770000 -0.00000000
vn -0.98030000 -0.13970000 0.13960000
vn -0.98030000 -0.08960000 0.17600000
vn -1.00000000 -0.00000000 -0.00000000
vn -0.98030000 -0.13970000 0.13960000
vn -1.00000000 -0.00000000 -0.00000000
vn -1.00000000 -0.00000000 -0.00000000
vn -1.00000000 -0.00000000 -0.00000000
vn -0.98030000 -0.17600000 0.08970000
vn -0.98030000 -0.17600000 0.08970000
vn -0.98030000 -0.13970000 0.13960000
vn -0.00000000 0.70720000 -0.70710000
vn -0.00000000 0.96590000 -0.25880000
vn -0.00000000 0.96590000 -0.25890000
vn -1.00000000 -0.00000000 -0.00000000
vn -1.00000000 -0.00000000 -0.00000000
vn -1.00000000 -0.00000000 -0.00000000
vn -0.98030000 -0.19510000 0.03090000
vn -0.98030000 -0.19500000 0.03090000
vn -0.98030000 -0.17600000 0.08970000
vn -1.00000000 -0.00000000 -0.00000000
vn -0.00000000 0.96590000 0.25880000
vn -0.00000000 0.96590000 0.25890000
vn -1.00000000 -0.00000000 -0.00000000
vn -1.00000000 -0.00000000 -0.00000000
vn -0.00000000 0.96590000 -0.25880000
vn -1.00000000 -0.00000000 -0.00000000
vn -0.98030000 -0.19500000 -0.03090000
vn -0.98030000 -0.19510000 0.03090000
vn -1.00000000 -0.00000000 -0.00000000
vn -0.98030000 -0.19510000 -0.03090000
vn -0.00000000 0.70720000 0.70710000
vn -0.00000000 0.25880000 0.96590000
vn -1.00000000 -0.00000000 -0.00000000
vn -0.00000000 0.25880000 0.96590000
vn -1.00000000 -0.00000000 -0.00000000
vn -1.00000000 -0.00000000 -0.00000000
vn -0.00000000 -1.00000000 -0.00000000
vn -0.98030000 -0.03090000 -0.19500000
vn -0.00000000 -1.00000000 -0.00000000
vn 0.98030000 -0.08960000 -0.17600000
vn 0.98030000 -0.08960000 -0.17590000
vn 1.00000000 -0.00000000 -0.00000000
vn 0.98030000 -0.03090000 -0.19500000
vn 1.00000000 -0.00000000 -0.00000000
vn 0.98030000 -0.13970000 -0.13960000
vn 0.98030000 -0.08960000 -0.17600000
vn 1.00000000 -0.00000000 -0.00000000
vn 1.00000000 -0.00000000 -0.00000000
vn 0.98030000 -0.17590000 -0.08970000
vn 1.00000000 -0.00000000 -0.00000000
vn 0.98030000 -0.13970000 -0.13960000
vn 1.00000000 -0.00000000 -0.00000000
vn 0.98030000 -0.17590000 -0.08970000
vn 1.00000000 -0.00000000 -0.00000000
vn 0.98030000 -0.19500000 -0.03090000
vn 1.00000000 -0.00000000 -0.00000000
vn 1.00000000 -0.00000000 -0.00000000
vn 1.00000000 -0.00000000 -0.00000000
vn 0.98030000 -0.19500000 -0.03090000
vn 0.98030000 -0.19500000 0.03090000
vn 1.00000000 -0.00000000 -0.00000000
vn -0.00000000 0.96590000 -0.25890000
vn -0.00000000 0.96590000 0.25880000
vn -0.00000000 0.96590000 -0.25880000
vn 1.00000000 -0.00000000 -0.00000000
vn -0.00000000 0.70720000 -0.70710000
vn 1.00000000 -0.00000000 -0.00000000
vn -0.00000000 0.96590000 -0.25890000
vn 1.00000000 -0.00000000 -0.00000000
vn -0.00000000 0.70720000 -0.70710000
vn -0.00000000 0.25880000 -0.96590000
vn 1.00000000 -0.00000000 -0.00000000
vn 1.00000000 -0.00000000 -0.00000000
vn 0.19290000 -0.15350000 -0.96910000
vn 0.19280000 -0.44550000 -0.87430000
vn -0.19280000 -0.15350000 -0.96920000
vn 0.19280000 -0.15340000 -0.96920000
vn -0.19280000 -0.44550000 -0.87430000
vn 0.19290000 -0.69390000 -0.69380000
vn 0.19260000 -0.44540000 -0.87440000
vn 0.55090000 -0.37900000 -0.74360000
vn 0.55090000 -0.37900000 -0.74360000
vn 0.55090000 -0.59020000 -0.59010000
vn 0.19280000 -0.69390000 -0.69380000
vn 0.19280000 -0.69390000 -0.69380000
vn 0.19280000 -0.87420000 -0.44560000
vn 0.55070000 -0.59010000 -0.59030000
vn 0.55080000 -0.74360000 -0.37900000
vn 0.55090000 -0.59020000 -0.59010000
vn 0.19280000 -0.96910000 -0.15360000
vn 0.19280000 -0.96910000 -0.15350000
vn 0.55080000 -0.74360000 -0.37900000
vn 0.55100000 -0.82420000 -0.13060000
vn 0.55100000 -0.74360000 -0.37880000
vn 0.19280000 -0.87420000 -0.44560000
vn 0.19280000 -0.96910000 -0.15350000
vn 0.19280000 -0.96910000 0.15350000
vn 0.55100000 -0.82420000 -0.13060000
vn 0.55100000 -0.82420000 0.13060000
vn 0.55100000 -0.82420000 -0.13060000
vn 0.19280000 -0.96910000 0.15360000
vn 0.19280000 -0.87420000 0.44560000
vn 0.19280000 -0.96910000 0.15350000
vn 0.55100000 -0.82420000 0.13060000
vn 0.55090000 -0.74350000 0.37900000
vn 0.55100000 -0.82430000 0.13060000
vn 0.55070000 -0.59020000 0.59020000
vn 0.19280000 -0.87420000 0.44560000
vn 0.55090000 -0.74350000 0.37900000
vn 0.19280000 -0.69390000 0.69380000
vn 0.19290000 -0.69390000 0.69380000
vn 0.55070000 -0.74370000 0.37890000
vn 0.55090000 -0.59010000 0.59020000
vn 0.55090000 -0.37890000 0.74360000
vn 0.55070000 -0.59020000 0.59020000
vn 0.19290000 -0.69390000 0.69380000
vn 0.19290000 -0.44550000 0.87430000
vn 0.19280000 -0.44550000 0.87430000
vn 0.19290000 -0.15340000 0.96910000
vn -0.00000000 -1.00000000 -0.00000000
vn -0.00000000 -1.00000000 -0.00000000
vn -0.19290000 -0.15350000 0.96910000
vn 0.19280000 -0.15350000 0.96920000
vn 0.55090000 -0.37900000 -0.74360000
vn 0.19260000 -0.44540000 -0.87440000
vn 0.55080000 -0.13050000 -0.82440000
vn 0.19280000 -0.44550000 -0.87430000
vn 0.55060000 -0.13060000 -0.82450000
vn 0.19280000 -0.15340000 -0.96920000
vn 0.55060000 -0.13060000 -0.82450000
vn 0.82830000 -0.25440000 -0.49920000
vn 0.82820000 -0.08760000 -0.55350000
vn 0.82830000 -0.08770000 -0.55340000
vn 0.55090000 -0.37900000 -0.74360000
vn 0.55070000 -0.59010000 -0.59030000
vn 0.55090000 -0.37900000 -0.74360000
vn 0.55090000 -0.59020000 -0.59010000
vn 0.82830000 -0.25440000 -0.49920000
vn 0.82820000 -0.25440000 -0.49930000
vn 0.82820000 -0.39620000 -0.39630000
vn 0.82830000 -0.49930000 -0.25440000
vn 0.82830000 -0.49920000 -0.25430000
vn 0.55100000 -0.82420000 -0.13060000
vn 0.82830000 -0.55340000 -0.08770000
vn 0.55100000 -0.74360000 -0.37880000
vn 0.55070000 -0.74370000 0.37890000
vn 0.55070000 -0.59020000 0.59020000
vn 0.55090000 -0.59010000 0.59020000
vn 0.82830000 -0.39610000 0.39620000
vn 0.82830000 -0.49920000 0.25440000
vn 0.82830000 -0.49930000 0.25430000
vn 0.19280000 -0.15350000 0.96920000
vn 0.19280000 -0.44550000 0.87430000
vn 0.55090000 -0.37890000 0.74360000
vn 0.55080000 -0.37900000 0.74360000
vn 0.55090000 -0.13050000 0.82430000
vn 0.19290000 -0.15340000 0.96910000
vn 0.55080000 -0.13050000 0.82440000
vn 0.55090000 -0.13050000 0.82430000
vn 0.55080000 -0.37900000 0.74360000
vn 0.82820000 -0.25450000 0.49930000
vn 0.82830000 -0.08760000 0.55340000
vn 0.82830000 -0.25440000 0.49920000
vn -0.00000000 -1.00000000 -0.00000000
vn 0.55080000 -0.13050000 0.82440000
vn 0.82830000 -0.08760000 0.55340000
vn 0.82830000 -0.08760000 0.55340000
vn 0.82820000 -0.08760000 -0.55350000
vn 0.55080000 -0.13050000 -0.82440000
vn -0.00000000 -1.00000000 -0.00000000
vn 0.55060000 -0.13060000 -0.82450000
vn -0.00000000 -1.00000000 -0.00000000
vn 0.82830000 -0.08770000 -0.55340000
vn 0.82830000 -0.25440000 -0.49920000
vn 0.98030000 -0.08960000 -0.17590000
vn 0.98030000 -0.03090000 -0.19500000
vn 0.98030000 -0.03090000 -0.19500000
vn 0.82820000 -0.25440000 -0.49930000
vn 0.82820000 -0.39620000 -0.39630000
vn 0.98030000 -0.13970000 -0.13960000
vn 0.82810000 -0.39620000 -0.39650000
vn 0.82820000 -0.25440000 -0.49930000
vn 0.98030000 -0.08960000 -0.17600000
vn 0.98030000 -0.08960000 -0.17590000
vn 0.82810000 -0.39620000 -0.39650000
vn 0.55100000 -0.74360000 -0.37880000
vn 0.82820000 -0.39620000 -0.39630000
vn 0.55080000 -0.74360000 -0.37900000
vn 0.82830000 -0.49920000 -0.25430000
vn 0.55070000 -0.59010000 -0.59030000
vn 0.55100000 -0.82420000 0.13060000
vn 0.55100000 -0.82420000 -0.13060000
vn 0.82830000 -0.55340000 -0.08770000
vn 0.55100000 -0.82430000 0.13060000
vn 0.82820000 -0.55350000 -0.08770000
vn 0.82820000 -0.55350000 0.08770000
vn 0.82820000 -0.55350000 -0.08770000
vn 0.82830000 -0.55340000 0.08770000
vn 0.98030000 -0.19500000 -0.03090000
vn 0.98030000 -0.19500000 -0.03090000
vn 0.82820000 -0.55350000 0.08770000
vn 0.98030000 -0.19500000 0.03090000
vn 0.55070000 -0.74370000 0.37890000
vn 0.82820000 -0.55350000 0.08770000
vn 0.55100000 -0.82430000 0.13060000
vn 0.82830000 -0.49930000 0.25430000
vn 0.55090000 -0.74350000 0.37900000
vn 0.82830000 -0.55340000 0.08770000
vn 0.98030000 -0.19500000 0.03090000
vn 0.98030000 -0.17590000 0.08970000
vn 0.98030000 -0.19500000 0.03090000
vn 0.82830000 -0.55340000 0.08770000
vn 0.82830000 -0.49930000 0.25430000
vn 0.82830000 -0.49920000 0.25440000
vn 0.82820000 -0.25450000 0.49930000
vn 0.55090000 -0.59010000 0.59020000
vn 0.82820000 -0.39630000 0.39620000
vn 0.55090000 -0.37890000 0.74360000
vn 0.55080000 -0.37900000 0.74360000
vn 0.82830000 -0.39610000 0.39620000
vn 0.82830000 -0.25440000 0.49920000
vn 0.98030000 -0.03090000 0.19500000
vn 0.98030000 -0.08960000 0.17600000
vn 0.82830000 -0.08760000 0.55340000
vn 0.98030000 -0.08960000 0.17600000
vn 0.82830000 -0.49920000 -0.25430000
vn 0.82830000 -0.49930000 -0.25440000
vn 0.98030000 -0.13970000 -0.13960000
vn 0.98030000 -0.17590000 -0.08970000
vn 0.82810000 -0.39620000 -0.39650000
vn 0.98030000 -0.13970000 -0.13960000
vn 0.82820000 -0.55350000 -0.08770000
vn 0.82830000 -0.55340000 -0.08770000
vn 0.98030000 -0.19500000 -0.03090000
vn 0.82830000 -0.49930000 -0.25440000
vn 0.98030000 -0.17590000 -0.08970000
vn 0.98030000 -0.17590000 -0.08970000
vn 1.00000000 -0.00000000 -0.00000000
vn 0.98030000 -0.17590000 0.08970000
vn 0.98030000 -0.19500000 0.03090000
vn 1.00000000 -0.00000000 -0.00000000
vn 0.98030000 -0.17600000 0.08970000
vn 0.98030000 -0.17600000 0.08970000
vn 0.82830000 -0.39610000 0.39620000
vn 0.82830000 -0.49920000 0.25440000
vn 0.98030000 -0.17590000 0.08970000
vn 0.82820000 -0.39630000 0.39620000
vn 0.98030000 -0.13970000 0.13960000
vn 0.82820000 -0.39630000 0.39620000
vn 0.98030000 -0.08960000 0.17600000
vn 0.98030000 -0.13970000 0.13960000
vn 0.82820000 -0.25450000 0.49930000
vn 0.82830000 -0.25440000 0.49920000
vn 0.98030000 -0.13970000 0.13960000
vn 1.00000000 -0.00000000 -0.00000000
vn 1.00000000 -0.00000000 -0.00000000
vn 0.98030000 -0.13970000 0.13960000
vn 0.98030000 -0.17600000 0.08970000
vn 1.00000000 -0.00000000 -0.00000000
vn 1.00000000 -0.00000000 -0.00000000
vn 0.98030000 -0.08960000 0.17600000
vn 0.98030000 -0.13970000 0.13960000
vn 1.00000000 -0.00000000 -0.00000000
vn 0.98030000 -0.03090000 0.19510000
vn 1.00000000 -0.00000000 -0.00000000
vn 0.98030000 -0.08960000 0.17600000
vn 0.98030000 -0.03090000 0.19500000
vn -0.98030000 -0.03090000 -0.19500000
vn -1.00000000 -0.00000000 -0.00000000
vn -1.00000000 -0.00000000 -0.00000000
vn -0.98030000 -0.08960000 -0.17600000
vn -0.98030000 -0.03090000 -0.19500000
vn -1.00000000 -0.00000000 -0.00000000
vn -0.98030000 -0.08970000 -0.17600000
vn -0.98030000 -0.13970000 -0.13960000
vn -0.98030000 -0.08960000 -0.17600000
vn -1.00000000 -0.00000000 -0.00000000
vn -0.98030000 -0.17590000 -0.08970000
vn -0.82830000 -0.49920000 -0.25440000
vn -0.98030000 -0.13970000 -0.13960000
vn -0.82830000 -0.39610000 -0.39620000
vn -0.82820000 -0.39630000 -0.39620000
vn -0.98030000 -0.17600000 -0.08970000
vn -1.00000000 -0.00000000 -0.00000000
vn -0.98030000 -0.13970000 -0.13960000
vn -0.98030000 -0.13970000 -0.13960000
vn -1.00000000 -0.00000000 -0.00000000
vn -0.98030000 -0.17600000 -0.08970000
vn -0.98030000 -0.17590000 -0.08970000
vn -1.00000000 -0.00000000 -0.00000000
vn -0.98030000 -0.19500000 -0.03090000
vn -0.98030000 -0.17600000 -0.08970000
vn -1.00000000 -0.00000000 -0.00000000
vn -0.82830000 -0.49930000 -0.25430000
vn -0.82830000 -0.49920000 -0.25440000
vn -0.98030000 -0.19500000 -0.03090000
vn -0.98030000 -0.17590000 -0.08970000
vn -0.82830000 -0.55340000 -0.08770000
vn -0.98030000 -0.19510000 -0.03090000
vn -0.98030000 -0.19510000 -0.03090000
vn -0.82820000 -0.55350000 0.08770000
vn -0.98030000 -0.19510000 0.03090000
vn -0.82820000 -0.55350000 -0.08770000
vn -0.98030000 -0.19500000 0.03090000
vn -0.82830000 -0.55340000 -0.08770000
vn -1.00000000 -0.00000000 -0.00000000
vn -1.00000000 -0.00000000 -0.00000000
vn -0.98030000 -0.08960000 0.17600000
vn -0.98030000 -0.08960000 0.17600000
vn -0.98030000 -0.03090000 0.19500000
vn -0.98030000 -0.08960000 0.17600000
vn -0.82820000 -0.39620000 0.39630000
vn -0.82830000 -0.39620000 0.39610000
vn -0.98030000 -0.13970000 0.13960000
vn -0.82820000 -0.25440000 0.49930000
vn -0.98030000 -0.03090000 0.19500000
vn -0.82830000 -0.08760000 0.55340000
vn -0.98030000 -0.03090000 0.19510000
vn -0.98030000 -0.08960000 0.17600000
vn -0.82820000 -0.25440000 0.49930000
vn -0.82830000 -0.25440000 0.49920000
vn -0.82820000 -0.08770000 -0.55350000
vn -0.00000000 -1.00000000 -0.00000000
vn -0.00000000 -1.00000000 -0.00000000
vn -0.98030000 -0.03090000 -0.19500000
vn -0.82820000 -0.08770000 -0.55350000
vn -0.82830000 -0.08760000 -0.55340000
vn -0.82830000 -0.25440000 -0.49920000
vn -0.98030000 -0.03090000 -0.19500000
vn -0.98030000 -0.08960000 -0.17600000
vn -0.98030000 -0.08970000 -0.17600000
vn -0.00000000 -1.00000000 -0.00000000
vn -0.82820000 -0.08770000 -0.55350000
vn -0.55080000 -0.13050000 -0.82440000
vn -0.82830000 -0.08760000 -0.55340000
vn -0.82830000 -0.25440000 -0.49920000
vn -0.82820000 -0.25450000 -0.49930000
vn -0.98030000 -0.08970000 -0.17600000
vn -0.98030000 -0.13970000 -0.13960000
vn -0.82820000 -0.39630000 -0.39620000
vn -0.82830000 -0.55340000 0.08770000
vn -0.98030000 -0.17600000 0.08970000
vn -0.82830000 -0.49920000 0.25440000
vn -0.98030000 -0.19500000 0.03090000
vn -0.82820000 -0.55350000 0.08770000
vn -0.98030000 -0.17600000 0.08970000
vn -0.98030000 -0.13970000 0.13960000
vn -0.82830000 -0.49920000 0.25440000
vn -0.82830000 -0.49920000 0.25430000
vn -0.82830000 -0.39620000 0.39610000
vn -0.55080000 -0.74360000 0.37900000
vn -0.55070000 -0.59010000 0.59030000
vn -0.82830000 -0.39620000 0.39610000
vn -0.55100000 -0.74360000 0.37880000
vn -0.82830000 -0.49920000 0.25430000
vn -0.82820000 -0.39620000 0.39630000
vn -0.55090000 -0.59020000 0.59010000
vn -0.82830000 -0.25440000 0.49920000
vn -0.55090000 -0.37900000 0.74360000
vn -0.82820000 -0.25440000 0.49930000
vn -0.82820000 -0.39620000 0.39630000
vn -0.55070000 -0.59010000 0.59030000
vn -0.98030000 -0.03090000 0.19510000
vn -0.82830000 -0.08760000 0.55340000
vn -0.82830000 -0.08760000 0.55340000
vn -0.00000000 -1.00000000 -0.00000000
vn -0.00000000 -1.00000000 -0.00000000
vn -0.00000000 -1.00000000 -0.00000000
vn -0.19290000 -0.15340000 -0.96920000
vn -0.55080000 -0.13050000 -0.82440000
vn -0.00000000 -1.00000000 -0.00000000
vn -0.55090000 -0.13050000 -0.82430000
vn -0.00000000 -1.00000000 -0.00000000
vn -0.19280000 -0.44550000 -0.87430000
vn -0.19280000 -0.15350000 -0.96920000
vn -0.19290000 -0.15340000 -0.96920000
vn -0.55090000 -0.13050000 -0.82430000
vn -0.55080000 -0.37900000 -0.74360000
vn -0.55090000 -0.37890000 -0.74360000
vn -0.82820000 -0.25450000 -0.49930000
vn -0.82830000 -0.25440000 -0.49920000
vn -0.55080000 -0.13050000 -0.82440000
vn -0.55090000 -0.13050000 -0.82430000
vn -0.82830000 -0.08760000 -0.55340000
vn -0.55080000 -0.37900000 -0.74360000
vn -0.55090000 -0.59010000 -0.59020000
vn -0.55090000 -0.37890000 -0.74360000
vn -0.82820000 -0.25450000 -0.49930000
vn -0.82830000 -0.39610000 -0.39620000
vn -0.55080000 -0.37900000 -0.74360000
vn -0.82820000 -0.39630000 -0.39620000
vn -0.82830000 -0.49920000 -0.25440000
vn -0.82830000 -0.39610000 -0.39620000
vn -0.55070000 -0.59020000 -0.59020000
vn -0.55100000 -0.74350000 -0.37890000
vn -0.82830000 -0.49930000 -0.25430000
vn -0.55090000 -0.59010000 -0.59020000
vn -0.55090000 -0.59010000 -0.59020000
vn -0.55090000 -0.37890000 -0.74360000
vn -0.19290000 -0.69390000 -0.69380000
vn -0.55070000 -0.59020000 -0.59020000
vn -0.19280000 -0.44550000 -0.87430000
vn -0.19280000 -0.44550000 -0.87430000
vn -0.55100000 -0.74350000 -0.37890000
vn -0.19290000 -0.69390000 -0.69380000
vn -0.55090000 -0.74350000 -0.37900000
vn -0.19280000 -0.87420000 -0.44560000
vn -0.55070000 -0.59020000 -0.59020000
vn -0.19280000 -0.69390000 -0.69380000
vn -0.82820000 -0.55350000 -0.08770000
vn -0.55100000 -0.82420000 -0.13060000
vn -0.82830000 -0.55340000 -0.08770000
vn -0.82830000 -0.49930000 -0.25430000
vn -0.55100000 -0.74350000 -0.37890000
vn -0.55090000 -0.74350000 -0.37900000
vn -0.55100000 -0.82420000 -0.13060000
vn -0.55090000 -0.74350000 -0.37900000
vn -0.19280000 -0.87420000 -0.44560000
vn -0.19280000 -0.87420000 -0.44560000
vn -0.19280000 -0.96920000 -0.15360000
vn -0.82820000 -0.55350000 0.08770000
vn -0.55100000 -0.82420000 -0.13060000
vn -0.55100000 -0.82420000 0.13060000
vn -0.82820000 -0.55350000 -0.08770000
vn -0.82830000 -0.55340000 0.08770000
vn -0.55100000 -0.82420000 -0.13060000
vn -0.19280000 -0.96920000 -0.15360000
vn -0.19280000 -0.96920000 0.15350000
vn -0.55100000 -0.82420000 0.13060000
vn -0.55100000 -0.82420000 -0.13060000
vn -0.19280000 -0.96910000 -0.15360000
vn -0.82830000 -0.49920000 0.25440000
vn -0.55100000 -0.74360000 0.37880000
vn -0.55100000 -0.82420000 0.13060000
vn -0.82830000 -0.49920000 0.25430000
vn -0.55100000 -0.82420000 0.13060000
vn -0.82830000 -0.55340000 0.08770000
vn -0.55090000 -0.37900000 0.74360000
vn -0.55090000 -0.37900000 0.74360000
vn -0.82830000 -0.25440000 0.49920000
vn -0.82830000 -0.08760000 0.55340000
vn -0.55090000 -0.13050000 0.82430000
vn -0.19280000 -0.15340000 0.96920000
vn -0.55090000 -0.13050000 0.82430000
vn -0.55090000 -0.37900000 0.74360000
vn -0.55080000 -0.13050000 0.82440000
vn -0.19280000 -0.44550000 0.87430000
vn -0.19280000 -0.44550000 0.87430000
vn -0.19290000 -0.15340000 -0.96920000
vn 0.19290000 -0.15350000 -0.96910000
vn -0.00000000 -1.00000000 -0.00000000
vn -0.19280000 -0.15350000 -0.96920000
vn -0.19280000 -0.69390000 -0.69380000
vn -0.19280000 -0.44550000 -0.87430000
vn 0.19280000 -0.44550000 -0.87430000
vn 0.19290000 -0.69390000 -0.69380000
vn 0.19260000 -0.44540000 -0.87440000
vn -0.19290000 -0.69390000 -0.69380000
vn 0.19280000 -0.87420000 -0.44560000
vn 0.19290000 -0.69390000 -0.69380000
vn -0.19280000 -0.87420000 -0.44560000
vn 0.19280000 -0.69390000 -0.69380000
vn -0.19280000 -0.69390000 -0.69380000
vn 0.19280000 -0.87420000 -0.44560000
vn -0.19280000 -0.96910000 -0.15360000
vn 0.19280000 -0.96910000 -0.15360000
vn -0.19280000 -0.96920000 -0.15360000
vn -0.19280000 -0.87420000 -0.44560000
vn 0.19280000 -0.87420000 -0.44560000
vn -0.19280000 -0.96920000 0.15350000
vn -0.55100000 -0.82420000 0.13060000
vn -0.55080000 -0.74360000 0.37900000
vn -0.19280000 -0.87420000 0.44560000
vn -0.55100000 -0.74360000 0.37880000
vn -0.19280000 -0.96920000 0.15360000
vn -0.19280000 -0.96910000 -0.15360000
vn 0.19280000 -0.96910000 -0.15350000
vn 0.19280000 -0.96910000 0.15360000
vn 0.19280000 -0.96910000 -0.15360000
vn -0.19280000 -0.96920000 0.15350000
vn -0.19280000 -0.96920000 0.15360000
vn -0.19280000 -0.87420000 0.44560000
vn 0.19280000 -0.96910000 0.15360000
vn 0.19280000 -0.96910000 0.15350000
vn 0.19280000 -0.87420000 0.44560000
vn -0.19280000 -0.96920000 0.15360000
vn -0.19280000 -0.87420000 0.44560000
vn -0.19280000 -0.69390000 0.69380000
vn -0.19280000 -0.87420000 0.44560000
vn -0.55080000 -0.74360000 0.37900000
vn -0.55070000 -0.59010000 0.59030000
vn -0.55090000 -0.59020000 0.59010000
vn 0.19280000 -0.69390000 0.69380000
vn 0.19280000 -0.87420000 0.44560000
vn 0.19280000 -0.87420000 0.44560000
vn -0.19290000 -0.69390000 0.69380000
vn -0.19280000 -0.87420000 0.44560000
vn -0.19280000 -0.69390000 0.69380000
vn -0.19280000 -0.69390000 0.69380000
vn -0.19280000 -0.44550000 0.87430000
vn -0.55090000 -0.37900000 0.74360000
vn -0.19290000 -0.69390000 0.69380000
vn -0.55090000 -0.59020000 0.59010000
vn 0.19290000 -0.44550000 0.87430000
vn -0.19290000 -0.69390000 0.69380000
vn 0.19280000 -0.69390000 0.69380000
vn -0.19280000 -0.44550000 0.87430000
vn 0.19290000 -0.69390000 0.69380000
vn 0.19280000 -0.44550000 0.87430000
vn -0.19280000 -0.15340000 0.96920000
vn 0.19280000 -0.15350000 0.96920000
vn 0.19290000 -0.44550000 0.87430000
vn -0.19280000 -0.44550000 0.87430000
vn -0.19290000 -0.15350000 0.96910000
vn 0.96600000 -0.00150000 -0.25850000
vn -0.00000000 -1.00000000 -0.00000000
vn 0.92390000 -0.00000000 -0.38270000
vn 0.70720000 -0.00000000 -0.70710000
vn -0.00000000 -1.00000000 -0.00000000
vn 0.25880000 -0.00000000 -0.96590000
vn -0.25890000 -0.00000000 -0.96590000
vn -0.00000000 -1.00000000 -0.00000000
vn -0.99150000 -0.00290000 -0.13040000
vn -0.96590000 -0.00000000 -0.25880000
vn -0.70720000 -0.00000000 -0.70710000
vn -0.92370000 -0.00000000 -0.38320000
vn -0.00000000 -1.00000000 -0.00000000
vn -0.00000000 -1.00000000 -0.00000000
vn -0.00000000 -1.00000000 -0.00000000
vn -0.00000000 -1.00000000 -0.00000000
vn 0.96600000 -0.00000000 0.25870000
vn 0.96600000 -0.00000000 -0.25870000
vn -0.96600000 -0.00150000 0.25870000
vn -0.00000000 -1.00000000 -0.00000000
vn -0.99150000 -0.00000000 0.13000000
vn -0.96590000 -0.00000000 -0.25900000
vn -0.00000000 -1.00000000 -0.00000000
vn -0.00000000 -1.00000000 -0.00000000
vn -0.96600000 -0.00150000 0.25870000
vn -0.92380000 -0.00000000 0.38300000
vn -0.70720000 -0.00000000 0.70700000
vn -0.00000000 -1.00000000 -0.00000000
vn -0.70720000 -0.00000000 0.70700000
vn -0.25880000 -0.00000000 0.96590000
vn -0.00000000 -1.00000000 -0.00000000
vn 0.96600000 -0.00000000 0.25870000
vn -0.00000000 -1.00000000 -0.00000000
vn 0.70710000 -0.00000000 0.70710000
vn -0.00000000 -1.00000000 -0.00000000
vn -0.00000000 -1.00000000 -0.00000000
vn -0.25880000 -0.00000000 -0.96590000
vn -0.70720000 -0.00000000 -0.70700000
vn -0.00000000 -1.00000000 -0.00000000
vn 0.96600000 -0.00000000 -0.25870000
vn -0.00000000 -1.00000000 -0.00000000
vn -0.00000000 -1.00000000 -0.00000000
vn 0.70710000 -0.00000000 -0.70710000
vn -0.00000000 0.96590000 0.25890000
vn -0.25880000 0.96590000 -0.00000000
vn -0.25880000 0.96590000 -0.00000000
vn -0.00000000 1.00000000 -0.00000000
vn -0.00000000 0.96590000 0.25890000
vn -0.00000000 0.96590000 0.25890000
vn -0.00000000 1.00000000 -0.00000000
vn 0.25880000 0.96590000 -0.00000000
vn -0.00000000 1.00000000 -0.00000000
vn -0.00000000 0.96590000 0.25880000
vn -0.00000000 0.96590000 0.25880000
vn -0.00000000 1.00000000 -0.00000000
vn -0.00000000 1.00000000 -0.00000000
vn -0.25880000 0.96590000 -0.00000000
vn 0.25880000 0.96590000 -0.00000000
vn -0.00000000 0.96590000 -0.25890000
vn -0.00000000 1.00000000 -0.00000000
vn -0.00000000 1.00000000 -0.00000000
vn 0.25880000 0.96590000 -0.00000000
vn -0.00000000 1.00000000 -0.00000000
vn -0.00000000 0.96590000 0.25880000
vn -0.00000000 1.00000000 -0.00000000
vn -0.25880000 0.96590000 -0.00000000
vn -0.25880000 0.96590000 -0.00000000
vn -0.00000000 0.70710000 0.70710000
vn -0.00000000 0.25900000 0.96590000
vn 0.13930000 0.70020000 0.70020000
vn 0.05160000 0.25870000 0.96460000
vn 0.13960000 0.70010000 0.70030000
vn 0.39640000 0.59370000 0.70030000
vn 0.14640000 0.21940000 0.96460000
vn 0.13960000 0.70010000 0.70030000
vn 0.05160000 0.25870000 0.96460000
vn 0.39630000 0.59380000 0.70020000
vn 0.18880000 0.94860000 0.25410000
vn 0.13930000 0.70020000 0.70020000
vn 0.53700000 0.80440000 0.25410000
vn 0.13960000 0.70010000 0.70030000
vn 0.39640000 0.59370000 0.70030000
vn 0.53720000 0.80420000 0.25430000
vn 0.13930000 0.70020000 0.70020000
vn -0.00000000 0.70710000 0.70710000
vn -0.00000000 0.96590000 0.25890000
vn 0.18880000 0.94860000 0.25410000
vn 0.18890000 0.94850000 0.25420000
vn -0.70720000 -0.00000000 0.70700000
vn -0.69480000 -0.18620000 0.69460000
vn -0.70720000 -0.00000000 0.70700000
vn -0.25810000 -0.06920000 0.96360000
vn -0.25910000 -0.00000000 0.96590000
vn 0.99200000 -0.12630000 -0.00000000
vn 0.96590000 -0.25890000 -0.00000000
vn 0.96590000 -0.00000000 0.25890000
vn 1.00000000 -0.00000000 -0.00000000
vn 0.93510000 -0.25060000 0.25060000
vn 0.92610000 -0.37720000 0.00280000
vn 1.00000000 -0.00000000 -0.00000000
vn 0.70010000 0.13930000 0.70030000
vn 0.96590000 -0.00000000 0.25890000
vn 0.96590000 -0.00000000 0.25890000
vn 0.70700000 -0.00000000 0.70720000
vn 0.70010000 0.13920000 0.70030000
vn 0.94860000 0.18870000 0.25420000
vn 0.96590000 -0.00000000 0.25890000
vn 0.93500000 -0.25070000 0.25070000
vn 0.93510000 -0.25060000 0.25060000
vn 0.70700000 -0.00000000 0.70720000
vn 0.69460000 -0.18630000 0.69490000
vn 0.25880000 0.05150000 0.96460000
vn 0.70700000 -0.00000000 0.70720000
vn 0.70700000 -0.00000000 0.70720000
vn 0.25880000 -0.00000000 0.96590000
vn 0.70010000 0.13920000 0.70030000
vn 0.25850000 -0.06930000 0.96350000
vn 0.25860000 -0.00000000 0.96600000
vn -0.00000000 -0.25910000 0.96590000
vn 0.06930000 -0.25850000 0.96350000
vn -0.00000000 -0.25910000 0.96590000
vn -0.00000000 -0.00000000 1.00000000
vn 0.18900000 -0.18900000 0.96360000
vn 0.49990000 0.49990000 0.70720000
vn 0.18300000 0.18300000 0.96590000
vn 0.59360000 0.39640000 0.70040000
vn 0.21940000 0.14650000 0.96460000
vn 0.18320000 0.18320000 0.96590000
vn 0.59350000 0.39660000 0.70030000
vn 0.39630000 0.59380000 0.70020000
vn 0.49990000 0.49990000 0.70720000
vn 0.50000000 0.50000000 0.70720000
vn 0.18320000 0.18320000 0.96590000
vn 0.14640000 0.21940000 0.96460000
vn 0.68300000 0.68300000 0.25880000
vn 0.80420000 0.53740000 0.25410000
vn 0.59350000 0.39660000 0.70030000
vn 0.80420000 0.53730000 0.25410000
vn 0.49990000 0.49990000 0.70720000
vn 0.50000000 0.50000000 0.70720000
vn 0.53720000 0.80420000 0.25430000
vn 0.39640000 0.59370000 0.70030000
vn 0.39630000 0.59380000 0.70020000
vn 0.50000000 0.50000000 0.70720000
vn 0.68300000 0.68300000 0.25880000
vn 0.83150000 0.55550000 -0.00000000
vn 0.68300000 0.68300000 0.25880000
vn 0.80420000 0.53730000 0.25410000
vn 0.70710000 0.70710000 -0.00000000
vn 0.70710000 0.70710000 -0.00000000
vn 0.68300000 0.68300000 0.25880000
vn -0.00000000 1.00000000 -0.00000000
vn 0.18880000 0.94860000 -0.25420000
vn 0.19530000 0.98070000 -0.00000000
vn -0.00000000 1.00000000 -0.00000000
vn -0.00000000 0.96590000 -0.25890000
vn 0.18890000 0.94860000 -0.25410000
vn 0.19530000 0.98070000 -0.00000000
vn 0.55530000 0.83170000 -0.00000000
vn 0.19530000 0.98070000 -0.00000000
vn 0.18890000 0.94850000 0.25420000
vn 0.18880000 0.94860000 0.25410000
vn 0.53700000 0.80440000 0.25410000
vn 0.55530000 0.83170000 -0.00000000
vn 0.53720000 0.80420000 0.25430000
vn 0.68300000 0.68300000 0.25880000
vn 0.70710000 0.70710000 -0.00000000
vn 0.55530000 0.83170000 -0.00000000
vn 0.53700000 0.80440000 0.25410000
vn -0.18920000 0.18910000 0.96350000
vn -0.25810000 0.06920000 0.96360000
vn -0.69470000 0.18620000 0.69480000
vn -0.50880000 0.50840000 0.69480000
vn -0.50850000 0.50850000 0.69490000
vn -0.25810000 0.06920000 0.96360000
vn -0.25900000 -0.00000000 0.96590000
vn -0.00000000 0.25900000 0.96590000
vn -0.06920000 0.25840000 0.96350000
vn -0.00000000 0.25900000 0.96590000
vn -0.18920000 0.18910000 0.96350000
vn -0.00000000 -0.00000000 1.00000000
vn -0.00000000 0.70710000 0.70710000
vn -0.00000000 0.70710000 0.70710000
vn -0.18610000 0.69470000 0.69480000
vn -0.00000000 0.25900000 0.96590000
vn -0.06920000 0.25840000 0.96350000
vn -0.18920000 0.18910000 0.96350000
vn -0.18610000 0.69470000 0.69480000
vn -0.18610000 0.69470000 0.69480000
vn -0.06920000 0.25840000 0.96350000
vn -0.50880000 0.50840000 0.69480000
vn -0.50880000 0.50840000 0.69480000
vn -0.18610000 0.69470000 0.69480000
vn -0.50850000 0.50850000 0.69490000
vn -0.25060000 0.93510000 0.25050000
vn -0.25040000 0.93510000 0.25060000
vn -0.68460000 0.68460000 0.25050000
vn -0.68470000 0.68450000 0.25040000
vn -0.50850000 0.50850000 0.69490000
vn -0.69470000 0.18620000 0.69480000
vn -0.69490000 0.18590000 0.69470000
vn -0.93520000 0.25050000 0.25050000
vn -0.68460000 0.68460000 0.25050000
vn -0.69490000 0.18590000 0.69470000
vn -0.25900000 -0.00000000 0.96590000
vn -0.70720000 -0.00000000 0.70700000
vn -0.69470000 0.18620000 0.69480000
vn -0.25810000 0.06920000 0.96360000
vn -0.25910000 -0.00000000 0.96590000
vn -0.18610000 0.69470000 0.69480000
vn -0.00000000 0.70710000 0.70710000
vn -0.00000000 0.96590000 0.25890000
vn -0.25040000 0.93510000 0.25060000
vn -0.00000000 0.96590000 0.25890000
vn -0.00000000 1.00000000 -0.00000000
vn -0.00000000 1.00000000 -0.00000000
vn -0.25040000 0.93510000 0.25060000
vn -0.25880000 0.96590000 -0.00000000
vn -0.25060000 0.93510000 0.25050000
vn -0.00000000 0.96590000 0.25890000
vn -0.70720000 -0.00000000 0.70700000
vn -0.93500000 0.25070000 0.25080000
vn -0.96590000 -0.00000000 0.25910000
vn -0.69490000 0.18590000 0.69470000
vn -0.93520000 0.25050000 0.25050000
vn -0.50860000 -0.50850000 0.69480000
vn -0.50850000 -0.50860000 0.69480000
vn -0.93510000 -0.25050000 0.25060000
vn -0.93510000 -0.25080000 0.25040000
vn -0.68450000 -0.68460000 0.25050000
vn -0.69470000 -0.18620000 0.69480000
vn -0.50860000 -0.50850000 0.69480000
vn -0.69480000 -0.18620000 0.69460000
vn -0.25810000 -0.06920000 0.96360000
vn -0.18900000 -0.18900000 0.96360000
vn -0.69470000 -0.18620000 0.69480000
vn -0.96590000 -0.00000000 0.25910000
vn -0.93510000 -0.25050000 0.25060000
vn -0.69480000 -0.18620000 0.69460000
vn -0.96590000 -0.00000000 0.25910000
vn -0.70720000 -0.00000000 0.70700000
vn -0.69470000 -0.18620000 0.69480000
vn -0.93510000 -0.25080000 0.25040000
vn -0.93510000 -0.25050000 0.25060000
vn -0.96590000 -0.25900000 -0.00000000
vn -0.96600000 -0.25870000 -0.00000000
vn -1.00000000 -0.00000000 -0.00000000
vn -0.96590000 -0.00000000 0.25910000
vn -0.93510000 -0.25080000 0.25040000
vn -0.68450000 -0.68460000 0.25050000
vn -0.96590000 -0.25900000 -0.00000000
vn -0.70710000 -0.70710000 -0.00000000
vn -0.68450000 -0.68450000 0.25060000
vn 0.18900000 -0.18900000 0.96360000
vn 0.25850000 -0.06930000 0.96350000
vn 0.69470000 -0.18620000 0.69480000
vn 0.50860000 -0.50860000 0.69480000
vn 0.50860000 -0.50860000 0.69480000
vn 0.18900000 -0.18900000 0.96360000
vn 0.18610000 -0.69470000 0.69480000
vn 0.50860000 -0.50860000 0.69480000
vn 0.06930000 -0.25850000 0.96350000
vn 0.18620000 -0.69470000 0.69480000
vn 0.25880000 -0.00000000 0.96590000
vn 0.69460000 -0.18630000 0.69490000
vn 0.25850000 -0.06930000 0.96350000
vn 0.69470000 -0.18620000 0.69480000
vn 0.25860000 -0.00000000 0.96600000
vn 0.70700000 -0.00000000 0.70720000
vn 0.69460000 -0.18630000 0.69490000
vn 0.69470000 -0.18620000 0.69480000
vn 0.68460000 -0.68460000 0.25050000
vn 0.93500000 -0.25070000 0.25070000
vn 0.50860000 -0.50860000 0.69480000
vn 0.68440000 -0.68460000 0.25070000
vn 0.68460000 -0.68460000 0.25050000
vn 0.18610000 -0.69470000 0.69480000
vn 0.50860000 -0.50860000 0.69480000
vn 0.25060000 -0.93510000 0.25050000
vn 0.25050000 -0.93510000 0.25060000
vn 0.80420000 0.53740000 0.25410000
vn 0.94860000 0.18870000 0.25420000
vn 0.59350000 0.39660000 0.70030000
vn 0.94860000 0.18880000 0.25410000
vn 0.70010000 0.13930000 0.70030000
vn 0.59360000 0.39640000 0.70040000
vn 0.59360000 0.39640000 0.70040000
vn 0.21940000 0.14650000 0.96460000
vn 0.25880000 0.05150000 0.96460000
vn 0.70010000 0.13920000 0.70030000
vn 0.70010000 0.13930000 0.70030000
vn 1.00000000 -0.00000000 -0.00000000
vn 0.98080000 0.19520000 -0.00000000
vn 0.96590000 -0.00000000 0.25890000
vn 0.98080000 0.19520000 -0.00000000
vn 1.00000000 -0.00000000 -0.00000000
vn 0.94860000 0.18870000 0.25420000
vn 0.94860000 0.18880000 0.25410000
vn 0.05160000 0.25870000 -0.96460000
vn 0.13960000 0.70020000 -0.70020000
vn 0.14640000 0.21940000 -0.96460000
vn 0.13930000 0.70010000 -0.70030000
vn 0.39630000 0.59380000 -0.70030000
vn 0.13930000 0.70010000 -0.70030000
vn 0.13960000 0.70020000 -0.70020000
vn -0.00000000 0.96590000 -0.25890000
vn -0.00000000 0.70710000 -0.70710000
vn -0.00000000 0.96590000 -0.25890000
vn 0.18880000 0.94860000 -0.25420000
vn 0.39640000 0.59370000 -0.70020000
vn 0.18320000 0.18320000 -0.96590000
vn 0.50000000 0.50000000 -0.70710000
vn 0.14640000 0.21940000 -0.96460000
vn 0.39630000 0.59380000 -0.70030000
vn 0.18320000 0.18320000 -0.96580000
vn 0.39640000 0.59370000 -0.70020000
vn 0.39630000 0.59380000 -0.70030000
vn 0.18890000 0.94860000 -0.25410000
vn 0.13930000 0.70010000 -0.70030000
vn 0.18880000 0.94860000 -0.25420000
vn 0.53700000 0.80440000 -0.25410000
vn 0.55530000 0.83170000 -0.00000000
vn 0.53710000 0.80440000 -0.25410000
vn 0.19530000 0.98070000 -0.00000000
vn 0.18890000 0.94860000 -0.25410000
vn 0.53700000 0.80440000 -0.25410000
vn 0.68300000 0.68300000 -0.25880000
vn 0.49990000 0.49990000 -0.70720000
vn 0.53700000 0.80440000 -0.25410000
vn 0.39640000 0.59370000 -0.70020000
vn 0.53710000 0.80440000 -0.25410000
vn 0.50000000 0.50000000 -0.70710000
vn -0.25880000 0.96590000 -0.00000000
vn -0.68470000 0.68440000 -0.25050000
vn -0.25050000 0.93520000 -0.25050000
vn -0.25880000 0.96590000 -0.00000000
vn -0.25060000 0.93510000 -0.25060000
vn -0.70720000 0.70700000 -0.00000000
vn -0.70720000 0.70700000 -0.00000000
vn -0.25060000 0.93510000 0.25050000
vn -0.25880000 0.96590000 -0.00000000
vn -0.68460000 0.68460000 0.25050000
vn -0.68470000 0.68450000 0.25040000
vn -0.70720000 0.70700000 -0.00000000
vn -0.93500000 0.25070000 0.25080000
vn -0.96590000 0.25900000 -0.00000000
vn -0.93520000 0.25050000 0.25050000
vn -0.68470000 0.68450000 0.25040000
vn -0.96590000 -0.00000000 -0.25910000
vn -0.69500000 -0.18600000 -0.69450000
vn -0.70730000 -0.00000000 -0.70690000
vn -0.93520000 -0.25030000 -0.25030000
vn -0.93510000 -0.25060000 -0.25060000
vn -0.25840000 -0.06930000 -0.96360000
vn -0.69480000 -0.18620000 -0.69470000
vn -0.69500000 -0.18600000 -0.69450000
vn -0.70730000 -0.00000000 -0.70690000
vn -0.25870000 -0.00000000 -0.96600000
vn -0.70710000 -0.70710000 -0.00000000
vn -0.96600000 -0.25870000 -0.00000000
vn -0.93510000 -0.25060000 -0.25060000
vn -0.68470000 -0.68440000 -0.25050000
vn -0.68450000 -0.68450000 -0.25080000
vn -0.93520000 -0.25030000 -0.25030000
vn -0.96590000 -0.25900000 -0.00000000
vn -0.48300000 -0.83650000 0.25880000
vn -0.48300000 -0.83650000 0.25880000
vn -0.50000000 -0.86600000 -0.00000000
vn -0.68450000 -0.68450000 0.25060000
vn -0.70710000 -0.70710000 -0.00000000
vn -0.50850000 -0.50860000 0.69480000
vn -0.35360000 -0.61240000 0.70710000
vn -0.12960000 -0.22440000 0.96580000
vn -0.18900000 -0.18900000 0.96360000
vn -0.12950000 -0.22440000 0.96590000
vn -0.50860000 -0.50850000 0.69480000
vn -0.68450000 -0.68460000 0.25050000
vn -0.48300000 -0.83650000 0.25880000
vn -0.68450000 -0.68450000 0.25060000
vn -0.35350000 -0.61220000 0.70730000
vn -0.50850000 -0.50860000 0.69480000
vn -0.35360000 -0.61240000 0.70710000
vn -0.06930000 -0.25850000 0.96350000
vn -0.35360000 -0.61240000 0.70710000
vn -0.12960000 -0.22440000 0.96580000
vn -0.35350000 -0.61220000 0.70730000
vn -0.18620000 -0.69460000 0.69490000
vn -0.00000000 -0.96590000 0.25890000
vn -0.25870000 -0.96590000 -0.00000000
vn -0.25050000 -0.93510000 0.25060000
vn -0.00000000 -1.00000000 -0.00000000
vn 0.25050000 -0.93510000 0.25060000
vn 0.18620000 -0.69470000 0.69480000
vn 0.18610000 -0.69470000 0.69480000
vn -0.00000000 -0.96590000 0.25890000
vn -0.00000000 -0.70710000 0.70710000
vn -0.00000000 -0.96590000 0.25890000
vn -0.00000000 -0.70710000 0.70710000
vn -0.00000000 -0.25910000 0.96590000
vn 0.18620000 -0.69470000 0.69480000
vn -0.00000000 -0.70710000 0.70710000
vn 0.06930000 -0.25850000 0.96350000
vn 0.83150000 0.55560000 -0.00000000
vn 0.83150000 0.55550000 -0.00000000
vn 0.94860000 0.18880000 0.25410000
vn 0.80420000 0.53740000 0.25410000
vn 0.98080000 0.19520000 -0.00000000
vn 0.80420000 0.53730000 0.25410000
vn 0.18320000 0.18320000 -0.96580000
vn 0.21940000 0.14650000 -0.96460000
vn 0.50000000 0.50000000 -0.70710000
vn 0.49990000 0.49990000 -0.70720000
vn 0.59360000 0.39650000 -0.70030000
vn 0.05160000 0.25870000 -0.96460000
vn -0.00000000 0.25900000 -0.96590000
vn -0.00000000 -0.00000000 -1.00000000
vn -0.00000000 0.25900000 -0.96590000
vn -0.00000000 -0.00000000 -1.00000000
vn 0.18320000 0.18320000 -0.96590000
vn 0.14640000 0.21940000 -0.96460000
vn -0.00000000 0.70710000 -0.70710000
vn 0.13960000 0.70020000 -0.70020000
vn 0.05160000 0.25870000 -0.96460000
vn -0.00000000 0.70710000 -0.70710000
vn -0.00000000 0.25900000 -0.96590000
vn -0.18610000 0.69470000 -0.69480000
vn -0.00000000 0.70710000 -0.70710000
vn -0.18610000 0.69480000 -0.69480000
vn -0.06920000 0.25840000 -0.96350000
vn -0.00000000 0.25900000 -0.96590000
vn -0.50870000 0.50870000 -0.69460000
vn -0.50870000 0.50840000 -0.69480000
vn -0.93510000 0.25060000 -0.25050000
vn -0.68460000 0.68460000 -0.25040000
vn -0.69470000 0.18630000 -0.69470000
vn -0.93510000 0.25080000 -0.25030000
vn -0.96590000 0.25900000 -0.00000000
vn -0.70720000 0.70700000 -0.00000000
vn -0.93510000 0.25080000 -0.25030000
vn -0.68460000 0.68460000 -0.25040000
vn -0.68470000 0.68440000 -0.25050000
vn -0.70720000 0.70700000 -0.00000000
vn -0.70730000 -0.00000000 -0.70690000
vn -0.69470000 0.18630000 -0.69470000
vn -0.96590000 -0.00000000 -0.25910000
vn -0.69500000 0.18630000 -0.69450000
vn -0.96590000 -0.00000000 -0.25910000
vn -0.93510000 0.25060000 -0.25050000
vn -0.25050000 0.93520000 -0.25050000
vn -0.18610000 0.69490000 -0.69460000
vn -0.68470000 0.68440000 -0.25050000
vn -0.68460000 0.68460000 -0.25040000
vn -0.18610000 0.69480000 -0.69470000
vn -0.50870000 0.50870000 -0.69460000
vn -0.18610000 0.69480000 -0.69470000
vn -0.50870000 0.50840000 -0.69480000
vn -0.06920000 0.25840000 -0.96360000
vn -0.50870000 0.50870000 -0.69460000
vn -0.18920000 0.18910000 -0.96360000
vn -0.70730000 -0.00000000 -0.70690000
vn -0.25870000 -0.00000000 -0.96600000
vn -0.70730000 -0.00000000 -0.70690000
vn -0.69500000 0.18630000 -0.69450000
vn -0.25840000 0.06930000 -0.96360000
vn -0.25840000 0.06930000 -0.96360000
vn -0.18920000 0.18910000 -0.96360000
vn -0.69500000 0.18630000 -0.69450000
vn -0.50870000 0.50840000 -0.69480000
vn -0.69470000 0.18630000 -0.69470000
vn -0.18890000 -0.18960000 -0.96350000
vn -0.50840000 -0.50900000 -0.69460000
vn -0.18870000 -0.18860000 -0.96380000
vn -0.50890000 -0.50890000 -0.69430000
vn -0.25840000 -0.06930000 -0.96360000
vn -0.69480000 -0.18620000 -0.69470000
vn -0.35350000 -0.61230000 -0.70720000
vn -0.50860000 -0.50870000 -0.69460000
vn -0.50840000 -0.50900000 -0.69460000
vn -0.35340000 -0.61220000 -0.70730000
vn -0.35370000 -0.61270000 -0.70680000
vn -0.50890000 -0.50890000 -0.69430000
vn -0.93520000 -0.25030000 -0.25030000
vn -0.69480000 -0.18620000 -0.69470000
vn -0.50840000 -0.50900000 -0.69460000
vn -0.50860000 -0.50870000 -0.69460000
vn -0.68460000 -0.68460000 -0.25030000
vn -0.69500000 -0.18600000 -0.69450000
vn -0.68470000 -0.68440000 -0.25050000
vn -0.35360000 -0.61250000 -0.70700000
vn -0.48300000 -0.83650000 -0.25880000
vn -0.35350000 -0.61230000 -0.70720000
vn -0.50860000 -0.50870000 -0.69460000
vn -0.68460000 -0.68460000 -0.25030000
vn -0.12920000 -0.22380000 -0.96600000
vn -0.12960000 -0.22450000 -0.96580000
vn -0.18890000 -0.18960000 -0.96350000
vn -0.18870000 -0.18860000 -0.96380000
vn -0.35370000 -0.61270000 -0.70680000
vn -0.12920000 -0.22380000 -0.96600000
vn -0.12920000 -0.22390000 -0.96600000
vn -0.50890000 -0.50890000 -0.69430000
vn -0.18870000 -0.18860000 -0.96380000
vn -0.25840000 -0.06930000 -0.96360000
vn -0.18890000 -0.18960000 -0.96350000
vn -0.25870000 -0.00000000 -0.96600000
vn -0.12960000 -0.22450000 -0.96580000
vn -0.00000000 -0.00000000 -1.00000000
vn -0.18600000 -0.69480000 0.69480000
vn -0.00000000 -0.25910000 0.96590000
vn -0.06930000 -0.25850000 0.96350000
vn -0.18620000 -0.69460000 0.69490000
vn -0.00000000 -0.70710000 0.70710000
vn -0.18600000 -0.69480000 0.69480000
vn -0.48300000 -0.83650000 0.25880000
vn -0.35350000 -0.61220000 0.70730000
vn -0.18620000 -0.69460000 0.69490000
vn -0.25040000 -0.93520000 0.25050000
vn -0.25050000 -0.93510000 0.25060000
vn -0.00000000 -0.70710000 0.70710000
vn -0.18600000 -0.69480000 0.69480000
vn -0.25040000 -0.93520000 0.25050000
vn -0.00000000 -0.96590000 0.25890000
vn 0.68300000 0.68300000 -0.25880000
vn 0.59350000 0.39660000 -0.70040000
vn 0.59360000 0.39650000 -0.70030000
vn 0.68300000 0.68300000 -0.25880000
vn 0.49990000 0.49990000 -0.70720000
vn 0.80420000 0.53740000 -0.25420000
vn 0.68300000 0.68300000 -0.25880000
vn 0.83150000 0.55550000 -0.00000000
vn 0.70710000 0.70710000 -0.00000000
vn 0.80420000 0.53740000 -0.25420000
vn 0.83150000 0.55560000 -0.00000000
vn 0.80420000 0.53730000 -0.25410000
vn 0.18320000 0.18320000 -0.96590000
vn 0.18320000 0.18320000 -0.96580000
vn -0.00000000 -0.00000000 -1.00000000
vn 0.21940000 0.14650000 -0.96460000
vn 0.25860000 -0.00000000 -0.96600000
vn 0.25880000 0.05150000 -0.96460000
vn 0.25880000 0.05150000 -0.96460000
vn 0.59360000 0.39650000 -0.70030000
vn 0.70010000 0.13920000 -0.70030000
vn 0.21940000 0.14650000 -0.96460000
vn 0.59350000 0.39660000 -0.70040000
vn 0.94860000 0.18870000 -0.25410000
vn 0.70010000 0.13920000 -0.70030000
vn 0.80420000 0.53740000 -0.25420000
vn 0.80420000 0.53730000 -0.25410000
vn 0.59350000 0.39660000 -0.70040000
vn 0.70010000 0.13930000 -0.70030000
vn 0.25880000 0.05150000 -0.96460000
vn 0.70010000 0.13920000 -0.70030000
vn 0.70010000 0.13930000 -0.70030000
vn 0.70700000 -0.00000000 -0.70720000
vn 0.25880000 -0.00000000 -0.96590000
vn 0.25860000 -0.00000000 -0.96600000
vn 0.98080000 0.19520000 -0.00000000
vn 0.80420000 0.53730000 -0.25410000
vn 0.83150000 0.55560000 -0.00000000
vn 0.94850000 0.18880000 -0.25420000
vn 0.94860000 0.18870000 -0.25410000
vn 0.70700000 -0.00000000 -0.70720000
vn 0.94860000 0.18870000 -0.25410000
vn 0.96590000 -0.00000000 -0.25890000
vn 0.70010000 0.13930000 -0.70030000
vn 0.94850000 0.18880000 -0.25420000
vn 1.00000000 -0.00000000 -0.00000000
vn 0.96590000 -0.00000000 -0.25890000
vn 0.94850000 0.18880000 -0.25420000
vn 1.00000000 -0.00000000 -0.00000000
vn 0.98080000 0.19520000 -0.00000000
vn -0.25910000 -0.00000000 -0.96590000
vn -0.18920000 0.18910000 -0.96350000
vn -0.25840000 0.06930000 -0.96350000
vn -0.06920000 0.25840000 -0.96350000
vn -0.00000000 -0.00000000 -1.00000000
vn -0.00000000 0.25900000 -0.96590000
vn -0.25900000 -0.00000000 -0.96590000
vn -0.25840000 0.06930000 -0.96350000
vn -0.69480000 0.18620000 -0.69460000
vn -0.18920000 0.18910000 -0.96350000
vn -0.69480000 0.18590000 -0.69480000
vn -0.50870000 0.50830000 -0.69490000
vn -0.25050000 0.93520000 -0.25050000
vn -0.25060000 0.93510000 -0.25060000
vn -0.25880000 0.96590000 -0.00000000
vn -0.68470000 0.68440000 -0.25050000
vn -0.70720000 0.70700000 -0.00000000
vn -0.25880000 0.96590000 -0.00000000
vn -0.25050000 0.93520000 -0.25050000
vn -0.50860000 0.50860000 -0.69480000
vn -0.68460000 0.68460000 -0.25040000
vn -0.68470000 0.68440000 -0.25050000
vn -0.18610000 0.69480000 -0.69480000
vn -0.18610000 0.69470000 -0.69480000
vn -0.68460000 0.68460000 -0.25040000
vn -0.68470000 0.68440000 -0.25050000
vn -0.96590000 0.25900000 -0.00000000
vn -0.70720000 0.70700000 -0.00000000
vn -0.93510000 0.25080000 -0.25030000
vn -0.70720000 0.70700000 -0.00000000
vn -1.00000000 -0.00000000 -0.00000000
vn -0.96590000 0.25900000 -0.00000000
vn -0.96590000 -0.00000000 -0.25910000
vn -0.96590000 0.25900000 -0.00000000
vn -0.93510000 0.25080000 -0.25030000
vn -0.93510000 0.25050000 -0.25050000
vn -0.50870000 0.50830000 -0.69490000
vn -0.93510000 0.25080000 -0.25030000
vn -0.68460000 0.68460000 -0.25040000
vn -0.93510000 0.25050000 -0.25050000
vn -0.69480000 0.18590000 -0.69480000
vn -0.50860000 0.50860000 -0.69480000
vn -0.96590000 -0.00000000 -0.25910000
vn -0.93510000 0.25050000 -0.25050000
vn -0.70720000 -0.00000000 -0.70700000
vn -0.69480000 0.18590000 -0.69480000
vn -0.69480000 0.18620000 -0.69460000
vn -0.96590000 -0.00000000 -0.25910000
vn -0.18610000 0.69480000 -0.69480000
vn -0.00000000 0.96590000 -0.25890000
vn -0.00000000 0.70710000 -0.70710000
vn -0.25050000 0.93520000 -0.25050000
vn -0.25060000 0.93510000 -0.25060000
vn -0.50860000 0.50860000 -0.69480000
vn -0.18610000 0.69470000 -0.69480000
vn -0.50870000 0.50830000 -0.69490000
vn -0.18920000 0.18910000 -0.96350000
vn -0.06920000 0.25840000 -0.96350000
vn -0.25870000 -0.00000000 -0.96600000
vn -0.06920000 0.25840000 -0.96360000
vn -0.25840000 0.06930000 -0.96360000
vn -0.25870000 -0.00000000 -0.96600000
vn -0.00000000 0.25900000 -0.96590000
vn -0.18920000 0.18910000 -0.96360000
vn -0.00000000 -0.00000000 -1.00000000
vn -0.00000000 0.70720000 -0.70700000
vn -0.00000000 0.25900000 -0.96590000
vn -0.18610000 0.69480000 -0.69470000
vn -0.00000000 0.25900000 -0.96590000
vn -0.06920000 0.25840000 -0.96360000
vn -0.18610000 0.69490000 -0.69460000
vn -0.25060000 0.93510000 -0.25060000
vn -0.00000000 0.70720000 -0.70700000
vn -0.00000000 0.96590000 -0.25890000
vn -0.25050000 0.93520000 -0.25050000
vn -0.00000000 0.70720000 -0.70700000
vn -0.18610000 0.69490000 -0.69460000
vn -0.00000000 0.96590000 -0.25890000
vn -0.06930000 0.96360000 -0.25820000
vn -0.18600000 0.69490000 -0.69460000
vn -0.00000000 0.70720000 -0.70700000
vn -0.18630000 0.69460000 -0.69480000
vn -0.25870000 -0.96590000 -0.00000000
vn -0.25050000 -0.93510000 -0.25060000
vn -0.50000000 -0.86600000 -0.00000000
vn -0.48290000 -0.83650000 -0.25900000
vn -0.48300000 -0.83650000 -0.25870000
vn -0.48290000 -0.83650000 -0.25900000
vn -0.50000000 -0.86600000 -0.00000000
vn -0.50000000 -0.86600000 -0.00000000
vn -0.70710000 -0.70710000 -0.00000000
vn -0.70710000 -0.70710000 -0.00000000
vn -0.68450000 -0.68450000 -0.25080000
vn -0.48300000 -0.83650000 -0.25870000
vn -0.68470000 -0.68440000 -0.25050000
vn -0.48300000 -0.83660000 -0.25850000
vn -0.48290000 -0.83650000 -0.25900000
vn -0.68460000 -0.68460000 -0.25030000
vn -0.48300000 -0.83650000 -0.25880000
vn -0.68450000 -0.68450000 -0.25080000
vn -0.12920000 -0.22390000 -0.96600000
vn -0.12960000 -0.22450000 -0.96580000
vn -0.12960000 -0.22450000 -0.96580000
vn -0.06910000 -0.25780000 -0.96370000
vn -0.06950000 -0.25820000 -0.96360000
vn -0.12920000 -0.22380000 -0.96600000
vn -0.35340000 -0.61220000 -0.70730000
vn -0.35370000 -0.61270000 -0.70680000
vn -0.12920000 -0.22390000 -0.96600000
vn -0.18620000 -0.69470000 -0.69480000
vn -0.06910000 -0.25780000 -0.96370000
vn -0.48300000 -0.83650000 -0.25870000
vn -0.25050000 -0.93510000 -0.25060000
vn -0.25040000 -0.93530000 -0.25020000
vn -0.48300000 -0.83660000 -0.25850000
vn 0.69460000 -0.18620000 -0.69490000
vn 0.25850000 -0.06930000 -0.96350000
vn 0.70700000 -0.00000000 -0.70720000
vn 0.70700000 -0.00000000 -0.70720000
vn 0.25880000 -0.00000000 -0.96590000
vn 0.25860000 -0.00000000 -0.96600000
vn -0.00000000 -0.00000000 -1.00000000
vn 0.25850000 -0.06930000 -0.96350000
vn 0.25880000 -0.00000000 -0.96590000
vn -0.00000000 -0.25910000 -0.96590000
vn 0.06930000 -0.25850000 -0.96350000
vn -0.00000000 -0.00000000 -1.00000000
vn 0.18900000 -0.18900000 -0.96360000
vn -0.25840000 0.06930000 -0.96350000
vn -0.25910000 -0.00000000 -0.96590000
vn -0.69480000 0.18620000 -0.69460000
vn -0.70720000 -0.00000000 -0.70700000
vn -0.70720000 -0.00000000 -0.70700000
vn -0.12950000 -0.22440000 -0.96590000
vn -0.00000000 -0.00000000 -1.00000000
vn -0.12950000 -0.22440000 -0.96590000
vn -0.18900000 -0.18900000 -0.96360000
vn -0.25810000 -0.06920000 -0.96360000
vn -0.25900000 -0.00000000 -0.96590000
vn -0.25880000 0.96590000 -0.00000000
vn -0.00000000 0.96590000 0.25890000
vn -0.25050000 0.93510000 0.25060000
vn -0.25060000 0.93510000 0.25050000
vn -0.00000000 1.00000000 -0.00000000
vn -0.00000000 1.00000000 -0.00000000
vn -0.25830000 0.96360000 -0.06920000
vn -0.70720000 0.70700000 -0.00000000
vn -0.69490000 0.69460000 -0.18620000
vn -0.70720000 0.70700000 -0.00000000
vn -0.25880000 0.96590000 -0.00000000
vn -0.25820000 0.96360000 -0.06920000
vn -0.25820000 0.96360000 -0.06920000
vn -0.25830000 0.96360000 -0.06920000
vn -0.18910000 0.96360000 -0.18900000
vn -0.00000000 1.00000000 -0.00000000
vn -0.00000000 1.00000000 -0.00000000
vn -0.25830000 0.96360000 -0.06920000
vn -0.69470000 0.69480000 -0.18630000
vn -0.69490000 0.69460000 -0.18620000
vn -0.18900000 0.96360000 -0.18900000
vn -0.18910000 0.96360000 -0.18900000
vn -0.50860000 0.69470000 -0.50860000
vn -0.18630000 0.69460000 -0.69480000
vn -0.50860000 0.69470000 -0.50860000
vn -0.06930000 0.96360000 -0.25820000
vn -0.50840000 0.69490000 -0.50850000
vn -0.18900000 0.96360000 -0.18900000
vn -0.06920000 0.96360000 -0.25820000
vn -0.69470000 0.69480000 -0.18630000
vn -0.68470000 0.25050000 -0.68450000
vn -0.93520000 0.25040000 -0.25060000
vn -0.50860000 0.69470000 -0.50860000
vn -0.50840000 0.69490000 -0.50850000
vn -0.93520000 0.25030000 -0.25040000
vn -0.25040000 0.25070000 -0.93510000
vn -0.50840000 0.69490000 -0.50850000
vn -0.68470000 0.25050000 -0.68450000
vn -0.18630000 0.69460000 -0.69480000
vn -0.18600000 0.69490000 -0.69460000
vn -0.68440000 0.25080000 -0.68460000
vn -0.18600000 0.69490000 -0.69460000
vn -0.00000000 0.25900000 -0.96590000
vn -0.25040000 0.25070000 -0.93510000
vn -0.00000000 0.70720000 -0.70700000
vn -0.25040000 0.25080000 -0.93510000
vn -0.68440000 0.25080000 -0.68460000
vn -0.25870000 -0.00000000 -0.96600000
vn -0.25040000 0.25070000 -0.93510000
vn -0.25040000 0.25080000 -0.93510000
vn -0.70700000 -0.00000000 -0.70720000
vn -0.18600000 -0.69490000 -0.69470000
vn -0.25040000 -0.93530000 -0.25020000
vn -0.25050000 -0.93510000 -0.25060000
vn -0.00000000 -0.70720000 -0.70700000
vn -0.00000000 -0.96590000 -0.25890000
vn -0.18610000 -0.69490000 -0.69460000
vn -0.35360000 -0.61250000 -0.70700000
vn -0.18610000 -0.69490000 -0.69460000
vn -0.25040000 -0.93530000 -0.25020000
vn -0.48300000 -0.83650000 -0.25880000
vn -0.48300000 -0.83660000 -0.25850000
vn -0.35340000 -0.61220000 -0.70730000
vn -0.35360000 -0.61250000 -0.70700000
vn -0.18620000 -0.69470000 -0.69480000
vn -0.18610000 -0.69490000 -0.69460000
vn -0.18600000 -0.69490000 -0.69470000
vn -0.35350000 -0.61230000 -0.70720000
vn 0.06930000 -0.25850000 -0.96350000
vn 0.18900000 -0.18900000 -0.96360000
vn 0.50860000 -0.50860000 -0.69480000
vn 0.18620000 -0.69470000 -0.69480000
vn 0.68440000 -0.68470000 -0.25060000
vn 0.68450000 -0.68450000 -0.25070000
vn 0.18620000 -0.69470000 -0.69480000
vn 0.25050000 -0.93510000 -0.25050000
vn 0.50860000 -0.50860000 -0.69480000
vn 0.18610000 -0.69470000 -0.69480000
vn -0.00000000 -0.25910000 -0.96590000
vn 0.18620000 -0.69470000 -0.69480000
vn -0.00000000 -0.70710000 -0.70710000
vn 0.06930000 -0.25850000 -0.96350000
vn 0.18610000 -0.69470000 -0.69480000
vn 0.68450000 -0.68450000 -0.25070000
vn 0.69460000 -0.18630000 -0.69480000
vn 0.93510000 -0.25070000 -0.25060000
vn 0.50860000 -0.50860000 -0.69480000
vn 0.50860000 -0.50860000 -0.69480000
vn 0.93510000 -0.25060000 -0.25070000
vn 0.50860000 -0.50860000 -0.69480000
vn 0.69460000 -0.18620000 -0.69490000
vn 0.25850000 -0.06930000 -0.96350000
vn 0.18900000 -0.18900000 -0.96360000
vn 0.69460000 -0.18630000 -0.69480000
vn 0.96590000 -0.00000000 -0.25890000
vn 0.93510000 -0.25070000 -0.25060000
vn 0.69460000 -0.18630000 -0.69480000
vn 0.69460000 -0.18620000 -0.69490000
vn 0.96590000 -0.00000000 -0.25890000
vn 0.70700000 -0.00000000 -0.70720000
vn -0.35350000 -0.61240000 -0.70710000
vn -0.50850000 -0.50860000 -0.69480000
vn -0.48300000 -0.83650000 -0.25880000
vn -0.50860000 -0.50860000 -0.69480000
vn -0.48300000 -0.83650000 -0.25880000
vn -0.68450000 -0.68460000 -0.25060000
vn -0.25900000 -0.00000000 -0.96590000
vn -0.69490000 -0.18590000 -0.69470000
vn -0.69470000 -0.18620000 -0.69480000
vn -0.25810000 -0.06920000 -0.96360000
vn -0.25910000 -0.00000000 -0.96590000
vn -0.70720000 -0.00000000 -0.70700000
vn -0.50850000 -0.50860000 -0.69480000
vn -0.50860000 -0.50860000 -0.69480000
vn -0.69470000 -0.18620000 -0.69480000
vn -0.18900000 -0.18900000 -0.96360000
vn -0.25810000 -0.06920000 -0.96360000
vn -0.69490000 -0.18590000 -0.69470000
vn -0.68460000 -0.68450000 -0.25050000
vn -0.68450000 -0.68460000 -0.25060000
vn -0.69470000 -0.18620000 -0.69480000
vn -0.50850000 -0.50860000 -0.69480000
vn -0.93520000 -0.25030000 -0.25030000
vn -0.69490000 -0.18590000 -0.69470000
vn -0.93510000 -0.25060000 -0.25050000
vn -0.93520000 -0.25030000 -0.25030000
vn -0.70720000 -0.00000000 -0.70700000
vn -0.96590000 -0.00000000 -0.25910000
vn -1.00000000 -0.00000000 -0.00000000
vn -0.96590000 -0.00000000 -0.25910000
vn -0.93510000 -0.25060000 -0.25050000
vn -0.96590000 -0.25900000 -0.00000000
vn -0.18920000 0.18910000 0.96360000
vn -0.50860000 0.50860000 0.69470000
vn -0.50890000 0.50850000 0.69460000
vn -0.25840000 0.06930000 0.96360000
vn -0.69480000 0.18620000 0.69470000
vn -0.50890000 0.50850000 0.69460000
vn -0.18610000 0.69480000 0.69470000
vn -0.18610000 0.69490000 0.69460000
vn -0.06920000 0.25840000 0.96360000
vn -0.18920000 0.18910000 0.96360000
vn -0.68460000 0.68460000 0.25050000
vn -0.50890000 0.50850000 0.69460000
vn -0.18610000 0.69480000 0.69470000
vn -0.50860000 0.50860000 0.69470000
vn -0.25050000 0.93510000 0.25060000
vn -0.25060000 0.93510000 0.25050000
vn -0.25060000 0.93510000 0.25050000
vn -0.68470000 0.68450000 0.25040000
vn -0.25880000 0.96590000 -0.00000000
vn -0.70720000 0.70700000 -0.00000000
vn -0.68460000 0.68460000 0.25050000
vn -0.93520000 0.25040000 0.25050000
vn -0.69500000 0.18590000 0.69450000
vn -0.68470000 0.68450000 0.25040000
vn -0.69480000 0.18620000 0.69470000
vn -0.50860000 0.50860000 0.69470000
vn -0.68460000 0.68460000 0.25050000
vn -0.68470000 0.68450000 0.25040000
vn -0.96590000 0.25900000 -0.00000000
vn -0.93520000 0.25040000 0.25050000
vn -0.93500000 0.25070000 0.25080000
vn -0.70720000 0.70700000 -0.00000000
vn -0.00000000 -0.00000000 1.00000000
vn -0.25900000 -0.00000000 0.96590000
vn -0.18920000 0.18910000 0.96360000
vn -0.25840000 0.06930000 0.96360000
vn -0.00000000 0.25900000 0.96590000
vn -0.06920000 0.25840000 0.96360000
vn -0.25870000 -0.00000000 0.96600000
vn -0.25870000 -0.00000000 0.96600000
vn -0.25040000 0.25080000 0.93510000
vn -0.00000000 0.25900000 0.96590000
vn -0.00000000 -0.00000000 1.00000000
vn -0.25090000 0.25060000 0.93500000
vn -0.00000000 -0.00000000 1.00000000
vn -0.18630000 0.69480000 0.69460000
vn -0.00000000 0.70720000 0.70700000
vn -0.18610000 0.69460000 0.69490000
vn -0.00000000 0.25900000 0.96590000
vn -0.00000000 0.25900000 0.96590000
vn -0.25040000 0.25080000 0.93510000
vn -0.18610000 0.69490000 0.69460000
vn -0.06920000 0.25840000 0.96360000
vn -0.00000000 0.70720000 0.70700000
vn -0.00000000 0.25900000 0.96590000
vn -0.00000000 0.70720000 0.70700000
vn -0.18610000 0.69490000 0.69460000
vn -0.25050000 0.93510000 0.25060000
vn -0.00000000 0.96590000 0.25890000
vn -0.18610000 0.69480000 0.69470000
vn -0.96590000 0.25900000 -0.00000000
vn -0.69470000 0.69480000 -0.18630000
vn -0.70720000 0.70700000 -0.00000000
vn -0.69490000 0.69460000 -0.18620000
vn -0.93520000 0.25040000 -0.25060000
vn -0.96590000 0.25900000 -0.00000000
vn -0.70720000 0.70700000 -0.00000000
vn -0.93510000 0.25060000 0.25050000
vn -0.93510000 0.25080000 0.25040000
vn -0.69480000 0.69460000 0.18640000
vn -0.96590000 0.25900000 -0.00000000
vn -0.00000000 1.00000000 -0.00000000
vn -0.25820000 0.96360000 -0.06920000
vn -0.25880000 0.96590000 -0.00000000
vn -0.25880000 0.96590000 -0.00000000
vn -0.00000000 1.00000000 -0.00000000
vn -1.00000000 -0.00000000 -0.00000000
vn -0.96590000 0.25900000 -0.00000000
vn -0.93520000 0.25030000 -0.25040000
vn -0.96590000 -0.00000000 -0.25900000
vn -0.93520000 0.25040000 -0.25060000
vn -0.68440000 0.25080000 -0.68460000
vn -0.68470000 0.25050000 -0.68450000
vn -0.96590000 -0.00000000 -0.25900000
vn -0.93520000 0.25030000 -0.25040000
vn -0.70700000 -0.00000000 -0.70720000
vn -0.68440000 -0.25050000 -0.68470000
vn -0.70700000 -0.00000000 -0.70720000
vn -0.70700000 -0.00000000 -0.70720000
vn -0.25870000 -0.00000000 -0.96600000
vn -0.68460000 -0.25090000 -0.68440000
vn -0.25080000 -0.25070000 -0.93500000
vn -0.25080000 -0.25070000 -0.93500000
vn -0.00000000 -0.00000000 -1.00000000
vn -0.00000000 -0.25880000 -0.96590000
vn -0.25870000 -0.00000000 -0.96600000
vn -0.25870000 -0.00000000 -0.96600000
vn -0.25040000 -0.25080000 -0.93510000
vn -0.00000000 0.25900000 -0.96590000
vn -0.00000000 -0.00000000 -1.00000000
vn -0.25040000 0.25080000 -0.93510000
vn -0.00000000 -0.00000000 -1.00000000
vn -0.25870000 -0.00000000 -0.96600000
vn -0.18630000 -0.69480000 -0.69460000
vn -0.00000000 -0.25910000 -0.96590000
vn -0.00000000 -0.25880000 -0.96590000
vn -0.25040000 -0.25080000 -0.93510000
vn -0.00000000 -0.70720000 -0.70700000
vn -0.18610000 -0.69460000 -0.69490000
vn -0.18600000 -0.69490000 -0.69470000
vn -0.06910000 -0.25780000 -0.96370000
vn -0.00000000 -0.25910000 -0.96590000
vn -0.00000000 -0.70720000 -0.70700000
vn -0.18620000 -0.69470000 -0.69480000
vn -0.06950000 -0.25820000 -0.96360000
vn 0.25050000 -0.93510000 -0.25050000
vn -0.00000000 -0.96590000 -0.25890000
vn 0.25060000 -0.93510000 -0.25060000
vn 0.18610000 -0.69470000 -0.69480000
vn -0.00000000 -0.70710000 -0.70710000
vn -0.00000000 -0.70710000 -0.70710000
vn -0.06930000 -0.25850000 -0.96350000
vn -0.00000000 -0.25910000 -0.96590000
vn -0.00000000 -0.70710000 -0.70710000
vn -0.18620000 -0.69470000 -0.69470000
vn -0.12950000 -0.22440000 -0.96590000
vn -0.50860000 -0.50860000 -0.69480000
vn -0.18900000 -0.18900000 -0.96360000
vn -0.35350000 -0.61240000 -0.70710000
vn -0.35350000 -0.61220000 -0.70730000
vn -0.96590000 -0.25900000 -0.00000000
vn -0.93510000 -0.25060000 -0.25050000
vn -0.68460000 -0.68450000 -0.25050000
vn -0.96590000 -0.25900000 -0.00000000
vn -0.70710000 -0.70710000 -0.00000000
vn -0.93520000 -0.25030000 -0.25030000
vn -0.93500000 0.25070000 0.25080000
vn -0.96590000 -0.00000000 0.25910000
vn -1.00000000 -0.00000000 -0.00000000
vn -0.96590000 0.25900000 -0.00000000
vn -0.96590000 -0.00000000 0.25910000
vn -0.96590000 -0.00000000 0.25910000
vn -0.93510000 -0.25020000 0.25090000
vn -0.70730000 -0.00000000 0.70690000
vn -0.69500000 -0.18630000 0.69450000
vn -0.69490000 -0.18590000 0.69460000
vn -0.70730000 -0.00000000 0.70690000
vn -0.93500000 0.25070000 0.25080000
vn -0.93520000 0.25040000 0.25050000
vn -0.69500000 0.18590000 0.69450000
vn -0.96590000 -0.00000000 0.25910000
vn -0.25840000 0.06930000 0.96360000
vn -0.69480000 0.18620000 0.69470000
vn -0.69500000 0.18590000 0.69450000
vn -0.70730000 -0.00000000 0.70690000
vn -0.25900000 -0.00000000 0.96590000
vn -0.00000000 1.00000000 -0.00000000
vn -0.00000000 0.96590000 0.25890000
vn -0.00000000 0.96590000 0.25890000
vn -0.00000000 1.00000000 -0.00000000
vn -0.06920000 0.96360000 0.25820000
vn -0.06920000 0.96360000 0.25820000
vn -0.18630000 0.69480000 0.69460000
vn -0.00000000 0.70720000 0.70700000
vn -0.00000000 0.96590000 0.25890000
vn -0.00000000 0.70720000 0.70700000
vn -0.69470000 0.69480000 0.18620000
vn -0.18910000 0.96360000 0.18910000
vn -0.50870000 0.69470000 0.50850000
vn -0.50850000 0.69480000 0.50850000
vn -0.25820000 0.96360000 0.06920000
vn -0.18910000 0.96360000 0.18910000
vn -0.18630000 0.69480000 0.69460000
vn -0.50850000 0.69480000 0.50850000
vn -0.18610000 0.69460000 0.69490000
vn -0.06920000 0.96360000 0.25820000
vn -0.18900000 0.96360000 0.18900000
vn -0.25820000 0.96360000 0.06920000
vn -0.70720000 0.70700000 -0.00000000
vn -0.69470000 0.69480000 0.18620000
vn -0.69480000 0.69460000 0.18640000
vn -0.25880000 0.96590000 -0.00000000
vn -0.69470000 0.69480000 0.18620000
vn -0.68440000 0.25050000 0.68470000
vn -0.93510000 0.25060000 0.25050000
vn -0.68450000 0.25060000 0.68460000
vn -0.69480000 0.69460000 0.18640000
vn -0.50870000 0.69470000 0.50850000
vn -0.50850000 0.69480000 0.50850000
vn -0.25040000 0.25080000 0.93510000
vn -0.25090000 0.25060000 0.93500000
vn -0.18610000 0.69460000 0.69490000
vn -0.68450000 0.25060000 0.68460000
vn -0.50870000 0.69470000 0.50850000
vn -0.96590000 -0.00000000 -0.25900000
vn -0.93510000 -0.25080000 -0.25040000
vn -0.93510000 -0.25060000 -0.25060000
vn -0.68440000 -0.25050000 -0.68470000
vn -0.96590000 -0.00000000 -0.25900000
vn -0.70700000 -0.00000000 -0.70720000
vn -0.68460000 -0.25090000 -0.68440000
vn -0.25040000 -0.25080000 -0.93510000
vn -0.25080000 -0.25070000 -0.93500000
vn -0.50870000 -0.69470000 -0.50850000
vn -0.18610000 -0.69460000 -0.69490000
vn -0.50870000 -0.69460000 -0.50870000
vn -0.93510000 -0.25060000 -0.25060000
vn -0.50870000 -0.69470000 -0.50850000
vn -0.69480000 -0.69460000 -0.18640000
vn -0.69470000 -0.69480000 -0.18620000
vn -0.68460000 -0.25090000 -0.68440000
vn -0.68440000 -0.25050000 -0.68470000
vn -0.69470000 -0.69480000 -0.18620000
vn -0.25820000 -0.96360000 -0.06920000
vn -0.18910000 -0.96360000 -0.18910000
vn -0.50870000 -0.69460000 -0.50870000
vn -0.50870000 -0.69470000 -0.50850000
vn -0.25820000 -0.96360000 -0.06920000
vn -0.00000000 -0.70720000 -0.70700000
vn -0.18630000 -0.69480000 -0.69460000
vn -0.00000000 -0.96590000 -0.25890000
vn -0.06920000 -0.96360000 -0.25820000
vn -0.00000000 -0.70720000 -0.70700000
vn -0.06920000 -0.96360000 -0.25820000
vn -0.18610000 -0.69460000 -0.69490000
vn -0.06920000 -0.96360000 -0.25820000
vn -0.18900000 -0.96360000 -0.18900000
vn -0.18910000 -0.96360000 -0.18910000
vn -0.50870000 -0.69460000 -0.50870000
vn -0.18630000 -0.69480000 -0.69460000
vn -0.18600000 -0.69470000 -0.69490000
vn -0.12950000 -0.22440000 -0.96590000
vn -0.06930000 -0.25850000 -0.96350000
vn -0.18620000 -0.69470000 -0.69470000
vn -0.35350000 -0.61220000 -0.70730000
vn -0.00000000 -0.70710000 -0.70710000
vn -0.25040000 -0.93510000 -0.25060000
vn -0.00000000 -0.96590000 -0.25890000
vn -0.18600000 -0.69470000 -0.69490000
vn -0.18620000 -0.69470000 -0.69470000
vn -0.00000000 -0.96590000 -0.25890000
vn -0.35350000 -0.61240000 -0.70710000
vn -0.25050000 -0.93510000 -0.25050000
vn -0.25040000 -0.93510000 -0.25060000
vn -0.48300000 -0.83650000 -0.25880000
vn -0.18600000 -0.69470000 -0.69490000
vn -0.35350000 -0.61220000 -0.70730000
vn -0.25840000 -0.06930000 0.96360000
vn -0.18920000 -0.18920000 0.96350000
vn -0.50870000 -0.50870000 0.69460000
vn -0.69500000 -0.18630000 0.69450000
vn -0.69490000 -0.18590000 0.69460000
vn -0.68450000 -0.68460000 0.25050000
vn -0.50860000 -0.50870000 0.69460000
vn -0.48300000 -0.83650000 0.25880000
vn -0.35350000 -0.61230000 0.70710000
vn -0.35360000 -0.61250000 0.70700000
vn -0.68450000 -0.68450000 0.25060000
vn -0.69500000 -0.18630000 0.69450000
vn -0.70730000 -0.00000000 0.70690000
vn -0.70730000 -0.00000000 0.70690000
vn -0.25900000 -0.00000000 0.96590000
vn -0.25840000 -0.06930000 0.96360000
vn -0.93510000 -0.25080000 0.25040000
vn -0.69490000 -0.18590000 0.69460000
vn -0.93510000 -0.25020000 0.25090000
vn -0.68450000 -0.68460000 0.25050000
vn -0.50870000 -0.50870000 0.69460000
vn -0.50860000 -0.50870000 0.69460000
vn -0.70710000 -0.70710000 -0.00000000
vn -0.96590000 -0.25900000 -0.00000000
vn -0.68450000 -0.68460000 0.25050000
vn -0.93510000 -0.25080000 0.25040000
vn -0.68450000 -0.68450000 0.25060000
vn -0.96590000 -0.00000000 0.25900000
vn -0.70700000 -0.00000000 0.70720000
vn -0.68470000 -0.25050000 0.68440000
vn -0.68440000 -0.25090000 0.68460000
vn -0.93520000 -0.25030000 0.25040000
vn -0.68440000 0.25050000 0.68470000
vn -0.96590000 -0.00000000 0.25900000
vn -0.93510000 0.25060000 0.25050000
vn -0.96590000 -0.00000000 0.25900000
vn -0.70700000 -0.00000000 0.70720000
vn -0.93510000 0.25080000 0.25040000
vn -0.68440000 0.25050000 0.68470000
vn -0.25870000 -0.00000000 0.96600000
vn -0.25090000 0.25060000 0.93500000
vn -0.68450000 0.25060000 0.68460000
vn -0.70700000 -0.00000000 0.70720000
vn -0.70700000 -0.00000000 0.70720000
vn -0.68440000 -0.25090000 0.68460000
vn -0.25040000 -0.25080000 0.93510000
vn -0.70700000 -0.00000000 0.70720000
vn -0.25870000 -0.00000000 0.96600000
vn -0.25060000 -0.25060000 0.93510000
vn -0.00000000 -0.00000000 1.00000000
vn -0.25870000 -0.00000000 0.96600000
vn -0.25060000 -0.25060000 0.93510000
vn -0.00000000 -0.25880000 0.96590000
vn -0.25820000 -0.96360000 -0.06920000
vn -0.00000000 -1.00000000 -0.00000000
vn -0.00000000 -1.00000000 -0.00000000
vn -0.25880000 -0.96590000 -0.00000000
vn -0.00000000 -1.00000000 -0.00000000
vn -0.25880000 -0.96590000 -0.00000000
vn -0.70720000 -0.70700000 -0.00000000
vn -0.25880000 -0.96590000 -0.00000000
vn -0.69470000 -0.69480000 -0.18620000
vn -0.69480000 -0.69460000 -0.18640000
vn -0.25820000 -0.96360000 -0.06920000
vn -0.25820000 -0.96360000 0.06920000
vn -0.70720000 -0.70700000 -0.00000000
vn -0.25880000 -0.96590000 -0.00000000
vn -0.69490000 -0.69460000 0.18620000
vn -0.25820000 -0.96360000 0.06920000
vn -0.96590000 -0.25910000 -0.00000000
vn -0.93510000 -0.25060000 -0.25060000
vn -0.70720000 -0.70700000 -0.00000000
vn -0.69480000 -0.69460000 -0.18640000
vn -0.93510000 -0.25080000 -0.25040000
vn -0.70720000 -0.70700000 -0.00000000
vn -1.00000000 -0.00000000 -0.00000000
vn -0.96590000 -0.25910000 -0.00000000
vn -0.96590000 -0.00000000 -0.25900000
vn -0.93510000 -0.25080000 -0.25040000
vn -0.96590000 -0.25910000 -0.00000000
vn -0.00000000 -0.96590000 -0.25890000
vn -0.00000000 -1.00000000 -0.00000000
vn -0.25870000 -0.96590000 -0.00000000
vn -0.25870000 -0.96590000 -0.00000000
vn -0.25050000 -0.93510000 -0.25050000
vn -0.25040000 -0.93510000 -0.25060000
vn -0.50860000 -0.50870000 0.69460000
vn -0.50870000 -0.50870000 0.69460000
vn -0.35360000 -0.61250000 0.70700000
vn -0.18920000 -0.18920000 0.96350000
vn -0.12950000 -0.22440000 0.96590000
vn -0.12950000 -0.22440000 0.96590000
vn -0.12950000 -0.22440000 0.96590000
vn -0.18620000 -0.69470000 0.69480000
vn -0.35350000 -0.61230000 0.70710000
vn -0.35360000 -0.61250000 0.70700000
vn -0.06930000 -0.25850000 0.96350000
vn -0.25040000 -0.25080000 0.93510000
vn -0.18610000 -0.69490000 0.69460000
vn -0.18600000 -0.69490000 0.69470000
vn -0.68470000 -0.25050000 0.68440000
vn -0.68440000 -0.25090000 0.68460000
vn -0.50840000 -0.69490000 0.50850000
vn -0.50840000 -0.69490000 0.50850000
vn -0.68470000 -0.25050000 0.68440000
vn -0.69470000 -0.69480000 0.18630000
vn -0.93500000 -0.25080000 0.25080000
vn -0.50860000 -0.69470000 0.50860000
vn -0.93520000 -0.25030000 0.25040000
vn -1.00000000 -0.00000000 -0.00000000
vn -0.93500000 -0.25080000 0.25080000
vn -0.93520000 -0.25030000 0.25040000
vn -1.00000000 -0.00000000 -0.00000000
vn -0.96590000 -0.25910000 -0.00000000
vn -0.96590000 -0.00000000 0.25900000
vn -0.50860000 -0.69470000 0.50860000
vn -0.06930000 -0.96360000 0.25820000
vn -0.18610000 -0.69490000 0.69460000
vn -0.50840000 -0.69490000 0.50850000
vn -0.18900000 -0.96360000 0.18900000
vn -0.06920000 -0.96360000 0.25820000
vn -0.69470000 -0.69480000 0.18630000
vn -0.69490000 -0.69460000 0.18620000
vn -0.93500000 -0.25080000 0.25080000
vn -0.70720000 -0.70700000 -0.00000000
vn -0.96590000 -0.25910000 -0.00000000
vn -0.00000000 -0.96590000 0.25890000
vn -0.06930000 -0.96360000 0.25820000
vn -0.00000000 -1.00000000 -0.00000000
vn -0.06920000 -0.96360000 0.25820000
vn -0.00000000 -1.00000000 -0.00000000
vn -0.50860000 -0.69470000 0.50860000
vn -0.18900000 -0.96360000 0.18900000
vn -0.69490000 -0.69460000 0.18620000
vn -0.69470000 -0.69480000 0.18630000
vn -0.25820000 -0.96360000 0.06920000
vn -0.18910000 -0.96360000 0.18900000
vn -0.00000000 -1.00000000 -0.00000000
vn -0.25820000 -0.96360000 0.06920000
vn -0.00000000 -1.00000000 -0.00000000
vn -0.25880000 -0.96590000 -0.00000000
vn -0.00000000 -1.00000000 -0.00000000
vn -0.00000000 -0.00000000 1.00000000
vn -0.06930000 -0.25850000 0.96350000
vn -0.00000000 -0.25880000 0.96590000
vn -0.00000000 -0.00000000 1.00000000
vn -0.12950000 -0.22440000 0.96590000
vn -0.35350000 -0.61230000 0.70710000
vn -0.48300000 -0.83650000 0.25880000
vn -0.18620000 -0.69470000 0.69480000
vn -0.25040000 -0.93520000 0.25050000
vn -0.18600000 -0.69490000 0.69470000
vn -0.00000000 -0.70720000 0.70700000
vn -0.00000000 -0.25880000 0.96590000
vn -0.18620000 -0.69470000 0.69480000
vn -0.06930000 -0.25850000 0.96350000
vn -0.18600000 -0.69490000 0.69470000
vn -0.00000000 -0.25880000 0.96590000
vn -0.25040000 -0.93520000 0.25050000
vn -0.25050000 -0.93510000 0.25060000
vn -0.00000000 -0.70720000 0.70700000
vn -0.18600000 -0.69490000 0.69470000
vn -0.00000000 -0.96590000 0.25890000
vn -0.00000000 -0.70720000 0.70700000
vn -0.18600000 -0.69490000 0.69470000
vn -0.00000000 -0.70720000 0.70700000
vn -0.25060000 -0.25060000 0.93510000
vn -0.00000000 -0.25880000 0.96590000
vn -0.25040000 -0.25080000 0.93510000
vn -0.18600000 -0.69490000 0.69470000
vn -0.06930000 -0.96360000 0.25820000
vn -0.18610000 -0.69490000 0.69460000
vn -0.00000000 -0.70720000 0.70700000
vn -0.00000000 -0.96590000 0.25890000
vn -0.25050000 -0.93510000 0.25060000
vn -0.00000000 -0.96590000 0.25890000
vn -0.00000000 -0.96590000 0.25890000
vn -0.00000000 -1.00000000 -0.00000000
vn -0.25870000 -0.96590000 -0.00000000
vn -0.00000000 0.13060000 -0.99140000
vn -0.00000000 0.38280000 -0.92390000
vn -0.92400000 0.38230000 -0.00000000
vn -0.99140000 0.13100000 -0.00000000
vn -0.92400000 0.38230000 -0.00000000
vn -0.00000000 0.13050000 -0.99140000
vn -0.25880000 0.96590000 -0.00000000
vn -0.70700000 0.70720000 -0.00000000
vn -0.00000000 0.70720000 -0.70700000
vn -0.70700000 0.70720000 -0.00000000
vn -0.00000000 0.96590000 -0.25880000
vn -0.25880000 0.96590000 -0.00000000
vn -0.00000000 1.00000000 -0.00000000
vn -0.00000000 0.96590000 -0.25880000
vn -0.00000000 0.96590000 -0.25880000
vn -0.00000000 0.70720000 -0.70700000
vn -0.70720000 0.70700000 -0.00000000
vn -0.25880000 0.96590000 -0.00000000
vn -0.00000000 0.70720000 -0.70700000
vn -0.00000000 0.96590000 -0.25880000
vn -0.99140000 0.13050000 -0.00000000
vn -0.99140000 0.13060000 -0.00000000
vn -0.00000000 0.13060000 -0.99140000
vn -0.00000000 0.13060000 -0.99140000
vn -0.00000000 0.13050000 -0.99140000
vn -0.99130000 0.13150000 -0.00000000
vn -0.99140000 0.13060000 -0.00000000
vn 0.00100000 0.38300000 0.92370000
vn -0.00100000 0.13060000 0.99140000
vn -0.00000000 0.13010000 0.99150000
vn -0.00000000 0.13060000 0.99140000
vn -0.99130000 0.13140000 -0.00000000
vn -0.99130000 0.13150000 -0.00000000
vn -0.99130000 0.13150000 -0.00000000
vn -0.92400000 0.38230000 -0.00000000
vn -0.00000000 0.38280000 -0.92390000
vn -0.99130000 0.13140000 -0.00000000
vn -0.00000000 0.38230000 -0.92400000
vn -0.00000000 0.13060000 -0.99140000
vn -0.00000000 0.70720000 -0.70700000
vn -0.92400000 0.38230000 -0.00000000
vn -0.70720000 0.70700000 -0.00000000
vn -0.00000000 0.38230000 -0.92400000
vn -0.92400000 0.38230000 -0.00000000
vn -0.00000000 0.13050000 0.99140000
vn -0.00000000 0.13060000 0.99140000
vn -0.99140000 0.13100000 -0.00000000
vn -0.99150000 0.13000000 -0.00000000
vn -0.00000000 0.13060000 0.99140000
vn -0.00000000 0.13060000 0.99140000
vn -0.92400000 0.38230000 -0.00000000
vn -0.99140000 0.13100000 -0.00000000
vn -0.00000000 0.38230000 0.92400000
vn -0.99140000 0.13100000 -0.00000000
vn -0.00000000 0.38280000 0.92390000
vn -0.99160000 0.12970000 -0.00000000
vn -0.00000000 0.13060000 -0.99140000
vn -0.00000000 0.13050000 -0.99140000
vn -0.99150000 0.13000000 -0.00000000
vn -0.99140000 0.13100000 -0.00000000
vn -0.70700000 0.70720000 -0.00000000
vn -0.00000000 0.70720000 -0.70700000
vn -0.00000000 0.38280000 -0.92390000
vn -0.92400000 0.38230000 -0.00000000
vn -0.00000000 0.38230000 -0.92400000
vn -0.92400000 0.38230000 -0.00000000
vn -0.00000000 0.70720000 0.70700000
vn -0.70700000 0.70720000 -0.00000000
vn -0.00000000 0.38230000 0.92400000
vn -0.00000000 0.96590000 -0.25880000
vn -0.25880000 0.96590000 -0.00000000
vn -0.25880000 0.96590000 -0.00000000
vn -0.00000000 1.00000000 -0.00000000
vn -0.00000000 1.00000000 -0.00000000
vn -0.00000000 0.38270000 -0.92390000
vn -0.00000000 0.13060000 -0.99140000
vn -0.00000000 0.38270000 -0.92390000
vn -0.99160000 0.12970000 -0.00000000
vn -0.92370000 0.38310000 -0.00000000
vn -0.70700000 0.70720000 -0.00000000
vn -0.00000000 0.38270000 -0.92390000
vn -0.92370000 0.38310000 -0.00000000
vn -0.00000000 0.70710000 -0.70710000
vn -0.00000000 0.70710000 -0.70710000
vn -0.00000000 0.38270000 -0.92390000
vn -0.92390000 0.38270000 -0.00000000
vn -0.70680000 0.70740000 -0.00000000
vn -0.99140000 0.13050000 -0.00000000
vn -0.92370000 0.38300000 -0.00000000
vn -0.00000000 0.38270000 0.92390000
vn -0.99140000 0.13060000 -0.00000000
vn -0.00100000 0.13060000 0.99140000
vn -0.00000000 0.13060000 -0.99140000
vn -0.92390000 0.38270000 -0.00000000
vn -0.92370000 0.38300000 -0.00000000
vn -0.99140000 0.13050000 -0.00000000
vn -0.00000000 0.13060000 -0.99140000
vn -0.00000000 0.38270000 -0.92390000
vn -0.70690000 0.70740000 -0.00000000
vn -0.92370000 0.38300000 -0.00000000
vn -0.92390000 0.38270000 -0.00000000
vn -0.00000000 0.70730000 0.70690000
vn -0.70680000 0.70740000 -0.00000000
vn -0.00000000 0.38270000 0.92390000
vn -0.25890000 0.96590000 -0.00000000
vn -0.00000000 0.96590000 -0.25890000
vn -0.00000000 0.70710000 -0.70710000
vn -0.70680000 0.70740000 -0.00000000
vn -0.70690000 0.70740000 -0.00000000
vn -0.00000000 0.70710000 0.70710000
vn -0.00000000 0.70710000 0.70710000
vn -0.00000000 0.96590000 0.25890000
vn 0.70720000 0.70700000 -0.00000000
vn 0.25880000 0.96590000 -0.00000000
vn -0.00000000 0.96590000 0.25890000
vn -0.25880000 0.96590000 -0.00000000
vn -0.70720000 0.70700000 -0.00000000
vn -0.70720000 0.70700000 -0.00000000
vn -0.00000000 0.70710000 0.70710000
vn -0.00000000 0.13010000 0.99150000
vn -0.00000000 0.13010000 0.99150000
vn -0.92400000 0.38230000 -0.00000000
vn -0.00000000 0.38310000 0.92370000
vn -0.99130000 0.13140000 -0.00000000
vn 0.99150000 0.13010000 -0.00000000
vn 0.99140000 0.13060000 -0.00000000
vn 0.99140000 0.13100000 -0.00000000
vn -0.00000000 0.13010000 0.99150000
vn -0.00000000 0.13060000 0.99140000
vn 0.92370000 0.38310000 -0.00000000
vn 0.99150000 0.13010000 -0.00000000
vn -0.00000000 0.13010000 0.99150000
vn -0.00000000 0.38310000 0.92370000
vn -0.00000000 0.38350000 0.92350000
vn -0.92400000 0.38230000 -0.00000000
vn -0.70720000 0.70700000 -0.00000000
vn -0.00000000 0.38350000 0.92350000
vn -0.00000000 0.70710000 0.70710000
vn -0.00000000 0.38310000 0.92370000
vn -0.00000000 0.38350000 0.92350000
vn 0.70720000 0.70700000 -0.00000000
vn 0.92370000 0.38310000 -0.00000000
vn -0.00000000 0.70710000 0.70710000
vn -0.99140000 0.13070000 -0.00000000
vn -0.00000000 0.13060000 0.99140000
vn -0.99140000 0.13100000 -0.00000000
vn -0.99130000 0.13140000 -0.00000000
vn -0.00000000 0.13050000 0.99140000
vn -0.00000000 0.70720000 0.70700000
vn -0.70700000 0.70720000 -0.00000000
vn -0.00000000 0.70720000 0.70700000
vn -0.25880000 0.96590000 -0.00000000
vn -0.00000000 0.96590000 0.25880000
vn -0.70700000 0.70720000 -0.00000000
vn -0.00000000 0.96590000 -0.25890000
vn -0.25890000 0.96590000 -0.00000000
vn -0.00000000 0.70710000 -0.70710000
vn -0.00000000 0.70710000 -0.70710000
vn -0.70700000 0.70720000 -0.00000000
vn -0.70700000 0.70720000 -0.00000000
vn -0.00000000 0.96590000 0.25890000
vn -0.25890000 0.96590000 -0.00000000
vn -0.00000000 0.70710000 0.70710000
vn -0.00000000 1.00000000 -0.00000000
vn -0.00000000 1.00000000 -0.00000000
vn -0.00000000 0.96590000 -0.25890000
vn -0.25890000 0.96590000 -0.00000000
vn -0.00000000 0.96590000 -0.25890000
vn 0.00100000 0.38300000 0.92370000
vn -0.00000000 0.13060000 0.99140000
vn 0.99140000 0.13100000 -0.00000000
vn 0.92410000 0.38220000 -0.00000000
vn 0.92400000 0.38240000 -0.00000000
vn -0.00000000 0.70730000 0.70690000
vn 0.70710000 0.70710000 -0.00000000
vn -0.00100000 0.13060000 0.99140000
vn 0.00100000 0.38300000 0.92370000
vn -0.00000000 0.38270000 0.92390000
vn 0.92400000 0.38240000 -0.00000000
vn -0.00000000 0.70730000 0.70690000
vn -0.00000000 0.70730000 0.70690000
vn -0.70690000 0.70740000 -0.00000000
vn -0.25890000 0.96590000 -0.00000000
vn -0.00000000 0.96590000 0.25890000
vn -0.00000000 0.70730000 0.70690000
vn 0.70710000 0.70710000 -0.00000000
vn 0.70710000 0.70710000 -0.00000000
vn -0.00000000 0.96590000 0.25890000
vn 0.25880000 0.96590000 -0.00000000
vn -0.00000000 1.00000000 -0.00000000
vn -0.00000000 1.00000000 -0.00000000
vn -0.00000000 0.96590000 0.25890000
vn -0.00000000 0.96590000 0.25890000
vn -0.25890000 0.96590000 -0.00000000
vn 0.25880000 0.96590000 -0.00000000
vn -0.00000000 0.96590000 0.25890000
vn 0.25880000 0.96590000 -0.00000000
vn -0.00000000 1.00000000 -0.00000000
vn -0.00000000 1.00000000 -0.00000000
vn -0.00100000 0.38300000 -0.92370000
vn 0.00100000 0.13070000 -0.99140000
vn -0.00000000 0.13010000 -0.99150000
vn 0.99140000 0.13060000 -0.00000000
vn -0.00000000 0.13040000 -0.99150000
vn 0.99140000 0.13100000 -0.00000000
vn -0.00000000 0.38310000 -0.92370000
vn 0.70720000 0.70700000 -0.00000000
vn -0.00000000 0.70710000 -0.70710000
vn -0.00000000 0.38320000 -0.92370000
vn 0.92370000 0.38310000 -0.00000000
vn 0.92370000 0.38310000 -0.00000000
vn -0.00000000 0.70710000 -0.70710000
vn 0.70720000 0.70700000 -0.00000000
vn 0.25880000 0.96590000 -0.00000000
vn 0.70720000 0.70700000 -0.00000000
vn -0.00000000 0.96590000 -0.25890000
vn -0.92400000 0.38230000 -0.00000000
vn -0.92400000 0.38230000 -0.00000000
vn -0.00000000 0.38280000 0.92390000
vn -0.99130000 0.13140000 -0.00000000
vn -0.00000000 0.13060000 0.99140000
vn -0.00000000 0.13050000 0.99140000
vn -0.00000000 0.38230000 0.92400000
vn -0.70720000 0.70700000 -0.00000000
vn -0.92400000 0.38230000 -0.00000000
vn -0.00000000 0.70720000 0.70700000
vn -0.00000000 0.38280000 0.92390000
vn -0.70720000 0.70700000 -0.00000000
vn -0.00000000 0.70710000 -0.70710000
vn -0.92400000 0.38230000 -0.00000000
vn -0.00000000 0.38310000 -0.92370000
vn -0.70720000 0.70700000 -0.00000000
vn -0.70720000 0.70700000 -0.00000000
vn -0.25880000 0.96590000 -0.00000000
vn -0.00000000 0.96590000 0.25880000
vn -0.00000000 0.70720000 0.70700000
vn -0.00000000 0.96590000 -0.25890000
vn -0.70720000 0.70700000 -0.00000000
vn -0.25880000 0.96590000 -0.00000000
vn -0.00000000 0.70710000 -0.70710000
vn -0.00000000 0.70710000 -0.70710000
vn -0.99160000 0.12970000 -0.00000000
vn -0.00000000 0.38270000 0.92390000
vn -0.00000000 0.13060000 0.99140000
vn -0.00000000 0.13060000 0.99140000
vn -0.99150000 0.13000000 -0.00000000
vn -0.92370000 0.38310000 -0.00000000
vn -0.00000000 0.38270000 0.92390000
vn -0.00000000 0.38270000 0.92390000
vn -0.70700000 0.70720000 -0.00000000
vn -0.00000000 0.70710000 0.70710000
vn -0.92370000 0.38310000 -0.00000000
vn -0.92370000 0.38310000 -0.00000000
vn -0.00000000 0.70710000 -0.70710000
vn 0.25880000 0.96590000 -0.00000000
vn -0.00000000 0.70730000 -0.70690000
vn 0.70710000 0.70710000 -0.00000000
vn -0.00000000 0.96590000 -0.25890000
vn -0.25880000 0.96590000 -0.00000000
vn -0.00000000 0.96590000 -0.25890000
vn -0.00000000 0.96590000 -0.25890000
vn -0.00000000 1.00000000 -0.00000000
vn -0.00000000 0.13010000 -0.99150000
vn -0.00000000 0.38320000 -0.92370000
vn 0.99150000 0.13010000 -0.00000000
vn 0.99140000 0.13060000 -0.00000000
vn 0.92370000 0.38310000 -0.00000000
vn -0.00000000 0.13010000 -0.99150000
vn -0.92400000 0.38230000 -0.00000000
vn -0.99130000 0.13140000 -0.00000000
vn -0.00000000 0.13010000 -0.99150000
vn -0.00000000 0.38320000 -0.92370000
vn -0.00000000 0.38310000 -0.92370000
vn -0.99140000 0.13100000 -0.00000000
vn -0.99140000 0.13100000 -0.00000000
vn -0.99140000 0.13070000 -0.00000000
vn -0.99150000 0.13050000 -0.00000000
vn -0.00000000 0.13040000 -0.99150000
vn -0.00000000 0.13010000 -0.99150000
vn -0.92390000 0.38270000 -0.00000000
vn -0.99140000 0.13070000 -0.00000000
vn -0.99150000 0.13050000 -0.00000000
vn -0.00000000 0.38270000 0.92390000
vn -0.00000000 0.13060000 0.99140000
vn -0.92390000 0.38260000 -0.00000000
vn -0.00000000 0.38270000 0.92390000
vn -0.00000000 0.70710000 0.70710000
vn -0.92390000 0.38270000 -0.00000000
vn -0.70680000 0.70740000 -0.00000000
vn -0.70690000 0.70740000 -0.00000000
vn -0.70690000 0.70740000 -0.00000000
vn -0.25890000 0.96590000 -0.00000000
vn -0.00000000 0.70710000 0.70710000
vn -0.00000000 0.96590000 0.25890000
vn -0.00000000 0.70710000 0.70710000
vn -0.00000000 0.13040000 -0.99150000
vn -0.00100000 0.38300000 -0.92370000
vn -0.92390000 0.38260000 -0.00000000
vn -0.99150000 0.13050000 -0.00000000
vn -0.00000000 0.38270000 -0.92390000
vn 0.92410000 0.38220000 -0.00000000
vn 0.99140000 0.13100000 -0.00000000
vn 0.00100000 0.13070000 -0.99140000
vn 0.99140000 0.13100000 -0.00000000
vn -0.00000000 0.38270000 -0.92390000
vn 0.70710000 0.70710000 -0.00000000
vn 0.92400000 0.38240000 -0.00000000
vn -0.00000000 0.70710000 -0.70710000
vn 0.92410000 0.38220000 -0.00000000
vn -0.00000000 0.70710000 -0.70710000
vn 0.00100000 0.13070000 -0.99140000
vn -0.92390000 0.38260000 -0.00000000
vn -0.00000000 0.70730000 -0.70690000
vn -0.00000000 0.38270000 -0.92390000
vn -0.00100000 0.38300000 -0.92370000
vn -0.70680000 0.70740000 -0.00000000
vn -0.92390000 0.38270000 -0.00000000
vn -0.00000000 0.70730000 -0.70690000
vn -0.00000000 0.96590000 -0.25890000
vn -0.70690000 0.70740000 -0.00000000
vn -0.25890000 0.96590000 -0.00000000
vn -0.70680000 0.70740000 -0.00000000
vn -0.00000000 0.96590000 -0.25890000
vn -0.00000000 1.00000000 -0.00000000
vn -0.00000000 0.96590000 -0.25890000
vn -0.00000000 1.00000000 -0.00000000
vn 0.25880000 0.96590000 -0.00000000
vt 1.00000000 1.00000000
vt 0.00000000 0.00000000
vt 0.00000000 0.00000000
vt 1.00000000 0.00000000
vt 1.00000000 1.00000000
vt 1.00000000 1.00000000
vt 1.00000000 1.00000000
vt 0.00000000 0.00000000
vt 1.00000000 0.00000000
vt 1.00000000 1.00000000
vt 1.00000000 0.00000000
vt 0.00000000 0.00000000
vt 1.00000000 1.00000000
vt 1.00000000 1.00000000
vt 1.00000000 0.00000000
vt 0.00000000 0.00000000
vt 1.00000000 1.00000000
vt 1.00000000 1.00000000
vt 1.00000000 0.00000000
vt 1.00000000 0.00000000
vt 0.00000000 0.00000000
vt 1.00000000 1.00000000
vt 1.00000000 1.00000000
vt 1.00000000 0.00000000
vt 1.00000000 0.00000000
vt 1.00000000 0.00000000
vt 0.00000000 0.00000000
vt 1.00000000 1.00000000
vt 0.00000000 0.00000000
vt 1.00000000 0.00000000
vt 1.00000000 0.00000000
vt 1.00000000 1.00000000
vt 1.00000000 1.00000000
vt 0.00000000 0.00000000
vt 1.00000000 1.00000000
vt 0.00000000 0.00000000
vt 1.00000000 1.00000000
vt 1.00000000 1.00000000
vt 1.00000000 0.00000000
vt 1.00000000 1.00000000
vt 0.00000000 0.00000000
vt 1.00000000 1.00000000
vt 0.00000000 0.00000000
vt 0.00000000 0.00000000
vt 1.00000000 1.00000000
vt 0.00000000 0.00000000
vt 1.00000000 0.00000000
vt 1.00000000 1.00000000
vt 1.00000000 1.00000000
vt 1.00000000 1.00000000
vt 0.00000000 0.00000000
vt 1.00000000 1.00000000
vt 0.00000000 0.00000000
vt 1.00000000 0.00000000
vt 1.00000000 1.00000000
vt 0.00000000 0.00000000
vt 1.00000000 1.00000000
vt 1.00000000 0.00000000
vt 1.00000000 1.00000000
vt 1.00000000 1.00000000
vt 1.00000000 0.00000000
vt 0.00000000 0.00000000
vt 0.00000000 0.00000000
vt 1.00000000 1.00000000
vt 1.00000000 0.00000000
vt 1.00000000 0.00000000
vt 1.00000000 1.00000000
vt 0.00000000 0.00000000
vt 1.00000000 1.00000000
vt 0.00000000 0.00000000
vt 1.00000000 0.00000000
vt 1.00000000 1.00000000
vt 1.00000000 0.00000000
vt 0.00000000 0.00000000
vt 1.00000000 0.00000000
vt 0.00000000 0.00000000
vt 1.00000000 1.00000000
vt 0.00000000 0.00000000
vt 1.00000000 1.00000000
vt 1.00000000 0.00000000
vt 1.00000000 0.00000000
vt 1.00000000 0.00000000
vt 1.00000000 0.00000000
vt 0.00000000 0.00000000
vt 1.00000000 1.00000000
vt 1.00000000 1.00000000
vt 0.00000000 0.00000000
vt 1.00000000 1.00000000
vt 1.00000000 1.00000000
vt 1.00000000 0.00000000
vt 1.00000000 0.00000000
vt 1.00000000 0.00000000
vt 1.00000000 1.00000000
vt 0.00000000 0.00000000
vt 0.00000000 0.00000000
vt 1.00000000 0.00000000
vt 1.00000000 1.00000000
vt 0.00000000 0.00000000
vt 1.00000000 1.00000000
vt 1.00000000 0.00000000
vt 1.00000000 1.00000000
vt 0.00000000 0.00000000
vt 1.00000000 0.00000000
vt 1.00000000 1.00000000
vt 1.00000000 0.00000000
vt 1.00000000 0.00000000
vt 0.00000000 0.00000000
vt 1.00000000 1.00000000
vt 1.00000000 1.00000000
vt 1.00000000 1.00000000
vt 1.00000000 1.00000000
vt 0.00000000 0.00000000
vt 1.00000000 0.00000000
vt 1.00000000 0.00000000
vt 1.00000000 1.00000000
vt 0.00000000 0.00000000
vt 1.00000000 0.00000000
vt 1.00000000 1.00000000
vt 1.00000000 0.00000000
vt 0.00000000 0.00000000
vt 1.00000000 1.00000000
vt 1.00000000 0.00000000
vt 1.00000000 1.00000000
vt 1.00000000 1.00000000
vt 1.00000000 0.00000000
vt 1.00000000 1.00000000
vt 0.00000000 0.00000000
vt 1.00000000 0.00000000
vt 1.00000000 1.00000000
vt 0.00000000 0.00000000
vt 1.00000000 1.00000000
vt 1.00000000 0.00000000
vt 1.00000000 0.00000000
vt 0.00000000 0.00000000
vt 1.00000000 0.00000000
vt 1.00000000 0.00000000
vt 1.00000000 1.00000000
vt 1.00000000 1.00000000
vt 1.00000000 1.00000000
vt 1.00000000 1.00000000
vt 1.00000000 0.00000000
vt 0.00000000 0.00000000
vt 0.00000000 0.00000000
vt 1.00000000 1.00000000
vt 0.00000000 0.00000000
vt 1.00000000 0.00000000
vt 1.00000000 1.00000000
vt 1.00000000 0.00000000
vt 1.00000000 1.00000000
vt 1.00000000 0.00000000
vt 1.00000000 0.00000000
vt 1.00000000 1.00000000
vt 1.00000000 0.00000000
vt 1.00000000 1.00000000
vt 1.00000000 1.00000000
vt 1.00000000 0.00000000
vt 1.00000000 0.00000000
vt 1.00000000 0.00000000
vt 0.00000000 0.00000000
vt 1.00000000 1.00000000
vt 1.00000000 1.00000000
vt 1.00000000 1.00000000
vt 1.00000000 0.00000000
vt 1.00000000 0.00000000
vt 1.00000000 1.00000000
vt 1.00000000 0.00000000
vt 1.00000000 1.00000000
vt 0.00000000 0.00000000
vt 1.00000000 0.00000000
vt 1.00000000 1.00000000
vt 1.00000000 0.00000000
vt 1.00000000 0.00000000
vt 1.00000000 1.00000000
vt 1.00000000 1.00000000
vt 1.00000000 0.00000000
vt 1.00000000 1.00000000
vt 0.00000000 0.00000000
vt 1.00000000 0.00000000
vt 1.00000000 1.00000000
vt 1.00000000 0.00000000
vt 1.00000000 0.00000000
vt 1.00000000 0.00000000
vt 1.00000000 1.00000000
vt 1.00000000 1.00000000
vt 0.00000000 0.00000000
vt 1.00000000 1.00000000
vt 0.00000000 0.00000000
vt 1.00000000 0.00000000
vt 0.00000000 0.00000000
vt 1.00000000 0.00000000
vt 1.00000000 1.00000000
vt 1.00000000 0.00000000
vt 1.00000000 0.00000000
vt 1.00000000 0.00000000
vt 1.00000000 1.00000000
vt 1.00000000 1.00000000
vt 1.00000000 0.00000000
vt 1.00000000 1.00000000
vt 1.00000000 0.00000000
vt 1.00000000 0.00000000
vt 1.00000000 1.00000000
vt 0.00000000 0.00000000
vt 1.00000000 0.00000000
vt 0.00000000 0.00000000
vt 1.00000000 1.00000000
vt 1.00000000 1.00000000
vt 0.00000000 0.00000000
vt 1.00000000 1.00000000
vt 0.00000000 0.00000000
vt 0.00000000 0.00000000
vt 0.00000000 0.00000000
vt 1.00000000 1.00000000
vt 1.00000000 1.00000000
vt 0.00000000 0.00000000
vt 0.00000000 0.00000000
vt 1.00000000 1.00000000
vt 1.00000000 1.00000000
vt 1.00000000 1.00000000
vt 0.00000000 0.00000000
vt 1.00000000 1.00000000
vt 0.00000000 0.00000000
vt 0.00000000 0.00000000
vt 0.00000000 0.00000000
vt 1.00000000 1.00000000
vt 1.00000000 1.00000000
vt 0.00000000 0.00000000
vt 1.00000000 1.00000000
vt 1.00000000 1.00000000
vt 0.00000000 0.00000000
vt 0.00000000 0.00000000
vt 0.00000000 0.00000000
vt 1.00000000 1.00000000
vt 1.00000000 1.00000000
vt 1.00000000 1.00000000
vt 0.00000000 0.00000000
vt 0.00000000 0.00000000
vt 1.00000000 1.00000000
vt 0.00000000 0.00000000
vt 1.00000000 0.00000000
vt 1.00000000 1.00000000
vt 1.00000000 0.00000000
vt 1.00000000 1.00000000
vt 0.00000000 0.00000000
vt 0.00000000 0.00000000
vt 1.00000000 1.00000000
vt 1.00000000 1.00000000
vt 1.00000000 1.00000000
vt 1.00000000 0.00000000
vt 0.00000000 0.00000000
vt 1.00000000 1.00000000
vt 1.00000000 0.00000000
vt 1.00000000 1.00000000
vt 0.00000000 0.00000000
vt 0.00000000 0.00000000
vt 1.00000000 1.00000000
vt 1.00000000 1.00000000
vt 0.00000000 0.00000000
vt 1.00000000 0.00000000
vt 1.00000000 0.00000000
vt 1.00000000 0.00000000
vt 1.00000000 1.00000000
vt 0.00000000 0.00000000
vt 1.00000000 0.00000000
vt 1.00000000 0.00000000
vt 1.00000000 1.00000000
vt 1.00000000 1.00000000
vt 1.00000000 0.00000000
vt 1.00000000 0.00000000
vt 0.00000000 0.00000000
vt 1.00000000 0.00000000
vt 1.00000000 0.00000000
vt 1.00000000 1.00000000
vt 0.00000000 0.00000000
vt 1.00000000 1.00000000
vt 1.00000000 1.00000000
vt 0.00000000 0.00000000
vt 0.00000000 0.00000000
vt 1.00000000 0.00000000
vt 1.00000000 1.00000000
vt 1.00000000 1.00000000
vt 1.00000000 0.00000000
vt 1.00000000 1.00000000
vt 0.00000000 0.00000000
vt 0.00000000 0.00000000
vt 1.00000000 0.00000000
vt 1.00000000 0.00000000
vt 0.00000000 0.00000000
vt 1.00000000 0.00000000
vt 1.00000000 0.00000000
vt 1.00000000 1.00000000
vt 1.00000000 1.00000000
vt 1.00000000 1.00000000
vt 0.00000000 0.00000000
vt 1.00000000 0.00000000
vt 0.00000000 0.00000000
vt 1.00000000 1.00000000
vt 1.00000000 1.00000000
vt 1.00000000 0.00000000
vt 1.00000000 1.00000000
vt 0.00000000 0.00000000
vt 0.00000000 0.00000000
vt 1.00000000 0.00000000
vt 1.00000000 0.00000000
vt 1.00000000 1.00000000
vt 0.00000000 0.00000000
vt 1.00000000 1.00000000
vt 1.00000000 1.00000000
vt 1.00000000 0.00000000
vt 1.00000000 0.00000000
vt 1.00000000 0.00000000
vt 1.00000000 1.00000000
vt 1.00000000 1.00000000
vt 1.00000000 0.00000000
vt 0.00000000 0.00000000
vt 1.00000000 1.00000000
vt 0.00000000 0.00000000
vt 1.00000000 1.00000000
vt 0.00000000 0.00000000
vt 1.00000000 1.00000000
vt 1.00000000 0.00000000
vt 1.00000000 1.00000000
vt 1.00000000 0.00000000
vt 0.00000000 0.00000000
vt 1.00000000 1.00000000
vt 1.00000000 1.00000000
vt 0.00000000 0.00000000
vt 0.00000000 0.00000000
vt 1.00000000 1.00000000
vt 0.00000000 0.00000000
vt 1.00000000 1.00000000
vt 0.00000000 0.00000000
vt 1.00000000 0.00000000
vt 1.00000000 1.00000000
vt 1.00000000 0.00000000
vt 1.00000000 1.00000000
vt 0.00000000 0.00000000
vt 0.00000000 0.00000000
vt 1.00000000 1.00000000
vt 0.00000000 0.00000000
vt 1.00000000 1.00000000
vt 1.00000000 1.00000000
vt 0.00000000 0.00000000
vt 0.00000000 0.00000000
vt 1.00000000 1.00000000
vt 1.00000000 1.00000000
vt 1.00000000 0.00000000
vt 1.00000000 0.00000000
vt 0.00000000 0.00000000
vt 1.00000000 1.00000000
vt 1.00000000 1.00000000
vt 1.00000000 1.00000000
vt 0.00000000 0.00000000
vt 1.00000000 0.00000000
vt 1.00000000 0.00000000
vt 1.00000000 1.00000000
vt 0.00000000 0.00000000
vt 1.00000000 1.00000000
vt 0.00000000 0.00000000
vt 1.00000000 1.00000000
vt 0.00000000 0.00000000
vt 1.00000000 0.00000000
vt 1.00000000 1.00000000
vt 1.00000000 0.00000000
vt 1.00000000 1.00000000
vt 1.00000000 0.00000000
vt 1.00000000 1.00000000
vt 0.00000000 0.00000000
vt 1.00000000 0.00000000
vt 0.00000000 0.00000000
vt 1.00000000 1.00000000
vt 1.00000000 1.00000000
vt 1.00000000 0.00000000
vt 1.00000000 0.00000000
vt 1.00000000 1.00000000
vt 1.00000000 1.00000000
vt 1.00000000 0.00000000
vt 1.00000000 1.00000000
vt 1.00000000 0.00000000
vt 0.00000000 0.00000000
vt 1.00000000 1.00000000
vt 1.00000000 1.00000000
vt 1.00000000 1.00000000
vt 1.00000000 0.00000000
vt 1.00000000 0.00000000
vt 1.00000000 0.00000000
vt 1.00000000 1.00000000
vt 1.00000000 0.00000000
vt 1.00000000 0.00000000
vt 1.00000000 0.00000000
vt 1.00000000 0.00000000
vt 1.00000000 0.00000000
vt 1.00000000 0.00000000
vt 0.00000000 0.00000000
vt 1.00000000 1.00000000
vt 1.00000000 1.00000000
vt 1.00000000 1.00000000
vt 1.00000000 1.00000000
vt 1.00000000 0.00000000
vt 0.00000000 0.00000000
vt 1.00000000 0.00000000
vt 1.00000000 1.00000000
vt 1.00000000 0.00000000
vt 1.00000000 0.00000000
vt 1.00000000 1.00000000
vt 1.00000000 0.00000000
vt 1.00000000 0.00000000
vt 1.00000000 1.00000000
vt 1.00000000 1.00000000
vt 1.00000000 0.00000000
vt 1.00000000 0.00000000
vt 1.00000000 0.00000000
vt 1.00000000 1.00000000
vt 1.00000000 1.00000000
vt 1.00000000 0.00000000
vt 1.00000000 0.00000000
vt 1.00000000 1.00000000
vt 1.00000000 1.00000000
vt 1.00000000 0.00000000
vt 1.00000000 0.00000000
vt 0.00000000 0.00000000
vt 1.00000000 1.00000000
vt 1.00000000 1.00000000
vt 1.00000000 0.00000000
vt 1.00000000 1.00000000
vt 1.00000000 0.00000000
vt 1.00000000 1.00000000
vt 0.00000000 0.00000000
vt 1.00000000 0.00000000
vt 1.00000000 0.00000000
vt 1.00000000 1.00000000
vt 1.00000000 1.00000000
vt 1.00000000 0.00000000
vt 1.00000000 0.00000000
vt 1.00000000 0.00000000
vt 0.00000000 0.00000000
vt 1.00000000 0.00000000
vt 1.00000000 1.00000000
vt 1.00000000 1.00000000
vt 1.00000000 0.00000000
vt 1.00000000 1.00000000
vt 0.00000000 0.00000000
vt 0.00000000 0.00000000
vt 1.00000000 0.00000000
vt 1.00000000 1.00000000
vt 1.00000000 1.00000000
vt 1.00000000 0.00000000
vt 1.00000000 1.00000000
vt 1.00000000 0.00000000
vt 0.00000000 0.00000000
vt 1.00000000 0.00000000
vt 1.00000000 1.00000000
vt 0.00000000 0.00000000
vt 0.00000000 0.00000000
vt 1.00000000 0.00000000
vt 1.00000000 0.00000000
vt 0.00000000 0.00000000
vt 1.00000000 1.00000000
vt 1.00000000 0.00000000
vt 1.00000000 1.00000000
vt 0.00000000 0.00000000
vt 1.00000000 0.00000000
vt 1.00000000 1.00000000
vt 1.00000000 0.00000000
vt 1.00000000 0.00000000
vt 1.00000000 0.00000000
vt 1.00000000 0.00000000
vt 0.00000000 0.00000000
vt 1.00000000 0.00000000
vt 1.00000000 1.00000000
vt 0.00000000 0.00000000
vt 1.00000000 0.00000000
vt 0.00000000 0.00000000
vt 1.00000000 1.00000000
vt 1.00000000 1.00000000
vt 1.00000000 1.00000000
vt 1.00000000 1.00000000
vt 1.00000000 0.00000000
vt 1.00000000 0.00000000
vt 1.00000000 0.00000000
vt 1.00000000 0.00000000
vt 1.00000000 0.00000000
vt 0.00000000 0.00000000
vt 0.00000000 0.00000000
vt 1.00000000 0.00000000
vt 1.00000000 1.00000000
vt 1.00000000 0.00000000
vt 0.00000000 0.00000000
vt 1.00000000 0.00000000
vt 1.00000000 0.00000000
vt 1.00000000 1.00000000
vt 1.00000000 0.00000000
vt 0.00000000 0.00000000
vt 1.00000000 0.00000000
vt 1.00000000 0.00000000
vt 0.00000000 0.00000000
vt 1.00000000 1.00000000
vt 0.00000000 0.00000000
vt 1.00000000 0.00000000
vt 1.00000000 1.00000000
vt 1.00000000 0.00000000
vt 1.00000000 1.00000000
vt 0.00000000 0.00000000
vt 0.00000000 0.00000000
vt 1.00000000 1.00000000
vt 1.00000000 0.00000000
vt 1.00000000 1.00000000
vt 0.00000000 0.00000000
vt 1.00000000 1.00000000
vt 1.00000000 0.00000000
vt 1.00000000 1.00000000
vt 1.00000000 1.00000000
vt 1.00000000 0.00000000
vt 1.00000000 0.00000000
vt 1.00000000 0.00000000
vt 1.00000000 1.00000000
vt 0.00000000 0.00000000
vt 1.00000000 1.00000000
vt 0.00000000 0.00000000
vt 1.00000000 1.00000000
vt 1.00000000 0.00000000
vt 0.00000000 0.00000000
vt 1.00000000 1.00000000
vt 1.00000000 1.00000000
vt 1.00000000 1.00000000
vt 1.00000000 0.00000000
vt 1.00000000 1.00000000
vt 1.00000000 1.00000000
vt 1.00000000 0.00000000
vt 1.00000000 1.00000000
vt 0.00000000 0.00000000
vt 1.00000000 1.00000000
vt 0.00000000 0.00000000
vt 0.00000000 0.00000000
vt 1.00000000 0.00000000
vt 1.00000000 0.00000000
vt 1.00000000 0.00000000
vt 1.00000000 1.00000000
vt 0.00000000 0.00000000
vt 1.00000000 1.00000000
vt 1.00000000 0.00000000
vt 1.00000000 1.00000000
vt 0.00000000 0.00000000
vt 1.00000000 0.00000000
vt 1.00000000 0.00000000
vt 1.00000000 1.00000000
vt 1.00000000 0.00000000
vt 1.00000000 1.00000000
vt 1.00000000 0.00000000
vt 0.00000000 0.00000000
vt 1.00000000 1.00000000
vt 1.00000000 0.00000000
vt 1.00000000 1.00000000
vt 1.00000000 1.00000000
vt 1.00000000 0.00000000
vt 1.00000000 0.00000000
vt 1.00000000 0.00000000
vt 1.00000000 1.00000000
vt 1.00000000 1.00000000
vt 0.00000000 0.00000000
vt 0.00000000 0.00000000
vt 1.00000000 1.00000000
vt 1.00000000 1.00000000
vt 1.00000000 0.00000000
vt 1.00000000 1.00000000
vt 1.00000000 1.00000000
vt 1.00000000 1.00000000
vt 0.00000000 0.00000000
vt 1.00000000 1.00000000
vt 1.00000000 0.00000000
vt 1.00000000 1.00000000
vt 1.00000000 1.00000000
vt 1.00000000 1.00000000
vt 1.00000000 0.00000000
vt 1.00000000 1.00000000
vt 1.00000000 0.00000000
vt 0.00000000 0.00000000
vt 1.00000000 0.00000000
vt 1.00000000 0.00000000
vt 1.00000000 1.00000000
vt 0.00000000 0.00000000
vt 1.00000000 1.00000000
vt 1.00000000 1.00000000
vt 1.00000000 1.00000000
vt 1.00000000 1.00000000
vt 1.00000000 0.00000000
vt 0.00000000 0.00000000
vt 1.00000000 1.00000000
vt 1.00000000 0.00000000
vt 1.00000000 1.00000000
vt 1.00000000 0.00000000
vt 1.00000000 1.00000000
vt 1.00000000 1.00000000
vt 1.00000000 0.00000000
vt 1.00000000 0.00000000
vt 1.00000000 0.00000000
vt 1.00000000 1.00000000
vt 1.00000000 0.00000000
vt 0.00000000 0.00000000
vt 0.00000000 0.00000000
vt 1.00000000 1.00000000
vt 1.00000000 1.00000000
vt 1.00000000 1.00000000
vt 1.00000000 0.00000000
vt 1.00000000 1.00000000
vt 1.00000000 1.00000000
vt 0.00000000 0.00000000
vt 1.00000000 0.00000000
vt 1.00000000 1.00000000
vt 0.00000000 0.00000000
vt 1.00000000 0.00000000
vt 1.00000000 1.00000000
vt 1.00000000 0.00000000
vt 0.00000000 0.00000000
vt 1.00000000 0.00000000
vt 1.00000000 1.00000000
vt 1.00000000 0.00000000
vt 1.00000000 0.00000000
vt 1.00000000 0.00000000
vt 1.00000000 1.00000000
vt 1.00000000 1.00000000
vt 0.00000000 0.00000000
vt 0.00000000 0.00000000
vt 1.00000000 0.00000000
vt 1.00000000 1.00000000
vt 1.00000000 0.00000000
vt 0.00000000 0.00000000
vt 1.00000000 1.00000000
vt 0.00000000 0.00000000
vt 1.00000000 0.00000000
vt 0.00000000 0.00000000
vt 1.00000000 0.00000000
vt 0.00000000 0.00000000
vt 0.00000000 0.00000000
vt 1.00000000 0.00000000
vt 1.00000000 0.00000000
vt 1.00000000 1.00000000
vt 1.00000000 1.00000000
vt 1.00000000 1.00000000
vt 0.00000000 0.00000000
vt 1.00000000 1.00000000
vt 1.00000000 1.00000000
vt 1.00000000 1.00000000
vt 0.00000000 0.00000000
vt 0.00000000 0.00000000
vt 1.00000000 1.00000000
vt 0.00000000 0.00000000
vt 1.00000000 1.00000000
vt 0.00000000 0.00000000
vt 1.00000000 0.00000000
vt 0.00000000 0.00000000
vt 1.00000000 1.00000000
vt 0.00000000 0.00000000
vt 1.00000000 0.00000000
vt 1.00000000 0.00000000
vt 1.00000000 0.00000000
vt 0.00000000 0.00000000
vt 0.00000000 0.00000000
vt 0.00000000 0.00000000
vt 0.00000000 0.00000000
vt 1.00000000 1.00000000
vt 1.00000000 1.00000000
vt 1.00000000 0.00000000
vt 1.00000000 0.00000000
vt 1.00000000 1.00000000
vt 0.00000000 0.00000000
vt 1.00000000 1.00000000
vt 0.00000000 0.00000000
vt 0.00000000 0.00000000
vt 1.00000000 1.00000000
vt 1.00000000 1.00000000
vt 1.00000000 0.00000000
vt 1.00000000 1.00000000
vt 0.00000000 0.00000000
vt 0.00000000 0.00000000
vt 0.00000000 0.00000000
vt 1.00000000 1.00000000
vt 1.00000000 0.00000000
vt 1.00000000 1.00000000
vt 1.00000000 1.00000000
vt 1.00000000 1.00000000
vt 1.00000000 0.00000000
vt 0.00000000 0.00000000
vt 1.00000000 0.00000000
vt 1.00000000 0.00000000
vt 1.00000000 0.00000000
vt 1.00000000 1.00000000
vt 1.00000000 0.00000000
vt 1.00000000 1.00000000
vt 0.00000000 0.00000000
vt 0.00000000 0.00000000
vt 1.00000000 1.00000000
vt 1.00000000 0.00000000
vt 1.00000000 0.00000000
vt 1.00000000 0.00000000
vt 1.00000000 0.00000000
vt 0.00000000 0.00000000
vt 1.00000000 1.00000000
vt 0.00000000 0.00000000
vt 1.00000000 1.00000000
vt 0.00000000 0.00000000
vt 1.00000000 1.00000000
vt 0.00000000 0.00000000
vt 1.00000000 0.00000000
vt 1.00000000 1.00000000
vt 1.00000000 1.00000000
vt 1.00000000 1.00000000
vt 0.00000000 0.00000000
vt 0.00000000 0.00000000
vt 1.00000000 0.00000000
vt 1.00000000 1.00000000
vt 1.00000000 0.00000000
vt 1.00000000 1.00000000
vt 1.00000000 1.00000000
vt 0.00000000 0.00000000
vt 0.00000000 0.00000000
vt 1.00000000 0.00000000
vt 1.00000000 1.00000000
vt 1.00000000 0.00000000
vt 1.00000000 1.00000000
vt 1.00000000 0.00000000
vt 1.00000000 0.00000000
vt 1.00000000 1.00000000
vt 1.00000000 1.00000000
vt 0.00000000 0.00000000
vt 0.00000000 0.00000000
vt 1.00000000 0.00000000
vt 1.00000000 1.00000000
vt 1.00000000 0.00000000
vt 0.00000000 0.00000000
vt 1.00000000 0.00000000
vt 1.00000000 0.00000000
vt 1.00000000 1.00000000
vt 1.00000000 0.00000000
vt 1.00000000 1.00000000
vt 1.00000000 0.00000000
vt 1.00000000 1.00000000
vt 1.00000000 1.00000000
vt 1.00000000 0.00000000
vt 1.00000000 0.00000000
vt 1.00000000 1.00000000
vt 0.00000000 0.00000000
vt 0.00000000 0.00000000
vt 1.00000000 1.00000000
vt 1.00000000 0.00000000
vt 1.00000000 0.00000000
vt 1.00000000 0.00000000
vt 1.00000000 1.00000000
vt 1.00000000 1.00000000
vt 1.00000000 1.00000000
vt 1.00000000 0.00000000
vt 1.00000000 0.00000000
vt 1.00000000 0.00000000
vt 1.00000000 0.00000000
vt 1.00000000 1.00000000
vt 1.00000000 0.00000000
vt 1.00000000 0.00000000
vt 1.00000000 1.00000000
vt 0.00000000 0.00000000
vt 1.00000000 1.00000000
vt 0.00000000 0.00000000
vt 1.00000000 1.00000000
vt 1.00000000 0.00000000
vt 1.00000000 0.00000000
vt 1.00000000 0.00000000
vt 1.00000000 1.00000000
vt 1.00000000 1.00000000
vt 1.00000000 1.00000000
vt 1.00000000 1.00000000
vt 0.00000000 0.00000000
vt 0.00000000 0.00000000
vt 1.00000000 1.00000000
vt 1.00000000 1.00000000
vt 1.00000000 0.00000000
vt 1.00000000 0.00000000
vt 1.00000000 0.00000000
vt 0.00000000 0.00000000
vt 1.00000000 0.00000000
vt 1.00000000 1.00000000
vt 0.00000000 0.00000000
vt 1.00000000 0.00000000
vt 1.00000000 0.00000000
vt 1.00000000 1.00000000
vt 1.00000000 1.00000000
vt 0.00000000 0.00000000
vt 1.00000000 1.00000000
vt 1.00000000 0.00000000
vt 0.00000000 0.00000000
vt 1.00000000 1.00000000
vt 1.00000000 1.00000000
vt 1.00000000 1.00000000
vt 0.00000000 0.00000000
vt 1.00000000 0.00000000
vt 0.00000000 0.00000000
vt 1.00000000 1.00000000
vt 0.00000000 0.00000000
vt 1.00000000 1.00000000
vt 0.00000000 0.00000000
vt 1.00000000 0.00000000
vt 1.00000000 1.00000000
vt 1.00000000 1.00000000
vt 0.00000000 0.00000000
vt 1.00000000 1.00000000
vt 1.00000000 0.00000000
vt 1.00000000 1.00000000
vt 0.00000000 0.00000000
vt 1.00000000 1.00000000
vt 1.00000000 0.00000000
vt 1.00000000 1.00000000
vt 0.00000000 0.00000000
vt 1.00000000 0.00000000
vt 1.00000000 1.00000000
vt 0.00000000 0.00000000
vt 1.00000000 1.00000000
vt 1.00000000 1.00000000
vt 0.00000000 0.00000000
vt 1.00000000 1.00000000
vt 0.00000000 0.00000000
vt 0.00000000 0.00000000
vt 1.00000000 1.00000000
vt 0.00000000 0.00000000
vt 0.00000000 0.00000000
vt 1.00000000 0.00000000
vt 1.00000000 1.00000000
vt 1.00000000 0.00000000
vt 0.00000000 0.00000000
vt 0.00000000 0.00000000
vt 1.00000000 1.00000000
vt 1.00000000 1.00000000
vt 0.00000000 0.00000000
vt 1.00000000 1.00000000
vt 1.00000000 0.00000000
vt 0.00000000 0.00000000
vt 1.00000000 1.00000000
vt 1.00000000 1.00000000
vt 0.00000000 0.00000000
vt 1.00000000 1.00000000
vt 1.00000000 0.00000000
vt 0.00000000 0.00000000
vt 0.00000000 0.00000000
vt 1.00000000 1.00000000
vt 1.00000000 1.00000000
vt 1.00000000 0.00000000
vt 1.00000000 1.00000000
vt 1.00000000 1.00000000
vt 1.00000000 1.00000000
vt 0.00000000 0.00000000
vt 1.00000000 0.00000000
vt 0.00000000 0.00000000
vt 1.00000000 1.00000000
vt 1.00000000 1.00000000
vt 1.00000000 0.00000000
vt 1.00000000 1.00000000
vt 1.00000000 1.00000000
vt 1.00000000 0.00000000
vt 0.00000000 0.00000000
vt 1.00000000 1.00000000
vt 0.00000000 0.00000000
vt 1.00000000 1.00000000
vt 1.00000000 1.00000000
vt 0.00000000 0.00000000
vt 1.00000000 1.00000000
vt 1.00000000 0.00000000
vt 0.00000000 0.00000000
vt 1.00000000 1.00000000
vt 1.00000000 0.00000000
vt 1.00000000 1.00000000
vt 0.00000000 0.00000000
vt 1.00000000 1.00000000
vt 1.00000000 1.00000000
vt 1.00000000 0.00000000
vt 0.00000000 0.00000000
vt 0.00000000 0.00000000
vt 0.00000000 0.00000000
vt 0.00000000 0.00000000
vt 1.00000000 0.00000000
vt 1.00000000 1.00000000
vt 0.00000000 0.00000000
vt 1.00000000 0.00000000
vt 1.00000000 0.00000000
vt 1.00000000 1.00000000
vt 0.00000000 0.00000000
vt 1.00000000 1.00000000
vt 1.00000000 0.00000000
vt 1.00000000 1.00000000
vt 0.00000000 0.00000000
vt 1.00000000 1.00000000
vt 1.00000000 0.00000000
vt 1.00000000 0.00000000
vt 1.00000000 1.00000000
vt 0.00000000 0.00000000
vt 1.00000000 0.00000000
vt 1.00000000 1.00000000
vt 1.00000000 1.00000000
vt 1.00000000 1.00000000
vt 1.00000000 1.00000000
vt 0.00000000 0.00000000
vt 1.00000000 0.00000000
vt 1.00000000 0.00000000
vt 1.00000000 0.00000000
vt 1.00000000 1.00000000
vt 1.00000000 0.00000000
vt 1.00000000 1.00000000
vt 0.00000000 0.00000000
vt 1.00000000 0.00000000
vt 0.00000000 0.00000000
vt 1.00000000 1.00000000
vt 1.00000000 1.00000000
vt 1.00000000 1.00000000
vt 1.00000000 0.00000000
vt 1.00000000 1.00000000
vt 1.00000000 0.00000000
vt 1.00000000 0.00000000
vt 0.00000000 0.00000000
vt 1.00000000 1.00000000
vt 1.00000000 1.00000000
vt 0.00000000 0.00000000
vt 0.00000000 0.00000000
vt 1.00000000 1.00000000
vt 1.00000000 0.00000000
vt 0.00000000 0.00000000
vt 1.00000000 0.00000000
vt 0.00000000 0.00000000
vt 0.00000000 0.00000000
vt 0.00000000 0.00000000
vt 1.00000000 1.00000000
vt 1.00000000 1.00000000
vt 0.00000000 0.00000000
vt 1.00000000 1.00000000
vt 1.00000000 1.00000000
vt 1.00000000 0.00000000
vt 1.00000000 0.00000000
vt 1.00000000 1.00000000
vt 0.00000000 0.00000000
vt 1.00000000 1.00000000
vt 1.00000000 1.00000000
vt 1.00000000 1.00000000
vt 1.00000000 0.00000000
vt 0.00000000 0.00000000
vt 1.00000000 1.00000000
vt 1.00000000 0.00000000
vt 1.00000000 0.00000000
vt 1.00000000 1.00000000
vt 0.00000000 0.00000000
vt 1.00000000 1.00000000
vt 0.00000000 0.00000000
vt 1.00000000 1.00000000
vt 1.00000000 0.00000000
vt 1.00000000 1.00000000
vt 0.00000000 0.00000000
vt 1.00000000 1.00000000
vt 1.00000000 0.00000000
vt 0.00000000 0.00000000
vt 1.00000000 0.00000000
vt 1.00000000 1.00000000
vt 1.00000000 1.00000000
vt 1.00000000 1.00000000
vt 1.00000000 1.00000000
vt 0.00000000 0.00000000
vt 1.00000000 0.00000000
vt 0.00000000 0.00000000
vt 1.00000000 0.00000000
vt 1.00000000 1.00000000
vt 1.00000000 1.00000000
vt 1.00000000 0.00000000
vt 0.00000000 0.00000000
vt 1.00000000 0.00000000
vt 1.00000000 1.00000000
vt 1.00000000 1.00000000
vt 1.00000000 1.00000000
vt 0.00000000 0.00000000
vt 1.00000000 1.00000000
vt 1.00000000 0.00000000
vt 1.00000000 1.00000000
vt 1.00000000 0.00000000
vt 0.00000000 0.00000000
vt 1.00000000 1.00000000
vt 0.00000000 0.00000000
vt 1.00000000 0.00000000
vt 1.00000000 1.00000000
vt 1.00000000 1.00000000
vt 1.00000000 0.00000000
vt 1.00000000 0.00000000
vt 1.00000000 0.00000000
vt 1.00000000 0.00000000
vt 1.00000000 1.00000000
vt 1.00000000 1.00000000
vt 0.00000000 0.00000000
vt 1.00000000 0.00000000
vt 1.00000000 0.00000000
vt 1.00000000 1.00000000
vt 1.00000000 1.00000000
vt 1.00000000 1.00000000
vt 0.00000000 0.00000000
vt 1.00000000 0.00000000
vt 1.00000000 1.00000000
vt 0.00000000 0.00000000
vt 1.00000000 0.00000000
vt 1.00000000 0.00000000
vt 1.00000000 1.00000000
vt 1.00000000 1.00000000
vt 1.00000000 1.00000000
vt 1.00000000 0.00000000
vt 0.00000000 0.00000000
vt 1.00000000 0.00000000
vt 1.00000000 1.00000000
vt 0.00000000 0.00000000
vt 1.00000000 1.00000000
vt 1.00000000 0.00000000
vt 0.00000000 0.00000000
vt 1.00000000 0.00000000
vt 1.00000000 1.00000000
vt 1.00000000 1.00000000
vt 1.00000000 1.00000000
vt 0.00000000 0.00000000
vt 1.00000000 0.00000000
vt 1.00000000 0.00000000
vt 1.00000000 1.00000000
vt 1.00000000 1.00000000
vt 0.00000000 0.00000000
vt 1.00000000 1.00000000
vt 1.00000000 0.00000000
vt 1.00000000 1.00000000
vt 1.00000000 0.00000000
vt 1.00000000 0.00000000
vt 1.00000000 1.00000000
vt 0.00000000 0.00000000
vt 1.00000000 1.00000000
vt 1.00000000 1.00000000
vt 1.00000000 0.00000000
vt 1.00000000 0.00000000
vt 0.00000000 0.00000000
vt 1.00000000 1.00000000
vt 0.00000000 0.00000000
vt 1.00000000 0.00000000
vt 1.00000000 1.00000000
vt 1.00000000 1.00000000
vt 1.00000000 0.00000000
vt 0.00000000 0.00000000
vt 1.00000000 1.00000000
vt 1.00000000 0.00000000
vt 1.00000000 1.00000000
vt 1.00000000 1.00000000
vt 0.00000000 0.00000000
vt 1.00000000 1.00000000
vt 1.00000000 1.00000000
vt 0.00000000 0.00000000
vt 1.00000000 1.00000000
vt 0.00000000 0.00000000
vt 1.00000000 0.00000000
vt 1.00000000 0.00000000
vt 1.00000000 1.00000000
vt 0.00000000 0.00000000
vt 1.00000000 1.00000000
vt 1.00000000 1.00000000
vt 1.00000000 0.00000000
vt 1.00000000 1.00000000
vt 1.00000000 0.00000000
vt 0.00000000 0.00000000
vt 0.00000000 0.00000000
vt 1.00000000 1.00000000
vt 1.00000000 1.00000000
vt 1.00000000 0.00000000
vt 1.00000000 0.00000000
vt 1.00000000 0.00000000
vt 1.00000000 1.00000000
vt 1.00000000 0.00000000
vt 1.00000000 1.00000000
vt 1.00000000 0.00000000
vt 0.00000000 0.00000000
vt 1.00000000 0.00000000
vt 1.00000000 1.00000000
vt 1.00000000 0.00000000
vt 1.00000000 0.00000000
vt 1.00000000 1.00000000
vt 1.00000000 1.00000000
vt 0.00000000 0.00000000
vt 1.00000000 0.00000000
vt 1.00000000 0.00000000
vt 1.00000000 1.00000000
vt 1.00000000 0.00000000
vt 1.00000000 0.00000000
vt 1.00000000 1.00000000
vt 1.00000000 0.00000000
vt 1.00000000 1.00000000
vt 0.00000000 0.00000000
vt 1.00000000 0.00000000
vt 1.00000000 1.00000000
vt 1.00000000 0.00000000
vt 0.00000000 0.00000000
vt 1.00000000 0.00000000
vt 1.00000000 0.00000000
vt 0.00000000 0.00000000
vt 1.00000000 1.00000000
vt 1.00000000 0.00000000
vt 1.00000000 0.00000000
vt 1.00000000 0.00000000
vt 0.00000000 0.00000000
vt 1.00000000 1.00000000
vt 1.00000000 0.00000000
vt 0.00000000 0.00000000
vt 1.00000000 0.00000000
vt 1.00000000 1.00000000
vt 1.00000000 1.00000000
vt 0.00000000 0.00000000
vt 1.00000000 0.00000000
vt 1.00000000 1.00000000
vt 1.00000000 0.00000000
vt 1.00000000 0.00000000
vt 0.00000000 0.00000000
vt 1.00000000 1.00000000
vt 1.00000000 0.00000000
vt 1.00000000 1.00000000
vt 0.00000000 0.00000000
vt 0.00000000 0.00000000
vt 1.00000000 1.00000000
vt 1.00000000 0.00000000
vt 1.00000000 1.00000000
vt 0.00000000 0.00000000
vt 1.00000000 1.00000000
vt 0.00000000 0.00000000
vt 1.00000000 0.00000000
vt 1.00000000 1.00000000
vt 1.00000000 0.00000000
vt 1.00000000 1.00000000
vt 0.00000000 0.00000000
vt 1.00000000 0.00000000
vt 1.00000000 1.00000000
vt 1.00000000 0.00000000
vt 0.00000000 0.00000000
vt 1.00000000 1.00000000
vt 1.00000000 1.00000000
vt 1.00000000 0.00000000
vt 1.00000000 1.00000000
vt 1.00000000 1.00000000
vt 0.00000000 0.00000000
vt 1.00000000 0.00000000
vt 0.00000000 0.00000000
vt 0.00000000 0.00000000
vt 1.00000000 1.00000000
vt 1.00000000 1.00000000
vt 1.00000000 0.00000000
vt 1.00000000 1.00000000
vt 0.00000000 0.00000000
vt 1.00000000 0.00000000
vt 1.00000000 1.00000000
vt 1.00000000 0.00000000
vt 1.00000000 0.00000000
vt 1.00000000 0.00000000
vt 1.00000000 1.00000000
vt 1.00000000 0.00000000
vt 1.00000000 1.00000000
vt 1.00000000 1.00000000
vt 1.00000000 0.00000000
vt 0.00000000 0.00000000
vt 1.00000000 0.00000000
vt 1.00000000 1.00000000
vt 1.00000000 0.00000000
vt 1.00000000 1.00000000
vt 1.00000000 1.00000000
vt 0.00000000 0.00000000
vt 1.00000000 1.00000000
vt 1.00000000 0.00000000
vt 1.00000000 1.00000000
vt 1.00000000 0.00000000
vt 0.00000000 0.00000000
vt 1.00000000 1.00000000
vt 1.00000000 0.00000000
vt 1.00000000 1.00000000
vt 0.00000000 0.00000000
vt 0.00000000 0.00000000
vt 1.00000000 1.00000000
vt 1.00000000 0.00000000
vt 1.00000000 1.00000000
vt 1.00000000 1.00000000
vt 1.00000000 0.00000000
vt 0.00000000 0.00000000
vt 1.00000000 0.00000000
vt 0.00000000 0.00000000
vt 1.00000000 1.00000000
vt 1.00000000 0.00000000
vt 1.00000000 1.00000000
vt 1.00000000 0.00000000
vt 0.00000000 0.00000000
vt 1.00000000 1.00000000
vt 1.00000000 1.00000000
vt 1.00000000 0.00000000
vt 1.00000000 0.00000000
vt 0.00000000 0.00000000
vt 1.00000000 1.00000000
vt 1.00000000 1.00000000
vt 1.00000000 0.00000000
vt 1.00000000 0.00000000
vt 1.00000000 0.00000000
vt 1.00000000 1.00000000
vt 1.00000000 1.00000000
vt 1.00000000 0.00000000
vt 1.00000000 0.00000000
vt 1.00000000 0.00000000
vt 1.00000000 1.00000000
vt 0.00000000 0.00000000
vt 0.00000000 0.00000000
vt 1.00000000 1.00000000
vt 1.00000000 0.00000000
vt 1.00000000 1.00000000
vt 1.00000000 1.00000000
vt 1.00000000 0.00000000
vt 1.00000000 0.00000000
vt 1.00000000 1.00000000
vt 1.00000000 0.00000000
vt 1.00000000 0.00000000
vt 1.00000000 1.00000000
vt 1.00000000 0.00000000
vt 1.00000000 0.00000000
vt 1.00000000 0.00000000
vt 1.00000000 1.00000000
vt 0.00000000 0.00000000
vt 1.00000000 1.00000000
vt 1.00000000 1.00000000
vt 1.00000000 1.00000000
vt 0.00000000 0.00000000
vt 0.00000000 0.00000000
vt 0.00000000 0.00000000
vt 1.00000000 1.00000000
vt 1.00000000 1.00000000
vt 1.00000000 1.00000000
vt 0.00000000 0.00000000
vt 1.00000000 1.00000000
vt 1.00000000 0.00000000
vt 1.00000000 0.00000000
vt 0.00000000 0.00000000
vt 1.00000000 1.00000000
vt 1.00000000 1.00000000
vt 1.00000000 0.00000000
vt 0.00000000 0.00000000
vt 0.00000000 0.00000000
vt 1.00000000 0.00000000
vt 1.00000000 0.00000000
vt 1.00000000 1.00000000
vt 1.00000000 1.00000000
vt 1.00000000 0.00000000
vt 1.00000000 0.00000000
vt 1.00000000 0.00000000
vt 1.00000000 0.00000000
vt 1.00000000 1.00000000
vt 1.00000000 1.00000000
vt 1.00000000 0.00000000
vt 1.00000000 1.00000000
vt 0.00000000 0.00000000
vt 0.00000000 0.00000000
vt 1.00000000 1.00000000
vt 1.00000000 1.00000000
vt 1.00000000 1.00000000
vt 1.00000000 0.00000000
vt 0.00000000 0.00000000
vt 0.00000000 0.00000000
vt 1.00000000 1.00000000
vt 1.00000000 1.00000000
vt 0.00000000 0.00000000
vt 1.00000000 0.00000000
vt 1.00000000 0.00000000
vt 0.00000000 0.00000000
vt 1.00000000 1.00000000
vt 0.00000000 0.00000000
vt 1.00000000 1.00000000
vt 1.00000000 0.00000000
vt 0.00000000 0.00000000
vt 1.00000000 1.00000000
vt 0.00000000 0.00000000
vt 1.00000000 1.00000000
vt 1.00000000 0.00000000
vt 1.00000000 1.00000000
vt 0.00000000 0.00000000
vt 1.00000000 0.00000000
vt 1.00000000 1.00000000
vt 1.00000000 0.00000000
vt 1.00000000 0.00000000
vt 1.00000000 0.00000000
vt 1.00000000 1.00000000
vt 1.00000000 1.00000000
vt 0.00000000 0.00000000
vt 0.00000000 0.00000000
vt 1.00000000 1.00000000
vt 1.00000000 1.00000000
vt 0.00000000 0.00000000
vt 0.00000000 0.00000000
vt 1.00000000 1.00000000
vt 0.00000000 0.00000000
vt 0.00000000 0.00000000
vt 1.00000000 0.00000000
vt 1.00000000 0.00000000
vt 1.00000000 1.00000000
vt 1.00000000 1.00000000
vt 1.00000000 0.00000000
vt 0.00000000 0.00000000
vt 1.00000000 1.00000000
vt 1.00000000 1.00000000
vt 0.00000000 0.00000000
vt 1.00000000 0.00000000
vt 0.00000000 0.00000000
vt 1.00000000 0.00000000
vt 1.00000000 1.00000000
vt 0.00000000 0.00000000
vt 0.00000000 0.00000000
vt 0.00000000 0.00000000
vt 0.00000000 0.00000000
vt 1.00000000 1.00000000
vt 1.00000000 1.00000000
vt 1.00000000 1.00000000
vt 1.00000000 1.00000000
vt 0.00000000 0.00000000
vt 0.00000000 0.00000000
vt 0.00000000 0.00000000
vt 1.00000000 1.00000000
vt 1.00000000 1.00000000
vt 1.00000000 0.00000000
vt 0.00000000 0.00000000
vt 1.00000000 0.00000000
vt 0.00000000 0.00000000
vt 1.00000000 0.00000000
vt 1.00000000 1.00000000
vt 1.00000000 1.00000000
vt 1.00000000 0.00000000
vt 0.00000000 0.00000000
vt 1.00000000 1.00000000
vt 0.00000000 0.00000000
vt 1.00000000 0.00000000
vt 1.00000000 0.00000000
vt 1.00000000 0.00000000
vt 1.00000000 1.00000000
vt 1.00000000 0.00000000
vt 1.00000000 1.00000000
vt 1.00000000 1.00000000
vt 1.00000000 0.00000000
vt 1.00000000 0.00000000
vt 1.00000000 0.00000000
vt 1.00000000 1.00000000
vt 1.00000000 0.00000000
vt 1.00000000 1.00000000
vt 1.00000000 0.00000000
vt 0.00000000 0.00000000
vt 0.00000000 0.00000000
vt 1.00000000 0.00000000
vt 1.00000000 1.00000000
vt 1.00000000 0.00000000
vt 1.00000000 1.00000000
vt 1.00000000 0.00000000
vt 1.00000000 1.00000000
vt 0.00000000 0.00000000
vt 1.00000000 0.00000000
vt 1.00000000 1.00000000
vt 1.00000000 0.00000000
vt 1.00000000 0.00000000
vt 1.00000000 0.00000000
vt 1.00000000 0.00000000
vt 1.00000000 1.00000000
vt 1.00000000 1.00000000
vt 0.00000000 0.00000000
vt 0.00000000 0.00000000
vt 1.00000000 1.00000000
vt 1.00000000 1.00000000
vt 1.00000000 0.00000000
vt 1.00000000 0.00000000
vt 1.00000000 0.00000000
vt 1.00000000 1.00000000
vt 1.00000000 0.00000000
vt 1.00000000 1.00000000
vt 0.00000000 0.00000000
vt 1.00000000 1.00000000
vt 0.00000000 0.00000000
vt 0.00000000 0.00000000
vt 1.00000000 1.00000000
vt 1.00000000 0.00000000
vt 1.00000000 1.00000000
vt 1.00000000 0.00000000
vt 1.00000000 0.00000000
vt 0.00000000 0.00000000
vt 0.00000000 0.00000000
vt 0.00000000 0.00000000
vt 1.00000000 0.00000000
vt 1.00000000 1.00000000
vt 1.00000000 1.00000000
vt 1.00000000 0.00000000
vt 1.00000000 1.00000000
vt 0.00000000 0.00000000
vt 1.00000000 1.00000000
vt 1.00000000 0.00000000
vt 1.00000000 1.00000000
vt 1.00000000 0.00000000
vt 1.00000000 1.00000000
vt 0.00000000 0.00000000
vt 1.00000000 0.00000000
vt 1.00000000 1.00000000
vt 1.00000000 1.00000000
vt 1.00000000 0.00000000
vt 0.00000000 0.00000000
vt 1.00000000 0.00000000
vt 1.00000000 0.00000000
vt 1.00000000 0.00000000
vt 1.00000000 1.00000000
vt 0.00000000 0.00000000
vt 1.00000000 1.00000000
vt 1.00000000 1.00000000
vt 1.00000000 1.00000000
vt 1.00000000 0.00000000
vt 1.00000000 0.00000000
vt 0.00000000 0.00000000
vt 1.00000000 1.00000000
vt 1.00000000 1.00000000
vt 1.00000000 0.00000000
vt 1.00000000 0.00000000
vt 1.00000000 1.00000000
vt 1.00000000 0.00000000
vt 1.00000000 0.00000000
vt 0.00000000 0.00000000
vt 1.00000000 1.00000000
vt 0.00000000 0.00000000
vt 1.00000000 0.00000000
vt 1.00000000 0.00000000
vt 1.00000000 1.00000000
vt 1.00000000 0.00000000
vt 1.00000000 0.00000000
vt 1.00000000 0.00000000
vt 1.00000000 1.00000000
vt 0.00000000 0.00000000
vt 1.00000000 0.00000000
vt 1.00000000 0.00000000
vt 1.00000000 1.00000000
vt 1.00000000 0.00000000
vt 0.00000000 0.00000000
vt 1.00000000 1.00000000
vt 0.00000000 0.00000000
vt 1.00000000 1.00000000
vt 0.00000000 0.00000000
vt 1.00000000 1.00000000
vt 0.00000000 0.00000000
vt 0.00000000 0.00000000
vt 1.00000000 1.00000000
vt 1.00000000 1.00000000
vt 1.00000000 1.00000000
vt 0.00000000 0.00000000
vt 0.00000000 0.00000000
vt 0.00000000 0.00000000
vt 1.00000000 1.00000000
vt 0.00000000 0.00000000
vt 1.00000000 1.00000000
vt 0.00000000 0.00000000
vt 0.00000000 0.00000000
vt 1.00000000 0.00000000
vt 1.00000000 1.00000000
vt 1.00000000 1.00000000
vt 0.00000000 0.00000000
vt 0.00000000 0.00000000
vt 0.00000000 0.00000000
vt 0.00000000 0.00000000
vt 1.00000000 0.00000000
vt 1.00000000 0.00000000
vt 1.00000000 0.00000000
vt 1.00000000 1.00000000
vt 0.00000000 0.00000000
vt 0.00000000 0.00000000
vt 1.00000000 1.00000000
vt 1.00000000 1.00000000
vt 0.00000000 0.00000000
vt 0.00000000 0.00000000
vt 1.00000000 0.00000000
vt 1.00000000 0.00000000
vt 1.00000000 1.00000000
vt 1.00000000 0.00000000
vt 1.00000000 0.00000000
vt 1.00000000 0.00000000
vt 1.00000000 0.00000000
vt 1.00000000 0.00000000
vt 1.00000000 1.00000000
vt 0.00000000 0.00000000
vt 0.00000000 0.00000000
vt 0.00000000 0.00000000
vt 1.00000000 1.00000000
vt 0.00000000 0.00000000
vt 0.00000000 0.00000000
vt 1.00000000 0.00000000
vt 1.00000000 0.00000000
vt 1.00000000 1.00000000
vt 0.00000000 0.00000000
vt 1.00000000 1.00000000
vt 1.00000000 0.00000000
vt 1.00000000 0.00000000
vt 1.00000000 0.00000000
vt 1.00000000 1.00000000
vt 0.00000000 0.00000000
vt 1.00000000 1.00000000
vt 1.00000000 0.00000000
vt 0.00000000 0.00000000
vt 1.00000000 1.00000000
vt 1.00000000 0.00000000
vt 1.00000000 0.00000000
vt 1.00000000 0.00000000
vt 1.00000000 1.00000000
vt 0.00000000 0.00000000
vt 1.00000000 0.00000000
vt 1.00000000 1.00000000
vt 1.00000000 1.00000000
vt 1.00000000 1.00000000
vt 0.00000000 0.00000000
vt 1.00000000 0.00000000
vt 1.00000000 1.00000000
vt 1.00000000 0.00000000
vt 1.00000000 0.00000000
vt 1.00000000 0.00000000
vt 1.00000000 1.00000000
vt 1.00000000 1.00000000
vt 1.00000000 0.00000000
vt 0.00000000 0.00000000
vt 1.00000000 1.00000000
vt 1.00000000 1.00000000
vt 0.00000000 0.00000000
vt 1.00000000 1.00000000
vt 1.00000000 0.00000000
vt 1.00000000 0.00000000
vt 1.00000000 1.00000000
vt 1.00000000 0.00000000
vt 1.00000000 0.00000000
vt 1.00000000 1.00000000
vt 1.00000000 1.00000000
vt 0.00000000 0.00000000
vt 0.00000000 0.00000000
vt 1.00000000 1.00000000
vt 1.00000000 1.00000000
vt 1.00000000 1.00000000
vt 0.00000000 0.00000000
vt 0.00000000 0.00000000
vt 1.00000000 1.00000000
vt 0.00000000 0.00000000
vt 0.00000000 0.00000000
vt 0.00000000 0.00000000
vt 1.00000000 1.00000000
vt 0.00000000 0.00000000
vt 1.00000000 1.00000000
vt 1.00000000 0.00000000
vt 0.00000000 0.00000000
vt 0.00000000 0.00000000
vt 1.00000000 1.00000000
vt 1.00000000 1.00000000
vt 0.00000000 0.00000000
vt 1.00000000 1.00000000
vt 0.00000000 0.00000000
vt 1.00000000 1.00000000
vt 0.00000000 0.00000000
vt 0.00000000 0.00000000
vt 1.00000000 0.00000000
vt 1.00000000 1.00000000
vt 1.00000000 0.00000000
vt 1.00000000 1.00000000
vt 1.00000000 0.00000000
vt 0.00000000 0.00000000
vt 1.00000000 1.00000000
vt 0.00000000 0.00000000
vt 0.00000000 0.00000000
vt 1.00000000 1.00000000
vt 1.00000000 0.00000000
vt 1.00000000 1.00000000
vt 1.00000000 0.00000000
vt 1.00000000 1.00000000
vt 1.00000000 0.00000000
vt 1.00000000 1.00000000
vt 1.00000000 1.00000000
vt 0.00000000 0.00000000
vt 0.00000000 0.00000000
vt 0.00000000 0.00000000
vt 1.00000000 0.00000000
vt 1.00000000 1.00000000
vt 1.00000000 1.00000000
vt 1.00000000 0.00000000
vt 1.00000000 0.00000000
vt 1.00000000 1.00000000
vt 1.00000000 1.00000000
vt 0.00000000 0.00000000
vt 1.00000000 0.00000000
vt 1.00000000 0.00000000
vt 1.00000000 0.00000000
vt 1.00000000 1.00000000
vt 1.00000000 1.00000000
vt 0.00000000 0.00000000
vt 1.00000000 0.00000000
vt 1.00000000 1.00000000
vt 1.00000000 1.00000000
vt 0.00000000 0.00000000
vt 1.00000000 0.00000000
vt 1.00000000 1.00000000
vt 1.00000000 1.00000000
vt 0.00000000 0.00000000
vt 1.00000000 1.00000000
vt 1.00000000 1.00000000
vt 1.00000000 0.00000000
vt 0.00000000 0.00000000
vt 1.00000000 1.00000000
vt 0.00000000 0.00000000
vt 1.00000000 1.00000000
vt 1.00000000 0.00000000
vt 1.00000000 1.00000000
vt 0.00000000 0.00000000
vt 1.00000000 1.00000000
vt 0.00000000 0.00000000
vt 1.00000000 0.00000000
vt 0.00000000 0.00000000
vt 1.00000000 1.00000000
vt 1.00000000 1.00000000
vt 1.00000000 0.00000000
vt 1.00000000 1.00000000
vt 0.00000000 0.00000000
vt 1.00000000 0.00000000
vt 1.00000000 1.00000000
vt 1.00000000 1.00000000
vt 0.00000000 0.00000000
vt 1.00000000 1.00000000
vt 0.00000000 0.00000000
vt 1.00000000 0.00000000
vt 1.00000000 0.00000000
vt 1.00000000 1.00000000
vt 1.00000000 1.00000000
vt 0.00000000 0.00000000
vt 0.00000000 0.00000000
vt 1.00000000 0.00000000
vt 1.00000000 1.00000000
vt 1.00000000 0.00000000
vt 0.00000000 0.00000000
vt 0.00000000 0.00000000
vt 1.00000000 1.00000000
vt 1.00000000 0.00000000
vt 1.00000000 0.00000000
vt 1.00000000 1.00000000
vt 0.00000000 0.00000000
vt 0.00000000 0.00000000
vt 1.00000000 1.00000000
vt 1.00000000 1.00000000
vt 1.00000000 0.00000000
vt 1.00000000 1.00000000
vt 0.00000000 0.00000000
vt 0.00000000 0.00000000
vt 1.00000000 0.00000000
vt 1.00000000 0.00000000
vt 1.00000000 1.00000000
vt 1.00000000 1.00000000
vt 0.00000000 0.00000000
vt 0.00000000 0.00000000
vt 0.00000000 0.00000000
vt 1.00000000 1.00000000
vt 1.00000000 1.00000000
vt 1.00000000 0.00000000
vt 1.00000000 0.00000000
vt 0.00000000 0.00000000
vt 0.00000000 0.00000000
vt 0.00000000 0.00000000
vt 1.00000000 1.00000000
vt 1.00000000 1.00000000
vt 1.00000000 0.00000000
vt 1.00000000 0.00000000
vt 0.00000000 0.00000000
vt 1.00000000 1.00000000
vt 1.00000000 0.00000000
vt 1.00000000 1.00000000
vt 1.00000000 1.00000000
vt 0.00000000 0.00000000
vt 1.00000000 0.00000000
vt 1.00000000 1.00000000
vt 1.00000000 0.00000000
vt 0.00000000 0.00000000
vt 1.00000000 1.00000000
vt 1.00000000 1.00000000
vt 0.00000000 0.00000000
vt 1.00000000 1.00000000
vt 0.00000000 0.00000000
vt 1.00000000 0.00000000
vt 1.00000000 0.00000000
vt 1.00000000 1.00000000
vt 1.00000000 0.00000000
vt 1.00000000 1.00000000
vt 0.00000000 0.00000000
vt 0.00000000 0.00000000
vt 0.00000000 0.00000000
vt 1.00000000 1.00000000
vt 1.00000000 0.00000000
vt 0.00000000 0.00000000
vt 1.00000000 1.00000000
vt 1.00000000 1.00000000
vt 1.00000000 0.00000000
vt 1.00000000 0.00000000
vt 0.00000000 0.00000000
vt 0.00000000 0.00000000
vt 1.00000000 1.00000000
vt 1.00000000 0.00000000
vt 1.00000000 1.00000000
vt 1.00000000 1.00000000
vt 0.00000000 0.00000000
vt 0.00000000 0.00000000
vt 1.00000000 0.00000000
vt 1.00000000 0.00000000
vt 1.00000000 0.00000000
vt 1.00000000 1.00000000
vt 1.00000000 1.00000000
vt 0.00000000 0.00000000
vt 0.00000000 0.00000000
vt 1.00000000 0.00000000
vt 1.00000000 1.00000000
vt 1.00000000 1.00000000
vt 0.00000000 0.00000000
vt 0.00000000 0.00000000
vt 1.00000000 0.00000000
vt 1.00000000 0.00000000
vt 1.00000000 0.00000000
vt 1.00000000 1.00000000
vt 1.00000000 1.00000000
vt 1.00000000 0.00000000
vt 0.00000000 0.00000000
vt 0.00000000 0.00000000
vt 1.00000000 1.00000000
vt 1.00000000 0.00000000
vt 1.00000000 0.00000000
vt 0.00000000 0.00000000
vt 1.00000000 0.00000000
vt 1.00000000 1.00000000
vt 0.00000000 0.00000000
vt 1.00000000 1.00000000
vt 0.00000000 0.00000000
vt 1.00000000 0.00000000
vt 1.00000000 1.00000000
vt 1.00000000 0.00000000
vt 0.00000000 0.00000000
vt 1.00000000 1.00000000
vt 1.00000000 0.00000000
vt 1.00000000 1.00000000
vt 1.00000000 1.00000000
vt 1.00000000 0.00000000
vt 0.00000000 0.00000000
vt 0.00000000 0.00000000
vt 1.00000000 1.00000000
vt 1.00000000 0.00000000
vt 0.00000000 0.00000000
vt 1.00000000 1.00000000
vt 1.00000000 0.00000000
vt 0.00000000 0.00000000
vt 1.00000000 0.00000000
vt 1.00000000 1.00000000
vt 1.00000000 1.00000000
vt 0.00000000 0.00000000
vt 1.00000000 0.00000000
vt 0.00000000 0.00000000
vt 1.00000000 1.00000000
vt 0.00000000 0.00000000
vt 0.00000000 0.00000000
vt 1.00000000 1.00000000
vt 1.00000000 0.00000000
vt 1.00000000 0.00000000
vt 0.00000000 0.00000000
vt 1.00000000 1.00000000
vt 0.00000000 0.00000000
vt 1.00000000 0.00000000
vt 1.00000000 0.00000000
vt 1.00000000 1.00000000
vt 1.00000000 1.00000000
vt 0.00000000 0.00000000
vt 0.00000000 0.00000000
vt 1.00000000 0.00000000
vt 1.00000000 1.00000000
vt 1.00000000 0.00000000
vt 1.00000000 0.00000000
vt 1.00000000 1.00000000
vt 0.00000000 0.00000000
vt 1.00000000 1.00000000
vt 0.00000000 0.00000000
vt 1.00000000 0.00000000
vt 1.00000000 0.00000000
vt 0.00000000 0.00000000
vt 1.00000000 1.00000000
vt 1.00000000 1.00000000
vt 0.00000000 0.00000000
vt 0.00000000 0.00000000
vt 1.00000000 0.00000000
vt 1.00000000 1.00000000
vt 1.00000000 1.00000000
vt 1.00000000 0.00000000
vt 0.00000000 0.00000000
vt 1.00000000 0.00000000
vt 1.00000000 1.00000000
vt 1.00000000 1.00000000
vt 1.00000000 0.00000000
vt 0.00000000 0.00000000
vt 1.00000000 1.00000000
vt 0.00000000 0.00000000
vt 1.00000000 1.00000000
vt 1.00000000 0.00000000
vt 1.00000000 0.00000000
vt 0.00000000 0.00000000
vt 0.00000000 0.00000000
vt 1.00000000 1.00000000
vt 1.00000000 0.00000000
vt 1.00000000 1.00000000
vt 0.00000000 0.00000000
vt 1.00000000 1.00000000
vt 1.00000000 0.00000000
vt 1.00000000 1.00000000
vt 0.00000000 0.00000000
vt 1.00000000 0.00000000
vt 1.00000000 1.00000000
vt 1.00000000 1.00000000
vt 1.00000000 0.00000000
vt 0.00000000 0.00000000
vt 0.00000000 0.00000000
vt 1.00000000 1.00000000
vt 0.00000000 0.00000000
vt 1.00000000 1.00000000
vt 0.00000000 0.00000000
vt 0.00000000 0.00000000
vt 0.00000000 0.00000000
vt 1.00000000 1.00000000
vt 1.00000000 1.00000000
vt 1.00000000 0.00000000
vt 0.00000000 0.00000000
vt 1.00000000 1.00000000
vt 0.00000000 0.00000000
vt 1.00000000 1.00000000
vt 1.00000000 0.00000000
vt 1.00000000 1.00000000
vt 1.00000000 1.00000000
vt 0.00000000 0.00000000
vt 0.00000000 0.00000000
vt 0.00000000 0.00000000
vt 0.00000000 0.00000000
vt 0.00000000 0.00000000
vt 0.00000000 0.00000000
vt 1.00000000 1.00000000
vt 1.00000000 1.00000000
vt 0.00000000 0.00000000
vt 1.00000000 1.00000000
vt 1.00000000 0.00000000
vt 1.00000000 1.00000000
vt 0.00000000 0.00000000
vt 1.00000000 0.00000000
vt 1.00000000 1.00000000
vt 0.00000000 0.00000000
vt 1.00000000 0.00000000
vt 0.00000000 0.00000000
vt 1.00000000 0.00000000
vt 1.00000000 1.00000000
vt 0.00000000 0.00000000
vt 1.00000000 1.00000000
vt 0.00000000 0.00000000
vt 1.00000000 1.00000000
vt 0.00000000 0.00000000
vt 1.00000000 0.00000000
vt 0.00000000 0.00000000
vt 1.00000000 1.00000000
vt 1.00000000 1.00000000
vt 0.00000000 0.00000000
vt 1.00000000 0.00000000
vt 0.00000000 0.00000000
vt 1.00000000 0.00000000
vt 1.00000000 1.00000000
vt 1.00000000 1.00000000
vt 0.00000000 0.00000000
vt 0.00000000 0.00000000
vt 1.00000000 0.00000000
vt 1.00000000 1.00000000
vt 1.00000000 0.00000000
vt 1.00000000 1.00000000
vt 0.00000000 0.00000000
vt 0.00000000 0.00000000
vt 1.00000000 1.00000000
vt 1.00000000 0.00000000
vt 1.00000000 0.00000000
vt 1.00000000 0.00000000
vt 1.00000000 0.00000000
vt 0.00000000 0.00000000
vt 1.00000000 0.00000000
vt 1.00000000 1.00000000
vt 0.00000000 0.00000000
vt 1.00000000 1.00000000
vt 1.00000000 0.00000000
vt 0.00000000 0.00000000
vt 0.00000000 0.00000000
vt 1.00000000 0.00000000
vt 0.00000000 0.00000000
vt 1.00000000 1.00000000
vt 1.00000000 1.00000000
vt 1.00000000 1.00000000
vt 1.00000000 0.00000000
vt 1.00000000 1.00000000
vt 0.00000000 0.00000000
vt 0.00000000 0.00000000
vt 0.00000000 0.00000000
vt 0.00000000 0.00000000
vt 1.00000000 0.00000000
vt 1.00000000 1.00000000
vt 1.00000000 1.00000000
vt 1.00000000 0.00000000
vt 0.00000000 0.00000000
vt 1.00000000 0.00000000
vt 0.00000000 0.00000000
vt 1.00000000 0.00000000
vt 1.00000000 1.00000000
vt 1.00000000 1.00000000
vt 1.00000000 1.00000000
vt 1.00000000 1.00000000
vt 0.00000000 0.00000000
vt 1.00000000 1.00000000
vt 0.00000000 0.00000000
vt 1.00000000 1.00000000
vt 0.00000000 0.00000000
vt 1.00000000 0.00000000
vt 1.00000000 0.00000000
vt 1.00000000 0.00000000
vt 0.00000000 0.00000000
vt 0.00000000 0.00000000
vt 0.00000000 0.00000000
vt 1.00000000 1.00000000
vt 1.00000000 1.00000000
vt 1.00000000 0.00000000
vt 1.00000000 0.00000000
vt 1.00000000 0.00000000
vt 1.00000000 0.00000000
vt 1.00000000 1.00000000
vt 0.00000000 0.00000000
vt 1.00000000 1.00000000
vt 0.00000000 0.00000000
vt 0.00000000 0.00000000
vt 0.00000000 0.00000000
vt 1.00000000 1.00000000
vt 1.00000000 0.00000000
vt 1.00000000 1.00000000
vt 1.00000000 0.00000000
vt 1.00000000 0.00000000
vt 1.00000000 1.00000000
vt 0.00000000 0.00000000
vt 0.00000000 0.00000000
vt 1.00000000 0.00000000
vt 1.00000000 1.00000000
vt 1.00000000 0.00000000
vt 1.00000000 1.00000000
vt 0.00000000 0.00000000
vt 1.00000000 0.00000000
vt 0.00000000 0.00000000
vt 1.00000000 1.00000000
vt 1.00000000 0.00000000
vt 1.00000000 1.00000000
vt 1.00000000 0.00000000
vt 0.00000000 0.00000000
vt 1.00000000 1.00000000
vt 0.00000000 0.00000000
vt 1.00000000 0.00000000
vt 0.00000000 0.00000000
vt 1.00000000 0.00000000
vt 1.00000000 1.00000000
vt 1.00000000 1.00000000
vt 0.00000000 0.00000000
vt 1.00000000 0.00000000
vt 1.00000000 1.00000000
vt 1.00000000 1.00000000
vt 0.00000000 0.00000000
vt 0.00000000 0.00000000
vt 1.00000000 0.00000000
vt 1.00000000 1.00000000
vt 0.00000000 0.00000000
vt 1.00000000 1.00000000
vt 1.00000000 0.00000000
vt 0.00000000 0.00000000
vt 1.00000000 1.00000000
vt 0.00000000 0.00000000
vt 1.00000000 0.00000000
vt 1.00000000 1.00000000
vt 0.00000000 0.00000000
vt 1.00000000 0.00000000
vt 0.00000000 0.00000000
vt 1.00000000 1.00000000
vt 1.00000000 0.00000000
vt 0.00000000 0.00000000
vt 1.00000000 1.00000000
vt 0.00000000 0.00000000
vt 1.00000000 1.00000000
vt 1.00000000 1.00000000
vt 1.00000000 0.00000000
vt 0.00000000 0.00000000
vt 0.00000000 0.00000000
vt 1.00000000 0.00000000
vt 1.00000000 1.00000000
vt 1.00000000 0.00000000
vt 1.00000000 1.00000000
vt 0.00000000 0.00000000
vt 1.00000000 0.00000000
vt 0.00000000 0.00000000
vt 1.00000000 0.00000000
vt 1.00000000 0.00000000
vt 1.00000000 0.00000000
vt 1.00000000 1.00000000
vt 1.00000000 1.00000000
vt 0.00000000 0.00000000
vt 0.00000000 0.00000000
vt 1.00000000 0.00000000
vt 0.00000000 0.00000000
vt 1.00000000 1.00000000
vt 1.00000000 0.00000000
vt 0.00000000 0.00000000
vt 1.00000000 1.00000000
vt 1.00000000 1.00000000
vt 1.00000000 0.00000000
vt 0.00000000 0.00000000
vt 1.00000000 0.00000000
vt 1.00000000 1.00000000
vt 0.00000000 0.00000000
vt 1.00000000 1.00000000
vt 1.00000000 1.00000000
vt 1.00000000 0.00000000
vt 0.00000000 0.00000000
vt 1.00000000 0.00000000
vt 0.00000000 0.00000000
vt 1.00000000 1.00000000
vt 0.00000000 0.00000000
vt 0.00000000 0.00000000
vt 1.00000000 1.00000000
vt 1.00000000 0.00000000
vt 1.00000000 0.00000000
vt 1.00000000 0.00000000
vt 1.00000000 1.00000000
vt 0.00000000 0.00000000
vt 0.00000000 0.00000000
vt 1.00000000 1.00000000
vt 0.00000000 0.00000000
vt 0.00000000 0.00000000
vt 1.00000000 1.00000000
vt 1.00000000 1.00000000
vt 1.00000000 0.00000000
vt 1.00000000 0.00000000
vt 0.00000000 0.00000000
vt 0.00000000 0.00000000
vt 1.00000000 1.00000000
vt 1.00000000 0.00000000
vt 1.00000000 1.00000000
vt 1.00000000 0.00000000
vt 1.00000000 1.00000000
vt 0.00000000 0.00000000
vt 1.00000000 0.00000000
vt 0.00000000 0.00000000
vt 1.00000000 1.00000000
vt 0.00000000 0.00000000
vt 1.00000000 1.00000000
vt 1.00000000 1.00000000
vt 1.00000000 0.00000000
vt 0.00000000 0.00000000
vt 0.00000000 0.00000000
vt 1.00000000 0.00000000
vt 0.00000000 0.00000000
vt 1.00000000 1.00000000
vt 1.00000000 1.00000000
vt 1.00000000 0.00000000
vt 0.00000000 0.00000000
vt 0.00000000 0.00000000
vt 0.00000000 0.00000000
vt 1.00000000 1.00000000
vt 1.00000000 1.00000000
vt 0.00000000 0.00000000
vt 1.00000000 1.00000000
vt 1.00000000 1.00000000
vt 1.00000000 0.00000000
vt 1.00000000 0.00000000
vt 0.00000000 0.00000000
vt 1.00000000 1.00000000
vt 0.00000000 0.00000000
vt 1.00000000 0.00000000
vt 1.00000000 1.00000000
vt 1.00000000 1.00000000
vt 0.00000000 0.00000000
vt 1.00000000 1.00000000
vt 1.00000000 1.00000000
vt 0.00000000 0.00000000
vt 0.00000000 0.00000000
vt 0.00000000 0.00000000
vt 1.00000000 1.00000000
vt 0.00000000 0.00000000
vt 0.00000000 0.00000000
vt 0.00000000 0.00000000
vt 1.00000000 1.00000000
vt 1.00000000 0.00000000
vt 0.00000000 0.00000000
vt 1.00000000 1.00000000
vt 1.00000000 0.00000000
vt 1.00000000 1.00000000
vt 1.00000000 1.00000000
vt 0.00000000 0.00000000
vt 0.00000000 0.00000000
vt 1.00000000 1.00000000
vt 0.00000000 0.00000000
vt 1.00000000 1.00000000
vt 0.00000000 0.00000000
vt 0.00000000 0.00000000
vt 1.00000000 0.00000000
vt 1.00000000 1.00000000
vt 1.00000000 1.00000000
vt 1.00000000 1.00000000
vt 1.00000000 1.00000000
vt 1.00000000 0.00000000
vt 1.00000000 0.00000000
vt 1.00000000 1.00000000
vt 1.00000000 0.00000000
vt 1.00000000 0.00000000
vt 1.00000000 1.00000000
vt 1.00000000 1.00000000
vt 1.00000000 1.00000000
vt 1.00000000 0.00000000
vt 1.00000000 1.00000000
vt 0.00000000 0.00000000
vt 1.00000000 1.00000000
vt 1.00000000 1.00000000
vt 1.00000000 1.00000000
vt 1.00000000 1.00000000
vt 1.00000000 0.00000000
vt 1.00000000 0.00000000
vt 1.00000000 1.00000000
vt 1.00000000 1.00000000
vt 0.00000000 0.00000000
vt 1.00000000 1.00000000
vt 1.00000000 0.00000000
vt 1.00000000 1.00000000
vt 0.00000000 0.00000000
vt 0.00000000 0.00000000
vt 1.00000000 1.00000000
vt 0.00000000 0.00000000
vt 0.00000000 0.00000000
vt 1.00000000 1.00000000
vt 1.00000000 0.00000000
vt 1.00000000 0.00000000
vt 0.00000000 0.00000000
vt 1.00000000 0.00000000
vt 1.00000000 0.00000000
vt 0.00000000 0.00000000
vt 1.00000000 1.00000000
vt 1.00000000 1.00000000
vt 0.00000000 0.00000000
vt 1.00000000 1.00000000
vt 0.00000000 0.00000000
vt 1.00000000 1.00000000
vt 0.00000000 0.00000000
vt 0.00000000 0.00000000
vt 1.00000000 1.00000000
vt 1.00000000 0.00000000
vt 1.00000000 0.00000000
vt 1.00000000 0.00000000
vt 1.00000000 0.00000000
vt 0.00000000 0.00000000
vt 1.00000000 1.00000000
vt 0.00000000 0.00000000
vt 1.00000000 0.00000000
vt 1.00000000 1.00000000
vt 0.00000000 0.00000000
vt 1.00000000 1.00000000
vt 1.00000000 0.00000000
vt 1.00000000 0.00000000
vt 1.00000000 1.00000000
vt 1.00000000 0.00000000
vt 1.00000000 1.00000000
vt 1.00000000 0.00000000
vt 1.00000000 1.00000000
vt 1.00000000 1.00000000
vt 0.00000000 0.00000000
vt 0.00000000 0.00000000
vt 1.00000000 1.00000000
vt 1.00000000 0.00000000
vt 1.00000000 0.00000000
vt 1.00000000 1.00000000
vt 1.00000000 0.00000000
vt 1.00000000 0.00000000
vt 0.00000000 0.00000000
vt 1.00000000 1.00000000
vt 1.00000000 0.00000000
vt 1.00000000 1.00000000
vt 1.00000000 1.00000000
vt 0.00000000 0.00000000
vt 1.00000000 1.00000000
vt 1.00000000 0.00000000
vt 1.00000000 1.00000000
vt 0.00000000 0.00000000
vt 1.00000000 1.00000000
vt 1.00000000 0.00000000
vt 0.00000000 0.00000000
vt 1.00000000 0.00000000
vt 0.00000000 0.00000000
vt 0.00000000 0.00000000
vt 1.00000000 1.00000000
vt 1.00000000 0.00000000
vt 1.00000000 0.00000000
vt 0.00000000 0.00000000
vt 1.00000000 1.00000000
vt 0.00000000 0.00000000
vt 1.00000000 1.00000000
vt 1.00000000 0.00000000
vt 1.00000000 0.00000000
vt 1.00000000 0.00000000
vt 1.00000000 1.00000000
vt 1.00000000 1.00000000
vt 0.00000000 0.00000000
vt 1.00000000 0.00000000
vt 1.00000000 0.00000000
vt 1.00000000 1.00000000
vt 1.00000000 1.00000000
vt 0.00000000 0.00000000
vt 1.00000000 1.00000000
vt 1.00000000 1.00000000
vt 1.00000000 1.00000000
vt 0.00000000 0.00000000
vt 1.00000000 0.00000000
vt 1.00000000 0.00000000
vt 1.00000000 0.00000000
vt 1.00000000 1.00000000
vt 1.00000000 0.00000000
vt 1.00000000 0.00000000
vt 1.00000000 0.00000000
vt 1.00000000 1.00000000
vt 1.00000000 1.00000000
vt 1.00000000 0.00000000
vt 1.00000000 1.00000000
vt 1.00000000 1.00000000
vt 1.00000000 1.00000000
vt 1.00000000 1.00000000
vt 1.00000000 0.00000000
vt 1.00000000 0.00000000
vt 1.00000000 0.00000000
vt 0.00000000 0.00000000
vt 1.00000000 1.00000000
vt 0.00000000 0.00000000
vt 0.00000000 0.00000000
vt 1.00000000 1.00000000
vt 1.00000000 1.00000000
vt 1.00000000 1.00000000
vt 1.00000000 0.00000000
vt 1.00000000 1.00000000
vt 1.00000000 1.00000000
vt 1.00000000 0.00000000
vt 1.00000000 1.00000000
vt 0.00000000 0.00000000
vt 1.00000000 0.00000000
vt 0.00000000 0.00000000
vt 0.00000000 0.00000000
vt 1.00000000 1.00000000
vt 0.00000000 0.00000000
vt 1.00000000 0.00000000
vt 0.00000000 0.00000000
vt 1.00000000 0.00000000
vt 1.00000000 1.00000000
vt 1.00000000 0.00000000
vt 0.00000000 0.00000000
vt 1.00000000 1.00000000
vt 0.00000000 0.00000000
vt 0.00000000 0.00000000
vt 1.00000000 1.00000000
vt 1.00000000 0.00000000
vt 1.00000000 0.00000000
vt 0.00000000 0.00000000
vt 1.00000000 1.00000000
vt 0.00000000 0.00000000
vt 0.00000000 0.00000000
vt 1.00000000 1.00000000
vt 1.00000000 1.00000000
vt 1.00000000 1.00000000
vt 0.00000000 0.00000000
vt 1.00000000 0.00000000
vt 1.00000000 0.00000000
vt 1.00000000 1.00000000
vt 0.00000000 0.00000000
vt 1.00000000 0.00000000
vt 1.00000000 1.00000000
vt 1.00000000 0.00000000
vt 1.00000000 0.00000000
vt 0.00000000 0.00000000
vt 1.00000000 0.00000000
vt 1.00000000 0.00000000
vt 0.00000000 0.00000000
vt 0.00000000 0.00000000
vt 1.00000000 1.00000000
vt 1.00000000 1.00000000
vt 1.00000000 1.00000000
vt 1.00000000 1.00000000
vt 1.00000000 0.00000000
vt 0.00000000 0.00000000
vt 0.00000000 0.00000000
vt 1.00000000 0.00000000
vt 1.00000000 1.00000000
vt 1.00000000 0.00000000
vt 0.00000000 0.00000000
vt 1.00000000 1.00000000
vt 1.00000000 0.00000000
vt 0.00000000 0.00000000
vt 1.00000000 1.00000000
vt 1.00000000 0.00000000
vt 1.00000000 1.00000000
vt 1.00000000 0.00000000
vt 1.00000000 0.00000000
vt 1.00000000 0.00000000
vt 1.00000000 0.00000000
vt 1.00000000 1.00000000
vt 0.00000000 0.00000000
vt 0.00000000 0.00000000
vt 1.00000000 0.00000000
vt 1.00000000 0.00000000
vt 1.00000000 1.00000000
vt 1.00000000 1.00000000
vt 1.00000000 1.00000000
vt 0.00000000 0.00000000
vt 1.00000000 0.00000000
vt 1.00000000 0.00000000
vt 1.00000000 0.00000000
vt 0.00000000 0.00000000
vt 0.00000000 0.00000000
vt 1.00000000 1.00000000
vt 0.00000000 0.00000000
vt 0.00000000 0.00000000
vt 0.00000000 0.00000000
vt 1.00000000 0.00000000
vt 1.00000000 1.00000000
vt 0.00000000 0.00000000
vt 0.00000000 0.00000000
vt 1.00000000 1.00000000
vt 1.00000000 1.00000000
vt 0.00000000 0.00000000
vt 1.00000000 1.00000000
vt 1.00000000 0.00000000
vt 1.00000000 0.00000000
vt 1.00000000 1.00000000
vt 0.00000000 0.00000000
vt 1.00000000 1.00000000
vt 0.00000000 0.00000000
vt 0.00000000 0.00000000
vt 1.00000000 1.00000000
vt 1.00000000 0.00000000
vt 0.00000000 0.00000000
vt 1.00000000 1.00000000
vt 1.00000000 0.00000000
vt 0.00000000 0.00000000
vt 1.00000000 0.00000000
vt 0.00000000 0.00000000
vt 1.00000000 1.00000000
vt 1.00000000 1.00000000
vt 1.00000000 0.00000000
vt 1.00000000 0.00000000
vt 1.00000000 1.00000000
vt 0.00000000 0.00000000
vt 0.00000000 0.00000000
vt 1.00000000 0.00000000
vt 1.00000000 0.00000000
vt 1.00000000 0.00000000
vt 1.00000000 1.00000000
vt 1.00000000 1.00000000
vt 1.00000000 1.00000000
vt 1.00000000 0.00000000
vt 1.00000000 1.00000000
vt 0.00000000 0.00000000
vt 1.00000000 0.00000000
vt 0.00000000 0.00000000
vt 1.00000000 0.00000000
vt 1.00000000 0.00000000
vt 1.00000000 1.00000000
vt 1.00000000 0.00000000
vt 1.00000000 0.00000000
vt 1.00000000 1.00000000
vt 1.00000000 0.00000000
vt 0.00000000 0.00000000
vt 0.00000000 0.00000000
vt 1.00000000 1.00000000
vt 1.00000000 1.00000000
vt 0.00000000 0.00000000
vt 0.00000000 0.00000000
vt 1.00000000 0.00000000
vt 1.00000000 1.00000000
vt 0.00000000 0.00000000
vt 1.00000000 1.00000000
vt 0.00000000 0.00000000
vt 1.00000000 0.00000000
vt 0.00000000 0.00000000
vt 1.00000000 0.00000000
vt 1.00000000 1.00000000
vt 1.00000000 1.00000000
vt 1.00000000 1.00000000
vt 1.00000000 1.00000000
vt 0.00000000 0.00000000
vt 0.00000000 0.00000000
vt 1.00000000 1.00000000
vt 0.00000000 0.00000000
vt 0.00000000 0.00000000
vt 1.00000000 0.00000000
vt 0.00000000 0.00000000
vt 0.00000000 0.00000000
vt 1.00000000 1.00000000
vt 1.00000000 1.00000000
vt 1.00000000 0.00000000
vt 0.00000000 0.00000000
vt 1.00000000 1.00000000
vt 1.00000000 1.00000000
vt 1.00000000 0.00000000
vt 1.00000000 0.00000000
vt 1.00000000 1.00000000
vt 1.00000000 0.00000000
vt 0.00000000 0.00000000
vt 1.00000000 0.00000000
vt 1.00000000 1.00000000
vt 1.00000000 1.00000000
vt 1.00000000 0.00000000
vt 0.00000000 0.00000000
vt 1.00000000 0.00000000
vt 1.00000000 1.00000000
vt 1.00000000 0.00000000
vt 1.00000000 0.00000000
vt 1.00000000 1.00000000
vt 1.00000000 1.00000000
vt 0.00000000 0.00000000
vt 1.00000000 0.00000000
vt 1.00000000 1.00000000
vt 0.00000000 0.00000000
vt 1.00000000 0.00000000
vt 1.00000000 0.00000000
vt 0.00000000 0.00000000
vt 1.00000000 0.00000000
vt 1.00000000 0.00000000
vt 1.00000000 1.00000000
vt 1.00000000 1.00000000
vt 1.00000000 1.00000000
vt 1.00000000 1.00000000
vt 0.00000000 0.00000000
vt 1.00000000 0.00000000
vt 1.00000000 0.00000000
vt 1.00000000 1.00000000
vt 1.00000000 1.00000000
vt 0.00000000 0.00000000
vt 0.00000000 0.00000000
vt 1.00000000 0.00000000
vt 0.00000000 0.00000000
vt 1.00000000 0.00000000
vt 1.00000000 1.00000000
vt 1.00000000 1.00000000
vt 1.00000000 0.00000000
vt 0.00000000 0.00000000
vt 1.00000000 1.00000000
vt 0.00000000 0.00000000
vt 1.00000000 0.00000000
vt 0.00000000 0.00000000
vt 0.00000000 0.00000000
vt 1.00000000 1.00000000
vt 0.00000000 0.00000000
vt 0.00000000 0.00000000
vt 1.00000000 0.00000000
vt 1.00000000 0.00000000
vt 1.00000000 1.00000000
vt 1.00000000 0.00000000
vt 1.00000000 0.00000000
vt 1.00000000 0.00000000
vt 1.00000000 0.00000000
vt 0.00000000 0.00000000
vt 1.00000000 1.00000000
vt 0.00000000 0.00000000
vt 1.00000000 0.00000000
vt 1.00000000 1.00000000
vt 1.00000000 1.00000000
vt 1.00000000 1.00000000
vt 1.00000000 0.00000000
vt 1.00000000 0.00000000
vt 1.00000000 0.00000000
vt 1.00000000 0.00000000
vt 1.00000000 0.00000000
vt 1.00000000 1.00000000
vt 1.00000000 0.00000000
vt 0.00000000 0.00000000
vt 1.00000000 0.00000000
vt 1.00000000 1.00000000
vt 1.00000000 1.00000000
vt 1.00000000 0.00000000
vt 1.00000000 1.00000000
vt 0.00000000 0.00000000
vt 1.00000000 1.00000000
vt 1.00000000 0.00000000
vt 1.00000000 0.00000000
vt 1.00000000 0.00000000
vt 1.00000000 0.00000000
vt 1.00000000 0.00000000
vt 1.00000000 1.00000000
vt 1.00000000 0.00000000
vt 1.00000000 0.00000000
vt 0.00000000 0.00000000
vt 1.00000000 1.00000000
vt 0.00000000 0.00000000
vt 1.00000000 0.00000000
vt 1.00000000 1.00000000
vt 0.00000000 0.00000000
vt 1.00000000 0.00000000
vt 1.00000000 0.00000000
vt 1.00000000 1.00000000
vt 0.00000000 0.00000000
vt 0.00000000 0.00000000
vt 1.00000000 1.00000000
vt 1.00000000 0.00000000
vt 1.00000000 0.00000000
vt 1.00000000 1.00000000
vt 1.00000000 0.00000000
vt 0.00000000 0.00000000
vt 1.00000000 1.00000000
vt 1.00000000 1.00000000
vt 1.00000000 1.00000000
vt 1.00000000 1.00000000
vt 1.00000000 0.00000000
vt 1.00000000 0.00000000
vt 0.00000000 0.00000000
vt 0.00000000 0.00000000
vt 1.00000000 1.00000000
vt 1.00000000 0.00000000
vt 0.00000000 0.00000000
vt 1.00000000 0.00000000
vt 0.00000000 0.00000000
vt 1.00000000 0.00000000
vt 1.00000000 0.00000000
vt 1.00000000 1.00000000
vt 1.00000000 1.00000000
vt 0.00000000 0.00000000
vt 1.00000000 0.00000000
vt 1.00000000 1.00000000
vt 1.00000000 0.00000000
vt 1.00000000 1.00000000
vt 1.00000000 0.00000000
vt 1.00000000 1.00000000
vt 0.00000000 0.00000000
vt 0.00000000 0.00000000
vt 0.00000000 0.00000000
vt 0.00000000 0.00000000
vt 1.00000000 1.00000000
vt 0.00000000 0.00000000
vt 1.00000000 0.00000000
vt 1.00000000 0.00000000
vt 0.00000000 0.00000000
vt 1.00000000 1.00000000
vt 1.00000000 1.00000000
vt 1.00000000 1.00000000
vt 0.00000000 0.00000000
vt 1.00000000 1.00000000
vt 0.00000000 0.00000000
vt 0.00000000 0.00000000
vt 0.00000000 0.00000000
vt 1.00000000 1.00000000
vt 0.00000000 0.00000000
vt 0.00000000 0.00000000
vt 1.00000000 1.00000000
vt 1.00000000 1.00000000
vt 1.00000000 0.00000000
vt 0.00000000 0.00000000
vt 0.00000000 0.00000000
vt 1.00000000 0.00000000
vt 1.00000000 0.00000000
vt 0.00000000 0.00000000
vt 1.00000000 1.00000000
vt 0.00000000 0.00000000
vt 1.00000000 0.00000000
vt 1.00000000 1.00000000
vt 1.00000000 1.00000000
vt 0.00000000 0.00000000
vt 1.00000000 1.00000000
vt 1.00000000 0.00000000
vt 0.00000000 0.00000000
vt 0.00000000 0.00000000
vt 0.00000000 0.00000000
vt 1.00000000 1.00000000
vt 0.00000000 0.00000000
vt 1.00000000 1.00000000
vt 1.00000000 0.00000000
vt 0.00000000 0.00000000
vt 1.00000000 1.00000000
vt 1.00000000 1.00000000
vt 1.00000000 0.00000000
vt 0.00000000 0.00000000
vt 0.00000000 0.00000000
vt 1.00000000 1.00000000
vt 0.00000000 0.00000000
vt 1.00000000 1.00000000
vt 1.00000000 0.00000000
vt 1.00000000 0.00000000
vt 1.00000000 1.00000000
vt 1.00000000 1.00000000
vt 1.00000000 0.00000000
vt 1.00000000 0.00000000
vt 1.00000000 0.00000000
vt 0.00000000 0.00000000
vt 0.00000000 0.00000000
vt 1.00000000 1.00000000
vt 0.00000000 0.00000000
vt 1.00000000 0.00000000
vt 1.00000000 0.00000000
vt 1.00000000 1.00000000
vt 1.00000000 1.00000000
vt 0.00000000 0.00000000
vt 1.00000000 1.00000000
vt 0.00000000 0.00000000
vt 1.00000000 0.00000000
vt 0.00000000 0.00000000
vt 1.00000000 0.00000000
vt 1.00000000 1.00000000
vt 0.00000000 0.00000000
vt 1.00000000 0.00000000
vt 1.00000000 1.00000000
vt 0.00000000 0.00000000
vt 0.00000000 0.00000000
vt 1.00000000 1.00000000
vt 1.00000000 0.00000000
vt 1.00000000 1.00000000
vt 0.00000000 0.00000000
vt 0.00000000 0.00000000
vt 1.00000000 1.00000000
vt 0.00000000 0.00000000
vt 0.00000000 0.00000000
vt 0.00000000 0.00000000
vt 1.00000000 1.00000000
vt 1.00000000 1.00000000
vt 1.00000000 0.00000000
vt 1.00000000 1.00000000
vt 0.00000000 0.00000000
vt 0.00000000 0.00000000
vt 1.00000000 1.00000000
vt 1.00000000 1.00000000
vt 0.00000000 0.00000000
vt 1.00000000 1.00000000
vt 0.00000000 0.00000000
vt 1.00000000 1.00000000
vt 1.00000000 0.00000000
vt 1.00000000 1.00000000
vt 1.00000000 1.00000000
vt 1.00000000 0.00000000
vt 1.00000000 1.00000000
vt 1.00000000 1.00000000
vt 1.00000000 0.00000000
vt 1.00000000 1.00000000
vt 1.00000000 0.00000000
vt 1.00000000 0.00000000
vt 1.00000000 0.00000000
vt 1.00000000 1.00000000
vt 1.00000000 0.00000000
vt 1.00000000 1.00000000
vt 0.00000000 0.00000000
vt 1.00000000 1.00000000
vt 1.00000000 0.00000000
vt 0.00000000 0.00000000
vt 1.00000000 0.00000000
vt 1.00000000 1.00000000
vt 1.00000000 1.00000000
vt 0.00000000 0.00000000
vt 1.00000000 0.00000000
vt 1.00000000 0.00000000
vt 1.00000000 1.00000000
vt 0.00000000 0.00000000
vt 0.00000000 0.00000000
vt 1.00000000 1.00000000
vt 1.00000000 0.00000000
vt 1.00000000 0.00000000
vt 0.00000000 0.00000000
vt 1.00000000 1.00000000
vt 1.00000000 0.00000000
vt 1.00000000 0.00000000
vt 1.00000000 0.00000000
vt 1.00000000 1.00000000
vt 1.00000000 1.00000000
vt 0.00000000 0.00000000
vt 0.00000000 0.00000000
vt 1.00000000 0.00000000
vt 1.00000000 1.00000000
vt 1.00000000 0.00000000
vt 0.00000000 0.00000000
vt 1.00000000 1.00000000
vt 1.00000000 0.00000000
vt 1.00000000 1.00000000
vt 1.00000000 0.00000000
vt 1.00000000 1.00000000
vt 0.00000000 0.00000000
vt 1.00000000 1.00000000
vt 0.00000000 0.00000000
vt 1.00000000 1.00000000
vt 0.00000000 0.00000000
vt 1.00000000 0.00000000
vt 1.00000000 0.00000000
vt 1.00000000 0.00000000
vt 1.00000000 1.00000000
vt 1.00000000 0.00000000
vt 0.00000000 0.00000000
vt 0.00000000 0.00000000
vt 1.00000000 0.00000000
vt 1.00000000 1.00000000
vt 1.00000000 1.00000000
vt 1.00000000 1.00000000
vt 1.00000000 0.00000000
vt 1.00000000 0.00000000
vt 1.00000000 0.00000000
vt 1.00000000 0.00000000
vt 1.00000000 0.00000000
vt 1.00000000 0.00000000
vt 1.00000000 1.00000000
vt 1.00000000 0.00000000
vt 1.00000000 0.00000000
vt 1.00000000 0.00000000
vt 1.00000000 1.00000000
vt 1.00000000 0.00000000
vt 1.00000000 0.00000000
vt 1.00000000 0.00000000
vt 0.00000000 0.00000000
vt 0.00000000 0.00000000
vt 1.00000000 1.00000000
vt 0.00000000 0.00000000
vt 1.00000000 1.00000000
vt 1.00000000 1.00000000
vt 1.00000000 1.00000000
vt 0.00000000 0.00000000
vt 0.00000000 0.00000000
vt 0.00000000 0.00000000
vt 1.00000000 1.00000000
vt 1.00000000 0.00000000
vt 0.00000000 0.00000000
vt 1.00000000 1.00000000
vt 1.00000000 1.00000000
vt 1.00000000 0.00000000
vt 0.00000000 0.00000000
vt 0.00000000 0.00000000
vt 0.00000000 0.00000000
vt 0.00000000 0.00000000
vt 1.00000000 1.00000000
vt 1.00000000 1.00000000
vt 1.00000000 1.00000000
vt 1.00000000 1.00000000
vt 1.00000000 0.00000000
vt 1.00000000 1.00000000
vt 0.00000000 0.00000000
vt 1.00000000 1.00000000
vt 0.00000000 0.00000000
vt 1.00000000 0.00000000
vt 1.00000000 0.00000000
vt 1.00000000 0.00000000
vt 1.00000000 1.00000000
vt 1.00000000 1.00000000
vt 1.00000000 0.00000000
vt 1.00000000 0.00000000
vt 1.00000000 0.00000000
vt 0.00000000 0.00000000
vt 1.00000000 1.00000000
vt 1.00000000 1.00000000
vt 0.00000000 0.00000000
vt 1.00000000 0.00000000
vt 1.00000000 1.00000000
vt 1.00000000 0.00000000
vt 1.00000000 0.00000000
vt 0.00000000 0.00000000
vt 1.00000000 1.00000000
vt 1.00000000 1.00000000
vt 1.00000000 1.00000000
vt 1.00000000 1.00000000
vt 1.00000000 1.00000000
vt 1.00000000 0.00000000
vt 0.00000000 0.00000000
vt 1.00000000 0.00000000
vt 1.00000000 1.00000000
vt 1.00000000 0.00000000
vt 1.00000000 1.00000000
vt 1.00000000 1.00000000
vt 0.00000000 0.00000000
vt 1.00000000 0.00000000
vt 0.00000000 0.00000000
vt 0.00000000 0.00000000
vt 1.00000000 1.00000000
vt 0.00000000 0.00000000
vt 1.00000000 1.00000000
vt 1.00000000 0.00000000
vt 1.00000000 0.00000000
vt 1.00000000 1.00000000
vt 1.00000000 0.00000000
vt 1.00000000 0.00000000
vt 1.00000000 1.00000000
vt 0.00000000 0.00000000
vt 1.00000000 0.00000000
vt 1.00000000 0.00000000
vt 1.00000000 0.00000000
vt 1.00000000 1.00000000
vt 0.00000000 0.00000000
vt 0.00000000 0.00000000
vt 1.00000000 1.00000000
vt 0.00000000 0.00000000
vt 1.00000000 1.00000000
vt 0.00000000 0.00000000
vt 1.00000000 1.00000000
vt 1.00000000 0.00000000
vt 1.00000000 0.00000000
vt 0.00000000 0.00000000
vt 0.00000000 0.00000000
vt 1.00000000 1.00000000
vt 1.00000000 0.00000000
vt 0.00000000 0.00000000
vt 1.00000000 1.00000000
vt 1.00000000 0.00000000
vt 1.00000000 1.00000000
vt 0.00000000 0.00000000
vt 1.00000000 1.00000000
vt 1.00000000 0.00000000
vt 1.00000000 0.00000000
vt 0.00000000 0.00000000
vt 0.00000000 0.00000000
vt 1.00000000 1.00000000
vt 1.00000000 1.00000000
vt 1.00000000 0.00000000
vt 1.00000000 0.00000000
vt 0.00000000 0.00000000
vt 1.00000000 1.00000000
vt 1.00000000 1.00000000
vt 1.00000000 1.00000000
vt 0.00000000 0.00000000
vt 0.00000000 0.00000000
vt 1.00000000 1.00000000
vt 0.00000000 0.00000000
vt 1.00000000 0.00000000
vt 1.00000000 0.00000000
vt 1.00000000 1.00000000
vt 0.00000000 0.00000000
vt 1.00000000 1.00000000
vt 1.00000000 1.00000000
vt 1.00000000 1.00000000
vt 0.00000000 0.00000000
vt 0.00000000 0.00000000
vt 1.00000000 1.00000000
vt 1.00000000 0.00000000
vt 1.00000000 0.00000000
vt 1.00000000 0.00000000
vt 1.00000000 0.00000000
vt 1.00000000 1.00000000
vt 1.00000000 0.00000000
vt 1.00000000 0.00000000
vt 1.00000000 1.00000000
vt 1.00000000 0.00000000
vt 1.00000000 0.00000000
vt 0.00000000 0.00000000
vt 0.00000000 0.00000000
vt 1.00000000 0.00000000
vt 1.00000000 1.00000000
vt 1.00000000 0.00000000
vt 1.00000000 0.00000000
vt 0.00000000 0.00000000
vt 1.00000000 1.00000000
vt 0.00000000 0.00000000
vt 1.00000000 1.00000000
vt 0.00000000 0.00000000
vt 1.00000000 0.00000000
vt 1.00000000 1.00000000
vt 1.00000000 0.00000000
vt 1.00000000 0.00000000
vt 1.00000000 1.00000000
vt 0.00000000 0.00000000
vt 1.00000000 0.00000000
vt 1.00000000 1.00000000
vt 0.00000000 0.00000000
vt 1.00000000 0.00000000
vt 1.00000000 1.00000000
vt 1.00000000 0.00000000
vt 1.00000000 0.00000000
vt 1.00000000 1.00000000
vt 1.00000000 0.00000000
vt 1.00000000 0.00000000
vt 1.00000000 1.00000000
vt 1.00000000 1.00000000
vt 0.00000000 0.00000000
vt 1.00000000 1.00000000
vt 1.00000000 0.00000000
vt 1.00000000 0.00000000
vt 1.00000000 0.00000000
vt 1.00000000 1.00000000
vt 1.00000000 1.00000000
vt 1.00000000 0.00000000
vt 1.00000000 0.00000000
vt 0.00000000 0.00000000
vt 0.00000000 0.00000000
vt 0.00000000 0.00000000
vt 1.00000000 1.00000000
vt 0.00000000 0.00000000
vt 1.00000000 1.00000000
vt 0.00000000 0.00000000
vt 0.00000000 0.00000000
vt 1.00000000 0.00000000
vt 1.00000000 1.00000000
vt 1.00000000 0.00000000
vt 1.00000000 0.00000000
vt 0.00000000 0.00000000
vt 0.00000000 0.00000000
vt 1.00000000 1.00000000
vt 1.00000000 1.00000000
vt 1.00000000 0.00000000
vt 1.00000000 1.00000000
vt 0.00000000 0.00000000
vt 0.00000000 0.00000000
vt 0.00000000 0.00000000
vt 1.00000000 1.00000000
vt 1.00000000 1.00000000
vt 0.00000000 0.00000000
vt 1.00000000 1.00000000
vt 1.00000000 0.00000000
vt 1.00000000 0.00000000
vt 0.00000000 0.00000000
vt 1.00000000 1.00000000
vt 1.00000000 0.00000000
vt 0.00000000 0.00000000
vt 0.00000000 0.00000000
vt 0.00000000 0.00000000
vt 1.00000000 1.00000000
vt 1.00000000 0.00000000
vt 0.00000000 0.00000000
vt 0.00000000 0.00000000
vt 1.00000000 0.00000000
vt 1.00000000 1.00000000
vt 1.00000000 0.00000000
vt 1.00000000 1.00000000
vt 0.00000000 0.00000000
vt 1.00000000 1.00000000
vt 1.00000000 0.00000000
vt 1.00000000 1.00000000
vt 0.00000000 0.00000000
vt 1.00000000 0.00000000
vt 0.00000000 0.00000000
vt 1.00000000 0.00000000
vt 0.00000000 0.00000000
vt 1.00000000 0.00000000
vt 1.00000000 1.00000000
vt 1.00000000 1.00000000
vt 1.00000000 1.00000000
vt 0.00000000 0.00000000
vt 1.00000000 0.00000000
vt 1.00000000 0.00000000
vt 1.00000000 1.00000000
vt 0.00000000 0.00000000
vt 1.00000000 1.00000000
vt 1.00000000 1.00000000
vt 0.00000000 0.00000000
vt 0.00000000 0.00000000
vt 1.00000000 1.00000000
vt 1.00000000 1.00000000
vt 1.00000000 0.00000000
vt 1.00000000 0.00000000
vt 1.00000000 0.00000000
vt 0.00000000 0.00000000
vt 1.00000000 0.00000000
vt 1.00000000 1.00000000
vt 1.00000000 0.00000000
vt 1.00000000 0.00000000
vt 1.00000000 0.00000000
vt 1.00000000 1.00000000
vt 1.00000000 0.00000000
vt 0.00000000 0.00000000
vt 0.00000000 0.00000000
vt 0.00000000 0.00000000
vt 0.00000000 0.00000000
vt 1.00000000 1.00000000
vt 1.00000000 1.00000000
vt 1.00000000 0.00000000
vt 0.00000000 0.00000000
vt 0.00000000 0.00000000
vt 1.00000000 0.00000000
vt 1.00000000 1.00000000
vt 1.00000000 0.00000000
vt 1.00000000 0.00000000
vt 1.00000000 0.00000000
vt 0.00000000 0.00000000
vt 1.00000000 0.00000000
vt 0.00000000 0.00000000
vt 1.00000000 1.00000000
vt 0.00000000 0.00000000
vt 1.00000000 1.00000000
vt 1.00000000 1.00000000
vt 1.00000000 1.00000000
vt 0.00000000 0.00000000
vt 1.00000000 1.00000000
vt 1.00000000 0.00000000
vt 1.00000000 0.00000000
vt 1.00000000 0.00000000
vt 1.00000000 0.00000000
vt 1.00000000 0.00000000
vt 0.00000000 0.00000000
vt 1.00000000 0.00000000
vt 1.00000000 0.00000000
vt 1.00000000 0.00000000
vt 1.00000000 1.00000000
vt 1.00000000 1.00000000
vt 0.00000000 0.00000000
vt 1.00000000 1.00000000
vt 1.00000000 1.00000000
vt 1.00000000 0.00000000
vt 1.00000000 0.00000000
vt 0.00000000 0.00000000
vt 0.00000000 0.00000000
vt 1.00000000 1.00000000
vt 1.00000000 1.00000000
vt 1.00000000 0.00000000
vt 1.00000000 0.00000000
vt 1.00000000 1.00000000
vt 0.00000000 0.00000000
vt 0.00000000 0.00000000
vt 1.00000000 0.00000000
vt 1.00000000 1.00000000
vt 1.00000000 1.00000000
vt 1.00000000 1.00000000
vt 0.00000000 0.00000000
vt 1.00000000 0.00000000
vt 1.00000000 1.00000000
vt 1.00000000 1.00000000
vt 1.00000000 0.00000000
vt 1.00000000 1.00000000
vt 1.00000000 1.00000000
vt 0.00000000 0.00000000
vt 1.00000000 1.00000000
vt 0.00000000 0.00000000
vt 0.00000000 0.00000000
vt 1.00000000 1.00000000
vt 1.00000000 0.00000000
vt 1.00000000 1.00000000
vt 1.00000000 0.00000000
vt 0.00000000 0.00000000
vt 0.00000000 0.00000000
vt 1.00000000 0.00000000
vt 1.00000000 0.00000000
vt 1.00000000 0.00000000
vt 1.00000000 1.00000000
vt 1.00000000 0.00000000
vt 1.00000000 0.00000000
vt 1.00000000 0.00000000
vt 1.00000000 0.00000000
vt 1.00000000 1.00000000
vt 1.00000000 0.00000000
vt 1.00000000 0.00000000
vt 1.00000000 0.00000000
vt 1.00000000 1.00000000
vt 1.00000000 1.00000000
vt 1.00000000 0.00000000
vt 1.00000000 1.00000000
vt 1.00000000 1.00000000
vt 0.00000000 0.00000000
vt 0.00000000 0.00000000
vt 1.00000000 1.00000000
vt 1.00000000 0.00000000
vt 1.00000000 1.00000000
vt 1.00000000 0.00000000
vt 1.00000000 0.00000000
vt 1.00000000 1.00000000
vt 1.00000000 0.00000000
vt 0.00000000 0.00000000
vt 0.00000000 0.00000000
vt 1.00000000 1.00000000
vt 1.00000000 1.00000000
vt 1.00000000 1.00000000
vt 1.00000000 1.00000000
vt 1.00000000 1.00000000
vt 0.00000000 0.00000000
vt 1.00000000 1.00000000
vt 0.00000000 0.00000000
vt 1.00000000 0.00000000
vt 1.00000000 1.00000000
vt 1.00000000 0.00000000
vt 1.00000000 1.00000000
vt 0.00000000 0.00000000
vt 1.00000000 0.00000000
vt 0.00000000 0.00000000
vt 1.00000000 1.00000000
vt 1.00000000 0.00000000
vt 1.00000000 0.00000000
vt 0.00000000 0.00000000
vt 1.00000000 1.00000000
vt 0.00000000 0.00000000
vt 1.00000000 1.00000000
vt 1.00000000 0.00000000
vt 1.00000000 0.00000000
vt 1.00000000 1.00000000
vt 0.00000000 0.00000000
vt 0.00000000 0.00000000
vt 1.00000000 1.00000000
vt 1.00000000 0.00000000
vt 1.00000000 1.00000000
vt 1.00000000 1.00000000
vt 1.00000000 1.00000000
vt 0.00000000 0.00000000
vt 0.00000000 0.00000000
vt 1.00000000 0.00000000
vt 0.00000000 0.00000000
vt 0.00000000 0.00000000
vt 1.00000000 1.00000000
vt 1.00000000 0.00000000
vt 1.00000000 1.00000000
vt 1.00000000 0.00000000
vt 1.00000000 1.00000000
vt 0.00000000 0.00000000
vt 1.00000000 1.00000000
vt 0.00000000 0.00000000
vt 1.00000000 0.00000000
vt 1.00000000 0.00000000
vt 1.00000000 1.00000000
vt 0.00000000 0.00000000
vt 0.00000000 0.00000000
vt 1.00000000 1.00000000
vt 1.00000000 0.00000000
vt 1.00000000 1.00000000
vt 1.00000000 0.00000000
vt 1.00000000 0.00000000
vt 1.00000000 1.00000000
vt 0.00000000 0.00000000
vt 0.00000000 0.00000000
vt 1.00000000 1.00000000
vt 0.00000000 0.00000000
vt 1.00000000 1.00000000
vt 0.00000000 0.00000000
vt 1.00000000 0.00000000
vt 1.00000000 0.00000000
vt 1.00000000 1.00000000
vt 1.00000000 1.00000000
vt 0.00000000 0.00000000
vt 1.00000000 0.00000000
vt 1.00000000 0.00000000
vt 0.00000000 0.00000000
vt 1.00000000 1.00000000
vt 1.00000000 1.00000000
vt 1.00000000 0.00000000
vt 0.00000000 0.00000000
vt 1.00000000 0.00000000
vt 1.00000000 1.00000000
vt 1.00000000 0.00000000
vt 0.00000000 0.00000000
vt 0.00000000 0.00000000
vt 1.00000000 1.00000000
vt 1.00000000 1.00000000
vt 1.00000000 0.00000000
vt 0.00000000 0.00000000
vt 0.00000000 0.00000000
vt 1.00000000 1.00000000
vt 0.00000000 0.00000000
vt 1.00000000 1.00000000
vt 1.00000000 0.00000000
vt 1.00000000 0.00000000
vt 1.00000000 0.00000000
vt 1.00000000 0.00000000
vt 1.00000000 1.00000000
vt 1.00000000 1.00000000
vt 0.00000000 0.00000000
vt 0.00000000 0.00000000
vt 0.00000000 0.00000000
vt 1.00000000 1.00000000
vt 1.00000000 1.00000000
vt 0.00000000 0.00000000
vt 1.00000000 1.00000000
vt 1.00000000 0.00000000
vt 1.00000000 0.00000000
vt 0.00000000 0.00000000
vt 0.00000000 0.00000000
vt 0.00000000 0.00000000
vt 1.00000000 1.00000000
vt 1.00000000 0.00000000
vt 1.00000000 0.00000000
vt 1.00000000 1.00000000
vt 0.00000000 0.00000000
vt 1.00000000 0.00000000
vt 1.00000000 0.00000000
vt 1.00000000 1.00000000
vt 1.00000000 0.00000000
vt 1.00000000 0.00000000
vt 0.00000000 0.00000000
vt 1.00000000 1.00000000
vt 0.00000000 0.00000000
vt 1.00000000 0.00000000
vt 1.00000000 1.00000000
vt 1.00000000 0.00000000
vt 0.00000000 0.00000000
vt 1.00000000 1.00000000
vt 1.00000000 1.00000000
vt 1.00000000 1.00000000
vt 1.00000000 0.00000000
vt 1.00000000 1.00000000
vt 0.00000000 0.00000000
vt 0.00000000 0.00000000
vt 1.00000000 1.00000000
vt 0.00000000 0.00000000
vt 1.00000000 1.00000000
vt 1.00000000 0.00000000
vt 1.00000000 0.00000000
vt 1.00000000 1.00000000
vt 1.00000000 0.00000000
vt 1.00000000 0.00000000
vt 1.00000000 0.00000000
vt 1.00000000 0.00000000
vt 1.00000000 1.00000000
vt 1.00000000 0.00000000
vt 1.00000000 1.00000000
vt 1.00000000 0.00000000
vt 0.00000000 0.00000000
vt 0.00000000 0.00000000
vt 1.00000000 1.00000000
vt 0.00000000 0.00000000
vt 1.00000000 1.00000000
vt 1.00000000 1.00000000
vt 1.00000000 1.00000000
vt 0.00000000 0.00000000
vt 0.00000000 0.00000000
vt 1.00000000 0.00000000
vt 1.00000000 0.00000000
vt 0.00000000 0.00000000
vt 1.00000000 0.00000000
vt 1.00000000 1.00000000
vt 1.00000000 1.00000000
vt 1.00000000 0.00000000
vt 1.00000000 0.00000000
vt 1.00000000 0.00000000
vt 1.00000000 0.00000000
vt 0.00000000 0.00000000
vt 0.00000000 0.00000000
vt 0.00000000 0.00000000
vt 1.00000000 1.00000000
vt 1.00000000 1.00000000
vt 1.00000000 1.00000000
vt 1.00000000 0.00000000
vt 1.00000000 0.00000000
vt 1.00000000 0.00000000
vt 0.00000000 0.00000000
vt 1.00000000 0.00000000
vt 1.00000000 1.00000000
vt 0.00000000 0.00000000
vt 1.00000000 0.00000000
vt 1.00000000 0.00000000
vt 0.00000000 0.00000000
vt 1.00000000 1.00000000
vt 1.00000000 0.00000000
vt 1.00000000 0.00000000
vt 0.00000000 0.00000000
vt 1.00000000 1.00000000
vt 1.00000000 0.00000000
vt 1.00000000 1.00000000
vt 0.00000000 0.00000000
vt 0.00000000 0.00000000
vt 1.00000000 0.00000000
vt 1.00000000 1.00000000
vt 1.00000000 1.00000000
vt 1.00000000 0.00000000
vt 1.00000000 1.00000000
vt 1.00000000 0.00000000
vt 0.00000000 0.00000000
vt 0.00000000 0.00000000
vt 1.00000000 0.00000000
vt 1.00000000 1.00000000
vt 0.00000000 0.00000000
vt 1.00000000 1.00000000
vt 1.00000000 0.00000000
vt 1.00000000 0.00000000
vt 0.00000000 0.00000000
vt 1.00000000 1.00000000
vt 1.00000000 1.00000000
vt 0.00000000 0.00000000
vt 1.00000000 0.00000000
vt 0.00000000 0.00000000
vt 1.00000000 0.00000000
vt 0.00000000 0.00000000
vt 0.00000000 0.00000000
vt 1.00000000 1.00000000
vt 1.00000000 1.00000000
vt 1.00000000 1.00000000
vt 0.00000000 0.00000000
vt 1.00000000 0.00000000
vt 1.00000000 1.00000000
vt 1.00000000 1.00000000
vt 1.00000000 0.00000000
vt 0.00000000 0.00000000
vt 0.00000000 0.00000000
vt 1.00000000 1.00000000
vt 0.00000000 0.00000000
vt 1.00000000 1.00000000
vt 1.00000000 1.00000000
vt 0.00000000 0.00000000
vt 1.00000000 1.00000000
vt 1.00000000 0.00000000
vt 0.00000000 0.00000000
vt 1.00000000 0.00000000
vt 1.00000000 1.00000000
vt 1.00000000 1.00000000
vt 1.00000000 1.00000000
vt 1.00000000 0.00000000
vt 1.00000000 0.00000000
vt 0.00000000 0.00000000
vt 0.00000000 0.00000000
vt 1.00000000 1.00000000
vt 1.00000000 1.00000000
vt 0.00000000 0.00000000
vt 0.00000000 0.00000000
vt 1.00000000 0.00000000
vt 1.00000000 1.00000000
vt 0.00000000 0.00000000
vt 1.00000000 0.00000000
vt 1.00000000 0.00000000
vt 0.00000000 0.00000000
vt 1.00000000 1.00000000
vt 0.00000000 0.00000000
vt 1.00000000 1.00000000
vt 1.00000000 0.00000000
vt 1.00000000 0.00000000
vt 1.00000000 0.00000000
vt 1.00000000 1.00000000
vt 0.00000000 0.00000000
vt 1.00000000 1.00000000
vt 0.00000000 0.00000000
vt 1.00000000 0.00000000
vt 0.00000000 0.00000000
vt 0.00000000 0.00000000
vt 1.00000000 0.00000000
vt 1.00000000 1.00000000
vt 1.00000000 0.00000000
vt 1.00000000 1.00000000
vt 0.00000000 0.00000000
vt 0.00000000 0.00000000
vt 1.00000000 0.00000000
vt 1.00000000 1.00000000
vt 1.00000000 0.00000000
vt 1.00000000 0.00000000
vt 0.00000000 0.00000000
vt 1.00000000 0.00000000
vt 1.00000000 1.00000000
vt 0.00000000 0.00000000
vt 1.00000000 1.00000000
vt 1.00000000 0.00000000
vt 1.00000000 1.00000000
vt 0.00000000 0.00000000
vt 0.00000000 0.00000000
vt 0.00000000 0.00000000
vt 0.00000000 0.00000000
vt 1.00000000 0.00000000
vt 1.00000000 1.00000000
vt 0.00000000 0.00000000
vt 1.00000000 1.00000000
vt 1.00000000 0.00000000
vt 1.00000000 1.00000000
vt 1.00000000 1.00000000
vt 1.00000000 0.00000000
vt 0.00000000 0.00000000
vt 1.00000000 1.00000000
vt 0.00000000 0.00000000
vt 1.00000000 0.00000000
vt 1.00000000 1.00000000
vt 1.00000000 1.00000000
vt 1.00000000 1.00000000
vt 0.00000000 0.00000000
vt 1.00000000 0.00000000
vt 1.00000000 0.00000000
vt 1.00000000 0.00000000
vt 1.00000000 0.00000000
vt 0.00000000 0.00000000
vt 1.00000000 0.00000000
vt 1.00000000 0.00000000
vt 0.00000000 0.00000000
vt 0.00000000 0.00000000
vt 0.00000000 0.00000000
vt 1.00000000 1.00000000
vt 0.00000000 0.00000000
vt 0.00000000 0.00000000
vt 1.00000000 0.00000000
vt 1.00000000 0.00000000
vt 1.00000000 1.00000000
vt 0.00000000 0.00000000
vt 1.00000000 0.00000000
vt 0.00000000 0.00000000
vt 0.00000000 0.00000000
vt 1.00000000 1.00000000
vt 1.00000000 0.00000000
vt 0.00000000 0.00000000
vt 0.00000000 0.00000000
vt 1.00000000 0.00000000
vt 1.00000000 1.00000000
vt 1.00000000 0.00000000
vt 1.00000000 0.00000000
vt 0.00000000 0.00000000
vt 1.00000000 0.00000000
vt 0.00000000 0.00000000
vt 1.00000000 1.00000000
vt 0.00000000 0.00000000
vt 1.00000000 1.00000000
vt 0.00000000 0.00000000
vt 0.00000000 0.00000000
vt 1.00000000 0.00000000
vt 0.00000000 0.00000000
vt 1.00000000 0.00000000
vt 0.00000000 0.00000000
vt 0.00000000 0.00000000
vt 1.00000000 0.00000000
vt 1.00000000 0.00000000
vt 0.00000000 0.00000000
vt 1.00000000 1.00000000
vt 1.00000000 0.00000000
vt 1.00000000 1.00000000
vt 1.00000000 1.00000000
vt 1.00000000 0.00000000
vt 0.00000000 0.00000000
vt 1.00000000 0.00000000
vt 1.00000000 1.00000000
vt 1.00000000 1.00000000
vt 1.00000000 0.00000000
vt 1.00000000 1.00000000
vt 0.00000000 0.00000000
vt 1.00000000 0.00000000
vt 1.00000000 1.00000000
vt 0.00000000 0.00000000
vt 1.00000000 1.00000000
vt 0.00000000 0.00000000
vt 0.00000000 0.00000000
vt 1.00000000 0.00000000
vt 1.00000000 1.00000000
vt 1.00000000 0.00000000
vt 0.00000000 0.00000000
vt 1.00000000 1.00000000
vt 1.00000000 0.00000000
vt 1.00000000 0.00000000
vt 0.00000000 0.00000000
vt 0.00000000 0.00000000
vt 0.00000000 0.00000000
vt 1.00000000 1.00000000
vt 0.00000000 0.00000000
vt 0.00000000 0.00000000
vt 0.00000000 0.00000000
vt 1.00000000 0.00000000
vt 1.00000000 1.00000000
vt 1.00000000 1.00000000
vt 0.00000000 0.00000000
vt 0.00000000 0.00000000
vt 1.00000000 1.00000000
vt 1.00000000 1.00000000
vt 1.00000000 0.00000000
vt 0.00000000 0.00000000
vt 1.00000000 0.00000000
vt 1.00000000 0.00000000
vt 0.00000000 0.00000000
vt 1.00000000 1.00000000
vt 1.00000000 1.00000000
vt 1.00000000 0.00000000
vt 1.00000000 0.00000000
vt 1.00000000 1.00000000
vt 1.00000000 0.00000000
vt 1.00000000 1.00000000
vt 0.00000000 0.00000000
vt 0.00000000 0.00000000
vt 1.00000000 0.00000000
vt 1.00000000 1.00000000
vt 1.00000000 0.00000000
vt 1.00000000 1.00000000
vt 1.00000000 1.00000000
vt 0.00000000 0.00000000
vt 1.00000000 0.00000000
vt 0.00000000 0.00000000
vt 1.00000000 1.00000000
vt 0.00000000 0.00000000
vt 0.00000000 0.00000000
vt 1.00000000 0.00000000
vt 1.00000000 0.00000000
vt 1.00000000 1.00000000
vt 0.00000000 0.00000000
vt 1.00000000 1.00000000
vt 1.00000000 1.00000000
vt 1.00000000 0.00000000
vt 1.00000000 0.00000000
vt 1.00000000 1.00000000
vt 1.00000000 0.00000000
vt 0.00000000 0.00000000
vt 0.00000000 0.00000000
vt 1.00000000 1.00000000
vt 1.00000000 1.00000000
vt 0.00000000 0.00000000
vt 1.00000000 1.00000000
vt 1.00000000 0.00000000
vt 1.00000000 0.00000000
vt 1.00000000 0.00000000
vt 1.00000000 0.00000000
vt 1.00000000 0.00000000
vt 0.00000000 0.00000000
vt 1.00000000 0.00000000
vt 1.00000000 1.00000000
vt 1.00000000 1.00000000
vt 0.00000000 0.00000000
vt 1.00000000 0.00000000
vt 1.00000000 1.00000000
vt 1.00000000 0.00000000
vt 0.00000000 0.00000000
vt 1.00000000 0.00000000
vt 1.00000000 1.00000000
vt 1.00000000 1.00000000
vt 1.00000000 0.00000000
vt 0.00000000 0.00000000
vt 1.00000000 0.00000000
vt 1.00000000 1.00000000
vt 1.00000000 1.00000000
vt 0.00000000 0.00000000
vt 1.00000000 0.00000000
vt 1.00000000 1.00000000
vt 1.00000000 1.00000000
vt 1.00000000 1.00000000
vt 1.00000000 0.00000000
vt 1.00000000 1.00000000
vt 1.00000000 0.00000000
vt 0.00000000 0.00000000
vt 0.00000000 0.00000000
vt 1.00000000 0.00000000
vt 1.00000000 0.00000000
vt 1.00000000 0.00000000
vt 1.00000000 1.00000000
vt 1.00000000 0.00000000
vt 1.00000000 1.00000000
vt 1.00000000 0.00000000
vt 1.00000000 1.00000000
vt 0.00000000 0.00000000
vt 1.00000000 0.00000000
vt 1.00000000 1.00000000
vt 1.00000000 0.00000000
vt 1.00000000 1.00000000
vt 0.00000000 0.00000000
vt 1.00000000 0.00000000
vt 1.00000000 1.00000000
vt 0.00000000 0.00000000
vt 1.00000000 1.00000000
vt 1.00000000 0.00000000
vt 1.00000000 1.00000000
vt 1.00000000 0.00000000
vt 1.00000000 1.00000000
vt 1.00000000 1.00000000
vt 0.00000000 0.00000000
vt 1.00000000 1.00000000
vt 0.00000000 0.00000000
vt 1.00000000 1.00000000
vt 0.00000000 0.00000000
vt 1.00000000 0.00000000
vt 0.00000000 0.00000000
vt 0.00000000 0.00000000
vt 0.00000000 0.00000000
vt 1.00000000 0.00000000
vt 0.00000000 0.00000000
vt 1.00000000 1.00000000
vt 1.00000000 1.00000000
vt 1.00000000 0.00000000
vt 1.00000000 1.00000000
vt 1.00000000 0.00000000
vt 1.00000000 0.00000000
vt 1.00000000 1.00000000
vt 0.00000000 0.00000000
vt 1.00000000 0.00000000
vt 0.00000000 0.00000000
vt 0.00000000 0.00000000
vt 1.00000000 1.00000000
vt 0.00000000 0.00000000
vt 1.00000000 1.00000000
vt 1.00000000 1.00000000
vt 1.00000000 0.00000000
vt 1.00000000 0.00000000
vt 0.00000000 0.00000000
vt 1.00000000 1.00000000
vt 0.00000000 0.00000000
vt 1.00000000 0.00000000
vt 1.00000000 1.00000000
vt 1.00000000 1.00000000
vt 1.00000000 1.00000000
vt 1.00000000 0.00000000
vt 1.00000000 0.00000000
vt 0.00000000 0.00000000
vt 1.00000000 1.00000000
vt 1.00000000 0.00000000
vt 1.00000000 1.00000000
vt 0.00000000 0.00000000
vt 1.00000000 0.00000000
vt 1.00000000 1.00000000
vt 1.00000000 0.00000000
vt 0.00000000 0.00000000
vt 1.00000000 1.00000000
vt 0.00000000 0.00000000
vt 1.00000000 1.00000000
vt 1.00000000 0.00000000
vt 0.00000000 0.00000000
vt 1.00000000 1.00000000
vt 1.00000000 0.00000000
vt 0.00000000 0.00000000
vt 1.00000000 0.00000000
vt 1.00000000 1.00000000
vt 1.00000000 1.00000000
vt 0.00000000 0.00000000
vt 1.00000000 0.00000000
vt 1.00000000 1.00000000
vt 1.00000000 0.00000000
vt 1.00000000 1.00000000
vt 1.00000000 0.00000000
vt 1.00000000 1.00000000
vt 1.00000000 1.00000000
vt 0.00000000 0.00000000
vt 0.00000000 0.00000000
vt 1.00000000 0.00000000
vt 1.00000000 1.00000000
vt 1.00000000 0.00000000
vt 1.00000000 1.00000000
vt 0.00000000 0.00000000
vt 0.00000000 0.00000000
vt 1.00000000 1.00000000
vt 1.00000000 0.00000000
vt 1.00000000 0.00000000
vt 1.00000000 1.00000000
vt 0.00000000 0.00000000
vt 1.00000000 1.00000000
vt 0.00000000 0.00000000
vt 1.00000000 1.00000000
vt 1.00000000 0.00000000
vt 0.00000000 0.00000000
vt 0.00000000 0.00000000
vt 1.00000000 1.00000000
vt 1.00000000 0.00000000
vt 1.00000000 1.00000000
vt 0.00000000 0.00000000
vt 1.00000000 1.00000000
vt 1.00000000 0.00000000
vt 1.00000000 1.00000000
vt 0.00000000 0.00000000
vt 0.00000000 0.00000000
vt 1.00000000 1.00000000
vt 0.00000000 0.00000000
vt 1.00000000 1.00000000
vt 1.00000000 0.00000000
vt 1.00000000 0.00000000
vt 1.00000000 0.00000000
vt 1.00000000 1.00000000
vt 1.00000000 0.00000000
vt 1.00000000 0.00000000
vt 0.00000000 0.00000000
vt 0.00000000 0.00000000
vt 1.00000000 1.00000000
vt 0.00000000 0.00000000
vt 0.00000000 0.00000000
vt 1.00000000 0.00000000
vt 0.00000000 0.00000000
vt 1.00000000 1.00000000
vt 1.00000000 0.00000000
vt 1.00000000 1.00000000
vt 0.00000000 0.00000000
vt 1.00000000 0.00000000
vt 1.00000000 1.00000000
vt 0.00000000 0.00000000
vt 1.00000000 1.00000000
vt 1.00000000 0.00000000
vt 1.00000000 0.00000000
vt 1.00000000 0.00000000
vt 1.00000000 1.00000000
vt 0.00000000 0.00000000
vt 1.00000000 0.00000000
vt 1.00000000 0.00000000
vt 1.00000000 1.00000000
vt 1.00000000 0.00000000
vt 1.00000000 1.00000000
vt 1.00000000 1.00000000
vt 0.00000000 0.00000000
vt 1.00000000 1.00000000
f 2780/2780/2780 4/4/4 3485/3485/3485
f 3486/3486/3486 4/4/4 7/7/7
f 3486/3486/3486 9/9/9 14/14/14
f 12/12/12 9/9/9 17/17/17
f 12/12/12 19/19/19 3511/3511/3511
f 3512/3512/3512 19/19/19 2267/2267/2267
f 3512/3512/3512 2268/2268/2268 3520/3520/3520
f 3519/3519/3519 2268/2268/2268 22/22/22
f 3519/3519/3519 24/24/24 3645/3645/3645
f 3647/3647/3647 24/24/24 2204/2204/2204
f 3647/3647/3647 2207/2207/2207 35/35/35
f 34/34/34 2207/2207/2207 28/28/28
f 34/34/34 30/30/30 37/37/37
f 36/36/36 30/30/30 2768/2768/2768
f 36/36/36 2769/2769/2769 50/50/50
f 46/46/46 2769/2769/2769 3055/3055/3055
f 46/46/46 3052/3052/3052 42/42/42
f 44/44/44 54/54/54 50/50/50
f 46/46/46 54/54/54 57/57/57
f 46/46/46 58/58/58 3485/3485/3485
f 3486/3486/3486 58/58/58 2967/2967/2967
f 3486/3486/3486 2971/2971/2971 2779/2779/2779
f 63/63/63 450/450/450 1445/1445/1445
f 1442/1442/1442 454/454/454 69/69/69
f 1444/1444/1444 66/66/66 72/72/72
f 74/74/74 71/71/71 77/77/77
f 78/78/78 65/65/65 85/85/85
f 76/76/76 83/83/83 1432/1432/1432
f 1433/1433/1433 82/82/82 1450/1450/1450
f 1451/1451/1451 81/81/81 88/88/88
f 1454/1454/1454 90/90/90 1458/1458/1458
f 975/975/975 96/96/96 1219/1219/1219
f 1220/1220/1220 96/96/96 186/186/186
f 1118/1118/1118 100/100/100 1171/1171/1171
f 1170/1170/1170 103/103/103 939/939/939
f 1170/1170/1170 940/940/940 1179/1179/1179
f 1178/1178/1178 941/941/941 108/108/108
f 1178/1178/1178 106/106/106 1184/1184/1184
f 1183/1183/1183 105/105/105 110/110/110
f 1183/1183/1183 113/113/113 1159/1159/1159
f 1160/1160/1160 114/114/114 115/115/115
f 1160/1160/1160 117/117/117 121/121/121
f 120/120/120 119/119/119 124/124/124
f 120/120/120 125/125/125 1168/1168/1168
f 1169/1169/1169 128/128/128 129/129/129
f 1169/1169/1169 132/132/132 1139/1139/1139
f 1138/1138/1138 133/133/133 138/138/138
f 1138/1138/1138 135/135/135 1227/1227/1227
f 1226/1226/1226 136/136/136 968/968/968
f 1226/1226/1226 964/964/964 1223/1223/1223
f 1221/1221/1221 966/966/966 976/976/976
f 1221/1221/1221 974/974/974 1217/1217/1217
f 142/142/142 983/983/983 710/710/710
f 714/714/714 984/984/984 910/910/910
f 715/715/715 744/744/744 139/139/139
f 143/143/143 745/745/745 737/737/737
f 143/143/143 735/735/735 991/991/991
f 993/993/993 739/739/739 734/734/734
f 993/993/993 731/731/731 1001/1001/1001
f 1003/1003/1003 730/730/730 748/748/748
f 1003/1003/1003 751/751/751 1012/1012/1012
f 1009/1009/1009 752/752/752 754/754/754
f 1009/1009/1009 753/753/753 1020/1020/1020
f 1019/1019/1019 755/755/755 149/149/149
f 1019/1019/1019 150/150/150 144/144/144
f 145/145/145 151/151/151 154/154/154
f 145/145/145 156/156/156 161/161/161
f 159/159/159 157/157/157 771/771/771
f 159/159/159 773/773/773 1032/1032/1032
f 1033/1033/1033 775/775/775 165/165/165
f 1033/1033/1033 166/166/166 167/167/167
f 168/168/168 163/163/163 765/765/765
f 168/168/168 762/762/762 1036/1036/1036
f 1038/1038/1038 763/763/763 679/679/679
f 1038/1038/1038 681/681/681 1044/1044/1044
f 189/189/189 726/726/726 719/719/719
f 189/189/189 721/721/721 1130/1130/1130
f 1129/1129/1129 720/720/720 174/174/174
f 1129/1129/1129 175/175/175 179/179/179
f 177/177/177 171/171/171 713/713/713
f 177/177/177 709/709/709 1134/1134/1134
f 1137/1137/1137 716/716/716 910/910/910
f 1135/1135/1135 911/911/911 1115/1115/1115
f 1114/1114/1114 912/912/912 932/932/932
f 1118/1118/1118 931/931/931 104/104/104
f 1048/1048/1048 180/180/180 926/926/926
f 923/923/923 180/180/180 604/604/604
f 923/923/923 607/607/607 914/914/914
f 916/916/916 607/607/607 1202/1202/1202
f 916/916/916 1203/1203/1203 97/97/97
f 95/95/95 1203/1203/1203 183/183/183
f 729/729/729 190/190/190 195/195/195
f 729/729/729 193/193/193 705/705/705
f 707/707/707 194/194/194 201/201/201
f 707/707/707 197/197/197 205/205/205
f 204/204/204 200/200/200 1194/1194/1194
f 204/204/204 1193/1193/1193 778/778/778
f 776/776/776 1191/1191/1191 619/619/619
f 776/776/776 617/617/617 601/601/601
f 253/253/253 1153/1153/1153 208/208/208
f 209/209/209 1155/1155/1155 1161/1161/1161
f 209/209/209 1164/1164/1164 213/213/213
f 211/211/211 1162/1162/1162 1145/1145/1145
f 211/211/211 1144/1144/1144 768/768/768
f 770/770/770 1146/1146/1146 1149/1149/1149
f 770/770/770 1148/1148/1148 216/216/216
f 215/215/215 1150/1150/1150 1215/1215/1215
f 215/215/215 1210/1210/1210 761/761/761
f 758/758/758 1213/1213/1213 1208/1208/1208
f 758/758/758 1207/1207/1207 218/218/218
f 219/219/219 1209/1209/1209 1195/1195/1195
f 219/219/219 1198/1198/1198 224/224/224
f 222/222/222 1196/1196/1196 1190/1190/1190
f 222/222/222 1187/1187/1187 227/227/227
f 226/226/226 1186/1186/1186 1122/1122/1122
f 226/226/226 1121/1121/1121 723/723/723
f 724/724/724 1123/1123/1123 1124/1124/1124
f 724/724/724 1126/1126/1126 232/232/232
f 230/230/230 1128/1128/1128 240/240/240
f 230/230/230 239/239/239 237/237/237
f 236/236/236 241/241/241 1112/1112/1112
f 236/236/236 1111/1111/1111 743/743/743
f 742/742/742 1108/1108/1108 1173/1173/1173
f 742/742/742 1175/1175/1175 245/245/245
f 244/244/244 1177/1177/1177 250/250/250
f 244/244/244 251/251/251 255/255/255
f 253/253/253 248/248/248 1156/1156/1156
f 825/825/825 623/623/623 1093/1093/1093
f 825/825/825 1096/1096/1096 256/256/256
f 257/257/257 1095/1095/1095 261/261/261
f 257/257/257 259/259/259 830/830/830
f 832/832/832 263/263/263 1053/1053/1053
f 832/832/832 1050/1050/1050 836/836/836
f 835/835/835 1049/1049/1049 266/266/266
f 835/835/835 267/267/267 808/808/808
f 1092/1092/1092 286/286/286 274/274/274
f 269/269/269 285/285/285 275/275/275
f 273/273/273 278/278/278 279/279/279
f 1089/1089/1089 1099/1099/1099 282/282/282
f 284/284/284 1099/1099/1099 840/840/840
f 284/284/284 842/842/842 783/783/783
f 358/358/358 361/361/361 828/828/828
f 829/829/829 363/363/363 291/291/291
f 829/829/829 289/289/289 292/292/292
f 293/293/293 288/288/288 1106/1106/1106
f 293/293/293 1105/1105/1105 844/844/844
f 846/846/846 1107/1107/1107 299/299/299
f 846/846/846 303/303/303 296/296/296
f 295/295/295 302/302/302 307/307/307
f 295/295/295 309/309/309 856/856/856
f 855/855/855 308/308/308 312/312/312
f 855/855/855 310/310/310 317/317/317
f 316/316/316 313/313/313 321/321/321
f 316/316/316 322/322/322 324/324/324
f 326/326/326 320/320/320 1087/1087/1087
f 326/326/326 1086/1086/1086 330/330/330
f 329/329/329 1088/1088/1088 333/333/333
f 329/329/329 332/332/332 340/340/340
f 339/339/339 334/334/334 1054/1054/1054
f 339/339/339 1055/1055/1055 788/788/788
f 784/784/784 1057/1057/1057 1061/1061/1061
f 784/784/784 1063/1063/1063 344/344/344
f 343/343/343 1062/1062/1062 349/349/349
f 343/343/343 346/346/346 819/819/819
f 817/817/817 347/347/347 350/350/350
f 817/817/817 354/354/354 813/813/813
f 815/815/815 353/353/353 1079/1079/1079
f 815/815/815 1077/1077/1077 357/357/357
f 358/358/358 1078/1078/1078 362/362/362
f 809/809/809 264/264/264 1071/1071/1071
f 435/435/435 271/271/271 280/280/280
f 809/809/809 1070/1070/1070 366/366/366
f 367/367/367 1072/1072/1072 374/374/374
f 367/367/367 373/373/373 370/370/370
f 369/369/369 376/376/376 381/381/381
f 369/369/369 385/385/385 377/377/377
f 379/379/379 383/383/383 386/386/386
f 379/379/379 387/387/387 789/789/789
f 791/791/791 389/389/389 395/395/395
f 791/791/791 391/391/391 396/396/396
f 399/399/399 392/392/392 401/401/401
f 399/399/399 400/400/400 796/796/796
f 795/795/795 403/403/403 408/408/408
f 795/795/795 406/406/406 799/799/799
f 797/797/797 405/405/405 413/413/413
f 797/797/797 410/410/410 802/802/802
f 801/801/801 411/411/411 1082/1082/1082
f 801/801/801 1080/1080/1080 804/804/804
f 805/805/805 1083/1083/1083 1067/1067/1067
f 805/805/805 1066/1066/1066 421/421/421
f 420/420/420 1068/1068/1068 417/417/417
f 420/420/420 418/418/418 426/426/426
f 427/427/427 415/415/415 431/431/431
f 427/427/427 429/429/429 864/864/864
f 863/863/863 428/428/428 438/438/438
f 863/863/863 434/434/434 858/858/858
f 860/860/860 436/436/436 280/280/280
f 860/860/860 281/281/281 849/849/849
f 3034/3034/3034 2655/2655/2655 444/444/444
f 442/442/442 2655/2655/2655 2892/2892/2892
f 1272/1272/1272 3197/3197/3197 445/445/445
f 449/449/449 3197/3197/3197 3280/3280/3280
f 449/449/449 3284/3284/3284 1279/1279/1279
f 3320/3320/3320 3224/3224/3224 3273/3273/3273
f 3271/3271/3271 3224/3224/3224 451/451/451
f 3271/3271/3271 455/455/455 459/459/459
f 460/460/460 455/455/455 499/499/499
f 2443/2443/2443 471/471/471 462/462/462
f 467/467/467 471/471/471 523/523/523
f 495/495/495 1989/1989/1989 451/451/451
f 452/452/452 1989/1989/1989 1906/1906/1906
f 452/452/452 1909/1909/1909 499/499/499
f 502/502/502 1394/1394/1394 3280/3280/3280
f 3282/3282/3282 1394/1394/1394 476/476/476
f 3282/3282/3282 479/479/479 1279/1279/1279
f 483/483/483 486/486/486 60/60/60
f 62/62/62 486/486/486 490/490/490
f 62/62/62 491/491/491 451/451/451
f 452/452/452 491/491/491 1710/1710/1710
f 452/452/452 1708/1708/1708 496/496/496
f 1911/1911/1911 1870/1870/1870 499/499/499
f 502/502/502 1870/1870/1870 1862/1862/1862
f 502/502/502 1861/1861/1861 1392/1392/1392
f 1395/1395/1395 1861/1861/1861 1575/1575/1575
f 1395/1395/1395 1577/1577/1577 506/506/506
f 503/503/503 1577/1577/1577 510/510/510
f 1905/1905/1905 514/514/514 550/550/550
f 549/549/549 514/514/514 462/462/462
f 549/549/549 465/465/465 522/522/522
f 521/521/521 465/465/465 523/523/523
f 518/518/518 528/528/528 462/462/462
f 467/467/467 528/528/528 1658/1658/1658
f 467/467/467 1659/1659/1659 562/562/562
f 533/533/533 540/540/540 1350/1350/1350
f 1348/1348/1348 540/540/540 552/552/552
f 1272/1272/1272 544/544/544 3200/3200/3200
f 3198/3198/3198 544/544/544 552/552/552
f 3198/3198/3198 554/554/554 550/550/550
f 549/549/549 554/554/554 541/541/541
f 549/549/549 540/540/540 1904/1904/1904
f 560/560/560 1702/1702/1702 462/462/462
f 467/467/467 1702/1702/1702 566/566/566
f 467/467/467 563/563/563 1250/1250/1250
f 1248/1248/1248 563/563/563 568/568/568
f 1248/1248/1248 569/569/569 1523/1523/1523
f 576/576/576 585/585/585 579/579/579
f 580/580/580 585/585/585 591/591/591
f 598/598/598 1455/1455/1455 89/89/89
f 599/599/599 822/822/822 608/608/608
f 609/609/609 822/822/822 841/841/841
f 626/626/626 2344/2344/2344 1098/1098/1098
f 1097/1097/1097 2344/2344/2344 2152/2152/2152
f 1097/1097/1097 2149/2149/2149 841/841/841
f 839/839/839 2149/2149/2149 1497/1497/1497
f 839/839/839 1499/1499/1499 608/608/608
f 1498/1498/1498 1487/1487/1487 608/608/608
f 609/609/609 1487/1487/1487 615/615/615
f 609/609/609 616/616/616 1199/1199/1199
f 613/613/613 594/594/594 1199/1199/1199
f 1200/1200/1200 594/594/594 89/89/89
f 1200/1200/1200 91/91/91 620/620/620
f 621/621/621 91/91/91 2620/2620/2620
f 621/621/621 2623/2623/2623 602/602/602
f 599/599/599 2623/2623/2623 2348/2348/2348
f 599/599/599 2344/2344/2344 823/823/823
f 821/821/821 2344/2344/2344 624/624/624
f 628/628/628 2299/2299/2299 638/638/638
f 632/632/632 2299/2299/2299 641/641/641
f 2174/2174/2174 649/649/649 645/645/645
f 643/643/643 649/649/649 661/661/661
f 643/643/643 655/655/655 664/664/664
f 667/667/667 655/655/655 2233/2233/2233
f 2759/2759/2759 2629/2629/2629 670/670/670
f 674/674/674 2629/2629/2629 2468/2468/2468
f 674/674/674 2470/2470/2470 2751/2751/2751
f 2746/2746/2746 2470/2470/2470 2589/2589/2589
f 2583/2583/2583 677/677/677 2201/2201/2201
f 2202/2202/2202 677/677/677 2219/2219/2219
f 682/682/682 182/182/182 1042/1042/1042
f 1043/1043/1043 182/182/182 1045/1045/1045
f 2709/2709/2709 685/685/685 2714/2714/2714
f 2713/2713/2713 685/685/685 2420/2420/2420
f 2928/2928/2928 692/692/692 2940/2940/2940
f 2938/2938/2938 692/692/692 3285/3285/3285
f 2938/2938/2938 3288/3288/3288 3192/3192/3192
f 2559/2559/2559 2689/2689/2689 699/699/699
f 700/700/700 2689/2689/2689 2997/2997/2997
f 700/700/700 2995/2995/2995 2989/2989/2989
f 3218/3218/3218 2972/2972/2972 3255/3255/3255
f 3252/3252/3252 2972/2972/2972 704/704/704
f 708/708/708 203/203/203 722/722/722
f 725/725/725 203/203/203 228/228/228
f 741/741/741 711/711/711 234/234/234
f 235/235/235 711/711/711 173/173/173
f 235/235/235 172/172/172 233/233/233
f 231/231/231 172/172/172 717/717/717
f 231/231/231 718/718/718 722/722/722
f 725/725/725 718/718/718 727/727/727
f 725/725/725 728/728/728 706/706/706
f 254/254/254 733/733/733 246/246/246
f 243/243/243 733/733/733 736/736/736
f 243/243/243 738/738/738 740/740/740
f 741/741/741 738/738/738 747/747/747
f 741/741/741 746/746/746 712/712/712
f 207/207/207 756/756/756 252/252/252
f 254/254/254 756/756/756 749/749/749
f 254/254/254 750/750/750 732/732/732
f 769/769/769 774/774/774 212/212/212
f 210/210/210 774/774/774 155/155/155
f 210/210/210 153/153/153 206/206/206
f 207/207/207 153/153/153 152/152/152
f 207/207/207 148/148/148 757/757/757
f 606/606/606 181/181/181 759/759/759
f 760/760/760 181/181/181 680/680/680
f 760/760/760 683/683/683 217/217/217
f 214/214/214 683/683/683 766/766/766
f 214/214/214 764/764/764 767/767/767
f 769/769/769 764/764/764 162/162/162
f 769/769/769 164/164/164 772/772/772
f 202/202/202 777/777/777 228/228/228
f 229/229/229 777/777/777 600/600/600
f 229/229/229 603/603/603 225/225/225
f 223/223/223 603/603/603 605/605/605
f 223/223/223 610/610/610 220/220/220
f 221/221/221 610/610/610 759/759/759
f 283/283/283 781/781/781 275/275/275
f 277/277/277 780/780/780 850/850/850
f 276/276/276 851/851/851 279/279/279
f 337/337/337 786/786/786 794/794/794
f 838/838/838 824/824/824 827/827/827
f 818/818/818 378/378/378 341/341/341
f 342/342/342 378/378/378 790/790/790
f 342/342/342 792/792/792 785/785/785
f 787/787/787 792/792/792 397/397/397
f 787/787/787 398/398/398 794/794/794
f 327/327/327 425/425/425 315/315/315
f 318/318/318 425/425/425 861/861/861
f 318/318/318 862/862/862 853/853/853
f 793/793/793 798/798/798 338/338/338
f 337/337/337 798/798/798 800/800/800
f 337/337/337 803/803/803 328/328/328
f 331/331/331 803/803/803 806/806/806
f 331/331/331 807/807/807 325/325/325
f 327/327/327 807/807/807 422/422/422
f 327/327/327 423/423/423 424/424/424
f 356/356/356 810/810/810 814/814/814
f 812/812/812 810/810/810 364/364/364
f 812/812/812 365/365/365 816/816/816
f 818/818/818 365/365/365 371/371/371
f 818/818/818 368/368/368 380/380/380
f 820/820/820 258/258/258 827/827/827
f 826/826/826 258/258/258 833/833/833
f 826/826/826 831/831/831 355/355/355
f 356/356/356 831/831/831 834/834/834
f 356/356/356 837/837/837 811/811/811
f 826/826/826 294/294/294 843/843/843
f 838/838/838 294/294/294 845/845/845
f 838/838/838 847/847/847 782/782/782
f 779/779/779 847/847/847 297/297/297
f 779/779/779 298/298/298 852/852/852
f 848/848/848 298/298/298 853/853/853
f 848/848/848 854/854/854 859/859/859
f 857/857/857 854/854/854 861/861/861
f 920/920/920 978/978/978 868/868/868
f 867/867/867 978/978/978 907/907/907
f 874/874/874 870/870/870 990/990/990
f 874/874/874 989/989/989 928/928/928
f 927/927/927 988/988/988 880/880/880
f 927/927/927 879/879/879 935/935/935
f 938/938/938 878/878/878 999/999/999
f 938/938/938 998/998/998 882/882/882
f 881/881/881 997/997/997 1007/1007/1007
f 881/881/881 1008/1008/1008 944/944/944
f 945/945/945 1004/1004/1004 1017/1017/1017
f 945/945/945 1016/1016/1016 948/948/948
f 949/949/949 1015/1015/1015 889/889/889
f 949/949/949 888/888/888 955/955/955
f 952/952/952 887/887/887 1022/1022/1022
f 952/952/952 1023/1023/1023 957/957/957
f 958/958/958 1024/1024/1024 1027/1027/1027
f 958/958/958 1030/1030/1030 892/892/892
f 890/890/890 1029/1029/1029 894/894/894
f 890/890/890 897/897/897 962/962/962
f 960/960/960 898/898/898 902/902/902
f 960/960/960 899/899/899 969/969/969
f 970/970/970 901/901/901 908/908/908
f 970/970/970 904/904/904 979/979/979
f 873/873/873 909/909/909 869/869/869
f 872/872/872 909/909/909 985/985/985
f 917/917/917 919/919/919 925/925/925
f 924/924/924 919/919/919 866/866/866
f 913/913/913 875/875/875 934/934/934
f 933/933/933 875/875/875 929/929/929
f 933/933/933 930/930/930 101/101/101
f 102/102/102 930/930/930 936/936/936
f 102/102/102 937/937/937 942/942/942
f 943/943/943 937/937/937 884/884/884
f 943/943/943 883/883/883 109/109/109
f 107/107/107 883/883/883 946/946/946
f 107/107/107 947/947/947 111/111/111
f 112/112/112 947/947/947 950/950/950
f 112/112/112 951/951/951 118/118/118
f 116/116/116 951/951/951 954/954/954
f 116/116/116 953/953/953 126/126/126
f 127/127/127 953/953/953 956/956/956
f 127/127/127 959/959/959 131/131/131
f 130/130/130 959/959/959 893/893/893
f 130/130/130 891/891/891 137/137/137
f 134/134/134 891/891/891 963/963/963
f 134/134/134 961/961/961 967/967/967
f 965/965/965 961/961/961 971/971/971
f 965/965/965 972/972/972 973/973/973
f 977/977/977 972/972/972 980/980/980
f 977/977/977 981/981/981 99/99/99
f 98/98/98 981/981/981 918/918/918
f 98/98/98 921/921/921 915/915/915
f 922/922/922 865/865/865 1047/1047/1047
f 1046/1046/1046 865/865/865 906/906/906
f 871/871/871 982/982/982 986/986/986
f 987/987/987 982/982/982 140/140/140
f 987/987/987 141/141/141 876/876/876
f 877/877/877 141/141/141 992/992/992
f 877/877/877 994/994/994 995/995/995
f 996/996/996 994/994/994 1000/1000/1000
f 996/996/996 1002/1002/1002 1005/1005/1005
f 1006/1006/1006 1002/1002/1002 1011/1011/1011
f 1006/1006/1006 1010/1010/1010 1013/1013/1013
f 1014/1014/1014 1010/1010/1010 1018/1018/1018
f 1014/1014/1014 1021/1021/1021 886/886/886
f 885/885/885 1021/1021/1021 147/147/147
f 885/885/885 146/146/146 1025/1025/1025
f 1026/1026/1026 146/146/146 160/160/160
f 1026/1026/1026 158/158/158 1028/1028/1028
f 1031/1031/1031 158/158/158 1035/1035/1035
f 1031/1031/1031 1034/1034/1034 895/895/895
f 896/896/896 1034/1034/1034 170/170/170
f 896/896/896 169/169/169 900/900/900
f 903/903/903 169/169/169 1039/1039/1039
f 903/903/903 1037/1037/1037 906/906/906
f 905/905/905 1037/1037/1037 1041/1041/1041
f 905/905/905 1040/1040/1040 1047/1047/1047
f 1052/1052/1052 260/260/260 1075/1075/1075
f 1076/1076/1076 260/260/260 359/359/359
f 336/336/336 402/402/402 1056/1056/1056
f 1058/1058/1058 402/402/402 394/394/394
f 1058/1058/1058 390/390/390 1060/1060/1060
f 314/314/314 419/419/419 319/319/319
f 323/323/323 419/419/419 1065/1065/1065
f 323/323/323 1064/1064/1064 1084/1084/1084
f 393/393/393 388/388/388 1060/1060/1060
f 1059/1059/1059 388/388/388 382/382/382
f 1059/1059/1059 384/384/384 345/345/345
f 348/348/348 384/384/384 375/375/375
f 348/348/348 372/372/372 351/351/351
f 352/352/352 372/372/372 1074/1074/1074
f 352/352/352 1073/1073/1073 1075/1075/1075
f 1076/1076/1076 1073/1073/1073 265/265/265
f 1076/1076/1076 268/268/268 1051/1051/1051
f 1069/1069/1069 1081/1081/1081 1084/1084/1084
f 1085/1085/1085 1081/1081/1081 412/412/412
f 1085/1085/1085 414/414/414 335/335/335
f 336/336/336 414/414/414 407/407/407
f 336/336/336 409/409/409 404/404/404
f 1100/1100/1100 1090/1090/1090 304/304/304
f 300/300/300 1091/1091/1091 272/272/272
f 301/301/301 270/270/270 306/306/306
f 305/305/305 270/270/270 437/437/437
f 305/305/305 433/433/433 311/311/311
f 314/314/314 433/433/433 430/430/430
f 314/314/314 432/432/432 416/416/416
f 262/262/262 1094/1094/1094 359/359/359
f 360/360/360 1094/1094/1094 627/627/627
f 360/360/360 625/625/625 290/290/290
f 287/287/287 625/625/625 1102/1102/1102
f 287/287/287 1101/1101/1101 1103/1103/1103
f 1104/1104/1104 1101/1101/1101 304/304/304
f 1201/1201/1201 618/618/618 1189/1189/1189
f 238/238/238 1136/1136/1136 1110/1110/1110
f 1109/1109/1109 1136/1136/1136 1117/1117/1117
f 1109/1109/1109 1116/1116/1116 1174/1174/1174
f 1120/1120/1120 188/188/188 1127/1127/1127
f 1125/1125/1125 188/188/188 1131/1131/1131
f 1125/1125/1125 1132/1132/1132 242/242/242
f 238/238/238 1132/1132/1132 176/176/176
f 238/238/238 178/178/178 1133/1133/1133
f 1165/1165/1165 1141/1141/1141 1142/1142/1142
f 1143/1143/1143 1141/1141/1141 1225/1225/1225
f 1143/1143/1143 1228/1228/1228 1151/1151/1151
f 249/249/249 1157/1157/1157 1152/1152/1152
f 1154/1154/1154 1157/1157/1157 123/123/123
f 1154/1154/1154 122/122/122 1163/1163/1163
f 1165/1165/1165 122/122/122 1166/1166/1166
f 1165/1165/1165 1167/1167/1167 1140/1140/1140
f 1113/1113/1113 1172/1172/1172 1174/1174/1174
f 1176/1176/1176 1172/1172/1172 1181/1181/1181
f 1176/1176/1176 1180/1180/1180 247/247/247
f 249/249/249 1180/1180/1180 1185/1185/1185
f 249/249/249 1182/1182/1182 1158/1158/1158
f 622/622/622 1192/1192/1192 1189/1189/1189
f 1188/1188/1188 1192/1192/1192 198/198/198
f 1188/1188/1188 199/199/199 1119/1119/1119
f 1120/1120/1120 199/199/199 196/196/196
f 1120/1120/1120 192/192/192 191/191/191
f 1188/1188/1188 1197/1197/1197 1204/1204/1204
f 1201/1201/1201 1197/1197/1197 1205/1205/1205
f 1201/1201/1201 1206/1206/1206 184/184/184
f 185/185/185 1206/1206/1206 1211/1211/1211
f 187/187/187 1214/1214/1214 1218/1218/1218
f 1216/1216/1216 1212/1212/1212 1151/1151/1151
f 1216/1216/1216 1147/1147/1147 1224/1224/1224
f 1222/1222/1222 1147/1147/1147 1225/1225/1225
f 1234/1234/1234 1237/1237/1237 2147/2147/2147
f 2151/2151/2151 1236/1236/1236 1244/1244/1244
f 2146/2146/2146 1243/1243/1243 1500/1500/1500
f 1255/1255/1255 466/466/466 1252/1252/1252
f 1249/1249/1249 1470/1470/1470 1256/1256/1256
f 1258/1258/1258 1471/1471/1471 1467/1467/1467
f 1254/1254/1254 1465/1465/1465 1231/1231/1231
f 1230/1230/1230 1468/1468/1468 1537/1537/1537
f 1235/1235/1235 1538/1538/1538 1239/1239/1239
f 1263/1263/1263 1422/1422/1422 1296/1296/1296
f 1297/1297/1297 1425/1425/1425 1430/1430/1430
f 1297/1297/1297 1428/1428/1428 2090/2090/2090
f 2089/2089/2089 1426/1426/1426 557/557/557
f 2089/2089/2089 555/555/555 1267/1267/1267
f 1266/1266/1266 556/556/556 545/545/545
f 1266/1266/1266 543/543/543 1269/1269/1269
f 1268/1268/1268 546/546/546 1274/1274/1274
f 1268/1268/1268 1275/1275/1275 2095/2095/2095
f 2092/2092/2092 1273/1273/1273 447/447/447
f 2092/2092/2092 446/446/446 2070/2070/2070
f 2069/2069/2069 448/448/448 1278/1278/1278
f 2069/2069/2069 1276/1276/1276 2084/2084/2084
f 2086/2086/2086 1277/1277/1277 475/475/475
f 2086/2086/2086 477/477/477 1282/1282/1282
f 1281/1281/1281 478/478/478 1393/1393/1393
f 1281/1281/1281 1391/1391/1391 1286/1286/1286
f 1284/1284/1284 1396/1396/1396 1401/1401/1401
f 1284/1284/1284 1398/1398/1398 2082/2082/2082
f 2081/2081/2081 1397/1397/1397 1402/1402/1402
f 2081/2081/2081 1405/1405/1405 2079/2079/2079
f 2078/2078/2078 1404/1404/1404 1292/1292/1292
f 2077/2077/2077 1289/1289/1289 2071/2071/2071
f 2073/2073/2073 1290/1290/1290 1411/1411/1411
f 2074/2074/2074 1413/1413/1413 1295/1295/1295
f 1294/1294/1294 1412/1412/1412 1264/1264/1264
f 1478/1478/1478 2061/2061/2061 1306/1306/1306
f 1302/1302/1302 2062/2062/2062 1301/1301/1301
f 1304/1304/1304 1300/1300/1300 1308/1308/1308
f 1312/1312/1312 1298/1298/1298 1313/1313/1313
f 1310/1310/1310 1315/1315/1315 1462/1462/1462
f 1463/1463/1463 1317/1317/1317 1320/1320/1320
f 1463/1463/1463 1319/1319/1319 1324/1324/1324
f 1323/1323/1323 1322/1322/1322 1331/1331/1331
f 1323/1323/1323 1328/1328/1328 504/504/504
f 507/507/507 1330/1330/1330 1332/1332/1332
f 507/507/507 1333/1333/1333 1338/1338/1338
f 1340/1340/1340 1335/1335/1335 1380/1380/1380
f 1340/1340/1340 1382/1382/1382 1389/1389/1389
f 1474/1474/1474 1480/1480/1480 2064/2064/2064
f 2063/2063/2063 1481/1481/1481 1490/1490/1490
f 2063/2063/2063 1491/1491/1491 1343/1343/1343
f 1341/1341/1341 1494/1494/1494 1345/1345/1345
f 1341/1341/1341 1344/1344/1344 2059/2059/2059
f 2058/2058/2058 1349/1349/1349 1355/1355/1355
f 2058/2058/2058 1354/1354/1354 1360/1360/1360
f 1357/1357/1357 1351/1351/1351 1366/1366/1366
f 1357/1357/1357 1362/1362/1362 2056/2056/2056
f 2055/2055/2055 1361/1361/1361 1419/1419/1419
f 2053/2053/2053 1420/1420/1420 1368/1368/1368
f 1369/1369/1369 1421/1421/1421 1371/1371/1371
f 1367/1367/1367 1374/1374/1374 1381/1381/1381
f 1377/1377/1377 1372/1372/1372 1407/1407/1407
f 1378/1378/1378 1410/1410/1410 1385/1385/1385
f 1390/1390/1390 505/505/505 1336/1336/1336
f 1390/1390/1390 1339/1339/1339 1399/1399/1399
f 1400/1400/1400 1337/1337/1337 1387/1387/1387
f 1400/1400/1400 1386/1386/1386 1403/1403/1403
f 1406/1406/1406 1388/1388/1388 1291/1291/1291
f 1288/1288/1288 1388/1388/1388 1408/1408/1408
f 1287/1287/1287 1409/1409/1409 1415/1415/1415
f 1414/1414/1414 1409/1409/1409 1373/1373/1373
f 1416/1416/1416 1375/1375/1375 1262/1262/1262
f 1376/1376/1376 1418/1418/1418 1262/1262/1262
f 1261/1261/1261 1417/1417/1417 1364/1364/1364
f 1261/1261/1261 1365/1365/1365 1423/1423/1423
f 1424/1424/1424 1363/1363/1363 1356/1356/1356
f 1424/1424/1424 1352/1352/1352 1427/1427/1427
f 1429/1429/1429 1353/1353/1353 1347/1347/1347
f 1429/1429/1429 1346/1346/1346 553/553/553
f 532/532/532 1346/1346/1346 1488/1488/1488
f 1325/1325/1325 505/505/505 508/508/508
f 1431/1431/1431 1448/1448/1448 1438/1438/1438
f 1447/1447/1447 480/480/480 1439/1439/1439
f 1441/1441/1441 481/481/481 64/64/64
f 1435/1435/1435 61/61/61 1443/1443/1443
f 1446/1446/1446 75/75/75 1437/1437/1437
f 1436/1436/1436 73/73/73 79/79/79
f 1440/1440/1440 80/80/80 1434/1434/1434
f 1453/1453/1453 1457/1457/1457 1461/1461/1461
f 1460/1460/1460 1456/1456/1456 596/596/596
f 1464/1464/1464 593/593/593 1309/1309/1309
f 1532/1532/1532 1253/1253/1253 1526/1526/1526
f 1536/1536/1536 1466/1466/1466 1531/1531/1531
f 1534/1534/1534 1469/1469/1469 1473/1473/1473
f 1533/1533/1533 1472/1472/1472 1251/1251/1251
f 1311/1311/1311 595/595/595 1307/1307/1307
f 1305/1305/1305 597/597/597 611/611/611
f 1303/1303/1303 614/614/614 1477/1477/1477
f 1475/1475/1475 612/612/612 1484/1484/1484
f 1476/1476/1476 1485/1485/1485 1482/1482/1482
f 1479/1479/1479 1486/1486/1486 1501/1501/1501
f 1483/1483/1483 1496/1496/1496 1493/1493/1493
f 1489/1489/1489 1495/1495/1495 1245/1245/1245
f 1492/1492/1492 1246/1246/1246 531/531/531
f 1459/1459/1459 1326/1326/1326 1449/1449/1449
f 1452/1452/1452 1327/1327/1327 508/508/508
f 1452/1452/1452 513/513/513 485/485/485
f 482/482/482 512/512/512 1570/1570/1570
f 482/482/482 1572/1572/1572 1505/1505/1505
f 1503/1503/1503 1569/1569/1569 1510/1510/1510
f 1503/1503/1503 1506/1506/1506 1513/1513/1513
f 1512/1512/1512 1508/1508/1508 1560/1560/1560
f 1515/1515/1515 1559/1559/1559 1601/1601/1601
f 1602/1602/1602 1563/1563/1563 1550/1550/1550
f 1600/1600/1600 1551/1551/1551 1606/1606/1606
f 1604/1604/1604 1549/1549/1549 1519/1519/1519
f 1604/1604/1604 1520/1520/1520 1608/1608/1608
f 1609/1609/1609 1518/1518/1518 537/537/537
f 1609/1609/1609 536/536/536 1527/1527/1527
f 1524/1524/1524 535/535/535 1247/1247/1247
f 1525/1525/1525 1241/1241/1241 1528/1528/1528
f 1529/1529/1529 1242/1242/1242 1238/1238/1238
f 1530/1530/1530 1240/1240/1240 1535/1535/1535
f 542/542/542 534/534/534 1845/1845/1845
f 1844/1844/1844 534/534/534 1516/1516/1516
f 1844/1844/1844 1517/1517/1517 1541/1541/1541
f 1543/1543/1543 1517/1517/1517 1544/1544/1544
f 1545/1545/1545 1517/1517/1517 1552/1552/1552
f 1545/1545/1545 1553/1553/1553 1558/1558/1558
f 1554/1554/1554 1553/1553/1553 1562/1562/1562
f 1554/1554/1554 1561/1561/1561 1564/1564/1564
f 1567/1567/1567 1561/1561/1561 1831/1831/1831
f 1828/1828/1828 1561/1561/1561 1509/1509/1509
f 1828/1828/1828 1507/1507/1507 1822/1822/1822
f 1825/1825/1825 1507/1507/1507 1815/1815/1815
f 1811/1811/1811 1507/1507/1507 1571/1571/1571
f 1811/1811/1811 1573/1573/1573 1808/1808/1808
f 1807/1807/1807 1573/1573/1573 511/511/511
f 1807/1807/1807 509/509/509 1574/1574/1574
f 487/487/487 484/484/484 1580/1580/1580
f 1582/1582/1582 484/484/484 1502/1502/1502
f 1582/1582/1582 1504/1504/1504 1585/1585/1585
f 1586/1586/1586 1504/1504/1504 1588/1588/1588
f 1590/1590/1590 1504/1504/1504 1514/1514/1514
f 1590/1590/1590 1511/1511/1511 1592/1592/1592
f 1594/1594/1594 1511/1511/1511 1599/1599/1599
f 1594/1594/1594 1603/1603/1603 1595/1595/1595
f 1596/1596/1596 1603/1603/1603 1779/1779/1779
f 1776/1776/1776 1603/1603/1603 1605/1605/1605
f 1776/1776/1776 1607/1607/1607 1794/1794/1794
f 1793/1793/1793 1607/1607/1607 1798/1798/1798
f 1797/1797/1797 1607/1607/1607 1611/1611/1611
f 1797/1797/1797 1610/1610/1610 1803/1803/1803
f 1801/1801/1801 1610/1610/1610 1522/1522/1522
f 1801/1801/1801 1521/1521/1521 570/570/570
f 1988/1988/1988 498/498/498 1612/1612/1612
f 1615/1615/1615 494/494/494 1667/1667/1667
f 1613/1613/1613 1665/1665/1665 1993/1993/1993
f 1995/1995/1995 1663/1663/1663 1618/1618/1618
f 1994/1994/1994 1617/1617/1617 1998/1998/1998
f 2000/2000/2000 1622/1622/1622 1623/1623/1623
f 1997/1997/1997 1624/1624/1624 2002/2002/2002
f 2007/2007/2007 1624/1624/1624 1633/1633/1633
f 2004/2004/2004 1628/1628/1628 2017/2017/2017
f 2015/2015/2015 1629/1629/1629 1634/1634/1634
f 2016/2016/2016 1639/1639/1639 2021/2021/2021
f 2022/2022/2022 1635/1635/1635 1641/1641/1641
f 2023/2023/2023 1640/1640/1640 2033/2033/2033
f 2032/2032/2032 1640/1640/1640 1646/1646/1646
f 2031/2031/2031 1648/1648/1648 2044/2044/2044
f 2046/2046/2046 1649/1649/1649 1654/1654/1654
f 2042/2042/2042 1655/1655/1655 2050/2050/2050
f 2047/2047/2047 1656/1656/1656 1691/1691/1691
f 2049/2049/2049 1690/1690/1690 1661/1661/1661
f 1657/1657/1657 1695/1695/1695 558/558/558
f 497/497/497 1707/1707/1707 1664/1664/1664
f 1666/1666/1666 1709/1709/1709 1668/1668/1668
f 1662/1662/1662 1672/1672/1672 1619/1619/1619
f 1620/1620/1620 1672/1672/1672 1674/1674/1674
f 1621/1621/1621 1675/1675/1675 1627/1627/1627
f 1625/1625/1625 1673/1673/1673 1728/1728/1728
f 1626/1626/1626 1726/1726/1726 1630/1630/1630
f 1632/1632/1632 1724/1724/1724 1683/1683/1683
f 1631/1631/1631 1681/1681/1681 1636/1636/1636
f 1638/1638/1638 1681/1681/1681 1730/1730/1730
f 1637/1637/1637 1729/1729/1729 1642/1642/1642
f 1644/1644/1644 1732/1732/1732 1743/1743/1743
f 1643/1643/1643 1745/1745/1745 1647/1647/1647
f 1650/1650/1650 1741/1741/1741 1684/1684/1684
f 1645/1645/1645 1685/1685/1685 1653/1653/1653
f 1651/1651/1651 1686/1686/1686 1754/1754/1754
f 1652/1652/1652 1756/1756/1756 1692/1692/1692
f 1693/1693/1693 1757/1757/1757 1698/1698/1698
f 1694/1694/1694 1697/1697/1697 561/561/561
f 559/559/559 1696/1696/1696 1703/1703/1703
f 1706/1706/1706 489/489/489 1670/1670/1670
f 1671/1671/1671 493/493/493 1711/1711/1711
f 1669/1669/1669 1712/1712/1712 1676/1676/1676
f 1677/1677/1677 1716/1716/1716 1720/1720/1720
f 1678/1678/1678 1717/1717/1717 1725/1725/1725
f 1723/1723/1723 1719/1719/1719 1768/1768/1768
f 1727/1727/1727 1764/1764/1764 1680/1680/1680
f 1679/1679/1679 1765/1765/1765 1773/1773/1773
f 1682/1682/1682 1771/1771/1771 1731/1731/1731
f 1733/1733/1733 1770/1770/1770 1735/1735/1735
f 1734/1734/1734 1739/1739/1739 1742/1742/1742
f 1746/1746/1746 1736/1736/1736 1750/1750/1750
f 1744/1744/1744 1751/1751/1751 1689/1689/1689
f 1688/1688/1688 1752/1752/1752 1783/1783/1783
f 1687/1687/1687 1782/1782/1782 1758/1758/1758
f 1755/1755/1755 1785/1785/1785 1787/1787/1787
f 1753/1753/1753 1790/1790/1790 1699/1699/1699
f 1701/1701/1701 1791/1791/1791 1759/1759/1759
f 1700/1700/1700 1762/1762/1762 1704/1704/1704
f 1705/1705/1705 1762/1762/1762 564/564/564
f 492/492/492 488/488/488 1715/1715/1715
f 1714/1714/1714 488/488/488 1581/1581/1581
f 1713/1713/1713 1579/1579/1579 1722/1722/1722
f 1721/1721/1721 1578/1578/1578 1584/1584/1584
f 1718/1718/1718 1583/1583/1583 1766/1766/1766
f 1769/1769/1769 1583/1583/1583 1589/1589/1589
f 1767/1767/1767 1587/1587/1587 1774/1774/1774
f 1775/1775/1775 1587/1587/1587 1591/1591/1591
f 1772/1772/1772 1593/1593/1593 1738/1738/1738
f 1737/1737/1737 1593/1593/1593 1597/1597/1597
f 1740/1740/1740 1598/1598/1598 1747/1747/1747
f 1749/1749/1749 1598/1598/1598 1778/1778/1778
f 1748/1748/1748 1777/1777/1777 1784/1784/1784
f 1781/1781/1781 1780/1780/1780 1796/1796/1796
f 1786/1786/1786 1795/1795/1795 1789/1789/1789
f 1792/1792/1792 1795/1795/1795 1800/1800/1800
f 1788/1788/1788 1799/1799/1799 1763/1763/1763
f 1761/1761/1761 1799/1799/1799 1804/1804/1804
f 1760/1760/1760 1805/1805/1805 565/565/565
f 567/567/567 1802/1802/1802 571/571/571
f 1576/1576/1576 1863/1863/1863 1810/1810/1810
f 1806/1806/1806 1863/1863/1863 1867/1867/1867
f 1809/1809/1809 1868/1868/1868 1814/1814/1814
f 1812/1812/1812 1869/1869/1869 1876/1876/1876
f 1813/1813/1813 1877/1877/1877 1823/1823/1823
f 1824/1824/1824 1877/1877/1877 1818/1818/1818
f 1826/1826/1826 1821/1821/1821 1830/1830/1830
f 1827/1827/1827 1816/1816/1816 1835/1835/1835
f 1829/1829/1829 1834/1834/1834 1565/1565/1565
f 1568/1568/1568 1837/1837/1837 1838/1838/1838
f 1566/1566/1566 1840/1840/1840 1555/1555/1555
f 1556/1556/1556 1842/1842/1842 1882/1882/1882
f 1557/1557/1557 1880/1880/1880 1546/1546/1546
f 1547/1547/1547 1880/1880/1880 1884/1884/1884
f 1548/1548/1548 1885/1885/1885 1542/1542/1542
f 1539/1539/1539 1885/1885/1885 1852/1852/1852
f 1540/1540/1540 1849/1849/1849 1847/1847/1847
f 1846/1846/1846 1849/1849/1849 1857/1857/1857
f 1848/1848/1848 1854/1854/1854 539/539/539
f 538/538/538 1856/1856/1856 1901/1901/1901
f 1860/1860/1860 1871/1871/1871 1864/1864/1864
f 1865/1865/1865 1873/1873/1873 1922/1922/1922
f 1866/1866/1866 1919/1919/1919 1874/1874/1874
f 1875/1875/1875 1918/1918/1918 1926/1926/1926
f 1878/1878/1878 1929/1929/1929 1820/1820/1820
f 1819/1819/1819 1927/1927/1927 1931/1931/1931
f 1817/1817/1817 1930/1930/1930 1833/1833/1833
f 1832/1832/1832 1934/1934/1934 1951/1951/1951
f 1836/1836/1836 1950/1950/1950 1843/1843/1843
f 1841/1841/1841 1948/1948/1948 1962/1962/1962
f 1839/1839/1839 1959/1959/1959 1883/1883/1883
f 1879/1879/1879 1963/1963/1963 1975/1975/1975
f 1881/1881/1881 1970/1970/1970 1886/1886/1886
f 1887/1887/1887 1973/1973/1973 1893/1893/1893
f 1888/1888/1888 1891/1891/1891 1851/1851/1851
f 1850/1850/1850 1894/1894/1894 1899/1899/1899
f 1853/1853/1853 1898/1898/1898 1858/1858/1858
f 1859/1859/1859 1896/1896/1896 1978/1978/1978
f 1855/1855/1855 1979/1979/1979 1902/1902/1902
f 1903/1903/1903 1979/1979/1979 515/515/515
f 1872/1872/1872 1908/1908/1908 1920/1920/1920
f 1921/1921/1921 1910/1910/1910 1915/1915/1915
f 1923/1923/1923 1916/1916/1916 1928/1928/1928
f 1925/1925/1925 1917/1917/1917 1937/1937/1937
f 1924/1924/1924 1936/1936/1936 1935/1935/1935
f 1932/1932/1932 1939/1939/1939 1946/1946/1946
f 1933/1933/1933 1942/1942/1942 1952/1952/1952
f 1953/1953/1953 1944/1944/1944 1955/1955/1955
f 1949/1949/1949 1954/1954/1954 1960/1960/1960
f 1964/1964/1964 1954/1954/1954 1968/1968/1968
f 1961/1961/1961 1967/1967/1967 1972/1972/1972
f 1974/1974/1974 1967/1967/1967 2009/2009/2009
f 1971/1971/1971 2012/2012/2012 1892/1892/1892
f 1889/1889/1889 2010/2010/2010 2028/2028/2028
f 1890/1890/1890 2029/2029/2029 1900/1900/1900
f 1895/1895/1895 2030/2030/2030 2041/2041/2041
f 1897/1897/1897 2039/2039/2039 1977/1977/1977
f 1976/1976/1976 2039/2039/2039 1983/1983/1983
f 1980/1980/1980 1982/1982/1982 517/517/517
f 516/516/516 1984/1984/1984 529/529/529
f 1907/1907/1907 1987/1987/1987 1914/1914/1914
f 1913/1913/1913 1990/1990/1990 1614/1614/1614
f 1912/1912/1912 1616/1616/1616 1941/1941/1941
f 1940/1940/1940 1616/1616/1616 1992/1992/1992
f 1938/1938/1938 1996/1996/1996 1943/1943/1943
f 1947/1947/1947 1991/1991/1991 2001/2001/2001
f 1945/1945/1945 1999/1999/1999 1956/1956/1956
f 1957/1957/1957 1999/1999/1999 2006/2006/2006
f 1958/1958/1958 2005/2005/2005 1965/1965/1965
f 1969/1969/1969 2003/2003/2003 2014/2014/2014
f 1966/1966/1966 2018/2018/2018 2008/2008/2008
f 2013/2013/2013 2019/2019/2019 2024/2024/2024
f 2011/2011/2011 2020/2020/2020 2027/2027/2027
f 2025/2025/2025 2020/2020/2020 2035/2035/2035
f 2026/2026/2026 2036/2036/2036 2037/2037/2037
f 2040/2040/2040 2034/2034/2034 2043/2043/2043
f 2038/2038/2038 2045/2045/2045 1985/1985/1985
f 1986/1986/1986 2045/2045/2045 2051/2051/2051
f 1981/1981/1981 2048/2048/2048 527/527/527
f 530/530/530 2052/2052/2052 1660/1660/1660
f 2065/2065/2065 1342/1342/1342 2060/2060/2060
f 1384/1384/1384 1334/1334/1334 1329/1329/1329
f 1370/1370/1370 1379/1379/1379 2057/2057/2057
f 2054/2054/2054 1379/1379/1379 2067/2067/2067
f 2054/2054/2054 2066/2066/2066 1359/1359/1359
f 1358/1358/1358 2066/2066/2066 2060/2060/2060
f 1299/1299/1299 2066/2066/2066 1314/1314/1314
f 1316/1316/1316 2066/2066/2066 1383/1383/1383
f 1316/1316/1316 1379/1379/1379 1321/1321/1321
f 1318/1318/1318 1379/1379/1379 1329/1329/1329
f 2076/2076/2076 2093/2093/2093 2068/2068/2068
f 2072/2072/2072 1293/1293/1293 2075/2075/2075
f 2076/2076/2076 1293/1293/1293 2088/2088/2088
f 1285/1285/1285 2083/2083/2083 1283/1283/1283
f 1280/1280/1280 2083/2083/2083 2075/2075/2075
f 1280/1280/1280 2080/2080/2080 2085/2085/2085
f 2087/2087/2087 2080/2080/2080 2068/2068/2068
f 2091/2091/2091 1265/1265/1265 2075/2075/2075
f 2076/2076/2076 1265/1265/1265 1271/1271/1271
f 2076/2076/2076 1270/1270/1270 2094/2094/2094
f 3334/3334/3334 2099/2099/2099 3394/3394/3394
f 3395/3395/3395 2099/2099/2099 2104/2104/2104
f 3395/3395/3395 2102/2102/2102 2107/2107/2107
f 2108/2108/2108 2102/2102/2102 2112/2112/2112
f 2108/2108/2108 2113/2113/2113 2115/2115/2115
f 2117/2117/2117 2113/2113/2113 3583/3583/3583
f 657/657/657 2128/2128/2128 2123/2123/2123
f 2124/2124/2124 2127/2127/2127 2133/2133/2133
f 2122/2122/2122 2131/2131/2131 2136/2136/2136
f 2139/2139/2139 2130/2130/2130 2214/2214/2214
f 2140/2140/2140 2213/2213/2213 23/23/23
f 656/656/656 2186/2186/2186 2126/2126/2126
f 2129/2129/2129 2182/2182/2182 2195/2195/2195
f 2125/2125/2125 2194/2194/2194 2134/2134/2134
f 2135/2135/2135 2193/2193/2193 2217/2217/2217
f 2132/2132/2132 2221/2221/2221 2215/2215/2215
f 21/21/21 2272/2272/2272 2264/2264/2264
f 21/21/21 2266/2266/2266 2138/2138/2138
f 2137/2137/2137 2263/2263/2263 2235/2235/2235
f 2137/2137/2137 2234/2234/2234 2120/2120/2120
f 2121/2121/2121 2237/2237/2237 2229/2229/2229
f 2121/2121/2121 2231/2231/2231 660/660/660
f 639/639/639 2300/2300/2300 2289/2289/2289
f 639/639/639 2292/2292/2292 2275/2275/2275
f 2273/2273/2273 2293/2293/2293 2141/2141/2141
f 2273/2273/2273 2143/2143/2143 2258/2258/2258
f 2261/2261/2261 2145/2145/2145 666/666/666
f 2257/2257/2257 663/663/663 2228/2228/2228
f 2148/2148/2148 2346/2346/2346 2155/2155/2155
f 2148/2148/2148 2154/2154/2154 2159/2159/2159
f 2162/2162/2162 2156/2156/2156 2166/2166/2166
f 2162/2162/2162 2165/2165/2165 2321/2321/2321
f 2316/2316/2316 2167/2167/2167 651/651/651
f 2320/2320/2320 654/654/654 2170/2170/2170
f 658/658/658 653/653/653 2177/2177/2177
f 659/659/659 2180/2180/2180 2185/2185/2185
f 2183/2183/2183 2176/2176/2176 2191/2191/2191
f 2184/2184/2184 2192/2192/2192 2196/2196/2196
f 2197/2197/2197 2187/2187/2187 2203/2203/2203
f 2197/2197/2197 2199/2199/2199 2218/2218/2218
f 2206/2206/2206 25/25/25 2210/2210/2210
f 2206/2206/2206 2212/2212/2212 2376/2376/2376
f 2374/2374/2374 2211/2211/2211 2220/2220/2220
f 2374/2374/2374 2216/2216/2216 678/678/678
f 2227/2227/2227 2223/2223/2223 2260/2260/2260
f 2239/2239/2239 2222/2222/2222 2232/2232/2232
f 2238/2238/2238 2242/2242/2242 2230/2230/2230
f 2236/2236/2236 2262/2262/2262 2240/2240/2240
f 2241/2241/2241 2262/2262/2262 2245/2245/2245
f 2243/2243/2243 2244/2244/2244 2225/2225/2225
f 2226/2226/2226 2246/2246/2246 2251/2251/2251
f 2224/2224/2224 2252/2252/2252 2259/2259/2259
f 2256/2256/2256 2253/2253/2253 2276/2276/2276
f 2265/2265/2265 2269/2269/2269 2248/2248/2248
f 2247/2247/2247 2271/2271/2271 2392/2392/2392
f 2249/2249/2249 2394/2394/2394 2255/2255/2255
f 2250/2250/2250 2395/2395/2395 2400/2400/2400
f 2254/2254/2254 2399/2399/2399 2277/2277/2277
f 2274/2274/2274 2397/2397/2397 642/642/642
f 665/665/665 2287/2287/2287 2426/2426/2426
f 2428/2428/2428 2284/2284/2284 2278/2278/2278
f 2423/2423/2423 2279/2279/2279 2433/2433/2433
f 2429/2429/2429 2282/2282/2282 2302/2302/2302
f 2431/2431/2431 2305/2305/2305 2421/2421/2421
f 668/668/668 2144/2144/2144 2286/2286/2286
f 2285/2285/2285 2142/2142/2142 2291/2291/2291
f 2288/2288/2288 2294/2294/2294 2283/2283/2283
f 2280/2280/2280 2290/2290/2290 2296/2296/2296
f 2281/2281/2281 2295/2295/2295 2301/2301/2301
f 2169/2169/2169 2307/2307/2307 2318/2318/2318
f 2311/2311/2311 2306/2306/2306 2175/2175/2175
f 2454/2454/2454 2314/2314/2314 2172/2172/2172
f 2452/2452/2452 2445/2445/2445 2315/2315/2315
f 2312/2312/2312 2446/2446/2446 2329/2329/2329
f 2313/2313/2313 2330/2330/2330 2310/2310/2310
f 2309/2309/2309 2330/2330/2330 2326/2326/2326
f 2308/2308/2308 2323/2323/2323 2319/2319/2319
f 2317/2317/2317 2322/2322/2322 2163/2163/2163
f 2444/2444/2444 463/463/463 2332/2332/2332
f 2331/2331/2331 464/464/464 1257/1257/1257
f 2328/2328/2328 1260/1260/1260 2324/2324/2324
f 2327/2327/2327 1259/1259/1259 1232/1232/1232
f 2325/2325/2325 1229/1229/1229 2160/2160/2160
f 2161/2161/2161 1233/1233/1233 2150/2150/2150
f 652/652/652 2340/2340/2340 2179/2179/2179
f 2178/2178/2178 2339/2339/2339 2338/2338/2338
f 2181/2181/2181 2335/2335/2335 2189/2189/2189
f 2188/2188/2188 2333/2333/2333 2458/2458/2458
f 2190/2190/2190 2460/2460/2460 2200/2200/2200
f 650/650/650 2164/2164/2164 2341/2341/2341
f 2342/2342/2342 2168/2168/2168 2157/2157/2157
f 2343/2343/2343 2153/2153/2153 2337/2337/2337
f 2334/2334/2334 2158/2158/2158 2349/2349/2349
f 2336/2336/2336 2350/2350/2350 2457/2457/2457
f 2466/2466/2466 2475/2475/2475 2351/2351/2351
f 2352/2352/2352 2474/2474/2474 2357/2357/2357
f 2354/2354/2354 2356/2356/2356 2371/2371/2371
f 2372/2372/2372 2361/2361/2361 2205/2205/2205
f 2370/2370/2370 2209/2209/2209 2377/2377/2377
f 2472/2472/2472 2353/2353/2353 2365/2365/2365
f 2366/2366/2366 2355/2355/2355 2369/2369/2369
f 2362/2362/2362 2368/2368/2368 2382/2382/2382
f 2381/2381/2381 2373/2373/2373 2378/2378/2378
f 2383/2383/2383 2375/2375/2375 676/676/676
f 2270/2270/2270 20/20/20 2388/2388/2388
f 2270/2270/2270 2385/2385/2385 2393/2393/2393
f 2391/2391/2391 2390/2390/2390 2490/2490/2490
f 2391/2391/2391 2494/2494/2494 2396/2396/2396
f 2398/2398/2398 2489/2489/2489 637/637/637
f 2398/2398/2398 635/635/635 640/640/640
f 630/630/630 634/634/634 2499/2499/2499
f 630/630/630 2497/2497/2497 2401/2401/2401
f 2403/2403/2403 2495/2495/2495 2514/2514/2514
f 2403/2403/2403 2512/2512/2512 2409/2409/2409
f 2410/2410/2410 2513/2513/2513 2686/2686/2686
f 2410/2410/2410 2683/2683/2683 2557/2557/2557
f 2298/2298/2298 629/629/629 2412/2412/2412
f 2297/2297/2297 2417/2417/2417 2303/2303/2303
f 2304/2304/2304 2411/2411/2411 2715/2715/2715
f 2304/2304/2304 2716/2716/2716 2422/2422/2422
f 646/646/646 662/662/662 2427/2427/2427
f 644/644/644 2425/2425/2425 2437/2437/2437
f 2436/2436/2436 2424/2424/2424 2434/2434/2434
f 2438/2438/2438 2432/2432/2432 2567/2567/2567
f 2566/2566/2566 2430/2430/2430 2419/2419/2419
f 2566/2566/2566 2418/2418/2418 688/688/688
f 2440/2440/2440 468/468/468 2447/2447/2447
f 2440/2440/2440 2449/2449/2449 2574/2574/2574
f 2571/2571/2571 2448/2448/2448 2453/2453/2453
f 2571/2571/2571 2450/2450/2450 2564/2564/2564
f 2561/2561/2561 2451/2451/2451 2173/2173/2173
f 2561/2561/2561 2171/2171/2171 647/647/647
f 2582/2582/2582 2198/2198/2198 2456/2456/2456
f 2585/2585/2585 2455/2455/2455 2612/2612/2612
f 2610/2610/2610 2459/2459/2459 2347/2347/2347
f 2610/2610/2610 2345/2345/2345 2624/2624/2624
f 675/675/675 2581/2581/2581 2578/2578/2578
f 675/675/675 2575/2575/2575 2379/2379/2379
f 2380/2380/2380 2579/2579/2579 2464/2464/2464
f 2384/2384/2384 2463/2463/2463 2364/2364/2364
f 2367/2367/2367 2461/2461/2461 2588/2588/2588
f 2363/2363/2363 2587/2587/2587 2471/2471/2471
f 27/27/27 2208/2208/2208 2360/2360/2360
f 27/27/27 2358/2358/2358 2674/2674/2674
f 2675/2675/2675 2359/2359/2359 2473/2473/2473
f 2675/2675/2675 2476/2476/2476 2479/2479/2479
f 2482/2482/2482 2477/2477/2477 2469/2469/2469
f 2482/2482/2482 2467/2467/2467 2630/2630/2630
f 2509/2509/2509 2694/2694/2694 2684/2684/2684
f 2511/2511/2511 2688/2688/2688 2518/2518/2518
f 16/16/16 2696/2696/2696 2389/2389/2389
f 2387/2387/2387 2699/2699/2699 2501/2501/2501
f 2386/2386/2386 2503/2503/2503 2493/2493/2493
f 2492/2492/2492 2504/2504/2504 2486/2486/2486
f 2491/2491/2491 2488/2488/2488 636/636/636
f 633/633/633 2485/2485/2485 2500/2500/2500
f 2701/2701/2701 2695/2695/2695 2502/2502/2502
f 2505/2505/2505 2692/2692/2692 2507/2507/2507
f 2506/2506/2506 2510/2510/2510 2483/2483/2483
f 2484/2484/2484 2508/2508/2508 2520/2520/2520
f 2487/2487/2487 2521/2521/2521 2496/2496/2496
f 2498/2498/2498 2519/2519/2519 2515/2515/2515
f 2516/2516/2516 2517/2517/2517 2685/2685/2685
f 2413/2413/2413 631/631/631 2405/2405/2405
f 2717/2717/2717 2415/2415/2415 2724/2724/2724
f 2719/2719/2719 2414/2414/2414 2540/2540/2540
f 2523/2523/2523 2530/2530/2530 2536/2536/2536
f 2537/2537/2537 2529/2529/2529 2544/2544/2544
f 2538/2538/2538 2545/2545/2545 2722/2722/2722
f 2556/2556/2556 2548/2548/2548 2522/2522/2522
f 2524/2524/2524 2549/2549/2549 2554/2554/2554
f 2525/2525/2525 2553/2553/2553 2533/2533/2533
f 2416/2416/2416 2404/2404/2404 2534/2534/2534
f 2539/2539/2539 2402/2402/2402 2408/2408/2408
f 2535/2535/2535 2407/2407/2407 2527/2527/2527
f 2526/2526/2526 2406/2406/2406 2555/2555/2555
f 648/648/648 2435/2435/2435 2562/2562/2562
f 2563/2563/2563 2439/2439/2439 2568/2568/2568
f 2560/2560/2560 2565/2565/2565 2572/2572/2572
f 2573/2573/2573 2569/2569/2569 686/686/686
f 2570/2570/2570 684/684/684 2442/2442/2442
f 2590/2590/2590 2462/2462/2462 2596/2596/2596
f 2594/2594/2594 2465/2465/2465 2577/2577/2577
f 2597/2597/2597 2576/2576/2576 2602/2602/2602
f 2600/2600/2600 2580/2580/2580 2584/2584/2584
f 2601/2601/2601 2586/2586/2586 2611/2611/2611
f 2592/2592/2592 2593/2593/2593 2604/2604/2604
f 2605/2605/2605 2595/2595/2595 2599/2599/2599
f 2606/2606/2606 2603/2603/2603 2618/2618/2618
f 2616/2616/2616 2598/2598/2598 2614/2614/2614
f 2619/2619/2619 2613/2613/2613 2622/2622/2622
f 2682/2682/2682 2481/2481/2481 2628/2628/2628
f 2681/2681/2681 2626/2626/2626 2634/2634/2634
f 29/29/29 2677/2677/2677 2638/2638/2638
f 2637/2637/2637 2676/2676/2676 2643/2643/2643
f 2640/2640/2640 2646/2646/2646 2650/2650/2650
f 2649/2649/2649 2645/2645/2645 2663/2663/2663
f 2653/2653/2653 2662/2662/2662 2659/2659/2659
f 2660/2660/2660 2664/2664/2664 2668/2668/2668
f 2673/2673/2673 2480/2480/2480 2647/2647/2647
f 2648/2648/2648 2478/2478/2478 2679/2679/2679
f 2644/2644/2644 2678/2678/2678 2666/2666/2666
f 2661/2661/2661 2680/2680/2680 2636/2636/2636
f 2665/2665/2665 2635/2635/2635 2670/2670/2670
f 2671/2671/2671 2633/2633/2633 2755/2755/2755
f 2753/2753/2753 2632/2632/2632 2627/2627/2627
f 2994/2994/2994 2687/2687/2687 2693/2693/2693
f 2994/2994/2994 2691/2691/2691 2806/2806/2806
f 2808/2808/2808 2690/2690/2690 2697/2697/2697
f 2808/2808/2808 2700/2700/2700 2705/2705/2705
f 2702/2702/2702 2698/2698/2698 18/18/18
f 2702/2702/2702 15/15/15 6/6/6
f 2710/2710/2710 2712/2712/2712 2721/2721/2721
f 2547/2547/2547 2558/2558/2558 2726/2726/2726
f 2727/2727/2727 2558/2558/2558 697/697/697
f 2546/2546/2546 2730/2730/2730 2551/2551/2551
f 2552/2552/2552 2725/2725/2725 2733/2733/2733
f 2550/2550/2550 2732/2732/2732 2532/2532/2532
f 2531/2531/2531 2731/2731/2731 2826/2826/2826
f 2528/2528/2528 2831/2831/2831 2543/2543/2543
f 2541/2541/2541 2827/2827/2827 2821/2821/2821
f 2542/2542/2542 2824/2824/2824 2723/2723/2723
f 2720/2720/2720 2825/2825/2825 2739/2739/2739
f 2718/2718/2718 2736/2736/2736 2711/2711/2711
f 2441/2441/2441 687/687/687 474/474/474
f 472/472/472 687/687/687 2707/2707/2707
f 2621/2621/2621 92/92/92 2862/2862/2862
f 2621/2621/2621 2858/2858/2858 2617/2617/2617
f 2615/2615/2615 2863/2863/2863 2743/2743/2743
f 2615/2615/2615 2742/2742/2742 2607/2607/2607
f 2608/2608/2608 2744/2744/2744 2748/2748/2748
f 2609/2609/2609 2745/2745/2745 2591/2591/2591
f 2893/2893/2893 2657/2657/2657 2672/2672/2672
f 2893/2893/2893 2667/2667/2667 2891/2891/2891
f 2890/2890/2890 2669/2669/2669 2757/2757/2757
f 2890/2890/2890 2756/2756/2756 2875/2875/2875
f 2874/2874/2874 2754/2754/2754 2625/2625/2625
f 2870/2870/2870 2631/2631/2631 2763/2763/2763
f 2764/2764/2764 26/26/26 2642/2642/2642
f 2764/2764/2764 2639/2639/2639 2914/2914/2914
f 2915/2915/2915 2641/2641/2641 2654/2654/2654
f 2915/2915/2915 2652/2652/2652 2927/2927/2927
f 2924/2924/2924 2651/2651/2651 2658/2658/2658
f 2924/2924/2924 2656/2656/2656 3035/3035/3035
f 2968/2968/2968 2775/2775/2775 2776/2776/2776
f 2777/2777/2777 2770/2770/2770 2781/2781/2781
f 2778/2778/2778 2785/2785/2785 1/1/1
f 2/2/2 2784/2784/2784 2791/2791/2791
f 3/3/3 2792/2792/2792 5/5/5
f 8/8/8 2789/2789/2789 2703/2703/2703
f 2772/2772/2772 2959/2959/2959 2783/2783/2783
f 2782/2782/2782 2957/2957/2957 2793/2793/2793
f 2786/2786/2786 2796/2796/2796 2788/2788/2788
f 2790/2790/2790 2797/2797/2797 2800/2800/2800
f 2787/2787/2787 2802/2802/2802 2706/2706/2706
f 2704/2704/2704 2803/2803/2803 2805/2805/2805
f 2960/2960/2960 2976/2976/2976 2795/2795/2795
f 2798/2798/2798 2974/2974/2974 2980/2980/2980
f 2794/2794/2794 2978/2978/2978 2801/2801/2801
f 2804/2804/2804 2977/2977/2977 2810/2810/2810
f 2799/2799/2799 2812/2812/2812 2807/2807/2807
f 2809/2809/2809 2813/2813/2813 2996/2996/2996
f 2729/2729/2729 695/695/695 3010/3010/3010
f 2708/2708/2708 2737/2737/2737 469/469/469
f 470/470/470 2737/2737/2737 2817/2817/2817
f 2738/2738/2738 2823/2823/2823 2816/2816/2816
f 2820/2820/2820 2822/2822/2822 2829/2829/2829
f 2815/2815/2815 2830/2830/2830 3005/3005/3005
f 3009/3009/3009 2828/2828/2828 2734/2734/2734
f 3006/3006/3006 2735/2735/2735 2728/2728/2728
f 2832/2832/2832 2845/2845/2845 2750/2750/2750
f 2833/2833/2833 2752/2752/2752 2856/2856/2856
f 453/453/453 3013/3013/3013 67/67/67
f 68/68/68 3011/3011/3011 2839/2839/2839
f 70/70/70 2836/2836/2836 86/86/86
f 87/87/87 2837/2837/2837 2847/2847/2847
f 84/84/84 2852/2852/2852 93/93/93
f 94/94/94 2849/2849/2849 2859/2859/2859
f 3014/3014/3014 2846/2846/2846 2841/2841/2841
f 2838/2838/2838 2843/2843/2843 2835/2835/2835
f 2840/2840/2840 2834/2834/2834 2850/2850/2850
f 2851/2851/2851 2834/2834/2834 2853/2853/2853
f 2848/2848/2848 2857/2857/2857 2860/2860/2860
f 2861/2861/2861 2854/2854/2854 2740/2740/2740
f 2741/2741/2741 2855/2855/2855 2747/2747/2747
f 2761/2761/2761 3023/3023/3023 2879/2879/2879
f 2877/2877/2877 3022/3022/3022 2867/2867/2867
f 2876/2876/2876 2865/2865/2865 2885/2885/2885
f 2883/2883/2883 2869/2869/2869 572/572/572
f 2882/2882/2882 573/573/573 3028/3028/3028
f 2762/2762/2762 2880/2880/2880 2873/2873/2873
f 2872/2872/2872 2878/2878/2878 2884/2884/2884
f 2871/2871/2871 2881/2881/2881 2887/2887/2887
f 2889/2889/2889 2886/2886/2886 3031/3031/3031
f 2888/2888/2888 3027/3027/3027 2894/2894/2894
f 2931/2931/2931 2899/2899/2899 3047/3047/3047
f 2905/2905/2905 2896/2896/2896 2930/2930/2930
f 2948/2948/2948 2904/2904/2904 2933/2933/2933
f 2947/2947/2947 2952/2952/2952 2903/2903/2903
f 2902/2902/2902 2955/2955/2955 2908/2908/2908
f 2901/2901/2901 2907/2907/2907 2898/2898/2898
f 2897/2897/2897 2909/2909/2909 2921/2921/2921
f 2900/2900/2900 2920/2920/2920 3048/3048/3048
f 3049/3049/3049 2918/2918/2918 3045/3045/3045
f 2953/2953/2953 2766/2766/2766 2910/2910/2910
f 2911/2911/2911 2767/2767/2767 2912/2912/2912
f 2906/2906/2906 2916/2916/2916 2922/2922/2922
f 2919/2919/2919 2913/2913/2913 2923/2923/2923
f 2917/2917/2917 2925/2925/2925 3044/3044/3044
f 3043/3043/3043 2926/2926/2926 3032/3032/3032
f 2932/2932/2932 2937/2937/2937 2944/2944/2944
f 2932/2932/2932 2945/2945/2945 2950/2950/2950
f 2949/2949/2949 2942/2942/2942 3059/3059/3059
f 2949/2949/2949 3061/3061/3061 2951/2951/2951
f 2954/2954/2954 3060/3060/3060 3053/3053/3053
f 2954/2954/2954 3054/3054/3054 2765/2765/2765
f 702/702/702 2973/2973/2973 2956/2956/2956
f 702/702/702 2961/2961/2961 2966/2966/2966
f 2962/2962/2962 2958/2958/2958 2771/2771/2771
f 2962/2962/2962 2773/2773/2773 3074/3074/3074
f 3077/3077/3077 2774/2774/2774 2969/2969/2969
f 3077/3077/3077 2970/2970/2970 59/59/59
f 2975/2975/2975 3220/3220/3220 3094/3094/3094
f 2975/2975/2975 3090/3090/3090 2979/2979/2979
f 2981/2981/2981 3095/3095/3095 2983/2983/2983
f 2981/2981/2981 2984/2984/2984 2814/2814/2814
f 2811/2811/2811 2985/2985/2985 2992/2992/2992
f 2811/2811/2811 2991/2991/2991 2998/2998/2998
f 698/698/698 2990/2990/2990 3001/3001/3001
f 696/696/696 3000/3000/3000 3007/3007/3007
f 3008/3008/3008 3003/3003/3003 3114/3114/3114
f 3008/3008/3008 3118/3118/3118 2818/2818/2818
f 2819/2819/2819 3116/3116/3116 526/526/526
f 2819/2819/2819 525/525/525 473/473/473
f 456/456/456 3223/3223/3223 3136/3136/3136
f 456/456/456 3133/3133/3133 3012/3012/3012
f 3015/3015/3015 3131/3131/3131 3019/3019/3019
f 3015/3015/3015 3016/3016/3016 2844/2844/2844
f 2842/2842/2842 3018/3018/3018 669/669/669
f 2842/2842/2842 671/671/671 2749/2749/2749
f 586/586/586 577/577/577 2866/2866/2866
f 586/586/586 2868/2868/2868 3140/3140/3140
f 3137/3137/3137 2864/2864/2864 3024/3024/3024
f 3142/3142/3142 3025/3025/3025 3130/3130/3130
f 3127/3127/3127 3021/3021/3021 2758/2758/2758
f 3127/3127/3127 2760/2760/2760 672/672/672
f 441/441/441 2895/2895/2895 3029/3029/3029
f 441/441/441 3026/3026/3026 3166/3166/3166
f 3165/3165/3165 3030/3030/3030 574/574/574
f 3165/3165/3165 575/575/575 583/583/583
f 3033/3033/3033 439/439/439 3037/3037/3037
f 3033/3033/3033 3036/3036/3036 3046/3046/3046
f 3042/3042/3042 3039/3039/3039 3156/3156/3156
f 3042/3042/3042 3155/3155/3155 3050/3050/3050
f 3051/3051/3051 3157/3157/3157 691/691/691
f 3051/3051/3051 694/694/694 2929/2929/2929
f 3056/3056/3056 3057/3057/3057 45/45/45
f 41/41/41 3057/3057/3057 3071/3071/3071
f 43/43/43 3072/3072/3072 52/52/52
f 51/51/51 3067/3067/3067 3063/3063/3063
f 53/53/53 3066/3066/3066 55/55/55
f 56/56/56 3066/3066/3066 3073/3073/3073
f 3058/3058/3058 2941/2941/2941 3068/3068/3068
f 3070/3070/3070 2943/2943/2943 3087/3087/3087
f 3069/3069/3069 3084/3084/3084 3065/3065/3065
f 3064/3064/3064 3089/3089/3089 3083/3083/3083
f 3062/3062/3062 3078/3078/3078 3075/3075/3075
f 3076/3076/3076 3082/3082/3082 2965/2965/2965
f 2946/2946/2946 2936/2936/2936 3085/3085/3085
f 3086/3086/3086 2939/2939/2939 3183/3183/3183
f 3088/3088/3088 3184/3184/3184 3081/3081/3081
f 3079/3079/3079 3181/3181/3181 3175/3175/3175
f 3080/3080/3080 3177/3177/3177 2963/2963/2963
f 2964/2964/2964 3180/3180/3180 701/701/701
f 3221/3221/3221 3216/3216/3216 3091/3091/3091
f 3092/3092/3092 3213/3213/3213 3102/3102/3102
f 3093/3093/3093 3107/3107/3107 2982/2982/2982
f 2986/2986/2986 3106/3106/3106 3096/3096/3096
f 2987/2987/2987 3098/3098/3098 2988/2988/2988
f 2993/2993/2993 3097/3097/3097 3002/3002/3002
f 3215/3215/3215 3205/3205/3205 3104/3104/3104
f 3105/3105/3105 3204/3204/3204 3108/3108/3108
f 3103/3103/3103 3112/3112/3112 3099/3099/3099
f 3101/3101/3101 3111/3111/3111 3124/3124/3124
f 3100/3100/3100 3120/3120/3120 3004/3004/3004
f 2999/2999/2999 3125/3125/3125 3115/3115/3115
f 3206/3206/3206 3196/3196/3196 3109/3109/3109
f 3113/3113/3113 3196/3196/3196 547/547/547
f 3110/3110/3110 548/548/548 3123/3123/3123
f 3122/3122/3122 551/551/551 519/519/519
f 3121/3121/3121 520/520/520 3119/3119/3119
f 3117/3117/3117 520/520/520 524/524/524
f 673/673/673 3017/3017/3017 3128/3128/3128
f 3129/3129/3129 3020/3020/3020 3135/3135/3135
f 3126/3126/3126 3134/3134/3134 3141/3141/3141
f 3139/3139/3139 3132/3132/3132 3228/3228/3228
f 3138/3138/3138 3227/3227/3227 584/584/584
f 689/689/689 3144/3144/3144 3232/3232/3232
f 3230/3230/3230 3145/3145/3145 3163/3163/3163
f 3229/3229/3229 3164/3164/3164 3149/3149/3149
f 3148/3148/3148 3162/3162/3162 3167/3167/3167
f 3153/3153/3153 3169/3169/3169 581/581/581
f 690/690/690 3158/3158/3158 3143/3143/3143
f 3146/3146/3146 3154/3154/3154 3040/3040/3040
f 3147/3147/3147 3041/3041/3041 3160/3160/3160
f 3161/3161/3161 3038/3038/3038 440/440/440
f 3159/3159/3159 443/443/443 3168/3168/3168
f 3257/3257/3257 703/703/703 3178/3178/3178
f 3257/3257/3257 3176/3176/3176 3170/3170/3170
f 3171/3171/3171 3179/3179/3179 3185/3185/3185
f 3171/3171/3171 3186/3186/3186 3189/3189/3189
f 3190/3190/3190 3182/3182/3182 2934/2934/2934
f 3190/3190/3190 2935/2935/2935 3193/3193/3193
f 3283/3283/3283 3199/3199/3199 3201/3201/3201
f 3283/3283/3283 3203/3203/3203 3209/3209/3209
f 3208/3208/3208 3202/3202/3202 3217/3217/3217
f 3208/3208/3208 3214/3214/3214 3267/3267/3267
f 3268/3268/3268 3212/3212/3212 3222/3222/3222
f 3268/3268/3268 3219/3219/3219 3256/3256/3256
f 3321/3321/3321 588/588/588 3226/3226/3226
f 3225/3225/3225 588/588/588 587/587/587
f 3289/3289/3289 693/693/693 3233/3233/3233
f 3289/3289/3289 3234/3234/3234 3235/3235/3235
f 3238/3238/3238 3231/3231/3231 3152/3152/3152
f 3237/3237/3237 3151/3151/3151 3290/3290/3290
f 3291/3291/3291 3150/3150/3150 582/582/582
f 3291/3291/3291 578/578/578 592/592/592
f 3194/3194/3194 3309/3309/3309 3191/3191/3191
f 3188/3188/3188 3311/3311/3311 3240/3240/3240
f 3187/3187/3187 3244/3244/3244 3173/3173/3173
f 3172/3172/3172 3243/3243/3243 3247/3247/3247
f 3174/3174/3174 3251/3251/3251 3254/3254/3254
f 3253/3253/3253 3249/3249/3249 3266/3266/3266
f 3307/3307/3307 3312/3312/3312 3242/3242/3242
f 3241/3241/3241 3314/3314/3314 3260/3260/3260
f 3245/3245/3245 3261/3261/3261 3246/3246/3246
f 3250/3250/3250 3258/3258/3258 3274/3274/3274
f 3248/3248/3248 3277/3277/3277 3264/3264/3264
f 3265/3265/3265 3276/3276/3276 3210/3210/3210
f 3313/3313/3313 3270/3270/3270 3259/3259/3259
f 3263/3263/3263 3272/3272/3272 457/457/457
f 3262/3262/3262 458/458/458 3275/3275/3275
f 3279/3279/3279 461/461/461 501/501/501
f 3278/3278/3278 500/500/500 3211/3211/3211
f 3207/3207/3207 500/500/500 3281/3281/3281
f 3286/3286/3286 3239/3239/3239 3298/3298/3298
f 3297/3297/3297 3236/3236/3236 3292/3292/3292
f 3299/3299/3299 3294/3294/3294 3304/3304/3304
f 3301/3301/3301 3293/3293/3293 589/589/589
f 3302/3302/3302 590/590/590 3317/3317/3317
f 3195/3195/3195 3287/3287/3287 3296/3296/3296
f 3195/3195/3195 3300/3300/3300 3310/3310/3310
f 3308/3308/3308 3295/3295/3295 3306/3306/3306
f 3308/3308/3308 3303/3303/3303 3315/3315/3315
f 3316/3316/3316 3305/3305/3305 3319/3319/3319
f 3316/3316/3316 3318/3318/3318 3269/3269/3269
f 3379/3379/3379 3346/3346/3346 3327/3327/3327
f 3322/3322/3322 3345/3345/3345 3360/3360/3360
f 3323/3323/3323 3357/3357/3357 3384/3384/3384
f 3359/3359/3359 3364/3364/3364 3386/3386/3386
f 3383/3383/3383 3361/3361/3361 3337/3337/3337
f 3383/3383/3383 3340/3340/3340 3330/3330/3330
f 3332/3332/3332 3341/3341/3341 3336/3336/3336
f 3332/3332/3332 3335/3335/3335 3391/3391/3391
f 3363/3363/3363 3439/3439/3439 3338/3338/3338
f 3339/3339/3339 3437/3437/3437 2097/2097/2097
f 3339/3339/3339 2098/2098/2098 3333/3333/3333
f 3347/3347/3347 3354/3354/3354 3355/3355/3355
f 3358/3358/3358 3353/3353/3353 3445/3445/3445
f 3356/3356/3356 3443/3443/3443 3365/3365/3365
f 3362/3362/3362 3443/3443/3443 3456/3456/3456
f 3363/3363/3363 3457/3457/3457 3438/3438/3438
f 3368/3368/3368 3381/3381/3381 3373/3373/3373
f 3375/3375/3375 3381/3381/3381 3325/3325/3325
f 3372/3372/3372 3324/3324/3324 3387/3387/3387
f 3326/3326/3326 3385/3385/3385 3387/3387/3387
f 3389/3389/3389 3382/3382/3382 3329/3329/3329
f 3389/3389/3389 3331/3331/3331 3471/3471/3471
f 3473/3473/3473 3328/3328/3328 3392/3392/3392
f 3473/3473/3473 3393/3393/3393 2109/2109/2109
f 3344/3344/3344 3378/3378/3378 3418/3418/3418
f 3414/3414/3414 3378/3378/3378 3397/3397/3397
f 3419/3419/3419 3396/3396/3396 3406/3406/3406
f 3398/3398/3398 3402/3402/3402 3406/3406/3406
f 3405/3405/3405 3404/3404/3404 3479/3479/3479
f 3405/3405/3405 3478/3478/3478 3428/3428/3428
f 3427/3427/3427 3476/3476/3476 3489/3489/3489
f 3427/3427/3427 3487/3487/3487 13/13/13
f 3348/3348/3348 3343/3343/3343 3412/3412/3412
f 3409/3409/3409 3342/3342/3342 3417/3417/3417
f 3410/3410/3410 3416/3416/3416 3421/3421/3421
f 3415/3415/3415 3407/3407/3407 3422/3422/3422
f 3424/3424/3424 3408/3408/3408 3429/3429/3429
f 3420/3420/3420 3430/3430/3430 3503/3503/3503
f 3504/3504/3504 3426/3426/3426 10/10/10
f 3504/3504/3504 11/11/11 3515/3515/3515
f 3459/3459/3459 3431/3431/3431 3440/3440/3440
f 3436/3436/3436 3433/3433/3433 2100/2100/2100
f 3436/3436/3436 2101/2101/2101 2096/2096/2096
f 3351/3351/3351 3449/3449/3449 3441/3441/3441
f 3442/3442/3442 3449/3449/3449 3453/3453/3453
f 3444/3444/3444 3454/3454/3454 3460/3460/3460
f 3458/3458/3458 3455/3455/3455 3461/3461/3461
f 3459/3459/3459 3464/3464/3464 3432/3432/3432
f 3469/3469/3469 3366/3366/3366 3543/3543/3543
f 3542/3542/3542 3367/3367/3367 3371/3371/3371
f 3540/3540/3540 3376/3376/3376 3548/3548/3548
f 3374/3374/3374 3390/3390/3390 3544/3544/3544
f 3547/3547/3547 3388/3388/3388 3472/3472/3472
f 3547/3547/3547 3470/3470/3470 3557/3557/3557
f 3556/3556/3556 3474/3474/3474 2105/2105/2105
f 3556/3556/3556 2106/2106/2106 2116/2116/2116
f 3380/3380/3380 3369/3369/3369 3567/3567/3567
f 3377/3377/3377 3563/3563/3563 3399/3399/3399
f 3400/3400/3400 3568/3568/3568 3574/3574/3574
f 3400/3400/3400 3573/3573/3573 3403/3403/3403
f 3401/3401/3401 3571/3571/3571 3480/3480/3480
f 3401/3401/3401 3481/3481/3481 3475/3475/3475
f 3477/3477/3477 3483/3483/3483 48/48/48
f 3477/3477/3477 47/47/47 3488/3488/3488
f 3413/3413/3413 3497/3497/3497 3350/3350/3350
f 3349/3349/3349 3498/3498/3498 3490/3490/3490
f 3352/3352/3352 3491/3491/3491 3450/3450/3450
f 3411/3411/3411 3425/3425/3425 3499/3499/3499
f 3495/3495/3495 3423/3423/3423 3501/3501/3501
f 3495/3495/3495 3502/3502/3502 3506/3506/3506
f 3509/3509/3509 3505/3505/3505 3513/3513/3513
f 3509/3509/3509 3514/3514/3514 3517/3517/3517
f 3447/3447/3447 3524/3524/3524 3587/3587/3587
f 3446/3446/3446 3586/3586/3586 3452/3452/3452
f 3451/3451/3451 3588/3588/3588 3531/3531/3531
f 3451/3451/3451 3532/3532/3532 3463/3463/3463
f 3462/3462/3462 3528/3528/3528 3536/3536/3536
f 3462/3462/3462 3534/3534/3534 3434/3434/3434
f 3435/3435/3435 3535/3535/3535 2110/2110/2110
f 3435/3435/3435 2114/2114/2114 2103/2103/2103
f 3596/3596/3596 3467/3467/3467 3595/3595/3595
f 3591/3591/3591 3468/3468/3468 3541/3541/3541
f 3590/3590/3590 3538/3538/3538 3551/3551/3551
f 3539/3539/3539 3546/3546/3546 3551/3551/3551
f 3549/3549/3549 3545/3545/3545 3553/3553/3553
f 3549/3549/3549 3554/3554/3554 3559/3559/3559
f 3560/3560/3560 3555/3555/3555 2118/2118/2118
f 3560/3560/3560 2119/2119/2119 3580/3580/3580
f 3572/3572/3572 3616/3616/3616 3484/3484/3484
f 3482/3482/3482 3615/3615/3615 38/38/38
f 3482/3482/3482 39/39/39 49/49/49
f 3370/3370/3370 3466/3466/3466 3565/3565/3565
f 3566/3566/3566 3466/3466/3466 3605/3605/3605
f 3564/3564/3564 3604/3604/3604 3570/3570/3570
f 3569/3569/3569 3604/3604/3604 3607/3607/3607
f 3572/3572/3572 3608/3608/3608 3614/3614/3614
f 3526/3526/3526 3448/3448/3448 3623/3623/3623
f 3625/3625/3625 3448/3448/3448 3492/3492/3492
f 3622/3622/3622 3493/3493/3493 3630/3630/3630
f 3494/3494/3494 3500/3500/3500 3628/3628/3628
f 3627/3627/3627 3496/3496/3496 3508/3508/3508
f 3627/3627/3627 3507/3507/3507 3578/3578/3578
f 3576/3576/3576 3510/3510/3510 3518/3518/3518
f 3576/3576/3576 3516/3516/3516 3648/3648/3648
f 3529/3529/3529 3561/3561/3561 3533/3533/3533
f 3537/3537/3537 3558/3558/3558 3582/3582/3582
f 3537/3537/3537 3581/3581/3581 2111/2111/2111
f 3523/3523/3523 3600/3600/3600 3589/3589/3589
f 3584/3584/3584 3600/3600/3600 3592/3592/3592
f 3585/3585/3585 3593/3593/3593 3530/3530/3530
f 3527/3527/3527 3594/3594/3594 3552/3552/3552
f 3529/3529/3529 3550/3550/3550 3562/3562/3562
f 3602/3602/3602 3465/3465/3465 3597/3597/3597
f 3598/3598/3598 3620/3620/3620 3603/3603/3603
f 3606/3606/3606 3619/3619/3619 3633/3633/3633
f 3601/3601/3601 3638/3638/3638 3609/3609/3609
f 3610/3610/3610 3637/3637/3637 3643/3643/3643
f 3611/3611/3611 3641/3641/3641 3612/3612/3612
f 3613/3613/3613 3642/3642/3642 32/32/32
f 3613/3613/3613 31/31/31 40/40/40
f 3624/3624/3624 3632/3632/3632 3522/3522/3522
f 3521/3521/3521 3636/3636/3636 3618/3618/3618
f 3525/3525/3525 3617/3617/3617 3599/3599/3599
f 3621/3621/3621 3626/3626/3626 3635/3635/3635
f 3631/3631/3631 3629/3629/3629 3575/3575/3575
f 3634/3634/3634 3577/3577/3577 3639/3639/3639
f 3640/3640/3640 3579/3579/3579 3646/3646/3646
f 3640/3640/3640 3644/3644/3644 33/33/33

