mtllib material.mtl
usemtl material_0
v 0.01902200 0.07152300 0.05153500
v 0.01902200 0.07152300 0.05153500
v 0.00030500 0.07302500 0.05890300
v 0.00030500 0.07302500 0.05890300
v 0.00030500 0.07302500 0.05890300
v 0.00500400 0.07302500 0.05890300
v 0.00500400 0.07302500 0.05890300
v 0.01815700 0.07298700 0.05241600
v 0.01901600 0.07150400 0.13665800
v 0.01901600 0.07150400 0.13665800
v 0.01901600 0.07150400 0.13665800
v 0.01901600 0.07150400 0.13665800
v 0.01901600 0.07150400 0.13665800
v 0.01901600 0.07150400 0.13665800
v 0.01901600 0.07150400 0.13665800
v 0.01815800 0.07298600 0.13583000
v 0.01815800 0.07298600 0.13583000
v 0.01815800 0.07298600 0.13583000
v 0.01815800 0.07298600 0.13583000
v 0.01815800 0.07298600 0.13583000
v 0.01815800 0.07298600 0.13583000
v 0.01815800 0.07298600 0.13583000
v 0.01860400 0.07221400 0.13660700
v 0.01860400 0.07221400 0.13660700
v 0.01860400 0.07221400 0.13660700
v 0.01860400 0.07221400 0.13660700
v 0.01860400 0.07221400 0.13660700
v 0.01949600 0.07233400 0.13653900
v 0.01949600 0.07233400 0.13653900
v 0.01949600 0.07233400 0.13653900
v 0.01987200 0.07298500 0.13581100
v 0.01987200 0.07298500 0.13581100
v 0.01987200 0.07298500 0.13581100
v 0.01987200 0.07298500 0.13581100
v 0.01987200 0.07298500 0.13581100
v 0.01980000 0.07285900 0.05204800
v 0.02806800 0.07297900 0.05245200
v 0.02806800 0.07297900 0.05245200
v 0.02806800 0.07297900 0.05245200
v 0.03743700 0.06670800 0.05226000
v 0.03826800 0.06460800 0.05243000
v 0.03863500 0.06194100 0.05232100
v 0.03833900 0.05913400 0.05258800
v 0.03767400 0.05730500 0.05226100
v 0.03617400 0.05470000 0.05258400
v 0.03617400 0.05470000 0.05258400
v 0.03062100 0.07254900 0.05243000
v 0.03062100 0.07254900 0.05243000
v 0.03062100 0.07254900 0.05243000
v 0.03381500 0.05251900 0.05247200
v 0.03381500 0.05251900 0.05247200
v 0.03381500 0.05251900 0.05247200
v 0.03381500 0.05251900 0.05247200
v 0.03323700 0.07135500 0.05239900
v 0.03323700 0.07135500 0.05239900
v 0.03323700 0.07135500 0.05239900
v 0.03494000 0.07012100 0.05258300
v 0.03494000 0.07012100 0.05258300
v 0.03141600 0.05128600 0.05244400
v 0.03141600 0.05128600 0.05244400
v 0.03141600 0.05128600 0.05244400
v 0.03630000 0.06860900 0.05240800
v 0.02871500 0.05056600 0.05263200
v 0.02871500 0.05056600 0.05263200
v 0.02871500 0.05056600 0.05263200
v 0.02871500 0.05056600 0.05263200
v -0.02831100 0.05058300 0.05241600
v -0.02831100 0.05058300 0.05241600
v -0.03841600 0.05915400 0.05252300
v -0.03841600 0.05915400 0.05252300
v -0.03841600 0.05915400 0.05252300
v -0.03869200 0.06136800 0.05237900
v -0.03869200 0.06136800 0.05237900
v -0.03869200 0.06136800 0.05237900
v -0.03853800 0.06365500 0.05237600
v -0.03853800 0.06365500 0.05237600
v -0.03853800 0.06365500 0.05237600
v -0.03794600 0.06584800 0.05242500
v -0.03794600 0.06584800 0.05242500
v -0.03794600 0.06584800 0.05242500
v -0.03279300 0.07170000 0.05244700
v -0.03279300 0.07170000 0.05244700
v -0.03279300 0.07170000 0.05244700
v -0.03021500 0.05089300 0.05238900
v -0.03021500 0.05089300 0.05238900
v -0.03021500 0.05089300 0.05238900
v -0.03652700 0.06843200 0.05238500
v -0.03652700 0.06843200 0.05238500
v -0.03652700 0.06843200 0.05238500
v -0.03228300 0.05163500 0.05238900
v -0.03228300 0.05163500 0.05238900
v -0.03228300 0.05163500 0.05238900
v -0.03412200 0.05269400 0.05257400
v -0.03412200 0.05269400 0.05257400
v -0.03412200 0.05269400 0.05257400
v -0.03498700 0.07012000 0.05235800
v -0.03498700 0.07012000 0.05235800
v -0.03498700 0.07012000 0.05235800
v -0.03550400 0.05392500 0.05235600
v -0.03550400 0.05392500 0.05235600
v -0.03655600 0.05519100 0.05238200
v -0.03655600 0.05519100 0.05238200
v -0.03655600 0.05519100 0.05238200
v -0.03763400 0.05700500 0.05237400
v -0.03763400 0.05700500 0.05237400
v -0.03763400 0.05700500 0.05237400
v -0.03058600 0.07262100 0.05890300
v -0.03058600 0.07262100 0.05890300
v -0.03058600 0.07262100 0.05890300
v -0.03058600 0.07262100 0.05890300
v -0.02857100 0.07294500 0.05232900
v -0.02857600 0.07297200 0.05890300
v -0.02578100 0.07302500 0.05786100
v -0.02578100 0.07302500 0.05786100
v -0.02425700 0.07302500 0.05786100
v -0.02077700 0.07302500 0.05786100
v -0.01925300 0.07302500 0.05786100
v -0.01577300 0.07302500 0.05786100
v -0.01424900 0.07302500 0.05786100
v -0.01077000 0.07302500 0.05786100
v -0.00924600 0.07302500 0.05786100
v -0.02818300 0.07300800 0.13557600
v -0.02818300 0.07300800 0.13557600
v -0.02818300 0.07300800 0.13557600
v -0.02818300 0.07300800 0.13557600
v -0.02818300 0.07300800 0.13557600
v -0.02818300 0.07300800 0.13557600
v -0.02818300 0.07300800 0.13557600
v -0.02967400 0.07191800 0.13662300
v -0.02967400 0.07191800 0.13662300
v -0.02967400 0.07191800 0.13662300
v -0.02967400 0.07191800 0.13662300
v -0.02967400 0.07191800 0.13662300
v -0.02967400 0.07191800 0.13662300
v 0.02880500 0.05147600 0.13662500
v 0.02880500 0.05147600 0.13662500
v 0.02880500 0.05147600 0.13662500
v 0.02880500 0.05147600 0.13662500
v 0.02880500 0.05147600 0.13662500
v 0.02880500 0.05147600 0.13662500
v 0.02880500 0.05147600 0.13662500
v 0.02880500 0.05147600 0.13662500
v 0.02880500 0.05147600 0.13662500
v 0.02880500 0.05147600 0.13662500
v 0.02880500 0.05147600 0.13662500
v 0.03176900 0.05234500 0.13662300
v 0.03176900 0.05234500 0.13662300
v 0.03176900 0.05234500 0.13662300
v 0.03176900 0.05234500 0.13662300
v -0.03677100 0.06642300 0.13661900
v -0.03677100 0.06642300 0.13661900
v -0.03677100 0.06642300 0.13661900
v -0.03677100 0.06642300 0.13661900
v -0.03677100 0.06642300 0.13661900
v -0.03677100 0.06642300 0.13661900
v -0.03677100 0.06642300 0.13661900
v -0.03778100 0.06181800 0.13664100
v -0.03778100 0.06181800 0.13664100
v -0.03778100 0.06181800 0.13664100
v -0.03778100 0.06181800 0.13664100
v -0.03778100 0.06181800 0.13664100
v -0.03778100 0.06181800 0.13664100
v -0.02998200 0.05172400 0.13663400
v -0.02998200 0.05172400 0.13663400
v -0.02998200 0.05172400 0.13663400
v -0.02998200 0.05172400 0.13663400
v -0.02998200 0.05172400 0.13663400
v -0.02998200 0.05172400 0.13663400
v -0.02998200 0.05172400 0.13663400
v -0.02998200 0.05172400 0.13663400
v -0.02998200 0.05172400 0.13663400
v -0.02998200 0.05172400 0.13663400
v 0.03553500 0.05517000 0.13660900
v 0.03553500 0.05517000 0.13660900
v 0.03553500 0.05517000 0.13660900
v 0.03553500 0.05517000 0.13660900
v 0.03553500 0.05517000 0.13660900
v 0.03553500 0.05517000 0.13660900
v 0.03078500 0.07166200 0.13663600
v 0.03078500 0.07166200 0.13663600
v 0.03078500 0.07166200 0.13663600
v 0.03078500 0.07166200 0.13663600
v 0.03078500 0.07166200 0.13663600
v 0.03078500 0.07166200 0.13663600
v 0.03078500 0.07166200 0.13663600
v -0.03255500 0.07087600 0.13661100
v -0.03255500 0.07087600 0.13661100
v -0.03255500 0.07087600 0.13661100
v -0.03255500 0.07087600 0.13661100
v -0.03255500 0.07087600 0.13661100
v 0.03487300 0.06903200 0.13661000
v 0.03487300 0.06903200 0.13661000
v 0.03487300 0.06903200 0.13661000
v 0.03487300 0.06903200 0.13661000
v 0.03487300 0.06903200 0.13661000
v 0.03487300 0.06903200 0.13661000
v 0.03703000 0.06568800 0.13662600
v 0.03703000 0.06568800 0.13662600
v 0.03703000 0.06568800 0.13662600
v 0.03703000 0.06568800 0.13662600
v 0.03703000 0.06568800 0.13662600
v 0.03703000 0.06568800 0.13662600
v 0.03703000 0.06568800 0.13662600
v 0.03781500 0.06019500 0.13659500
v 0.03781500 0.06019500 0.13659500
v 0.03781500 0.06019500 0.13659500
v 0.03781500 0.06019500 0.13659500
v 0.03781500 0.06019500 0.13659500
v 0.03781500 0.06019500 0.13659500
v 0.03781500 0.06019500 0.13659500
v 0.02878400 0.07254600 0.13635000
v 0.02878400 0.07254600 0.13635000
v 0.02878400 0.07254600 0.13635000
v 0.02878400 0.07254600 0.13635000
v 0.02878400 0.07254600 0.13635000
v 0.02878400 0.07254600 0.13635000
v 0.02817900 0.07298700 0.13568800
v 0.02817900 0.07298700 0.13568800
v 0.02817900 0.07298700 0.13568800
v 0.02817900 0.07298700 0.13568800
v 0.02817900 0.07298700 0.13568800
v 0.03090200 0.07248400 0.13564900
v 0.03090200 0.07248400 0.13564900
v 0.03090200 0.07248400 0.13564900
v 0.03090200 0.07248400 0.13564900
v 0.03090200 0.07248400 0.13564900
v 0.03090200 0.07248400 0.13564900
v 0.03569400 0.05417200 0.13563000
v 0.03569400 0.05417200 0.13563000
v 0.03569400 0.05417200 0.13563000
v 0.03569400 0.05417200 0.13563000
v 0.03569400 0.05417200 0.13563000
v 0.03549900 0.06961100 0.13561700
v 0.03549900 0.06961100 0.13561700
v 0.03549900 0.06961100 0.13561700
v 0.03549900 0.06961100 0.13561700
v 0.03022500 0.05088200 0.13563000
v 0.03022500 0.05088200 0.13563000
v 0.03022500 0.05088200 0.13563000
v 0.03022500 0.05088200 0.13563000
v -0.02875000 0.05057900 0.13570900
v -0.02875000 0.05057900 0.13570900
v -0.02875000 0.05057900 0.13570900
v -0.02875000 0.05057900 0.13570900
v -0.02875000 0.05057900 0.13570900
v -0.02875000 0.05057900 0.13570900
v -0.03762500 0.06663100 0.13565500
v -0.03762500 0.06663100 0.13565500
v -0.03762500 0.06663100 0.13565500
v -0.03762500 0.06663100 0.13565500
v -0.03762500 0.06663100 0.13565500
v -0.03350600 0.05227700 0.13564900
v -0.03350600 0.05227700 0.13564900
v -0.03350600 0.05227700 0.13564900
v -0.03350600 0.05227700 0.13564900
v -0.03350600 0.05227700 0.13564900
v -0.03555800 0.05391900 0.13562900
v -0.03555800 0.05391900 0.13562900
v -0.03555800 0.05391900 0.13562900
v -0.03555800 0.05391900 0.13562900
v -0.03555800 0.05391900 0.13562900
v -0.03555800 0.05391900 0.13562900
v -0.03555800 0.05391900 0.13562900
v -0.03031900 0.07265700 0.13563500
v -0.03031900 0.07265700 0.13563500
v -0.03031900 0.07265700 0.13563500
v -0.03031900 0.07265700 0.13563500
v -0.03709800 0.05607200 0.13596300
v -0.03709800 0.05607200 0.13596300
v -0.03709800 0.05607200 0.13596300
v -0.03709800 0.05607200 0.13596300
v -0.03709800 0.05607200 0.13596300
v -0.03709800 0.05607200 0.13596300
v -0.03709800 0.05607200 0.13596300
v -0.03734200 0.05814600 0.13655700
v -0.03734200 0.05814600 0.13655700
v -0.03734200 0.05814600 0.13655700
v -0.03734200 0.05814600 0.13655700
v -0.03734200 0.05814600 0.13655700
v -0.03802800 0.05802200 0.13592600
v -0.03802800 0.05802200 0.13592600
v -0.03802800 0.05802200 0.13592600
v -0.03802800 0.05802200 0.13592600
v -0.03802800 0.05802200 0.13592600
v -0.03802800 0.05802200 0.13592600
v -0.03826600 0.06123200 0.13641900
v -0.03826600 0.06123200 0.13641900
v -0.03826600 0.06123200 0.13641900
v -0.03826600 0.06123200 0.13641900
v -0.03826600 0.06123200 0.13641900
v -0.03826600 0.06123200 0.13641900
v -0.03854200 0.05997600 0.13584100
v -0.03854200 0.05997600 0.13584100
v -0.03854200 0.05997600 0.13584100
v -0.03854200 0.05997600 0.13584100
v -0.03854200 0.05997600 0.13584100
v -0.03872700 0.06185500 0.13577400
v -0.03872700 0.06185500 0.13577400
v -0.03872700 0.06185500 0.13577400
v -0.03872700 0.06185500 0.13577400
v -0.03872700 0.06185500 0.13577400
v -0.03872700 0.06185500 0.13577400
v -0.03795300 0.06439500 0.13638400
v -0.03795300 0.06439500 0.13638400
v -0.03795300 0.06439500 0.13638400
v -0.03795300 0.06439500 0.13638400
v -0.03795300 0.06439500 0.13638400
v -0.03795300 0.06439500 0.13638400
v -0.03838000 0.06447100 0.13576800
v -0.03838000 0.06447100 0.13576800
v -0.03838000 0.06447100 0.13576800
v -0.03838000 0.06447100 0.13576800
v -0.03838000 0.06447100 0.13576800
v -0.03838000 0.06447100 0.13576800
v -0.03735400 0.06665500 0.13616800
v -0.03735400 0.06665500 0.13616800
v -0.03735400 0.06665500 0.13616800
v -0.03735400 0.06665500 0.13616800
v -0.03735400 0.06665500 0.13616800
v -0.03735400 0.06665500 0.13616800
v -0.03559000 0.06867900 0.13651800
v -0.03559000 0.06867900 0.13651800
v -0.03559000 0.06867900 0.13651800
v -0.03559000 0.06867900 0.13651800
v -0.03559000 0.06867900 0.13651800
v -0.03559000 0.06867900 0.13651800
v -0.02963100 0.05106400 0.13632900
v -0.02963100 0.05106400 0.13632900
v -0.02963100 0.05106400 0.13632900
v -0.02963100 0.05106400 0.13632900
v -0.02963100 0.05106400 0.13632900
v -0.03620000 0.06887900 0.13575000
v -0.03620000 0.06887900 0.13575000
v -0.03620000 0.06887900 0.13575000
v -0.03620000 0.06887900 0.13575000
v -0.03620000 0.06887900 0.13575000
v -0.03620000 0.06887900 0.13575000
v -0.03620000 0.06887900 0.13575000
v -0.03240000 0.05262000 0.13661600
v -0.03240000 0.05262000 0.13661600
v -0.03240000 0.05262000 0.13661600
v -0.03240000 0.05262000 0.13661600
v -0.03501900 0.06981100 0.13615600
v -0.03501900 0.06981100 0.13615600
v -0.03501900 0.06981100 0.13615600
v -0.03184600 0.05145400 0.13593200
v -0.03184600 0.05145400 0.13593200
v -0.03184600 0.05145400 0.13593200
v -0.03184600 0.05145400 0.13593200
v -0.03184600 0.05145400 0.13593200
v -0.03184600 0.05145400 0.13593200
v -0.03184600 0.05145400 0.13593200
v -0.03184600 0.05145400 0.13593200
v -0.03403400 0.05306900 0.13633600
v -0.03403400 0.05306900 0.13633600
v -0.03403400 0.05306900 0.13633600
v -0.03403400 0.05306900 0.13633600
v -0.03403400 0.05306900 0.13633600
v -0.03403400 0.05306900 0.13633600
v -0.03399500 0.07086900 0.13595300
v -0.03399500 0.07086900 0.13595300
v -0.03399500 0.07086900 0.13595300
v -0.03399500 0.07086900 0.13595300
v -0.03399500 0.07086900 0.13595300
v -0.03399500 0.07086900 0.13595300
v -0.03399500 0.07086900 0.13595300
v -0.03547600 0.05420800 0.13618200
v -0.03547600 0.05420800 0.13618200
v -0.03547600 0.05420800 0.13618200
v -0.03547600 0.05420800 0.13618200
v -0.03583700 0.05554900 0.13661300
v -0.03583700 0.05554900 0.13661300
v -0.03583700 0.05554900 0.13661300
v -0.03583700 0.05554900 0.13661300
v -0.03583700 0.05554900 0.13661300
v -0.03583700 0.05554900 0.13661300
v -0.03583700 0.05554900 0.13661300
v -0.03200800 0.07201600 0.13594600
v -0.03200800 0.07201600 0.13594600
v -0.03200800 0.07201600 0.13594600
v -0.03200800 0.07201600 0.13594600
v -0.03200800 0.07201600 0.13594600
v -0.03200800 0.07201600 0.13594600
v -0.03200800 0.07201600 0.13594600
v -0.02875200 0.07263600 0.13629000
v -0.02875200 0.07263600 0.13629000
v -0.02875200 0.07263600 0.13629000
v -0.02875200 0.07263600 0.13629000
v -0.02875200 0.07263600 0.13629000
v -0.02875200 0.07263600 0.13629000
v 0.03720600 0.06720700 0.13589900
v 0.03720600 0.06720700 0.13589900
v 0.03720600 0.06720700 0.13589900
v 0.03720600 0.06720700 0.13589900
v 0.03720600 0.06720700 0.13589900
v 0.03720600 0.06720700 0.13589900
v 0.03655500 0.06744000 0.13640700
v 0.03655500 0.06744000 0.13640700
v 0.03655500 0.06744000 0.13640700
v 0.03655500 0.06744000 0.13640700
v 0.03804800 0.06524700 0.13595900
v 0.03804800 0.06524700 0.13595900
v 0.03804800 0.06524700 0.13595900
v 0.03804800 0.06524700 0.13595900
v 0.03804800 0.06524700 0.13595900
v 0.03815500 0.06262600 0.13640100
v 0.03815500 0.06262600 0.13640100
v 0.03815500 0.06262600 0.13640100
v 0.03815500 0.06262600 0.13640100
v 0.03815500 0.06262600 0.13640100
v 0.03852000 0.06333900 0.13578400
v 0.03852000 0.06333900 0.13578400
v 0.03852000 0.06333900 0.13578400
v 0.03852000 0.06333900 0.13578400
v 0.03861200 0.06114400 0.13578300
v 0.03861200 0.06114400 0.13578300
v 0.03861200 0.06114400 0.13578300
v 0.03861200 0.06114400 0.13578300
v 0.03861200 0.06114400 0.13578300
v 0.03816900 0.05846200 0.13572900
v 0.03816900 0.05846200 0.13572900
v 0.03816900 0.05846200 0.13572900
v 0.03816900 0.05846200 0.13572900
v 0.03816900 0.05846200 0.13572900
v 0.03748200 0.05742900 0.13625200
v 0.03748200 0.05742900 0.13625200
v 0.03748200 0.05742900 0.13625200
v 0.03748200 0.05742900 0.13625200
v 0.03651400 0.05600900 0.13639900
v 0.03651400 0.05600900 0.13639900
v 0.03651400 0.05600900 0.13639900
v 0.03080200 0.07217100 0.13628800
v 0.03080200 0.07217100 0.13628800
v 0.03080200 0.07217100 0.13628800
v 0.03080200 0.07217100 0.13628800
v 0.03080200 0.07217100 0.13628800
v 0.03685000 0.05571100 0.13580300
v 0.03685000 0.05571100 0.13580300
v 0.03685000 0.05571100 0.13580300
v 0.03685000 0.05571100 0.13580300
v 0.03685000 0.05571100 0.13580300
v 0.03685000 0.05571100 0.13580300
v 0.03508900 0.05389900 0.13618800
v 0.03508900 0.05389900 0.13618800
v 0.03508900 0.05389900 0.13618800
v 0.03508900 0.05389900 0.13618800
v 0.03508900 0.05389900 0.13618800
v 0.03508900 0.05389900 0.13618800
v 0.03321300 0.07084100 0.13640600
v 0.03321300 0.07084100 0.13640600
v 0.03321300 0.07084100 0.13640600
v 0.03321300 0.07084100 0.13640600
v 0.03321300 0.07084100 0.13640600
v 0.03318000 0.05266100 0.13638900
v 0.03318000 0.05266100 0.13638900
v 0.03318000 0.05266100 0.13638900
v 0.03318000 0.05266100 0.13638900
v 0.03318000 0.05266100 0.13638900
v 0.03342300 0.07123800 0.13581600
v 0.03342300 0.07123800 0.13581600
v 0.03342300 0.07123800 0.13581600
v 0.03342300 0.07123800 0.13581600
v 0.03342300 0.07123800 0.13581600
v 0.03342300 0.07123800 0.13581600
v 0.03342300 0.07123800 0.13581600
v 0.03392700 0.05263500 0.13579000
v 0.03392700 0.05263500 0.13579000
v 0.03392700 0.05263500 0.13579000
v 0.03392700 0.05263500 0.13579000
v 0.03392700 0.05263500 0.13579000
v 0.03531900 0.06946600 0.13614900
v 0.03531900 0.06946600 0.13614900
v 0.03531900 0.06946600 0.13614900
v 0.03531900 0.06946600 0.13614900
v 0.03531900 0.06946600 0.13614900
v 0.03531900 0.06946600 0.13614900
v 0.03190800 0.05152300 0.13596000
v 0.03190800 0.05152300 0.13596000
v 0.03190800 0.05152300 0.13596000
v 0.03190800 0.05152300 0.13596000
v 0.03190800 0.05152300 0.13596000
v 0.03190800 0.05152300 0.13596000
v 0.03190800 0.05152300 0.13596000
v 0.03190800 0.05152300 0.13596000
v 0.02847600 0.05063400 0.13595100
v 0.02847600 0.05063400 0.13595100
v 0.02847600 0.05063400 0.13595100
v 0.02847600 0.05063400 0.13595100
v 0.02847600 0.05063400 0.13595100
v 0.02847600 0.05063400 0.13595100
v 0.01902200 -0.07152300 -0.05153500
v 0.01902200 -0.07152300 -0.05153500
v 0.01902200 -0.07152300 -0.05153500
v 0.00030500 -0.07302500 -0.05890300
v 0.00030500 -0.07302500 -0.05890300
v 0.00030500 -0.07302500 -0.05890300
v 0.00500400 -0.07302500 -0.05890300
v 0.00500400 -0.07302500 -0.05890300
v 0.01815700 -0.07298700 -0.05241600
v 0.01815700 -0.07298700 -0.05241600
v 0.01901600 -0.07150400 -0.13665800
v 0.01901600 -0.07150400 -0.13665800
v 0.01901600 -0.07150400 -0.13665800
v 0.01901600 -0.07150400 -0.13665800
v 0.01901600 -0.07150400 -0.13665800
v 0.01901600 -0.07150400 -0.13665800
v 0.01901600 -0.07150400 -0.13665800
v 0.01815800 -0.07298600 -0.13583000
v 0.01815800 -0.07298600 -0.13583000
v 0.01815800 -0.07298600 -0.13583000
v 0.01815800 -0.07298600 -0.13583000
v 0.01815800 -0.07298600 -0.13583000
v 0.01815800 -0.07298600 -0.13583000
v 0.01815800 -0.07298600 -0.13583000
v 0.01815800 -0.07298600 -0.13583000
v 0.01860400 -0.07221400 -0.13660700
v 0.01860400 -0.07221400 -0.13660700
v 0.01860400 -0.07221400 -0.13660700
v 0.01860400 -0.07221400 -0.13660700
v 0.01860400 -0.07221400 -0.13660700
v 0.01949600 -0.07233400 -0.13653900
v 0.01949600 -0.07233400 -0.13653900
v 0.01949600 -0.07233400 -0.13653900
v 0.01987200 -0.07298500 -0.13581100
v 0.01987200 -0.07298500 -0.13581100
v 0.01987200 -0.07298500 -0.13581100
v 0.01987200 -0.07298500 -0.13581100
v 0.01987200 -0.07298500 -0.13581100
v 0.01980000 -0.07285900 -0.05204800
v 0.02806800 -0.07297900 -0.05245200
v 0.02806800 -0.07297900 -0.05245200
v 0.02806800 -0.07297900 -0.05245200
v 0.03743700 -0.06670800 -0.05226000
v 0.03743700 -0.06670800 -0.05226000
v 0.03743700 -0.06670800 -0.05226000
v 0.03826800 -0.06460800 -0.05243000
v 0.03826800 -0.06460800 -0.05243000
v 0.03826800 -0.06460800 -0.05243000
v 0.03863500 -0.06194100 -0.05232100
v 0.03863500 -0.06194100 -0.05232100
v 0.03863500 -0.06194100 -0.05232100
v 0.03833900 -0.05913400 -0.05258800
v 0.03833900 -0.05913400 -0.05258800
v 0.03767400 -0.05730500 -0.05226100
v 0.03617400 -0.05470000 -0.05258400
v 0.03062100 -0.07254900 -0.05243000
v 0.03062100 -0.07254900 -0.05243000
v 0.03062100 -0.07254900 -0.05243000
v 0.03381500 -0.05251900 -0.05247200
v 0.03381500 -0.05251900 -0.05247200
v 0.03323700 -0.07135500 -0.05239900
v 0.03323700 -0.07135500 -0.05239900
v 0.03323700 -0.07135500 -0.05239900
v 0.03494000 -0.07012100 -0.05258300
v 0.03494000 -0.07012100 -0.05258300
v 0.03494000 -0.07012100 -0.05258300
v 0.03141600 -0.05128600 -0.05244400
v 0.03630000 -0.06860900 -0.05240800
v 0.03630000 -0.06860900 -0.05240800
v 0.03630000 -0.06860900 -0.05240800
v 0.02871500 -0.05056600 -0.05263200
v 0.02871500 -0.05056600 -0.05263200
v 0.02871500 -0.05056600 -0.05263200
v -0.02831100 -0.05058300 -0.05241600
v -0.02831100 -0.05058300 -0.05241600
v -0.03841600 -0.05915400 -0.05252300
v -0.03841600 -0.05915400 -0.05252300
v -0.03841600 -0.05915400 -0.05252300
v -0.03869200 -0.06136800 -0.05237900
v -0.03869200 -0.06136800 -0.05237900
v -0.03853800 -0.06365500 -0.05237600
v -0.03794600 -0.06584800 -0.05242500
v -0.03794600 -0.06584800 -0.05242500
v -0.03279300 -0.07170000 -0.05244700
v -0.03279300 -0.07170000 -0.05244700
v -0.03021500 -0.05089300 -0.05238900
v -0.03021500 -0.05089300 -0.05238900
v -0.03021500 -0.05089300 -0.05238900
v -0.03652700 -0.06843200 -0.05238500
v -0.03652700 -0.06843200 -0.05238500
v -0.03228300 -0.05163500 -0.05238900
v -0.03228300 -0.05163500 -0.05238900
v -0.03228300 -0.05163500 -0.05238900
v -0.03412200 -0.05269400 -0.05257400
v -0.03412200 -0.05269400 -0.05257400
v -0.03412200 -0.05269400 -0.05257400
v -0.03498700 -0.07012000 -0.05235800
v -0.03550400 -0.05392500 -0.05235600
v -0.03550400 -0.05392500 -0.05235600
v -0.03655600 -0.05519100 -0.05238200
v -0.03655600 -0.05519100 -0.05238200
v -0.03655600 -0.05519100 -0.05238200
v -0.03763400 -0.05700500 -0.05237400
v -0.03763400 -0.05700500 -0.05237400
v -0.03763400 -0.05700500 -0.05237400
v -0.03058600 -0.07262100 -0.05890300
v -0.03058600 -0.07262100 -0.05890300
v -0.03058600 -0.07262100 -0.05890300
v -0.03058600 -0.07262100 -0.05890300
v -0.02857100 -0.07294500 -0.05232900
v -0.02857600 -0.07297200 -0.05890300
v -0.02578100 -0.07302500 -0.05786100
v -0.02578100 -0.07302500 -0.05786100
v -0.02425700 -0.07302500 -0.05786100
v -0.02077700 -0.07302500 -0.05786100
v -0.01925300 -0.07302500 -0.05786100
v -0.01577300 -0.07302500 -0.05786100
v -0.01424900 -0.07302500 -0.05786100
v -0.01077000 -0.07302500 -0.05786100
v -0.00924600 -0.07302500 -0.05786100
v -0.02818300 -0.07300800 -0.13557600
v -0.02818300 -0.07300800 -0.13557600
v -0.02818300 -0.07300800 -0.13557600
v -0.02818300 -0.07300800 -0.13557600
v -0.02818300 -0.07300800 -0.13557600
v -0.02818300 -0.07300800 -0.13557600
v -0.02818300 -0.07300800 -0.13557600
v -0.02967400 -0.07191800 -0.13662300
v -0.02967400 -0.07191800 -0.13662300
v -0.02967400 -0.07191800 -0.13662300
v -0.02967400 -0.07191800 -0.13662300
v -0.02967400 -0.07191800 -0.13662300
v -0.02967400 -0.07191800 -0.13662300
v 0.02880500 -0.05147600 -0.13662500
v 0.02880500 -0.05147600 -0.13662500
v 0.02880500 -0.05147600 -0.13662500
v 0.02880500 -0.05147600 -0.13662500
v 0.02880500 -0.05147600 -0.13662500
v 0.02880500 -0.05147600 -0.13662500
v 0.02880500 -0.05147600 -0.13662500
v 0.02880500 -0.05147600 -0.13662500
v 0.02880500 -0.05147600 -0.13662500
v 0.02880500 -0.05147600 -0.13662500
v 0.02880500 -0.05147600 -0.13662500
v 0.03176900 -0.05234500 -0.13662300
v 0.03176900 -0.05234500 -0.13662300
v 0.03176900 -0.05234500 -0.13662300
v 0.03176900 -0.05234500 -0.13662300
v -0.03677100 -0.06642300 -0.13661900
v -0.03677100 -0.06642300 -0.13661900
v -0.03677100 -0.06642300 -0.13661900
v -0.03677100 -0.06642300 -0.13661900
v -0.03677100 -0.06642300 -0.13661900
v -0.03677100 -0.06642300 -0.13661900
v -0.03677100 -0.06642300 -0.13661900
v -0.03778100 -0.06181800 -0.13664100
v -0.03778100 -0.06181800 -0.13664100
v -0.03778100 -0.06181800 -0.13664100
v -0.03778100 -0.06181800 -0.13664100
v -0.03778100 -0.06181800 -0.13664100
v -0.03778100 -0.06181800 -0.13664100
v -0.02998200 -0.05172400 -0.13663400
v -0.02998200 -0.05172400 -0.13663400
v -0.02998200 -0.05172400 -0.13663400
v -0.02998200 -0.05172400 -0.13663400
v -0.02998200 -0.05172400 -0.13663400
v -0.02998200 -0.05172400 -0.13663400
v -0.02998200 -0.05172400 -0.13663400
v -0.02998200 -0.05172400 -0.13663400
v -0.02998200 -0.05172400 -0.13663400
v -0.02998200 -0.05172400 -0.13663400
v 0.03553500 -0.05517000 -0.13660900
v 0.03553500 -0.05517000 -0.13660900
v 0.03553500 -0.05517000 -0.13660900
v 0.03553500 -0.05517000 -0.13660900
v 0.03553500 -0.05517000 -0.13660900
v 0.03553500 -0.05517000 -0.13660900
v 0.03078500 -0.07166200 -0.13663600
v 0.03078500 -0.07166200 -0.13663600
v 0.03078500 -0.07166200 -0.13663600
v 0.03078500 -0.07166200 -0.13663600
v 0.03078500 -0.07166200 -0.13663600
v 0.03078500 -0.07166200 -0.13663600
v 0.03078500 -0.07166200 -0.13663600
v -0.03255500 -0.07087600 -0.13661100
v -0.03255500 -0.07087600 -0.13661100
v -0.03255500 -0.07087600 -0.13661100
v -0.03255500 -0.07087600 -0.13661100
v -0.03255500 -0.07087600 -0.13661100
v 0.03487300 -0.06903200 -0.13661000
v 0.03487300 -0.06903200 -0.13661000
v 0.03487300 -0.06903200 -0.13661000
v 0.03487300 -0.06903200 -0.13661000
v 0.03487300 -0.06903200 -0.13661000
v 0.03487300 -0.06903200 -0.13661000
v 0.03703000 -0.06568800 -0.13662600
v 0.03703000 -0.06568800 -0.13662600
v 0.03703000 -0.06568800 -0.13662600
v 0.03703000 -0.06568800 -0.13662600
v 0.03703000 -0.06568800 -0.13662600
v 0.03703000 -0.06568800 -0.13662600
v 0.03703000 -0.06568800 -0.13662600
v 0.03781500 -0.06019500 -0.13659500
v 0.03781500 -0.06019500 -0.13659500
v 0.03781500 -0.06019500 -0.13659500
v 0.03781500 -0.06019500 -0.13659500
v 0.03781500 -0.06019500 -0.13659500
v 0.03781500 -0.06019500 -0.13659500
v 0.03781500 -0.06019500 -0.13659500
v 0.02878400 -0.07254600 -0.13635000
v 0.02878400 -0.07254600 -0.13635000
v 0.02878400 -0.07254600 -0.13635000
v 0.02878400 -0.07254600 -0.13635000
v 0.02878400 -0.07254600 -0.13635000
v 0.02878400 -0.07254600 -0.13635000
v 0.02817900 -0.07298700 -0.13568800
v 0.02817900 -0.07298700 -0.13568800
v 0.02817900 -0.07298700 -0.13568800
v 0.02817900 -0.07298700 -0.13568800
v 0.02817900 -0.07298700 -0.13568800
v 0.03090200 -0.07248400 -0.13564900
v 0.03090200 -0.07248400 -0.13564900
v 0.03090200 -0.07248400 -0.13564900
v 0.03090200 -0.07248400 -0.13564900
v 0.03090200 -0.07248400 -0.13564900
v 0.03090200 -0.07248400 -0.13564900
v 0.03569400 -0.05417200 -0.13563000
v 0.03569400 -0.05417200 -0.13563000
v 0.03569400 -0.05417200 -0.13563000
v 0.03569400 -0.05417200 -0.13563000
v 0.03549900 -0.06961100 -0.13561700
v 0.03549900 -0.06961100 -0.13561700
v 0.03549900 -0.06961100 -0.13561700
v 0.03549900 -0.06961100 -0.13561700
v 0.03549900 -0.06961100 -0.13561700
v 0.03022500 -0.05088200 -0.13563000
v 0.03022500 -0.05088200 -0.13563000
v 0.03022500 -0.05088200 -0.13563000
v -0.02875000 -0.05057900 -0.13570900
v -0.02875000 -0.05057900 -0.13570900
v -0.02875000 -0.05057900 -0.13570900
v -0.02875000 -0.05057900 -0.13570900
v -0.02875000 -0.05057900 -0.13570900
v -0.02875000 -0.05057900 -0.13570900
v -0.03762500 -0.06663100 -0.13565500
v -0.03762500 -0.06663100 -0.13565500
v -0.03762500 -0.06663100 -0.13565500
v -0.03762500 -0.06663100 -0.13565500
v -0.03762500 -0.06663100 -0.13565500
v -0.03350600 -0.05227700 -0.13564900
v -0.03350600 -0.05227700 -0.13564900
v -0.03350600 -0.05227700 -0.13564900
v -0.03350600 -0.05227700 -0.13564900
v -0.03350600 -0.05227700 -0.13564900
v -0.03555800 -0.05391900 -0.13562900
v -0.03555800 -0.05391900 -0.13562900
v -0.03555800 -0.05391900 -0.13562900
v -0.03555800 -0.05391900 -0.13562900
v -0.03555800 -0.05391900 -0.13562900
v -0.03555800 -0.05391900 -0.13562900
v -0.03555800 -0.05391900 -0.13562900
v -0.03031900 -0.07265700 -0.13563500
v -0.03031900 -0.07265700 -0.13563500
v -0.03031900 -0.07265700 -0.13563500
v -0.03031900 -0.07265700 -0.13563500
v -0.03709800 -0.05607200 -0.13596300
v -0.03709800 -0.05607200 -0.13596300
v -0.03709800 -0.05607200 -0.13596300
v -0.03709800 -0.05607200 -0.13596300
v -0.03709800 -0.05607200 -0.13596300
v -0.03709800 -0.05607200 -0.13596300
v -0.03709800 -0.05607200 -0.13596300
v -0.03734200 -0.05814600 -0.13655700
v -0.03734200 -0.05814600 -0.13655700
v -0.03734200 -0.05814600 -0.13655700
v -0.03734200 -0.05814600 -0.13655700
v -0.03734200 -0.05814600 -0.13655700
v -0.03802800 -0.05802200 -0.13592600
v -0.03802800 -0.05802200 -0.13592600
v -0.03802800 -0.05802200 -0.13592600
v -0.03802800 -0.05802200 -0.13592600
v -0.03802800 -0.05802200 -0.13592600
v -0.03802800 -0.05802200 -0.13592600
v -0.03826600 -0.06123200 -0.13641900
v -0.03826600 -0.06123200 -0.13641900
v -0.03826600 -0.06123200 -0.13641900
v -0.03826600 -0.06123200 -0.13641900
v -0.03826600 -0.06123200 -0.13641900
v -0.03826600 -0.06123200 -0.13641900
v -0.03854200 -0.05997600 -0.13584100
v -0.03854200 -0.05997600 -0.13584100
v -0.03854200 -0.05997600 -0.13584100
v -0.03854200 -0.05997600 -0.13584100
v -0.03854200 -0.05997600 -0.13584100
v -0.03872700 -0.06185500 -0.13577400
v -0.03872700 -0.06185500 -0.13577400
v -0.03872700 -0.06185500 -0.13577400
v -0.03872700 -0.06185500 -0.13577400
v -0.03872700 -0.06185500 -0.13577400
v -0.03795300 -0.06439500 -0.13638400
v -0.03795300 -0.06439500 -0.13638400
v -0.03795300 -0.06439500 -0.13638400
v -0.03795300 -0.06439500 -0.13638400
v -0.03795300 -0.06439500 -0.13638400
v -0.03795300 -0.06439500 -0.13638400
v -0.03838000 -0.06447100 -0.13576800
v -0.03838000 -0.06447100 -0.13576800
v -0.03838000 -0.06447100 -0.13576800
v -0.03838000 -0.06447100 -0.13576800
v -0.03838000 -0.06447100 -0.13576800
v -0.03735400 -0.06665500 -0.13616800
v -0.03735400 -0.06665500 -0.13616800
v -0.03735400 -0.06665500 -0.13616800
v -0.03735400 -0.06665500 -0.13616800
v -0.03735400 -0.06665500 -0.13616800
v -0.03735400 -0.06665500 -0.13616800
v -0.03559000 -0.06867900 -0.13651800
v -0.03559000 -0.06867900 -0.13651800
v -0.03559000 -0.06867900 -0.13651800
v -0.03559000 -0.06867900 -0.13651800
v -0.03559000 -0.06867900 -0.13651800
v -0.03559000 -0.06867900 -0.13651800
v -0.02963100 -0.05106400 -0.13632900
v -0.02963100 -0.05106400 -0.13632900
v -0.02963100 -0.05106400 -0.13632900
v -0.02963100 -0.05106400 -0.13632900
v -0.02963100 -0.05106400 -0.13632900
v -0.03620000 -0.06887900 -0.13575000
v -0.03620000 -0.06887900 -0.13575000
v -0.03620000 -0.06887900 -0.13575000
v -0.03620000 -0.06887900 -0.13575000
v -0.03620000 -0.06887900 -0.13575000
v -0.03620000 -0.06887900 -0.13575000
v -0.03240000 -0.05262000 -0.13661600
v -0.03240000 -0.05262000 -0.13661600
v -0.03240000 -0.05262000 -0.13661600
v -0.03240000 -0.05262000 -0.13661600
v -0.03501900 -0.06981100 -0.13615600
v -0.03501900 -0.06981100 -0.13615600
v -0.03501900 -0.06981100 -0.13615600
v -0.03184600 -0.05145400 -0.13593200
v -0.03184600 -0.05145400 -0.13593200
v -0.03184600 -0.05145400 -0.13593200
v -0.03184600 -0.05145400 -0.13593200
v -0.03184600 -0.05145400 -0.13593200
v -0.03184600 -0.05145400 -0.13593200
v -0.03184600 -0.05145400 -0.13593200
v -0.03184600 -0.05145400 -0.13593200
v -0.03403400 -0.05306900 -0.13633600
v -0.03403400 -0.05306900 -0.13633600
v -0.03403400 -0.05306900 -0.13633600
v -0.03403400 -0.05306900 -0.13633600
v -0.03403400 -0.05306900 -0.13633600
v -0.03403400 -0.05306900 -0.13633600
v -0.03399500 -0.07086900 -0.13595300
v -0.03399500 -0.07086900 -0.13595300
v -0.03399500 -0.07086900 -0.13595300
v -0.03399500 -0.07086900 -0.13595300
v -0.03399500 -0.07086900 -0.13595300
v -0.03399500 -0.07086900 -0.13595300
v -0.03547600 -0.05420800 -0.13618200
v -0.03547600 -0.05420800 -0.13618200
v -0.03547600 -0.05420800 -0.13618200
v -0.03547600 -0.05420800 -0.13618200
v -0.03583700 -0.05554900 -0.13661300
v -0.03583700 -0.05554900 -0.13661300
v -0.03583700 -0.05554900 -0.13661300
v -0.03583700 -0.05554900 -0.13661300
v -0.03583700 -0.05554900 -0.13661300
v -0.03583700 -0.05554900 -0.13661300
v -0.03583700 -0.05554900 -0.13661300
v -0.03200800 -0.07201600 -0.13594600
v -0.03200800 -0.07201600 -0.13594600
v -0.03200800 -0.07201600 -0.13594600
v -0.03200800 -0.07201600 -0.13594600
v -0.03200800 -0.07201600 -0.13594600
v -0.03200800 -0.07201600 -0.13594600
v -0.03200800 -0.07201600 -0.13594600
v -0.02875200 -0.07263600 -0.13629000
v -0.02875200 -0.07263600 -0.13629000
v -0.02875200 -0.07263600 -0.13629000
v -0.02875200 -0.07263600 -0.13629000
v -0.02875200 -0.07263600 -0.13629000
v -0.02875200 -0.07263600 -0.13629000
v 0.03720600 -0.06720700 -0.13589900
v 0.03720600 -0.06720700 -0.13589900
v 0.03720600 -0.06720700 -0.13589900
v 0.03720600 -0.06720700 -0.13589900
v 0.03720600 -0.06720700 -0.13589900
v 0.03720600 -0.06720700 -0.13589900
v 0.03720600 -0.06720700 -0.13589900
v 0.03655500 -0.06744000 -0.13640700
v 0.03655500 -0.06744000 -0.13640700
v 0.03655500 -0.06744000 -0.13640700
v 0.03655500 -0.06744000 -0.13640700
v 0.03804800 -0.06524700 -0.13595900
v 0.03804800 -0.06524700 -0.13595900
v 0.03804800 -0.06524700 -0.13595900
v 0.03804800 -0.06524700 -0.13595900
v 0.03804800 -0.06524700 -0.13595900
v 0.03804800 -0.06524700 -0.13595900
v 0.03815500 -0.06262600 -0.13640100
v 0.03815500 -0.06262600 -0.13640100
v 0.03815500 -0.06262600 -0.13640100
v 0.03815500 -0.06262600 -0.13640100
v 0.03815500 -0.06262600 -0.13640100
v 0.03852000 -0.06333900 -0.13578400
v 0.03852000 -0.06333900 -0.13578400
v 0.03852000 -0.06333900 -0.13578400
v 0.03852000 -0.06333900 -0.13578400
v 0.03852000 -0.06333900 -0.13578400
v 0.03861200 -0.06114400 -0.13578300
v 0.03861200 -0.06114400 -0.13578300
v 0.03861200 -0.06114400 -0.13578300
v 0.03861200 -0.06114400 -0.13578300
v 0.03861200 -0.06114400 -0.13578300
v 0.03861200 -0.06114400 -0.13578300
v 0.03816900 -0.05846200 -0.13572900
v 0.03816900 -0.05846200 -0.13572900
v 0.03816900 -0.05846200 -0.13572900
v 0.03816900 -0.05846200 -0.13572900
v 0.03816900 -0.05846200 -0.13572900
v 0.03748200 -0.05742900 -0.13625200
v 0.03748200 -0.05742900 -0.13625200
v 0.03748200 -0.05742900 -0.13625200
v 0.03748200 -0.05742900 -0.13625200
v 0.03651400 -0.05600900 -0.13639900
v 0.03651400 -0.05600900 -0.13639900
v 0.03651400 -0.05600900 -0.13639900
v 0.03080200 -0.07217100 -0.13628800
v 0.03080200 -0.07217100 -0.13628800
v 0.03080200 -0.07217100 -0.13628800
v 0.03080200 -0.07217100 -0.13628800
v 0.03080200 -0.07217100 -0.13628800
v 0.03685000 -0.05571100 -0.13580300
v 0.03685000 -0.05571100 -0.13580300
v 0.03685000 -0.05571100 -0.13580300
v 0.03685000 -0.05571100 -0.13580300
v 0.03685000 -0.05571100 -0.13580300
v 0.03685000 -0.05571100 -0.13580300
v 0.03508900 -0.05389900 -0.13618800
v 0.03508900 -0.05389900 -0.13618800
v 0.03508900 -0.05389900 -0.13618800
v 0.03508900 -0.05389900 -0.13618800
v 0.03508900 -0.05389900 -0.13618800
v 0.03508900 -0.05389900 -0.13618800
v 0.03321300 -0.07084100 -0.13640600
v 0.03321300 -0.07084100 -0.13640600
v 0.03321300 -0.07084100 -0.13640600
v 0.03321300 -0.07084100 -0.13640600
v 0.03321300 -0.07084100 -0.13640600
v 0.03318000 -0.05266100 -0.13638900
v 0.03318000 -0.05266100 -0.13638900
v 0.03318000 -0.05266100 -0.13638900
v 0.03318000 -0.05266100 -0.13638900
v 0.03318000 -0.05266100 -0.13638900
v 0.03342300 -0.07123800 -0.13581600
v 0.03342300 -0.07123800 -0.13581600
v 0.03342300 -0.07123800 -0.13581600
v 0.03342300 -0.07123800 -0.13581600
v 0.03342300 -0.07123800 -0.13581600
v 0.03342300 -0.07123800 -0.13581600
v 0.03342300 -0.07123800 -0.13581600
v 0.03392700 -0.05263500 -0.13579000
v 0.03392700 -0.05263500 -0.13579000
v 0.03392700 -0.05263500 -0.13579000
v 0.03392700 -0.05263500 -0.13579000
v 0.03392700 -0.05263500 -0.13579000
v 0.03531900 -0.06946600 -0.13614900
v 0.03531900 -0.06946600 -0.13614900
v 0.03531900 -0.06946600 -0.13614900
v 0.03531900 -0.06946600 -0.13614900
v 0.03531900 -0.06946600 -0.13614900
v 0.03531900 -0.06946600 -0.13614900
v 0.03190800 -0.05152300 -0.13596000
v 0.03190800 -0.05152300 -0.13596000
v 0.03190800 -0.05152300 -0.13596000
v 0.03190800 -0.05152300 -0.13596000
v 0.03190800 -0.05152300 -0.13596000
v 0.03190800 -0.05152300 -0.13596000
v 0.03190800 -0.05152300 -0.13596000
v 0.02847600 -0.05063400 -0.13595100
v 0.02847600 -0.05063400 -0.13595100
v 0.02847600 -0.05063400 -0.13595100
v 0.02847600 -0.05063400 -0.13595100
v 0.02847600 -0.05063400 -0.13595100
v 0.02847600 -0.05063400 -0.13595100
v -0.01902200 0.07152300 -0.05153500
v -0.01902200 0.07152300 -0.05153500
v -0.01902200 0.07152300 -0.05153500
v -0.01902200 0.07152300 -0.05153500
v -0.00030500 0.07302500 -0.05890300
v -0.00030500 0.07302500 -0.05890300
v -0.00030500 0.07302500 -0.05890300
v -0.00500400 0.07302500 -0.05890300
v -0.00500400 0.07302500 -0.05890300
v -0.01815700 0.07298700 -0.05241600
v -0.01815700 0.07298700 -0.05241600
v -0.01901600 0.07150400 -0.13665800
v -0.01901600 0.07150400 -0.13665800
v -0.01901600 0.07150400 -0.13665800
v -0.01901600 0.07150400 -0.13665800
v -0.01901600 0.07150400 -0.13665800
v -0.01901600 0.07150400 -0.13665800
v -0.01901600 0.07150400 -0.13665800
v -0.01901600 0.07150400 -0.13665800
v -0.01815800 0.07298600 -0.13583000
v -0.01815800 0.07298600 -0.13583000
v -0.01815800 0.07298600 -0.13583000
v -0.01815800 0.07298600 -0.13583000
v -0.01815800 0.07298600 -0.13583000
v -0.01815800 0.07298600 -0.13583000
v -0.01815800 0.07298600 -0.13583000
v -0.01815800 0.07298600 -0.13583000
v -0.01860400 0.07221400 -0.13660700
v -0.01860400 0.07221400 -0.13660700
v -0.01860400 0.07221400 -0.13660700
v -0.01860400 0.07221400 -0.13660700
v -0.01860400 0.07221400 -0.13660700
v -0.01949600 0.07233400 -0.13653900
v -0.01949600 0.07233400 -0.13653900
v -0.01949600 0.07233400 -0.13653900
v -0.01949600 0.07233400 -0.13653900
v -0.01987200 0.07298500 -0.13581100
v -0.01987200 0.07298500 -0.13581100
v -0.01987200 0.07298500 -0.13581100
v -0.01987200 0.07298500 -0.13581100
v -0.01987200 0.07298500 -0.13581100
v -0.01987200 0.07298500 -0.13581100
v -0.01987200 0.07298500 -0.13581100
v -0.01980000 0.07285900 -0.05204800
v -0.01980000 0.07285900 -0.05204800
v -0.02806800 0.07297900 -0.05245200
v -0.02806800 0.07297900 -0.05245200
v -0.02806800 0.07297900 -0.05245200
v -0.03743700 0.06670800 -0.05226000
v -0.03743700 0.06670800 -0.05226000
v -0.03743700 0.06670800 -0.05226000
v -0.03826800 0.06460800 -0.05243000
v -0.03826800 0.06460800 -0.05243000
v -0.03826800 0.06460800 -0.05243000
v -0.03863500 0.06194100 -0.05232100
v -0.03863500 0.06194100 -0.05232100
v -0.03863500 0.06194100 -0.05232100
v -0.03833900 0.05913400 -0.05258800
v -0.03833900 0.05913400 -0.05258800
v -0.03767400 0.05730500 -0.05226100
v -0.03617400 0.05470000 -0.05258400
v -0.03617400 0.05470000 -0.05258400
v -0.03062100 0.07254900 -0.05243000
v -0.03062100 0.07254900 -0.05243000
v -0.03062100 0.07254900 -0.05243000
v -0.03381500 0.05251900 -0.05247200
v -0.03381500 0.05251900 -0.05247200
v -0.03381500 0.05251900 -0.05247200
v -0.03381500 0.05251900 -0.05247200
v -0.03323700 0.07135500 -0.05239900
v -0.03323700 0.07135500 -0.05239900
v -0.03323700 0.07135500 -0.05239900
v -0.03494000 0.07012100 -0.05258300
v -0.03494000 0.07012100 -0.05258300
v -0.03494000 0.07012100 -0.05258300
v -0.03141600 0.05128600 -0.05244400
v -0.03141600 0.05128600 -0.05244400
v -0.03141600 0.05128600 -0.05244400
v -0.03630000 0.06860900 -0.05240800
v -0.03630000 0.06860900 -0.05240800
v -0.03630000 0.06860900 -0.05240800
v -0.02871500 0.05056600 -0.05263200
v -0.02871500 0.05056600 -0.05263200
v -0.02871500 0.05056600 -0.05263200
v -0.02871500 0.05056600 -0.05263200
v 0.02831100 0.05058300 -0.05241600
v 0.02831100 0.05058300 -0.05241600
v 0.03841600 0.05915400 -0.05252300
v 0.03841600 0.05915400 -0.05252300
v 0.03869200 0.06136800 -0.05237900
v 0.03869200 0.06136800 -0.05237900
v 0.03853800 0.06365500 -0.05237600
v 0.03853800 0.06365500 -0.05237600
v 0.03853800 0.06365500 -0.05237600
v 0.03794600 0.06584800 -0.05242500
v 0.03794600 0.06584800 -0.05242500
v 0.03794600 0.06584800 -0.05242500
v 0.03279300 0.07170000 -0.05244700
v 0.03279300 0.07170000 -0.05244700
v 0.03279300 0.07170000 -0.05244700
v 0.03021500 0.05089300 -0.05238900
v 0.03021500 0.05089300 -0.05238900
v 0.03021500 0.05089300 -0.05238900
v 0.03652700 0.06843200 -0.05238500
v 0.03652700 0.06843200 -0.05238500
v 0.03652700 0.06843200 -0.05238500
v 0.03228300 0.05163500 -0.05238900
v 0.03228300 0.05163500 -0.05238900
v 0.03228300 0.05163500 -0.05238900
v 0.03412200 0.05269400 -0.05257400
v 0.03412200 0.05269400 -0.05257400
v 0.03412200 0.05269400 -0.05257400
v 0.03498700 0.07012000 -0.05235800
v 0.03498700 0.07012000 -0.05235800
v 0.03498700 0.07012000 -0.05235800
v 0.03550400 0.05392500 -0.05235600
v 0.03655600 0.05519100 -0.05238200
v 0.03655600 0.05519100 -0.05238200
v 0.03763400 0.05700500 -0.05237400
v 0.03763400 0.05700500 -0.05237400
v 0.03763400 0.05700500 -0.05237400
v 0.03058600 0.07262100 -0.05890300
v 0.03058600 0.07262100 -0.05890300
v 0.03058600 0.07262100 -0.05890300
v 0.03058600 0.07262100 -0.05890300
v 0.02857100 0.07294500 -0.05232900
v 0.02857600 0.07297200 -0.05890300
v 0.02578100 0.07302500 -0.05786100
v 0.02578100 0.07302500 -0.05786100
v 0.02425700 0.07302500 -0.05786100
v 0.02077700 0.07302500 -0.05786100
v 0.01925300 0.07302500 -0.05786100
v 0.01577300 0.07302500 -0.05786100
v 0.01424900 0.07302500 -0.05786100
v 0.01077000 0.07302500 -0.05786100
v 0.00924600 0.07302500 -0.05786100
v 0.02818300 0.07300800 -0.13557600
v 0.02818300 0.07300800 -0.13557600
v 0.02818300 0.07300800 -0.13557600
v 0.02818300 0.07300800 -0.13557600
v 0.02818300 0.07300800 -0.13557600
v 0.02818300 0.07300800 -0.13557600
v 0.02818300 0.07300800 -0.13557600
v 0.02967400 0.07191800 -0.13662300
v 0.02967400 0.07191800 -0.13662300
v 0.02967400 0.07191800 -0.13662300
v 0.02967400 0.07191800 -0.13662300
v 0.02967400 0.07191800 -0.13662300
v 0.02967400 0.07191800 -0.13662300
v -0.02880500 0.05147600 -0.13662500
v -0.02880500 0.05147600 -0.13662500
v -0.02880500 0.05147600 -0.13662500
v -0.02880500 0.05147600 -0.13662500
v -0.02880500 0.05147600 -0.13662500
v -0.02880500 0.05147600 -0.13662500
v -0.02880500 0.05147600 -0.13662500
v -0.02880500 0.05147600 -0.13662500
v -0.02880500 0.05147600 -0.13662500
v -0.02880500 0.05147600 -0.13662500
v -0.02880500 0.05147600 -0.13662500
v -0.03176900 0.05234500 -0.13662300
v -0.03176900 0.05234500 -0.13662300
v -0.03176900 0.05234500 -0.13662300
v -0.03176900 0.05234500 -0.13662300
v 0.03677100 0.06642300 -0.13661900
v 0.03677100 0.06642300 -0.13661900
v 0.03677100 0.06642300 -0.13661900
v 0.03677100 0.06642300 -0.13661900
v 0.03677100 0.06642300 -0.13661900
v 0.03677100 0.06642300 -0.13661900
v 0.03677100 0.06642300 -0.13661900
v 0.03778100 0.06181800 -0.13664100
v 0.03778100 0.06181800 -0.13664100
v 0.03778100 0.06181800 -0.13664100
v 0.03778100 0.06181800 -0.13664100
v 0.03778100 0.06181800 -0.13664100
v 0.03778100 0.06181800 -0.13664100
v 0.02998200 0.05172400 -0.13663400
v 0.02998200 0.05172400 -0.13663400
v 0.02998200 0.05172400 -0.13663400
v 0.02998200 0.05172400 -0.13663400
v 0.02998200 0.05172400 -0.13663400
v 0.02998200 0.05172400 -0.13663400
v 0.02998200 0.05172400 -0.13663400
v 0.02998200 0.05172400 -0.13663400
v 0.02998200 0.05172400 -0.13663400
v 0.02998200 0.05172400 -0.13663400
v -0.03553500 0.05517000 -0.13660900
v -0.03553500 0.05517000 -0.13660900
v -0.03553500 0.05517000 -0.13660900
v -0.03553500 0.05517000 -0.13660900
v -0.03553500 0.05517000 -0.13660900
v -0.03553500 0.05517000 -0.13660900
v -0.03078500 0.07166200 -0.13663600
v -0.03078500 0.07166200 -0.13663600
v -0.03078500 0.07166200 -0.13663600
v -0.03078500 0.07166200 -0.13663600
v -0.03078500 0.07166200 -0.13663600
v -0.03078500 0.07166200 -0.13663600
v -0.03078500 0.07166200 -0.13663600
v 0.03255500 0.07087600 -0.13661100
v 0.03255500 0.07087600 -0.13661100
v 0.03255500 0.07087600 -0.13661100
v 0.03255500 0.07087600 -0.13661100
v 0.03255500 0.07087600 -0.13661100
v -0.03487300 0.06903200 -0.13661000
v -0.03487300 0.06903200 -0.13661000
v -0.03487300 0.06903200 -0.13661000
v -0.03487300 0.06903200 -0.13661000
v -0.03487300 0.06903200 -0.13661000
v -0.03487300 0.06903200 -0.13661000
v -0.03703000 0.06568800 -0.13662600
v -0.03703000 0.06568800 -0.13662600
v -0.03703000 0.06568800 -0.13662600
v -0.03703000 0.06568800 -0.13662600
v -0.03703000 0.06568800 -0.13662600
v -0.03703000 0.06568800 -0.13662600
v -0.03703000 0.06568800 -0.13662600
v -0.03781500 0.06019500 -0.13659500
v -0.03781500 0.06019500 -0.13659500
v -0.03781500 0.06019500 -0.13659500
v -0.03781500 0.06019500 -0.13659500
v -0.03781500 0.06019500 -0.13659500
v -0.03781500 0.06019500 -0.13659500
v -0.03781500 0.06019500 -0.13659500
v -0.02878400 0.07254600 -0.13635000
v -0.02878400 0.07254600 -0.13635000
v -0.02878400 0.07254600 -0.13635000
v -0.02878400 0.07254600 -0.13635000
v -0.02878400 0.07254600 -0.13635000
v -0.02878400 0.07254600 -0.13635000
v -0.02817900 0.07298700 -0.13568800
v -0.02817900 0.07298700 -0.13568800
v -0.02817900 0.07298700 -0.13568800
v -0.02817900 0.07298700 -0.13568800
v -0.02817900 0.07298700 -0.13568800
v -0.03090200 0.07248400 -0.13564900
v -0.03090200 0.07248400 -0.13564900
v -0.03090200 0.07248400 -0.13564900
v -0.03090200 0.07248400 -0.13564900
v -0.03090200 0.07248400 -0.13564900
v -0.03090200 0.07248400 -0.13564900
v -0.03569400 0.05417200 -0.13563000
v -0.03569400 0.05417200 -0.13563000
v -0.03569400 0.05417200 -0.13563000
v -0.03569400 0.05417200 -0.13563000
v -0.03569400 0.05417200 -0.13563000
v -0.03549900 0.06961100 -0.13561700
v -0.03549900 0.06961100 -0.13561700
v -0.03549900 0.06961100 -0.13561700
v -0.03549900 0.06961100 -0.13561700
v -0.03549900 0.06961100 -0.13561700
v -0.03022500 0.05088200 -0.13563000
v -0.03022500 0.05088200 -0.13563000
v -0.03022500 0.05088200 -0.13563000
v -0.03022500 0.05088200 -0.13563000
v 0.02875000 0.05057900 -0.13570900
v 0.02875000 0.05057900 -0.13570900
v 0.02875000 0.05057900 -0.13570900
v 0.02875000 0.05057900 -0.13570900
v 0.02875000 0.05057900 -0.13570900
v 0.02875000 0.05057900 -0.13570900
v 0.03762500 0.06663100 -0.13565500
v 0.03762500 0.06663100 -0.13565500
v 0.03762500 0.06663100 -0.13565500
v 0.03762500 0.06663100 -0.13565500
v 0.03762500 0.06663100 -0.13565500
v 0.03350600 0.05227700 -0.13564900
v 0.03350600 0.05227700 -0.13564900
v 0.03350600 0.05227700 -0.13564900
v 0.03350600 0.05227700 -0.13564900
v 0.03350600 0.05227700 -0.13564900
v 0.03555800 0.05391900 -0.13562900
v 0.03555800 0.05391900 -0.13562900
v 0.03555800 0.05391900 -0.13562900
v 0.03555800 0.05391900 -0.13562900
v 0.03555800 0.05391900 -0.13562900
v 0.03555800 0.05391900 -0.13562900
v 0.03031900 0.07265700 -0.13563500
v 0.03031900 0.07265700 -0.13563500
v 0.03031900 0.07265700 -0.13563500
v 0.03031900 0.07265700 -0.13563500
v 0.03709800 0.05607200 -0.13596300
v 0.03709800 0.05607200 -0.13596300
v 0.03709800 0.05607200 -0.13596300
v 0.03709800 0.05607200 -0.13596300
v 0.03709800 0.05607200 -0.13596300
v 0.03709800 0.05607200 -0.13596300
v 0.03709800 0.05607200 -0.13596300
v 0.03734200 0.05814600 -0.13655700
v 0.03734200 0.05814600 -0.13655700
v 0.03734200 0.05814600 -0.13655700
v 0.03734200 0.05814600 -0.13655700
v 0.03734200 0.05814600 -0.13655700
v 0.03802800 0.05802200 -0.13592600
v 0.03802800 0.05802200 -0.13592600
v 0.03802800 0.05802200 -0.13592600
v 0.03802800 0.05802200 -0.13592600
v 0.03802800 0.05802200 -0.13592600
v 0.03802800 0.05802200 -0.13592600
v 0.03826600 0.06123200 -0.13641900
v 0.03826600 0.06123200 -0.13641900
v 0.03826600 0.06123200 -0.13641900
v 0.03826600 0.06123200 -0.13641900
v 0.03826600 0.06123200 -0.13641900
v 0.03826600 0.06123200 -0.13641900
v 0.03854200 0.05997600 -0.13584100
v 0.03854200 0.05997600 -0.13584100
v 0.03854200 0.05997600 -0.13584100
v 0.03854200 0.05997600 -0.13584100
v 0.03872700 0.06185500 -0.13577400
v 0.03872700 0.06185500 -0.13577400
v 0.03872700 0.06185500 -0.13577400
v 0.03872700 0.06185500 -0.13577400
v 0.03872700 0.06185500 -0.13577400
v 0.03872700 0.06185500 -0.13577400
v 0.03795300 0.06439500 -0.13638400
v 0.03795300 0.06439500 -0.13638400
v 0.03795300 0.06439500 -0.13638400
v 0.03795300 0.06439500 -0.13638400
v 0.03795300 0.06439500 -0.13638400
v 0.03795300 0.06439500 -0.13638400
v 0.03838000 0.06447100 -0.13576800
v 0.03838000 0.06447100 -0.13576800
v 0.03838000 0.06447100 -0.13576800
v 0.03838000 0.06447100 -0.13576800
v 0.03838000 0.06447100 -0.13576800
v 0.03838000 0.06447100 -0.13576800
v 0.03735400 0.06665500 -0.13616800
v 0.03735400 0.06665500 -0.13616800
v 0.03735400 0.06665500 -0.13616800
v 0.03735400 0.06665500 -0.13616800
v 0.03735400 0.06665500 -0.13616800
v 0.03735400 0.06665500 -0.13616800
v 0.03559000 0.06867900 -0.13651800
v 0.03559000 0.06867900 -0.13651800
v 0.03559000 0.06867900 -0.13651800
v 0.03559000 0.06867900 -0.13651800
v 0.03559000 0.06867900 -0.13651800
v 0.02963100 0.05106400 -0.13632900
v 0.02963100 0.05106400 -0.13632900
v 0.02963100 0.05106400 -0.13632900
v 0.02963100 0.05106400 -0.13632900
v 0.02963100 0.05106400 -0.13632900
v 0.03620000 0.06887900 -0.13575000
v 0.03620000 0.06887900 -0.13575000
v 0.03620000 0.06887900 -0.13575000
v 0.03620000 0.06887900 -0.13575000
v 0.03620000 0.06887900 -0.13575000
v 0.03620000 0.06887900 -0.13575000
v 0.03620000 0.06887900 -0.13575000
v 0.03240000 0.05262000 -0.13661600
v 0.03240000 0.05262000 -0.13661600
v 0.03240000 0.05262000 -0.13661600
v 0.03240000 0.05262000 -0.13661600
v 0.03501900 0.06981100 -0.13615600
v 0.03501900 0.06981100 -0.13615600
v 0.03184600 0.05145400 -0.13593200
v 0.03184600 0.05145400 -0.13593200
v 0.03184600 0.05145400 -0.13593200
v 0.03184600 0.05145400 -0.13593200
v 0.03184600 0.05145400 -0.13593200
v 0.03184600 0.05145400 -0.13593200
v 0.03184600 0.05145400 -0.13593200
v 0.03184600 0.05145400 -0.13593200
v 0.03403400 0.05306900 -0.13633600
v 0.03403400 0.05306900 -0.13633600
v 0.03403400 0.05306900 -0.13633600
v 0.03403400 0.05306900 -0.13633600
v 0.03403400 0.05306900 -0.13633600
v 0.03403400 0.05306900 -0.13633600
v 0.03399500 0.07086900 -0.13595300
v 0.03399500 0.07086900 -0.13595300
v 0.03399500 0.07086900 -0.13595300
v 0.03399500 0.07086900 -0.13595300
v 0.03399500 0.07086900 -0.13595300
v 0.03399500 0.07086900 -0.13595300
v 0.03547600 0.05420800 -0.13618200
v 0.03547600 0.05420800 -0.13618200
v 0.03547600 0.05420800 -0.13618200
v 0.03547600 0.05420800 -0.13618200
v 0.03583700 0.05554900 -0.13661300
v 0.03583700 0.05554900 -0.13661300
v 0.03583700 0.05554900 -0.13661300
v 0.03583700 0.05554900 -0.13661300
v 0.03583700 0.05554900 -0.13661300
v 0.03583700 0.05554900 -0.13661300
v 0.03583700 0.05554900 -0.13661300
v 0.03200800 0.07201600 -0.13594600
v 0.03200800 0.07201600 -0.13594600
v 0.03200800 0.07201600 -0.13594600
v 0.03200800 0.07201600 -0.13594600
v 0.03200800 0.07201600 -0.13594600
v 0.03200800 0.07201600 -0.13594600
v 0.03200800 0.07201600 -0.13594600
v 0.02875200 0.07263600 -0.13629000
v 0.02875200 0.07263600 -0.13629000
v 0.02875200 0.07263600 -0.13629000
v 0.02875200 0.07263600 -0.13629000
v 0.02875200 0.07263600 -0.13629000
v 0.02875200 0.07263600 -0.13629000
v -0.03720600 0.06720700 -0.13589900
v -0.03720600 0.06720700 -0.13589900
v -0.03720600 0.06720700 -0.13589900
v -0.03720600 0.06720700 -0.13589900
v -0.03720600 0.06720700 -0.13589900
v -0.03720600 0.06720700 -0.13589900
v -0.03720600 0.06720700 -0.13589900
v -0.03655500 0.06744000 -0.13640700
v -0.03655500 0.06744000 -0.13640700
v -0.03655500 0.06744000 -0.13640700
v -0.03655500 0.06744000 -0.13640700
v -0.03804800 0.06524700 -0.13595900
v -0.03804800 0.06524700 -0.13595900
v -0.03804800 0.06524700 -0.13595900
v -0.03804800 0.06524700 -0.13595900
v -0.03804800 0.06524700 -0.13595900
v -0.03804800 0.06524700 -0.13595900
v -0.03815500 0.06262600 -0.13640100
v -0.03815500 0.06262600 -0.13640100
v -0.03815500 0.06262600 -0.13640100
v -0.03815500 0.06262600 -0.13640100
v -0.03815500 0.06262600 -0.13640100
v -0.03852000 0.06333900 -0.13578400
v -0.03852000 0.06333900 -0.13578400
v -0.03852000 0.06333900 -0.13578400
v -0.03852000 0.06333900 -0.13578400
v -0.03852000 0.06333900 -0.13578400
v -0.03861200 0.06114400 -0.13578300
v -0.03861200 0.06114400 -0.13578300
v -0.03861200 0.06114400 -0.13578300
v -0.03861200 0.06114400 -0.13578300
v -0.03861200 0.06114400 -0.13578300
v -0.03861200 0.06114400 -0.13578300
v -0.03816900 0.05846200 -0.13572900
v -0.03816900 0.05846200 -0.13572900
v -0.03816900 0.05846200 -0.13572900
v -0.03816900 0.05846200 -0.13572900
v -0.03816900 0.05846200 -0.13572900
v -0.03748200 0.05742900 -0.13625200
v -0.03748200 0.05742900 -0.13625200
v -0.03748200 0.05742900 -0.13625200
v -0.03748200 0.05742900 -0.13625200
v -0.03651400 0.05600900 -0.13639900
v -0.03651400 0.05600900 -0.13639900
v -0.03651400 0.05600900 -0.13639900
v -0.03080200 0.07217100 -0.13628800
v -0.03080200 0.07217100 -0.13628800
v -0.03080200 0.07217100 -0.13628800
v -0.03080200 0.07217100 -0.13628800
v -0.03080200 0.07217100 -0.13628800
v -0.03685000 0.05571100 -0.13580300
v -0.03685000 0.05571100 -0.13580300
v -0.03685000 0.05571100 -0.13580300
v -0.03685000 0.05571100 -0.13580300
v -0.03685000 0.05571100 -0.13580300
v -0.03685000 0.05571100 -0.13580300
v -0.03508900 0.05389900 -0.13618800
v -0.03508900 0.05389900 -0.13618800
v -0.03508900 0.05389900 -0.13618800
v -0.03508900 0.05389900 -0.13618800
v -0.03508900 0.05389900 -0.13618800
v -0.03508900 0.05389900 -0.13618800
v -0.03321300 0.07084100 -0.13640600
v -0.03321300 0.07084100 -0.13640600
v -0.03321300 0.07084100 -0.13640600
v -0.03321300 0.07084100 -0.13640600
v -0.03321300 0.07084100 -0.13640600
v -0.03318000 0.05266100 -0.13638900
v -0.03318000 0.05266100 -0.13638900
v -0.03318000 0.05266100 -0.13638900
v -0.03318000 0.05266100 -0.13638900
v -0.03318000 0.05266100 -0.13638900
v -0.03342300 0.07123800 -0.13581600
v -0.03342300 0.07123800 -0.13581600
v -0.03342300 0.07123800 -0.13581600
v -0.03342300 0.07123800 -0.13581600
v -0.03342300 0.07123800 -0.13581600
v -0.03342300 0.07123800 -0.13581600
v -0.03342300 0.07123800 -0.13581600
v -0.03392700 0.05263500 -0.13579000
v -0.03392700 0.05263500 -0.13579000
v -0.03392700 0.05263500 -0.13579000
v -0.03392700 0.05263500 -0.13579000
v -0.03392700 0.05263500 -0.13579000
v -0.03531900 0.06946600 -0.13614900
v -0.03531900 0.06946600 -0.13614900
v -0.03531900 0.06946600 -0.13614900
v -0.03531900 0.06946600 -0.13614900
v -0.03531900 0.06946600 -0.13614900
v -0.03531900 0.06946600 -0.13614900
v -0.03190800 0.05152300 -0.13596000
v -0.03190800 0.05152300 -0.13596000
v -0.03190800 0.05152300 -0.13596000
v -0.03190800 0.05152300 -0.13596000
v -0.03190800 0.05152300 -0.13596000
v -0.03190800 0.05152300 -0.13596000
v -0.03190800 0.05152300 -0.13596000
v -0.03190800 0.05152300 -0.13596000
v -0.02847600 0.05063400 -0.13595100
v -0.02847600 0.05063400 -0.13595100
v -0.02847600 0.05063400 -0.13595100
v -0.02847600 0.05063400 -0.13595100
v -0.02847600 0.05063400 -0.13595100
v -0.02847600 0.05063400 -0.13595100
v -0.01902200 -0.07152300 0.05153500
v -0.01902200 -0.07152300 0.05153500
v -0.00030500 -0.07302500 0.05890300
v -0.00030500 -0.07302500 0.05890300
v -0.00030500 -0.07302500 0.05890300
v -0.00500400 -0.07302500 0.05890300
v -0.00500400 -0.07302500 0.05890300
v -0.01815700 -0.07298700 0.05241600
v -0.01901600 -0.07150400 0.13665800
v -0.01901600 -0.07150400 0.13665800
v -0.01901600 -0.07150400 0.13665800
v -0.01901600 -0.07150400 0.13665800
v -0.01901600 -0.07150400 0.13665800
v -0.01901600 -0.07150400 0.13665800
v -0.01901600 -0.07150400 0.13665800
v -0.01815800 -0.07298600 0.13583000
v -0.01815800 -0.07298600 0.13583000
v -0.01815800 -0.07298600 0.13583000
v -0.01815800 -0.07298600 0.13583000
v -0.01815800 -0.07298600 0.13583000
v -0.01815800 -0.07298600 0.13583000
v -0.01860400 -0.07221400 0.13660700
v -0.01860400 -0.07221400 0.13660700
v -0.01860400 -0.07221400 0.13660700
v -0.01860400 -0.07221400 0.13660700
v -0.01949600 -0.07233400 0.13653900
v -0.01949600 -0.07233400 0.13653900
v -0.01949600 -0.07233400 0.13653900
v -0.01949600 -0.07233400 0.13653900
v -0.01987200 -0.07298500 0.13581100
v -0.01987200 -0.07298500 0.13581100
v -0.01987200 -0.07298500 0.13581100
v -0.01987200 -0.07298500 0.13581100
v -0.01987200 -0.07298500 0.13581100
v -0.01987200 -0.07298500 0.13581100
v -0.01980000 -0.07285900 0.05204800
v -0.02806800 -0.07297900 0.05245200
v -0.02806800 -0.07297900 0.05245200
v -0.02806800 -0.07297900 0.05245200
v -0.03743700 -0.06670800 0.05226000
v -0.03826800 -0.06460800 0.05243000
v -0.03826800 -0.06460800 0.05243000
v -0.03863500 -0.06194100 0.05232100
v -0.03863500 -0.06194100 0.05232100
v -0.03863500 -0.06194100 0.05232100
v -0.03833900 -0.05913400 0.05258800
v -0.03833900 -0.05913400 0.05258800
v -0.03833900 -0.05913400 0.05258800
v -0.03767400 -0.05730500 0.05226100
v -0.03767400 -0.05730500 0.05226100
v -0.03767400 -0.05730500 0.05226100
v -0.03617400 -0.05470000 0.05258400
v -0.03617400 -0.05470000 0.05258400
v -0.03617400 -0.05470000 0.05258400
v -0.03062100 -0.07254900 0.05243000
v -0.03062100 -0.07254900 0.05243000
v -0.03062100 -0.07254900 0.05243000
v -0.03381500 -0.05251900 0.05247200
v -0.03381500 -0.05251900 0.05247200
v -0.03381500 -0.05251900 0.05247200
v -0.03381500 -0.05251900 0.05247200
v -0.03323700 -0.07135500 0.05239900
v -0.03323700 -0.07135500 0.05239900
v -0.03494000 -0.07012100 0.05258300
v -0.03141600 -0.05128600 0.05244400
v -0.03141600 -0.05128600 0.05244400
v -0.03141600 -0.05128600 0.05244400
v -0.03630000 -0.06860900 0.05240800
v -0.02871500 -0.05056600 0.05263200
v -0.02871500 -0.05056600 0.05263200
v -0.02871500 -0.05056600 0.05263200
v -0.02871500 -0.05056600 0.05263200
v 0.02831100 -0.05058300 0.05241600
v 0.03841600 -0.05915400 0.05252300
v 0.03841600 -0.05915400 0.05252300
v 0.03841600 -0.05915400 0.05252300
v 0.03869200 -0.06136800 0.05237900
v 0.03869200 -0.06136800 0.05237900
v 0.03869200 -0.06136800 0.05237900
v 0.03853800 -0.06365500 0.05237600
v 0.03853800 -0.06365500 0.05237600
v 0.03853800 -0.06365500 0.05237600
v 0.03794600 -0.06584800 0.05242500
v 0.03794600 -0.06584800 0.05242500
v 0.03794600 -0.06584800 0.05242500
v 0.03279300 -0.07170000 0.05244700
v 0.03279300 -0.07170000 0.05244700
v 0.03279300 -0.07170000 0.05244700
v 0.03021500 -0.05089300 0.05238900
v 0.03652700 -0.06843200 0.05238500
v 0.03652700 -0.06843200 0.05238500
v 0.03652700 -0.06843200 0.05238500
v 0.03228300 -0.05163500 0.05238900
v 0.03228300 -0.05163500 0.05238900
v 0.03412200 -0.05269400 0.05257400
v 0.03412200 -0.05269400 0.05257400
v 0.03412200 -0.05269400 0.05257400
v 0.03498700 -0.07012000 0.05235800
v 0.03498700 -0.07012000 0.05235800
v 0.03498700 -0.07012000 0.05235800
v 0.03550400 -0.05392500 0.05235600
v 0.03550400 -0.05392500 0.05235600
v 0.03655600 -0.05519100 0.05238200
v 0.03655600 -0.05519100 0.05238200
v 0.03655600 -0.05519100 0.05238200
v 0.03763400 -0.05700500 0.05237400
v 0.03763400 -0.05700500 0.05237400
v 0.03763400 -0.05700500 0.05237400
v 0.03058600 -0.07262100 0.05890300
v 0.03058600 -0.07262100 0.05890300
v 0.03058600 -0.07262100 0.05890300
v 0.03058600 -0.07262100 0.05890300
v 0.02857100 -0.07294500 0.05232900
v 0.02857600 -0.07297200 0.05890300
v 0.02578100 -0.07302500 0.05786100
v 0.02578100 -0.07302500 0.05786100
v 0.02425700 -0.07302500 0.05786100
v 0.02077700 -0.07302500 0.05786100
v 0.01925300 -0.07302500 0.05786100
v 0.01577300 -0.07302500 0.05786100
v 0.01424900 -0.07302500 0.05786100
v 0.01077000 -0.07302500 0.05786100
v 0.00924600 -0.07302500 0.05786100
v 0.02818300 -0.07300800 0.13557600
v 0.02818300 -0.07300800 0.13557600
v 0.02818300 -0.07300800 0.13557600
v 0.02818300 -0.07300800 0.13557600
v 0.02818300 -0.07300800 0.13557600
v 0.02818300 -0.07300800 0.13557600
v 0.02818300 -0.07300800 0.13557600
v 0.02967400 -0.07191800 0.13662300
v 0.02967400 -0.07191800 0.13662300
v 0.02967400 -0.07191800 0.13662300
v 0.02967400 -0.07191800 0.13662300
v 0.02967400 -0.07191800 0.13662300
v 0.02967400 -0.07191800 0.13662300
v -0.02880500 -0.05147600 0.13662500
v -0.02880500 -0.05147600 0.13662500
v -0.02880500 -0.05147600 0.13662500
v -0.02880500 -0.05147600 0.13662500
v -0.02880500 -0.05147600 0.13662500
v -0.02880500 -0.05147600 0.13662500
v -0.02880500 -0.05147600 0.13662500
v -0.02880500 -0.05147600 0.13662500
v -0.02880500 -0.05147600 0.13662500
v -0.02880500 -0.05147600 0.13662500
v -0.02880500 -0.05147600 0.13662500
v -0.03176900 -0.05234500 0.13662300
v -0.03176900 -0.05234500 0.13662300
v -0.03176900 -0.05234500 0.13662300
v -0.03176900 -0.05234500 0.13662300
v 0.03677100 -0.06642300 0.13661900
v 0.03677100 -0.06642300 0.13661900
v 0.03677100 -0.06642300 0.13661900
v 0.03677100 -0.06642300 0.13661900
v 0.03677100 -0.06642300 0.13661900
v 0.03677100 -0.06642300 0.13661900
v 0.03677100 -0.06642300 0.13661900
v 0.03778100 -0.06181800 0.13664100
v 0.03778100 -0.06181800 0.13664100
v 0.03778100 -0.06181800 0.13664100
v 0.03778100 -0.06181800 0.13664100
v 0.03778100 -0.06181800 0.13664100
v 0.03778100 -0.06181800 0.13664100
v 0.02998200 -0.05172400 0.13663400
v 0.02998200 -0.05172400 0.13663400
v 0.02998200 -0.05172400 0.13663400
v 0.02998200 -0.05172400 0.13663400
v 0.02998200 -0.05172400 0.13663400
v 0.02998200 -0.05172400 0.13663400
v 0.02998200 -0.05172400 0.13663400
v 0.02998200 -0.05172400 0.13663400
v 0.02998200 -0.05172400 0.13663400
v 0.02998200 -0.05172400 0.13663400
v -0.03553500 -0.05517000 0.13660900
v -0.03553500 -0.05517000 0.13660900
v -0.03553500 -0.05517000 0.13660900
v -0.03553500 -0.05517000 0.13660900
v -0.03553500 -0.05517000 0.13660900
v -0.03553500 -0.05517000 0.13660900
v -0.03078500 -0.07166200 0.13663600
v -0.03078500 -0.07166200 0.13663600
v -0.03078500 -0.07166200 0.13663600
v -0.03078500 -0.07166200 0.13663600
v -0.03078500 -0.07166200 0.13663600
v -0.03078500 -0.07166200 0.13663600
v -0.03078500 -0.07166200 0.13663600
v 0.03255500 -0.07087600 0.13661100
v 0.03255500 -0.07087600 0.13661100
v 0.03255500 -0.07087600 0.13661100
v 0.03255500 -0.07087600 0.13661100
v 0.03255500 -0.07087600 0.13661100
v -0.03487300 -0.06903200 0.13661000
v -0.03487300 -0.06903200 0.13661000
v -0.03487300 -0.06903200 0.13661000
v -0.03487300 -0.06903200 0.13661000
v -0.03487300 -0.06903200 0.13661000
v -0.03487300 -0.06903200 0.13661000
v -0.03703000 -0.06568800 0.13662600
v -0.03703000 -0.06568800 0.13662600
v -0.03703000 -0.06568800 0.13662600
v -0.03703000 -0.06568800 0.13662600
v -0.03703000 -0.06568800 0.13662600
v -0.03703000 -0.06568800 0.13662600
v -0.03703000 -0.06568800 0.13662600
v -0.03781500 -0.06019500 0.13659500
v -0.03781500 -0.06019500 0.13659500
v -0.03781500 -0.06019500 0.13659500
v -0.03781500 -0.06019500 0.13659500
v -0.03781500 -0.06019500 0.13659500
v -0.03781500 -0.06019500 0.13659500
v -0.03781500 -0.06019500 0.13659500
v -0.02878400 -0.07254600 0.13635000
v -0.02878400 -0.07254600 0.13635000
v -0.02878400 -0.07254600 0.13635000
v -0.02878400 -0.07254600 0.13635000
v -0.02878400 -0.07254600 0.13635000
v -0.02878400 -0.07254600 0.13635000
v -0.02817900 -0.07298700 0.13568800
v -0.02817900 -0.07298700 0.13568800
v -0.02817900 -0.07298700 0.13568800
v -0.02817900 -0.07298700 0.13568800
v -0.02817900 -0.07298700 0.13568800
v -0.03090200 -0.07248400 0.13564900
v -0.03090200 -0.07248400 0.13564900
v -0.03090200 -0.07248400 0.13564900
v -0.03090200 -0.07248400 0.13564900
v -0.03090200 -0.07248400 0.13564900
v -0.03090200 -0.07248400 0.13564900
v -0.03569400 -0.05417200 0.13563000
v -0.03569400 -0.05417200 0.13563000
v -0.03569400 -0.05417200 0.13563000
v -0.03569400 -0.05417200 0.13563000
v -0.03569400 -0.05417200 0.13563000
v -0.03549900 -0.06961100 0.13561700
v -0.03549900 -0.06961100 0.13561700
v -0.03549900 -0.06961100 0.13561700
v -0.03549900 -0.06961100 0.13561700
v -0.03022500 -0.05088200 0.13563000
v -0.03022500 -0.05088200 0.13563000
v -0.03022500 -0.05088200 0.13563000
v -0.03022500 -0.05088200 0.13563000
v 0.02875000 -0.05057900 0.13570900
v 0.02875000 -0.05057900 0.13570900
v 0.02875000 -0.05057900 0.13570900
v 0.02875000 -0.05057900 0.13570900
v 0.02875000 -0.05057900 0.13570900
v 0.03762500 -0.06663100 0.13565500
v 0.03762500 -0.06663100 0.13565500
v 0.03762500 -0.06663100 0.13565500
v 0.03762500 -0.06663100 0.13565500
v 0.03762500 -0.06663100 0.13565500
v 0.03350600 -0.05227700 0.13564900
v 0.03350600 -0.05227700 0.13564900
v 0.03350600 -0.05227700 0.13564900
v 0.03350600 -0.05227700 0.13564900
v 0.03350600 -0.05227700 0.13564900
v 0.03555800 -0.05391900 0.13562900
v 0.03555800 -0.05391900 0.13562900
v 0.03555800 -0.05391900 0.13562900
v 0.03555800 -0.05391900 0.13562900
v 0.03555800 -0.05391900 0.13562900
v 0.03555800 -0.05391900 0.13562900
v 0.03555800 -0.05391900 0.13562900
v 0.03031900 -0.07265700 0.13563500
v 0.03031900 -0.07265700 0.13563500
v 0.03031900 -0.07265700 0.13563500
v 0.03031900 -0.07265700 0.13563500
v 0.03709800 -0.05607200 0.13596300
v 0.03709800 -0.05607200 0.13596300
v 0.03709800 -0.05607200 0.13596300
v 0.03709800 -0.05607200 0.13596300
v 0.03709800 -0.05607200 0.13596300
v 0.03709800 -0.05607200 0.13596300
v 0.03709800 -0.05607200 0.13596300
v 0.03734200 -0.05814600 0.13655700
v 0.03734200 -0.05814600 0.13655700
v 0.03734200 -0.05814600 0.13655700
v 0.03734200 -0.05814600 0.13655700
v 0.03734200 -0.05814600 0.13655700
v 0.03802800 -0.05802200 0.13592600
v 0.03802800 -0.05802200 0.13592600
v 0.03802800 -0.05802200 0.13592600
v 0.03802800 -0.05802200 0.13592600
v 0.03802800 -0.05802200 0.13592600
v 0.03802800 -0.05802200 0.13592600
v 0.03826600 -0.06123200 0.13641900
v 0.03826600 -0.06123200 0.13641900
v 0.03826600 -0.06123200 0.13641900
v 0.03826600 -0.06123200 0.13641900
v 0.03826600 -0.06123200 0.13641900
v 0.03826600 -0.06123200 0.13641900
v 0.03854200 -0.05997600 0.13584100
v 0.03854200 -0.05997600 0.13584100
v 0.03854200 -0.05997600 0.13584100
v 0.03854200 -0.05997600 0.13584100
v 0.03854200 -0.05997600 0.13584100
v 0.03872700 -0.06185500 0.13577400
v 0.03872700 -0.06185500 0.13577400
v 0.03872700 -0.06185500 0.13577400
v 0.03872700 -0.06185500 0.13577400
v 0.03872700 -0.06185500 0.13577400
v 0.03872700 -0.06185500 0.13577400
v 0.03795300 -0.06439500 0.13638400
v 0.03795300 -0.06439500 0.13638400
v 0.03795300 -0.06439500 0.13638400
v 0.03795300 -0.06439500 0.13638400
v 0.03795300 -0.06439500 0.13638400
v 0.03795300 -0.06439500 0.13638400
v 0.03838000 -0.06447100 0.13576800
v 0.03838000 -0.06447100 0.13576800
v 0.03838000 -0.06447100 0.13576800
v 0.03838000 -0.06447100 0.13576800
v 0.03838000 -0.06447100 0.13576800
v 0.03838000 -0.06447100 0.13576800
v 0.03735400 -0.06665500 0.13616800
v 0.03735400 -0.06665500 0.13616800
v 0.03735400 -0.06665500 0.13616800
v 0.03735400 -0.06665500 0.13616800
v 0.03735400 -0.06665500 0.13616800
v 0.03735400 -0.06665500 0.13616800
v 0.03559000 -0.06867900 0.13651800
v 0.03559000 -0.06867900 0.13651800
v 0.03559000 -0.06867900 0.13651800
v 0.03559000 -0.06867900 0.13651800
v 0.03559000 -0.06867900 0.13651800
v 0.02963100 -0.05106400 0.13632900
v 0.02963100 -0.05106400 0.13632900
v 0.02963100 -0.05106400 0.13632900
v 0.02963100 -0.05106400 0.13632900
v 0.02963100 -0.05106400 0.13632900
v 0.03620000 -0.06887900 0.13575000
v 0.03620000 -0.06887900 0.13575000
v 0.03620000 -0.06887900 0.13575000
v 0.03620000 -0.06887900 0.13575000
v 0.03620000 -0.06887900 0.13575000
v 0.03620000 -0.06887900 0.13575000
v 0.03620000 -0.06887900 0.13575000
v 0.03240000 -0.05262000 0.13661600
v 0.03240000 -0.05262000 0.13661600
v 0.03240000 -0.05262000 0.13661600
v 0.03240000 -0.05262000 0.13661600
v 0.03501900 -0.06981100 0.13615600
v 0.03501900 -0.06981100 0.13615600
v 0.03184600 -0.05145400 0.13593200
v 0.03184600 -0.05145400 0.13593200
v 0.03184600 -0.05145400 0.13593200
v 0.03184600 -0.05145400 0.13593200
v 0.03184600 -0.05145400 0.13593200
v 0.03184600 -0.05145400 0.13593200
v 0.03184600 -0.05145400 0.13593200
v 0.03403400 -0.05306900 0.13633600
v 0.03403400 -0.05306900 0.13633600
v 0.03403400 -0.05306900 0.13633600
v 0.03403400 -0.05306900 0.13633600
v 0.03403400 -0.05306900 0.13633600
v 0.03403400 -0.05306900 0.13633600
v 0.03399500 -0.07086900 0.13595300
v 0.03399500 -0.07086900 0.13595300
v 0.03399500 -0.07086900 0.13595300
v 0.03399500 -0.07086900 0.13595300
v 0.03399500 -0.07086900 0.13595300
v 0.03399500 -0.07086900 0.13595300
v 0.03547600 -0.05420800 0.13618200
v 0.03547600 -0.05420800 0.13618200
v 0.03547600 -0.05420800 0.13618200
v 0.03547600 -0.05420800 0.13618200
v 0.03583700 -0.05554900 0.13661300
v 0.03583700 -0.05554900 0.13661300
v 0.03583700 -0.05554900 0.13661300
v 0.03583700 -0.05554900 0.13661300
v 0.03583700 -0.05554900 0.13661300
v 0.03583700 -0.05554900 0.13661300
v 0.03583700 -0.05554900 0.13661300
v 0.03200800 -0.07201600 0.13594600
v 0.03200800 -0.07201600 0.13594600
v 0.03200800 -0.07201600 0.13594600
v 0.03200800 -0.07201600 0.13594600
v 0.03200800 -0.07201600 0.13594600
v 0.03200800 -0.07201600 0.13594600
v 0.03200800 -0.07201600 0.13594600
v 0.02875200 -0.07263600 0.13629000
v 0.02875200 -0.07263600 0.13629000
v 0.02875200 -0.07263600 0.13629000
v 0.02875200 -0.07263600 0.13629000
v 0.02875200 -0.07263600 0.13629000
v 0.02875200 -0.07263600 0.13629000
v -0.03720600 -0.06720700 0.13589900
v -0.03720600 -0.06720700 0.13589900
v -0.03720600 -0.06720700 0.13589900
v -0.03720600 -0.06720700 0.13589900
v -0.03720600 -0.06720700 0.13589900
v -0.03720600 -0.06720700 0.13589900
v -0.03655500 -0.06744000 0.13640700
v -0.03655500 -0.06744000 0.13640700
v -0.03655500 -0.06744000 0.13640700
v -0.03655500 -0.06744000 0.13640700
v -0.03804800 -0.06524700 0.13595900
v -0.03804800 -0.06524700 0.13595900
v -0.03804800 -0.06524700 0.13595900
v -0.03804800 -0.06524700 0.13595900
v -0.03804800 -0.06524700 0.13595900
v -0.03815500 -0.06262600 0.13640100
v -0.03815500 -0.06262600 0.13640100
v -0.03815500 -0.06262600 0.13640100
v -0.03815500 -0.06262600 0.13640100
v -0.03815500 -0.06262600 0.13640100
v -0.03852000 -0.06333900 0.13578400
v -0.03852000 -0.06333900 0.13578400
v -0.03852000 -0.06333900 0.13578400
v -0.03852000 -0.06333900 0.13578400
v -0.03852000 -0.06333900 0.13578400
v -0.03861200 -0.06114400 0.13578300
v -0.03861200 -0.06114400 0.13578300
v -0.03861200 -0.06114400 0.13578300
v -0.03861200 -0.06114400 0.13578300
v -0.03861200 -0.06114400 0.13578300
v -0.03861200 -0.06114400 0.13578300
v -0.03816900 -0.05846200 0.13572900
v -0.03816900 -0.05846200 0.13572900
v -0.03816900 -0.05846200 0.13572900
v -0.03816900 -0.05846200 0.13572900
v -0.03816900 -0.05846200 0.13572900
v -0.03816900 -0.05846200 0.13572900
v -0.03748200 -0.05742900 0.13625200
v -0.03748200 -0.05742900 0.13625200
v -0.03748200 -0.05742900 0.13625200
v -0.03748200 -0.05742900 0.13625200
v -0.03651400 -0.05600900 0.13639900
v -0.03651400 -0.05600900 0.13639900
v -0.03651400 -0.05600900 0.13639900
v -0.03080200 -0.07217100 0.13628800
v -0.03080200 -0.07217100 0.13628800
v -0.03080200 -0.07217100 0.13628800
v -0.03080200 -0.07217100 0.13628800
v -0.03080200 -0.07217100 0.13628800
v -0.03685000 -0.05571100 0.13580300
v -0.03685000 -0.05571100 0.13580300
v -0.03685000 -0.05571100 0.13580300
v -0.03685000 -0.05571100 0.13580300
v -0.03685000 -0.05571100 0.13580300
v -0.03685000 -0.05571100 0.13580300
v -0.03685000 -0.05571100 0.13580300
v -0.03508900 -0.05389900 0.13618800
v -0.03508900 -0.05389900 0.13618800
v -0.03508900 -0.05389900 0.13618800
v -0.03508900 -0.05389900 0.13618800
v -0.03508900 -0.05389900 0.13618800
v -0.03508900 -0.05389900 0.13618800
v -0.03321300 -0.07084100 0.13640600
v -0.03321300 -0.07084100 0.13640600
v -0.03321300 -0.07084100 0.13640600
v -0.03321300 -0.07084100 0.13640600
v -0.03321300 -0.07084100 0.13640600
v -0.03318000 -0.05266100 0.13638900
v -0.03318000 -0.05266100 0.13638900
v -0.03318000 -0.05266100 0.13638900
v -0.03318000 -0.05266100 0.13638900
v -0.03318000 -0.05266100 0.13638900
v -0.03342300 -0.07123800 0.13581600
v -0.03342300 -0.07123800 0.13581600
v -0.03342300 -0.07123800 0.13581600
v -0.03342300 -0.07123800 0.13581600
v -0.03342300 -0.07123800 0.13581600
v -0.03342300 -0.07123800 0.13581600
v -0.03392700 -0.05263500 0.13579000
v -0.03392700 -0.05263500 0.13579000
v -0.03392700 -0.05263500 0.13579000
v -0.03392700 -0.05263500 0.13579000
v -0.03392700 -0.05263500 0.13579000
v -0.03531900 -0.06946600 0.13614900
v -0.03531900 -0.06946600 0.13614900
v -0.03531900 -0.06946600 0.13614900
v -0.03531900 -0.06946600 0.13614900
v -0.03531900 -0.06946600 0.13614900
v -0.03531900 -0.06946600 0.13614900
v -0.03190800 -0.05152300 0.13596000
v -0.03190800 -0.05152300 0.13596000
v -0.03190800 -0.05152300 0.13596000
v -0.03190800 -0.05152300 0.13596000
v -0.03190800 -0.05152300 0.13596000
v -0.03190800 -0.05152300 0.13596000
v -0.03190800 -0.05152300 0.13596000
v -0.03190800 -0.05152300 0.13596000
v -0.02847600 -0.05063400 0.13595100
v -0.02847600 -0.05063400 0.13595100
v -0.02847600 -0.05063400 0.13595100
v -0.02847600 -0.05063400 0.13595100
v -0.02847600 -0.05063400 0.13595100
v -0.02847600 -0.05063400 0.13595100
v 0.11730900 -0.03536900 0.13163700
v 0.11730900 -0.03536900 0.13163700
v 0.11730900 -0.03536900 0.13163700
v 0.11730900 -0.03536900 0.13163700
v 0.11730900 -0.03536900 0.13163700
v 0.11730900 -0.03536900 0.13163700
v 0.11379900 -0.03193000 0.13163700
v 0.11379900 -0.03193000 0.13163700
v 0.11379900 -0.03193000 0.13163700
v 0.11379900 -0.03193000 0.13163700
v 0.11379900 -0.03193000 0.13163700
v 0.11227900 -0.03266800 0.13163700
v 0.11227900 -0.03266800 0.13163700
v 0.11227900 -0.03266800 0.13163700
v 0.11227900 -0.03266800 0.13163700
v 0.11227900 -0.03266800 0.13163700
v 0.11227900 -0.03266800 0.13163700
v 0.11653300 -0.03696900 0.13163700
v 0.11653300 -0.03696900 0.13163700
v 0.11653300 -0.03696900 0.13163700
v 0.11653300 -0.03696900 0.13163700
v 0.11653300 -0.03696900 0.13163700
v 0.11420700 -0.03795700 0.13163700
v 0.11420700 -0.03795700 0.13163700
v 0.11420700 -0.03795700 0.13163700
v 0.11420700 -0.03795700 0.13163700
v 0.11420700 -0.03795700 0.13163700
v 0.10975000 -0.03351400 0.13963700
v 0.10975000 -0.03351400 0.13963700
v 0.10975000 -0.03351400 0.13963700
v 0.10975000 -0.03351400 0.13963700
v 0.11041400 -0.03391700 0.13963700
v 0.11041400 -0.03391700 0.13963700
v 0.11041400 -0.03391700 0.13963700
v 0.11287900 -0.03033000 0.13963700
v 0.11287900 -0.03033000 0.13963700
v 0.11287900 -0.03033000 0.13963700
v 0.11287900 -0.03033000 0.13963700
v 0.11287900 -0.03033000 0.13963700
v 0.11121900 -0.03228000 0.13963700
v 0.11121900 -0.03228000 0.13963700
v 0.11121900 -0.03228000 0.13963700
v 0.11121900 -0.03228000 0.13963700
v 0.11067100 -0.03176800 0.13963700
v 0.11067100 -0.03176800 0.13963700
v 0.11067100 -0.03176800 0.13963700
v 0.11067100 -0.03176800 0.13963700
v 0.11738100 -0.03757000 0.13963700
v 0.11738100 -0.03757000 0.13963700
v 0.11738100 -0.03757000 0.13963700
v 0.11738100 -0.03757000 0.13963700
v 0.11792900 -0.03808200 0.13963700
v 0.11792900 -0.03808200 0.13963700
v 0.11792900 -0.03808200 0.13963700
v 0.11792900 -0.03808200 0.13963700
v 0.11561600 -0.03956200 0.13963700
v 0.11561600 -0.03956200 0.13963700
v 0.11561600 -0.03956200 0.13963700
v 0.11561600 -0.03956200 0.13963700
v 0.11521900 -0.03889100 0.13963700
v 0.11521900 -0.03889100 0.13963700
v 0.11521900 -0.03889100 0.13963700
v 0.11521900 -0.03889100 0.13963700
v 0.11521900 -0.03889100 0.13963700
v 0.11907400 -0.03559000 0.13963700
v 0.11907400 -0.03559000 0.13963700
v 0.11907400 -0.03559000 0.13963700
v 0.11907400 -0.03559000 0.13963700
v 0.11907400 -0.03559000 0.13963700
v 0.11818600 -0.03593300 0.13963700
v 0.11818600 -0.03593300 0.13963700
v 0.11818600 -0.03593300 0.13963700
v 0.11818600 -0.03593300 0.13963700
v 0.11826600 -0.03400700 0.13963700
v 0.11826600 -0.03400700 0.13963700
v 0.11826600 -0.03400700 0.13963700
v 0.11826600 -0.03400700 0.13963700
v 0.11287900 -0.03952000 0.13963700
v 0.11287900 -0.03952000 0.13963700
v 0.11287900 -0.03952000 0.13963700
v 0.11287900 -0.03952000 0.13963700
v 0.11287900 -0.03952000 0.13963700
v 0.11885000 -0.03351400 0.13963700
v 0.11885000 -0.03351400 0.13963700
v 0.11885000 -0.03351400 0.13963700
v 0.11885000 -0.03351400 0.13963700
v 0.11329200 -0.03881100 0.13963700
v 0.11329200 -0.03881100 0.13963700
v 0.11329200 -0.03881100 0.13963700
v 0.11792900 -0.03176800 0.13963700
v 0.11792900 -0.03176800 0.13963700
v 0.11792900 -0.03176800 0.13963700
v 0.11792900 -0.03176800 0.13963700
v 0.11165500 -0.03800600 0.13963700
v 0.11165500 -0.03800600 0.13963700
v 0.11165500 -0.03800600 0.13963700
v 0.11165500 -0.03800600 0.13963700
v 0.11067100 -0.03808200 0.13963700
v 0.11067100 -0.03808200 0.13963700
v 0.11067100 -0.03808200 0.13963700
v 0.11067100 -0.03808200 0.13963700
v 0.11694500 -0.03184400 0.13963700
v 0.11694500 -0.03184400 0.13963700
v 0.11694500 -0.03184400 0.13963700
v 0.11694500 -0.03184400 0.13963700
v 0.11561600 -0.03028800 0.13963700
v 0.11561600 -0.03028800 0.13963700
v 0.11561600 -0.03028800 0.13963700
v 0.11561600 -0.03028800 0.13963700
v 0.11033400 -0.03584300 0.13963700
v 0.11033400 -0.03584300 0.13963700
v 0.11033400 -0.03584300 0.13963700
v 0.11033400 -0.03584300 0.13963700
v 0.11033400 -0.03584300 0.13963700
v 0.11530800 -0.03103900 0.13963700
v 0.11530800 -0.03103900 0.13963700
v 0.11530800 -0.03103900 0.13963700
v 0.11530800 -0.03103900 0.13963700
v 0.10952600 -0.03559000 0.13963700
v 0.10952600 -0.03559000 0.13963700
v 0.10952600 -0.03559000 0.13963700
v 0.10952600 -0.03559000 0.13963700
v 0.10952600 -0.03559000 0.13963700
v 0.11338200 -0.03095900 0.13963700
v 0.11338200 -0.03095900 0.13963700
v 0.11338200 -0.03095900 0.13963700
v 0.11338200 -0.03095900 0.13963700
v 0.11901200 -0.03407500 0.14062800
v 0.11901200 -0.03407500 0.14062800
v 0.11901200 -0.03407500 0.14062800
v 0.11901200 -0.03407500 0.14062800
v 0.11901200 -0.03407500 0.14062800
v 0.11901200 -0.03407500 0.14062800
v 0.11185300 -0.03083700 0.14064000
v 0.11185300 -0.03083700 0.14064000
v 0.11185300 -0.03083700 0.14064000
v 0.11185300 -0.03083700 0.14064000
v 0.11185300 -0.03083700 0.14064000
v 0.11717200 -0.03108300 0.14063700
v 0.11717200 -0.03108300 0.14063700
v 0.11717200 -0.03108300 0.14063700
v 0.11717200 -0.03108300 0.14063700
v 0.11717200 -0.03108300 0.14063700
v 0.11717200 -0.03108300 0.14063700
v 0.10963700 -0.03390500 0.14064200
v 0.10963700 -0.03390500 0.14064200
v 0.10963700 -0.03390500 0.14064200
v 0.10963700 -0.03390500 0.14064200
v 0.10963700 -0.03390500 0.14064200
v 0.10963700 -0.03390500 0.14064200
v 0.11328000 -0.03026200 0.14064200
v 0.11328000 -0.03026200 0.14064200
v 0.11328000 -0.03026200 0.14064200
v 0.11328000 -0.03026200 0.14064200
v 0.11328000 -0.03026200 0.14064200
v 0.11838800 -0.03247800 0.14064000
v 0.11838800 -0.03247800 0.14064000
v 0.11838800 -0.03247800 0.14064000
v 0.11838800 -0.03247800 0.14064000
v 0.11838800 -0.03247800 0.14064000
v 0.11045800 -0.03205300 0.14063700
v 0.11045800 -0.03205300 0.14063700
v 0.11045800 -0.03205300 0.14063700
v 0.11045800 -0.03205300 0.14063700
v 0.11045800 -0.03205300 0.14063700
v 0.11045800 -0.03205300 0.14063700
v 0.11515000 -0.03021300 0.14062800
v 0.11515000 -0.03021300 0.14062800
v 0.11515000 -0.03021300 0.14062800
v 0.11515000 -0.03021300 0.14062800
v 0.11515000 -0.03021300 0.14062800
v 0.11515000 -0.03021300 0.14062800
v 0.11619100 -0.03161600 0.14263700
v 0.11619100 -0.03161600 0.14263700
v 0.11619100 -0.03161600 0.14263700
v 0.11619100 -0.03161600 0.14263700
v 0.11619100 -0.03161600 0.14263700
v 0.11240900 -0.03161600 0.14263700
v 0.11240900 -0.03161600 0.14263700
v 0.11240900 -0.03161600 0.14263700
v 0.11240900 -0.03161600 0.14263700
v 0.11240900 -0.03161600 0.14263700
v 0.11112600 -0.03290800 0.14264800
v 0.11112600 -0.03290800 0.14264800
v 0.11112600 -0.03290800 0.14264800
v 0.11112600 -0.03290800 0.14264800
v 0.11112600 -0.03290800 0.14264800
v 0.11112600 -0.03290800 0.14264800
v 0.11112600 -0.03290800 0.14264800
v 0.11112600 -0.03290800 0.14264800
v 0.11400100 -0.03121600 0.14266000
v 0.11400100 -0.03121600 0.14266000
v 0.11400100 -0.03121600 0.14266000
v 0.11400100 -0.03121600 0.14266000
v 0.11400100 -0.03121600 0.14266000
v 0.11400100 -0.03121600 0.14266000
v 0.11400100 -0.03121600 0.14266000
v 0.11400100 -0.03121600 0.14266000
v 0.11400100 -0.03121600 0.14266000
v 0.11752200 -0.03307200 0.14266100
v 0.11752200 -0.03307200 0.14266100
v 0.11752200 -0.03307200 0.14266100
v 0.11752200 -0.03307200 0.14266100
v 0.11752200 -0.03307200 0.14266100
v 0.11752200 -0.03307200 0.14266100
v 0.11752200 -0.03307200 0.14266100
v 0.11752200 -0.03307200 0.14266100
v 0.11803000 -0.03490600 0.14267000
v 0.11803000 -0.03490600 0.14267000
v 0.11803000 -0.03490600 0.14267000
v 0.11803000 -0.03490600 0.14267000
v 0.11803000 -0.03490600 0.14267000
v 0.11803000 -0.03490600 0.14267000
v 0.11803000 -0.03490600 0.14267000
v 0.11619100 -0.03823400 0.14263700
v 0.11619100 -0.03823400 0.14263700
v 0.11619100 -0.03823400 0.14263700
v 0.11619100 -0.03823400 0.14263700
v 0.11619100 -0.03823400 0.14263700
v 0.11760500 -0.03676300 0.14263700
v 0.11760500 -0.03676300 0.14263700
v 0.11760500 -0.03676300 0.14263700
v 0.11760500 -0.03676300 0.14263700
v 0.11760500 -0.03676300 0.14263700
v 0.11760500 -0.03676300 0.14263700
v 0.11717500 -0.03717200 0.14263600
v 0.11717500 -0.03717200 0.14263600
v 0.11717500 -0.03717200 0.14263600
v 0.11717500 -0.03717200 0.14263600
v 0.11717500 -0.03717200 0.14263600
v 0.11717500 -0.03717200 0.14263600
v 0.11457800 -0.03863700 0.14265800
v 0.11457800 -0.03863700 0.14265800
v 0.11457800 -0.03863700 0.14265800
v 0.11457800 -0.03863700 0.14265800
v 0.11457800 -0.03863700 0.14265800
v 0.11457800 -0.03863700 0.14265800
v 0.11457800 -0.03863700 0.14265800
v 0.11457800 -0.03863700 0.14265800
v 0.11240900 -0.03823400 0.14263700
v 0.11240900 -0.03823400 0.14263700
v 0.11240900 -0.03823400 0.14263700
v 0.11240900 -0.03823400 0.14263700
v 0.11240900 -0.03823400 0.14263700
v 0.11218100 -0.03787400 0.14263600
v 0.11218100 -0.03787400 0.14263600
v 0.11218100 -0.03787400 0.14263600
v 0.11218100 -0.03787400 0.14263600
v 0.11218100 -0.03787400 0.14263600
v 0.11581000 -0.03166300 0.14263600
v 0.11581000 -0.03166300 0.14263600
v 0.11581000 -0.03166300 0.14263600
v 0.11581000 -0.03166300 0.14263600
v 0.11581000 -0.03166300 0.14263600
v 0.11102800 -0.03671000 0.14266200
v 0.11102800 -0.03671000 0.14266200
v 0.11102800 -0.03671000 0.14266200
v 0.11102800 -0.03671000 0.14266200
v 0.11102800 -0.03671000 0.14266200
v 0.11102800 -0.03671000 0.14266200
v 0.11102800 -0.03671000 0.14266200
v 0.11102800 -0.03671000 0.14266200
v 0.11102800 -0.03671000 0.14266200
v 0.11050300 -0.03492500 0.14263700
v 0.11050300 -0.03492500 0.14263700
v 0.11050300 -0.03492500 0.14263700
v 0.11050300 -0.03492500 0.14263700
v 0.11050300 -0.03492500 0.14263700
v 0.11077600 -0.03404900 0.14263600
v 0.11077600 -0.03404900 0.14263600
v 0.11077600 -0.03404900 0.14263600
v 0.11077600 -0.03404900 0.14263600
v 0.11077600 -0.03404900 0.14263600
v 0.11717200 -0.03876700 0.14063700
v 0.11717200 -0.03876700 0.14063700
v 0.11717200 -0.03876700 0.14063700
v 0.11717200 -0.03876700 0.14063700
v 0.11717200 -0.03876700 0.14063700
v 0.11717200 -0.03876700 0.14063700
v 0.11328000 -0.03958800 0.14064200
v 0.11328000 -0.03958800 0.14064200
v 0.11328000 -0.03958800 0.14064200
v 0.11328000 -0.03958800 0.14064200
v 0.11328000 -0.03958800 0.14064200
v 0.11142800 -0.03876700 0.14063700
v 0.11142800 -0.03876700 0.14063700
v 0.11142800 -0.03876700 0.14063700
v 0.11142800 -0.03876700 0.14063700
v 0.11142800 -0.03876700 0.14063700
v 0.11142800 -0.03876700 0.14063700
v 0.11896300 -0.03594500 0.14064200
v 0.11896300 -0.03594500 0.14064200
v 0.11896300 -0.03594500 0.14064200
v 0.11896300 -0.03594500 0.14064200
v 0.11896300 -0.03594500 0.14064200
v 0.11515000 -0.03963700 0.14062800
v 0.11515000 -0.03963700 0.14062800
v 0.11515000 -0.03963700 0.14062800
v 0.11515000 -0.03963700 0.14062800
v 0.11515000 -0.03963700 0.14062800
v 0.11515000 -0.03963700 0.14062800
v 0.11021200 -0.03737200 0.14064000
v 0.11021200 -0.03737200 0.14064000
v 0.11021200 -0.03737200 0.14064000
v 0.11021200 -0.03737200 0.14064000
v 0.11021200 -0.03737200 0.14064000
v 0.11838900 -0.03737200 0.14064000
v 0.11838900 -0.03737200 0.14064000
v 0.11838900 -0.03737200 0.14064000
v 0.11838900 -0.03737200 0.14064000
v 0.11838900 -0.03737200 0.14064000
v 0.10958800 -0.03577500 0.14062800
v 0.10958800 -0.03577500 0.14062800
v 0.10958800 -0.03577500 0.14062800
v 0.10958800 -0.03577500 0.14062800
v 0.10958800 -0.03577500 0.14062800
v 0.11127700 -0.03545200 0.14206800
v 0.11127700 -0.03545200 0.14206800
v 0.11127700 -0.03545200 0.14206800
v 0.11127700 -0.03545200 0.14206800
v 0.11127700 -0.03545200 0.14206800
v 0.11127700 -0.03545200 0.14206800
v 0.11348800 -0.03201400 0.14207700
v 0.11348800 -0.03201400 0.14207700
v 0.11348800 -0.03201400 0.14207700
v 0.11348800 -0.03201400 0.14207700
v 0.11348800 -0.03201400 0.14207700
v 0.11718300 -0.03398400 0.14207800
v 0.11718300 -0.03398400 0.14207800
v 0.11718300 -0.03398400 0.14207800
v 0.11718300 -0.03398400 0.14207800
v 0.11718300 -0.03398400 0.14207800
v 0.11718300 -0.03398400 0.14207800
v 0.11718300 -0.03398400 0.14207800
v 0.11233500 -0.03262800 0.14207500
v 0.11233500 -0.03262800 0.14207500
v 0.11233500 -0.03262800 0.14207500
v 0.11233500 -0.03262800 0.14207500
v 0.11233500 -0.03262800 0.14207500
v 0.11233500 -0.03262800 0.14207500
v 0.11650500 -0.03287000 0.14207500
v 0.11650500 -0.03287000 0.14207500
v 0.11650500 -0.03287000 0.14207500
v 0.11650500 -0.03287000 0.14207500
v 0.11650500 -0.03287000 0.14207500
v 0.11650500 -0.03287000 0.14207500
v 0.11154900 -0.03367300 0.14207700
v 0.11154900 -0.03367300 0.14207700
v 0.11154900 -0.03367300 0.14207700
v 0.11154900 -0.03367300 0.14207700
v 0.11154900 -0.03367300 0.14207700
v 0.11154900 -0.03367300 0.14207700
v 0.11518200 -0.03199600 0.14207400
v 0.11518200 -0.03199600 0.14207400
v 0.11518200 -0.03199600 0.14207400
v 0.11518200 -0.03199600 0.14207400
v 0.11518200 -0.03199600 0.14207400
v 0.11518200 -0.03199600 0.14207400
v 0.11377100 -0.03795900 0.14207900
v 0.11377100 -0.03795900 0.14207900
v 0.11377100 -0.03795900 0.14207900
v 0.11377100 -0.03795900 0.14207900
v 0.11377100 -0.03795900 0.14207900
v 0.11377100 -0.03795900 0.14207900
v 0.11377100 -0.03795900 0.14207900
v 0.11597400 -0.03748500 0.14207400
v 0.11597400 -0.03748500 0.14207400
v 0.11597400 -0.03748500 0.14207400
v 0.11597400 -0.03748500 0.14207400
v 0.11597400 -0.03748500 0.14207400
v 0.11597400 -0.03748500 0.14207400
v 0.11597400 -0.03748500 0.14207400
v 0.11214500 -0.03704400 0.14207500
v 0.11214500 -0.03704400 0.14207500
v 0.11214500 -0.03704400 0.14207500
v 0.11214500 -0.03704400 0.14207500
v 0.11214500 -0.03704400 0.14207500
v 0.11214500 -0.03704400 0.14207500
v 0.11722900 -0.03580700 0.14207400
v 0.11722900 -0.03580700 0.14207400
v 0.11722900 -0.03580700 0.14207400
v 0.11722900 -0.03580700 0.14207400
v 0.11722900 -0.03580700 0.14207400
v 0.11722900 -0.03580700 0.14207400
v 0.11695600 -0.03635000 0.13163700
v 0.11695600 -0.03635000 0.13163700
v 0.11695600 -0.03635000 0.13163700
v 0.11695600 -0.03635000 0.13163700
v 0.11695600 -0.03635000 0.13163700
v 0.11279000 -0.03754000 0.13163700
v 0.11279000 -0.03754000 0.13163700
v 0.11279000 -0.03754000 0.13163700
v 0.11279000 -0.03754000 0.13163700
v 0.11279000 -0.03754000 0.13163700
v 0.11175600 -0.03659500 0.13163700
v 0.11175600 -0.03659500 0.13163700
v 0.11175600 -0.03659500 0.13163700
v 0.11175600 -0.03659500 0.13163700
v 0.11175600 -0.03659500 0.13163700
v 0.11175600 -0.03659500 0.13163700
v 0.11541900 -0.03772400 0.13163700
v 0.11541900 -0.03772400 0.13163700
v 0.11541900 -0.03772400 0.13163700
v 0.11541900 -0.03772400 0.13163700
v 0.11541900 -0.03772400 0.13163700
v 0.11541900 -0.03772400 0.13163700
v 0.11551000 -0.03211500 0.13163700
v 0.11551000 -0.03211500 0.13163700
v 0.11551000 -0.03211500 0.13163700
v 0.11551000 -0.03211500 0.13163700
v 0.11551000 -0.03211500 0.13163700
v 0.11551000 -0.03211500 0.13163700
v 0.11128100 -0.03445300 0.13163700
v 0.11128100 -0.03445300 0.13163700
v 0.11128100 -0.03445300 0.13163700
v 0.11128100 -0.03445300 0.13163700
v 0.11128100 -0.03445300 0.13163700
v 0.11128100 -0.03445300 0.13163700
v 0.11718500 -0.03405400 0.13163700
v 0.11718500 -0.03405400 0.13163700
v 0.11718500 -0.03405400 0.13163700
v 0.11718500 -0.03405400 0.13163700
v 0.11326700 -0.03208800 0.13163700
v 0.11326700 -0.03208800 0.13163700
v 0.11326700 -0.03208800 0.13163700
v 0.11326700 -0.03208800 0.13163700
v 0.11326700 -0.03208800 0.13163700
v 0.11326700 -0.03208800 0.13163700
v 0.11696900 -0.03345300 0.13163700
v 0.11696900 -0.03345300 0.13163700
v 0.11696900 -0.03345300 0.13163700
v 0.11696900 -0.03345300 0.13163700
v 0.11696900 -0.03345300 0.13163700
v 0.11696900 -0.03345300 0.13163700
v 0.11640300 -0.03774900 0.13163600
v 0.11640300 -0.03774900 0.13163600
v 0.11640300 -0.03774900 0.13163600
v 0.11640300 -0.03774900 0.13163600
v 0.11640300 -0.03774900 0.13163600
v 0.11747600 -0.03649400 0.13163600
v 0.11747600 -0.03649400 0.13163600
v 0.11747600 -0.03649400 0.13163600
v 0.11747600 -0.03649400 0.13163600
v 0.11747600 -0.03649400 0.13163600
v 0.11747600 -0.03649400 0.13163600
v 0.11747600 -0.03649400 0.13163600
v 0.11747600 -0.03649400 0.13163600
v 0.11462500 -0.03848100 0.13163600
v 0.11462500 -0.03848100 0.13163600
v 0.11462500 -0.03848100 0.13163600
v 0.11462500 -0.03848100 0.13163600
v 0.11462500 -0.03848100 0.13163600
v 0.11462500 -0.03848100 0.13163600
v 0.11462500 -0.03848100 0.13163600
v 0.11780900 -0.03418000 0.13163500
v 0.11780900 -0.03418000 0.13163500
v 0.11780900 -0.03418000 0.13163500
v 0.11780900 -0.03418000 0.13163500
v 0.11780900 -0.03418000 0.13163500
v 0.11780900 -0.03418000 0.13163500
v 0.11780900 -0.03418000 0.13163500
v 0.11244700 -0.03794900 0.13163600
v 0.11244700 -0.03794900 0.13163600
v 0.11244700 -0.03794900 0.13163600
v 0.11244700 -0.03794900 0.13163600
v 0.11244700 -0.03794900 0.13163600
v 0.11244700 -0.03794900 0.13163600
v 0.11244700 -0.03794900 0.13163600
v 0.11646600 -0.03210500 0.13163600
v 0.11646600 -0.03210500 0.13163600
v 0.11646600 -0.03210500 0.13163600
v 0.11646600 -0.03210500 0.13163600
v 0.11646600 -0.03210500 0.13163600
v 0.11646600 -0.03210500 0.13163600
v 0.11098400 -0.03624900 0.13163600
v 0.11098400 -0.03624900 0.13163600
v 0.11098400 -0.03624900 0.13163600
v 0.11098400 -0.03624900 0.13163600
v 0.11098400 -0.03624900 0.13163600
v 0.11098400 -0.03624900 0.13163600
v 0.11439500 -0.03137100 0.13163600
v 0.11439500 -0.03137100 0.13163600
v 0.11439500 -0.03137100 0.13163600
v 0.11439500 -0.03137100 0.13163600
v 0.11439500 -0.03137100 0.13163600
v 0.11439500 -0.03137100 0.13163600
v 0.11439500 -0.03137100 0.13163600
v 0.11097500 -0.03354800 0.13163500
v 0.11097500 -0.03354800 0.13163500
v 0.11097500 -0.03354800 0.13163500
v 0.11097500 -0.03354800 0.13163500
v 0.11097500 -0.03354800 0.13163500
v 0.11097500 -0.03354800 0.13163500
v 0.11097500 -0.03354800 0.13163500
v 0.11253700 -0.03186600 0.13163600
v 0.11253700 -0.03186600 0.13163600
v 0.11253700 -0.03186600 0.13163600
v 0.11253700 -0.03186600 0.13163600
v 0.11253700 -0.03186600 0.13163600
v 0.11253700 -0.03186600 0.13163600
v 0.11805600 -0.03634300 0.13213600
v 0.11805600 -0.03634300 0.13213600
v 0.11805600 -0.03634300 0.13213600
v 0.11805600 -0.03634300 0.13213600
v 0.11805600 -0.03634300 0.13213600
v 0.11834100 -0.03446800 0.13213800
v 0.11834100 -0.03446800 0.13213800
v 0.11834100 -0.03446800 0.13213800
v 0.11834100 -0.03446800 0.13213800
v 0.11834100 -0.03446800 0.13213800
v 0.11834100 -0.03446800 0.13213800
v 0.11030800 -0.03537800 0.13213800
v 0.11030800 -0.03537800 0.13213800
v 0.11030800 -0.03537800 0.13213800
v 0.11030800 -0.03537800 0.13213800
v 0.11030800 -0.03537800 0.13213800
v 0.11506400 -0.03889000 0.13213900
v 0.11506400 -0.03889000 0.13213900
v 0.11506400 -0.03889000 0.13213900
v 0.11506400 -0.03889000 0.13213900
v 0.11085400 -0.03704700 0.13213000
v 0.11085400 -0.03704700 0.13213000
v 0.11085400 -0.03704700 0.13213000
v 0.11085400 -0.03704700 0.13213000
v 0.11085400 -0.03704700 0.13213000
v 0.11085400 -0.03704700 0.13213000
v 0.11704600 -0.03791900 0.13213300
v 0.11704600 -0.03791900 0.13213300
v 0.11704600 -0.03791900 0.13213300
v 0.11704600 -0.03791900 0.13213300
v 0.11704600 -0.03791900 0.13213300
v 0.11704600 -0.03791900 0.13213300
v 0.11704600 -0.03791900 0.13213300
v 0.11272400 -0.03868700 0.13213800
v 0.11272400 -0.03868700 0.13213800
v 0.11272400 -0.03868700 0.13213800
v 0.11272400 -0.03868700 0.13213800
v 0.11272400 -0.03868700 0.13213800
v 0.11272400 -0.03868700 0.13213800
v 0.11272400 -0.03868700 0.13213800
v 0.11042700 -0.03379500 0.13213500
v 0.11042700 -0.03379500 0.13213500
v 0.11042700 -0.03379500 0.13213500
v 0.11042700 -0.03379500 0.13213500
v 0.11042700 -0.03379500 0.13213500
v 0.11042700 -0.03379500 0.13213500
v 0.11571800 -0.03116900 0.13213600
v 0.11571800 -0.03116900 0.13213600
v 0.11571800 -0.03116900 0.13213600
v 0.11571800 -0.03116900 0.13213600
v 0.11571800 -0.03116900 0.13213600
v 0.11571800 -0.03116900 0.13213600
v 0.11384300 -0.03088400 0.13213800
v 0.11384300 -0.03088400 0.13213800
v 0.11384300 -0.03088400 0.13213800
v 0.11384300 -0.03088400 0.13213800
v 0.11384300 -0.03088400 0.13213800
v 0.11384300 -0.03088400 0.13213800
v 0.11729400 -0.03217900 0.13213300
v 0.11729400 -0.03217900 0.13213300
v 0.11729400 -0.03217900 0.13213300
v 0.11729400 -0.03217900 0.13213300
v 0.11729400 -0.03217900 0.13213300
v 0.11729400 -0.03217900 0.13213300
v 0.11155400 -0.03193100 0.13213300
v 0.11155400 -0.03193100 0.13213300
v 0.11155400 -0.03193100 0.13213300
v 0.11155400 -0.03193100 0.13213300
v 0.11155400 -0.03193100 0.13213300
v 0.11155400 -0.03193100 0.13213300
v 0.13893800 0.06025600 0.02409100
v 0.13893800 0.05385100 -0.00185300
v 0.13893800 0.06020500 -0.01827000
v 0.13543800 0.03900000 0.02417500
v 0.13543800 0.03900000 -0.01782500
v 0.13543800 -0.03900000 -0.01782500
v 0.13543800 0.05372400 -0.02309600
v 0.13543800 0.05458200 -0.02367900
v 0.13543800 0.05368000 -0.02218100
v 0.13543800 0.05439400 -0.02162000
v 0.13543800 0.05971000 -0.02682500
v 0.13543800 0.05458200 0.02790100
v 0.13393800 0.05971000 -0.02682500
v 0.13393800 -0.06029000 -0.02682500
v 0.13393800 0.05971000 0.03317500
v 0.13393800 0.05747700 -0.02261500
v 0.13393800 0.05747700 -0.02261500
v 0.13393800 0.05605100 -0.02508500
v 0.13393800 0.05319900 -0.02508500
v 0.13393800 0.05747700 0.02896500
v 0.13393800 0.05605100 -0.02014500
v 0.13393800 0.05605100 0.02649500
v 0.13393800 0.05319900 0.02649500
v 0.13393800 0.05319900 -0.02014500
v 0.13393800 -0.03729000 -0.02332500
v 0.13393800 0.05177300 -0.02261500
v 0.12693800 0.05605100 -0.02014500
v 0.12693800 0.05605100 -0.02014500
v 0.12693800 0.05319900 -0.02014500
v 0.12693800 0.05747700 -0.02261500
v 0.12693800 0.05747700 -0.02261500
v 0.12693800 0.05458200 -0.02155100
v 0.12693800 0.05372400 -0.02213400
v 0.12693800 0.05177300 -0.02261500
v 0.12693800 0.05372500 -0.02318400
v 0.12693800 0.05557000 -0.02218100
v 0.12693800 0.05319900 -0.02508500
v 0.12693800 0.05480000 -0.02364100
v 0.12693800 0.05552600 -0.02309600
v 0.12693800 0.05605100 -0.02508500
v 0.14445600 0.04571700 -0.02421800
v 0.14446200 0.06349100 -0.04234900
v 0.14443000 0.04082500 -0.03828300
v 0.14443000 0.04082500 -0.03828300
v 0.14442300 0.04063000 -0.03468400
v 0.14442300 0.04063000 -0.03468400
v 0.14442300 0.04063000 -0.03468400
v 0.14446200 0.06281900 -0.03158400
v 0.14446200 0.06281900 -0.03158400
v 0.14446200 0.06281900 -0.03158400
v 0.14446200 0.06205500 -0.02984500
v 0.14446200 0.06205500 -0.02984500
v 0.14287500 0.06343400 -0.03803400
v 0.14287500 0.06220900 -0.03078800
v 0.14287500 0.04889500 -0.02590800
v 0.14287500 0.06230500 -0.02880100
v 0.14287500 0.06274700 -0.02384500
v 0.14287500 0.06210000 -0.02256200
v 0.14287500 0.06230500 -0.02118100
v 0.14287500 0.06201200 -0.01481500
v 0.14287500 0.04280300 -0.03538400
v 0.14287500 0.03997000 -0.02871400
v 0.14287500 0.04198000 -0.03223800
v 0.13970000 0.02123500 -0.02783300
v 0.13970000 0.02370700 -0.02591700
v 0.13970000 0.03665300 -0.02593500
v 0.13970000 0.03907200 -0.03918000
v 0.13970000 0.04290400 -0.03762700
v 0.13970000 0.03917600 -0.03495200
v 0.13970000 0.04232200 -0.03312500
v 0.13970000 0.04020900 -0.02901000
v 0.13970000 0.03732100 -0.03112100
v 0.13970000 0.03427300 -0.02866500
v 0.13970000 0.03015000 -0.02766700
v 0.13970000 0.02297900 -0.03112100
v 0.13970000 0.02602700 -0.02866500
v -0.12388900 0.04871700 -0.00005600
v -0.12388900 0.05987500 0.01225000
v -0.12388900 0.05842900 -0.00073800
v -0.12388900 0.05842900 -0.00073800
v -0.12388900 0.05842900 -0.00073800
v -0.12388900 0.06131900 0.00244300
v -0.12388900 0.04645800 0.00273000
v -0.12388900 0.04645800 0.00273000
v -0.12388900 0.05583800 0.01451100
v -0.12388900 0.05430900 -0.00196100
v -0.12388900 0.05430900 -0.00196100
v -0.12388900 0.04571600 0.00588600
v -0.12388900 0.04571600 0.00588600
v -0.12388900 0.04843900 0.01254500
v -0.12388900 0.05112800 -0.00143400
v -0.12388900 0.04613500 0.00924300
v -0.12388900 0.04613500 0.00924300
v -0.12541300 0.05830100 0.01350000
v -0.12541300 0.05830100 0.01350000
v -0.12541300 0.04578500 0.00774200
v -0.12541300 0.04578500 0.00774200
v -0.12541300 0.06144200 0.01010300
v -0.12541300 0.04711500 0.01105500
v -0.12541300 0.04711500 0.01105500
v -0.12541300 0.06226200 0.00646700
v -0.12541300 0.04918800 0.01309600
v -0.12541300 0.05180000 0.01437900
v -0.12541300 0.05490200 0.01457900
v -0.12541300 0.05134900 -0.00158300
v -0.12541300 0.05134900 -0.00158300
v -0.12541300 0.04810900 0.00048400
v -0.12541300 0.04810900 0.00048400
v -0.12541300 0.06183600 0.00372300
v -0.12541300 0.04604200 0.00372400
v -0.12541300 0.04604200 0.00372400
v -0.12541300 0.06018600 0.00080000
v -0.12541300 0.06018600 0.00080000
v -0.12541300 0.05756800 -0.00111100
v -0.12541300 0.05756800 -0.00111100
v -0.12541300 0.05501900 -0.00187200
v -0.12541300 0.05501900 -0.00187200
v -0.12541300 0.05501900 -0.00187200
v -0.12541300 0.06613100 0.01784100
v -0.12541300 0.06613100 0.01784100
v -0.12541300 0.06610700 -0.00527800
v -0.12541300 0.06610700 -0.00527800
v -0.12541300 0.06610700 -0.00527800
v -0.12541300 0.06610700 -0.00527800
v -0.12541300 0.06610700 -0.00527800
v -0.12541300 0.06546600 -0.00580600
v -0.12541300 0.06546600 -0.00580600
v -0.12541300 0.06546600 -0.00580600
v -0.12541300 0.04234700 -0.00578200
v -0.12541300 0.04234700 -0.00578200
v -0.12541300 0.04234700 -0.00578200
v -0.12541300 0.04234700 -0.00578200
v -0.12541300 0.04234700 -0.00578200
v -0.12541300 0.04184300 0.01797800
v -0.12541300 0.04184300 0.01797800
v -0.12541300 0.04184300 0.01797800
v -0.12541300 0.04184300 0.01797800
v -0.12541300 0.04184300 0.01797800
v -0.12541300 0.04184300 0.01797800
v -0.12541300 0.06560300 0.01848200
v -0.12541300 0.04181900 -0.00514100
v -0.12541300 0.04181900 -0.00514100
v -0.12541300 0.04181900 -0.00514100
v -0.12541300 0.04248400 0.01850600
v -0.12541300 0.04248400 0.01850600
v -0.13432000 0.06611700 0.01797300
v -0.13432000 0.06611700 0.01797300
v -0.13432000 0.06611700 0.01797300
v -0.13450000 0.06557100 0.01853100
v -0.13450000 0.06557100 0.01853100
v -0.13450000 0.06557100 0.01853100
v -0.13485100 0.06644900 0.01793900
v -0.13485100 0.06644900 0.01793900
v -0.13485100 0.06644900 0.01793900
v -0.13485100 0.06644900 0.01793900
v -0.13485100 0.06644900 0.01793900
v -0.13490800 0.06581800 0.01895900
v -0.13490800 0.06581800 0.01895900
v -0.13490800 0.06581800 0.01895900
v -0.13490800 0.06581800 0.01895900
v -0.13490800 0.06581800 0.01895900
v -0.13493800 0.07265000 0.02568600
v -0.13493800 0.07265000 0.02568600
v -0.13493800 0.07329100 0.02511700
v -0.13493800 0.07329100 0.02511700
v -0.13493800 0.07329100 0.02511700
v -0.13493800 0.07329100 0.02511700
v -0.13493800 0.07329100 0.02511700
v -0.13493800 0.07329100 0.02511700
v -0.13490900 0.04131800 -0.00531100
v -0.13490900 0.04131800 -0.00531100
v -0.13490900 0.04131800 -0.00531100
v -0.13490900 0.04131800 -0.00531100
v -0.13490900 0.04131800 -0.00531100
v -0.13493800 0.07326800 -0.01247400
v -0.13493800 0.07326800 -0.01247400
v -0.13493800 0.07326800 -0.01247400
v -0.13493800 0.07262000 -0.01299100
v -0.13493800 0.07262000 -0.01299100
v -0.13493800 0.07262000 -0.01299100
v -0.13493800 0.07262000 -0.01299100
v -0.13490800 0.06658400 -0.00549300
v -0.13490800 0.06658400 -0.00549300
v -0.13490800 0.06658400 -0.00549300
v -0.13490800 0.06658400 -0.00549300
v -0.13490800 0.06658400 -0.00549300
v -0.13490800 0.06658400 -0.00549300
v -0.13485300 0.06557300 -0.00612200
v -0.13485300 0.06557300 -0.00612200
v -0.13485300 0.06557300 -0.00612200
v -0.13485300 0.06557300 -0.00612200
v -0.13485300 0.06557300 -0.00612200
v -0.13485300 0.06557300 -0.00612200
v -0.13485300 0.06557300 -0.00612200
v -0.13493800 0.04042000 0.02512000
v -0.13493800 0.04042000 0.02512000
v -0.13493800 0.04042000 0.02512000
v -0.13493800 0.04042000 0.02512000
v -0.13493800 0.04042000 0.02512000
v -0.13493800 0.04042000 0.02512000
v -0.13488900 0.04139200 0.01794500
v -0.13488900 0.04139200 0.01794500
v -0.13488900 0.04139200 0.01794500
v -0.13488900 0.04139200 0.01794500
v -0.13488900 0.04139200 0.01794500
v -0.13493800 0.04105400 -0.01297800
v -0.13493800 0.04105400 -0.01297800
v -0.13493800 0.04105400 -0.01297800
v -0.13493800 0.04105400 -0.01297800
v -0.13490800 0.04197100 0.01891200
v -0.13490800 0.04197100 0.01891200
v -0.13490800 0.04197100 0.01891200
v -0.13490800 0.04197100 0.01891200
v -0.13490800 0.04197100 0.01891200
v -0.13490800 0.04197100 0.01891200
v -0.13490800 0.04197100 0.01891200
v -0.13493800 0.04105500 0.02568100
v -0.13493800 0.04105500 0.02568100
v -0.13493800 0.04043400 -0.01244200
v -0.13493800 0.04043400 -0.01244200
v -0.13493800 0.04043400 -0.01244200
v -0.13493800 0.04043400 -0.01244200
v -0.13493800 0.04043400 -0.01244200
v -0.13490700 0.04213400 -0.00625600
v -0.13490700 0.04213400 -0.00625600
v -0.13490700 0.04213400 -0.00625600
v -0.13490700 0.04213400 -0.00625600
v -0.13490700 0.04213400 -0.00625600
v -0.13490700 0.04213400 -0.00625600
v -0.14400900 0.07331900 -0.01245900
v -0.14400900 0.07331900 -0.01245900
v -0.14412300 0.07338500 0.02504700
v -0.13851700 0.03899600 0.02571800
v -0.13610400 0.04093300 -0.01297100
v -0.13610400 0.04093300 -0.01297100
v -0.13610400 0.04093300 -0.01297100
v -0.13836700 0.03922700 -0.01301800
v -0.13836700 0.03922700 -0.01301800
v -0.13836700 0.03922700 -0.01301800
v -0.13682700 0.04038700 -0.01226300
v -0.13682700 0.04038700 -0.01226300
v -0.13682700 0.04038700 -0.01226300
v -0.13682700 0.04038700 -0.01226300
v -0.13682700 0.04038700 -0.01226300
v -0.13675900 0.04043800 0.02518300
v -0.13675900 0.04043800 0.02518300
v -0.13675900 0.04043800 0.02518300
v -0.13431700 0.06560800 -0.00578800
v -0.13431700 0.06560800 -0.00578800
v -0.13431700 0.06560800 -0.00578800
v -0.13431700 0.06560800 -0.00578800
v -0.13431700 0.06560800 -0.00578800
v -0.13431700 0.06560800 -0.00578800
v -0.13449900 0.06615600 -0.00524300
v -0.13449900 0.06615600 -0.00524300
v -0.13449900 0.06615600 -0.00524300
v -0.13449900 0.06615600 -0.00524300
v -0.13449900 0.06615600 -0.00524300
v -0.13449900 0.06615600 -0.00524300
v -0.13450500 0.04180300 -0.00529200
v -0.13450500 0.04180300 -0.00529200
v -0.13450500 0.04180300 -0.00529200
v -0.13450500 0.04180300 -0.00529200
v -0.13450500 0.04180300 -0.00529200
v -0.13450500 0.04180300 -0.00529200
v -0.13450500 0.04180300 -0.00529200
v -0.13450500 0.04180300 -0.00529200
v -0.13451200 0.04246300 -0.00585400
v -0.13451200 0.04246300 -0.00585400
v -0.13451200 0.04246300 -0.00585400
v -0.13451200 0.04246300 -0.00585400
v -0.13451200 0.04246300 -0.00585400
v -0.13450600 0.04203100 0.01828300
v -0.13450600 0.04203100 0.01828300
v -0.13450600 0.04203100 0.01828300
v -0.13446000 0.04177000 0.01779500
v -0.13446000 0.04177000 0.01779500
v -0.13446000 0.04177000 0.01779500
v -0.13446000 0.04177000 0.01779500
v -0.13449800 0.04249200 0.01855500
v -0.13449800 0.04249200 0.01855500
v -0.13449800 0.04249200 0.01855500
v -0.13449800 0.04249200 0.01855500
v 0.12866000 0.03136500 -0.03520400
v 0.12866000 0.03183100 -0.03277000
v 0.12866000 0.03001000 -0.03249000
v 0.12866000 0.02804300 -0.03296000
v 0.13034100 0.02750400 -0.03213300
v 0.13036400 0.03123500 -0.03093400
v 0.13036400 0.03123500 -0.03093400
v 0.13036400 0.03123500 -0.03093400
v 0.13036400 0.03123500 -0.03093400
v 0.13036400 0.03123500 -0.03093400
v 0.13036400 0.03123500 -0.03093400
v 0.13030100 0.03200100 -0.03187900
v 0.13031200 0.03031500 -0.03157500
v 0.13036000 0.03358400 -0.03193900
v 0.13036000 0.03358400 -0.03193900
v 0.13036000 0.03358400 -0.03193900
v 0.13036000 0.03358400 -0.03193900
v 0.13036000 0.03358400 -0.03193900
v 0.13036000 0.02776800 -0.03128600
v 0.13036000 0.02776800 -0.03128600
v 0.13036000 0.03536100 -0.03378400
v 0.13036000 0.03536100 -0.03378400
v 0.13036000 0.03536100 -0.03378400
v 0.13030800 0.03478700 -0.03429300
v 0.13030800 0.03478700 -0.03429300
v 0.13716000 0.03545400 -0.03982200
v 0.13716000 0.02286100 -0.03202100
v 0.13716000 0.02686000 -0.03180700
v 0.13716000 0.02481000 -0.02992500
v 0.13716000 0.02788000 -0.02838300
v 0.13716000 0.02908400 -0.03098400
v 0.13716000 0.02908400 -0.03098400
v 0.13716000 0.02908400 -0.03098400
v 0.13716000 0.03139300 -0.03096400
v 0.13716000 0.03139300 -0.03096400
v 0.13716000 0.03139300 -0.03096400
v 0.13716000 0.03139300 -0.03096400
v 0.13716000 0.03122400 -0.02817700
v 0.13716000 0.03370900 -0.02887600
v 0.13716000 0.03370300 -0.03202300
v 0.13716000 0.03370300 -0.03202300
v 0.13716000 0.03370300 -0.03202300
v 0.13716000 0.03370300 -0.03202300
v 0.13716000 0.03611500 -0.03041300
v 0.13716000 0.03544400 -0.03391900
v 0.13716000 0.03544400 -0.03391900
v 0.13716000 0.03828000 -0.03343900
v 0.13716000 0.03893500 -0.03661300
v -0.13311500 -0.05118000 0.01938200
v -0.13311500 -0.05118000 0.01938200
v -0.13311500 -0.05118000 0.01938200
v -0.13311500 -0.05118000 0.01938200
v -0.13311500 -0.05118000 0.01938200
v -0.13311500 -0.05118000 0.01938200
v -0.13311500 -0.04889100 0.01861500
v -0.13311500 -0.04889100 0.01861500
v -0.13311500 -0.04889100 0.01861500
v -0.13311500 -0.04889100 0.01861500
v -0.13311500 -0.04889100 0.01861500
v -0.13311500 -0.04889100 0.01861500
v -0.13311500 -0.04800200 0.01665800
v -0.13311500 -0.04800200 0.01665800
v -0.13311500 -0.04800200 0.01665800
v -0.13311500 -0.04800200 0.01665800
v -0.13311500 -0.04800200 0.01665800
v -0.13311500 -0.04800200 0.01665800
v -0.13310800 -0.04594500 0.02739900
v -0.13310800 -0.04594500 0.02739900
v -0.13310800 -0.04594500 0.02739900
v -0.13310800 -0.04594500 0.02739900
v -0.13310800 -0.04594500 0.02739900
v -0.13310800 -0.04594500 0.02739900
v -0.13310800 -0.04594500 0.02739900
v -0.13310600 -0.04594500 0.03712800
v -0.13310600 -0.04594500 0.03712800
v -0.13310600 -0.04594500 0.03712800
v -0.13310600 -0.04594500 0.03712800
v -0.13308700 -0.04312400 0.04175400
v -0.13308700 -0.04312400 0.04175400
v -0.13308700 -0.04312400 0.04175400
v -0.13308700 -0.04312400 0.04175400
v -0.13308700 -0.04312400 0.04175400
v -0.13308700 -0.04312400 0.04175400
v -0.13308700 -0.04312400 0.04175400
v -0.13308700 -0.04312400 0.04175400
v -0.13310800 -0.05567300 0.02739900
v -0.13310800 -0.05567300 0.02739900
v -0.13310800 -0.05567300 0.02739900
v -0.13310800 -0.05567300 0.02739900
v -0.13310800 -0.05567300 0.02739900
v -0.13310800 -0.05567300 0.02739900
v -0.13310800 -0.05567300 0.02739900
v -0.13310800 -0.05567300 0.02739900
v -0.13310600 -0.05567300 0.03712800
v -0.13310600 -0.05567300 0.03712800
v -0.13310600 -0.05567300 0.03712800
v -0.13310600 -0.05567300 0.03712800
v -0.13307100 -0.05847100 0.04184000
v -0.13307100 -0.05847100 0.04184000
v -0.13307100 -0.05847100 0.04184000
v -0.13307100 -0.05847100 0.04184000
v -0.13307100 -0.05847100 0.04184000
v -0.13307100 -0.05847100 0.04184000
v -0.13307100 -0.05847100 0.04184000
v -0.13307100 -0.05847100 0.04184000
v -0.13311500 -0.05301400 0.01825600
v -0.13311500 -0.05301400 0.01825600
v -0.13311500 -0.05301400 0.01825600
v -0.13311500 -0.05301400 0.01825600
v -0.13311500 -0.05301400 0.01825600
v -0.13311500 -0.05356400 0.01686000
v -0.13311500 -0.05356400 0.01686000
v -0.13311500 -0.05356400 0.01686000
v -0.13311500 -0.05356400 0.01686000
v -0.13311500 -0.05356400 0.01686000
v -0.13311500 -0.05356400 0.01686000
v -0.13307100 -0.04314700 -0.02531300
v -0.13307100 -0.04314700 -0.02531300
v -0.13307100 -0.04314700 -0.02531300
v -0.13307100 -0.04314700 -0.02531300
v -0.13307100 -0.04314700 -0.02531300
v -0.13307100 -0.04314700 -0.02531300
v -0.13307100 -0.04314700 -0.02531300
v -0.13307100 -0.04314700 -0.02531300
v -0.13307100 -0.04314700 -0.02531300
v -0.13307100 -0.04314700 -0.02531300
v -0.13307100 -0.04314700 -0.02531300
v -0.13307100 -0.04314700 -0.02531300
v -0.13311500 -0.04881200 0.01456700
v -0.13311500 -0.04881200 0.01456700
v -0.13311500 -0.04881200 0.01456700
v -0.13311500 -0.04881200 0.01456700
v -0.13311500 -0.04881200 0.01456700
v -0.13311500 -0.04881200 0.01456700
v -0.13311500 -0.05118000 0.01374500
v -0.13311500 -0.05118000 0.01374500
v -0.13311500 -0.05118000 0.01374500
v -0.13311500 -0.05118000 0.01374500
v -0.13311500 -0.05118000 0.01374500
v -0.13311500 -0.05118000 0.01374500
v -0.13307600 -0.05886400 -0.02491500
v -0.13307600 -0.05886400 -0.02491500
v -0.13307600 -0.05886400 -0.02491500
v -0.13307600 -0.05886400 -0.02491500
v -0.13307600 -0.05886400 -0.02491500
v -0.13307600 -0.05886400 -0.02491500
v -0.13307600 -0.05886400 -0.02491500
v -0.13307600 -0.05886400 -0.02491500
v -0.13307600 -0.05886400 -0.02491500
v -0.13311500 -0.05319300 0.01507900
v -0.13311500 -0.05319300 0.01507900
v -0.13311500 -0.05319300 0.01507900
v -0.13311500 -0.05319300 0.01507900
v -0.13311500 -0.05319300 0.01507900
v -0.13284900 -0.05873700 -0.02547100
v -0.13284900 -0.05873700 -0.02547100
v -0.13284900 -0.05873700 -0.02547100
v -0.13284900 -0.05873700 -0.02547100
v -0.13245200 -0.04291700 -0.02569600
v -0.13245200 -0.04291700 -0.02569600
v -0.13245200 -0.04291700 -0.02569600
v -0.13245200 -0.04291700 -0.02569600
v -0.13245200 -0.04291700 -0.02569600
v -0.13245200 -0.04291700 -0.02569600
v -0.12861500 -0.04480900 -0.02573600
v -0.12861500 -0.04480900 -0.02573600
v -0.12861500 -0.04480900 -0.02573600
v -0.12861500 -0.04480900 -0.02573600
v -0.12861500 -0.04480900 -0.02573600
v -0.12861500 -0.04480900 -0.02573600
v -0.13061500 -0.04480900 -0.02573600
v -0.13061500 -0.04480900 -0.02573600
v -0.13061500 -0.04480900 -0.02573600
v -0.13061500 -0.04480900 -0.02573600
v -0.13061500 -0.04480900 -0.02573600
v -0.12586500 -0.04288800 -0.02571000
v -0.12586500 -0.04288800 -0.02571000
v -0.12586500 -0.04288800 -0.02571000
v -0.12586500 -0.04288800 -0.02571000
v -0.12586500 -0.04288800 -0.02571000
v -0.12586500 -0.05869400 -0.02571900
v -0.12586500 -0.05869400 -0.02571900
v -0.12586500 -0.05869400 -0.02571900
v -0.12586500 -0.05869400 -0.02571900
v -0.12586500 -0.05869400 -0.02571900
v -0.12861500 -0.05680900 -0.02573600
v -0.12861500 -0.05680900 -0.02573600
v -0.12861500 -0.05680900 -0.02573600
v -0.12861500 -0.05680900 -0.02573600
v -0.12861500 -0.05680900 -0.02573600
v -0.13061500 -0.05680900 -0.02573600
v -0.13061500 -0.05680900 -0.02573600
v -0.13061500 -0.05680900 -0.02573600
v -0.13061500 -0.05680900 -0.02573600
v -0.12586500 -0.05928700 -0.02522800
v -0.12586500 -0.05928700 -0.02522800
v -0.12586500 -0.05928700 -0.02522800
v -0.12586500 -0.05928700 -0.02522800
v -0.12586500 -0.05928700 -0.02522800
v -0.12586500 -0.05928700 -0.02522800
v -0.12586500 -0.05928700 -0.02522800
v -0.13245300 -0.05928500 -0.02507400
v -0.13245300 -0.05928500 -0.02507400
v -0.13245300 -0.05928500 -0.02507400
v -0.13245300 -0.05928500 -0.02507400
v -0.13245300 -0.05928500 -0.02507400
v -0.13245300 -0.05928500 -0.02507400
v -0.13245300 -0.05928500 -0.02507400
v -0.13245300 -0.05928500 -0.02507400
v -0.13232500 -0.05887700 -0.02568000
v -0.13232500 -0.05887700 -0.02568000
v -0.13232500 -0.05887700 -0.02568000
v -0.13232500 -0.05887700 -0.02568000
v -0.13232500 -0.05887700 -0.02568000
v -0.13232500 -0.05887700 -0.02568000
v -0.13232500 -0.05887700 -0.02568000
v -0.13232500 -0.05887700 -0.02568000
v -0.13232500 -0.05887700 -0.02568000
v -0.13270200 -0.05926800 0.04141800
v -0.13270200 -0.05926800 0.04141800
v -0.13270200 -0.05926800 0.04141800
v -0.13270200 -0.05926800 0.04141800
v -0.13270200 -0.05926800 0.04141800
v -0.13270200 -0.05926800 0.04141800
v -0.13270200 -0.05926800 0.04141800
v -0.13270200 -0.05926800 0.04141800
v -0.13176800 -0.05930900 0.02576300
v -0.13176800 -0.05930900 0.02576300
v -0.13176800 -0.05930900 0.02576300
v -0.13176800 -0.05930900 0.02576300
v -0.13183300 -0.05930900 -0.00932200
v -0.13183300 -0.05930900 -0.00932200
v -0.13183300 -0.05930900 -0.00932200
v -0.13183300 -0.05930900 -0.00932200
v -0.13183300 -0.05930900 -0.00932200
v -0.13183300 -0.05930900 -0.00932200
v -0.13183300 -0.05930900 -0.00932200
v -0.13034900 -0.05930900 -0.01002000
v -0.13034900 -0.05930900 -0.01002000
v -0.13034900 -0.05930900 -0.01002000
v -0.13034900 -0.05930900 -0.01002000
v -0.13034900 -0.05930900 -0.01002000
v -0.13097700 -0.05930900 -0.01054200
v -0.13097700 -0.05930900 -0.01054200
v -0.13097700 -0.05930900 -0.01054200
v -0.13097700 -0.05930900 -0.01054200
v -0.13097700 -0.05930900 -0.01054200
v -0.13176800 -0.05930900 -0.01023700
v -0.13176800 -0.05930900 -0.01023700
v -0.13176800 -0.05930900 -0.01023700
v -0.13176800 -0.05930900 -0.01023700
v -0.13176800 -0.05930900 -0.01023700
v -0.13043400 -0.05930900 0.02668700
v -0.13043400 -0.05930900 0.02668700
v -0.13043400 -0.05930900 0.02668700
v -0.13043400 -0.05930900 0.02668700
v -0.13043400 -0.05930900 0.02668700
v -0.13103900 -0.05930900 0.02707700
v -0.13103900 -0.05930900 0.02707700
v -0.13103900 -0.05930900 0.02707700
v -0.13103900 -0.05930900 0.02707700
v -0.13103900 -0.05930900 0.02707700
v -0.13103900 -0.05930900 0.02707700
v -0.13183300 -0.05930900 0.02667800
v -0.13183300 -0.05930900 0.02667800
v -0.13183300 -0.05930900 0.02667800
v -0.13183300 -0.05930900 0.02667800
v -0.13183300 -0.05930900 0.02667800
v -0.13183300 -0.05930900 0.02667800
v -0.13034900 -0.05930900 0.02598000
v -0.13034900 -0.05930900 0.02598000
v -0.13034900 -0.05930900 0.02598000
v -0.13034900 -0.05930900 0.02598000
v -0.13034900 -0.05930900 0.02598000
v -0.13034900 -0.05930900 0.02598000
v -0.13043400 -0.05930900 -0.00931300
v -0.13043400 -0.05930900 -0.00931300
v -0.13043400 -0.05930900 -0.00931300
v -0.13043400 -0.05930900 -0.00931300
v -0.13043400 -0.05930900 -0.00931300
v -0.13043400 -0.05930900 -0.00931300
v -0.13043400 -0.05930900 -0.00931300
v -0.13097700 -0.05930900 0.02545800
v -0.13097700 -0.05930900 0.02545800
v -0.13097700 -0.05930900 0.02545800
v -0.13097700 -0.05930900 0.02545800
v -0.13103900 -0.05930900 -0.00892300
v -0.13103900 -0.05930900 -0.00892300
v -0.13103900 -0.05930900 -0.00892300
v -0.13103900 -0.05930900 -0.00892300
v -0.12586500 -0.05873000 0.04223800
v -0.12586500 -0.05873000 0.04223800
v -0.12586500 -0.05873000 0.04223800
v -0.12586500 -0.05873000 0.04223800
v -0.12586500 -0.05873000 0.04223800
v -0.13246500 -0.05871500 0.04221400
v -0.13246500 -0.05871500 0.04221400
v -0.13246500 -0.05871500 0.04221400
v -0.13246500 -0.05871500 0.04221400
v -0.13258500 -0.05913400 0.04188000
v -0.13258500 -0.05913400 0.04188000
v -0.13258500 -0.05913400 0.04188000
v -0.13258500 -0.05913400 0.04188000
v -0.13258500 -0.05913400 0.04188000
v -0.12586500 -0.05929200 0.04172200
v -0.12586500 -0.05929200 0.04172200
v -0.12586500 -0.05929200 0.04172200
v -0.12586500 -0.05929200 0.04172200
v -0.12586500 -0.05929200 0.04172200
v -0.12586500 -0.05929200 0.04172200
v -0.12586500 -0.05929200 0.04172200
v -0.12586500 -0.05929200 0.04172200
v -0.13256200 -0.04236300 0.04171600
v -0.13256200 -0.04236300 0.04171600
v -0.13256200 -0.04236300 0.04171600
v -0.13256200 -0.04236300 0.04171600
v -0.13256200 -0.04236300 0.04171600
v -0.13256200 -0.04236300 0.04171600
v -0.13256200 -0.04236300 0.04171600
v -0.13256200 -0.04236300 0.04171600
v -0.13256200 -0.04236300 0.04171600
v -0.13288600 -0.04255400 0.04146800
v -0.13288600 -0.04255400 0.04146800
v -0.13288600 -0.04255400 0.04146800
v -0.13288600 -0.04255400 0.04146800
v -0.13246400 -0.04284900 0.04221100
v -0.13246400 -0.04284900 0.04221100
v -0.13246400 -0.04284900 0.04221100
v -0.13246400 -0.04284900 0.04221100
v -0.13246400 -0.04284900 0.04221100
v -0.13246400 -0.04284900 0.04221100
v -0.12586500 -0.04231800 0.04162900
v -0.12586500 -0.04231800 0.04162900
v -0.12586500 -0.04231800 0.04162900
v -0.12586500 -0.04231800 0.04162900
v -0.12586500 -0.04231800 0.04162900
v -0.12586500 -0.04276400 0.04220100
v -0.12586500 -0.04276400 0.04220100
v -0.12586500 -0.04276400 0.04220100
v -0.12586500 -0.04276400 0.04220100
v -0.12586500 -0.04232600 -0.02519500
v -0.12586500 -0.04232600 -0.02519500
v -0.12586500 -0.04232600 -0.02519500
v -0.12586500 -0.04232600 -0.02519500
v -0.12586500 -0.04232600 -0.02519500
v -0.12586500 -0.04232600 -0.02519500
v -0.12586500 -0.04232600 -0.02519500
v -0.13163600 -0.04230900 -0.00910800
v -0.13163600 -0.04230900 -0.00910800
v -0.13163600 -0.04230900 -0.00910800
v -0.13163600 -0.04230900 -0.00910800
v -0.13083100 -0.04230900 0.02703000
v -0.13083100 -0.04230900 0.02703000
v -0.13083100 -0.04230900 0.02703000
v -0.13083100 -0.04230900 0.02703000
v -0.13083100 -0.04230900 0.02703000
v -0.13083100 -0.04230900 0.02703000
v -0.13027200 -0.04230900 0.02626400
v -0.13027200 -0.04230900 0.02626400
v -0.13027200 -0.04230900 0.02626400
v -0.13027200 -0.04230900 0.02626400
v -0.13027200 -0.04230900 0.02626400
v -0.13027200 -0.04230900 0.02626400
v -0.13027200 -0.04230900 0.02626400
v -0.13163600 -0.04230900 0.02689200
v -0.13163600 -0.04230900 0.02689200
v -0.13163600 -0.04230900 0.02689200
v -0.13163600 -0.04230900 0.02689200
v -0.13163600 -0.04230900 0.02689200
v -0.13027200 -0.04230900 -0.00973600
v -0.13027200 -0.04230900 -0.00973600
v -0.13027200 -0.04230900 -0.00973600
v -0.13027200 -0.04230900 -0.00973600
v -0.13027200 -0.04230900 -0.00973600
v -0.13027200 -0.04230900 -0.00973600
v -0.13190100 -0.04230900 0.02593800
v -0.13190100 -0.04230900 0.02593800
v -0.13190100 -0.04230900 0.02593800
v -0.13190100 -0.04230900 0.02593800
v -0.13190100 -0.04230900 0.02593800
v -0.13190100 -0.04230900 0.02593800
v -0.13190100 -0.04230900 0.02593800
v -0.13093100 -0.04230900 -0.01055200
v -0.13093100 -0.04230900 -0.01055200
v -0.13093100 -0.04230900 -0.01055200
v -0.13093100 -0.04230900 -0.01055200
v -0.13093100 -0.04230900 -0.01055200
v -0.13093100 -0.04230900 -0.01055200
v -0.13270200 -0.04235000 -0.02489100
v -0.13270200 -0.04235000 -0.02489100
v -0.13270200 -0.04235000 -0.02489100
v -0.13270200 -0.04235000 -0.02489100
v -0.13270200 -0.04235000 -0.02489100
v -0.13270200 -0.04235000 -0.02489100
v -0.13270200 -0.04235000 -0.02489100
v -0.13270200 -0.04235000 -0.02489100
v -0.13190100 -0.04230900 -0.01006200
v -0.13190100 -0.04230900 -0.01006200
v -0.13190100 -0.04230900 -0.01006200
v -0.13190100 -0.04230900 -0.01006200
v -0.13190100 -0.04230900 -0.01006200
v -0.13190100 -0.04230900 -0.01006200
v -0.13083100 -0.04230900 -0.00897000
v -0.13083100 -0.04230900 -0.00897000
v -0.13083100 -0.04230900 -0.00897000
v -0.13083100 -0.04230900 -0.00897000
v -0.13093100 -0.04230900 0.02544800
v -0.13093100 -0.04230900 0.02544800
v -0.13093100 -0.04230900 0.02544800
v -0.13093100 -0.04230900 0.02544800
v -0.13258500 -0.04248400 -0.02535300
v -0.13258500 -0.04248400 -0.02535300
v -0.13258500 -0.04248400 -0.02535300
v -0.13258500 -0.04248400 -0.02535300
v -0.13258500 -0.04248400 -0.02535300
v -0.13067700 -0.04630900 -0.01049400
v -0.13067700 -0.04630900 -0.01049400
v -0.13067700 -0.04630900 -0.01049400
v -0.13067700 -0.04630900 -0.01049400
v -0.13176800 -0.04630900 -0.01023700
v -0.13176800 -0.04630900 -0.01023700
v -0.13176800 -0.04630900 -0.01023700
v -0.13176800 -0.04630900 -0.01023700
v -0.13183300 -0.04630900 -0.00932200
v -0.13183300 -0.04630900 -0.00932200
v -0.13183300 -0.04630900 -0.00932200
v -0.13183300 -0.04630900 -0.00932200
v -0.13114200 -0.04630900 -0.00893500
v -0.13114200 -0.04630900 -0.00893500
v -0.13114200 -0.04630900 -0.00893500
v -0.13114200 -0.04630900 -0.00893500
v -0.13038500 -0.04630900 -0.00931500
v -0.13038500 -0.04630900 -0.00931500
v -0.13038500 -0.04630900 -0.00931500
v -0.13038500 -0.04630900 -0.00931500
v -0.13067700 -0.04630900 0.02550600
v -0.13067700 -0.04630900 0.02550600
v -0.13067700 -0.04630900 0.02550600
v -0.13067700 -0.04630900 0.02550600
v -0.13176800 -0.04630900 0.02576300
v -0.13176800 -0.04630900 0.02576300
v -0.13176800 -0.04630900 0.02576300
v -0.13176800 -0.04630900 0.02576300
v -0.13183300 -0.04630900 0.02667800
v -0.13183300 -0.04630900 0.02667800
v -0.13183300 -0.04630900 0.02667800
v -0.13183300 -0.04630900 0.02667800
v -0.13114200 -0.04630900 0.02706500
v -0.13114200 -0.04630900 0.02706500
v -0.13114200 -0.04630900 0.02706500
v -0.13114200 -0.04630900 0.02706500
v -0.13038500 -0.04630900 0.02668500
v -0.13038500 -0.04630900 0.02668500
v -0.13038500 -0.04630900 0.02668500
v -0.13038500 -0.04630900 0.02668500
v -0.13093100 -0.05530900 -0.01055200
v -0.13093100 -0.05530900 -0.01055200
v -0.13093100 -0.05530900 -0.01055200
v -0.13093100 -0.05530900 -0.01055200
v -0.13093100 -0.05530900 -0.01055200
v -0.13190100 -0.05530900 -0.01006200
v -0.13190100 -0.05530900 -0.01006200
v -0.13190100 -0.05530900 -0.01006200
v -0.13190100 -0.05530900 -0.01006200
v -0.13163600 -0.05530900 -0.00910800
v -0.13163600 -0.05530900 -0.00910800
v -0.13163600 -0.05530900 -0.00910800
v -0.13163600 -0.05530900 -0.00910800
v -0.13083100 -0.05530900 -0.00897000
v -0.13083100 -0.05530900 -0.00897000
v -0.13083100 -0.05530900 -0.00897000
v -0.13083100 -0.05530900 -0.00897000
v -0.13027200 -0.05530900 -0.00973600
v -0.13027200 -0.05530900 -0.00973600
v -0.13027200 -0.05530900 -0.00973600
v -0.13027200 -0.05530900 -0.00973600
v -0.13121800 -0.05530900 0.02547700
v -0.13121800 -0.05530900 0.02547700
v -0.13121800 -0.05530900 0.02547700
v -0.13121800 -0.05530900 0.02547700
v -0.13190100 -0.05530900 0.02593800
v -0.13190100 -0.05530900 0.02593800
v -0.13190100 -0.05530900 0.02593800
v -0.13190100 -0.05530900 0.02593800
v -0.13163600 -0.05530900 0.02689200
v -0.13163600 -0.05530900 0.02689200
v -0.13163600 -0.05530900 0.02689200
v -0.13163600 -0.05530900 0.02689200
v -0.13083100 -0.05530900 0.02703000
v -0.13083100 -0.05530900 0.02703000
v -0.13083100 -0.05530900 0.02703000
v -0.13083100 -0.05530900 0.02703000
v -0.13034800 -0.05530900 0.02649700
v -0.13034800 -0.05530900 0.02649700
v -0.13034800 -0.05530900 0.02649700
v -0.13034800 -0.05530900 0.02649700
v -0.13050000 -0.05530900 0.02569700
v -0.13050000 -0.05530900 0.02569700
v -0.13050000 -0.05530900 0.02569700
v -0.13050000 -0.05530900 0.02569700
v -0.13061500 -0.05680900 -0.02073600
v -0.13061500 -0.05680900 -0.02073600
v -0.13061500 -0.05680900 -0.02073600
v -0.13061500 -0.04480900 -0.02073600
v -0.13061500 -0.04480900 -0.02073600
v -0.13061500 -0.04480900 -0.02073600
v -0.12861500 -0.05680900 -0.02073600
v -0.12861500 -0.05680900 -0.02073600
v -0.12861500 -0.05680900 -0.02073600
v -0.12861500 -0.04480900 -0.02073600
v -0.12861500 -0.04480900 -0.02073600
v -0.12861500 -0.04480900 -0.02073600
v -0.13261500 -0.05154000 0.01383600
v -0.13261500 -0.05154000 0.01383600
v -0.13261500 -0.05154000 0.01383600
v -0.13261500 -0.05154000 0.01383600
v -0.13261500 -0.05328700 0.01524200
v -0.13261500 -0.05328700 0.01524200
v -0.13261500 -0.05328700 0.01524200
v -0.13261500 -0.05328700 0.01524200
v -0.13261500 -0.05328700 0.01524200
v -0.13261500 -0.05343500 0.01765100
v -0.13261500 -0.05343500 0.01765100
v -0.13261500 -0.05343500 0.01765100
v -0.13261500 -0.05343500 0.01765100
v -0.13261500 -0.05187300 0.01913200
v -0.13261500 -0.05187300 0.01913200
v -0.13261500 -0.05187300 0.01913200
v -0.13261500 -0.05187300 0.01913200
v -0.13261500 -0.05038300 0.01930100
v -0.13261500 -0.05038300 0.01930100
v -0.13261500 -0.05038300 0.01930100
v -0.13261500 -0.05038300 0.01930100
v -0.13261500 -0.04907100 0.01856600
v -0.13261500 -0.04907100 0.01856600
v -0.13261500 -0.04907100 0.01856600
v -0.13261500 -0.04907100 0.01856600
v -0.13261500 -0.04907100 0.01856600
v -0.13261500 -0.04907100 0.01856600
v -0.13261500 -0.04830500 0.01739700
v -0.13261500 -0.04830500 0.01739700
v -0.13261500 -0.04830500 0.01739700
v -0.13261500 -0.04830500 0.01739700
v -0.13261500 -0.04830500 0.01739700
v -0.13261500 -0.04830500 0.01739700
v -0.13261500 -0.04830500 0.01739700
v -0.13261500 -0.04805300 0.01620100
v -0.13261500 -0.04805300 0.01620100
v -0.13261500 -0.04805300 0.01620100
v -0.13261500 -0.04805300 0.01620100
v -0.13261500 -0.04872400 0.01483900
v -0.13261500 -0.04872400 0.01483900
v -0.13261500 -0.04872400 0.01483900
v -0.13261500 -0.04872400 0.01483900
v -0.13261500 -0.04872400 0.01483900
v -0.13261500 -0.04872400 0.01483900
v -0.13261500 -0.04872400 0.01483900
v -0.13261500 -0.04985800 0.01405400
v -0.13261500 -0.04985800 0.01405400
v -0.13261500 -0.04985800 0.01405400
v -0.13261500 -0.04985800 0.01405400
v -0.13261500 -0.04985800 0.01405400
v -0.13261500 -0.04985800 0.01405400
v -0.13261500 -0.04985800 0.01405400
v -0.13261500 -0.04985800 0.01405400
v -0.13261500 -0.04927100 0.01455900
v -0.13261500 -0.04927100 0.01455900
v -0.13261500 -0.04927100 0.01455900
v -0.13261500 -0.04927100 0.01455900
v -0.13261500 -0.05331300 0.01683300
v -0.13261500 -0.05331300 0.01683300
v -0.13261500 -0.05331300 0.01683300
v -0.13261500 -0.05331300 0.01683300
v -0.13261500 -0.05080900 0.01910500
v -0.13261500 -0.05080900 0.01910500
v -0.13261500 -0.05080900 0.01910500
v -0.13261500 -0.05301000 0.01529300
v -0.13261500 -0.05301000 0.01529300
v -0.13261500 -0.05301000 0.01529300
v -0.13261500 -0.05301000 0.01529300
v -0.13261500 -0.05301000 0.01529300
v -0.13261500 -0.05182800 0.01426000
v -0.13261500 -0.05182800 0.01426000
v -0.13261500 -0.05182800 0.01426000
v -0.13261500 -0.05182800 0.01426000
v -0.13261500 -0.05262400 0.01837900
v -0.13261500 -0.05262400 0.01837900
v -0.13261500 -0.05262400 0.01837900
v -0.13261500 -0.05262400 0.01837900
v -0.13261500 -0.05262400 0.01837900
v -0.13311500 -0.05171800 0.01421400
v -0.13311500 -0.05171800 0.01421400
v -0.13311500 -0.05171800 0.01421400
v -0.13311500 -0.05171800 0.01421400
v -0.13311500 -0.05015100 0.01410900
v -0.13311500 -0.05015100 0.01410900
v -0.13311500 -0.05015100 0.01410900
v -0.13311500 -0.05015100 0.01410900
v -0.13311500 -0.05281400 0.01502500
v -0.13311500 -0.05281400 0.01502500
v -0.13311500 -0.05281400 0.01502500
v -0.13311500 -0.05281400 0.01502500
v -0.13311500 -0.05337100 0.01690100
v -0.13311500 -0.05337100 0.01690100
v -0.13311500 -0.05337100 0.01690100
v -0.13311500 -0.05337100 0.01690100
v -0.13311500 -0.05337100 0.01690100
v -0.13311500 -0.05238900 0.01852500
v -0.13311500 -0.05238900 0.01852500
v -0.13311500 -0.05238900 0.01852500
v -0.13311500 -0.05080900 0.01913100
v -0.13311500 -0.05080900 0.01913100
v -0.13311500 -0.05080900 0.01913100
v -0.13311500 -0.05080900 0.01913100
v -0.13311500 -0.05080900 0.01913100
v -0.13311500 -0.04875900 0.01813700
v -0.13311500 -0.04875900 0.01813700
v -0.13311500 -0.04875900 0.01813700
v -0.13311500 -0.04875900 0.01813700
v -0.13311500 -0.04830500 0.01629400
v -0.13311500 -0.04830500 0.01629400
v -0.13311500 -0.04830500 0.01629400
v -0.13311500 -0.04830500 0.01629400
v -0.13311500 -0.04880400 0.01502500
v -0.13311500 -0.04880400 0.01502500
v -0.13311500 -0.04880400 0.01502500
v -0.13311500 -0.04880400 0.01502500
v -0.13311500 -0.05169800 0.01707700
v -0.13311500 -0.05169800 0.01707700
v -0.13311500 -0.05169800 0.01707700
v -0.13311500 -0.05169800 0.01707700
v -0.13311500 -0.05176400 0.01616800
v -0.13311500 -0.05176400 0.01616800
v -0.13311500 -0.05176400 0.01616800
v -0.13311500 -0.05176400 0.01616800
v -0.13311500 -0.05094600 0.01552500
v -0.13311500 -0.05094600 0.01552500
v -0.13311500 -0.05094600 0.01552500
v -0.13311500 -0.05094600 0.01552500
v -0.13311500 -0.04992000 0.01707700
v -0.13311500 -0.04992000 0.01707700
v -0.13311500 -0.04992000 0.01707700
v -0.13311500 -0.04992000 0.01707700
v -0.13311500 -0.05080900 0.01762000
v -0.13311500 -0.05080900 0.01762000
v -0.13311500 -0.05080900 0.01762000
v -0.13311500 -0.04989400 0.01603600
v -0.13311500 -0.04989400 0.01603600
v -0.13311500 -0.04989400 0.01603600
v -0.13311500 -0.04989400 0.01603600
v -0.13261500 -0.05156900 0.01580400
v -0.13261500 -0.05156900 0.01580400
v -0.13261500 -0.05156900 0.01580400
v -0.13261500 -0.05156900 0.01580400
v -0.13261500 -0.05176400 0.01695900
v -0.13261500 -0.05176400 0.01695900
v -0.13261500 -0.05176400 0.01695900
v -0.13261500 -0.05176400 0.01695900
v -0.13261500 -0.05080900 0.01763800
v -0.13261500 -0.05080900 0.01763800
v -0.13261500 -0.05080900 0.01763800
v -0.13261500 -0.05080900 0.01763800
v -0.13261500 -0.05080900 0.01763800
v -0.13261500 -0.04972000 0.01666100
v -0.13261500 -0.04972000 0.01666100
v -0.13261500 -0.04972000 0.01666100
v -0.13261500 -0.04972000 0.01666100
v -0.13261500 -0.05041300 0.01560900
v -0.13261500 -0.05041300 0.01560900
v -0.13261500 -0.05041300 0.01560900
v -0.13261500 -0.05041300 0.01560900
vn -0.86570000 0.50050000 0.00010000
vn 0.86550000 0.50100000 0.00020000
vn -0.00000000 1.00000000 0.00020000
vn -0.00000000 1.00000000 0.00050000
vn 0.00050000 1.00000000 0.00040000
vn -0.00000000 1.00000000 0.00050000
vn 0.00290000 1.00000000 -0.00000000
vn 0.00290000 1.00000000 -0.00000000
vn -0.00010000 0.14090000 0.99000000
vn -0.02370000 0.05760000 0.99810000
vn 0.00180000 -0.00070000 1.00000000
vn 0.86550000 0.50100000 0.00020000
vn -0.86570000 0.50050000 0.00010000
vn 0.86480000 0.50210000 0.00270000
vn 0.00010000 -0.00160000 1.00000000
vn 0.86480000 0.50210000 0.00270000
vn -0.00210000 0.88720000 0.46150000
vn 0.00160000 0.70980000 0.70440000
vn 0.86550000 0.50100000 0.00020000
vn -0.00000000 1.00000000 0.00050000
vn 0.00290000 1.00000000 -0.00000000
vn 0.00050000 1.00000000 0.00040000
vn -0.00230000 0.42420000 0.90560000
vn -0.02370000 0.05760000 0.99810000
vn 0.00030000 0.00050000 1.00000000
vn 0.86480000 0.50210000 0.00270000
vn 0.00160000 0.70980000 0.70440000
vn -0.00340000 0.74630000 0.66560000
vn 0.01170000 0.33230000 0.94310000
vn -0.00010000 0.14090000 0.99000000
vn -0.01440000 0.99990000 -0.00150000
vn -0.00020000 1.00000000 -0.00010000
vn -0.86570000 0.50050000 0.00010000
vn -0.00340000 0.74630000 0.66560000
vn 0.00800000 0.83530000 0.54980000
vn -0.01440000 0.99990000 -0.00150000
vn -0.00020000 1.00000000 -0.00010000
vn 0.16610000 0.98610000 -0.00030000
vn -0.01440000 0.99990000 -0.00150000
vn 0.91900000 0.39430000 0.00020000
vn 0.97070000 0.24030000 0.00070000
vn 0.99910000 0.04190000 0.00070000
vn 0.98660000 -0.16310000 0.00070000
vn 0.90170000 -0.43230000 0.00060000
vn 0.79940000 -0.60080000 0.00080000
vn 0.67880000 -0.73430000 -0.00070000
vn 0.41530000 0.90970000 -0.00070000
vn 0.16610000 0.98610000 -0.00030000
vn 0.18180000 0.98330000 0.00020000
vn 0.48260000 -0.87580000 0.00060000
vn 0.45690000 -0.88950000 -0.00020000
vn 0.67880000 -0.73430000 -0.00070000
vn 0.65640000 -0.75440000 0.00020000
vn 0.41530000 0.90970000 -0.00070000
vn 0.58660000 0.80980000 -0.00020000
vn 0.44290000 0.89650000 0.00030000
vn 0.58660000 0.80980000 -0.00020000
vn 0.61710000 0.78690000 0.00070000
vn 0.25760000 -0.96630000 -0.00100000
vn 0.35560000 -0.93460000 0.00060000
vn 0.45690000 -0.88950000 -0.00020000
vn 0.81510000 0.57930000 0.00090000
vn 0.25760000 -0.96630000 -0.00100000
vn 0.00090000 -1.00000000 0.00080000
vn 0.14090000 -0.99000000 0.00120000
vn -0.00030000 -1.00000000 -0.00000000
vn -0.16090000 -0.98700000 -0.00090000
vn -0.00030000 -1.00000000 -0.00000000
vn -0.93970000 -0.34190000 -0.00030000
vn -0.99230000 -0.12360000 -0.00030000
vn -0.96710000 -0.25440000 0.00110000
vn -0.99230000 -0.12360000 -0.00030000
vn -0.99520000 -0.09800000 0.00020000
vn -0.99770000 0.06720000 -0.00080000
vn -0.99130000 0.13150000 0.00060000
vn -0.96550000 0.26050000 -0.00070000
vn -0.99770000 0.06720000 -0.00080000
vn -0.96550000 0.26050000 -0.00070000
vn -0.87650000 0.48140000 -0.00110000
vn -0.94400000 0.32990000 0.00050000
vn -0.58440000 0.81140000 -0.00030000
vn -0.50000000 0.86600000 0.00140000
vn -0.38540000 0.92270000 0.00010000
vn -0.16090000 -0.98700000 -0.00090000
vn -0.33740000 -0.94140000 -0.00030000
vn -0.27190000 -0.96230000 0.00120000
vn -0.87650000 0.48140000 -0.00110000
vn -0.73870000 0.67400000 -0.00070000
vn -0.84450000 0.53550000 0.00040000
vn -0.33740000 -0.94140000 -0.00030000
vn -0.49930000 -0.86650000 -0.00070000
vn -0.44390000 -0.89610000 0.00040000
vn -0.62480000 -0.78080000 0.00070000
vn -0.66500000 -0.74680000 -0.00050000
vn -0.49930000 -0.86650000 -0.00070000
vn -0.67010000 0.74220000 0.00130000
vn -0.58440000 0.81140000 -0.00030000
vn -0.73870000 0.67400000 -0.00070000
vn -0.66500000 -0.74680000 -0.00050000
vn -0.76940000 -0.63880000 -0.00050000
vn -0.81330000 -0.58190000 0.00090000
vn -0.85950000 -0.51110000 -0.00020000
vn -0.76940000 -0.63880000 -0.00050000
vn -0.93970000 -0.34190000 -0.00030000
vn -0.85950000 -0.51110000 -0.00020000
vn -0.90260000 -0.43040000 0.00100000
vn -0.17200000 0.98510000 0.00040000
vn -0.16230000 0.98670000 0.00010000
vn -0.35470000 0.93500000 0.00080000
vn -0.38540000 0.92270000 0.00010000
vn -0.02760000 0.99960000 -0.00060000
vn -0.17200000 0.98510000 0.00040000
vn -0.02760000 0.99960000 -0.00060000
vn -0.00000000 1.00000000 0.00020000
vn -0.00000000 1.00000000 0.00020000
vn -0.00000000 1.00000000 0.00020000
vn -0.00000000 1.00000000 0.00020000
vn -0.00000000 1.00000000 0.00020000
vn -0.00000000 1.00000000 0.00020000
vn -0.00000000 1.00000000 0.00020000
vn -0.00000000 1.00000000 0.00020000
vn 0.00050000 1.00000000 0.00040000
vn -0.00000000 1.00000000 0.00020000
vn -0.17200000 0.98510000 0.00040000
vn -0.16230000 0.98670000 0.00010000
vn -0.14110000 0.91930000 0.36750000
vn -0.02760000 0.99960000 -0.00060000
vn -0.00210000 0.88720000 0.46150000
vn 0.00030000 0.00050000 1.00000000
vn -0.00760000 0.00900000 0.99990000
vn -0.00110000 0.00050000 1.00000000
vn -0.00230000 0.42420000 0.90560000
vn -0.20790000 0.56490000 0.79850000
vn -0.19700000 0.61030000 0.76730000
vn -0.00160000 -0.42050000 0.90730000
vn 0.00010000 -0.00160000 1.00000000
vn -0.00400000 0.00220000 1.00000000
vn 0.00560000 -0.00110000 1.00000000
vn 0.00110000 0.00230000 1.00000000
vn 0.17620000 -0.59990000 0.78040000
vn -0.00160000 0.00740000 1.00000000
vn 0.00180000 -0.00070000 1.00000000
vn 0.00040000 -0.62500000 0.78060000
vn 0.16760000 -0.65520000 0.73660000
vn 0.00780000 -0.00460000 1.00000000
vn 0.21950000 -0.28780000 0.93220000
vn 0.25840000 -0.57980000 0.77270000
vn 0.17620000 -0.59990000 0.78040000
vn -0.00160000 0.00740000 1.00000000
vn -0.54000000 0.22040000 0.81230000
vn 0.00560000 0.00360000 1.00000000
vn -0.10060000 0.09700000 0.99020000
vn -0.50530000 0.30090000 0.80880000
vn -0.00760000 0.00900000 0.99990000
vn -0.00110000 0.00050000 1.00000000
vn -0.31440000 0.07350000 0.94640000
vn -0.00820000 -0.00710000 0.99990000
vn 0.00560000 0.00360000 1.00000000
vn -0.31440000 0.07350000 0.94640000
vn -0.47040000 0.05650000 0.88060000
vn -0.35040000 -0.06310000 0.93450000
vn -0.09520000 -0.03400000 0.99490000
vn 0.00030000 0.00050000 1.00000000
vn 0.00010000 -0.00160000 1.00000000
vn -0.01260000 -0.01370000 0.99980000
vn -0.00820000 -0.00710000 0.99990000
vn -0.00110000 0.00050000 1.00000000
vn -0.21670000 -0.56850000 0.79360000
vn -0.02370000 0.05760000 0.99810000
vn 0.00560000 0.00360000 1.00000000
vn -0.00160000 -0.42050000 0.90730000
vn -0.23780000 -0.50930000 0.82710000
vn 0.52460000 -0.42770000 0.73610000
vn 0.00110000 0.00230000 1.00000000
vn 0.21950000 -0.28780000 0.93220000
vn 0.34990000 -0.40260000 0.84590000
vn -0.00160000 0.00740000 1.00000000
vn 0.35090000 -0.15670000 0.92320000
vn 0.25840000 0.54010000 0.80090000
vn 0.00560000 -0.00110000 1.00000000
vn 0.00180000 -0.00070000 1.00000000
vn 0.01170000 0.33230000 0.94310000
vn -0.00010000 0.14090000 0.99000000
vn 0.12890000 0.55770000 0.82000000
vn 0.18180000 0.27340000 0.94460000
vn -0.36750000 0.47390000 0.80020000
vn -0.00760000 0.00900000 0.99990000
vn -0.33780000 0.58940000 0.73380000
vn -0.20790000 0.56490000 0.79850000
vn -0.10060000 0.09700000 0.99020000
vn 0.00560000 -0.00110000 1.00000000
vn 0.39220000 0.45040000 0.80210000
vn 0.18180000 0.27340000 0.94460000
vn 0.29980000 0.19780000 0.93330000
vn 0.45870000 0.38220000 0.80220000
vn -0.00400000 0.00220000 1.00000000
vn 0.58850000 0.15810000 0.79290000
vn 0.60880000 0.28360000 0.74090000
vn 0.28850000 0.03580000 0.95680000
vn 0.29980000 0.19780000 0.93330000
vn -0.00400000 0.00220000 1.00000000
vn 0.65010000 0.26500000 0.71210000
vn 0.00780000 -0.00460000 1.00000000
vn 0.00110000 0.00230000 1.00000000
vn 0.00780000 -0.00460000 1.00000000
vn 0.78410000 -0.14180000 0.60420000
vn 0.74150000 -0.05050000 0.66910000
vn 0.28850000 0.03580000 0.95680000
vn 0.74560000 -0.16970000 0.64440000
vn 0.35090000 -0.15670000 0.92320000
vn -0.00340000 0.74630000 0.66560000
vn 0.12890000 0.55770000 0.82000000
vn 0.00800000 0.83530000 0.54980000
vn 0.01170000 0.33230000 0.94310000
vn 0.17620000 0.87270000 0.45540000
vn 0.16970000 0.88440000 0.43470000
vn 0.16970000 0.88440000 0.43470000
vn 0.00800000 0.83530000 0.54980000
vn 0.16610000 0.98610000 -0.00030000
vn 0.18180000 0.98330000 0.00020000
vn -0.00020000 1.00000000 -0.00010000
vn 0.17620000 0.87270000 0.45540000
vn 0.18180000 0.98330000 0.00020000
vn 0.41530000 0.90970000 -0.00070000
vn 0.44290000 0.89650000 0.00030000
vn 0.16970000 0.88440000 0.43470000
vn 0.37010000 0.81000000 0.45500000
vn 0.79940000 -0.60080000 0.00080000
vn 0.65640000 -0.75440000 0.00020000
vn 0.63320000 -0.69170000 0.34740000
vn 0.68280000 -0.56510000 0.46310000
vn 0.67880000 -0.73430000 -0.00070000
vn 0.61710000 0.78690000 0.00070000
vn 0.59070000 0.70530000 0.39180000
vn 0.81510000 0.57930000 0.00090000
vn 0.72500000 0.56200000 0.39820000
vn 0.21290000 -0.82760000 0.51940000
vn 0.25760000 -0.96630000 -0.00100000
vn 0.14090000 -0.99000000 0.00120000
vn 0.35560000 -0.93460000 0.00060000
vn -0.22610000 -0.89670000 0.38060000
vn 0.00090000 -1.00000000 0.00080000
vn -0.27190000 -0.96230000 0.00120000
vn -0.00180000 -0.78860000 0.61490000
vn -0.00030000 -1.00000000 -0.00000000
vn -0.16090000 -0.98700000 -0.00090000
vn -0.94400000 0.32990000 0.00050000
vn -0.84450000 0.53550000 0.00040000
vn -0.87650000 0.48140000 -0.00110000
vn -0.84440000 0.31760000 0.43140000
vn -0.78430000 0.48090000 0.39200000
vn -0.44390000 -0.89610000 0.00040000
vn -0.49930000 -0.86650000 -0.00070000
vn -0.57910000 -0.71890000 0.38460000
vn -0.62480000 -0.78080000 0.00070000
vn -0.45070000 -0.73680000 0.50400000
vn -0.76940000 -0.63880000 -0.00050000
vn -0.66500000 -0.74680000 -0.00050000
vn -0.81330000 -0.58190000 0.00090000
vn -0.58440000 -0.68040000 0.44220000
vn -0.62480000 -0.78080000 0.00070000
vn -0.71280000 -0.57270000 0.40490000
vn -0.57910000 -0.71890000 0.38460000
vn -0.21200000 0.81840000 0.53420000
vn -0.16230000 0.98670000 0.00010000
vn -0.35470000 0.93500000 0.00080000
vn -0.14110000 0.91930000 0.36750000
vn -0.54370000 -0.38570000 0.74540000
vn -0.81330000 -0.58190000 0.00090000
vn -0.85950000 -0.51110000 -0.00020000
vn -0.53050000 -0.29060000 0.79630000
vn -0.71280000 -0.57270000 0.40490000
vn -0.90260000 -0.43040000 0.00100000
vn -0.62140000 -0.28250000 0.73080000
vn -0.53050000 -0.29060000 0.79630000
vn -0.62140000 -0.28250000 0.73080000
vn -0.65220000 -0.16200000 0.74050000
vn -0.09520000 -0.03400000 0.99490000
vn -0.35040000 -0.06310000 0.93450000
vn -0.96710000 -0.25440000 0.00110000
vn -0.65220000 -0.16200000 0.74050000
vn -0.90260000 -0.43040000 0.00100000
vn -0.71320000 -0.15770000 0.68300000
vn -0.62140000 -0.28250000 0.73080000
vn -0.93970000 -0.34190000 -0.00030000
vn -0.65220000 -0.16200000 0.74050000
vn -0.84000000 -0.06350000 0.53880000
vn -0.47040000 0.05650000 0.88060000
vn -0.71320000 -0.15770000 0.68300000
vn -0.35040000 -0.06310000 0.93450000
vn -0.77100000 0.08350000 0.63130000
vn -0.96710000 -0.25440000 0.00110000
vn -0.99230000 -0.12360000 -0.00030000
vn -0.99520000 -0.09800000 0.00020000
vn -0.84000000 -0.06350000 0.53880000
vn -0.71320000 -0.15770000 0.68300000
vn -0.99520000 -0.09800000 0.00020000
vn -0.84000000 -0.06350000 0.53880000
vn -0.81050000 0.10890000 0.57550000
vn -0.77100000 0.08350000 0.63130000
vn -0.99130000 0.13150000 0.00060000
vn -0.99770000 0.06720000 -0.00080000
vn -0.81050000 0.10890000 0.57550000
vn -0.54000000 0.22040000 0.81230000
vn -0.47040000 0.05650000 0.88060000
vn -0.77100000 0.08350000 0.63130000
vn -0.77800000 0.26060000 0.57170000
vn -0.31440000 0.07350000 0.94640000
vn -0.99130000 0.13150000 0.00060000
vn -0.81050000 0.10890000 0.57550000
vn -0.94400000 0.32990000 0.00050000
vn -0.96550000 0.26050000 -0.00070000
vn -0.84440000 0.31760000 0.43140000
vn -0.77800000 0.26060000 0.57170000
vn -0.54000000 0.22040000 0.81230000
vn -0.84440000 0.31760000 0.43140000
vn -0.77800000 0.26060000 0.57170000
vn -0.50530000 0.30090000 0.80880000
vn -0.63900000 0.44920000 0.62430000
vn -0.78430000 0.48090000 0.39200000
vn -0.24280000 0.40410000 0.88190000
vn -0.63900000 0.44920000 0.62430000
vn -0.10060000 0.09700000 0.99020000
vn -0.36750000 0.47390000 0.80020000
vn -0.60850000 0.50280000 0.61400000
vn -0.50530000 0.30090000 0.80880000
vn 0.00040000 -0.62500000 0.78060000
vn -0.00180000 -0.78860000 0.61490000
vn -0.00160000 -0.42050000 0.90730000
vn -0.23780000 -0.50930000 0.82710000
vn -0.22610000 -0.89670000 0.38060000
vn -0.73870000 0.67400000 -0.00070000
vn -0.60850000 0.50280000 0.61400000
vn -0.63900000 0.44920000 0.62430000
vn -0.67010000 0.74220000 0.00130000
vn -0.78430000 0.48090000 0.39200000
vn -0.65270000 0.69130000 0.30980000
vn -0.84450000 0.53550000 0.00040000
vn -0.23510000 -0.27480000 0.93230000
vn -0.01260000 -0.01370000 0.99980000
vn -0.29010000 -0.58310000 0.75880000
vn -0.21670000 -0.56850000 0.79360000
vn -0.24280000 0.40410000 0.88190000
vn -0.60850000 0.50280000 0.61400000
vn -0.65270000 0.69130000 0.30980000
vn -0.23780000 -0.50930000 0.82710000
vn -0.21670000 -0.56850000 0.79360000
vn -0.22610000 -0.89670000 0.38060000
vn -0.44390000 -0.89610000 0.00040000
vn -0.45070000 -0.73680000 0.50400000
vn -0.27190000 -0.96230000 0.00120000
vn -0.29010000 -0.58310000 0.75880000
vn -0.33740000 -0.94140000 -0.00030000
vn -0.29010000 -0.58310000 0.75880000
vn -0.23510000 -0.27480000 0.93230000
vn -0.38600000 -0.37460000 0.84310000
vn -0.45070000 -0.73680000 0.50400000
vn -0.58440000 -0.68040000 0.44220000
vn -0.57910000 -0.71890000 0.38460000
vn -0.58440000 0.81140000 -0.00030000
vn -0.67010000 0.74220000 0.00130000
vn -0.65270000 0.69130000 0.30980000
vn -0.24280000 0.40410000 0.88190000
vn -0.33780000 0.58940000 0.73380000
vn -0.36750000 0.47390000 0.80020000
vn -0.50000000 0.86600000 0.00140000
vn -0.38600000 -0.37460000 0.84310000
vn -0.58440000 -0.68040000 0.44220000
vn -0.71280000 -0.57270000 0.40490000
vn -0.54370000 -0.38570000 0.74540000
vn -0.00820000 -0.00710000 0.99990000
vn -0.54370000 -0.38570000 0.74540000
vn -0.01260000 -0.01370000 0.99980000
vn -0.23510000 -0.27480000 0.93230000
vn -0.09520000 -0.03400000 0.99490000
vn -0.53050000 -0.29060000 0.79630000
vn -0.38600000 -0.37460000 0.84310000
vn -0.38540000 0.92270000 0.00010000
vn -0.21200000 0.81840000 0.53420000
vn -0.35470000 0.93500000 0.00080000
vn -0.50000000 0.86600000 0.00140000
vn -0.19700000 0.61030000 0.76730000
vn -0.33780000 0.58940000 0.73380000
vn -0.20790000 0.56490000 0.79850000
vn -0.00230000 0.42420000 0.90560000
vn -0.00210000 0.88720000 0.46150000
vn -0.21200000 0.81840000 0.53420000
vn 0.00160000 0.70980000 0.70440000
vn -0.19700000 0.61030000 0.76730000
vn -0.14110000 0.91930000 0.36750000
vn 0.65010000 0.26500000 0.71210000
vn 0.64120000 0.46890000 0.60740000
vn 0.72500000 0.56200000 0.39820000
vn 0.60880000 0.28360000 0.74090000
vn 0.91900000 0.39430000 0.00020000
vn 0.81510000 0.57930000 0.00090000
vn 0.45870000 0.38220000 0.80220000
vn 0.29980000 0.19780000 0.93330000
vn 0.64120000 0.46890000 0.60740000
vn 0.65010000 0.26500000 0.71210000
vn 0.91900000 0.39430000 0.00020000
vn 0.58850000 0.15810000 0.79290000
vn 0.97070000 0.24030000 0.00070000
vn 0.77610000 0.13590000 0.61580000
vn 0.60880000 0.28360000 0.74090000
vn 0.74150000 -0.05050000 0.66910000
vn 0.58850000 0.15810000 0.79290000
vn 0.28850000 0.03580000 0.95680000
vn 0.84210000 0.03510000 0.53820000
vn 0.77610000 0.13590000 0.61580000
vn 0.97070000 0.24030000 0.00070000
vn 0.99910000 0.04190000 0.00070000
vn 0.77610000 0.13590000 0.61580000
vn 0.84210000 0.03510000 0.53820000
vn 0.78410000 -0.14180000 0.60420000
vn 0.98660000 -0.16310000 0.00070000
vn 0.84210000 0.03510000 0.53820000
vn 0.74150000 -0.05050000 0.66910000
vn 0.99910000 0.04190000 0.00070000
vn 0.98660000 -0.16310000 0.00070000
vn 0.85430000 -0.40070000 0.33090000
vn 0.74560000 -0.16970000 0.64440000
vn 0.90170000 -0.43230000 0.00060000
vn 0.78410000 -0.14180000 0.60420000
vn 0.35090000 -0.15670000 0.92320000
vn 0.69120000 -0.40990000 0.59520000
vn 0.85430000 -0.40070000 0.33090000
vn 0.74560000 -0.16970000 0.64440000
vn 0.69120000 -0.40990000 0.59520000
vn 0.63320000 -0.48750000 0.60120000
vn 0.52460000 -0.42770000 0.73610000
vn 0.37010000 0.81000000 0.45500000
vn 0.36130000 0.70920000 0.60540000
vn 0.25840000 0.54010000 0.80090000
vn 0.17620000 0.87270000 0.45540000
vn 0.12890000 0.55770000 0.82000000
vn 0.85430000 -0.40070000 0.33090000
vn 0.68280000 -0.56510000 0.46310000
vn 0.63320000 -0.48750000 0.60120000
vn 0.69120000 -0.40990000 0.59520000
vn 0.90170000 -0.43230000 0.00060000
vn 0.79940000 -0.60080000 0.00080000
vn 0.34990000 -0.40260000 0.84590000
vn 0.68280000 -0.56510000 0.46310000
vn 0.47280000 -0.62920000 0.61690000
vn 0.63320000 -0.69170000 0.34740000
vn 0.63320000 -0.48750000 0.60120000
vn 0.52460000 -0.42770000 0.73610000
vn 0.48760000 0.63420000 0.60000000
vn 0.18180000 0.27340000 0.94460000
vn 0.25840000 0.54010000 0.80090000
vn 0.36130000 0.70920000 0.60540000
vn 0.39220000 0.45040000 0.80210000
vn 0.43280000 -0.69840000 0.57000000
vn 0.25840000 -0.57980000 0.77270000
vn 0.47280000 -0.62920000 0.61690000
vn 0.34990000 -0.40260000 0.84590000
vn 0.21950000 -0.28780000 0.93220000
vn 0.61710000 0.78690000 0.00070000
vn 0.44290000 0.89650000 0.00030000
vn 0.48760000 0.63420000 0.60000000
vn 0.37010000 0.81000000 0.45500000
vn 0.36130000 0.70920000 0.60540000
vn 0.58660000 0.80980000 -0.00020000
vn 0.59070000 0.70530000 0.39180000
vn 0.65640000 -0.75440000 0.00020000
vn 0.47280000 -0.62920000 0.61690000
vn 0.48260000 -0.87580000 0.00060000
vn 0.43280000 -0.69840000 0.57000000
vn 0.63320000 -0.69170000 0.34740000
vn 0.72500000 0.56200000 0.39820000
vn 0.48760000 0.63420000 0.60000000
vn 0.59070000 0.70530000 0.39180000
vn 0.39220000 0.45040000 0.80210000
vn 0.45870000 0.38220000 0.80220000
vn 0.64120000 0.46890000 0.60740000
vn 0.21290000 -0.82760000 0.51940000
vn 0.25840000 -0.57980000 0.77270000
vn 0.35560000 -0.93460000 0.00060000
vn 0.45690000 -0.88950000 -0.00020000
vn 0.17620000 -0.59990000 0.78040000
vn 0.16760000 -0.65520000 0.73660000
vn 0.48260000 -0.87580000 0.00060000
vn 0.43280000 -0.69840000 0.57000000
vn 0.14090000 -0.99000000 0.00120000
vn 0.00090000 -1.00000000 0.00080000
vn 0.16760000 -0.65520000 0.73660000
vn 0.21290000 -0.82760000 0.51940000
vn 0.00040000 -0.62500000 0.78060000
vn -0.00180000 -0.78860000 0.61490000
vn 0.86550000 -0.50100000 -0.00020000
vn 0.86120000 -0.50820000 -0.00000000
vn -0.86570000 -0.50050000 -0.00010000
vn -0.00000000 -1.00000000 -0.00020000
vn 0.00050000 -1.00000000 -0.00040000
vn -0.00000000 -1.00000000 -0.00050000
vn -0.00000000 -1.00000000 -0.00050000
vn 0.00290000 -1.00000000 -0.00000000
vn 0.00290000 -1.00000000 -0.00000000
vn 0.86120000 -0.50820000 -0.00000000
vn -0.86570000 -0.50050000 -0.00010000
vn 0.00010000 0.00160000 -1.00000000
vn -0.02370000 -0.05760000 -0.99810000
vn 0.00180000 0.00070000 -1.00000000
vn -0.00010000 -0.14090000 -0.99000000
vn 0.86480000 -0.50210000 -0.00270000
vn 0.86550000 -0.50100000 -0.00020000
vn -0.00000000 -1.00000000 -0.00050000
vn -0.00210000 -0.88720000 -0.46150000
vn 0.00160000 -0.70980000 -0.70440000
vn 0.00290000 -1.00000000 -0.00000000
vn 0.86120000 -0.50820000 -0.00000000
vn 0.86480000 -0.50210000 -0.00270000
vn 0.00050000 -1.00000000 -0.00040000
vn 0.86550000 -0.50100000 -0.00020000
vn -0.02370000 -0.05760000 -0.99810000
vn 0.86480000 -0.50210000 -0.00270000
vn 0.00160000 -0.70980000 -0.70440000
vn 0.00030000 -0.00050000 -1.00000000
vn -0.00230000 -0.42420000 -0.90560000
vn 0.01170000 -0.33230000 -0.94310000
vn -0.00010000 -0.14090000 -0.99000000
vn -0.00340000 -0.74630000 -0.66560000
vn -0.86570000 -0.50050000 -0.00010000
vn -0.00020000 -1.00000000 0.00010000
vn -0.01440000 -0.99990000 0.00150000
vn 0.00800000 -0.83530000 -0.54980000
vn -0.00340000 -0.74630000 -0.66560000
vn -0.01440000 -0.99990000 0.00150000
vn 0.16610000 -0.98610000 0.00030000
vn -0.01440000 -0.99990000 0.00150000
vn -0.00020000 -1.00000000 0.00010000
vn 0.85820000 -0.51330000 0.00070000
vn 0.91900000 -0.39430000 -0.00020000
vn 0.93000000 -0.36770000 0.00040000
vn 0.93000000 -0.36770000 0.00040000
vn 0.97070000 -0.24030000 -0.00070000
vn 0.99060000 -0.13660000 0.00090000
vn 0.99910000 -0.04190000 -0.00070000
vn 0.99060000 -0.13660000 0.00090000
vn 0.99450000 0.10490000 0.00070000
vn 0.98660000 0.16310000 -0.00070000
vn 0.99450000 0.10490000 0.00070000
vn 0.90170000 0.43230000 -0.00060000
vn 0.79940000 0.60080000 -0.00080000
vn 0.18180000 -0.98330000 -0.00020000
vn 0.16610000 -0.98610000 0.00030000
vn 0.41530000 -0.90970000 0.00070000
vn 0.48260000 0.87580000 -0.00060000
vn 0.65640000 0.75440000 -0.00020000
vn 0.41530000 -0.90970000 0.00070000
vn 0.58660000 -0.80980000 0.00020000
vn 0.44290000 -0.89650000 -0.00030000
vn 0.74340000 -0.66890000 0.00090000
vn 0.58660000 -0.80980000 0.00020000
vn 0.61710000 -0.78690000 -0.00070000
vn 0.35560000 0.93460000 -0.00060000
vn 0.81510000 -0.57930000 -0.00090000
vn 0.85820000 -0.51330000 0.00070000
vn 0.74340000 -0.66890000 0.00090000
vn 0.00090000 1.00000000 -0.00080000
vn 0.14090000 0.99000000 -0.00120000
vn -0.00030000 1.00000000 -0.00000000
vn -0.00030000 1.00000000 -0.00000000
vn -0.16090000 0.98700000 0.00090000
vn -0.99230000 0.12360000 0.00030000
vn -0.96710000 0.25440000 -0.00110000
vn -0.93970000 0.34190000 0.00030000
vn -0.99520000 0.09800000 -0.00020000
vn -0.99230000 0.12360000 0.00030000
vn -0.99130000 -0.13150000 -0.00060000
vn -0.94400000 -0.32990000 -0.00050000
vn -0.87650000 -0.48140000 0.00110000
vn -0.38540000 -0.92270000 -0.00010000
vn -0.50000000 -0.86600000 -0.00140000
vn -0.33740000 0.94140000 0.00030000
vn -0.16090000 0.98700000 0.00090000
vn -0.27190000 0.96230000 -0.00120000
vn -0.87650000 -0.48140000 0.00110000
vn -0.84450000 -0.53550000 -0.00040000
vn -0.49930000 0.86650000 0.00070000
vn -0.44390000 0.89610000 -0.00040000
vn -0.33740000 0.94140000 0.00030000
vn -0.62480000 0.78080000 -0.00070000
vn -0.49930000 0.86650000 0.00070000
vn -0.66500000 0.74680000 0.00050000
vn -0.67010000 -0.74220000 -0.00130000
vn -0.66500000 0.74680000 0.00050000
vn -0.76940000 0.63880000 0.00050000
vn -0.76940000 0.63880000 0.00050000
vn -0.81330000 0.58190000 -0.00090000
vn -0.85950000 0.51110000 0.00020000
vn -0.85950000 0.51110000 0.00020000
vn -0.90260000 0.43040000 -0.00100000
vn -0.93970000 0.34190000 0.00030000
vn -0.17200000 -0.98510000 -0.00040000
vn -0.35470000 -0.93500000 -0.00080000
vn -0.38540000 -0.92270000 -0.00010000
vn -0.16230000 -0.98670000 -0.00010000
vn -0.02760000 -0.99960000 0.00060000
vn -0.17200000 -0.98510000 -0.00040000
vn -0.00000000 -1.00000000 -0.00020000
vn -0.02760000 -0.99960000 0.00060000
vn -0.00000000 -1.00000000 -0.00020000
vn -0.00000000 -1.00000000 -0.00020000
vn -0.00000000 -1.00000000 -0.00020000
vn -0.00000000 -1.00000000 -0.00020000
vn -0.00000000 -1.00000000 -0.00020000
vn -0.00000000 -1.00000000 -0.00020000
vn -0.00000000 -1.00000000 -0.00020000
vn -0.00210000 -0.88720000 -0.46150000
vn -0.00000000 -1.00000000 -0.00020000
vn -0.16230000 -0.98670000 -0.00010000
vn -0.17200000 -0.98510000 -0.00040000
vn -0.14110000 -0.91930000 -0.36750000
vn 0.00050000 -1.00000000 -0.00040000
vn -0.02760000 -0.99960000 0.00060000
vn -0.00230000 -0.42420000 -0.90560000
vn 0.00030000 -0.00050000 -1.00000000
vn -0.19700000 -0.61030000 -0.76730000
vn -0.20790000 -0.56490000 -0.79850000
vn -0.00760000 -0.00900000 -0.99990000
vn -0.00110000 -0.00050000 -1.00000000
vn 0.00010000 0.00160000 -1.00000000
vn 0.00780000 0.00460000 -1.00000000
vn -0.00400000 -0.00220000 -1.00000000
vn -0.00160000 0.42050000 -0.90730000
vn 0.16760000 0.65520000 -0.73660000
vn 0.17620000 0.59990000 -0.78040000
vn 0.00560000 0.00110000 -1.00000000
vn 0.00040000 0.62500000 -0.78060000
vn 0.00110000 -0.00230000 -1.00000000
vn 0.00180000 0.00070000 -1.00000000
vn -0.00160000 -0.00740000 -1.00000000
vn -0.00160000 -0.00740000 -1.00000000
vn 0.25840000 0.57980000 -0.77270000
vn 0.17620000 0.59990000 -0.78040000
vn 0.21950000 0.28780000 -0.93220000
vn -0.00110000 -0.00050000 -1.00000000
vn -0.50530000 -0.30090000 -0.80880000
vn -0.54000000 -0.22040000 -0.81230000
vn -0.10060000 -0.09700000 -0.99020000
vn -0.00760000 -0.00900000 -0.99990000
vn -0.31440000 -0.07350000 -0.94640000
vn 0.00560000 -0.00360000 -1.00000000
vn 0.00560000 -0.00360000 -1.00000000
vn -0.47040000 -0.05650000 -0.88060000
vn -0.31440000 -0.07350000 -0.94640000
vn -0.09520000 0.03400000 -0.99490000
vn -0.35040000 0.06310000 -0.93450000
vn -0.00820000 0.00710000 -0.99990000
vn 0.00560000 -0.00360000 -1.00000000
vn 0.00030000 -0.00050000 -1.00000000
vn -0.23780000 0.50930000 -0.82710000
vn -0.21670000 0.56850000 -0.79360000
vn -0.00820000 0.00710000 -0.99990000
vn -0.01260000 0.01370000 -0.99980000
vn -0.00160000 0.42050000 -0.90730000
vn -0.00110000 -0.00050000 -1.00000000
vn -0.02370000 -0.05760000 -0.99810000
vn 0.00010000 0.00160000 -1.00000000
vn -0.00160000 -0.00740000 -1.00000000
vn 0.35090000 0.15670000 -0.92320000
vn 0.21950000 0.28780000 -0.93220000
vn 0.52460000 0.42770000 -0.73610000
vn 0.34990000 0.40260000 -0.84590000
vn 0.00110000 -0.00230000 -1.00000000
vn 0.01170000 -0.33230000 -0.94310000
vn 0.00180000 0.00070000 -1.00000000
vn 0.12890000 -0.55770000 -0.82000000
vn 0.00560000 0.00110000 -1.00000000
vn -0.00010000 -0.14090000 -0.99000000
vn 0.25840000 -0.54010000 -0.80090000
vn 0.18180000 -0.27340000 -0.94460000
vn -0.20790000 -0.56490000 -0.79850000
vn -0.33780000 -0.58940000 -0.73380000
vn -0.10060000 -0.09700000 -0.99020000
vn -0.36750000 -0.47390000 -0.80020000
vn -0.00760000 -0.00900000 -0.99990000
vn 0.39220000 -0.45040000 -0.80210000
vn 0.18180000 -0.27340000 -0.94460000
vn 0.45870000 -0.38220000 -0.80220000
vn 0.29980000 -0.19780000 -0.93330000
vn 0.00560000 0.00110000 -1.00000000
vn -0.00400000 -0.00220000 -1.00000000
vn 0.60880000 -0.28360000 -0.74090000
vn 0.65010000 -0.26500000 -0.71210000
vn -0.00400000 -0.00220000 -1.00000000
vn 0.28850000 -0.03580000 -0.95680000
vn 0.00780000 0.00460000 -1.00000000
vn 0.29980000 -0.19780000 -0.93330000
vn 0.58850000 -0.15810000 -0.79290000
vn 0.74150000 0.05050000 -0.66910000
vn 0.74560000 0.16970000 -0.64440000
vn 0.35090000 0.15670000 -0.92320000
vn 0.28850000 -0.03580000 -0.95680000
vn 0.78410000 0.14180000 -0.60420000
vn 0.00780000 0.00460000 -1.00000000
vn 0.00110000 -0.00230000 -1.00000000
vn 0.16970000 -0.88440000 -0.43470000
vn 0.00800000 -0.83530000 -0.54980000
vn 0.01170000 -0.33230000 -0.94310000
vn 0.12890000 -0.55770000 -0.82000000
vn -0.00340000 -0.74630000 -0.66560000
vn 0.17620000 -0.87270000 -0.45540000
vn 0.16970000 -0.88440000 -0.43470000
vn 0.18180000 -0.98330000 -0.00020000
vn 0.16610000 -0.98610000 0.00030000
vn -0.00020000 -1.00000000 0.00010000
vn 0.00800000 -0.83530000 -0.54980000
vn 0.37010000 -0.81000000 -0.45500000
vn 0.18180000 -0.98330000 -0.00020000
vn 0.17620000 -0.87270000 -0.45540000
vn 0.16970000 -0.88440000 -0.43470000
vn 0.41530000 -0.90970000 0.00070000
vn 0.44290000 -0.89650000 -0.00030000
vn 0.65640000 0.75440000 -0.00020000
vn 0.63320000 0.69170000 -0.34740000
vn 0.68280000 0.56510000 -0.46310000
vn 0.79940000 0.60080000 -0.00080000
vn 0.61710000 -0.78690000 -0.00070000
vn 0.72500000 -0.56200000 -0.39820000
vn 0.74340000 -0.66890000 0.00090000
vn 0.59070000 -0.70530000 -0.39180000
vn 0.81510000 -0.57930000 -0.00090000
vn 0.14090000 0.99000000 -0.00120000
vn 0.21290000 0.82760000 -0.51940000
vn 0.35560000 0.93460000 -0.00060000
vn -0.00030000 1.00000000 -0.00000000
vn -0.00180000 0.78860000 -0.61490000
vn 0.00090000 1.00000000 -0.00080000
vn -0.16090000 0.98700000 0.00090000
vn -0.27190000 0.96230000 -0.00120000
vn -0.22610000 0.89670000 -0.38060000
vn -0.84440000 -0.31760000 -0.43140000
vn -0.87650000 -0.48140000 0.00110000
vn -0.94400000 -0.32990000 -0.00050000
vn -0.78430000 -0.48090000 -0.39200000
vn -0.84450000 -0.53550000 -0.00040000
vn -0.57910000 0.71890000 -0.38460000
vn -0.45070000 0.73680000 -0.50400000
vn -0.44390000 0.89610000 -0.00040000
vn -0.62480000 0.78080000 -0.00070000
vn -0.49930000 0.86650000 0.00070000
vn -0.81330000 0.58190000 -0.00090000
vn -0.71280000 0.57270000 -0.40490000
vn -0.66500000 0.74680000 0.00050000
vn -0.62480000 0.78080000 -0.00070000
vn -0.76940000 0.63880000 0.00050000
vn -0.57910000 0.71890000 -0.38460000
vn -0.58440000 0.68040000 -0.44220000
vn -0.16230000 -0.98670000 -0.00010000
vn -0.21200000 -0.81840000 -0.53420000
vn -0.14110000 -0.91930000 -0.36750000
vn -0.35470000 -0.93500000 -0.00080000
vn -0.81330000 0.58190000 -0.00090000
vn -0.85950000 0.51110000 0.00020000
vn -0.90260000 0.43040000 -0.00100000
vn -0.71280000 0.57270000 -0.40490000
vn -0.54370000 0.38570000 -0.74540000
vn -0.62140000 0.28250000 -0.73080000
vn -0.53050000 0.29060000 -0.79630000
vn -0.09520000 0.03400000 -0.99490000
vn -0.35040000 0.06310000 -0.93450000
vn -0.65220000 0.16200000 -0.74050000
vn -0.53050000 0.29060000 -0.79630000
vn -0.62140000 0.28250000 -0.73080000
vn -0.96710000 0.25440000 -0.00110000
vn -0.71320000 0.15770000 -0.68300000
vn -0.62140000 0.28250000 -0.73080000
vn -0.65220000 0.16200000 -0.74050000
vn -0.93970000 0.34190000 0.00030000
vn -0.90260000 0.43040000 -0.00100000
vn -0.47040000 -0.05650000 -0.88060000
vn -0.35040000 0.06310000 -0.93450000
vn -0.65220000 0.16200000 -0.74050000
vn -0.84000000 0.06350000 -0.53880000
vn -0.71320000 0.15770000 -0.68300000
vn -0.77100000 -0.08350000 -0.63130000
vn -0.84000000 0.06350000 -0.53880000
vn -0.99230000 0.12360000 0.00030000
vn -0.99520000 0.09800000 -0.00020000
vn -0.71320000 0.15770000 -0.68300000
vn -0.96710000 0.25440000 -0.00110000
vn -0.99130000 -0.13150000 -0.00060000
vn -0.77100000 -0.08350000 -0.63130000
vn -0.99520000 0.09800000 -0.00020000
vn -0.84000000 0.06350000 -0.53880000
vn -0.81050000 -0.10890000 -0.57550000
vn -0.31440000 -0.07350000 -0.94640000
vn -0.77100000 -0.08350000 -0.63130000
vn -0.54000000 -0.22040000 -0.81230000
vn -0.77800000 -0.26060000 -0.57170000
vn -0.81050000 -0.10890000 -0.57550000
vn -0.47040000 -0.05650000 -0.88060000
vn -0.84440000 -0.31760000 -0.43140000
vn -0.77800000 -0.26060000 -0.57170000
vn -0.99130000 -0.13150000 -0.00060000
vn -0.94400000 -0.32990000 -0.00050000
vn -0.81050000 -0.10890000 -0.57550000
vn -0.54000000 -0.22040000 -0.81230000
vn -0.63900000 -0.44920000 -0.62430000
vn -0.77800000 -0.26060000 -0.57170000
vn -0.78430000 -0.48090000 -0.39200000
vn -0.50530000 -0.30090000 -0.80880000
vn -0.84440000 -0.31760000 -0.43140000
vn -0.50530000 -0.30090000 -0.80880000
vn -0.36750000 -0.47390000 -0.80020000
vn -0.63900000 -0.44920000 -0.62430000
vn -0.10060000 -0.09700000 -0.99020000
vn -0.24280000 -0.40410000 -0.88190000
vn -0.60850000 -0.50280000 -0.61400000
vn -0.00160000 0.42050000 -0.90730000
vn 0.00040000 0.62500000 -0.78060000
vn -0.00180000 0.78860000 -0.61490000
vn -0.22610000 0.89670000 -0.38060000
vn -0.23780000 0.50930000 -0.82710000
vn -0.65270000 -0.69130000 -0.30980000
vn -0.60850000 -0.50280000 -0.61400000
vn -0.67010000 -0.74220000 -0.00130000
vn -0.84450000 -0.53550000 -0.00040000
vn -0.78430000 -0.48090000 -0.39200000
vn -0.63900000 -0.44920000 -0.62430000
vn -0.23510000 0.27480000 -0.93230000
vn -0.29010000 0.58310000 -0.75880000
vn -0.01260000 0.01370000 -0.99980000
vn -0.21670000 0.56850000 -0.79360000
vn -0.65270000 -0.69130000 -0.30980000
vn -0.24280000 -0.40410000 -0.88190000
vn -0.60850000 -0.50280000 -0.61400000
vn -0.44390000 0.89610000 -0.00040000
vn -0.45070000 0.73680000 -0.50400000
vn -0.29010000 0.58310000 -0.75880000
vn -0.27190000 0.96230000 -0.00120000
vn -0.33740000 0.94140000 0.00030000
vn -0.22610000 0.89670000 -0.38060000
vn -0.21670000 0.56850000 -0.79360000
vn -0.23780000 0.50930000 -0.82710000
vn -0.23510000 0.27480000 -0.93230000
vn -0.45070000 0.73680000 -0.50400000
vn -0.38600000 0.37460000 -0.84310000
vn -0.57910000 0.71890000 -0.38460000
vn -0.29010000 0.58310000 -0.75880000
vn -0.58440000 0.68040000 -0.44220000
vn -0.36750000 -0.47390000 -0.80020000
vn -0.33780000 -0.58940000 -0.73380000
vn -0.67010000 -0.74220000 -0.00130000
vn -0.50000000 -0.86600000 -0.00140000
vn -0.65270000 -0.69130000 -0.30980000
vn -0.24280000 -0.40410000 -0.88190000
vn -0.38600000 0.37460000 -0.84310000
vn -0.71280000 0.57270000 -0.40490000
vn -0.54370000 0.38570000 -0.74540000
vn -0.58440000 0.68040000 -0.44220000
vn -0.54370000 0.38570000 -0.74540000
vn -0.00820000 0.00710000 -0.99990000
vn -0.38600000 0.37460000 -0.84310000
vn -0.53050000 0.29060000 -0.79630000
vn -0.23510000 0.27480000 -0.93230000
vn -0.09520000 0.03400000 -0.99490000
vn -0.01260000 0.01370000 -0.99980000
vn -0.35470000 -0.93500000 -0.00080000
vn -0.50000000 -0.86600000 -0.00140000
vn -0.19700000 -0.61030000 -0.76730000
vn -0.20790000 -0.56490000 -0.79850000
vn -0.33780000 -0.58940000 -0.73380000
vn -0.38540000 -0.92270000 -0.00010000
vn -0.21200000 -0.81840000 -0.53420000
vn -0.21200000 -0.81840000 -0.53420000
vn 0.00160000 -0.70980000 -0.70440000
vn -0.19700000 -0.61030000 -0.76730000
vn -0.00210000 -0.88720000 -0.46150000
vn -0.00230000 -0.42420000 -0.90560000
vn -0.14110000 -0.91930000 -0.36750000
vn 0.60880000 -0.28360000 -0.74090000
vn 0.72500000 -0.56200000 -0.39820000
vn 0.65010000 -0.26500000 -0.71210000
vn 0.64120000 -0.46890000 -0.60740000
vn 0.85820000 -0.51330000 0.00070000
vn 0.81510000 -0.57930000 -0.00090000
vn 0.91900000 -0.39430000 -0.00020000
vn 0.29980000 -0.19780000 -0.93330000
vn 0.65010000 -0.26500000 -0.71210000
vn 0.64120000 -0.46890000 -0.60740000
vn 0.45870000 -0.38220000 -0.80220000
vn 0.77610000 -0.13590000 -0.61580000
vn 0.60880000 -0.28360000 -0.74090000
vn 0.58850000 -0.15810000 -0.79290000
vn 0.97070000 -0.24030000 -0.00070000
vn 0.91900000 -0.39430000 -0.00020000
vn 0.93000000 -0.36770000 0.00040000
vn 0.28850000 -0.03580000 -0.95680000
vn 0.84210000 -0.03510000 -0.53820000
vn 0.58850000 -0.15810000 -0.79290000
vn 0.77610000 -0.13590000 -0.61580000
vn 0.74150000 0.05050000 -0.66910000
vn 0.99910000 -0.04190000 -0.00070000
vn 0.77610000 -0.13590000 -0.61580000
vn 0.84210000 -0.03510000 -0.53820000
vn 0.99060000 -0.13660000 0.00090000
vn 0.97070000 -0.24030000 -0.00070000
vn 0.99450000 0.10490000 0.00070000
vn 0.74150000 0.05050000 -0.66910000
vn 0.99910000 -0.04190000 -0.00070000
vn 0.78410000 0.14180000 -0.60420000
vn 0.84210000 -0.03510000 -0.53820000
vn 0.98660000 0.16310000 -0.00070000
vn 0.85430000 0.40070000 -0.33090000
vn 0.98660000 0.16310000 -0.00070000
vn 0.78410000 0.14180000 -0.60420000
vn 0.74560000 0.16970000 -0.64440000
vn 0.90170000 0.43230000 -0.00060000
vn 0.35090000 0.15670000 -0.92320000
vn 0.85430000 0.40070000 -0.33090000
vn 0.69120000 0.40990000 -0.59520000
vn 0.74560000 0.16970000 -0.64440000
vn 0.63320000 0.48750000 -0.60120000
vn 0.69120000 0.40990000 -0.59520000
vn 0.52460000 0.42770000 -0.73610000
vn 0.25840000 -0.54010000 -0.80090000
vn 0.17620000 -0.87270000 -0.45540000
vn 0.37010000 -0.81000000 -0.45500000
vn 0.36130000 -0.70920000 -0.60540000
vn 0.12890000 -0.55770000 -0.82000000
vn 0.63320000 0.48750000 -0.60120000
vn 0.68280000 0.56510000 -0.46310000
vn 0.69120000 0.40990000 -0.59520000
vn 0.79940000 0.60080000 -0.00080000
vn 0.85430000 0.40070000 -0.33090000
vn 0.90170000 0.43230000 -0.00060000
vn 0.47280000 0.62920000 -0.61690000
vn 0.63320000 0.48750000 -0.60120000
vn 0.68280000 0.56510000 -0.46310000
vn 0.63320000 0.69170000 -0.34740000
vn 0.52460000 0.42770000 -0.73610000
vn 0.34990000 0.40260000 -0.84590000
vn 0.18180000 -0.27340000 -0.94460000
vn 0.25840000 -0.54010000 -0.80090000
vn 0.39220000 -0.45040000 -0.80210000
vn 0.36130000 -0.70920000 -0.60540000
vn 0.48760000 -0.63420000 -0.60000000
vn 0.43280000 0.69840000 -0.57000000
vn 0.21950000 0.28780000 -0.93220000
vn 0.25840000 0.57980000 -0.77270000
vn 0.34990000 0.40260000 -0.84590000
vn 0.47280000 0.62920000 -0.61690000
vn 0.48760000 -0.63420000 -0.60000000
vn 0.37010000 -0.81000000 -0.45500000
vn 0.44290000 -0.89650000 -0.00030000
vn 0.58660000 -0.80980000 0.00020000
vn 0.36130000 -0.70920000 -0.60540000
vn 0.59070000 -0.70530000 -0.39180000
vn 0.61710000 -0.78690000 -0.00070000
vn 0.43280000 0.69840000 -0.57000000
vn 0.47280000 0.62920000 -0.61690000
vn 0.63320000 0.69170000 -0.34740000
vn 0.48260000 0.87580000 -0.00060000
vn 0.65640000 0.75440000 -0.00020000
vn 0.64120000 -0.46890000 -0.60740000
vn 0.72500000 -0.56200000 -0.39820000
vn 0.59070000 -0.70530000 -0.39180000
vn 0.39220000 -0.45040000 -0.80210000
vn 0.48760000 -0.63420000 -0.60000000
vn 0.45870000 -0.38220000 -0.80220000
vn 0.21290000 0.82760000 -0.51940000
vn 0.16760000 0.65520000 -0.73660000
vn 0.17620000 0.59990000 -0.78040000
vn 0.43280000 0.69840000 -0.57000000
vn 0.35560000 0.93460000 -0.00060000
vn 0.25840000 0.57980000 -0.77270000
vn 0.48260000 0.87580000 -0.00060000
vn 0.14090000 0.99000000 -0.00120000
vn 0.00090000 1.00000000 -0.00080000
vn -0.00180000 0.78860000 -0.61490000
vn 0.00040000 0.62500000 -0.78060000
vn 0.16760000 0.65520000 -0.73660000
vn 0.21290000 0.82760000 -0.51940000
vn 0.86570000 0.50050000 -0.00010000
vn -0.86120000 0.50820000 -0.00000000
vn -0.86550000 0.50100000 -0.00020000
vn 0.86430000 0.50300000 -0.00000000
vn -0.00000000 1.00000000 -0.00020000
vn -0.00050000 1.00000000 -0.00040000
vn -0.00000000 1.00000000 -0.00050000
vn -0.00290000 1.00000000 -0.00000000
vn -0.00000000 1.00000000 -0.00050000
vn -0.00290000 1.00000000 -0.00000000
vn -0.86120000 0.50820000 -0.00000000
vn -0.00010000 -0.00160000 -1.00000000
vn -0.00180000 -0.00070000 -1.00000000
vn 0.00010000 0.14090000 -0.99000000
vn -0.86480000 0.50210000 -0.00270000
vn 0.86570000 0.50050000 -0.00010000
vn 0.02370000 0.05760000 -0.99810000
vn 0.86550000 0.50090000 -0.00110000
vn -0.86550000 0.50100000 -0.00020000
vn -0.86120000 0.50820000 -0.00000000
vn -0.00290000 1.00000000 -0.00000000
vn -0.00000000 1.00000000 -0.00050000
vn 0.00210000 0.88720000 -0.46150000
vn -0.86550000 0.50100000 -0.00020000
vn -0.86480000 0.50210000 -0.00270000
vn -0.00160000 0.70980000 -0.70440000
vn -0.00050000 1.00000000 -0.00040000
vn 0.02370000 0.05760000 -0.99810000
vn -0.00030000 0.00050000 -1.00000000
vn 0.00230000 0.42420000 -0.90560000
vn -0.86480000 0.50210000 -0.00270000
vn -0.00160000 0.70980000 -0.70440000
vn 0.00010000 0.14090000 -0.99000000
vn 0.00340000 0.74630000 -0.66560000
vn -0.01170000 0.33230000 -0.94310000
vn 0.86550000 0.50090000 -0.00110000
vn 0.00340000 0.74630000 -0.66560000
vn 0.01440000 0.99990000 0.00150000
vn -0.00800000 0.83530000 -0.54980000
vn 0.86430000 0.50300000 -0.00000000
vn 0.86550000 0.50090000 -0.00110000
vn 0.00020000 1.00000000 0.00010000
vn 0.86570000 0.50050000 -0.00010000
vn 0.01440000 0.99990000 0.00150000
vn 0.86430000 0.50300000 -0.00000000
vn 0.01440000 0.99990000 0.00150000
vn 0.00020000 1.00000000 0.00010000
vn -0.16610000 0.98610000 0.00030000
vn -0.93000000 0.36770000 0.00040000
vn -0.91900000 0.39430000 -0.00020000
vn -0.85820000 0.51330000 0.00070000
vn -0.99060000 0.13660000 0.00090000
vn -0.93000000 0.36770000 0.00040000
vn -0.97070000 0.24030000 -0.00070000
vn -0.99060000 0.13660000 0.00090000
vn -0.99910000 0.04190000 -0.00070000
vn -0.99450000 -0.10490000 0.00070000
vn -0.98660000 -0.16310000 -0.00070000
vn -0.99450000 -0.10490000 0.00070000
vn -0.90170000 -0.43230000 -0.00060000
vn -0.67880000 -0.73430000 0.00070000
vn -0.79940000 -0.60080000 -0.00080000
vn -0.16610000 0.98610000 0.00030000
vn -0.41530000 0.90970000 0.00070000
vn -0.18180000 0.98330000 -0.00020000
vn -0.67880000 -0.73430000 0.00070000
vn -0.45690000 -0.88950000 0.00020000
vn -0.48260000 -0.87580000 -0.00060000
vn -0.65640000 -0.75440000 -0.00020000
vn -0.41530000 0.90970000 0.00070000
vn -0.44290000 0.89650000 -0.00030000
vn -0.58660000 0.80980000 0.00020000
vn -0.74340000 0.66890000 0.00090000
vn -0.61710000 0.78690000 -0.00070000
vn -0.58660000 0.80980000 0.00020000
vn -0.35560000 -0.93460000 -0.00060000
vn -0.45690000 -0.88950000 0.00020000
vn -0.25760000 -0.96630000 0.00100000
vn -0.81510000 0.57930000 -0.00090000
vn -0.85820000 0.51330000 0.00070000
vn -0.74340000 0.66890000 0.00090000
vn -0.00090000 -1.00000000 -0.00080000
vn -0.14090000 -0.99000000 -0.00120000
vn -0.25760000 -0.96630000 0.00100000
vn 0.00030000 -1.00000000 -0.00000000
vn 0.00030000 -1.00000000 -0.00000000
vn 0.16090000 -0.98700000 0.00090000
vn 0.93970000 -0.34190000 0.00030000
vn 0.96710000 -0.25440000 -0.00110000
vn 0.99520000 -0.09800000 -0.00020000
vn 0.99770000 0.06720000 0.00080000
vn 0.96550000 0.26050000 0.00070000
vn 0.99770000 0.06720000 0.00080000
vn 0.99130000 0.13150000 -0.00060000
vn 0.87650000 0.48140000 0.00110000
vn 0.94400000 0.32990000 -0.00050000
vn 0.96550000 0.26050000 0.00070000
vn 0.50000000 0.86600000 -0.00140000
vn 0.58440000 0.81140000 0.00030000
vn 0.38540000 0.92270000 -0.00010000
vn 0.33740000 -0.94140000 0.00030000
vn 0.16090000 -0.98700000 0.00090000
vn 0.27190000 -0.96230000 -0.00120000
vn 0.87650000 0.48140000 0.00110000
vn 0.84450000 0.53550000 -0.00040000
vn 0.73870000 0.67400000 0.00070000
vn 0.33740000 -0.94140000 0.00030000
vn 0.49930000 -0.86650000 0.00070000
vn 0.44390000 -0.89610000 -0.00040000
vn 0.62480000 -0.78080000 -0.00070000
vn 0.49930000 -0.86650000 0.00070000
vn 0.66500000 -0.74680000 0.00050000
vn 0.58440000 0.81140000 0.00030000
vn 0.67010000 0.74220000 -0.00130000
vn 0.73870000 0.67400000 0.00070000
vn 0.66500000 -0.74680000 0.00050000
vn 0.81330000 -0.58190000 -0.00090000
vn 0.85950000 -0.51110000 0.00020000
vn 0.93970000 -0.34190000 0.00030000
vn 0.85950000 -0.51110000 0.00020000
vn 0.90260000 -0.43040000 -0.00100000
vn 0.35470000 0.93500000 -0.00080000
vn 0.38540000 0.92270000 -0.00010000
vn 0.17200000 0.98510000 -0.00040000
vn 0.16230000 0.98670000 -0.00010000
vn 0.02760000 0.99960000 0.00060000
vn 0.17200000 0.98510000 -0.00040000
vn 0.02760000 0.99960000 0.00060000
vn -0.00000000 1.00000000 -0.00020000
vn -0.00000000 1.00000000 -0.00020000
vn -0.00000000 1.00000000 -0.00020000
vn -0.00000000 1.00000000 -0.00020000
vn -0.00000000 1.00000000 -0.00020000
vn -0.00000000 1.00000000 -0.00020000
vn -0.00000000 1.00000000 -0.00020000
vn -0.00000000 1.00000000 -0.00020000
vn 0.17200000 0.98510000 -0.00040000
vn 0.14110000 0.91930000 -0.36750000
vn 0.02760000 0.99960000 0.00060000
vn 0.00210000 0.88720000 -0.46150000
vn -0.00050000 1.00000000 -0.00040000
vn 0.16230000 0.98670000 -0.00010000
vn -0.00000000 1.00000000 -0.00020000
vn 0.19700000 0.61030000 -0.76730000
vn -0.00030000 0.00050000 -1.00000000
vn 0.00230000 0.42420000 -0.90560000
vn 0.00110000 0.00050000 -1.00000000
vn 0.00760000 0.00900000 -0.99990000
vn 0.20790000 0.56490000 -0.79850000
vn -0.16760000 -0.65520000 -0.73660000
vn -0.00180000 -0.00070000 -1.00000000
vn -0.00010000 -0.00160000 -1.00000000
vn 0.00160000 0.00740000 -1.00000000
vn -0.00780000 -0.00460000 -1.00000000
vn 0.00400000 0.00220000 -1.00000000
vn -0.00560000 -0.00110000 -1.00000000
vn -0.00040000 -0.62500000 -0.78060000
vn 0.00160000 -0.42050000 -0.90730000
vn -0.00110000 0.00230000 -1.00000000
vn -0.17620000 -0.59990000 -0.78040000
vn 0.00160000 0.00740000 -1.00000000
vn -0.21950000 -0.28780000 -0.93220000
vn -0.25840000 -0.57980000 -0.77270000
vn -0.17620000 -0.59990000 -0.78040000
vn 0.54000000 0.22040000 -0.81230000
vn 0.10060000 0.09700000 -0.99020000
vn 0.31440000 0.07350000 -0.94640000
vn 0.50530000 0.30090000 -0.80880000
vn 0.00760000 0.00900000 -0.99990000
vn 0.00110000 0.00050000 -1.00000000
vn -0.00560000 0.00360000 -1.00000000
vn 0.09520000 -0.03400000 -0.99490000
vn 0.47040000 0.05650000 -0.88060000
vn 0.35040000 -0.06310000 -0.93450000
vn 0.31440000 0.07350000 -0.94640000
vn 0.00820000 -0.00710000 -0.99990000
vn -0.00560000 0.00360000 -1.00000000
vn -0.00010000 -0.00160000 -1.00000000
vn -0.00030000 0.00050000 -1.00000000
vn 0.23780000 -0.50930000 -0.82710000
vn 0.21670000 -0.56850000 -0.79360000
vn 0.00110000 0.00050000 -1.00000000
vn 0.02370000 0.05760000 -0.99810000
vn 0.00160000 -0.42050000 -0.90730000
vn -0.00560000 0.00360000 -1.00000000
vn 0.00820000 -0.00710000 -0.99990000
vn 0.01260000 -0.01370000 -0.99980000
vn 0.00160000 0.00740000 -1.00000000
vn -0.34990000 -0.40260000 -0.84590000
vn -0.21950000 -0.28780000 -0.93220000
vn -0.52460000 -0.42770000 -0.73610000
vn -0.00110000 0.00230000 -1.00000000
vn -0.35090000 -0.15670000 -0.92320000
vn -0.12890000 0.55770000 -0.82000000
vn -0.00560000 -0.00110000 -1.00000000
vn -0.00180000 -0.00070000 -1.00000000
vn 0.00010000 0.14090000 -0.99000000
vn -0.01170000 0.33230000 -0.94310000
vn -0.18180000 0.27340000 -0.94460000
vn -0.25840000 0.54010000 -0.80090000
vn 0.33780000 0.58940000 -0.73380000
vn 0.36750000 0.47390000 -0.80020000
vn 0.20790000 0.56490000 -0.79850000
vn 0.00760000 0.00900000 -0.99990000
vn 0.10060000 0.09700000 -0.99020000
vn -0.45870000 0.38220000 -0.80220000
vn -0.29980000 0.19780000 -0.93330000
vn -0.18180000 0.27340000 -0.94460000
vn -0.00560000 -0.00110000 -1.00000000
vn 0.00400000 0.00220000 -1.00000000
vn -0.39220000 0.45040000 -0.80210000
vn -0.65010000 0.26500000 -0.71210000
vn -0.58850000 0.15810000 -0.79290000
vn 0.00400000 0.00220000 -1.00000000
vn -0.28850000 0.03580000 -0.95680000
vn -0.00780000 -0.00460000 -1.00000000
vn -0.60880000 0.28360000 -0.74090000
vn -0.29980000 0.19780000 -0.93330000
vn -0.74560000 -0.16970000 -0.64440000
vn -0.28850000 0.03580000 -0.95680000
vn -0.00110000 0.00230000 -1.00000000
vn -0.74150000 -0.05050000 -0.66910000
vn -0.35090000 -0.15670000 -0.92320000
vn -0.78410000 -0.14180000 -0.60420000
vn -0.00780000 -0.00460000 -1.00000000
vn -0.17620000 0.87270000 -0.45540000
vn -0.01170000 0.33230000 -0.94310000
vn -0.16970000 0.88440000 -0.43470000
vn 0.00340000 0.74630000 -0.66560000
vn -0.12890000 0.55770000 -0.82000000
vn -0.00800000 0.83530000 -0.54980000
vn -0.18180000 0.98330000 -0.00020000
vn -0.16610000 0.98610000 0.00030000
vn 0.00020000 1.00000000 0.00010000
vn -0.00800000 0.83530000 -0.54980000
vn -0.16970000 0.88440000 -0.43470000
vn -0.41530000 0.90970000 0.00070000
vn -0.16970000 0.88440000 -0.43470000
vn -0.44290000 0.89650000 -0.00030000
vn -0.17620000 0.87270000 -0.45540000
vn -0.37010000 0.81000000 -0.45500000
vn -0.18180000 0.98330000 -0.00020000
vn -0.63320000 -0.69170000 -0.34740000
vn -0.67880000 -0.73430000 0.00070000
vn -0.68280000 -0.56510000 -0.46310000
vn -0.65640000 -0.75440000 -0.00020000
vn -0.79940000 -0.60080000 -0.00080000
vn -0.72500000 0.56200000 -0.39820000
vn -0.74340000 0.66890000 0.00090000
vn -0.59070000 0.70530000 -0.39180000
vn -0.81510000 0.57930000 -0.00090000
vn -0.61710000 0.78690000 -0.00070000
vn -0.21290000 -0.82760000 -0.51940000
vn -0.25760000 -0.96630000 0.00100000
vn -0.35560000 -0.93460000 -0.00060000
vn -0.14090000 -0.99000000 -0.00120000
vn 0.00180000 -0.78860000 -0.61490000
vn 0.27190000 -0.96230000 -0.00120000
vn 0.22610000 -0.89670000 -0.38060000
vn 0.00030000 -1.00000000 -0.00000000
vn -0.00090000 -1.00000000 -0.00080000
vn 0.16090000 -0.98700000 0.00090000
vn 0.87650000 0.48140000 0.00110000
vn 0.94400000 0.32990000 -0.00050000
vn 0.84440000 0.31760000 -0.43140000
vn 0.84450000 0.53550000 -0.00040000
vn 0.78430000 0.48090000 -0.39200000
vn 0.49930000 -0.86650000 0.00070000
vn 0.45070000 -0.73680000 -0.50400000
vn 0.57910000 -0.71890000 -0.38460000
vn 0.62480000 -0.78080000 -0.00070000
vn 0.44390000 -0.89610000 -0.00040000
vn 0.71280000 -0.57270000 -0.40490000
vn 0.66500000 -0.74680000 0.00050000
vn 0.57910000 -0.71890000 -0.38460000
vn 0.58440000 -0.68040000 -0.44220000
vn 0.62480000 -0.78080000 -0.00070000
vn 0.81330000 -0.58190000 -0.00090000
vn 0.35470000 0.93500000 -0.00080000
vn 0.14110000 0.91930000 -0.36750000
vn 0.16230000 0.98670000 -0.00010000
vn 0.21200000 0.81840000 -0.53420000
vn 0.85950000 -0.51110000 0.00020000
vn 0.90260000 -0.43040000 -0.00100000
vn 0.53050000 -0.29060000 -0.79630000
vn 0.81330000 -0.58190000 -0.00090000
vn 0.62140000 -0.28250000 -0.73080000
vn 0.54370000 -0.38570000 -0.74540000
vn 0.71280000 -0.57270000 -0.40490000
vn 0.65220000 -0.16200000 -0.74050000
vn 0.09520000 -0.03400000 -0.99490000
vn 0.62140000 -0.28250000 -0.73080000
vn 0.35040000 -0.06310000 -0.93450000
vn 0.53050000 -0.29060000 -0.79630000
vn 0.62140000 -0.28250000 -0.73080000
vn 0.71320000 -0.15770000 -0.68300000
vn 0.65220000 -0.16200000 -0.74050000
vn 0.90260000 -0.43040000 -0.00100000
vn 0.93970000 -0.34190000 0.00030000
vn 0.96710000 -0.25440000 -0.00110000
vn 0.47040000 0.05650000 -0.88060000
vn 0.71320000 -0.15770000 -0.68300000
vn 0.35040000 -0.06310000 -0.93450000
vn 0.65220000 -0.16200000 -0.74050000
vn 0.84000000 -0.06350000 -0.53880000
vn 0.77100000 0.08350000 -0.63130000
vn 0.99520000 -0.09800000 -0.00020000
vn 0.71320000 -0.15770000 -0.68300000
vn 0.84000000 -0.06350000 -0.53880000
vn 0.96710000 -0.25440000 -0.00110000
vn 0.99770000 0.06720000 0.00080000
vn 0.99130000 0.13150000 -0.00060000
vn 0.81050000 0.10890000 -0.57550000
vn 0.77100000 0.08350000 -0.63130000
vn 0.84000000 -0.06350000 -0.53880000
vn 0.99520000 -0.09800000 -0.00020000
vn 0.81050000 0.10890000 -0.57550000
vn 0.77800000 0.26060000 -0.57170000
vn 0.31440000 0.07350000 -0.94640000
vn 0.77100000 0.08350000 -0.63130000
vn 0.47040000 0.05650000 -0.88060000
vn 0.54000000 0.22040000 -0.81230000
vn 0.84440000 0.31760000 -0.43140000
vn 0.94400000 0.32990000 -0.00050000
vn 0.96550000 0.26050000 0.00070000
vn 0.81050000 0.10890000 -0.57550000
vn 0.77800000 0.26060000 -0.57170000
vn 0.99130000 0.13150000 -0.00060000
vn 0.84440000 0.31760000 -0.43140000
vn 0.50530000 0.30090000 -0.80880000
vn 0.78430000 0.48090000 -0.39200000
vn 0.77800000 0.26060000 -0.57170000
vn 0.54000000 0.22040000 -0.81230000
vn 0.63900000 0.44920000 -0.62430000
vn 0.60850000 0.50280000 -0.61400000
vn 0.63900000 0.44920000 -0.62430000
vn 0.10060000 0.09700000 -0.99020000
vn 0.50530000 0.30090000 -0.80880000
vn 0.36750000 0.47390000 -0.80020000
vn -0.00040000 -0.62500000 -0.78060000
vn 0.00160000 -0.42050000 -0.90730000
vn 0.00180000 -0.78860000 -0.61490000
vn 0.23780000 -0.50930000 -0.82710000
vn 0.22610000 -0.89670000 -0.38060000
vn 0.84450000 0.53550000 -0.00040000
vn 0.78430000 0.48090000 -0.39200000
vn 0.63900000 0.44920000 -0.62430000
vn 0.65270000 0.69130000 -0.30980000
vn 0.67010000 0.74220000 -0.00130000
vn 0.73870000 0.67400000 0.00070000
vn 0.60850000 0.50280000 -0.61400000
vn 0.01260000 -0.01370000 -0.99980000
vn 0.21670000 -0.56850000 -0.79360000
vn 0.23510000 -0.27480000 -0.93230000
vn 0.29010000 -0.58310000 -0.75880000
vn 0.60850000 0.50280000 -0.61400000
vn 0.65270000 0.69130000 -0.30980000
vn 0.33740000 -0.94140000 0.00030000
vn 0.22610000 -0.89670000 -0.38060000
vn 0.23780000 -0.50930000 -0.82710000
vn 0.21670000 -0.56850000 -0.79360000
vn 0.29010000 -0.58310000 -0.75880000
vn 0.27190000 -0.96230000 -0.00120000
vn 0.44390000 -0.89610000 -0.00040000
vn 0.45070000 -0.73680000 -0.50400000
vn 0.58440000 -0.68040000 -0.44220000
vn 0.29010000 -0.58310000 -0.75880000
vn 0.23510000 -0.27480000 -0.93230000
vn 0.57910000 -0.71890000 -0.38460000
vn 0.38600000 -0.37460000 -0.84310000
vn 0.45070000 -0.73680000 -0.50400000
vn 0.33780000 0.58940000 -0.73380000
vn 0.50000000 0.86600000 -0.00140000
vn 0.36750000 0.47390000 -0.80020000
vn 0.67010000 0.74220000 -0.00130000
vn 0.65270000 0.69130000 -0.30980000
vn 0.58440000 0.81140000 0.00030000
vn 0.54370000 -0.38570000 -0.74540000
vn 0.71280000 -0.57270000 -0.40490000
vn 0.58440000 -0.68040000 -0.44220000
vn 0.38600000 -0.37460000 -0.84310000
vn 0.23510000 -0.27480000 -0.93230000
vn 0.38600000 -0.37460000 -0.84310000
vn 0.54370000 -0.38570000 -0.74540000
vn 0.01260000 -0.01370000 -0.99980000
vn 0.53050000 -0.29060000 -0.79630000
vn 0.09520000 -0.03400000 -0.99490000
vn 0.00820000 -0.00710000 -0.99990000
vn 0.38540000 0.92270000 -0.00010000
vn 0.50000000 0.86600000 -0.00140000
vn 0.21200000 0.81840000 -0.53420000
vn 0.19700000 0.61030000 -0.76730000
vn 0.20790000 0.56490000 -0.79850000
vn 0.35470000 0.93500000 -0.00080000
vn 0.33780000 0.58940000 -0.73380000
vn 0.00210000 0.88720000 -0.46150000
vn 0.19700000 0.61030000 -0.76730000
vn 0.00230000 0.42420000 -0.90560000
vn 0.14110000 0.91930000 -0.36750000
vn 0.21200000 0.81840000 -0.53420000
vn -0.00160000 0.70980000 -0.70440000
vn -0.65010000 0.26500000 -0.71210000
vn -0.60880000 0.28360000 -0.74090000
vn -0.85820000 0.51330000 0.00070000
vn -0.72500000 0.56200000 -0.39820000
vn -0.81510000 0.57930000 -0.00090000
vn -0.64120000 0.46890000 -0.60740000
vn -0.91900000 0.39430000 -0.00020000
vn -0.29980000 0.19780000 -0.93330000
vn -0.64120000 0.46890000 -0.60740000
vn -0.65010000 0.26500000 -0.71210000
vn -0.45870000 0.38220000 -0.80220000
vn -0.93000000 0.36770000 0.00040000
vn -0.58850000 0.15810000 -0.79290000
vn -0.97070000 0.24030000 -0.00070000
vn -0.60880000 0.28360000 -0.74090000
vn -0.77610000 0.13590000 -0.61580000
vn -0.91900000 0.39430000 -0.00020000
vn -0.77610000 0.13590000 -0.61580000
vn -0.84210000 0.03510000 -0.53820000
vn -0.74150000 -0.05050000 -0.66910000
vn -0.58850000 0.15810000 -0.79290000
vn -0.28850000 0.03580000 -0.95680000
vn -0.99060000 0.13660000 0.00090000
vn -0.97070000 0.24030000 -0.00070000
vn -0.77610000 0.13590000 -0.61580000
vn -0.99910000 0.04190000 -0.00070000
vn -0.84210000 0.03510000 -0.53820000
vn -0.99450000 -0.10490000 0.00070000
vn -0.98660000 -0.16310000 -0.00070000
vn -0.78410000 -0.14180000 -0.60420000
vn -0.74150000 -0.05050000 -0.66910000
vn -0.99910000 0.04190000 -0.00070000
vn -0.84210000 0.03510000 -0.53820000
vn -0.85430000 -0.40070000 -0.33090000
vn -0.74560000 -0.16970000 -0.64440000
vn -0.98660000 -0.16310000 -0.00070000
vn -0.90170000 -0.43230000 -0.00060000
vn -0.78410000 -0.14180000 -0.60420000
vn -0.74560000 -0.16970000 -0.64440000
vn -0.69120000 -0.40990000 -0.59520000
vn -0.35090000 -0.15670000 -0.92320000
vn -0.85430000 -0.40070000 -0.33090000
vn -0.69120000 -0.40990000 -0.59520000
vn -0.63320000 -0.48750000 -0.60120000
vn -0.52460000 -0.42770000 -0.73610000
vn -0.36130000 0.70920000 -0.60540000
vn -0.25840000 0.54010000 -0.80090000
vn -0.17620000 0.87270000 -0.45540000
vn -0.37010000 0.81000000 -0.45500000
vn -0.12890000 0.55770000 -0.82000000
vn -0.63320000 -0.48750000 -0.60120000
vn -0.90170000 -0.43230000 -0.00060000
vn -0.68280000 -0.56510000 -0.46310000
vn -0.69120000 -0.40990000 -0.59520000
vn -0.85430000 -0.40070000 -0.33090000
vn -0.79940000 -0.60080000 -0.00080000
vn -0.68280000 -0.56510000 -0.46310000
vn -0.63320000 -0.69170000 -0.34740000
vn -0.47280000 -0.62920000 -0.61690000
vn -0.63320000 -0.48750000 -0.60120000
vn -0.34990000 -0.40260000 -0.84590000
vn -0.52460000 -0.42770000 -0.73610000
vn -0.48760000 0.63420000 -0.60000000
vn -0.36130000 0.70920000 -0.60540000
vn -0.18180000 0.27340000 -0.94460000
vn -0.25840000 0.54010000 -0.80090000
vn -0.39220000 0.45040000 -0.80210000
vn -0.34990000 -0.40260000 -0.84590000
vn -0.43280000 -0.69840000 -0.57000000
vn -0.21950000 -0.28780000 -0.93220000
vn -0.47280000 -0.62920000 -0.61690000
vn -0.25840000 -0.57980000 -0.77270000
vn -0.61710000 0.78690000 -0.00070000
vn -0.58660000 0.80980000 0.00020000
vn -0.59070000 0.70530000 -0.39180000
vn -0.48760000 0.63420000 -0.60000000
vn -0.37010000 0.81000000 -0.45500000
vn -0.36130000 0.70920000 -0.60540000
vn -0.44290000 0.89650000 -0.00030000
vn -0.48260000 -0.87580000 -0.00060000
vn -0.47280000 -0.62920000 -0.61690000
vn -0.43280000 -0.69840000 -0.57000000
vn -0.63320000 -0.69170000 -0.34740000
vn -0.65640000 -0.75440000 -0.00020000
vn -0.48760000 0.63420000 -0.60000000
vn -0.39220000 0.45040000 -0.80210000
vn -0.59070000 0.70530000 -0.39180000
vn -0.72500000 0.56200000 -0.39820000
vn -0.64120000 0.46890000 -0.60740000
vn -0.45870000 0.38220000 -0.80220000
vn -0.21290000 -0.82760000 -0.51940000
vn -0.43280000 -0.69840000 -0.57000000
vn -0.35560000 -0.93460000 -0.00060000
vn -0.48260000 -0.87580000 -0.00060000
vn -0.16760000 -0.65520000 -0.73660000
vn -0.17620000 -0.59990000 -0.78040000
vn -0.45690000 -0.88950000 0.00020000
vn -0.25840000 -0.57980000 -0.77270000
vn 0.00180000 -0.78860000 -0.61490000
vn -0.21290000 -0.82760000 -0.51940000
vn -0.00040000 -0.62500000 -0.78060000
vn -0.16760000 -0.65520000 -0.73660000
vn -0.00090000 -1.00000000 -0.00080000
vn -0.14090000 -0.99000000 -0.00120000
vn 0.86570000 -0.50050000 0.00010000
vn -0.86550000 -0.50100000 0.00020000
vn -0.00050000 -1.00000000 0.00040000
vn -0.00000000 -1.00000000 0.00020000
vn -0.00000000 -1.00000000 0.00050000
vn -0.00000000 -1.00000000 0.00050000
vn -0.00290000 -1.00000000 -0.00000000
vn -0.00290000 -1.00000000 -0.00000000
vn -0.00180000 0.00070000 1.00000000
vn -0.00010000 0.00160000 1.00000000
vn -0.86550000 -0.50100000 0.00020000
vn 0.02370000 -0.05760000 0.99810000
vn 0.86550000 -0.50090000 0.00110000
vn 0.86570000 -0.50050000 0.00010000
vn 0.00010000 -0.14090000 0.99000000
vn -0.86550000 -0.50100000 0.00020000
vn 0.00210000 -0.88720000 0.46150000
vn -0.00290000 -1.00000000 -0.00000000
vn -0.00000000 -1.00000000 0.00050000
vn -0.00050000 -1.00000000 0.00040000
vn -0.00160000 -0.70980000 0.70440000
vn 0.02370000 -0.05760000 0.99810000
vn -0.00160000 -0.70980000 0.70440000
vn 0.00230000 -0.42420000 0.90560000
vn -0.00030000 -0.00050000 1.00000000
vn 0.86550000 -0.50090000 0.00110000
vn 0.00340000 -0.74630000 0.66560000
vn -0.01170000 -0.33230000 0.94310000
vn 0.00010000 -0.14090000 0.99000000
vn 0.86570000 -0.50050000 0.00010000
vn 0.01440000 -0.99990000 -0.00150000
vn -0.00800000 -0.83530000 0.54980000
vn 0.86550000 -0.50090000 0.00110000
vn 0.00020000 -1.00000000 -0.00010000
vn 0.00340000 -0.74630000 0.66560000
vn 0.01440000 -0.99990000 -0.00150000
vn -0.16610000 -0.98610000 -0.00030000
vn 0.01440000 -0.99990000 -0.00150000
vn 0.00020000 -1.00000000 -0.00010000
vn -0.91900000 -0.39430000 0.00020000
vn -0.97070000 -0.24030000 0.00070000
vn -0.99060000 -0.13660000 -0.00090000
vn -0.99450000 0.10490000 -0.00070000
vn -0.99910000 -0.04190000 0.00070000
vn -0.99060000 -0.13660000 -0.00090000
vn -0.98660000 0.16310000 0.00070000
vn -0.93980000 0.34160000 -0.00080000
vn -0.99450000 0.10490000 -0.00070000
vn -0.93980000 0.34160000 -0.00080000
vn -0.86650000 0.49910000 -0.00100000
vn -0.90170000 0.43230000 0.00060000
vn -0.79940000 0.60080000 0.00080000
vn -0.86650000 0.49910000 -0.00100000
vn -0.67880000 0.73430000 -0.00070000
vn -0.16610000 -0.98610000 -0.00030000
vn -0.18180000 -0.98330000 0.00020000
vn -0.41530000 -0.90970000 -0.00070000
vn -0.65640000 0.75440000 0.00020000
vn -0.67880000 0.73430000 -0.00070000
vn -0.48260000 0.87580000 0.00060000
vn -0.45690000 0.88950000 -0.00020000
vn -0.44290000 -0.89650000 0.00030000
vn -0.41530000 -0.90970000 -0.00070000
vn -0.61710000 -0.78690000 0.00070000
vn -0.45690000 0.88950000 -0.00020000
vn -0.25760000 0.96630000 -0.00100000
vn -0.35560000 0.93460000 0.00060000
vn -0.81510000 -0.57930000 0.00090000
vn -0.00090000 1.00000000 0.00080000
vn 0.00030000 1.00000000 -0.00000000
vn -0.25760000 0.96630000 -0.00100000
vn -0.14090000 0.99000000 0.00120000
vn 0.00030000 1.00000000 -0.00000000
vn 0.96710000 0.25440000 0.00110000
vn 0.99230000 0.12360000 -0.00030000
vn 0.93970000 0.34190000 -0.00030000
vn 0.99770000 -0.06720000 -0.00080000
vn 0.99230000 0.12360000 -0.00030000
vn 0.99520000 0.09800000 0.00020000
vn 0.99770000 -0.06720000 -0.00080000
vn 0.99130000 -0.13150000 0.00060000
vn 0.96550000 -0.26050000 -0.00070000
vn 0.87650000 -0.48140000 -0.00110000
vn 0.94400000 -0.32990000 0.00050000
vn 0.96550000 -0.26050000 -0.00070000
vn 0.38540000 -0.92270000 0.00010000
vn 0.58440000 -0.81140000 -0.00030000
vn 0.50000000 -0.86600000 0.00140000
vn 0.27190000 0.96230000 0.00120000
vn 0.87650000 -0.48140000 -0.00110000
vn 0.73870000 -0.67400000 -0.00070000
vn 0.84450000 -0.53550000 0.00040000
vn 0.49930000 0.86650000 -0.00070000
vn 0.44390000 0.89610000 0.00040000
vn 0.66500000 0.74680000 -0.00050000
vn 0.49930000 0.86650000 -0.00070000
vn 0.62480000 0.78080000 0.00070000
vn 0.58440000 -0.81140000 -0.00030000
vn 0.73870000 -0.67400000 -0.00070000
vn 0.67010000 -0.74220000 0.00130000
vn 0.76940000 0.63880000 -0.00050000
vn 0.66500000 0.74680000 -0.00050000
vn 0.81330000 0.58190000 0.00090000
vn 0.76940000 0.63880000 -0.00050000
vn 0.85950000 0.51110000 -0.00020000
vn 0.90260000 0.43040000 0.00100000
vn 0.85950000 0.51110000 -0.00020000
vn 0.93970000 0.34190000 -0.00030000
vn 0.16230000 -0.98670000 0.00010000
vn 0.17200000 -0.98510000 0.00040000
vn 0.35470000 -0.93500000 0.00080000
vn 0.38540000 -0.92270000 0.00010000
vn 0.02760000 -0.99960000 -0.00060000
vn 0.17200000 -0.98510000 0.00040000
vn -0.00000000 -1.00000000 0.00020000
vn 0.02760000 -0.99960000 -0.00060000
vn -0.00000000 -1.00000000 0.00020000
vn -0.00000000 -1.00000000 0.00020000
vn -0.00000000 -1.00000000 0.00020000
vn -0.00000000 -1.00000000 0.00020000
vn -0.00000000 -1.00000000 0.00020000
vn -0.00000000 -1.00000000 0.00020000
vn -0.00000000 -1.00000000 0.00020000
vn 0.02760000 -0.99960000 -0.00060000
vn 0.17200000 -0.98510000 0.00040000
vn -0.00050000 -1.00000000 0.00040000
vn -0.00000000 -1.00000000 0.00020000
vn 0.00210000 -0.88720000 0.46150000
vn 0.16230000 -0.98670000 0.00010000
vn 0.14110000 -0.91930000 0.36750000
vn 0.00110000 -0.00050000 1.00000000
vn 0.19700000 -0.61030000 0.76730000
vn 0.00760000 -0.00900000 0.99990000
vn 0.20790000 -0.56490000 0.79850000
vn -0.00030000 -0.00050000 1.00000000
vn 0.00230000 -0.42420000 0.90560000
vn -0.17620000 0.59990000 0.78040000
vn -0.00110000 -0.00230000 1.00000000
vn -0.00780000 0.00460000 1.00000000
vn 0.00160000 -0.00740000 1.00000000
vn -0.16760000 0.65520000 0.73660000
vn -0.00180000 0.00070000 1.00000000
vn 0.00160000 0.42050000 0.90730000
vn -0.00010000 0.00160000 1.00000000
vn -0.00560000 0.00110000 1.00000000
vn 0.00400000 -0.00220000 1.00000000
vn -0.00040000 0.62500000 0.78060000
vn 0.00160000 -0.00740000 1.00000000
vn -0.17620000 0.59990000 0.78040000
vn -0.25840000 0.57980000 0.77270000
vn -0.21950000 0.28780000 0.93220000
vn 0.00760000 -0.00900000 0.99990000
vn 0.10060000 -0.09700000 0.99020000
vn 0.00110000 -0.00050000 1.00000000
vn 0.31440000 -0.07350000 0.94640000
vn -0.00560000 -0.00360000 1.00000000
vn 0.50530000 -0.30090000 0.80880000
vn 0.54000000 -0.22040000 0.81230000
vn 0.47040000 -0.05650000 0.88060000
vn 0.31440000 -0.07350000 0.94640000
vn 0.35040000 0.06310000 0.93450000
vn 0.09520000 0.03400000 0.99490000
vn 0.00820000 0.00710000 0.99990000
vn -0.00560000 -0.00360000 1.00000000
vn 0.02370000 -0.05760000 0.99810000
vn 0.23780000 0.50930000 0.82710000
vn -0.00010000 0.00160000 1.00000000
vn 0.00160000 0.42050000 0.90730000
vn 0.01260000 0.01370000 0.99980000
vn 0.00820000 0.00710000 0.99990000
vn 0.00110000 -0.00050000 1.00000000
vn 0.21670000 0.56850000 0.79360000
vn -0.00030000 -0.00050000 1.00000000
vn -0.00560000 -0.00360000 1.00000000
vn -0.35090000 0.15670000 0.92320000
vn -0.52460000 0.42770000 0.73610000
vn -0.21950000 0.28780000 0.93220000
vn -0.34990000 0.40260000 0.84590000
vn -0.00110000 -0.00230000 1.00000000
vn 0.00160000 -0.00740000 1.00000000
vn -0.01170000 -0.33230000 0.94310000
vn -0.12890000 -0.55770000 0.82000000
vn -0.18180000 -0.27340000 0.94460000
vn -0.00180000 0.00070000 1.00000000
vn -0.25840000 -0.54010000 0.80090000
vn 0.00010000 -0.14090000 0.99000000
vn -0.00560000 0.00110000 1.00000000
vn 0.20790000 -0.56490000 0.79850000
vn 0.33780000 -0.58940000 0.73380000
vn 0.00760000 -0.00900000 0.99990000
vn 0.10060000 -0.09700000 0.99020000
vn 0.36750000 -0.47390000 0.80020000
vn -0.39220000 -0.45040000 0.80210000
vn 0.00400000 -0.00220000 1.00000000
vn -0.00560000 0.00110000 1.00000000
vn -0.18180000 -0.27340000 0.94460000
vn -0.45870000 -0.38220000 0.80220000
vn -0.29980000 -0.19780000 0.93330000
vn -0.29980000 -0.19780000 0.93330000
vn -0.58850000 -0.15810000 0.79290000
vn -0.28850000 -0.03580000 0.95680000
vn -0.65010000 -0.26500000 0.71210000
vn -0.60880000 -0.28360000 0.74090000
vn 0.00400000 -0.00220000 1.00000000
vn -0.00780000 0.00460000 1.00000000
vn -0.74150000 0.05050000 0.66910000
vn -0.74560000 0.16970000 0.64440000
vn -0.35090000 0.15670000 0.92320000
vn -0.00110000 -0.00230000 1.00000000
vn -0.78410000 0.14180000 0.60420000
vn -0.28850000 -0.03580000 0.95680000
vn -0.00780000 0.00460000 1.00000000
vn -0.01170000 -0.33230000 0.94310000
vn -0.17620000 -0.87270000 0.45540000
vn -0.16970000 -0.88440000 0.43470000
vn 0.00340000 -0.74630000 0.66560000
vn -0.00800000 -0.83530000 0.54980000
vn -0.12890000 -0.55770000 0.82000000
vn -0.16970000 -0.88440000 0.43470000
vn 0.00020000 -1.00000000 -0.00010000
vn -0.18180000 -0.98330000 0.00020000
vn -0.00800000 -0.83530000 0.54980000
vn -0.16610000 -0.98610000 -0.00030000
vn -0.18180000 -0.98330000 0.00020000
vn -0.37010000 -0.81000000 0.45500000
vn -0.44290000 -0.89650000 0.00030000
vn -0.41530000 -0.90970000 -0.00070000
vn -0.16970000 -0.88440000 0.43470000
vn -0.17620000 -0.87270000 0.45540000
vn -0.68280000 0.56510000 0.46310000
vn -0.67880000 0.73430000 -0.00070000
vn -0.65640000 0.75440000 0.00020000
vn -0.63320000 0.69170000 0.34740000
vn -0.79940000 0.60080000 0.00080000
vn -0.61710000 -0.78690000 0.00070000
vn -0.81510000 -0.57930000 0.00090000
vn -0.72500000 -0.56200000 0.39820000
vn -0.59070000 -0.70530000 0.39180000
vn -0.14090000 0.99000000 0.00120000
vn -0.21290000 0.82760000 0.51940000
vn -0.35560000 0.93460000 0.00060000
vn -0.25760000 0.96630000 -0.00100000
vn 0.00180000 0.78860000 0.61490000
vn 0.27190000 0.96230000 0.00120000
vn 0.22610000 0.89670000 0.38060000
vn -0.00090000 1.00000000 0.00080000
vn 0.00030000 1.00000000 -0.00000000
vn 0.84440000 -0.31760000 0.43140000
vn 0.84450000 -0.53550000 0.00040000
vn 0.87650000 -0.48140000 -0.00110000
vn 0.94400000 -0.32990000 0.00050000
vn 0.78430000 -0.48090000 0.39200000
vn 0.44390000 0.89610000 0.00040000
vn 0.49930000 0.86650000 -0.00070000
vn 0.62480000 0.78080000 0.00070000
vn 0.45070000 0.73680000 0.50400000
vn 0.57910000 0.71890000 0.38460000
vn 0.62480000 0.78080000 0.00070000
vn 0.66500000 0.74680000 -0.00050000
vn 0.81330000 0.58190000 0.00090000
vn 0.76940000 0.63880000 -0.00050000
vn 0.57910000 0.71890000 0.38460000
vn 0.58440000 0.68040000 0.44220000
vn 0.71280000 0.57270000 0.40490000
vn 0.14110000 -0.91930000 0.36750000
vn 0.35470000 -0.93500000 0.00080000
vn 0.21200000 -0.81840000 0.53420000
vn 0.16230000 -0.98670000 0.00010000
vn 0.85950000 0.51110000 -0.00020000
vn 0.90260000 0.43040000 0.00100000
vn 0.54370000 0.38570000 0.74540000
vn 0.81330000 0.58190000 0.00090000
vn 0.71280000 0.57270000 0.40490000
vn 0.62140000 0.28250000 0.73080000
vn 0.53050000 0.29060000 0.79630000
vn 0.53050000 0.29060000 0.79630000
vn 0.65220000 0.16200000 0.74050000
vn 0.09520000 0.03400000 0.99490000
vn 0.35040000 0.06310000 0.93450000
vn 0.62140000 0.28250000 0.73080000
vn 0.71320000 0.15770000 0.68300000
vn 0.65220000 0.16200000 0.74050000
vn 0.62140000 0.28250000 0.73080000
vn 0.93970000 0.34190000 -0.00030000
vn 0.96710000 0.25440000 0.00110000
vn 0.90260000 0.43040000 0.00100000
vn 0.77100000 -0.08350000 0.63130000
vn 0.47040000 -0.05650000 0.88060000
vn 0.84000000 0.06350000 0.53880000
vn 0.71320000 0.15770000 0.68300000
vn 0.35040000 0.06310000 0.93450000
vn 0.65220000 0.16200000 0.74050000
vn 0.96710000 0.25440000 0.00110000
vn 0.99230000 0.12360000 -0.00030000
vn 0.99520000 0.09800000 0.00020000
vn 0.71320000 0.15770000 0.68300000
vn 0.84000000 0.06350000 0.53880000
vn 0.99770000 -0.06720000 -0.00080000
vn 0.99130000 -0.13150000 0.00060000
vn 0.77100000 -0.08350000 0.63130000
vn 0.81050000 -0.10890000 0.57550000
vn 0.84000000 0.06350000 0.53880000
vn 0.99520000 0.09800000 0.00020000
vn 0.47040000 -0.05650000 0.88060000
vn 0.77100000 -0.08350000 0.63130000
vn 0.54000000 -0.22040000 0.81230000
vn 0.31440000 -0.07350000 0.94640000
vn 0.81050000 -0.10890000 0.57550000
vn 0.77800000 -0.26060000 0.57170000
vn 0.94400000 -0.32990000 0.00050000
vn 0.84440000 -0.31760000 0.43140000
vn 0.96550000 -0.26050000 -0.00070000
vn 0.77800000 -0.26060000 0.57170000
vn 0.81050000 -0.10890000 0.57550000
vn 0.99130000 -0.13150000 0.00060000
vn 0.50530000 -0.30090000 0.80880000
vn 0.77800000 -0.26060000 0.57170000
vn 0.78430000 -0.48090000 0.39200000
vn 0.84440000 -0.31760000 0.43140000
vn 0.54000000 -0.22040000 0.81230000
vn 0.63900000 -0.44920000 0.62430000
vn 0.60850000 -0.50280000 0.61400000
vn 0.63900000 -0.44920000 0.62430000
vn 0.10060000 -0.09700000 0.99020000
vn 0.50530000 -0.30090000 0.80880000
vn 0.36750000 -0.47390000 0.80020000
vn 0.23780000 0.50930000 0.82710000
vn 0.00180000 0.78860000 0.61490000
vn 0.22610000 0.89670000 0.38060000
vn -0.00040000 0.62500000 0.78060000
vn 0.00160000 0.42050000 0.90730000
vn 0.84450000 -0.53550000 0.00040000
vn 0.67010000 -0.74220000 0.00130000
vn 0.65270000 -0.69130000 0.30980000
vn 0.78430000 -0.48090000 0.39200000
vn 0.73870000 -0.67400000 -0.00070000
vn 0.63900000 -0.44920000 0.62430000
vn 0.60850000 -0.50280000 0.61400000
vn 0.21670000 0.56850000 0.79360000
vn 0.29010000 0.58310000 0.75880000
vn 0.23510000 0.27480000 0.93230000
vn 0.01260000 0.01370000 0.99980000
vn 0.60850000 -0.50280000 0.61400000
vn 0.65270000 -0.69130000 0.30980000
vn 0.44390000 0.89610000 0.00040000
vn 0.21670000 0.56850000 0.79360000
vn 0.27190000 0.96230000 0.00120000
vn 0.29010000 0.58310000 0.75880000
vn 0.22610000 0.89670000 0.38060000
vn 0.45070000 0.73680000 0.50400000
vn 0.23780000 0.50930000 0.82710000
vn 0.57910000 0.71890000 0.38460000
vn 0.45070000 0.73680000 0.50400000
vn 0.58440000 0.68040000 0.44220000
vn 0.38600000 0.37460000 0.84310000
vn 0.29010000 0.58310000 0.75880000
vn 0.23510000 0.27480000 0.93230000
vn 0.58440000 -0.81140000 -0.00030000
vn 0.67010000 -0.74220000 0.00130000
vn 0.65270000 -0.69130000 0.30980000
vn 0.50000000 -0.86600000 0.00140000
vn 0.36750000 -0.47390000 0.80020000
vn 0.33780000 -0.58940000 0.73380000
vn 0.71280000 0.57270000 0.40490000
vn 0.38600000 0.37460000 0.84310000
vn 0.58440000 0.68040000 0.44220000
vn 0.54370000 0.38570000 0.74540000
vn 0.00820000 0.00710000 0.99990000
vn 0.01260000 0.01370000 0.99980000
vn 0.38600000 0.37460000 0.84310000
vn 0.54370000 0.38570000 0.74540000
vn 0.53050000 0.29060000 0.79630000
vn 0.23510000 0.27480000 0.93230000
vn 0.09520000 0.03400000 0.99490000
vn 0.33780000 -0.58940000 0.73380000
vn 0.20790000 -0.56490000 0.79850000
vn 0.35470000 -0.93500000 0.00080000
vn 0.19700000 -0.61030000 0.76730000
vn 0.38540000 -0.92270000 0.00010000
vn 0.21200000 -0.81840000 0.53420000
vn 0.50000000 -0.86600000 0.00140000
vn 0.19700000 -0.61030000 0.76730000
vn -0.00160000 -0.70980000 0.70440000
vn 0.21200000 -0.81840000 0.53420000
vn 0.14110000 -0.91930000 0.36750000
vn 0.00230000 -0.42420000 0.90560000
vn 0.00210000 -0.88720000 0.46150000
vn -0.64120000 -0.46890000 0.60740000
vn -0.91900000 -0.39430000 0.00020000
vn -0.72500000 -0.56200000 0.39820000
vn -0.65010000 -0.26500000 0.71210000
vn -0.60880000 -0.28360000 0.74090000
vn -0.81510000 -0.57930000 0.00090000
vn -0.45870000 -0.38220000 0.80220000
vn -0.65010000 -0.26500000 0.71210000
vn -0.64120000 -0.46890000 0.60740000
vn -0.29980000 -0.19780000 0.93330000
vn -0.60880000 -0.28360000 0.74090000
vn -0.91900000 -0.39430000 0.00020000
vn -0.97070000 -0.24030000 0.00070000
vn -0.77610000 -0.13590000 0.61580000
vn -0.58850000 -0.15810000 0.79290000
vn -0.84210000 -0.03510000 0.53820000
vn -0.74150000 0.05050000 0.66910000
vn -0.58850000 -0.15810000 0.79290000
vn -0.77610000 -0.13590000 0.61580000
vn -0.28850000 -0.03580000 0.95680000
vn -0.97070000 -0.24030000 0.00070000
vn -0.99060000 -0.13660000 -0.00090000
vn -0.84210000 -0.03510000 0.53820000
vn -0.77610000 -0.13590000 0.61580000
vn -0.99910000 -0.04190000 0.00070000
vn -0.99910000 -0.04190000 0.00070000
vn -0.98660000 0.16310000 0.00070000
vn -0.99450000 0.10490000 -0.00070000
vn -0.78410000 0.14180000 0.60420000
vn -0.84210000 -0.03510000 0.53820000
vn -0.74150000 0.05050000 0.66910000
vn -0.85430000 0.40070000 0.33090000
vn -0.98660000 0.16310000 0.00070000
vn -0.93980000 0.34160000 -0.00080000
vn -0.74560000 0.16970000 0.64440000
vn -0.90170000 0.43230000 0.00060000
vn -0.78410000 0.14180000 0.60420000
vn -0.69120000 0.40990000 0.59520000
vn -0.85430000 0.40070000 0.33090000
vn -0.74560000 0.16970000 0.64440000
vn -0.35090000 0.15670000 0.92320000
vn -0.63320000 0.48750000 0.60120000
vn -0.69120000 0.40990000 0.59520000
vn -0.52460000 0.42770000 0.73610000
vn -0.12890000 -0.55770000 0.82000000
vn -0.25840000 -0.54010000 0.80090000
vn -0.17620000 -0.87270000 0.45540000
vn -0.36130000 -0.70920000 0.60540000
vn -0.37010000 -0.81000000 0.45500000
vn -0.79940000 0.60080000 0.00080000
vn -0.86650000 0.49910000 -0.00100000
vn -0.90170000 0.43230000 0.00060000
vn -0.69120000 0.40990000 0.59520000
vn -0.85430000 0.40070000 0.33090000
vn -0.68280000 0.56510000 0.46310000
vn -0.63320000 0.48750000 0.60120000
vn -0.68280000 0.56510000 0.46310000
vn -0.34990000 0.40260000 0.84590000
vn -0.47280000 0.62920000 0.61690000
vn -0.52460000 0.42770000 0.73610000
vn -0.63320000 0.48750000 0.60120000
vn -0.63320000 0.69170000 0.34740000
vn -0.48760000 -0.63420000 0.60000000
vn -0.39220000 -0.45040000 0.80210000
vn -0.25840000 -0.54010000 0.80090000
vn -0.36130000 -0.70920000 0.60540000
vn -0.18180000 -0.27340000 0.94460000
vn -0.43280000 0.69840000 0.57000000
vn -0.34990000 0.40260000 0.84590000
vn -0.21950000 0.28780000 0.93220000
vn -0.25840000 0.57980000 0.77270000
vn -0.47280000 0.62920000 0.61690000
vn -0.44290000 -0.89650000 0.00030000
vn -0.48760000 -0.63420000 0.60000000
vn -0.61710000 -0.78690000 0.00070000
vn -0.59070000 -0.70530000 0.39180000
vn -0.37010000 -0.81000000 0.45500000
vn -0.36130000 -0.70920000 0.60540000
vn -0.43280000 0.69840000 0.57000000
vn -0.48260000 0.87580000 0.00060000
vn -0.47280000 0.62920000 0.61690000
vn -0.63320000 0.69170000 0.34740000
vn -0.65640000 0.75440000 0.00020000
vn -0.59070000 -0.70530000 0.39180000
vn -0.72500000 -0.56200000 0.39820000
vn -0.39220000 -0.45040000 0.80210000
vn -0.48760000 -0.63420000 0.60000000
vn -0.45870000 -0.38220000 0.80220000
vn -0.64120000 -0.46890000 0.60740000
vn -0.35560000 0.93460000 0.00060000
vn -0.16760000 0.65520000 0.73660000
vn -0.43280000 0.69840000 0.57000000
vn -0.25840000 0.57980000 0.77270000
vn -0.21290000 0.82760000 0.51940000
vn -0.17620000 0.59990000 0.78040000
vn -0.45690000 0.88950000 -0.00020000
vn -0.48260000 0.87580000 0.00060000
vn -0.00040000 0.62500000 0.78060000
vn 0.00180000 0.78860000 0.61490000
vn -0.21290000 0.82760000 0.51940000
vn -0.14090000 0.99000000 0.00120000
vn -0.16760000 0.65520000 0.73660000
vn -0.00090000 1.00000000 0.00080000
vn -0.00180000 -0.00020000 -1.00000000
vn -0.94090000 0.33850000 0.00700000
vn -0.00200000 -0.00010000 -1.00000000
vn -0.99960000 -0.02510000 -0.00870000
vn -0.00050000 0.00020000 -1.00000000
vn -0.99560000 -0.09360000 0.00040000
vn 0.01030000 -0.99990000 -0.00770000
vn -0.10760000 -0.99420000 0.00800000
vn 0.28430000 -0.95870000 0.00080000
vn -0.00010000 -0.00080000 -1.00000000
vn 0.00040000 -0.00130000 -1.00000000
vn 0.79900000 -0.60130000 -0.00210000
vn 0.87290000 -0.48780000 0.01400000
vn 0.50620000 -0.86240000 0.00050000
vn 0.00160000 -0.00080000 -1.00000000
vn 0.00170000 -0.00100000 -1.00000000
vn 0.00020000 -0.00030000 -1.00000000
vn -0.82570000 0.56390000 -0.01640000
vn -0.56080000 0.82790000 0.01090000
vn -0.00010000 0.00010000 -1.00000000
vn -0.00040000 0.00030000 -1.00000000
vn -0.00040000 0.00020000 -1.00000000
vn -0.00020000 0.00110000 -1.00000000
vn 0.28250000 0.95920000 0.01200000
vn 0.00020000 0.00060000 -1.00000000
vn 0.00020000 0.00140000 -1.00000000
vn -0.18920000 0.98190000 -0.00770000
vn -0.91270000 0.40490000 0.05530000
vn -0.99180000 0.10680000 -0.06970000
vn -0.00000000 -0.00000000 -1.00000000
vn -0.88300000 0.46620000 -0.05520000
vn -0.89740000 0.44110000 0.00560000
vn -0.00000000 -0.00000000 -1.00000000
vn -0.99910000 0.04160000 -0.00100000
vn -0.00000000 -0.00000000 -1.00000000
vn -0.54090000 0.83040000 -0.13360000
vn -0.01530000 0.99650000 -0.08230000
vn -0.37230000 0.92410000 0.08600000
vn -0.02640000 0.99800000 -0.05730000
vn -0.89740000 0.44110000 0.00560000
vn -0.85560000 0.51750000 -0.01420000
vn -0.52130000 0.85320000 0.01640000
vn -0.00000000 -0.00000000 -1.00000000
vn -0.00000000 -0.00000000 -1.00000000
vn -0.65540000 0.75160000 0.07450000
vn -0.54090000 0.83040000 -0.13360000
vn -0.88300000 0.46620000 -0.05520000
vn 0.84170000 -0.53980000 -0.01250000
vn 0.52130000 -0.85320000 0.01640000
vn 0.89740000 -0.44110000 0.00860000
vn -0.00000000 -0.00000000 -1.00000000
vn 0.53150000 -0.83050000 -0.16630000
vn -0.00000000 -0.00000000 -1.00000000
vn 0.74820000 -0.65260000 0.11920000
vn 0.90210000 -0.41460000 -0.12000000
vn -0.00000000 -0.00000000 -1.00000000
vn 0.39210000 -0.91260000 0.11570000
vn -0.01530000 -0.99650000 -0.08230000
vn 0.53150000 -0.83050000 -0.16630000
vn -0.04160000 -0.99900000 -0.01330000
vn -0.00000000 -0.00000000 -1.00000000
vn -0.08670000 -0.99620000 0.00170000
vn 0.44020000 -0.89780000 -0.00910000
vn 0.52130000 -0.85320000 0.01640000
vn 0.98920000 0.10650000 -0.10070000
vn -0.00000000 -0.00000000 -1.00000000
vn 0.92720000 -0.37340000 -0.02960000
vn 0.99460000 -0.02510000 0.10070000
vn 0.90210000 -0.41460000 -0.12000000
vn -0.00000000 -0.00000000 -1.00000000
vn 0.98860000 -0.15040000 -0.00890000
vn 0.89740000 -0.44110000 0.00860000
vn 0.99910000 -0.04160000 0.01260000
vn 0.90920000 0.41610000 -0.01650000
vn -0.00000000 -0.00000000 -1.00000000
vn 0.99910000 -0.04160000 0.01260000
vn 0.85320000 0.52130000 0.01640000
vn -0.53890000 -0.82730000 -0.15860000
vn -0.40360000 -0.90950000 0.09950000
vn -0.01530000 -0.99650000 -0.08230000
vn -0.02640000 -0.99800000 -0.05730000
vn -0.00000000 -0.00000000 -1.00000000
vn 0.93030000 0.36280000 0.05390000
vn 0.88190000 0.46560000 -0.07450000
vn 0.98920000 0.10650000 -0.10070000
vn -0.00000000 -0.00000000 -1.00000000
vn -0.44110000 -0.89730000 0.01860000
vn -0.04160000 -0.99900000 -0.01330000
vn -0.00000000 -0.00000000 -1.00000000
vn -0.00000000 -0.00000000 -1.00000000
vn 0.74820000 0.65260000 0.11930000
vn 0.88190000 0.46560000 -0.07450000
vn 0.53150000 0.83060000 -0.16630000
vn -0.00000000 -0.00000000 -1.00000000
vn -0.85310000 -0.52120000 0.02450000
vn -0.65890000 -0.75180000 -0.02570000
vn -0.44110000 -0.89730000 0.01860000
vn -0.90210000 -0.41460000 -0.11990000
vn -0.00000000 -0.00000000 -1.00000000
vn -0.74820000 -0.65260000 0.11920000
vn -0.53890000 -0.82730000 -0.15860000
vn 0.44110000 0.89740000 0.00860000
vn -0.00000000 -0.00000000 -1.00000000
vn 0.85320000 0.52130000 0.01640000
vn 0.53970000 0.84170000 -0.01250000
vn 0.39220000 0.91260000 0.11560000
vn 0.53150000 0.83060000 -0.16630000
vn -0.00000000 -0.00000000 -1.00000000
vn -0.01530000 0.99650000 -0.08230000
vn -0.00000000 -0.00000000 -1.00000000
vn -0.85310000 -0.52120000 0.02450000
vn -0.99720000 0.07470000 0.00800000
vn -0.99910000 0.04160000 -0.00100000
vn -0.95040000 -0.31050000 -0.01600000
vn -0.00000000 -0.00000000 -1.00000000
vn 0.04160000 0.99910000 0.01260000
vn 0.15040000 0.98860000 -0.00890000
vn 0.44110000 0.89740000 0.00860000
vn -0.00000000 -0.00000000 -1.00000000
vn -0.99740000 0.02550000 0.06730000
vn -0.99180000 0.10680000 -0.06970000
vn -0.90210000 -0.41460000 -0.11990000
vn -0.93150000 -0.36370000 -0.00940000
vn -0.41610000 0.90920000 -0.01650000
vn -0.00000000 -0.00000000 -1.00000000
vn -0.52130000 0.85320000 0.01640000
vn 0.04160000 0.99910000 0.01260000
vn 0.99460000 -0.02510000 0.10070000
vn 0.83570000 0.23370000 0.49690000
vn 0.83250000 0.32180000 0.45110000
vn 0.90430000 -0.02050000 0.42640000
vn 0.98920000 0.10650000 -0.10070000
vn 0.93030000 0.36280000 0.05390000
vn -0.59360000 0.67990000 0.43040000
vn -0.33920000 0.84060000 0.42240000
vn -0.65540000 0.75160000 0.07450000
vn -0.54090000 0.83040000 -0.13360000
vn -0.37230000 0.92410000 0.08600000
vn 0.66950000 0.58460000 0.45840000
vn 0.74820000 0.65260000 0.11930000
vn 0.53150000 0.83060000 -0.16630000
vn 0.39220000 0.91260000 0.11560000
vn 0.36060000 0.84210000 0.40110000
vn 0.64520000 0.59790000 0.47570000
vn -0.83290000 0.25430000 0.49160000
vn -0.99180000 0.10680000 -0.06970000
vn -0.99740000 0.02550000 0.06730000
vn -0.91270000 0.40490000 0.05530000
vn -0.82500000 0.36700000 0.42980000
vn -0.91310000 0.02080000 0.40710000
vn -0.22030000 0.84910000 0.48010000
vn -0.37230000 0.92410000 0.08600000
vn -0.02640000 0.99800000 -0.05730000
vn -0.02030000 0.90110000 0.43320000
vn -0.33920000 0.84060000 0.42240000
vn 0.93030000 0.36280000 0.05390000
vn 0.66950000 0.58460000 0.45840000
vn 0.83250000 0.32180000 0.45110000
vn 0.88190000 0.46560000 -0.07450000
vn 0.74820000 0.65260000 0.11930000
vn -0.82500000 0.36700000 0.42980000
vn -0.65540000 0.75160000 0.07450000
vn -0.62350000 0.62330000 0.47200000
vn -0.59360000 0.67990000 0.43040000
vn -0.91270000 0.40490000 0.05530000
vn -0.88300000 0.46620000 -0.05520000
vn -0.01530000 0.99650000 -0.08230000
vn 0.39220000 0.91260000 0.11560000
vn -0.02640000 0.99800000 -0.05730000
vn 0.36060000 0.84210000 0.40110000
vn 0.16000000 0.84630000 0.50810000
vn -0.02030000 0.90110000 0.43320000
vn 0.16000000 0.84630000 0.50810000
vn 0.36060000 0.84210000 0.40110000
vn 0.64520000 0.59790000 0.47570000
vn -0.00330000 0.01370000 0.99990000
vn 0.00330000 -0.03970000 0.99920000
vn -0.62350000 0.62330000 0.47200000
vn -0.59360000 0.67990000 0.43040000
vn -0.22030000 0.84910000 0.48010000
vn -0.02240000 0.03100000 0.99930000
vn -0.33920000 0.84060000 0.42240000
vn 0.42470000 -0.72540000 0.54170000
vn 0.46620000 -0.34880000 0.81300000
vn -0.02240000 0.03100000 0.99930000
vn -0.62350000 0.62330000 0.47200000
vn 0.63630000 -0.20340000 0.74420000
vn 0.89890000 -0.28040000 0.33670000
vn -0.82500000 0.36700000 0.42980000
vn -0.83290000 0.25430000 0.49160000
vn -0.02240000 0.03100000 0.99930000
vn 0.16000000 0.84630000 0.50810000
vn 0.00780000 -0.59310000 0.80510000
vn -0.02030000 0.90110000 0.43320000
vn 0.42470000 -0.72540000 0.54170000
vn 0.36700000 -0.69090000 0.62290000
vn -0.22030000 0.84910000 0.48010000
vn 0.00330000 -0.03970000 0.99920000
vn -0.17660000 -0.74800000 0.63970000
vn 0.66950000 0.58460000 0.45840000
vn 0.64520000 0.59790000 0.47570000
vn -0.51990000 -0.31450000 0.79420000
vn -0.69200000 -0.18830000 0.69690000
vn 0.83570000 0.23370000 0.49690000
vn -0.00330000 0.01370000 0.99990000
vn -0.48910000 -0.58340000 0.64840000
vn 0.83250000 0.32180000 0.45110000
vn 0.84610000 -0.20260000 0.49300000
vn 0.01850000 -0.02220000 0.99960000
vn -0.58470000 -0.01650000 0.81110000
vn -0.69200000 -0.18830000 0.69690000
vn -0.75360000 0.27540000 0.59680000
vn 0.83570000 0.23370000 0.49690000
vn 0.90430000 -0.02050000 0.42640000
vn 0.01660000 -0.01410000 0.99980000
vn -0.03210000 0.03110000 0.99900000
vn 0.21850000 -0.84960000 0.48000000
vn 0.36060000 -0.84210000 0.40110000
vn 0.63500000 -0.61010000 0.47390000
vn 0.84610000 -0.20260000 0.49300000
vn 0.83670000 -0.33760000 0.43120000
vn 0.63500000 -0.61010000 0.47390000
vn -0.03210000 0.03110000 0.99900000
vn 0.67480000 -0.58920000 0.44440000
vn 0.01850000 -0.02220000 0.99960000
vn -0.47010000 0.35170000 0.80950000
vn -0.75360000 0.27540000 0.59680000
vn -0.03210000 0.03110000 0.99900000
vn 0.01660000 -0.01410000 0.99980000
vn -0.42610000 0.76300000 0.48610000
vn 0.01850000 -0.02220000 0.99960000
vn -0.02020000 -0.89920000 0.43720000
vn -0.16250000 -0.84800000 0.50450000
vn 0.01660000 -0.01410000 0.99980000
vn 0.21850000 -0.84960000 0.48000000
vn -0.01050000 -0.00380000 0.99990000
vn -0.42610000 0.76300000 0.48610000
vn -0.11850000 0.55960000 0.82020000
vn 0.24330000 0.78100000 0.57520000
vn -0.16250000 -0.84800000 0.50450000
vn -0.01050000 -0.00380000 0.99990000
vn -0.64790000 -0.59460000 0.47610000
vn 0.06990000 0.04730000 0.99640000
vn -0.37160000 -0.83550000 0.40480000
vn -0.01050000 -0.00380000 0.99990000
vn 0.51600000 0.49500000 0.69910000
vn 0.24330000 0.78100000 0.57520000
vn 0.06990000 0.04730000 0.99640000
vn 0.30340000 0.54260000 0.78330000
vn 0.00330000 -0.03970000 0.99920000
vn -0.00330000 0.01370000 0.99990000
vn -0.48910000 -0.58340000 0.64840000
vn -0.36960000 -0.55840000 0.74270000
vn -0.17660000 -0.74800000 0.63970000
vn 0.06990000 0.04730000 0.99640000
vn -0.64790000 -0.59460000 0.47610000
vn 0.51600000 0.49500000 0.69910000
vn 0.84200000 0.08520000 0.53270000
vn -0.84090000 -0.24060000 0.48480000
vn -0.83600000 -0.32320000 0.44340000
vn -0.02160000 0.00780000 0.99970000
vn -0.66840000 -0.58370000 0.46100000
vn 0.51140000 0.28220000 0.81170000
vn -0.83290000 0.25430000 0.49160000
vn -0.84090000 -0.24060000 0.48480000
vn -0.91310000 0.02080000 0.40710000
vn 0.89890000 -0.28040000 0.33670000
vn -0.02160000 0.00780000 0.99970000
vn 0.61350000 -0.09800000 0.78360000
vn 0.84200000 0.08520000 0.53270000
vn 0.63630000 -0.20340000 0.74420000
vn 0.89890000 -0.28040000 0.33670000
vn -0.02160000 0.00780000 0.99970000
vn 0.36060000 -0.84210000 0.40110000
vn 0.74820000 -0.65260000 0.11920000
vn 0.67480000 -0.58920000 0.44440000
vn 0.63500000 -0.61010000 0.47390000
vn 0.53150000 -0.83050000 -0.16630000
vn 0.39210000 -0.91260000 0.11570000
vn -0.02020000 -0.89920000 0.43720000
vn -0.02640000 -0.99800000 -0.05730000
vn -0.40360000 -0.90950000 0.09950000
vn -0.16250000 -0.84800000 0.50450000
vn -0.37160000 -0.83550000 0.40480000
vn -0.37160000 -0.83550000 0.40480000
vn -0.64790000 -0.59460000 0.47610000
vn -0.40360000 -0.90950000 0.09950000
vn -0.53890000 -0.82730000 -0.15860000
vn -0.74820000 -0.65260000 0.11920000
vn -0.66840000 -0.58370000 0.46100000
vn 0.83670000 -0.33760000 0.43120000
vn 0.84610000 -0.20260000 0.49300000
vn 0.99460000 -0.02510000 0.10070000
vn 0.92720000 -0.37340000 -0.02960000
vn 0.90430000 -0.02050000 0.42640000
vn -0.02020000 -0.89920000 0.43720000
vn 0.21850000 -0.84960000 0.48000000
vn 0.36060000 -0.84210000 0.40110000
vn -0.02640000 -0.99800000 -0.05730000
vn -0.01530000 -0.99650000 -0.08230000
vn 0.39210000 -0.91260000 0.11570000
vn -0.90210000 -0.41460000 -0.11990000
vn -0.83600000 -0.32320000 0.44340000
vn -0.74820000 -0.65260000 0.11920000
vn -0.93150000 -0.36370000 -0.00940000
vn -0.66840000 -0.58370000 0.46100000
vn 0.92720000 -0.37340000 -0.02960000
vn 0.67480000 -0.58920000 0.44440000
vn 0.74820000 -0.65260000 0.11920000
vn 0.90210000 -0.41460000 -0.12000000
vn 0.83670000 -0.33760000 0.43120000
vn -0.91310000 0.02080000 0.40710000
vn -0.83600000 -0.32320000 0.44340000
vn -0.84090000 -0.24060000 0.48480000
vn -0.93150000 -0.36370000 -0.00940000
vn -0.99740000 0.02550000 0.06730000
vn 0.51140000 0.28220000 0.81170000
vn 0.87790000 0.47860000 -0.01210000
vn 0.97610000 0.21640000 0.02120000
vn 0.98840000 -0.15130000 -0.01400000
vn 0.61350000 -0.09800000 0.78360000
vn 0.84200000 0.08520000 0.53270000
vn 0.47050000 -0.88240000 -0.00370000
vn 0.36700000 -0.69090000 0.62290000
vn 0.00780000 -0.59310000 0.80510000
vn 0.01030000 -0.99990000 -0.00770000
vn 0.28430000 -0.95870000 0.00080000
vn -0.69200000 -0.18830000 0.69690000
vn -0.58470000 -0.01650000 0.81110000
vn -0.51990000 -0.31450000 0.79420000
vn -0.99960000 -0.02510000 -0.00870000
vn -0.94090000 -0.33880000 0.00210000
vn -0.85410000 -0.52000000 -0.00890000
vn -0.99560000 -0.09360000 0.00040000
vn 0.47050000 -0.88240000 -0.00370000
vn 0.79900000 -0.60130000 -0.00210000
vn 0.36700000 -0.69090000 0.62290000
vn 0.50620000 -0.86240000 0.00050000
vn 0.42470000 -0.72540000 0.54170000
vn 0.46620000 -0.34880000 0.81300000
vn -0.36960000 -0.55840000 0.74270000
vn -0.51990000 -0.31450000 0.79420000
vn -0.48910000 -0.58340000 0.64840000
vn -0.67580000 -0.73700000 0.01110000
vn -0.55130000 -0.83430000 -0.00780000
vn -0.85410000 -0.52000000 -0.00890000
vn 0.87290000 -0.48780000 0.01400000
vn 0.46620000 -0.34880000 0.81300000
vn 0.63630000 -0.20340000 0.74420000
vn 0.79900000 -0.60130000 -0.00210000
vn 0.61350000 -0.09800000 0.78360000
vn 0.98840000 -0.15130000 -0.01400000
vn 0.01030000 -0.99990000 -0.00770000
vn -0.10760000 -0.99420000 0.00800000
vn -0.55130000 -0.83430000 -0.00780000
vn -0.36960000 -0.55840000 0.74270000
vn -0.17660000 -0.74800000 0.63970000
vn 0.00780000 -0.59310000 0.80510000
vn 0.28250000 0.95920000 0.01200000
vn 0.24330000 0.78100000 0.57520000
vn 0.30340000 0.54260000 0.78330000
vn -0.21040000 0.97750000 -0.01110000
vn -0.11850000 0.55960000 0.82020000
vn 0.49060000 0.87130000 -0.01110000
vn -0.18920000 0.98190000 -0.00770000
vn -0.82570000 0.56390000 -0.01640000
vn -0.47010000 0.35170000 0.80950000
vn -0.56080000 0.82790000 0.01090000
vn -0.42610000 0.76300000 0.48610000
vn -0.21040000 0.97750000 -0.01110000
vn -0.11850000 0.55960000 0.82020000
vn -0.80070000 0.59890000 -0.01020000
vn 0.67460000 0.73820000 0.00660000
vn 0.87790000 0.47860000 -0.01210000
vn 0.49060000 0.87130000 -0.01110000
vn 0.51600000 0.49500000 0.69910000
vn 0.51140000 0.28220000 0.81170000
vn 0.30340000 0.54260000 0.78330000
vn -0.58470000 -0.01650000 0.81110000
vn -0.80070000 0.59890000 -0.01020000
vn -0.75360000 0.27540000 0.59680000
vn -0.47010000 0.35170000 0.80950000
vn -0.99960000 -0.02510000 -0.00870000
vn -0.94090000 0.33850000 0.00700000
vn -0.80070000 0.59890000 -0.01020000
vn -0.00040000 0.00030000 -1.00000000
vn -0.82570000 0.56390000 -0.01640000
vn -0.00050000 0.00020000 -1.00000000
vn -0.94090000 0.33850000 0.00700000
vn 0.00030000 0.00040000 -1.00000000
vn 0.67460000 0.73820000 0.00660000
vn 0.49060000 0.87130000 -0.01110000
vn 0.00020000 0.00060000 -1.00000000
vn 0.28250000 0.95920000 0.01200000
vn 0.00100000 0.00020000 -1.00000000
vn 0.00130000 0.00090000 -1.00000000
vn 0.87790000 0.47860000 -0.01210000
vn 0.00030000 0.00040000 -1.00000000
vn 0.97610000 0.21640000 0.02120000
vn 0.67460000 0.73820000 0.00660000
vn -0.00010000 0.00100000 -1.00000000
vn -0.00010000 0.00010000 -1.00000000
vn -0.21040000 0.97750000 -0.01110000
vn -0.56080000 0.82790000 0.01090000
vn -0.00020000 0.00110000 -1.00000000
vn -0.18920000 0.98190000 -0.00770000
vn -0.55130000 -0.83430000 -0.00780000
vn -0.10760000 -0.99420000 0.00800000
vn -0.00050000 -0.00140000 -1.00000000
vn -0.67580000 -0.73700000 0.01110000
vn -0.00010000 -0.00080000 -1.00000000
vn -0.00050000 -0.00060000 -1.00000000
vn 0.00380000 -0.00020000 -1.00000000
vn 0.87290000 -0.48780000 0.01400000
vn 0.97610000 0.21640000 0.02120000
vn 0.00170000 -0.00100000 -1.00000000
vn 0.00100000 0.00020000 -1.00000000
vn 0.98840000 -0.15130000 -0.01400000
vn -0.94090000 -0.33880000 0.00210000
vn -0.99560000 -0.09360000 0.00040000
vn -0.00190000 -0.00070000 -1.00000000
vn -0.00180000 -0.00020000 -1.00000000
vn 0.47050000 -0.88240000 -0.00370000
vn 0.50620000 -0.86240000 0.00050000
vn 0.00020000 -0.00030000 -1.00000000
vn 0.00040000 -0.00130000 -1.00000000
vn 0.28430000 -0.95870000 0.00080000
vn 0.00010000 -0.00070000 -1.00000000
vn -0.67580000 -0.73700000 0.01110000
vn -0.00050000 -0.00060000 -1.00000000
vn -0.94090000 -0.33880000 0.00210000
vn -0.85410000 -0.52000000 -0.00890000
vn -0.00190000 -0.00070000 -1.00000000
vn -0.00250000 -0.00130000 -1.00000000
vn 0.29620000 -0.71920000 -0.62850000
vn -0.00010000 0.00100000 -1.00000000
vn 0.48550000 -0.41510000 -0.76940000
vn -0.00040000 0.00020000 -1.00000000
vn -0.00010000 0.00010000 -1.00000000
vn -0.00040000 0.00030000 -1.00000000
vn -0.00200000 -0.00010000 -1.00000000
vn 0.66440000 -0.10030000 -0.74060000
vn 0.65310000 -0.41770000 -0.63170000
vn -0.00050000 0.00020000 -1.00000000
vn -0.00040000 0.00020000 -1.00000000
vn 0.65600000 -0.09470000 -0.74880000
vn 0.48550000 -0.41510000 -0.76940000
vn 0.00020000 0.00140000 -1.00000000
vn -0.00020000 0.00110000 -1.00000000
vn 0.29620000 -0.71920000 -0.62850000
vn 0.29240000 -0.60070000 -0.74410000
vn -0.14490000 -0.59310000 -0.79200000
vn -0.06960000 -0.80230000 -0.59280000
vn -0.00010000 0.00100000 -1.00000000
vn 0.65600000 -0.09470000 -0.74880000
vn 0.50780000 0.32890000 -0.79620000
vn 0.73650000 0.33580000 -0.58720000
vn -0.00190000 -0.00070000 -1.00000000
vn -0.00180000 -0.00020000 -1.00000000
vn -0.00250000 -0.00130000 -1.00000000
vn -0.00200000 -0.00010000 -1.00000000
vn -0.14490000 -0.59310000 -0.79200000
vn -0.47240000 -0.40670000 -0.78190000
vn 0.00130000 0.00090000 -1.00000000
vn -0.52710000 -0.60440000 -0.59740000
vn 0.00030000 0.00040000 -1.00000000
vn 0.00020000 0.00140000 -1.00000000
vn 0.00020000 0.00060000 -1.00000000
vn 0.42670000 0.66710000 -0.61070000
vn 0.20740000 0.58470000 -0.78430000
vn -0.00050000 -0.00060000 -1.00000000
vn -0.00050000 -0.00140000 -1.00000000
vn 0.50780000 0.32890000 -0.79620000
vn -0.00250000 -0.00130000 -1.00000000
vn -0.47240000 -0.40670000 -0.78190000
vn 0.00380000 -0.00020000 -1.00000000
vn -0.59870000 -0.00230000 -0.80100000
vn -0.76230000 -0.24590000 -0.59870000
vn 0.00130000 0.00090000 -1.00000000
vn 0.00100000 0.00020000 -1.00000000
vn -0.00050000 -0.00140000 -1.00000000
vn 0.20740000 0.58470000 -0.78430000
vn -0.00010000 -0.00080000 -1.00000000
vn -0.16330000 0.61260000 -0.77340000
vn 0.00010000 -0.00070000 -1.00000000
vn 0.00040000 -0.00130000 -1.00000000
vn 0.11710000 0.77420000 -0.62200000
vn 0.00170000 -0.00100000 -1.00000000
vn 0.00380000 -0.00020000 -1.00000000
vn -0.59870000 -0.00230000 -0.80100000
vn -0.43420000 0.40380000 -0.80520000
vn -0.70720000 0.42720000 -0.56340000
vn 0.00160000 -0.00080000 -1.00000000
vn -0.68540000 0.04980000 -0.72640000
vn 0.00010000 -0.00070000 -1.00000000
vn 0.00160000 -0.00080000 -1.00000000
vn -0.33990000 0.74530000 -0.57350000
vn -0.43420000 0.40380000 -0.80520000
vn -0.16330000 0.61260000 -0.77340000
vn 0.00020000 -0.00030000 -1.00000000
vn 0.98860000 -0.15040000 -0.00890000
vn 0.89740000 -0.44110000 0.00860000
vn 0.84170000 -0.53980000 -0.01250000
vn 0.65310000 -0.41770000 -0.63170000
vn 0.66440000 -0.10030000 -0.74060000
vn 0.99910000 -0.04160000 0.01260000
vn 0.90920000 0.41610000 -0.01650000
vn 0.98860000 -0.15040000 -0.00890000
vn 0.66440000 -0.10030000 -0.74060000
vn 0.65600000 -0.09470000 -0.74880000
vn 0.73650000 0.33580000 -0.58720000
vn -0.68540000 0.04980000 -0.72640000
vn -0.99720000 0.07470000 0.00800000
vn -0.95040000 -0.31050000 -0.01600000
vn -0.59870000 -0.00230000 -0.80100000
vn -0.76230000 -0.24590000 -0.59870000
vn -0.06960000 -0.80230000 -0.59280000
vn -0.08670000 -0.99620000 0.00170000
vn 0.29240000 -0.60070000 -0.74410000
vn 0.44020000 -0.89780000 -0.00910000
vn -0.76230000 -0.24590000 -0.59870000
vn -0.52710000 -0.60440000 -0.59740000
vn -0.95040000 -0.31050000 -0.01600000
vn -0.85310000 -0.52120000 0.02450000
vn -0.47240000 -0.40670000 -0.78190000
vn -0.65890000 -0.75180000 -0.02570000
vn 0.84170000 -0.53980000 -0.01250000
vn 0.52130000 -0.85320000 0.01640000
vn 0.44020000 -0.89780000 -0.00910000
vn 0.29240000 -0.60070000 -0.74410000
vn 0.48550000 -0.41510000 -0.76940000
vn 0.65310000 -0.41770000 -0.63170000
vn 0.29620000 -0.71920000 -0.62850000
vn -0.06960000 -0.80230000 -0.59280000
vn -0.04160000 -0.99900000 -0.01330000
vn -0.65890000 -0.75180000 -0.02570000
vn -0.08670000 -0.99620000 0.00170000
vn -0.52710000 -0.60440000 -0.59740000
vn -0.14490000 -0.59310000 -0.79200000
vn -0.44110000 -0.89730000 0.01860000
vn -0.68540000 0.04980000 -0.72640000
vn -0.85560000 0.51750000 -0.01420000
vn -0.99720000 0.07470000 0.00800000
vn -0.70720000 0.42720000 -0.56340000
vn -0.99910000 0.04160000 -0.00100000
vn -0.89740000 0.44110000 0.00560000
vn 0.15040000 0.98860000 -0.00890000
vn 0.53970000 0.84170000 -0.01250000
vn 0.11710000 0.77420000 -0.62200000
vn 0.42670000 0.66710000 -0.61070000
vn 0.44110000 0.89740000 0.00860000
vn 0.20740000 0.58470000 -0.78430000
vn 0.11710000 0.77420000 -0.62200000
vn -0.16330000 0.61260000 -0.77340000
vn 0.15040000 0.98860000 -0.00890000
vn -0.33990000 0.74530000 -0.57350000
vn -0.41610000 0.90920000 -0.01650000
vn 0.04160000 0.99910000 0.01260000
vn 0.90920000 0.41610000 -0.01650000
vn 0.73650000 0.33580000 -0.58720000
vn 0.50780000 0.32890000 -0.79620000
vn 0.85320000 0.52130000 0.01640000
vn 0.42670000 0.66710000 -0.61070000
vn 0.53970000 0.84170000 -0.01250000
vn -0.85560000 0.51750000 -0.01420000
vn -0.33990000 0.74530000 -0.57350000
vn -0.43420000 0.40380000 -0.80520000
vn -0.52130000 0.85320000 0.01640000
vn -0.70720000 0.42720000 -0.56340000
vn -0.41610000 0.90920000 -0.01650000
vn -1.00000000 -0.00000000 -0.00000000
vn -1.00000000 -0.00000000 -0.00000000
vn -1.00000000 -0.00000000 -0.00000000
vn 1.00000000 -0.00000000 -0.00000000
vn 1.00000000 -0.00000000 -0.00000000
vn 1.00000000 -0.00000000 -0.00000000
vn 1.00000000 -0.00000000 -0.00000000
vn 1.00000000 -0.00000000 -0.00000000
vn 1.00000000 -0.00000000 -0.00000000
vn 1.00000000 -0.00000000 -0.00000000
vn 1.00000000 -0.00000000 -0.00000000
vn 1.00000000 -0.00000000 -0.00000000
vn -1.00000000 -0.00000000 -0.00000000
vn -1.00000000 -0.00000000 -0.00000000
vn -1.00000000 -0.00000000 -0.00000000
vn -0.00000000 0.86600000 0.50000000
vn -1.00000000 -0.00000000 -0.00000000
vn -1.00000000 -0.00000000 -0.00000000
vn -1.00000000 -0.00000000 -0.00000000
vn -1.00000000 -0.00000000 -0.00000000
vn -1.00000000 -0.00000000 -0.00000000
vn -1.00000000 -0.00000000 -0.00000000
vn -1.00000000 -0.00000000 -0.00000000
vn -1.00000000 -0.00000000 -0.00000000
vn -1.00000000 -0.00000000 -0.00000000
vn -1.00000000 -0.00000000 -0.00000000
vn -1.00000000 -0.00000000 -0.00000000
vn -0.00000000 0.86600000 0.50000000
vn -1.00000000 -0.00000000 -0.00000000
vn -1.00000000 -0.00000000 -0.00000000
vn -0.00000000 0.86600000 0.50000000
vn -1.00000000 -0.00000000 -0.00000000
vn -1.00000000 -0.00000000 -0.00000000
vn -1.00000000 -0.00000000 -0.00000000
vn -1.00000000 -0.00000000 -0.00000000
vn -1.00000000 -0.00000000 -0.00000000
vn -1.00000000 -0.00000000 -0.00000000
vn -1.00000000 -0.00000000 -0.00000000
vn -1.00000000 -0.00000000 -0.00000000
vn -1.00000000 -0.00000000 -0.00000000
vn 1.00000000 -0.00130000 -0.00250000
vn 1.00000000 -0.00140000 -0.00010000
vn 1.00000000 -0.00140000 -0.00010000
vn 1.00000000 -0.00200000 0.00190000
vn 1.00000000 -0.00170000 -0.00070000
vn 1.00000000 -0.00130000 -0.00250000
vn 1.00000000 -0.00200000 0.00190000
vn 1.00000000 -0.00170000 -0.00070000
vn 1.00000000 -0.00140000 -0.00010000
vn 1.00000000 -0.00200000 0.00190000
vn 1.00000000 -0.00170000 -0.00070000
vn 1.00000000 -0.00130000 -0.00250000
vn -1.00000000 -0.00000000 -0.00000000
vn -1.00000000 -0.00000000 -0.00000000
vn -1.00000000 -0.00000000 -0.00000000
vn -1.00000000 -0.00000000 -0.00000000
vn -1.00000000 -0.00000000 -0.00000000
vn -1.00000000 -0.00000000 -0.00000000
vn -1.00000000 -0.00000000 -0.00000000
vn -1.00000000 -0.00000000 -0.00000000
vn -1.00000000 -0.00000000 -0.00000000
vn -1.00000000 -0.00000000 -0.00000000
vn -1.00000000 -0.00000000 -0.00000000
vn -1.00000000 -0.00000000 -0.00000000
vn -1.00000000 -0.00000000 -0.00000000
vn -1.00000000 -0.00000000 -0.00000000
vn -1.00000000 -0.00000000 -0.00000000
vn -1.00000000 -0.00000000 -0.00000000
vn -1.00000000 -0.00000000 -0.00000000
vn -1.00000000 -0.00000000 -0.00000000
vn -1.00000000 -0.00000000 -0.00000000
vn -1.00000000 -0.00000000 -0.00000000
vn -1.00000000 -0.00000000 -0.00000000
vn -1.00000000 -0.00000000 -0.00000000
vn -1.00000000 -0.00000000 -0.00000000
vn -1.00000000 -0.00000000 -0.00000000
vn -0.08650000 0.77390000 0.62740000
vn -0.20650000 -0.47820000 -0.85360000
vn -0.07240000 -0.28550000 0.95570000
vn -0.17230000 -0.72910000 0.66230000
vn -0.07620000 -0.28380000 0.95590000
vn -0.17230000 -0.72910000 0.66230000
vn -0.11600000 0.96690000 0.22710000
vn -0.08650000 0.77390000 0.62740000
vn -0.20650000 -0.47820000 -0.85360000
vn -0.07300000 0.16320000 0.98390000
vn -0.07620000 -0.28380000 0.95590000
vn -0.10560000 0.98680000 -0.12300000
vn -0.11600000 0.96690000 0.22710000
vn -0.15110000 0.81060000 -0.56570000
vn -0.07300000 0.16320000 0.98390000
vn -0.10560000 0.98680000 -0.12300000
vn -0.15110000 0.81060000 -0.56570000
vn -0.20650000 -0.47820000 -0.85360000
vn -1.00000000 -0.00000000 -0.00000000
vn -0.10560000 0.98680000 -0.12300000
vn -1.00000000 -0.00000000 -0.00000000
vn -1.00000000 -0.00000000 -0.00000000
vn -1.00000000 -0.00000000 -0.00000000
vn -0.15110000 0.81060000 -0.56570000
vn -1.00000000 -0.00000000 -0.00000000
vn -1.00000000 -0.00000000 -0.00000000
vn -1.00000000 -0.00000000 -0.00000000
vn -1.00000000 -0.00000000 -0.00000000
vn -1.00000000 -0.00000000 -0.00000000
vn -0.07300000 0.16320000 0.98390000
vn -1.00000000 -0.00000000 -0.00000000
vn -0.08650000 0.77390000 0.62740000
vn -1.00000000 -0.00000000 -0.00000000
vn -0.11600000 0.96690000 0.22710000
vn -1.00000000 -0.00000000 -0.00000000
vn -0.17230000 -0.72910000 0.66230000
vn -1.00000000 -0.00000000 -0.00000000
vn -0.07240000 -0.28550000 0.95570000
vn -1.00000000 -0.00000000 -0.00000000
vn -0.07620000 -0.28380000 0.95590000
vn -0.07240000 -0.28550000 0.95570000
vn -1.00000000 -0.00000000 -0.00000000
vn -1.00000000 -0.00000000 -0.00000000
vn 0.00150000 -1.00000000 0.00100000
vn -1.00000000 -0.00000000 -0.00000000
vn -0.00540000 -1.00000000 -0.00160000
vn -0.00860000 -0.63540000 0.77220000
vn -0.00110000 -0.70480000 0.70940000
vn 0.00150000 -1.00000000 0.00100000
vn -0.00860000 -0.63540000 0.77220000
vn 0.00210000 0.00100000 1.00000000
vn -1.00000000 -0.00000000 -0.00000000
vn -0.00790000 -0.00280000 1.00000000
vn -1.00000000 -0.00000000 -0.00000000
vn -0.01190000 0.77210000 0.63540000
vn 0.00230000 0.64830000 0.76140000
vn 0.00210000 0.00100000 1.00000000
vn -0.00170000 1.00000000 -0.00100000
vn -1.00000000 -0.00000000 -0.00000000
vn -0.01840000 0.50750000 -0.86150000
vn -0.00360000 0.63540000 -0.77220000
vn 0.00250000 0.88160000 -0.47190000
vn -0.00810000 1.00000000 0.00150000
vn -1.00000000 -0.00000000 -0.00000000
vn -1.00000000 -0.00000000 -0.00000000
vn -0.01190000 0.77210000 0.63540000
vn -0.00170000 1.00000000 -0.00100000
vn -1.00000000 -0.00000000 -0.00000000
vn -0.00360000 0.63540000 -0.77220000
vn -0.52970000 -0.84820000 0.00270000
vn 0.00150000 -1.00000000 0.00100000
vn -0.00540000 -1.00000000 -0.00160000
vn -0.72290000 0.00130000 -0.69100000
vn -0.65670000 -0.00080000 -0.75420000
vn -0.73820000 -0.55440000 -0.38440000
vn -0.73820000 -0.55440000 -0.38440000
vn -0.52970000 -0.84820000 0.00270000
vn -0.99990000 -0.01510000 0.00230000
vn -0.72220000 -0.69170000 -0.00220000
vn -0.99890000 0.02780000 -0.03850000
vn -0.73820000 -0.55440000 -0.38440000
vn -0.72290000 0.00130000 -0.69100000
vn -1.00000000 -0.00210000 -0.00230000
vn -0.99890000 0.02780000 -0.03850000
vn -1.00000000 -0.00000000 -0.00440000
vn -1.00000000 -0.00210000 -0.00230000
vn -1.00000000 -0.00000000 -0.00440000
vn -0.99890000 0.02780000 -0.03850000
vn -0.01020000 -0.99990000 0.00170000
vn -0.99990000 -0.01510000 0.00230000
vn -0.00570000 -1.00000000 0.00060000
vn -1.00000000 -0.00440000 -0.00000000
vn -1.00000000 -0.00210000 -0.00230000
vn -1.00000000 0.00670000 0.00310000
vn -0.99950000 0.03190000 -0.00000000
vn -0.99850000 0.05480000 0.00070000
vn -0.68450000 0.55320000 0.47490000
vn -0.76790000 0.64060000 -0.00140000
vn -1.00000000 -0.00440000 -0.00000000
vn -0.00570000 -1.00000000 0.00060000
vn -1.00000000 -0.00190000 0.00240000
vn -0.99990000 -0.00000000 0.01230000
vn -1.00000000 -0.00190000 0.00240000
vn -0.99890000 -0.03780000 -0.02650000
vn 0.00550000 0.00040000 1.00000000
vn -1.00000000 -0.00190000 0.00240000
vn -0.73950000 -0.38420000 0.55280000
vn -0.99990000 -0.01510000 0.00230000
vn -1.00000000 -0.00440000 -0.00000000
vn -0.99890000 -0.03780000 -0.02650000
vn -0.72220000 -0.69170000 -0.00220000
vn -0.99890000 -0.03780000 -0.02650000
vn -0.99990000 -0.00000000 0.01230000
vn -0.71260000 -0.00240000 0.70160000
vn -1.00000000 0.00230000 0.00420000
vn -0.73950000 -0.38420000 0.55280000
vn -0.33400000 -0.71770000 0.61100000
vn -0.52930000 0.00200000 0.84840000
vn -0.99980000 -0.01710000 -0.00910000
vn -0.99950000 0.03190000 -0.00000000
vn -1.00000000 0.00350000 -0.00390000
vn -0.99850000 0.05480000 0.00070000
vn -0.02460000 0.99970000 0.00040000
vn 0.01010000 0.99990000 -0.00140000
vn -0.99980000 -0.01710000 -0.00910000
vn -0.65980000 0.75150000 0.00240000
vn -0.99850000 0.05480000 0.00070000
vn -0.68130000 0.62230000 -0.38550000
vn -0.76790000 0.64060000 -0.00140000
vn 0.00550000 0.00040000 1.00000000
vn -0.99990000 -0.00000000 0.01230000
vn -1.00000000 0.00230000 0.00420000
vn -1.00000000 0.00350000 0.00400000
vn -0.72290000 0.00130000 -0.69100000
vn -1.00000000 0.00350000 -0.00390000
vn -0.99980000 -0.01710000 -0.00910000
vn -1.00000000 -0.00000000 -0.00440000
vn -0.81570000 0.30440000 -0.49190000
vn -0.65670000 -0.00080000 -0.75420000
vn -0.68130000 0.62230000 -0.38550000
vn -1.00000000 0.00350000 -0.00390000
vn -1.00000000 -0.00000000 -0.00440000
vn -1.00000000 0.00350000 0.00400000
vn -0.99950000 0.03190000 -0.00000000
vn 0.04110000 0.77110000 0.63540000
vn -1.00000000 0.00670000 0.00310000
vn -0.02460000 0.99970000 0.00040000
vn -1.00000000 0.00350000 0.00400000
vn -1.00000000 0.00670000 0.00310000
vn -0.68450000 0.55320000 0.47490000
vn -0.71260000 -0.00240000 0.70160000
vn -0.79640000 0.38710000 0.46470000
vn -1.00000000 0.00230000 0.00420000
vn -0.01020000 -0.99990000 0.00170000
vn -0.00570000 -1.00000000 0.00060000
vn -0.01020000 -0.99990000 0.00170000
vn -0.63390000 0.77340000 0.00210000
vn 0.04110000 0.77110000 0.63540000
vn 0.00550000 0.00040000 1.00000000
vn -0.60190000 0.79860000 0.00010000
vn -0.63390000 0.77340000 0.00210000
vn -0.60190000 0.79860000 0.00010000
vn -0.60180000 0.79860000 -0.00000000
vn -0.60180000 0.79860000 -0.00000000
vn 0.04110000 0.77110000 0.63540000
vn -0.60190000 0.79860000 0.00010000
vn -0.02460000 0.99970000 0.00040000
vn 0.01010000 0.99990000 -0.00140000
vn 0.01010000 0.99990000 -0.00140000
vn -0.63390000 0.77340000 0.00210000
vn -0.60180000 0.79860000 -0.00000000
vn -0.00790000 -0.00280000 1.00000000
vn 0.00210000 0.00100000 1.00000000
vn -0.00860000 -0.63540000 0.77220000
vn -0.33400000 -0.71770000 0.61100000
vn -0.00110000 -0.70480000 0.70940000
vn -0.52930000 0.00200000 0.84840000
vn -0.73950000 -0.38420000 0.55280000
vn -0.52970000 -0.84820000 0.00270000
vn -0.00110000 -0.70480000 0.70940000
vn -0.00540000 -1.00000000 -0.00160000
vn -0.33400000 -0.71770000 0.61100000
vn -0.72220000 -0.69170000 -0.00220000
vn -0.01190000 0.77210000 0.63540000
vn -0.00810000 1.00000000 0.00150000
vn -0.79640000 0.38710000 0.46470000
vn -0.68450000 0.55320000 0.47490000
vn 0.00230000 0.64830000 0.76140000
vn -0.00170000 1.00000000 -0.00100000
vn -0.76790000 0.64060000 -0.00140000
vn -0.65980000 0.75150000 0.00240000
vn -0.79640000 0.38710000 0.46470000
vn 0.00230000 0.64830000 0.76140000
vn -0.00790000 -0.00280000 1.00000000
vn -0.71260000 -0.00240000 0.70160000
vn -0.52930000 0.00200000 0.84840000
vn 0.00250000 0.88160000 -0.47190000
vn -0.01840000 0.50750000 -0.86150000
vn -0.81570000 0.30440000 -0.49190000
vn -0.00810000 1.00000000 0.00150000
vn 0.00250000 0.88160000 -0.47190000
vn -0.65980000 0.75150000 0.00240000
vn -0.68130000 0.62230000 -0.38550000
vn -0.00360000 0.63540000 -0.77220000
vn -0.81570000 0.30440000 -0.49190000
vn -0.01840000 0.50750000 -0.86150000
vn -0.65670000 -0.00080000 -0.75420000
vn -1.00000000 -0.00000000 -0.00000000
vn -1.00000000 -0.00000000 -0.00000000
vn -1.00000000 -0.00000000 -0.00000000
vn -1.00000000 -0.00000000 -0.00000000
vn -0.99970000 -0.00120000 0.02280000
vn -0.99970000 -0.00120000 0.02280000
vn -0.02470000 -0.10100000 0.99460000
vn -0.00510000 0.39330000 0.91940000
vn -0.99960000 0.01020000 0.02740000
vn -0.99740000 0.00610000 0.07150000
vn 0.00460000 -0.00850000 1.00000000
vn -0.99740000 0.00610000 0.07150000
vn -0.99740000 0.00610000 0.07150000
vn -0.00510000 0.39330000 0.91940000
vn 0.00390000 0.41680000 0.90900000
vn -0.00400000 0.72030000 0.69370000
vn -0.99770000 0.04910000 0.04730000
vn -0.99960000 0.01020000 0.02740000
vn -0.99970000 -0.00120000 0.02280000
vn -0.02470000 -0.10100000 0.99460000
vn -0.00400000 0.72030000 0.69370000
vn 0.00440000 0.73640000 0.67650000
vn -0.99770000 0.04910000 0.04730000
vn -0.99960000 0.01020000 0.02740000
vn -0.99770000 0.04910000 0.04730000
vn -1.00000000 -0.00000000 -0.00000000
vn -1.00000000 -0.00000000 -0.00000000
vn -1.00000000 -0.00000000 -0.00000000
vn -1.00000000 -0.00000000 -0.00000000
vn -1.00000000 -0.00000000 -0.00000000
vn 0.00460000 -0.00850000 1.00000000
vn -0.02470000 -0.10100000 0.99460000
vn -1.00000000 -0.00000000 -0.00000000
vn -0.00510000 0.39330000 0.91940000
vn 0.00460000 -0.00850000 1.00000000
vn 0.00390000 0.41680000 0.90900000
vn -1.00000000 -0.00000000 -0.00000000
vn -1.00000000 -0.00000000 -0.00000000
vn -1.00000000 -0.00000000 -0.00000000
vn -1.00000000 -0.00000000 -0.00000000
vn 0.00440000 0.73640000 0.67650000
vn 0.00390000 0.41680000 0.90900000
vn -0.00400000 0.72030000 0.69370000
vn -1.00000000 -0.00000000 -0.00000000
vn -1.00000000 -0.00000000 -0.00000000
vn 0.00440000 0.73640000 0.67650000
vn -1.00000000 -0.00000000 -0.00000000
vn -1.00000000 -0.00000000 -0.00000000
vn -1.00000000 -0.00040000 0.00070000
vn -1.00000000 0.00020000 0.00070000
vn -1.00000000 -0.00000000 0.00090000
vn 0.33390000 -0.29940000 -0.89380000
vn 0.28630000 0.50120000 -0.81660000
vn -0.32180000 0.10710000 -0.94070000
vn -1.00000000 0.00020000 0.00070000
vn 0.33390000 -0.29940000 -0.89380000
vn -0.25270000 -0.47300000 -0.84400000
vn -0.33450000 -0.78820000 -0.51650000
vn -1.00000000 0.00100000 0.00050000
vn 0.05980000 -0.90890000 -0.41270000
vn -1.00000000 0.00550000 -0.00040000
vn 0.22900000 -0.90770000 0.35170000
vn 0.05980000 -0.90890000 -0.41270000
vn -0.27680000 -0.94030000 -0.19800000
vn -1.00000000 0.00210000 -0.00080000
vn -1.00000000 0.00100000 0.00050000
vn -1.00000000 -0.00000000 0.00090000
vn -1.00000000 0.00640000 0.00020000
vn -1.00000000 0.00550000 -0.00040000
vn -1.00000000 -0.00000000 0.00020000
vn -1.00000000 0.00100000 0.00050000
vn -1.00000000 0.00860000 -0.00020000
vn -1.00000000 0.00020000 0.00070000
vn -1.00000000 -0.00000000 0.00410000
vn -1.00000000 0.00640000 0.00020000
vn -1.00000000 -0.00000000 0.00010000
vn -1.00000000 -0.00000000 0.00020000
vn -1.00000000 0.00640000 0.00020000
vn -0.64690000 0.47610000 0.59570000
vn -1.00000000 0.00860000 -0.00020000
vn -1.00000000 -0.00100000 0.00690000
vn -0.59260000 0.00390000 0.80550000
vn -0.94310000 0.33250000 -0.00030000
vn -0.69270000 0.50370000 0.51610000
vn -1.00000000 -0.00000000 0.00410000
vn -1.00000000 -0.00000000 0.00010000
vn -0.99990000 -0.01240000 0.00010000
vn -0.99990000 -0.01250000 0.00010000
vn -1.00000000 -0.00040000 0.00070000
vn -1.00000000 -0.00500000 -0.00030000
vn -1.00000000 -0.00000000 0.00090000
vn -1.00000000 -0.00000000 0.00020000
vn -1.00000000 -0.00120000 0.00050000
vn -0.99990000 -0.01250000 0.00010000
vn -1.00000000 -0.00000000 0.00010000
vn -1.00000000 -0.00000000 0.00410000
vn -1.00000000 -0.00100000 0.00690000
vn -1.00000000 -0.00100000 0.00690000
vn -0.59250000 -0.39130000 0.70420000
vn -0.59260000 0.00390000 0.80550000
vn -0.52530000 0.00020000 0.85090000
vn -0.76560000 -0.53970000 0.35030000
vn -0.99990000 -0.01240000 0.00010000
vn -0.99990000 -0.01250000 0.00010000
vn -0.90710000 -0.42090000 0.00250000
vn -0.28630000 0.65900000 -0.69550000
vn -1.00000000 -0.00120000 0.00050000
vn 0.32190000 0.88090000 -0.34690000
vn 0.28630000 0.50120000 -0.81660000
vn -1.00000000 -0.00040000 0.00070000
vn 0.11700000 0.97230000 0.20250000
vn 0.32190000 0.88090000 -0.34690000
vn -1.00000000 -0.00500000 -0.00030000
vn -1.00000000 -0.00120000 0.00050000
vn -1.00000000 -0.00280000 -0.00060000
vn -0.33390000 0.94080000 0.05780000
vn -0.36950000 0.00420000 -0.92920000
vn -1.00000000 0.00030000 -0.00110000
vn -0.52550000 -0.00510000 -0.85080000
vn -1.00000000 0.00860000 -0.00020000
vn -0.94310000 0.33250000 -0.00030000
vn -1.00000000 0.00210000 -0.00080000
vn -0.90740000 0.42030000 -0.00120000
vn -1.00000000 0.00550000 -0.00040000
vn -1.00000000 0.00040000 -0.00100000
vn -0.58530000 0.38540000 -0.71340000
vn -0.76550000 0.53970000 -0.35030000
vn -0.92530000 -0.00930000 -0.37900000
vn -0.08210000 -0.89390000 0.44060000
vn -0.32780000 -0.53790000 0.77670000
vn -1.00000000 0.00040000 -0.00100000
vn 0.22900000 -0.90770000 0.35170000
vn -1.00000000 0.00210000 -0.00080000
vn 0.27310000 -0.31530000 0.90880000
vn -1.00000000 0.00040000 -0.00100000
vn -1.00000000 -0.00060000 -0.00090000
vn 0.23920000 0.53620000 0.80950000
vn -1.00000000 0.00030000 -0.00110000
vn 0.27310000 -0.31530000 0.90880000
vn -0.26260000 -0.12400000 0.95690000
vn -0.56070000 -0.82800000 -0.00190000
vn -1.00000000 -0.00500000 -0.00030000
vn -1.00000000 0.00030000 -0.00110000
vn -1.00000000 -0.00060000 -0.00090000
vn -0.92530000 -0.00930000 -0.37900000
vn -1.00000000 -0.00280000 -0.00060000
vn -0.90710000 -0.42090000 0.00250000
vn -0.99990000 -0.01240000 0.00010000
vn -0.58180000 -0.70930000 -0.39800000
vn 0.11700000 0.97230000 0.20250000
vn -1.00000000 -0.00060000 -0.00090000
vn -0.13480000 0.62110000 0.77210000
vn -1.00000000 -0.00280000 -0.00060000
vn 0.23920000 0.53620000 0.80950000
vn -0.58180000 -0.70930000 -0.39800000
vn -0.92530000 -0.00930000 -0.37900000
vn -0.41530000 -0.71120000 -0.56720000
vn -0.36950000 0.00420000 -0.92920000
vn -0.52550000 -0.00510000 -0.85080000
vn -0.00440000 0.62000000 -0.78460000
vn -0.58530000 0.38540000 -0.71340000
vn -0.02310000 -0.00120000 -0.99970000
vn -0.00000000 0.02120000 -0.99980000
vn -0.00220000 0.01670000 -0.99990000
vn -0.00220000 0.01670000 -0.99990000
vn -1.00000000 -0.00000000 -0.00000000
vn -0.00000000 0.02120000 -0.99980000
vn 0.00910000 0.00050000 -1.00000000
vn 0.00640000 -0.00000000 -1.00000000
vn -0.00000000 -1.00000000 -0.00000000
vn -0.00000000 0.02120000 -0.99980000
vn -0.00000000 -1.00000000 -0.00000000
vn -0.02310000 -0.00120000 -0.99970000
vn -0.03320000 -0.00000000 -0.99940000
vn 1.00000000 -0.00000000 -0.00000000
vn 0.00910000 0.00050000 -1.00000000
vn -0.00440000 0.62000000 -0.78460000
vn -0.00220000 0.01670000 -0.99990000
vn 1.00000000 -0.00000000 -0.00000000
vn 0.00140000 0.67570000 -0.73710000
vn -0.00560000 -0.01750000 -0.99980000
vn 0.00910000 0.00050000 -1.00000000
vn 0.00640000 -0.00000000 -1.00000000
vn 0.01340000 -0.63820000 -0.76970000
vn 1.00000000 -0.00000000 -0.00000000
vn -1.00000000 -0.00000000 -0.00000000
vn -0.00000000 1.00000000 -0.00000000
vn -0.00560000 -0.01750000 -0.99980000
vn -0.00000000 -0.02750000 -0.99960000
vn 0.00640000 -0.00000000 -1.00000000
vn -0.00000000 -0.02750000 -0.99960000
vn -0.00000000 1.00000000 -0.00000000
vn 1.00000000 -0.00000000 -0.00000000
vn -0.03320000 -0.00000000 -0.99940000
vn 0.00100000 -1.00000000 -0.00120000
vn -0.00030000 -1.00000000 -0.00160000
vn 0.01340000 -0.63820000 -0.76970000
vn -0.01330000 -0.82770000 -0.56110000
vn 0.00460000 -1.00000000 -0.00010000
vn 0.00850000 -1.00000000 0.00100000
vn 1.00000000 -0.00000000 -0.00000000
vn -0.01370000 -0.99990000 -0.00100000
vn -0.01330000 -0.82770000 -0.56110000
vn -0.04120000 -0.99920000 0.00010000
vn -0.00060000 -1.00000000 -0.00160000
vn -0.56070000 -0.82800000 -0.00190000
vn -0.41530000 -0.71120000 -0.56720000
vn -0.58180000 -0.70930000 -0.39800000
vn -0.00030000 -1.00000000 -0.00160000
vn -0.52550000 -0.00510000 -0.85080000
vn 0.01340000 -0.63820000 -0.76970000
vn -0.00560000 -0.01750000 -0.99980000
vn -0.41530000 -0.71120000 -0.56720000
vn -0.00000000 -0.02750000 -0.99960000
vn -0.03320000 -0.00000000 -0.99940000
vn -0.01330000 -0.82770000 -0.56110000
vn -0.02310000 -0.00120000 -0.99970000
vn -0.36950000 0.00420000 -0.92920000
vn -0.56070000 -0.82800000 -0.00190000
vn -0.04740000 -0.99890000 -0.00000000
vn -0.01590000 -0.95940000 0.28170000
vn -0.04120000 -0.99920000 0.00010000
vn -0.00360000 -1.00000000 0.00250000
vn -0.90710000 -0.42090000 0.00250000
vn -0.76560000 -0.53970000 0.35030000
vn -0.00140000 -1.00000000 0.00270000
vn 0.35940000 0.01730000 0.93300000
vn 0.56010000 -0.01770000 0.82830000
vn -0.00000000 -1.00000000 -0.00000000
vn 0.99700000 0.03000000 0.07110000
vn -0.04120000 -0.99920000 0.00010000
vn -0.04740000 -0.99890000 -0.00000000
vn -0.01370000 -0.99990000 -0.00100000
vn -0.00000000 -1.00000000 -0.00000000
vn 0.96320000 -0.03300000 -0.26670000
vn 0.44870000 0.02580000 -0.89330000
vn 0.99700000 0.03000000 0.07110000
vn -0.99240000 0.02770000 -0.11980000
vn 0.00850000 -1.00000000 0.00100000
vn -0.77710000 -0.02960000 0.62860000
vn 0.00100000 -1.00000000 -0.00120000
vn -0.63840000 0.00940000 0.76960000
vn -0.00030000 -1.00000000 -0.00160000
vn 0.00100000 -1.00000000 -0.00120000
vn 0.35950000 -0.00180000 0.93310000
vn -0.63840000 0.00940000 0.76960000
vn -0.00060000 -1.00000000 -0.00160000
vn 0.45100000 -0.02410000 0.89220000
vn -0.00060000 -1.00000000 -0.00160000
vn 0.35950000 -0.00180000 0.93310000
vn 0.99700000 0.03000000 0.07110000
vn -0.01370000 -0.99990000 -0.00100000
vn 0.00060000 -1.00000000 0.00090000
vn -0.74040000 -0.01600000 -0.67190000
vn -0.99270000 0.01580000 -0.11980000
vn 0.00270000 -1.00000000 0.00030000
vn -0.54130000 0.01820000 -0.84060000
vn -0.00360000 -1.00000000 0.00250000
vn 0.16800000 -0.02040000 -0.98560000
vn 0.44870000 0.02580000 -0.89330000
vn -0.54130000 0.01820000 -0.84060000
vn -0.00140000 -1.00000000 0.00270000
vn 0.00060000 -1.00000000 0.00090000
vn -0.04740000 -0.99890000 -0.00000000
vn -0.00000000 -1.00000000 -0.00000000
vn 0.96320000 -0.03300000 -0.26670000
vn 0.44870000 0.02580000 -0.89330000
vn -0.00140000 -1.00000000 0.00270000
vn 0.99700000 0.03000000 0.07110000
vn -0.98200000 -0.02390000 0.18730000
vn 0.00380000 -1.00000000 -0.00000000
vn -0.00000000 -1.00000000 -0.00000000
vn 0.00270000 -1.00000000 0.00030000
vn -0.99270000 0.01580000 -0.11980000
vn -0.63820000 0.03030000 0.76930000
vn -0.54130000 0.01820000 -0.84060000
vn 0.00850000 -1.00000000 0.00100000
vn 0.00380000 -1.00000000 -0.00000000
vn -0.80710000 -0.02970000 -0.58960000
vn 0.00460000 -1.00000000 -0.00010000
vn -0.00000000 -1.00000000 -0.00000000
vn -0.99240000 0.02770000 -0.11980000
vn -0.29280000 -0.02200000 0.95590000
vn -0.00000000 -1.00000000 -0.00000000
vn 0.35940000 0.01730000 0.93300000
vn -0.63820000 0.03030000 0.76930000
vn 0.16810000 -0.02040000 -0.98560000
vn -0.00000000 -1.00000000 -0.00000000
vn -0.54130000 0.01820000 -0.84060000
vn 0.44870000 0.02580000 -0.89330000
vn 1.00000000 -0.00000000 -0.00000000
vn -0.00360000 0.00020000 1.00000000
vn -0.00420000 -0.62220000 0.78280000
vn 0.00140000 -0.67570000 0.73710000
vn 0.00150000 0.00230000 1.00000000
vn -0.00420000 -0.62220000 0.78280000
vn -0.59250000 -0.39130000 0.70420000
vn -0.52530000 0.00020000 0.85090000
vn -0.00360000 0.00020000 1.00000000
vn -0.76560000 -0.53970000 0.35030000
vn 0.00140000 -0.67570000 0.73710000
vn -0.00420000 -0.62220000 0.78280000
vn -0.59250000 -0.39130000 0.70420000
vn -0.01590000 -0.95940000 0.28170000
vn 0.00460000 -1.00000000 -0.00010000
vn 0.00270000 -1.00000000 0.00030000
vn 0.00060000 -1.00000000 0.00090000
vn 0.00140000 -0.67570000 0.73710000
vn -0.00360000 -1.00000000 0.00250000
vn -0.01590000 -0.95940000 0.28170000
vn 1.00000000 -0.00000000 -0.00000000
vn 0.00380000 -1.00000000 -0.00000000
vn -0.00670000 1.00000000 0.00290000
vn -0.00060000 1.00000000 0.00360000
vn -0.50900000 0.86080000 0.00120000
vn -0.69270000 0.50370000 0.51610000
vn -0.07320000 0.99730000 0.00030000
vn -0.01070000 0.99990000 0.00300000
vn 0.00270000 0.78880000 0.61460000
vn -0.00820000 0.71240000 0.70170000
vn -0.64690000 0.47610000 0.59570000
vn -0.69270000 0.50370000 0.51610000
vn -0.50900000 0.86080000 0.00120000
vn -0.90740000 0.42030000 -0.00120000
vn -0.94310000 0.33250000 -0.00030000
vn -0.64690000 0.47610000 0.59570000
vn -0.52530000 0.00020000 0.85090000
vn -0.59260000 0.00390000 0.80550000
vn 0.00150000 0.00230000 1.00000000
vn -0.00360000 0.00020000 1.00000000
vn -0.00820000 0.71240000 0.70170000
vn 0.00240000 1.00000000 -0.00010000
vn 0.00060000 1.00000000 0.00040000
vn -0.00670000 1.00000000 0.00290000
vn 1.00000000 -0.00000000 -0.00000000
vn 0.00270000 0.78880000 0.61460000
vn 1.00000000 -0.00000000 -0.00000000
vn 0.00270000 0.78880000 0.61460000
vn 0.00150000 0.00230000 1.00000000
vn -0.00820000 0.71240000 0.70170000
vn 0.00100000 1.00000000 -0.00080000
vn 0.00390000 1.00000000 -0.00000000
vn -0.00360000 1.00000000 -0.00240000
vn 1.00000000 -0.00000000 -0.00000000
vn -0.01590000 0.95940000 -0.28170000
vn 0.00240000 1.00000000 -0.00010000
vn 0.00140000 0.67570000 -0.73710000
vn 0.16800000 -0.02180000 -0.98550000
vn 0.48820000 0.02270000 -0.87240000
vn -0.00000000 1.00000000 -0.00000000
vn 0.96320000 -0.03300000 -0.26670000
vn -0.44810000 0.02690000 -0.89360000
vn -0.80690000 -0.03930000 -0.58940000
vn -0.00670000 1.00000000 0.00290000
vn 0.00060000 1.00000000 0.00040000
vn -0.00060000 1.00000000 0.00360000
vn 0.16800000 -0.02180000 -0.98550000
vn -0.77690000 -0.04030000 0.62840000
vn -0.96920000 0.05270000 0.24040000
vn 0.00240000 1.00000000 -0.00010000
vn -0.80690000 -0.03930000 -0.58940000
vn -0.00000000 1.00000000 -0.00000000
vn 0.00060000 1.00000000 0.00040000
vn 0.00390000 1.00000000 -0.00000000
vn 0.48820000 0.02270000 -0.87240000
vn -0.01070000 0.99990000 0.00300000
vn -0.00060000 1.00000000 0.00360000
vn 0.96320000 -0.03300000 -0.26670000
vn 0.16800000 -0.02180000 -0.98550000
vn -0.80690000 -0.03930000 -0.58940000
vn -0.77690000 -0.04030000 0.62840000
vn 0.00100000 1.00000000 -0.00080000
vn -0.96920000 0.05270000 0.24040000
vn -0.00000000 1.00000000 -0.00000000
vn 0.00390000 1.00000000 -0.00000000
vn 0.99700000 0.03000000 0.07110000
vn 0.96320000 -0.03300000 -0.26670000
vn -0.01070000 0.99990000 0.00300000
vn -0.00000000 1.00000000 -0.00000000
vn -0.05140000 0.99870000 -0.00000000
vn 0.45100000 -0.02410000 0.89220000
vn -0.07320000 0.99730000 0.00030000
vn -0.00360000 1.00000000 -0.00240000
vn 0.00100000 1.00000000 -0.00080000
vn 0.22940000 0.02860000 0.97290000
vn 0.45100000 -0.02410000 0.89220000
vn -0.00140000 1.00000000 -0.00270000
vn -0.77690000 -0.04030000 0.62840000
vn -0.00140000 1.00000000 -0.00270000
vn -0.50900000 0.86080000 0.00120000
vn -0.76550000 0.53970000 -0.35030000
vn -0.90740000 0.42030000 -0.00120000
vn -0.07320000 0.99730000 0.00030000
vn -0.01590000 0.95940000 -0.28170000
vn -0.05140000 0.99870000 -0.00000000
vn -0.00360000 1.00000000 -0.00240000
vn 0.96320000 -0.03300000 -0.26670000
vn 0.99700000 0.03000000 0.07110000
vn -0.00140000 1.00000000 -0.00270000
vn -0.00000000 1.00000000 -0.00000000
vn 0.45100000 -0.02410000 0.89220000
vn -0.05140000 0.99870000 -0.00000000
vn -0.44810000 0.02690000 -0.89360000
vn -0.80690000 -0.03930000 -0.58940000
vn 0.16800000 -0.02180000 -0.98550000
vn -0.00000000 1.00000000 -0.00000000
vn -0.77690000 -0.04030000 0.62840000
vn 0.45100000 -0.02410000 0.89220000
vn 0.22940000 0.02860000 0.97290000
vn -0.00000000 1.00000000 -0.00000000
vn -0.76550000 0.53970000 -0.35030000
vn 0.00140000 0.67570000 -0.73710000
vn -0.58530000 0.38540000 -0.71340000
vn -0.00440000 0.62000000 -0.78460000
vn -0.01590000 0.95940000 -0.28170000
vn -0.77690000 -0.04030000 0.62840000
vn -0.00000000 1.00000000 -0.00000000
vn 0.22940000 0.02860000 0.97290000
vn -0.96920000 0.05270000 0.24040000
vn -0.00000000 1.00000000 -0.00000000
vn 0.22940000 0.02860000 0.97290000
vn 0.99700000 0.03000000 0.07110000
vn 0.45100000 -0.02410000 0.89220000
vn 0.99700000 0.03000000 0.07110000
vn 0.96320000 -0.03300000 -0.26670000
vn 0.48820000 0.02270000 -0.87240000
vn -0.00000000 1.00000000 -0.00000000
vn 0.48820000 0.02270000 -0.87240000
vn 0.16800000 -0.02180000 -0.98550000
vn -0.00000000 1.00000000 -0.00000000
vn -0.44810000 0.02690000 -0.89360000
vn -0.00000000 1.00000000 -0.00000000
vn -0.44810000 0.02690000 -0.89360000
vn -0.80690000 -0.03930000 -0.58940000
vn -0.96920000 0.05270000 0.24040000
vn -0.00000000 1.00000000 -0.00000000
vn -0.96920000 0.05270000 0.24040000
vn 0.22940000 0.02860000 0.97290000
vn -0.77690000 -0.04030000 0.62840000
vn 0.45100000 -0.02410000 0.89220000
vn 0.99700000 0.03000000 0.07110000
vn 0.22940000 0.02860000 0.97290000
vn -0.00000000 1.00000000 -0.00000000
vn 0.48820000 0.02270000 -0.87240000
vn 0.96320000 -0.03300000 -0.26670000
vn 0.99700000 0.03000000 0.07110000
vn -0.00000000 1.00000000 -0.00000000
vn 0.16800000 -0.02180000 -0.98550000
vn -0.00000000 1.00000000 -0.00000000
vn -0.44810000 0.02690000 -0.89360000
vn 0.48820000 0.02270000 -0.87240000
vn -0.00000000 1.00000000 -0.00000000
vn -0.96920000 0.05270000 0.24040000
vn -0.80690000 -0.03930000 -0.58940000
vn -0.44810000 0.02690000 -0.89360000
vn -0.77710000 -0.02960000 0.62860000
vn -0.00000000 -1.00000000 -0.00000000
vn -0.63840000 0.00940000 0.76960000
vn 0.45100000 -0.02410000 0.89220000
vn 0.35950000 -0.00180000 0.93310000
vn 0.96320000 -0.03300000 -0.26670000
vn 0.99700000 0.03000000 0.07110000
vn 0.45100000 -0.02410000 0.89220000
vn -0.00000000 -1.00000000 -0.00000000
vn -0.00000000 -1.00000000 -0.00000000
vn 0.96320000 -0.03300000 -0.26670000
vn 0.44870000 0.02580000 -0.89330000
vn 0.16810000 -0.02040000 -0.98560000
vn -0.80710000 -0.02970000 -0.58960000
vn -0.00000000 -1.00000000 -0.00000000
vn 0.16810000 -0.02040000 -0.98560000
vn -0.54130000 0.01820000 -0.84060000
vn -0.77710000 -0.02960000 0.62860000
vn -0.80710000 -0.02970000 -0.58960000
vn -0.99240000 0.02770000 -0.11980000
vn -0.00000000 -1.00000000 -0.00000000
vn 0.56010000 -0.01770000 0.82830000
vn -0.29280000 -0.02200000 0.95590000
vn 0.35940000 0.01730000 0.93300000
vn -0.00000000 -1.00000000 -0.00000000
vn -0.00000000 -1.00000000 -0.00000000
vn 0.99700000 0.03000000 0.07110000
vn 0.96320000 -0.03300000 -0.26670000
vn 0.56010000 -0.01770000 0.82830000
vn 0.44870000 0.02580000 -0.89330000
vn -0.00000000 -1.00000000 -0.00000000
vn 0.16800000 -0.02040000 -0.98560000
vn 0.96320000 -0.03300000 -0.26670000
vn -0.00000000 -1.00000000 -0.00000000
vn 0.16800000 -0.02040000 -0.98560000
vn -0.54130000 0.01820000 -0.84060000
vn -0.74040000 -0.01600000 -0.67190000
vn -0.99270000 0.01580000 -0.11980000
vn -0.74040000 -0.01600000 -0.67190000
vn -0.00000000 -1.00000000 -0.00000000
vn -0.98200000 -0.02390000 0.18730000
vn -0.29280000 -0.02200000 0.95590000
vn -0.63820000 0.03030000 0.76930000
vn -0.00000000 -1.00000000 -0.00000000
vn -0.98200000 -0.02390000 0.18730000
vn -0.00000000 -0.00000000 -1.00000000
vn 1.00000000 -0.00000000 -0.00000000
vn -0.00000000 1.00000000 -0.00000000
vn -0.00000000 -1.00000000 -0.00000000
vn 1.00000000 -0.00000000 -0.00000000
vn -0.00000000 -0.00000000 -1.00000000
vn -1.00000000 -0.00000000 -0.00000000
vn -0.00000000 -0.00000000 -1.00000000
vn -0.00000000 1.00000000 -0.00000000
vn -1.00000000 -0.00000000 -0.00000000
vn -0.00000000 -1.00000000 -0.00000000
vn -0.00000000 -0.00000000 -1.00000000
vn -1.00000000 -0.00000000 -0.00000000
vn 0.23920000 0.53620000 0.80950000
vn -0.26260000 -0.12400000 0.95690000
vn -0.13480000 0.62110000 0.77210000
vn -1.00000000 0.00010000 -0.00000000
vn -0.33390000 0.94080000 0.05780000
vn 0.11700000 0.97230000 0.20250000
vn -1.00000000 -0.00000000 -0.00000000
vn -0.13480000 0.62110000 0.77210000
vn -0.28630000 0.65900000 -0.69550000
vn -0.33390000 0.94080000 0.05780000
vn -1.00000000 -0.00000000 -0.00000000
vn 0.32190000 0.88090000 -0.34690000
vn 0.28630000 0.50120000 -0.81660000
vn -0.32180000 0.10710000 -0.94070000
vn -0.28630000 0.65900000 -0.69550000
vn -1.00000000 -0.00000000 -0.00000000
vn -0.25270000 -0.47300000 -0.84400000
vn -0.32180000 0.10710000 -0.94070000
vn -1.00000000 -0.00000000 -0.00000000
vn 0.33390000 -0.29940000 -0.89380000
vn -0.25270000 -0.47300000 -0.84400000
vn -0.33450000 -0.78820000 -0.51650000
vn -1.00000000 -0.00000000 -0.00000000
vn 0.05110000 0.83530000 0.54740000
vn 0.04960000 0.29550000 0.95400000
vn -0.44780000 0.39010000 0.80450000
vn -1.00000000 -0.00000000 -0.00000000
vn -0.46660000 0.85880000 0.21180000
vn 0.33680000 0.92920000 -0.15230000
vn 0.05110000 0.83530000 0.54740000
vn -0.27680000 -0.94030000 -0.19800000
vn 0.05980000 -0.90890000 -0.41270000
vn -0.33450000 -0.78820000 -0.51650000
vn 0.22900000 -0.90770000 0.35170000
vn -1.00000000 -0.00000000 -0.00000000
vn -0.08210000 -0.89390000 0.44060000
vn -0.27680000 -0.94030000 -0.19800000
vn -1.00000000 -0.00000000 -0.00000000
vn -0.37490000 0.42300000 -0.82490000
vn -0.32780000 -0.53790000 0.77670000
vn 0.33680000 0.92920000 -0.15230000
vn -0.08210000 -0.89390000 0.44060000
vn -1.00000000 -0.00000000 -0.00000000
vn -0.27430000 0.89480000 -0.35240000
vn -0.26260000 -0.12400000 0.95690000
vn 0.27310000 -0.31530000 0.90880000
vn -0.07040000 -0.06680000 -0.99530000
vn -1.00000000 -0.00000000 -0.00000000
vn -0.42290000 0.59080000 -0.68710000
vn -0.32780000 -0.53790000 0.77670000
vn 0.06760000 -0.10360000 -0.99230000
vn -1.00000000 -0.00000000 -0.00000000
vn -1.00000000 -0.00000000 -0.00000000
vn -0.23970000 0.54590000 -0.80280000
vn -0.42290000 0.59080000 -0.68710000
vn -0.37490000 0.42300000 -0.82490000
vn 0.15800000 -0.90180000 0.40220000
vn -1.00000000 0.00010000 -0.00000000
vn -1.00000000 -0.00000000 -0.00000000
vn 0.08630000 -0.97740000 -0.19280000
vn -1.00000000 -0.00000000 -0.00000000
vn 0.04820000 -0.37090000 0.92740000
vn 0.04960000 0.29550000 0.95400000
vn 0.14420000 -0.65130000 -0.74500000
vn -1.00000000 0.00010000 -0.00000000
vn -0.21740000 -0.93570000 -0.27790000
vn 0.08630000 -0.97740000 -0.19280000
vn -1.00000000 -0.00000000 -0.00000000
vn 0.14420000 -0.65130000 -0.74500000
vn -1.00000000 -0.00000000 -0.00000000
vn -0.05740000 -0.59380000 -0.80260000
vn 0.06760000 -0.10360000 -0.99230000
vn 0.04820000 -0.37090000 0.92740000
vn -1.00000000 -0.00000000 -0.00000000
vn -0.24310000 -0.83020000 0.50170000
vn 0.15800000 -0.90180000 0.40220000
vn 0.10490000 -0.35580000 0.92870000
vn -0.05740000 -0.59380000 -0.80260000
vn -1.00000000 -0.00000000 -0.00000000
vn 0.06760000 -0.10360000 -0.99230000
vn -0.07040000 -0.06680000 -0.99530000
vn -0.07040000 -0.06680000 -0.99530000
vn -0.42290000 0.59080000 -0.68710000
vn -0.23970000 0.54590000 -0.80280000
vn -1.00000000 -0.00000000 -0.00000000
vn 0.14420000 -0.65130000 -0.74500000
vn -0.05740000 -0.59380000 -0.80260000
vn -1.00000000 -0.00000000 -0.00000000
vn -0.21740000 -0.93570000 -0.27790000
vn -0.24310000 -0.83020000 0.50170000
vn -0.21740000 -0.93570000 -0.27790000
vn 0.15800000 -0.90180000 0.40220000
vn -1.00000000 -0.00000000 -0.00000000
vn 0.08630000 -0.97740000 -0.19280000
vn 0.10490000 -0.35580000 0.92870000
vn -1.00000000 -0.00000000 -0.00000000
vn -0.24310000 -0.83020000 0.50170000
vn 0.04820000 -0.37090000 0.92740000
vn 0.04960000 0.29550000 0.95400000
vn -1.00000000 -0.00000000 -0.00000000
vn -0.44780000 0.39010000 0.80450000
vn 0.10490000 -0.35580000 0.92870000
vn -0.44780000 0.39010000 0.80450000
vn 0.05110000 0.83530000 0.54740000
vn -1.00000000 -0.00000000 -0.00000000
vn -0.46660000 0.85880000 0.21180000
vn -1.00000000 -0.00000000 -0.00000000
vn -0.27430000 0.89480000 -0.35240000
vn 0.33680000 0.92920000 -0.15230000
vn -0.46660000 0.85880000 0.21180000
vn -0.23970000 0.54590000 -0.80280000
vn -1.00000000 -0.00000000 -0.00000000
vn -0.37490000 0.42300000 -0.82490000
vn -0.27430000 0.89480000 -0.35240000
vn -0.11530000 0.57540000 -0.80970000
vn 0.11330000 0.99100000 -0.07160000
vn 0.03070000 0.52070000 -0.85320000
vn -1.00000000 -0.00000000 -0.00000000
vn 0.31380000 0.58700000 0.74630000
vn -1.00000000 -0.00000000 -0.00000000
vn 0.11330000 0.99100000 -0.07160000
vn -0.25520000 0.95330000 0.16130000
vn 0.31380000 0.58700000 0.74630000
vn -0.32480000 0.15780000 0.93250000
vn 0.29970000 -0.41700000 0.85810000
vn -1.00000000 -0.00000000 -0.00000000
vn 0.03070000 -0.52070000 -0.85320000
vn 0.35510000 -0.93460000 -0.02280000
vn -1.00000000 -0.00000000 -0.00000000
vn -0.33220000 -0.62960000 -0.70230000
vn 0.03070000 -0.52070000 -0.85320000
vn -1.00000000 -0.00000000 -0.00000000
vn 0.03070000 0.52070000 -0.85320000
vn 0.35510000 -0.93460000 -0.02280000
vn 0.29970000 -0.41700000 0.85810000
vn -1.00000000 -0.00000000 -0.00000000
vn -0.36890000 -0.77600000 0.51160000
vn -0.25520000 0.95330000 0.16130000
vn -1.00000000 -0.00000000 -0.00000000
vn -0.32480000 0.15780000 0.93250000
vn 0.31380000 0.58700000 0.74630000
vn 0.11330000 0.99100000 -0.07160000
vn -1.00000000 -0.00000000 -0.00000000
vn -0.11530000 0.57540000 -0.80970000
vn -0.25520000 0.95330000 0.16130000
vn -0.11530000 0.57540000 -0.80970000
vn -0.33220000 -0.62960000 -0.70230000
vn -1.00000000 -0.00000000 -0.00000000
vn 0.03070000 -0.52070000 -0.85320000
vn 0.03070000 0.52070000 -0.85320000
vn -1.00000000 -0.00000000 -0.00000000
vn -0.36890000 -0.77600000 0.51160000
vn -0.33220000 -0.62960000 -0.70230000
vn 0.35510000 -0.93460000 -0.02280000
vn -0.36890000 -0.77600000 0.51160000
vn 0.29970000 -0.41700000 0.85810000
vn -1.00000000 -0.00000000 -0.00000000
vn -0.32480000 0.15780000 0.93250000
vt 0.90606600 0.45497900
vt 0.48651600 0.48351300
vt 0.61560200 0.62017200
vt 0.61560200 0.62017200
vt 0.61560200 0.62017200
vt 0.61185100 0.62021000
vt 0.61185100 0.62021000
vt 0.60135500 0.61333400
vt 0.83173400 0.65394600
vt 0.83173400 0.65394600
vt 0.83173400 0.65394600
vt 0.48651600 0.39190500
vt 0.90606600 0.54658500
vt 0.48651600 0.39190500
vt 0.83173400 0.65394600
vt 0.48472900 0.39279800
vt 0.60167800 0.70310100
vt 0.83013700 0.65302600
vt 0.48472900 0.39279800
vt 0.60167800 0.70310100
vt 0.60167800 0.70310100
vt 0.60167800 0.70310100
vt 0.83096900 0.65350400
vt 0.83096900 0.65350400
vt 0.83096900 0.65350400
vt 0.48565800 0.39196100
vt 0.83096900 0.65350400
vt 0.83084100 0.65446400
vt 0.83084100 0.65446400
vt 0.83084100 0.65446400
vt 0.90431300 0.54567000
vt 0.90431300 0.54567000
vt 0.90431300 0.54567000
vt 0.83014000 0.65487100
vt 0.90431300 0.54567000
vt 0.90448000 0.45552700
vt 0.89779300 0.45600100
vt 0.87363000 0.08194200
vt 0.89779300 0.45600100
vt 0.86175800 0.08173400
vt 0.85951600 0.08192400
vt 0.85718500 0.08181700
vt 0.68422500 0.25436200
vt 0.68232000 0.25401600
vt 0.67919400 0.25437800
vt 0.67919400 0.25437800
vt 0.87138000 0.08191300
vt 0.87138000 0.08191300
vt 0.87138000 0.08191300
vt 0.67573900 0.25428300
vt 0.67573900 0.25428300
vt 0.67573900 0.25428300
vt 0.67573900 0.25428300
vt 0.86849500 0.08187600
vt 0.86849500 0.08187600
vt 0.86849500 0.08187600
vt 0.86626500 0.08207400
vt 0.86626500 0.08207400
vt 0.67298000 0.25428100
vt 0.67298000 0.25428100
vt 0.67298000 0.25428100
vt 0.86407700 0.08188800
vt 0.67038500 0.25451400
vt 0.39324700 0.45212200
vt 0.67038500 0.25451400
vt 0.39324700 0.45212200
vt 0.34989800 0.45157300
vt 0.34989800 0.45157300
vt 0.33568800 0.45171300
vt 0.33568800 0.45171300
vt 0.33568800 0.45171300
vt 0.33379000 0.45157800
vt 0.33379000 0.45157800
vt 0.65511800 0.61287700
vt 0.65334400 0.61286800
vt 0.65334400 0.61286800
vt 0.65334400 0.61286800
vt 0.65128900 0.61291800
vt 0.65128900 0.61291800
vt 0.65128900 0.61291800
vt 0.64295100 0.61296600
vt 0.64295100 0.61296600
vt 0.64295100 0.61296600
vt 0.34821400 0.45153600
vt 0.34821400 0.45153600
vt 0.34821400 0.45153600
vt 0.64829100 0.61288000
vt 0.64829100 0.61288000
vt 0.64829100 0.61288000
vt 0.34607800 0.45153100
vt 0.34607800 0.45153100
vt 0.34607800 0.45153100
vt 0.34387300 0.45173000
vt 0.34387300 0.45173000
vt 0.34387300 0.45173000
vt 0.64584200 0.61285700
vt 0.64584200 0.61285700
vt 0.64584200 0.61285700
vt 0.34188400 0.45150000
vt 0.34188400 0.45150000
vt 0.34012100 0.45153500
vt 0.34012100 0.45153500
vt 0.34012100 0.45153500
vt 0.33791800 0.45153600
vt 0.33791800 0.45153600
vt 0.33791800 0.45153600
vt 0.64055000 0.61992800
vt 0.64055000 0.61992800
vt 0.64055000 0.61992800
vt 0.64055000 0.61992800
vt 0.63868300 0.61286900
vt 0.63869200 0.61994300
vt 0.63641900 0.61884400
vt 0.63641900 0.61884400
vt 0.63520200 0.61885600
vt 0.63242500 0.61888400
vt 0.63120800 0.61889600
vt 0.62843100 0.61892400
vt 0.62721500 0.61893600
vt 0.62443700 0.61896400
vt 0.62322100 0.61897600
vt 0.63865000 0.70245900
vt 0.63865000 0.70245900
vt 0.63865000 0.70245900
vt 0.63865000 0.70245900
vt 0.63865000 0.70245900
vt 0.63865000 0.70245900
vt 0.63865000 0.70245900
vt 0.83123900 0.60154700
vt 0.83123900 0.60154700
vt 0.83123900 0.60154700
vt 0.83123900 0.60154700
vt 0.83123900 0.60154700
vt 0.83123900 0.60154700
vt 0.85329800 0.66446100
vt 0.85329800 0.66446100
vt 0.85329800 0.66446100
vt 0.85329800 0.66446100
vt 0.85329800 0.66446100
vt 0.85329800 0.66446100
vt 0.85329800 0.66446100
vt 0.85329800 0.66446100
vt 0.85329800 0.66446100
vt 0.85329800 0.66446100
vt 0.85329800 0.66446100
vt 0.85236700 0.66765100
vt 0.85236700 0.66765100
vt 0.85236700 0.66765100
vt 0.85236700 0.66765100
vt 0.83714500 0.59390300
vt 0.83714500 0.59390300
vt 0.83714500 0.59390300
vt 0.83714500 0.59390300
vt 0.83714500 0.59390300
vt 0.83714500 0.59390300
vt 0.83714500 0.59390300
vt 0.84210000 0.59281200
vt 0.84210000 0.59281200
vt 0.84210000 0.59281200
vt 0.84210000 0.59281200
vt 0.84210000 0.59281200
vt 0.84210000 0.59281200
vt 0.85297100 0.60119500
vt 0.85297100 0.60119500
vt 0.85297100 0.60119500
vt 0.85297100 0.60119500
vt 0.85297100 0.60119500
vt 0.85297100 0.60119500
vt 0.85297100 0.60119500
vt 0.85297100 0.60119500
vt 0.85297100 0.60119500
vt 0.85297100 0.60119500
vt 0.84933000 0.67170800
vt 0.84933000 0.67170800
vt 0.84933000 0.67170800
vt 0.84933000 0.67170800
vt 0.84933000 0.67170800
vt 0.84933000 0.67170800
vt 0.83157600 0.66661200
vt 0.83157600 0.66661200
vt 0.83157600 0.66661200
vt 0.83157600 0.66661200
vt 0.83157600 0.66661200
vt 0.83157600 0.66661200
vt 0.83157600 0.66661200
vt 0.83235800 0.59844600
vt 0.83235800 0.59844600
vt 0.83235800 0.59844600
vt 0.83235800 0.59844600
vt 0.83235800 0.59844600
vt 0.83441000 0.67101000
vt 0.83441000 0.67101000
vt 0.83441000 0.67101000
vt 0.83441000 0.67101000
vt 0.83441000 0.67101000
vt 0.83441000 0.67101000
vt 0.83801200 0.67332700
vt 0.83801200 0.67332700
vt 0.83801200 0.67332700
vt 0.83801200 0.67332700
vt 0.83801200 0.67332700
vt 0.83801200 0.67332700
vt 0.83801200 0.67332700
vt 0.84392400 0.67416700
vt 0.84392400 0.67416700
vt 0.68527100 0.34477300
vt 0.84392400 0.67416700
vt 0.84392400 0.67416700
vt 0.68527100 0.34477300
vt 0.84392400 0.67416700
vt 0.83062200 0.66446000
vt 0.83062200 0.66446000
vt 0.89751700 0.54629600
vt 0.83062200 0.66446000
vt 0.87283600 0.17223200
vt 0.87283600 0.17223200
vt 0.87363000 0.17152000
vt 0.89768100 0.54557900
vt 0.87363000 0.17152000
vt 0.87363000 0.17152000
vt 0.89768100 0.54557900
vt 0.87119600 0.17147200
vt 0.87119600 0.17147200
vt 0.87119600 0.17147200
vt 0.87119600 0.17147200
vt 0.87119600 0.17147200
vt 0.87119600 0.17147200
vt 0.67905100 0.34375200
vt 0.67905100 0.34375200
vt 0.67905100 0.34375200
vt 0.67905100 0.34375200
vt 0.67905100 0.34375200
vt 0.86552900 0.17143500
vt 0.86552900 0.17143500
vt 0.86552900 0.17143500
vt 0.86552900 0.17143500
vt 0.67239400 0.34381300
vt 0.67239400 0.34381300
vt 0.67239400 0.34381300
vt 0.67239400 0.34381300
vt 0.34980000 0.54120600
vt 0.34980000 0.54120600
vt 0.34980000 0.54120600
vt 0.85420400 0.60252100
vt 0.34980000 0.54120600
vt 0.34980000 0.54120600
vt 0.65079000 0.70248900
vt 0.65079000 0.70248900
vt 0.65079000 0.70248900
vt 0.65079000 0.70248900
vt 0.65079000 0.70248900
vt 0.34489200 0.54113100
vt 0.34489200 0.54113100
vt 0.34489200 0.54113100
vt 0.34489200 0.54113100
vt 0.34489200 0.54113100
vt 0.34208100 0.54111400
vt 0.34208100 0.54111400
vt 0.34208100 0.54111400
vt 0.34208100 0.54111400
vt 0.34208100 0.54111400
vt 0.34208100 0.54111400
vt 0.34208100 0.54111400
vt 0.64060800 0.70250700
vt 0.64060800 0.70250700
vt 0.64060800 0.70250700
vt 0.64060800 0.70250700
vt 0.84828400 0.59354200
vt 0.33927100 0.54148500
vt 0.33927100 0.54148500
vt 0.84828400 0.59354200
vt 0.33927100 0.54148500
vt 0.33927100 0.54148500
vt 0.84828400 0.59354200
vt 0.84605300 0.59328000
vt 0.84605300 0.59328000
vt 0.84605300 0.59328000
vt 0.84605300 0.59328000
vt 0.84605300 0.59328000
vt 0.33707800 0.54145900
vt 0.84618500 0.59254400
vt 0.33707800 0.54145900
vt 0.84618500 0.59254400
vt 0.84618500 0.59254400
vt 0.33707800 0.54145900
vt 0.84273000 0.59229000
vt 0.33445200 0.54201900
vt 0.84273000 0.59229000
vt 0.84273000 0.59229000
vt 0.84273000 0.59229000
vt 0.84273000 0.59229000
vt 0.33519800 0.54138300
vt 0.33519800 0.54138300
vt 0.33519800 0.54138300
vt 0.33519800 0.54138300
vt 0.84408100 0.59199300
vt 0.33362500 0.54132700
vt 0.33362500 0.54132700
vt 0.65511800 0.70262200
vt 0.84205800 0.59179600
vt 0.65511800 0.70262200
vt 0.65511800 0.70262200
vt 0.65266800 0.70327700
vt 0.83932600 0.59263000
vt 0.83932600 0.59263000
vt 0.83932600 0.59263000
vt 0.65266800 0.70327700
vt 0.83932600 0.59263000
vt 0.65295200 0.70261000
vt 0.65295200 0.70261000
vt 0.65295200 0.70261000
vt 0.65295200 0.70261000
vt 0.65295200 0.70261000
vt 0.65295200 0.70261000
vt 0.83689500 0.59327700
vt 0.65055900 0.70304300
vt 0.65055900 0.70304300
vt 0.83689500 0.59327700
vt 0.65055900 0.70304300
vt 0.65055900 0.70304300
vt 0.83471900 0.59517700
vt 0.64769000 0.70342700
vt 0.83471900 0.59517700
vt 0.83471900 0.59517700
vt 0.64769000 0.70342700
vt 0.83471900 0.59517700
vt 0.85368200 0.60157300
vt 0.85368200 0.60157300
vt 0.85368200 0.60157300
vt 0.85368200 0.60157300
vt 0.34876300 0.54187200
vt 0.64803000 0.70259500
vt 0.64803000 0.70259500
vt 0.64803000 0.70259500
vt 0.64803000 0.70259500
vt 0.64803000 0.70259500
vt 0.64803000 0.70259500
vt 0.64803000 0.70259500
vt 0.85200400 0.59859300
vt 0.85200400 0.59859300
vt 0.85200400 0.59859300
vt 0.85200400 0.59859300
vt 0.83350100 0.59579300
vt 0.64641700 0.70303900
vt 0.64641700 0.70303900
vt 0.85325900 0.59919000
vt 0.85325900 0.59919000
vt 0.34678100 0.54143700
vt 0.34678100 0.54143700
vt 0.34678100 0.54143700
vt 0.34678100 0.54143700
vt 0.85325900 0.59919000
vt 0.34678100 0.54143700
vt 0.85151900 0.59683600
vt 0.85151900 0.59683600
vt 0.85151900 0.59683600
vt 0.34388800 0.54187500
vt 0.34388800 0.54187500
vt 0.34388800 0.54187500
vt 0.64483500 0.70282600
vt 0.64483500 0.70282600
vt 0.64483500 0.70282600
vt 0.83236300 0.59689700
vt 0.83236300 0.59689700
vt 0.83236300 0.59689700
vt 0.64483500 0.70282600
vt 0.85029300 0.59528600
vt 0.34192500 0.54171200
vt 0.34192500 0.54171200
vt 0.85029300 0.59528600
vt 0.84884900 0.59489800
vt 0.84884900 0.59489800
vt 0.84884900 0.59489800
vt 0.84884900 0.59489800
vt 0.84884900 0.59489800
vt 0.84884900 0.59489800
vt 0.84884900 0.59489800
vt 0.64242100 0.70283100
vt 0.64242100 0.70283100
vt 0.64242100 0.70283100
vt 0.64242100 0.70283100
vt 0.83113100 0.59903600
vt 0.83113100 0.59903600
vt 0.83113100 0.59903600
vt 0.83046700 0.60254100
vt 0.63937500 0.70322400
vt 0.63937500 0.70322400
vt 0.83046700 0.60254100
vt 0.83046700 0.60254100
vt 0.63937500 0.70322400
vt 0.83637600 0.67352000
vt 0.86239400 0.17174400
vt 0.86239400 0.17174400
vt 0.83637600 0.67352000
vt 0.86239400 0.17174400
vt 0.86239400 0.17174400
vt 0.83612500 0.67281800
vt 0.83612500 0.67281800
vt 0.86306300 0.17229200
vt 0.83612500 0.67281800
vt 0.86025100 0.17181400
vt 0.83848700 0.67442400
vt 0.86025100 0.17181400
vt 0.86025100 0.17181400
vt 0.83848700 0.67442400
vt 0.84130800 0.67453600
vt 0.84130800 0.67453600
vt 0.84130800 0.67453600
vt 0.85815100 0.17230100
vt 0.85815100 0.17230100
vt 0.85842700 0.17163300
vt 0.85842700 0.17163300
vt 0.85842700 0.17163300
vt 0.85842700 0.17163300
vt 0.68659400 0.34389100
vt 0.68659400 0.34389100
vt 0.85666600 0.17164100
vt 0.84290300 0.67502700
vt 0.85666600 0.17164100
vt 0.68420700 0.34383400
vt 0.68420700 0.34383400
vt 0.68420700 0.34383400
vt 0.68420700 0.34383400
vt 0.68420700 0.34383400
vt 0.84690100 0.67380600
vt 0.68290000 0.34440400
vt 0.68290000 0.34440400
vt 0.68290000 0.34440400
vt 0.68108200 0.34457100
vt 0.68108200 0.34457100
vt 0.84842800 0.67276200
vt 0.87103000 0.17216100
vt 0.87103000 0.17216100
vt 0.83102800 0.66663200
vt 0.87103000 0.17216100
vt 0.83102800 0.66663200
vt 0.68110500 0.34392600
vt 0.68110500 0.34392600
vt 0.68110500 0.34392600
vt 0.68110500 0.34392600
vt 0.68110500 0.34392600
vt 0.68110500 0.34392600
vt 0.85069700 0.67122700
vt 0.67838900 0.34435900
vt 0.67838900 0.34435900
vt 0.67838900 0.34435900
vt 0.67838900 0.34435900
vt 0.85069700 0.67122700
vt 0.86819500 0.17228700
vt 0.83246100 0.66922500
vt 0.83246100 0.66922500
vt 0.86819500 0.17228700
vt 0.83246100 0.66922500
vt 0.67599800 0.34459600
vt 0.85202700 0.66917100
vt 0.67599800 0.34459600
vt 0.85202700 0.66917100
vt 0.85202700 0.66917100
vt 0.86834200 0.17164900
vt 0.86834200 0.17164900
vt 0.86834200 0.17164900
vt 0.86834200 0.17164900
vt 0.86834200 0.17164900
vt 0.86834200 0.17164900
vt 0.86834200 0.17164900
vt 0.67654000 0.34394300
vt 0.67654000 0.34394300
vt 0.67654000 0.34394300
vt 0.67654000 0.34394300
vt 0.67654000 0.34394300
vt 0.86555300 0.17200900
vt 0.86555300 0.17200900
vt 0.86555300 0.17200900
vt 0.83394400 0.67149000
vt 0.83394400 0.67149000
vt 0.86555300 0.17200900
vt 0.67416100 0.34414900
vt 0.85325000 0.66780200
vt 0.67416100 0.34414900
vt 0.67416100 0.34414900
vt 0.85325000 0.66780200
vt 0.85325000 0.66780200
vt 0.67416100 0.34414900
vt 0.67416100 0.34414900
vt 0.67088200 0.34417900
vt 0.39324700 0.54178500
vt 0.85420400 0.66410800
vt 0.67088200 0.34417900
vt 0.85420400 0.66410800
vt 0.85420400 0.66410800
vt 0.89745200 0.54658400
vt 0.89745200 0.54658400
vt 0.06887000 0.56022300
vt 0.66476200 0.09457400
vt 0.66476200 0.09457400
vt 0.66476200 0.09457400
vt 0.66119100 0.09462800
vt 0.88568700 0.53874300
vt 0.89567800 0.54563200
vt 0.89567800 0.54563200
vt 0.06887000 0.65182700
vt 0.83215000 0.40601200
vt 0.83215000 0.40601200
vt 0.83215000 0.40601200
vt 0.83215000 0.40601200
vt 0.89745200 0.45497900
vt 0.89745200 0.45497900
vt 0.65331300 0.17753900
vt 0.65331300 0.17753900
vt 0.83055500 0.40509100
vt 0.89566900 0.45586500
vt 0.89566900 0.45586500
vt 0.89566900 0.45586500
vt 0.65331300 0.17753900
vt 0.89566900 0.45586500
vt 0.83138500 0.40556900
vt 0.89659700 0.45503100
vt 0.83138500 0.40556900
vt 0.83138500 0.40556900
vt 0.83138500 0.40556900
vt 0.83125800 0.40653000
vt 0.83125800 0.40653000
vt 0.83125800 0.40653000
vt 0.06709000 0.65092100
vt 0.06709000 0.65092100
vt 0.06709000 0.65092100
vt 0.39402300 0.74551300
vt 0.83055800 0.40693600
vt 0.06726000 0.56077900
vt 0.40016000 0.83516900
vt 0.06088500 0.56115100
vt 0.06088500 0.56115100
vt 0.41205100 0.83536400
vt 0.41205100 0.83536400
vt 0.41205100 0.83536400
vt 0.41428600 0.83519100
vt 0.41428600 0.83519100
vt 0.41428600 0.83519100
vt 0.41660300 0.83532600
vt 0.41660300 0.83532600
vt 0.88686400 0.34444400
vt 0.88448100 0.34475700
vt 0.88448100 0.34475700
vt 0.88256900 0.34442300
vt 0.87943700 0.34479600
vt 0.40242300 0.83518000
vt 0.40242300 0.83518000
vt 0.40242300 0.83518000
vt 0.87598300 0.34469900
vt 0.87598300 0.34469900
vt 0.40531600 0.83520600
vt 0.40531600 0.83520600
vt 0.40531600 0.83520600
vt 0.40755000 0.83500700
vt 0.40755000 0.83500700
vt 0.40755000 0.83500700
vt 0.87323100 0.34468400
vt 0.40973600 0.83519800
vt 0.40973600 0.83519800
vt 0.40973600 0.83519800
vt 0.17122300 0.56560100
vt 0.87064800 0.34489600
vt 0.17122300 0.56560100
vt 0.12569400 0.56583100
vt 0.12569400 0.56583100
vt 0.11144100 0.56600200
vt 0.11144100 0.56600200
vt 0.11144100 0.56600200
vt 0.10962200 0.56584300
vt 0.10962200 0.56584300
vt 0.70123600 0.08685000
vt 0.69911700 0.08696800
vt 0.69911700 0.08696800
vt 0.69074500 0.08720800
vt 0.69074500 0.08720800
vt 0.12394900 0.56581500
vt 0.12394900 0.56581500
vt 0.12394900 0.56581500
vt 0.69607000 0.08701100
vt 0.69607000 0.08701100
vt 0.12176400 0.56583000
vt 0.12176400 0.56583000
vt 0.12176400 0.56583000
vt 0.11953200 0.56604100
vt 0.11953200 0.56604100
vt 0.11953200 0.56604100
vt 0.69361300 0.08704500
vt 0.11753900 0.56581400
vt 0.11753900 0.56581400
vt 0.11578600 0.56584700
vt 0.11578600 0.56584700
vt 0.11578600 0.56584700
vt 0.11361500 0.56584100
vt 0.11361500 0.56584100
vt 0.11361500 0.56584100
vt 0.68854200 0.09420400
vt 0.68854200 0.09420400
vt 0.68854200 0.09420400
vt 0.68854200 0.09420400
vt 0.68658600 0.08716400
vt 0.68674700 0.09423700
vt 0.68455500 0.09315000
vt 0.68455500 0.09315000
vt 0.68339700 0.09316800
vt 0.68075300 0.09320800
vt 0.67959500 0.09322600
vt 0.67695100 0.09326600
vt 0.67579300 0.09328400
vt 0.67314800 0.09332500
vt 0.67199000 0.09334200
vt 0.68850200 0.17672800
vt 0.68850200 0.17672800
vt 0.68850200 0.17672800
vt 0.68850200 0.17672800
vt 0.68850200 0.17672800
vt 0.68850200 0.17672800
vt 0.68850200 0.17672800
vt 0.83165400 0.35361200
vt 0.83165400 0.35361200
vt 0.83165400 0.35361200
vt 0.83165400 0.35361200
vt 0.83165400 0.35361200
vt 0.83165400 0.35361200
vt 0.85371400 0.41652700
vt 0.85371400 0.41652700
vt 0.85371400 0.41652700
vt 0.85371400 0.41652700
vt 0.85371400 0.41652700
vt 0.85371400 0.41652700
vt 0.85371400 0.41652700
vt 0.85371400 0.41652700
vt 0.85371400 0.41652700
vt 0.85371400 0.41652700
vt 0.85371400 0.41652700
vt 0.85278300 0.41971700
vt 0.85278300 0.41971700
vt 0.85278300 0.41971700
vt 0.85278300 0.41971700
vt 0.83756100 0.34596900
vt 0.83756100 0.34596900
vt 0.83756100 0.34596900
vt 0.83756100 0.34596900
vt 0.83756100 0.34596900
vt 0.83756100 0.34596900
vt 0.83756100 0.34596900
vt 0.84251600 0.34487800
vt 0.84251600 0.34487800
vt 0.84251600 0.34487800
vt 0.84251600 0.34487800
vt 0.84251600 0.34487800
vt 0.84251600 0.34487800
vt 0.85338700 0.35326000
vt 0.85338700 0.35326000
vt 0.85338700 0.35326000
vt 0.85338700 0.35326000
vt 0.85338700 0.35326000
vt 0.85338700 0.35326000
vt 0.85338700 0.35326000
vt 0.85338700 0.35326000
vt 0.85338700 0.35326000
vt 0.85338700 0.35326000
vt 0.84974600 0.42377300
vt 0.84974600 0.42377300
vt 0.84974600 0.42377300
vt 0.84974600 0.42377300
vt 0.84974600 0.42377300
vt 0.84974600 0.42377300
vt 0.83199200 0.41867800
vt 0.83199200 0.41867800
vt 0.83199200 0.41867800
vt 0.83199200 0.41867800
vt 0.83199200 0.41867800
vt 0.83199200 0.41867800
vt 0.83199200 0.41867800
vt 0.83277300 0.35051100
vt 0.83277300 0.35051100
vt 0.83277300 0.35051100
vt 0.83277300 0.35051100
vt 0.83277300 0.35051100
vt 0.83482600 0.42307500
vt 0.83482600 0.42307500
vt 0.83482600 0.42307500
vt 0.83482600 0.42307500
vt 0.83482600 0.42307500
vt 0.83482600 0.42307500
vt 0.83842800 0.42539300
vt 0.83842800 0.42539300
vt 0.83842800 0.42539300
vt 0.83842800 0.42539300
vt 0.83842800 0.42539300
vt 0.83842800 0.42539300
vt 0.83842800 0.42539300
vt 0.84434000 0.42623300
vt 0.88554000 0.43515300
vt 0.84434000 0.42623300
vt 0.84434000 0.42623300
vt 0.88554000 0.43515300
vt 0.84434000 0.42623300
vt 0.84434000 0.42623300
vt 0.40110900 0.74488000
vt 0.40110900 0.74488000
vt 0.83103900 0.41652600
vt 0.83103900 0.41652600
vt 0.83103900 0.41652600
vt 0.40110900 0.74488000
vt 0.40031300 0.74559300
vt 0.40031300 0.74559300
vt 0.40031300 0.74559300
vt 0.06077600 0.65072500
vt 0.40031300 0.74559300
vt 0.40275900 0.74562100
vt 0.40275900 0.74562100
vt 0.40275900 0.74562100
vt 0.40275900 0.74562100
vt 0.40275900 0.74562100
vt 0.40275900 0.74562100
vt 0.87929800 0.43417300
vt 0.87929800 0.43417300
vt 0.87929800 0.43417300
vt 0.87929800 0.43417300
vt 0.40843700 0.74564900
vt 0.40843700 0.74564900
vt 0.40843700 0.74564900
vt 0.40843700 0.74564900
vt 0.40843700 0.74564900
vt 0.87265400 0.43421000
vt 0.87265400 0.43421000
vt 0.87265400 0.43421000
vt 0.12568300 0.65547200
vt 0.85462100 0.35458500
vt 0.12568300 0.65547200
vt 0.12568300 0.65547200
vt 0.12568300 0.65547200
vt 0.12568300 0.65547200
vt 0.70053600 0.17653300
vt 0.70053600 0.17653300
vt 0.70053600 0.17653300
vt 0.70053600 0.17653300
vt 0.70053600 0.17653300
vt 0.12066100 0.65544100
vt 0.12066100 0.65544100
vt 0.12066100 0.65544100
vt 0.12066100 0.65544100
vt 0.12066100 0.65544100
vt 0.11783800 0.65543000
vt 0.11783800 0.65543000
vt 0.11783800 0.65543000
vt 0.11783800 0.65543000
vt 0.11783800 0.65543000
vt 0.11783800 0.65543000
vt 0.11783800 0.65543000
vt 0.69039400 0.17675700
vt 0.69039400 0.17675700
vt 0.69039400 0.17675700
vt 0.69039400 0.17675700
vt 0.11505600 0.65579600
vt 0.11505600 0.65579600
vt 0.11505600 0.65579600
vt 0.11505600 0.65579600
vt 0.84870100 0.34560700
vt 0.84870100 0.34560700
vt 0.84870100 0.34560700
vt 0.84646800 0.34534500
vt 0.84646800 0.34534500
vt 0.84646800 0.34534500
vt 0.84646800 0.34534500
vt 0.84646800 0.34534500
vt 0.11290600 0.65575900
vt 0.84660200 0.34460800
vt 0.84660200 0.34460800
vt 0.84660200 0.34460800
vt 0.11290600 0.65575900
vt 0.11290600 0.65575900
vt 0.84314600 0.34435500
vt 0.84314600 0.34435500
vt 0.84314600 0.34435500
vt 0.11040000 0.65628200
vt 0.84314600 0.34435500
vt 0.84314600 0.34435500
vt 0.11108500 0.65566500
vt 0.11108500 0.65566500
vt 0.11108500 0.65566500
vt 0.84449800 0.34405700
vt 0.11108500 0.65566500
vt 0.70501400 0.17652000
vt 0.84247600 0.34386000
vt 0.10958000 0.65558900
vt 0.10958000 0.65558900
vt 0.70501400 0.17652000
vt 0.83974200 0.34469500
vt 0.83974200 0.34469500
vt 0.83974200 0.34469500
vt 0.70250700 0.17725300
vt 0.70250700 0.17725300
vt 0.83974200 0.34469500
vt 0.70275700 0.17658800
vt 0.70275700 0.17658800
vt 0.70275700 0.17658800
vt 0.70275700 0.17658800
vt 0.70275700 0.17658800
vt 0.83731200 0.34534200
vt 0.70032600 0.17708900
vt 0.70032600 0.17708900
vt 0.70032600 0.17708900
vt 0.83731200 0.34534200
vt 0.70032600 0.17708900
vt 0.83513400 0.34724200
vt 0.83513400 0.34724200
vt 0.69745300 0.17753900
vt 0.83513400 0.34724200
vt 0.83513400 0.34724200
vt 0.69745300 0.17753900
vt 0.85409800 0.35363800
vt 0.85409800 0.35363800
vt 0.85409800 0.35363800
vt 0.12463300 0.65614300
vt 0.85409800 0.35363800
vt 0.69774300 0.17671100
vt 0.69774300 0.17671100
vt 0.69774300 0.17671100
vt 0.69774300 0.17671100
vt 0.69774300 0.17671100
vt 0.69774300 0.17671100
vt 0.85242000 0.35065800
vt 0.85242000 0.35065800
vt 0.85242000 0.35065800
vt 0.85242000 0.35065800
vt 0.69614800 0.17718700
vt 0.83391700 0.34785800
vt 0.69614800 0.17718700
vt 0.12258100 0.65573300
vt 0.12258100 0.65573300
vt 0.85367600 0.35125400
vt 0.12258100 0.65573300
vt 0.12258100 0.65573300
vt 0.12258100 0.65573300
vt 0.85367600 0.35125400
vt 0.85367600 0.35125400
vt 0.85193500 0.34890100
vt 0.11967100 0.65618200
vt 0.85193500 0.34890100
vt 0.11967100 0.65618200
vt 0.85193500 0.34890100
vt 0.11967100 0.65618200
vt 0.83278000 0.34896100
vt 0.83278000 0.34896100
vt 0.69455800 0.17700900
vt 0.69455800 0.17700900
vt 0.69455800 0.17700900
vt 0.83278000 0.34896100
vt 0.85070900 0.34735000
vt 0.11769700 0.65602400
vt 0.85070900 0.34735000
vt 0.11769700 0.65602400
vt 0.84926500 0.34696300
vt 0.84926500 0.34696300
vt 0.84926500 0.34696300
vt 0.84926500 0.34696300
vt 0.84926500 0.34696300
vt 0.84926500 0.34696300
vt 0.84926500 0.34696300
vt 0.69217500 0.17705600
vt 0.69217500 0.17705600
vt 0.83154700 0.35110000
vt 0.83154700 0.35110000
vt 0.83154700 0.35110000
vt 0.69217500 0.17705600
vt 0.69217500 0.17705600
vt 0.68923700 0.17747900
vt 0.83088400 0.35460600
vt 0.83088400 0.35460600
vt 0.68923700 0.17747900
vt 0.83088400 0.35460600
vt 0.68923700 0.17747900
vt 0.83679300 0.42558500
vt 0.41156800 0.74535200
vt 0.83679300 0.42558500
vt 0.41156800 0.74535200
vt 0.41156800 0.74535200
vt 0.41156800 0.74535200
vt 0.41156800 0.74535200
vt 0.83654200 0.42488400
vt 0.83654200 0.42488400
vt 0.41089800 0.74480800
vt 0.83654200 0.42488400
vt 0.41370500 0.74529800
vt 0.83890400 0.42648800
vt 0.83890400 0.42648800
vt 0.41370500 0.74529800
vt 0.41370500 0.74529800
vt 0.41370500 0.74529800
vt 0.84172500 0.42660100
vt 0.41579100 0.74484000
vt 0.84172500 0.42660100
vt 0.41579100 0.74484000
vt 0.84172500 0.42660100
vt 0.41552100 0.74549700
vt 0.41552100 0.74549700
vt 0.41552100 0.74549700
vt 0.41552100 0.74549700
vt 0.41552100 0.74549700
vt 0.88686400 0.43427000
vt 0.84332100 0.42709200
vt 0.41727000 0.74551300
vt 0.88686400 0.43427000
vt 0.41727000 0.74551300
vt 0.88686400 0.43427000
vt 0.88446400 0.43423600
vt 0.88446400 0.43423600
vt 0.88446400 0.43423600
vt 0.88446400 0.43423600
vt 0.88446400 0.43423600
vt 0.84731800 0.42587100
vt 0.88315600 0.43481000
vt 0.88315600 0.43481000
vt 0.88315600 0.43481000
vt 0.88133500 0.43498200
vt 0.88133500 0.43498200
vt 0.84884500 0.42482800
vt 0.83144500 0.41869800
vt 0.40292400 0.74493700
vt 0.40292400 0.74493700
vt 0.40292400 0.74493700
vt 0.83144500 0.41869800
vt 0.88135400 0.43434300
vt 0.88135400 0.43434300
vt 0.88135400 0.43434300
vt 0.88135400 0.43434300
vt 0.88135400 0.43434300
vt 0.88135400 0.43434300
vt 0.87863800 0.43477700
vt 0.87863800 0.43477700
vt 0.87863800 0.43477700
vt 0.87863800 0.43477700
vt 0.85111400 0.42329200
vt 0.85111400 0.42329200
vt 0.83287800 0.42129000
vt 0.83287800 0.42129000
vt 0.83287800 0.42129000
vt 0.40576600 0.74480400
vt 0.40576600 0.74480400
vt 0.87625100 0.43500700
vt 0.85244400 0.42123600
vt 0.85244400 0.42123600
vt 0.85244400 0.42123600
vt 0.87625100 0.43500700
vt 0.40562100 0.74543500
vt 0.40562100 0.74543500
vt 0.40562100 0.74543500
vt 0.40562100 0.74543500
vt 0.40562100 0.74543500
vt 0.40562100 0.74543500
vt 0.40562100 0.74543500
vt 0.87678800 0.43436200
vt 0.87678800 0.43436200
vt 0.87678800 0.43436200
vt 0.87678800 0.43436200
vt 0.87678800 0.43436200
vt 0.40841200 0.74507800
vt 0.40841200 0.74507800
vt 0.40841200 0.74507800
vt 0.83436100 0.42355500
vt 0.40841200 0.74507800
vt 0.83436100 0.42355500
vt 0.87441600 0.43455800
vt 0.85366800 0.41986700
vt 0.85366800 0.41986700
vt 0.87441600 0.43455800
vt 0.87441600 0.43455800
vt 0.85366800 0.41986700
vt 0.87441600 0.43455800
vt 0.87115200 0.43456100
vt 0.17132100 0.65526800
vt 0.85462100 0.41617200
vt 0.85462100 0.41617200
vt 0.85462100 0.41617200
vt 0.87115200 0.43456100
vt 0.68844300 0.25316500
vt 0.79346200 0.34379500
vt 0.79346200 0.34379500
vt 0.68844300 0.25316500
vt 0.77743700 0.33595400
vt 0.77743700 0.33595400
vt 0.77743700 0.33595400
vt 0.78118700 0.33593000
vt 0.78118700 0.33593000
vt 0.79171400 0.34284300
vt 0.79171400 0.34284300
vt 0.63471500 0.82779700
vt 0.63471500 0.82779700
vt 0.63471500 0.82779700
vt 0.79346200 0.25218800
vt 0.68844300 0.34477300
vt 0.63471500 0.82779700
vt 0.68844300 0.34477300
vt 0.79346200 0.25218800
vt 0.79170700 0.25307500
vt 0.79170700 0.25307500
vt 0.79170700 0.25307500
vt 0.79170700 0.25307500
vt 0.79170700 0.25307500
vt 0.79170700 0.25307500
vt 0.63311800 0.82687400
vt 0.79170700 0.25307500
vt 0.63395000 0.82735400
vt 0.63395000 0.82735400
vt 0.63395000 0.82735400
vt 0.79262000 0.25224100
vt 0.63395000 0.82735400
vt 0.63382200 0.82831400
vt 0.63382200 0.82831400
vt 0.63382200 0.82831400
vt 0.68744300 0.34464700
vt 0.63312100 0.82871900
vt 0.80968400 0.45567100
vt 0.80968400 0.45567100
vt 0.68665800 0.34386400
vt 0.68665800 0.34386400
vt 0.80968400 0.45567100
vt 0.68665800 0.34386400
vt 0.80968600 0.54581600
vt 0.68682900 0.25371800
vt 0.81620000 0.54534100
vt 0.81620000 0.54534100
vt 0.81620000 0.54534100
vt 0.82820500 0.54553900
vt 0.82820500 0.54553900
vt 0.82820500 0.54553900
vt 0.83038400 0.54536400
vt 0.83038400 0.54536400
vt 0.83038400 0.54536400
vt 0.83260200 0.54549500
vt 0.83260200 0.54549500
vt 0.23091500 0.59580700
vt 0.22855300 0.59612900
vt 0.22855300 0.59612900
vt 0.22665100 0.59580000
vt 0.22352800 0.59617700
vt 0.22352800 0.59617700
vt 0.81854800 0.54535400
vt 0.81854800 0.54535400
vt 0.81854800 0.54535400
vt 0.22007300 0.59607900
vt 0.22007300 0.59607900
vt 0.22007300 0.59607900
vt 0.22007300 0.59607900
vt 0.82149800 0.54538200
vt 0.82149800 0.54538200
vt 0.82149800 0.54538200
vt 0.82374800 0.54518300
vt 0.82374800 0.54518300
vt 0.82374800 0.54518300
vt 0.21731000 0.59606000
vt 0.21731000 0.59606000
vt 0.21731000 0.59606000
vt 0.82592500 0.54537400
vt 0.82592500 0.54537400
vt 0.82592500 0.54537400
vt 0.21471000 0.59626400
vt 0.21471000 0.59626400
vt 0.21471000 0.59626400
vt 0.21471000 0.59626400
vt 0.17138500 0.59590400
vt 0.88763700 0.59266100
vt 0.87343200 0.59283900
vt 0.87343200 0.59283900
vt 0.87152800 0.59267800
vt 0.85738900 0.54557300
vt 0.85926600 0.54556100
vt 0.85926600 0.54556100
vt 0.85926600 0.54556100
vt 0.86140100 0.54549500
vt 0.86140100 0.54549500
vt 0.86140100 0.54549500
vt 0.86978200 0.54543600
vt 0.86978200 0.54543600
vt 0.86978200 0.54543600
vt 0.88595800 0.59264800
vt 0.88595800 0.59264800
vt 0.88595800 0.59264800
vt 0.86445800 0.54552100
vt 0.86445800 0.54552100
vt 0.86445800 0.54552100
vt 0.88382500 0.59266500
vt 0.88382500 0.59266500
vt 0.88382500 0.59266500
vt 0.88162300 0.59287800
vt 0.88162300 0.59287800
vt 0.88162300 0.59287800
vt 0.86691600 0.54554100
vt 0.86691600 0.54554100
vt 0.86691600 0.54554100
vt 0.87963400 0.59265200
vt 0.87787000 0.59268500
vt 0.87787000 0.59268500
vt 0.87566600 0.59267900
vt 0.87566600 0.59267900
vt 0.87566600 0.59267900
vt 0.87212200 0.53848400
vt 0.87212200 0.53848400
vt 0.87212200 0.53848400
vt 0.87212200 0.53848400
vt 0.75444700 0.34317800
vt 0.87390300 0.53848400
vt 0.75661500 0.33721000
vt 0.75661500 0.33721000
vt 0.75783200 0.33720200
vt 0.76060900 0.33718400
vt 0.76182600 0.33717600
vt 0.76460300 0.33715800
vt 0.76582000 0.33715000
vt 0.76859700 0.33713200
vt 0.76981400 0.33712400
vt 0.87390300 0.45596900
vt 0.87390300 0.45596900
vt 0.75470200 0.25358700
vt 0.75470200 0.25358700
vt 0.75470200 0.25358700
vt 0.87390300 0.45596900
vt 0.75470200 0.25358700
vt 0.63422000 0.77539700
vt 0.63422000 0.77539700
vt 0.63422000 0.77539700
vt 0.63422000 0.77539700
vt 0.63422000 0.77539700
vt 0.63422000 0.77539700
vt 0.65627900 0.83831100
vt 0.65627900 0.83831100
vt 0.65627900 0.83831100
vt 0.65627900 0.83831100
vt 0.65627900 0.83831100
vt 0.65627900 0.83831100
vt 0.65627900 0.83831100
vt 0.65627900 0.83831100
vt 0.65627900 0.83831100
vt 0.65627900 0.83831100
vt 0.65627900 0.83831100
vt 0.65534800 0.84150100
vt 0.65534800 0.84150100
vt 0.65534800 0.84150100
vt 0.65534800 0.84150100
vt 0.64012600 0.76775300
vt 0.64012600 0.76775300
vt 0.64012600 0.76775300
vt 0.64012600 0.76775300
vt 0.64012600 0.76775300
vt 0.64012600 0.76775300
vt 0.64012600 0.76775300
vt 0.64508100 0.76666200
vt 0.64508100 0.76666200
vt 0.64508100 0.76666200
vt 0.64508100 0.76666200
vt 0.64508100 0.76666200
vt 0.64508100 0.76666200
vt 0.65595300 0.77504500
vt 0.65595300 0.77504500
vt 0.65595300 0.77504500
vt 0.65595300 0.77504500
vt 0.65595300 0.77504500
vt 0.65595300 0.77504500
vt 0.65595300 0.77504500
vt 0.65595300 0.77504500
vt 0.65595300 0.77504500
vt 0.65595300 0.77504500
vt 0.65231100 0.84555800
vt 0.65231100 0.84555800
vt 0.65231100 0.84555800
vt 0.65231100 0.84555800
vt 0.65231100 0.84555800
vt 0.65231100 0.84555800
vt 0.63455700 0.84046300
vt 0.63455700 0.84046300
vt 0.63455700 0.84046300
vt 0.63455700 0.84046300
vt 0.63455700 0.84046300
vt 0.63455700 0.84046300
vt 0.63455700 0.84046300
vt 0.63533900 0.77229600
vt 0.63533900 0.77229600
vt 0.63533900 0.77229600
vt 0.63533900 0.77229600
vt 0.63533900 0.77229600
vt 0.63739100 0.84486000
vt 0.63739100 0.84486000
vt 0.63739100 0.84486000
vt 0.63739100 0.84486000
vt 0.63739100 0.84486000
vt 0.63739100 0.84486000
vt 0.64099300 0.84717700
vt 0.64099300 0.84717700
vt 0.64099300 0.84717700
vt 0.64099300 0.84717700
vt 0.64099300 0.84717700
vt 0.64099300 0.84717700
vt 0.64099300 0.84717700
vt 0.64690500 0.84801700
vt 0.64690500 0.84801700
vt 0.64690500 0.84801700
vt 0.64690500 0.84801700
vt 0.64690500 0.84801700
vt 0.22959300 0.68651600
vt 0.64690500 0.84801700
vt 0.81711400 0.45505100
vt 0.63360400 0.83831000
vt 0.81711400 0.45505100
vt 0.63360400 0.83831000
vt 0.63360400 0.83831000
vt 0.81711400 0.45505100
vt 0.81631300 0.45576300
vt 0.81631300 0.45576300
vt 0.81631300 0.45576300
vt 0.81631300 0.45576300
vt 0.81631300 0.45576300
vt 0.81885000 0.45579500
vt 0.81885000 0.45579500
vt 0.81885000 0.45579500
vt 0.81885000 0.45579500
vt 0.81885000 0.45579500
vt 0.81885000 0.45579500
vt 0.22338300 0.68555100
vt 0.22338300 0.68555100
vt 0.22338300 0.68555100
vt 0.22338300 0.68555100
vt 0.22338300 0.68555100
vt 0.82459200 0.45582400
vt 0.82459200 0.45582400
vt 0.82459200 0.45582400
vt 0.82459200 0.45582400
vt 0.82459200 0.45582400
vt 0.21672000 0.68557900
vt 0.21672000 0.68557900
vt 0.21672000 0.68557900
vt 0.21672000 0.68557900
vt 0.65718500 0.77636900
vt 0.88763700 0.68230100
vt 0.88763700 0.68230100
vt 0.17167300 0.68553700
vt 0.17167300 0.68553700
vt 0.88763700 0.68230100
vt 0.86189400 0.45591900
vt 0.86189400 0.45591900
vt 0.86189400 0.45591900
vt 0.86189400 0.45591900
vt 0.86189400 0.45591900
vt 0.88273800 0.68227600
vt 0.88273800 0.68227600
vt 0.88273800 0.68227600
vt 0.88273800 0.68227600
vt 0.88273800 0.68227600
vt 0.87992800 0.68226700
vt 0.87992800 0.68226700
vt 0.87992800 0.68226700
vt 0.87992800 0.68226700
vt 0.87992800 0.68226700
vt 0.87992800 0.68226700
vt 0.87202700 0.45590600
vt 0.87202700 0.45590600
vt 0.87202700 0.45590600
vt 0.87202700 0.45590600
vt 0.87711700 0.68263300
vt 0.87711700 0.68263300
vt 0.65126600 0.76739100
vt 0.87711700 0.68263300
vt 0.65126600 0.76739100
vt 0.65126600 0.76739100
vt 0.87711700 0.68263300
vt 0.64903400 0.76713000
vt 0.64903400 0.76713000
vt 0.64903400 0.76713000
vt 0.64903400 0.76713000
vt 0.64903400 0.76713000
vt 0.64916600 0.76639200
vt 0.64916600 0.76639200
vt 0.64916600 0.76639200
vt 0.87492100 0.68259500
vt 0.87492100 0.68259500
vt 0.87492100 0.68259500
vt 0.64571100 0.76613900
vt 0.64571100 0.76613900
vt 0.64571100 0.76613900
vt 0.64571100 0.76613900
vt 0.87228800 0.68311500
vt 0.64571100 0.76613900
vt 0.87303700 0.68250000
vt 0.64706200 0.76584100
vt 0.87303700 0.68250000
vt 0.87303700 0.68250000
vt 0.85738600 0.45582200
vt 0.85738600 0.45582200
vt 0.85738600 0.45582200
vt 0.64504000 0.76564300
vt 0.87146000 0.68242200
vt 0.87146000 0.68242200
vt 0.85992300 0.45515000
vt 0.85992300 0.45515000
vt 0.64230700 0.76647900
vt 0.64230700 0.76647900
vt 0.64230700 0.76647900
vt 0.64230700 0.76647900
vt 0.85966300 0.45581100
vt 0.85966300 0.45581100
vt 0.85966300 0.45581100
vt 0.85966300 0.45581100
vt 0.85966300 0.45581100
vt 0.85966300 0.45581100
vt 0.86211400 0.45536600
vt 0.63987600 0.76712600
vt 0.86211400 0.45536600
vt 0.86211400 0.45536600
vt 0.63987600 0.76712600
vt 0.86211400 0.45536600
vt 0.86499800 0.45497900
vt 0.86499800 0.45497900
vt 0.63770000 0.76902700
vt 0.63770000 0.76902700
vt 0.63770000 0.76902700
vt 0.65666300 0.77542200
vt 0.65666300 0.77542200
vt 0.65666300 0.77542200
vt 0.65666300 0.77542200
vt 0.88660200 0.68297400
vt 0.86469700 0.45580300
vt 0.86469700 0.45580300
vt 0.86469700 0.45580300
vt 0.86469700 0.45580300
vt 0.86469700 0.45580300
vt 0.86469700 0.45580300
vt 0.86469700 0.45580300
vt 0.65498600 0.77244300
vt 0.65498600 0.77244300
vt 0.65498600 0.77244300
vt 0.65498600 0.77244300
vt 0.86630000 0.45536100
vt 0.86630000 0.45536100
vt 0.88462500 0.68256700
vt 0.88462500 0.68256700
vt 0.65624000 0.77303800
vt 0.65624000 0.77303800
vt 0.65624000 0.77303800
vt 0.88462500 0.68256700
vt 0.88462500 0.68256700
vt 0.88462500 0.68256700
vt 0.88173400 0.68301700
vt 0.65450000 0.77068500
vt 0.65450000 0.77068500
vt 0.88173400 0.68301700
vt 0.65450000 0.77068500
vt 0.88173400 0.68301700
vt 0.63534400 0.77074500
vt 0.86788500 0.45557300
vt 0.63534400 0.77074500
vt 0.86788500 0.45557300
vt 0.86788500 0.45557300
vt 0.86788500 0.45557300
vt 0.65327400 0.76913400
vt 0.87977100 0.68286000
vt 0.87977100 0.68286000
vt 0.65327400 0.76913400
vt 0.65183000 0.76874800
vt 0.65183000 0.76874800
vt 0.65183000 0.76874800
vt 0.65183000 0.76874800
vt 0.65183000 0.76874800
vt 0.65183000 0.76874800
vt 0.65183000 0.76874800
vt 0.87026200 0.45557400
vt 0.87026200 0.45557400
vt 0.87026200 0.45557400
vt 0.63411200 0.77288400
vt 0.63411200 0.77288400
vt 0.87026200 0.45557400
vt 0.63411200 0.77288400
vt 0.75451700 0.25282400
vt 0.63344800 0.77639000
vt 0.63344800 0.77639000
vt 0.87318500 0.45520300
vt 0.87318500 0.45520300
vt 0.63344800 0.77639000
vt 0.63935700 0.84736900
vt 0.63935700 0.84736900
vt 0.82769000 0.45552600
vt 0.82769000 0.45552600
vt 0.82769000 0.45552600
vt 0.82769000 0.45552600
vt 0.82769000 0.45552600
vt 0.63910600 0.84666800
vt 0.82700300 0.45498100
vt 0.63910600 0.84666800
vt 0.63910600 0.84666800
vt 0.82977700 0.45547000
vt 0.64146800 0.84827200
vt 0.82977700 0.45547000
vt 0.64146800 0.84827200
vt 0.82977700 0.45547000
vt 0.82977700 0.45547000
vt 0.83175600 0.45500800
vt 0.83175600 0.45500800
vt 0.64428900 0.84838500
vt 0.64428900 0.84838500
vt 0.64428900 0.84838500
vt 0.83153100 0.45566700
vt 0.83153100 0.45566700
vt 0.83153100 0.45566700
vt 0.83153100 0.45566700
vt 0.83153100 0.45566700
vt 0.23091500 0.68563200
vt 0.23091500 0.68563200
vt 0.23091500 0.68563200
vt 0.64588400 0.84887500
vt 0.83319000 0.45568000
vt 0.83319000 0.45568000
vt 0.22853400 0.68560700
vt 0.64877000 0.84839500
vt 0.22853400 0.68560700
vt 0.22853400 0.68560700
vt 0.22853400 0.68560700
vt 0.64988200 0.84765500
vt 0.22722800 0.68618200
vt 0.64988200 0.84765500
vt 0.22722800 0.68618200
vt 0.22541200 0.68635600
vt 0.22541200 0.68635600
vt 0.65140900 0.84661200
vt 0.81899600 0.45511000
vt 0.63400900 0.84048200
vt 0.81899600 0.45511000
vt 0.81899600 0.45511000
vt 0.63400900 0.84048200
vt 0.22543600 0.68571900
vt 0.22543600 0.68571900
vt 0.22543600 0.68571900
vt 0.22543600 0.68571900
vt 0.22543600 0.68571900
vt 0.22543600 0.68571900
vt 0.22272000 0.68615300
vt 0.22272000 0.68615300
vt 0.22272000 0.68615300
vt 0.22272000 0.68615300
vt 0.65367800 0.84507600
vt 0.65367800 0.84507600
vt 0.82188000 0.45497900
vt 0.82188000 0.45497900
vt 0.63544200 0.84307500
vt 0.63544200 0.84307500
vt 0.63544200 0.84307500
vt 0.65500800 0.84302100
vt 0.22032700 0.68638000
vt 0.65500800 0.84302100
vt 0.22032700 0.68638000
vt 0.65500800 0.84302100
vt 0.82176100 0.45561100
vt 0.82176100 0.45561100
vt 0.82176100 0.45561100
vt 0.82176100 0.45561100
vt 0.82176100 0.45561100
vt 0.82176100 0.45561100
vt 0.82176100 0.45561100
vt 0.22087100 0.68573800
vt 0.22087100 0.68573800
vt 0.22087100 0.68573800
vt 0.22087100 0.68573800
vt 0.22087100 0.68573800
vt 0.82455300 0.45525300
vt 0.63692500 0.84533900
vt 0.82455300 0.45525300
vt 0.82455300 0.45525300
vt 0.82455300 0.45525300
vt 0.63692500 0.84533900
vt 0.21849000 0.68593100
vt 0.21849000 0.68593100
vt 0.21849000 0.68593100
vt 0.21849000 0.68593100
vt 0.65623200 0.84165000
vt 0.65623200 0.84165000
vt 0.21849000 0.68593100
vt 0.65623200 0.84165000
vt 0.65718500 0.83795600
vt 0.21520500 0.68592400
vt 0.65718500 0.83795600
vt 0.65718500 0.83795600
vt 0.21520500 0.68592400
vt 0.21520500 0.68592400
vt 0.54998900 0.63407700
vt 0.79758300 0.68340000
vt 0.78221400 0.67534400
vt 0.78221400 0.67534400
vt 0.78221400 0.67534400
vt 0.78578400 0.67537900
vt 0.78578400 0.67537900
vt 0.79580900 0.68245600
vt 0.83412900 0.06793800
vt 0.83412900 0.06793800
vt 0.79758300 0.59179600
vt 0.83412900 0.06793800
vt 0.54998900 0.72568200
vt 0.54998900 0.72568200
vt 0.83412900 0.06793800
vt 0.79580100 0.59269100
vt 0.65518200 0.70339900
vt 0.79580100 0.59269100
vt 0.79580100 0.59269100
vt 0.79580100 0.59269100
vt 0.83253400 0.06701400
vt 0.83336400 0.06749500
vt 0.83336400 0.06749500
vt 0.83336400 0.06749500
vt 0.83336400 0.06749500
vt 0.54899100 0.72555200
vt 0.83323700 0.06845500
vt 0.83323700 0.06845500
vt 0.83323700 0.06845500
vt 0.54820800 0.72476600
vt 0.54820800 0.72476600
vt 0.54494100 0.83404400
vt 0.54820800 0.72476600
vt 0.54494100 0.83404400
vt 0.83253700 0.06885900
vt 0.54837800 0.63462500
vt 0.53887900 0.74426300
vt 0.54202400 0.63511400
vt 0.53887900 0.74426300
vt 0.52698000 0.74401100
vt 0.52474900 0.74419900
vt 0.52474900 0.74419900
vt 0.66298600 0.52128800
vt 0.52243700 0.74409500
vt 0.52243700 0.74409500
vt 0.66072500 0.52157600
vt 0.66072500 0.52157600
vt 0.66072500 0.52157600
vt 0.65887200 0.52123000
vt 0.65887200 0.52123000
vt 0.65887200 0.52123000
vt 0.65579600 0.52159100
vt 0.65579600 0.52159100
vt 0.65579600 0.52159100
vt 0.53661100 0.74421900
vt 0.53661100 0.74421900
vt 0.53661100 0.74421900
vt 0.65233700 0.52149300
vt 0.65233700 0.52149300
vt 0.65233700 0.52149300
vt 0.65233700 0.52149300
vt 0.53371400 0.74416900
vt 0.53371400 0.74416900
vt 0.53147900 0.74436000
vt 0.64953200 0.52148700
vt 0.64953200 0.52148700
vt 0.64953200 0.52148700
vt 0.52929300 0.74416800
vt 0.64685800 0.52171500
vt 0.64685800 0.52171500
vt 0.64685800 0.52171500
vt 0.64685800 0.52171500
vt 0.60135500 0.52207400
vt 0.87352500 0.17466700
vt 0.87352500 0.17466700
vt 0.87352500 0.17466700
vt 0.70629800 0.61281300
vt 0.87161100 0.17452600
vt 0.87161100 0.17452600
vt 0.70443300 0.61281200
vt 0.70443300 0.61281200
vt 0.70443300 0.61281200
vt 0.70230800 0.61287300
vt 0.70230800 0.61287300
vt 0.70230800 0.61287300
vt 0.69393100 0.61296800
vt 0.69393100 0.61296800
vt 0.69393100 0.61296800
vt 0.88605100 0.17447700
vt 0.69925700 0.61285000
vt 0.69925700 0.61285000
vt 0.69925700 0.61285000
vt 0.88392600 0.17448000
vt 0.88392600 0.17448000
vt 0.88172800 0.17468400
vt 0.88172800 0.17468400
vt 0.88172800 0.17468400
vt 0.69679900 0.61284200
vt 0.69679900 0.61284200
vt 0.69679900 0.61284200
vt 0.87974000 0.17445600
vt 0.87974000 0.17445600
vt 0.87797500 0.17449200
vt 0.87797500 0.17449200
vt 0.87797500 0.17449200
vt 0.87576700 0.17449300
vt 0.87576700 0.17449300
vt 0.87576700 0.17449300
vt 0.69161900 0.61994600
vt 0.69161900 0.61994600
vt 0.69161900 0.61994600
vt 0.69161900 0.61994600
vt 0.11711700 0.45614300
vt 0.68982800 0.61997400
vt 0.76239100 0.67627000
vt 0.11496500 0.46212400
vt 0.76354900 0.67628100
vt 0.76619300 0.67630700
vt 0.76735100 0.67631800
vt 0.76999600 0.67634400
vt 0.77115400 0.67635600
vt 0.77379800 0.67638200
vt 0.77495600 0.67639300
vt 0.11711700 0.54573300
vt 0.69025300 0.70248800
vt 0.76056900 0.59261900
vt 0.76056900 0.59261900
vt 0.69025300 0.70248800
vt 0.69025300 0.70248800
vt 0.69025300 0.70248800
vt 0.83363300 0.01553800
vt 0.83363300 0.01553800
vt 0.83363300 0.01553800
vt 0.83363300 0.01553800
vt 0.83363300 0.01553800
vt 0.83363300 0.01553800
vt 0.85569300 0.07845200
vt 0.85569300 0.07845200
vt 0.85569300 0.07845200
vt 0.85569300 0.07845200
vt 0.85569300 0.07845200
vt 0.85569300 0.07845200
vt 0.85569300 0.07845200
vt 0.85569300 0.07845200
vt 0.85569300 0.07845200
vt 0.85569300 0.07845200
vt 0.85569300 0.07845200
vt 0.85476200 0.08164300
vt 0.85476200 0.08164300
vt 0.85476200 0.08164300
vt 0.85476200 0.08164300
vt 0.83954000 0.00789400
vt 0.83954000 0.00789400
vt 0.83954000 0.00789400
vt 0.83954000 0.00789400
vt 0.83954000 0.00789400
vt 0.83954000 0.00789400
vt 0.83954000 0.00789400
vt 0.84449500 0.00680300
vt 0.84449500 0.00680300
vt 0.84449500 0.00680300
vt 0.84449500 0.00680300
vt 0.84449500 0.00680300
vt 0.84449500 0.00680300
vt 0.85536600 0.01518600
vt 0.85536600 0.01518600
vt 0.85536600 0.01518600
vt 0.85536600 0.01518600
vt 0.85536600 0.01518600
vt 0.85536600 0.01518600
vt 0.85536600 0.01518600
vt 0.85536600 0.01518600
vt 0.85536600 0.01518600
vt 0.85536600 0.01518600
vt 0.85172500 0.08569900
vt 0.85172500 0.08569900
vt 0.85172500 0.08569900
vt 0.85172500 0.08569900
vt 0.85172500 0.08569900
vt 0.85172500 0.08569900
vt 0.83397100 0.08060400
vt 0.83397100 0.08060400
vt 0.83397100 0.08060400
vt 0.83397100 0.08060400
vt 0.83397100 0.08060400
vt 0.83397100 0.08060400
vt 0.83397100 0.08060400
vt 0.83475200 0.01243700
vt 0.83475200 0.01243700
vt 0.83475200 0.01243700
vt 0.83475200 0.01243700
vt 0.83475200 0.01243700
vt 0.83680600 0.08500100
vt 0.83680600 0.08500100
vt 0.83680600 0.08500100
vt 0.83680600 0.08500100
vt 0.83680600 0.08500100
vt 0.83680600 0.08500100
vt 0.84040700 0.08731800
vt 0.84040700 0.08731800
vt 0.84040700 0.08731800
vt 0.84040700 0.08731800
vt 0.84040700 0.08731800
vt 0.84040700 0.08731800
vt 0.84040700 0.08731800
vt 0.84631900 0.08815800
vt 0.84631900 0.08815800
vt 0.84631900 0.08815800
vt 0.84631900 0.08815800
vt 0.66167100 0.61198600
vt 0.84631900 0.08815800
vt 0.84631900 0.08815800
vt 0.83301800 0.07845100
vt 0.53783200 0.83454600
vt 0.53783200 0.83454600
vt 0.83301800 0.07845100
vt 0.53783200 0.83454600
vt 0.83301800 0.07845100
vt 0.53863000 0.83383700
vt 0.53863000 0.83383700
vt 0.53863000 0.83383700
vt 0.53863000 0.83383700
vt 0.53863000 0.83383700
vt 0.53617700 0.83377300
vt 0.53617700 0.83377300
vt 0.53617700 0.83377300
vt 0.53617700 0.83377300
vt 0.53617700 0.83377300
vt 0.53617700 0.83377300
vt 0.65562200 0.61096500
vt 0.65562200 0.61096500
vt 0.65562200 0.61096500
vt 0.65562200 0.61096500
vt 0.65562200 0.61096500
vt 0.53049500 0.83371500
vt 0.53049500 0.83371500
vt 0.53049500 0.83371500
vt 0.53049500 0.83371500
vt 0.64888300 0.61101800
vt 0.64888300 0.61101800
vt 0.64888300 0.61101800
vt 0.64888300 0.61101800
vt 0.85660000 0.01650900
vt 0.88772100 0.26414500
vt 0.88772100 0.26414500
vt 0.60159400 0.61171500
vt 0.60159400 0.61171500
vt 0.70228000 0.70244300
vt 0.70228000 0.70244300
vt 0.70228000 0.70244300
vt 0.70228000 0.70244300
vt 0.70228000 0.70244300
vt 0.88283900 0.26408700
vt 0.88283900 0.26408700
vt 0.88283900 0.26408700
vt 0.88283900 0.26408700
vt 0.88283900 0.26408700
vt 0.88003300 0.26407300
vt 0.88003300 0.26407300
vt 0.88003300 0.26407300
vt 0.88003300 0.26407300
vt 0.88003300 0.26407300
vt 0.88003300 0.26407300
vt 0.88003300 0.26407300
vt 0.69213900 0.70252200
vt 0.69213900 0.70252200
vt 0.69213900 0.70252200
vt 0.69213900 0.70252200
vt 0.87721800 0.26444500
vt 0.87721800 0.26444500
vt 0.85068100 0.00753100
vt 0.87721800 0.26444500
vt 0.87721800 0.26444500
vt 0.85068100 0.00753100
vt 0.85068100 0.00753100
vt 0.84844700 0.00727100
vt 0.84844700 0.00727100
vt 0.84844700 0.00727100
vt 0.84844700 0.00727100
vt 0.84844700 0.00727100
vt 0.84858100 0.00653200
vt 0.84858100 0.00653200
vt 0.84858100 0.00653200
vt 0.87501600 0.26441700
vt 0.87501600 0.26441700
vt 0.87501600 0.26441700
vt 0.84512500 0.00628000
vt 0.84512500 0.00628000
vt 0.87236600 0.26496900
vt 0.84512500 0.00628000
vt 0.84512500 0.00628000
vt 0.84512500 0.00628000
vt 0.87312400 0.26433700
vt 0.87312400 0.26433700
vt 0.87312400 0.26433700
vt 0.84647800 0.00598100
vt 0.87312400 0.26433700
vt 0.70676700 0.70255500
vt 0.70676700 0.70255500
vt 0.84445500 0.00578300
vt 0.70676700 0.70255500
vt 0.87153700 0.26427700
vt 0.87153700 0.26427700
vt 0.84172100 0.00662000
vt 0.84172100 0.00662000
vt 0.84172100 0.00662000
vt 0.84172100 0.00662000
vt 0.70424500 0.70322200
vt 0.70424500 0.70322200
vt 0.70450400 0.70255300
vt 0.70450400 0.70255300
vt 0.70450400 0.70255300
vt 0.70450400 0.70255300
vt 0.70450400 0.70255300
vt 0.70450400 0.70255300
vt 0.83929100 0.00726600
vt 0.70206200 0.70299900
vt 0.70206200 0.70299900
vt 0.70206200 0.70299900
vt 0.83929100 0.00726600
vt 0.70206200 0.70299900
vt 0.69918100 0.70339900
vt 0.69918100 0.70339900
vt 0.83711300 0.00916800
vt 0.83711300 0.00916800
vt 0.83711300 0.00916800
vt 0.85607700 0.01556300
vt 0.85607700 0.01556300
vt 0.88668800 0.26481400
vt 0.85607700 0.01556300
vt 0.85607700 0.01556300
vt 0.69948300 0.70256500
vt 0.69948300 0.70256500
vt 0.69948300 0.70256500
vt 0.69948300 0.70256500
vt 0.69948300 0.70256500
vt 0.69948300 0.70256500
vt 0.69948300 0.70256500
vt 0.85439900 0.01258400
vt 0.85439900 0.01258400
vt 0.85439900 0.01258400
vt 0.85439900 0.01258400
vt 0.69788000 0.70301800
vt 0.69788000 0.70301800
vt 0.88472200 0.26438700
vt 0.85565500 0.01317800
vt 0.88472200 0.26438700
vt 0.85565500 0.01317800
vt 0.88472200 0.26438700
vt 0.88472200 0.26438700
vt 0.85565500 0.01317800
vt 0.88183500 0.26483000
vt 0.88183500 0.26483000
vt 0.88183500 0.26483000
vt 0.85391400 0.01082600
vt 0.85391400 0.01082600
vt 0.85391400 0.01082600
vt 0.69629400 0.70281400
vt 0.69629400 0.70281400
vt 0.69629400 0.70281400
vt 0.69629400 0.70281400
vt 0.83475900 0.01088500
vt 0.83475900 0.01088500
vt 0.87987400 0.26467000
vt 0.85268800 0.00927500
vt 0.87987400 0.26467000
vt 0.85268800 0.00927500
vt 0.85124400 0.00888900
vt 0.85124400 0.00888900
vt 0.85124400 0.00888900
vt 0.85124400 0.00888900
vt 0.85124400 0.00888900
vt 0.85124400 0.00888900
vt 0.85124400 0.00888900
vt 0.83352700 0.01302400
vt 0.83352700 0.01302400
vt 0.69391200 0.70283400
vt 0.83352700 0.01302400
vt 0.69391200 0.70283400
vt 0.69391200 0.70283400
vt 0.69391200 0.70283400
vt 0.83286200 0.01653100
vt 0.83286200 0.01653100
vt 0.69097500 0.70324900
vt 0.69097500 0.70324900
vt 0.83286200 0.01653100
vt 0.69097500 0.70324900
vt 0.52736500 0.83401800
vt 0.52736500 0.83401800
vt 0.52736500 0.83401800
vt 0.83877200 0.08750800
vt 0.83877200 0.08750800
vt 0.52736500 0.83401800
vt 0.83852100 0.08680900
vt 0.83852100 0.08680900
vt 0.52803600 0.83456900
vt 0.83852100 0.08680900
vt 0.84088300 0.08841200
vt 0.52523100 0.83408600
vt 0.52523100 0.83408600
vt 0.52523100 0.83408600
vt 0.84088300 0.08841200
vt 0.52315100 0.83457800
vt 0.84370400 0.08852600
vt 0.84370400 0.08852600
vt 0.52315100 0.83457800
vt 0.84370400 0.08852600
vt 0.52341900 0.83390500
vt 0.52341900 0.83390500
vt 0.52341900 0.83390500
vt 0.52341900 0.83390500
vt 0.52341900 0.83390500
vt 0.52167600 0.83391700
vt 0.66298600 0.61110600
vt 0.66298600 0.61110600
vt 0.66298600 0.61110600
vt 0.52167600 0.83391700
vt 0.84530000 0.08901500
vt 0.66069600 0.61105000
vt 0.66069600 0.61105000
vt 0.66069600 0.61105000
vt 0.84818600 0.08853500
vt 0.66069600 0.61105000
vt 0.66069600 0.61105000
vt 0.65940500 0.61161900
vt 0.65940500 0.61161900
vt 0.84929700 0.08779500
vt 0.84929700 0.08779500
vt 0.65760800 0.61178500
vt 0.65760800 0.61178500
vt 0.85082400 0.08675300
vt 0.83342400 0.08062200
vt 0.83342400 0.08062200
vt 0.53601300 0.83446300
vt 0.53601300 0.83446300
vt 0.53601300 0.83446300
vt 0.65765800 0.61114100
vt 0.65765800 0.61114100
vt 0.65765800 0.61114100
vt 0.65765800 0.61114100
vt 0.65765800 0.61114100
vt 0.65765800 0.61114100
vt 0.65765800 0.61114100
vt 0.65494700 0.61157200
vt 0.85309300 0.08521700
vt 0.65494700 0.61157200
vt 0.85309300 0.08521700
vt 0.65494700 0.61157200
vt 0.65494700 0.61157200
vt 0.53316800 0.83457800
vt 0.83485700 0.08321500
vt 0.83485700 0.08321500
vt 0.53316800 0.83457800
vt 0.83485700 0.08321500
vt 0.65253100 0.61180600
vt 0.85442300 0.08316100
vt 0.85442300 0.08316100
vt 0.85442300 0.08316100
vt 0.65253100 0.61180600
vt 0.53331200 0.83393800
vt 0.53331200 0.83393800
vt 0.53331200 0.83393800
vt 0.53331200 0.83393800
vt 0.53331200 0.83393800
vt 0.53331200 0.83393800
vt 0.65310400 0.61115400
vt 0.65310400 0.61115400
vt 0.65310400 0.61115400
vt 0.65310400 0.61115400
vt 0.65310400 0.61115400
vt 0.53052000 0.83429000
vt 0.53052000 0.83429000
vt 0.83634000 0.08548000
vt 0.53052000 0.83429000
vt 0.83634000 0.08548000
vt 0.53052000 0.83429000
vt 0.65069100 0.61135700
vt 0.85564700 0.08179000
vt 0.65069100 0.61135700
vt 0.85564700 0.08179000
vt 0.65069100 0.61135700
vt 0.85564700 0.08179000
vt 0.65069100 0.61135700
vt 0.65069100 0.61135700
vt 0.85660000 0.07809600
vt 0.85660000 0.07809600
vt 0.64731000 0.61138200
vt 0.64731000 0.61138200
vt 0.85660000 0.07809600
vt 0.64731000 0.61138200
vt 0.56038500 0.24599100
vt 0.97674500 0.92950100
vt 0.56038500 0.24599100
vt 0.97668000 0.92964500
vt 0.56038500 0.24599100
vt 0.97668000 0.92964500
vt 0.97572200 0.44023600
vt 0.97139400 0.92951500
vt 0.97572200 0.44023600
vt 0.55569400 0.24843300
vt 0.55569400 0.24843300
vt 0.97400600 0.44024300
vt 0.97400600 0.44024300
vt 0.97400600 0.44024300
vt 0.55594100 0.25023500
vt 0.55594100 0.25023500
vt 0.55594100 0.25023500
vt 0.97851800 0.92956100
vt 0.97851800 0.92956100
vt 0.56176200 0.24732000
vt 0.56176200 0.24732000
vt 0.56176200 0.24732000
vt 0.56199600 0.25003100
vt 0.97852400 0.90978600
vt 0.56199600 0.25003100
vt 0.56199600 0.25003100
vt 0.98108800 0.92963500
vt 0.45409600 0.98369600
vt 0.45409600 0.98369600
vt 0.62144000 0.07568900
vt 0.45409600 0.98369600
vt 0.96070900 0.15156000
vt 0.62146000 0.07652600
vt 0.96070900 0.15156000
vt 0.62614100 0.07667900
vt 0.45407500 0.98849200
vt 0.45407500 0.98849200
vt 0.45407500 0.98849200
vt 0.45407500 0.98849200
vt 0.95888700 0.15148300
vt 0.95888700 0.15148300
vt 0.95888700 0.15148300
vt 0.62341000 0.07630600
vt 0.62355700 0.07551200
vt 0.45408300 0.98569200
vt 0.45408300 0.98569200
vt 0.45408300 0.98569200
vt 0.74725800 0.97142300
vt 0.74725800 0.97142300
vt 0.74725800 0.97142300
vt 0.62219000 0.08496000
vt 0.98889700 0.98896600
vt 0.62204300 0.08575400
vt 0.98889700 0.98896600
vt 0.98889700 0.98896600
vt 0.61936100 0.08451600
vt 0.98891000 0.99184800
vt 0.59496500 0.98158900
vt 0.98891000 0.99184800
vt 0.91274100 0.97950100
vt 0.61973800 0.08376600
vt 0.91274100 0.97950100
vt 0.74990600 0.97145500
vt 0.74990600 0.97145500
vt 0.49847400 0.99295700
vt 0.62496700 0.08534600
vt 0.98889900 0.98619200
vt 0.98889900 0.98619200
vt 0.98889900 0.98619200
vt 0.62414100 0.08474000
vt 0.74539700 0.97139000
vt 0.74539700 0.97139000
vt 0.74539700 0.97139000
vt 0.60147800 0.97984000
vt 0.62593400 0.08369500
vt 0.74386400 0.97135500
vt 0.60147800 0.97984000
vt 0.59494900 0.98370200
vt 0.59494900 0.98370200
vt 0.59494900 0.98370200
vt 0.59494900 0.98370200
vt 0.61781100 0.08201000
vt 0.49847000 0.99118900
vt 0.49847000 0.99118900
vt 0.49847000 0.99118900
vt 0.62671900 0.08393900
vt 0.91121600 0.97946500
vt 0.91121600 0.97946500
vt 0.61869300 0.08197300
vt 0.62776700 0.08209000
vt 0.49847000 0.98915100
vt 0.49847000 0.98915100
vt 0.49847000 0.98915100
vt 0.61847300 0.08002300
vt 0.90936000 0.97943100
vt 0.90936000 0.97943100
vt 0.90936000 0.97943100
vt 0.59494900 0.98647400
vt 0.61783300 0.07917500
vt 0.59494900 0.98647400
vt 0.59494900 0.98647400
vt 0.60413600 0.97993200
vt 0.62712800 0.08124300
vt 0.60413600 0.97993200
vt 0.60413600 0.97993200
vt 0.49847800 0.98627400
vt 0.49847800 0.98627400
vt 0.62776700 0.07913600
vt 0.45408000 0.99070700
vt 0.61966700 0.07757100
vt 0.90670800 0.97939900
vt 0.96216300 0.15162700
vt 0.96216300 0.15162700
vt 0.90670800 0.97939900
vt 0.62690700 0.07929300
vt 0.60598400 0.98000200
vt 0.60598400 0.98000200
vt 0.60598400 0.98000200
vt 0.61942800 0.07669100
vt 0.59496400 0.98924400
vt 0.45411400 0.98201900
vt 0.59496400 0.98924400
vt 0.59496400 0.98924400
vt 0.95620900 0.15138200
vt 0.62586200 0.07750000
vt 0.95620900 0.15138200
vt 0.60749200 0.98006300
vt 0.98997400 0.98507900
vt 0.49953800 0.99174500
vt 0.49953800 0.99174500
vt 0.98997400 0.98507900
vt 0.49953800 0.99174500
vt 0.49953800 0.99174500
vt 0.45515700 0.98731200
vt 0.45515700 0.98731200
vt 0.45515700 0.98731200
vt 0.45515700 0.98731200
vt 0.45515700 0.98731200
vt 0.49954900 0.98805700
vt 0.49954900 0.98805700
vt 0.49954900 0.98805700
vt 0.49954900 0.98805700
vt 0.49954900 0.98805700
vt 0.49954900 0.98805700
vt 0.45518100 0.98332800
vt 0.45518100 0.98332800
vt 0.59606200 0.99044200
vt 0.45518100 0.98332800
vt 0.45518100 0.98332800
vt 0.59606200 0.99044200
vt 0.45515700 0.98886600
vt 0.45515700 0.98886600
vt 0.45515700 0.98886600
vt 0.45515700 0.98886600
vt 0.45515700 0.98886600
vt 0.49954900 0.99004600
vt 0.49954900 0.99004600
vt 0.49954900 0.99004600
vt 0.49954900 0.99004600
vt 0.49954900 0.99004600
vt 0.45516200 0.98532100
vt 0.45516200 0.98532100
vt 0.45516200 0.98532100
vt 0.45516200 0.98532100
vt 0.45516200 0.98532100
vt 0.45516200 0.98532100
vt 0.45514600 0.99039300
vt 0.49954700 0.98586800
vt 0.45514600 0.99039300
vt 0.49954700 0.98586800
vt 0.49954700 0.98586800
vt 0.45514600 0.99039300
vt 0.50170700 0.98773400
vt 0.50170700 0.98773400
vt 0.50170700 0.98773400
vt 0.99884500 0.01968200
vt 0.99884500 0.01968200
vt 0.45731400 0.98720200
vt 0.45731400 0.98720200
vt 0.45731400 0.98720200
vt 0.79510500 0.96590900
vt 0.45731400 0.98720200
vt 0.97296500 0.45210100
vt 0.28421600 0.99874100
vt 0.79560300 0.96401400
vt 0.45733500 0.98524500
vt 0.28421600 0.99874100
vt 0.23578500 0.25978500
vt 0.45733500 0.98524500
vt 0.45733500 0.98524500
vt 0.79560300 0.96760400
vt 0.50174200 0.98578000
vt 0.98550600 0.74621000
vt 0.45733900 0.98876200
vt 0.97643600 0.45210100
vt 0.97643600 0.45210100
vt 0.45733900 0.98876200
vt 0.99956300 0.01739600
vt 0.97382300 0.99706300
vt 0.50173000 0.98985600
vt 0.50173000 0.98985600
vt 0.28043600 0.99674500
vt 0.28043600 0.99674500
vt 0.50173000 0.98985600
vt 0.99956300 0.02168000
vt 0.01941800 0.99314500
vt 0.50173000 0.98985600
vt 0.99217600 0.98645100
vt 0.94281700 0.95909900
vt 0.28037800 0.99879300
vt 0.28037800 0.99879300
vt 0.36405700 0.99489900
vt 0.50174200 0.99165100
vt 0.99217600 0.98645100
vt 0.94183700 0.96307200
vt 0.94183700 0.96307200
vt 0.99214000 0.99038900
vt 0.99214000 0.99038900
vt 0.99214000 0.99038900
vt 0.99213500 0.98819300
vt 0.99213500 0.98819300
vt 0.99213500 0.98819300
vt 0.94179600 0.96087700
vt 0.99213500 0.98819300
vt 0.94179600 0.96087700
vt 0.98611200 0.75663800
vt 0.36405700 0.99258000
vt 0.94183700 0.96151500
vt 0.94183700 0.96151500
vt 0.65324700 0.99162900
vt 0.94183700 0.96151500
vt 0.59821900 0.98307700
vt 0.59821900 0.98307700
vt 0.94281700 0.96457000
vt 0.99217600 0.99191900
vt 0.97402600 0.38304700
vt 0.65324700 0.98849800
vt 0.20495800 0.99876300
vt 0.09899000 0.99570300
vt 0.59818700 0.98503200
vt 0.97329300 0.38530500
vt 0.59818700 0.98503200
vt 0.97329300 0.38530500
vt 0.59818700 0.98503200
vt 0.97351700 0.38570500
vt 0.41452700 0.94918900
vt 0.09899000 0.99331500
vt 0.97351700 0.38570500
vt 0.52959700 0.99874100
vt 0.99908200 0.01934200
vt 0.99908200 0.01934200
vt 0.01941800 0.99552000
vt 0.91280600 0.99747200
vt 0.97317100 0.99865000
vt 0.97402600 0.38739400
vt 0.59821900 0.98724300
vt 0.41452700 0.94742500
vt 0.93371100 0.88901000
vt 0.59821900 0.98724300
vt 0.59821900 0.98724300
vt 0.77609500 0.58125600
vt 0.59821900 0.98724300
vt 0.54140900 0.99796600
vt 0.45733900 0.98329200
vt 0.59820500 0.98900200
vt 0.59820500 0.98900200
vt 0.23578500 0.26179900
vt 0.77571400 0.58322100
vt 0.28429500 0.99745900
vt 0.93371100 0.88677000
vt 0.28429500 0.99745900
vt 0.23577900 0.26092200
vt 0.77609500 0.58413200
vt 0.98997700 0.99005900
vt 0.98997700 0.99005900
vt 0.98997700 0.99005900
vt 0.98997700 0.99005900
vt 0.98997700 0.99005900
vt 0.98997700 0.99005900
vt 0.59603300 0.98334200
vt 0.59603300 0.98334200
vt 0.59603300 0.98334200
vt 0.59603300 0.98334200
vt 0.59603300 0.98334200
vt 0.59602400 0.98537600
vt 0.59602400 0.98537600
vt 0.59602400 0.98537600
vt 0.59602400 0.98537600
vt 0.59602400 0.98537600
vt 0.59602400 0.98537600
vt 0.98998000 0.98654500
vt 0.98998000 0.98654500
vt 0.98998000 0.98654500
vt 0.98998000 0.98654500
vt 0.98998000 0.98654500
vt 0.59602900 0.98188400
vt 0.98998100 0.99225600
vt 0.98998100 0.99225600
vt 0.59602900 0.98188400
vt 0.59602900 0.98188400
vt 0.98998100 0.99225600
vt 0.59603200 0.98736300
vt 0.59603200 0.98736300
vt 0.59603200 0.98736300
vt 0.59603200 0.98736300
vt 0.59603200 0.98736300
vt 0.98997600 0.98807100
vt 0.98997600 0.98807100
vt 0.98997600 0.98807100
vt 0.98997600 0.98807100
vt 0.98997600 0.98807100
vt 0.59603000 0.98905400
vt 0.59603000 0.98905400
vt 0.59603000 0.98905400
vt 0.59603000 0.98905400
vt 0.59603000 0.98905400
vt 0.54229300 0.99902600
vt 0.97439600 0.89855700
vt 0.97439600 0.89855700
vt 0.97113300 0.45146100
vt 0.28533100 0.99623600
vt 0.93307900 0.88821700
vt 0.97543700 0.45147400
vt 0.97543700 0.45147400
vt 0.98448700 0.74619700
vt 0.97543700 0.45147400
vt 0.97543700 0.45147400
vt 0.28102400 0.99761100
vt 0.28102400 0.99761100
vt 0.28102400 0.99761100
vt 0.97525600 0.94085900
vt 0.97525600 0.94085900
vt 0.97525600 0.94085900
vt 0.97525600 0.94085900
vt 0.97409400 0.45147600
vt 0.97409400 0.45147600
vt 0.97409400 0.45147600
vt 0.97409400 0.45147600
vt 0.97409400 0.45147600
vt 0.28533100 0.99948100
vt 0.91347600 0.99881300
vt 0.28144600 0.99627200
vt 0.01879300 0.99408000
vt 0.97389200 0.94082600
vt 0.97389200 0.94082600
vt 0.97389200 0.94082600
vt 0.97269900 0.45147900
vt 0.28493300 0.99813100
vt 0.28493300 0.99813100
vt 0.97269900 0.45147900
vt 0.28493300 0.99813100
vt 0.97269900 0.45147900
vt 0.97673300 0.45145700
vt 0.97222200 0.94078100
vt 0.97222200 0.94078100
vt 0.91347600 0.99710700
vt 0.97382300 0.99868200
vt 0.98550600 0.74468500
vt 0.97820200 0.89854600
vt 0.09837500 0.99457000
vt 0.53035800 0.99720400
vt 0.98108800 0.94087600
vt 0.20585400 0.99945700
vt 0.97820200 0.89854600
vt 0.98108800 0.94087600
vt 0.97898800 0.94081400
vt 0.98694500 0.75768100
vt 0.97898800 0.94081400
vt 0.65263100 0.99044800
vt 0.97898800 0.94081400
vt 0.20585400 0.99703200
vt 0.97898800 0.94081400
vt 0.97627500 0.89854800
vt 0.97627500 0.89854800
vt 0.97627500 0.89854800
vt 0.41390900 0.94853200
vt 0.54229300 0.99707400
vt 0.53035800 0.99921200
vt 0.28144600 0.99952800
vt 0.97677600 0.94074200
vt 0.36343200 0.99360100
vt 0.98694500 0.75542600
vt 0.97668000 0.94087600
vt 0.97677600 0.94074200
vt 0.97773400 0.92953500
vt 0.56127000 0.24668100
vt 0.97773400 0.92953500
vt 0.56127000 0.24668100
vt 0.97773400 0.92953500
vt 0.56109600 0.25134000
vt 0.97713800 0.90978200
vt 0.97713800 0.90978200
vt 0.56109600 0.25134000
vt 0.97713800 0.90978200
vt 0.55978300 0.25208200
vt 0.55978300 0.25208200
vt 0.97563300 0.90978100
vt 0.55978300 0.25208200
vt 0.97563300 0.90978100
vt 0.97563300 0.90978100
vt 0.56216200 0.24871200
vt 0.56216200 0.24871200
vt 0.97995200 0.92960400
vt 0.97995200 0.92960400
vt 0.56216200 0.24871200
vt 0.97995200 0.92960400
vt 0.97283500 0.92956200
vt 0.97283500 0.92956200
vt 0.55645500 0.24674400
vt 0.97283500 0.92956200
vt 0.55645500 0.24674400
vt 0.55645500 0.24674400
vt 0.55743300 0.25185100
vt 0.97188700 0.44024100
vt 0.97362600 0.90978600
vt 0.55743300 0.25185100
vt 0.55743300 0.25185100
vt 0.97188700 0.44024100
vt 0.97558500 0.92962700
vt 0.97558500 0.92962700
vt 0.55899900 0.24567900
vt 0.55899900 0.24567900
vt 0.97519900 0.44023900
vt 0.97519900 0.44023900
vt 0.55567700 0.24902900
vt 0.55567700 0.24902900
vt 0.97519900 0.44023900
vt 0.55567700 0.24902900
vt 0.97496200 0.92961500
vt 0.55831100 0.24569900
vt 0.97496200 0.92961500
vt 0.97496200 0.92961500
vt 0.55831100 0.24569900
vt 0.55831100 0.24569900
vt 0.09883300 0.97829000
vt 0.56251700 0.24771400
vt 0.56251700 0.24771400
vt 0.56251700 0.24771400
vt 0.56251700 0.24771400
vt 0.56159200 0.24619700
vt 0.56159200 0.24619700
vt 0.56159200 0.24619700
vt 0.74623900 0.98001200
vt 0.56159200 0.24619700
vt 0.56159200 0.24619700
vt 0.56159200 0.24619700
vt 0.56159200 0.24619700
vt 0.56267100 0.24977700
vt 0.56267100 0.24977700
vt 0.09926800 0.98014500
vt 0.97966900 0.04369700
vt 0.56267100 0.24977700
vt 0.91210400 0.97087900
vt 0.56267100 0.24977700
vt 0.55933600 0.24508300
vt 0.55933600 0.24508300
vt 0.60199500 0.97124500
vt 0.55933600 0.24508300
vt 0.55933600 0.24508300
vt 0.55933600 0.24508300
vt 0.55933600 0.24508300
vt 0.56139900 0.25182800
vt 0.56139900 0.25182800
vt 0.56139900 0.25182800
vt 0.91004300 0.97083700
vt 0.56139900 0.25182800
vt 0.56139900 0.25182800
vt 0.56139900 0.25182800
vt 0.60460200 0.97133600
vt 0.55676400 0.24576300
vt 0.55676400 0.24576300
vt 0.55676400 0.24576300
vt 0.55676400 0.24576300
vt 0.55676400 0.24576300
vt 0.55917100 0.25275600
vt 0.55917100 0.25275600
vt 0.55917100 0.25275600
vt 0.90763700 0.97080300
vt 0.55917100 0.25275600
vt 0.55917100 0.25275600
vt 0.55532100 0.24763600
vt 0.55532100 0.24763600
vt 0.55532100 0.24763600
vt 0.55532100 0.24763600
vt 0.55532100 0.24763600
vt 0.55532100 0.24763600
vt 0.55532100 0.24763600
vt 0.55640500 0.25186200
vt 0.55640500 0.25186200
vt 0.55640500 0.25186200
vt 0.55640500 0.25186200
vt 0.96033200 0.14292800
vt 0.55640500 0.25186200
vt 0.55640500 0.25186200
vt 0.55520600 0.24970200
vt 0.55520600 0.24970200
vt 0.95787200 0.14283200
vt 0.55520600 0.24970200
vt 0.55520600 0.24970200
vt 0.55520600 0.24970200
vt 0.74569200 0.97946900
vt 0.74569200 0.97946900
vt 0.74569200 0.97946900
vt 0.74569200 0.97946900
vt 0.56163100 0.24555300
vt 0.74404300 0.97943200
vt 0.60135500 0.97176200
vt 0.74404300 0.97943200
vt 0.55980800 0.24463400
vt 0.55980800 0.24463400
vt 0.60135500 0.97176200
vt 0.55805400 0.25315600
vt 0.96216300 0.14354900
vt 0.90645200 0.97132800
vt 0.55805400 0.25315600
vt 0.90645200 0.97132800
vt 0.91274100 0.97143000
vt 0.91274100 0.97143000
vt 0.97913300 0.04405700
vt 0.74990600 0.97952400
vt 0.90813800 0.97133500
vt 0.90813800 0.97133500
vt 0.90813800 0.97133500
vt 0.90813800 0.97133500
vt 0.55994300 0.25315600
vt 0.90813800 0.97133500
vt 0.74766100 0.97950400
vt 0.74766100 0.97950400
vt 0.74766100 0.97950400
vt 0.97966900 0.04637200
vt 0.56290500 0.24711300
vt 0.74766100 0.97950400
vt 0.09926800 0.97782300
vt 0.91080900 0.97138500
vt 0.91080900 0.97138500
vt 0.91080900 0.97138500
vt 0.91080900 0.97138500
vt 0.91080900 0.97138500
vt 0.56224600 0.25179000
vt 0.91080900 0.97138500
vt 0.55647400 0.25250500
vt 0.96092700 0.14348800
vt 0.96092700 0.14348800
vt 0.96092700 0.14348800
vt 0.96092700 0.14348800
vt 0.96092700 0.14348800
vt 0.60586500 0.97191900
vt 0.60586500 0.97191900
vt 0.55555600 0.24621500
vt 0.60586500 0.97191900
vt 0.60586500 0.97191900
vt 0.55555600 0.24621500
vt 0.55463800 0.24803700
vt 0.55463800 0.24803700
vt 0.60749200 0.97198600
vt 0.95610100 0.14330400
vt 0.95610100 0.14330400
vt 0.60749200 0.97198600
vt 0.60390400 0.97184400
vt 0.60390400 0.97184400
vt 0.55711700 0.24494100
vt 0.60390400 0.97184400
vt 0.60390400 0.97184400
vt 0.60390400 0.97184400
vt 0.95868300 0.14339400
vt 0.95868300 0.14339400
vt 0.55494500 0.25072900
vt 0.95868300 0.14339400
vt 0.95868300 0.14339400
vt 0.95868300 0.14339400
vt 0.53287000 0.67964600
vt 0.50495900 0.67444900
vt 0.48728600 0.67909300
vt 0.33870900 0.63132200
vt 0.38390900 0.63153600
vt 0.38390900 0.57143900
vt 0.38958100 0.64290800
vt 0.39020900 0.64357200
vt 0.38859700 0.64286900
vt 0.38799300 0.64341700
vt 0.39359500 0.64753900
vt 0.33469900 0.64330900
vt 0.26439200 0.64736800
vt 0.26437000 0.55591500
vt 0.32895900 0.64798900
vt 0.44419400 0.97870900
vt 0.26892200 0.64571000
vt 0.26626400 0.64459700
vt 0.26626300 0.64242400
vt 0.32442800 0.64624400
vt 0.27158000 0.64464800
vt 0.32177000 0.64513200
vt 0.32176900 0.64295800
vt 0.27157900 0.64247500
vt 0.26814100 0.57347900
vt 0.26892100 0.64136200
vt 0.27147600 0.64996700
vt 0.44152200 0.98530900
vt 0.27147500 0.64779300
vt 0.26881800 0.65102800
vt 0.44419400 0.98429700
vt 0.26996300 0.64883300
vt 0.26933500 0.64817300
vt 0.26881700 0.64668100
vt 0.26820500 0.64816300
vt 0.26928500 0.64958000
vt 0.26615900 0.64774200
vt 0.26771400 0.64897700
vt 0.26830100 0.64953600
vt 0.26616000 0.64991600
vt 0.02350500 0.42756100
vt 0.00972300 0.44707400
vt 0.02718400 0.44269700
vt 0.02718400 0.44269700
vt 0.02734700 0.43882400
vt 0.02734700 0.43882400
vt 0.02734700 0.43882400
vt 0.01029600 0.43548900
vt 0.01029600 0.43548900
vt 0.01029600 0.43548900
vt 0.01089300 0.43361800
vt 0.01089300 0.43361800
vt 0.22337100 0.28496200
vt 0.21557600 0.28583800
vt 0.21034900 0.29594600
vt 0.21343700 0.28574900
vt 0.20810300 0.28537200
vt 0.20672300 0.28585500
vt 0.20523700 0.28568800
vt 0.19838700 0.28586100
vt 0.22055800 0.30066400
vt 0.21338600 0.30277000
vt 0.21717300 0.30126600
vt 0.39421000 0.85233300
vt 0.39214700 0.85043000
vt 0.39215600 0.84056500
vt 0.40640700 0.83884700
vt 0.40473300 0.83591100
vt 0.40185800 0.83872700
vt 0.39988900 0.83631200
vt 0.39546200 0.83788300
vt 0.39773600 0.84010500
vt 0.39509600 0.84240400
vt 0.39402500 0.84553700
vt 0.39774800 0.85103500
vt 0.39510300 0.84868900
vt 0.99621500 0.36116100
vt 0.98940100 0.37509600
vt 0.98995600 0.78799800
vt 0.98995600 0.78799800
vt 0.98995600 0.78799800
vt 0.98996300 0.78489100
vt 0.33189600 0.99917400
vt 0.99621500 0.35773600
vt 0.98940000 0.37075400
vt 0.98995400 0.79243100
vt 0.98995400 0.79243100
vt 0.99901800 0.47968900
vt 0.33189600 0.99573200
vt 0.88957500 0.99458000
vt 0.98995500 0.79585500
vt 0.99901800 0.47606600
vt 0.88957500 0.99849200
vt 0.99104000 0.37340400
vt 0.43495100 0.10437300
vt 0.99768900 0.47780500
vt 0.42869900 0.09480900
vt 0.43130800 0.10675200
vt 0.43227000 0.09583800
vt 0.88829100 0.99695600
vt 0.42739900 0.10736100
vt 0.43447600 0.09742700
vt 0.43586800 0.09942300
vt 0.43609700 0.10178800
vt 0.41868800 0.09900700
vt 0.99159500 0.79561700
vt 0.42089900 0.09654700
vt 0.99503400 0.35986600
vt 0.42444400 0.10702300
vt 0.33056300 0.99788700
vt 0.42437700 0.09498700
vt 0.99159900 0.78610900
vt 0.42129100 0.10575300
vt 0.99159500 0.78892400
vt 0.41922400 0.10374900
vt 0.99159400 0.79166700
vt 0.99159400 0.79166700
vt 0.41839400 0.10180300
vt 0.43965600 0.11036000
vt 0.43965600 0.11036000
vt 0.41477600 0.11023800
vt 0.41477600 0.11023800
vt 0.94276000 0.28372900
vt 0.94276000 0.28372900
vt 0.41477600 0.11023800
vt 0.94275700 0.28441900
vt 0.94275700 0.28441900
vt 0.41420600 0.10974700
vt 0.94270000 0.30930000
vt 0.41413100 0.09212800
vt 0.94270000 0.30930000
vt 0.94270000 0.30930000
vt 0.94270000 0.30930000
vt 0.89080000 0.58336700
vt 0.43969800 0.09185100
vt 0.95291900 0.28363400
vt 0.95291900 0.28363400
vt 0.89080000 0.58336700
vt 0.89080000 0.58336700
vt 0.44034400 0.10996100
vt 0.41481800 0.09172900
vt 0.94270100 0.30986900
vt 0.89098800 0.55848700
vt 0.44026900 0.09234200
vt 0.95291900 0.28294400
vt 0.43970300 0.11711800
vt 0.43970300 0.11711800
vt 0.43970300 0.11711800
vt 0.94314000 0.25809800
vt 0.94314000 0.25809800
vt 0.87557800 0.55988700
vt 0.87531800 0.55878700
vt 0.43966200 0.11777500
vt 0.43966200 0.11777500
vt 0.43966200 0.11777500
vt 0.99707600 0.27249400
vt 0.87490000 0.55988700
vt 0.94270000 0.25783100
vt 0.95487000 0.64353700
vt 0.99606300 0.27183200
vt 0.95487000 0.64353700
vt 0.94795200 0.63782100
vt 0.94795200 0.63782100
vt 0.99707600 0.26339400
vt 0.44741600 0.12308800
vt 0.44741600 0.12308800
vt 0.44741600 0.12308800
vt 0.44741600 0.12308800
vt 0.94859200 0.63737500
vt 0.41453200 0.09856300
vt 0.89893100 0.55831400
vt 0.89893100 0.55831400
vt 0.89893100 0.55831400
vt 0.89893100 0.55831400
vt 0.40696100 0.12290100
vt 0.40696100 0.12290100
vt 0.40696100 0.12290100
vt 0.40640300 0.12240500
vt 0.40640300 0.12240500
vt 0.40640300 0.12240500
vt 0.94271000 0.00854900
vt 0.41444600 0.11781600
vt 0.41444600 0.11781600
vt 0.41444600 0.11781600
vt 0.41444600 0.11781600
vt 0.41444600 0.11781600
vt 0.41444600 0.11781600
vt 0.41376500 0.11700100
vt 0.41376500 0.11700100
vt 0.95291700 0.28432700
vt 0.41376500 0.11700100
vt 0.41376500 0.11700100
vt 0.41376500 0.11700100
vt 0.95291700 0.28432700
vt 0.94712500 0.66238400
vt 0.89937700 0.59107200
vt 0.94712500 0.66238400
vt 0.89937700 0.59107200
vt 0.89937700 0.59107200
vt 0.89937700 0.59107200
vt 0.95487000 0.66220800
vt 0.89869000 0.58334000
vt 0.89869000 0.58334000
vt 0.89869000 0.58334000
vt 0.89869000 0.58334000
vt 0.94269900 0.04252100
vt 0.40627900 0.09834800
vt 0.40627900 0.09834800
vt 0.40627900 0.09834800
vt 0.94270100 0.28349500
vt 0.95385700 0.66168200
vt 0.95385700 0.66168200
vt 0.95385700 0.66168200
vt 0.89827900 0.58437500
vt 0.94270100 0.28349500
vt 0.89827900 0.58437500
vt 0.94655200 0.66186000
vt 0.94655200 0.66186000
vt 0.40685400 0.09787800
vt 0.89964500 0.55064900
vt 0.94270000 0.04318900
vt 0.40685400 0.09787800
vt 0.89964500 0.55064900
vt 0.41351800 0.09917800
vt 0.41351800 0.09917800
vt 0.89834800 0.55728800
vt 0.95291700 0.30955200
vt 0.89834800 0.55728800
vt 0.41351800 0.09917800
vt 0.40688000 0.12983300
vt 0.40688000 0.12983300
vt 0.44724200 0.13013800
vt 0.90325800 0.59173100
vt 0.94395400 0.04265200
vt 0.94395400 0.04265200
vt 0.90022000 0.55007400
vt 0.90325800 0.55004400
vt 0.90325800 0.55004400
vt 0.90325800 0.55004400
vt 0.90118600 0.55084300
vt 0.94473400 0.04324000
vt 0.90118600 0.55084300
vt 0.90118600 0.55084300
vt 0.90118600 0.55084300
vt 0.90081700 0.59113900
vt 0.90081700 0.59113900
vt 0.90081700 0.59113900
vt 0.95234100 0.28428800
vt 0.95234100 0.28428800
vt 0.95234100 0.28428800
vt 0.41413100 0.11662200
vt 0.95234100 0.28428800
vt 0.95234100 0.28428800
vt 0.41471700 0.11718100
vt 0.41471700 0.11718100
vt 0.95253900 0.28369900
vt 0.41471700 0.11718100
vt 0.41471700 0.11718100
vt 0.41471700 0.11718100
vt 0.95248500 0.30990800
vt 0.89825800 0.55832800
vt 0.89825800 0.55832800
vt 0.89825800 0.55832800
vt 0.95248500 0.30990800
vt 0.89825800 0.55832800
vt 0.89825800 0.55832800
vt 0.89825800 0.55832800
vt 0.89779200 0.55771700
vt 0.95249300 0.30919700
vt 0.95249300 0.30919700
vt 0.95249300 0.30919700
vt 0.95249300 0.30919700
vt 0.89792000 0.58369700
vt 0.94313300 0.28343100
vt 0.89792000 0.58369700
vt 0.89807600 0.58317400
vt 0.89807600 0.58317400
vt 0.89807600 0.58317400
vt 0.89807600 0.58317400
vt 0.94314200 0.28293500
vt 0.89757900 0.58398400
vt 0.94314200 0.28293500
vt 0.94314200 0.28293500
vt 0.01713200 0.96894300
vt 0.01828600 0.96656200
vt 0.01705700 0.96585700
vt 0.01547000 0.96588400
vt 0.05918000 0.93390200
vt 0.06197100 0.93251000
vt 0.96576000 0.64422100
vt 0.96576000 0.64422100
vt 0.04841200 0.92968500
vt 0.06197100 0.93251000
vt 0.96576000 0.64422100
vt 0.06262900 0.93350500
vt 0.06132700 0.93322400
vt 0.96575800 0.64675100
vt 0.96575800 0.64675100
vt 0.96575800 0.64675100
vt 0.92890100 0.04534800
vt 0.04763500 0.92775000
vt 0.05934300 0.93298400
vt 0.96575700 0.64049000
vt 0.96576200 0.64866500
vt 0.96576200 0.64866500
vt 0.92766700 0.04332200
vt 0.04841200 0.92516500
vt 0.92813600 0.04278900
vt 0.06026900 0.94203900
vt 0.05045900 0.93399100
vt 0.05349900 0.93365100
vt 0.05188500 0.93168300
vt 0.05418000 0.92994000
vt 0.97307400 0.64190700
vt 0.97307400 0.64190700
vt 0.05517000 0.93270500
vt 0.97307400 0.64439100
vt 0.97307400 0.64439100
vt 0.97307400 0.64439100
vt 0.05692800 0.93262100
vt 0.05672100 0.92962800
vt 0.05863300 0.93031100
vt 0.05871600 0.93369700
vt 0.97307600 0.64687800
vt 0.97307600 0.64687800
vt 0.97307600 0.64687800
vt 0.06050900 0.93189900
vt 0.06009600 0.93568900
vt 0.97308100 0.64875500
vt 0.06224200 0.93509500
vt 0.06283000 0.93849200
vt 0.88539600 0.10577700
vt 0.88539600 0.10577700
vt 0.88539600 0.10577700
vt 0.21509200 0.95449400
vt 0.21509200 0.95449400
vt 0.21509200 0.95449400
vt 0.88714100 0.10658400
vt 0.21509200 0.95695700
vt 0.21509200 0.95695700
vt 0.98713600 0.53782700
vt 0.88714100 0.10658400
vt 0.69708900 0.87549400
vt 0.88781900 0.10868300
vt 0.41180600 0.97748500
vt 0.69708900 0.87770200
vt 0.86120300 0.99831400
vt 0.88781900 0.10868300
vt 0.88781900 0.10868300
vt 0.88937600 0.09710800
vt 0.88937600 0.09710800
vt 0.88937600 0.09710800
vt 0.88937600 0.09710800
vt 0.88937600 0.09710800
vt 0.88937600 0.09710800
vt 0.88937600 0.09710800
vt 0.88937100 0.08663800
vt 0.88937100 0.08663800
vt 0.88937100 0.08663800
vt 0.88937100 0.08663800
vt 0.89150400 0.08163700
vt 0.37694300 0.85268300
vt 0.89150400 0.08163700
vt 0.89150400 0.08163700
vt 0.95721000 0.55691000
vt 0.37694300 0.85268300
vt 0.37694300 0.85268300
vt 0.89150400 0.08163700
vt 0.88196200 0.09718400
vt 0.88196200 0.09718400
vt 0.88196200 0.09718400
vt 0.88196200 0.09718400
vt 0.88196200 0.09718400
vt 0.88196200 0.09718400
vt 0.88196200 0.09718400
vt 0.88196200 0.09718400
vt 0.88195700 0.08671400
vt 0.88195700 0.08671400
vt 0.88195700 0.08671400
vt 0.88195700 0.08671400
vt 0.87979600 0.08166500
vt 0.87979600 0.08166500
vt 0.95722800 0.54039400
vt 0.95722800 0.54039400
vt 0.87979600 0.08166500
vt 0.87979600 0.08166500
vt 0.87979600 0.08166500
vt 0.87979600 0.08166500
vt 0.21509200 0.95251900
vt 0.88399800 0.10700300
vt 0.03359700 0.99893400
vt 0.21509200 0.95251900
vt 0.88399800 0.10700300
vt 0.69712300 0.88835700
vt 0.03359700 0.99737500
vt 0.88358000 0.10850900
vt 0.88358000 0.10850900
vt 0.88358000 0.10850900
vt 0.29791700 0.99277300
vt 0.93397600 0.94744100
vt 0.89150400 0.15381100
vt 0.93397600 0.94744100
vt 0.89150400 0.15381100
vt 0.37694500 0.92485900
vt 0.89150400 0.15381100
vt 0.37694500 0.92485900
vt 0.89150400 0.15381100
vt 0.89150400 0.15381100
vt 0.93397600 0.94744100
vt 0.37694500 0.92485900
vt 0.89150400 0.15381100
vt 0.86155600 0.99600200
vt 0.95238300 0.33369600
vt 0.88720200 0.11094000
vt 0.41180600 0.97982400
vt 0.88720200 0.11094000
vt 0.95238300 0.33369600
vt 0.88539800 0.11184200
vt 0.88539800 0.11184200
vt 0.95238100 0.33624300
vt 0.88539800 0.11184200
vt 0.95238100 0.33624300
vt 0.95238100 0.33624300
vt 0.87953000 0.15350600
vt 0.87953000 0.15350600
vt 0.87953000 0.15350600
vt 0.87953000 0.15350600
vt 0.87953000 0.15350600
vt 0.87953000 0.15350600
vt 0.87953000 0.15350600
vt 0.87953000 0.15350600
vt 0.87953000 0.15350600
vt 0.69712300 0.88641700
vt 0.88386400 0.11042300
vt 0.95238300 0.33841100
vt 0.88386400 0.11042300
vt 0.95238300 0.33841100
vt 0.87945400 0.15410200
vt 0.87945400 0.15410200
vt 0.87945400 0.15410200
vt 0.93421500 0.96421900
vt 0.93464200 0.94719400
vt 0.93464200 0.94719400
vt 0.93464200 0.94719400
vt 0.93464200 0.94719400
vt 0.93464200 0.94719400
vt 0.93464200 0.94719400
vt 0.93877200 0.94922900
vt 0.74356300 0.96710200
vt 0.93877200 0.94922900
vt 0.93877200 0.94922900
vt 0.93877200 0.94922900
vt 0.74356300 0.96710200
vt 0.93661900 0.94922900
vt 0.74358900 0.96558200
vt 0.93661900 0.94922900
vt 0.93661900 0.94922900
vt 0.53796700 0.97192900
vt 0.94173100 0.94716200
vt 0.94173100 0.94716200
vt 0.94173100 0.94716200
vt 0.77321400 0.51854900
vt 0.94173100 0.94716200
vt 0.94173100 0.96417300
vt 0.94173100 0.96417300
vt 0.94173100 0.96417300
vt 0.94173100 0.96417300
vt 0.76103600 0.51859700
vt 0.74358900 0.97624700
vt 0.99677300 0.09731400
vt 0.93877200 0.96214400
vt 0.93877200 0.96214400
vt 0.93877200 0.96214400
vt 0.93661900 0.96214400
vt 0.99517600 0.09732400
vt 0.53796700 0.98117500
vt 0.93661900 0.96214400
vt 0.87372800 0.15379400
vt 0.87372800 0.15379400
vt 0.94173200 0.96481000
vt 0.87372800 0.15379400
vt 0.52156300 0.79608400
vt 0.52156300 0.79608400
vt 0.76058000 0.51912700
vt 0.87873500 0.15367600
vt 0.87873500 0.15367600
vt 0.87873500 0.15367600
vt 0.87873500 0.15367600
vt 0.87873500 0.15367600
vt 0.87873500 0.15367600
vt 0.87873500 0.15367600
vt 0.87873500 0.15367600
vt 0.93477900 0.96436900
vt 0.93477900 0.96436900
vt 0.93477900 0.96436900
vt 0.87895000 0.15432400
vt 0.93477900 0.96436900
vt 0.93477900 0.96436900
vt 0.87895000 0.15432400
vt 0.93477900 0.96436900
vt 0.93477900 0.96436900
vt 0.87890900 0.08212300
vt 0.87890900 0.08212300
vt 0.87890900 0.08212300
vt 0.87890900 0.08212300
vt 0.87890900 0.08212300
vt 0.87890900 0.08212300
vt 0.87890900 0.08212300
vt 0.87890900 0.08212300
vt 0.99799500 0.78022100
vt 0.99799500 0.78022100
vt 0.87817400 0.09896400
vt 0.99965400 0.20461400
vt 0.87823900 0.13672100
vt 0.87823900 0.13672100
vt 0.87823900 0.13672100
vt 0.87823900 0.13672100
vt 0.99921000 0.68461200
vt 0.89327000 0.99799300
vt 0.99830500 0.60012100
vt 0.99932300 0.57995100
vt 0.51815100 0.81248100
vt 0.24435300 0.99728800
vt 0.87711200 0.13746100
vt 0.24435300 0.99728800
vt 0.87759000 0.13802700
vt 0.87759000 0.13802700
vt 0.24502800 0.99728700
vt 0.24502800 0.99728700
vt 0.87759000 0.13802700
vt 0.24587900 0.99728800
vt 0.87819000 0.13770500
vt 0.24587900 0.99728800
vt 0.99928600 0.60001900
vt 0.87819000 0.13770500
vt 0.87716000 0.09795900
vt 0.63816700 0.99819000
vt 0.67817600 0.99778100
vt 0.51808900 0.85198500
vt 0.63816700 0.99819000
vt 0.87762000 0.09754400
vt 0.63751600 0.99820400
vt 0.63751600 0.99820400
vt 0.63751600 0.99820400
vt 0.87762000 0.09754400
vt 0.87762000 0.09754400
vt 0.87822300 0.09797900
vt 0.87822300 0.09797900
vt 0.99903400 0.69094900
vt 0.63666200 0.99822200
vt 0.87822300 0.09797900
vt 0.99867300 0.20471700
vt 0.67893900 0.99774000
vt 0.51815300 0.85122300
vt 0.87709600 0.09872000
vt 0.51815300 0.85122300
vt 0.67893900 0.99774000
vt 0.99647000 0.78027200
vt 0.89477300 0.99793100
vt 0.51808600 0.81324300
vt 0.51808600 0.81324300
vt 0.89477300 0.99793100
vt 0.51808600 0.81324300
vt 0.87717700 0.13670000
vt 0.99855900 0.57994600
vt 0.99714500 0.78024900
vt 0.87757400 0.09928500
vt 0.99714500 0.78024900
vt 0.99714500 0.78024900
vt 0.89412300 0.99795800
vt 0.87763600 0.13628600
vt 0.89412300 0.99795800
vt 0.89412300 0.99795800
vt 0.76100200 0.59173100
vt 0.96498200 0.54011500
vt 0.96498200 0.54011500
vt 0.96498200 0.54011500
vt 0.96498200 0.54011500
vt 0.95787900 0.54013000
vt 0.87915000 0.08126000
vt 0.95787900 0.54013000
vt 0.95787900 0.54013000
vt 0.87892200 0.08162300
vt 0.95775000 0.53968000
vt 0.95775000 0.53968000
vt 0.87892200 0.08162300
vt 0.87892200 0.08162300
vt 0.52156300 0.86813300
vt 0.52156300 0.86813300
vt 0.87369400 0.08174600
vt 0.96498300 0.53951000
vt 0.87369400 0.08174600
vt 0.87369400 0.08174600
vt 0.76056900 0.59117900
vt 0.52156300 0.86813300
vt 0.37791100 0.85272600
vt 0.37791100 0.85272600
vt 0.37791100 0.85272600
vt 0.37791100 0.85272600
vt 0.37791100 0.85272600
vt 0.37791100 0.85272600
vt 0.95777500 0.55772900
vt 0.95777500 0.55772900
vt 0.37791100 0.85272600
vt 0.37751400 0.85299400
vt 0.37751400 0.85299400
vt 0.37751400 0.85299400
vt 0.37751400 0.85299400
vt 0.37763800 0.85219000
vt 0.95787900 0.55720500
vt 0.95787900 0.55720500
vt 0.95787900 0.55720500
vt 0.95787900 0.55720500
vt 0.95787900 0.55720500
vt 0.38328900 0.85278600
vt 0.38328900 0.85278600
vt 0.38328900 0.85278600
vt 0.77364700 0.59101700
vt 0.96498300 0.55777800
vt 0.77330400 0.59163400
vt 0.96498200 0.55729800
vt 0.96498200 0.55729800
vt 0.96498200 0.55729800
vt 0.38328900 0.92470000
vt 0.38328900 0.92470000
vt 0.38328900 0.92470000
vt 0.77364700 0.51910200
vt 0.38328900 0.92470000
vt 0.38328900 0.92470000
vt 0.94173200 0.94655700
vt 0.50514000 0.99384000
vt 0.50514000 0.99384000
vt 0.37869300 0.90741700
vt 0.99941600 0.41817500
vt 0.91875700 0.99345600
vt 0.99893900 0.83665000
vt 0.37933300 0.86852300
vt 0.37933300 0.86852300
vt 0.37933300 0.86852300
vt 0.91875700 0.99345600
vt 0.40305100 0.99314700
vt 0.93911000 0.99787300
vt 0.37978000 0.86934400
vt 0.99817400 0.83613300
vt 0.37978000 0.86934400
vt 0.37978000 0.86934400
vt 0.37978000 0.86934400
vt 0.91789100 0.99345600
vt 0.37869000 0.86867500
vt 0.37869000 0.86867500
vt 0.99816700 0.69082400
vt 0.91789100 0.99345600
vt 0.99834100 0.70324700
vt 0.66985900 0.99263100
vt 0.37978300 0.90808700
vt 0.13070400 0.99860000
vt 0.37978300 0.90808700
vt 0.37978300 0.90808700
vt 0.99968700 0.15129000
vt 0.99921000 0.69088400
vt 0.37847900 0.86970300
vt 0.37847900 0.86970300
vt 0.37847900 0.86970300
vt 0.40480300 0.99314700
vt 0.37847900 0.86970300
vt 0.37925600 0.90896800
vt 0.37925600 0.90896800
vt 0.67056700 0.99263000
vt 0.67056700 0.99263000
vt 0.37925600 0.90896800
vt 0.67056700 0.99263000
vt 0.37781400 0.92440700
vt 0.37781400 0.92440700
vt 0.37781400 0.92440700
vt 0.37781400 0.92440700
vt 0.37781400 0.92440700
vt 0.37781400 0.92440700
vt 0.37781400 0.92440700
vt 0.37781400 0.92440700
vt 0.99841000 0.41845600
vt 0.97922900 0.97577500
vt 0.37848300 0.90844500
vt 0.37848300 0.90844500
vt 0.67161100 0.99263000
vt 0.37848300 0.90844500
vt 0.50600600 0.99384000
vt 0.99910600 0.70376500
vt 0.50600600 0.99384000
vt 0.37933600 0.90726500
vt 0.40375900 0.99314600
vt 0.40375900 0.99314600
vt 0.40375900 0.99314600
vt 0.37925300 0.87022500
vt 0.37781100 0.92490400
vt 0.93449900 0.94672700
vt 0.93449900 0.94672700
vt 0.93449900 0.94672700
vt 0.37781100 0.92490400
vt 0.67029500 0.99693500
vt 0.12916600 0.99567200
vt 0.67029500 0.99693500
vt 0.12916600 0.99567200
vt 0.12922100 0.99476200
vt 0.67146900 0.99693500
vt 0.97826300 0.97881200
vt 0.67146900 0.99693500
vt 0.97922900 0.97901100
vt 0.99941600 0.42139300
vt 0.50492800 0.99814500
vt 0.13016500 0.99447600
vt 0.50567200 0.99814500
vt 0.50567200 0.99814500
vt 0.13070400 0.99491200
vt 0.50567200 0.99814500
vt 0.13045500 0.99559500
vt 0.50648700 0.99814500
vt 0.99910600 0.70035400
vt 0.13045500 0.99559500
vt 0.93757100 0.99494500
vt 0.93757100 0.99494500
vt 0.40348700 0.99745100
vt 0.40348700 0.99745100
vt 0.40466100 0.99745100
vt 0.99872100 0.15432600
vt 0.40466100 0.99745100
vt 0.93762700 0.99403500
vt 0.91767900 0.99776100
vt 0.99921000 0.68778000
vt 0.99968700 0.15452600
vt 0.93857100 0.99374900
vt 0.91842300 0.99776100
vt 0.93911000 0.99418500
vt 0.91842300 0.99776100
vt 0.91842300 0.99776100
vt 0.93886100 0.99486800
vt 0.93886100 0.99486800
vt 0.99893900 0.83323900
vt 0.91923800 0.99776100
vt 0.24497900 0.99298200
vt 0.06860000 0.69835100
vt 0.24497900 0.99298200
vt 0.24497900 0.99298200
vt 0.24497900 0.99298200
vt 0.99921000 0.68771600
vt 0.99928600 0.60320500
vt 0.24602300 0.99298300
vt 0.06770200 0.69843900
vt 0.06736900 0.69943300
vt 0.99816700 0.68765600
vt 0.89330600 0.99368300
vt 0.89330600 0.99368300
vt 0.89417200 0.99364700
vt 0.06782500 0.69986900
vt 0.89417200 0.99364700
vt 0.89417200 0.99364700
vt 0.24427100 0.99298300
vt 0.89477300 0.99362300
vt 0.99932300 0.57698800
vt 0.06860000 0.69936600
vt 0.99726100 0.77593800
vt 0.99726100 0.77593800
vt 0.99726100 0.77593800
vt 0.67893900 0.99399500
vt 0.67838000 0.99354900
vt 0.99965400 0.20780100
vt 0.99921100 0.69404800
vt 0.99799500 0.77591400
vt 0.63678000 0.99391400
vt 0.67738900 0.99389100
vt 0.63678000 0.99391400
vt 0.99816700 0.69404800
vt 0.67732200 0.99451800
vt 0.63764700 0.99389500
vt 0.63764700 0.99389500
vt 0.63764700 0.99389500
vt 0.67793600 0.99480300
vt 0.63816700 0.99388400
vt 0.67793600 0.99480300
vt 0.67793600 0.99480300
vt 0.99648900 0.77596400
vt 0.99648900 0.77596400
vt 0.67877400 0.99456900
vt 0.67877400 0.99456900
vt 0.98804800 0.96170300
vt 0.54334800 0.98120000
vt 0.99517600 0.09194300
vt 0.73820800 0.96554400
vt 0.54334800 0.97195400
vt 0.98804800 0.94878800
vt 0.73820800 0.97620900
vt 0.99020100 0.96170300
vt 0.99677300 0.09193300
vt 0.73818200 0.96706400
vt 0.73818200 0.96706400
vt 0.99020100 0.94878800
vt 0.92765400 0.99412100
vt 0.95184200 0.33663100
vt 0.95184200 0.33663100
vt 0.95184200 0.33663100
vt 0.92614900 0.99279600
vt 0.29844400 0.99453800
vt 0.69670600 0.88665500
vt 0.92614900 0.99279600
vt 0.95184500 0.33851200
vt 0.21455500 0.95206600
vt 0.29844400 0.99194100
vt 0.92572000 0.99023700
vt 0.03310100 0.99811700
vt 0.21455400 0.95374800
vt 0.21455400 0.95374800
vt 0.21455400 0.95374800
vt 0.92670500 0.98849800
vt 0.21455400 0.95535200
vt 0.21455400 0.95535200
vt 0.92780900 0.98816700
vt 0.21455400 0.95535200
vt 0.21455400 0.95676300
vt 0.98765600 0.53782700
vt 0.92889600 0.98882000
vt 0.22323900 0.83158300
vt 0.97186900 0.91657400
vt 0.97186900 0.91657400
vt 0.86190100 0.99903600
vt 0.48553500 0.98162900
vt 0.98135300 0.38448100
vt 0.22323900 0.83297500
vt 0.86190100 0.99903600
vt 0.69670600 0.87699500
vt 0.98719500 0.53652500
vt 0.41134700 0.97787300
vt 0.86156200 0.99778100
vt 0.86156200 0.99778100
vt 0.86156200 0.99778100
vt 0.86190100 0.99626200
vt 0.50358000 0.99909200
vt 0.95184500 0.33360100
vt 0.98135300 0.38725200
vt 0.86190100 0.99626200
vt 0.11743100 0.50791300
vt 0.98414300 0.64755000
vt 0.95184300 0.33482000
vt 0.95184300 0.33482000
vt 0.89318400 0.97577700
vt 0.92889600 0.99371900
vt 0.10919900 0.61863500
vt 0.95184300 0.33482000
vt 0.89318400 0.97577700
vt 0.11743100 0.50912700
vt 0.11735600 0.50842500
vt 0.50358000 0.99850400
vt 0.10951000 0.61924700
vt 0.50358000 0.99850400
vt 0.68568300 0.99713700
vt 0.92592000 0.99109800
vt 0.92592000 0.99109800
vt 0.68568300 0.99713700
vt 0.92751200 0.98842000
vt 0.97186800 0.91470300
vt 0.97186800 0.91470300
vt 0.89318400 0.97916800
vt 0.92635200 0.99271300
vt 0.55391300 0.99196600
vt 0.68606100 0.99550900
vt 0.92635200 0.99271300
vt 0.89318400 0.97789700
vt 0.92738100 0.99369700
vt 0.89318400 0.97789700
vt 0.89318400 0.97789700
vt 0.97186900 0.91275000
vt 0.92623700 0.98937800
vt 0.55392500 0.98863000
vt 0.68606100 0.99884500
vt 0.97186900 0.91275000
vt 0.89264600 0.97777800
vt 0.55537000 0.99300200
vt 0.89264600 0.97777800
vt 0.89264600 0.97777800
vt 0.89264600 0.97609300
vt 0.10951000 0.61810600
vt 0.50411800 0.99755500
vt 0.55656800 0.99300200
vt 0.89264600 0.97895700
vt 0.89264600 0.97895700
vt 0.55446500 0.99221100
vt 0.55446500 0.99221100
vt 0.55387100 0.99024000
vt 0.55387100 0.99024000
vt 0.68525600 0.99717500
vt 0.55387100 0.99024000
vt 0.68525600 0.99717500
vt 0.97133100 0.91300300
vt 0.55446800 0.98842700
vt 0.55446800 0.98842700
vt 0.97132900 0.91470300
vt 0.97132900 0.91470300
vt 0.55561200 0.98766400
vt 0.97132900 0.91470300
vt 0.97132900 0.91470300
vt 0.97133200 0.91691000
vt 0.22287700 0.83226200
vt 0.55725800 0.98858300
vt 0.48612200 0.98253200
vt 0.55777100 0.99052600
vt 0.98414300 0.64598600
vt 0.98084100 0.38561500
vt 0.48612200 0.98052000
vt 0.50411800 0.99900600
vt 0.55750700 0.99192200
vt 0.50411800 0.99900600
vt 0.98369900 0.64732400
vt 0.16992000 0.96963600
vt 0.60197700 0.25239100
vt 0.16992000 0.96963600
vt 0.55512400 0.98993000
vt 0.96792900 0.99613400
vt 0.55515700 0.99091000
vt 0.60241900 0.25326500
vt 0.98938300 0.13781600
vt 0.96792700 0.99525300
vt 0.96792700 0.99525300
vt 0.96792700 0.99525300
vt 0.55583700 0.99154100
vt 0.16992000 0.97155000
vt 0.88359300 0.55878700
vt 0.55647400 0.98980200
vt 0.16992000 0.97155000
vt 0.16991900 0.97059300
vt 0.55575000 0.98928500
vt 0.16991900 0.97059300
vt 0.88359300 0.55990700
vt 0.96792900 0.99412200
vt 0.55658800 0.99091700
vt 0.87033900 0.45481300
vt 0.98987600 0.13826500
vt 0.86888300 0.45398400
vt 0.96739000 0.99592300
vt 0.96739000 0.99592300
vt 0.60241900 0.25233700
vt 0.86953900 0.45292000
vt 0.16938200 0.96956500
vt 0.98987600 0.13701300
vt 0.16938100 0.97059300
vt 0.16938100 0.97059300
vt 0.87056800 0.45279600
vt 0.16938100 0.97059300
vt 0.16938100 0.97059300
vt 0.87056800 0.45412900
vt 0.87056800 0.45412900
vt 0.16938200 0.97176500
vt 0.88306900 0.55924500
vt 0.86944600 0.45469000
vt 0.96738900 0.99468000
vt 0.86944600 0.45469000
vt 0.96738900 0.99468000
f 26/26/26 14/14/14 16/16/16
f 19/19/19 12/12/12 2/2/2
f 13/13/13 33/33/33 1/1/1
f 115/115/115 114/114/114 123/123/123
f 116/116/116 115/115/115 123/123/123
f 117/117/117 116/116/116 123/123/123
f 118/118/118 117/117/117 123/123/123
f 119/119/119 118/118/118 123/123/123
f 120/120/120 119/119/119 123/123/123
f 5/5/5 122/122/122 22/22/22
f 3/3/3 121/121/121 123/123/123
f 6/6/6 4/4/4 20/20/20
f 8/8/8 7/7/7 21/21/21
f 111/111/111 127/127/127 113/113/113
f 385/385/385 132/132/132 23/23/23
f 388/388/388 27/27/27 18/18/18
f 128/128/128 386/386/386 17/17/17
f 151/151/151 158/158/158 170/170/170
f 129/129/129 163/163/163 25/25/25
f 177/177/177 141/141/141 149/149/149
f 24/24/24 169/169/169 10/10/10
f 187/187/187 154/154/154 130/130/130
f 15/15/15 164/164/164 136/136/136
f 181/181/181 11/11/11 142/142/142
f 191/191/191 180/180/180 138/138/138
f 201/201/201 196/196/196 137/137/137
f 203/203/203 145/145/145 205/205/205
f 131/131/131 155/155/155 167/167/167
f 157/157/157 371/371/371 166/166/166
f 373/373/373 340/340/340 165/165/165
f 204/204/204 139/139/139 174/174/174
f 30/30/30 9/9/9 183/183/183
f 29/29/29 182/182/182 214/214/214
f 35/35/35 213/213/213 218/218/218
f 34/34/34 28/28/28 211/211/211
f 39/39/39 36/36/36 31/31/31
f 37/37/37 32/32/32 221/221/221
f 42/42/42 412/412/412 419/419/419
f 43/43/43 416/416/416 420/420/420
f 49/49/49 220/220/220 223/223/223
f 48/48/48 38/38/38 219/219/219
f 44/44/44 423/423/423 441/441/441
f 45/45/45 442/442/442 228/228/228
f 56/56/56 225/225/225 460/460/460
f 54/54/54 47/47/47 224/224/224
f 53/53/53 229/229/229 466/466/466
f 52/52/52 46/46/46 232/232/232
f 58/58/58 459/459/459 233/233/233
f 57/57/57 55/55/55 464/464/464
f 50/50/50 468/468/468 483/483/483
f 61/61/61 51/51/51 480/480/480
f 62/62/62 235/235/235 396/396/396
f 60/60/60 479/479/479 240/240/240
f 63/63/63 59/59/59 238/238/238
f 65/65/65 239/239/239 485/485/485
f 40/40/40 395/395/395 401/401/401
f 41/41/41 403/403/403 411/411/411
f 64/64/64 486/486/486 242/242/242
f 68/68/68 66/66/66 245/245/245
f 75/75/75 301/301/301 309/309/309
f 77/77/77 74/74/74 302/302/302
f 80/80/80 311/311/311 247/247/247
f 78/78/78 76/76/76 312/312/312
f 84/84/84 67/67/67 246/246/246
f 89/89/89 248/248/248 338/338/338
f 87/87/87 79/79/79 249/249/249
f 86/86/86 243/243/243 351/351/351
f 90/90/90 85/85/85 353/353/353
f 98/98/98 88/88/88 332/332/332
f 92/92/92 349/349/349 252/252/252
f 96/96/96 335/335/335 361/361/361
f 95/95/95 91/91/91 253/253/253
f 81/81/81 97/97/97 360/360/360
f 93/93/93 255/255/255 261/261/261
f 82/82/82 366/366/366 381/381/381
f 99/99/99 94/94/94 258/258/258
f 109/109/109 380/380/380 266/266/266
f 110/110/110 83/83/83 378/378/378
f 103/103/103 100/100/100 257/257/257
f 101/101/101 259/259/259 269/269/269
f 105/105/105 102/102/102 270/270/270
f 108/108/108 265/265/265 125/125/125
f 112/112/112 107/107/107 124/124/124
f 106/106/106 273/273/273 282/282/282
f 69/69/69 104/104/104 285/285/285
f 71/71/71 280/280/280 292/292/292
f 73/73/73 294/294/294 297/297/297
f 72/72/72 70/70/70 293/293/293
f 275/275/275 271/271/271 376/376/376
f 278/278/278 375/375/375 162/162/162
f 272/272/272 262/262/262 369/369/369
f 284/284/284 274/274/274 276/276/276
f 290/290/290 279/279/279 161/161/161
f 286/286/286 281/281/281 277/277/277
f 296/296/296 283/283/283 289/289/289
f 298/298/298 295/295/295 287/287/287
f 305/305/305 288/288/288 160/160/160
f 156/156/156 308/308/308 159/159/159
f 306/306/306 300/300/300 291/291/291
f 310/310/310 299/299/299 303/303/303
f 315/315/315 304/304/304 150/150/150
f 317/317/317 314/314/314 307/307/307
f 318/318/318 153/153/153 326/326/326
f 250/250/250 313/313/313 316/316/316
f 323/323/323 152/152/152 190/190/190
f 334/334/334 319/319/319 322/322/322
f 336/336/336 251/251/251 320/320/320
f 346/346/346 330/330/330 172/172/172
f 333/333/333 325/325/325 344/344/344
f 347/347/347 168/168/168 342/342/342
f 348/348/348 241/241/241 331/331/331
f 354/354/354 352/352/352 341/341/341
f 355/355/355 339/339/339 374/374/374
f 365/365/365 324/324/324 186/186/186
f 363/363/363 343/343/343 321/321/321
f 362/362/362 337/337/337 345/345/345
f 256/256/256 350/350/350 357/357/357
f 367/367/367 356/356/356 377/377/377
f 383/383/383 364/364/364 188/188/188
f 384/384/384 189/189/189 133/133/133
f 263/263/263 254/254/254 359/359/359
f 389/389/389 382/382/382 134/134/134
f 260/260/260 358/358/358 368/368/368
f 268/268/268 370/370/370 372/372/372
f 264/264/264 379/379/379 387/387/387
f 126/126/126 267/267/267 390/390/390
f 135/135/135 171/171/171 329/329/329
f 490/490/490 328/328/328 244/244/244
f 489/489/489 143/143/143 327/327/327
f 393/393/393 236/236/236 471/471/471
f 391/391/391 400/400/400 202/202/202
f 405/405/405 394/394/394 198/198/198
f 407/407/407 402/402/402 197/197/197
f 408/408/408 199/199/199 208/208/208
f 413/413/413 404/404/404 410/410/410
f 417/417/417 414/414/414 409/409/409
f 418/418/418 406/406/406 207/207/207
f 424/424/424 415/415/415 206/206/206
f 425/425/425 210/210/210 178/178/178
f 428/428/428 422/422/422 209/209/209
f 437/437/437 421/421/421 427/427/427
f 436/436/436 212/212/212 184/184/184
f 440/440/440 426/426/426 429/429/429
f 448/448/448 431/431/431 173/173/173
f 226/226/226 217/217/217 216/216/216
f 222/222/222 215/215/215 435/435/435
f 451/451/451 434/434/434 179/179/179
f 439/439/439 430/430/430 447/447/447
f 231/231/231 438/438/438 444/444/444
f 458/458/458 175/175/175 146/146/146
f 443/443/443 176/176/176 457/457/457
f 450/450/450 185/185/185 193/193/193
f 462/462/462 227/227/227 432/432/432
f 463/463/463 433/433/433 452/452/452
f 470/470/470 230/230/230 446/446/446
f 467/467/467 445/445/445 456/456/456
f 474/474/474 453/453/453 192/192/192
f 461/461/461 449/449/449 472/472/472
f 478/478/478 455/455/455 147/147/147
f 484/484/484 469/469/469 454/454/454
f 234/234/234 465/465/465 473/473/473
f 140/140/140 481/481/481 148/148/148
f 398/398/398 194/194/194 200/200/200
f 487/487/487 482/482/482 144/144/144
f 237/237/237 477/477/477 488/488/488
f 397/397/397 475/475/475 195/195/195
f 392/392/392 476/476/476 399/399/399
f 517/517/517 506/506/506 513/513/513
f 515/515/515 507/507/507 491/491/491
f 512/512/512 492/492/492 500/500/500
f 501/501/501 524/524/524 493/493/493
f 604/604/604 602/602/602 612/612/612
f 605/605/605 604/604/604 612/612/612
f 606/606/606 605/605/605 612/612/612
f 607/607/607 606/606/606 612/612/612
f 608/608/608 607/607/607 612/612/612
f 609/609/609 608/608/608 612/612/612
f 610/610/610 609/609/609 612/612/612
f 495/495/495 616/616/616 514/514/514
f 494/494/494 610/610/610 612/612/612
f 497/497/497 496/496/496 508/508/508
f 499/499/499 498/498/498 511/511/511
f 600/600/600 617/617/617 603/603/603
f 873/873/873 618/618/618 520/520/520
f 870/870/870 518/518/518 510/510/510
f 611/611/611 872/872/872 509/509/509
f 645/645/645 646/646/646 652/652/652
f 619/619/619 653/653/653 519/519/519
f 662/662/662 634/634/634 635/635/635
f 516/516/516 660/660/660 503/503/503
f 679/679/679 643/643/643 622/622/622
f 502/502/502 661/661/661 624/624/624
f 669/669/669 504/504/504 633/633/633
f 684/684/684 671/671/671 630/630/630
f 688/688/688 685/685/685 626/626/626
f 690/690/690 625/625/625 698/698/698
f 623/623/623 639/639/639 659/659/659
f 651/651/651 856/856/856 656/656/656
f 861/861/861 826/826/826 657/657/657
f 699/699/699 632/632/632 667/667/667
f 522/522/522 505/505/505 672/672/672
f 521/521/521 668/668/668 702/702/702
f 527/527/527 701/701/701 710/710/710
f 528/528/528 523/523/523 704/704/704
f 531/531/531 529/529/529 526/526/526
f 532/532/532 525/525/525 709/709/709
f 539/539/539 897/897/897 904/904/904
f 542/542/542 907/907/907 909/909/909
f 543/543/543 541/541/541 902/902/902
f 546/546/546 707/707/707 712/712/712
f 547/547/547 530/530/530 708/708/708
f 544/544/544 912/912/912 930/930/930
f 545/545/545 928/928/928 720/720/720
f 553/553/553 716/716/716 949/949/949
f 551/551/551 548/548/548 715/715/715
f 550/550/550 717/717/717 958/958/958
f 556/556/556 953/953/953 721/721/721
f 555/555/555 552/552/552 950/950/950
f 549/549/549 957/957/957 971/971/971
f 560/560/560 554/554/554 723/723/723
f 558/558/558 725/725/725 880/880/880
f 557/557/557 969/969/969 728/728/728
f 533/533/533 559/559/559 879/879/879
f 562/562/562 726/726/726 972/972/972
f 534/534/534 881/881/881 890/890/890
f 536/536/536 535/535/535 891/891/891
f 537/537/537 889/889/889 901/901/901
f 540/540/540 538/538/538 900/900/900
f 561/561/561 973/973/973 731/731/731
f 564/564/564 563/563/563 729/729/729
f 571/571/571 785/785/785 798/798/798
f 572/572/572 799/799/799 737/737/737
f 577/577/577 565/565/565 732/732/732
f 580/580/580 739/739/739 821/821/821
f 579/579/579 573/573/573 736/736/736
f 578/578/578 733/733/733 834/834/834
f 583/583/583 576/576/576 835/835/835
f 582/582/582 831/831/831 742/742/742
f 587/587/587 820/820/820 847/847/847
f 585/585/585 581/581/581 744/744/744
f 584/584/584 743/743/743 748/748/748
f 575/575/575 848/848/848 863/863/863
f 588/588/588 586/586/586 747/747/747
f 597/597/597 862/862/862 755/755/755
f 598/598/598 574/574/574 867/867/867
f 590/590/590 589/589/589 749/749/749
f 591/591/591 745/745/745 756/756/756
f 593/593/593 592/592/592 757/757/757
f 599/599/599 752/752/752 613/613/613
f 601/601/601 596/596/596 614/614/614
f 594/594/594 758/758/758 773/773/773
f 568/568/568 595/595/595 772/772/772
f 567/567/567 768/768/768 784/784/784
f 569/569/569 782/782/782 787/787/787
f 570/570/570 566/566/566 781/781/781
f 766/766/766 762/762/762 858/858/858
f 763/763/763 860/860/860 649/649/649
f 759/759/759 746/746/746 852/852/852
f 770/770/770 761/761/761 767/767/767
f 775/775/775 764/764/764 650/650/650
f 776/776/776 771/771/771 765/765/765
f 783/783/783 769/769/769 778/778/778
f 788/788/788 780/780/780 777/777/777
f 795/795/795 774/774/774 647/647/647
f 644/644/644 790/790/790 648/648/648
f 791/791/791 786/786/786 779/779/779
f 800/800/800 789/789/789 794/794/794
f 801/801/801 792/792/792 641/641/641
f 803/803/803 797/797/797 793/793/793
f 805/805/805 640/640/640 807/807/807
f 735/735/735 796/796/796 806/806/806
f 810/810/810 642/642/642 677/677/677
f 823/823/823 802/802/802 809/809/809
f 822/822/822 738/738/738 804/804/804
f 838/838/838 817/817/817 654/654/654
f 819/819/819 812/812/812 830/830/830
f 837/837/837 655/655/655 827/827/827
f 836/836/836 734/734/734 816/816/816
f 843/843/843 833/833/833 825/825/825
f 839/839/839 824/824/824 859/859/859
f 845/845/845 808/808/808 678/678/678
f 850/850/850 829/829/829 811/811/811
f 849/849/849 818/818/818 828/828/828
f 741/741/741 832/832/832 840/840/840
f 851/851/851 841/841/841 857/857/857
f 866/866/866 846/846/846 676/676/676
f 865/865/865 675/675/675 621/621/621
f 750/750/750 740/740/740 842/842/842
f 871/871/871 864/864/864 620/620/620
f 751/751/751 844/844/844 854/854/854
f 760/760/760 853/853/853 855/855/855
f 753/753/753 868/868/868 869/869/869
f 615/615/615 754/754/754 874/874/874
f 627/627/627 658/658/658 813/813/813
f 974/974/974 815/815/815 730/730/730
f 975/975/975 631/631/631 814/814/814
f 876/876/876 722/722/722 960/960/960
f 877/877/877 883/883/883 687/687/687
f 887/887/887 875/875/875 686/686/686
f 894/894/894 888/888/888 692/692/692
f 892/892/892 689/689/689 696/696/696
f 898/898/898 886/886/886 895/895/895
f 906/906/906 899/899/899 893/893/893
f 903/903/903 896/896/896 693/693/693
f 910/910/910 905/905/905 697/697/697
f 913/913/913 695/695/695 663/663/663
f 916/916/916 911/911/911 694/694/694
f 929/929/929 908/908/908 914/914/914
f 924/924/924 703/703/703 670/670/670
f 927/927/927 915/915/915 918/918/918
f 935/935/935 919/919/919 665/665/665
f 714/714/714 706/706/706 700/700/700
f 713/713/713 705/705/705 921/921/921
f 938/938/938 920/920/920 673/673/673
f 925/925/925 917/917/917 932/932/932
f 719/719/719 926/926/926 933/933/933
f 943/943/943 664/664/664 638/638/638
f 936/936/936 666/666/666 945/945/945
f 937/937/937 674/674/674 681/681/681
f 948/948/948 711/711/711 922/922/922
f 951/951/951 923/923/923 940/940/940
f 956/956/956 718/718/718 934/934/934
f 955/955/955 931/931/931 946/946/946
f 962/962/962 939/939/939 680/680/680
f 947/947/947 941/941/941 963/963/963
f 970/970/970 944/944/944 636/636/636
f 968/968/968 954/954/954 942/942/942
f 724/724/724 952/952/952 961/961/961
f 629/629/629 967/967/967 637/637/637
f 882/882/882 683/683/683 691/691/691
f 976/976/976 966/966/966 628/628/628
f 727/727/727 965/965/965 977/977/977
f 885/885/885 964/964/964 682/682/682
f 878/878/878 959/959/959 884/884/884
f 1008/1008/1008 992/992/992 1002/1002/1002
f 1001/1001/1001 996/996/996 980/980/980
f 997/997/997 979/979/979 988/988/988
f 1013/1013/1013 1018/1018/1018 995/995/995
f 1017/1017/1017 1022/1022/1022 981/981/981
f 993/993/993 1020/1020/1020 978/978/978
f 1107/1107/1107 1106/1106/1106 1120/1120/1120
f 1108/1108/1108 1107/1107/1107 1120/1120/1120
f 1109/1109/1109 1108/1108/1108 1120/1120/1120
f 1110/1110/1110 1109/1109/1109 1120/1120/1120
f 1112/1112/1112 1111/1111/1111 1120/1120/1120
f 983/983/983 1118/1118/1118 1004/1004/1004
f 982/982/982 1113/1113/1113 1120/1120/1120
f 986/986/986 984/984/984 999/999/999
f 987/987/987 985/985/985 998/998/998
f 1103/1103/1103 1116/1116/1116 1105/1105/1105
f 1375/1375/1375 1123/1123/1123 1007/1007/1007
f 1378/1378/1378 1009/1009/1009 1003/1003/1003
f 1117/1117/1117 1373/1373/1373 1000/1000/1000
f 1148/1148/1148 1154/1154/1154 1162/1162/1162
f 1122/1122/1122 1156/1156/1156 1006/1006/1006
f 1165/1165/1165 1130/1130/1130 1138/1138/1138
f 1005/1005/1005 1160/1160/1160 994/994/994
f 1181/1181/1181 1146/1146/1146 1125/1125/1125
f 989/989/989 1155/1155/1155 1129/1129/1129
f 1173/1173/1173 990/990/990 1128/1128/1128
f 1186/1186/1186 1172/1172/1172 1133/1133/1133
f 1191/1191/1191 1187/1187/1187 1132/1132/1132
f 1193/1193/1193 1131/1131/1131 1202/1202/1202
f 1124/1124/1124 1147/1147/1147 1159/1159/1159
f 1153/1153/1153 1365/1365/1365 1163/1163/1163
f 1362/1362/1362 1329/1329/1329 1164/1164/1164
f 1198/1198/1198 1136/1136/1136 1169/1169/1169
f 1010/1010/1010 991/991/991 1174/1174/1174
f 1012/1012/1012 1175/1175/1175 1204/1204/1204
f 1016/1016/1016 1208/1208/1208 1212/1212/1212
f 1014/1014/1014 1011/1011/1011 1206/1206/1206
f 1023/1023/1023 1021/1021/1021 1015/1015/1015
f 1024/1024/1024 1019/1019/1019 1211/1211/1211
f 1033/1033/1033 1404/1404/1404 1410/1410/1410
f 1035/1035/1035 1407/1407/1407 1414/1414/1414
f 1036/1036/1036 1034/1034/1034 1406/1406/1406
f 1042/1042/1042 1209/1209/1209 1219/1219/1219
f 1040/1040/1040 1025/1025/1025 1210/1210/1210
f 1037/1037/1037 1415/1415/1415 1430/1430/1430
f 1039/1039/1039 1434/1434/1434 1224/1224/1224
f 1048/1048/1048 1216/1216/1216 1457/1457/1457
f 1047/1047/1047 1041/1041/1041 1214/1214/1214
f 1046/1046/1046 1223/1223/1223 1462/1462/1462
f 1043/1043/1043 1038/1038/1038 1221/1221/1221
f 1051/1051/1051 1451/1451/1451 1229/1229/1229
f 1052/1052/1052 1049/1049/1049 1452/1452/1452
f 1045/1045/1045 1458/1458/1458 1472/1472/1472
f 1058/1058/1058 1050/1050/1050 1226/1226/1226
f 1054/1054/1054 1044/1044/1044 1475/1475/1475
f 1056/1056/1056 1228/1228/1228 1383/1383/1383
f 1053/1053/1053 1471/1471/1471 1232/1232/1232
f 1061/1061/1061 1055/1055/1055 1231/1231/1231
f 1028/1028/1028 1057/1057/1057 1381/1381/1381
f 1060/1060/1060 1233/1233/1233 1482/1482/1482
f 1027/1027/1027 1385/1385/1385 1395/1395/1395
f 1030/1030/1030 1026/1026/1026 1390/1390/1390
f 1031/1031/1031 1392/1392/1392 1402/1402/1402
f 1032/1032/1032 1029/1029/1029 1401/1401/1401
f 1059/1059/1059 1481/1481/1481 1238/1238/1238
f 1063/1063/1063 1062/1062/1062 1237/1237/1237
f 1071/1071/1071 1289/1289/1289 1305/1305/1305
f 1070/1070/1070 1068/1068/1068 1288/1288/1288
f 1073/1073/1073 1301/1301/1301 1241/1241/1241
f 1074/1074/1074 1069/1069/1069 1302/1302/1302
f 1079/1079/1079 1064/1064/1064 1239/1239/1239
f 1082/1082/1082 1243/1243/1243 1322/1322/1322
f 1081/1081/1081 1072/1072/1072 1240/1240/1240
f 1080/1080/1080 1235/1235/1235 1340/1340/1340
f 1084/1084/1084 1078/1078/1078 1335/1335/1335
f 1092/1092/1092 1083/1083/1083 1327/1327/1327
f 1086/1086/1086 1341/1341/1341 1249/1249/1249
f 1091/1091/1091 1326/1326/1326 1352/1352/1352
f 1088/1088/1088 1085/1085/1085 1245/1245/1245
f 1076/1076/1076 1090/1090/1090 1354/1354/1354
f 1087/1087/1087 1248/1248/1248 1254/1254/1254
f 1075/1075/1075 1350/1350/1350 1367/1367/1367
f 1093/1093/1093 1089/1089/1089 1251/1251/1251
f 1099/1099/1099 1371/1371/1371 1256/1256/1256
f 1100/1100/1100 1077/1077/1077 1366/1366/1366
f 1094/1094/1094 1255/1255/1255 1263/1263/1263
f 1097/1097/1097 1095/1095/1095 1260/1260/1260
f 1102/1102/1102 1258/1258/1258 1119/1119/1119
f 1104/1104/1104 1101/1101/1101 1114/1114/1114
f 1098/1098/1098 1261/1261/1261 1275/1275/1275
f 1065/1065/1065 1096/1096/1096 1276/1276/1276
f 1066/1066/1066 1277/1277/1277 1287/1287/1287
f 1067/1067/1067 1284/1284/1284 1293/1293/1293
f 1271/1271/1271 1262/1262/1262 1363/1363/1363
f 1268/1268/1268 1364/1364/1364 1149/1149/1149
f 1266/1266/1266 1250/1250/1250 1356/1356/1356
f 1272/1272/1272 1264/1264/1264 1269/1269/1269
f 1280/1280/1280 1270/1270/1270 1151/1151/1151
f 1281/1281/1281 1274/1274/1274 1267/1267/1267
f 1285/1285/1285 1273/1273/1273 1279/1279/1279
f 1292/1292/1292 1286/1286/1286 1282/1282/1282
f 1298/1298/1298 1278/1278/1278 1150/1150/1150
f 1144/1144/1144 1296/1296/1296 1152/1152/1152
f 1297/1297/1297 1291/1291/1291 1283/1283/1283
f 1303/1303/1303 1290/1290/1290 1294/1294/1294
f 1310/1310/1310 1299/1299/1299 1142/1142/1142
f 1309/1309/1309 1304/1304/1304 1295/1295/1295
f 1307/1307/1307 1145/1145/1145 1315/1315/1315
f 1242/1242/1242 1300/1300/1300 1306/1306/1306
f 1314/1314/1314 1143/1143/1143 1182/1182/1182
f 1324/1324/1324 1311/1311/1311 1313/1313/1313
f 1323/1323/1323 1244/1244/1244 1308/1308/1308
f 1337/1337/1337 1320/1320/1320 1157/1157/1157
f 1328/1328/1328 1312/1312/1312 1333/1333/1333
f 1338/1338/1338 1158/1158/1158 1330/1330/1330
f 1336/1336/1336 1236/1236/1236 1321/1321/1321
f 1344/1344/1344 1339/1339/1339 1332/1332/1332
f 1345/1345/1345 1331/1331/1331 1359/1359/1359
f 1351/1351/1351 1316/1316/1316 1179/1179/1179
f 1353/1353/1353 1325/1325/1325 1334/1334/1334
f 1246/1246/1246 1342/1342/1342 1348/1348/1348
f 1358/1358/1358 1347/1347/1347 1360/1360/1360
f 1372/1372/1372 1349/1349/1349 1178/1178/1178
f 1370/1370/1370 1180/1180/1180 1126/1126/1126
f 1252/1252/1252 1247/1247/1247 1346/1346/1346
f 1374/1374/1374 1369/1369/1369 1121/1121/1121
f 1253/1253/1253 1343/1343/1343 1357/1357/1357
f 1265/1265/1265 1355/1355/1355 1361/1361/1361
f 1259/1259/1259 1368/1368/1368 1377/1377/1377
f 1115/1115/1115 1257/1257/1257 1376/1376/1376
f 1135/1135/1135 1161/1161/1161 1318/1318/1318
f 1477/1477/1477 1319/1319/1319 1234/1234/1234
f 1479/1479/1479 1134/1134/1134 1317/1317/1317
f 1382/1382/1382 1225/1225/1225 1466/1466/1466
f 1379/1379/1379 1388/1388/1388 1189/1189/1189
f 1393/1393/1393 1380/1380/1380 1194/1194/1194
f 1399/1399/1399 1391/1391/1391 1190/1190/1190
f 1400/1400/1400 1192/1192/1192 1197/1197/1197
f 1403/1403/1403 1394/1394/1394 1396/1396/1396
f 1411/1411/1411 1405/1405/1405 1397/1397/1397
f 1409/1409/1409 1398/1398/1398 1199/1199/1199
f 1416/1416/1416 1408/1408/1408 1201/1201/1201
f 1419/1419/1419 1200/1200/1200 1170/1170/1170
f 1417/1417/1417 1413/1413/1413 1196/1196/1196
f 1433/1433/1433 1412/1412/1412 1420/1420/1420
f 1428/1428/1428 1207/1207/1207 1171/1171/1171
f 1432/1432/1432 1418/1418/1418 1421/1421/1421
f 1440/1440/1440 1423/1423/1423 1168/1168/1168
f 1215/1215/1215 1213/1213/1213 1205/1205/1205
f 1217/1217/1217 1203/1203/1203 1426/1426/1426
f 1444/1444/1444 1425/1425/1425 1177/1177/1177
f 1429/1429/1429 1422/1422/1422 1438/1438/1438
f 1222/1222/1222 1431/1431/1431 1435/1435/1435
f 1448/1448/1448 1167/1167/1167 1139/1139/1139
f 1439/1439/1439 1166/1166/1166 1446/1446/1446
f 1443/1443/1443 1176/1176/1176 1185/1185/1185
f 1455/1455/1455 1218/1218/1218 1427/1427/1427
f 1456/1456/1456 1424/1424/1424 1442/1442/1442
f 1461/1461/1461 1220/1220/1220 1436/1436/1436
f 1459/1459/1459 1437/1437/1437 1449/1449/1449
f 1464/1464/1464 1445/1445/1445 1188/1188/1188
f 1454/1454/1454 1441/1441/1441 1463/1463/1463
f 1476/1476/1476 1450/1450/1450 1140/1140/1140
f 1470/1470/1470 1460/1460/1460 1447/1447/1447
f 1227/1227/1227 1453/1453/1453 1465/1465/1465
f 1137/1137/1137 1474/1474/1474 1141/1141/1141
f 1386/1386/1386 1184/1184/1184 1195/1195/1195
f 1480/1480/1480 1473/1473/1473 1127/1127/1127
f 1230/1230/1230 1469/1469/1469 1478/1478/1478
f 1389/1389/1389 1468/1468/1468 1183/1183/1183
f 1384/1384/1384 1467/1467/1467 1387/1387/1387
f 1498/1498/1498 1493/1493/1493 1484/1484/1484
f 1508/1508/1508 1515/1515/1515 1495/1495/1495
f 1496/1496/1496 1512/1512/1512 1483/1483/1483
f 1599/1599/1599 1597/1597/1597 1609/1609/1609
f 1600/1600/1600 1599/1599/1599 1609/1609/1609
f 1601/1601/1601 1600/1600/1600 1609/1609/1609
f 1602/1602/1602 1601/1601/1601 1609/1609/1609
f 1603/1603/1603 1602/1602/1602 1609/1609/1609
f 1604/1604/1604 1603/1603/1603 1609/1609/1609
f 1605/1605/1605 1604/1604/1604 1609/1609/1609
f 1485/1485/1485 1608/1608/1608 1502/1502/1502
f 1486/1486/1486 1605/1605/1605 1609/1609/1609
f 1488/1488/1488 1487/1487/1487 1501/1501/1501
f 1490/1490/1490 1489/1489/1489 1500/1500/1500
f 1595/1595/1595 1606/1606/1606 1598/1598/1598
f 1868/1868/1868 1618/1618/1618 1506/1506/1506
f 1865/1865/1865 1505/1505/1505 1503/1503/1503
f 1610/1610/1610 1869/1869/1869 1499/1499/1499
f 1638/1638/1638 1646/1646/1646 1656/1656/1656
f 1617/1617/1617 1655/1655/1655 1507/1507/1507
f 1662/1662/1662 1622/1622/1622 1630/1630/1630
f 1504/1504/1504 1647/1647/1647 1494/1494/1494
f 1672/1672/1672 1634/1634/1634 1615/1615/1615
f 1492/1492/1492 1649/1649/1649 1626/1626/1626
f 1666/1666/1666 1491/1491/1491 1624/1624/1624
f 1677/1677/1677 1669/1669/1669 1627/1627/1627
f 1686/1686/1686 1676/1676/1676 1628/1628/1628
f 1687/1687/1687 1621/1621/1621 1694/1694/1694
f 1613/1613/1613 1636/1636/1636 1653/1653/1653
f 1645/1645/1645 1850/1850/1850 1652/1652/1652
f 1851/1851/1851 1824/1824/1824 1651/1651/1651
f 1691/1691/1691 1620/1620/1620 1661/1661/1661
f 1511/1511/1511 1497/1497/1497 1668/1668/1668
f 1510/1510/1510 1663/1663/1663 1695/1695/1695
f 1514/1514/1514 1699/1699/1699 1704/1704/1704
f 1517/1517/1517 1509/1509/1509 1698/1698/1698
f 1520/1520/1520 1518/1518/1518 1513/1513/1513
f 1521/1521/1521 1516/1516/1516 1702/1702/1702
f 1526/1526/1526 1894/1894/1894 1895/1895/1895
f 1528/1528/1528 1896/1896/1896 1902/1902/1902
f 1530/1530/1530 1525/1525/1525 1897/1897/1897
f 1531/1531/1531 1529/1529/1529 1903/1903/1903
f 1538/1538/1538 1703/1703/1703 1706/1706/1706
f 1537/1537/1537 1519/1519/1519 1705/1705/1705
f 1533/1533/1533 1905/1905/1905 1921/1921/1921
f 1535/1535/1535 1532/1532/1532 1920/1920/1920
f 1534/1534/1534 1919/1919/1919 1716/1716/1716
f 1544/1544/1544 1708/1708/1708 1942/1942/1942
f 1545/1545/1545 1539/1539/1539 1709/1709/1709
f 1540/1540/1540 1714/1714/1714 1952/1952/1952
f 1541/1541/1541 1536/1536/1536 1713/1713/1713
f 1546/1546/1546 1944/1944/1944 1717/1717/1717
f 1542/1542/1542 1949/1949/1949 1966/1966/1966
f 1547/1547/1547 1543/1543/1543 1965/1965/1965
f 1550/1550/1550 1718/1718/1718 1875/1875/1875
f 1549/1549/1549 1959/1959/1959 1723/1723/1723
f 1553/1553/1553 1548/1548/1548 1724/1724/1724
f 1554/1554/1554 1721/1721/1721 1970/1970/1970
f 1522/1522/1522 1871/1871/1871 1881/1881/1881
f 1523/1523/1523 1882/1882/1882 1890/1890/1890
f 1527/1527/1527 1524/1524/1524 1891/1891/1891
f 1551/1551/1551 1972/1972/1972 1728/1728/1728
f 1555/1555/1555 1552/1552/1552 1729/1729/1729
f 1563/1563/1563 1781/1781/1781 1797/1797/1797
f 1562/1562/1562 1559/1559/1559 1780/1780/1780
f 1566/1566/1566 1792/1792/1792 1733/1733/1733
f 1567/1567/1567 1564/1564/1564 1794/1794/1794
f 1574/1574/1574 1731/1731/1731 1814/1814/1814
f 1572/1572/1572 1565/1565/1565 1732/1732/1732
f 1571/1571/1571 1726/1726/1726 1829/1829/1829
f 1581/1581/1581 1573/1573/1573 1818/1818/1818
f 1576/1576/1576 1827/1827/1827 1735/1735/1735
f 1582/1582/1582 1815/1815/1815 1841/1841/1841
f 1578/1578/1578 1575/1575/1575 1736/1736/1736
f 1569/1569/1569 1580/1580/1580 1840/1840/1840
f 1579/1579/1579 1737/1737/1737 1740/1740/1740
f 1570/1570/1570 1843/1843/1843 1863/1863/1863
f 1584/1584/1584 1577/1577/1577 1741/1741/1741
f 1593/1593/1593 1859/1859/1859 1748/1748/1748
f 1594/1594/1594 1568/1568/1568 1861/1861/1861
f 1586/1586/1586 1583/1583/1583 1743/1743/1743
f 1585/1585/1585 1742/1742/1742 1754/1754/1754
f 1589/1589/1589 1587/1587/1587 1751/1751/1751
f 1591/1591/1591 1750/1750/1750 1611/1611/1611
f 1596/1596/1596 1592/1592/1592 1607/1607/1607
f 1588/1588/1588 1752/1752/1752 1768/1768/1768
f 1558/1558/1558 1590/1590/1590 1766/1766/1766
f 1556/1556/1556 1767/1767/1767 1775/1775/1775
f 1561/1561/1561 1777/1777/1777 1785/1785/1785
f 1560/1560/1560 1557/1557/1557 1776/1776/1776
f 1758/1758/1758 1757/1757/1757 1854/1854/1854
f 1760/1760/1760 1856/1856/1856 1644/1644/1644
f 1755/1755/1755 1746/1746/1746 1846/1846/1846
f 1765/1765/1765 1756/1756/1756 1762/1762/1762
f 1773/1773/1773 1761/1761/1761 1643/1643/1643
f 1774/1774/1774 1764/1764/1764 1759/1759/1759
f 1778/1778/1778 1763/1763/1763 1772/1772/1772
f 1784/1784/1784 1779/1779/1779 1771/1771/1771
f 1786/1786/1786 1770/1770/1770 1641/1641/1641
f 1637/1637/1637 1789/1789/1789 1642/1642/1642
f 1787/1787/1787 1782/1782/1782 1769/1769/1769
f 1796/1796/1796 1783/1783/1783 1790/1790/1790
f 1802/1802/1802 1788/1788/1788 1640/1640/1640
f 1799/1799/1799 1795/1795/1795 1791/1791/1791
f 1798/1798/1798 1639/1639/1639 1807/1807/1807
f 1730/1730/1730 1793/1793/1793 1801/1801/1801
f 1806/1806/1806 1635/1635/1635 1673/1673/1673
f 1819/1819/1819 1803/1803/1803 1805/1805/1805
f 1817/1817/1817 1734/1734/1734 1800/1800/1800
f 1833/1833/1833 1809/1809/1809 1648/1648/1648
f 1820/1820/1820 1804/1804/1804 1825/1825/1825
f 1828/1828/1828 1654/1654/1654 1821/1821/1821
f 1831/1831/1831 1727/1727/1727 1811/1811/1811
f 1838/1838/1838 1830/1830/1830 1822/1822/1822
f 1839/1839/1839 1823/1823/1823 1855/1855/1855
f 1844/1844/1844 1808/1808/1808 1674/1674/1674
f 1842/1842/1842 1816/1816/1816 1826/1826/1826
f 1738/1738/1738 1832/1832/1832 1835/1835/1835
f 1847/1847/1847 1837/1837/1837 1852/1852/1852
f 1857/1857/1857 1845/1845/1845 1671/1671/1671
f 1858/1858/1858 1670/1670/1670 1616/1616/1616
f 1744/1744/1744 1739/1739/1739 1834/1834/1834
f 1864/1864/1864 1860/1860/1860 1614/1614/1614
f 1745/1745/1745 1836/1836/1836 1848/1848/1848
f 1753/1753/1753 1849/1849/1849 1853/1853/1853
f 1749/1749/1749 1862/1862/1862 1866/1866/1866
f 1612/1612/1612 1747/1747/1747 1867/1867/1867
f 1625/1625/1625 1650/1650/1650 1813/1813/1813
f 1968/1968/1968 1810/1810/1810 1725/1725/1725
f 1967/1967/1967 1629/1629/1629 1812/1812/1812
f 1872/1872/1872 1719/1719/1719 1954/1954/1954
f 1873/1873/1873 1877/1877/1877 1684/1684/1684
f 1880/1880/1880 1874/1874/1874 1685/1685/1685
f 1887/1887/1887 1884/1884/1884 1682/1682/1682
f 1889/1889/1889 1683/1683/1683 1693/1693/1693
f 1893/1893/1893 1883/1883/1883 1888/1888/1888
f 1899/1899/1899 1892/1892/1892 1885/1885/1885
f 1900/1900/1900 1886/1886/1886 1688/1688/1688
f 1906/1906/1906 1898/1898/1898 1692/1692/1692
f 1910/1910/1910 1690/1690/1690 1657/1657/1657
f 1909/1909/1909 1904/1904/1904 1689/1689/1689
f 1923/1923/1923 1901/1901/1901 1908/1908/1908
f 1914/1914/1914 1700/1700/1700 1664/1664/1664
f 1922/1922/1922 1907/1907/1907 1912/1912/1912
f 1929/1929/1929 1913/1913/1913 1658/1658/1658
f 1710/1710/1710 1701/1701/1701 1697/1697/1697
f 1711/1711/1711 1696/1696/1696 1916/1916/1916
f 1934/1934/1934 1915/1915/1915 1667/1667/1667
f 1925/1925/1925 1911/1911/1911 1930/1930/1930
f 1712/1712/1712 1924/1924/1924 1926/1926/1926
f 1939/1939/1939 1659/1659/1659 1633/1633/1633
f 1927/1927/1927 1660/1660/1660 1938/1938/1938
f 1936/1936/1936 1665/1665/1665 1678/1678/1678
f 1946/1946/1946 1707/1707/1707 1918/1918/1918
f 1947/1947/1947 1917/1917/1917 1935/1935/1935
f 1951/1951/1951 1715/1715/1715 1931/1931/1931
f 1950/1950/1950 1928/1928/1928 1941/1941/1941
f 1955/1955/1955 1933/1933/1933 1675/1675/1675
f 1943/1943/1943 1932/1932/1932 1956/1956/1956
f 1962/1962/1962 1940/1940/1940 1632/1632/1632
f 1961/1961/1961 1948/1948/1948 1937/1937/1937
f 1720/1720/1720 1945/1945/1945 1953/1953/1953
f 1619/1619/1619 1964/1964/1964 1631/1631/1631
f 1879/1879/1879 1680/1680/1680 1681/1681/1681
f 1971/1971/1971 1960/1960/1960 1623/1623/1623
f 1722/1722/1722 1963/1963/1963 1969/1969/1969
f 1876/1876/1876 1957/1957/1957 1679/1679/1679
f 1870/1870/1870 1958/1958/1958 1878/1878/1878
f 2002/2002/2002 2015/2015/2015 2005/2005/2005
f 2016/2016/2016 2015/2015/2015 2002/2002/2002
f 2007/2007/2007 2097/2097/2097 2015/2015/2015
f 2016/2016/2016 2007/2007/2007 2015/2015/2015
f 2023/2023/2023 2025/2025/2025 2028/2028/2028
f 2033/2033/2033 2023/2023/2023 2028/2028/2028
f 2023/2023/2023 2038/2038/2038 2025/2025/2025
f 2042/2042/2042 2038/2038/2038 2023/2023/2023
f 2047/2047/2047 2038/2038/2038 2042/2042/2042
f 2033/2033/2033 2028/2028/2028 2054/2054/2054
f 2047/2047/2047 2058/2058/2058 2038/2038/2038
f 2061/2061/2061 2033/2033/2033 2054/2054/2054
f 2047/2047/2047 2062/2062/2062 2058/2058/2058
f 2066/2066/2066 2061/2061/2061 2054/2054/2054
f 2066/2066/2066 2054/2054/2054 2071/2071/2071
f 2075/2075/2075 2062/2062/2062 2047/2047/2047
f 2080/2080/2080 2062/2062/2062 2075/2075/2075
f 2071/2071/2071 2082/2082/2082 2066/2066/2066
f 2080/2080/2080 2075/2075/2075 2087/2087/2087
f 2091/2091/2091 2082/2082/2082 2071/2071/2071
f 2080/2080/2080 2087/2087/2087 2097/2097/2097
f 2007/2007/2007 2080/2080/2080 2097/2097/2097
f 2091/2091/2091 2005/2005/2005 2082/2082/2082
f 2002/2002/2002 2005/2005/2005 2091/2091/2091
f 2017/2017/2017 2134/2134/2134 2108/2108/2108
f 2078/2078/2078 2140/2140/2140 2114/2114/2114
f 2008/2008/2008 2018/2018/2018 2109/2109/2109
f 2092/2092/2092 2288/2288/2288 2119/2119/2119
f 2065/2065/2065 2079/2079/2079 2113/2113/2113
f 2010/2010/2010 2110/2110/2110 2124/2124/2124
f 2001/2001/2001 2093/2093/2093 2118/2118/2118
f 2063/2063/2063 2112/2112/2112 2132/2132/2132
f 2000/2000/2000 2120/2120/2120 2137/2137/2137
f 2011/2011/2011 2125/2125/2125 2141/2141/2141
f 2019/2019/2019 2003/2003/2003 2138/2138/2138
f 2081/2081/2081 2009/2009/2009 2139/2139/2139
f 2056/2056/2056 2064/2064/2064 2131/2131/2131
f 2055/2055/2055 2128/2128/2128 2105/2105/2105
f 2037/2037/2037 2057/2057/2057 2104/2104/2104
f 2106/2106/2106 2136/2136/2136 2151/2151/2151
f 2115/2115/2115 2142/2142/2142 2146/2146/2146
f 2122/2122/2122 2284/2284/2284 2238/2238/2238
f 2127/2127/2127 2107/2107/2107 2154/2154/2154
f 2117/2117/2117 2236/2236/2236 2162/2162/2162
f 2123/2123/2123 2152/2152/2152 2169/2169/2169
f 2116/2116/2116 2147/2147/2147 2173/2173/2173
f 2129/2129/2129 2111/2111/2111 2172/2172/2172
f 2133/2133/2133 2121/2121/2121 2161/2161/2161
f 2144/2144/2144 2126/2126/2126 2166/2166/2166
f 2102/2102/2102 2130/2130/2130 2179/2179/2179
f 2101/2101/2101 2176/2176/2176 2185/2185/2185
f 2135/2135/2135 2158/2158/2158 2150/2150/2150
f 2143/2143/2143 2164/2164/2164 2145/2145/2145
f 2188/2188/2188 2195/2195/2195 2200/2200/2200
f 2187/2187/2187 2201/2201/2201 2206/2206/2206
f 2197/2197/2197 2181/2181/2181 2203/2203/2203
f 2213/2213/2213 2208/2208/2208 2217/2217/2217
f 2215/2215/2215 2220/2220/2220 2227/2227/2227
f 2177/2177/2177 2148/2148/2148 2223/2223/2223
f 2222/2222/2222 2149/2149/2149 2170/2170/2170
f 2233/2233/2233 2245/2245/2245 2240/2240/2240
f 2239/2239/2239 2244/2244/2244 2160/2160/2160
f 2157/2157/2157 2163/2163/2163 2153/2153/2153
f 2257/2257/2257 2256/2256/2256 2216/2216/2216
f 2267/2267/2267 2103/2103/2103 2186/2186/2186
f 2270/2270/2270 2246/2246/2246 2190/2190/2190
f 2264/2264/2264 2180/2180/2180 2192/2192/2192
f 2269/2269/2269 2189/2189/2189 2207/2207/2207
f 2258/2258/2258 2214/2214/2214 2228/2228/2228
f 2278/2278/2278 2262/2262/2262 2234/2234/2234
f 2283/2283/2283 2263/2263/2263 2193/2193/2193
f 2252/2252/2252 2268/2268/2268 2204/2204/2204
f 2285/2285/2285 2275/2275/2275 2232/2232/2232
f 2248/2248/2248 2280/2280/2280 2196/2196/2196
f 2286/2286/2286 2231/2231/2231 2237/2237/2237
f 2249/2249/2249 2194/2194/2194 2191/2191/2191
f 2255/2255/2255 2205/2205/2205 2212/2212/2212
f 2051/2051/2051 2254/2254/2254 2259/2259/2259
f 2031/2031/2031 2024/2024/2024 2250/2250/2250
f 2040/2040/2040 2100/2100/2100 2265/2265/2265
f 2073/2073/2073 2050/2050/2050 2260/2260/2260
f 2029/2029/2029 2251/2251/2251 2273/2273/2273
f 2072/2072/2072 2261/2261/2261 2276/2276/2276
f 2039/2039/2039 2266/2266/2266 2279/2279/2279
f 2027/2027/2027 2041/2041/2041 2282/2282/2282
f 2053/2053/2053 2271/2271/2271 2253/2253/2253
f 2052/2052/2052 2030/2030/2030 2272/2272/2272
f 2094/2094/2094 2070/2070/2070 2274/2274/2274
f 2095/2095/2095 2277/2277/2277 2287/2287/2287
f 2026/2026/2026 2281/2281/2281 2247/2247/2247
f 2297/2297/2297 2330/2330/2330 2165/2165/2165
f 2301/2301/2301 2351/2351/2351 2182/2182/2182
f 2300/2300/2300 2183/2183/2183 2175/2175/2175
f 2309/2309/2309 2296/2296/2296 2168/2168/2168
f 2311/2311/2311 2167/2167/2167 2155/2155/2155
f 2314/2314/2314 2302/2302/2302 2174/2174/2174
f 2320/2320/2320 2312/2312/2312 2156/2156/2156
f 2315/2315/2315 2178/2178/2178 2224/2224/2224
f 2328/2328/2328 2313/2313/2313 2225/2225/2225
f 2321/2321/2321 2159/2159/2159 2243/2243/2243
f 2293/2293/2293 2323/2323/2323 2241/2241/2241
f 2329/2329/2329 2226/2226/2226 2171/2171/2171
f 2294/2294/2294 2242/2242/2242 2230/2230/2230
f 2343/2343/2343 2335/2335/2335 2210/2210/2210
f 2341/2341/2341 2209/2209/2209 2202/2202/2202
f 2349/2349/2349 2289/2289/2289 2235/2235/2235
f 2348/2348/2348 2229/2229/2229 2218/2218/2218
f 2354/2354/2354 2339/2339/2339 2198/2198/2198
f 2333/2333/2333 2350/2350/2350 2221/2221/2221
f 2353/2353/2353 2199/2199/2199 2184/2184/2184
f 2332/2332/2332 2219/2219/2219 2211/2211/2211
f 2359/2359/2359 1990/1990/1990 2338/2338/2338
f 2357/2357/2357 2344/2344/2344 2352/2352/2352
f 1996/1996/1996 2366/2366/2366 2331/2331/2331
f 1974/1974/1974 2361/2361/2361 2356/2356/2356
f 2371/2371/2371 2387/2387/2387 2291/2291/2291
f 2378/2378/2378 1999/1999/1999 2337/2337/2337
f 2375/2375/2375 2334/2334/2334 2342/2342/2342
f 2369/2369/2369 2290/2290/2290 2346/2346/2346
f 1991/1991/1991 2376/2376/2376 2340/2340/2340
f 2363/2363/2363 2372/2372/2372 2345/2345/2345
f 2364/2364/2364 2347/2347/2347 2336/2336/2336
f 1984/1984/1984 2308/2308/2308 2322/2322/2322
f 2386/2386/2386 1985/1985/1985 2319/2319/2319
f 2392/2392/2392 1978/1978/1978 2306/2306/2306
f 1976/1976/1976 2355/2355/2355 2303/2303/2303
f 2390/2390/2390 2324/2324/2324 2292/2292/2292
f 1980/1980/1980 2380/2380/2380 2326/2326/2326
f 1979/1979/1979 2325/2325/2325 2298/2298/2298
f 2399/2399/2399 1981/1981/1981 2299/2299/2299
f 2403/2403/2403 2391/2391/2391 2304/2304/2304
f 2404/2404/2404 2305/2305/2305 2318/2318/2318
f 1986/1986/1986 2396/2396/2396 2310/2310/2310
f 2395/2395/2395 2295/2295/2295 2307/2307/2307
f 2382/2382/2382 2401/2401/2401 2316/2316/2316
f 2379/2379/2379 2317/2317/2317 2327/2327/2327
f 1994/1994/1994 2417/2417/2417 2410/2410/2410
f 2358/2358/2358 2412/2412/2412 1993/1993/1993
f 2374/2374/2374 1992/1992/1992 2411/2411/2411
f 2373/2373/2373 2408/2408/2408 2426/2426/2426
f 1977/1977/1977 2416/2416/2416 2360/2360/2360
f 1995/1995/1995 2377/2377/2377 2421/2421/2421
f 1975/1975/1975 2433/2433/2433 2413/2413/2413
f 2394/2394/2394 2431/2431/2431 1973/1973/1973
f 1998/1998/1998 2420/2420/2420 2439/2439/2439
f 2365/2365/2365 1997/1997/1997 2440/2440/2440
f 2405/2405/2405 2430/2430/2430 2393/2393/2393
f 2406/2406/2406 2446/2446/2446 2432/2432/2432
f 2370/2370/2370 2362/2362/2362 2438/2438/2438
f 2451/2451/2451 2368/2368/2368 2436/2436/2436
f 2443/2443/2443 2402/2402/2402 2384/2384/2384
f 2453/2453/2453 2444/2444/2444 2381/2381/2381
f 2452/2452/2452 2389/2389/2389 2367/2367/2367
f 2455/2455/2455 2383/2383/2383 1982/1982/1982
f 2461/2461/2461 2385/2385/2385 2448/2448/2448
f 2458/2458/2458 1983/1983/1983 2398/2398/2398
f 2467/2467/2467 2457/2457/2457 2400/2400/2400
f 2460/2460/2460 1988/1988/1988 2388/2388/2388
f 2472/2472/2472 2397/2397/2397 1989/1989/1989
f 2465/2465/2465 2468/2468/2468 1987/1987/1987
f 2481/2481/2481 2477/2477/2477 2414/2414/2414
f 2482/2482/2482 2418/2418/2418 2427/2427/2427
f 2487/2487/2487 2462/2462/2462 2449/2449/2449
f 2489/2489/2489 2506/2506/2506 2425/2425/2425
f 2493/2493/2493 2488/2488/2488 2450/2450/2450
f 2505/2505/2505 2422/2422/2422 2407/2407/2407
f 2502/2502/2502 2491/2491/2491 2423/2423/2423
f 2497/2497/2497 2447/2447/2447 2435/2435/2435
f 2510/2510/2510 2494/2494/2494 2437/2437/2437
f 2503/2503/2503 2409/2409/2409 2419/2419/2419
f 2476/2476/2476 2504/2504/2504 2415/2415/2415
f 2511/2511/2511 2434/2434/2434 2424/2424/2424
f 2525/2525/2525 2521/2521/2521 2459/2459/2459
f 2484/2484/2484 2513/2513/2513 2466/2466/2466
f 2526/2526/2526 2456/2456/2456 2471/2471/2471
f 2532/2532/2532 2483/2483/2483 2429/2429/2429
f 2538/2538/2538 2528/2528/2528 2469/2469/2469
f 2533/2533/2533 2428/2428/2428 2445/2445/2445
f 2539/2539/2539 2470/2470/2470 2463/2463/2463
f 2522/2522/2522 2535/2535/2535 2441/2441/2441
f 2516/2516/2516 2541/2541/2541 2464/2464/2464
f 2524/2524/2524 2442/2442/2442 2454/2454/2454
f 2540/2540/2540 2014/2014/2014 2098/2098/2098
f 2517/2517/2517 2085/2085/2085 2006/2006/2006
f 2529/2529/2529 2542/2542/2542 2096/2096/2096
f 2515/2515/2515 2485/2485/2485 2084/2084/2084
f 2534/2534/2534 2076/2076/2076 2049/2049/2049
f 2518/2518/2518 2004/2004/2004 2012/2012/2012
f 2479/2479/2479 2531/2531/2531 2046/2046/2046
f 2530/2530/2530 2099/2099/2099 2088/2088/2088
f 2537/2537/2537 2514/2514/2514 2013/2013/2013
f 2519/2519/2519 2527/2527/2527 2089/2089/2089
f 2523/2523/2523 2090/2090/2090 2074/2074/2074
f 2536/2536/2536 2520/2520/2520 2077/2077/2077
f 2500/2500/2500 2021/2021/2021 2036/2036/2036
f 2498/2498/2498 2508/2508/2508 2068/2068/2068
f 2478/2478/2478 2048/2048/2048 2045/2045/2045
f 2492/2492/2492 2501/2501/2501 2035/2035/2035
f 2473/2473/2473 2480/2480/2480 2043/2043/2043
f 2496/2496/2496 2067/2067/2067 2083/2083/2083
f 2474/2474/2474 2044/2044/2044 2022/2022/2022
f 2509/2509/2509 2490/2490/2490 2034/2034/2034
f 2507/2507/2507 2032/2032/2032 2060/2060/2060
f 2486/2486/2486 2495/2495/2495 2086/2086/2086
f 2499/2499/2499 2475/2475/2475 2020/2020/2020
f 2512/2512/2512 2059/2059/2059 2069/2069/2069
f 2544/2544/2544 2543/2543/2543 2545/2545/2545
f 2551/2551/2551 2547/2547/2547 2549/2549/2549
f 2552/2552/2552 2547/2547/2547 2551/2551/2551
f 2553/2553/2553 2547/2547/2547 2548/2548/2548
f 2553/2553/2553 2550/2550/2550 2547/2547/2547
f 2546/2546/2546 2547/2547/2547 2552/2552/2552
f 2554/2554/2554 2546/2546/2546 2552/2552/2552
f 2559/2559/2559 2555/2555/2555 2560/2560/2560
f 2561/2561/2561 2560/2560/2560 2555/2555/2555
f 2562/2562/2562 2559/2559/2559 2563/2563/2563
f 2565/2565/2565 2563/2563/2563 2566/2566/2566
f 2565/2565/2565 2564/2564/2564 2563/2563/2563
f 2557/2557/2557 2555/2555/2555 2559/2559/2559
f 2567/2567/2567 2568/2568/2568 2561/2561/2561
f 2567/2567/2567 2561/2561/2561 2555/2555/2555
f 2556/2556/2556 2567/2567/2567 2555/2555/2555
f 2558/2558/2558 2573/2573/2573 2570/2570/2570
f 2574/2574/2574 2575/2575/2575 2571/2571/2571
f 2575/2575/2575 2576/2576/2576 2571/2571/2571
f 2577/2577/2577 2576/2576/2576 2575/2575/2575
f 2574/2574/2574 2571/2571/2571 2569/2569/2569
f 2578/2578/2578 2574/2574/2574 2569/2569/2569
f 2579/2579/2579 2577/2577/2577 2580/2580/2580
f 2579/2579/2579 2576/2576/2576 2577/2577/2577
f 2572/2572/2572 2578/2578/2578 2569/2569/2569
f 2582/2582/2582 2580/2580/2580 2581/2581/2581
f 2582/2582/2582 2581/2581/2581 2572/2572/2572
f 2582/2582/2582 2579/2579/2579 2580/2580/2580
f 2591/2591/2591 2585/2585/2585 2584/2584/2584
f 2592/2592/2592 2589/2589/2589 2586/2586/2586
f 2594/2594/2594 2583/2583/2583 2588/2588/2588
f 2593/2593/2593 2587/2587/2587 2590/2590/2590
f 2595/2595/2595 2597/2597/2597 2596/2596/2596
f 2596/2596/2596 2597/2597/2597 2598/2598/2598
f 2599/2599/2599 2597/2597/2597 2600/2600/2600
f 2600/2600/2600 2597/2597/2597 2601/2601/2601
f 2601/2601/2601 2597/2597/2597 2602/2602/2602
f 2605/2605/2605 2604/2604/2604 2597/2597/2597
f 2603/2603/2603 2605/2605/2605 2597/2597/2597
f 2611/2611/2611 2610/2610/2610 2609/2609/2609
f 2611/2611/2611 2612/2612/2612 2610/2610/2610
f 2611/2611/2611 2613/2613/2613 2612/2612/2612
f 2614/2614/2614 2613/2613/2613 2611/2611/2611
f 2608/2608/2608 2614/2614/2614 2615/2615/2615
f 2608/2608/2608 2613/2613/2613 2614/2614/2614
f 2616/2616/2616 2608/2608/2608 2615/2615/2615
f 2607/2607/2607 2616/2616/2616 2618/2618/2618
f 2607/2607/2607 2618/2618/2618 2617/2617/2617
f 2606/2606/2606 2607/2607/2607 2617/2617/2617
f 2620/2620/2620 2627/2627/2627 2636/2636/2636
f 2634/2634/2634 2630/2630/2630 2638/2638/2638
f 2632/2632/2632 2635/2635/2635 2642/2642/2642
f 2626/2626/2626 2619/2619/2619 2650/2650/2650
f 2622/2622/2622 2624/2624/2624 2654/2654/2654
f 2631/2631/2631 2625/2625/2625 2652/2652/2652
f 2621/2621/2621 2656/2656/2656 2659/2659/2659
f 2629/2629/2629 2623/2623/2623 2658/2658/2658
f 2633/2633/2633 2628/2628/2628 2648/2648/2648
f 2672/2672/2672 2649/2649/2649 2647/2647/2647
f 2661/2661/2661 2663/2663/2663 2643/2643/2643
f 2661/2661/2661 2643/2643/2643 2640/2640/2640
f 2655/2655/2655 2663/2663/2663 2670/2670/2670
f 2637/2637/2637 2661/2661/2661 2640/2640/2640
f 2657/2657/2657 2655/2655/2655 2670/2670/2670
f 2677/2677/2677 2641/2641/2641 2639/2639/2639
f 2651/2651/2651 2663/2663/2663 2655/2655/2655
f 2677/2677/2677 2639/2639/2639 2683/2683/2683
f 2686/2686/2686 2641/2641/2641 2677/2677/2677
f 2686/2686/2686 2644/2644/2644 2641/2641/2641
f 2686/2686/2686 2645/2645/2645 2644/2644/2644
f 2683/2683/2683 2649/2649/2649 2672/2672/2672
f 2660/2660/2660 2657/2657/2657 2670/2670/2670
f 2682/2682/2682 2661/2661/2661 2637/2637/2637
f 2643/2643/2643 2663/2663/2663 2651/2651/2651
f 2686/2686/2686 2682/2682/2682 2646/2646/2646
f 2686/2686/2686 2646/2646/2646 2645/2645/2645
f 2653/2653/2653 2649/2649/2649 2683/2683/2683
f 2646/2646/2646 2682/2682/2682 2637/2637/2637
f 2639/2639/2639 2653/2653/2653 2683/2683/2683
f 2672/2672/2672 2660/2660/2660 2670/2670/2670
f 2672/2672/2672 2647/2647/2647 2660/2660/2660
f 2699/2699/2699 2694/2694/2694 2693/2693/2693
f 2704/2704/2704 2711/2711/2711 2701/2701/2701
f 2724/2724/2724 2719/2719/2719 2721/2721/2721
f 2730/2730/2730 2728/2728/2728 2722/2722/2722
f 2749/2749/2749 2731/2731/2731 2720/2720/2720
f 2737/2737/2737 2754/2754/2754 2743/2743/2743
f 2760/2760/2760 2705/2705/2705 2703/2703/2703
f 2760/2760/2760 2703/2703/2703 2755/2755/2755
f 2759/2759/2759 2753/2753/2753 2739/2739/2739
f 2762/2762/2762 2738/2738/2738 2713/2713/2713
f 2714/2714/2714 2740/2740/2740 2745/2745/2745
f 2766/2766/2766 2751/2751/2751 2761/2761/2761
f 2771/2771/2771 2733/2733/2733 2750/2750/2750
f 2708/2708/2708 2726/2726/2726 2696/2696/2696
f 2710/2710/2710 2717/2717/2717 2727/2727/2727
f 2702/2702/2702 2706/2706/2706 2698/2698/2698
f 2712/2712/2712 2767/2767/2767 2764/2764/2764
f 2748/2748/2748 2723/2723/2723 2777/2777/2777
f 2763/2763/2763 2776/2776/2776 2783/2783/2783
f 2765/2765/2765 2785/2785/2785 2741/2741/2741
f 2742/2742/2742 2786/2786/2786 2787/2787/2787
f 2780/2780/2780 2784/2784/2784 2778/2778/2778
f 2789/2789/2789 2782/2782/2782 2781/2781/2781
f 2775/2775/2775 2788/2788/2788 2779/2779/2779
f 2707/2707/2707 2774/2774/2774 2772/2772/2772
f 2718/2718/2718 2709/2709/2709 2773/2773/2773
f 2725/2725/2725 2734/2734/2734 2796/2796/2796
f 2800/2800/2800 2735/2735/2735 2793/2793/2793
f 2697/2697/2697 2729/2729/2729 2801/2801/2801
f 2688/2688/2688 2695/2695/2695 2797/2797/2797
f 2662/2662/2662 2689/2689/2689 2667/2667/2667
f 2664/2664/2664 2690/2690/2690 2799/2799/2799
f 2792/2792/2792 2668/2668/2668 2665/2665/2665
f 2798/2798/2798 2794/2794/2794 2666/2666/2666
f 2669/2669/2669 2791/2791/2791 2675/2675/2675
f 2671/2671/2671 2790/2790/2790 2812/2812/2812
f 2732/2732/2732 2769/2769/2769 2813/2813/2813
f 2795/2795/2795 2736/2736/2736 2814/2814/2814
f 2768/2768/2768 2715/2715/2715 2805/2805/2805
f 2810/2810/2810 2770/2770/2770 2804/2804/2804
f 2802/2802/2802 2684/2684/2684 2673/2673/2673
f 2811/2811/2811 2806/2806/2806 2674/2674/2674
f 2685/2685/2685 2807/2807/2807 2676/2676/2676
f 2681/2681/2681 2803/2803/2803 2818/2818/2818
f 2809/2809/2809 2744/2744/2744 2820/2820/2820
f 2808/2808/2808 2716/2716/2716 2747/2747/2747
f 2746/2746/2746 2758/2758/2758 2821/2821/2821
f 2817/2817/2817 2756/2756/2756 2823/2823/2823
f 2816/2816/2816 2824/2824/2824 2678/2678/2678
f 2822/2822/2822 2687/2687/2687 2679/2679/2679
f 2819/2819/2819 2815/2815/2815 2680/2680/2680
f 2752/2752/2752 2700/2700/2700 2691/2691/2691
f 2825/2825/2825 2757/2757/2757 2692/2692/2692
f 2826/2826/2826 2828/2828/2828 2827/2827/2827
f 2826/2826/2826 2829/2829/2829 2828/2828/2828
f 2838/2838/2838 2835/2835/2835 2837/2837/2837
f 2843/2843/2843 2849/2849/2849 2834/2834/2834
f 2848/2848/2848 2850/2850/2850 2842/2842/2842
f 2831/2831/2831 2830/2830/2830 2844/2844/2844
f 2853/2853/2853 2852/2852/2852 2854/2854/2854
f 2853/2853/2853 2854/2854/2854 2855/2855/2855
f 2858/2858/2858 2853/2853/2853 2855/2855/2855
f 2862/2862/2862 2858/2858/2858 2855/2855/2855
f 2863/2863/2863 2862/2862/2862 2855/2855/2855
f 2864/2864/2864 2862/2862/2862 2863/2863/2863
f 2864/2864/2864 2865/2865/2865 2862/2862/2862
f 2869/2869/2869 2865/2865/2865 2864/2864/2864
f 2869/2869/2869 2870/2870/2870 2865/2865/2865
f 2872/2872/2872 2870/2870/2870 2869/2869/2869
f 2873/2873/2873 2870/2870/2870 2872/2872/2872
f 2873/2873/2873 2851/2851/2851 2870/2870/2870
f 2857/2857/2857 2832/2832/2832 2845/2845/2845
f 2868/2868/2868 2846/2846/2846 2841/2841/2841
f 2866/2866/2866 2871/2871/2871 2847/2847/2847
f 2859/2859/2859 2839/2839/2839 2833/2833/2833
f 2861/2861/2861 2867/2867/2867 2840/2840/2840
f 2856/2856/2856 2860/2860/2860 2836/2836/2836
f 2875/2875/2875 2898/2898/2898 2880/2880/2880
f 2876/2876/2876 2916/2916/2916 2892/2892/2892
f 2893/2893/2893 2900/2900/2900 2903/2903/2903
f 2922/2922/2922 2923/2923/2923 2906/2906/2906
f 2921/2921/2921 2910/2910/2910 2899/2899/2899
f 2935/2935/2935 2914/2914/2914 2874/2874/2874
f 2939/2939/2939 2918/2918/2918 2932/2932/2932
f 2947/2947/2947 2958/2958/2958 2890/2890/2890
f 2950/2950/2950 2960/2960/2960 2956/2956/2956
f 2949/2949/2949 2886/2886/2886 2894/2894/2894
f 2913/2913/2913 2929/2929/2929 2919/2919/2919
f 2945/2945/2945 2897/2897/2897 2905/2905/2905
f 2969/2969/2969 2976/2976/2976 2961/2961/2961
f 2968/2968/2968 2963/2963/2963 2943/2943/2943
f 2973/2973/2973 2928/2928/2928 2912/2912/2912
f 2967/2967/2967 2915/2915/2915 2938/2938/2938
f 2971/2971/2971 2940/2940/2940 2978/2978/2978
f 2891/2891/2891 2884/2884/2884 2896/2896/2896
f 2981/2981/2981 2970/2970/2970 2953/2953/2953
f 3035/3035/3035 2944/2944/2944 2984/2984/2984
f 3043/3043/3043 2983/2983/2983 2942/2942/2942
f 2988/2988/2988 2992/2992/2992 2996/2996/2996
f 2989/2989/2989 3003/3003/3003 2990/2990/2990
f 3007/3007/3007 2993/2993/2993 3001/3001/3001
f 3015/3015/3015 2994/2994/2994 3008/3008/3008
f 3039/3039/3039 3016/3016/3016 3014/3014/3014
f 3037/3037/3037 3013/3013/3013 3006/3006/3006
f 3042/3042/3042 2987/2987/2987 2998/2998/2998
f 3040/3040/3040 2999/2999/2999 3019/3019/3019
f 3023/3023/3023 3028/3028/3028 3041/3041/3041
f 3009/3009/3009 3022/3022/3022 3036/3036/3036
f 3033/3033/3033 2974/2974/2974 2980/2980/2980
f 3032/3032/3032 2982/2982/2982 3038/3038/3038
f 3049/3049/3049 2930/2930/2930 2972/2972/2972
f 3044/3044/3044 2966/2966/2966 3031/3031/3031
f 3054/3054/3054 3113/3113/3113 3109/3109/3109
f 3054/3054/3054 3059/3059/3059 3113/3113/3113
f 3069/3069/3069 3020/3020/3020 3066/3066/3066
f 3068/3068/3068 3034/3034/3034 3021/3021/3021
f 3102/3102/3102 3064/3064/3064 3025/3025/3025
f 3074/3074/3074 3030/3030/3030 3072/3072/3072
f 3137/3137/3137 3096/3096/3096 3103/3103/3103
f 3131/3131/3131 3081/3081/3081 3098/3098/3098
f 3132/3132/3132 3088/3088/3088 3078/3078/3078
f 3130/3130/3130 3105/3105/3105 3024/3024/3024
f 3051/3051/3051 3093/3093/3093 3087/3087/3087
f 3048/3048/3048 3083/3083/3083 3134/3134/3134
f 3047/3047/3047 3029/3029/3029 3056/3056/3056
f 3045/3045/3045 3057/3057/3057 3089/3089/3089
f 3090/3090/3090 3059/3059/3059 3054/3054/3054
f 3058/3058/3058 3027/3027/3027 3077/3077/3077
f 3109/3109/3109 3113/3113/3113 3106/3106/3106
f 3109/3109/3109 3106/3106/3106 3097/3097/3097
f 3118/3118/3118 3121/3121/3121 3127/3127/3127
f 3133/3133/3133 3119/3119/3119 3126/3126/3126
f 3135/3135/3135 3129/3129/3129 3046/3046/3046
f 3125/3125/3125 2927/2927/2927 3050/3050/3050
f 3122/3122/3122 2924/2924/2924 3128/3128/3128
f 3153/3153/3153 2907/2907/2907 2925/2925/2925
f 3152/3152/3152 2926/2926/2926 3123/3123/3123
f 2909/2909/2909 3141/3141/3141 3147/3147/3147
f 3151/3151/3151 3146/3146/3146 2904/2904/2904
f 3165/3165/3165 3145/3145/3145 3156/3156/3156
f 3163/3163/3163 3161/3161/3161 3144/3144/3144
f 3155/3155/3155 3124/3124/3124 3117/3117/3117
f 3154/3154/3154 3120/3120/3120 3164/3164/3164
f 3162/3162/3162 3116/3116/3116 3136/3136/3136
f 3160/3160/3160 3162/3162/3162 3136/3136/3136
f 3160/3160/3160 3136/3136/3136 3169/3169/3169
f 3010/3010/3010 3004/3004/3004 3026/3026/3026
f 3169/3169/3169 3136/3136/3136 3026/3026/3026
f 3004/3004/3004 3169/3169/3169 3026/3026/3026
f 3175/3175/3175 3204/3204/3204 3235/3235/3235
f 3188/3188/3188 3180/3180/3180 3158/3158/3158
f 3179/3179/3179 3138/3138/3138 3159/3159/3159
f 3192/3192/3192 3139/3139/3139 3181/3181/3181
f 3167/3167/3167 3200/3200/3200 3189/3189/3189
f 3203/3203/3203 3143/3143/3143 3191/3191/3191
f 3166/3166/3166 3209/3209/3209 3197/3197/3197
f 3171/3171/3171 3185/3185/3185 3157/3157/3157
f 3214/3214/3214 3224/3224/3224 3212/3212/3212
f 3221/3221/3221 3208/3208/3208 3168/3168/3168
f 3218/3218/3218 3142/3142/3142 3207/3207/3207
f 3220/3220/3220 3205/3205/3205 3227/3227/3227
f 3225/3225/3225 3204/3204/3204 3175/3175/3175
f 3231/3231/3231 3235/3235/3235 3187/3187/3187
f 3199/3199/3199 3231/3231/3231 3187/3187/3187
f 3175/3175/3175 3235/3235/3235 3231/3231/3231
f 3002/3002/3002 2985/2985/2985 3239/3239/3239
f 3172/3172/3172 3005/3005/3005 3237/3237/3237
f 3170/3170/3170 3240/3240/3240 3219/3219/3219
f 3236/3236/3236 2952/2952/2952 3216/3216/3216
f 2986/2986/2986 2951/2951/2951 3238/3238/3238
f 2946/2946/2946 2908/2908/2908 3150/3150/3150
f 3217/3217/3217 2948/2948/2948 3149/3149/3149
f 3215/3215/3215 3148/3148/3148 3140/3140/3140
f 3246/3246/3246 3243/3243/3243 3210/3210/3210
f 3248/3248/3248 3211/3211/3211 3226/3226/3226
f 3249/3249/3249 3247/3247/3247 3223/3223/3223
f 3250/3250/3250 3222/3222/3222 3176/3176/3176
f 3253/3253/3253 3251/3251/3251 3174/3174/3174
f 3254/3254/3254 3173/3173/3173 3230/3230/3230
f 3258/3258/3258 3256/3256/3256 3228/3228/3228
f 3259/3259/3259 3229/3229/3229 3195/3195/3195
f 3244/3244/3244 3260/3260/3260 3198/3198/3198
f 3241/3241/3241 3196/3196/3196 3213/3213/3213
f 3252/3252/3252 3255/3255/3255 3257/3257/3257
f 3252/3252/3252 3257/3257/3257 3242/3242/3242
f 3245/3245/3245 3252/3252/3252 3242/3242/3242
f 3267/3267/3267 3263/3263/3263 3234/3234/3234
f 3265/3265/3265 3233/3233/3233 3206/3206/3206
f 3271/3271/3271 3266/3266/3266 3201/3201/3201
f 3270/3270/3270 3202/3202/3202 3193/3193/3193
f 3276/3276/3276 3269/3269/3269 3190/3190/3190
f 3273/3273/3273 3194/3194/3194 3182/3182/3182
f 3280/3280/3280 3275/3275/3275 3177/3177/3177
f 3279/3279/3279 3178/3178/3178 3186/3186/3186
f 3262/3262/3262 3278/3278/3278 3184/3184/3184
f 3264/3264/3264 3183/3183/3183 3232/3232/3232
f 3272/3272/3272 3274/3274/3274 3277/3277/3277
f 3272/3272/3272 3277/3277/3277 3261/3261/3261
f 3268/3268/3268 3272/3272/3272 3261/3261/3261
f 3075/3075/3075 3070/3070/3070 3285/3285/3285
f 3073/3073/3073 3284/3284/3284 3288/3288/3288
f 3062/3062/3062 3076/3076/3076 3287/3287/3287
f 3060/3060/3060 3286/3286/3286 3291/3291/3291
f 3115/3115/3115 3061/3061/3061 3292/3292/3292
f 3112/3112/3112 3293/3293/3293 3296/3296/3296
f 3101/3101/3101 3114/3114/3114 3297/3297/3297
f 3104/3104/3104 3294/3294/3294 3299/3299/3299
f 3063/3063/3063 3107/3107/3107 3300/3300/3300
f 3071/3071/3071 3067/3067/3067 3283/3283/3283
f 3065/3065/3065 3298/3298/3298 3281/3281/3281
f 3301/3301/3301 3295/3295/3295 3290/3290/3290
f 3301/3301/3301 3290/3290/3290 3289/3289/3289
f 3282/3282/3282 3301/3301/3301 3289/3289/3289
f 3052/3052/3052 3110/3110/3110 3304/3304/3304
f 3053/3053/3053 3302/3302/3302 3309/3309/3309
f 3094/3094/3094 3055/3055/3055 3307/3307/3307
f 3091/3091/3091 3308/3308/3308 3313/3313/3313
f 3085/3085/3085 3092/3092/3092 3310/3310/3310
f 3084/3084/3084 3312/3312/3312 3315/3315/3315
f 3082/3082/3082 3086/3086/3086 3316/3316/3316
f 3079/3079/3079 3317/3317/3317 3319/3319/3319
f 3099/3099/3099 3080/3080/3080 3318/3318/3318
f 3095/3095/3095 3321/3321/3321 3325/3325/3325
f 3111/3111/3111 3100/3100/3100 3323/3323/3323
f 3108/3108/3108 3322/3322/3322 3303/3303/3303
f 3320/3320/3320 3314/3314/3314 3311/3311/3311
f 3320/3320/3320 3311/3311/3311 3306/3306/3306
f 3324/3324/3324 3320/3320/3320 3306/3306/3306
f 3305/3305/3305 3324/3324/3324 3306/3306/3306
f 3327/3327/3327 3018/3018/3018 3000/3000/3000
f 3330/3330/3330 3327/3327/3327 3000/3000/3000
f 3328/3328/3328 3334/3334/3334 3012/3012/3012
f 3328/3328/3328 3012/3012/3012 3017/3017/3017
f 3335/3335/3335 2991/2991/2991 3011/3011/3011
f 3332/3332/3332 3335/3335/3335 3011/3011/3011
f 3336/3336/3336 3329/3329/3329 2997/2997/2997
f 3336/3336/3336 2997/2997/2997 2995/2995/2995
f 3326/3326/3326 3331/3331/3331 3337/3337/3337
f 3333/3333/3333 3326/3326/3326 3337/3337/3337
f 3346/3346/3346 3341/3341/3341 2977/2977/2977
f 3339/3339/3339 2962/2962/2962 2979/2979/2979
f 3348/3348/3348 3343/3343/3343 2941/2941/2941
f 3344/3344/3344 2975/2975/2975 2936/2936/2936
f 3350/3350/3350 2937/2937/2937 2933/2933/2933
f 3353/3353/3353 3347/3347/3347 2931/2931/2931
f 3351/3351/3351 2934/2934/2934 2878/2878/2878
f 3356/3356/3356 3352/3352/3352 2879/2879/2879
f 3359/3359/3359 3355/3355/3355 2882/2882/2882
f 3358/3358/3358 2877/2877/2877 2881/2881/2881
f 3371/3371/3371 3360/3360/3360 2883/2883/2883
f 3375/3375/3375 3369/3369/3369 2889/2889/2889
f 3370/3370/3370 2885/2885/2885 2888/2888/2888
f 3380/3380/3380 3374/3374/3374 2954/2954/2954
f 3372/3372/3372 2887/2887/2887 2957/2957/2957
f 3388/3388/3388 3378/3378/3378 2955/2955/2955
f 3340/3340/3340 3383/3383/3383 2965/2965/2965
f 3384/3384/3384 2959/2959/2959 2964/2964/2964
f 3399/3399/3399 3357/3357/3357 3361/3361/3361
f 3345/3345/3345 3349/3349/3349 3397/3397/3397
f 3342/3342/3342 3396/3396/3396 3403/3403/3403
f 3338/3338/3338 3408/3408/3408 3386/3386/3386
f 3345/3345/3345 3406/3406/3406 3408/3408/3408
f 3399/3399/3399 3354/3354/3354 3357/3357/3357
f 3345/3345/3345 3408/3408/3408 3338/3338/3338
f 3376/3376/3376 3365/3365/3365 3373/3373/3373
f 3412/3412/3412 3354/3354/3354 3399/3399/3399
f 3349/3349/3349 3354/3354/3354 3412/3412/3412
f 3390/3390/3390 3391/3391/3391 3381/3381/3381
f 3349/3349/3349 3412/3412/3412 3397/3397/3397
f 3419/3419/3419 3420/3420/3420 3385/3385/3385
f 3418/3418/3418 3389/3389/3389 3410/3410/3410
f 3424/3424/3424 3407/3407/3407 3402/3402/3402
f 3425/3425/3425 3416/3416/3416 3409/3409/3409
f 3432/3432/3432 3405/3405/3405 3398/3398/3398
f 3429/3429/3429 3427/3427/3427 3404/3404/3404
f 3430/3430/3430 3395/3395/3395 3414/3414/3414
f 3435/3435/3435 3428/3428/3428 3413/3413/3413
f 3436/3436/3436 3411/3411/3411 3400/3400/3400
f 3440/3440/3440 3433/3433/3433 3415/3415/3415
f 3437/3437/3437 3401/3401/3401 3363/3363/3363
f 3441/3441/3441 3439/3439/3439 3364/3364/3364
f 3442/3442/3442 3362/3362/3362 3368/3368/3368
f 3448/3448/3448 3444/3444/3444 3366/3366/3366
f 3447/3447/3447 3367/3367/3367 3379/3379/3379
f 3451/3451/3451 3377/3377/3377 3394/3394/3394
f 3452/3452/3452 3446/3446/3446 3382/3382/3382
f 3422/3422/3422 3449/3449/3449 3392/3392/3392
f 3421/3421/3421 3393/3393/3393 3387/3387/3387
f 3431/3431/3431 3456/3456/3456 3458/3458/3458
f 3417/3417/3417 3464/3464/3464 3423/3423/3423
f 3470/3470/3470 3438/3438/3438 3443/3443/3443
f 3470/3470/3470 3443/3443/3443 3467/3467/3467
f 3426/3426/3426 3431/3431/3431 3458/3458/3458
f 3417/3417/3417 3458/3458/3458 3464/3464/3464
f 3426/3426/3426 3458/3458/3458 3417/3417/3417
f 3474/3474/3474 3443/3443/3443 3445/3445/3445
f 3474/3474/3474 3467/3467/3467 3443/3443/3443
f 3470/3470/3470 3434/3434/3434 3438/3438/3438
f 3474/3474/3474 3445/3445/3445 3450/3450/3450
f 3434/3434/3434 3470/3470/3470 3456/3456/3456
f 3431/3431/3431 3434/3434/3434 3456/3456/3456
f 3423/3423/3423 3474/3474/3474 3450/3450/3450
f 3423/3423/3423 3464/3464/3464 3474/3474/3474
f 3478/3478/3478 3496/3496/3496 3462/3462/3462
f 3479/3479/3479 3461/3461/3461 3457/3457/3457
f 3483/3483/3483 3476/3476/3476 3460/3460/3460
f 3480/3480/3480 3459/3459/3459 3454/3454/3454
f 3484/3484/3484 3482/3482/3482 3453/3453/3453
f 3488/3488/3488 3455/3455/3455 3471/3471/3471
f 3491/3491/3491 3485/3485/3485 3468/3468/3468
f 3487/3487/3487 3469/3469/3469 3465/3465/3465
f 3492/3492/3492 3466/3466/3466 3472/3472/3472
f 3493/3493/3493 3490/3490/3490 3475/3475/3475
f 3494/3494/3494 3473/3473/3473 3463/3463/3463
f 3495/3495/3495 3486/3486/3486 3489/3489/3489
f 3477/3477/3477 3486/3486/3486 3495/3495/3495
f 3477/3477/3477 3481/3481/3481 3486/3486/3486
f 2911/2911/2911 2920/2920/2920 2901/2901/2901
f 2917/2917/2917 2902/2902/2902 2895/2895/2895

