mtllib material.mtl
usemtl material_0
v 0.12519600 -0.03295100 -0.04497900
v 0.12519600 -0.03295100 -0.04497900
v 0.12519600 -0.03295100 -0.04497900
v 0.12519600 -0.03295100 -0.04497900
v 0.12519600 -0.03295100 -0.04497900
v 0.12519600 -0.03295100 -0.04497900
v 0.12519700 -0.03055600 -0.03927500
v 0.12519700 -0.03055600 -0.03927500
v 0.12519700 -0.03055600 -0.03927500
v 0.12519700 -0.03055600 -0.03927500
v 0.12519700 -0.03055600 -0.03927500
v 0.12519700 -0.03727400 -0.03927500
v 0.12519700 -0.03727400 -0.03927500
v 0.12519700 -0.03727400 -0.03927500
v 0.12519700 -0.03727400 -0.03927500
v 0.12519700 -0.03727400 -0.03927500
v 0.12519700 -0.03727400 -0.03927500
v 0.12519700 -0.03727400 -0.03927500
v 0.12519700 -0.03727400 -0.03927500
v 0.12519600 -0.03824100 -0.03968900
v 0.12519600 -0.03824100 -0.03968900
v 0.12519600 -0.03824100 -0.03968900
v 0.12519600 -0.03824100 -0.03968900
v 0.12519600 -0.03824100 -0.03968900
v 0.12519600 -0.03824100 -0.03968900
v 0.12519600 -0.03824100 -0.03968900
v 0.12519700 -0.03741400 -0.03747100
v 0.12519700 -0.03741400 -0.03747100
v 0.12519700 -0.03741400 -0.03747100
v 0.12519700 -0.03741400 -0.03747100
v 0.12519700 -0.03741400 -0.03747100
v 0.12519700 -0.03741400 -0.03747100
v 0.12519700 -0.03741400 -0.03747100
v 0.12519700 -0.03741400 -0.03747100
v 0.12519700 -0.02914900 -0.04531700
v 0.12519700 -0.02914900 -0.04531700
v 0.12519700 -0.02914900 -0.04531700
v 0.12519700 -0.02914900 -0.04531700
v 0.12519700 -0.02914900 -0.04531700
v 0.12519700 -0.02914900 -0.04531700
v 0.12519700 -0.02976900 -0.03927500
v 0.12519700 -0.02976900 -0.03927500
v 0.12519700 -0.02976900 -0.03927500
v 0.12519700 -0.02344400 -0.03927500
v 0.12519700 -0.02344400 -0.03927500
v 0.12519700 -0.02344400 -0.03927500
v 0.12519700 -0.02344400 -0.03927500
v 0.12519700 -0.02344400 -0.03927500
v 0.12519700 -0.02976900 -0.03452500
v 0.12519700 -0.02976900 -0.03452500
v 0.12519700 -0.02976900 -0.03452500
v 0.12519700 -0.02976900 -0.03452500
v 0.12519700 -0.02976900 -0.03452500
v 0.12519700 -0.02344400 -0.03452500
v 0.12519700 -0.02344400 -0.03452500
v 0.12519700 -0.02344400 -0.03452500
v 0.12519700 -0.02344400 -0.03452500
v 0.12519700 -0.02344400 -0.03452500
v 0.12519700 -0.03055600 -0.03452500
v 0.12519700 -0.03055600 -0.03452500
v 0.12519700 -0.03055600 -0.03452500
v 0.12519700 -0.03713500 -0.03452500
v 0.12519700 -0.03713500 -0.03452500
v 0.12519700 -0.03713500 -0.03452500
v 0.12519700 -0.03713500 -0.03452500
v 0.12519700 -0.03713500 -0.03452500
v 0.12519700 -0.03713500 -0.03452500
v 0.12519700 -0.03713500 -0.03452500
v 0.12519700 -0.03615700 -0.03090500
v 0.12519700 -0.03615700 -0.03090500
v 0.12519700 -0.03615700 -0.03090500
v 0.12519700 -0.03615700 -0.03090500
v 0.12519700 -0.03615700 -0.03090500
v 0.12519700 -0.03117600 -0.02848200
v 0.12519700 -0.03117600 -0.02848200
v 0.12519700 -0.03117600 -0.02848200
v 0.12519700 -0.03117600 -0.02848200
v 0.12519700 -0.03117600 -0.02848200
v 0.12519700 -0.03387200 -0.02928200
v 0.12519700 -0.03387200 -0.02928200
v 0.12519700 -0.03387200 -0.02928200
v 0.12519700 -0.03387200 -0.02928200
v 0.12519600 -0.02208400 -0.03968900
v 0.12519600 -0.02208400 -0.03968900
v 0.12519600 -0.02208400 -0.03968900
v 0.12519600 -0.02208400 -0.03968900
v 0.12519600 -0.02208400 -0.03968900
v 0.12519600 -0.02208400 -0.03968900
v 0.12519600 -0.02208400 -0.03968900
v 0.12519700 -0.02265700 -0.03927500
v 0.12519700 -0.02265700 -0.03927500
v 0.12519700 -0.02265700 -0.03927500
v 0.12519700 -0.02265700 -0.03927500
v 0.12519700 -0.02265700 -0.03927500
v 0.12519700 -0.03727400 -0.03632800
v 0.12519700 -0.03727400 -0.03632800
v 0.12519700 -0.03727400 -0.03632800
v 0.12519700 -0.03727400 -0.03632800
v 0.12519700 -0.03727400 -0.03632800
v 0.12519700 -0.03727400 -0.03632800
v 0.12519700 -0.03727400 -0.03632800
v 0.12519700 -0.02645300 -0.04451800
v 0.12519700 -0.02645300 -0.04451800
v 0.12519700 -0.02645300 -0.04451800
v 0.12519700 -0.02645300 -0.04451800
v 0.12519600 -0.02737400 -0.02882100
v 0.12519600 -0.02737400 -0.02882100
v 0.12519600 -0.02737400 -0.02882100
v 0.12519600 -0.02737400 -0.02882100
v 0.12519600 -0.02737400 -0.02882100
v 0.12519600 -0.02737400 -0.02882100
v 0.12519700 -0.03615700 -0.04289500
v 0.12519700 -0.03615700 -0.04289500
v 0.12519700 -0.03615700 -0.04289500
v 0.12519700 -0.03615700 -0.04289500
v 0.12519700 -0.03615700 -0.04289500
v 0.12519700 -0.03615700 -0.04289500
v 0.12519700 -0.02416800 -0.03090500
v 0.12519700 -0.02416800 -0.03090500
v 0.12519700 -0.02416800 -0.03090500
v 0.12519700 -0.02416800 -0.03090500
v 0.12519700 -0.02416800 -0.03090500
v 0.12519700 -0.02416800 -0.03090500
v 0.12519700 -0.03741400 -0.03452500
v 0.12519700 -0.03741400 -0.03452500
v 0.12519700 -0.03741400 -0.03452500
v 0.12519700 -0.03741400 -0.03452500
v 0.12519700 -0.03741400 -0.03452500
v 0.12519700 -0.03741400 -0.03452500
v 0.12519700 -0.03778000 -0.03319000
v 0.12519700 -0.03778000 -0.03319000
v 0.12519700 -0.03778000 -0.03319000
v 0.12519700 -0.03778000 -0.03319000
v 0.12519700 -0.03778000 -0.03319000
v 0.12519700 -0.03858000 -0.03588600
v 0.12519700 -0.03858000 -0.03588600
v 0.12519700 -0.03858000 -0.03588600
v 0.12519700 -0.03858000 -0.03588600
v 0.12519700 -0.03858000 -0.03588600
v 0.12519700 -0.02416800 -0.04289500
v 0.12519700 -0.02416800 -0.04289500
v 0.12519700 -0.02416800 -0.04289500
v 0.12519700 -0.02416800 -0.04289500
v 0.12519700 -0.02416800 -0.04289500
v 0.12519700 -0.03713500 -0.03747100
v 0.12519700 -0.03713500 -0.03747100
v 0.12519700 -0.03713500 -0.03747100
v 0.12519700 -0.03713500 -0.03747100
v 0.12519700 -0.03713500 -0.03747100
v 0.12519700 -0.02265700 -0.03452500
v 0.12519700 -0.02265700 -0.03452500
v 0.12519700 -0.02265700 -0.03452500
v 0.12519700 -0.02265700 -0.03452500
v 0.12519700 -0.02265700 -0.03452500
v 0.12519700 -0.02174500 -0.03588600
v 0.12519700 -0.02174500 -0.03588600
v 0.12519700 -0.02174500 -0.03588600
v 0.12519700 -0.02174500 -0.03588600
v 0.12519700 -0.02174500 -0.03588600
v 0.12519700 -0.02174500 -0.03588600
v 0.12519700 -0.02254500 -0.03319000
v 0.12519700 -0.02254500 -0.03319000
v 0.12519700 -0.02254500 -0.03319000
v 0.12519700 -0.02254500 -0.03319000
v 0.12519700 -0.02254500 -0.03319000
v 0.12519700 -0.02254500 -0.03319000
v 0.12773300 -0.02159600 -0.04191000
v 0.12773300 -0.02159600 -0.04191000
v 0.12773300 -0.02159600 -0.04191000
v 0.12773300 -0.02159600 -0.04191000
v 0.12773300 -0.02159600 -0.04191000
v 0.12773300 -0.02159600 -0.04191000
v 0.12773100 -0.03411700 -0.04601900
v 0.12773100 -0.03411700 -0.04601900
v 0.12773100 -0.03411700 -0.04601900
v 0.12773100 -0.03411700 -0.04601900
v 0.12773100 -0.03411700 -0.04601900
v 0.12771200 -0.02044100 -0.03896300
v 0.12771200 -0.02044100 -0.03896300
v 0.12771200 -0.02044100 -0.03896300
v 0.12771200 -0.02044100 -0.03896300
v 0.12771200 -0.02044100 -0.03896300
v 0.12771200 -0.02044100 -0.03896300
v 0.12771200 -0.02044100 -0.03896300
v 0.12773100 -0.03158000 -0.04672000
v 0.12773100 -0.03158000 -0.04672000
v 0.12773100 -0.03158000 -0.04672000
v 0.12773100 -0.03158000 -0.04672000
v 0.12773100 -0.03158000 -0.04672000
v 0.12773100 -0.03158000 -0.04672000
v 0.12773100 -0.03158000 -0.04672000
v 0.12774700 -0.04009800 -0.03655100
v 0.12774700 -0.04009800 -0.03655100
v 0.12774700 -0.04009800 -0.03655100
v 0.12774700 -0.04009800 -0.03655100
v 0.12774700 -0.04009800 -0.03655100
v 0.12772900 -0.03988100 -0.03881400
v 0.12772900 -0.03988100 -0.03881400
v 0.12772900 -0.03988100 -0.03881400
v 0.12772900 -0.03988100 -0.03881400
v 0.12772900 -0.03988100 -0.03881400
v 0.12772900 -0.03988100 -0.03881400
v 0.12774700 -0.02022700 -0.03724900
v 0.12774700 -0.02022700 -0.03724900
v 0.12774700 -0.02022700 -0.03724900
v 0.12774700 -0.02022700 -0.03724900
v 0.12774700 -0.02022700 -0.03724900
v 0.12773800 -0.02907000 -0.04677700
v 0.12773800 -0.02907000 -0.04677700
v 0.12773800 -0.02907000 -0.04677700
v 0.12773800 -0.02907000 -0.04677700
v 0.12773800 -0.02907000 -0.04677700
v 0.12774200 -0.03915400 -0.04120400
v 0.12774200 -0.03915400 -0.04120400
v 0.12774200 -0.03915400 -0.04120400
v 0.12774200 -0.03915400 -0.04120400
v 0.12774200 -0.03915400 -0.04120400
v 0.12774200 -0.03915400 -0.04120400
v 0.12774200 -0.03915400 -0.04120400
v 0.12773100 -0.02620800 -0.04601900
v 0.12773100 -0.02620800 -0.04601900
v 0.12773100 -0.02620800 -0.04601900
v 0.12773100 -0.02620800 -0.04601900
v 0.12773100 -0.02620800 -0.04601900
v 0.12773100 -0.02620800 -0.04601900
v 0.12774300 -0.03690500 -0.04423100
v 0.12774300 -0.03690500 -0.04423100
v 0.12774300 -0.03690500 -0.04423100
v 0.12774300 -0.03690500 -0.04423100
v 0.12774300 -0.03690500 -0.04423100
v 0.12774300 -0.03690500 -0.04423100
v 0.12774300 -0.02342000 -0.04423100
v 0.12774300 -0.02342000 -0.04423100
v 0.12774300 -0.02342000 -0.04423100
v 0.12774300 -0.02342000 -0.04423100
v 0.12774300 -0.02342000 -0.04423100
v 0.12774300 -0.02342000 -0.04423100
v 0.12773100 -0.03853400 -0.03154100
v 0.12773100 -0.03853400 -0.03154100
v 0.12773100 -0.03853400 -0.03154100
v 0.12773100 -0.03853400 -0.03154100
v 0.12773100 -0.03853400 -0.03154100
v 0.12773100 -0.03853400 -0.03154100
v 0.12773300 -0.02580200 -0.02798500
v 0.12773300 -0.02580200 -0.02798500
v 0.12773300 -0.02580200 -0.02798500
v 0.12773300 -0.02580200 -0.02798500
v 0.12773300 -0.02580200 -0.02798500
v 0.12774200 -0.02896300 -0.02698700
v 0.12774200 -0.02896300 -0.02698700
v 0.12774200 -0.02896300 -0.02698700
v 0.12774200 -0.02896300 -0.02698700
v 0.12774200 -0.02896300 -0.02698700
v 0.12774200 -0.02896300 -0.02698700
v 0.12771400 -0.03988400 -0.03483400
v 0.12771400 -0.03988400 -0.03483400
v 0.12771400 -0.03988400 -0.03483400
v 0.12771400 -0.03988400 -0.03483400
v 0.12771400 -0.03988400 -0.03483400
v 0.12771400 -0.03988400 -0.03483400
v 0.12771400 -0.03988400 -0.03483400
v 0.12771400 -0.03988400 -0.03483400
v 0.12771400 -0.03988400 -0.03483400
v 0.12772700 -0.02043800 -0.03495200
v 0.12772700 -0.02043800 -0.03495200
v 0.12772700 -0.02043800 -0.03495200
v 0.12772700 -0.02043800 -0.03495200
v 0.12772700 -0.02043800 -0.03495200
v 0.12772700 -0.02043800 -0.03495200
v 0.12772700 -0.02043800 -0.03495200
v 0.12772700 -0.02043800 -0.03495200
v 0.12773100 -0.03265900 -0.02727900
v 0.12773100 -0.03265900 -0.02727900
v 0.12773100 -0.03265900 -0.02727900
v 0.12773100 -0.03265900 -0.02727900
v 0.12773100 -0.03265900 -0.02727900
v 0.12773100 -0.03265900 -0.02727900
v 0.12773100 -0.02140900 -0.03219100
v 0.12773100 -0.02140900 -0.03219100
v 0.12773100 -0.02140900 -0.03219100
v 0.12773100 -0.02140900 -0.03219100
v 0.12773100 -0.02140900 -0.03219100
v 0.12773100 -0.02140900 -0.03219100
v 0.12774100 -0.03602300 -0.02881500
v 0.12774100 -0.03602300 -0.02881500
v 0.12774100 -0.03602300 -0.02881500
v 0.12774100 -0.03602300 -0.02881500
v 0.12774100 -0.03602300 -0.02881500
v 0.12774100 -0.03602300 -0.02881500
v 0.12773100 -0.02339600 -0.02960100
v 0.12773100 -0.02339600 -0.02960100
v 0.12773100 -0.02339600 -0.02960100
v 0.12773100 -0.02339600 -0.02960100
v 0.12773100 -0.02339600 -0.02960100
v 0.12773100 -0.02339600 -0.02960100
v 0.13970000 -0.04012600 -0.03691600
v 0.13970000 -0.04012600 -0.03691600
v 0.13970000 -0.04012600 -0.03691600
v 0.13970000 -0.04012600 -0.03691600
v 0.13970000 -0.04012600 -0.03691600
v 0.13970000 -0.04012600 -0.03691600
v 0.13921000 -0.04007000 -0.03642600
v 0.13921000 -0.04007000 -0.03642600
v 0.13921000 -0.04007000 -0.03642600
v 0.13921000 -0.04007000 -0.03642600
v 0.13921000 -0.04007000 -0.03642600
v 0.13241400 -0.04008800 -0.03699200
v 0.13241400 -0.04008800 -0.03699200
v 0.13241400 -0.04008800 -0.03699200
v 0.13241400 -0.04008800 -0.03699200
v 0.13831600 -0.03996200 -0.03504000
v 0.13831600 -0.03996200 -0.03504000
v 0.13831600 -0.03996200 -0.03504000
v 0.13831600 -0.03996200 -0.03504000
v 0.13831600 -0.03996200 -0.03504000
v 0.13831600 -0.03996200 -0.03504000
v 0.13831600 -0.03996200 -0.03504000
v 0.13968500 -0.03988100 -0.03494900
v 0.13968500 -0.03988100 -0.03494900
v 0.13968500 -0.03988100 -0.03494900
v 0.13968500 -0.03988100 -0.03494900
v 0.13968500 -0.03988100 -0.03494900
v 0.13968500 -0.03988100 -0.03494900
v 0.13968500 -0.03988100 -0.03494900
v 0.13968500 -0.03988100 -0.03494900
v 0.12914800 -0.04009200 -0.03728300
v 0.12914800 -0.04009200 -0.03728300
v 0.12914800 -0.04009200 -0.03728300
v 0.12914800 -0.04009200 -0.03728300
v 0.12914800 -0.04009200 -0.03728300
v 0.13140700 -0.03989000 -0.03499700
v 0.13140700 -0.03989000 -0.03499700
v 0.13140700 -0.03989000 -0.03499700
v 0.13140700 -0.03989000 -0.03499700
v 0.13140700 -0.03989000 -0.03499700
v 0.13140700 -0.03989000 -0.03499700
v 0.13970000 -0.03894600 -0.03225800
v 0.13970000 -0.03894600 -0.03225800
v 0.13970000 -0.03894600 -0.03225800
v 0.13970000 -0.03894600 -0.03225800
v 0.13970000 -0.03894600 -0.03225800
v 0.13970000 -0.03719500 -0.02986700
v 0.13970000 -0.03719500 -0.02986700
v 0.13970000 -0.03719500 -0.02986700
v 0.13970000 -0.03719500 -0.02986700
v 0.13970000 -0.03381800 -0.02758600
v 0.13970000 -0.03381800 -0.02758600
v 0.13970000 -0.03381800 -0.02758600
v 0.13970000 -0.03381800 -0.02758600
v 0.13970000 -0.02979100 -0.02696100
v 0.13970000 -0.02979100 -0.02696100
v 0.13970000 -0.02979100 -0.02696100
v 0.13970000 -0.02979100 -0.02696100
v 0.13970000 -0.02714900 -0.02744500
v 0.13970000 -0.02714900 -0.02744500
v 0.13970000 -0.02714900 -0.02744500
v 0.13970000 -0.02714900 -0.02744500
v 0.13970000 -0.02455600 -0.02867600
v 0.13970000 -0.02455600 -0.02867600
v 0.13970000 -0.02455600 -0.02867600
v 0.13970000 -0.02455600 -0.02867600
v 0.13970000 -0.02199600 -0.03119700
v 0.13970000 -0.02199600 -0.03119700
v 0.13970000 -0.02199600 -0.03119700
v 0.13970000 -0.02199600 -0.03119700
v 0.13970000 -0.02199600 -0.03119700
v 0.13970000 -0.02038100 -0.03493400
v 0.13970000 -0.02038100 -0.03493400
v 0.13970000 -0.02038100 -0.03493400
v 0.13970000 -0.02038100 -0.03493400
v 0.13970000 -0.02038100 -0.03493400
v 0.13970000 -0.02038100 -0.03493400
v 0.13970000 -0.02038100 -0.03493400
v 0.13970000 -0.02038100 -0.03493400
v 0.13970000 -0.02038100 -0.03493400
v 0.13970000 -0.02038100 -0.03493400
v 0.13838400 -0.02041600 -0.03500500
v 0.13838400 -0.02041600 -0.03500500
v 0.13838400 -0.02041600 -0.03500500
v 0.13838400 -0.02041600 -0.03500500
v 0.13838400 -0.02041600 -0.03500500
v 0.13838400 -0.02041600 -0.03500500
v 0.13838400 -0.02041600 -0.03500500
v 0.13941500 -0.02041600 -0.03500700
v 0.13941500 -0.02041600 -0.03500700
v 0.13941500 -0.02041600 -0.03500700
v 0.13941500 -0.02041600 -0.03500700
v 0.13141000 -0.02043500 -0.03499700
v 0.13141000 -0.02043500 -0.03499700
v 0.13141000 -0.02043500 -0.03499700
v 0.13141000 -0.02043500 -0.03499700
v 0.13141000 -0.02043500 -0.03499700
v 0.13141000 -0.02043500 -0.03499700
v 0.13921000 -0.02025500 -0.03737000
v 0.13921000 -0.02025500 -0.03737000
v 0.13921000 -0.02025500 -0.03737000
v 0.13921000 -0.02025500 -0.03737000
v 0.13921000 -0.02025500 -0.03737000
v 0.13241400 -0.02023700 -0.03680800
v 0.13241400 -0.02023700 -0.03680800
v 0.13241400 -0.02023700 -0.03680800
v 0.13241400 -0.02023700 -0.03680800
v 0.13831600 -0.02036300 -0.03876000
v 0.13831600 -0.02036300 -0.03876000
v 0.13831600 -0.02036300 -0.03876000
v 0.13831600 -0.02036300 -0.03876000
v 0.13831600 -0.02036300 -0.03876000
v 0.13831600 -0.02036300 -0.03876000
v 0.13831600 -0.02036300 -0.03876000
v 0.13831600 -0.02036300 -0.03876000
v 0.12914800 -0.02023300 -0.03651700
v 0.12914800 -0.02023300 -0.03651700
v 0.12914800 -0.02023300 -0.03651700
v 0.12914800 -0.02023300 -0.03651700
v 0.12914800 -0.02023300 -0.03651700
v 0.13699800 -0.04099000 -0.03499500
v 0.13699800 -0.04099000 -0.03499500
v 0.13699800 -0.04099000 -0.03499500
v 0.13699800 -0.04099000 -0.03499500
v 0.13716000 -0.04166900 -0.03499500
v 0.13716000 -0.04166900 -0.03499500
v 0.13716000 -0.04166900 -0.03499500
v 0.13716000 -0.04166900 -0.03499500
v 0.13716000 -0.04166900 -0.03499500
v 0.13716000 -0.04166900 -0.03499500
v 0.13716000 -0.04166900 -0.03499500
v 0.13716000 -0.04166900 -0.03499500
v 0.13699800 -0.04099000 -0.03880500
v 0.13699800 -0.04099000 -0.03880500
v 0.13699800 -0.04099000 -0.03880500
v 0.13699800 -0.04099000 -0.03880500
v 0.13699800 -0.04099000 -0.03880500
v 0.13141000 -0.03989000 -0.03880300
v 0.13141000 -0.03989000 -0.03880300
v 0.13141000 -0.03989000 -0.03880300
v 0.13141000 -0.03989000 -0.03880300
v 0.13141000 -0.03989000 -0.03880300
v 0.13141000 -0.03989000 -0.03880300
v 0.13141000 -0.03989000 -0.03880300
v 0.13716000 -0.04166900 -0.03880500
v 0.13716000 -0.04166900 -0.03880500
v 0.13716000 -0.04166900 -0.03880500
v 0.13716000 -0.04166900 -0.03880500
v 0.13716000 -0.04166900 -0.03880500
v 0.13716000 -0.04166900 -0.03880500
v 0.13716000 -0.04166900 -0.03880500
v 0.13716000 -0.04166900 -0.03880500
v 0.13838400 -0.03990900 -0.03879500
v 0.13838400 -0.03990900 -0.03879500
v 0.13838400 -0.03990900 -0.03879500
v 0.13838400 -0.03990900 -0.03879500
v 0.13838400 -0.03990900 -0.03879500
v 0.13838400 -0.03990900 -0.03879500
v 0.13838400 -0.03990900 -0.03879500
v 0.13941400 -0.03991000 -0.03879300
v 0.13941400 -0.03991000 -0.03879300
v 0.13941400 -0.03991000 -0.03879300
v 0.13941400 -0.03991000 -0.03879300
v 0.13941400 -0.03991000 -0.03879300
v 0.13968400 -0.02042400 -0.03880100
v 0.13968400 -0.02042400 -0.03880100
v 0.13968400 -0.02042400 -0.03880100
v 0.13968400 -0.02042400 -0.03880100
v 0.13968400 -0.02042400 -0.03880100
v 0.13968400 -0.02042400 -0.03880100
v 0.13970000 -0.02084400 -0.04041200
v 0.13970000 -0.02084400 -0.04041200
v 0.13970000 -0.02084400 -0.04041200
v 0.13970000 -0.02084400 -0.04041200
v 0.13970000 -0.02084400 -0.04041200
v 0.13970000 -0.02084400 -0.04041200
v 0.13970000 -0.02084400 -0.04041200
v 0.13970000 -0.02084400 -0.04041200
v 0.13140700 -0.02043500 -0.03880300
v 0.13140700 -0.02043500 -0.03880300
v 0.13140700 -0.02043500 -0.03880300
v 0.13140700 -0.02043500 -0.03880300
v 0.13140700 -0.02043500 -0.03880300
v 0.13140700 -0.02043500 -0.03880300
v 0.13970000 -0.02250100 -0.04323200
v 0.13970000 -0.02250100 -0.04323200
v 0.13970000 -0.02250100 -0.04323200
v 0.13970000 -0.02250100 -0.04323200
v 0.13970000 -0.02250100 -0.04323200
v 0.13970000 -0.02467600 -0.04518800
v 0.13970000 -0.02467600 -0.04518800
v 0.13970000 -0.02467600 -0.04518800
v 0.13970000 -0.02467600 -0.04518800
v 0.13970000 -0.02731600 -0.04642200
v 0.13970000 -0.02731600 -0.04642200
v 0.13970000 -0.02731600 -0.04642200
v 0.13970000 -0.02731600 -0.04642200
v 0.13970000 -0.02731600 -0.04642200
v 0.13589000 -0.02919300 -0.04678600
v 0.13589000 -0.02919300 -0.04678600
v 0.13589000 -0.02919300 -0.04678600
v 0.13589000 -0.02919300 -0.04678600
v 0.13589000 -0.02919300 -0.04678600
v 0.13589000 -0.02919300 -0.04678600
v 0.13970000 -0.02915900 -0.04675500
v 0.13970000 -0.02915900 -0.04675500
v 0.13970000 -0.02915900 -0.04675500
v 0.13970000 -0.02915900 -0.04675500
v 0.13589000 -0.03116600 -0.04675500
v 0.13589000 -0.03116600 -0.04675500
v 0.13589000 -0.03116600 -0.04675500
v 0.13589000 -0.03116600 -0.04675500
v 0.13589000 -0.03116600 -0.04675500
v 0.13970000 -0.03116600 -0.04675500
v 0.13970000 -0.03116600 -0.04675500
v 0.13970000 -0.03116600 -0.04675500
v 0.13970000 -0.03300900 -0.04642200
v 0.13970000 -0.03300900 -0.04642200
v 0.13970000 -0.03300900 -0.04642200
v 0.13970000 -0.03300900 -0.04642200
v 0.13970000 -0.03300900 -0.04642200
v 0.13970000 -0.03564900 -0.04518800
v 0.13970000 -0.03564900 -0.04518800
v 0.13970000 -0.03564900 -0.04518800
v 0.13970000 -0.03564900 -0.04518800
v 0.13970000 -0.03782400 -0.04323200
v 0.13970000 -0.03782400 -0.04323200
v 0.13970000 -0.03782400 -0.04323200
v 0.13970000 -0.03782400 -0.04323200
v 0.13970000 -0.03782400 -0.04323200
v 0.13970000 -0.03948100 -0.04041200
v 0.13970000 -0.03948100 -0.04041200
v 0.13970000 -0.03948100 -0.04041200
v 0.13970000 -0.03948100 -0.04041200
v 0.13970000 -0.03948100 -0.04041200
v 0.13970000 -0.03948100 -0.04041200
v 0.13970000 -0.01887000 -0.03936800
v 0.13970000 -0.01887000 -0.03936800
v 0.13970000 -0.01887000 -0.03936800
v 0.13970000 -0.01887000 -0.03936800
v 0.13970000 -0.01887000 -0.03936800
v 0.13970000 -0.01887000 -0.03936800
v 0.13970000 -0.01887000 -0.03936800
v 0.13970000 -0.02423600 -0.04688600
v 0.13970000 -0.02423600 -0.04688600
v 0.13970000 -0.02423600 -0.04688600
v 0.13970000 -0.02423600 -0.04688600
v 0.13970000 -0.02054400 -0.04335500
v 0.13970000 -0.02054400 -0.04335500
v 0.13970000 -0.02054400 -0.04335500
v 0.13970000 -0.02054400 -0.04335500
v 0.13970000 -0.02054400 -0.04335500
v 0.13970000 -0.02054400 -0.04335500
v 0.13970000 -0.02054400 -0.04335500
v 0.13970000 -0.03878600 -0.02923300
v 0.13970000 -0.03878600 -0.02923300
v 0.13970000 -0.03878600 -0.02923300
v 0.13970000 -0.03878600 -0.02923300
v 0.13970000 -0.03606700 -0.02696200
v 0.13970000 -0.03606700 -0.02696200
v 0.13970000 -0.03606700 -0.02696200
v 0.13970000 -0.03606700 -0.02696200
v 0.13970000 -0.04089300 -0.03253600
v 0.13970000 -0.04089300 -0.03253600
v 0.13970000 -0.04089300 -0.03253600
v 0.13970000 -0.04089300 -0.03253600
v 0.13970000 -0.04089300 -0.03253600
v 0.13970000 -0.04089300 -0.03253600
v 0.13970000 -0.04089300 -0.03253600
v 0.13970000 -0.03239800 -0.02555900
v 0.13970000 -0.03239800 -0.02555900
v 0.13970000 -0.03239800 -0.02555900
v 0.13970000 -0.03239800 -0.02555900
v 0.13970000 -0.04172100 -0.03678100
v 0.13970000 -0.04172100 -0.03678100
v 0.13970000 -0.04172100 -0.03678100
v 0.13970000 -0.04172100 -0.03678100
v 0.13970000 -0.02887100 -0.02543300
v 0.13970000 -0.02887100 -0.02543300
v 0.13970000 -0.02887100 -0.02543300
v 0.13970000 -0.02887100 -0.02543300
v 0.13970000 -0.04086300 -0.04141100
v 0.13970000 -0.04086300 -0.04141100
v 0.13970000 -0.04086300 -0.04141100
v 0.13970000 -0.04086300 -0.04141100
v 0.13970000 -0.04086300 -0.04141100
v 0.13970000 -0.04086300 -0.04141100
v 0.13970000 -0.04086300 -0.04141100
v 0.13970000 -0.02470900 -0.02664800
v 0.13970000 -0.02470900 -0.02664800
v 0.13970000 -0.02470900 -0.02664800
v 0.13970000 -0.02470900 -0.02664800
v 0.13970000 -0.02470900 -0.02664800
v 0.13970000 -0.03813800 -0.04526600
v 0.13970000 -0.03813800 -0.04526600
v 0.13970000 -0.03813800 -0.04526600
v 0.13970000 -0.03813800 -0.04526600
v 0.13970000 -0.02112200 -0.02969800
v 0.13970000 -0.02112200 -0.02969800
v 0.13970000 -0.02112200 -0.02969800
v 0.13970000 -0.02112200 -0.02969800
v 0.13970000 -0.03555100 -0.04708600
v 0.13970000 -0.03555100 -0.04708600
v 0.13970000 -0.03555100 -0.04708600
v 0.13970000 -0.01923200 -0.03314100
v 0.13970000 -0.01923200 -0.03314100
v 0.13970000 -0.01923200 -0.03314100
v 0.13970000 -0.01923200 -0.03314100
v 0.13970000 -0.01923200 -0.03314100
v 0.13970000 -0.01923200 -0.03314100
v 0.13970000 -0.01923200 -0.03314100
v 0.13970000 -0.03225100 -0.04829300
v 0.13970000 -0.03225100 -0.04829300
v 0.13970000 -0.03225100 -0.04829300
v 0.13970000 -0.03225100 -0.04829300
v 0.13970000 -0.03225100 -0.04829300
v 0.13970000 -0.03116600 -0.04759300
v 0.13970000 -0.03116600 -0.04759300
v 0.13970000 -0.03116600 -0.04759300
v 0.13970000 -0.01866000 -0.03621200
v 0.13970000 -0.01866000 -0.03621200
v 0.13970000 -0.01866000 -0.03621200
v 0.13970000 -0.02915900 -0.04759300
v 0.13970000 -0.02915900 -0.04759300
v 0.13970000 -0.02915900 -0.04759300
v 0.13970000 -0.02831200 -0.04828900
v 0.13970000 -0.02831200 -0.04828900
v 0.13970000 -0.02831200 -0.04828900
v 0.13970000 -0.02831200 -0.04828900
v 0.14046600 -0.03854900 -0.04485500
v 0.14046600 -0.03854900 -0.04485500
v 0.14046600 -0.03854900 -0.04485500
v 0.14046600 -0.03854900 -0.04485500
v 0.14046600 -0.03854900 -0.04485500
v 0.14046600 -0.03854900 -0.04485500
v 0.14046400 -0.02583500 -0.04759600
v 0.14046400 -0.02583500 -0.04759600
v 0.14046400 -0.02583500 -0.04759600
v 0.14046400 -0.02583500 -0.04759600
v 0.14046400 -0.02583500 -0.04759600
v 0.14046400 -0.02583500 -0.04759600
v 0.14046100 -0.04072900 -0.04158600
v 0.14046100 -0.04072900 -0.04158600
v 0.14046100 -0.04072900 -0.04158600
v 0.14046100 -0.04072900 -0.04158600
v 0.14046100 -0.04072900 -0.04158600
v 0.14046600 -0.01859400 -0.03650100
v 0.14046600 -0.01859400 -0.03650100
v 0.14046600 -0.01859400 -0.03650100
v 0.14046600 -0.01859400 -0.03650100
v 0.14046600 -0.01859400 -0.03650100
v 0.14046600 -0.01859400 -0.03650100
v 0.14046600 -0.01859400 -0.03650100
v 0.14046100 -0.02888500 -0.04836800
v 0.14046100 -0.02888500 -0.04836800
v 0.14046100 -0.02888500 -0.04836800
v 0.14046100 -0.02888500 -0.04836800
v 0.14046100 -0.02888500 -0.04836800
v 0.14046500 -0.01913900 -0.04031100
v 0.14046500 -0.01913900 -0.04031100
v 0.14046500 -0.01913900 -0.04031100
v 0.14046500 -0.01913900 -0.04031100
v 0.14046500 -0.01913900 -0.04031100
v 0.14046500 -0.01913900 -0.04031100
v 0.14046400 -0.03202500 -0.04828700
v 0.14046400 -0.03202500 -0.04828700
v 0.14046400 -0.03202500 -0.04828700
v 0.14046400 -0.03202500 -0.04828700
v 0.14046400 -0.03202500 -0.04828700
v 0.14046100 -0.04173500 -0.03739800
v 0.14046100 -0.04173500 -0.03739800
v 0.14046100 -0.04173500 -0.03739800
v 0.14046100 -0.04173500 -0.03739800
v 0.14046100 -0.04173500 -0.03739800
v 0.14046100 -0.02066700 -0.04349200
v 0.14046100 -0.02066700 -0.04349200
v 0.14046100 -0.02066700 -0.04349200
v 0.14046100 -0.02066700 -0.04349200
v 0.14046100 -0.02066700 -0.04349200
v 0.14046100 -0.03539100 -0.04720900
v 0.14046100 -0.03539100 -0.04720900
v 0.14046100 -0.03539100 -0.04720900
v 0.14046100 -0.03539100 -0.04720900
v 0.14046100 -0.03539100 -0.04720900
v 0.14046100 -0.03539100 -0.04720900
v 0.14046100 -0.02311200 -0.04603400
v 0.14046100 -0.02311200 -0.04603400
v 0.14046100 -0.02311200 -0.04603400
v 0.14046100 -0.02311200 -0.04603400
v 0.14046100 -0.02311200 -0.04603400
v 0.14046100 -0.02078000 -0.03014900
v 0.14046100 -0.02078000 -0.03014900
v 0.14046100 -0.02078000 -0.03014900
v 0.14046100 -0.02078000 -0.03014900
v 0.14046100 -0.02078000 -0.03014900
v 0.14046100 -0.02078000 -0.03014900
v 0.14046500 -0.03475600 -0.02630000
v 0.14046500 -0.03475600 -0.02630000
v 0.14046500 -0.03475600 -0.02630000
v 0.14046500 -0.03475600 -0.02630000
v 0.14046500 -0.03475600 -0.02630000
v 0.14046500 -0.03475600 -0.02630000
v 0.14046100 -0.03144000 -0.02543200
v 0.14046100 -0.03144000 -0.02543200
v 0.14046100 -0.03144000 -0.02543200
v 0.14046100 -0.03144000 -0.02543200
v 0.14046100 -0.03144000 -0.02543200
v 0.14046100 -0.01930300 -0.03303300
v 0.14046100 -0.01930300 -0.03303300
v 0.14046100 -0.01930300 -0.03303300
v 0.14046100 -0.01930300 -0.03303300
v 0.14046500 -0.04118600 -0.03348800
v 0.14046500 -0.04118600 -0.03348800
v 0.14046500 -0.04118600 -0.03348800
v 0.14046500 -0.04118600 -0.03348800
v 0.14046500 -0.04118600 -0.03348800
v 0.14046500 -0.04118600 -0.03348800
v 0.14046400 -0.02830000 -0.02551200
v 0.14046400 -0.02830000 -0.02551200
v 0.14046400 -0.02830000 -0.02551200
v 0.14046400 -0.02830000 -0.02551200
v 0.14046400 -0.02830000 -0.02551200
v 0.14046400 -0.02830000 -0.02551200
v 0.14046100 -0.03965800 -0.03030800
v 0.14046100 -0.03965800 -0.03030800
v 0.14046100 -0.03965800 -0.03030800
v 0.14046100 -0.03965800 -0.03030800
v 0.14046100 -0.03965800 -0.03030800
v 0.14046100 -0.03965800 -0.03030800
v 0.14046100 -0.02493400 -0.02659100
v 0.14046100 -0.02493400 -0.02659100
v 0.14046100 -0.02493400 -0.02659100
v 0.14046100 -0.02493400 -0.02659100
v 0.14046100 -0.02493400 -0.02659100
v 0.14046100 -0.03743100 -0.02795200
v 0.14046100 -0.03743100 -0.02795200
v 0.14046100 -0.03743100 -0.02795200
v 0.14046100 -0.03743100 -0.02795200
v 0.14046100 -0.03743100 -0.02795200
v 0.14046300 -0.02264300 -0.02818300
v 0.14046300 -0.02264300 -0.02818300
v 0.14046300 -0.02264300 -0.02818300
v 0.14046300 -0.02264300 -0.02818300
v 0.14046300 -0.02264300 -0.02818300
v 0.14170700 -0.03227600 -0.02767500
v 0.14170700 -0.03227600 -0.02767500
v 0.14170700 -0.03227600 -0.02767500
v 0.14170700 -0.03227600 -0.02767500
v 0.14170700 -0.03227600 -0.02767500
v 0.14170700 -0.03227600 -0.02767500
v 0.14170700 -0.03227600 -0.02767500
v 0.14170700 -0.02174000 -0.03258500
v 0.14170700 -0.02174000 -0.03258500
v 0.14170700 -0.02174000 -0.03258500
v 0.14170700 -0.02174000 -0.03258500
v 0.14170700 -0.02174000 -0.03258500
v 0.14170700 -0.02174000 -0.03258500
v 0.14170700 -0.02174000 -0.03258500
v 0.14170900 -0.03958800 -0.03832900
v 0.14170900 -0.03958800 -0.03832900
v 0.14170900 -0.03958800 -0.03832900
v 0.14170900 -0.03958800 -0.03832900
v 0.14170900 -0.03958800 -0.03832900
v 0.14170900 -0.03958800 -0.03832900
v 0.14170900 -0.03958800 -0.03832900
v 0.14170900 -0.03958800 -0.03832900
v 0.14170700 -0.03858500 -0.03258500
v 0.14170700 -0.03858500 -0.03258500
v 0.14170700 -0.03858500 -0.03258500
v 0.14170700 -0.03858500 -0.03258500
v 0.14170700 -0.03858500 -0.03258500
v 0.14170700 -0.03858500 -0.03258500
v 0.14170700 -0.02072600 -0.03761100
v 0.14170700 -0.02072600 -0.03761100
v 0.14170700 -0.02072600 -0.03761100
v 0.14170700 -0.02072600 -0.03761100
v 0.14170700 -0.02072600 -0.03761100
v 0.14170700 -0.02072600 -0.03761100
v 0.14170700 -0.02760800 -0.02782600
v 0.14170700 -0.02760800 -0.02782600
v 0.14170700 -0.02760800 -0.02782600
v 0.14170700 -0.02760800 -0.02782600
v 0.14170700 -0.02760800 -0.02782600
v 0.14170700 -0.02760800 -0.02782600
v 0.14170700 -0.02439800 -0.02948900
v 0.14170700 -0.02439800 -0.02948900
v 0.14170700 -0.02439800 -0.02948900
v 0.14170700 -0.02439800 -0.02948900
v 0.14170700 -0.02439800 -0.02948900
v 0.14170700 -0.02439800 -0.02948900
v 0.14170700 -0.03592700 -0.02948900
v 0.14170700 -0.03592700 -0.02948900
v 0.14170700 -0.03592700 -0.02948900
v 0.14170700 -0.03592700 -0.02948900
v 0.14170700 -0.03592700 -0.02948900
v 0.14170700 -0.03592700 -0.02948900
v 0.14170700 -0.03592700 -0.02948900
v 0.14170900 -0.02873300 -0.04632600
v 0.14170900 -0.02873300 -0.04632600
v 0.14170900 -0.02873300 -0.04632600
v 0.14170900 -0.02873300 -0.04632600
v 0.14170900 -0.02873300 -0.04632600
v 0.14170900 -0.02873300 -0.04632600
v 0.14170900 -0.02873300 -0.04632600
v 0.14170900 -0.02873300 -0.04632600
v 0.14170700 -0.02213500 -0.04180700
v 0.14170700 -0.02213500 -0.04180700
v 0.14170700 -0.02213500 -0.04180700
v 0.14170700 -0.02213500 -0.04180700
v 0.14170700 -0.02213500 -0.04180700
v 0.14170700 -0.02213500 -0.04180700
v 0.14170700 -0.03447700 -0.04532200
v 0.14170700 -0.03447700 -0.04532200
v 0.14170700 -0.03447700 -0.04532200
v 0.14170700 -0.03447700 -0.04532200
v 0.14170700 -0.03447700 -0.04532200
v 0.14170700 -0.03447700 -0.04532200
v 0.14170700 -0.03447700 -0.04532200
v 0.14170700 -0.02439800 -0.04431100
v 0.14170700 -0.02439800 -0.04431100
v 0.14170700 -0.02439800 -0.04431100
v 0.14170700 -0.02439800 -0.04431100
v 0.14170700 -0.02439800 -0.04431100
v 0.14170700 -0.02439800 -0.04431100
v 0.14170700 -0.02439800 -0.04431100
v 0.14170700 -0.03757300 -0.04266400
v 0.14170700 -0.03757300 -0.04266400
v 0.14170700 -0.03757300 -0.04266400
v 0.14170700 -0.03757300 -0.04266400
v 0.14170700 -0.03757300 -0.04266400
v 0.14170700 -0.03732700 -0.03151800
v 0.14170700 -0.03732700 -0.03151800
v 0.14170700 -0.03732700 -0.03151800
v 0.14170700 -0.03732700 -0.03151800
v 0.14170700 -0.03732700 -0.03151800
v 0.14170700 -0.03732700 -0.03151800
v 0.14170700 -0.03732700 -0.03151800
v 0.14170700 -0.03460700 -0.02920100
v 0.14170700 -0.03460700 -0.02920100
v 0.14170700 -0.03460700 -0.02920100
v 0.14170700 -0.03460700 -0.02920100
v 0.14170700 -0.03460700 -0.02920100
v 0.14170700 -0.03460700 -0.02920100
v 0.14170700 -0.03875000 -0.03459900
v 0.14170700 -0.03875000 -0.03459900
v 0.14170700 -0.03875000 -0.03459900
v 0.14170700 -0.03875000 -0.03459900
v 0.14170700 -0.03875000 -0.03459900
v 0.14170700 -0.03875000 -0.03459900
v 0.14170600 -0.03133300 -0.02802300
v 0.14170600 -0.03133300 -0.02802300
v 0.14170600 -0.03133300 -0.02802300
v 0.14170600 -0.03133300 -0.02802300
v 0.14170600 -0.03133300 -0.02802300
v 0.14170600 -0.03133300 -0.02802300
v 0.14170600 -0.03133300 -0.02802300
v 0.14170500 -0.03905000 -0.03817600
v 0.14170500 -0.03905000 -0.03817600
v 0.14170500 -0.03905000 -0.03817600
v 0.14170500 -0.03905000 -0.03817600
v 0.14170500 -0.03905000 -0.03817600
v 0.14170500 -0.03905000 -0.03817600
v 0.14170500 -0.03905000 -0.03817600
v 0.14170700 -0.02786200 -0.02831300
v 0.14170700 -0.02786200 -0.02831300
v 0.14170700 -0.02786200 -0.02831300
v 0.14170700 -0.02786200 -0.02831300
v 0.14170700 -0.02786200 -0.02831300
v 0.14170700 -0.03713800 -0.04251900
v 0.14170700 -0.03713800 -0.04251900
v 0.14170700 -0.03713800 -0.04251900
v 0.14170700 -0.03713800 -0.04251900
v 0.14170700 -0.03713800 -0.04251900
v 0.14170700 -0.03713800 -0.04251900
v 0.14170700 -0.03713800 -0.04251900
v 0.14170700 -0.03713800 -0.04251900
v 0.14170600 -0.02470800 -0.02979900
v 0.14170600 -0.02470800 -0.02979900
v 0.14170600 -0.02470800 -0.02979900
v 0.14170600 -0.02470800 -0.02979900
v 0.14170600 -0.02470800 -0.02979900
v 0.14170600 -0.02470800 -0.02979900
v 0.14170700 -0.03358100 -0.04515300
v 0.14170700 -0.03358100 -0.04515300
v 0.14170700 -0.03358100 -0.04515300
v 0.14170700 -0.03358100 -0.04515300
v 0.14170700 -0.03358100 -0.04515300
v 0.14170700 -0.03358100 -0.04515300
v 0.14170600 -0.02191300 -0.03339400
v 0.14170600 -0.02191300 -0.03339400
v 0.14170600 -0.02191300 -0.03339400
v 0.14170600 -0.02191300 -0.03339400
v 0.14170600 -0.02191300 -0.03339400
v 0.14170600 -0.02191300 -0.03339400
v 0.14170600 -0.02191300 -0.03339400
v 0.14170700 -0.02920300 -0.04580600
v 0.14170700 -0.02920300 -0.04580600
v 0.14170700 -0.02920300 -0.04580600
v 0.14170700 -0.02920300 -0.04580600
v 0.14170700 -0.02920300 -0.04580600
v 0.14170500 -0.02127200 -0.03815100
v 0.14170500 -0.02127200 -0.03815100
v 0.14170500 -0.02127200 -0.03815100
v 0.14170500 -0.02127200 -0.03815100
v 0.14170500 -0.02127200 -0.03815100
v 0.14170500 -0.02127200 -0.03815100
v 0.14170700 -0.02571800 -0.04459900
v 0.14170700 -0.02571800 -0.04459900
v 0.14170700 -0.02571800 -0.04459900
v 0.14170700 -0.02571800 -0.04459900
v 0.14170700 -0.02571800 -0.04459900
v 0.14170700 -0.02571800 -0.04459900
v 0.14170700 -0.02307500 -0.04233800
v 0.14170700 -0.02307500 -0.04233800
v 0.14170700 -0.02307500 -0.04233800
v 0.14170700 -0.02307500 -0.04233800
v 0.14170700 -0.02307500 -0.04233800
v 0.14170700 -0.02307500 -0.04233800
v 0.14226600 -0.02655300 -0.02878200
v 0.14226600 -0.02655300 -0.02878200
v 0.14226600 -0.02655300 -0.02878200
v 0.14226600 -0.02655300 -0.02878200
v 0.14226600 -0.02655300 -0.02878200
v 0.14226600 -0.02655300 -0.02878200
v 0.14224600 -0.02385500 -0.03056400
v 0.14224600 -0.02385500 -0.03056400
v 0.14224600 -0.02385500 -0.03056400
v 0.14224600 -0.02385500 -0.03056400
v 0.14224600 -0.02385500 -0.03056400
v 0.14224600 -0.02385500 -0.03056400
v 0.14224600 -0.02385500 -0.03056400
v 0.14224900 -0.02202400 -0.03326300
v 0.14224900 -0.02202400 -0.03326300
v 0.14224900 -0.02202400 -0.03326300
v 0.14224900 -0.02202400 -0.03326300
v 0.14224900 -0.02202400 -0.03326300
v 0.14222200 -0.02125900 -0.03633000
v 0.14222200 -0.02125900 -0.03633000
v 0.14222200 -0.02125900 -0.03633000
v 0.14222200 -0.02125900 -0.03633000
v 0.14222200 -0.02125900 -0.03633000
v 0.14222400 -0.03904300 -0.03690400
v 0.14222400 -0.03904300 -0.03690400
v 0.14222400 -0.03904300 -0.03690400
v 0.14224500 -0.03900700 -0.03600700
v 0.14224500 -0.03900700 -0.03600700
v 0.14224500 -0.03900700 -0.03600700
v 0.14224500 -0.03900700 -0.03600700
v 0.14224500 -0.03900700 -0.03600700
v 0.14224500 -0.03900700 -0.03600700
v 0.14222100 -0.03857600 -0.03399600
v 0.14222100 -0.03857600 -0.03399600
v 0.14222100 -0.03857600 -0.03399600
v 0.14222100 -0.03857600 -0.03399600
v 0.14222100 -0.03857600 -0.03399600
v 0.14224600 -0.03757200 -0.03195900
v 0.14224600 -0.03757200 -0.03195900
v 0.14224600 -0.03757200 -0.03195900
v 0.14224600 -0.03757200 -0.03195900
v 0.14224600 -0.03757200 -0.03195900
v 0.14230900 -0.03600100 -0.03025800
v 0.14230900 -0.03600100 -0.03025800
v 0.14230900 -0.03600100 -0.03025800
v 0.14230900 -0.03600100 -0.03025800
v 0.14230900 -0.03600100 -0.03025800
v 0.14230900 -0.03600100 -0.03025800
v 0.14230900 -0.03600100 -0.03025800
v 0.14222500 -0.03391200 -0.02880600
v 0.14222500 -0.03391200 -0.02880600
v 0.14222500 -0.03391200 -0.02880600
v 0.14222500 -0.03391200 -0.02880600
v 0.14222500 -0.03391200 -0.02880600
v 0.14221500 -0.03132200 -0.02808600
v 0.14221500 -0.03132200 -0.02808600
v 0.14221500 -0.03132200 -0.02808600
v 0.14221500 -0.03132200 -0.02808600
v 0.14221500 -0.03132200 -0.02808600
v 0.14221200 -0.02870900 -0.02809900
v 0.14221200 -0.02870900 -0.02809900
v 0.14221200 -0.02870900 -0.02809900
v 0.14221200 -0.02870900 -0.02809900
v 0.14221200 -0.02870900 -0.02809900
v 0.14222900 -0.02181300 -0.04014200
v 0.14222900 -0.02181300 -0.04014200
v 0.14222900 -0.02181300 -0.04014200
v 0.14222900 -0.02181300 -0.04014200
v 0.14222900 -0.02181300 -0.04014200
v 0.14222900 -0.02181300 -0.04014200
v 0.14221500 -0.02387600 -0.04318600
v 0.14221500 -0.02387600 -0.04318600
v 0.14221500 -0.02387600 -0.04318600
v 0.14221500 -0.02387600 -0.04318600
v 0.14221500 -0.02387600 -0.04318600
v 0.14223600 -0.02671700 -0.04514100
v 0.14223600 -0.02671700 -0.04514100
v 0.14223600 -0.02671700 -0.04514100
v 0.14223600 -0.02671700 -0.04514100
v 0.14223600 -0.02671700 -0.04514100
v 0.14223600 -0.02671700 -0.04514100
v 0.14223600 -0.02671700 -0.04514100
v 0.14221900 -0.03119900 -0.04579900
v 0.14221900 -0.03119900 -0.04579900
v 0.14221900 -0.03119900 -0.04579900
v 0.14221900 -0.03119900 -0.04579900
v 0.14221900 -0.03119900 -0.04579900
v 0.14221500 -0.03460700 -0.04459900
v 0.14221500 -0.03460700 -0.04459900
v 0.14221500 -0.03460700 -0.04459900
v 0.14221500 -0.03460700 -0.04459900
v 0.14221500 -0.03460700 -0.04459900
v 0.14229500 -0.03634200 -0.04328400
v 0.14229500 -0.03634200 -0.04328400
v 0.14229500 -0.03634200 -0.04328400
v 0.14229500 -0.03634200 -0.04328400
v 0.14229500 -0.03634200 -0.04328400
v 0.14229500 -0.03634200 -0.04328400
v 0.14229500 -0.03634200 -0.04328400
v 0.14224000 -0.03786900 -0.04132100
v 0.14224000 -0.03786900 -0.04132100
v 0.14224000 -0.03786900 -0.04132100
v 0.14224000 -0.03786900 -0.04132100
v 0.14224000 -0.03786900 -0.04132100
v 0.14224000 -0.03883300 -0.03899300
v 0.14224000 -0.03883300 -0.03899300
v 0.14224000 -0.03883300 -0.03899300
v 0.14224000 -0.03883300 -0.03899300
v 0.14224000 -0.03883300 -0.03899300
v 0.14224000 -0.03883300 -0.03899300
v 0.14357900 -0.02309700 -0.03785100
v 0.14357900 -0.02309700 -0.03785100
v 0.14357900 -0.02309700 -0.03785100
v 0.14357900 -0.02309700 -0.03785100
v 0.14357900 -0.02309700 -0.03785100
v 0.14357900 -0.02309700 -0.03785100
v 0.14357900 -0.02309700 -0.03785100
v 0.14442700 -0.02509100 -0.03914800
v 0.14442700 -0.02509100 -0.03914800
v 0.14442700 -0.02509100 -0.03914800
v 0.14442700 -0.02509100 -0.03914800
v 0.14442700 -0.02509100 -0.03914800
v 0.14352700 -0.02488900 -0.04171700
v 0.14352700 -0.02488900 -0.04171700
v 0.14352700 -0.02488900 -0.04171700
v 0.14352700 -0.02488900 -0.04171700
v 0.14352700 -0.02488900 -0.04171700
v 0.14352700 -0.02488900 -0.04171700
v 0.14374800 -0.02733800 -0.04305200
v 0.14374800 -0.02733800 -0.04305200
v 0.14374800 -0.02733800 -0.04305200
v 0.14374800 -0.02733800 -0.04305200
v 0.14374800 -0.02733800 -0.04305200
v 0.14374800 -0.02733800 -0.04305200
v 0.14284900 -0.03131400 -0.04507500
v 0.14284900 -0.03131400 -0.04507500
v 0.14284900 -0.03131400 -0.04507500
v 0.14284900 -0.03131400 -0.04507500
v 0.14284900 -0.03131400 -0.04507500
v 0.14284900 -0.03131400 -0.04507500
v 0.14284900 -0.03131400 -0.04507500
v 0.14284900 -0.03131400 -0.04507500
v 0.14225900 -0.03743100 -0.04002400
v 0.14225900 -0.03743100 -0.04002400
v 0.14225900 -0.03743100 -0.04002400
v 0.14225900 -0.03743100 -0.04002400
v 0.14225900 -0.03743100 -0.04002400
v 0.14225900 -0.03743100 -0.04002400
v 0.14225900 -0.03743100 -0.04002400
v 0.14267000 -0.03254900 -0.02884000
v 0.14267000 -0.03254900 -0.02884000
v 0.14267000 -0.03254900 -0.02884000
v 0.14267000 -0.03254900 -0.02884000
v 0.14267000 -0.03254900 -0.02884000
v 0.14267000 -0.03254900 -0.02884000
v 0.14267000 -0.03254900 -0.02884000
v 0.14436900 -0.02526300 -0.03423500
v 0.14436900 -0.02526300 -0.03423500
v 0.14436900 -0.02526300 -0.03423500
v 0.14436900 -0.02526300 -0.03423500
v 0.14436900 -0.02526300 -0.03423500
v 0.14392400 -0.02669200 -0.03143300
v 0.14392400 -0.02669200 -0.03143300
v 0.14392400 -0.02669200 -0.03143300
v 0.14392400 -0.02669200 -0.03143300
v 0.14392400 -0.02669200 -0.03143300
v 0.14392400 -0.02669200 -0.03143300
v 0.14321600 -0.02954000 -0.02930000
v 0.14321600 -0.02954000 -0.02930000
v 0.14321600 -0.02954000 -0.02930000
v 0.14321600 -0.02954000 -0.02930000
v 0.14321600 -0.02954000 -0.02930000
v 0.14321600 -0.02954000 -0.02930000
v 0.14321600 -0.02954000 -0.02930000
v 0.14235300 -0.03559500 -0.03377600
v 0.14235300 -0.03559500 -0.03377600
v 0.14235300 -0.03559500 -0.03377600
v 0.14235300 -0.03559500 -0.03377600
v 0.14235300 -0.03559500 -0.03377600
v 0.14235300 -0.03559500 -0.03377600
v 0.14235500 -0.03557900 -0.03994600
v 0.14235500 -0.03557900 -0.03994600
v 0.14235500 -0.03557900 -0.03994600
v 0.14235500 -0.03557900 -0.03994600
v 0.14235500 -0.03557900 -0.03994600
v 0.14235500 -0.03557900 -0.03994600
v 0.14235500 -0.03557900 -0.03994600
v 0.14230200 -0.03641600 -0.04048100
v 0.14230200 -0.03641600 -0.04048100
v 0.14230200 -0.03641600 -0.04048100
v 0.14230200 -0.03641600 -0.04048100
v 0.14230200 -0.03641600 -0.04048100
v 0.14229200 -0.03661000 -0.03331900
v 0.14229200 -0.03661000 -0.03331900
v 0.14229200 -0.03661000 -0.03331900
v 0.14229200 -0.03661000 -0.03331900
v 0.14229200 -0.03661000 -0.03331900
v 0.14229200 -0.03661000 -0.03331900
v 0.14225900 -0.03744600 -0.03385400
v 0.14225900 -0.03744600 -0.03385400
v 0.14225900 -0.03744600 -0.03385400
v 0.14225900 -0.03744600 -0.03385400
v 0.14225900 -0.03744600 -0.03385400
v 0.14225900 -0.03744600 -0.03385400
v 0.14225900 -0.03744600 -0.03385400
v 0.14225900 -0.03744600 -0.03385400
v 0.14344700 -0.02331400 -0.03445800
v 0.14344700 -0.02331400 -0.03445800
v 0.14344700 -0.02331400 -0.03445800
v 0.14344700 -0.02331400 -0.03445800
v 0.14170700 -0.03567100 -0.03363600
v 0.14170700 -0.03567100 -0.03363600
v 0.14170700 -0.03567100 -0.03363600
v 0.14170700 -0.03567100 -0.03363600
v 0.14170700 -0.03692600 -0.03339000
v 0.14170700 -0.03692600 -0.03339000
v 0.14170700 -0.03692600 -0.03339000
v 0.14170700 -0.03692600 -0.03339000
v 0.14170700 -0.03750100 -0.03405100
v 0.14170700 -0.03750100 -0.03405100
v 0.14170700 -0.03750100 -0.03405100
v 0.14170700 -0.03750100 -0.03405100
v 0.14170700 -0.03552400 -0.03974900
v 0.14170700 -0.03552400 -0.03974900
v 0.14170700 -0.03552400 -0.03974900
v 0.14170700 -0.03552400 -0.03974900
v 0.14170700 -0.03735400 -0.04016400
v 0.14170700 -0.03735400 -0.04016400
v 0.14170700 -0.03735400 -0.04016400
v 0.14170700 -0.03735400 -0.04016400
v 0.14170700 -0.03609900 -0.04041000
v 0.14170700 -0.03609900 -0.04041000
v 0.14170700 -0.03609900 -0.04041000
v 0.14170700 -0.03609900 -0.04041000
v 0.13589000 -0.03116600 -0.04759300
v 0.13589000 -0.03116600 -0.04759300
v 0.13589000 -0.03116600 -0.04759300
v 0.13589000 -0.02915900 -0.04759300
v 0.13589000 -0.02915900 -0.04759300
v 0.13589000 -0.02915900 -0.04759300
v 0.13589000 -0.02915900 -0.04759300
v 0.13716000 -0.01865600 -0.03880500
v 0.13716000 -0.01865600 -0.03880500
v 0.13716000 -0.01865600 -0.03880500
v 0.13716000 -0.01865600 -0.03880500
v 0.13716000 -0.01865600 -0.03880500
v 0.13716000 -0.01865600 -0.03880500
v 0.13716000 -0.01865600 -0.03880500
v 0.13716000 -0.01865600 -0.03880500
v 0.13716000 -0.01865600 -0.03499500
v 0.13716000 -0.01865600 -0.03499500
v 0.13716000 -0.01865600 -0.03499500
v 0.13716000 -0.01865600 -0.03499500
v 0.13716000 -0.01865600 -0.03499500
v 0.13716000 -0.01865600 -0.03499500
v 0.13716000 -0.01865600 -0.03499500
v 0.13716000 -0.01865600 -0.03499500
v 0.13699800 -0.01933500 -0.03499500
v 0.13699800 -0.01933500 -0.03499500
v 0.13699800 -0.01933500 -0.03499500
v 0.13699800 -0.01933500 -0.03499500
v 0.13699800 -0.01933500 -0.03499500
v 0.13699800 -0.01933500 -0.03880500
v 0.13699800 -0.01933500 -0.03880500
v 0.13699800 -0.01933500 -0.03880500
v 0.13699800 -0.01933500 -0.03880500
v 0.11711900 -0.02344400 -0.03927500
v 0.11711900 -0.02344400 -0.03927500
v 0.11711900 -0.02344400 -0.03927500
v 0.11711900 -0.02265700 -0.03927500
v 0.11711900 -0.02265700 -0.03927500
v 0.11711900 -0.02265700 -0.03927500
v 0.12062300 -0.02265700 -0.03797900
v 0.12062300 -0.02265700 -0.03797900
v 0.12062300 -0.02265700 -0.03797900
v 0.12062300 -0.02265700 -0.03797900
v 0.12137300 -0.02265700 -0.03729900
v 0.12137300 -0.02265700 -0.03729900
v 0.12137300 -0.02265700 -0.03729900
v 0.12137300 -0.02265700 -0.03729900
v 0.12109200 -0.02265700 -0.03603500
v 0.12109200 -0.02265700 -0.03603500
v 0.12109200 -0.02265700 -0.03603500
v 0.12109200 -0.02265700 -0.03603500
v 0.11945500 -0.02265700 -0.03773900
v 0.11945500 -0.02265700 -0.03773900
v 0.11945500 -0.02265700 -0.03773900
v 0.11945500 -0.02265700 -0.03773900
v 0.11945500 -0.02265700 -0.03773900
v 0.11923900 -0.02265700 -0.03646300
v 0.11923900 -0.02265700 -0.03646300
v 0.11923900 -0.02265700 -0.03646300
v 0.11923900 -0.02265700 -0.03646300
v 0.11711900 -0.02265700 -0.03452500
v 0.11711900 -0.02265700 -0.03452500
v 0.11711900 -0.02265700 -0.03452500
v 0.11996600 -0.02265700 -0.03582000
v 0.11996600 -0.02265700 -0.03582000
v 0.11996600 -0.02265700 -0.03582000
v 0.11996600 -0.02265700 -0.03582000
v 0.11711900 -0.02344400 -0.03452500
v 0.11711900 -0.02344400 -0.03452500
v 0.11711900 -0.02344400 -0.03452500
v 0.11941000 -0.02344400 -0.03763400
v 0.11941000 -0.02344400 -0.03763400
v 0.11941000 -0.02344400 -0.03763400
v 0.12033200 -0.02344400 -0.03802800
v 0.12033200 -0.02344400 -0.03802800
v 0.12033200 -0.02344400 -0.03802800
v 0.12033200 -0.02344400 -0.03802800
v 0.11918700 -0.02344400 -0.03675400
v 0.11918700 -0.02344400 -0.03675400
v 0.11918700 -0.02344400 -0.03675400
v 0.11918700 -0.02344400 -0.03675400
v 0.11963000 -0.02344400 -0.03596200
v 0.11963000 -0.02344400 -0.03596200
v 0.11963000 -0.02344400 -0.03596200
v 0.11963000 -0.02344400 -0.03596200
v 0.12046600 -0.02344400 -0.03580000
v 0.12046600 -0.02344400 -0.03580000
v 0.12046600 -0.02344400 -0.03580000
v 0.12046600 -0.02344400 -0.03580000
v 0.12130500 -0.02344400 -0.03748300
v 0.12130500 -0.02344400 -0.03748300
v 0.12130500 -0.02344400 -0.03748300
v 0.12130500 -0.02344400 -0.03748300
v 0.12123200 -0.02344400 -0.03623500
v 0.12123200 -0.02344400 -0.03623500
v 0.12123200 -0.02344400 -0.03623500
v 0.12123200 -0.02344400 -0.03623500
v 0.11711900 -0.03055600 -0.03927500
v 0.11711900 -0.03055600 -0.03927500
v 0.11711900 -0.03055600 -0.03927500
v 0.11711900 -0.02976900 -0.03927500
v 0.11711900 -0.02976900 -0.03927500
v 0.11711900 -0.02976900 -0.03927500
v 0.12069400 -0.02976900 -0.03797800
v 0.12069400 -0.02976900 -0.03797800
v 0.12069400 -0.02976900 -0.03797800
v 0.12069400 -0.02976900 -0.03797800
v 0.12148100 -0.02976900 -0.03690000
v 0.12148100 -0.02976900 -0.03690000
v 0.12148100 -0.02976900 -0.03690000
v 0.12148100 -0.02976900 -0.03690000
v 0.12069400 -0.02976900 -0.03582200
v 0.12069400 -0.02976900 -0.03582200
v 0.12069400 -0.02976900 -0.03582200
v 0.12069400 -0.02976900 -0.03582200
v 0.11956000 -0.02976900 -0.03778500
v 0.11956000 -0.02976900 -0.03778500
v 0.11956000 -0.02976900 -0.03778500
v 0.11956000 -0.02976900 -0.03778500
v 0.11917100 -0.02976900 -0.03690000
v 0.11917100 -0.02976900 -0.03690000
v 0.11917100 -0.02976900 -0.03690000
v 0.11917100 -0.02976900 -0.03690000
v 0.11711900 -0.02976900 -0.03452500
v 0.11711900 -0.02976900 -0.03452500
v 0.11711900 -0.02976900 -0.03452500
v 0.11956000 -0.02976900 -0.03601500
v 0.11956000 -0.02976900 -0.03601500
v 0.11956000 -0.02976900 -0.03601500
v 0.11956000 -0.02976900 -0.03601500
v 0.11711900 -0.03055600 -0.03452500
v 0.11711900 -0.03055600 -0.03452500
v 0.11711900 -0.03055600 -0.03452500
v 0.12018800 -0.03055600 -0.03804500
v 0.12018800 -0.03055600 -0.03804500
v 0.12018800 -0.03055600 -0.03804500
v 0.12018800 -0.03055600 -0.03804500
v 0.11933700 -0.03055600 -0.03749700
v 0.11933700 -0.03055600 -0.03749700
v 0.11933700 -0.03055600 -0.03749700
v 0.11933700 -0.03055600 -0.03749700
v 0.11919500 -0.03055600 -0.03664500
v 0.11919500 -0.03055600 -0.03664500
v 0.11919500 -0.03055600 -0.03664500
v 0.11919500 -0.03055600 -0.03664500
v 0.11972700 -0.03055600 -0.03591700
v 0.11972700 -0.03055600 -0.03591700
v 0.11972700 -0.03055600 -0.03591700
v 0.11972700 -0.03055600 -0.03591700
v 0.12133600 -0.03055600 -0.03744700
v 0.12133600 -0.03055600 -0.03744700
v 0.12133600 -0.03055600 -0.03744700
v 0.12133600 -0.03055600 -0.03744700
v 0.12102300 -0.03055600 -0.03595000
v 0.12102300 -0.03055600 -0.03595000
v 0.12102300 -0.03055600 -0.03595000
v 0.12102300 -0.03055600 -0.03595000
v 0.11938000 -0.03713500 -0.03632800
v 0.11938000 -0.03713500 -0.03632800
v 0.11938000 -0.03713500 -0.03632800
v 0.11938000 -0.03713500 -0.03632800
v 0.11938000 -0.03713500 -0.03632800
v 0.11938000 -0.03713500 -0.03452500
v 0.11938000 -0.03713500 -0.03452500
v 0.11938000 -0.03713500 -0.03452500
v 0.11938000 -0.03713500 -0.03452500
v 0.11938000 -0.03713500 -0.03452500
v 0.11988800 -0.03727400 -0.03592200
v 0.11988800 -0.03727400 -0.03592200
v 0.11988800 -0.03727400 -0.03592200
v 0.11988800 -0.03727400 -0.03592200
v 0.11988800 -0.03727400 -0.03592200
v 0.11988800 -0.03727400 -0.03592200
v 0.11988800 -0.03727400 -0.03592200
v 0.11988800 -0.03727400 -0.03493100
v 0.11988800 -0.03727400 -0.03493100
v 0.11988800 -0.03727400 -0.03493100
v 0.11988800 -0.03727400 -0.03493100
v 0.12189500 -0.03727400 -0.03493100
v 0.12189500 -0.03727400 -0.03493100
v 0.12189500 -0.03727400 -0.03493100
v 0.12189500 -0.03727400 -0.03493100
v 0.12189500 -0.03727400 -0.03493100
v 0.12189500 -0.03713500 -0.03592200
v 0.12189500 -0.03713500 -0.03592200
v 0.12189500 -0.03713500 -0.03592200
v 0.12189500 -0.03713500 -0.03592200
v 0.12189500 -0.03713500 -0.03592200
v 0.12189500 -0.03713500 -0.03592200
v 0.11938000 -0.03741400 -0.03452500
v 0.11938000 -0.03741400 -0.03452500
v 0.11938000 -0.03741400 -0.03452500
v 0.11938000 -0.03741400 -0.03452500
v 0.11938000 -0.03741400 -0.03452500
v 0.11938000 -0.03741400 -0.03632800
v 0.11938000 -0.03741400 -0.03632800
v 0.11938000 -0.03741400 -0.03632800
v 0.11938000 -0.03741400 -0.03632800
v 0.11938000 -0.03741400 -0.03632800
v 0.12189500 -0.03741400 -0.03592200
v 0.12189500 -0.03741400 -0.03592200
v 0.12189500 -0.03741400 -0.03592200
v 0.12189500 -0.03741400 -0.03592200
v 0.12189500 -0.03741400 -0.03592200
v 0.12189500 -0.03741400 -0.03592200
v 0.11938000 -0.03713500 -0.03747100
v 0.11938000 -0.03713500 -0.03747100
v 0.11938000 -0.03713500 -0.03747100
v 0.11938000 -0.03713500 -0.03747100
v 0.11988800 -0.03727400 -0.03787800
v 0.11988800 -0.03727400 -0.03787800
v 0.11988800 -0.03727400 -0.03787800
v 0.11988800 -0.03727400 -0.03787800
v 0.11988800 -0.03727400 -0.03787800
v 0.11988800 -0.03727400 -0.03787800
v 0.11938000 -0.03713500 -0.03927500
v 0.11938000 -0.03713500 -0.03927500
v 0.11938000 -0.03713500 -0.03927500
v 0.11938000 -0.03713500 -0.03927500
v 0.11938000 -0.03713500 -0.03927500
v 0.11938000 -0.03713500 -0.03927500
v 0.11988800 -0.03727400 -0.03886800
v 0.11988800 -0.03727400 -0.03886800
v 0.11988800 -0.03727400 -0.03886800
v 0.11988800 -0.03727400 -0.03886800
v 0.11988800 -0.03727400 -0.03886800
v 0.12189500 -0.03727400 -0.03787800
v 0.12189500 -0.03727400 -0.03787800
v 0.12189500 -0.03727400 -0.03787800
v 0.12189500 -0.03727400 -0.03787800
v 0.12189500 -0.03727400 -0.03787800
v 0.12189500 -0.03713500 -0.03886800
v 0.12189500 -0.03713500 -0.03886800
v 0.12189500 -0.03713500 -0.03886800
v 0.12189500 -0.03713500 -0.03886800
v 0.12189500 -0.03713500 -0.03886800
v 0.12189500 -0.03713500 -0.03886800
v 0.11938000 -0.03741400 -0.03747100
v 0.11938000 -0.03741400 -0.03747100
v 0.11938000 -0.03741400 -0.03747100
v 0.11938000 -0.03741400 -0.03747100
v 0.11938000 -0.03741400 -0.03927500
v 0.11938000 -0.03741400 -0.03927500
v 0.11938000 -0.03741400 -0.03927500
v 0.11938000 -0.03741400 -0.03927500
v 0.11938000 -0.03741400 -0.03927500
v 0.11938000 -0.03741400 -0.03927500
v 0.12189500 -0.03741400 -0.03886800
v 0.12189500 -0.03741400 -0.03886800
v 0.12189500 -0.03741400 -0.03886800
v 0.12189500 -0.03741400 -0.03886800
v 0.12189500 -0.03741400 -0.03886800
v 0.12189500 -0.03741400 -0.03886800
v 0.13283500 -0.03606600 0.07351300
v 0.13283500 -0.03606600 0.07351300
v 0.13283500 -0.03606600 0.07351300
v 0.13283500 -0.03606600 0.07351300
v 0.13283500 -0.03606600 0.07351300
v 0.13283500 -0.03606600 0.07351300
v 0.13283500 -0.03606600 0.07351300
v 0.13283500 -0.03794700 0.07363200
v 0.13283500 -0.03794700 0.07363200
v 0.13283500 -0.03794700 0.07363200
v 0.13283500 -0.03794700 0.07363200
v 0.13283500 -0.03794700 0.07363200
v 0.13282900 -0.04771900 0.07133600
v 0.13282900 -0.04771900 0.07133600
v 0.13282900 -0.04771900 0.07133600
v 0.13282900 -0.04771900 0.07133600
v 0.13282900 -0.04771900 0.07133600
v 0.13282900 -0.04771900 0.07133600
v 0.13282900 -0.04771900 0.07133600
v 0.13282700 -0.05744800 0.07133600
v 0.13282700 -0.05744800 0.07133600
v 0.13282700 -0.05744800 0.07133600
v 0.13282700 -0.05744800 0.07133600
v 0.13280600 -0.06207600 0.06851300
v 0.13280600 -0.06207600 0.06851300
v 0.13280600 -0.06207600 0.06851300
v 0.13280600 -0.06207600 0.06851300
v 0.13280600 -0.06207600 0.06851300
v 0.13280600 -0.06207600 0.06851300
v 0.13280600 -0.06207600 0.06851300
v 0.13283500 -0.03956700 0.07520600
v 0.13283500 -0.03956700 0.07520600
v 0.13283500 -0.03956700 0.07520600
v 0.13283500 -0.03956700 0.07520600
v 0.13283500 -0.03956700 0.07520600
v 0.13283500 -0.03956700 0.07520600
v 0.13283500 -0.03956700 0.07520600
v 0.13282800 -0.04771900 0.08106400
v 0.13282800 -0.04771900 0.08106400
v 0.13282800 -0.04771900 0.08106400
v 0.13282800 -0.04771900 0.08106400
v 0.13282800 -0.04771900 0.08106400
v 0.13282800 -0.04771900 0.08106400
v 0.13282800 -0.04771900 0.08106400
v 0.13283500 -0.03926700 0.07768500
v 0.13283500 -0.03926700 0.07768500
v 0.13283500 -0.03926700 0.07768500
v 0.13283500 -0.03926700 0.07768500
v 0.13283500 -0.03926700 0.07768500
v 0.13279400 -0.06215800 0.08385800
v 0.13279400 -0.06215800 0.08385800
v 0.13279400 -0.06215800 0.08385800
v 0.13279400 -0.06215800 0.08385800
v 0.13279400 -0.06215800 0.08385800
v 0.13279400 -0.06215800 0.08385800
v 0.13279400 -0.06215800 0.08385800
v 0.13279400 -0.06215800 0.08385800
v 0.13279400 -0.06215800 0.08385800
v 0.13282700 -0.05744800 0.08106400
v 0.13282700 -0.05744800 0.08106400
v 0.13282700 -0.05744800 0.08106400
v 0.13283500 -0.03751900 0.07893600
v 0.13283500 -0.03751900 0.07893600
v 0.13283500 -0.03751900 0.07893600
v 0.13283500 -0.03751900 0.07893600
v 0.13283500 -0.03751900 0.07893600
v 0.13283500 -0.03751900 0.07893600
v 0.13279200 0.00499300 0.06853800
v 0.13279200 0.00499300 0.06853800
v 0.13279200 0.00499300 0.06853800
v 0.13279200 0.00499300 0.06853800
v 0.13279200 0.00499300 0.06853800
v 0.13279200 0.00499300 0.06853800
v 0.13279200 0.00499300 0.06853800
v 0.13279200 0.00499300 0.06853800
v 0.13279200 0.00499300 0.06853800
v 0.13279200 0.00499300 0.06853800
v 0.13279200 0.00499300 0.06853800
v 0.13283500 -0.03420000 0.07520600
v 0.13283500 -0.03420000 0.07520600
v 0.13283500 -0.03420000 0.07520600
v 0.13283500 -0.03420000 0.07520600
v 0.13283500 -0.03420000 0.07520600
v 0.13283500 -0.03420000 0.07520600
v 0.13279600 0.00459400 0.08425500
v 0.13279600 0.00459400 0.08425500
v 0.13279600 0.00459400 0.08425500
v 0.13279600 0.00459400 0.08425500
v 0.13279600 0.00459400 0.08425500
v 0.13279600 0.00459400 0.08425500
v 0.13279600 0.00459400 0.08425500
v 0.13279600 0.00459400 0.08425500
v 0.13279600 0.00459400 0.08425500
v 0.13279600 0.00459400 0.08425500
v 0.13283500 -0.03446300 0.07759800
v 0.13283500 -0.03446300 0.07759800
v 0.13283500 -0.03446300 0.07759800
v 0.13283500 -0.03446300 0.07759800
v 0.13283500 -0.03446300 0.07759800
v 0.13283500 -0.03576300 0.07873400
v 0.13283500 -0.03576300 0.07873400
v 0.13283500 -0.03576300 0.07873400
v 0.13283500 -0.03576300 0.07873400
v 0.13283500 -0.03576300 0.07873400
v 0.13258500 0.00512000 0.08415100
v 0.13258500 0.00512000 0.08415100
v 0.13258500 0.00512000 0.08415100
v 0.13258500 0.00512000 0.08415100
v 0.13211600 0.00535600 0.08425200
v 0.13211600 0.00535600 0.08425200
v 0.13211600 0.00535600 0.08425200
v 0.13211600 0.00535600 0.08425200
v 0.13211600 0.00535600 0.08425200
v 0.13211600 0.00535600 0.08425200
v 0.13211600 0.00535600 0.08425200
v 0.13211600 0.00535600 0.08425200
v 0.13211600 0.00535600 0.08425200
v 0.13217300 0.00537600 0.06830800
v 0.13217300 0.00537600 0.06830800
v 0.13217300 0.00537600 0.06830800
v 0.13217300 0.00537600 0.06830800
v 0.13217300 0.00537600 0.06830800
v 0.13217300 0.00537600 0.06830800
v 0.12558500 0.00539000 0.06827900
v 0.12558500 0.00539000 0.06827900
v 0.12558500 0.00539000 0.06827900
v 0.12558500 0.00539000 0.06827900
v 0.12558500 0.00539000 0.06827900
v 0.12833500 0.00541600 0.07020000
v 0.12833500 0.00541600 0.07020000
v 0.12833500 0.00541600 0.07020000
v 0.12833500 0.00541600 0.07020000
v 0.12833500 0.00541600 0.07020000
v 0.12833500 0.00541600 0.07020000
v 0.13033500 0.00541600 0.07020000
v 0.13033500 0.00541600 0.07020000
v 0.13033500 0.00541600 0.07020000
v 0.13033500 0.00541600 0.07020000
v 0.13033500 0.00541600 0.07020000
v 0.12833500 0.00541600 0.08220000
v 0.12833500 0.00541600 0.08220000
v 0.12833500 0.00541600 0.08220000
v 0.12833500 0.00541600 0.08220000
v 0.12833500 0.00541600 0.08220000
v 0.13033500 0.00541600 0.08220000
v 0.13033500 0.00541600 0.08220000
v 0.13033500 0.00541600 0.08220000
v 0.13033500 0.00541600 0.08220000
v 0.12558500 0.00478200 0.08469100
v 0.12558500 0.00478200 0.08469100
v 0.12558500 0.00478200 0.08469100
v 0.12558500 0.00478200 0.08469100
v 0.12558500 0.00478200 0.08469100
v 0.12558500 0.00478200 0.08469100
v 0.13217300 0.00475400 0.08467600
v 0.13217300 0.00475400 0.08467600
v 0.13217300 0.00475400 0.08467600
v 0.13217300 0.00475400 0.08467600
v 0.13217300 0.00475400 0.08467600
v 0.13217300 0.00475400 0.08467600
v 0.13217300 0.00475400 0.08467600
v 0.13217300 0.00475400 0.08467600
v 0.12558500 0.00537500 0.08421700
v 0.12558500 0.00537500 0.08421700
v 0.12558500 0.00537500 0.08421700
v 0.12558500 0.00537500 0.08421700
v 0.12558500 0.00537500 0.08421700
v 0.13242300 -0.06173800 0.08465900
v 0.13242300 -0.06173800 0.08465900
v 0.13242300 -0.06173800 0.08465900
v 0.13242300 -0.06173800 0.08465900
v 0.13242300 -0.06173800 0.08465900
v 0.13242300 -0.06173800 0.08465900
v 0.13242300 -0.06173800 0.08465900
v 0.13242300 -0.06173800 0.08465900
v 0.13242300 -0.06173800 0.08465900
v 0.13242300 -0.06173800 0.08465900
v 0.13106900 -0.04581700 0.08470000
v 0.13106900 -0.04581700 0.08470000
v 0.13106900 -0.04581700 0.08470000
v 0.13127300 -0.01134100 0.08470000
v 0.13127300 -0.01134100 0.08470000
v 0.13127300 -0.01134100 0.08470000
v 0.13127300 -0.01134100 0.08470000
v 0.13127300 -0.01134100 0.08470000
v 0.13127300 -0.01134100 0.08470000
v 0.13127300 -0.01134100 0.08470000
v 0.13036300 -0.00991700 0.08470000
v 0.13036300 -0.00991700 0.08470000
v 0.13036300 -0.00991700 0.08470000
v 0.13036300 -0.00991700 0.08470000
v 0.13036300 -0.00991700 0.08470000
v 0.13036300 -0.00991700 0.08470000
v 0.13160100 -0.04630000 0.08470000
v 0.13160100 -0.04630000 0.08470000
v 0.13160100 -0.04630000 0.08470000
v 0.13160100 -0.04630000 0.08470000
v 0.13160100 -0.04630000 0.08470000
v 0.13160100 -0.04630000 0.08470000
v 0.13003400 -0.01091500 0.08470000
v 0.13003400 -0.01091500 0.08470000
v 0.13003400 -0.01091500 0.08470000
v 0.13003400 -0.01091500 0.08470000
v 0.13003400 -0.01091500 0.08470000
v 0.13003400 -0.01091500 0.08470000
v 0.13003400 -0.01091500 0.08470000
v 0.13106900 -0.00981700 0.08470000
v 0.13106900 -0.00981700 0.08470000
v 0.13106900 -0.00981700 0.08470000
v 0.13106900 -0.00981700 0.08470000
v 0.13160100 -0.01030000 0.08470000
v 0.13160100 -0.01030000 0.08470000
v 0.13160100 -0.01030000 0.08470000
v 0.13160100 -0.01030000 0.08470000
v 0.13160100 -0.01030000 0.08470000
v 0.13160100 -0.01030000 0.08470000
v 0.13002200 -0.04665900 0.08470000
v 0.13002200 -0.04665900 0.08470000
v 0.13002200 -0.04665900 0.08470000
v 0.13002200 -0.04665900 0.08470000
v 0.13002200 -0.04665900 0.08470000
v 0.13002200 -0.04665900 0.08470000
v 0.13061700 -0.04739800 0.08470000
v 0.13061700 -0.04739800 0.08470000
v 0.13061700 -0.04739800 0.08470000
v 0.13061700 -0.04739800 0.08470000
v 0.13061700 -0.04739800 0.08470000
v 0.13061700 -0.04739800 0.08470000
v 0.13147900 -0.04707800 0.08470000
v 0.13147900 -0.04707800 0.08470000
v 0.13147900 -0.04707800 0.08470000
v 0.13147900 -0.04707800 0.08470000
v 0.13147900 -0.04707800 0.08470000
v 0.13036300 -0.04591700 0.08470000
v 0.13036300 -0.04591700 0.08470000
v 0.13036300 -0.04591700 0.08470000
v 0.13036300 -0.04591700 0.08470000
v 0.12558500 -0.06255800 0.08412100
v 0.12558500 -0.06255800 0.08412100
v 0.12558500 -0.06255800 0.08412100
v 0.12558500 -0.06255800 0.08412100
v 0.12558500 -0.06255800 0.08412100
v 0.13218600 -0.06253400 0.08410600
v 0.13218600 -0.06253400 0.08410600
v 0.13218600 -0.06253400 0.08410600
v 0.13218600 -0.06253400 0.08410600
v 0.13230600 -0.06220000 0.08452500
v 0.13230600 -0.06220000 0.08452500
v 0.13230600 -0.06220000 0.08452500
v 0.13230600 -0.06220000 0.08452500
v 0.13230600 -0.06220000 0.08452500
v 0.12558500 -0.06204200 0.08468300
v 0.12558500 -0.06204200 0.08468300
v 0.12558500 -0.06204200 0.08468300
v 0.12558500 -0.06204200 0.08468300
v 0.12558500 -0.06204200 0.08468300
v 0.12558500 -0.06204200 0.08468300
v 0.12558500 -0.06204200 0.08468300
v 0.13228300 -0.06203600 0.06775400
v 0.13228300 -0.06203600 0.06775400
v 0.13228300 -0.06203600 0.06775400
v 0.13228300 -0.06203600 0.06775400
v 0.13228300 -0.06203600 0.06775400
v 0.13228300 -0.06203600 0.06775400
v 0.13228300 -0.06203600 0.06775400
v 0.13228300 -0.06203600 0.06775400
v 0.13228300 -0.06203600 0.06775400
v 0.13260700 -0.06178800 0.06794500
v 0.13260700 -0.06178800 0.06794500
v 0.13260700 -0.06178800 0.06794500
v 0.13260700 -0.06178800 0.06794500
v 0.13218500 -0.06253100 0.06824000
v 0.13218500 -0.06253100 0.06824000
v 0.13218500 -0.06253100 0.06824000
v 0.13218500 -0.06253100 0.06824000
v 0.13218500 -0.06253100 0.06824000
v 0.13218500 -0.06253100 0.06824000
v 0.12558500 -0.06194900 0.06770900
v 0.12558500 -0.06194900 0.06770900
v 0.12558500 -0.06194900 0.06770900
v 0.12558500 -0.06194900 0.06770900
v 0.12558500 -0.06194900 0.06770900
v 0.12558500 -0.06252100 0.06815500
v 0.12558500 -0.06252100 0.06815500
v 0.12558500 -0.06252100 0.06815500
v 0.12558500 -0.06252100 0.06815500
v 0.12558500 0.00487500 0.06771700
v 0.12558500 0.00487500 0.06771700
v 0.12558500 0.00487500 0.06771700
v 0.12558500 0.00487500 0.06771700
v 0.12558500 0.00487500 0.06771700
v 0.12558500 0.00487500 0.06771700
v 0.12558500 0.00487500 0.06771700
v 0.13023900 -0.04718000 0.06770000
v 0.13023900 -0.04718000 0.06770000
v 0.13023900 -0.04718000 0.06770000
v 0.13023900 -0.04718000 0.06770000
v 0.13023900 -0.04718000 0.06770000
v 0.13023900 -0.04718000 0.06770000
v 0.13114600 -0.04733300 0.06770000
v 0.13114600 -0.04733300 0.06770000
v 0.13114600 -0.04733300 0.06770000
v 0.13114600 -0.04733300 0.06770000
v 0.13009300 -0.04624300 0.06770000
v 0.13009300 -0.04624300 0.06770000
v 0.13009300 -0.04624300 0.06770000
v 0.13009300 -0.04624300 0.06770000
v 0.13009300 -0.04624300 0.06770000
v 0.13009300 -0.04624300 0.06770000
v 0.13009300 -0.04624300 0.06770000
v 0.13165100 -0.04669100 0.06770000
v 0.13165100 -0.04669100 0.06770000
v 0.13165100 -0.04669100 0.06770000
v 0.13165100 -0.04669100 0.06770000
v 0.13165100 -0.04669100 0.06770000
v 0.13165100 -0.04669100 0.06770000
v 0.13165100 -0.04669100 0.06770000
v 0.13003000 -0.01072100 0.06770000
v 0.13003000 -0.01072100 0.06770000
v 0.13003000 -0.01072100 0.06770000
v 0.13003000 -0.01072100 0.06770000
v 0.13003000 -0.01072100 0.06770000
v 0.13003000 -0.01072100 0.06770000
v 0.13050400 -0.00978300 0.06770000
v 0.13050400 -0.00978300 0.06770000
v 0.13050400 -0.00978300 0.06770000
v 0.13050400 -0.00978300 0.06770000
v 0.13050400 -0.00978300 0.06770000
v 0.13050400 -0.00978300 0.06770000
v 0.13242300 0.00457100 0.06774100
v 0.13242300 0.00457100 0.06774100
v 0.13242300 0.00457100 0.06774100
v 0.13242300 0.00457100 0.06774100
v 0.13242300 0.00457100 0.06774100
v 0.13242300 0.00457100 0.06774100
v 0.13242300 0.00457100 0.06774100
v 0.13242300 0.00457100 0.06774100
v 0.13242300 0.00457100 0.06774100
v 0.13242300 0.00457100 0.06774100
v 0.13140000 -0.01001900 0.06770000
v 0.13140000 -0.01001900 0.06770000
v 0.13140000 -0.01001900 0.06770000
v 0.13140000 -0.01001900 0.06770000
v 0.13165100 -0.01069100 0.06770000
v 0.13165100 -0.01069100 0.06770000
v 0.13165100 -0.01069100 0.06770000
v 0.13165100 -0.01069100 0.06770000
v 0.13165100 -0.01069100 0.06770000
v 0.13165100 -0.01069100 0.06770000
v 0.13165100 -0.01069100 0.06770000
v 0.13083500 -0.01145900 0.06770000
v 0.13083500 -0.01145900 0.06770000
v 0.13083500 -0.01145900 0.06770000
v 0.13083500 -0.01145900 0.06770000
v 0.13106200 -0.04573800 0.06770000
v 0.13106200 -0.04573800 0.06770000
v 0.13106200 -0.04573800 0.06770000
v 0.13106200 -0.04573800 0.06770000
v 0.13106200 -0.04573800 0.06770000
v 0.13106200 -0.04573800 0.06770000
v 0.13230600 0.00503300 0.06787500
v 0.13230600 0.00503300 0.06787500
v 0.13230600 0.00503300 0.06787500
v 0.13230600 0.00503300 0.06787500
v 0.13230600 0.00503300 0.06787500
v 0.13128200 -0.00987700 0.07170000
v 0.13128200 -0.00987700 0.07170000
v 0.13128200 -0.00987700 0.07170000
v 0.13128200 -0.00987700 0.07170000
v 0.13128200 -0.00987700 0.07170000
v 0.13164000 -0.01069000 0.07170000
v 0.13164000 -0.01069000 0.07170000
v 0.13164000 -0.01069000 0.07170000
v 0.13094900 -0.01144300 0.07170000
v 0.13094900 -0.01144300 0.07170000
v 0.13094900 -0.01144300 0.07170000
v 0.13094900 -0.01144300 0.07170000
v 0.13007000 -0.01086700 0.07170000
v 0.13007000 -0.01086700 0.07170000
v 0.13007000 -0.01086700 0.07170000
v 0.13007000 -0.01086700 0.07170000
v 0.13026900 -0.00996900 0.07170000
v 0.13026900 -0.00996900 0.07170000
v 0.13026900 -0.00996900 0.07170000
v 0.13026900 -0.00996900 0.07170000
v 0.13128200 -0.04587700 0.07170000
v 0.13128200 -0.04587700 0.07170000
v 0.13128200 -0.04587700 0.07170000
v 0.13128200 -0.04587700 0.07170000
v 0.13164000 -0.04669000 0.07170000
v 0.13164000 -0.04669000 0.07170000
v 0.13164000 -0.04669000 0.07170000
v 0.13094900 -0.04744300 0.07170000
v 0.13094900 -0.04744300 0.07170000
v 0.13094900 -0.04744300 0.07170000
v 0.13094900 -0.04744300 0.07170000
v 0.13094900 -0.04744300 0.07170000
v 0.13002000 -0.04676700 0.07170000
v 0.13002000 -0.04676700 0.07170000
v 0.13002000 -0.04676700 0.07170000
v 0.13002000 -0.04676700 0.07170000
v 0.13036300 -0.04591700 0.07170000
v 0.13036300 -0.04591700 0.07170000
v 0.13036300 -0.04591700 0.07170000
v 0.13036300 -0.04591700 0.07170000
v 0.13113100 -0.00977700 0.08070000
v 0.13113100 -0.00977700 0.08070000
v 0.13113100 -0.00977700 0.08070000
v 0.13113100 -0.00977700 0.08070000
v 0.13113100 -0.00977700 0.08070000
v 0.13165100 -0.01069100 0.08070000
v 0.13165100 -0.01069100 0.08070000
v 0.13165100 -0.01069100 0.08070000
v 0.13165100 -0.01069100 0.08070000
v 0.13114600 -0.01133300 0.08070000
v 0.13114600 -0.01133300 0.08070000
v 0.13114600 -0.01133300 0.08070000
v 0.13017700 -0.01113400 0.08070000
v 0.13017700 -0.01113400 0.08070000
v 0.13017700 -0.01113400 0.08070000
v 0.13017700 -0.01113400 0.08070000
v 0.13016900 -0.01011100 0.08070000
v 0.13016900 -0.01011100 0.08070000
v 0.13016900 -0.01011100 0.08070000
v 0.13016900 -0.01011100 0.08070000
v 0.13113100 -0.04577700 0.08070000
v 0.13113100 -0.04577700 0.08070000
v 0.13113100 -0.04577700 0.08070000
v 0.13113100 -0.04577700 0.08070000
v 0.13113100 -0.04577700 0.08070000
v 0.13165100 -0.04669100 0.08070000
v 0.13165100 -0.04669100 0.08070000
v 0.13165100 -0.04669100 0.08070000
v 0.13165100 -0.04669100 0.08070000
v 0.13083500 -0.04745900 0.08070000
v 0.13083500 -0.04745900 0.08070000
v 0.13083500 -0.04745900 0.08070000
v 0.13083500 -0.04745900 0.08070000
v 0.13003000 -0.04672100 0.08070000
v 0.13003000 -0.04672100 0.08070000
v 0.13003000 -0.04672100 0.08070000
v 0.13003000 -0.04672100 0.08070000
v 0.13025000 -0.04603600 0.08070000
v 0.13025000 -0.04603600 0.08070000
v 0.13025000 -0.04603600 0.08070000
v 0.13025000 -0.04603600 0.08070000
v 0.13033500 0.00041600 0.08220000
v 0.13033500 0.00041600 0.08220000
v 0.13033500 0.00041600 0.08220000
v 0.13033500 0.00041600 0.07020000
v 0.13033500 0.00041600 0.07020000
v 0.13033500 0.00041600 0.07020000
v 0.12833500 0.00041600 0.08220000
v 0.12833500 0.00041600 0.08220000
v 0.12833500 0.00041600 0.08220000
v 0.12833500 0.00041600 0.07020000
v 0.12833500 0.00041600 0.07020000
v 0.12833500 0.00041600 0.07020000
v 0.13233500 -0.03423000 0.07647500
v 0.13233500 -0.03423000 0.07647500
v 0.13233500 -0.03423000 0.07647500
v 0.13233500 -0.03423000 0.07647500
v 0.13233500 -0.03423000 0.07647500
v 0.13233500 -0.03423000 0.07647500
v 0.13233500 -0.03423000 0.07647500
v 0.13233500 -0.03423000 0.07647500
v 0.13233500 -0.03467800 0.07789200
v 0.13233500 -0.03467800 0.07789200
v 0.13233500 -0.03467800 0.07789200
v 0.13233500 -0.03467800 0.07789200
v 0.13233500 -0.03661800 0.07904900
v 0.13233500 -0.03661800 0.07904900
v 0.13233500 -0.03661800 0.07904900
v 0.13233500 -0.03661800 0.07904900
v 0.13233500 -0.03857900 0.07833900
v 0.13233500 -0.03857900 0.07833900
v 0.13233500 -0.03857900 0.07833900
v 0.13233500 -0.03857900 0.07833900
v 0.13233500 -0.03857900 0.07833900
v 0.13233500 -0.03857900 0.07833900
v 0.13233500 -0.03857900 0.07833900
v 0.13233500 -0.03945200 0.07726400
v 0.13233500 -0.03945200 0.07726400
v 0.13233500 -0.03945200 0.07726400
v 0.13233500 -0.03945200 0.07726400
v 0.13233500 -0.03962100 0.07577400
v 0.13233500 -0.03962100 0.07577400
v 0.13233500 -0.03962100 0.07577400
v 0.13233500 -0.03888600 0.07446200
v 0.13233500 -0.03888600 0.07446200
v 0.13233500 -0.03888600 0.07446200
v 0.13233500 -0.03888600 0.07446200
v 0.13233500 -0.03888600 0.07446200
v 0.13233500 -0.03888600 0.07446200
v 0.13233500 -0.03888600 0.07446200
v 0.13233500 -0.03888600 0.07446200
v 0.13233500 -0.03760700 0.07350000
v 0.13233500 -0.03760700 0.07350000
v 0.13233500 -0.03760700 0.07350000
v 0.13233500 -0.03760700 0.07350000
v 0.13233500 -0.03593200 0.07370800
v 0.13233500 -0.03593200 0.07370800
v 0.13233500 -0.03593200 0.07370800
v 0.13233500 -0.03593200 0.07370800
v 0.13233500 -0.03593200 0.07370800
v 0.13233500 -0.03593200 0.07370800
v 0.13233500 -0.03593200 0.07370800
v 0.13233500 -0.03450000 0.07471500
v 0.13233500 -0.03450000 0.07471500
v 0.13233500 -0.03450000 0.07471500
v 0.13233500 -0.03450000 0.07471500
v 0.13233500 -0.03808500 0.07845300
v 0.13233500 -0.03808500 0.07845300
v 0.13233500 -0.03808500 0.07845300
v 0.13233500 -0.03808500 0.07845300
v 0.13233500 -0.03614000 0.07864300
v 0.13233500 -0.03614000 0.07864300
v 0.13233500 -0.03614000 0.07864300
v 0.13233500 -0.03614000 0.07864300
v 0.13233500 -0.03785100 0.07386500
v 0.13233500 -0.03785100 0.07386500
v 0.13233500 -0.03785100 0.07386500
v 0.13233500 -0.03785100 0.07386500
v 0.13233500 -0.03468300 0.07747100
v 0.13233500 -0.03468300 0.07747100
v 0.13233500 -0.03468300 0.07747100
v 0.13233500 -0.03468300 0.07747100
v 0.13233500 -0.03942500 0.07620000
v 0.13233500 -0.03942500 0.07620000
v 0.13233500 -0.03942500 0.07620000
v 0.13233500 -0.03942500 0.07620000
v 0.13233500 -0.03501900 0.07445600
v 0.13233500 -0.03501900 0.07445600
v 0.13233500 -0.03501900 0.07445600
v 0.13233500 -0.03501900 0.07445600
v 0.13283500 -0.03453400 0.07710900
v 0.13283500 -0.03453400 0.07710900
v 0.13283500 -0.03453400 0.07710900
v 0.13283500 -0.03453400 0.07710900
v 0.13283500 -0.03442900 0.07554200
v 0.13283500 -0.03442900 0.07554200
v 0.13283500 -0.03442900 0.07554200
v 0.13283500 -0.03442900 0.07554200
v 0.13283500 -0.03534500 0.07820500
v 0.13283500 -0.03534500 0.07820500
v 0.13283500 -0.03534500 0.07820500
v 0.13283500 -0.03534500 0.07820500
v 0.13283500 -0.03722100 0.07876200
v 0.13283500 -0.03722100 0.07876200
v 0.13283500 -0.03722100 0.07876200
v 0.13283500 -0.03722100 0.07876200
v 0.13283500 -0.03910700 0.07748400
v 0.13283500 -0.03910700 0.07748400
v 0.13283500 -0.03910700 0.07748400
v 0.13283500 -0.03910700 0.07748400
v 0.13283500 -0.03910700 0.07748400
v 0.13283500 -0.03932600 0.07545700
v 0.13283500 -0.03932600 0.07545700
v 0.13283500 -0.03932600 0.07545700
v 0.13283500 -0.03932600 0.07545700
v 0.13283500 -0.03815400 0.07399900
v 0.13283500 -0.03815400 0.07399900
v 0.13283500 -0.03815400 0.07399900
v 0.13283500 -0.03815400 0.07399900
v 0.13283500 -0.03661400 0.07369600
v 0.13283500 -0.03661400 0.07369600
v 0.13283500 -0.03661400 0.07369600
v 0.13283500 -0.03661400 0.07369600
v 0.13283500 -0.03534500 0.07419500
v 0.13283500 -0.03534500 0.07419500
v 0.13283500 -0.03534500 0.07419500
v 0.13283500 -0.03534500 0.07419500
v 0.13283500 -0.03698000 0.07723600
v 0.13283500 -0.03698000 0.07723600
v 0.13283500 -0.03698000 0.07723600
v 0.13283500 -0.03698000 0.07723600
v 0.13283500 -0.03596900 0.07672800
v 0.13283500 -0.03596900 0.07672800
v 0.13283500 -0.03596900 0.07672800
v 0.13283500 -0.03596900 0.07672800
v 0.13283500 -0.03752200 0.07536900
v 0.13283500 -0.03752200 0.07536900
v 0.13283500 -0.03752200 0.07536900
v 0.13283500 -0.03752200 0.07536900
v 0.13283500 -0.03790000 0.07651700
v 0.13283500 -0.03790000 0.07651700
v 0.13283500 -0.03790000 0.07651700
v 0.13283500 -0.03790000 0.07651700
v 0.13283500 -0.03618200 0.07536100
v 0.13283500 -0.03618200 0.07536100
v 0.13283500 -0.03618200 0.07536100
v 0.13283500 -0.03618200 0.07536100
v 0.13283500 -0.03618200 0.07536100
v 0.13233500 -0.03588900 0.07643100
v 0.13233500 -0.03588900 0.07643100
v 0.13233500 -0.03588900 0.07643100
v 0.13233500 -0.03588900 0.07643100
v 0.13233500 -0.03648300 0.07716800
v 0.13233500 -0.03648300 0.07716800
v 0.13233500 -0.03648300 0.07716800
v 0.13233500 -0.03648300 0.07716800
v 0.13233500 -0.03766600 0.07692200
v 0.13233500 -0.03766600 0.07692200
v 0.13233500 -0.03766600 0.07692200
v 0.13233500 -0.03766600 0.07692200
v 0.13233500 -0.03782900 0.07576600
v 0.13233500 -0.03782900 0.07576600
v 0.13233500 -0.03782900 0.07576600
v 0.13233500 -0.03782900 0.07576600
v 0.13233500 -0.03711500 0.07520500
v 0.13233500 -0.03711500 0.07520500
v 0.13233500 -0.03711500 0.07520500
v 0.13233500 -0.03711500 0.07520500
v 0.13233500 -0.03613700 0.07545300
v 0.13233500 -0.03613700 0.07545300
v 0.13233500 -0.03613700 0.07545300
v -0.14598600 0.02912200 0.03358500
v -0.14598600 0.02912200 0.03358500
v -0.14598600 0.02912200 0.03358500
v -0.14598600 0.02912200 0.03358500
v -0.14598600 0.02912200 0.03358500
v -0.14598600 0.02359500 0.02808500
v -0.14598600 0.02359500 0.02808500
v -0.14598600 0.02359500 0.02808500
v -0.14598600 0.02359500 0.02808500
v -0.14598600 0.03151900 0.03259600
v -0.14598600 0.03151900 0.03259600
v -0.14598600 0.03151900 0.03259600
v -0.14598600 0.03270800 0.03133700
v -0.14598600 0.03270800 0.03133700
v -0.14598600 0.03270800 0.03133700
v -0.14598600 0.03270800 0.03133700
v -0.14598600 0.02739400 0.02373300
v -0.14598600 0.02739400 0.02373300
v -0.14598600 0.02739400 0.02373300
v -0.14598600 0.02739400 0.02373300
v -0.14598600 0.02982400 0.02370900
v -0.14598600 0.02982400 0.02370900
v -0.14598600 0.02982400 0.02370900
v -0.14598600 0.02982400 0.02370900
v -0.14598600 0.03339200 0.02733500
v -0.14598600 0.03339200 0.02733500
v -0.14598600 0.03339200 0.02733500
v -0.14598600 0.03339200 0.02733500
v -0.14598600 0.02641200 0.03307800
v -0.14598600 0.02641200 0.03307800
v -0.14598600 0.02641200 0.03307800
v -0.14598600 0.02641200 0.03307800
v -0.14598600 0.03235600 0.02525900
v -0.14598600 0.03235600 0.02525900
v -0.14598600 0.03235600 0.02525900
v -0.14598600 0.03235600 0.02525900
v -0.14598600 0.02424300 0.02613100
v -0.14598600 0.02424300 0.02613100
v -0.14598600 0.02424300 0.02613100
v -0.14598600 0.02424300 0.02613100
v -0.14598600 0.02475500 0.03177600
v -0.14598600 0.02475500 0.03177600
v -0.14598600 0.02475500 0.03177600
v -0.14598600 0.02475500 0.03177600
v -0.14598600 0.02549300 0.02464400
v -0.14598600 0.02549300 0.02464400
v -0.14598600 0.02549300 0.02464400
v -0.14598600 0.03350800 0.02944300
v -0.14598600 0.03350800 0.02944300
v -0.14598600 0.03350800 0.02944300
v -0.14598600 0.03350800 0.02944300
v -0.14598600 0.02386200 0.03017500
v -0.14598600 0.02386200 0.03017500
v -0.14598600 0.02386200 0.03017500
v -0.14598600 0.02386200 0.03017500
v -0.14446200 0.02359600 0.02911800
v -0.14446200 0.02359600 0.02911800
v -0.14446200 0.02359600 0.02911800
v -0.14446200 0.02359600 0.02911800
v -0.14446200 0.02359600 0.02911800
v -0.14446200 0.02359600 0.02911800
v -0.14446200 0.02541900 0.02464500
v -0.14446200 0.02541900 0.02464500
v -0.14446200 0.02541900 0.02464500
v -0.14446200 0.02541900 0.02464500
v -0.14446200 0.02541900 0.02464500
v -0.14446200 0.02541900 0.02464500
v -0.14446200 0.02541900 0.02464500
v -0.14446200 0.02749300 0.03344000
v -0.14446200 0.02749300 0.03344000
v -0.14446200 0.02749300 0.03344000
v -0.14446200 0.02749300 0.03344000
v -0.14446200 0.02749300 0.03344000
v -0.14446200 0.02749300 0.03344000
v -0.14446200 0.02390800 0.02681800
v -0.14446200 0.02390800 0.02681800
v -0.14446200 0.02390800 0.02681800
v -0.14446200 0.02390800 0.02681800
v -0.14446200 0.02390800 0.02681800
v -0.14446200 0.02427000 0.03106100
v -0.14446200 0.02427000 0.03106100
v -0.14446200 0.02427000 0.03106100
v -0.14446200 0.02427000 0.03106100
v -0.14446200 0.02427000 0.03106100
v -0.14446200 0.02954900 0.03347000
v -0.14446200 0.02954900 0.03347000
v -0.14446200 0.02954900 0.03347000
v -0.14446200 0.02954900 0.03347000
v -0.14446200 0.02553200 0.03254100
v -0.14446200 0.02553200 0.03254100
v -0.14446200 0.02553200 0.03254100
v -0.14446200 0.02553200 0.03254100
v -0.14446200 0.02553200 0.03254100
v -0.14446200 0.02553200 0.03254100
v -0.14446200 0.03352000 0.02787200
v -0.14446200 0.03352000 0.02787200
v -0.14446200 0.03352000 0.02787200
v -0.14446200 0.03352000 0.02787200
v -0.14446200 0.03352000 0.02787200
v -0.14446200 0.02824700 0.02356800
v -0.14446200 0.02824700 0.02356800
v -0.14446200 0.02824700 0.02356800
v -0.14446200 0.02824700 0.02356800
v -0.14446200 0.02824700 0.02356800
v -0.14446200 0.02824700 0.02356800
v -0.14446200 0.03278000 0.02590100
v -0.14446200 0.03278000 0.02590100
v -0.14446200 0.03278000 0.02590100
v -0.14446200 0.03278000 0.02590100
v -0.14446200 0.03278000 0.02590100
v -0.14446200 0.03332100 0.03013200
v -0.14446200 0.03332100 0.03013200
v -0.14446200 0.03332100 0.03013200
v -0.14446200 0.03332100 0.03013200
v -0.14446200 0.03332100 0.03013200
v -0.14446200 0.03332100 0.03013200
v -0.14446200 0.03189100 0.03235600
v -0.14446200 0.03189100 0.03235600
v -0.14446200 0.03189100 0.03235600
v -0.14446200 0.03189100 0.03235600
v -0.14446200 0.03189100 0.03235600
v -0.14446200 0.03189100 0.03235600
v -0.14446200 0.03189100 0.03235600
v -0.14446200 0.03104000 0.02419800
v -0.14446200 0.03104000 0.02419800
v -0.14446200 0.03104000 0.02419800
v -0.14446200 0.03104000 0.02419800
v -0.14446200 0.03104000 0.02419800
v -0.14446200 0.03104000 0.02419800
v -0.14445000 0.02596000 0.02775500
v -0.14445000 0.02596000 0.02775500
v -0.14445000 0.02596000 0.02775500
v -0.14445000 0.02596000 0.02775500
v -0.14445000 0.02596000 0.02775500
v -0.14445000 0.02596000 0.02775500
v -0.14445000 0.02596000 0.02775500
v -0.14445000 0.02596000 0.02775500
v -0.14445000 0.02596000 0.02775500
v -0.14445700 0.02774100 0.02590100
v -0.14445700 0.02774100 0.02590100
v -0.14445700 0.02774100 0.02590100
v -0.14445700 0.02774100 0.02590100
v -0.14445700 0.02774100 0.02590100
v -0.14445700 0.02774100 0.02590100
v -0.14445700 0.02774100 0.02590100
v -0.14444800 0.03070400 0.03026500
v -0.14444800 0.03070400 0.03026500
v -0.14444800 0.03070400 0.03026500
v -0.14444800 0.03070400 0.03026500
v -0.14444800 0.03070400 0.03026500
v -0.14444800 0.03070400 0.03026500
v -0.14444800 0.03070400 0.03026500
v -0.14445300 0.02869600 0.03132800
v -0.14445300 0.02869600 0.03132800
v -0.14445300 0.02869600 0.03132800
v -0.14445300 0.02869600 0.03132800
v -0.14445300 0.02869600 0.03132800
v -0.14445300 0.02869600 0.03132800
v -0.14445300 0.02869600 0.03132800
v -0.14445300 0.02869600 0.03132800
v -0.14444500 0.03119700 0.02789500
v -0.14444500 0.03119700 0.02789500
v -0.14444500 0.03119700 0.02789500
v -0.14444500 0.03119700 0.02789500
v -0.14444500 0.03119700 0.02789500
v -0.14444500 0.03119700 0.02789500
v -0.14444500 0.03119700 0.02789500
v -0.14444500 0.03119700 0.02789500
v -0.14444500 0.03119700 0.02789500
v -0.14443200 0.02702100 0.03063200
v -0.14443200 0.02702100 0.03063200
v -0.14443200 0.02702100 0.03063200
v -0.14443200 0.02702100 0.03063200
v -0.14443200 0.02702100 0.03063200
v -0.14443200 0.02702100 0.03063200
v -0.14443200 0.02702100 0.03063200
v -0.14445200 0.02615900 0.02973100
v -0.14445200 0.02615900 0.02973100
v -0.14445200 0.02615900 0.02973100
v -0.14445200 0.02615900 0.02973100
v -0.14445200 0.02615900 0.02973100
v -0.14445200 0.02615900 0.02973100
v -0.14444500 0.02987400 0.02625800
v -0.14444500 0.02987400 0.02625800
v -0.14444500 0.02987400 0.02625800
v -0.14444500 0.02987400 0.02625800
v -0.14444500 0.02987400 0.02625800
v -0.14444500 0.02987400 0.02625800
v -0.14429300 0.02785500 0.02625300
v -0.14429300 0.02785500 0.02625300
v -0.14429300 0.02785500 0.02625300
v -0.14429300 0.02785500 0.02625300
v -0.14429300 0.02785500 0.02625300
v -0.14424600 0.02685200 0.02686000
v -0.14424600 0.02685200 0.02686000
v -0.14424600 0.02685200 0.02686000
v -0.14424600 0.02685200 0.02686000
v -0.14424600 0.02685200 0.02686000
v -0.14424600 0.02685200 0.02686000
v -0.14424400 0.02627200 0.02784400
v -0.14424400 0.02627200 0.02784400
v -0.14424400 0.02627200 0.02784400
v -0.14424400 0.02627200 0.02784400
v -0.14424400 0.02627200 0.02784400
v -0.14424200 0.02616900 0.02865000
v -0.14424200 0.02616900 0.02865000
v -0.14424200 0.02616900 0.02865000
v -0.14424200 0.02616900 0.02865000
v -0.14423900 0.02637500 0.02959600
v -0.14423900 0.02637500 0.02959600
v -0.14423900 0.02637500 0.02959600
v -0.14423900 0.02637500 0.02959600
v -0.14423900 0.02637500 0.02959600
v -0.14423900 0.02637500 0.02959600
v -0.14423900 0.02637500 0.02959600
v -0.14424300 0.02816900 0.03096900
v -0.14424300 0.02816900 0.03096900
v -0.14424300 0.02816900 0.03096900
v -0.14424300 0.02816900 0.03096900
v -0.14424300 0.02816900 0.03096900
v -0.14424300 0.02816900 0.03096900
v -0.14418000 0.02709900 0.03047900
v -0.14418000 0.02709900 0.03047900
v -0.14418000 0.02709900 0.03047900
v -0.14418000 0.02709900 0.03047900
v -0.13842300 0.02834700 0.03097900
v -0.13842300 0.02834700 0.03097900
v -0.13842300 0.02834700 0.03097900
v -0.13842300 0.02834700 0.03097900
v -0.13842300 0.02834700 0.03097900
v -0.13842300 0.02834700 0.03097900
v -0.13843100 0.02618800 0.02891700
v -0.13843100 0.02618800 0.02891700
v -0.13843100 0.02618800 0.02891700
v -0.13843100 0.02618800 0.02891700
v -0.13843100 0.02618800 0.02891700
v -0.13843100 0.02618800 0.02891700
v -0.13843100 0.02618800 0.02891700
v -0.13842900 0.02762200 0.02637900
v -0.13842900 0.02762200 0.02637900
v -0.13842900 0.02762200 0.02637900
v -0.13842900 0.02762200 0.02637900
v -0.13842900 0.02762200 0.02637900
v -0.13843000 0.02686500 0.03030900
v -0.13843000 0.02686500 0.03030900
v -0.13843000 0.02686500 0.03030900
v -0.13843000 0.02686500 0.03030900
v -0.13843000 0.02686500 0.03030900
v -0.13843000 0.02686500 0.03030900
v -0.13842900 0.02649300 0.02728500
v -0.13842900 0.02649300 0.02728500
v -0.13842900 0.02649300 0.02728500
v -0.13842900 0.02649300 0.02728500
v -0.13842900 0.02649300 0.02728500
v -0.13842900 0.02649300 0.02728500
v -0.13842300 0.02880300 0.02617100
v -0.13842300 0.02880300 0.02617100
v -0.13842300 0.02880300 0.02617100
v -0.13842300 0.02880300 0.02617100
v -0.13842300 0.02880300 0.02617100
v -0.13842300 0.02880300 0.02617100
v -0.13843100 0.03096200 0.02823300
v -0.13843100 0.03096200 0.02823300
v -0.13843100 0.03096200 0.02823300
v -0.13843100 0.03096200 0.02823300
v -0.13843100 0.03096200 0.02823300
v -0.13842900 0.02952800 0.03077100
v -0.13842900 0.02952800 0.03077100
v -0.13842900 0.02952800 0.03077100
v -0.13842900 0.02952800 0.03077100
v -0.13842900 0.02952800 0.03077100
v -0.13843000 0.03028500 0.02684100
v -0.13843000 0.03028500 0.02684100
v -0.13843000 0.03028500 0.02684100
v -0.13843000 0.03028500 0.02684100
v -0.13843000 0.03028500 0.02684100
v -0.13843000 0.03028500 0.02684100
v -0.13843000 0.03028500 0.02684100
v -0.13842900 0.03065700 0.02986500
v -0.13842900 0.03065700 0.02986500
v -0.13842900 0.03065700 0.02986500
v -0.13842900 0.03065700 0.02986500
v -0.13842900 0.03065700 0.02986500
v -0.13842900 0.03065700 0.02986500
v -0.13842900 0.03065700 0.02986500
v -0.13842900 0.03065700 0.02986500
v -0.14423800 0.02930400 0.03087700
v -0.14423800 0.02930400 0.03087700
v -0.14423800 0.02930400 0.03087700
v -0.14423800 0.02930400 0.03087700
v -0.14423800 0.02930400 0.03087700
v -0.14424500 0.03002500 0.03049800
v -0.14424500 0.03002500 0.03049800
v -0.14424500 0.03002500 0.03049800
v -0.14424500 0.03002500 0.03049800
v -0.14424500 0.03002500 0.03049800
v -0.14424500 0.03002500 0.03049800
v -0.14423900 0.03067800 0.02978200
v -0.14423900 0.03067800 0.02978200
v -0.14423900 0.03067800 0.02978200
v -0.14423900 0.03067800 0.02978200
v -0.14424400 0.03099100 0.02868300
v -0.14424400 0.03099100 0.02868300
v -0.14424400 0.03099100 0.02868300
v -0.14424400 0.03099100 0.02868300
v -0.14424400 0.03099100 0.02868300
v -0.14424400 0.03099100 0.02868300
v -0.14423900 0.03077500 0.02755400
v -0.14423900 0.03077500 0.02755400
v -0.14423900 0.03077500 0.02755400
v -0.14423900 0.03077500 0.02755400
v -0.14423900 0.03077500 0.02755400
v -0.14424400 0.03005800 0.02666400
v -0.14424400 0.03005800 0.02666400
v -0.14424400 0.03005800 0.02666400
v -0.14424400 0.03005800 0.02666400
v -0.14424400 0.03005800 0.02666400
v -0.14424300 0.02898100 0.02618100
v -0.14424300 0.02898100 0.02618100
v -0.14424300 0.02898100 0.02618100
v -0.14424300 0.02898100 0.02618100
v -0.14424300 0.02898100 0.02618100
v -0.14424300 0.02898100 0.02618100
v -0.13804800 0.02898900 0.03060300
v -0.13804800 0.02898900 0.03060300
v -0.13804800 0.02898900 0.03060300
v -0.13804800 0.02898900 0.03060300
v -0.13804800 0.02898900 0.03060300
v -0.13804800 0.02898900 0.03060300
v -0.13804800 0.02898900 0.03060300
v -0.13804900 0.02969600 0.02688000
v -0.13804900 0.02969600 0.02688000
v -0.13804900 0.02969600 0.02688000
v -0.13804900 0.02969600 0.02688000
v -0.13804900 0.02969600 0.02688000
v -0.13804900 0.03027000 0.02969600
v -0.13804900 0.03027000 0.02969600
v -0.13804900 0.03027000 0.02969600
v -0.13804900 0.03027000 0.02969600
v -0.13804600 0.02791600 0.02657200
v -0.13804600 0.02791600 0.02657200
v -0.13804600 0.02791600 0.02657200
v -0.13804600 0.02791600 0.02657200
v -0.13804600 0.02791600 0.02657200
v -0.13804600 0.02791600 0.02657200
v -0.13804600 0.02791600 0.02657200
v -0.13804800 0.03060300 0.02816100
v -0.13804800 0.03060300 0.02816100
v -0.13804800 0.03060300 0.02816100
v -0.13804800 0.03060300 0.02816100
v -0.13804800 0.03060300 0.02816100
v -0.13804800 0.03060300 0.02816100
v -0.13804800 0.03060300 0.02816100
v -0.13805100 0.02985300 0.02902700
v -0.13805100 0.02985300 0.02902700
v -0.13805100 0.02985300 0.02902700
v -0.13805100 0.02985300 0.02902700
v -0.13805100 0.02985300 0.02902700
v -0.13805100 0.02985300 0.02902700
v -0.13805100 0.02985300 0.02902700
v -0.13805100 0.02985300 0.02902700
v -0.13805000 0.02874600 0.02987400
v -0.13805000 0.02874600 0.02987400
v -0.13805000 0.02874600 0.02987400
v -0.13805000 0.02874600 0.02987400
v -0.13805000 0.02874600 0.02987400
v -0.13804700 0.02710000 0.03005000
v -0.13804700 0.02710000 0.03005000
v -0.13804700 0.02710000 0.03005000
v -0.13804700 0.02710000 0.03005000
v -0.13804700 0.02710000 0.03005000
v -0.13804700 0.02710000 0.03005000
v -0.13804700 0.02710000 0.03005000
v -0.13805300 0.02926300 0.02738300
v -0.13805300 0.02926300 0.02738300
v -0.13805300 0.02926300 0.02738300
v -0.13805300 0.02926300 0.02738300
v -0.13805300 0.02926300 0.02738300
v -0.13805300 0.02926300 0.02738300
v -0.13805300 0.02926300 0.02738300
v -0.13805000 0.02758900 0.02946100
v -0.13805000 0.02758900 0.02946100
v -0.13805000 0.02758900 0.02946100
v -0.13805000 0.02758900 0.02946100
v -0.13805000 0.02758900 0.02946100
v -0.13805000 0.02758900 0.02946100
v -0.13804900 0.02729300 0.02840600
v -0.13804900 0.02729300 0.02840600
v -0.13804900 0.02729300 0.02840600
v -0.13804900 0.02729300 0.02840600
v -0.13804900 0.02729300 0.02840600
v -0.13804800 0.02654700 0.02816100
v -0.13804800 0.02654700 0.02816100
v -0.13804800 0.02654700 0.02816100
v -0.13804800 0.02654700 0.02816100
v -0.13804800 0.02654700 0.02816100
v -0.13804800 0.02654700 0.02816100
v -0.13804800 0.02654700 0.02816100
v -0.13805000 0.02777700 0.02753600
v -0.13805000 0.02777700 0.02753600
v -0.13805000 0.02777700 0.02753600
v -0.13805000 0.02777700 0.02753600
v -0.13805000 0.02777700 0.02753600
v -0.13805000 0.02777700 0.02753600
v -0.13849900 0.02784700 0.02801700
v -0.13849900 0.02784700 0.02801700
v -0.13849900 0.02784700 0.02801700
v -0.13849900 0.02784700 0.02801700
v -0.13849900 0.02784700 0.02801700
v -0.13849900 0.02784700 0.02801700
v -0.13849800 0.02879700 0.02765900
v -0.13849800 0.02879700 0.02765900
v -0.13849800 0.02879700 0.02765900
v -0.13849800 0.02879700 0.02765900
v -0.13849800 0.02879700 0.02765900
v -0.13849800 0.02879700 0.02765900
v -0.13849300 0.02948800 0.02843400
v -0.13849300 0.02948800 0.02843400
v -0.13849300 0.02948800 0.02843400
v -0.13849300 0.02948800 0.02843400
v -0.13849300 0.02948800 0.02843400
v -0.13849300 0.02948800 0.02843400
v -0.13848800 0.02929300 0.02911000
v -0.13848800 0.02929300 0.02911000
v -0.13848800 0.02929300 0.02911000
v -0.13848800 0.02929300 0.02911000
v -0.13848500 0.02869600 0.02949700
v -0.13848500 0.02869600 0.02949700
v -0.13848500 0.02869600 0.02949700
v -0.13848500 0.02869600 0.02949700
v -0.13848500 0.02869600 0.02949700
v -0.13848500 0.02869600 0.02949700
v -0.13848500 0.02869600 0.02949700
v -0.13849800 0.02774700 0.02902700
v -0.13849800 0.02774700 0.02902700
v -0.13849800 0.02774700 0.02902700
v -0.13849800 0.02774700 0.02902700
v -0.13849800 0.02774700 0.02902700
v -0.13849800 0.02774700 0.02902700
v -0.13849800 0.02774700 0.02902700
v -0.14338400 0.02925600 0.02919800
v -0.14338400 0.02925600 0.02919800
v -0.14338400 0.02925600 0.02919800
v -0.14338400 0.02925600 0.02919800
v -0.14338400 0.02925600 0.02919800
v -0.14338400 0.02925600 0.02919800
v -0.14338700 0.02845500 0.02948500
v -0.14338700 0.02845500 0.02948500
v -0.14338700 0.02845500 0.02948500
v -0.14338700 0.02845500 0.02948500
v -0.14338700 0.02845500 0.02948500
v -0.14340400 0.02794300 0.02919500
v -0.14340400 0.02794300 0.02919500
v -0.14340400 0.02794300 0.02919500
v -0.14340400 0.02794300 0.02919500
v -0.14338200 0.02762900 0.02854300
v -0.14338200 0.02762900 0.02854300
v -0.14338200 0.02762900 0.02854300
v -0.14338200 0.02762900 0.02854300
v -0.14338200 0.02762900 0.02854300
v -0.14338300 0.02824900 0.02771000
v -0.14338300 0.02824900 0.02771000
v -0.14338300 0.02824900 0.02771000
v -0.14338300 0.02824900 0.02771000
v -0.14338300 0.02824900 0.02771000
v -0.14339900 0.02937100 0.02802400
v -0.14339900 0.02937100 0.02802400
v -0.14339900 0.02937100 0.02802400
v -0.14339900 0.02937100 0.02802400
v -0.14339900 0.02937100 0.02802400
v -0.14390500 0.02857900 0.02857400
v -0.14390500 0.02857900 0.02857400
v -0.14390500 0.02857900 0.02857400
v -0.14390500 0.02857900 0.02857400
v -0.14390500 0.02857900 0.02857400
v -0.14390500 0.02857900 0.02857400
v -0.14598600 0.02655600 -0.02399200
v -0.14598600 0.02655600 -0.02399200
v -0.14598600 0.02655600 -0.02399200
v -0.14598600 0.02939200 -0.03352100
v -0.14598600 0.02939200 -0.03352100
v -0.14598600 0.02939200 -0.03352100
v -0.14598600 0.02939200 -0.03352100
v -0.14598600 0.02939200 -0.03352100
v -0.14598600 0.02359500 -0.02906500
v -0.14598600 0.02359500 -0.02906500
v -0.14598600 0.02359500 -0.02906500
v -0.14598600 0.02359500 -0.02906500
v -0.14598600 0.03139300 -0.02445100
v -0.14598600 0.03139300 -0.02445100
v -0.14598600 0.03139300 -0.02445100
v -0.14598600 0.03139300 -0.02445100
v -0.14598600 0.03270800 -0.02581300
v -0.14598600 0.03270800 -0.02581300
v -0.14598600 0.03270800 -0.02581300
v -0.14598600 0.03270800 -0.02581300
v -0.14598600 0.03318800 -0.03060600
v -0.14598600 0.03318800 -0.03060600
v -0.14598600 0.03318800 -0.03060600
v -0.14598600 0.03318800 -0.03060600
v -0.14598600 0.03318800 -0.03060600
v -0.14598600 0.02724100 -0.03336700
v -0.14598600 0.02724100 -0.03336700
v -0.14598600 0.02724100 -0.03336700
v -0.14598600 0.02724100 -0.03336700
v -0.14598600 0.02911800 -0.02359600
v -0.14598600 0.02911800 -0.02359600
v -0.14598600 0.02911800 -0.02359600
v -0.14598600 0.02911800 -0.02359600
v -0.14598600 0.02424300 -0.03101900
v -0.14598600 0.02424300 -0.03101900
v -0.14598600 0.02424300 -0.03101900
v -0.14598600 0.02424300 -0.03101900
v -0.14598600 0.02549300 -0.03250600
v -0.14598600 0.02549300 -0.03250600
v -0.14598600 0.02549300 -0.03250600
v -0.14598600 0.03151900 -0.03259600
v -0.14598600 0.03151900 -0.03259600
v -0.14598600 0.03151900 -0.03259600
v -0.14598600 0.03350800 -0.02770700
v -0.14598600 0.03350800 -0.02770700
v -0.14598600 0.03350800 -0.02770700
v -0.14598600 0.03350800 -0.02770700
v -0.14598600 0.02475500 -0.02537500
v -0.14598600 0.02475500 -0.02537500
v -0.14598600 0.02475500 -0.02537500
v -0.14598600 0.02475500 -0.02537500
v -0.14598600 0.02386200 -0.02697500
v -0.14598600 0.02386200 -0.02697500
v -0.14598600 0.02386200 -0.02697500
v -0.14598600 0.02386200 -0.02697500
v -0.14446200 0.02359600 -0.02803200
v -0.14446200 0.02359600 -0.02803200
v -0.14446200 0.02359600 -0.02803200
v -0.14446200 0.02359600 -0.02803200
v -0.14446200 0.02359600 -0.02803200
v -0.14446200 0.02359600 -0.02803200
v -0.14446200 0.02541900 -0.03250500
v -0.14446200 0.02541900 -0.03250500
v -0.14446200 0.02541900 -0.03250500
v -0.14446200 0.02541900 -0.03250500
v -0.14446200 0.02541900 -0.03250500
v -0.14446200 0.02541900 -0.03250500
v -0.14446200 0.02541900 -0.03250500
v -0.14446200 0.02679800 -0.02385300
v -0.14446200 0.02679800 -0.02385300
v -0.14446200 0.02679800 -0.02385300
v -0.14446200 0.02679800 -0.02385300
v -0.14446200 0.02679800 -0.02385300
v -0.14446200 0.02679800 -0.02385300
v -0.14446200 0.02679800 -0.02385300
v -0.14446200 0.02792400 -0.03352300
v -0.14446200 0.02792400 -0.03352300
v -0.14446200 0.02792400 -0.03352300
v -0.14446200 0.02792400 -0.03352300
v -0.14446200 0.02792400 -0.03352300
v -0.14446200 0.02792400 -0.03352300
v -0.14446200 0.02390800 -0.03033200
v -0.14446200 0.02390800 -0.03033200
v -0.14446200 0.02390800 -0.03033200
v -0.14446200 0.02390800 -0.03033200
v -0.14446200 0.02390800 -0.03033200
v -0.14446200 0.02450800 -0.02566000
v -0.14446200 0.02450800 -0.02566000
v -0.14446200 0.02450800 -0.02566000
v -0.14446200 0.02450800 -0.02566000
v -0.14446200 0.02450800 -0.02566000
v -0.14446200 0.02450800 -0.02566000
v -0.14446200 0.02954900 -0.02368000
v -0.14446200 0.02954900 -0.02368000
v -0.14446200 0.02954900 -0.02368000
v -0.14446200 0.02954900 -0.02368000
v -0.14446200 0.02954900 -0.02368000
v -0.14446200 0.02954900 -0.02368000
v -0.14446200 0.03353500 -0.02894900
v -0.14446200 0.03353500 -0.02894900
v -0.14446200 0.03353500 -0.02894900
v -0.14446200 0.03353500 -0.02894900
v -0.14446200 0.03353500 -0.02894900
v -0.14446200 0.03353500 -0.02894900
v -0.14446200 0.02981500 -0.03339200
v -0.14446200 0.02981500 -0.03339200
v -0.14446200 0.02981500 -0.03339200
v -0.14446200 0.02981500 -0.03339200
v -0.14446200 0.03305100 -0.03078300
v -0.14446200 0.03305100 -0.03078300
v -0.14446200 0.03305100 -0.03078300
v -0.14446200 0.03305100 -0.03078300
v -0.14446200 0.03305100 -0.03078300
v -0.14446200 0.03332100 -0.02701800
v -0.14446200 0.03332100 -0.02701800
v -0.14446200 0.03332100 -0.02701800
v -0.14446200 0.03332100 -0.02701800
v -0.14446200 0.03332100 -0.02701800
v -0.14446200 0.03161800 -0.03254100
v -0.14446200 0.03161800 -0.03254100
v -0.14446200 0.03161800 -0.03254100
v -0.14446200 0.03161800 -0.03254100
v -0.14446200 0.03161800 -0.03254100
v -0.14446200 0.03161800 -0.03254100
v -0.14446200 0.03189100 -0.02479400
v -0.14446200 0.03189100 -0.02479400
v -0.14446200 0.03189100 -0.02479400
v -0.14446200 0.03189100 -0.02479400
v -0.14446200 0.03189100 -0.02479400
v -0.14446200 0.03189100 -0.02479400
v -0.14445000 0.02596000 -0.02939500
v -0.14445000 0.02596000 -0.02939500
v -0.14445000 0.02596000 -0.02939500
v -0.14445000 0.02596000 -0.02939500
v -0.14445000 0.02596000 -0.02939500
v -0.14445000 0.02596000 -0.02939500
v -0.14445000 0.02596000 -0.02939500
v -0.14445000 0.02596000 -0.02939500
v -0.14445000 0.02596000 -0.02939500
v -0.14445700 0.02774100 -0.03124900
v -0.14445700 0.02774100 -0.03124900
v -0.14445700 0.02774100 -0.03124900
v -0.14445700 0.02774100 -0.03124900
v -0.14445700 0.02774100 -0.03124900
v -0.14445700 0.02774100 -0.03124900
v -0.14445700 0.02774100 -0.03124900
v -0.14445300 0.03120700 -0.02777000
v -0.14445300 0.03120700 -0.02777000
v -0.14445300 0.03120700 -0.02777000
v -0.14445300 0.03120700 -0.02777000
v -0.14445300 0.03120700 -0.02777000
v -0.14445300 0.03120700 -0.02777000
v -0.14445300 0.03120700 -0.02777000
v -0.14445300 0.03120700 -0.02777000
v -0.14444500 0.02970700 -0.02617000
v -0.14444500 0.02970700 -0.02617000
v -0.14444500 0.02970700 -0.02617000
v -0.14444500 0.02970700 -0.02617000
v -0.14444500 0.02970700 -0.02617000
v -0.14444500 0.02970700 -0.02617000
v -0.14444500 0.02970700 -0.02617000
v -0.14445200 0.02809200 -0.02594200
v -0.14445200 0.02809200 -0.02594200
v -0.14445200 0.02809200 -0.02594200
v -0.14445200 0.02809200 -0.02594200
v -0.14445200 0.02809200 -0.02594200
v -0.14445200 0.02809200 -0.02594200
v -0.14444300 0.03098800 -0.02964900
v -0.14444300 0.03098800 -0.02964900
v -0.14444300 0.03098800 -0.02964900
v -0.14444300 0.03098800 -0.02964900
v -0.14444300 0.03098800 -0.02964900
v -0.14444300 0.03098800 -0.02964900
v -0.14443200 0.02702100 -0.02651800
v -0.14443200 0.02702100 -0.02651800
v -0.14443200 0.02702100 -0.02651800
v -0.14443200 0.02702100 -0.02651800
v -0.14443200 0.02702100 -0.02651800
v -0.14443200 0.02702100 -0.02651800
v -0.14443200 0.02702100 -0.02651800
v -0.14444600 0.02988200 -0.03089100
v -0.14444600 0.02988200 -0.03089100
v -0.14444600 0.02988200 -0.03089100
v -0.14444600 0.02988200 -0.03089100
v -0.14444600 0.02988200 -0.03089100
v -0.14444600 0.02988200 -0.03089100
v -0.14444600 0.02988200 -0.03089100
v -0.14444600 0.02988200 -0.03089100
v -0.14445200 0.02615900 -0.02742000
v -0.14445200 0.02615900 -0.02742000
v -0.14445200 0.02615900 -0.02742000
v -0.14445200 0.02615900 -0.02742000
v -0.14445200 0.02615900 -0.02742000
v -0.14429300 0.02785500 -0.03089700
v -0.14429300 0.02785500 -0.03089700
v -0.14429300 0.02785500 -0.03089700
v -0.14429300 0.02785500 -0.03089700
v -0.14429300 0.02785500 -0.03089700
v -0.14424600 0.02685200 -0.03029000
v -0.14424600 0.02685200 -0.03029000
v -0.14424600 0.02685200 -0.03029000
v -0.14424600 0.02685200 -0.03029000
v -0.14424600 0.02685200 -0.03029000
v -0.14424600 0.02685200 -0.03029000
v -0.14424400 0.02627200 -0.02930600
v -0.14424400 0.02627200 -0.02930600
v -0.14424400 0.02627200 -0.02930600
v -0.14424400 0.02627200 -0.02930600
v -0.14424400 0.02627200 -0.02930600
v -0.14424200 0.02616900 -0.02850000
v -0.14424200 0.02616900 -0.02850000
v -0.14424200 0.02616900 -0.02850000
v -0.14424200 0.02616900 -0.02850000
v -0.14423900 0.02637500 -0.02755400
v -0.14423900 0.02637500 -0.02755400
v -0.14423900 0.02637500 -0.02755400
v -0.14423900 0.02637500 -0.02755400
v -0.14423900 0.02637500 -0.02755400
v -0.14423900 0.02637500 -0.02755400
v -0.14423900 0.02637500 -0.02755400
v -0.14424300 0.02816900 -0.02618100
v -0.14424300 0.02816900 -0.02618100
v -0.14424300 0.02816900 -0.02618100
v -0.14424300 0.02816900 -0.02618100
v -0.14424300 0.02816900 -0.02618100
v -0.14424300 0.02816900 -0.02618100
v -0.14418000 0.02709900 -0.02667100
v -0.14418000 0.02709900 -0.02667100
v -0.14418000 0.02709900 -0.02667100
v -0.14418000 0.02709900 -0.02667100
v -0.13842300 0.02834700 -0.02617100
v -0.13842300 0.02834700 -0.02617100
v -0.13842300 0.02834700 -0.02617100
v -0.13842300 0.02834700 -0.02617100
v -0.13842300 0.02834700 -0.02617100
v -0.13843100 0.02618800 -0.02823300
v -0.13843100 0.02618800 -0.02823300
v -0.13843100 0.02618800 -0.02823300
v -0.13843100 0.02618800 -0.02823300
v -0.13843100 0.02618800 -0.02823300
v -0.13843100 0.02618800 -0.02823300
v -0.13842900 0.02762200 -0.03077100
v -0.13842900 0.02762200 -0.03077100
v -0.13842900 0.02762200 -0.03077100
v -0.13842900 0.02762200 -0.03077100
v -0.13842900 0.02762200 -0.03077100
v -0.13843000 0.02686500 -0.02684100
v -0.13843000 0.02686500 -0.02684100
v -0.13843000 0.02686500 -0.02684100
v -0.13843000 0.02686500 -0.02684100
v -0.13843000 0.02686500 -0.02684100
v -0.13843000 0.02686500 -0.02684100
v -0.13843000 0.02686500 -0.02684100
v -0.13842900 0.02649300 -0.02986500
v -0.13842900 0.02649300 -0.02986500
v -0.13842900 0.02649300 -0.02986500
v -0.13842900 0.02649300 -0.02986500
v -0.13842900 0.02649300 -0.02986500
v -0.13842900 0.02649300 -0.02986500
v -0.13842900 0.02649300 -0.02986500
v -0.13842300 0.02880300 -0.03097900
v -0.13842300 0.02880300 -0.03097900
v -0.13842300 0.02880300 -0.03097900
v -0.13842300 0.02880300 -0.03097900
v -0.13842300 0.02880300 -0.03097900
v -0.13842300 0.02880300 -0.03097900
v -0.13843100 0.03096200 -0.02891700
v -0.13843100 0.03096200 -0.02891700
v -0.13843100 0.03096200 -0.02891700
v -0.13843100 0.03096200 -0.02891700
v -0.13843100 0.03096200 -0.02891700
v -0.13843100 0.03096200 -0.02891700
v -0.14421600 0.03086300 -0.02942100
v -0.14421600 0.03086300 -0.02942100
v -0.14421600 0.03086300 -0.02942100
v -0.14421600 0.03086300 -0.02942100
v -0.14421600 0.03086300 -0.02942100
v -0.14421600 0.03086300 -0.02942100
v -0.13842900 0.02952800 -0.02637900
v -0.13842900 0.02952800 -0.02637900
v -0.13842900 0.02952800 -0.02637900
v -0.13842900 0.02952800 -0.02637900
v -0.13842900 0.02952800 -0.02637900
v -0.13842900 0.02952800 -0.02637900
v -0.13843000 0.03028500 -0.03030900
v -0.13843000 0.03028500 -0.03030900
v -0.13843000 0.03028500 -0.03030900
v -0.13843000 0.03028500 -0.03030900
v -0.13843000 0.03028500 -0.03030900
v -0.13843000 0.03028500 -0.03030900
v -0.13842900 0.03065700 -0.02728500
v -0.13842900 0.03065700 -0.02728500
v -0.13842900 0.03065700 -0.02728500
v -0.13842900 0.03065700 -0.02728500
v -0.13842900 0.03065700 -0.02728500
v -0.13842900 0.03065700 -0.02728500
v -0.13842900 0.03065700 -0.02728500
v -0.14423800 0.02930400 -0.02627300
v -0.14423800 0.02930400 -0.02627300
v -0.14423800 0.02930400 -0.02627300
v -0.14423800 0.02930400 -0.02627300
v -0.14423800 0.02930400 -0.02627300
v -0.14423800 0.02930400 -0.02627300
v -0.14424500 0.03002500 -0.02665200
v -0.14424500 0.03002500 -0.02665200
v -0.14424500 0.03002500 -0.02665200
v -0.14424500 0.03002500 -0.02665200
v -0.14424500 0.03002500 -0.02665200
v -0.14423900 0.03067800 -0.02736800
v -0.14423900 0.03067800 -0.02736800
v -0.14423900 0.03067800 -0.02736800
v -0.14423900 0.03067800 -0.02736800
v -0.14423900 0.03067800 -0.02736800
v -0.14424500 0.03096700 -0.02829800
v -0.14424500 0.03096700 -0.02829800
v -0.14424500 0.03096700 -0.02829800
v -0.14424500 0.03096700 -0.02829800
v -0.14424500 0.03096700 -0.02829800
v -0.14424400 0.03005800 -0.03048600
v -0.14424400 0.03005800 -0.03048600
v -0.14424400 0.03005800 -0.03048600
v -0.14424400 0.03005800 -0.03048600
v -0.14424400 0.03005800 -0.03048600
v -0.14424300 0.02898100 -0.03096900
v -0.14424300 0.02898100 -0.03096900
v -0.14424300 0.02898100 -0.03096900
v -0.14424300 0.02898100 -0.03096900
v -0.14424300 0.02898100 -0.03096900
v -0.14424300 0.02898100 -0.03096900
v -0.13804700 0.03005000 -0.03005000
v -0.13804700 0.03005000 -0.03005000
v -0.13804700 0.03005000 -0.03005000
v -0.13804700 0.03005000 -0.03005000
v -0.13804700 0.03005000 -0.03005000
v -0.13804700 0.03005000 -0.03005000
v -0.13804700 0.03005000 -0.03005000
v -0.13804800 0.02816100 -0.02654700
v -0.13804800 0.02816100 -0.02654700
v -0.13804800 0.02816100 -0.02654700
v -0.13804800 0.02816100 -0.02654700
v -0.13804800 0.02816100 -0.02654700
v -0.13804800 0.02816100 -0.02654700
v -0.13804800 0.02816100 -0.02654700
v -0.13804800 0.02816100 -0.02654700
v -0.13804900 0.02969600 -0.02688000
v -0.13804900 0.02969600 -0.02688000
v -0.13804900 0.02969600 -0.02688000
v -0.13804900 0.02969600 -0.02688000
v -0.13804900 0.02969600 -0.02688000
v -0.13804800 0.02816100 -0.03060300
v -0.13804800 0.02816100 -0.03060300
v -0.13804800 0.02816100 -0.03060300
v -0.13804800 0.02816100 -0.03060300
v -0.13804800 0.02816100 -0.03060300
v -0.13804800 0.02816100 -0.03060300
v -0.13804800 0.02816100 -0.03060300
v -0.13804800 0.03060300 -0.02816100
v -0.13804800 0.03060300 -0.02816100
v -0.13804800 0.03060300 -0.02816100
v -0.13804800 0.03060300 -0.02816100
v -0.13804800 0.03060300 -0.02816100
v -0.13804800 0.03060300 -0.02816100
v -0.13805000 0.02946100 -0.02758900
v -0.13805000 0.02946100 -0.02758900
v -0.13805000 0.02946100 -0.02758900
v -0.13805000 0.02946100 -0.02758900
v -0.13805000 0.02946100 -0.02758900
v -0.13805000 0.02946100 -0.02758900
v -0.13805000 0.02946100 -0.02758900
v -0.13805000 0.02987400 -0.02874600
v -0.13805000 0.02987400 -0.02874600
v -0.13805000 0.02987400 -0.02874600
v -0.13805000 0.02987400 -0.02874600
v -0.13805000 0.02987400 -0.02874600
v -0.13805000 0.02987400 -0.02874600
v -0.13804900 0.02840600 -0.02729300
v -0.13804900 0.02840600 -0.02729300
v -0.13804900 0.02840600 -0.02729300
v -0.13804900 0.02840600 -0.02729300
v -0.13804900 0.02840600 -0.02729300
v -0.13805000 0.02753600 -0.02777700
v -0.13805000 0.02753600 -0.02777700
v -0.13805000 0.02753600 -0.02777700
v -0.13805000 0.02753600 -0.02777700
v -0.13805000 0.02753600 -0.02777700
v -0.13805000 0.02753600 -0.02777700
v -0.13805100 0.02902700 -0.02985300
v -0.13805100 0.02902700 -0.02985300
v -0.13805100 0.02902700 -0.02985300
v -0.13805100 0.02902700 -0.02985300
v -0.13805100 0.02902700 -0.02985300
v -0.13805100 0.02902700 -0.02985300
v -0.13804600 0.02657200 -0.02791600
v -0.13804600 0.02657200 -0.02791600
v -0.13804600 0.02657200 -0.02791600
v -0.13804600 0.02657200 -0.02791600
v -0.13804600 0.02657200 -0.02791600
v -0.13804600 0.02657200 -0.02791600
v -0.13804600 0.02657200 -0.02791600
v -0.13805300 0.02738300 -0.02926300
v -0.13805300 0.02738300 -0.02926300
v -0.13805300 0.02738300 -0.02926300
v -0.13805300 0.02738300 -0.02926300
v -0.13805300 0.02738300 -0.02926300
v -0.13805300 0.02738300 -0.02926300
v -0.13805300 0.02738300 -0.02926300
v -0.13804900 0.02688000 -0.02969600
v -0.13804900 0.02688000 -0.02969600
v -0.13804900 0.02688000 -0.02969600
v -0.13804900 0.02688000 -0.02969600
v -0.13850600 0.02767200 -0.02881700
v -0.13850600 0.02767200 -0.02881700
v -0.13850600 0.02767200 -0.02881700
v -0.13850600 0.02767200 -0.02881700
v -0.13850600 0.02767200 -0.02881700
v -0.13850600 0.02767200 -0.02881700
v -0.13849300 0.02843400 -0.02948800
v -0.13849300 0.02843400 -0.02948800
v -0.13849300 0.02843400 -0.02948800
v -0.13849300 0.02843400 -0.02948800
v -0.13849300 0.02843400 -0.02948800
v -0.13849300 0.02843400 -0.02948800
v -0.13849300 0.02929500 -0.02915400
v -0.13849300 0.02929500 -0.02915400
v -0.13849300 0.02929500 -0.02915400
v -0.13849300 0.02929500 -0.02915400
v -0.13849300 0.02929500 -0.02915400
v -0.13849300 0.02943600 -0.02824100
v -0.13849300 0.02943600 -0.02824100
v -0.13849300 0.02943600 -0.02824100
v -0.13849300 0.02943600 -0.02824100
v -0.13849300 0.02943600 -0.02824100
v -0.13849300 0.02943600 -0.02824100
v -0.13848500 0.02869600 -0.02765300
v -0.13848500 0.02869600 -0.02765300
v -0.13848500 0.02869600 -0.02765300
v -0.13848500 0.02869600 -0.02765300
v -0.13848500 0.02869600 -0.02765300
v -0.13848500 0.02869600 -0.02765300
v -0.13849000 0.02792100 -0.02794600
v -0.13849000 0.02792100 -0.02794600
v -0.13849000 0.02792100 -0.02794600
v -0.13849000 0.02792100 -0.02794600
v -0.13849000 0.02792100 -0.02794600
v -0.13849000 0.02792100 -0.02794600
v -0.13849000 0.02792100 -0.02794600
v -0.14338400 0.02925500 -0.02795100
v -0.14338400 0.02925500 -0.02795100
v -0.14338400 0.02925500 -0.02795100
v -0.14338400 0.02925500 -0.02795100
v -0.14338400 0.02925500 -0.02795100
v -0.14338700 0.02845500 -0.02766500
v -0.14338700 0.02845500 -0.02766500
v -0.14338700 0.02845500 -0.02766500
v -0.14338700 0.02845500 -0.02766500
v -0.14338700 0.02845500 -0.02766500
v -0.14340400 0.02794400 -0.02795400
v -0.14340400 0.02794400 -0.02795400
v -0.14340400 0.02794400 -0.02795400
v -0.14340400 0.02794400 -0.02795400
v -0.14338200 0.02762900 -0.02860700
v -0.14338200 0.02762900 -0.02860700
v -0.14338200 0.02762900 -0.02860700
v -0.14338200 0.02762900 -0.02860700
v -0.14338200 0.02762900 -0.02860700
v -0.14338300 0.02824900 -0.02944000
v -0.14338300 0.02824900 -0.02944000
v -0.14338300 0.02824900 -0.02944000
v -0.14338300 0.02824900 -0.02944000
v -0.14338300 0.02824900 -0.02944000
v -0.14339900 0.02937100 -0.02912600
v -0.14339900 0.02937100 -0.02912600
v -0.14339900 0.02937100 -0.02912600
v -0.14339900 0.02937100 -0.02912600
v -0.14339900 0.02937100 -0.02912600
v -0.14339900 0.02937100 -0.02912600
v -0.14390500 0.02857900 -0.02857700
v -0.14390500 0.02857900 -0.02857700
v -0.14390500 0.02857900 -0.02857700
v -0.14390500 0.02857900 -0.02857700
v -0.14390500 0.02857900 -0.02857700
v -0.14390500 0.02857900 -0.02857700
v -0.14598600 -0.03059400 -0.02399200
v -0.14598600 -0.03059400 -0.02399200
v -0.14598600 -0.03059400 -0.02399200
v -0.14598600 -0.03059400 -0.02399200
v -0.14598600 -0.02770100 -0.02361100
v -0.14598600 -0.02770100 -0.02361100
v -0.14598600 -0.02770100 -0.02361100
v -0.14598600 -0.02770100 -0.02361100
v -0.14598600 -0.02748300 -0.03349500
v -0.14598600 -0.02748300 -0.03349500
v -0.14598600 -0.02748300 -0.03349500
v -0.14598600 -0.02748300 -0.03349500
v -0.14598600 -0.02748300 -0.03349500
v -0.14598600 -0.03339200 -0.02733500
v -0.14598600 -0.03339200 -0.02733500
v -0.14598600 -0.03339200 -0.02733500
v -0.14598600 -0.02365000 -0.02933700
v -0.14598600 -0.02365000 -0.02933700
v -0.14598600 -0.02365000 -0.02933700
v -0.14598600 -0.02365000 -0.02933700
v -0.14598600 -0.03350800 -0.02944300
v -0.14598600 -0.03350800 -0.02944300
v -0.14598600 -0.03350800 -0.02944300
v -0.14598600 -0.03350800 -0.02944300
v -0.14598600 -0.02515500 -0.02492300
v -0.14598600 -0.02515500 -0.02492300
v -0.14598600 -0.02515500 -0.02492300
v -0.14598600 -0.02515500 -0.02492300
v -0.14598600 -0.02467500 -0.03177600
v -0.14598600 -0.02467500 -0.03177600
v -0.14598600 -0.02467500 -0.03177600
v -0.14598600 -0.02467500 -0.03177600
v -0.14598600 -0.02379800 -0.02707100
v -0.14598600 -0.02379800 -0.02707100
v -0.14598600 -0.02379800 -0.02707100
v -0.14598600 -0.02379800 -0.02707100
v -0.14598600 -0.02379800 -0.02707100
v -0.14598600 -0.03054600 -0.03319500
v -0.14598600 -0.03054600 -0.03319500
v -0.14598600 -0.03054600 -0.03319500
v -0.14598600 -0.03054600 -0.03319500
v -0.14598600 -0.03253500 -0.03161300
v -0.14598600 -0.03253500 -0.03161300
v -0.14598600 -0.03253500 -0.03161300
v -0.14598600 -0.03253500 -0.03161300
v -0.14598600 -0.03254100 -0.02553200
v -0.14598600 -0.03254100 -0.02553200
v -0.14598600 -0.03254100 -0.02553200
v -0.14598600 -0.03254100 -0.02553200
v -0.14446200 -0.03350800 -0.02770700
v -0.14446200 -0.03350800 -0.02770700
v -0.14446200 -0.03350800 -0.02770700
v -0.14446200 -0.03350800 -0.02770700
v -0.14446200 -0.03350800 -0.02770700
v -0.14446200 -0.03350800 -0.02770700
v -0.14446200 -0.02997300 -0.02379200
v -0.14446200 -0.02997300 -0.02379200
v -0.14446200 -0.02997300 -0.02379200
v -0.14446200 -0.02997300 -0.02379200
v -0.14446200 -0.02997300 -0.02379200
v -0.14446200 -0.02997300 -0.02379200
v -0.14446200 -0.03330900 -0.03018200
v -0.14446200 -0.03330900 -0.03018200
v -0.14446200 -0.03330900 -0.03018200
v -0.14446200 -0.03330900 -0.03018200
v -0.14446200 -0.03330900 -0.03018200
v -0.14446200 -0.03330900 -0.03018200
v -0.14446200 -0.02997300 -0.03335800
v -0.14446200 -0.02997300 -0.03335800
v -0.14446200 -0.02997300 -0.03335800
v -0.14446200 -0.02997300 -0.03335800
v -0.14446200 -0.02997300 -0.03335800
v -0.14446200 -0.02743200 -0.02367200
v -0.14446200 -0.02743200 -0.02367200
v -0.14446200 -0.02743200 -0.02367200
v -0.14446200 -0.02743200 -0.02367200
v -0.14446200 -0.02743200 -0.02367200
v -0.14446200 -0.02743200 -0.02367200
v -0.14446200 -0.03221700 -0.02509100
v -0.14446200 -0.03221700 -0.02509100
v -0.14446200 -0.03221700 -0.02509100
v -0.14446200 -0.03221700 -0.02509100
v -0.14446200 -0.03221700 -0.02509100
v -0.14446200 -0.03221700 -0.02509100
v -0.14446200 -0.03196000 -0.03226600
v -0.14446200 -0.03196000 -0.03226600
v -0.14446200 -0.03196000 -0.03226600
v -0.14446200 -0.03196000 -0.03226600
v -0.14446200 -0.03196000 -0.03226600
v -0.14446200 -0.03196000 -0.03226600
v -0.14446200 -0.02359600 -0.02878900
v -0.14446200 -0.02359600 -0.02878900
v -0.14446200 -0.02359600 -0.02878900
v -0.14446200 -0.02359600 -0.02878900
v -0.14446200 -0.02359600 -0.02878900
v -0.14446200 -0.02359600 -0.02878900
v -0.14446200 -0.02409900 -0.03078300
v -0.14446200 -0.02409900 -0.03078300
v -0.14446200 -0.02409900 -0.03078300
v -0.14446200 -0.02409900 -0.03078300
v -0.14446200 -0.02409900 -0.03078300
v -0.14446200 -0.02825000 -0.03353600
v -0.14446200 -0.02825000 -0.03353600
v -0.14446200 -0.02825000 -0.03353600
v -0.14446200 -0.02825000 -0.03353600
v -0.14446200 -0.02825000 -0.03353600
v -0.14446200 -0.02389300 -0.02686700
v -0.14446200 -0.02389300 -0.02686700
v -0.14446200 -0.02389300 -0.02686700
v -0.14446200 -0.02389300 -0.02686700
v -0.14446200 -0.02591000 -0.03286000
v -0.14446200 -0.02591000 -0.03286000
v -0.14446200 -0.02591000 -0.03286000
v -0.14446200 -0.02591000 -0.03286000
v -0.14446200 -0.02591000 -0.03286000
v -0.14446200 -0.02591000 -0.03286000
v -0.14446200 -0.02504000 -0.02504000
v -0.14446200 -0.02504000 -0.02504000
v -0.14446200 -0.02504000 -0.02504000
v -0.14446200 -0.02504000 -0.02504000
v -0.14446200 -0.02504000 -0.02504000
v -0.14446200 -0.02504000 -0.02504000
v -0.14445100 -0.03124700 -0.02794100
v -0.14445100 -0.03124700 -0.02794100
v -0.14445100 -0.03124700 -0.02794100
v -0.14445100 -0.03124700 -0.02794100
v -0.14445100 -0.03124700 -0.02794100
v -0.14445100 -0.03124700 -0.02794100
v -0.14445100 -0.03124700 -0.02794100
v -0.14445100 -0.03124700 -0.02794100
v -0.14444500 -0.02970400 -0.03098000
v -0.14444500 -0.02970400 -0.03098000
v -0.14444500 -0.02970400 -0.03098000
v -0.14444500 -0.02970400 -0.03098000
v -0.14444500 -0.02970400 -0.03098000
v -0.14444500 -0.02970400 -0.03098000
v -0.14444500 -0.02970400 -0.03098000
v -0.14444800 -0.03086700 -0.02990100
v -0.14444800 -0.03086700 -0.02990100
v -0.14444800 -0.03086700 -0.02990100
v -0.14444800 -0.03086700 -0.02990100
v -0.14444800 -0.03086700 -0.02990100
v -0.14444800 -0.03086700 -0.02990100
v -0.14444600 -0.02743700 -0.02616900
v -0.14444600 -0.02743700 -0.02616900
v -0.14444600 -0.02743700 -0.02616900
v -0.14444600 -0.02743700 -0.02616900
v -0.14444600 -0.02743700 -0.02616900
v -0.14444600 -0.02743700 -0.02616900
v -0.14444600 -0.02743700 -0.02616900
v -0.14445200 -0.02593400 -0.02780100
v -0.14445200 -0.02593400 -0.02780100
v -0.14445200 -0.02593400 -0.02780100
v -0.14445200 -0.02593400 -0.02780100
v -0.14445200 -0.02593400 -0.02780100
v -0.14445200 -0.02593400 -0.02780100
v -0.14445200 -0.02593400 -0.02780100
v -0.14445200 -0.02593400 -0.02780100
v -0.14445200 -0.02905800 -0.02594200
v -0.14445200 -0.02905800 -0.02594200
v -0.14445200 -0.02905800 -0.02594200
v -0.14445200 -0.02905800 -0.02594200
v -0.14445200 -0.02905800 -0.02594200
v -0.14445200 -0.02905800 -0.02594200
v -0.14445400 -0.02641000 -0.03027500
v -0.14445400 -0.02641000 -0.03027500
v -0.14445400 -0.02641000 -0.03027500
v -0.14445400 -0.02641000 -0.03027500
v -0.14445400 -0.02641000 -0.03027500
v -0.14445400 -0.02641000 -0.03027500
v -0.14445400 -0.02641000 -0.03027500
v -0.14445400 -0.02641000 -0.03027500
v -0.14443200 -0.03012900 -0.02651800
v -0.14443200 -0.03012900 -0.02651800
v -0.14443200 -0.03012900 -0.02651800
v -0.14443200 -0.03012900 -0.02651800
v -0.14443200 -0.03012900 -0.02651800
v -0.14443200 -0.03012900 -0.02651800
v -0.14443200 -0.03012900 -0.02651800
v -0.14445000 -0.02802700 -0.03119700
v -0.14445000 -0.02802700 -0.03119700
v -0.14445000 -0.02802700 -0.03119700
v -0.14445000 -0.02802700 -0.03119700
v -0.14445000 -0.02802700 -0.03119700
v -0.14445000 -0.02802700 -0.03119700
v -0.14423800 -0.02930400 -0.03087700
v -0.14423800 -0.02930400 -0.03087700
v -0.14423800 -0.02930400 -0.03087700
v -0.14423800 -0.02930400 -0.03087700
v -0.14423800 -0.02930400 -0.03087700
v -0.14423800 -0.02930400 -0.03087700
v -0.14424600 -0.03029800 -0.03029000
v -0.14424600 -0.03029800 -0.03029000
v -0.14424600 -0.03029800 -0.03029000
v -0.14424600 -0.03029800 -0.03029000
v -0.14424600 -0.03029800 -0.03029000
v -0.14424600 -0.03029800 -0.03029000
v -0.14421900 -0.03087200 -0.02930600
v -0.14421900 -0.03087200 -0.02930600
v -0.14421900 -0.03087200 -0.02930600
v -0.14421900 -0.03087200 -0.02930600
v -0.14421900 -0.03087200 -0.02930600
v -0.14421900 -0.03087200 -0.02930600
v -0.14424200 -0.03098100 -0.02850000
v -0.14424200 -0.03098100 -0.02850000
v -0.14424200 -0.03098100 -0.02850000
v -0.14424200 -0.03098100 -0.02850000
v -0.14423900 -0.03077500 -0.02755400
v -0.14423900 -0.03077500 -0.02755400
v -0.14423900 -0.03077500 -0.02755400
v -0.14423900 -0.03077500 -0.02755400
v -0.14423900 -0.03077500 -0.02755400
v -0.14423900 -0.03077500 -0.02755400
v -0.14424300 -0.02898100 -0.02618100
v -0.14424300 -0.02898100 -0.02618100
v -0.14424300 -0.02898100 -0.02618100
v -0.14424300 -0.02898100 -0.02618100
v -0.14424300 -0.02898100 -0.02618100
v -0.14424300 -0.02898100 -0.02618100
v -0.14418000 -0.03005100 -0.02667100
v -0.14418000 -0.03005100 -0.02667100
v -0.14418000 -0.03005100 -0.02667100
v -0.14418000 -0.03005100 -0.02667100
v -0.13842300 -0.02880300 -0.02617100
v -0.13842300 -0.02880300 -0.02617100
v -0.13842300 -0.02880300 -0.02617100
v -0.13842300 -0.02880300 -0.02617100
v -0.13842300 -0.02880300 -0.02617100
v -0.13842300 -0.02880300 -0.02617100
v -0.13843100 -0.03096200 -0.02823300
v -0.13843100 -0.03096200 -0.02823300
v -0.13843100 -0.03096200 -0.02823300
v -0.13843100 -0.03096200 -0.02823300
v -0.13843100 -0.03096200 -0.02823300
v -0.13843100 -0.03096200 -0.02823300
v -0.13842900 -0.02952800 -0.03077100
v -0.13842900 -0.02952800 -0.03077100
v -0.13842900 -0.02952800 -0.03077100
v -0.13842900 -0.02952800 -0.03077100
v -0.13842900 -0.02952800 -0.03077100
v -0.13843000 -0.03028500 -0.02684100
v -0.13843000 -0.03028500 -0.02684100
v -0.13843000 -0.03028500 -0.02684100
v -0.13843000 -0.03028500 -0.02684100
v -0.13843000 -0.03028500 -0.02684100
v -0.13843000 -0.03028500 -0.02684100
v -0.13843000 -0.03028500 -0.02684100
v -0.13842900 -0.03065700 -0.02986500
v -0.13842900 -0.03065700 -0.02986500
v -0.13842900 -0.03065700 -0.02986500
v -0.13842900 -0.03065700 -0.02986500
v -0.13842900 -0.03065700 -0.02986500
v -0.13842900 -0.03065700 -0.02986500
v -0.13842900 -0.03065700 -0.02986500
v -0.13842300 -0.02834700 -0.03097900
v -0.13842300 -0.02834700 -0.03097900
v -0.13842300 -0.02834700 -0.03097900
v -0.13842300 -0.02834700 -0.03097900
v -0.13842300 -0.02834700 -0.03097900
v -0.13842300 -0.02834700 -0.03097900
v -0.13843100 -0.02618800 -0.02891700
v -0.13843100 -0.02618800 -0.02891700
v -0.13843100 -0.02618800 -0.02891700
v -0.13843100 -0.02618800 -0.02891700
v -0.13843100 -0.02618800 -0.02891700
v -0.13843100 -0.02618800 -0.02891700
v -0.13842900 -0.02762200 -0.02637900
v -0.13842900 -0.02762200 -0.02637900
v -0.13842900 -0.02762200 -0.02637900
v -0.13842900 -0.02762200 -0.02637900
v -0.13842900 -0.02762200 -0.02637900
v -0.13843000 -0.02686500 -0.03030900
v -0.13843000 -0.02686500 -0.03030900
v -0.13843000 -0.02686500 -0.03030900
v -0.13843000 -0.02686500 -0.03030900
v -0.13843000 -0.02686500 -0.03030900
v -0.13843000 -0.02686500 -0.03030900
v -0.13842900 -0.02649300 -0.02728500
v -0.13842900 -0.02649300 -0.02728500
v -0.13842900 -0.02649300 -0.02728500
v -0.13842900 -0.02649300 -0.02728500
v -0.13842900 -0.02649300 -0.02728500
v -0.13842900 -0.02649300 -0.02728500
v -0.13842900 -0.02649300 -0.02728500
v -0.14423800 -0.02784600 -0.02627300
v -0.14423800 -0.02784600 -0.02627300
v -0.14423800 -0.02784600 -0.02627300
v -0.14423800 -0.02784600 -0.02627300
v -0.14423800 -0.02784600 -0.02627300
v -0.14423800 -0.02784600 -0.02627300
v -0.14424500 -0.02712500 -0.02665200
v -0.14424500 -0.02712500 -0.02665200
v -0.14424500 -0.02712500 -0.02665200
v -0.14424500 -0.02712500 -0.02665200
v -0.14424500 -0.02712500 -0.02665200
v -0.14423900 -0.02647200 -0.02736800
v -0.14423900 -0.02647200 -0.02736800
v -0.14423900 -0.02647200 -0.02736800
v -0.14423900 -0.02647200 -0.02736800
v -0.14423900 -0.02647200 -0.02736800
v -0.14424400 -0.02615900 -0.02846700
v -0.14424400 -0.02615900 -0.02846700
v -0.14424400 -0.02615900 -0.02846700
v -0.14424400 -0.02615900 -0.02846700
v -0.14424400 -0.02615900 -0.02846700
v -0.14423900 -0.02637500 -0.02959600
v -0.14423900 -0.02637500 -0.02959600
v -0.14423900 -0.02637500 -0.02959600
v -0.14423900 -0.02637500 -0.02959600
v -0.14423900 -0.02637500 -0.02959600
v -0.14423900 -0.02637500 -0.02959600
v -0.14424400 -0.02709200 -0.03048600
v -0.14424400 -0.02709200 -0.03048600
v -0.14424400 -0.02709200 -0.03048600
v -0.14424400 -0.02709200 -0.03048600
v -0.14424300 -0.02816900 -0.03096900
v -0.14424300 -0.02816900 -0.03096900
v -0.14424300 -0.02816900 -0.03096900
v -0.14424300 -0.02816900 -0.03096900
v -0.14424300 -0.02816900 -0.03096900
v -0.14424300 -0.02816900 -0.03096900
v -0.13804700 -0.02710000 -0.03005000
v -0.13804700 -0.02710000 -0.03005000
v -0.13804700 -0.02710000 -0.03005000
v -0.13804700 -0.02710000 -0.03005000
v -0.13804700 -0.02710000 -0.03005000
v -0.13804700 -0.02710000 -0.03005000
v -0.13804700 -0.02710000 -0.03005000
v -0.13804600 -0.02791600 -0.02657200
v -0.13804600 -0.02791600 -0.02657200
v -0.13804600 -0.02791600 -0.02657200
v -0.13804600 -0.02791600 -0.02657200
v -0.13804600 -0.02791600 -0.02657200
v -0.13804600 -0.02791600 -0.02657200
v -0.13804600 -0.02791600 -0.02657200
v -0.13804800 -0.02898900 -0.03060300
v -0.13804800 -0.02898900 -0.03060300
v -0.13804800 -0.02898900 -0.03060300
v -0.13804800 -0.02898900 -0.03060300
v -0.13804800 -0.02898900 -0.03060300
v -0.13804800 -0.02898900 -0.03060300
v -0.13804800 -0.02898900 -0.03060300
v -0.13804800 -0.02654700 -0.02816100
v -0.13804800 -0.02654700 -0.02816100
v -0.13804800 -0.02654700 -0.02816100
v -0.13804800 -0.02654700 -0.02816100
v -0.13804800 -0.02654700 -0.02816100
v -0.13804800 -0.02654700 -0.02816100
v -0.13804800 -0.02654700 -0.02816100
v -0.13805000 -0.02777700 -0.02753600
v -0.13805000 -0.02777700 -0.02753600
v -0.13805000 -0.02777700 -0.02753600
v -0.13805000 -0.02777700 -0.02753600
v -0.13805000 -0.02777700 -0.02753600
v -0.13805000 -0.02777700 -0.02753600
v -0.13804900 -0.02729300 -0.02840600
v -0.13804900 -0.02729300 -0.02840600
v -0.13804900 -0.02729300 -0.02840600
v -0.13804900 -0.02729300 -0.02840600
v -0.13805300 -0.02926300 -0.02738300
v -0.13805300 -0.02926300 -0.02738300
v -0.13805300 -0.02926300 -0.02738300
v -0.13805300 -0.02926300 -0.02738300
v -0.13805300 -0.02926300 -0.02738300
v -0.13805300 -0.02926300 -0.02738300
v -0.13805300 -0.02926300 -0.02738300
v -0.13805300 -0.02926300 -0.02738300
v -0.13805000 -0.02758900 -0.02946100
v -0.13805000 -0.02758900 -0.02946100
v -0.13805000 -0.02758900 -0.02946100
v -0.13805000 -0.02758900 -0.02946100
v -0.13805000 -0.02758900 -0.02946100
v -0.13805000 -0.02758900 -0.02946100
v -0.13804900 -0.02969600 -0.02688000
v -0.13804900 -0.02969600 -0.02688000
v -0.13804900 -0.02969600 -0.02688000
v -0.13804900 -0.02969600 -0.02688000
v -0.13804900 -0.02969600 -0.02688000
v -0.13804800 -0.03060300 -0.02816100
v -0.13804800 -0.03060300 -0.02816100
v -0.13804800 -0.03060300 -0.02816100
v -0.13804800 -0.03060300 -0.02816100
v -0.13804800 -0.03060300 -0.02816100
v -0.13804800 -0.03060300 -0.02816100
v -0.13804800 -0.03060300 -0.02816100
v -0.13805100 -0.02985300 -0.02902700
v -0.13805100 -0.02985300 -0.02902700
v -0.13805100 -0.02985300 -0.02902700
v -0.13805100 -0.02985300 -0.02902700
v -0.13805100 -0.02985300 -0.02902700
v -0.13805100 -0.02985300 -0.02902700
v -0.13805100 -0.02985300 -0.02902700
v -0.13805000 -0.02874600 -0.02987400
v -0.13805000 -0.02874600 -0.02987400
v -0.13805000 -0.02874600 -0.02987400
v -0.13805000 -0.02874600 -0.02987400
v -0.13805000 -0.02874600 -0.02987400
v -0.13805000 -0.02874600 -0.02987400
v -0.13804900 -0.03027000 -0.02969600
v -0.13804900 -0.03027000 -0.02969600
v -0.13804900 -0.03027000 -0.02969600
v -0.13804900 -0.03027000 -0.02969600
v -0.13851700 -0.02933300 -0.02915700
v -0.13851700 -0.02933300 -0.02915700
v -0.13851700 -0.02933300 -0.02915700
v -0.13851700 -0.02933300 -0.02915700
v -0.13851700 -0.02933300 -0.02915700
v -0.13851700 -0.02933300 -0.02915700
v -0.13849300 -0.02824100 -0.02943600
v -0.13849300 -0.02824100 -0.02943600
v -0.13849300 -0.02824100 -0.02943600
v -0.13849300 -0.02824100 -0.02943600
v -0.13849300 -0.02824100 -0.02943600
v -0.13849300 -0.02824100 -0.02943600
v -0.13849800 -0.02763200 -0.02859700
v -0.13849800 -0.02763200 -0.02859700
v -0.13849800 -0.02763200 -0.02859700
v -0.13849800 -0.02763200 -0.02859700
v -0.13849800 -0.02763200 -0.02859700
v -0.13849800 -0.02763200 -0.02859700
v -0.13849800 -0.02763200 -0.02859700
v -0.13848400 -0.02811900 -0.02778500
v -0.13848400 -0.02811900 -0.02778500
v -0.13848400 -0.02811900 -0.02778500
v -0.13848400 -0.02811900 -0.02778500
v -0.13848400 -0.02811900 -0.02778500
v -0.13848400 -0.02811900 -0.02778500
v -0.13849900 -0.02892600 -0.02772800
v -0.13849900 -0.02892600 -0.02772800
v -0.13849900 -0.02892600 -0.02772800
v -0.13849900 -0.02892600 -0.02772800
v -0.13849900 -0.02892600 -0.02772800
v -0.13848500 -0.02940500 -0.02823100
v -0.13848500 -0.02940500 -0.02823100
v -0.13848500 -0.02940500 -0.02823100
v -0.13848500 -0.02940500 -0.02823100
v -0.13848500 -0.02940500 -0.02823100
v -0.13848500 -0.02940500 -0.02823100
v -0.14338400 -0.02789400 -0.02795200
v -0.14338400 -0.02789400 -0.02795200
v -0.14338400 -0.02789400 -0.02795200
v -0.14338400 -0.02789400 -0.02795200
v -0.14338400 -0.02789400 -0.02795200
v -0.14338700 -0.02869500 -0.02766500
v -0.14338700 -0.02869500 -0.02766500
v -0.14338700 -0.02869500 -0.02766500
v -0.14338700 -0.02869500 -0.02766500
v -0.14338700 -0.02869500 -0.02766500
v -0.14340300 -0.02920500 -0.02795300
v -0.14340300 -0.02920500 -0.02795300
v -0.14340300 -0.02920500 -0.02795300
v -0.14340300 -0.02920500 -0.02795300
v -0.14340300 -0.02920500 -0.02795300
v -0.14338200 -0.02952100 -0.02860700
v -0.14338200 -0.02952100 -0.02860700
v -0.14338200 -0.02952100 -0.02860700
v -0.14338200 -0.02952100 -0.02860700
v -0.14338200 -0.02952100 -0.02860700
v -0.14338300 -0.02890100 -0.02944000
v -0.14338300 -0.02890100 -0.02944000
v -0.14338300 -0.02890100 -0.02944000
v -0.14338300 -0.02890100 -0.02944000
v -0.14338300 -0.02890100 -0.02944000
v -0.14339900 -0.02777900 -0.02912600
v -0.14339900 -0.02777900 -0.02912600
v -0.14339900 -0.02777900 -0.02912600
v -0.14339900 -0.02777900 -0.02912600
v -0.14339900 -0.02777900 -0.02912600
v -0.14390500 -0.02857100 -0.02857700
v -0.14390500 -0.02857100 -0.02857700
v -0.14390500 -0.02857100 -0.02857700
v -0.14390500 -0.02857100 -0.02857700
v -0.14390500 -0.02857100 -0.02857700
v -0.14390500 -0.02857100 -0.02857700
v -0.14598600 -0.03073800 0.03307800
v -0.14598600 -0.03073800 0.03307800
v -0.14598600 -0.03073800 0.03307800
v -0.14598600 -0.03073800 0.03307800
v -0.14598600 -0.02939700 0.02359700
v -0.14598600 -0.02939700 0.02359700
v -0.14598600 -0.02939700 0.02359700
v -0.14598600 -0.02939700 0.02359700
v -0.14598600 -0.02939700 0.02359700
v -0.14598600 -0.02651000 0.02401700
v -0.14598600 -0.02651000 0.02401700
v -0.14598600 -0.02651000 0.02401700
v -0.14598600 -0.02568300 0.03270300
v -0.14598600 -0.02568300 0.03270300
v -0.14598600 -0.02568300 0.03270300
v -0.14598600 -0.02568300 0.03270300
v -0.14598600 -0.03350800 0.02770700
v -0.14598600 -0.03350800 0.02770700
v -0.14598600 -0.03350800 0.02770700
v -0.14598600 -0.03350800 0.02770700
v -0.14598600 -0.03350800 0.02770700
v -0.14598600 -0.03339200 0.02981500
v -0.14598600 -0.03339200 0.02981500
v -0.14598600 -0.03339200 0.02981500
v -0.14598600 -0.02460900 0.02553200
v -0.14598600 -0.02460900 0.02553200
v -0.14598600 -0.02460900 0.02553200
v -0.14598600 -0.02460900 0.02553200
v -0.14598600 -0.02460900 0.02553200
v -0.14598600 -0.02366600 0.02765100
v -0.14598600 -0.02366600 0.02765100
v -0.14598600 -0.02366600 0.02765100
v -0.14598600 -0.02383600 0.03024000
v -0.14598600 -0.02383600 0.03024000
v -0.14598600 -0.02383600 0.03024000
v -0.14598600 -0.02383600 0.03024000
v -0.14598600 -0.03224900 0.02513400
v -0.14598600 -0.03224900 0.02513400
v -0.14598600 -0.03224900 0.02513400
v -0.14598600 -0.03224900 0.02513400
v -0.14598600 -0.03254100 0.03161800
v -0.14598600 -0.03254100 0.03161800
v -0.14598600 -0.03254100 0.03161800
v -0.14598600 -0.03254100 0.03161800
v -0.14598600 -0.02841100 0.03357600
v -0.14598600 -0.02841100 0.03357600
v -0.14598600 -0.02841100 0.03357600
v -0.14598600 -0.02841100 0.03357600
v -0.14598600 -0.02841100 0.03357600
v -0.14446200 -0.03350800 0.02944300
v -0.14446200 -0.03350800 0.02944300
v -0.14446200 -0.03350800 0.02944300
v -0.14446200 -0.03350800 0.02944300
v -0.14446200 -0.03350800 0.02944300
v -0.14446200 -0.03350800 0.02944300
v -0.14446200 -0.03350800 0.02944300
v -0.14446200 -0.03248000 0.02543900
v -0.14446200 -0.03248000 0.02543900
v -0.14446200 -0.03248000 0.02543900
v -0.14446200 -0.03248000 0.02543900
v -0.14446200 -0.03248000 0.02543900
v -0.14446200 -0.03248000 0.02543900
v -0.14446200 -0.03013200 0.03332100
v -0.14446200 -0.03013200 0.03332100
v -0.14446200 -0.03013200 0.03332100
v -0.14446200 -0.03013200 0.03332100
v -0.14446200 -0.03013200 0.03332100
v -0.14446200 -0.03013200 0.03332100
v -0.14446200 -0.02878900 0.02359600
v -0.14446200 -0.02878900 0.02359600
v -0.14446200 -0.02878900 0.02359600
v -0.14446200 -0.02878900 0.02359600
v -0.14446200 -0.02878900 0.02359600
v -0.14446200 -0.02825000 0.03353600
v -0.14446200 -0.02825000 0.03353600
v -0.14446200 -0.02825000 0.03353600
v -0.14446200 -0.02825000 0.03353600
v -0.14446200 -0.02825000 0.03353600
v -0.14446200 -0.03231600 0.03192700
v -0.14446200 -0.03231600 0.03192700
v -0.14446200 -0.03231600 0.03192700
v -0.14446200 -0.03231600 0.03192700
v -0.14446200 -0.03231600 0.03192700
v -0.14446200 -0.03231600 0.03192700
v -0.14446200 -0.03339200 0.02733500
v -0.14446200 -0.03339200 0.02733500
v -0.14446200 -0.03339200 0.02733500
v -0.14446200 -0.03339200 0.02733500
v -0.14446200 -0.03067800 0.02405700
v -0.14446200 -0.03067800 0.02405700
v -0.14446200 -0.03067800 0.02405700
v -0.14446200 -0.03067800 0.02405700
v -0.14446200 -0.03067800 0.02405700
v -0.14446200 -0.02360800 0.02775500
v -0.14446200 -0.02360800 0.02775500
v -0.14446200 -0.02360800 0.02775500
v -0.14446200 -0.02360800 0.02775500
v -0.14446200 -0.02360800 0.02775500
v -0.14446200 -0.02360800 0.02775500
v -0.14446200 -0.02360800 0.02775500
v -0.14446200 -0.02399200 0.03059400
v -0.14446200 -0.02399200 0.03059400
v -0.14446200 -0.02399200 0.03059400
v -0.14446200 -0.02399200 0.03059400
v -0.14446200 -0.02399200 0.03059400
v -0.14446200 -0.02469100 0.02545300
v -0.14446200 -0.02469100 0.02545300
v -0.14446200 -0.02469100 0.02545300
v -0.14446200 -0.02469100 0.02545300
v -0.14446200 -0.02591000 0.03286000
v -0.14446200 -0.02591000 0.03286000
v -0.14446200 -0.02591000 0.03286000
v -0.14446200 -0.02591000 0.03286000
v -0.14446200 -0.02591000 0.03286000
v -0.14446200 -0.02591000 0.03286000
v -0.14446200 -0.02650600 0.02400900
v -0.14446200 -0.02650600 0.02400900
v -0.14446200 -0.02650600 0.02400900
v -0.14446200 -0.02650600 0.02400900
v -0.14446200 -0.02650600 0.02400900
v -0.14446200 -0.02650600 0.02400900
v -0.14446200 -0.02650600 0.02400900
v -0.14445000 -0.03118500 0.02773900
v -0.14445000 -0.03118500 0.02773900
v -0.14445000 -0.03118500 0.02773900
v -0.14445000 -0.03118500 0.02773900
v -0.14445000 -0.03118500 0.02773900
v -0.14445000 -0.03118500 0.02773900
v -0.14445000 -0.03118500 0.02773900
v -0.14445000 -0.03118500 0.02773900
v -0.14445000 -0.03118500 0.02773900
v -0.14444500 -0.02970400 0.02617000
v -0.14444500 -0.02970400 0.02617000
v -0.14444500 -0.02970400 0.02617000
v -0.14444500 -0.02970400 0.02617000
v -0.14444500 -0.02970400 0.02617000
v -0.14444500 -0.02970400 0.02617000
v -0.14444500 -0.02970400 0.02617000
v -0.14444600 -0.02743700 0.03098100
v -0.14444600 -0.02743700 0.03098100
v -0.14444600 -0.02743700 0.03098100
v -0.14444600 -0.02743700 0.03098100
v -0.14444600 -0.02743700 0.03098100
v -0.14444600 -0.02743700 0.03098100
v -0.14444600 -0.02743700 0.03098100
v -0.14445200 -0.02593400 0.02934900
v -0.14445200 -0.02593400 0.02934900
v -0.14445200 -0.02593400 0.02934900
v -0.14445200 -0.02593400 0.02934900
v -0.14445200 -0.02593400 0.02934900
v -0.14445200 -0.02593400 0.02934900
v -0.14445200 -0.02593400 0.02934900
v -0.14445200 -0.02593400 0.02934900
v -0.14445200 -0.02905800 0.03120800
v -0.14445200 -0.02905800 0.03120800
v -0.14445200 -0.02905800 0.03120800
v -0.14445200 -0.02905800 0.03120800
v -0.14445200 -0.02905800 0.03120800
v -0.14445200 -0.02905800 0.03120800
v -0.14445400 -0.02641000 0.02687500
v -0.14445400 -0.02641000 0.02687500
v -0.14445400 -0.02641000 0.02687500
v -0.14445400 -0.02641000 0.02687500
v -0.14445400 -0.02641000 0.02687500
v -0.14445400 -0.02641000 0.02687500
v -0.14445400 -0.02641000 0.02687500
v -0.14445400 -0.02641000 0.02687500
v -0.14443600 -0.03012900 0.03063900
v -0.14443600 -0.03012900 0.03063900
v -0.14443600 -0.03012900 0.03063900
v -0.14443600 -0.03012900 0.03063900
v -0.14443600 -0.03012900 0.03063900
v -0.14443600 -0.03012900 0.03063900
v -0.14443600 -0.03012900 0.03063900
v -0.14445200 -0.03100200 0.02970500
v -0.14445200 -0.03100200 0.02970500
v -0.14445200 -0.03100200 0.02970500
v -0.14445200 -0.03100200 0.02970500
v -0.14445200 -0.03100200 0.02970500
v -0.14445000 -0.02802700 0.02595300
v -0.14445000 -0.02802700 0.02595300
v -0.14445000 -0.02802700 0.02595300
v -0.14445000 -0.02802700 0.02595300
v -0.14445000 -0.02802700 0.02595300
v -0.14445000 -0.02802700 0.02595300
v -0.14423800 -0.02930400 0.02627300
v -0.14423800 -0.02930400 0.02627300
v -0.14423800 -0.02930400 0.02627300
v -0.14423800 -0.02930400 0.02627300
v -0.14423800 -0.02930400 0.02627300
v -0.14423800 -0.02930400 0.02627300
v -0.14424600 -0.03029800 0.02686000
v -0.14424600 -0.03029800 0.02686000
v -0.14424600 -0.03029800 0.02686000
v -0.14424600 -0.03029800 0.02686000
v -0.14424600 -0.03029800 0.02686000
v -0.14424600 -0.03029800 0.02686000
v -0.14424400 -0.03087800 0.02784400
v -0.14424400 -0.03087800 0.02784400
v -0.14424400 -0.03087800 0.02784400
v -0.14424400 -0.03087800 0.02784400
v -0.14424400 -0.03087800 0.02784400
v -0.14424200 -0.03098100 0.02865000
v -0.14424200 -0.03098100 0.02865000
v -0.14424200 -0.03098100 0.02865000
v -0.14424200 -0.03098100 0.02865000
v -0.14423900 -0.03077500 0.02959600
v -0.14423900 -0.03077500 0.02959600
v -0.14423900 -0.03077500 0.02959600
v -0.14423900 -0.03077500 0.02959600
v -0.14423900 -0.03077500 0.02959600
v -0.14423900 -0.03077500 0.02959600
v -0.14423900 -0.03077500 0.02959600
v -0.14424300 -0.02898100 0.03096900
v -0.14424300 -0.02898100 0.03096900
v -0.14424300 -0.02898100 0.03096900
v -0.14424300 -0.02898100 0.03096900
v -0.14424300 -0.02898100 0.03096900
v -0.14424300 -0.02898100 0.03096900
v -0.14418000 -0.03005100 0.03047900
v -0.14418000 -0.03005100 0.03047900
v -0.14418000 -0.03005100 0.03047900
v -0.14418000 -0.03005100 0.03047900
v -0.13842300 -0.02880300 0.03097900
v -0.13842300 -0.02880300 0.03097900
v -0.13842300 -0.02880300 0.03097900
v -0.13842300 -0.02880300 0.03097900
v -0.13842300 -0.02880300 0.03097900
v -0.13842300 -0.02880300 0.03097900
v -0.13843100 -0.03096200 0.02891700
v -0.13843100 -0.03096200 0.02891700
v -0.13843100 -0.03096200 0.02891700
v -0.13843100 -0.03096200 0.02891700
v -0.13843100 -0.03096200 0.02891700
v -0.13843100 -0.03096200 0.02891700
v -0.13842900 -0.02952800 0.02637900
v -0.13842900 -0.02952800 0.02637900
v -0.13842900 -0.02952800 0.02637900
v -0.13842900 -0.02952800 0.02637900
v -0.13842900 -0.02952800 0.02637900
v -0.13842900 -0.02952800 0.02637900
v -0.13843000 -0.03028500 0.03030900
v -0.13843000 -0.03028500 0.03030900
v -0.13843000 -0.03028500 0.03030900
v -0.13843000 -0.03028500 0.03030900
v -0.13843000 -0.03028500 0.03030900
v -0.13843000 -0.03028500 0.03030900
v -0.13843000 -0.03028500 0.03030900
v -0.13842900 -0.03065700 0.02728500
v -0.13842900 -0.03065700 0.02728500
v -0.13842900 -0.03065700 0.02728500
v -0.13842900 -0.03065700 0.02728500
v -0.13842900 -0.03065700 0.02728500
v -0.13842900 -0.03065700 0.02728500
v -0.13842300 -0.02834700 0.02617100
v -0.13842300 -0.02834700 0.02617100
v -0.13842300 -0.02834700 0.02617100
v -0.13842300 -0.02834700 0.02617100
v -0.13842300 -0.02834700 0.02617100
v -0.13843100 -0.02618800 0.02823300
v -0.13843100 -0.02618800 0.02823300
v -0.13843100 -0.02618800 0.02823300
v -0.13843100 -0.02618800 0.02823300
v -0.13843100 -0.02618800 0.02823300
v -0.13842900 -0.02762200 0.03077100
v -0.13842900 -0.02762200 0.03077100
v -0.13842900 -0.02762200 0.03077100
v -0.13842900 -0.02762200 0.03077100
v -0.13842900 -0.02762200 0.03077100
v -0.13843000 -0.02686500 0.02684100
v -0.13843000 -0.02686500 0.02684100
v -0.13843000 -0.02686500 0.02684100
v -0.13843000 -0.02686500 0.02684100
v -0.13843000 -0.02686500 0.02684100
v -0.13843000 -0.02686500 0.02684100
v -0.13843000 -0.02686500 0.02684100
v -0.13842900 -0.02649300 0.02986500
v -0.13842900 -0.02649300 0.02986500
v -0.13842900 -0.02649300 0.02986500
v -0.13842900 -0.02649300 0.02986500
v -0.13842900 -0.02649300 0.02986500
v -0.13842900 -0.02649300 0.02986500
v -0.13842900 -0.02649300 0.02986500
v -0.13842900 -0.02649300 0.02986500
v -0.14423800 -0.02784600 0.03087700
v -0.14423800 -0.02784600 0.03087700
v -0.14423800 -0.02784600 0.03087700
v -0.14423800 -0.02784600 0.03087700
v -0.14423800 -0.02784600 0.03087700
v -0.14423800 -0.02784600 0.03087700
v -0.14424500 -0.02712500 0.03049800
v -0.14424500 -0.02712500 0.03049800
v -0.14424500 -0.02712500 0.03049800
v -0.14424500 -0.02712500 0.03049800
v -0.14424500 -0.02712500 0.03049800
v -0.14423900 -0.02647200 0.02978200
v -0.14423900 -0.02647200 0.02978200
v -0.14423900 -0.02647200 0.02978200
v -0.14423900 -0.02647200 0.02978200
v -0.14423900 -0.02647200 0.02978200
v -0.14424400 -0.02615900 0.02868300
v -0.14424400 -0.02615900 0.02868300
v -0.14424400 -0.02615900 0.02868300
v -0.14424400 -0.02615900 0.02868300
v -0.14424400 -0.02615900 0.02868300
v -0.14423900 -0.02637500 0.02755400
v -0.14423900 -0.02637500 0.02755400
v -0.14423900 -0.02637500 0.02755400
v -0.14423900 -0.02637500 0.02755400
v -0.14423900 -0.02637500 0.02755400
v -0.14423900 -0.02637500 0.02755400
v -0.14424400 -0.02709200 0.02666400
v -0.14424400 -0.02709200 0.02666400
v -0.14424400 -0.02709200 0.02666400
v -0.14424400 -0.02709200 0.02666400
v -0.14424300 -0.02816900 0.02618100
v -0.14424300 -0.02816900 0.02618100
v -0.14424300 -0.02816900 0.02618100
v -0.14424300 -0.02816900 0.02618100
v -0.14424300 -0.02816900 0.02618100
v -0.14424300 -0.02816900 0.02618100
v -0.13804800 -0.02816100 0.03060300
v -0.13804800 -0.02816100 0.03060300
v -0.13804800 -0.02816100 0.03060300
v -0.13804800 -0.02816100 0.03060300
v -0.13804800 -0.02816100 0.03060300
v -0.13804800 -0.02816100 0.03060300
v -0.13804800 -0.02816100 0.03060300
v -0.13804800 -0.02816100 0.02654700
v -0.13804800 -0.02816100 0.02654700
v -0.13804800 -0.02816100 0.02654700
v -0.13804800 -0.02816100 0.02654700
v -0.13804800 -0.02816100 0.02654700
v -0.13804800 -0.02816100 0.02654700
v -0.13804800 -0.02816100 0.02654700
v -0.13804800 -0.02816100 0.02654700
v -0.13804900 -0.02688000 0.02969600
v -0.13804900 -0.02688000 0.02969600
v -0.13804900 -0.02688000 0.02969600
v -0.13804900 -0.02688000 0.02969600
v -0.13804600 -0.02657200 0.02791600
v -0.13804600 -0.02657200 0.02791600
v -0.13804600 -0.02657200 0.02791600
v -0.13804600 -0.02657200 0.02791600
v -0.13804600 -0.02657200 0.02791600
v -0.13804600 -0.02657200 0.02791600
v -0.13804600 -0.02657200 0.02791600
v -0.13805300 -0.02738300 0.02926300
v -0.13805300 -0.02738300 0.02926300
v -0.13805300 -0.02738300 0.02926300
v -0.13805300 -0.02738300 0.02926300
v -0.13805300 -0.02738300 0.02926300
v -0.13805300 -0.02738300 0.02926300
v -0.13805300 -0.02738300 0.02926300
v -0.13805100 -0.02902700 0.02985300
v -0.13805100 -0.02902700 0.02985300
v -0.13805100 -0.02902700 0.02985300
v -0.13805100 -0.02902700 0.02985300
v -0.13805100 -0.02902700 0.02985300
v -0.13805100 -0.02902700 0.02985300
v -0.13805100 -0.02902700 0.02985300
v -0.13805100 -0.02902700 0.02985300
v -0.13805000 -0.02753600 0.02777700
v -0.13805000 -0.02753600 0.02777700
v -0.13805000 -0.02753600 0.02777700
v -0.13805000 -0.02753600 0.02777700
v -0.13805000 -0.02753600 0.02777700
v -0.13805000 -0.02753600 0.02777700
v -0.13804900 -0.02969600 0.03027000
v -0.13804900 -0.02969600 0.03027000
v -0.13804900 -0.02969600 0.03027000
v -0.13804900 -0.02969600 0.03027000
v -0.13804900 -0.02969600 0.03027000
v -0.13804800 -0.03060300 0.02898900
v -0.13804800 -0.03060300 0.02898900
v -0.13804800 -0.03060300 0.02898900
v -0.13804800 -0.03060300 0.02898900
v -0.13804800 -0.03060300 0.02898900
v -0.13804800 -0.03060300 0.02898900
v -0.13804800 -0.03060300 0.02898900
v -0.13805000 -0.02987400 0.02874600
v -0.13805000 -0.02987400 0.02874600
v -0.13805000 -0.02987400 0.02874600
v -0.13805000 -0.02987400 0.02874600
v -0.13805000 -0.02987400 0.02874600
v -0.13805000 -0.02987400 0.02874600
v -0.13804900 -0.02840600 0.02729300
v -0.13804900 -0.02840600 0.02729300
v -0.13804900 -0.02840600 0.02729300
v -0.13804900 -0.02840600 0.02729300
v -0.13805000 -0.02946100 0.02758900
v -0.13805000 -0.02946100 0.02758900
v -0.13805000 -0.02946100 0.02758900
v -0.13805000 -0.02946100 0.02758900
v -0.13805000 -0.02946100 0.02758900
v -0.13805000 -0.02946100 0.02758900
v -0.13804700 -0.03005000 0.02710000
v -0.13804700 -0.03005000 0.02710000
v -0.13804700 -0.03005000 0.02710000
v -0.13804700 -0.03005000 0.02710000
v -0.13804700 -0.03005000 0.02710000
v -0.13804700 -0.03005000 0.02710000
v -0.13849900 -0.02942200 0.02822400
v -0.13849900 -0.02942200 0.02822400
v -0.13849900 -0.02942200 0.02822400
v -0.13849900 -0.02942200 0.02822400
v -0.13849900 -0.02942200 0.02822400
v -0.13849900 -0.02942200 0.02822400
v -0.13849800 -0.02859700 0.02763200
v -0.13849800 -0.02859700 0.02763200
v -0.13849800 -0.02859700 0.02763200
v -0.13849800 -0.02859700 0.02763200
v -0.13849800 -0.02859700 0.02763200
v -0.13849800 -0.02859700 0.02763200
v -0.13849800 -0.02859700 0.02763200
v -0.13849300 -0.02773000 0.02820200
v -0.13849300 -0.02773000 0.02820200
v -0.13849300 -0.02773000 0.02820200
v -0.13849300 -0.02773000 0.02820200
v -0.13849300 -0.02773000 0.02820200
v -0.13848900 -0.02790200 0.02924800
v -0.13848900 -0.02790200 0.02924800
v -0.13848900 -0.02790200 0.02924800
v -0.13848900 -0.02790200 0.02924800
v -0.13848900 -0.02790200 0.02924800
v -0.13848900 -0.02790200 0.02924800
v -0.13848900 -0.02790200 0.02924800
v -0.13849900 -0.02892600 0.02942200
v -0.13849900 -0.02892600 0.02942200
v -0.13849900 -0.02892600 0.02942200
v -0.13849900 -0.02892600 0.02942200
v -0.13849900 -0.02892600 0.02942200
v -0.13848500 -0.02940500 0.02891900
v -0.13848500 -0.02940500 0.02891900
v -0.13848500 -0.02940500 0.02891900
v -0.13848500 -0.02940500 0.02891900
v -0.13848500 -0.02940500 0.02891900
v -0.13848500 -0.02940500 0.02891900
v -0.14338500 -0.02789400 0.02919800
v -0.14338500 -0.02789400 0.02919800
v -0.14338500 -0.02789400 0.02919800
v -0.14338500 -0.02789400 0.02919800
v -0.14338700 -0.02869500 0.02948500
v -0.14338700 -0.02869500 0.02948500
v -0.14338700 -0.02869500 0.02948500
v -0.14338700 -0.02869500 0.02948500
v -0.14338700 -0.02869500 0.02948500
v -0.14340400 -0.02920600 0.02919600
v -0.14340400 -0.02920600 0.02919600
v -0.14340400 -0.02920600 0.02919600
v -0.14340400 -0.02920600 0.02919600
v -0.14340400 -0.02920600 0.02919600
v -0.14338200 -0.02952100 0.02854400
v -0.14338200 -0.02952100 0.02854400
v -0.14338200 -0.02952100 0.02854400
v -0.14338200 -0.02952100 0.02854400
v -0.14338200 -0.02952100 0.02854400
v -0.14338300 -0.02890100 0.02771000
v -0.14338300 -0.02890100 0.02771000
v -0.14338300 -0.02890100 0.02771000
v -0.14338300 -0.02890100 0.02771000
v -0.14338300 -0.02890100 0.02771000
v -0.14339900 -0.02777900 0.02802400
v -0.14339900 -0.02777900 0.02802400
v -0.14339900 -0.02777900 0.02802400
v -0.14339900 -0.02777900 0.02802400
v -0.14339900 -0.02777900 0.02802400
v -0.14339900 -0.02777900 0.02802400
v -0.14390500 -0.02857100 0.02857400
v -0.14390500 -0.02857100 0.02857400
v -0.14390500 -0.02857100 0.02857400
v -0.14390500 -0.02857100 0.02857400
v -0.14390500 -0.02857100 0.02857400
v -0.14390500 -0.02857100 0.02857400
vn -1.00000000 0.00020000 0.00010000
vn -0.53690000 -0.07470000 -0.84040000
vn -0.46000000 -0.23640000 -0.85580000
vn -0.51070000 -0.46570000 -0.72270000
vn -1.00000000 -0.00010000 0.00020000
vn -0.51450000 -0.46740000 -0.71890000
vn -1.00000000 0.00020000 0.00010000
vn -1.00000000 -0.00000000 -0.00000000
vn -0.00000000 -0.00000000 -1.00000000
vn -0.00000000 -1.00000000 -0.00000000
vn -1.00000000 -0.00010000 0.00020000
vn 0.02380000 -0.98890000 -0.14700000
vn 0.03270000 -0.99650000 -0.07720000
vn -1.00000000 0.00080000 0.00010000
vn -1.00000000 -0.00000000 -0.00000000
vn 0.02370000 0.98890000 -0.14700000
vn -1.00000000 0.00070000 0.00030000
vn 0.03270000 0.99650000 -0.07720000
vn -0.00000000 -0.00000000 -1.00000000
vn -1.00000000 0.00040000 0.00020000
vn -0.45950000 -0.84910000 -0.26060000
vn -1.00000000 0.00070000 0.00030000
vn -1.00000000 0.00080000 0.00010000
vn -0.52460000 -0.84800000 -0.07540000
vn -0.52250000 -0.84910000 -0.07770000
vn -0.53000000 -0.71100000 -0.46230000
vn -1.00000000 0.00080000 0.00010000
vn -1.00000000 0.00010000 -0.00000000
vn -0.00000000 -0.00000000 1.00000000
vn -1.00000000 0.00040000 0.00020000
vn -0.00000000 -0.94570000 -0.32510000
vn -0.05900000 -0.98850000 0.13940000
vn -1.00000000 -0.00000000 -0.00000000
vn 0.03270000 -0.99650000 -0.07720000
vn -0.51160000 0.24440000 -0.82370000
vn -0.49080000 0.22190000 -0.84260000
vn -0.53690000 -0.07470000 -0.84040000
vn -1.00000000 -0.00000000 -0.00000000
vn -0.49750000 -0.01820000 -0.86730000
vn -1.00000000 0.00020000 0.00010000
vn -0.00000000 1.00000000 -0.00000000
vn -0.00000000 -0.00000000 -1.00000000
vn -1.00000000 -0.00000000 -0.00000000
vn -1.00000000 -0.00000000 0.00190000
vn -0.00000000 -0.00000000 -1.00000000
vn -0.00000000 -1.00000000 -0.00000000
vn -1.00000000 -0.00000000 -0.00000000
vn -1.00000000 -0.00060000 0.00010000
vn -1.00000000 -0.00000000 -0.00000000
vn -1.00000000 -0.00020000 -0.00010000
vn -0.00000000 1.00000000 -0.00000000
vn -0.00000000 -0.00000000 1.00000000
vn -1.00000000 0.00010000 -0.00020000
vn -1.00000000 -0.00000000 -0.00000000
vn -0.00000000 -0.00000000 1.00000000
vn -0.00000000 -1.00000000 -0.00000000
vn -1.00000000 -0.00010000 -0.00000000
vn -1.00000000 -0.00000000 -0.00010000
vn -0.00000000 -0.00000000 1.00000000
vn -0.00000000 -1.00000000 -0.00000000
vn -1.00000000 -0.00000000 -0.00000000
vn -1.00000000 0.00010000 -0.00000000
vn 0.03270000 0.99650000 -0.07720000
vn -1.00000000 -0.00000000 -0.00000000
vn -0.00000000 0.94570000 -0.32510000
vn -0.05900000 0.98850000 0.13940000
vn -1.00000000 -0.00000000 -0.00010000
vn -0.00000000 -0.00000000 1.00000000
vn -1.00000000 0.00010000 -0.00000000
vn -0.46030000 -0.65210000 0.60240000
vn -1.00000000 -0.00000000 -0.00000000
vn -0.52650000 -0.69320000 0.49230000
vn -0.53850000 -0.48790000 0.68700000
vn -0.55220000 0.07390000 0.83040000
vn -1.00000000 -0.00020000 -0.00010000
vn -1.00000000 -0.00000000 -0.00000000
vn -0.46040000 -0.06860000 0.88500000
vn -0.52800000 -0.24150000 0.81420000
vn -0.52800000 -0.24150000 0.81420000
vn -0.53850000 -0.48790000 0.68700000
vn -1.00000000 -0.00000000 -0.00000000
vn -0.46070000 -0.36990000 0.80680000
vn -1.00000000 -0.00000000 0.00190000
vn -1.00000000 -0.00060000 0.00010000
vn -0.44780000 0.83140000 -0.32910000
vn -1.00000000 -0.00120000 0.00030000
vn -0.52470000 0.84600000 -0.09540000
vn -0.53930000 0.83880000 -0.07460000
vn -0.53800000 0.70670000 -0.45950000
vn -1.00000000 -0.00010000 -0.00000000
vn -0.00000000 1.00000000 -0.00000000
vn -1.00000000 -0.00120000 0.00030000
vn -0.00000000 -0.00000000 -1.00000000
vn -1.00000000 -0.00000000 0.00190000
vn 0.03270000 0.99650000 -0.07720000
vn 0.02370000 0.98890000 -0.14700000
vn 0.03270000 -0.99650000 -0.07720000
vn -1.00000000 0.00010000 -0.00000000
vn -0.00000000 -0.00000000 -1.00000000
vn -1.00000000 -0.00000000 -0.00000000
vn 0.02380000 -0.98890000 -0.14700000
vn -0.51160000 0.24440000 -0.82370000
vn -0.48220000 0.47450000 -0.73650000
vn -0.51310000 0.49700000 -0.69980000
vn -1.00000000 -0.00000000 -0.00000000
vn -0.52600000 0.47370000 0.70640000
vn -0.55220000 0.07390000 0.83040000
vn -0.51290000 0.46790000 0.71970000
vn -1.00000000 -0.00020000 -0.00010000
vn -1.00000000 0.00010000 -0.00020000
vn -0.44720000 0.26840000 0.85320000
vn -1.00000000 -0.00000000 -0.00000000
vn -1.00000000 0.00070000 0.00030000
vn -1.00000000 -0.00010000 0.00020000
vn -0.53000000 -0.71100000 -0.46230000
vn -0.51450000 -0.46740000 -0.71890000
vn -0.48110000 -0.70360000 -0.52290000
vn -0.51050000 0.70100000 0.49790000
vn -1.00000000 -0.00000000 -0.00000000
vn -1.00000000 -0.00010000 -0.00000000
vn -0.48520000 0.69380000 0.53220000
vn -1.00000000 0.00010000 -0.00020000
vn -0.51290000 0.46790000 0.71970000
vn -0.00000000 -0.00000000 1.00000000
vn -1.00000000 -0.00000000 -0.00010000
vn -0.00000000 -0.94570000 -0.32510000
vn -0.05900000 -0.98850000 0.13940000
vn 0.03270000 -0.99650000 -0.07720000
vn -1.00000000 0.00010000 -0.00000000
vn -1.00000000 -0.00000000 -0.00010000
vn -0.46360000 -0.81900000 0.33820000
vn -0.52650000 -0.69320000 0.49230000
vn -1.00000000 0.00010000 -0.00000000
vn -0.52410000 -0.81650000 0.24220000
vn -1.00000000 0.00010000 -0.00000000
vn -0.48990000 -0.86610000 0.09890000
vn -0.52410000 -0.81650000 0.24220000
vn -0.52460000 -0.84800000 -0.07540000
vn -1.00000000 0.00040000 0.00020000
vn -1.00000000 -0.00000000 -0.00000000
vn -0.51310000 0.49700000 -0.69980000
vn -0.48560000 0.68640000 -0.54130000
vn -1.00000000 -0.00060000 0.00010000
vn -0.53800000 0.70670000 -0.45950000
vn 0.03270000 0.99650000 -0.07720000
vn -0.00000000 -0.00000000 1.00000000
vn -1.00000000 -0.00000000 -0.00000000
vn -0.00000000 0.94570000 -0.32510000
vn -0.05900000 0.98850000 0.13940000
vn -1.00000000 -0.00020000 -0.00010000
vn -1.00000000 -0.00000000 -0.00010000
vn -1.00000000 -0.00010000 -0.00000000
vn -0.00000000 1.00000000 -0.00000000
vn -0.00000000 -0.00000000 1.00000000
vn -1.00000000 -0.00120000 0.00030000
vn -1.00000000 -0.00020000 -0.00010000
vn -1.00000000 -0.00010000 -0.00000000
vn -0.51470000 0.82200000 0.24380000
vn -0.53930000 0.83880000 -0.07460000
vn -0.47980000 0.87410000 0.07620000
vn -1.00000000 -0.00000000 -0.00010000
vn -0.48440000 0.82500000 0.29100000
vn -1.00000000 -0.00010000 -0.00000000
vn -0.51470000 0.82200000 0.24380000
vn -1.00000000 -0.00020000 -0.00010000
vn -0.51050000 0.70100000 0.49790000
vn -0.53800000 0.70670000 -0.45950000
vn -0.01280000 0.93090000 -0.36500000
vn -0.00880000 0.78620000 -0.61780000
vn 0.00920000 0.86210000 -0.50660000
vn -0.44780000 0.83140000 -0.32910000
vn -0.48560000 0.68640000 -0.54130000
vn -0.46000000 -0.23640000 -0.85580000
vn -0.01070000 -0.53990000 -0.84170000
vn -0.00780000 -0.26630000 -0.96390000
vn -0.51070000 -0.46570000 -0.72270000
vn 0.00870000 -0.42350000 -0.90590000
vn -0.01280000 0.93090000 -0.36500000
vn -0.18600000 0.98220000 0.02550000
vn 0.04300000 -0.13980000 -0.98920000
vn -0.52470000 0.84600000 -0.09540000
vn 0.00750000 0.97780000 -0.20930000
vn -0.44780000 0.83140000 -0.32910000
vn 0.06990000 0.98970000 -0.12530000
vn -0.46000000 -0.23640000 -0.85580000
vn 0.00440000 -0.16880000 -0.98560000
vn -0.00140000 -0.02270000 -0.99970000
vn -0.49750000 -0.01820000 -0.86730000
vn -0.00340000 -0.01590000 -0.99990000
vn -0.00780000 -0.26630000 -0.96390000
vn -0.53690000 -0.07470000 -0.84040000
vn 0.06960000 -0.98970000 0.12480000
vn -0.04540000 -0.99440000 -0.09540000
vn -0.52250000 -0.84910000 -0.07770000
vn -0.48990000 -0.86610000 0.09890000
vn -0.52460000 -0.84800000 -0.07540000
vn -0.45950000 -0.84910000 -0.26060000
vn -0.18620000 -0.98180000 0.03680000
vn -0.00160000 -0.95680000 -0.29080000
vn 0.00310000 0.01110000 -0.99990000
vn -0.52250000 -0.84910000 -0.07770000
vn -0.04540000 -0.99440000 -0.09540000
vn -0.04310000 0.99490000 0.09110000
vn -0.47980000 0.87410000 0.07620000
vn 0.06990000 0.98970000 -0.12530000
vn -0.52470000 0.84600000 -0.09540000
vn -0.53930000 0.83880000 -0.07460000
vn -0.49750000 -0.01820000 -0.86730000
vn -0.00140000 -0.02270000 -0.99970000
vn -0.49080000 0.22190000 -0.84260000
vn 0.00180000 0.18690000 -0.98240000
vn -0.00880000 0.25600000 -0.96660000
vn -0.45950000 -0.84910000 -0.26060000
vn -0.48110000 -0.70360000 -0.52290000
vn 0.01000000 -0.86210000 -0.50660000
vn -0.00750000 -0.95920000 -0.28250000
vn -0.01190000 -0.80260000 -0.59640000
vn -0.00160000 -0.95680000 -0.29080000
vn -0.53000000 -0.71100000 -0.46230000
vn -0.00880000 0.25600000 -0.96660000
vn -0.49080000 0.22190000 -0.84260000
vn -0.51160000 0.24440000 -0.82370000
vn -0.01070000 0.53990000 -0.84170000
vn 0.00870000 0.42350000 -0.90590000
vn -0.48220000 0.47450000 -0.73650000
vn -0.51450000 -0.46740000 -0.71890000
vn -0.01070000 -0.53990000 -0.84170000
vn -0.51070000 -0.46570000 -0.72270000
vn -0.48110000 -0.70360000 -0.52290000
vn 0.01070000 -0.66870000 -0.74350000
vn -0.01190000 -0.80260000 -0.59640000
vn -0.48560000 0.68640000 -0.54130000
vn -0.01070000 0.53990000 -0.84170000
vn 0.01070000 0.66870000 -0.74350000
vn -0.00880000 0.78620000 -0.61780000
vn -0.48220000 0.47450000 -0.73650000
vn -0.51310000 0.49700000 -0.69980000
vn -0.46360000 -0.81900000 0.33820000
vn 0.00760000 -0.80690000 0.59070000
vn -0.01250000 -0.73540000 0.67750000
vn -0.46030000 -0.65210000 0.60240000
vn -0.00910000 -0.92520000 0.37950000
vn -0.52650000 -0.69320000 0.49230000
vn -0.01010000 0.55730000 0.83020000
vn -0.44720000 0.26840000 0.85320000
vn -0.52600000 0.47370000 0.70640000
vn -0.00920000 0.30120000 0.95350000
vn 0.00750000 0.42890000 0.90330000
vn -0.44720000 0.26840000 0.85320000
vn -0.55220000 0.07390000 0.83040000
vn -0.00920000 0.30120000 0.95350000
vn -0.00760000 -0.07880000 0.99690000
vn -0.46040000 -0.06860000 0.88500000
vn 0.01030000 0.18020000 0.98360000
vn 0.00070000 -0.99880000 0.04920000
vn -0.52410000 -0.81650000 0.24220000
vn -0.48990000 -0.86610000 0.09890000
vn -0.46360000 -0.81900000 0.33820000
vn 0.04380000 0.14260000 0.98880000
vn -0.18600000 -0.98220000 -0.02550000
vn 0.00340000 -0.94450000 0.32840000
vn -0.00910000 -0.92520000 0.37950000
vn 0.06960000 -0.98970000 0.12480000
vn 0.01220000 -0.04030000 0.99910000
vn -0.47980000 0.87410000 0.07620000
vn -0.04310000 0.99490000 0.09110000
vn -0.51470000 0.82200000 0.24380000
vn -0.18560000 0.98180000 -0.04010000
vn -0.48440000 0.82500000 0.29100000
vn -0.00410000 0.96010000 -0.27950000
vn -0.00490000 0.94330000 0.33190000
vn -0.01690000 -0.41540000 0.90950000
vn -0.46070000 -0.36990000 0.80680000
vn 0.01050000 -0.15340000 0.98810000
vn -0.00760000 -0.07880000 0.99690000
vn -0.52800000 -0.24150000 0.81420000
vn -0.46040000 -0.06860000 0.88500000
vn -0.01160000 0.79340000 0.60860000
vn -0.48440000 0.82500000 0.29100000
vn -0.48520000 0.69380000 0.53220000
vn 0.01210000 0.91790000 0.39670000
vn -0.00490000 0.94330000 0.33190000
vn -0.51050000 0.70100000 0.49790000
vn 0.01800000 -0.55960000 0.82860000
vn -0.46070000 -0.36990000 0.80680000
vn -0.01250000 -0.73540000 0.67750000
vn -0.46030000 -0.65210000 0.60240000
vn -0.53850000 -0.48790000 0.68700000
vn -0.01690000 -0.41540000 0.90950000
vn 0.01300000 0.70170000 0.71240000
vn -0.01160000 0.79340000 0.60860000
vn -0.52600000 0.47370000 0.70640000
vn -0.48520000 0.69380000 0.53220000
vn -0.51290000 0.46790000 0.71970000
vn -0.01010000 0.55730000 0.83020000
vn 0.00920000 -0.99230000 0.12360000
vn -1.00000000 0.00020000 -0.00000000
vn -1.00000000 0.00010000 0.00010000
vn -0.19550000 -0.97720000 -0.08290000
vn -0.99970000 -0.02560000 -0.00450000
vn 0.40780000 -0.89790000 -0.16560000
vn 0.61500000 -0.78850000 -0.00000000
vn 0.61510000 -0.78840000 -0.00010000
vn -0.19550000 -0.97720000 -0.08290000
vn 0.57680000 -0.81280000 -0.08190000
vn 0.00920000 -0.99230000 0.12360000
vn 0.02580000 -0.99960000 -0.01370000
vn -0.00260000 -0.99420000 -0.10710000
vn -0.00990000 -0.99550000 0.09390000
vn 0.19310000 0.98120000 -0.00000000
vn -0.00990000 -0.99550000 0.09390000
vn -0.00320000 -0.72300000 0.69080000
vn -0.61490000 0.78860000 -0.00000000
vn -0.61500000 0.78850000 0.00010000
vn 0.02580000 -0.99960000 -0.01370000
vn 0.02910000 0.00690000 0.99960000
vn -0.07050000 0.07430000 0.99470000
vn -1.00000000 -0.00080000 0.00580000
vn 0.00920000 -0.99230000 0.12360000
vn 0.00340000 -0.94450000 0.32840000
vn 0.57680000 -0.81280000 -0.08190000
vn -0.07050000 0.07430000 0.99470000
vn -0.99970000 -0.02560000 -0.00450000
vn -0.00320000 -0.72300000 0.69080000
vn 0.00070000 -0.99880000 0.04920000
vn -0.18600000 -0.98220000 -0.02550000
vn -0.18620000 -0.98180000 0.03680000
vn -0.19310000 -0.98120000 -0.00000000
vn -0.04540000 -0.99440000 -0.09540000
vn 0.06960000 -0.98970000 0.12480000
vn 0.04380000 0.14260000 0.98880000
vn -0.00030000 -0.00010000 1.00000000
vn 0.19310000 0.98120000 -0.00000000
vn -0.00320000 -0.72300000 0.69080000
vn 0.00070000 -0.99880000 0.04920000
vn -0.00990000 -0.99550000 0.09390000
vn 0.00340000 -0.94450000 0.32840000
vn -1.00000000 -0.00000000 -0.00000000
vn 0.00760000 -0.80690000 0.59070000
vn -1.00000000 -0.00080000 0.00580000
vn -0.00910000 -0.92520000 0.37950000
vn 0.01800000 -0.55960000 0.82860000
vn -1.00000000 -0.00000000 -0.00000000
vn 0.00760000 -0.80690000 0.59070000
vn -0.01250000 -0.73540000 0.67750000
vn -1.00000000 -0.00000000 -0.00000000
vn 0.01050000 -0.15340000 0.98810000
vn -0.01690000 -0.41540000 0.90950000
vn 0.01800000 -0.55960000 0.82860000
vn -1.00000000 -0.00000000 -0.00000000
vn 0.01030000 0.18020000 0.98360000
vn -0.00760000 -0.07880000 0.99690000
vn 0.01050000 -0.15340000 0.98810000
vn 0.01030000 0.18020000 0.98360000
vn 0.00750000 0.42890000 0.90330000
vn -0.00920000 0.30120000 0.95350000
vn -1.00000000 -0.00000000 -0.00000000
vn -0.01010000 0.55730000 0.83020000
vn 0.01300000 0.70170000 0.71240000
vn -1.00000000 -0.00000000 -0.00000000
vn 0.00750000 0.42890000 0.90330000
vn 0.01300000 0.70170000 0.71240000
vn -0.01160000 0.79340000 0.60860000
vn -1.00000000 0.00010000 0.00010000
vn 0.01210000 0.91790000 0.39670000
vn -1.00000000 -0.00000000 -0.00000000
vn -1.00000000 0.00010000 -0.00000000
vn 0.01210000 0.91790000 0.39670000
vn -0.00410000 0.96010000 -0.27950000
vn -0.00490000 0.94330000 0.33190000
vn -0.13890000 0.98720000 0.07900000
vn 0.30380000 0.95270000 -0.01180000
vn -0.99990000 0.01210000 0.00410000
vn -1.00000000 0.00010000 0.00010000
vn -0.00110000 0.90710000 -0.42100000
vn -0.00300000 0.91940000 -0.39340000
vn -0.00300000 0.91940000 -0.39340000
vn -0.61500000 -0.78850000 -0.00000000
vn 0.00170000 -0.00470000 1.00000000
vn 0.00630000 -0.00150000 1.00000000
vn -0.00260000 0.99420000 0.10710000
vn 0.02580000 0.99960000 0.01370000
vn -0.00110000 0.90710000 -0.42100000
vn 0.00170000 -0.00470000 1.00000000
vn 0.61510000 0.78840000 0.00010000
vn -0.13890000 0.98720000 0.07900000
vn -0.00110000 0.90710000 -0.42100000
vn 0.01220000 -0.04030000 0.99910000
vn -0.00040000 0.00010000 1.00000000
vn -0.00410000 0.96010000 -0.27950000
vn -0.00300000 0.91940000 -0.39340000
vn -0.00260000 0.99420000 0.10710000
vn 0.19310000 -0.98120000 -0.00000000
vn 0.61510000 0.78840000 0.00010000
vn -0.13890000 0.98720000 0.07900000
vn 0.30380000 0.95270000 -0.01180000
vn 0.61500000 0.78850000 -0.00000000
vn 0.57120000 0.81560000 0.09290000
vn 0.19310000 -0.98120000 -0.00000000
vn -0.00990000 0.99550000 -0.09390000
vn -0.00260000 0.99420000 0.10710000
vn 0.02580000 0.99960000 0.01370000
vn -0.61500000 -0.78850000 -0.00000000
vn -0.61490000 -0.78860000 -0.00000000
vn 0.02890000 -0.00690000 -0.99960000
vn -0.00990000 0.99550000 -0.09390000
vn 0.03570000 0.96720000 -0.25160000
vn -0.03230000 -0.04830000 -0.99830000
vn -0.00830000 0.95820000 -0.28580000
vn 0.02580000 0.99960000 0.01370000
vn 0.06990000 0.98970000 -0.12530000
vn -0.18600000 0.98220000 0.02550000
vn -0.18560000 0.98180000 -0.04010000
vn -0.19310000 0.98120000 -0.00000000
vn -0.04310000 0.99490000 0.09110000
vn 0.19310000 0.98120000 -0.00000000
vn -0.00030000 -0.00010000 1.00000000
vn -0.61490000 0.78860000 -0.00000000
vn 0.02910000 0.00690000 0.99960000
vn 0.02910000 0.00690000 0.99960000
vn -0.00030000 -0.00010000 1.00000000
vn 0.04380000 0.14260000 0.98880000
vn 0.61500000 -0.78850000 -0.00000000
vn -0.07050000 0.07430000 0.99470000
vn -0.19310000 -0.98120000 -0.00000000
vn -0.18600000 -0.98220000 -0.02550000
vn 0.57680000 -0.81280000 -0.08190000
vn 0.00620000 0.00150000 -1.00000000
vn 0.19310000 0.98120000 -0.00000000
vn -0.61500000 0.78850000 0.00010000
vn -0.61490000 0.78860000 -0.00000000
vn -0.00040000 -0.00010000 -1.00000000
vn -0.00230000 -0.96630000 -0.25740000
vn -0.00040000 -0.00010000 -1.00000000
vn 0.00310000 0.01110000 -0.99990000
vn -0.00750000 -0.95920000 -0.28250000
vn -0.00160000 -0.95680000 -0.29080000
vn -0.00260000 -0.99420000 -0.10710000
vn 0.19310000 0.98120000 -0.00000000
vn 0.00170000 0.00460000 -1.00000000
vn 0.61510000 -0.78840000 -0.00010000
vn 0.00620000 0.00150000 -1.00000000
vn -0.19310000 -0.98120000 -0.00000000
vn 0.00310000 0.01110000 -0.99990000
vn -0.00040000 -0.00010000 -1.00000000
vn 0.61500000 -0.78850000 -0.00000000
vn -0.18620000 -0.98180000 0.03680000
vn -0.00230000 -0.96630000 -0.25740000
vn 0.00170000 0.00460000 -1.00000000
vn 0.00620000 0.00150000 -1.00000000
vn -0.00030000 -0.96670000 -0.25590000
vn 0.02580000 -0.99960000 -0.01370000
vn -0.61500000 0.78850000 0.00010000
vn -0.00260000 -0.99420000 -0.10710000
vn 0.61510000 -0.78840000 -0.00010000
vn -0.19550000 -0.97720000 -0.08290000
vn -0.00030000 -0.96670000 -0.25590000
vn 0.00170000 0.00460000 -1.00000000
vn 0.40780000 -0.89790000 -0.16560000
vn -0.99990000 0.00620000 -0.01200000
vn 0.03570000 0.96720000 -0.25160000
vn -0.03230000 -0.04830000 -0.99830000
vn 0.57120000 0.81560000 0.09290000
vn -0.99990000 0.01210000 0.00410000
vn 0.30380000 0.95270000 -0.01180000
vn -1.00000000 -0.00000000 0.00010000
vn 0.03570000 0.96720000 -0.25160000
vn -0.99990000 0.00620000 -0.01200000
vn 0.00920000 0.86210000 -0.50660000
vn -0.01280000 0.93090000 -0.36500000
vn -0.00830000 0.95820000 -0.28580000
vn -1.00000000 -0.00010000 0.00010000
vn 0.00750000 0.97780000 -0.20930000
vn 0.04300000 -0.13980000 -0.98920000
vn 0.19310000 -0.98120000 -0.00000000
vn -0.00990000 0.99550000 -0.09390000
vn -0.00830000 0.95820000 -0.28580000
vn 0.00750000 0.97780000 -0.20930000
vn -0.00030000 0.00010000 -1.00000000
vn 0.01070000 0.66870000 -0.74350000
vn -1.00000000 -0.00000000 0.00010000
vn -0.00880000 0.78620000 -0.61780000
vn -1.00000000 -0.00000000 -0.00000000
vn 0.00920000 0.86210000 -0.50660000
vn 0.01070000 0.66870000 -0.74350000
vn -0.01070000 0.53990000 -0.84170000
vn -1.00000000 -0.00000000 -0.00000000
vn 0.00870000 0.42350000 -0.90590000
vn 0.00650000 0.17760000 -0.98410000
vn 0.00870000 0.42350000 -0.90590000
vn -1.00000000 -0.00000000 -0.00000000
vn -0.00880000 0.25600000 -0.96660000
vn 0.00180000 0.18690000 -0.98240000
vn -1.00000000 -0.00000000 -0.00000000
vn 0.00180000 0.18690000 -0.98240000
vn -0.00340000 -0.01590000 -0.99990000
vn -0.00140000 -0.02270000 -0.99970000
vn 0.00650000 0.17760000 -0.98410000
vn -0.00930000 0.99910000 0.04210000
vn -0.00000000 1.00000000 -0.00000000
vn -0.00930000 0.99910000 0.04210000
vn 0.00650000 0.17760000 -0.98410000
vn -1.00000000 -0.00000000 -0.00000000
vn 0.00440000 -0.16880000 -0.98560000
vn -0.00000000 -1.00000000 -0.00000000
vn -0.00000000 -0.17760000 -0.98410000
vn -1.00000000 -0.00000000 -0.00000000
vn -0.00340000 -0.01590000 -0.99990000
vn -1.00000000 -0.00000000 -0.00000000
vn -0.00000000 -1.00000000 -0.00000000
vn -0.00000000 -0.17760000 -0.98410000
vn -0.00000000 -0.17760000 -0.98410000
vn -0.00780000 -0.26630000 -0.96390000
vn 0.00440000 -0.16880000 -0.98560000
vn -1.00000000 -0.00000000 -0.00000000
vn 0.00870000 -0.42350000 -0.90590000
vn 0.01070000 -0.66870000 -0.74350000
vn -1.00000000 -0.00000000 -0.00000000
vn -0.01070000 -0.53990000 -0.84170000
vn 0.00870000 -0.42350000 -0.90590000
vn -1.00000000 -0.00000000 -0.00000000
vn 0.01000000 -0.86210000 -0.50660000
vn -1.00000000 0.00010000 0.00010000
vn -0.01190000 -0.80260000 -0.59640000
vn 0.01070000 -0.66870000 -0.74350000
vn -0.00750000 -0.95920000 -0.28250000
vn 0.40780000 -0.89790000 -0.16560000
vn -0.00230000 -0.96630000 -0.25740000
vn -1.00000000 0.00010000 0.00010000
vn 0.01000000 -0.86210000 -0.50660000
vn -0.00030000 -0.96670000 -0.25590000
vn -0.99990000 0.00620000 -0.01200000
vn -1.00000000 -0.00010000 0.00010000
vn -0.15130000 0.91140000 -0.38270000
vn -0.10950000 0.99180000 -0.06610000
vn 0.17130000 0.97530000 -0.13960000
vn -0.99990000 0.01210000 0.00410000
vn -1.00000000 0.00010000 -0.00000000
vn 0.22930000 0.48460000 -0.84410000
vn -0.20750000 0.67620000 -0.70690000
vn -1.00000000 -0.00000000 -0.00000000
vn -0.19390000 0.31930000 -0.92760000
vn -0.20750000 0.67620000 -0.70690000
vn -1.00000000 -0.00000000 -0.00000000
vn -1.00000000 -0.00010000 0.00010000
vn -0.00790000 0.72080000 -0.69310000
vn -0.15130000 0.91140000 -0.38270000
vn 0.06770000 0.89930000 -0.43210000
vn -1.00000000 -0.00000000 0.00010000
vn -1.00000000 -0.00000000 -0.00000000
vn -0.14860000 -0.63380000 0.75910000
vn 0.13690000 -0.71990000 0.68050000
vn -0.20190000 -0.82580000 0.52660000
vn 0.16220000 -0.51870000 0.83950000
vn -0.14860000 -0.63380000 0.75910000
vn -0.19260000 -0.35060000 0.91650000
vn -1.00000000 -0.00000000 -0.00000000
vn -1.00000000 0.00020000 -0.00000000
vn -0.20190000 -0.82580000 0.52660000
vn -1.00000000 -0.00080000 0.00580000
vn -0.99970000 -0.02560000 -0.00450000
vn 0.19050000 -0.88480000 0.42530000
vn -0.13630000 -0.97230000 0.18970000
vn -1.00000000 -0.00000000 -0.00000000
vn -0.12140000 -0.03540000 0.99200000
vn 0.15510000 -0.25010000 0.95570000
vn -1.00000000 -0.00000000 -0.00000000
vn -0.19260000 -0.35060000 0.91650000
vn -1.00000000 0.00020000 -0.00000000
vn -0.13630000 -0.97230000 0.18970000
vn -0.16390000 -0.97000000 -0.17970000
vn 0.09370000 -0.98590000 0.13850000
vn -0.10970000 0.27840000 0.95420000
vn 0.08380000 0.02540000 0.99620000
vn -0.12140000 -0.03540000 0.99200000
vn -1.00000000 -0.00000000 -0.00000000
vn -0.12660000 -0.81010000 -0.57250000
vn -1.00000000 0.00010000 0.00010000
vn -0.16390000 -0.97000000 -0.17970000
vn -1.00000000 -0.00000000 -0.00000000
vn 0.01870000 -0.83180000 -0.55480000
vn 0.11660000 -0.96570000 -0.23200000
vn -1.00000000 0.00020000 -0.00000000
vn 0.10710000 0.56720000 0.81660000
vn 0.01930000 0.30510000 0.95210000
vn -0.10970000 0.27840000 0.95420000
vn -0.21600000 0.63240000 0.74390000
vn -1.00000000 -0.00000000 -0.00000000
vn -0.12660000 -0.81010000 -0.57250000
vn -1.00000000 -0.00000000 -0.00000000
vn -0.01110000 -0.57520000 -0.81790000
vn 0.10990000 -0.59390000 -0.79700000
vn -0.10780000 0.87150000 0.47830000
vn -0.21600000 0.63240000 0.74390000
vn 0.08160000 0.72350000 0.68550000
vn -1.00000000 -0.00000000 -0.00000000
vn -0.01110000 -0.57520000 -0.81790000
vn -1.00000000 -0.00000000 -0.00000000
vn -0.07940000 -0.34270000 -0.93610000
vn -0.01460000 0.98300000 0.18310000
vn -1.00000000 -0.00000000 -0.00000000
vn -1.00000000 0.00010000 0.00010000
vn -0.10780000 0.87150000 0.47830000
vn -1.00000000 0.00010000 -0.00000000
vn 0.06290000 0.97780000 0.19980000
vn 0.01840000 0.88990000 0.45570000
vn -0.07940000 -0.34270000 -0.93610000
vn -1.00000000 -0.00000000 -0.00000000
vn -0.10180000 0.00100000 -0.99480000
vn 0.09740000 -0.30380000 -0.94770000
vn 0.01540000 -0.02560000 -0.99960000
vn -0.00000000 -1.00000000 -0.00000000
vn -1.00000000 -0.00000000 -0.00000000
vn -0.00000000 -0.00000000 -1.00000000
vn -0.10950000 0.99180000 -0.06610000
vn -0.01460000 0.98300000 0.18310000
vn -1.00000000 0.00010000 -0.00000000
vn -0.00000000 1.00000000 -0.00000000
vn -1.00000000 -0.00000000 -0.00000000
vn -0.00000000 -0.00000000 -1.00000000
vn 0.08440000 0.24420000 -0.96600000
vn -0.19390000 0.31930000 -0.92760000
vn -1.00000000 -0.00000000 -0.00000000
vn -0.10180000 0.00100000 -0.99480000
vn 0.10990000 -0.59390000 -0.79700000
vn 0.01870000 -0.83180000 -0.55480000
vn 0.87990000 -0.30960000 -0.36040000
vn 0.85270000 -0.43520000 -0.28910000
vn 0.85550000 -0.30860000 -0.41580000
vn -0.12660000 -0.81010000 -0.57250000
vn 0.86380000 0.25160000 -0.43660000
vn 0.84150000 0.13150000 -0.52400000
vn 0.88590000 0.19590000 -0.42060000
vn -0.19390000 0.31930000 -0.92760000
vn 0.08440000 0.24420000 -0.96600000
vn 0.22930000 0.48460000 -0.84410000
vn 0.11660000 -0.96570000 -0.23200000
vn 0.85270000 -0.43520000 -0.28910000
vn 0.83190000 -0.53960000 -0.12960000
vn 0.01870000 -0.83180000 -0.55480000
vn 0.88800000 -0.41680000 -0.19410000
vn 0.87890000 0.46710000 0.09670000
vn 0.06290000 0.97780000 0.19980000
vn -0.01460000 0.98300000 0.18310000
vn 0.88080000 0.46420000 0.09370000
vn 0.17130000 0.97530000 -0.13960000
vn 0.84390000 0.53110000 -0.07630000
vn -0.10950000 0.99180000 -0.06610000
vn 0.84150000 0.13150000 -0.52400000
vn 0.85360000 -0.01240000 -0.52070000
vn -0.10180000 0.00100000 -0.99480000
vn 0.08440000 0.24420000 -0.96600000
vn 0.01540000 -0.02560000 -0.99960000
vn 0.17130000 0.97530000 -0.13960000
vn 0.85500000 0.46710000 -0.22530000
vn -0.15130000 0.91140000 -0.38270000
vn 0.84390000 0.53110000 -0.07630000
vn 0.88520000 0.44100000 -0.14820000
vn 0.06770000 0.89930000 -0.43210000
vn 0.85730000 -0.15800000 -0.48990000
vn 0.09740000 -0.30380000 -0.94770000
vn 0.01540000 -0.02560000 -0.99960000
vn 0.89530000 -0.07690000 -0.43880000
vn 0.85360000 -0.01240000 -0.52070000
vn 0.09370000 -0.98590000 0.13850000
vn -0.16390000 -0.97000000 -0.17970000
vn 0.83190000 -0.53960000 -0.12960000
vn 0.87500000 -0.47950000 0.06660000
vn 0.11660000 -0.96570000 -0.23200000
vn 0.85500000 0.46710000 -0.22530000
vn 0.87200000 0.36310000 -0.32840000
vn 0.06770000 0.89930000 -0.43210000
vn 0.86240000 0.36490000 -0.35090000
vn -0.00790000 0.72080000 -0.69310000
vn -0.07940000 -0.34270000 -0.93610000
vn -0.01110000 -0.57520000 -0.81790000
vn 0.10990000 -0.59390000 -0.79700000
vn 0.85550000 -0.30860000 -0.41580000
vn 0.85730000 -0.15800000 -0.48990000
vn 0.09740000 -0.30380000 -0.94770000
vn 0.22930000 0.48460000 -0.84410000
vn 0.86380000 0.25160000 -0.43660000
vn -0.20750000 0.67620000 -0.70690000
vn -0.00790000 0.72080000 -0.69310000
vn 0.86240000 0.36490000 -0.35090000
vn 0.86790000 0.36100000 0.34130000
vn 0.88060000 0.35950000 0.30880000
vn 0.08160000 0.72350000 0.68550000
vn -0.10780000 0.87150000 0.47830000
vn 0.84450000 0.47670000 0.24420000
vn 0.01840000 0.88990000 0.45570000
vn 0.88280000 -0.20920000 0.42060000
vn 0.15510000 -0.25010000 0.95570000
vn 0.84390000 -0.13500000 0.51930000
vn -0.19260000 -0.35060000 0.91650000
vn 0.85990000 -0.26910000 0.43370000
vn 0.16220000 -0.51870000 0.83950000
vn 0.84390000 -0.13500000 0.51930000
vn -0.12140000 -0.03540000 0.99200000
vn 0.87580000 0.01140000 0.48250000
vn 0.08380000 0.02540000 0.99620000
vn 0.15510000 -0.25010000 0.95570000
vn 0.84450000 0.47670000 0.24420000
vn 0.87890000 0.46710000 0.09670000
vn 0.01840000 0.88990000 0.45570000
vn 0.06290000 0.97780000 0.19980000
vn 0.88850000 -0.45200000 0.07920000
vn 0.87500000 -0.47950000 0.06660000
vn 0.19050000 -0.88480000 0.42530000
vn -0.13630000 -0.97230000 0.18970000
vn 0.84340000 -0.48400000 0.23350000
vn 0.09370000 -0.98590000 0.13850000
vn 0.08380000 0.02540000 0.99620000
vn 0.84820000 0.16250000 0.50410000
vn -0.10970000 0.27840000 0.95420000
vn 0.01930000 0.30510000 0.95210000
vn 0.87900000 0.01550000 0.47670000
vn 0.87580000 0.01140000 0.48250000
vn 0.86510000 -0.36440000 0.34460000
vn 0.84340000 -0.48400000 0.23350000
vn -0.20190000 -0.82580000 0.52660000
vn 0.87900000 -0.36160000 0.31070000
vn 0.13690000 -0.71990000 0.68050000
vn 0.19050000 -0.88480000 0.42530000
vn 0.85750000 0.29300000 0.42280000
vn 0.88150000 0.21730000 0.41920000
vn 0.10710000 0.56720000 0.81660000
vn 0.84820000 0.16250000 0.50410000
vn 0.01930000 0.30510000 0.95210000
vn 0.16220000 -0.51870000 0.83950000
vn 0.13690000 -0.71990000 0.68050000
vn -0.14860000 -0.63380000 0.75910000
vn 0.86510000 -0.36440000 0.34460000
vn 0.85990000 -0.26910000 0.43370000
vn 0.10710000 0.56720000 0.81660000
vn 0.08160000 0.72350000 0.68550000
vn 0.86790000 0.36100000 0.34130000
vn 0.85750000 0.29300000 0.42280000
vn -0.21600000 0.63240000 0.74390000
vn 1.00000000 -0.00000000 -0.00260000
vn 0.84390000 -0.13500000 0.51930000
vn 1.00000000 0.00030000 -0.00090000
vn 1.00000000 0.00050000 -0.00130000
vn 0.87580000 0.01140000 0.48250000
vn 0.87900000 0.01550000 0.47670000
vn 0.88280000 -0.20920000 0.42060000
vn 0.84450000 0.47670000 0.24420000
vn 1.00000000 -0.00330000 -0.00070000
vn 1.00000000 -0.00070000 -0.00030000
vn 1.00000000 -0.00130000 -0.00110000
vn 0.88080000 0.46420000 0.09370000
vn 0.87890000 0.46710000 0.09670000
vn 0.88060000 0.35950000 0.30880000
vn 0.88800000 -0.41680000 -0.19410000
vn 1.00000000 0.00650000 -0.00090000
vn 0.88850000 -0.45200000 0.07920000
vn 1.00000000 0.00640000 -0.00090000
vn 1.00000000 0.00030000 -0.00030000
vn 0.83190000 -0.53960000 -0.12960000
vn 1.00000000 0.00540000 0.00270000
vn 0.87500000 -0.47950000 0.06660000
vn 1.00000000 0.00100000 -0.00050000
vn 1.00000000 0.00160000 -0.00120000
vn 1.00000000 0.00650000 -0.00090000
vn 0.84340000 -0.48400000 0.23350000
vn 0.87900000 -0.36160000 0.31070000
vn 0.88850000 -0.45200000 0.07920000
vn 0.84390000 0.53110000 -0.07630000
vn 1.00000000 -0.00330000 -0.00070000
vn 1.00000000 -0.00750000 0.00240000
vn 0.88520000 0.44100000 -0.14820000
vn 1.00000000 -0.00420000 -0.00090000
vn 0.88080000 0.46420000 0.09370000
vn 0.87900000 0.01550000 0.47670000
vn 0.84820000 0.16250000 0.50410000
vn 0.88150000 0.21730000 0.41920000
vn 1.00000000 -0.00010000 -0.00080000
vn 1.00000000 -0.00030000 -0.00070000
vn 1.00000000 -0.00000000 -0.00260000
vn 1.00000000 -0.00030000 -0.00070000
vn 0.85750000 0.29300000 0.42280000
vn 0.88150000 0.21730000 0.41920000
vn 1.00000000 -0.00070000 -0.00030000
vn 0.86790000 0.36100000 0.34130000
vn 0.88060000 0.35950000 0.30880000
vn 1.00000000 0.00030000 -0.00090000
vn 1.00000000 0.00010000 -0.00010000
vn 0.88280000 -0.20920000 0.42060000
vn 0.86510000 -0.36440000 0.34460000
vn 0.85990000 -0.26910000 0.43370000
vn 1.00000000 0.00160000 -0.00120000
vn 0.87900000 -0.36160000 0.31070000
vn 1.00000000 0.00070000 0.00440000
vn 0.89530000 -0.07690000 -0.43880000
vn 0.84150000 0.13150000 -0.52400000
vn 1.00000000 -0.00050000 0.00210000
vn 1.00000000 0.00030000 0.00300000
vn 0.85360000 -0.01240000 -0.52070000
vn 0.88590000 0.19590000 -0.42060000
vn 1.00000000 -0.00100000 0.00290000
vn 0.85500000 0.46710000 -0.22530000
vn 1.00000000 -0.00750000 0.00240000
vn 1.00000000 -0.00040000 0.00030000
vn 0.88520000 0.44100000 -0.14820000
vn 0.87200000 0.36310000 -0.32840000
vn 1.00000000 -0.00060000 0.00080000
vn 0.85550000 -0.30860000 -0.41580000
vn 0.85730000 -0.15800000 -0.48990000
vn 1.00000000 0.00010000 0.00040000
vn 1.00000000 0.00070000 0.00100000
vn 0.89530000 -0.07690000 -0.43880000
vn 0.87990000 -0.30960000 -0.36040000
vn 1.00000000 0.00030000 0.00300000
vn 0.88590000 0.19590000 -0.42060000
vn 0.86380000 0.25160000 -0.43660000
vn 0.87200000 0.36310000 -0.32840000
vn 1.00000000 -0.00040000 0.00030000
vn 0.86240000 0.36490000 -0.35090000
vn 1.00000000 -0.00010000 0.00010000
vn 1.00000000 -0.00050000 0.00210000
vn 0.88800000 -0.41680000 -0.19410000
vn 0.87990000 -0.30960000 -0.36040000
vn 0.85270000 -0.43520000 -0.28910000
vn 1.00000000 0.00030000 -0.00030000
vn 1.00000000 0.00010000 0.00040000
vn 1.00000000 0.00100000 -0.00050000
vn -0.18260000 -0.89260000 0.41210000
vn 0.21100000 -0.72200000 0.65900000
vn 1.00000000 0.00160000 -0.00120000
vn 1.00000000 0.00010000 -0.00010000
vn -0.16220000 -0.63990000 0.75110000
vn -0.04470000 -0.89570000 0.44230000
vn 1.00000000 0.00010000 -0.00010000
vn 0.13240000 -0.56210000 0.81640000
vn -0.16220000 -0.63990000 0.75110000
vn 1.00000000 0.00050000 -0.00130000
vn 1.00000000 0.00030000 -0.00090000
vn -0.25420000 -0.32730000 0.91010000
vn -0.24990000 -0.96490000 0.08110000
vn 0.08220000 -0.97430000 0.20970000
vn -0.18260000 -0.89260000 0.41210000
vn 1.00000000 0.00100000 -0.00050000
vn 1.00000000 0.00650000 -0.00090000
vn 1.00000000 0.00640000 -0.00090000
vn 1.00000000 0.00050000 -0.00130000
vn 1.00000000 -0.00010000 -0.00080000
vn 1.00000000 -0.00000000 -0.00260000
vn -0.27120000 0.08000000 0.95920000
vn 0.12220000 0.00520000 0.99250000
vn -0.25420000 -0.32730000 0.91010000
vn 0.12350000 -0.26540000 0.95620000
vn 1.00000000 0.00640000 -0.00090000
vn 0.24570000 -0.96470000 -0.09490000
vn -0.24990000 -0.96490000 0.08110000
vn -0.20550000 -0.90420000 -0.37430000
vn 1.00000000 0.00540000 0.00270000
vn -0.33010000 -0.86390000 -0.38040000
vn -0.08820000 -0.99520000 0.04150000
vn 0.09870000 0.29820000 0.94940000
vn -0.23190000 0.41460000 0.88000000
vn 1.00000000 -0.00010000 -0.00080000
vn -0.27120000 0.08000000 0.95920000
vn 1.00000000 -0.00030000 -0.00070000
vn 1.00000000 0.00010000 0.00040000
vn -0.33010000 -0.86390000 -0.38040000
vn 1.00000000 0.00030000 -0.00030000
vn 1.00000000 0.00070000 0.00100000
vn -0.30960000 -0.56590000 -0.76420000
vn -0.20040000 -0.59770000 -0.77630000
vn 0.27050000 -0.76350000 -0.58640000
vn 1.00000000 0.00540000 0.00270000
vn -0.35250000 0.73880000 0.57440000
vn -0.23190000 0.41460000 0.88000000
vn 0.29530000 0.52810000 0.79620000
vn 1.00000000 -0.00070000 -0.00030000
vn 1.00000000 -0.00130000 -0.00110000
vn 1.00000000 -0.00030000 -0.00070000
vn 1.00000000 0.00030000 0.00300000
vn -0.49010000 -0.12850000 -0.86220000
vn 0.33620000 -0.31320000 -0.88820000
vn -0.30960000 -0.56590000 -0.76420000
vn 1.00000000 0.00070000 0.00440000
vn 1.00000000 0.00070000 0.00100000
vn -0.44370000 0.88810000 0.11970000
vn 0.13960000 0.96110000 0.23830000
vn 1.00000000 -0.00330000 -0.00070000
vn 0.03410000 0.82690000 0.56130000
vn -0.35250000 0.73880000 0.57440000
vn 1.00000000 -0.00420000 -0.00090000
vn 1.00000000 -0.00130000 -0.00110000
vn -0.33110000 0.30870000 -0.89170000
vn 1.00000000 -0.00100000 0.00290000
vn 1.00000000 0.00070000 0.00440000
vn 0.49520000 0.12420000 -0.85980000
vn -0.49010000 -0.12850000 -0.86220000
vn 1.00000000 -0.00750000 0.00240000
vn -0.44370000 0.88810000 0.11970000
vn -0.48630000 0.80250000 -0.34580000
vn 0.43110000 0.89310000 -0.12890000
vn 1.00000000 -0.00060000 0.00080000
vn 1.00000000 -0.00420000 -0.00090000
vn -0.23640000 0.63170000 -0.73830000
vn 1.00000000 -0.00100000 0.00290000
vn -0.33110000 0.30870000 -0.89170000
vn 1.00000000 -0.00010000 0.00010000
vn 1.00000000 -0.00050000 0.00210000
vn 0.22330000 0.55390000 -0.80210000
vn 1.00000000 -0.00010000 0.00010000
vn -0.23640000 0.63170000 -0.73830000
vn 1.00000000 -0.00060000 0.00080000
vn 1.00000000 -0.00040000 0.00030000
vn 0.34310000 0.77670000 -0.52820000
vn -0.48630000 0.80250000 -0.34580000
vn 0.83840000 0.17740000 0.51530000
vn 0.80890000 0.15920000 0.56600000
vn 0.80830000 0.32870000 0.48850000
vn 0.29530000 0.52810000 0.79620000
vn 0.09870000 0.29820000 0.94940000
vn -0.23190000 0.41460000 0.88000000
vn 0.84160000 0.43510000 0.32000000
vn -0.35250000 0.73880000 0.57440000
vn 0.03410000 0.82690000 0.56130000
vn 0.29530000 0.52810000 0.79620000
vn 0.80830000 0.32870000 0.48850000
vn 0.85140000 0.40000000 0.33920000
vn 0.82370000 0.46870000 0.31910000
vn 0.76310000 0.64230000 0.07090000
vn 0.84420000 0.52190000 0.12260000
vn 0.82370000 0.46870000 0.31910000
vn 0.03410000 0.82690000 0.56130000
vn 0.13960000 0.96110000 0.23830000
vn 0.13960000 0.96110000 0.23830000
vn 0.84420000 0.52190000 0.12260000
vn 0.76340000 0.63940000 -0.09150000
vn -0.44370000 0.88810000 0.11970000
vn 0.43110000 0.89310000 -0.12890000
vn -0.08820000 -0.99520000 0.04150000
vn 0.97770000 -0.20960000 -0.01370000
vn 0.24570000 -0.96470000 -0.09490000
vn -0.24990000 -0.96490000 0.08110000
vn 0.97770000 -0.20960000 -0.01370000
vn 0.08220000 -0.97430000 0.20970000
vn -0.08820000 -0.99520000 0.04150000
vn 1.00000000 -0.00680000 -0.00190000
vn 0.99920000 -0.03620000 0.01940000
vn 0.99920000 -0.03620000 0.01940000
vn -0.04470000 -0.89570000 0.44230000
vn -0.18260000 -0.89260000 0.41210000
vn 0.99940000 -0.03430000 0.00440000
vn 0.08220000 -0.97430000 0.20970000
vn 0.21100000 -0.72200000 0.65900000
vn 0.99940000 -0.03430000 0.00440000
vn 0.99910000 -0.04320000 0.00310000
vn -0.04470000 -0.89570000 0.44230000
vn 0.99910000 -0.04220000 0.00390000
vn 0.85790000 -0.26950000 0.43750000
vn -0.16220000 -0.63990000 0.75110000
vn 0.21100000 -0.72200000 0.65900000
vn 0.13240000 -0.56210000 0.81640000
vn 0.99460000 -0.10420000 0.00030000
vn 0.99840000 -0.05680000 0.00590000
vn 0.99910000 -0.04320000 0.00310000
vn 0.85790000 -0.26950000 0.43750000
vn 0.12350000 -0.26540000 0.95620000
vn 0.13240000 -0.56210000 0.81640000
vn -0.25420000 -0.32730000 0.91010000
vn 0.66220000 -0.19830000 0.72260000
vn 0.12350000 -0.26540000 0.95620000
vn 0.66220000 -0.19830000 0.72260000
vn 0.12220000 0.00520000 0.99250000
vn 0.76860000 0.00400000 0.63980000
vn 0.81010000 -0.05770000 0.58340000
vn 0.12220000 0.00520000 0.99250000
vn -0.27120000 0.08000000 0.95920000
vn 0.76860000 0.00400000 0.63980000
vn 0.80890000 0.15920000 0.56600000
vn 0.09870000 0.29820000 0.94940000
vn 0.34310000 0.77670000 -0.52820000
vn 0.78550000 0.51050000 -0.34970000
vn 0.76340000 0.63940000 -0.09150000
vn -0.48630000 0.80250000 -0.34580000
vn 0.84780000 0.47670000 -0.23240000
vn 0.43110000 0.89310000 -0.12890000
vn 0.78550000 0.51050000 -0.34970000
vn 0.34310000 0.77670000 -0.52820000
vn 0.22330000 0.55390000 -0.80210000
vn -0.23640000 0.63170000 -0.73830000
vn 0.80560000 0.34010000 -0.48510000
vn 0.75830000 0.09170000 -0.64540000
vn 0.82010000 0.10120000 -0.56330000
vn 0.80760000 0.33680000 -0.48410000
vn -0.33110000 0.30870000 -0.89170000
vn 0.49520000 0.12420000 -0.85980000
vn 0.22330000 0.55390000 -0.80210000
vn 0.80560000 0.34010000 -0.48510000
vn 0.71480000 -0.23300000 -0.65930000
vn 0.75830000 0.09170000 -0.64540000
vn 0.33620000 -0.31320000 -0.88820000
vn 0.49520000 0.12420000 -0.85980000
vn -0.49010000 -0.12850000 -0.86220000
vn 0.33620000 -0.31320000 -0.88820000
vn 0.71480000 -0.23300000 -0.65930000
vn -0.20040000 -0.59770000 -0.77630000
vn 0.90760000 -0.22600000 -0.35390000
vn -0.30960000 -0.56590000 -0.76420000
vn 0.99900000 -0.04400000 -0.00370000
vn 0.27050000 -0.76350000 -0.58640000
vn 0.99920000 -0.03880000 -0.00190000
vn -0.20040000 -0.59770000 -0.77630000
vn 0.99820000 -0.05980000 -0.00410000
vn 0.90760000 -0.22600000 -0.35390000
vn 0.99420000 -0.10700000 0.00680000
vn -0.33010000 -0.86390000 -0.38040000
vn -0.20550000 -0.90420000 -0.37430000
vn 0.99980000 -0.01990000 -0.00830000
vn 0.27050000 -0.76350000 -0.58640000
vn 0.99920000 -0.03880000 -0.00190000
vn 0.99990000 -0.01380000 -0.00000000
vn 0.24570000 -0.96470000 -0.09490000
vn 1.00000000 -0.00680000 -0.00190000
vn -0.20550000 -0.90420000 -0.37430000
vn 0.97770000 -0.20960000 -0.01370000
vn 0.99980000 -0.01990000 -0.00830000
vn 0.84780000 0.47670000 -0.23240000
vn 0.76340000 0.63940000 -0.09150000
vn 0.89920000 0.43300000 0.06280000
vn 0.92550000 0.37790000 0.02410000
vn 0.82280000 0.51130000 -0.24810000
vn 0.84420000 0.52190000 0.12260000
vn 0.76310000 0.64230000 0.07090000
vn 0.82280000 0.51130000 -0.24810000
vn 0.95640000 -0.29210000 0.00170000
vn 0.95530000 -0.29570000 0.00090000
vn 0.92550000 0.37790000 0.02410000
vn 0.92010000 0.24820000 -0.30290000
vn 0.84780000 0.47670000 -0.23240000
vn 0.92010000 0.24820000 -0.30290000
vn 0.78550000 0.51050000 -0.34970000
vn 0.80760000 0.33680000 -0.48410000
vn 0.80560000 0.34010000 -0.48510000
vn 0.82280000 0.51130000 -0.24810000
vn 0.92010000 0.24820000 -0.30290000
vn 0.97510000 -0.22160000 0.00220000
vn 0.95640000 -0.29210000 0.00170000
vn 0.97020000 -0.24220000 -0.00120000
vn 0.80760000 0.33680000 -0.48410000
vn 0.82010000 0.10120000 -0.56330000
vn 0.82010000 0.10120000 -0.56330000
vn 0.71480000 -0.23300000 -0.65930000
vn 0.97510000 -0.22160000 0.00220000
vn 0.99370000 -0.11230000 0.00240000
vn 0.90760000 -0.22600000 -0.35390000
vn 0.98390000 -0.17870000 -0.00280000
vn 0.75830000 0.09170000 -0.64540000
vn 0.99420000 -0.10700000 0.00680000
vn 0.13130000 0.99110000 0.02380000
vn 0.99920000 -0.03880000 -0.00190000
vn -0.09980000 0.99500000 0.00240000
vn 0.99980000 -0.01990000 -0.00830000
vn -0.16980000 0.41090000 0.89570000
vn 0.99900000 -0.04400000 -0.00370000
vn 0.99990000 -0.01380000 -0.00000000
vn 0.99460000 -0.10370000 -0.00000000
vn 0.98390000 -0.17870000 -0.00280000
vn 0.81010000 -0.05770000 0.58340000
vn 0.99370000 -0.11230000 0.00240000
vn 0.99460000 -0.10420000 0.00030000
vn 0.66220000 -0.19830000 0.72260000
vn 0.85790000 -0.26950000 0.43750000
vn 0.85140000 0.40000000 0.33920000
vn 0.92550000 0.37790000 0.02410000
vn 0.84160000 0.43510000 0.32000000
vn 0.89920000 0.43300000 0.06280000
vn 0.95530000 -0.29570000 0.00090000
vn 0.85140000 0.40000000 0.33920000
vn 0.95640000 -0.29210000 0.00170000
vn 0.83840000 0.17740000 0.51530000
vn 0.95530000 -0.29570000 0.00090000
vn 0.97020000 -0.24220000 -0.00120000
vn 0.80830000 0.32870000 0.48850000
vn 0.97020000 -0.24220000 -0.00120000
vn 0.98390000 -0.17870000 -0.00280000
vn 0.81010000 -0.05770000 0.58340000
vn 0.76860000 0.00400000 0.63980000
vn 0.83840000 0.17740000 0.51530000
vn 0.80890000 0.15920000 0.56600000
vn 0.97510000 -0.22160000 0.00220000
vn -0.08520000 -0.99640000 -0.00250000
vn 0.99460000 -0.10420000 0.00030000
vn 0.99840000 -0.05680000 0.00590000
vn 0.99460000 -0.10370000 -0.00000000
vn -0.14860000 -0.39850000 -0.90510000
vn 0.11270000 -0.99330000 -0.02380000
vn -0.17870000 -0.52230000 0.83380000
vn -0.08520000 -0.99640000 -0.00250000
vn 0.99460000 -0.10370000 -0.00000000
vn 0.13400000 -0.74810000 0.64990000
vn 0.99370000 -0.11230000 0.00240000
vn 0.99420000 -0.10700000 0.00680000
vn 0.99820000 -0.05980000 -0.00410000
vn -0.16980000 0.41090000 0.89570000
vn 0.99900000 -0.04400000 -0.00370000
vn 0.21430000 0.18820000 0.95850000
vn -0.17870000 -0.52230000 0.83380000
vn 0.99820000 -0.05980000 -0.00410000
vn -0.18930000 0.53480000 -0.82350000
vn -0.14860000 -0.39850000 -0.90510000
vn 0.99910000 -0.04220000 0.00390000
vn 0.21750000 -0.18780000 -0.95780000
vn 0.99840000 -0.05680000 0.00590000
vn 0.99910000 -0.04320000 0.00310000
vn 0.15650000 0.74570000 -0.64760000
vn -0.18930000 0.53480000 -0.82350000
vn 0.99940000 -0.03430000 0.00440000
vn 1.00000000 -0.00680000 -0.00190000
vn 0.99990000 -0.01380000 -0.00000000
vn 0.99910000 -0.04220000 0.00390000
vn 0.99920000 -0.03620000 0.01940000
vn -0.09980000 0.99500000 0.00240000
vn 0.76310000 0.64230000 0.07090000
vn 0.82370000 0.46870000 0.31910000
vn 0.84160000 0.43510000 0.32000000
vn 0.89920000 0.43300000 0.06280000
vn 0.21750000 -0.18780000 -0.95780000
vn 1.00000000 -0.00000000 -0.00000000
vn 0.11270000 -0.99330000 -0.02380000
vn -0.14860000 -0.39850000 -0.90510000
vn 1.00000000 -0.00000000 -0.00000000
vn 0.21750000 -0.18780000 -0.95780000
vn -0.18930000 0.53480000 -0.82350000
vn 0.15650000 0.74570000 -0.64760000
vn 1.00000000 -0.00000000 -0.00000000
vn 0.13130000 0.99110000 0.02380000
vn 0.15650000 0.74570000 -0.64760000
vn -0.09980000 0.99500000 0.00240000
vn 1.00000000 -0.00000000 -0.00000000
vn -0.08520000 -0.99640000 -0.00250000
vn 0.13400000 -0.74810000 0.64990000
vn 0.11270000 -0.99330000 -0.02380000
vn -0.16980000 0.41090000 0.89570000
vn 1.00000000 -0.00000000 -0.00000000
vn 0.21430000 0.18820000 0.95850000
vn 0.13130000 0.99110000 0.02380000
vn 0.13400000 -0.74810000 0.64990000
vn 1.00000000 -0.00000000 -0.00000000
vn 0.21430000 0.18820000 0.95850000
vn -0.17870000 -0.52230000 0.83380000
vn -1.00000000 -0.00000000 -0.00000000
vn -0.00000000 -1.00000000 -0.00000000
vn -0.00000000 -0.00000000 -1.00000000
vn -0.00000000 1.00000000 -0.00000000
vn -0.00000000 -0.00000000 -1.00000000
vn -1.00000000 -0.00000000 -0.00000000
vn -0.00930000 0.99910000 0.04210000
vn 0.02890000 -0.00690000 -0.99960000
vn 0.61500000 0.78850000 -0.00000000
vn 0.57120000 0.81560000 0.09290000
vn -0.03230000 -0.04830000 -0.99830000
vn 0.04300000 -0.13980000 -0.98920000
vn -0.00030000 0.00010000 -1.00000000
vn -0.18600000 0.98220000 0.02550000
vn -0.19310000 0.98120000 -0.00000000
vn 0.61510000 0.78840000 0.00010000
vn 0.01220000 -0.04030000 0.99910000
vn 0.61500000 0.78850000 -0.00000000
vn 0.00170000 -0.00470000 1.00000000
vn -0.18560000 0.98180000 -0.04010000
vn -0.19310000 0.98120000 -0.00000000
vn -0.00040000 0.00010000 1.00000000
vn 0.00630000 -0.00150000 1.00000000
vn -0.61500000 -0.78850000 -0.00000000
vn 0.00630000 -0.00150000 1.00000000
vn -0.00040000 0.00010000 1.00000000
vn -0.61490000 -0.78860000 -0.00000000
vn 0.19310000 -0.98120000 -0.00000000
vn -0.00030000 0.00010000 -1.00000000
vn 0.19310000 -0.98120000 -0.00000000
vn -0.61490000 -0.78860000 -0.00000000
vn 0.02890000 -0.00690000 -0.99960000
vn -0.00000000 -0.00000000 -1.00000000
vn -0.00000000 -1.00000000 -0.00000000
vn -1.00000000 -0.00000000 -0.00000000
vn -0.00000000 1.00000000 -0.00000000
vn -0.00000000 -0.00000000 -1.00000000
vn -1.00000000 -0.00000000 -0.00000000
vn -0.48440000 0.12580000 0.86570000
vn 0.19980000 -0.13320000 0.97070000
vn -0.66750000 -0.11480000 0.73570000
vn -0.00000000 1.00000000 -0.00000000
vn -0.00000000 1.00000000 -0.00000000
vn -0.96950000 -0.11800000 -0.21500000
vn -0.99340000 0.09870000 -0.05780000
vn -0.66750000 -0.11480000 0.73570000
vn -0.48940000 0.13180000 -0.86200000
vn -0.00000000 1.00000000 -0.00000000
vn -0.96950000 -0.11800000 -0.21500000
vn -0.18550000 -0.14290000 -0.97220000
vn 0.97810000 -0.12600000 0.16550000
vn 0.96920000 -0.02340000 0.24510000
vn 0.19980000 -0.13320000 0.97070000
vn 0.39060000 0.09970000 0.91510000
vn -0.00000000 1.00000000 -0.00000000
vn 0.97810000 -0.12600000 0.16550000
vn 0.65520000 -0.14660000 -0.74110000
vn 0.86650000 0.12160000 -0.48410000
vn -0.00000000 1.00000000 -0.00000000
vn -0.00000000 1.00000000 -0.00000000
vn -0.00000000 -0.00000000 1.00000000
vn -1.00000000 -0.00000000 -0.00000000
vn 0.65520000 -0.14660000 -0.74110000
vn 0.18950000 0.09480000 -0.97730000
vn -0.00000000 1.00000000 -0.00000000
vn -0.18550000 -0.14290000 -0.97220000
vn -0.00000000 -0.00000000 1.00000000
vn -1.00000000 -0.00000000 -0.00000000
vn -0.00000000 -1.00000000 -0.00000000
vn -0.00000000 -1.00000000 -0.00000000
vn 0.39060000 0.09970000 0.91510000
vn 0.96920000 -0.02340000 0.24510000
vn -0.48440000 0.12580000 0.86570000
vn -0.00000000 -1.00000000 -0.00000000
vn 0.39060000 0.09970000 0.91510000
vn 0.19980000 -0.13320000 0.97070000
vn 0.86650000 0.12160000 -0.48410000
vn 0.97810000 -0.12600000 0.16550000
vn -0.00000000 -1.00000000 -0.00000000
vn 0.96920000 -0.02340000 0.24510000
vn -0.00000000 -1.00000000 -0.00000000
vn 0.18950000 0.09480000 -0.97730000
vn 0.86650000 0.12160000 -0.48410000
vn 0.65520000 -0.14660000 -0.74110000
vn -0.00000000 -1.00000000 -0.00000000
vn 0.18950000 0.09480000 -0.97730000
vn -0.48940000 0.13180000 -0.86200000
vn -0.18550000 -0.14290000 -0.97220000
vn -0.66750000 -0.11480000 0.73570000
vn -0.00000000 -1.00000000 -0.00000000
vn -0.99340000 0.09870000 -0.05780000
vn -0.48440000 0.12580000 0.86570000
vn -0.00000000 -1.00000000 -0.00000000
vn -0.48940000 0.13180000 -0.86200000
vn -0.96950000 -0.11800000 -0.21500000
vn -0.99340000 0.09870000 -0.05780000
vn -0.00000000 -0.00000000 -1.00000000
vn -0.00000000 -1.00000000 -0.00000000
vn -1.00000000 -0.00000000 -0.00000000
vn -1.00000000 -0.00000000 -0.00000000
vn -0.00000000 -0.00000000 -1.00000000
vn -0.00000000 1.00000000 -0.00000000
vn 0.16510000 -0.18800000 0.96820000
vn -0.45090000 0.21650000 0.86600000
vn -0.78140000 -0.25230000 0.57080000
vn -0.00000000 1.00000000 -0.00000000
vn -0.00000000 1.00000000 -0.00000000
vn -0.78490000 -0.23490000 -0.57340000
vn -0.78140000 -0.25230000 0.57080000
vn -0.93160000 0.30700000 -0.19480000
vn -0.02500000 0.15060000 -0.98830000
vn -0.00000000 1.00000000 -0.00000000
vn 0.16740000 -0.08640000 -0.98210000
vn -0.78490000 -0.23490000 -0.57340000
vn -0.00000000 1.00000000 -0.00000000
vn 0.90970000 -0.11220000 0.39990000
vn 0.53510000 0.15200000 0.83100000
vn 0.16510000 -0.18800000 0.96820000
vn 0.91070000 -0.10220000 -0.40030000
vn -0.00000000 1.00000000 -0.00000000
vn 0.98310000 0.08270000 0.16300000
vn 0.90970000 -0.11220000 0.39990000
vn -0.00000000 -0.00000000 1.00000000
vn -0.00000000 1.00000000 -0.00000000
vn -1.00000000 -0.00000000 -0.00000000
vn 0.16740000 -0.08640000 -0.98210000
vn 0.80340000 0.09720000 -0.58750000
vn -0.00000000 1.00000000 -0.00000000
vn 0.91070000 -0.10220000 -0.40030000
vn -1.00000000 -0.00000000 -0.00000000
vn -0.00000000 -1.00000000 -0.00000000
vn -0.00000000 -0.00000000 1.00000000
vn -0.00000000 -1.00000000 -0.00000000
vn 0.16510000 -0.18800000 0.96820000
vn -0.45090000 0.21650000 0.86600000
vn 0.53510000 0.15200000 0.83100000
vn -0.00000000 -1.00000000 -0.00000000
vn 0.90970000 -0.11220000 0.39990000
vn 0.53510000 0.15200000 0.83100000
vn 0.98310000 0.08270000 0.16300000
vn 0.91070000 -0.10220000 -0.40030000
vn 0.80340000 0.09720000 -0.58750000
vn -0.00000000 -1.00000000 -0.00000000
vn 0.98310000 0.08270000 0.16300000
vn -0.02500000 0.15060000 -0.98830000
vn 0.16740000 -0.08640000 -0.98210000
vn -0.00000000 -1.00000000 -0.00000000
vn 0.80340000 0.09720000 -0.58750000
vn -0.00000000 -1.00000000 -0.00000000
vn -0.45090000 0.21650000 0.86600000
vn -0.93160000 0.30700000 -0.19480000
vn -0.78140000 -0.25230000 0.57080000
vn -0.78490000 -0.23490000 -0.57340000
vn -0.02500000 0.15060000 -0.98830000
vn -0.93160000 0.30700000 -0.19480000
vn -0.00000000 -1.00000000 -0.00000000
vn -0.06380000 0.91650000 0.39480000
vn 0.02370000 0.98890000 -0.14700000
vn -0.00000000 -0.00000000 -1.00000000
vn -1.00000000 -0.00000000 -0.00000000
vn 0.26510000 0.96420000 -0.00000000
vn -0.00000000 -0.00000000 1.00000000
vn -0.00000000 0.94570000 -0.32510000
vn 0.26510000 0.96420000 -0.00000000
vn 0.26520000 0.96420000 -0.00000000
vn -1.00000000 -0.00000000 -0.00000000
vn -0.06380000 -0.91650000 0.39480000
vn -0.00000000 -0.00000000 1.00000000
vn -0.06380000 0.91650000 0.39480000
vn 0.26510000 -0.96420000 -0.00000000
vn 0.26520000 -0.96420000 -0.00000000
vn 0.26510000 0.96420000 -0.00000000
vn 0.26520000 0.96420000 -0.00000000
vn -0.00000000 0.94570000 -0.32510000
vn 0.26520000 0.96420000 -0.00000000
vn -0.00000000 -0.94570000 -0.32510000
vn 0.26520000 -0.96420000 -0.00000000
vn -0.05900000 -0.98850000 0.13940000
vn -0.00000000 -0.94570000 -0.32510000
vn -1.00000000 -0.00000000 -0.00000000
vn -0.05900000 0.98850000 0.13940000
vn -0.00000000 0.94570000 -0.32510000
vn -1.00000000 -0.00000000 -0.00000000
vn 0.03270000 0.99650000 -0.07720000
vn 0.02370000 0.98890000 -0.14700000
vn -0.00000000 -0.00000000 1.00000000
vn -0.05900000 0.98850000 0.13940000
vn -0.06380000 0.91650000 0.39480000
vn -1.00000000 -0.00000000 -0.00000000
vn 0.26520000 -0.96420000 -0.00000000
vn -0.00000000 -0.94570000 -0.32510000
vn 0.26510000 -0.96420000 -0.00000000
vn -0.00000000 -0.00000000 1.00000000
vn 0.02380000 -0.98890000 -0.14700000
vn 0.26510000 -0.96420000 -0.00000000
vn -0.06380000 -0.91650000 0.39480000
vn -0.00000000 -0.00000000 -1.00000000
vn -1.00000000 -0.00000000 -0.00000000
vn -0.05900000 -0.98850000 0.13940000
vn 0.03270000 -0.99650000 -0.07720000
vn -1.00000000 -0.00000000 -0.00000000
vn -0.06380000 -0.91650000 0.39480000
vn -0.00000000 -0.00000000 1.00000000
vn 0.02380000 -0.98890000 -0.14700000
vn -0.00000000 -0.00000000 1.00000000
vn 0.26510000 0.96420000 -0.00000000
vn -1.00000000 -0.00000000 -0.00000000
vn -0.00000000 0.94570000 -0.32510000
vn 0.26510000 -0.96420000 -0.00000000
vn -0.00000000 0.94570000 -0.32510000
vn 0.26520000 0.96420000 -0.00000000
vn 0.26520000 -0.96420000 -0.00000000
vn 0.26510000 0.96420000 -0.00000000
vn -0.00000000 -0.94570000 -0.32510000
vn -0.06380000 0.91650000 0.39480000
vn -1.00000000 -0.00000000 -0.00000000
vn 0.02370000 0.98890000 -0.14700000
vn 0.26510000 0.96420000 -0.00000000
vn 0.26520000 0.96420000 -0.00000000
vn -0.00000000 -0.00000000 -1.00000000
vn -0.00000000 -0.00000000 1.00000000
vn 0.26520000 -0.96420000 -0.00000000
vn 0.26520000 0.96420000 -0.00000000
vn -0.06380000 -0.91650000 0.39480000
vn -0.06380000 0.91650000 0.39480000
vn -0.05900000 -0.98850000 0.13940000
vn -0.00000000 -0.94570000 -0.32510000
vn -0.00000000 0.94570000 -0.32510000
vn -0.05900000 0.98850000 0.13940000
vn -1.00000000 -0.00000000 -0.00000000
vn -0.00000000 -0.00000000 1.00000000
vn -0.06380000 0.91650000 0.39480000
vn 0.03270000 0.99650000 -0.07720000
vn 0.02370000 0.98890000 -0.14700000
vn -1.00000000 -0.00000000 -0.00000000
vn -0.05900000 0.98850000 0.13940000
vn -0.00000000 -0.00000000 1.00000000
vn -1.00000000 -0.00000000 -0.00000000
vn -0.00000000 -0.94570000 -0.32510000
vn 0.26510000 -0.96420000 -0.00000000
vn 0.26510000 -0.96420000 -0.00000000
vn 0.26520000 -0.96420000 -0.00000000
vn -0.00000000 -0.00000000 -1.00000000
vn -1.00000000 -0.00000000 -0.00000000
vn 0.02380000 -0.98890000 -0.14700000
vn -0.06380000 -0.91650000 0.39480000
vn -0.05900000 -0.98850000 0.13940000
vn -0.00000000 -0.00000000 1.00000000
vn -0.06380000 -0.91650000 0.39480000
vn 0.02380000 -0.98890000 -0.14700000
vn -1.00000000 -0.00000000 -0.00000000
vn 0.03270000 -0.99650000 -0.07720000
vn 1.00000000 0.00040000 -0.00540000
vn -0.21490000 0.06150000 0.97470000
vn 1.00000000 0.00090000 -0.00100000
vn 1.00000000 -0.00010000 -0.00240000
vn -0.30920000 -0.63910000 0.70420000
vn 0.16200000 -0.56760000 0.80720000
vn 0.33360000 -0.11610000 0.93550000
vn 1.00000000 -0.00060000 -0.00060000
vn -0.11760000 0.69220000 0.71200000
vn 1.00000000 -0.00010000 -0.00240000
vn 0.19480000 0.58950000 0.78390000
vn -0.21490000 0.06150000 0.97470000
vn 1.00000000 0.00040000 -0.00540000
vn 1.00000000 -0.00060000 -0.00060000
vn 1.00000000 -0.00010000 -0.00240000
vn 1.00000000 -0.00020000 -0.00700000
vn 1.00000000 0.00020000 -0.00910000
vn 1.00000000 -0.00020000 -0.00000000
vn 1.00000000 -0.00090000 -0.00000000
vn 1.00000000 -0.00020000 -0.00700000
vn 1.00000000 -0.00490000 0.00080000
vn 1.00000000 -0.00020000 -0.00000000
vn 1.00000000 -0.00700000 -0.00000000
vn 0.59230000 -0.80570000 -0.00390000
vn 1.00000000 -0.00020000 -0.00700000
vn 0.64590000 -0.59620000 -0.47680000
vn 0.94340000 0.00030000 -0.33150000
vn 0.69270000 -0.51510000 -0.50480000
vn 1.00000000 0.00020000 -0.00910000
vn 1.00000000 -0.00490000 0.00080000
vn 0.41750000 0.79260000 0.44430000
vn -0.25620000 0.95960000 -0.11590000
vn -0.23060000 0.96680000 -0.11010000
vn -0.11760000 0.69220000 0.71200000
vn 1.00000000 -0.00090000 -0.00000000
vn 1.00000000 -0.00080000 0.00010000
vn 1.00000000 -0.00060000 -0.00060000
vn 0.99990000 -0.00010000 0.01180000
vn 1.00000000 0.00030000 0.00490000
vn 0.99990000 -0.00020000 0.01160000
vn 1.00000000 -0.00020000 -0.00000000
vn 1.00000000 -0.00080000 0.00010000
vn 1.00000000 -0.00090000 -0.00000000
vn 1.00000000 -0.00050000 0.00080000
vn 0.23740000 0.75440000 -0.61200000
vn 1.00000000 -0.00080000 0.00010000
vn -0.25620000 0.95960000 -0.11590000
vn -0.25480000 0.56260000 -0.78650000
vn 1.00000000 -0.00050000 0.00080000
vn 0.90700000 -0.00250000 0.42110000
vn 0.76640000 -0.35020000 0.53850000
vn 0.59230000 -0.80570000 -0.00390000
vn 0.99990000 -0.00010000 0.01180000
vn 0.52550000 -0.85080000 -0.00020000
vn 0.99990000 -0.00020000 0.01160000
vn 1.00000000 -0.00700000 -0.00000000
vn 0.59410000 -0.70340000 0.39020000
vn 1.00000000 -0.00490000 0.00080000
vn 1.00000000 -0.00020000 -0.00000000
vn 1.00000000 -0.00700000 -0.00000000
vn 0.99990000 -0.00020000 0.01160000
vn 1.00000000 0.00040000 0.00390000
vn 1.00000000 0.00030000 0.00490000
vn -0.39550000 -0.10470000 -0.91250000
vn 1.00000000 -0.00050000 0.00080000
vn 0.37150000 0.31590000 -0.87300000
vn -0.25480000 0.56260000 -0.78650000
vn 1.00000000 0.00020000 -0.00910000
vn 0.90740000 0.00120000 -0.42030000
vn 0.94340000 0.00030000 -0.33150000
vn 1.00000000 0.00040000 -0.00540000
vn 0.76560000 0.35030000 -0.53960000
vn 0.58530000 0.71340000 -0.38540000
vn 1.00000000 0.00090000 -0.00100000
vn 0.44990000 0.89310000 -0.00130000
vn 0.92750000 0.37380000 0.00920000
vn 1.00000000 0.00110000 -0.00030000
vn 0.52610000 0.85040000 0.00290000
vn 0.40510000 -0.90370000 0.13850000
vn 1.00000000 0.00090000 -0.00100000
vn -0.21270000 -0.97130000 -0.10660000
vn -0.30920000 -0.63910000 0.70420000
vn 1.00000000 0.00100000 0.00010000
vn 1.00000000 0.00110000 -0.00030000
vn 1.00000000 0.00080000 0.00100000
vn 1.00000000 0.00100000 0.00010000
vn 0.58340000 0.37640000 0.71970000
vn 1.00000000 0.00110000 -0.00030000
vn 0.56070000 0.00190000 0.82800000
vn 0.99990000 -0.00010000 0.01180000
vn 0.90700000 -0.00250000 0.42110000
vn 1.00000000 0.00040000 0.00390000
vn 1.00000000 0.00030000 0.00490000
vn 0.92750000 0.37380000 0.00920000
vn 0.22690000 -0.92860000 -0.29350000
vn 1.00000000 0.00100000 0.00010000
vn -0.21270000 -0.97130000 -0.10660000
vn -0.15830000 -0.64990000 -0.74340000
vn 1.00000000 0.00080000 0.00100000
vn -0.39550000 -0.10470000 -0.91250000
vn 1.00000000 0.00040000 0.00390000
vn 1.00000000 0.00080000 0.00100000
vn 0.31770000 -0.48560000 -0.81440000
vn -0.15830000 -0.64990000 -0.74340000
vn 0.43030000 0.54680000 0.71820000
vn 0.58340000 0.37640000 0.71970000
vn 0.92750000 0.37380000 0.00920000
vn 0.44990000 0.89310000 -0.00130000
vn 0.00270000 0.99970000 0.02420000
vn 0.44990000 0.89310000 -0.00130000
vn 0.52610000 0.85040000 0.00290000
vn 0.00430000 0.57620000 0.81730000
vn 0.03360000 0.99940000 -0.00000000
vn 0.02320000 0.99970000 0.00130000
vn -0.00240000 0.62440000 0.78110000
vn 0.43030000 0.54680000 0.71820000
vn -0.00000000 0.99960000 0.02920000
vn 0.02320000 0.99970000 0.00130000
vn 0.58530000 0.71340000 -0.38540000
vn 0.52610000 0.85040000 0.00290000
vn 0.00440000 0.78460000 -0.62000000
vn 0.00220000 0.99990000 -0.01670000
vn -0.00000000 0.99980000 -0.02120000
vn 0.00440000 0.78460000 -0.62000000
vn -1.00000000 -0.00000000 -0.00000000
vn 0.00220000 0.99990000 -0.01670000
vn -0.00140000 0.73710000 -0.67570000
vn -0.01010000 0.99990000 0.00100000
vn -0.00000000 -0.00000000 1.00000000
vn -0.00000000 0.99980000 -0.02120000
vn 0.00220000 0.99990000 -0.01670000
vn -0.01510000 0.99990000 -0.00000000
vn 1.00000000 -0.00000000 -0.00000000
vn -0.01010000 0.99990000 0.00100000
vn -0.00000000 0.99980000 -0.02120000
vn -0.00000000 -0.00000000 1.00000000
vn 0.02320000 0.99970000 0.00130000
vn 0.03360000 0.99940000 -0.00000000
vn -1.00000000 -0.00000000 -0.00000000
vn 1.00000000 -0.00000000 -0.00000000
vn -0.00000000 0.99960000 0.02920000
vn -0.01510000 0.99990000 -0.00000000
vn -0.00000000 -0.00000000 -1.00000000
vn 0.00270000 0.99970000 0.02420000
vn -1.00000000 -0.00000000 -0.00000000
vn -0.00000000 0.99960000 0.02920000
vn -0.00000000 -0.00000000 -1.00000000
vn 0.03360000 0.99940000 -0.00000000
vn 0.00430000 0.57620000 0.81730000
vn -0.00240000 -0.00010000 1.00000000
vn -1.00000000 -0.00000000 -0.00000000
vn -0.00090000 0.00030000 1.00000000
vn -0.00240000 0.62440000 0.78110000
vn 0.00230000 0.00130000 1.00000000
vn 0.00140000 0.00150000 1.00000000
vn 0.00230000 0.00130000 1.00000000
vn 0.04420000 -0.00010000 0.99900000
vn 0.43030000 0.54680000 0.71820000
vn 0.58340000 0.37640000 0.71970000
vn -0.00020000 0.00170000 1.00000000
vn 0.00430000 0.57620000 0.81730000
vn 0.56070000 0.00190000 0.82800000
vn -0.01510000 0.99990000 -0.00000000
vn 0.00270000 0.99970000 0.02420000
vn -0.00240000 0.62440000 0.78110000
vn -1.00000000 -0.00000000 -0.00000000
vn -0.01010000 0.99990000 0.00100000
vn 0.90700000 -0.00250000 0.42110000
vn 0.04420000 -0.00010000 0.99900000
vn 0.00360000 -0.00240000 1.00000000
vn 0.00100000 -0.00270000 1.00000000
vn 0.01590000 -0.28170000 0.95940000
vn 0.76640000 -0.35020000 0.53850000
vn 0.56070000 0.00190000 0.82800000
vn 0.01270000 -0.00200000 0.99990000
vn 0.00240000 -0.00080000 1.00000000
vn 0.06090000 0.00060000 0.99810000
vn -0.67200000 -0.74030000 -0.01770000
vn -0.00000000 -0.00000000 1.00000000
vn 0.14110000 -0.99000000 -0.00750000
vn 0.20120000 0.97950000 -0.00440000
vn 0.32500000 0.94490000 -0.04010000
vn -0.95290000 0.30040000 -0.04120000
vn 0.00240000 -0.00080000 1.00000000
vn -0.00000000 -0.00000000 1.00000000
vn 0.06090000 0.00060000 0.99810000
vn -0.78570000 0.61810000 0.02620000
vn 0.32790000 -0.94420000 0.02990000
vn -0.00020000 0.00170000 1.00000000
vn -0.00090000 0.00030000 1.00000000
vn 0.00230000 0.00130000 1.00000000
vn 0.14110000 -0.99000000 -0.00750000
vn 0.94940000 -0.31260000 -0.03090000
vn -0.67200000 -0.74030000 -0.01770000
vn -0.00000000 -0.00000000 1.00000000
vn -0.86830000 -0.49460000 0.03750000
vn -0.98750000 0.15520000 -0.02750000
vn 0.01270000 -0.00200000 0.99990000
vn 0.06090000 0.00060000 0.99810000
vn -0.00000000 -0.00000000 1.00000000
vn -0.00090000 0.00030000 1.00000000
vn -0.00240000 -0.00010000 1.00000000
vn -0.00390000 -0.00000000 1.00000000
vn 0.99940000 0.00740000 0.03510000
vn 0.32500000 0.94490000 -0.04010000
vn 0.94940000 -0.31260000 -0.03090000
vn 0.00140000 0.00150000 1.00000000
vn -0.67200000 -0.74040000 -0.01770000
vn -0.00020000 0.00170000 1.00000000
vn 0.14110000 -0.99000000 -0.00750000
vn -0.86830000 -0.49460000 0.03750000
vn 0.00140000 0.00150000 1.00000000
vn -0.67200000 -0.74040000 -0.01770000
vn 0.04420000 -0.00010000 0.99900000
vn -0.95290000 0.30040000 -0.04120000
vn 0.00240000 -0.00080000 1.00000000
vn 0.95230000 -0.30520000 0.00660000
vn -0.00000000 -0.00000000 1.00000000
vn 0.77870000 0.62730000 -0.00810000
vn -0.00100000 -0.00080000 1.00000000
vn 0.90860000 -0.41740000 -0.01330000
vn -0.00390000 -0.00000000 1.00000000
vn -0.00100000 -0.00080000 1.00000000
vn 0.00360000 -0.00240000 1.00000000
vn -0.34830000 0.93680000 -0.03320000
vn 0.00100000 -0.00270000 1.00000000
vn 0.67540000 0.73700000 0.02570000
vn 0.77870000 0.62730000 -0.00810000
vn 0.00100000 -0.00270000 1.00000000
vn -0.34830000 0.93680000 -0.03320000
vn -0.98750000 0.15520000 -0.02750000
vn 0.01270000 -0.00200000 0.99990000
vn -0.68480000 0.72760000 0.04090000
vn 0.14110000 -0.99000000 -0.00750000
vn 0.90860000 -0.41740000 -0.01330000
vn 0.28160000 -0.95930000 0.02050000
vn -0.00000000 -0.00000000 1.00000000
vn 0.00360000 -1.00000000 -0.00020000
vn -0.00150000 -1.00000000 -0.00230000
vn -0.00140000 -0.73710000 0.67570000
vn -1.00000000 -0.00000000 -0.00000000
vn 0.00420000 -0.78280000 0.62220000
vn 0.52550000 -0.85080000 -0.00020000
vn 0.59410000 -0.70340000 0.39020000
vn 0.00360000 -1.00000000 -0.00020000
vn 0.00420000 -0.78280000 0.62220000
vn 0.01590000 -0.28170000 0.95940000
vn 0.76640000 -0.35020000 0.53850000
vn -0.00140000 -0.73710000 0.67570000
vn 0.00420000 -0.78280000 0.62220000
vn 0.59410000 -0.70340000 0.39020000
vn -0.00240000 -0.00010000 1.00000000
vn -0.00100000 -0.00080000 1.00000000
vn -0.00140000 -0.73710000 0.67570000
vn -0.00390000 -0.00000000 1.00000000
vn -1.00000000 -0.00000000 -0.00000000
vn 0.00360000 -0.00240000 1.00000000
vn 0.01590000 -0.28170000 0.95940000
vn 0.64590000 -0.59620000 -0.47680000
vn -0.00270000 -0.61460000 -0.78880000
vn 0.00670000 -0.00270000 -1.00000000
vn 0.00820000 -0.70170000 -0.71240000
vn 0.07670000 -0.00040000 -0.99710000
vn 0.50900000 -0.00120000 -0.86080000
vn 0.00420000 -0.00330000 -1.00000000
vn -0.00060000 -0.00370000 -1.00000000
vn 0.69270000 -0.51510000 -0.50480000
vn 0.90740000 0.00120000 -0.42030000
vn 0.50900000 -0.00120000 -0.86080000
vn 0.94340000 0.00030000 -0.33150000
vn 0.69270000 -0.51510000 -0.50480000
vn 0.64590000 -0.59620000 -0.47680000
vn -0.00150000 -1.00000000 -0.00230000
vn 0.00360000 -1.00000000 -0.00020000
vn 0.00820000 -0.70170000 -0.71240000
vn 0.59230000 -0.80570000 -0.00390000
vn 0.52550000 -0.85080000 -0.00020000
vn -0.00270000 -0.61460000 -0.78880000
vn -1.00000000 -0.00000000 -0.00000000
vn -0.00120000 -0.00020000 -1.00000000
vn -0.00240000 0.00010000 -1.00000000
vn 0.00670000 -0.00270000 -1.00000000
vn -0.00270000 -0.61460000 -0.78880000
vn -0.00150000 -1.00000000 -0.00230000
vn 0.00820000 -0.70170000 -0.71240000
vn -1.00000000 -0.00000000 -0.00000000
vn -0.00390000 -0.00000000 -1.00000000
vn -0.00240000 0.00010000 -1.00000000
vn -0.00140000 0.00070000 -1.00000000
vn 0.00360000 0.00240000 -1.00000000
vn -0.00140000 0.73710000 -0.67570000
vn -1.00000000 -0.00000000 -0.00000000
vn 0.01590000 0.28170000 -0.95940000
vn -0.00060000 -0.00370000 -1.00000000
vn 0.16670000 0.98540000 0.03530000
vn -0.00120000 -0.00020000 -1.00000000
vn 0.58780000 0.80740000 -0.05110000
vn 0.00670000 -0.00270000 -1.00000000
vn 0.98740000 0.15380000 0.03820000
vn -0.78580000 0.61810000 -0.02180000
vn 0.16670000 0.98540000 0.03530000
vn -0.00060000 -0.00370000 -1.00000000
vn 0.00420000 -0.00330000 -1.00000000
vn 0.92680000 -0.37410000 -0.03210000
vn 0.46140000 -0.88630000 0.04100000
vn 0.98740000 0.15380000 0.03820000
vn -0.00390000 -0.00000000 -1.00000000
vn -0.00000000 -0.00000000 -1.00000000
vn -0.00120000 -0.00020000 -1.00000000
vn -0.00240000 0.00010000 -1.00000000
vn -0.78580000 0.61810000 -0.02180000
vn 0.00420000 -0.00330000 -1.00000000
vn -0.73700000 0.67590000 -0.00230000
vn 0.07670000 -0.00040000 -0.99710000
vn -0.85010000 -0.52580000 0.02860000
vn 0.00130000 0.00080000 -1.00000000
vn -0.91520000 -0.40310000 -0.00240000
vn 0.67550000 0.73710000 0.02040000
vn 0.97610000 -0.21640000 -0.01750000
vn 0.89240000 -0.45010000 0.03140000
vn -0.00390000 -0.00000000 -1.00000000
vn -0.00140000 0.00070000 -1.00000000
vn -0.00000000 -0.00000000 -1.00000000
vn -0.25550000 -0.96640000 0.02690000
vn 0.89240000 -0.45010000 0.03140000
vn -0.00140000 0.00070000 -1.00000000
vn 0.00070000 0.00280000 -1.00000000
vn 0.09040000 -0.99510000 -0.04110000
vn 0.00360000 0.00240000 -1.00000000
vn 0.00070000 0.00280000 -1.00000000
vn 0.00360000 0.00240000 -1.00000000
vn 0.07670000 -0.00040000 -0.99710000
vn 0.50900000 -0.00120000 -0.86080000
vn 0.00640000 0.00240000 -1.00000000
vn 0.01590000 0.28170000 -0.95940000
vn 0.07980000 -0.00130000 -0.99680000
vn 0.76560000 0.35030000 -0.53960000
vn 0.90740000 0.00120000 -0.42030000
vn 0.00130000 0.00080000 -1.00000000
vn -0.25550000 -0.96640000 0.02690000
vn 0.00070000 0.00280000 -1.00000000
vn 0.00640000 0.00240000 -1.00000000
vn -0.93640000 -0.35060000 -0.01500000
vn 0.00640000 0.00240000 -1.00000000
vn -0.00000000 -0.00000000 -1.00000000
vn 0.07980000 -0.00130000 -0.99680000
vn -0.73700000 0.67590000 -0.00230000
vn -0.68530000 0.72810000 0.01660000
vn -0.91520000 -0.40310000 -0.00240000
vn -0.93640000 -0.35060000 -0.01500000
vn -0.00000000 -0.00000000 -1.00000000
vn -0.68530000 0.72810000 0.01660000
vn 0.54790000 0.83630000 -0.01870000
vn 0.67550000 0.73710000 0.02040000
vn -0.00000000 -0.00000000 -1.00000000
vn 0.07980000 -0.00130000 -0.99680000
vn -0.85010000 -0.52580000 0.02860000
vn 0.46140000 -0.88630000 0.04100000
vn 0.04350000 -0.99840000 -0.03700000
vn 0.00130000 0.00080000 -1.00000000
vn -0.00140000 0.73710000 -0.67570000
vn 0.01590000 0.28170000 -0.95940000
vn 0.58530000 0.71340000 -0.38540000
vn 0.76560000 0.35030000 -0.53960000
vn 0.00440000 0.78460000 -0.62000000
vn -0.00000000 -0.00000000 -1.00000000
vn -0.25550000 -0.96640000 0.02690000
vn -0.91520000 -0.40310000 -0.00240000
vn 0.09040000 -0.99510000 -0.04110000
vn -0.93640000 -0.35060000 -0.01500000
vn -0.91520000 -0.40310000 -0.00240000
vn -0.73700000 0.67590000 -0.00230000
vn -0.00000000 -0.00000000 -1.00000000
vn 0.54790000 0.83630000 -0.01870000
vn -0.68530000 0.72810000 0.01660000
vn -0.73700000 0.67590000 -0.00230000
vn -0.00000000 -0.00000000 -1.00000000
vn 0.54790000 0.83630000 -0.01870000
vn 0.67550000 0.73710000 0.02040000
vn -0.00000000 -0.00000000 -1.00000000
vn 0.97610000 -0.21640000 -0.01750000
vn 0.97610000 -0.21640000 -0.01750000
vn 0.09040000 -0.99510000 -0.04110000
vn -0.00000000 -0.00000000 -1.00000000
vn 0.89240000 -0.45010000 0.03140000
vn -0.00000000 -0.00000000 -1.00000000
vn -0.85010000 -0.52580000 0.02860000
vn 0.04350000 -0.99840000 -0.03700000
vn -0.91520000 -0.40310000 -0.00240000
vn -0.91520000 -0.40310000 -0.00240000
vn -0.73700000 0.67590000 -0.00230000
vn -0.00000000 -0.00000000 -1.00000000
vn 0.58780000 0.80740000 -0.05110000
vn -0.78580000 0.61810000 -0.02180000
vn -0.00000000 -0.00000000 -1.00000000
vn 0.16670000 0.98540000 0.03530000
vn -0.73700000 0.67590000 -0.00230000
vn 0.92680000 -0.37410000 -0.03210000
vn -0.00000000 -0.00000000 -1.00000000
vn 0.98740000 0.15380000 0.03820000
vn 0.58780000 0.80740000 -0.05110000
vn 0.92680000 -0.37410000 -0.03210000
vn 0.46140000 -0.88630000 0.04100000
vn 0.04350000 -0.99840000 -0.03700000
vn -0.00000000 -0.00000000 -1.00000000
vn -0.67200000 -0.74040000 -0.01770000
vn -0.86830000 -0.49460000 0.03750000
vn 0.32790000 -0.94420000 0.02990000
vn 0.14110000 -0.99000000 -0.00750000
vn -0.00000000 -0.00000000 1.00000000
vn -0.95290000 0.30040000 -0.04120000
vn -0.78570000 0.61810000 0.02620000
vn -0.86830000 -0.49460000 0.03750000
vn -0.00000000 -0.00000000 1.00000000
vn -0.78570000 0.61810000 0.02620000
vn 0.20120000 0.97950000 -0.00440000
vn -0.00000000 -0.00000000 1.00000000
vn 0.32500000 0.94490000 -0.04010000
vn 0.99940000 0.00740000 0.03510000
vn -0.00000000 -0.00000000 1.00000000
vn 0.20120000 0.97950000 -0.00440000
vn 0.99940000 0.00740000 0.03510000
vn 0.32790000 -0.94420000 0.02990000
vn 0.94940000 -0.31260000 -0.03090000
vn -0.00000000 -0.00000000 1.00000000
vn -0.00000000 -0.00000000 1.00000000
vn -0.67200000 -0.74030000 -0.01770000
vn 0.14110000 -0.99000000 -0.00750000
vn -0.86830000 -0.49460000 0.03750000
vn 0.28160000 -0.95930000 0.02050000
vn -0.98750000 0.15520000 -0.02750000
vn -0.86830000 -0.49460000 0.03750000
vn -0.00000000 -0.00000000 1.00000000
vn -0.68480000 0.72760000 0.04090000
vn -0.34830000 0.93680000 -0.03320000
vn -0.00000000 -0.00000000 1.00000000
vn -0.68480000 0.72760000 0.04090000
vn 0.67540000 0.73700000 0.02570000
vn 0.95230000 -0.30520000 0.00660000
vn 0.77870000 0.62730000 -0.00810000
vn -0.00000000 -0.00000000 1.00000000
vn 0.67540000 0.73700000 0.02570000
vn 0.28160000 -0.95930000 0.02050000
vn -0.00000000 -0.00000000 1.00000000
vn 0.95230000 -0.30520000 0.00660000
vn 0.90860000 -0.41740000 -0.01330000
vn -0.00000000 -0.00000000 -1.00000000
vn -0.00000000 1.00000000 -0.00000000
vn -1.00000000 -0.00000000 -0.00000000
vn -0.00000000 -0.00000000 1.00000000
vn -0.00000000 1.00000000 -0.00000000
vn -1.00000000 -0.00000000 -0.00000000
vn 1.00000000 -0.00000000 -0.00000000
vn -0.00000000 1.00000000 -0.00000000
vn -0.00000000 -0.00000000 -1.00000000
vn -0.00000000 -0.00000000 1.00000000
vn -0.00000000 1.00000000 -0.00000000
vn 1.00000000 -0.00000000 -0.00000000
vn 0.22690000 -0.92860000 -0.29350000
vn 0.40510000 -0.90370000 0.13850000
vn 0.46270000 0.88450000 0.05940000
vn 0.02870000 0.91000000 0.41370000
vn -0.29420000 0.89020000 -0.34780000
vn 1.00000000 -0.00000000 -0.00000000
vn 1.00000000 -0.00000000 -0.00000000
vn -0.21270000 -0.97130000 -0.10660000
vn 1.00000000 -0.00000000 -0.00000000
vn 0.31770000 -0.48560000 -0.81440000
vn 0.22690000 -0.92860000 -0.29350000
vn -0.15830000 -0.64990000 -0.74340000
vn 0.31770000 -0.48560000 -0.81440000
vn -0.39550000 -0.10470000 -0.91250000
vn 1.00000000 -0.00000000 -0.00000000
vn 0.37150000 0.31590000 -0.87300000
vn 1.00000000 -0.00000000 -0.00000000
vn 0.81980000 -0.12820000 0.55810000
vn -0.33200000 -0.87730000 0.34660000
vn 0.37150000 0.31590000 -0.87300000
vn 1.00000000 -0.00000000 -0.00000000
vn 0.23740000 0.75440000 -0.61200000
vn -0.25480000 0.56260000 -0.78650000
vn 1.00000000 -0.00000000 -0.00000000
vn -0.23060000 0.96680000 -0.11010000
vn 0.23740000 0.75440000 -0.61200000
vn -0.25620000 0.95960000 -0.11590000
vn 0.41750000 0.79260000 0.44430000
vn 1.00000000 -0.00000000 -0.00000000
vn -0.23060000 0.96680000 -0.11010000
vn -0.24420000 -0.92630000 -0.28690000
vn 0.48940000 -0.67960000 -0.54650000
vn 1.00000000 -0.00000000 -0.00000000
vn -0.11760000 0.69220000 0.71200000
vn 0.19480000 0.58950000 0.78390000
vn 0.41750000 0.79260000 0.44430000
vn -0.07040000 -0.49800000 -0.86430000
vn 1.00000000 -0.00000000 -0.00000000
vn -0.21490000 0.06150000 0.97470000
vn 1.00000000 -0.00000000 -0.00000000
vn 0.33360000 -0.11610000 0.93550000
vn 0.19480000 0.58950000 0.78390000
vn 0.01010000 0.63380000 -0.77340000
vn 0.33360000 -0.11610000 0.93550000
vn 0.16200000 -0.56760000 0.80720000
vn -0.13520000 -0.08090000 -0.98750000
vn 1.00000000 -0.00000000 -0.00000000
vn 1.00000000 -0.00000000 -0.00000000
vn 0.43030000 0.33070000 -0.83990000
vn 0.16200000 -0.56760000 0.80720000
vn 0.40510000 -0.90370000 0.13850000
vn -0.30920000 -0.63910000 0.70420000
vn 1.00000000 -0.00000000 -0.00000000
vn 1.00000000 -0.00000000 -0.00000000
vn 0.41660000 -0.51010000 0.75250000
vn -0.40840000 -0.08870000 0.90850000
vn 0.81980000 -0.12820000 0.55810000
vn -0.30000000 0.59780000 0.74340000
vn 0.36050000 0.26560000 0.89410000
vn 1.00000000 -0.00000000 -0.00000000
vn -0.40840000 -0.08870000 0.90850000
vn 0.14420000 -0.19150000 -0.97080000
vn -0.07040000 -0.49800000 -0.86430000
vn -0.13520000 -0.08090000 -0.98750000
vn 1.00000000 -0.00000000 -0.00000000
vn 1.00000000 -0.00000000 -0.00000000
vn 0.02870000 0.91000000 0.41370000
vn 0.18780000 0.78960000 0.58420000
vn -0.30000000 0.59780000 0.74340000
vn -0.33200000 -0.87730000 0.34660000
vn 1.00000000 -0.00000000 -0.00000000
vn -0.24420000 -0.92630000 -0.28690000
vn 0.33510000 -0.93670000 0.10150000
vn 0.01010000 0.63380000 -0.77340000
vn 1.00000000 -0.00000000 -0.00000000
vn 0.23930000 0.80290000 -0.54600000
vn -0.29420000 0.89020000 -0.34780000
vn 0.46270000 0.88450000 0.05940000
vn 0.18780000 0.78960000 0.58420000
vn 0.02870000 0.91000000 0.41370000
vn 1.00000000 -0.00000000 -0.00000000
vn 1.00000000 -0.00000000 -0.00000000
vn -0.29420000 0.89020000 -0.34780000
vn 0.23930000 0.80290000 -0.54600000
vn 0.46270000 0.88450000 0.05940000
vn 0.18780000 0.78960000 0.58420000
vn 0.36050000 0.26560000 0.89410000
vn -0.30000000 0.59780000 0.74340000
vn 1.00000000 -0.00000000 -0.00000000
vn -0.40840000 -0.08870000 0.90850000
vn 1.00000000 -0.00000000 -0.00000000
vn 0.36050000 0.26560000 0.89410000
vn 0.41660000 -0.51010000 0.75250000
vn -0.33200000 -0.87730000 0.34660000
vn 0.41660000 -0.51010000 0.75250000
vn 0.33510000 -0.93670000 0.10150000
vn 1.00000000 -0.00000000 -0.00000000
vn 0.81980000 -0.12820000 0.55810000
vn 1.00000000 -0.00000000 -0.00000000
vn -0.24420000 -0.92630000 -0.28690000
vn 0.33510000 -0.93670000 0.10150000
vn 0.48940000 -0.67960000 -0.54650000
vn -0.07040000 -0.49800000 -0.86430000
vn 1.00000000 -0.00000000 -0.00000000
vn 0.14420000 -0.19150000 -0.97080000
vn 0.48940000 -0.67960000 -0.54650000
vn 1.00000000 -0.00000000 -0.00000000
vn 0.14420000 -0.19150000 -0.97080000
vn 0.43030000 0.33070000 -0.83990000
vn -0.13520000 -0.08090000 -0.98750000
vn 0.43030000 0.33070000 -0.83990000
vn 0.23930000 0.80290000 -0.54600000
vn 1.00000000 -0.00000000 -0.00000000
vn 0.01010000 0.63380000 -0.77340000
vn 1.00000000 -0.00000000 -0.00000000
vn -0.33060000 0.58120000 -0.74350000
vn 0.31800000 0.19310000 -0.92820000
vn -0.30960000 -0.42680000 -0.84970000
vn -0.24250000 -0.95860000 0.14950000
vn 1.00000000 -0.00000000 -0.00000000
vn 0.24040000 -0.75590000 -0.60890000
vn -0.30960000 -0.42680000 -0.84970000
vn -0.31800000 0.90040000 0.29690000
vn -0.30650000 0.00560000 0.95190000
vn 0.23810000 0.59950000 0.76420000
vn 1.00000000 -0.00000000 -0.00000000
vn 1.00000000 -0.00000000 -0.00000000
vn 0.33060000 0.93450000 -0.13160000
vn -0.31800000 0.90040000 0.29690000
vn -0.33060000 0.58120000 -0.74350000
vn -0.04260000 -0.96840000 0.24560000
vn 1.00000000 -0.00000000 -0.00000000
vn 0.15510000 -0.24290000 0.95760000
vn -0.24250000 -0.95860000 0.14950000
vn -0.30650000 0.00560000 0.95190000
vn 0.24040000 -0.75590000 -0.60890000
vn 1.00000000 -0.00000000 -0.00000000
vn -0.04260000 -0.96840000 0.24560000
vn -0.24250000 -0.95860000 0.14950000
vn 1.00000000 -0.00000000 -0.00000000
vn -0.30960000 -0.42680000 -0.84970000
vn 0.31800000 0.19310000 -0.92820000
vn 0.24040000 -0.75590000 -0.60890000
vn -0.33060000 0.58120000 -0.74350000
vn 0.33060000 0.93450000 -0.13160000
vn 1.00000000 -0.00000000 -0.00000000
vn 0.31800000 0.19310000 -0.92820000
vn 0.33060000 0.93450000 -0.13160000
vn -0.31800000 0.90040000 0.29690000
vn 1.00000000 -0.00000000 -0.00000000
vn 0.23810000 0.59950000 0.76420000
vn 1.00000000 -0.00000000 -0.00000000
vn -0.30650000 0.00560000 0.95190000
vn 0.15510000 -0.24290000 0.95760000
vn 0.23810000 0.59950000 0.76420000
vn -0.04260000 -0.96840000 0.24560000
vn 1.00000000 -0.00000000 -0.00000000
vn 0.15510000 -0.24290000 0.95760000
vn -0.05210000 0.42910000 0.90170000
vn -1.00000000 -0.00000000 -0.00000000
vn 0.07930000 -0.01480000 0.99670000
vn -0.10250000 -0.18310000 0.97770000
vn 0.05280000 0.38090000 0.92310000
vn -0.06690000 -0.94710000 -0.31400000
vn 0.09120000 -0.98680000 -0.13350000
vn -1.00000000 -0.00000000 -0.00000000
vn -0.08500000 -0.98840000 0.12620000
vn -1.00000000 -0.00000000 -0.00000000
vn -0.06880000 0.72530000 0.68500000
vn 0.05280000 0.38090000 0.92310000
vn 0.08930000 0.83760000 0.53890000
vn -0.06880000 0.72530000 0.68500000
vn -1.00000000 -0.00000000 -0.00000000
vn -0.06300000 0.91950000 0.38790000
vn -0.02010000 -0.43190000 -0.90170000
vn 0.09720000 -0.35450000 -0.93000000
vn -1.00000000 -0.00000000 -0.00000000
vn -0.10270000 -0.00980000 -0.99470000
vn -0.10270000 -0.00980000 -0.99470000
vn 0.13590000 0.21820000 -0.96640000
vn -1.00000000 -0.00000000 -0.00000000
vn -0.14170000 0.51680000 -0.84430000
vn -1.00000000 -0.00000000 -0.00000000
vn -0.06120000 0.89300000 -0.44580000
vn -0.06470000 0.99640000 -0.05470000
vn 0.04490000 0.93520000 -0.35120000
vn -1.00000000 -0.00000000 -0.00000000
vn -0.10250000 -0.18310000 0.97770000
vn -0.07990000 -0.61580000 0.78380000
vn 0.07910000 -0.41520000 0.90630000
vn -1.00000000 -0.00000000 -0.00000000
vn -0.14170000 0.51680000 -0.84430000
vn -0.06120000 0.89300000 -0.44580000
vn 0.10530000 0.69540000 -0.71080000
vn -0.06690000 -0.94710000 -0.31400000
vn 0.07670000 -0.81850000 -0.56940000
vn -1.00000000 -0.00000000 -0.00000000
vn -0.03650000 -0.76490000 -0.64320000
vn 0.06190000 -0.75960000 0.64740000
vn -0.07990000 -0.61580000 0.78380000
vn -0.04950000 -0.87230000 0.48640000
vn -1.00000000 -0.00000000 -0.00000000
vn -0.03650000 -0.76490000 -0.64320000
vn -1.00000000 -0.00000000 -0.00000000
vn -0.02010000 -0.43190000 -0.90170000
vn -0.06300000 0.91950000 0.38790000
vn -1.00000000 -0.00000000 -0.00000000
vn -0.06470000 0.99640000 -0.05470000
vn 0.08180000 0.99280000 0.08740000
vn -0.08500000 -0.98840000 0.12620000
vn -0.04950000 -0.87230000 0.48640000
vn -1.00000000 -0.00000000 -0.00000000
vn 0.06210000 -0.94300000 0.32700000
vn 1.00000000 -0.00430000 0.00140000
vn 1.00000000 -0.00440000 0.00150000
vn 0.06210000 -0.94300000 0.32700000
vn -0.08500000 -0.98840000 0.12620000
vn 0.09120000 -0.98680000 -0.13350000
vn 1.00000000 -0.00560000 -0.00080000
vn 1.00000000 -0.00050000 -0.00380000
vn -0.03650000 -0.76490000 -0.64320000
vn 0.09720000 -0.35450000 -0.93000000
vn 0.07670000 -0.81850000 -0.56940000
vn 1.00000000 -0.00110000 -0.00280000
vn 1.00000000 -0.00450000 -0.00310000
vn -0.02010000 -0.43190000 -0.90170000
vn 0.99990000 0.00890000 0.00950000
vn 0.99990000 -0.00550000 0.01190000
vn 0.07910000 -0.41520000 0.90630000
vn -0.10250000 -0.18310000 0.97770000
vn 0.07930000 -0.01480000 0.99670000
vn 1.00000000 -0.00010000 0.00440000
vn 0.07670000 -0.81850000 -0.56940000
vn 0.09120000 -0.98680000 -0.13350000
vn 1.00000000 -0.00450000 -0.00310000
vn -0.06690000 -0.94710000 -0.31400000
vn 1.00000000 -0.00560000 -0.00080000
vn 1.00000000 -0.00440000 0.00150000
vn -0.04950000 -0.87230000 0.48640000
vn 0.06210000 -0.94300000 0.32700000
vn 0.06190000 -0.75960000 0.64740000
vn 1.00000000 -0.00340000 0.00290000
vn -0.05210000 0.42910000 0.90170000
vn 1.00000000 0.00170000 0.00370000
vn 1.00000000 -0.00010000 0.00440000
vn 0.07930000 -0.01480000 0.99670000
vn 0.99990000 -0.00550000 0.01190000
vn 1.00000000 -0.00340000 0.00290000
vn 0.99970000 -0.02240000 -0.00140000
vn 0.07910000 -0.41520000 0.90630000
vn -0.07990000 -0.61580000 0.78380000
vn 0.06190000 -0.75960000 0.64740000
vn 0.04490000 0.93520000 -0.35120000
vn 1.00000000 0.00760000 0.00070000
vn 1.00000000 0.00750000 -0.00280000
vn 0.08180000 0.99280000 0.08740000
vn -0.06470000 0.99640000 -0.05470000
vn 0.09720000 -0.35450000 -0.93000000
vn 1.00000000 0.00170000 -0.00770000
vn 0.13590000 0.21820000 -0.96640000
vn -0.10270000 -0.00980000 -0.99470000
vn 1.00000000 -0.00110000 -0.00280000
vn 1.00000000 -0.00510000 -0.00360000
vn -0.06120000 0.89300000 -0.44580000
vn 0.10530000 0.69540000 -0.71080000
vn 1.00000000 0.00750000 -0.00280000
vn 0.04490000 0.93520000 -0.35120000
vn 1.00000000 0.00490000 -0.00500000
vn 0.08930000 0.83760000 0.53890000
vn 1.00000000 0.00550000 0.00260000
vn 0.08180000 0.99280000 0.08740000
vn -0.06300000 0.91950000 0.38790000
vn 1.00000000 0.00760000 0.00070000
vn 1.00000000 0.00560000 0.00360000
vn 0.08930000 0.83760000 0.53890000
vn -0.05210000 0.42910000 0.90170000
vn -0.06880000 0.72530000 0.68500000
vn 0.05280000 0.38090000 0.92310000
vn 1.00000000 0.00090000 0.00620000
vn 1.00000000 0.00560000 0.00360000
vn 1.00000000 0.00170000 0.00370000
vn 0.10530000 0.69540000 -0.71080000
vn -0.14170000 0.51680000 -0.84430000
vn 1.00000000 0.00650000 -0.00500000
vn 1.00000000 0.00490000 -0.00500000
vn 1.00000000 0.00170000 -0.00770000
vn 0.13590000 0.21820000 -0.96640000
vn 1.00000000 -0.00450000 -0.00310000
vn 0.83650000 -0.47150000 -0.27940000
vn 1.00000000 -0.00050000 -0.00380000
vn 0.84200000 -0.53480000 -0.07070000
vn 0.73070000 -0.67920000 0.06930000
vn 1.00000000 -0.00430000 0.00140000
vn 1.00000000 -0.00560000 -0.00080000
vn 0.06590000 -0.97490000 0.21250000
vn 0.11210000 -0.71640000 -0.68860000
vn 0.11210000 -0.71640000 -0.68860000
vn 0.91360000 -0.17830000 -0.36550000
vn 1.00000000 -0.00110000 -0.00280000
vn 1.00000000 -0.00050000 -0.00380000
vn 0.91350000 -0.06680000 -0.40140000
vn 0.32770000 0.15440000 -0.93210000
vn 1.00000000 -0.00510000 -0.00360000
vn 0.48050000 0.40930000 0.77570000
vn 1.00000000 0.00550000 0.00260000
vn 1.00000000 0.00560000 0.00360000
vn 0.19900000 0.95950000 0.19950000
vn 1.00000000 0.00090000 0.00620000
vn 0.85680000 0.37680000 0.35210000
vn 0.59630000 0.77280000 0.21720000
vn 0.99990000 0.00890000 0.00950000
vn 0.46210000 0.41650000 0.78290000
vn 0.53810000 -0.31750000 0.78080000
vn 0.88330000 0.03370000 0.46760000
vn 1.00000000 -0.00010000 0.00440000
vn 0.48050000 0.40930000 0.77570000
vn 1.00000000 0.00090000 0.00620000
vn 1.00000000 0.00170000 0.00370000
vn 0.86360000 0.49590000 -0.09110000
vn 0.48960000 0.67830000 -0.54790000
vn 0.48150000 0.68100000 -0.55170000
vn 0.19900000 0.95950000 0.19950000
vn 1.00000000 0.00550000 0.00260000
vn 1.00000000 0.00750000 -0.00280000
vn 1.00000000 0.00760000 0.00070000
vn 1.00000000 0.00650000 -0.00500000
vn 1.00000000 0.00490000 -0.00500000
vn 0.99990000 -0.00550000 0.01190000
vn 0.99970000 -0.02240000 -0.00140000
vn 0.53810000 -0.31750000 0.78080000
vn 0.76030000 -0.47810000 0.43970000
vn 0.99990000 0.00890000 0.00950000
vn 0.56310000 -0.31650000 0.76340000
vn 0.52470000 -0.67510000 0.51860000
vn 1.00000000 -0.00440000 0.00150000
vn 1.00000000 -0.00430000 0.00140000
vn 1.00000000 -0.00340000 0.00290000
vn 0.99970000 -0.02240000 -0.00140000
vn 0.73070000 -0.67920000 0.06930000
vn 0.76030000 -0.47810000 0.43970000
vn 1.00000000 0.00650000 -0.00500000
vn 1.00000000 0.00170000 -0.00770000
vn 0.32770000 0.15440000 -0.93210000
vn 1.00000000 -0.00510000 -0.00360000
vn 0.48960000 0.67830000 -0.54790000
vn 0.82690000 0.23110000 -0.51260000
vn -0.00220000 -0.51760000 -0.85560000
vn 0.91360000 -0.17830000 -0.36550000
vn 0.91350000 -0.06680000 -0.40140000
vn -0.00370000 -0.06370000 -0.99800000
vn 0.01420000 -0.17320000 -0.98480000
vn 0.91360000 -0.17830000 -0.36550000
vn -0.00220000 -0.51760000 -0.85560000
vn -0.01610000 -0.86150000 -0.50750000
vn 0.11210000 -0.71640000 -0.68860000
vn 0.01840000 -0.62600000 -0.77960000
vn 0.83650000 -0.47150000 -0.27940000
vn 0.84200000 -0.53480000 -0.07070000
vn 0.01960000 -0.98280000 -0.18350000
vn 0.83650000 -0.47150000 -0.27940000
vn -0.01610000 -0.86150000 -0.50750000
vn 0.00910000 -0.99180000 -0.12710000
vn 0.00910000 -0.99180000 -0.12710000
vn -0.00660000 -0.97700000 0.21320000
vn 0.06590000 -0.97490000 0.21250000
vn 0.84200000 -0.53480000 -0.07070000
vn 0.73070000 -0.67920000 0.06930000
vn 0.52470000 -0.67510000 0.51860000
vn 0.02220000 -0.89900000 0.43750000
vn -0.01260000 -0.77290000 0.63440000
vn 0.06590000 -0.97490000 0.21250000
vn 0.76030000 -0.47810000 0.43970000
vn -0.00660000 -0.97700000 0.21320000
vn -0.00420000 0.08070000 0.99670000
vn 0.88330000 0.03370000 0.46760000
vn 0.53810000 -0.31750000 0.78080000
vn 0.56310000 -0.31650000 0.76340000
vn 0.01100000 -0.41200000 0.91110000
vn 0.01000000 -0.41590000 0.90940000
vn 0.56310000 -0.31650000 0.76340000
vn 0.52470000 -0.67510000 0.51860000
vn -0.01260000 -0.77290000 0.63440000
vn 0.01000000 -0.41590000 0.90940000
vn -0.00420000 0.08070000 0.99670000
vn 0.65640000 -0.31330000 0.68630000
vn 0.01130000 0.17320000 0.98480000
vn 0.82120000 -0.16020000 0.54770000
vn 0.01100000 -0.41200000 0.91110000
vn 0.56370000 0.14560000 0.81310000
vn 0.01960000 -0.98280000 -0.18350000
vn 0.02220000 -0.89900000 0.43750000
vn 0.82320000 -0.54490000 0.15940000
vn 0.00910000 -0.99180000 -0.12710000
vn 0.64630000 -0.68640000 0.33340000
vn 0.48780000 -0.85820000 -0.15940000
vn -0.00660000 -0.97700000 0.21320000
vn -0.00220000 -0.51760000 -0.85560000
vn 0.01840000 -0.62600000 -0.77960000
vn 0.01420000 -0.17320000 -0.98480000
vn 0.53430000 -0.14880000 -0.83210000
vn 0.65840000 -0.47110000 -0.58700000
vn 0.64630000 -0.68640000 0.33340000
vn 0.65640000 -0.31330000 0.68630000
vn -0.01260000 -0.77290000 0.63440000
vn 0.01100000 -0.41200000 0.91110000
vn 0.01000000 -0.41590000 0.90940000
vn 0.02220000 -0.89900000 0.43750000
vn 0.01840000 -0.62600000 -0.77960000
vn 0.65840000 -0.47110000 -0.58700000
vn 0.84890000 -0.40090000 -0.34460000
vn 0.48780000 -0.85820000 -0.15940000
vn -0.01610000 -0.86150000 -0.50750000
vn 0.01960000 -0.98280000 -0.18350000
vn -0.00370000 -0.06370000 -0.99800000
vn 0.01420000 -0.17320000 -0.98480000
vn 0.53430000 -0.14880000 -0.83210000
vn 0.01100000 0.41200000 -0.91110000
vn 0.82350000 0.09790000 -0.55880000
vn 0.59090000 0.33460000 -0.73410000
vn 0.01910000 0.98280000 0.18350000
vn 0.68990000 0.71180000 0.13170000
vn -0.00970000 0.98200000 -0.18840000
vn 0.60420000 0.71670000 -0.34820000
vn 0.02220000 0.89900000 -0.43750000
vn 0.56370000 0.14560000 0.81310000
vn 0.77550000 0.39510000 0.49240000
vn -0.00190000 0.46550000 0.88500000
vn 0.01130000 0.17320000 0.98480000
vn 0.01680000 0.62600000 0.77970000
vn -0.01130000 0.77860000 -0.62740000
vn 0.01180000 0.40940000 -0.91230000
vn 0.59090000 0.33460000 -0.73410000
vn 0.02220000 0.89900000 -0.43750000
vn 0.79650000 0.49310000 -0.34990000
vn 0.60420000 0.71670000 -0.34820000
vn 0.01100000 0.41200000 -0.91110000
vn -0.00040000 0.96180000 0.27370000
vn 0.73690000 0.66050000 0.14390000
vn 0.01680000 0.62600000 0.77970000
vn 0.01910000 0.98280000 0.18350000
vn 0.68920000 0.41910000 0.59100000
vn 0.68990000 0.71180000 0.13170000
vn 0.77550000 0.39510000 0.49240000
vn -0.00690000 0.73830000 0.67440000
vn 0.46210000 0.41650000 0.78290000
vn -0.00420000 0.08070000 0.99670000
vn -0.00190000 0.46550000 0.88500000
vn 0.88330000 0.03370000 0.46760000
vn 0.01130000 0.17320000 0.98480000
vn 0.48050000 0.40930000 0.77570000
vn 0.46210000 0.41650000 0.78290000
vn 0.85680000 0.37680000 0.35210000
vn 0.01680000 0.62600000 0.77970000
vn -0.00690000 0.73830000 0.67440000
vn -0.00190000 0.46550000 0.88500000
vn 0.59630000 0.77280000 0.21720000
vn 0.85680000 0.37680000 0.35210000
vn -0.00690000 0.73830000 0.67440000
vn -0.00040000 0.96180000 0.27370000
vn -0.00970000 0.98200000 -0.18840000
vn 0.01910000 0.98280000 0.18350000
vn 0.59630000 0.77280000 0.21720000
vn 0.86360000 0.49590000 -0.09110000
vn -0.00040000 0.96180000 0.27370000
vn 0.19900000 0.95950000 0.19950000
vn -0.00970000 0.98200000 -0.18840000
vn 0.86360000 0.49590000 -0.09110000
vn 0.48150000 0.68100000 -0.55170000
vn -0.01130000 0.77860000 -0.62740000
vn 0.02220000 0.89900000 -0.43750000
vn 0.48150000 0.68100000 -0.55170000
vn -0.01130000 0.77860000 -0.62740000
vn 0.48960000 0.67830000 -0.54790000
vn 0.82690000 0.23110000 -0.51260000
vn 0.01180000 0.40940000 -0.91230000
vn 0.01180000 0.40940000 -0.91230000
vn 0.82690000 0.23110000 -0.51260000
vn -0.00370000 -0.06370000 -0.99800000
vn 0.32770000 0.15440000 -0.93210000
vn 0.01100000 0.41200000 -0.91110000
vn 0.91350000 -0.06680000 -0.40140000
vn 1.00000000 -0.00140000 -0.00300000
vn 0.82120000 -0.16020000 0.54770000
vn 1.00000000 -0.00020000 -0.00240000
vn 0.56370000 0.14560000 0.81310000
vn 0.68920000 0.41910000 0.59100000
vn 1.00000000 0.00120000 -0.00290000
vn 0.77550000 0.39510000 0.49240000
vn 0.79650000 0.49310000 -0.34990000
vn 1.00000000 -0.00540000 0.00310000
vn 0.82350000 0.09790000 -0.55880000
vn 1.00000000 0.00030000 0.00800000
vn 0.59090000 0.33460000 -0.73410000
vn 1.00000000 -0.00540000 -0.00050000
vn 0.68920000 0.41910000 0.59100000
vn 1.00000000 -0.00140000 -0.00300000
vn 0.73690000 0.66050000 0.14390000
vn 0.84890000 -0.40090000 -0.34460000
vn 1.00000000 0.00030000 0.00800000
vn 1.00000000 0.00360000 0.00440000
vn 1.00000000 0.00250000 0.00420000
vn 0.82350000 0.09790000 -0.55880000
vn 0.65840000 -0.47110000 -0.58700000
vn 0.53430000 -0.14880000 -0.83210000
vn 0.79650000 0.49310000 -0.34990000
vn 1.00000000 -0.00540000 -0.00050000
vn 1.00000000 -0.00400000 0.00070000
vn 1.00000000 -0.00540000 0.00310000
vn 0.68990000 0.71180000 0.13170000
vn 0.60420000 0.71670000 -0.34820000
vn 0.73690000 0.66050000 0.14390000
vn 1.00000000 -0.00400000 0.00070000
vn 1.00000000 -0.00020000 -0.00240000
vn 1.00000000 -0.00540000 -0.00050000
vn 0.31010000 -0.89490000 0.32100000
vn 0.76140000 -0.62180000 -0.18350000
vn 0.60310000 -0.48410000 -0.63400000
vn 1.00000000 -0.00140000 -0.00300000
vn 0.47120000 -0.47820000 -0.74120000
vn 0.60310000 -0.48410000 -0.63400000
vn 1.00000000 0.00110000 -0.00400000
vn 1.00000000 0.00120000 -0.00290000
vn 0.61300000 0.26540000 -0.74410000
vn 1.00000000 -0.00020000 -0.00240000
vn 0.82120000 -0.16020000 0.54770000
vn 0.64630000 -0.68640000 0.33340000
vn 1.00000000 0.00110000 -0.00400000
vn 1.00000000 0.00120000 -0.00290000
vn 1.00000000 0.00410000 -0.00150000
vn 0.82320000 -0.54490000 0.15940000
vn 0.65640000 -0.31330000 0.68630000
vn 0.31010000 -0.89490000 0.32100000
vn 1.00000000 -0.00540000 0.00310000
vn 0.45230000 0.09210000 0.88710000
vn 0.76650000 -0.48230000 0.42400000
vn 1.00000000 0.00250000 0.00420000
vn 1.00000000 -0.00400000 0.00070000
vn 1.00000000 0.00030000 0.00800000
vn 0.61300000 0.26540000 -0.74410000
vn 1.00000000 0.00200000 0.00010000
vn 0.51530000 0.82520000 -0.23130000
vn 0.71590000 0.30210000 -0.62940000
vn 1.00000000 0.00110000 -0.00400000
vn 1.00000000 0.00410000 -0.00150000
vn 1.00000000 0.00180000 0.00060000
vn 0.54820000 0.73090000 0.40660000
vn 1.00000000 0.00200000 0.00010000
vn 0.75220000 0.65580000 0.06410000
vn 0.51530000 0.82520000 -0.23130000
vn 0.84890000 -0.40090000 -0.34460000
vn 0.82320000 -0.54490000 0.15940000
vn 1.00000000 0.00360000 0.00440000
vn 1.00000000 0.00180000 0.00060000
vn 1.00000000 0.00410000 -0.00150000
vn 1.00000000 0.00200000 0.00010000
vn 0.48780000 -0.85820000 -0.15940000
vn 1.00000000 0.00250000 0.00420000
vn 0.54820000 0.73090000 0.40660000
vn 0.72600000 0.24180000 0.64380000
vn 0.45230000 0.09210000 0.88710000
vn 1.00000000 0.00180000 0.00060000
vn 1.00000000 0.00360000 0.00440000
vn 0.75220000 0.65580000 0.06410000
vn 0.02850000 0.80240000 0.59610000
vn -0.03380000 0.99460000 0.09850000
vn 0.54820000 0.73090000 0.40660000
vn 0.72600000 0.24180000 0.64380000
vn -0.02980000 0.35260000 0.93530000
vn -0.02980000 0.35260000 0.93530000
vn 0.72600000 0.24180000 0.64380000
vn -0.03780000 -0.74620000 0.66470000
vn 0.45230000 0.09210000 0.88710000
vn 0.76650000 -0.48230000 0.42400000
vn 0.04030000 -0.26870000 0.96240000
vn -0.03780000 -0.74620000 0.66470000
vn 0.76140000 -0.62180000 -0.18350000
vn 0.76650000 -0.48230000 0.42400000
vn 0.31010000 -0.89490000 0.32100000
vn 0.03190000 -0.99470000 -0.09780000
vn 0.00250000 -0.96110000 -0.27610000
vn 0.47120000 -0.47820000 -0.74120000
vn 0.76140000 -0.62180000 -0.18350000
vn -0.01090000 -0.54420000 -0.83890000
vn 0.00250000 -0.96110000 -0.27610000
vn 0.01890000 -0.33750000 -0.94120000
vn 0.60310000 -0.48410000 -0.63400000
vn -0.01970000 0.44420000 -0.89570000
vn 0.71590000 0.30210000 -0.62940000
vn 0.61300000 0.26540000 -0.74410000
vn 0.47120000 -0.47820000 -0.74120000
vn -0.01090000 -0.54420000 -0.83890000
vn 0.71590000 0.30210000 -0.62940000
vn -0.03380000 0.99460000 0.09850000
vn -0.01010000 0.49380000 -0.86950000
vn 0.75220000 0.65580000 0.06410000
vn -0.01970000 0.44420000 -0.89570000
vn 0.02110000 0.90130000 -0.43280000
vn 0.51530000 0.82520000 -0.23130000
vn 0.03190000 -0.99470000 -0.09780000
vn 0.84390000 -0.18410000 -0.50390000
vn -0.01090000 -0.54420000 -0.83890000
vn 0.01890000 -0.33750000 -0.94120000
vn 0.81930000 -0.56940000 -0.06640000
vn 0.00250000 -0.96110000 -0.27610000
vn -0.01970000 0.44420000 -0.89570000
vn 0.85930000 0.23150000 -0.45600000
vn -0.01010000 0.49380000 -0.86950000
vn 0.01890000 -0.33750000 -0.94120000
vn 0.84390000 -0.18410000 -0.50390000
vn 0.85550000 0.47720000 -0.20100000
vn -0.01010000 0.49380000 -0.86950000
vn 0.85930000 0.23150000 -0.45600000
vn 0.02110000 0.90130000 -0.43280000
vn -0.03380000 0.99460000 0.09850000
vn 0.85550000 0.47720000 -0.20100000
vn 0.02850000 0.80240000 0.59610000
vn 0.83090000 0.44680000 0.33160000
vn 0.02110000 0.90130000 -0.43280000
vn 0.83090000 0.44680000 0.33160000
vn 0.82210000 -0.14190000 0.55140000
vn 0.02850000 0.80240000 0.59610000
vn 0.04030000 -0.26870000 0.96240000
vn -0.02980000 0.35260000 0.93530000
vn 0.82210000 -0.14190000 0.55140000
vn -0.03780000 -0.74620000 0.66470000
vn 0.81930000 -0.56940000 -0.06640000
vn 0.04030000 -0.26870000 0.96240000
vn 0.03190000 -0.99470000 -0.09780000
vn 0.85930000 0.23150000 -0.45600000
vn 0.81930000 -0.56940000 -0.06640000
vn 0.82210000 -0.14190000 0.55140000
vn 0.83090000 0.44680000 0.33160000
vn 0.85550000 0.47720000 -0.20100000
vn 0.84390000 -0.18410000 -0.50390000
vn -1.00000000 -0.00000000 -0.00000000
vn -0.06590000 -0.15220000 0.98610000
vn 0.02410000 -0.60880000 0.79300000
vn -0.07040000 -0.07150000 -0.99500000
vn -1.00000000 -0.00000000 -0.00000000
vn 0.06520000 0.06920000 -0.99550000
vn 0.00710000 0.39870000 -0.91710000
vn -0.04180000 0.42630000 -0.90360000
vn -1.00000000 -0.00000000 -0.00000000
vn 0.09120000 -0.98680000 -0.13350000
vn -0.08500000 -0.98840000 0.12620000
vn -0.06690000 -0.94710000 -0.31400000
vn -1.00000000 -0.00000000 -0.00000000
vn -0.04800000 0.35120000 0.93510000
vn -0.07810000 0.71720000 0.69250000
vn 0.06310000 0.42890000 0.90120000
vn -1.00000000 -0.00000000 -0.00000000
vn -0.07810000 0.71720000 0.69250000
vn 0.08930000 0.83760000 0.53890000
vn -0.06300000 0.91950000 0.38790000
vn -1.00000000 -0.00000000 -0.00000000
vn 0.05680000 0.96540000 -0.25460000
vn -0.10660000 0.98830000 -0.10910000
vn -0.02680000 0.76600000 -0.64230000
vn -0.00390000 0.77520000 -0.63170000
vn -0.02060000 -0.44170000 -0.89690000
vn 0.07330000 -0.37580000 -0.92380000
vn -0.07040000 -0.07150000 -0.99500000
vn -1.00000000 -0.00000000 -0.00000000
vn 0.07220000 -0.06250000 0.99540000
vn -0.04800000 0.35120000 0.93510000
vn -0.06590000 -0.15220000 0.98610000
vn -1.00000000 -0.00000000 -0.00000000
vn -0.03650000 -0.76490000 -0.64320000
vn -0.06690000 -0.94710000 -0.31400000
vn -1.00000000 -0.00000000 -0.00000000
vn 0.07670000 -0.81840000 -0.56940000
vn -0.02060000 -0.44170000 -0.89690000
vn -1.00000000 -0.00000000 -0.00000000
vn -0.03650000 -0.76490000 -0.64320000
vn -0.02680000 0.76600000 -0.64230000
vn 0.00710000 0.39870000 -0.91710000
vn -1.00000000 -0.00000000 -0.00000000
vn 0.07160000 0.99140000 0.10960000
vn -0.06300000 0.91950000 0.38790000
vn -1.00000000 -0.00000000 -0.00000000
vn -0.10660000 0.98830000 -0.10910000
vn 0.04670000 -0.61900000 0.78400000
vn 0.02410000 -0.60880000 0.79300000
vn -0.05020000 -0.87230000 0.48640000
vn -1.00000000 -0.00000000 -0.00000000
vn 0.08550000 -0.93000000 0.35750000
vn -0.08500000 -0.98840000 0.12620000
vn -1.00000000 -0.00000000 -0.00000000
vn -0.05020000 -0.87230000 0.48640000
vn -0.08500000 -0.98840000 0.12620000
vn 1.00000000 -0.00430000 0.00140000
vn 1.00000000 -0.00440000 0.00170000
vn 1.00000000 -0.00560000 -0.00080000
vn 0.09120000 -0.98680000 -0.13350000
vn 0.08550000 -0.93000000 0.35750000
vn 0.07330000 -0.37580000 -0.92380000
vn 1.00000000 -0.00110000 -0.00270000
vn 1.00000000 -0.00050000 -0.00380000
vn 0.07670000 -0.81840000 -0.56940000
vn 1.00000000 -0.00450000 -0.00310000
vn -0.03650000 -0.76490000 -0.64320000
vn -0.02060000 -0.44170000 -0.89690000
vn 0.02410000 -0.60880000 0.79300000
vn 0.07220000 -0.06250000 0.99540000
vn 1.00000000 -0.00030000 0.00480000
vn 0.99990000 -0.00860000 0.01090000
vn 0.99980000 0.01220000 0.01260000
vn 0.04670000 -0.61900000 0.78400000
vn -0.06590000 -0.15220000 0.98610000
vn 1.00000000 0.00050000 -0.00680000
vn 1.00000000 -0.00110000 -0.00270000
vn 0.06520000 0.06920000 -0.99550000
vn -0.07040000 -0.07150000 -0.99500000
vn 0.07330000 -0.37580000 -0.92380000
vn 1.00000000 -0.00460000 -0.00300000
vn -0.06690000 -0.94710000 -0.31400000
vn 1.00000000 -0.00560000 -0.00080000
vn 0.09120000 -0.98680000 -0.13350000
vn 1.00000000 -0.00450000 -0.00310000
vn 0.07670000 -0.81840000 -0.56940000
vn -0.05020000 -0.87230000 0.48640000
vn 0.04670000 -0.61900000 0.78400000
vn 1.00000000 -0.00440000 0.00170000
vn 0.99990000 -0.01510000 -0.00840000
vn 0.99990000 -0.00860000 0.01090000
vn 0.08550000 -0.93000000 0.35750000
vn 0.07220000 -0.06250000 0.99540000
vn 0.06310000 0.42890000 0.90120000
vn 1.00000000 0.00350000 0.00730000
vn -0.04800000 0.35120000 0.93510000
vn 1.00000000 -0.00340000 0.00680000
vn 1.00000000 -0.00030000 0.00480000
vn 1.00000000 0.00810000 -0.00210000
vn 1.00000000 0.00430000 0.00050000
vn 1.00000000 0.00630000 0.00440000
vn 0.07160000 0.99140000 0.10960000
vn -0.10660000 0.98830000 -0.10910000
vn 0.05680000 0.96540000 -0.25460000
vn -0.04180000 0.42630000 -0.90360000
vn 1.00000000 0.00050000 -0.00680000
vn 1.00000000 0.00320000 -0.00680000
vn 0.06520000 0.06920000 -0.99550000
vn 1.00000000 0.00550000 -0.00450000
vn -0.00390000 0.77520000 -0.63170000
vn 1.00000000 0.00810000 -0.00210000
vn 1.00000000 0.00560000 -0.00670000
vn 0.05680000 0.96540000 -0.25460000
vn 1.00000000 0.00430000 0.00050000
vn -0.06300000 0.91950000 0.38790000
vn 0.08930000 0.83760000 0.53890000
vn 0.07160000 0.99140000 0.10960000
vn 1.00000000 0.00360000 0.00240000
vn -0.04180000 0.42630000 -0.90360000
vn -0.00390000 0.77520000 -0.63170000
vn 1.00000000 0.00550000 -0.00450000
vn 1.00000000 0.00320000 -0.00680000
vn -0.02680000 0.76600000 -0.64230000
vn 0.00710000 0.39870000 -0.91710000
vn 1.00000000 0.00350000 0.00730000
vn 0.08930000 0.83760000 0.53890000
vn 1.00000000 0.00710000 0.00160000
vn -0.07810000 0.71720000 0.69250000
vn 0.06310000 0.42890000 0.90120000
vn 1.00000000 0.00360000 0.00240000
vn 0.73070000 -0.67920000 0.06930000
vn 0.83650000 -0.47150000 -0.27940000
vn 0.84200000 -0.53480000 -0.07070000
vn 1.00000000 -0.00050000 -0.00380000
vn 0.06590000 -0.97490000 0.21250000
vn 1.00000000 -0.00450000 -0.00310000
vn 0.11210000 -0.71640000 -0.68860000
vn 1.00000000 -0.00430000 0.00140000
vn 1.00000000 -0.00560000 -0.00080000
vn 1.00000000 -0.00050000 -0.00380000
vn 0.32740000 0.15450000 -0.93220000
vn 1.00000000 -0.00110000 -0.00270000
vn 1.00000000 -0.00460000 -0.00300000
vn 0.91360000 -0.17830000 -0.36550000
vn 0.91350000 -0.06680000 -0.40140000
vn 0.11210000 -0.71640000 -0.68860000
vn 0.87770000 0.45930000 0.13630000
vn 0.70150000 0.71110000 -0.04730000
vn 1.00000000 0.00360000 0.00240000
vn 1.00000000 0.00630000 0.00440000
vn 0.54870000 0.83070000 -0.09420000
vn 1.00000000 0.00430000 0.00050000
vn 0.46340000 0.64750000 0.60500000
vn 1.00000000 0.00710000 0.00160000
vn 0.42000000 0.66820000 0.61410000
vn 0.80670000 0.28160000 0.51960000
vn 1.00000000 -0.00340000 0.00680000
vn 1.00000000 0.00350000 0.00730000
vn 1.00000000 0.00710000 0.00160000
vn 0.60480000 0.10870000 0.78890000
vn 0.46340000 0.64750000 0.60500000
vn 0.76520000 -0.29380000 0.57290000
vn 1.00000000 -0.00030000 0.00480000
vn 1.00000000 -0.00340000 0.00680000
vn 0.74430000 0.05040000 0.66590000
vn 0.99980000 0.01220000 0.01260000
vn 0.60480000 0.10870000 0.78890000
vn 1.00000000 0.00630000 0.00440000
vn 0.54870000 0.83070000 -0.09420000
vn 0.56580000 0.61510000 -0.54910000
vn 1.00000000 0.00810000 -0.00210000
vn 1.00000000 0.00560000 -0.00670000
vn 0.72450000 0.54020000 -0.42800000
vn 0.76520000 -0.29380000 0.57290000
vn 0.99990000 -0.00860000 0.01090000
vn 0.52470000 -0.67510000 0.51860000
vn 0.99980000 0.01220000 0.01260000
vn 0.76030000 -0.47810000 0.43970000
vn 0.99990000 -0.01510000 -0.00840000
vn 0.56300000 -0.31650000 0.76340000
vn 0.82730000 0.23090000 -0.51200000
vn 0.56580000 0.61510000 -0.54910000
vn 0.32740000 0.15450000 -0.93220000
vn 1.00000000 0.00560000 -0.00670000
vn 1.00000000 0.00550000 -0.00450000
vn 1.00000000 -0.00460000 -0.00300000
vn 1.00000000 0.00050000 -0.00680000
vn 1.00000000 0.00320000 -0.00680000
vn 0.73070000 -0.67920000 0.06930000
vn 1.00000000 -0.00430000 0.00140000
vn 0.99990000 -0.01510000 -0.00840000
vn 0.76030000 -0.47810000 0.43970000
vn 1.00000000 -0.00440000 0.00170000
vn -0.00370000 -0.06370000 -0.99800000
vn 0.91350000 -0.06680000 -0.40140000
vn -0.00220000 -0.51760000 -0.85560000
vn 0.01420000 -0.17320000 -0.98480000
vn 0.91360000 -0.17830000 -0.36550000
vn -0.00220000 -0.51760000 -0.85560000
vn -0.01610000 -0.86150000 -0.50750000
vn 0.11210000 -0.71640000 -0.68860000
vn 0.91360000 -0.17830000 -0.36550000
vn 0.83650000 -0.47150000 -0.27940000
vn 0.01840000 -0.62600000 -0.77960000
vn 0.84200000 -0.53480000 -0.07070000
vn 0.83650000 -0.47150000 -0.27940000
vn 0.00910000 -0.99180000 -0.12710000
vn 0.01960000 -0.98280000 -0.18350000
vn -0.01610000 -0.86150000 -0.50750000
vn 0.06590000 -0.97490000 0.21250000
vn 0.84200000 -0.53480000 -0.07070000
vn 0.00910000 -0.99180000 -0.12710000
vn -0.00660000 -0.97700000 0.21320000
vn 0.52470000 -0.67510000 0.51860000
vn -0.00660000 -0.97700000 0.21320000
vn 0.06590000 -0.97490000 0.21250000
vn 0.76030000 -0.47810000 0.43970000
vn 0.73070000 -0.67920000 0.06930000
vn 0.02220000 -0.89900000 0.43750000
vn -0.01260000 -0.77290000 0.63440000
vn 0.01100000 -0.41200000 0.91110000
vn 0.74430000 0.05040000 0.66590000
vn 0.56300000 -0.31650000 0.76340000
vn 0.76520000 -0.29380000 0.57290000
vn -0.00420000 0.08070000 0.99670000
vn 0.01000000 -0.41590000 0.90940000
vn 0.52470000 -0.67510000 0.51860000
vn -0.01260000 -0.77290000 0.63440000
vn 0.01000000 -0.41590000 0.90940000
vn 0.56300000 -0.31650000 0.76340000
vn 0.01100000 -0.41200000 0.91110000
vn 0.01130000 0.17320000 0.98480000
vn 0.57560000 -0.33900000 0.74410000
vn 0.73110000 0.12140000 0.67140000
vn -0.00420000 0.08070000 0.99670000
vn 0.00910000 -0.99180000 -0.12710000
vn -0.00660000 -0.97700000 0.21320000
vn 0.74860000 -0.65200000 -0.12050000
vn 0.47290000 -0.79250000 0.38520000
vn 0.01960000 -0.98280000 -0.18350000
vn 0.02220000 -0.89900000 0.43750000
vn 0.01840000 -0.62600000 -0.77960000
vn 0.56370000 -0.14560000 -0.81310000
vn 0.77550000 -0.39510000 -0.49240000
vn 0.01420000 -0.17320000 -0.98480000
vn -0.00220000 -0.51760000 -0.85560000
vn -0.01260000 -0.77290000 0.63440000
vn 0.57560000 -0.33900000 0.74410000
vn 0.01100000 -0.41200000 0.91110000
vn 0.01000000 -0.41590000 0.90940000
vn 0.47290000 -0.79250000 0.38520000
vn 0.85160000 -0.34170000 0.39760000
vn 0.02220000 -0.89900000 0.43750000
vn 0.74860000 -0.65200000 -0.12050000
vn 0.73380000 -0.66920000 -0.11690000
vn -0.01610000 -0.86150000 -0.50750000
vn 0.01840000 -0.62600000 -0.77960000
vn 0.77550000 -0.39510000 -0.49240000
vn 0.68920000 -0.41910000 -0.59100000
vn 0.01960000 -0.98280000 -0.18350000
vn -0.00370000 -0.06370000 -0.99800000
vn 0.56370000 -0.14560000 -0.81310000
vn 0.01420000 -0.17320000 -0.98480000
vn 0.01100000 0.41200000 -0.91110000
vn 0.65640000 0.31330000 -0.68630000
vn 0.82120000 0.16020000 -0.54770000
vn 0.48780000 0.85830000 0.15940000
vn 0.82320000 0.54490000 -0.15940000
vn 0.64630000 0.68640000 -0.33340000
vn 0.02270000 0.89900000 -0.43750000
vn -0.00900000 0.99570000 -0.09250000
vn 0.02040000 0.98280000 0.18350000
vn -0.01280000 0.79770000 -0.60290000
vn 0.54870000 0.83070000 -0.09420000
vn 0.72450000 0.54020000 -0.42800000
vn 0.02270000 0.89900000 -0.43750000
vn 0.70150000 0.71110000 -0.04730000
vn -0.00900000 0.99570000 -0.09250000
vn 0.60060000 0.50050000 0.62350000
vn 0.73110000 0.12140000 0.67140000
vn 0.01680000 0.62600000 0.77970000
vn 0.01130000 0.17320000 0.98480000
vn -0.00190000 0.46550000 0.88500000
vn 0.76660000 0.13670000 0.62750000
vn 0.01100000 0.41200000 -0.91110000
vn 0.64630000 0.68640000 -0.33340000
vn 0.01180000 0.40940000 -0.91230000
vn -0.01280000 0.79770000 -0.60290000
vn 0.02270000 0.89900000 -0.43750000
vn 0.65640000 0.31330000 -0.68630000
vn 0.02040000 0.98280000 0.18350000
vn -0.00080000 0.95500000 0.29650000
vn -0.00690000 0.73830000 0.67440000
vn 0.01680000 0.62600000 0.77970000
vn 0.60060000 0.50050000 0.62350000
vn 0.48780000 0.85830000 0.15940000
vn 0.82240000 0.46390000 0.32920000
vn -0.00420000 0.08070000 0.99670000
vn 0.74430000 0.05040000 0.66590000
vn -0.00190000 0.46550000 0.88500000
vn 0.01130000 0.17320000 0.98480000
vn 0.80670000 0.28160000 0.51960000
vn 0.60480000 0.10870000 0.78890000
vn -0.00190000 0.46550000 0.88500000
vn 0.42000000 0.66820000 0.61410000
vn 0.80670000 0.28160000 0.51960000
vn -0.00690000 0.73830000 0.67440000
vn 0.01680000 0.62600000 0.77970000
vn -0.00080000 0.95500000 0.29650000
vn 0.42000000 0.66820000 0.61410000
vn -0.00690000 0.73830000 0.67440000
vn 0.87770000 0.45930000 0.13630000
vn 0.46340000 0.64750000 0.60500000
vn -0.00900000 0.99570000 -0.09250000
vn 0.02040000 0.98280000 0.18350000
vn 0.87770000 0.45930000 0.13630000
vn -0.00080000 0.95500000 0.29650000
vn 0.70150000 0.71110000 -0.04730000
vn 0.01180000 0.40940000 -0.91230000
vn 0.82730000 0.23090000 -0.51200000
vn 0.72450000 0.54020000 -0.42800000
vn -0.01280000 0.79770000 -0.60290000
vn 0.56580000 0.61510000 -0.54910000
vn 0.82730000 0.23090000 -0.51200000
vn 0.32740000 0.15450000 -0.93220000
vn -0.00370000 -0.06370000 -0.99800000
vn 0.01100000 0.41200000 -0.91110000
vn 0.01180000 0.40940000 -0.91230000
vn 0.91350000 -0.06680000 -0.40140000
vn 0.82320000 0.54490000 -0.15940000
vn 0.64630000 0.68640000 -0.33340000
vn 1.00000000 -0.00270000 0.00790000
vn 0.65640000 0.31330000 -0.68630000
vn 1.00000000 -0.00360000 0.00140000
vn 0.82120000 0.16020000 -0.54770000
vn 1.00000000 -0.00400000 0.00140000
vn 0.85160000 -0.34170000 0.39760000
vn 1.00000000 0.00440000 -0.00370000
vn 1.00000000 0.00010000 -0.00200000
vn 0.73110000 0.12140000 0.67140000
vn 1.00000000 0.00060000 -0.00180000
vn 1.00000000 0.00020000 -0.00180000
vn 0.57560000 -0.33900000 0.74410000
vn 0.76660000 0.13670000 0.62750000
vn 1.00000000 0.00020000 -0.00180000
vn 1.00000000 -0.00240000 -0.00090000
vn 0.60060000 0.50050000 0.62350000
vn 0.82240000 0.46390000 0.32920000
vn 0.76660000 0.13670000 0.62750000
vn 1.00000000 0.00310000 0.00540000
vn 1.00000000 0.00070000 0.00400000
vn 0.82120000 0.16020000 -0.54770000
vn 0.68920000 -0.41910000 -0.59100000
vn 0.56370000 -0.14560000 -0.81310000
vn 1.00000000 -0.00270000 0.00790000
vn 0.77550000 -0.39510000 -0.49240000
vn 0.82240000 0.46390000 0.32920000
vn 0.48780000 0.85830000 0.15940000
vn 1.00000000 -0.00240000 -0.00090000
vn 0.82320000 0.54490000 -0.15940000
vn 1.00000000 -0.00210000 -0.00040000
vn 1.00000000 -0.00360000 0.00140000
vn 1.00000000 0.00020000 -0.00180000
vn 1.00000000 0.00010000 -0.00200000
vn 1.00000000 -0.00240000 -0.00090000
vn 0.76700000 -0.39460000 -0.50600000
vn 0.52380000 -0.22990000 -0.82020000
vn 1.00000000 -0.00210000 -0.00040000
vn 0.48020000 -0.82610000 -0.29480000
vn 0.48020000 -0.82610000 -0.29480000
vn 1.00000000 -0.00360000 0.00140000
vn 0.75480000 -0.64830000 0.10020000
vn 0.43250000 -0.71640000 0.54740000
vn 1.00000000 -0.00210000 -0.00040000
vn 1.00000000 -0.00400000 0.00140000
vn 0.60500000 0.38700000 -0.69580000
vn 1.00000000 0.00010000 -0.00200000
vn 1.00000000 0.00060000 -0.00180000
vn 0.70900000 0.24580000 -0.66100000
vn 0.52380000 -0.22990000 -0.82020000
vn 1.00000000 0.00420000 -0.00250000
vn 0.60500000 0.38700000 -0.69580000
vn 0.46940000 0.87820000 -0.09120000
vn 1.00000000 0.00440000 -0.00370000
vn 1.00000000 0.00060000 -0.00180000
vn 0.68800000 0.69430000 -0.21140000
vn 0.31010000 0.32110000 0.89490000
vn 1.00000000 -0.00400000 0.00140000
vn 1.00000000 0.00070000 0.00400000
vn 0.43250000 -0.71640000 0.54740000
vn 1.00000000 -0.00270000 0.00790000
vn 0.78280000 -0.22510000 0.58010000
vn 1.00000000 0.00800000 -0.00020000
vn 1.00000000 0.00440000 -0.00370000
vn 1.00000000 0.00420000 -0.00250000
vn 0.85160000 -0.34170000 0.39760000
vn 0.73380000 -0.66920000 -0.11690000
vn 0.74860000 -0.65200000 -0.12050000
vn 0.47290000 -0.79250000 0.38520000
vn 0.75780000 0.42340000 0.49650000
vn 1.00000000 0.00420000 -0.00250000
vn 0.46940000 0.87820000 -0.09120000
vn 0.31010000 0.32110000 0.89490000
vn 1.00000000 0.00800000 -0.00020000
vn 1.00000000 0.00070000 0.00400000
vn 1.00000000 0.00310000 0.00540000
vn 0.68920000 -0.41910000 -0.59100000
vn 0.73380000 -0.66920000 -0.11690000
vn 1.00000000 0.00800000 -0.00020000
vn 1.00000000 0.00310000 0.00540000
vn 0.75780000 0.42340000 0.49650000
vn -0.02020000 0.96140000 -0.27430000
vn 0.01880000 0.80260000 0.59630000
vn 0.46940000 0.87820000 -0.09120000
vn -0.01770000 0.66070000 0.75040000
vn 0.68800000 0.69430000 -0.21140000
vn 0.31010000 0.32110000 0.89490000
vn 0.78280000 -0.22510000 0.58010000
vn 0.01950000 -0.26920000 0.96290000
vn -0.00040000 -0.36180000 0.93220000
vn 0.75780000 0.42340000 0.49650000
vn -0.01770000 0.66070000 0.75040000
vn 0.75480000 -0.64830000 0.10020000
vn 0.43250000 -0.71640000 0.54740000
vn -0.00040000 -0.36180000 0.93220000
vn 0.78280000 -0.22510000 0.58010000
vn -0.01440000 -0.98820000 0.15270000
vn -0.02330000 -0.62230000 -0.78240000
vn 0.76700000 -0.39460000 -0.50600000
vn 0.75480000 -0.64830000 0.10020000
vn 0.48020000 -0.82610000 -0.29480000
vn -0.01440000 -0.98820000 0.15270000
vn 0.03100000 -0.99470000 -0.09820000
vn -0.02330000 -0.62230000 -0.78240000
vn 0.70900000 0.24580000 -0.66100000
vn -0.01520000 0.35380000 -0.93520000
vn 0.76700000 -0.39460000 -0.50600000
vn 0.52380000 -0.22990000 -0.82020000
vn 0.01890000 -0.33710000 -0.94130000
vn 0.00490000 0.90090000 -0.43390000
vn -0.01520000 0.35380000 -0.93520000
vn -0.02020000 0.96140000 -0.27430000
vn 0.60500000 0.38700000 -0.69580000
vn 0.68800000 0.69430000 -0.21140000
vn 0.70900000 0.24580000 -0.66100000
vn 0.00370000 0.49300000 -0.87000000
vn 0.03100000 -0.99470000 -0.09820000
vn 0.84400000 -0.18430000 -0.50370000
vn -0.02330000 -0.62230000 -0.78240000
vn 0.81910000 -0.56970000 -0.06690000
vn 0.01890000 -0.33710000 -0.94130000
vn 0.01890000 -0.33710000 -0.94130000
vn 0.85950000 0.23130000 -0.45580000
vn 0.00370000 0.49300000 -0.87000000
vn -0.01520000 0.35380000 -0.93520000
vn 0.84400000 -0.18430000 -0.50370000
vn 0.00370000 0.49300000 -0.87000000
vn 0.85950000 0.23130000 -0.45580000
vn 0.85550000 0.47700000 -0.20160000
vn 0.00490000 0.90090000 -0.43390000
vn 0.83090000 0.44690000 0.33160000
vn 0.85550000 0.47700000 -0.20160000
vn 0.01880000 0.80260000 0.59630000
vn 0.00490000 0.90090000 -0.43390000
vn -0.02020000 0.96140000 -0.27430000
vn 0.01880000 0.80260000 0.59630000
vn 0.83090000 0.44690000 0.33160000
vn -0.01770000 0.66070000 0.75040000
vn 0.01950000 -0.26920000 0.96290000
vn 0.82200000 -0.14200000 0.55160000
vn 0.82200000 -0.14200000 0.55160000
vn 0.03100000 -0.99470000 -0.09820000
vn -0.00040000 -0.36180000 0.93220000
vn 0.01950000 -0.26920000 0.96290000
vn 0.81910000 -0.56970000 -0.06690000
vn -0.01440000 -0.98820000 0.15270000
vn 0.85550000 0.47700000 -0.20160000
vn 0.84400000 -0.18430000 -0.50370000
vn 0.81910000 -0.56970000 -0.06690000
vn 0.85950000 0.23130000 -0.45580000
vn 0.82200000 -0.14200000 0.55160000
vn 0.83090000 0.44690000 0.33160000
vn 0.09010000 -0.49910000 0.86180000
vn -1.00000000 -0.00000000 -0.00000000
vn -0.07690000 -0.13000000 0.98850000
vn -0.09440000 -0.61760000 0.78080000
vn -0.04530000 0.45740000 0.88810000
vn -1.00000000 -0.00000000 -0.00000000
vn 0.04810000 -0.04680000 0.99770000
vn -0.07690000 -0.13000000 0.98850000
vn -0.18020000 0.51360000 -0.83890000
vn -1.00000000 -0.00000000 -0.00000000
vn 0.11350000 0.27570000 -0.95450000
vn -0.06980000 -0.09720000 -0.99280000
vn -0.07750000 -0.10190000 -0.99180000
vn -1.00000000 -0.00000000 -0.00000000
vn -0.06230000 -0.99660000 0.05470000
vn 0.03560000 -0.90380000 0.42640000
vn -0.05870000 0.99620000 0.06500000
vn -0.09550000 0.91780000 -0.38550000
vn 0.05350000 0.96830000 -0.24410000
vn -1.00000000 -0.00000000 -0.00000000
vn -1.00000000 -0.00000000 -0.00000000
vn -0.07920000 -0.90970000 -0.40770000
vn -0.06230000 -0.99660000 0.05470000
vn 0.09070000 -0.99270000 -0.07970000
vn -0.02250000 0.84530000 0.53380000
vn 0.02940000 0.49620000 0.86770000
vn -0.04530000 0.45740000 0.88810000
vn -1.00000000 -0.00000000 -0.00000000
vn -0.09550000 0.91780000 -0.38550000
vn -1.00000000 -0.00000000 -0.00000000
vn 0.14220000 0.74600000 -0.65060000
vn -0.18020000 0.51360000 -0.83890000
vn -0.02250000 0.84530000 0.53380000
vn -0.05870000 0.99620000 0.06500000
vn 0.04130000 0.98740000 0.15270000
vn -1.00000000 -0.00000000 -0.00000000
vn -0.01820000 0.84680000 0.53160000
vn -0.06980000 -0.09720000 -0.99280000
vn -1.00000000 -0.00000000 -0.00000000
vn 0.08700000 -0.48000000 -0.87300000
vn -0.09990000 -0.61950000 -0.77870000
vn 0.08360000 -0.83660000 -0.54140000
vn -1.00000000 -0.00000000 -0.00000000
vn -0.09990000 -0.61950000 -0.77870000
vn -0.07920000 -0.90970000 -0.40770000
vn 0.03560000 -0.90380000 0.42640000
vn 0.06290000 -0.89500000 0.44160000
vn -1.00000000 -0.00000000 -0.00000000
vn -0.09440000 -0.61760000 0.78080000
vn 0.03560000 -0.90380000 0.42640000
vn 1.00000000 -0.00520000 -0.00040000
vn -0.06230000 -0.99660000 0.05470000
vn 0.06290000 -0.89500000 0.44160000
vn 1.00000000 -0.00500000 0.00240000
vn 0.09070000 -0.99270000 -0.07970000
vn 0.99990000 0.01340000 0.01060000
vn 0.09010000 -0.49910000 0.86180000
vn 1.00000000 -0.00020000 0.00480000
vn 0.99990000 -0.00680000 0.01170000
vn 0.04810000 -0.04680000 0.99770000
vn -0.07690000 -0.13000000 0.98850000
vn 1.00000000 -0.00520000 -0.00040000
vn 1.00000000 -0.00570000 -0.00370000
vn 1.00000000 -0.00620000 0.00040000
vn 0.09070000 -0.99270000 -0.07970000
vn -0.07920000 -0.90970000 -0.40770000
vn 0.08360000 -0.83660000 -0.54140000
vn 1.00000000 -0.00390000 -0.00700000
vn 0.08700000 -0.48000000 -0.87300000
vn -0.07750000 -0.10190000 -0.99180000
vn -0.06980000 -0.09720000 -0.99280000
vn 1.00000000 -0.00080000 -0.00740000
vn -0.04530000 0.45740000 0.88810000
vn 0.04810000 -0.04680000 0.99770000
vn 1.00000000 0.00380000 0.00660000
vn 1.00000000 -0.00270000 0.00660000
vn 0.02940000 0.49620000 0.86770000
vn 1.00000000 -0.00020000 0.00480000
vn 1.00000000 -0.00500000 0.00240000
vn -0.09440000 -0.61760000 0.78080000
vn 0.99990000 -0.00680000 0.01170000
vn 0.06290000 -0.89500000 0.44160000
vn 0.99990000 -0.01560000 -0.00120000
vn 0.09010000 -0.49910000 0.86180000
vn 0.08360000 -0.83660000 -0.54140000
vn 0.08700000 -0.48000000 -0.87300000
vn 1.00000000 -0.00570000 -0.00370000
vn 1.00000000 -0.00580000 -0.00360000
vn 1.00000000 -0.00390000 -0.00700000
vn -0.09990000 -0.61950000 -0.77870000
vn 0.05350000 0.96830000 -0.24410000
vn 1.00000000 0.00480000 0.00070000
vn -0.05870000 0.99620000 0.06500000
vn 1.00000000 0.00370000 -0.00090000
vn 0.04130000 0.98740000 0.15270000
vn 1.00000000 0.00390000 -0.00140000
vn 0.14220000 0.74600000 -0.65060000
vn -0.09550000 0.91780000 -0.38550000
vn 0.05350000 0.96830000 -0.24410000
vn 1.00000000 0.00320000 -0.00280000
vn 1.00000000 0.00370000 -0.00090000
vn -0.07750000 -0.10190000 -0.99180000
vn 1.00000000 0.00160000 -0.00540000
vn 1.00000000 -0.00080000 -0.00740000
vn 0.11350000 0.27570000 -0.95450000
vn 1.00000000 0.00250000 -0.00550000
vn 1.00000000 0.00400000 0.00250000
vn 0.04130000 0.98740000 0.15270000
vn -0.01820000 0.84680000 0.53160000
vn 1.00000000 0.00480000 0.00070000
vn 0.14220000 0.74600000 -0.65060000
vn 0.11350000 0.27570000 -0.95450000
vn 1.00000000 0.00370000 -0.00270000
vn 1.00000000 0.00160000 -0.00540000
vn -0.18020000 0.51360000 -0.83890000
vn 1.00000000 0.00320000 -0.00280000
vn 0.02940000 0.49620000 0.86770000
vn 1.00000000 0.00600000 0.00190000
vn -0.01820000 0.84680000 0.53160000
vn -0.02250000 0.84530000 0.53380000
vn 1.00000000 0.00400000 0.00250000
vn 1.00000000 0.00380000 0.00660000
vn 1.00000000 -0.00620000 0.00040000
vn 1.00000000 -0.00520000 -0.00040000
vn 0.54050000 -0.66510000 0.51530000
vn 0.87440000 -0.47480000 0.10010000
vn 0.99990000 -0.01560000 -0.00120000
vn 0.42700000 -0.88790000 -0.17120000
vn 0.70180000 -0.70840000 -0.07530000
vn 1.00000000 -0.00500000 0.00240000
vn 0.59340000 -0.10170000 -0.79850000
vn 1.00000000 -0.00080000 -0.00740000
vn 0.81880000 -0.29700000 -0.49130000
vn 1.00000000 -0.00580000 -0.00360000
vn 1.00000000 -0.00390000 -0.00700000
vn 0.45430000 -0.60630000 -0.65270000
vn 1.00000000 0.00250000 -0.00550000
vn 0.80720000 -0.49980000 -0.31410000
vn 1.00000000 -0.00620000 0.00040000
vn 1.00000000 -0.00580000 -0.00360000
vn 0.45430000 -0.60630000 -0.65270000
vn 0.42700000 -0.88790000 -0.17120000
vn 1.00000000 -0.00570000 -0.00370000
vn 1.00000000 0.00600000 0.00190000
vn 0.43420000 0.66330000 0.60950000
vn 1.00000000 -0.00270000 0.00660000
vn 1.00000000 0.00380000 0.00660000
vn 0.60540000 0.10850000 0.78850000
vn 0.80840000 0.28050000 0.51740000
vn 0.43640000 0.66220000 0.60910000
vn 0.40160000 0.89920000 -0.17360000
vn 1.00000000 0.00480000 0.00070000
vn 1.00000000 0.00400000 0.00250000
vn 0.43420000 0.66330000 0.60950000
vn 1.00000000 0.00600000 0.00190000
vn 0.88410000 0.45060000 0.12410000
vn 0.42300000 0.89020000 -0.16880000
vn 1.00000000 0.00390000 -0.00140000
vn 0.60540000 0.10850000 0.78850000
vn 0.74430000 0.05040000 0.66590000
vn 1.00000000 -0.00020000 0.00480000
vn 0.99990000 0.01340000 0.01060000
vn 0.76520000 -0.29380000 0.57290000
vn 1.00000000 -0.00270000 0.00660000
vn 0.79150000 0.30410000 -0.53010000
vn 1.00000000 0.00370000 -0.00090000
vn 1.00000000 0.00390000 -0.00140000
vn 1.00000000 0.00370000 -0.00270000
vn 0.38490000 0.37830000 -0.84190000
vn 0.40160000 0.89920000 -0.17360000
vn 1.00000000 0.00320000 -0.00280000
vn 0.88250000 0.36350000 -0.29830000
vn 0.99990000 -0.01560000 -0.00120000
vn 0.99990000 0.01340000 0.01060000
vn 0.54050000 -0.66510000 0.51530000
vn 0.56300000 -0.31650000 0.76340000
vn 0.99990000 -0.00680000 0.01170000
vn 0.52470000 -0.67510000 0.51860000
vn 0.76520000 -0.29380000 0.57290000
vn 0.79150000 0.30410000 -0.53010000
vn 0.59340000 -0.10170000 -0.79850000
vn 1.00000000 0.00250000 -0.00550000
vn 1.00000000 0.00160000 -0.00540000
vn 0.72330000 -0.05250000 -0.68860000
vn 1.00000000 0.00370000 -0.00270000
vn 0.81880000 -0.29700000 -0.49130000
vn -0.00420000 -0.08050000 -0.99670000
vn 0.59340000 -0.10170000 -0.79850000
vn -0.00390000 -0.50830000 -0.86120000
vn 0.01130000 -0.17320000 -0.98480000
vn 0.72330000 -0.05250000 -0.68860000
vn -0.01650000 -0.86370000 -0.50370000
vn 0.01840000 -0.62600000 -0.77960000
vn 0.45430000 -0.60630000 -0.65270000
vn 0.81880000 -0.29700000 -0.49130000
vn -0.00390000 -0.50830000 -0.86120000
vn 0.80720000 -0.49980000 -0.31410000
vn 0.70180000 -0.70840000 -0.07530000
vn 0.80720000 -0.49980000 -0.31410000
vn -0.01650000 -0.86370000 -0.50370000
vn 0.00940000 -0.99100000 -0.13350000
vn 0.01880000 -0.98280000 -0.18350000
vn 0.42700000 -0.88790000 -0.17120000
vn -0.00660000 -0.97700000 0.21320000
vn 0.00940000 -0.99100000 -0.13350000
vn 0.87440000 -0.47480000 0.10010000
vn 0.70180000 -0.70840000 -0.07530000
vn 0.54050000 -0.66510000 0.51530000
vn 0.52470000 -0.67510000 0.51860000
vn 0.02220000 -0.89900000 0.43750000
vn -0.00660000 -0.97700000 0.21320000
vn -0.01260000 -0.77290000 0.63440000
vn 0.87440000 -0.47480000 0.10010000
vn 0.74430000 0.05040000 0.66590000
vn 0.56300000 -0.31650000 0.76340000
vn 0.76520000 -0.29380000 0.57290000
vn 0.01100000 -0.41200000 0.91110000
vn -0.00420000 0.08070000 0.99670000
vn 0.01000000 -0.41590000 0.90940000
vn -0.01260000 -0.77290000 0.63440000
vn 0.01000000 -0.41590000 0.90940000
vn 0.56300000 -0.31650000 0.76340000
vn 0.52470000 -0.67510000 0.51860000
vn 0.82350000 -0.09790000 0.55880000
vn 0.53430000 0.14880000 0.83210000
vn -0.00420000 0.08070000 0.99670000
vn 0.01130000 0.17320000 0.98480000
vn 0.59090000 -0.33460000 0.73410000
vn 0.01100000 -0.41200000 0.91110000
vn 0.00940000 -0.99100000 -0.13350000
vn 0.01880000 -0.98280000 -0.18350000
vn -0.00660000 -0.97700000 0.21320000
vn 0.02220000 -0.89900000 0.43750000
vn 0.68990000 -0.71180000 -0.13170000
vn 0.60420000 -0.71670000 0.34820000
vn 0.56370000 -0.14560000 -0.81310000
vn 0.77560000 -0.39510000 -0.49240000
vn 0.01130000 -0.17320000 -0.98480000
vn 0.01840000 -0.62600000 -0.77960000
vn -0.00390000 -0.50830000 -0.86120000
vn 0.02220000 -0.89900000 0.43750000
vn -0.01260000 -0.77290000 0.63440000
vn 0.01100000 -0.41200000 0.91110000
vn 0.01000000 -0.41590000 0.90940000
vn 0.60420000 -0.71670000 0.34820000
vn 0.59090000 -0.33460000 0.73410000
vn 0.79650000 -0.49310000 0.34990000
vn 0.77560000 -0.39510000 -0.49240000
vn 0.01880000 -0.98280000 -0.18350000
vn -0.01650000 -0.86370000 -0.50370000
vn 0.68920000 -0.41910000 -0.59100000
vn 0.73690000 -0.66050000 -0.14390000
vn 0.01840000 -0.62600000 -0.77960000
vn 0.68990000 -0.71180000 -0.13170000
vn -0.00420000 -0.08050000 -0.99670000
vn 0.82120000 0.16020000 -0.54770000
vn 0.65640000 0.31330000 -0.68630000
vn 0.01100000 0.41200000 -0.91110000
vn 0.56370000 -0.14560000 -0.81310000
vn 0.01130000 -0.17320000 -0.98480000
vn 0.01910000 0.98280000 0.18350000
vn 0.02220000 0.89900000 -0.43750000
vn 0.82320000 0.54490000 -0.15940000
vn -0.00970000 0.98200000 -0.18840000
vn 0.48780000 0.85820000 0.15940000
vn 0.64630000 0.68640000 -0.33340000
vn -0.00190000 0.46560000 0.88500000
vn 0.01130000 0.17320000 0.98480000
vn 0.53430000 0.14880000 0.83210000
vn 0.65840000 0.47110000 0.58700000
vn 0.01680000 0.62600000 0.77970000
vn 0.02220000 0.89900000 -0.43750000
vn -0.01130000 0.77860000 -0.62740000
vn 0.65640000 0.31330000 -0.68630000
vn 0.64630000 0.68640000 -0.33340000
vn 0.01180000 0.40940000 -0.91230000
vn 0.01100000 0.41200000 -0.91110000
vn -0.00690000 0.73830000 0.67440000
vn 0.65840000 0.47110000 0.58700000
vn 0.48780000 0.85820000 0.15940000
vn 0.84890000 0.40090000 0.34460000
vn 0.01910000 0.98280000 0.18350000
vn -0.00040000 0.96180000 0.27370000
vn 0.01680000 0.62600000 0.77970000
vn 0.60540000 0.10850000 0.78850000
vn 0.74430000 0.05040000 0.66590000
vn -0.00420000 0.08070000 0.99670000
vn 0.01130000 0.17320000 0.98480000
vn 0.80840000 0.28050000 0.51740000
vn -0.00190000 0.46560000 0.88500000
vn -0.00190000 0.46560000 0.88500000
vn 0.43640000 0.66220000 0.60910000
vn 0.01680000 0.62600000 0.77970000
vn 0.80840000 0.28050000 0.51740000
vn -0.00690000 0.73830000 0.67440000
vn 0.43420000 0.66330000 0.60950000
vn -0.00040000 0.96180000 0.27370000
vn -0.00690000 0.73830000 0.67440000
vn 0.88410000 0.45060000 0.12410000
vn 0.43640000 0.66220000 0.60910000
vn -0.00040000 0.96180000 0.27370000
vn 0.42300000 0.89020000 -0.16880000
vn -0.00970000 0.98200000 -0.18840000
vn 0.88410000 0.45060000 0.12410000
vn 0.01910000 0.98280000 0.18350000
vn 0.02220000 0.89900000 -0.43750000
vn 0.42300000 0.89020000 -0.16880000
vn 0.88250000 0.36350000 -0.29830000
vn -0.01130000 0.77860000 -0.62740000
vn -0.00970000 0.98200000 -0.18840000
vn 0.40160000 0.89920000 -0.17360000
vn -0.01130000 0.77860000 -0.62740000
vn 0.88250000 0.36350000 -0.29830000
vn 0.01180000 0.40940000 -0.91230000
vn 0.38490000 0.37830000 -0.84190000
vn 0.79150000 0.30410000 -0.53010000
vn 0.72330000 -0.05250000 -0.68860000
vn 0.01100000 0.41200000 -0.91110000
vn -0.00420000 -0.08050000 -0.99670000
vn 0.38490000 0.37830000 -0.84190000
vn 0.01180000 0.40940000 -0.91230000
vn 1.00000000 -0.00120000 0.00290000
vn 1.00000000 -0.00410000 0.00150000
vn 0.64630000 0.68640000 -0.33340000
vn 0.82120000 0.16020000 -0.54770000
vn 0.65640000 0.31330000 -0.68630000
vn 1.00000000 -0.00110000 0.00400000
vn 0.82320000 0.54490000 -0.15940000
vn 0.53430000 0.14880000 0.83210000
vn 1.00000000 -0.00250000 -0.00420000
vn 0.82350000 -0.09790000 0.55880000
vn 0.84890000 0.40090000 0.34460000
vn 1.00000000 -0.00030000 -0.00800000
vn 0.65840000 0.47110000 0.58700000
vn 1.00000000 -0.00360000 -0.00440000
vn 0.82120000 0.16020000 -0.54770000
vn 0.77560000 -0.39510000 -0.49240000
vn 0.56370000 -0.14560000 -0.81310000
vn 1.00000000 0.00020000 0.00240000
vn 0.68920000 -0.41910000 -0.59100000
vn 1.00000000 0.00140000 0.00300000
vn 1.00000000 -0.00120000 0.00290000
vn 1.00000000 -0.00200000 -0.00010000
vn 1.00000000 -0.00410000 0.00150000
vn 0.84890000 0.40090000 0.34460000
vn 1.00000000 -0.00180000 -0.00060000
vn 0.48780000 0.85820000 0.15940000
vn 0.82320000 0.54490000 -0.15940000
vn 1.00000000 -0.00360000 -0.00440000
vn 0.54590000 -0.08680000 -0.83340000
vn 0.65530000 -0.66020000 -0.36720000
vn 1.00000000 -0.00360000 -0.00440000
vn 1.00000000 -0.00180000 -0.00060000
vn 1.00000000 -0.00250000 -0.00420000
vn 0.69600000 -0.61070000 -0.37760000
vn 0.52240000 -0.82100000 0.23020000
vn 0.65530000 -0.66020000 -0.36720000
vn 1.00000000 -0.00180000 -0.00060000
vn 1.00000000 -0.00200000 -0.00010000
vn 1.00000000 0.00400000 -0.00070000
vn 1.00000000 0.00550000 -0.00310000
vn 0.57640000 -0.06850000 -0.81430000
vn 1.00000000 -0.00030000 -0.00800000
vn 0.33310000 0.88750000 -0.31840000
vn 0.73300000 0.50290000 -0.45800000
vn 1.00000000 -0.00250000 -0.00420000
vn 0.54590000 -0.08680000 -0.83340000
vn 1.00000000 -0.00200000 -0.00010000
vn 0.77310000 -0.51090000 0.37590000
vn 1.00000000 -0.00110000 0.00400000
vn 0.48030000 -0.29480000 0.82610000
vn 0.52240000 -0.82100000 0.23020000
vn 1.00000000 -0.00410000 0.00150000
vn 0.59090000 -0.33460000 0.73410000
vn 0.82350000 -0.09790000 0.55880000
vn 0.79650000 -0.49310000 0.34990000
vn 1.00000000 -0.00030000 -0.00800000
vn 1.00000000 0.00550000 -0.00310000
vn 1.00000000 0.00400000 -0.00070000
vn 0.73690000 -0.66050000 -0.14390000
vn 0.60420000 -0.71670000 0.34820000
vn 0.68990000 -0.71180000 -0.13170000
vn 1.00000000 0.00540000 0.00050000
vn 0.79650000 -0.49310000 0.34990000
vn 1.00000000 0.00550000 -0.00310000
vn 1.00000000 0.00540000 0.00050000
vn 0.41550000 0.55230000 0.72280000
vn 1.00000000 0.00400000 -0.00070000
vn 0.74140000 0.67050000 0.02660000
vn 1.00000000 0.00140000 0.00300000
vn 0.33310000 0.88750000 -0.31840000
vn 1.00000000 0.00020000 0.00240000
vn 0.77250000 0.14100000 0.61910000
vn 0.48030000 -0.29480000 0.82610000
vn 1.00000000 -0.00110000 0.00400000
vn 0.41550000 0.55230000 0.72280000
vn 1.00000000 0.00020000 0.00240000
vn 1.00000000 -0.00120000 0.00290000
vn 1.00000000 0.00540000 0.00050000
vn 0.68920000 -0.41910000 -0.59100000
vn 0.73690000 -0.66050000 -0.14390000
vn 1.00000000 0.00140000 0.00300000
vn 0.77250000 0.14100000 0.61910000
vn 0.41550000 0.55230000 0.72280000
vn 0.03640000 0.80220000 0.59600000
vn -0.02950000 0.99650000 0.07880000
vn -0.03440000 0.24850000 0.96800000
vn 0.74140000 0.67050000 0.02660000
vn -0.03900000 -0.80880000 0.58680000
vn 0.03550000 -0.26880000 0.96250000
vn -0.03440000 0.24850000 0.96800000
vn 0.48030000 -0.29480000 0.82610000
vn 0.77310000 -0.51090000 0.37590000
vn 0.77250000 0.14100000 0.61910000
vn -0.03900000 -0.80880000 0.58680000
vn 0.69600000 -0.61070000 -0.37760000
vn 0.65530000 -0.66020000 -0.36720000
vn 0.04040000 -0.99440000 -0.09790000
vn -0.02180000 -0.85790000 -0.51340000
vn 0.77310000 -0.51090000 0.37590000
vn 0.52240000 -0.82100000 0.23020000
vn 0.57640000 -0.06850000 -0.81430000
vn 0.54590000 -0.08680000 -0.83340000
vn 0.69600000 -0.61070000 -0.37760000
vn -0.02180000 -0.85790000 -0.51340000
vn 0.01660000 -0.33750000 -0.94120000
vn -0.01620000 -0.07050000 -0.99740000
vn -0.00950000 0.72430000 -0.68940000
vn 0.57640000 -0.06850000 -0.81430000
vn 0.73300000 0.50290000 -0.45800000
vn 0.01200000 0.49230000 -0.87030000
vn -0.01620000 -0.07050000 -0.99740000
vn -0.00950000 0.72430000 -0.68940000
vn 0.74140000 0.67050000 0.02660000
vn 0.01210000 0.90070000 -0.43420000
vn 0.33310000 0.88750000 -0.31840000
vn -0.02950000 0.99650000 0.07880000
vn 0.73300000 0.50290000 -0.45800000
vn -0.02180000 -0.85790000 -0.51340000
vn 0.01660000 -0.33750000 -0.94120000
vn 0.04040000 -0.99440000 -0.09790000
vn 0.84410000 -0.18400000 -0.50370000
vn 0.81960000 -0.56910000 -0.06630000
vn 0.01200000 0.49230000 -0.87030000
vn 0.84410000 -0.18400000 -0.50370000
vn 0.01660000 -0.33750000 -0.94120000
vn -0.01620000 -0.07050000 -0.99740000
vn 0.85940000 0.23130000 -0.45600000
vn 0.01210000 0.90070000 -0.43420000
vn 0.85510000 0.47730000 -0.20240000
vn 0.01200000 0.49230000 -0.87030000
vn 0.85940000 0.23130000 -0.45600000
vn -0.00950000 0.72430000 -0.68940000
vn 0.01210000 0.90070000 -0.43420000
vn 0.03640000 0.80220000 0.59600000
vn -0.02950000 0.99650000 0.07880000
vn 0.85510000 0.47730000 -0.20240000
vn 0.83070000 0.44710000 0.33180000
vn 0.03550000 -0.26880000 0.96250000
vn 0.03640000 0.80220000 0.59600000
vn -0.03440000 0.24850000 0.96800000
vn 0.82200000 -0.14200000 0.55150000
vn 0.83070000 0.44710000 0.33180000
vn 0.81960000 -0.56910000 -0.06630000
vn 0.82200000 -0.14200000 0.55150000
vn -0.03900000 -0.80880000 0.58680000
vn 0.03550000 -0.26880000 0.96250000
vn 0.04040000 -0.99440000 -0.09790000
vn 0.84410000 -0.18400000 -0.50370000
vn 0.83070000 0.44710000 0.33180000
vn 0.81960000 -0.56910000 -0.06630000
vn 0.85510000 0.47730000 -0.20240000
vn 0.82200000 -0.14200000 0.55150000
vn 0.85940000 0.23130000 -0.45600000
vn -0.07290000 -0.20900000 0.97520000
vn -0.06450000 -0.62770000 0.77580000
vn 0.07890000 -0.53630000 0.84030000
vn -1.00000000 -0.00000000 -0.00000000
vn 0.09380000 -0.23590000 -0.96720000
vn -1.00000000 -0.00000000 -0.00000000
vn -0.13170000 -0.47030000 -0.87260000
vn -0.00590000 0.14420000 -0.98950000
vn -0.07120000 0.17750000 -0.98150000
vn -1.00000000 -0.00000000 -0.00000000
vn -0.00590000 0.14420000 -0.98950000
vn -0.00590000 0.62310000 -0.78210000
vn -0.05270000 0.30450000 0.95110000
vn -1.00000000 -0.00000000 -0.00000000
vn -0.05740000 0.79860000 0.59910000
vn 0.04710000 0.76230000 0.64550000
vn -1.00000000 -0.00000000 -0.00000000
vn 0.06230000 -0.99660000 -0.05470000
vn -0.03750000 -0.90050000 -0.43320000
vn -0.04780000 -0.89740000 -0.43870000
vn -0.06230000 -0.99660000 0.05470000
vn -1.00000000 -0.00000000 -0.00000000
vn -0.06230000 -0.99660000 0.05470000
vn 0.03560000 -0.90380000 0.42640000
vn -0.00590000 0.62310000 -0.78210000
vn 0.02660000 0.90460000 -0.42540000
vn -0.00710000 0.62250000 -0.78260000
vn -0.00720000 0.91370000 -0.40640000
vn -1.00000000 -0.00000000 -0.00000000
vn -0.04240000 0.99700000 0.06530000
vn -0.00720000 0.91370000 -0.40640000
vn -1.00000000 -0.00000000 -0.00000000
vn -0.04240000 0.99700000 0.06530000
vn 0.07020000 0.98850000 0.13360000
vn -0.05740000 0.79860000 0.59910000
vn -1.00000000 -0.00000000 -0.00000000
vn -0.13170000 -0.47030000 -0.87260000
vn -1.00000000 -0.00000000 -0.00000000
vn -0.04780000 -0.89740000 -0.43870000
vn 0.06670000 -0.60720000 -0.79170000
vn -0.06450000 -0.62770000 0.77580000
vn 0.04540000 -0.90080000 0.43190000
vn 0.03560000 -0.90380000 0.42640000
vn -1.00000000 -0.00000000 -0.00000000
vn -0.07290000 -0.20900000 0.97520000
vn 0.03840000 -0.11300000 0.99290000
vn -1.00000000 -0.00000000 -0.00000000
vn -0.00380000 0.27740000 0.96070000
vn -0.05270000 0.30450000 0.95110000
vn 0.06230000 -0.99660000 -0.05470000
vn 0.04540000 -0.90080000 0.43190000
vn 0.03560000 -0.90380000 0.42640000
vn -0.06230000 -0.99660000 0.05470000
vn 1.00000000 -0.00570000 -0.00030000
vn 1.00000000 -0.00440000 0.00140000
vn 1.00000000 -0.00450000 0.00210000
vn -0.03750000 -0.90050000 -0.43320000
vn 0.06670000 -0.60720000 -0.79170000
vn -0.04780000 -0.89740000 -0.43870000
vn 1.00000000 -0.00480000 -0.00620000
vn 1.00000000 -0.00530000 -0.00250000
vn 1.00000000 -0.00580000 -0.00220000
vn 1.00000000 -0.00050000 0.00470000
vn -0.07290000 -0.20900000 0.97520000
vn 0.03840000 -0.11300000 0.99290000
vn 0.99990000 -0.00620000 0.00980000
vn 0.07890000 -0.53630000 0.84030000
vn 0.99990000 0.00950000 0.00980000
vn 1.00000000 0.00240000 -0.00600000
vn 1.00000000 -0.00190000 -0.00760000
vn -0.07120000 0.17750000 -0.98150000
vn 1.00000000 0.00100000 -0.00560000
vn 0.09380000 -0.23590000 -0.96720000
vn 1.00000000 -0.00050000 0.00470000
vn 1.00000000 0.00210000 0.00710000
vn 0.03840000 -0.11300000 0.99290000
vn -0.00380000 0.27740000 0.96070000
vn 1.00000000 -0.00290000 0.00550000
vn 1.00000000 -0.00450000 0.00210000
vn 0.99990000 -0.01410000 -0.00350000
vn 0.04540000 -0.90080000 0.43190000
vn 0.07890000 -0.53630000 0.84030000
vn -0.06450000 -0.62770000 0.77580000
vn 0.99990000 -0.00620000 0.00980000
vn -0.03750000 -0.90050000 -0.43320000
vn 0.06230000 -0.99660000 -0.05470000
vn 1.00000000 -0.00530000 -0.00250000
vn 1.00000000 -0.00570000 -0.00030000
vn 1.00000000 -0.00480000 -0.00620000
vn -0.13170000 -0.47030000 -0.87260000
vn 0.06670000 -0.60720000 -0.79170000
vn 0.09380000 -0.23590000 -0.96720000
vn 1.00000000 -0.00190000 -0.00760000
vn -0.00720000 0.91370000 -0.40640000
vn 0.07020000 0.98850000 0.13360000
vn 1.00000000 0.00360000 -0.00130000
vn 0.02660000 0.90460000 -0.42540000
vn 1.00000000 0.00500000 0.00070000
vn -0.04240000 0.99700000 0.06530000
vn 1.00000000 0.00370000 -0.00180000
vn -0.05740000 0.79860000 0.59910000
vn 0.07020000 0.98850000 0.13360000
vn 1.00000000 0.00350000 0.00300000
vn 1.00000000 0.00500000 0.00070000
vn 0.04710000 0.76230000 0.64550000
vn 0.02660000 0.90460000 -0.42540000
vn 1.00000000 0.00370000 -0.00180000
vn -0.00710000 0.62250000 -0.78260000
vn 1.00000000 0.00250000 -0.00320000
vn 1.00000000 0.00350000 0.00300000
vn 1.00000000 0.00210000 0.00710000
vn 0.04710000 0.76230000 0.64550000
vn 1.00000000 0.00710000 0.00290000
vn -0.00380000 0.27740000 0.96070000
vn -0.05270000 0.30450000 0.95110000
vn 1.00000000 0.00250000 -0.00320000
vn 1.00000000 0.00400000 -0.00320000
vn -0.00590000 0.62310000 -0.78210000
vn -0.00590000 0.14420000 -0.98950000
vn -0.00710000 0.62250000 -0.78260000
vn 1.00000000 0.00100000 -0.00560000
vn -0.07120000 0.17750000 -0.98150000
vn 1.00000000 -0.00580000 -0.00220000
vn 1.00000000 -0.00440000 0.00140000
vn 0.20270000 -0.71250000 -0.67180000
vn 0.02280000 -0.97680000 0.21310000
vn 0.83990000 -0.53810000 -0.07120000
vn 1.00000000 -0.00530000 -0.00250000
vn 0.74310000 -0.66630000 0.06250000
vn 1.00000000 -0.00570000 -0.00030000
vn 0.83960000 -0.46730000 -0.27690000
vn 0.81880000 -0.29710000 -0.49130000
vn 1.00000000 -0.00480000 -0.00620000
vn 1.00000000 -0.00190000 -0.00760000
vn 1.00000000 0.00240000 -0.00600000
vn 0.59340000 -0.10170000 -0.79850000
vn 1.00000000 -0.00580000 -0.00220000
vn 0.20270000 -0.71250000 -0.67180000
vn 0.80840000 0.28050000 0.51750000
vn 0.43430000 0.66330000 0.60950000
vn 1.00000000 0.00210000 0.00710000
vn 1.00000000 -0.00290000 0.00550000
vn 0.43610000 0.66240000 0.60910000
vn 0.60540000 0.10850000 0.78850000
vn 1.00000000 0.00710000 0.00290000
vn 0.42300000 0.89020000 -0.16880000
vn 0.88410000 0.45060000 0.12410000
vn 1.00000000 0.00500000 0.00070000
vn 0.40160000 0.89920000 -0.17360000
vn 1.00000000 0.00350000 0.00300000
vn 1.00000000 0.00360000 -0.00130000
vn 0.43430000 0.66330000 0.60950000
vn 1.00000000 0.00710000 0.00290000
vn 0.60540000 0.10850000 0.78850000
vn 0.76520000 -0.29340000 0.57300000
vn 1.00000000 -0.00290000 0.00550000
vn 0.99990000 0.00950000 0.00980000
vn 1.00000000 -0.00050000 0.00470000
vn 0.74440000 0.05040000 0.66590000
vn 1.00000000 0.00370000 -0.00180000
vn 0.38490000 0.37830000 -0.84190000
vn 0.79150000 0.30410000 -0.53010000
vn 1.00000000 0.00250000 -0.00320000
vn 0.88250000 0.36350000 -0.29830000
vn 1.00000000 0.00360000 -0.00130000
vn 0.40160000 0.89920000 -0.17360000
vn 1.00000000 0.00400000 -0.00320000
vn 0.74990000 -0.48930000 0.44520000
vn 0.76520000 -0.29340000 0.57300000
vn 0.57030000 -0.31400000 0.75900000
vn 0.52800000 -0.67360000 0.51720000
vn 0.99990000 -0.00620000 0.00980000
vn 0.99990000 0.00950000 0.00980000
vn 0.99990000 -0.01410000 -0.00350000
vn 0.74310000 -0.66630000 0.06250000
vn 0.74990000 -0.48930000 0.44520000
vn 0.99990000 -0.01410000 -0.00350000
vn 1.00000000 -0.00450000 0.00210000
vn 1.00000000 -0.00440000 0.00140000
vn 1.00000000 0.00240000 -0.00600000
vn 1.00000000 0.00400000 -0.00320000
vn 0.59340000 -0.10170000 -0.79850000
vn 0.72330000 -0.05250000 -0.68860000
vn 0.79150000 0.30410000 -0.53010000
vn 1.00000000 0.00100000 -0.00560000
vn 0.01130000 -0.17320000 -0.98480000
vn 0.72330000 -0.05250000 -0.68860000
vn 0.59340000 -0.10170000 -0.79850000
vn 0.81880000 -0.29710000 -0.49130000
vn -0.00390000 -0.50830000 -0.86120000
vn -0.00420000 -0.08050000 -0.99670000
vn 0.81880000 -0.29710000 -0.49130000
vn 0.83960000 -0.46730000 -0.27690000
vn 0.01840000 -0.62600000 -0.77960000
vn -0.01610000 -0.86150000 -0.50750000
vn -0.00390000 -0.50830000 -0.86120000
vn 0.20270000 -0.71250000 -0.67180000
vn -0.01610000 -0.86150000 -0.50750000
vn 0.83960000 -0.46730000 -0.27690000
vn 0.00910000 -0.99180000 -0.12710000
vn 0.01960000 -0.98280000 -0.18350000
vn 0.83990000 -0.53810000 -0.07120000
vn 0.00910000 -0.99180000 -0.12710000
vn -0.00660000 -0.97700000 0.21320000
vn 0.83990000 -0.53810000 -0.07120000
vn 0.02280000 -0.97680000 0.21310000
vn 0.02220000 -0.89900000 0.43750000
vn 0.74310000 -0.66630000 0.06250000
vn 0.74990000 -0.48930000 0.44520000
vn -0.00660000 -0.97700000 0.21320000
vn -0.01260000 -0.77290000 0.63440000
vn 0.02280000 -0.97680000 0.21310000
vn 0.52800000 -0.67360000 0.51720000
vn 0.57030000 -0.31400000 0.75900000
vn 0.76520000 -0.29340000 0.57300000
vn -0.00420000 0.08070000 0.99670000
vn 0.74440000 0.05040000 0.66590000
vn 0.01000000 -0.41590000 0.90940000
vn 0.01100000 -0.41200000 0.91110000
vn 0.57030000 -0.31400000 0.75900000
vn 0.01000000 -0.41590000 0.90940000
vn -0.01260000 -0.77290000 0.63440000
vn 0.52800000 -0.67360000 0.51720000
vn 0.80150000 -0.12740000 0.58420000
vn 0.59090000 -0.33460000 0.73410000
vn 0.01100000 -0.41200000 0.91110000
vn 0.01130000 0.17320000 0.98480000
vn -0.00420000 0.08070000 0.99670000
vn 0.56370000 0.14560000 0.81310000
vn 0.01960000 -0.98280000 -0.18350000
vn -0.00660000 -0.97700000 0.21320000
vn 0.60420000 -0.71670000 0.34820000
vn 0.00910000 -0.99180000 -0.12710000
vn 0.02220000 -0.89900000 0.43750000
vn 0.68990000 -0.71180000 -0.13170000
vn 0.01840000 -0.62600000 -0.77960000
vn 0.52580000 -0.53240000 -0.66330000
vn 0.81940000 -0.16100000 -0.55010000
vn 0.01130000 -0.17320000 -0.98480000
vn 0.73110000 -0.12140000 -0.67140000
vn -0.00390000 -0.50830000 -0.86120000
vn 0.60420000 -0.71670000 0.34820000
vn 0.01100000 -0.41200000 0.91110000
vn 0.01000000 -0.41590000 0.90940000
vn 0.79650000 -0.49320000 0.34990000
vn 0.02220000 -0.89900000 0.43750000
vn -0.01260000 -0.77290000 0.63440000
vn 0.59090000 -0.33460000 0.73410000
vn 0.52580000 -0.53240000 -0.66330000
vn -0.01610000 -0.86150000 -0.50750000
vn 0.68990000 -0.71180000 -0.13170000
vn 0.81220000 -0.56000000 -0.16380000
vn 0.01960000 -0.98280000 -0.18350000
vn 0.01840000 -0.62600000 -0.77960000
vn 0.57560000 0.33900000 -0.74410000
vn 0.73110000 -0.12140000 -0.67140000
vn -0.00420000 -0.08050000 -0.99670000
vn 0.01130000 -0.17320000 -0.98480000
vn 0.01100000 0.41200000 -0.91110000
vn -0.00970000 0.98200000 -0.18840000
vn 0.74860000 0.65200000 0.12050000
vn 0.02220000 0.89900000 -0.43750000
vn 0.01910000 0.98280000 0.18350000
vn 0.47290000 0.79250000 -0.38520000
vn 0.77550000 0.39510000 0.49240000
vn 0.56370000 0.14560000 0.81310000
vn 0.01130000 0.17320000 0.98480000
vn -0.00190000 0.46560000 0.88500000
vn 0.01680000 0.62600000 0.77970000
vn 0.47290000 0.79250000 -0.38520000
vn 0.85160000 0.34170000 -0.39760000
vn 0.57560000 0.33900000 -0.74410000
vn -0.01130000 0.77860000 -0.62740000
vn 0.01100000 0.41200000 -0.91110000
vn 0.01180000 0.40940000 -0.91230000
vn 0.02220000 0.89900000 -0.43750000
vn 0.74860000 0.65200000 0.12050000
vn 0.77550000 0.39510000 0.49240000
vn 0.73380000 0.66920000 0.11690000
vn -0.00040000 0.96180000 0.27370000
vn 0.01910000 0.98280000 0.18350000
vn 0.68920000 0.41910000 0.59100000
vn -0.00690000 0.73830000 0.67440000
vn 0.01680000 0.62600000 0.77970000
vn -0.00420000 0.08070000 0.99670000
vn 0.01130000 0.17320000 0.98480000
vn -0.00190000 0.46560000 0.88500000
vn 0.60540000 0.10850000 0.78850000
vn 0.74440000 0.05040000 0.66590000
vn 0.80840000 0.28050000 0.51750000
vn -0.00190000 0.46560000 0.88500000
vn -0.00690000 0.73830000 0.67440000
vn 0.43610000 0.66240000 0.60910000
vn 0.80840000 0.28050000 0.51750000
vn 0.01680000 0.62600000 0.77970000
vn 0.43430000 0.66330000 0.60950000
vn 0.88410000 0.45060000 0.12410000
vn -0.00040000 0.96180000 0.27370000
vn 0.43610000 0.66240000 0.60910000
vn -0.00690000 0.73830000 0.67440000
vn 0.01910000 0.98280000 0.18350000
vn 0.88410000 0.45060000 0.12410000
vn -0.00040000 0.96180000 0.27370000
vn 0.42300000 0.89020000 -0.16880000
vn -0.00970000 0.98200000 -0.18840000
vn -0.00970000 0.98200000 -0.18840000
vn 0.40160000 0.89920000 -0.17360000
vn -0.01130000 0.77860000 -0.62740000
vn 0.42300000 0.89020000 -0.16880000
vn 0.02220000 0.89900000 -0.43750000
vn 0.88250000 0.36350000 -0.29830000
vn 0.01180000 0.40940000 -0.91230000
vn -0.01130000 0.77860000 -0.62740000
vn 0.88250000 0.36350000 -0.29830000
vn 0.38490000 0.37830000 -0.84190000
vn 0.01100000 0.41200000 -0.91110000
vn 0.38490000 0.37830000 -0.84190000
vn 0.72330000 -0.05250000 -0.68860000
vn -0.00420000 -0.08050000 -0.99670000
vn 0.79150000 0.30410000 -0.53010000
vn 0.01180000 0.40940000 -0.91230000
vn 0.68920000 0.41910000 0.59100000
vn 0.77550000 0.39510000 0.49240000
vn 1.00000000 -0.00070000 -0.00400000
vn 1.00000000 0.00050000 -0.00540000
vn 1.00000000 -0.00310000 -0.00540000
vn 0.80150000 -0.12740000 0.58420000
vn 0.56370000 0.14560000 0.81310000
vn 1.00000000 -0.00070000 0.00180000
vn 1.00000000 -0.00010000 0.00200000
vn 0.57560000 0.33900000 -0.74410000
vn 0.85160000 0.34170000 -0.39760000
vn 1.00000000 -0.00440000 0.00370000
vn 0.73110000 -0.12140000 -0.67140000
vn 1.00000000 0.00150000 0.00400000
vn 0.81940000 -0.16100000 -0.55010000
vn 0.73380000 0.66920000 0.11690000
vn 1.00000000 -0.00310000 -0.00540000
vn 1.00000000 -0.00800000 0.00020000
vn 0.68920000 0.41910000 0.59100000
vn 0.74860000 0.65200000 0.12050000
vn 1.00000000 -0.00800000 0.00020000
vn 0.85160000 0.34170000 -0.39760000
vn 1.00000000 -0.00420000 0.00250000
vn 0.73380000 0.66920000 0.11690000
vn 0.47290000 0.79250000 -0.38520000
vn 1.00000000 -0.00440000 0.00370000
vn 0.47180000 -0.87700000 0.09110000
vn 1.00000000 -0.00800000 0.00020000
vn 1.00000000 -0.00070000 -0.00400000
vn 0.76260000 -0.63780000 -0.10780000
vn 0.39900000 -0.30960000 -0.86310000
vn 1.00000000 -0.00310000 -0.00540000
vn 1.00000000 -0.00420000 0.00250000
vn 0.67180000 -0.13110000 -0.72910000
vn 0.39900000 -0.30960000 -0.86310000
vn 1.00000000 -0.00070000 -0.00400000
vn 0.52340000 0.67720000 -0.51720000
vn 1.00000000 0.00310000 -0.00140000
vn 0.63260000 0.56990000 -0.52450000
vn 1.00000000 0.00050000 -0.00540000
vn 1.00000000 0.00240000 -0.00020000
vn 0.47180000 -0.87700000 0.09110000
vn 1.00000000 -0.00070000 0.00180000
vn 1.00000000 -0.00420000 0.00250000
vn 1.00000000 -0.00440000 0.00370000
vn 0.65530000 -0.36720000 0.66020000
vn 0.72120000 -0.38370000 0.57670000
vn 0.79650000 -0.49320000 0.34990000
vn 0.59090000 -0.33460000 0.73410000
vn 1.00000000 0.00310000 -0.00140000
vn 1.00000000 0.00050000 -0.00540000
vn 0.80150000 -0.12740000 0.58420000
vn 1.00000000 0.00240000 -0.00020000
vn 0.68990000 -0.71180000 -0.13170000
vn 0.60420000 -0.71670000 0.34820000
vn 0.81220000 -0.56000000 -0.16380000
vn 0.79650000 -0.49320000 0.34990000
vn 1.00000000 0.00280000 0.00120000
vn 1.00000000 0.00310000 -0.00140000
vn 1.00000000 0.00400000 0.00110000
vn 1.00000000 0.00240000 -0.00020000
vn 0.48550000 0.82340000 0.29380000
vn 0.52340000 0.67720000 -0.51720000
vn 0.72620000 0.68670000 -0.03180000
vn 1.00000000 0.00280000 0.00120000
vn 0.52240000 0.23020000 0.82110000
vn 1.00000000 -0.00070000 0.00180000
vn 1.00000000 -0.00010000 0.00200000
vn 0.65530000 -0.36720000 0.66020000
vn 1.00000000 -0.00010000 0.00200000
vn 1.00000000 0.00150000 0.00400000
vn 1.00000000 0.00400000 0.00110000
vn 0.52240000 0.23020000 0.82110000
vn 0.48550000 0.82340000 0.29380000
vn 0.76790000 0.37270000 0.52100000
vn 1.00000000 0.00400000 0.00110000
vn 0.81940000 -0.16100000 -0.55010000
vn 1.00000000 0.00280000 0.00120000
vn 0.81220000 -0.56000000 -0.16380000
vn 0.52580000 -0.53240000 -0.66330000
vn 1.00000000 0.00150000 0.00400000
vn -0.02330000 0.58270000 0.81230000
vn 0.48550000 0.82340000 0.29380000
vn 0.76790000 0.37270000 0.52100000
vn 0.72620000 0.68670000 -0.03180000
vn 0.02290000 0.80250000 0.59620000
vn -0.02170000 0.99950000 -0.02440000
vn 0.03200000 -0.26890000 0.96260000
vn -0.02330000 0.58270000 0.81230000
vn 0.76790000 0.37270000 0.52100000
vn 0.52240000 0.23020000 0.82110000
vn 0.65530000 -0.36720000 0.66020000
vn -0.02490000 -0.54900000 0.83550000
vn 0.72120000 -0.38370000 0.57670000
vn 0.76260000 -0.63780000 -0.10780000
vn -0.02490000 -0.54900000 0.83550000
vn 0.47180000 -0.87700000 0.09110000
vn 0.01590000 -0.98650000 -0.16280000
vn 0.72120000 -0.38370000 0.57670000
vn 0.01590000 -0.98650000 -0.16280000
vn 0.67180000 -0.13110000 -0.72910000
vn -0.00080000 -0.99530000 -0.09690000
vn 0.00900000 -0.33810000 -0.94110000
vn -0.02060000 -0.16800000 -0.98560000
vn 0.39900000 -0.30960000 -0.86310000
vn 0.76260000 -0.63780000 -0.10780000
vn 0.67180000 -0.13110000 -0.72910000
vn -0.00950000 0.72430000 -0.68940000
vn 0.63260000 0.56990000 -0.52450000
vn 0.01210000 0.49280000 -0.87010000
vn -0.02060000 -0.16800000 -0.98560000
vn 0.72620000 0.68670000 -0.03180000
vn -0.00950000 0.72430000 -0.68940000
vn 0.01200000 0.90100000 -0.43370000
vn -0.02170000 0.99950000 -0.02440000
vn 0.63260000 0.56990000 -0.52450000
vn 0.52340000 0.67720000 -0.51720000
vn -0.00080000 -0.99530000 -0.09690000
vn 0.81980000 -0.56890000 -0.06560000
vn 0.84390000 -0.18400000 -0.50390000
vn 0.00900000 -0.33810000 -0.94110000
vn -0.02060000 -0.16800000 -0.98560000
vn 0.84390000 -0.18400000 -0.50390000
vn 0.00900000 -0.33810000 -0.94110000
vn 0.01210000 0.49280000 -0.87010000
vn 0.85920000 0.23150000 -0.45620000
vn 0.01210000 0.49280000 -0.87010000
vn -0.00950000 0.72430000 -0.68940000
vn 0.01200000 0.90100000 -0.43370000
vn 0.85510000 0.47750000 -0.20190000
vn 0.85920000 0.23150000 -0.45620000
vn -0.02170000 0.99950000 -0.02440000
vn 0.85510000 0.47750000 -0.20190000
vn 0.83060000 0.44710000 0.33180000
vn 0.01200000 0.90100000 -0.43370000
vn 0.02290000 0.80250000 0.59620000
vn 0.82210000 -0.14190000 0.55140000
vn 0.03200000 -0.26890000 0.96260000
vn 0.83060000 0.44710000 0.33180000
vn -0.02330000 0.58270000 0.81230000
vn 0.02290000 0.80250000 0.59620000
vn -0.00080000 -0.99530000 -0.09690000
vn 0.01590000 -0.98650000 -0.16280000
vn 0.03200000 -0.26890000 0.96260000
vn 0.81980000 -0.56890000 -0.06560000
vn -0.02490000 -0.54900000 0.83550000
vn 0.82210000 -0.14190000 0.55140000
vn 0.83060000 0.44710000 0.33180000
vn 0.81980000 -0.56890000 -0.06560000
vn 0.84390000 -0.18400000 -0.50390000
vn 0.85920000 0.23150000 -0.45620000
vn 0.85510000 0.47750000 -0.20190000
vn 0.82210000 -0.14190000 0.55140000
vt 0.91589100 0.90620700
vt 0.87064800 0.44744100
vt 0.87064800 0.44744100
vt 0.87064800 0.44744100
vt 0.91589100 0.90620700
vt 0.87064800 0.44744100
vt 0.92221600 0.90731000
vt 0.92221600 0.90731000
vt 0.81952800 0.99783500
vt 0.92221600 0.90731000
vt 0.92221600 0.90731000
vt 0.44299800 0.99217800
vt 0.44299800 0.99217800
vt 0.92157700 0.90223100
vt 0.92157700 0.90223100
vt 0.87387300 0.55117600
vt 0.92157700 0.90223100
vt 0.93009600 0.99745100
vt 0.10934900 0.57111200
vt 0.92104200 0.90155100
vt 0.92104200 0.90155100
vt 0.92104200 0.90155100
vt 0.92104200 0.90155100
vt 0.92104200 0.90155100
vt 0.92104200 0.90155100
vt 0.92104200 0.90155100
vt 0.92349100 0.90190100
vt 0.92349100 0.90190100
vt 0.59148600 0.25089400
vt 0.92349100 0.90190100
vt 0.99790300 0.84810600
vt 0.99790300 0.84810600
vt 0.92349100 0.90190100
vt 0.44482200 0.99150800
vt 0.87064900 0.44334800
vt 0.87064900 0.44334800
vt 0.87064900 0.44334800
vt 0.91589100 0.90912400
vt 0.87064900 0.44334800
vt 0.91589100 0.90912400
vt 0.08075100 0.97973800
vt 0.82037600 0.99783500
vt 0.92229100 0.90790600
vt 0.92289400 0.91268800
vt 0.78251700 0.97816100
vt 0.92289400 0.91268800
vt 0.92289400 0.91268800
vt 0.92289400 0.91268800
vt 0.92736900 0.90731700
vt 0.92736900 0.90731700
vt 0.07563900 0.97970600
vt 0.68260700 0.99723500
vt 0.92736900 0.90731700
vt 0.92797100 0.91210000
vt 0.93963900 0.74534600
vt 0.92797100 0.91210000
vt 0.92797100 0.91210000
vt 0.92797100 0.91210000
vt 0.68345500 0.99723500
vt 0.92729400 0.90672200
vt 0.92729400 0.90672200
vt 0.92666800 0.90174800
vt 0.99583000 0.82932600
vt 0.92666800 0.90174800
vt 0.69368500 0.99757100
vt 0.69368500 0.99757100
vt 0.92666800 0.90174800
vt 0.10950000 0.57743700
vt 0.93063100 0.90203800
vt 0.93063100 0.90203800
vt 0.93063100 0.90203800
vt 0.93063100 0.90203800
vt 0.93063100 0.90203800
vt 0.94648700 0.65402700
vt 0.93369500 0.90550500
vt 0.93369500 0.90550500
vt 0.94648700 0.65402700
vt 0.94648700 0.65402700
vt 0.94648600 0.65692700
vt 0.93258300 0.90356500
vt 0.93258300 0.90356500
vt 0.94648600 0.65692700
vt 0.92258100 0.91376900
vt 0.92258100 0.91376900
vt 0.49261300 0.93795000
vt 0.92258100 0.91376900
vt 0.49261300 0.93795000
vt 0.49261300 0.93795000
vt 0.49261300 0.93795000
vt 0.92296900 0.91328400
vt 0.10625600 0.97994500
vt 0.92296900 0.91328400
vt 0.78336500 0.97816100
vt 0.92296900 0.91328400
vt 0.99411200 0.82841800
vt 0.66069500 0.92791800
vt 0.05426600 0.99643900
vt 0.92472700 0.90186500
vt 0.10934900 0.58376100
vt 0.92472700 0.90186500
vt 0.05426600 0.99643900
vt 0.87064900 0.44044700
vt 0.87064900 0.44044700
vt 0.49516700 0.93245700
vt 0.91700200 0.91106300
vt 0.98761500 0.61682100
vt 0.94648700 0.64993400
vt 0.51066600 0.99122300
vt 0.93369500 0.90842200
vt 0.93369500 0.90842200
vt 0.94648700 0.64993400
vt 0.91781300 0.90352400
vt 0.91781300 0.90352400
vt 0.91781300 0.90352400
vt 0.91781300 0.90352400
vt 0.87064900 0.45088900
vt 0.91781300 0.90352400
vt 0.49516700 0.94718700
vt 0.93177200 0.91110400
vt 0.93177200 0.91110400
vt 0.49516700 0.94718700
vt 0.93177200 0.91110400
vt 0.50881400 0.99413700
vt 0.10919900 0.57743700
vt 0.92664100 0.90153600
vt 0.99617800 0.99307700
vt 0.99617800 0.99307700
vt 0.05232700 0.99631600
vt 0.92664100 0.90153600
vt 0.92803300 0.90109400
vt 0.92803300 0.90109400
vt 0.92803300 0.90109400
vt 0.92803300 0.90109400
vt 0.92803300 0.90109400
vt 0.92507500 0.90082300
vt 0.92507500 0.90082300
vt 0.92507500 0.90082300
vt 0.92507500 0.90082300
vt 0.92507500 0.90082300
vt 0.91895500 0.91259000
vt 0.49372200 0.93436500
vt 0.49372200 0.93436500
vt 0.91895500 0.91259000
vt 0.49372200 0.93436500
vt 0.93203900 0.99745100
vt 0.59118600 0.25089400
vt 0.92351800 0.90211300
vt 0.99762400 0.86888600
vt 0.99762400 0.86888600
vt 0.92804600 0.91269500
vt 0.92804600 0.91269500
vt 0.92804600 0.91269500
vt 0.10114500 0.97991200
vt 0.94048600 0.74534600
vt 0.92667800 0.91355300
vt 0.92667800 0.91355300
vt 0.92667800 0.91355300
vt 0.49282700 0.94204300
vt 0.49282700 0.94204300
vt 0.49282700 0.94204300
vt 0.92948400 0.91261500
vt 0.49372600 0.94486500
vt 0.92948400 0.91261500
vt 0.49372600 0.94486500
vt 0.92948400 0.91261500
vt 0.49372600 0.94486500
vt 0.48998400 0.93585100
vt 0.48998400 0.93585100
vt 0.87338000 0.43521700
vt 0.48998400 0.93585100
vt 0.48998400 0.93585100
vt 0.48998400 0.93585100
vt 0.87337600 0.44869600
vt 0.87337600 0.44869600
vt 0.87337600 0.44869600
vt 0.87337600 0.44869600
vt 0.87337600 0.44869600
vt 0.48952600 0.93908800
vt 0.48952600 0.93908800
vt 0.99087200 0.58644400
vt 0.48952600 0.93908800
vt 0.48952600 0.93908800
vt 0.48952600 0.93908800
vt 0.99928500 0.73020800
vt 0.87337500 0.44596600
vt 0.87337500 0.44596600
vt 0.87337500 0.44596600
vt 0.87337500 0.44596600
vt 0.87337500 0.44596600
vt 0.87337500 0.44596600
vt 0.87337500 0.44596600
vt 0.27169300 0.99789900
vt 0.92401600 0.89783100
vt 0.92401600 0.89783100
vt 0.92401600 0.89783100
vt 0.92401600 0.89783100
vt 0.92161800 0.89828900
vt 0.92161800 0.89828900
vt 0.92161800 0.89828900
vt 0.99172100 0.41453900
vt 0.92161800 0.89828900
vt 0.92161800 0.89828900
vt 0.48955200 0.94094000
vt 0.48955200 0.94094000
vt 0.99854500 0.72851400
vt 0.48955200 0.94094000
vt 0.48955200 0.94094000
vt 0.87338300 0.44326500
vt 0.87338300 0.44326500
vt 0.87338300 0.44326500
vt 0.87338300 0.44326500
vt 0.87338300 0.44326500
vt 0.91913200 0.89912400
vt 0.91913200 0.89912400
vt 0.85550900 0.98033000
vt 0.91913200 0.89912400
vt 0.87339000 0.45411200
vt 0.91913200 0.89912400
vt 0.91913200 0.89912400
vt 0.87337600 0.44018500
vt 0.87337600 0.44018500
vt 0.87337600 0.44018500
vt 0.87337600 0.44018500
vt 0.87337600 0.44018500
vt 0.87337600 0.44018500
vt 0.87338900 0.45169500
vt 0.87338900 0.45169500
vt 0.87338900 0.45169500
vt 0.91611000 0.90119900
vt 0.87338900 0.45169500
vt 0.87338900 0.45169500
vt 0.49100600 0.93323300
vt 0.87338900 0.43718200
vt 0.87338900 0.43718200
vt 0.87338900 0.43718200
vt 0.87338900 0.43718200
vt 0.49100600 0.93323300
vt 0.92952200 0.89840500
vt 0.94375300 0.66194200
vt 0.94375300 0.66194200
vt 0.92952200 0.89840500
vt 0.92952200 0.89840500
vt 0.92952200 0.89840500
vt 0.94375800 0.64824300
vt 0.94375800 0.64824300
vt 0.98618500 0.61386200
vt 0.94375800 0.64824300
vt 0.94375800 0.64824300
vt 0.94375200 0.65164600
vt 0.94375200 0.65164600
vt 0.94375200 0.65164600
vt 0.94375200 0.65164600
vt 0.94375200 0.65164600
vt 0.94375200 0.65164600
vt 0.23606400 0.36368000
vt 0.92587500 0.89780400
vt 0.92587500 0.89780400
vt 0.92587500 0.89780400
vt 0.24050200 0.98903200
vt 0.92587500 0.89780400
vt 0.91273300 0.98972400
vt 0.92587500 0.89780400
vt 0.27243600 0.99959900
vt 0.08710200 0.97933900
vt 0.48999600 0.94337900
vt 0.48999600 0.94337900
vt 0.48999600 0.94337900
vt 0.48999600 0.94337900
vt 0.48999600 0.94337900
vt 0.48999600 0.94337900
vt 0.48999600 0.94337900
vt 0.94376200 0.65562300
vt 0.94376200 0.65562300
vt 0.94376200 0.65562300
vt 0.94376200 0.65562300
vt 0.94376200 0.65562300
vt 0.94376200 0.65562300
vt 0.94375200 0.64351100
vt 0.49102300 0.94625900
vt 0.49102300 0.94625900
vt 0.49102300 0.94625900
vt 0.49102300 0.94625900
vt 0.49102300 0.94625900
vt 0.94374800 0.65924200
vt 0.94374800 0.65924200
vt 0.94374800 0.65924200
vt 0.93267400 0.89995800
vt 0.93267400 0.89995800
vt 0.94374800 0.65924200
vt 0.94375700 0.64565200
vt 0.94375700 0.64565200
vt 0.98761500 0.61185300
vt 0.49276100 0.94887900
vt 0.51066600 0.99630100
vt 0.94375700 0.64565200
vt 0.49642300 0.25129400
vt 0.93757400 0.42608300
vt 0.93757400 0.42608300
vt 0.63263500 0.85057400
vt 0.93757400 0.42608300
vt 0.10951200 0.59941700
vt 0.49675100 0.25076200
vt 0.49675100 0.25076200
vt 0.63304400 0.85004400
vt 0.49675100 0.25076200
vt 0.49675100 0.25076200
vt 0.43528400 0.99377300
vt 0.92317200 0.89436600
vt 0.05916700 0.99562700
vt 0.34279500 0.98895300
vt 0.06130900 0.99123700
vt 0.24041600 0.97762200
vt 0.98279700 0.89435600
vt 0.98279700 0.89435600
vt 0.43528400 0.98876500
vt 0.24041600 0.97762200
vt 0.24041600 0.97762200
vt 0.93679700 0.42806400
vt 0.49624700 0.24917500
vt 0.91012700 0.98103600
vt 0.49624700 0.24917500
vt 0.24050200 0.97614900
vt 0.93679700 0.42806400
vt 0.24050200 0.97614900
vt 0.23606400 0.35458600
vt 0.92312200 0.89686700
vt 0.92312200 0.89686700
vt 0.92312200 0.89686700
vt 0.92312200 0.89686700
vt 0.27243600 0.99679500
vt 0.24049600 0.98505700
vt 0.24049600 0.98505700
vt 0.34494300 0.98803700
vt 0.24049600 0.98505700
vt 0.23592700 0.36086900
vt 0.06130900 0.99654200
vt 0.91273300 0.97956500
vt 0.93531900 0.43066000
vt 0.93087000 0.66238400
vt 0.93531900 0.43066000
vt 0.92775900 0.88913700
vt 0.93087500 0.66050300
vt 0.93332200 0.43277600
vt 0.93087500 0.66050300
vt 0.93087500 0.66050300
vt 0.93016200 0.43444700
vt 0.93088000 0.65687100
vt 0.93088000 0.65687100
vt 0.93088000 0.65687100
vt 0.92701800 0.43427300
vt 0.93088200 0.65253700
vt 0.93088200 0.65253700
vt 0.93088200 0.65253700
vt 0.93088100 0.64969300
vt 0.93088100 0.64969300
vt 0.93088100 0.64969300
vt 0.92522200 0.43323500
vt 0.93087800 0.64690100
vt 0.93087800 0.64690100
vt 0.92368400 0.43143300
vt 0.93087800 0.64690100
vt 0.93087200 0.64414500
vt 0.93087200 0.64414500
vt 0.92255600 0.42830500
vt 0.48207700 0.94840800
vt 0.92255600 0.42830500
vt 0.92248200 0.42411200
vt 0.48046800 0.94453300
vt 0.48046800 0.94453300
vt 0.48046800 0.94453300
vt 0.48046800 0.94453300
vt 0.50620300 0.24917500
vt 0.92248200 0.42411200
vt 0.92248200 0.42411200
vt 0.48046800 0.94453300
vt 0.48046800 0.94453300
vt 0.48152700 0.94433000
vt 0.72290400 0.99251400
vt 0.08710600 0.99080800
vt 0.08710600 0.99080800
vt 0.48152700 0.94433000
vt 0.48152700 0.94433000
vt 0.48152700 0.94433000
vt 0.08710900 0.99191800
vt 0.50601500 0.24925200
vt 0.48070900 0.94442500
vt 0.48070900 0.94442500
vt 0.08710900 0.98330300
vt 0.08710900 0.98330300
vt 0.48706900 0.94367900
vt 0.48706900 0.94367900
vt 0.48706900 0.94367900
vt 0.67185800 0.99256500
vt 0.50572500 0.25179400
vt 0.48047200 0.94189100
vt 0.50572500 0.25179400
vt 0.50572500 0.25179400
vt 0.50572500 0.25179400
vt 0.66990800 0.99164200
vt 0.48591300 0.94185200
vt 0.48591300 0.94185200
vt 0.48591300 0.94185200
vt 0.72299700 0.99655400
vt 0.72299700 0.99655400
vt 0.99080400 0.57503200
vt 0.48109000 0.94031200
vt 0.28979500 0.99315600
vt 0.99080400 0.57503200
vt 0.48109000 0.94031200
vt 0.48109000 0.94031200
vt 0.99928500 0.72742600
vt 0.48853400 0.94185500
vt 0.48853400 0.94185500
vt 0.48853400 0.94185500
vt 0.48853400 0.94185500
vt 0.34494300 0.99308500
vt 0.23931000 0.97904100
vt 0.98100400 0.89429600
vt 0.23931000 0.97904100
vt 0.23857900 0.97886700
vt 0.23857900 0.97886700
vt 0.23857900 0.97886700
vt 0.49952600 0.24921900
vt 0.23857900 0.97886700
vt 0.92477700 0.88933700
vt 0.92477700 0.88933700
vt 0.49952600 0.24921900
vt 0.99055200 0.42451700
vt 0.34084200 0.99309700
vt 0.98097800 0.89839600
vt 0.98097800 0.89839600
vt 0.99055200 0.42451700
vt 0.92133500 0.89549900
vt 0.99172000 0.41850000
vt 0.99172000 0.41850000
vt 0.92133500 0.89549900
vt 0.92133500 0.89549900
vt 0.92133500 0.89549900
vt 0.34084600 0.98805100
vt 0.98982200 0.42469300
vt 0.49952600 0.25331900
vt 0.98982200 0.42469300
vt 0.92070400 0.88980900
vt 0.98982200 0.42469300
vt 0.98982200 0.42469300
vt 0.49952600 0.25331900
vt 0.92070400 0.88980900
vt 0.92078400 0.89021300
vt 0.99171900 0.42600600
vt 0.99171900 0.42600600
vt 0.92078400 0.89021300
vt 0.43156400 0.99034300
vt 0.98286400 0.89839600
vt 0.92078400 0.89021300
vt 0.49647400 0.25331000
vt 0.63304400 0.85258900
vt 0.92070400 0.88943300
vt 0.99172100 0.42711500
vt 0.10919900 0.59742500
vt 0.92365300 0.42011800
vt 0.28898300 0.99245100
vt 0.99087200 0.57356000
vt 0.50620300 0.25333700
vt 0.92365300 0.42011800
vt 0.50620300 0.25333700
vt 0.92445400 0.41854100
vt 0.28979500 0.99088400
vt 0.92445400 0.41854100
vt 0.48013900 0.93864000
vt 0.48013900 0.93864000
vt 0.48013900 0.93864000
vt 0.92445400 0.41854100
vt 0.48013900 0.93864000
vt 0.99087100 0.58246700
vt 0.66776100 0.99254400
vt 0.48661300 0.93960800
vt 0.48661300 0.93960800
vt 0.48661300 0.93960800
vt 0.99087100 0.58246700
vt 0.88625800 0.43619200
vt 0.92651000 0.41596300
vt 0.88625800 0.43619200
vt 0.92651000 0.41596300
vt 0.48098900 0.93550000
vt 0.88625700 0.43853500
vt 0.88625700 0.43853500
vt 0.92869000 0.41438200
vt 0.88625700 0.43853500
vt 0.88625700 0.44137700
vt 0.88625700 0.44137700
vt 0.93099700 0.41364400
vt 0.88625700 0.44137700
vt 0.88625700 0.44137700
vt 0.92970900 0.41282100
vt 0.88215600 0.44339800
vt 0.88215600 0.44339800
vt 0.88215600 0.44339800
vt 0.88215600 0.44339800
vt 0.31525200 0.99592000
vt 0.31525200 0.99898600
vt 0.31525200 0.99898600
vt 0.88625700 0.44336100
vt 0.93244900 0.41367500
vt 0.88215600 0.44552100
vt 0.93114900 0.41325500
vt 0.88215600 0.44552100
vt 0.93114900 0.41325500
vt 0.88215600 0.44552100
vt 0.93392300 0.41408400
vt 0.93392300 0.41408400
vt 0.88625700 0.44552100
vt 0.88625700 0.44750400
vt 0.88625700 0.44750400
vt 0.88625700 0.44750400
vt 0.93517700 0.41480300
vt 0.88625700 0.44750400
vt 0.88625700 0.45034400
vt 0.93674900 0.41661700
vt 0.88625700 0.45034400
vt 0.88625700 0.45034400
vt 0.93776400 0.41908300
vt 0.85550900 0.99065300
vt 0.93776400 0.41908300
vt 0.88625800 0.45268300
vt 0.88625800 0.45268300
vt 0.91899100 0.88974200
vt 0.10951200 0.59562700
vt 0.91899100 0.88974200
vt 0.93814100 0.42233700
vt 0.85283600 0.98875600
vt 0.91899100 0.88974200
vt 0.92269300 0.41921900
vt 0.92269300 0.41921900
vt 0.83239100 0.96140600
vt 0.94646900 0.63607500
vt 0.74591900 0.91987600
vt 0.92269300 0.41921900
vt 0.92269300 0.41921900
vt 0.31511200 0.81963100
vt 0.31511200 0.81963100
vt 0.92887300 0.41253700
vt 0.31511200 0.81963100
vt 0.31511400 0.81565400
vt 0.92511000 0.41543600
vt 0.92511000 0.41543600
vt 0.31511400 0.81565400
vt 0.83239100 0.95695600
vt 0.74198500 0.91774000
vt 0.92511000 0.41543600
vt 0.93430100 0.43375600
vt 0.57329900 0.91994300
vt 0.57329900 0.91994300
vt 0.93430100 0.43375600
vt 0.57329400 0.92286700
vt 0.57329400 0.92286700
vt 0.57329400 0.92286700
vt 0.93162800 0.43555000
vt 0.93683200 0.43076800
vt 0.93683200 0.43076800
vt 0.93683200 0.43076800
vt 0.93683200 0.43076800
vt 0.94394700 0.38258100
vt 0.93683200 0.43076800
vt 0.93683200 0.43076800
vt 0.57329100 0.92681400
vt 0.57329100 0.92681400
vt 0.92851600 0.43625400
vt 0.57329100 0.92681400
vt 0.93870400 0.42654700
vt 0.93870400 0.42654700
vt 0.93870400 0.42654700
vt 0.94271200 0.37813200
vt 0.57329100 0.93060900
vt 0.57329100 0.93060900
vt 0.57329100 0.93060900
vt 0.92588800 0.43566600
vt 0.93945300 0.42158500
vt 0.93945300 0.42158500
vt 0.93945300 0.42158500
vt 0.93945300 0.42158500
vt 0.94270000 0.37311200
vt 0.94270000 0.37311200
vt 0.93945300 0.42158500
vt 0.57329400 0.93509000
vt 0.57329400 0.93509000
vt 0.57329400 0.93509000
vt 0.57329400 0.93509000
vt 0.92319300 0.43356200
vt 0.93860000 0.41704300
vt 0.93860000 0.41704300
vt 0.31510900 0.83459100
vt 0.31510900 0.83459100
vt 0.83235200 0.96958100
vt 0.57330100 0.93895400
vt 0.57330100 0.93895400
vt 0.92146700 0.42967800
vt 0.31510900 0.83180900
vt 0.93724200 0.41463500
vt 0.31510900 0.83180900
vt 0.94646900 0.64278300
vt 0.92110400 0.42573200
vt 0.92110400 0.42573200
vt 0.83235200 0.96562200
vt 0.92110400 0.42573200
vt 0.75043900 0.92483200
vt 0.83235200 0.96562200
vt 0.31511000 0.82825800
vt 0.93517800 0.41271400
vt 0.31511000 0.82825800
vt 0.31511000 0.82825800
vt 0.31511000 0.82825800
vt 0.93417300 0.41321700
vt 0.93417300 0.41321700
vt 0.97412500 0.73476900
vt 0.94618500 0.63946200
vt 0.94618500 0.63946200
vt 0.92159900 0.42244000
vt 0.31435000 0.99897100
vt 0.93269900 0.41280800
vt 0.97628400 0.73476900
vt 0.31511000 0.82401900
vt 0.31511000 0.82401900
vt 0.93228400 0.41191600
vt 0.31511000 0.82401900
vt 0.31593400 0.83503300
vt 0.94453800 0.36913700
vt 0.94453800 0.36913700
vt 0.94453800 0.36913700
vt 0.94453800 0.36913700
vt 0.93933700 0.41771900
vt 0.73548100 0.91778400
vt 0.73548100 0.91778400
vt 0.73548100 0.91778400
vt 0.31593400 0.82135200
vt 0.31593400 0.82135200
vt 0.31593400 0.82135200
vt 0.94334800 0.37283100
vt 0.94334800 0.37283100
vt 0.94334800 0.37283100
vt 0.94334800 0.37283100
vt 0.94334800 0.37283100
vt 0.74783000 0.92231900
vt 0.74783000 0.92231900
vt 0.94553900 0.63912900
vt 0.74783000 0.92231900
vt 0.74783000 0.92231900
vt 0.74783000 0.92231900
vt 0.94553900 0.63912900
vt 0.73323700 0.91885500
vt 0.95136400 0.36447300
vt 0.31592900 0.82463600
vt 0.31592900 0.82463600
vt 0.31592900 0.82463600
vt 0.74464700 0.91970300
vt 0.74464700 0.91970300
vt 0.83171700 0.96054600
vt 0.74464700 0.91970300
vt 0.74464700 0.91970300
vt 0.74464700 0.91970300
vt 0.94899600 0.36485700
vt 0.31593200 0.82801500
vt 0.31593200 0.82801500
vt 0.94899600 0.36485700
vt 0.94899600 0.36485700
vt 0.94318300 0.37739300
vt 0.93945300 0.42607800
vt 0.94318300 0.37739300
vt 0.94318300 0.37739300
vt 0.94318300 0.37739300
vt 0.74140700 0.91810400
vt 0.74140700 0.91810400
vt 0.74140700 0.91810400
vt 0.74140700 0.91810400
vt 0.31593300 0.81578700
vt 0.31592800 0.83163600
vt 0.31592800 0.83163600
vt 0.31592800 0.83163600
vt 0.94659400 0.36632700
vt 0.94659400 0.36632700
vt 0.31592800 0.83163600
vt 0.31593100 0.81842000
vt 0.73815000 0.91749200
vt 0.31593100 0.81842000
vt 0.31593100 0.81842000
vt 0.73815000 0.91749200
vt 0.75145500 0.92836200
vt 0.75145500 0.92836200
vt 0.57412100 0.93932200
vt 0.83171700 0.96883200
vt 0.75145500 0.92836200
vt 0.83171700 0.96883200
vt 0.95007000 0.38856800
vt 0.57411600 0.92427700
vt 0.95007000 0.38856800
vt 0.57411600 0.92427700
vt 0.95007000 0.38856800
vt 0.57411600 0.92427700
vt 0.95270700 0.38918000
vt 0.57411000 0.92784500
vt 0.74922300 0.93777800
vt 0.57411000 0.92784500
vt 0.57411000 0.92784500
vt 0.75007400 0.92535300
vt 0.75007400 0.92535300
vt 0.83178800 0.96554300
vt 0.75007400 0.92535300
vt 0.94416200 0.38151100
vt 0.94416200 0.38151100
vt 0.94416200 0.38151100
vt 0.93788800 0.43001000
vt 0.94416200 0.38151100
vt 0.94416200 0.38151100
vt 0.57411400 0.93122400
vt 0.75087000 0.93600700
vt 0.57411400 0.93122400
vt 0.57411400 0.93122400
vt 0.75087000 0.93600700
vt 0.75087000 0.93600700
vt 0.94577400 0.38475900
vt 0.94577400 0.38475900
vt 0.93581600 0.43298700
vt 0.94577400 0.38475900
vt 0.57412100 0.91900600
vt 0.94577400 0.38475900
vt 0.75188800 0.93334700
vt 0.75188800 0.93334700
vt 0.57411300 0.93484700
vt 0.75188800 0.93334700
vt 0.57411300 0.93484700
vt 0.57411600 0.92140000
vt 0.57411600 0.92140000
vt 0.57411600 0.92140000
vt 0.94780100 0.38706000
vt 0.94780100 0.38706000
vt 0.57411800 0.93731500
vt 0.57411800 0.93731500
vt 0.75192900 0.93088200
vt 0.75192900 0.93088200
vt 0.57411800 0.93731500
vt 0.74640000 0.93717500
vt 0.95268600 0.38673300
vt 0.74640000 0.93717500
vt 0.74640000 0.93717500
vt 0.74640000 0.93717500
vt 0.74640000 0.93717500
vt 0.95268600 0.38673300
vt 0.74841700 0.92768000
vt 0.74841700 0.92768000
vt 0.74841700 0.92768000
vt 0.74841700 0.92768000
vt 0.74841700 0.92768000
vt 0.74841700 0.92768000
vt 0.74841700 0.92768000
vt 0.94561400 0.37606200
vt 0.73434400 0.93301800
vt 0.94561400 0.37606200
vt 0.73434400 0.93301800
vt 0.73434400 0.93301800
vt 0.94561400 0.37606200
vt 0.73434400 0.93301800
vt 0.94561400 0.37606200
vt 0.73924400 0.93686100
vt 0.73924400 0.93686100
vt 0.73924400 0.93686100
vt 0.94719700 0.38209400
vt 0.94719700 0.38209400
vt 0.94719700 0.38209400
vt 0.74516200 0.92328600
vt 0.74516200 0.92328600
vt 0.16218000 0.98513300
vt 0.74516200 0.92328600
vt 0.16218000 0.98513300
vt 0.74516200 0.92328600
vt 0.74882800 0.93451500
vt 0.74882800 0.93451500
vt 0.74882800 0.93451500
vt 0.74882800 0.93451500
vt 0.74882800 0.93451500
vt 0.74882800 0.93451500
vt 0.74931600 0.93149500
vt 0.74931600 0.93149500
vt 0.74931600 0.93149500
vt 0.74931600 0.93149500
vt 0.74931600 0.93149500
vt 0.74931600 0.93149500
vt 0.74303700 0.93777800
vt 0.74303700 0.93777800
vt 0.94965600 0.38514400
vt 0.94965600 0.38514400
vt 0.94965600 0.38514400
vt 0.74303700 0.93777800
vt 0.94965600 0.38514400
vt 0.73419800 0.92099000
vt 0.95270700 0.36650300
vt 0.73419800 0.92099000
vt 0.73419800 0.92099000
vt 0.73419800 0.92099000
vt 0.95270700 0.36650300
vt 0.73419800 0.92099000
vt 0.73419800 0.92099000
vt 0.74121600 0.92084700
vt 0.16317200 0.98967800
vt 0.74121600 0.92084700
vt 0.74121600 0.92084700
vt 0.74121600 0.92084700
vt 0.74121600 0.92084700
vt 0.94849100 0.36811900
vt 0.94849100 0.36811900
vt 0.73183100 0.92488700
vt 0.73183100 0.92488700
vt 0.94849100 0.36811900
vt 0.94849100 0.36811900
vt 0.73183100 0.92488700
vt 0.73808600 0.92016600
vt 0.73808600 0.92016600
vt 0.73808600 0.92016600
vt 0.73808600 0.92016600
vt 0.73808600 0.92016600
vt 0.73808600 0.92016600
vt 0.73808600 0.92016600
vt 0.94652200 0.37124800
vt 0.94652200 0.37124800
vt 0.94652200 0.37124800
vt 0.73215900 0.92860500
vt 0.73215900 0.92860500
vt 0.74073700 0.93699000
vt 0.93518700 0.86584200
vt 0.75276600 0.24363000
vt 0.74073700 0.93699000
vt 0.74073700 0.93699000
vt 0.99182200 0.45230500
vt 0.93518700 0.86584200
vt 0.74397400 0.93727900
vt 0.99182700 0.44938000
vt 0.99182700 0.44938000
vt 0.74397400 0.93727900
vt 0.74397400 0.93727900
vt 0.99182700 0.44938000
vt 0.58354800 0.96516000
vt 0.75124900 0.24678200
vt 0.93518700 0.86934000
vt 0.73762800 0.93541100
vt 0.73762800 0.93541100
vt 0.73762800 0.93541100
vt 0.74665000 0.93639500
vt 0.74665000 0.93639500
vt 0.74665000 0.93639500
vt 0.99183100 0.44585800
vt 0.99183100 0.44585800
vt 0.99183100 0.44585800
vt 0.99183100 0.44585800
vt 0.73475500 0.93283900
vt 0.74875000 0.24972200
vt 0.58354800 0.96901800
vt 0.19705100 0.95317000
vt 0.73475500 0.93283900
vt 0.19705100 0.95317000
vt 0.58354800 0.96901800
vt 0.99183100 0.44212100
vt 0.99183100 0.44212100
vt 0.74832100 0.93428100
vt 0.99183100 0.44212100
vt 0.74832100 0.93428100
vt 0.73250600 0.92847900
vt 0.19705100 0.95805100
vt 0.73250600 0.92847900
vt 0.73250600 0.92847900
vt 0.99355200 0.25609000
vt 0.99355200 0.25609000
vt 0.74446900 0.25207300
vt 0.73250600 0.92847900
vt 0.89319300 0.96746100
vt 0.99182900 0.43872600
vt 0.99182900 0.43872600
vt 0.74891300 0.93142700
vt 0.74891300 0.93142700
vt 0.74891300 0.93142700
vt 0.73244700 0.92452700
vt 0.99355300 0.25991600
vt 0.99355300 0.25991600
vt 0.99355300 0.25991600
vt 0.73244700 0.92452700
vt 0.73244700 0.92452700
vt 0.22605900 0.95840800
vt 0.95664500 0.62073000
vt 0.74771100 0.92715500
vt 0.95664500 0.62073000
vt 0.89319300 0.96308300
vt 0.16317200 0.98062100
vt 0.74771100 0.92715500
vt 0.99355300 0.26462700
vt 0.73433700 0.92164200
vt 0.73433700 0.92164200
vt 0.99355300 0.26462700
vt 0.99355300 0.26462700
vt 0.16258900 0.98572600
vt 0.22605900 0.95326400
vt 0.44141000 0.96032000
vt 0.95582300 0.62581000
vt 0.74445700 0.92317000
vt 0.16258900 0.98572600
vt 0.99355200 0.26837900
vt 0.73715000 0.92066500
vt 0.99355200 0.26837900
vt 0.73715000 0.92066500
vt 0.73715000 0.92066500
vt 0.99355200 0.26837900
vt 0.74030200 0.92095300
vt 0.99355100 0.27122500
vt 0.74030200 0.92095300
vt 0.74030200 0.92095300
vt 0.95692200 0.63038900
vt 0.44141000 0.95563900
vt 0.96095200 0.61601900
vt 0.96095200 0.61601900
vt 0.96095200 0.61601900
vt 0.99122900 0.44071300
vt 0.99122900 0.44071300
vt 0.99122900 0.44071300
vt 0.95873900 0.61780800
vt 0.89264600 0.96624600
vt 0.95873900 0.61780800
vt 0.99124700 0.43780700
vt 0.95873900 0.61780800
vt 0.95873900 0.61780800
vt 0.95873900 0.61780800
vt 0.95714700 0.62062300
vt 0.95714700 0.62062300
vt 0.95714700 0.62062300
vt 0.95714700 0.62062300
vt 0.95714700 0.62062300
vt 0.95632600 0.62388000
vt 0.95632600 0.62388000
vt 0.95632600 0.62388000
vt 0.22546200 0.95518100
vt 0.95632600 0.62388000
vt 0.58307800 0.96767100
vt 0.74940700 0.24846100
vt 0.74940700 0.24846100
vt 0.58303300 0.96670500
vt 0.75004500 0.24773400
vt 0.75004500 0.24773400
vt 0.58303300 0.96670500
vt 0.75004500 0.24773400
vt 0.75004500 0.24773400
vt 0.75132000 0.24595400
vt 0.93473800 0.86879800
vt 0.93473800 0.86879800
vt 0.75132000 0.24595400
vt 0.75132000 0.24595400
vt 0.75227400 0.24382200
vt 0.75227400 0.24382200
vt 0.75227400 0.24382200
vt 0.93476600 0.86647600
vt 0.75227400 0.24382200
vt 0.75264700 0.24162900
vt 0.99117600 0.45087900
vt 0.75264700 0.24162900
vt 0.99117600 0.45087900
vt 0.75264700 0.24162900
vt 0.75264700 0.24162900
vt 0.75264700 0.24162900
vt 0.75263100 0.23942900
vt 0.99127100 0.44863200
vt 0.99127100 0.44863200
vt 0.99127100 0.44863200
vt 0.99127100 0.44863200
vt 0.99128400 0.44584600
vt 0.99128400 0.44584600
vt 0.99128400 0.44584600
vt 0.99128400 0.44584600
vt 0.75175600 0.23749200
vt 0.99128700 0.44303400
vt 0.99128700 0.44303400
vt 0.99128700 0.44303400
vt 0.96261700 0.61538100
vt 0.99128700 0.44303400
vt 0.95649400 0.62800000
vt 0.95649400 0.62800000
vt 0.95649400 0.62800000
vt 0.44078900 0.95827500
vt 0.95649400 0.62800000
vt 0.95649400 0.62800000
vt 0.95786000 0.63136300
vt 0.95786000 0.63136300
vt 0.99300500 0.27036200
vt 0.99300500 0.27036200
vt 0.95786000 0.63136300
vt 0.99298300 0.26730300
vt 0.95992600 0.63359400
vt 0.95992600 0.63359400
vt 0.99298300 0.26730300
vt 0.99298300 0.26730300
vt 0.99298300 0.26730300
vt 0.95992600 0.63359400
vt 0.73849300 0.25118300
vt 0.99300200 0.26247900
vt 0.99300200 0.26247900
vt 0.99300200 0.26247900
vt 0.99300200 0.26247900
vt 0.99300600 0.25881200
vt 0.74125500 0.25207300
vt 0.99300600 0.25881200
vt 0.74125500 0.25207300
vt 0.99300600 0.25881200
vt 0.74313800 0.25193700
vt 0.74313800 0.25193700
vt 0.74313800 0.25193700
vt 0.99291900 0.25694700
vt 0.74313800 0.25193700
vt 0.74313800 0.25193700
vt 0.74313800 0.25193700
vt 0.19651700 0.95653400
vt 0.19651700 0.95653400
vt 0.74546700 0.25125600
vt 0.74546700 0.25125600
vt 0.74546700 0.25125600
vt 0.74772800 0.24996300
vt 0.74772800 0.24996300
vt 0.74772800 0.24996300
vt 0.19656100 0.95393100
vt 0.74772800 0.24996300
vt 0.74772800 0.24996300
vt 0.95865200 0.62566900
vt 0.95865200 0.62566900
vt 0.95865200 0.62566900
vt 0.95865200 0.62566900
vt 0.95865200 0.62566900
vt 0.95865200 0.62566900
vt 0.95865200 0.62566900
vt 0.96073200 0.62719700
vt 0.73888700 0.24160800
vt 0.73888700 0.24160800
vt 0.96073200 0.62719700
vt 0.96073200 0.62719700
vt 0.95972400 0.62990000
vt 0.95972400 0.62990000
vt 0.95972400 0.62990000
vt 0.95972400 0.62990000
vt 0.95972400 0.62990000
vt 0.95972400 0.62990000
vt 0.96168100 0.63145700
vt 0.73758300 0.24619300
vt 0.73758300 0.24619300
vt 0.73758300 0.24619300
vt 0.96168100 0.63145700
vt 0.96168100 0.63145700
vt 0.96392600 0.63376500
vt 0.73874800 0.25035500
vt 0.73874800 0.25035500
vt 0.73874800 0.25035500
vt 0.73874800 0.25035500
vt 0.73874800 0.25035500
vt 0.99232400 0.26235600
vt 0.73874800 0.25035500
vt 0.99601200 0.86656400
vt 0.74618200 0.25000500
vt 0.24626700 0.94331500
vt 0.74618200 0.25000500
vt 0.99927500 0.52011600
vt 0.74618200 0.25000500
vt 0.74618200 0.25000500
vt 0.75161400 0.23849600
vt 0.75161400 0.23849600
vt 0.75161400 0.23849600
vt 0.75161400 0.23849600
vt 0.75161400 0.23849600
vt 0.99079100 0.44716500
vt 0.75161400 0.23849600
vt 0.96116000 0.62192500
vt 0.96116000 0.62192500
vt 0.96116000 0.62192500
vt 0.96116000 0.62192500
vt 0.74267300 0.23791300
vt 0.96211900 0.61895800
vt 0.74578700 0.23673100
vt 0.96211900 0.61895800
vt 0.74578700 0.23673100
vt 0.74578700 0.23673100
vt 0.96211900 0.61895800
vt 0.74932500 0.23696300
vt 0.74932500 0.23696300
vt 0.74932500 0.23696300
vt 0.99020400 0.44392700
vt 0.96392600 0.61676100
vt 0.96392600 0.61676100
vt 0.74932500 0.23696300
vt 0.44139700 0.94780200
vt 0.74978000 0.24412200
vt 0.74978000 0.24412200
vt 0.74978000 0.24412200
vt 0.99826000 0.84273000
vt 0.41398100 0.94094600
vt 0.99927500 0.52211100
vt 0.44139700 0.94116100
vt 0.74517500 0.24890600
vt 0.99927500 0.52211100
vt 0.74517500 0.24890600
vt 0.74517500 0.24890600
vt 0.74517500 0.24890600
vt 0.99926600 0.52120900
vt 0.74526300 0.24979500
vt 0.99926600 0.52120900
vt 0.99926600 0.52120900
vt 0.74526300 0.24979500
vt 0.99832500 0.84163700
vt 0.99832500 0.84163700
vt 0.75070900 0.24434100
vt 0.99832500 0.84163700
vt 0.75070900 0.24434100
vt 0.75070900 0.24434100
vt 0.99836100 0.84073700
vt 0.99836100 0.84073700
vt 0.75078600 0.24522000
vt 0.75078600 0.24522000
vt 0.75078600 0.24522000
vt 0.75078600 0.24522000
vt 0.75078600 0.24522000
vt 0.24626700 0.93667500
vt 0.95895400 0.62202800
vt 0.95895400 0.62202800
vt 0.95895400 0.62202800
vt 0.95895400 0.62202800
vt 0.99895600 0.84264700
vt 0.99462900 0.85960500
vt 0.41452700 0.94078200
vt 0.99895600 0.84264700
vt 0.99561000 0.85939000
vt 0.99895500 0.84129600
vt 0.99895500 0.84129600
vt 0.99895500 0.84129600
vt 0.99601200 0.86012300
vt 0.99601200 0.86012300
vt 0.99895500 0.84067800
vt 0.24578700 0.93688800
vt 0.99414700 0.86616800
vt 0.44086200 0.94136800
vt 0.99857500 0.52213400
vt 0.41452700 0.94736100
vt 0.99867700 0.52016800
vt 0.99553000 0.86668600
vt 0.99867700 0.52016800
vt 0.99553000 0.86668600
vt 0.99860800 0.52151700
vt 0.99454900 0.86690100
vt 0.99860800 0.52151700
vt 0.99860800 0.52151700
vt 0.93139800 0.41238800
vt 0.93139800 0.41238800
vt 0.97412500 0.73066900
vt 0.31438300 0.99593000
vt 0.97628400 0.73066900
vt 0.92992500 0.41197900
vt 0.31438300 0.99593000
vt 0.98896500 0.57627300
vt 0.50294500 0.25332200
vt 0.50294500 0.25332200
vt 0.98896500 0.57627300
vt 0.98896500 0.57627300
vt 0.98896500 0.57627300
vt 0.48077600 0.94028300
vt 0.48077600 0.94028300
vt 0.50296600 0.24922200
vt 0.08520900 0.98949600
vt 0.50296600 0.24922200
vt 0.08520900 0.98949600
vt 0.48123500 0.94435800
vt 0.48123500 0.94435800
vt 0.08520900 0.98949600
vt 0.08520900 0.98949600
vt 0.72478100 0.99250500
vt 0.08594000 0.98932000
vt 0.08594000 0.98932000
vt 0.72478100 0.99250500
vt 0.67185800 0.98749200
vt 0.98969600 0.57644900
vt 0.66775800 0.98746900
vt 0.72478100 0.99660500
vt 0.98969600 0.57644900
vt 0.78251700 0.96946800
vt 0.92354000 0.91879200
vt 0.92354000 0.91879200
vt 0.10625600 0.98639200
vt 0.78336500 0.96946800
vt 0.92361500 0.91938800
vt 0.63311800 0.99817900
vt 0.63311800 0.99817900
vt 0.63311800 0.99817900
vt 0.10486200 0.98358700
vt 0.10413000 0.98298400
vt 0.98048400 0.17355600
vt 0.99093200 0.09490700
vt 0.63311900 0.99898400
vt 0.90035100 0.99674900
vt 0.10277000 0.98319900
vt 0.97987700 0.17478900
vt 0.90035100 0.99674900
vt 0.99626900 0.50869500
vt 0.99626900 0.50869500
vt 0.63311900 0.99692200
vt 0.63311900 0.99692200
vt 0.10460300 0.98451700
vt 0.99626900 0.51007900
vt 0.90035200 0.99874400
vt 0.59363800 0.25316800
vt 0.10323000 0.98468100
vt 0.10114500 0.98636000
vt 0.94048600 0.75403800
vt 0.92869200 0.91879900
vt 0.90035100 0.99796100
vt 0.90035100 0.99796100
vt 0.10253900 0.98409600
vt 0.90035100 0.99796100
vt 0.93963900 0.75403800
vt 0.92861700 0.91820400
vt 0.92861700 0.91820400
vt 0.92511100 0.91685800
vt 0.63396600 0.99687300
vt 0.99565000 0.50887700
vt 0.63396600 0.99786600
vt 0.92461600 0.91621000
vt 0.63396600 0.99786600
vt 0.63396600 0.99786600
vt 0.59427900 0.25325000
vt 0.99559500 0.50983900
vt 0.92606900 0.91691700
vt 0.99559500 0.50983900
vt 0.92688000 0.91648500
vt 0.90119900 0.99832300
vt 0.59427900 0.25233700
vt 0.90119900 0.99832300
vt 0.92698700 0.91583300
vt 0.90119900 0.99742300
vt 0.90119900 0.99742300
vt 0.90119900 0.99742300
vt 0.63396600 0.99891200
vt 0.92512000 0.91540700
vt 0.99156200 0.09474000
vt 0.63396600 0.99891200
vt 0.92646000 0.91530700
vt 0.90119900 0.99659800
vt 0.98061700 0.17478900
vt 0.99156200 0.09608400
vt 0.81952800 0.98914200
vt 0.92286300 0.91341500
vt 0.92286300 0.91341500
vt 0.92293800 0.91401000
vt 0.82037600 0.98914200
vt 0.08075100 0.98618500
vt 0.09025500 0.99879200
vt 0.09025500 0.99879200
vt 0.96917500 0.28238000
vt 0.07935500 0.98332400
vt 0.07819500 0.98268800
vt 0.37948100 0.55363100
vt 0.96842000 0.28345100
vt 0.99388200 0.96539800
vt 0.99433600 0.39864200
vt 0.07703500 0.98330900
vt 0.99433600 0.39864200
vt 0.37862200 0.55460600
vt 0.07914700 0.98422700
vt 0.33362500 0.55439700
vt 0.09025600 0.99757200
vt 0.09025600 0.99757200
vt 0.59220900 0.25233700
vt 0.07819500 0.98453100
vt 0.59227400 0.25254000
vt 0.33442800 0.55380300
vt 0.68260700 0.98854200
vt 0.07563900 0.98615300
vt 0.92801500 0.91342200
vt 0.99433600 0.39742200
vt 0.33966500 0.55455300
vt 0.07724300 0.98421500
vt 0.59220900 0.25333100
vt 0.92794000 0.91282600
vt 0.92794000 0.91282600
vt 0.68345500 0.98854200
vt 0.92393200 0.91094300
vt 0.09110300 0.99824800
vt 0.09110300 0.99824800
vt 0.09110300 0.99824800
vt 0.92458600 0.91151900
vt 0.33442800 0.55460800
vt 0.09110300 0.99733100
vt 0.59292600 0.25326000
vt 0.59157200 0.25242100
vt 0.33966500 0.55380300
vt 0.92550800 0.91152000
vt 0.59292600 0.25233700
vt 0.99348900 0.39760100
vt 0.99348900 0.39760100
vt 0.92624300 0.91102800
vt 0.33896100 0.55432600
vt 0.92448000 0.91000100
vt 0.09110300 0.99948300
vt 0.99298100 0.96539800
vt 0.96917500 0.28360800
vt 0.37948100 0.55467400
vt 0.99348900 0.39899600
vt 0.99383700 0.96401300
vt 0.92610400 0.91005300
vt 0.66069500 0.93246000
vt 0.66069500 0.93246000
vt 0.10919900 0.59002100
vt 0.48679300 0.48351100
vt 0.27838900 0.99688200
vt 0.10950000 0.58369600
vt 0.69368500 0.99292800
vt 0.27838900 0.99494100
vt 0.27838900 0.99494100
vt 0.48679300 0.48157000
vt 0.22286600 0.81326100
vt 0.10949900 0.60706000
vt 0.66025700 0.93215300
vt 0.83562200 0.99775700
vt 0.83562200 0.99775700
vt 0.27887900 0.99644600
vt 0.27887900 0.99644600
vt 0.69324900 0.99323000
vt 0.27887900 0.99538000
vt 0.99574300 0.99722200
vt 0.83562200 0.99669100
vt 0.99574300 0.99569700
vt 0.99574300 0.99569700
vt 0.99574300 0.99569700
vt 0.69324900 0.99483100
vt 0.69324900 0.99483100
vt 0.99467900 0.99581400
vt 0.99583000 0.82643100
vt 0.66025900 0.93045000
vt 0.10919900 0.60920400
vt 0.69218100 0.99492500
vt 0.66025900 0.93045000
vt 0.48658000 0.48157200
vt 0.83611400 0.99625100
vt 0.99617800 0.99749700
vt 0.83611400 0.99625100
vt 0.10919900 0.58369600
vt 0.05426600 0.99192700
vt 0.83611400 0.99819100
vt 0.22323100 0.81288600
vt 0.10950000 0.59002100
vt 0.48658000 0.48351300
vt 0.99467500 0.99560100
vt 0.05382900 0.99382800
vt 0.99467500 0.99560100
vt 0.22323100 0.81485100
vt 0.10949900 0.60922500
vt 0.05382900 0.99382800
vt 0.59118600 0.24463400
vt 0.27838900 0.99694700
vt 0.48679700 0.56598200
vt 0.99762400 0.86424400
vt 0.78290100 0.99688600
vt 0.99718800 0.86454600
vt 0.27887900 0.99738500
vt 0.78290100 0.99688600
vt 0.27887900 0.99738500
vt 0.99746700 0.85225100
vt 0.87387300 0.55571800
vt 0.48679700 0.56792200
vt 0.87387300 0.55571800
vt 0.27838900 0.99888700
vt 0.27838900 0.99888700
vt 0.10919900 0.57737200
vt 0.10934900 0.60928900
vt 0.78290100 0.99795200
vt 0.27887900 0.99845100
vt 0.22286600 0.81529000
vt 0.87343400 0.55541000
vt 0.99746700 0.85072600
vt 0.99746700 0.85072600
vt 0.99718800 0.86614700
vt 0.99718800 0.86614700
vt 0.99746700 0.85072600
vt 0.10919900 0.61144900
vt 0.87343600 0.55370800
vt 0.93068800 0.99489100
vt 0.87343600 0.55370800
vt 0.99640400 0.85084400
vt 0.99612100 0.86624100
vt 0.59148600 0.24463400
vt 0.48658500 0.56598400
vt 0.99790300 0.85252700
vt 0.78339200 0.99644600
vt 0.78339200 0.99838700
vt 0.78339200 0.99838700
vt 0.10950000 0.57737200
vt 0.48658500 0.56792400
vt 0.44482200 0.99630500
vt 0.22323100 0.81491500
vt 0.99639900 0.85063100
vt 0.10950000 0.61144900
vt 0.22323100 0.81688000
vt 0.44445300 0.99439000
vt 0.99639900 0.85063100
vt 0.44445300 0.99439000
vt 0.90303000 0.10135000
vt 0.95184200 0.32465700
vt 0.90303000 0.10135000
vt 0.90303000 0.10135000
vt 0.95184200 0.32465700
vt 0.95184200 0.32465700
vt 0.95184200 0.32465700
vt 0.90289800 0.09990100
vt 0.95184300 0.32668200
vt 0.90289800 0.09990100
vt 0.95184300 0.32668200
vt 0.95184300 0.32668200
vt 0.90534500 0.09238100
vt 0.90534500 0.09238100
vt 0.90534500 0.09238100
vt 0.90534500 0.09238100
vt 0.90534500 0.09238100
vt 0.90534500 0.09238100
vt 0.90534500 0.09238100
vt 0.90532100 0.08488600
vt 0.50109400 0.89464900
vt 0.90532100 0.08488600
vt 0.50109400 0.89464900
vt 0.49914700 0.89892300
vt 0.90834800 0.08134100
vt 0.49914700 0.89892300
vt 0.90834800 0.08134100
vt 0.49914700 0.89892300
vt 0.90834800 0.08134100
vt 0.49914700 0.89892300
vt 0.98756400 0.32099400
vt 0.79559900 0.98283600
vt 0.79559900 0.98283600
vt 0.95184700 0.32842600
vt 0.90119900 0.09865000
vt 0.90119900 0.09865000
vt 0.90119900 0.09865000
vt 0.89487500 0.09236400
vt 0.89487500 0.09236400
vt 0.89487500 0.09236400
vt 0.89487500 0.09236400
vt 0.89487500 0.09236400
vt 0.89487500 0.09236400
vt 0.89487500 0.09236400
vt 0.98764300 0.32366900
vt 0.89853200 0.09887700
vt 0.79559900 0.98016100
vt 0.45630200 0.73928000
vt 0.89853200 0.09887700
vt 0.51501500 0.89435200
vt 0.51501500 0.89435200
vt 0.51501500 0.89435200
vt 0.89183400 0.08126000
vt 0.51501500 0.89435200
vt 0.89183400 0.08126000
vt 0.51501500 0.89435200
vt 0.51501500 0.89435200
vt 0.51501500 0.89435200
vt 0.89485200 0.08487000
vt 0.51114100 0.89170700
vt 0.89485200 0.08487000
vt 0.89719100 0.10022100
vt 0.89719100 0.10022100
vt 0.45630200 0.74116200
vt 0.89719100 0.10022100
vt 0.45630200 0.74116200
vt 0.45630200 0.74116200
vt 0.90848300 0.13302700
vt 0.90848300 0.13302700
vt 0.90848300 0.13302700
vt 0.90848300 0.13302700
vt 0.90848300 0.13302700
vt 0.90848300 0.13302700
vt 0.90848300 0.13302700
vt 0.90848300 0.13302700
vt 0.90848300 0.13302700
vt 0.90848300 0.13302700
vt 0.90848300 0.13302700
vt 0.86852200 0.99710300
vt 0.90121200 0.10278500
vt 0.41180800 0.97230500
vt 0.95184600 0.32265100
vt 0.90121200 0.10278500
vt 0.90121200 0.10278500
vt 0.89156800 0.13269000
vt 0.89156800 0.13269000
vt 0.91327900 0.36560500
vt 0.89156800 0.13269000
vt 0.91327900 0.36560500
vt 0.89156800 0.13269000
vt 0.50151500 0.84511600
vt 0.89156800 0.13269000
vt 0.89156800 0.13269000
vt 0.89156800 0.13269000
vt 0.93928000 0.32911800
vt 0.89863800 0.10257800
vt 0.41180800 0.97488400
vt 0.45630200 0.74445000
vt 0.89863800 0.10257800
vt 0.45630200 0.74305200
vt 0.89741200 0.10157500
vt 0.89741200 0.10157500
vt 0.45630200 0.74305200
vt 0.45630200 0.74305200
vt 0.91350500 0.36503900
vt 0.91350500 0.36503900
vt 0.89168100 0.13325300
vt 0.89168100 0.13325300
vt 0.69691100 0.83433100
vt 0.89157000 0.13378800
vt 0.89157000 0.13378800
vt 0.91401100 0.36478500
vt 0.99386000 0.09744400
vt 0.69691100 0.83433100
vt 0.91401100 0.36478500
vt 0.91401100 0.36478500
vt 0.69691100 0.83433100
vt 0.69691100 0.85148900
vt 0.90872800 0.13378800
vt 0.90872800 0.13378800
vt 0.91685800 0.33023500
vt 0.69691100 0.85148900
vt 0.69691100 0.85148900
vt 0.92394700 0.33025100
vt 0.49780000 0.84527700
vt 0.69166300 0.85153600
vt 0.92394700 0.33025100
vt 0.69166300 0.85153600
vt 0.00426300 0.99664000
vt 0.69388400 0.84946300
vt 0.69388400 0.84946300
vt 0.69388400 0.84946300
vt 0.97599600 0.95387300
vt 0.69388400 0.84946300
vt 0.69548100 0.84945800
vt 0.00641500 0.99664000
vt 0.69548100 0.84945800
vt 0.99386000 0.11262300
vt 0.98059300 0.34954600
vt 0.97599600 0.94095900
vt 0.69392900 0.83654900
vt 0.69392900 0.83654900
vt 0.84202500 0.91846200
vt 0.69392900 0.83654900
vt 0.98059300 0.33663200
vt 0.69552500 0.83654400
vt 0.83987300 0.91846200
vt 0.99268300 0.09976300
vt 0.92104000 0.36540400
vt 0.92104000 0.36540400
vt 0.48013900 0.84556300
vt 0.92104000 0.36540400
vt 0.92104000 0.36540400
vt 0.92104000 0.36540400
vt 0.91395000 0.36543400
vt 0.91395000 0.36543400
vt 0.91395000 0.36543400
vt 0.91395000 0.36543400
vt 0.91395000 0.36543400
vt 0.91395000 0.36543400
vt 0.91395000 0.36543400
vt 0.91395000 0.36543400
vt 0.69171100 0.83438400
vt 0.69171100 0.83438400
vt 0.92103900 0.36476500
vt 0.48065000 0.84511600
vt 0.69171100 0.83438400
vt 0.51583600 0.89406900
vt 0.91368100 0.43699200
vt 0.91368100 0.43699200
vt 0.91368100 0.43699200
vt 0.91368100 0.43699200
vt 0.51583600 0.89406900
vt 0.91368100 0.43699200
vt 0.91368100 0.43699200
vt 0.91368100 0.43699200
vt 0.91368100 0.43699200
vt 0.99867300 0.64318000
vt 0.91513800 0.41985800
vt 0.84011100 0.99354600
vt 0.99306500 0.59922300
vt 0.99306500 0.59922300
vt 0.99859000 0.90356300
vt 0.91491900 0.38275600
vt 0.91491900 0.38275600
vt 0.91491900 0.38275600
vt 0.99859000 0.90356300
vt 0.87772100 0.99731900
vt 0.91589800 0.38122300
vt 0.91589800 0.38122300
vt 0.91589800 0.38122300
vt 0.87772100 0.99731900
vt 0.87772100 0.99731900
vt 0.99790000 0.64318300
vt 0.91456500 0.42037800
vt 0.99790000 0.64318300
vt 0.43314200 0.99384100
vt 0.91456500 0.42037800
vt 0.91456500 0.42037800
vt 0.91625200 0.38229700
vt 0.91625200 0.38229700
vt 0.91625200 0.38229700
vt 0.91625200 0.38229700
vt 0.99180600 0.59925000
vt 0.99180600 0.59925000
vt 0.87670900 0.99733300
vt 0.91513800 0.38111500
vt 0.99873100 0.58279300
vt 0.91513800 0.38111500
vt 0.87833200 0.99730400
vt 0.99795800 0.58279600
vt 0.91456500 0.38163500
vt 0.99795800 0.58279600
vt 0.91456500 0.38163500
vt 0.99757600 0.90358100
vt 0.91456500 0.38163500
vt 0.84154800 0.99354500
vt 0.91626500 0.42076500
vt 0.99895100 0.31422200
vt 0.91626500 0.42076500
vt 0.84154800 0.99354500
vt 0.91626500 0.42076500
vt 0.91562400 0.42156000
vt 0.91562400 0.42156000
vt 0.43156400 0.99384000
vt 0.91562400 0.42156000
vt 0.99793400 0.31421000
vt 0.99793400 0.31421000
vt 0.91469700 0.42121500
vt 0.43248300 0.99383800
vt 0.43248300 0.99383800
vt 0.91469700 0.42121500
vt 0.43248300 0.99383800
vt 0.84072200 0.99354200
vt 0.84072200 0.99354200
vt 0.84072200 0.99354200
vt 0.91589800 0.41996600
vt 0.51695200 0.89979100
vt 0.48074400 0.89689000
vt 0.92103900 0.43787400
vt 0.48074400 0.89689000
vt 0.92103900 0.43787400
vt 0.51548300 0.89499400
vt 0.51548300 0.89499400
vt 0.51548300 0.89499400
vt 0.91393500 0.43784900
vt 0.91380700 0.43749000
vt 0.51582000 0.89453500
vt 0.91380700 0.43749000
vt 0.91380700 0.43749000
vt 0.51582000 0.89453500
vt 0.92104000 0.43732000
vt 0.92104000 0.43732000
vt 0.92104000 0.43732000
vt 0.92104000 0.43732000
vt 0.48013900 0.89649100
vt 0.92104000 0.43732000
vt 0.92104000 0.43732000
vt 0.49847000 0.89950300
vt 0.91673900 0.25768500
vt 0.91673900 0.25768500
vt 0.91673900 0.25768500
vt 0.91673900 0.25768500
vt 0.91673900 0.25768500
vt 0.91673900 0.25768500
vt 0.91673900 0.25768500
vt 0.49847000 0.89950300
vt 0.90895900 0.08171300
vt 0.91639100 0.25795200
vt 0.90895900 0.08171300
vt 0.49854400 0.89902800
vt 0.49909700 0.89979100
vt 0.49773300 0.90205500
vt 0.49909700 0.89979100
vt 0.91684400 0.25715300
vt 0.49909700 0.89979100
vt 0.49909700 0.89979100
vt 0.92394700 0.25777900
vt 0.49840500 0.89660300
vt 0.92394700 0.25777900
vt 0.92394700 0.25777900
vt 0.92394700 0.25777900
vt 0.92394700 0.25716400
vt 0.49792500 0.89703400
vt 0.92394700 0.25716400
vt 0.49792500 0.89703400
vt 0.92394700 0.32969500
vt 0.92394700 0.32969500
vt 0.92394700 0.32969500
vt 0.92394700 0.32969500
vt 0.92394700 0.32969500
vt 0.49840500 0.84567500
vt 0.92394700 0.32969500
vt 0.91893900 0.27367400
vt 0.12822400 0.99809100
vt 0.91893900 0.27367400
vt 0.12822400 0.99809100
vt 0.91893900 0.27367400
vt 0.12822400 0.99809100
vt 0.99555300 0.56206500
vt 0.12902400 0.99809300
vt 0.91796300 0.27350900
vt 0.91796300 0.27350900
vt 0.32083000 0.99775100
vt 0.32083000 0.99775100
vt 0.12739300 0.99809300
vt 0.91909600 0.27468200
vt 0.91909600 0.27468200
vt 0.91909600 0.27468200
vt 0.91909600 0.27468200
vt 0.99641900 0.56206800
vt 0.91741900 0.27420000
vt 0.99641900 0.56206800
vt 0.91741900 0.27420000
vt 0.99742100 0.70029000
vt 0.91741900 0.27420000
vt 0.99742100 0.70029000
vt 0.40672800 0.99747100
vt 0.85251900 0.99721000
vt 0.85251900 0.99721000
vt 0.91916400 0.31291100
vt 0.91916400 0.31291100
vt 0.91916400 0.31291100
vt 0.35395200 0.99822500
vt 0.85144300 0.99721000
vt 0.91865400 0.31392100
vt 0.91865400 0.31392100
vt 0.85144300 0.99721000
vt 0.91865400 0.31392100
vt 0.91658800 0.32936800
vt 0.91658800 0.32936800
vt 0.91658800 0.32936800
vt 0.91658800 0.32936800
vt 0.91658800 0.32936800
vt 0.91658800 0.32936800
vt 0.91658800 0.32936800
vt 0.90933800 0.13298000
vt 0.90933800 0.13298000
vt 0.91658800 0.32936800
vt 0.35309000 0.99822100
vt 0.91769000 0.31366600
vt 0.91769000 0.31366600
vt 0.35309000 0.99822100
vt 0.91741900 0.31294300
vt 0.91741900 0.31294300
vt 0.91741900 0.31294300
vt 0.99834100 0.96991500
vt 0.99834100 0.96991500
vt 0.35238700 0.99822500
vt 0.35238700 0.99822500
vt 0.91829700 0.31211700
vt 0.99713600 0.96991500
vt 0.40790100 0.99745100
vt 0.40790100 0.99745100
vt 0.91805300 0.27522500
vt 0.91805300 0.27522500
vt 0.99859500 0.70029000
vt 0.31971000 0.99775100
vt 0.31971000 0.99775100
vt 0.91805300 0.27522500
vt 0.91671500 0.32986600
vt 0.91671500 0.32986600
vt 0.90919500 0.13342400
vt 0.90919500 0.13342400
vt 0.91671500 0.32986600
vt 0.26076300 0.86377700
vt 0.35328300 0.99391600
vt 0.35328300 0.99391600
vt 0.85091300 0.99291300
vt 0.35328300 0.99391600
vt 0.35239200 0.99392000
vt 0.99833300 0.96561000
vt 0.26128400 0.86297600
vt 0.40790100 0.99314600
vt 0.99723700 0.96560900
vt 0.99723700 0.96560900
vt 0.26237000 0.86315300
vt 0.40679700 0.99316400
vt 0.40679700 0.99316400
vt 0.26237000 0.86428400
vt 0.85258800 0.99290700
vt 0.85175100 0.99290400
vt 0.85175100 0.99290400
vt 0.26144400 0.86463500
vt 0.85175100 0.99290400
vt 0.10516400 0.84451500
vt 0.99833100 0.69598400
vt 0.31966200 0.99344800
vt 0.99833100 0.69598400
vt 0.99744100 0.69598500
vt 0.99641900 0.55776300
vt 0.10564500 0.84368900
vt 0.12896000 0.99378800
vt 0.99532400 0.55776000
vt 0.10673900 0.84381300
vt 0.12896000 0.99378800
vt 0.99532400 0.55776000
vt 0.32129900 0.99345000
vt 0.10673900 0.84504900
vt 0.12774200 0.99378700
vt 0.12774200 0.99378700
vt 0.32038900 0.99344400
vt 0.32038900 0.99344400
vt 0.32038900 0.99344400
vt 0.10578100 0.84528900
vt 0.99873100 0.58709700
vt 0.99873100 0.58709700
vt 0.87833200 0.99299800
vt 0.87833200 0.99299800
vt 0.94428600 0.25561000
vt 0.99772300 0.89927400
vt 0.99772300 0.89927400
vt 0.99763900 0.58710400
vt 0.94317400 0.25540300
vt 0.99859000 0.89925600
vt 0.99306500 0.60352900
vt 0.94269900 0.25614400
vt 0.99218300 0.60354700
vt 0.99218300 0.60354700
vt 0.94324400 0.25705900
vt 0.99218300 0.60354700
vt 0.99139000 0.60356900
vt 0.87734900 0.99302000
vt 0.87734900 0.99302000
vt 0.94428600 0.25670500
vt 0.87414100 0.17352300
vt 0.99867300 0.64748400
vt 0.84003100 0.99785000
vt 0.99867300 0.64748400
vt 0.84003100 0.99785000
vt 0.43290000 0.99814400
vt 0.99758100 0.64749200
vt 0.87524100 0.17325700
vt 0.43290000 0.99814400
vt 0.43169500 0.99814400
vt 0.87524100 0.17205200
vt 0.43169500 0.99814400
vt 0.99777700 0.30990200
vt 0.84158600 0.99785000
vt 0.99895100 0.30991700
vt 0.87406900 0.17196500
vt 0.99895100 0.30991700
vt 0.84089600 0.99784700
vt 0.87369400 0.17264200
vt 0.84089600 0.99784700
vt 0.84089600 0.99784700
vt 0.83987300 0.91308100
vt 0.99270200 0.36136300
vt 0.97678200 0.33667000
vt 0.00641500 0.99125900
vt 0.99270200 0.37427700
vt 0.97678200 0.34958400
vt 0.97984800 0.94094100
vt 0.99110600 0.36137300
vt 0.84202500 0.91308100
vt 0.00426300 0.99125900
vt 0.99110600 0.37428800
vt 0.97984800 0.95385500
vt 0.93974000 0.33024800
vt 0.86906900 0.99578700
vt 0.34064700 0.99053600
vt 0.25426300 0.88415700
vt 0.22382900 0.99500900
vt 0.39944200 0.97537300
vt 0.19855300 0.99904700
vt 0.41134700 0.97363400
vt 0.19742400 0.99796200
vt 0.45684000 0.74421900
vt 0.93974000 0.32868700
vt 0.45684000 0.74421900
vt 0.45684000 0.74213200
vt 0.45684000 0.74213200
vt 0.19712400 0.99603600
vt 0.45684000 0.74213200
vt 0.98850800 0.32442300
vt 0.10919900 0.62018700
vt 0.22383400 0.99030700
vt 0.45684000 0.74002100
vt 0.19855300 0.99513300
vt 0.98850800 0.32442300
vt 0.45684000 0.74002100
vt 0.98790200 0.32323200
vt 0.79510500 0.98065800
vt 0.98790200 0.32323200
vt 0.79510500 0.98065800
vt 0.98786200 0.32162400
vt 0.98786200 0.32162400
vt 0.79511300 0.98226500
vt 0.34118600 0.95646200
vt 0.29791700 0.99778800
vt 0.33241600 0.99564500
vt 0.95238300 0.32769300
vt 0.95238300 0.32769300
vt 0.98850800 0.32024400
vt 0.22549900 0.97550100
vt 0.98850800 0.32024400
vt 0.95238100 0.32631500
vt 0.33177300 0.99436500
vt 0.95238100 0.32631500
vt 0.95238100 0.32631500
vt 0.22549900 0.97232200
vt 0.95238100 0.32451300
vt 0.95238100 0.32451300
vt 0.22549900 0.97232200
vt 0.39944200 0.97862000
vt 0.33241600 0.99322500
vt 0.22549900 0.97232200
vt 0.95238300 0.32297300
vt 0.86906900 0.99769300
vt 0.95238300 0.32297300
vt 0.39886800 0.97718800
vt 0.19825300 0.99539600
vt 0.21455400 0.95812000
vt 0.21455400 0.95812000
vt 0.10950700 0.62043900
vt 0.21455400 0.96021300
vt 0.21455400 0.96021300
vt 0.19731000 0.99657800
vt 0.21455400 0.96021300
vt 0.22549900 0.97438700
vt 0.22549900 0.97438700
vt 0.22549900 0.97438700
vt 0.33208000 0.99467500
vt 0.19781400 0.99819400
vt 0.25426300 0.88528000
vt 0.34002100 0.99147600
vt 0.21455800 0.96178300
vt 0.22383400 0.99270300
vt 0.98798800 0.32209000
vt 0.34118600 0.95455200
vt 0.96109000 0.36297800
vt 0.22549900 0.97133800
vt 0.39912200 0.97760300
vt 0.34064700 0.98828300
vt 0.22382900 0.99276800
vt 0.33987500 0.99102800
vt 0.33987500 0.99102800
vt 0.25389100 0.88476100
vt 0.33987500 0.99102800
vt 0.34040800 0.98942600
vt 0.22332800 0.99410700
vt 0.34040800 0.98942600
vt 0.34040800 0.98942600
vt 0.33895500 0.99199800
vt 0.21509400 0.96106900
vt 0.21509400 0.96106900
vt 0.33895500 0.99199800
vt 0.21509200 0.95905000
vt 0.33740000 0.99219300
vt 0.21509200 0.95905000
vt 0.21509200 0.95905000
vt 0.22332800 0.99140400
vt 0.21509400 0.95702200
vt 0.96160400 0.36440100
vt 0.33637000 0.99048300
vt 0.10950700 0.61931200
vt 0.33679500 0.98833800
vt 0.34071700 0.95526300
vt 0.96160400 0.36221300
vt 0.29848400 0.99869000
vt 0.22603700 0.97471300
vt 0.33808900 0.98706700
vt 0.22603700 0.97471300
vt 0.29848400 0.99689000
vt 0.33932100 0.98706600
vt 0.22603700 0.97305600
vt 0.22603700 0.97305600
vt 0.22603700 0.97305600
vt 0.22603700 0.97169000
vt 0.34011900 0.98784300
vt 0.34011900 0.98784300
vt 0.22603700 0.97169000
vt 0.33802100 0.99066000
vt 0.96913700 0.47844300
vt 0.96913700 0.47844300
vt 0.96913700 0.47844300
vt 0.99698900 0.10689300
vt 0.33892000 0.99034100
vt 0.60317700 0.25321600
vt 0.96913700 0.47953100
vt 0.98881200 0.53779200
vt 0.96363900 0.99771600
vt 0.96363900 0.99771600
vt 0.33816100 0.98861500
vt 0.33754700 0.98972700
vt 0.96754800 0.21968600
vt 0.98881200 0.53652500
vt 0.96913700 0.47745200
vt 0.99698900 0.10541100
vt 0.33915800 0.98888000
vt 0.96364000 0.99627400
vt 0.99698900 0.10541100
vt 0.96364000 0.99627400
vt 0.60362400 0.25321600
vt 0.96589600 0.22067800
vt 0.99651600 0.10662000
vt 0.99651600 0.10662000
vt 0.96592500 0.21976100
vt 0.96967500 0.47897800
vt 0.96967500 0.47897800
vt 0.60339000 0.25233700
vt 0.96967500 0.47770400
vt 0.96685200 0.21956200
vt 0.96685200 0.21956200
vt 0.96967500 0.47770400
vt 0.96754800 0.22060000
vt 0.98829700 0.53724200
vt 0.96754800 0.22060000
vt 0.96417800 0.99804700
vt 0.96734800 0.22139400
vt 0.96417700 0.99727800
vt 0.96417700 0.99727800
vt 0.96417700 0.99727800
vt 0.99658800 0.10555200
vt 0.96655900 0.22151600
vt 0.96417800 0.99622600
vt 0.99386300 0.54313200
vt 0.54426900 0.07762300
vt 0.99386300 0.54313200
vt 0.99386300 0.54313200
vt 0.99386300 0.54313200
vt 0.53717400 0.07933900
vt 0.62202700 0.96646400
vt 0.53717400 0.07933900
vt 0.53717400 0.07933900
vt 0.54495500 0.07961300
vt 0.99386600 0.54571200
vt 0.99386600 0.54571200
vt 0.97056600 0.55472100
vt 0.99386900 0.54699400
vt 0.54475100 0.08122300
vt 0.98292500 0.49624600
vt 0.99409800 0.16826300
vt 0.99409800 0.16826300
vt 0.53629000 0.08474800
vt 0.99409800 0.16826300
vt 0.99409800 0.16564800
vt 0.99409800 0.16564800
vt 0.53767900 0.08597200
vt 0.99409800 0.16564800
vt 0.54231200 0.08480400
vt 0.95911600 0.18123200
vt 0.99306100 0.90228600
vt 0.97058700 0.55906200
vt 0.54234100 0.07669000
vt 0.99386300 0.54021600
vt 0.99386300 0.54021600
vt 0.99386300 0.54021600
vt 0.54024200 0.08597200
vt 0.99409800 0.16292100
vt 0.95911600 0.17888100
vt 0.99409800 0.16292100
vt 0.53616500 0.08124300
vt 0.62038700 0.96506500
vt 0.53616500 0.08124300
vt 0.99409900 0.17165100
vt 0.99386500 0.53843400
vt 0.99386500 0.53843400
vt 0.54046000 0.07692300
vt 0.54046000 0.07692300
vt 0.99409900 0.17030700
vt 0.53583500 0.08306700
vt 0.99409900 0.17030700
vt 0.98223500 0.49825300
vt 0.54387200 0.08315400
vt 0.99306100 0.90455500
vt 0.97021300 0.55682300
vt 0.53880900 0.07777700
vt 0.53880900 0.07777700
vt 0.53880900 0.07777700
vt 0.62412300 0.96731100
vt 0.62353500 0.96594000
vt 0.62353500 0.96594000
vt 0.62353500 0.96594000
vt 0.53704300 0.07773100
vt 0.62353500 0.96594000
vt 0.62353500 0.96594000
vt 0.93316900 0.85504200
vt 0.99573900 0.17038700
vt 0.99573900 0.17038700
vt 0.61990100 0.96250700
vt 0.93316900 0.85504200
vt 0.61990100 0.96250700
vt 0.99573900 0.17038700
vt 0.97540100 0.55181100
vt 0.62905700 0.96542600
vt 0.99550300 0.54137800
vt 0.99550300 0.54137800
vt 0.99550300 0.54137800
vt 0.97540100 0.55181100
vt 0.62144400 0.96459900
vt 0.62144400 0.96459900
vt 0.62144400 0.96459900
vt 0.53559400 0.07974800
vt 0.62144400 0.96459900
vt 0.62563400 0.96643900
vt 0.53880800 0.07649100
vt 0.62563400 0.96643900
vt 0.99550700 0.53791200
vt 0.99844300 0.12591500
vt 0.99550400 0.54359000
vt 0.97382600 0.55198600
vt 0.97382600 0.55198600
vt 0.99550400 0.54359000
vt 0.62750000 0.96631200
vt 0.99965000 0.12733400
vt 0.62750000 0.96631200
vt 0.99550400 0.53926800
vt 0.99550400 0.53926800
vt 0.99550400 0.53926800
vt 0.97155300 0.55836300
vt 0.97155300 0.55836300
vt 0.97155300 0.55836300
vt 0.97155300 0.55836300
vt 0.99177400 0.90291900
vt 0.99573800 0.16734500
vt 0.97616600 0.56242600
vt 0.99573800 0.16734500
vt 0.99573800 0.16734500
vt 0.93514000 0.85354800
vt 0.31428500 0.99592000
vt 0.95789300 0.18002500
vt 0.99573900 0.16246400
vt 0.97238600 0.56039300
vt 0.97238600 0.56039300
vt 0.97238600 0.56039300
vt 0.97139800 0.55593000
vt 0.97139800 0.55593000
vt 0.97139800 0.55593000
vt 0.98355200 0.49825300
vt 0.97139800 0.55593000
vt 0.97139800 0.55593000
vt 0.97218900 0.55341200
vt 0.99550700 0.54611200
vt 0.99550700 0.54611200
vt 0.99550700 0.54611200
vt 0.97218900 0.55341200
vt 0.97218900 0.55341200
vt 0.97218900 0.55341200
vt 0.99573800 0.16433800
vt 0.99573800 0.16433800
vt 0.97394600 0.56203400
vt 0.97394600 0.56203400
vt 0.97394600 0.56203400
vt 0.99573800 0.16433800
vt 0.62307400 0.96366100
vt 0.62307400 0.96366100
vt 0.93408900 0.85828300
vt 0.62307400 0.96366100
vt 0.62307400 0.96366100
vt 0.62307400 0.96366100
vt 0.62307400 0.96366100
vt 0.62307400 0.96366100
vt 0.06915800 0.61364600
vt 0.06915800 0.61556100
vt 0.99399100 0.47387400
vt 0.93514000 0.85609100
vt 0.93514000 0.85609100
vt 0.99399100 0.47387400
vt 0.06915700 0.59983100
vt 0.31293900 0.99806900
vt 0.65627800 0.90311600
vt 0.97338900 0.55552300
vt 0.97338900 0.55552300
vt 0.97338900 0.55552300
vt 0.97338900 0.55552300
vt 0.97338900 0.55552300
vt 0.97338900 0.55552300
vt 0.97477600 0.55418600
vt 0.65411500 0.90311600
vt 0.65411500 0.90311600
vt 0.60368900 0.25285100
vt 0.97477600 0.55418600
vt 0.65411500 0.90311600
vt 0.97477600 0.55418600
vt 0.97477600 0.55418600
vt 0.97333800 0.55810200
vt 0.97333800 0.55810200
vt 0.97333800 0.55810200
vt 0.97333800 0.55810200
vt 0.97333800 0.55810200
vt 0.97333800 0.55810200
vt 0.97333800 0.55810200
vt 0.97333800 0.55810200
vt 0.97333800 0.55810200
vt 0.62621200 0.96434400
vt 0.62621200 0.96434400
vt 0.65231400 0.90308500
vt 0.62621200 0.96434400
vt 0.97616600 0.55475800
vt 0.65231400 0.90308500
vt 0.62621200 0.96434400
vt 0.62503600 0.96449900
vt 0.62503600 0.96449900
vt 0.99965000 0.12426900
vt 0.62503600 0.96449900
vt 0.62503600 0.96449900
vt 0.62503600 0.96449900
vt 0.97457000 0.55971600
vt 0.97457000 0.55971600
vt 0.06915700 0.60212700
vt 0.31428500 0.99908700
vt 0.97457000 0.55971600
vt 0.97457000 0.55971600
vt 0.65209300 0.98830000
vt 0.99442300 0.47383400
vt 0.99442300 0.47383400
vt 0.65209300 0.98830000
vt 0.65209300 0.98830000
vt 0.99472000 0.47476200
vt 0.65316600 0.98818200
vt 0.53270300 0.99383900
vt 0.06893500 0.61460500
vt 0.65316600 0.98818200
vt 0.62260400 0.96247900
vt 0.62334000 0.96335400
vt 0.62334000 0.96335400
vt 0.62334000 0.96335400
vt 0.53170100 0.99439100
vt 0.62334000 0.96335400
vt 0.62407600 0.96381900
vt 0.99812800 0.27293300
vt 0.62407600 0.96381900
vt 0.62407600 0.96381900
vt 0.62505600 0.96414100
vt 0.62505600 0.96414100
vt 0.62505600 0.96414100
vt 0.65162100 0.90287300
vt 0.62505600 0.96414100
vt 0.62505600 0.96414100
vt 0.99911400 0.27323800
vt 0.65355000 0.90288700
vt 0.60413800 0.25233700
vt 0.65355000 0.90288700
vt 0.65355000 0.90288700
vt 0.65355000 0.90288700
vt 0.65355000 0.90288700
vt 0.65239900 0.90281500
vt 0.62617800 0.96404600
vt 0.65239900 0.90281500
vt 0.65239900 0.90281500
vt 0.65376200 0.89662500
vt 0.62905700 0.95955000
vt 0.65376200 0.89662500
vt 0.62905700 0.95955000
vt 0.65376200 0.89662500
vt 0.65376200 0.89662500
vt 0.62631300 0.96000400
vt 0.62631300 0.96000400
vt 0.62631300 0.96000400
vt 0.62631300 0.96000400
vt 0.62631300 0.96000400
vt 0.62631300 0.96000400
vt 0.99911400 0.26863100
vt 0.65195400 0.98198500
vt 0.65195400 0.98198500
vt 0.65195400 0.98198500
vt 0.65195400 0.98198500
vt 0.62439400 0.95778400
vt 0.62788700 0.96022900
vt 0.62788700 0.96022900
vt 0.65216900 0.89662500
vt 0.65216900 0.89662500
vt 0.65216900 0.89662500
vt 0.62788700 0.96022900
vt 0.65316600 0.98190900
vt 0.62486000 0.95899400
vt 0.62486000 0.95899400
vt 0.62486000 0.95899400
vt 0.53270300 0.99856000
vt 0.62486000 0.95899400
vt 0.65068500 0.98205700
vt 0.65068500 0.98205700
vt 0.65068500 0.98205700
vt 0.65068500 0.98205700
vt 0.67973600 0.52029100
vt 0.65068500 0.98205700
vt 0.89171800 0.45491300
vt 0.67715600 0.51928100
vt 0.89171800 0.45491300
vt 0.67715600 0.51928100
vt 0.89171800 0.45491300
vt 0.65503400 0.89663500
vt 0.67666600 0.51637000
vt 0.65503400 0.89663500
vt 0.65503400 0.89663500
vt 0.65503400 0.89663500
vt 0.64909400 0.98216200
vt 0.64909400 0.98216200
vt 0.64909400 0.98216200
vt 0.89023700 0.45438700
vt 0.67838400 0.52028200
vt 0.67838400 0.52028200
vt 0.64909400 0.98216200
vt 0.89348100 0.45474000
vt 0.67643800 0.51766000
vt 0.65625000 0.89663600
vt 0.89348100 0.45474000
vt 0.67643800 0.51766000
vt 0.67643800 0.51766000
vt 0.67643800 0.51766000
vt 0.65625000 0.89663600
vt 0.65477100 0.90288500
vt 0.65477100 0.90288500
vt 0.65477100 0.90288500
vt 0.60413800 0.25321300
vt 0.65477100 0.90288500
vt 0.65554700 0.90289500
vt 0.65554700 0.90289500
vt 0.97402900 0.55518700
vt 0.65554700 0.90289500
vt 0.65554700 0.90289500
vt 0.65554700 0.90289500
vt 0.97363200 0.55601600
vt 0.97363200 0.55601600
vt 0.65625100 0.90288900
vt 0.89348100 0.45011600
vt 0.89229000 0.45030800
vt 0.89229000 0.45030800
vt 0.97353800 0.55722200
vt 0.97353800 0.55722200
vt 0.89229000 0.45030800
vt 0.97353800 0.55722200
vt 0.89108100 0.45012500
vt 0.97386100 0.55840500
vt 0.97386100 0.55840500
vt 0.64895200 0.98843400
vt 0.89108100 0.45012500
vt 0.97452500 0.55928300
vt 0.64972300 0.98839300
vt 0.97452500 0.55928300
vt 0.97452500 0.55928300
vt 0.64972300 0.98839300
vt 0.65088000 0.98832000
vt 0.97541400 0.55969000
vt 0.65088000 0.98832000
vt 0.06893500 0.60116700
vt 0.65088000 0.98832000
vt 0.99472000 0.47298100
vt 0.67735800 0.51615600
vt 0.62905300 0.95867700
vt 0.67735800 0.51615600
vt 0.65445500 0.89622200
vt 0.67735800 0.51615600
vt 0.67735800 0.51615600
vt 0.67735800 0.51615600
vt 0.67899200 0.51985800
vt 0.88967800 0.98940400
vt 0.67899200 0.51985800
vt 0.67899200 0.51985800
vt 0.64970100 0.98171400
vt 0.89269400 0.98885300
vt 0.67703000 0.51750900
vt 0.67703000 0.51750900
vt 0.67703000 0.51750900
vt 0.62481300 0.95742000
vt 0.68033300 0.51941500
vt 0.68033300 0.51941500
vt 0.68033300 0.51941500
vt 0.68033300 0.51941500
vt 0.62481300 0.95742000
vt 0.65161300 0.98159300
vt 0.67767700 0.51905200
vt 0.89103600 0.98865900
vt 0.89103600 0.98865900
vt 0.89103600 0.98865900
vt 0.67767700 0.51905200
vt 0.67767700 0.51905200
vt 0.67767700 0.51905200
vt 0.89198300 0.98920000
vt 0.67767800 0.51795500
vt 0.89198300 0.98920000
vt 0.89198300 0.98920000
vt 0.89198300 0.98920000
vt 0.16991900 0.97930900
vt 0.67767800 0.51795500
vt 0.96371000 0.47378600
vt 0.16991900 0.98054700
vt 0.67792700 0.51672700
vt 0.67792700 0.51672700
vt 0.91536200 0.98439900
vt 0.67792700 0.51672700
vt 0.62785200 0.95968300
vt 0.62785200 0.95968300
vt 0.67890600 0.51589600
vt 0.67890600 0.51589600
vt 0.67890600 0.51589600
vt 0.62785200 0.95968300
vt 0.62785200 0.95968300
vt 0.89022800 0.98971800
vt 0.89022800 0.98971800
vt 0.02171500 0.99763900
vt 0.89022800 0.98971800
vt 0.67899000 0.51922200
vt 0.89022800 0.98971800
vt 0.67899000 0.51922200
vt 0.91581800 0.98324000
vt 0.67891600 0.51663500
vt 0.67891600 0.51663500
vt 0.67891600 0.51663500
vt 0.67891600 0.51663500
vt 0.67891600 0.51663500
vt 0.67970500 0.51748200
vt 0.67970500 0.51748200
vt 0.67970500 0.51748200
vt 0.67970500 0.51748200
vt 0.67970500 0.51748200
vt 0.62584700 0.95913000
vt 0.62584700 0.95913000
vt 0.68033300 0.51740300
vt 0.68033300 0.51740300
vt 0.68033300 0.51740300
vt 0.68033300 0.51740300
vt 0.62584700 0.95913000
vt 0.67987800 0.51847700
vt 0.67987800 0.51847700
vt 0.67987800 0.51847700
vt 0.02171500 0.99604000
vt 0.67987800 0.51847700
vt 0.67987800 0.51847700
vt 0.67927300 0.51824000
vt 0.85294600 0.99076500
vt 0.99925100 0.24519400
vt 0.67927300 0.51824000
vt 0.67927300 0.51824000
vt 0.85294600 0.99076500
vt 0.85396800 0.99073900
vt 0.67885300 0.51895400
vt 0.85396800 0.99073900
vt 0.02123300 0.99713800
vt 0.89055000 0.99040000
vt 0.85396800 0.99073900
vt 0.85471000 0.99071700
vt 0.89136900 0.98983700
vt 0.89136900 0.98983700
vt 0.89136900 0.98983700
vt 0.89136900 0.98983700
vt 0.89136900 0.98983700
vt 0.96431900 0.47424800
vt 0.89210000 0.98995500
vt 0.96431900 0.47424800
vt 0.89210000 0.98995500
vt 0.96496100 0.47423400
vt 0.16937500 0.98050400
vt 0.96496100 0.47423400
vt 0.67789200 0.51722200
vt 0.91581800 0.98452000
vt 0.96496100 0.47423400
vt 0.96496100 0.47423400
vt 0.67876900 0.51727300
vt 0.99818200 0.24540900
vt 0.96598300 0.47423300
vt 0.67876900 0.51727300
vt 0.96598300 0.47423300
vt 0.99818200 0.24540900
vt 0.67876900 0.51727300
vt 0.89236800 0.99368500
vt 0.89236800 0.99368500
vt 0.96443900 0.47951500
vt 0.96443900 0.47951500
vt 0.89236800 0.99368500
vt 0.89236800 0.99368500
vt 0.96530000 0.47950600
vt 0.99098400 0.25438200
vt 0.96530000 0.47950600
vt 0.96530000 0.47950600
vt 0.89269400 0.99428800
vt 0.99146800 0.25447700
vt 0.96585200 0.47951500
vt 0.99146800 0.25447700
vt 0.99853000 0.24917100
vt 0.99925100 0.24928500
vt 0.99202300 0.25497500
vt 0.85283600 0.99602500
vt 0.99202300 0.25497500
vt 0.99925100 0.24928500
vt 0.99202300 0.25599300
vt 0.89078800 0.99451300
vt 0.85350300 0.99600800
vt 0.85350300 0.99600800
vt 0.85350300 0.99600800
vt 0.89110200 0.99365500
vt 0.85471000 0.99599800
vt 0.89110200 0.99365500
vt 0.85471000 0.99599800
vt 0.89110200 0.99365500
vt 0.99101600 0.25547500
vt 0.89172900 0.99462100
vt 0.89172900 0.99462100
vt 0.99101600 0.25547500
vt 0.99101600 0.25547500
vt 0.89172900 0.99462100
vt 0.81929700 0.96673400
vt 0.99426300 0.51235800
vt 0.99426300 0.51235800
vt 0.99392500 0.10153300
vt 0.82314300 0.95700800
vt 0.99392500 0.10153300
vt 0.99392500 0.10153300
vt 0.99392500 0.10153300
vt 0.82420400 0.96340800
vt 0.05286900 0.96220300
vt 0.82420400 0.96340800
vt 0.82420400 0.96340800
vt 0.81647600 0.96431800
vt 0.99426500 0.51756400
vt 0.99426500 0.51756400
vt 0.99426500 0.51756400
vt 0.81644400 0.96255100
vt 0.99426900 0.51898100
vt 0.46760100 0.96832400
vt 0.98391100 0.68759900
vt 0.81898400 0.95805100
vt 0.46772300 0.97349500
vt 0.22750300 0.99615300
vt 0.99392600 0.09744400
vt 0.99392600 0.09744400
vt 0.99392500 0.10384700
vt 0.99392500 0.10384700
vt 0.99392500 0.10384700
vt 0.82442800 0.95803800
vt 0.99426300 0.51511500
vt 0.99426300 0.51511500
vt 0.99426300 0.51511500
vt 0.81742300 0.96602700
vt 0.99392600 0.10707100
vt 0.82495100 0.96138600
vt 0.82495100 0.96138600
vt 0.05502200 0.96209400
vt 0.99392600 0.10572700
vt 0.82503400 0.95953400
vt 0.99392600 0.10572700
vt 0.99392500 0.09924200
vt 0.99392500 0.09924200
vt 0.82123400 0.95695600
vt 0.46718200 0.97041500
vt 0.98265400 0.68931000
vt 0.81705800 0.96051900
vt 0.22750300 0.99927900
vt 0.99426600 0.51042100
vt 0.99426600 0.51042100
vt 0.82127000 0.96624000
vt 0.82127000 0.96624000
vt 0.05076400 0.96302700
vt 0.82279200 0.96517300
vt 0.82279200 0.96517300
vt 0.82279200 0.96517300
vt 0.82454900 0.96498400
vt 0.05213300 0.96362000
vt 0.05213300 0.96362000
vt 0.05213300 0.96362000
vt 0.05213300 0.96362000
vt 0.05213300 0.96362000
vt 0.99556600 0.10580600
vt 0.73188100 0.45089600
vt 0.73188100 0.45089600
vt 0.05713300 0.96361900
vt 0.05713300 0.96361900
vt 0.99556600 0.10580600
vt 0.99556600 0.10580600
vt 0.99590300 0.51261800
vt 0.99590300 0.51261800
vt 0.47307300 0.96566700
vt 0.04847600 0.96723100
vt 0.47307300 0.96566700
vt 0.99590300 0.51261800
vt 0.99590300 0.51261800
vt 0.47319700 0.97611400
vt 0.73374200 0.44967900
vt 0.99556500 0.10311200
vt 0.99556500 0.10311200
vt 0.99556500 0.10311200
vt 0.67318800 0.99580300
vt 0.82571600 0.96279100
vt 0.05457400 0.96315800
vt 0.05457400 0.96315800
vt 0.05457400 0.96315800
vt 0.05457400 0.96315800
vt 0.82255800 0.96673400
vt 0.99590700 0.51015500
vt 0.04987100 0.96500300
vt 0.04987100 0.96500300
vt 0.04987100 0.96500300
vt 0.04987100 0.96500300
vt 0.99590300 0.51557800
vt 0.99590300 0.51557800
vt 0.47094600 0.96569300
vt 0.99590300 0.51557800
vt 0.47094600 0.96569300
vt 0.47094600 0.96569300
vt 0.46842800 0.97164400
vt 0.46842800 0.97164400
vt 0.46842800 0.97164400
vt 0.46842800 0.97164400
vt 0.22617200 0.99804600
vt 0.46842800 0.97164400
vt 0.99556500 0.10107600
vt 0.47173300 0.97611800
vt 0.47173300 0.97611800
vt 0.99556500 0.10107600
vt 0.46898600 0.97357100
vt 0.99556600 0.09759100
vt 0.46898600 0.97357100
vt 0.46898600 0.97357100
vt 0.46898600 0.97357100
vt 0.46839500 0.96955900
vt 0.98391100 0.68970200
vt 0.46839500 0.96955900
vt 0.46839500 0.96955900
vt 0.46839500 0.96955900
vt 0.99556500 0.09913500
vt 0.99556500 0.09913500
vt 0.47026400 0.97534500
vt 0.47026400 0.97534500
vt 0.99556500 0.09913500
vt 0.99556500 0.09913500
vt 0.46926500 0.96706700
vt 0.46926500 0.96706700
vt 0.46926500 0.96706700
vt 0.99590700 0.51810000
vt 0.99590700 0.51810000
vt 0.46926500 0.96706700
vt 0.05403400 0.96495900
vt 0.05403400 0.96495900
vt 0.05403400 0.96495900
vt 0.73248600 0.45421100
vt 0.05403400 0.96495900
vt 0.05403400 0.96495900
vt 0.10942200 0.61314400
vt 0.05403400 0.96495900
vt 0.05403400 0.96495900
vt 0.73374200 0.45213100
vt 0.39388300 0.59859100
vt 0.73374200 0.45213100
vt 0.67192200 0.99790000
vt 0.99160700 0.56201000
vt 0.99160700 0.56201000
vt 0.10942200 0.61505900
vt 0.47009900 0.97020100
vt 0.47009900 0.97020100
vt 0.47009900 0.97020100
vt 0.47009900 0.97020100
vt 0.47009900 0.97020100
vt 0.47009900 0.97020100
vt 0.47009900 0.97020100
vt 0.47009900 0.97020100
vt 0.47109200 0.96837100
vt 0.47109200 0.96837100
vt 0.47109200 0.96837100
vt 0.47109200 0.96837100
vt 0.47109200 0.96837100
vt 0.51467300 0.98698200
vt 0.47109200 0.96837100
vt 0.77689200 0.25199800
vt 0.47230200 0.96800400
vt 0.47230200 0.96800400
vt 0.51293600 0.98702500
vt 0.47230200 0.96800400
vt 0.51293600 0.98702500
vt 0.47046700 0.97219700
vt 0.47046700 0.97219700
vt 0.47046700 0.97219700
vt 0.47046700 0.97219700
vt 0.47046700 0.97219700
vt 0.47046700 0.97219700
vt 0.77721000 0.25102900
vt 0.05128400 0.96661800
vt 0.05128400 0.96661800
vt 0.47319700 0.96853800
vt 0.05128400 0.96661800
vt 0.05128400 0.96661800
vt 0.51178400 0.98702500
vt 0.47144000 0.97344300
vt 0.47144000 0.97344300
vt 0.39388300 0.60089500
vt 0.47144000 0.97344300
vt 0.47144000 0.97344300
vt 0.67318800 0.99902500
vt 0.47144000 0.97344300
vt 0.47144000 0.97344300
vt 0.05203300 0.96569800
vt 0.05203300 0.96569800
vt 0.05203300 0.96569800
vt 0.05203300 0.96569800
vt 0.05203300 0.96569800
vt 0.92895800 0.98798700
vt 0.99203900 0.56197000
vt 0.92895800 0.98798700
vt 0.92895800 0.98798700
vt 0.99203900 0.56197000
vt 0.93003100 0.98787000
vt 0.96523700 0.71164700
vt 0.10919900 0.61410300
vt 0.99233600 0.56289900
vt 0.05518700 0.96549500
vt 0.93003100 0.98787000
vt 0.05405100 0.96536500
vt 0.05405100 0.96536500
vt 0.05405100 0.96536500
vt 0.05405100 0.96536500
vt 0.96423500 0.71220000
vt 0.05319700 0.96553300
vt 0.05319700 0.96553300
vt 0.05319700 0.96553300
vt 0.41183000 0.96694400
vt 0.05226300 0.96597200
vt 0.41281600 0.96724900
vt 0.05226300 0.96597200
vt 0.05226300 0.96597200
vt 0.05226300 0.96597200
vt 0.05226300 0.96597200
vt 0.51108600 0.98682900
vt 0.51301500 0.98679800
vt 0.51301500 0.98679800
vt 0.51301500 0.98679800
vt 0.77721000 0.25211500
vt 0.51301500 0.98679800
vt 0.51301500 0.98679800
vt 0.05151300 0.96681200
vt 0.51186200 0.98675300
vt 0.51186200 0.98675300
vt 0.51186200 0.98675300
vt 0.51308000 0.98053300
vt 0.51308000 0.98053300
vt 0.51308000 0.98053300
vt 0.51308000 0.98053300
vt 0.51308000 0.98053300
vt 0.05419100 0.96984200
vt 0.41281600 0.96264200
vt 0.05419100 0.96984200
vt 0.05419100 0.96984200
vt 0.05419100 0.96984200
vt 0.05419100 0.96984200
vt 0.92881900 0.98167200
vt 0.92881900 0.98167200
vt 0.05711100 0.97013700
vt 0.92881900 0.98167200
vt 0.92881900 0.98167200
vt 0.51148600 0.98057000
vt 0.51148600 0.98057000
vt 0.51148600 0.98057000
vt 0.51148600 0.98057000
vt 0.05289300 0.97075900
vt 0.05289300 0.97075900
vt 0.05289300 0.97075900
vt 0.05594100 0.96957800
vt 0.05594100 0.96957800
vt 0.96523700 0.71636800
vt 0.93003100 0.98159700
vt 0.05594100 0.96957800
vt 0.05594100 0.96957800
vt 0.05594100 0.96957800
vt 0.92755100 0.98174500
vt 0.92755100 0.98174500
vt 0.92755100 0.98174500
vt 0.92755100 0.98174500
vt 0.92755100 0.98174500
vt 0.24221000 0.98950600
vt 0.24415400 0.99148000
vt 0.24415400 0.99148000
vt 0.24415400 0.99148000
vt 0.88841000 0.45491300
vt 0.88841000 0.45491300
vt 0.88841000 0.45491300
vt 0.92572000 0.98810200
vt 0.47071000 0.97192800
vt 0.47071000 0.97192800
vt 0.88795900 0.45021200
vt 0.47071000 0.97192800
vt 0.88795900 0.45021200
vt 0.24341600 0.99433800
vt 0.51435100 0.98051200
vt 0.51435100 0.98051200
vt 0.51435100 0.98051200
vt 0.51435100 0.98051200
vt 0.24341600 0.99433800
vt 0.92595900 0.98185000
vt 0.24344000 0.99006600
vt 0.92595900 0.98185000
vt 0.92595900 0.98185000
vt 0.88692900 0.45438700
vt 0.92595900 0.98185000
vt 0.89017200 0.45474000
vt 0.89017200 0.45474000
vt 0.51556700 0.98048600
vt 0.51556700 0.98048600
vt 0.24415000 0.99325300
vt 0.24415000 0.99325300
vt 0.24415000 0.99325300
vt 0.51423500 0.98676800
vt 0.51423500 0.98676800
vt 0.51423500 0.98676800
vt 0.51423500 0.98676800
vt 0.47156700 0.96843700
vt 0.51423500 0.98676800
vt 0.51501200 0.98675900
vt 0.47104700 0.96889900
vt 0.47104700 0.96889900
vt 0.51501200 0.98675900
vt 0.51501200 0.98675900
vt 0.89017200 0.45011600
vt 0.47062500 0.96971500
vt 0.51571500 0.98673600
vt 0.47062500 0.96971500
vt 0.47062500 0.96971500
vt 0.88916400 0.45029400
vt 0.88916400 0.45029400
vt 0.47049300 0.97073500
vt 0.88916400 0.45029400
vt 0.47049300 0.97073500
vt 0.92658800 0.98808000
vt 0.47141400 0.97300900
vt 0.47141400 0.97300900
vt 0.92658800 0.98808000
vt 0.47141400 0.97300900
vt 0.47229000 0.97344400
vt 0.39365900 0.59992700
vt 0.92774500 0.98800700
vt 0.92774500 0.98800700
vt 0.92774500 0.98800700
vt 0.99233600 0.56111800
vt 0.24301200 0.99040300
vt 0.24301200 0.99040300
vt 0.24301200 0.99040300
vt 0.92618500 0.98142300
vt 0.24301200 0.99040300
vt 0.24301200 0.99040300
vt 0.62140900 0.99594700
vt 0.05294000 0.97207900
vt 0.24206400 0.99433800
vt 0.24206400 0.99433800
vt 0.51287200 0.98013200
vt 0.24206400 0.99433800
vt 0.24206400 0.99433800
vt 0.51287200 0.98013200
vt 0.24206400 0.99433800
vt 0.24319000 0.99382200
vt 0.24319000 0.99382200
vt 0.24319000 0.99382200
vt 0.24319000 0.99382200
vt 0.24319000 0.99382200
vt 0.24149300 0.99001000
vt 0.24149300 0.99001000
vt 0.24149300 0.99001000
vt 0.05713300 0.97086100
vt 0.92821500 0.98129900
vt 0.24149300 0.99001000
vt 0.05713300 0.97086100
vt 0.24370100 0.99236000
vt 0.24370100 0.99236000
vt 0.24370100 0.99236000
vt 0.24370100 0.99236000
vt 0.24370100 0.99236000
vt 0.24370100 0.99236000
vt 0.24291100 0.99309000
vt 0.24291100 0.99309000
vt 0.24291100 0.99309000
vt 0.62121400 0.99862200
vt 0.91372300 0.66476900
vt 0.24291100 0.99309000
vt 0.62121400 0.99862200
vt 0.62140900 0.99735500
vt 0.24306300 0.99181200
vt 0.62140900 0.99735500
vt 0.62140900 0.99735500
vt 0.24306300 0.99181200
vt 0.62140900 0.99735500
vt 0.24214700 0.99351600
vt 0.24214700 0.99351600
vt 0.24214700 0.99351600
vt 0.24214700 0.99351600
vt 0.91372300 0.66590400
vt 0.24141500 0.99309000
vt 0.24141500 0.99309000
vt 0.24141500 0.99309000
vt 0.24141500 0.99309000
vt 0.24141500 0.99309000
vt 0.24141500 0.99309000
vt 0.99666900 0.34802100
vt 0.62064700 0.99622600
vt 0.24226200 0.99071900
vt 0.62064700 0.99622600
vt 0.24226200 0.99071900
vt 0.62064700 0.99622600
vt 0.24065700 0.99304300
vt 0.24065700 0.99304300
vt 0.24065700 0.99304300
vt 0.05402700 0.97049900
vt 0.05402700 0.97049900
vt 0.05402700 0.97049900
vt 0.05402700 0.97049900
vt 0.24109100 0.99152000
vt 0.24109100 0.99152000
vt 0.24109100 0.99152000
vt 0.99666900 0.34625200
vt 0.24109100 0.99152000
vt 0.24109100 0.99152000
vt 0.24109100 0.99152000
vt 0.05593000 0.97018900
vt 0.05593000 0.97018900
vt 0.24064300 0.99111100
vt 0.24064300 0.99111100
vt 0.24171300 0.99192300
vt 0.95615500 0.98052000
vt 0.35866300 0.99652400
vt 0.24171300 0.99192300
vt 0.35866300 0.99652400
vt 0.24171300 0.99192300
vt 0.99619400 0.34738200
vt 0.61990100 0.99669300
vt 0.35784200 0.99654700
vt 0.35784200 0.99654700
vt 0.24219000 0.99112900
vt 0.35784200 0.99654700
vt 0.62059200 0.99699300
vt 0.62059200 0.99699300
vt 0.35691600 0.99655400
vt 0.62059200 0.99699300
vt 0.98535500 0.77189800
vt 0.98675700 0.09817600
vt 0.62079400 0.99796100
vt 0.62079400 0.99796100
vt 0.62079400 0.99796100
vt 0.98436600 0.77189800
vt 0.94470600 0.99589300
vt 0.98755200 0.09816400
vt 0.24264300 0.99306000
vt 0.98755200 0.09816400
vt 0.62029800 0.99864000
vt 0.91325400 0.66559100
vt 0.98755200 0.09816400
vt 0.95521000 0.98037600
vt 0.98838800 0.09816500
vt 0.95521000 0.98037600
vt 0.24201300 0.99282800
vt 0.24201300 0.99282800
vt 0.24201300 0.99282800
vt 0.98838800 0.09816500
vt 0.94335700 0.99227800
vt 0.94335700 0.99227800
vt 0.98697600 0.10343800
vt 0.94335700 0.99227800
vt 0.98697600 0.10343800
vt 0.98783700 0.10343800
vt 0.98972300 0.53622900
vt 0.98783700 0.10343800
vt 0.98783700 0.10343800
vt 0.94290200 0.99176600
vt 0.98838800 0.10345300
vt 0.99020600 0.53632400
vt 0.99020600 0.53632400
vt 0.95544500 0.98427400
vt 0.99076300 0.53682200
vt 0.99076300 0.53682200
vt 0.35866300 0.99127600
vt 0.95615500 0.98444800
vt 0.95615500 0.98444800
vt 0.35799600 0.99128300
vt 0.99076300 0.53784000
vt 0.35799600 0.99128300
vt 0.35799600 0.99128300
vt 0.94470600 0.99111100
vt 0.94459600 0.99201800
vt 0.94459600 0.99201800
vt 0.35678800 0.99127500
vt 0.35678800 0.99127500
vt 0.94459600 0.99201800
vt 0.98495100 0.76813400
vt 0.98975500 0.53732300
vt 0.94376600 0.99122100
vt 0.94376600 0.99122100
vt 0.98975500 0.53732300
vt 0.94376600 0.99122100
vt 0.98975500 0.53732300
vt 0.99426200 0.90684000
vt 0.91589100 0.96409100
vt 0.99426200 0.90684000
vt 0.99426200 0.90684000
vt 0.99426100 0.90995300
vt 0.91715300 0.96223300
vt 0.99426100 0.90995300
vt 0.99426100 0.90995300
vt 0.99413500 0.27703800
vt 0.92475700 0.96967000
vt 0.99413500 0.27703800
vt 0.99413500 0.27703800
vt 0.99413500 0.27703800
vt 0.91692300 0.96816200
vt 0.91692300 0.96816200
vt 0.95591500 0.91058400
vt 0.98138300 0.39965100
vt 0.16726500 0.99953500
vt 0.96742700 0.88235200
vt 0.92366200 0.96441500
vt 0.91845800 0.96983600
vt 0.91845800 0.96983600
vt 0.91845800 0.96983600
vt 0.95809700 0.90995600
vt 0.71078200 0.99916500
vt 0.99426400 0.91269500
vt 0.99426400 0.91269500
vt 0.91951200 0.96185600
vt 0.16726500 0.99681300
vt 0.92496000 0.96683500
vt 0.99413600 0.27401400
vt 0.99413600 0.27401400
vt 0.71078200 0.99664700
vt 0.98274800 0.39762600
vt 0.96794300 0.87996600
vt 0.92186600 0.96276300
vt 0.71078200 0.99664700
vt 0.99413600 0.28033500
vt 0.92288800 0.97110100
vt 0.99413600 0.28033500
vt 0.99413600 0.28033500
vt 0.96053700 0.91012100
vt 0.92062300 0.97096800
vt 0.99413600 0.28247300
vt 0.92062300 0.97096800
vt 0.95418100 0.91168200
vt 0.95418100 0.91168200
vt 0.91601300 0.96632300
vt 0.99426500 0.90474600
vt 0.95657000 0.91152000
vt 0.95657000 0.91152000
vt 0.91631300 0.96931600
vt 0.95657000 0.91152000
vt 0.95657000 0.91152000
vt 0.95657000 0.91152000
vt 0.97435300 0.87744700
vt 0.99590100 0.90750800
vt 0.97435300 0.87744700
vt 0.95310200 0.91515800
vt 0.99590100 0.90750800
vt 0.99590100 0.90750800
vt 0.95919100 0.91103100
vt 0.95919100 0.91103100
vt 0.95919100 0.91103100
vt 0.95919100 0.91103100
vt 0.91829300 0.97110100
vt 0.95919100 0.91103100
vt 0.97264700 0.88760000
vt 0.99577600 0.27971800
vt 0.99577600 0.27971800
vt 0.99577600 0.27971800
vt 0.97264700 0.88760000
vt 0.99590100 0.91024300
vt 0.99590100 0.91024300
vt 0.97244100 0.87700500
vt 0.97244100 0.87700500
vt 0.99590100 0.91024300
vt 0.97244100 0.87700500
vt 0.95406400 0.91315500
vt 0.99590400 0.90509500
vt 0.95406400 0.91315500
vt 0.95406400 0.91315500
vt 0.95406400 0.91315500
vt 0.99590400 0.90509500
vt 0.96160600 0.91149800
vt 0.99577600 0.28185500
vt 0.96160600 0.91149800
vt 0.96160600 0.91149800
vt 0.97435300 0.88668700
vt 0.99577600 0.28185500
vt 0.96861200 0.88195900
vt 0.96861200 0.88195900
vt 0.98274800 0.39991700
vt 0.96861200 0.88195900
vt 0.96861200 0.88195900
vt 0.96861200 0.88195900
vt 0.99577600 0.27339300
vt 0.16598600 0.99829000
vt 0.96863900 0.88413800
vt 0.96863900 0.88413800
vt 0.96863900 0.88413800
vt 0.99577600 0.27786400
vt 0.97130500 0.88757400
vt 0.97130500 0.88757400
vt 0.99577600 0.27786400
vt 0.97130500 0.88757400
vt 0.96918100 0.87995600
vt 0.96918100 0.87995600
vt 0.70963600 0.99641100
vt 0.96918100 0.87995600
vt 0.99577600 0.27534500
vt 0.99577600 0.27534500
vt 0.96964600 0.88656700
vt 0.96964600 0.88656700
vt 0.99577600 0.27534500
vt 0.96964600 0.88656700
vt 0.99590400 0.91281800
vt 0.97037900 0.87816000
vt 0.70963200 0.99855000
vt 0.70963200 0.99855000
vt 0.97037900 0.87816000
vt 0.97037900 0.87816000
vt 0.95721500 0.91315100
vt 0.95721500 0.91315100
vt 0.95721500 0.91315100
vt 0.95721500 0.91315100
vt 0.95721500 0.91315100
vt 0.95721500 0.91315100
vt 0.95721500 0.91315100
vt 0.95721500 0.91315100
vt 0.96353600 0.45414400
vt 0.97287900 0.88504500
vt 0.96066300 0.91352100
vt 0.96066300 0.91352100
vt 0.97287900 0.88504500
vt 0.96066300 0.91352100
vt 0.97287900 0.88504500
vt 0.95933100 0.91293100
vt 0.95933100 0.91293100
vt 0.95933100 0.91293100
vt 0.95933100 0.91293100
vt 0.95933100 0.91293100
vt 0.95933100 0.91293100
vt 0.97201200 0.87965800
vt 0.97201200 0.87965800
vt 0.97201200 0.87965800
vt 0.97201200 0.87965800
vt 0.93479900 0.91249800
vt 0.97201200 0.87965800
vt 0.97201200 0.87965800
vt 0.97057400 0.88120300
vt 0.97057400 0.88120300
vt 0.97057400 0.88120300
vt 0.97057400 0.88120300
vt 0.97057400 0.88120300
vt 0.97057400 0.88120300
vt 0.97057400 0.88120300
vt 0.97057400 0.88120300
vt 0.93654400 0.91249300
vt 0.93654400 0.91249300
vt 0.97328100 0.87961600
vt 0.97328100 0.87961600
vt 0.77651100 0.25199800
vt 0.97328100 0.87961600
vt 0.97049400 0.88388700
vt 0.97049400 0.88388700
vt 0.97049400 0.88388700
vt 0.97049400 0.88388700
vt 0.95999800 0.45437200
vt 0.97049400 0.88388700
vt 0.97049400 0.88388700
vt 0.97049400 0.88388700
vt 0.95592900 0.91436300
vt 0.97400800 0.88036400
vt 0.95592900 0.91436300
vt 0.93769600 0.91251800
vt 0.95592900 0.91436300
vt 0.95592900 0.91436300
vt 0.77682800 0.25102900
vt 0.97156200 0.88506700
vt 0.96173500 0.45426100
vt 0.97156200 0.88506700
vt 0.97156200 0.88506700
vt 0.96173500 0.45426100
vt 0.97156200 0.88506700
vt 0.96066600 0.91399800
vt 0.96309200 0.45394800
vt 0.96309200 0.45394800
vt 0.96309200 0.45394800
vt 0.96309200 0.45394800
vt 0.96309200 0.45394800
vt 0.99855400 0.62590900
vt 0.96416000 0.45389100
vt 0.95987500 0.91340200
vt 0.95987500 0.91340200
vt 0.96416000 0.45389100
vt 0.95987500 0.91340200
vt 0.95875100 0.91324800
vt 0.95875100 0.91324800
vt 0.99755300 0.62647600
vt 0.95875100 0.91324800
vt 0.95875100 0.91324800
vt 0.95875100 0.91324800
vt 0.52853500 0.99808800
vt 0.95788500 0.91335800
vt 0.95788500 0.91335800
vt 0.95788500 0.91335800
vt 0.95693400 0.91375800
vt 0.95693400 0.91375800
vt 0.95693400 0.91375800
vt 0.52952100 0.99839300
vt 0.93839000 0.91272900
vt 0.95693400 0.91375800
vt 0.93646100 0.91271900
vt 0.93646100 0.91271900
vt 0.77682800 0.25211500
vt 0.93646100 0.91271900
vt 0.93646100 0.91271900
vt 0.93646100 0.91271900
vt 0.93761200 0.91278900
vt 0.93761200 0.91278900
vt 0.93761200 0.91278900
vt 0.95615000 0.91456600
vt 0.50054000 0.99810800
vt 0.93626100 0.91898200
vt 0.93626100 0.91898200
vt 0.93626100 0.91898200
vt 0.93626100 0.91898200
vt 0.93626100 0.91898200
vt 0.95870100 0.91770400
vt 0.95870100 0.91770400
vt 0.52952100 0.99378600
vt 0.95870100 0.91770400
vt 0.95870100 0.91770400
vt 0.95870100 0.91770400
vt 0.96294800 0.44769400
vt 0.96160600 0.91811900
vt 0.96294800 0.44769400
vt 0.96294800 0.44769400
vt 0.96294800 0.44769400
vt 0.95736600 0.91856800
vt 0.93785500 0.91897800
vt 0.93785500 0.91897800
vt 0.93785500 0.91897800
vt 0.95736600 0.91856800
vt 0.93785500 0.91897800
vt 0.95736600 0.91856800
vt 0.96046000 0.91751300
vt 0.96046000 0.91751300
vt 0.99855400 0.63063000
vt 0.96046000 0.91751300
vt 0.96046000 0.91751300
vt 0.96416000 0.44761800
vt 0.96046000 0.91751300
vt 0.96167900 0.44776600
vt 0.78079100 0.25210900
vt 0.96167900 0.44776600
vt 0.96167900 0.44776600
vt 0.96167900 0.44776600
vt 0.96167900 0.44776600
vt 0.89833500 0.45491300
vt 0.89833500 0.45491300
vt 0.77880100 0.25018200
vt 0.89833500 0.45491300
vt 0.77880100 0.25018200
vt 0.77880100 0.25018200
vt 0.93499000 0.91897500
vt 0.93499000 0.91897500
vt 0.93499000 0.91897500
vt 0.77947300 0.24730700
vt 0.93499000 0.91897500
vt 0.89685400 0.45438700
vt 0.96008700 0.44787100
vt 0.96008700 0.44787100
vt 0.77954800 0.25157900
vt 0.96008700 0.44787100
vt 0.96008700 0.44787100
vt 0.93377400 0.91897500
vt 0.77876400 0.24840900
vt 0.77876400 0.24840900
vt 0.77876400 0.24840900
vt 0.90009700 0.45474000
vt 0.90009700 0.45474000
vt 0.93377400 0.91897500
vt 0.93523900 0.91272300
vt 0.93523900 0.91272300
vt 0.93523900 0.91272300
vt 0.93523900 0.91272300
vt 0.97245900 0.87984500
vt 0.93523900 0.91272300
vt 0.93446300 0.91271500
vt 0.97183800 0.88015700
vt 0.93446300 0.91271500
vt 0.97183800 0.88015700
vt 0.93446300 0.91271500
vt 0.97121800 0.88083600
vt 0.90009700 0.45011600
vt 0.93375900 0.91272300
vt 0.97121800 0.88083600
vt 0.97121800 0.88083600
vt 0.89890700 0.45030800
vt 0.97078000 0.88196400
vt 0.89890700 0.45030800
vt 0.97078000 0.88196400
vt 0.89890700 0.45030800
vt 0.89769700 0.45012500
vt 0.97074800 0.88318900
vt 0.97074800 0.88318900
vt 0.95994500 0.45414300
vt 0.89769700 0.45012500
vt 0.97074800 0.88318900
vt 0.96071600 0.45410200
vt 0.97113000 0.88422200
vt 0.96071600 0.45410200
vt 0.96071600 0.45410200
vt 0.97186400 0.88486800
vt 0.96187300 0.45402900
vt 0.96187300 0.45402900
vt 0.96187300 0.45402900
vt 0.96187300 0.45402900
vt 0.96187300 0.45402900
vt 0.77996800 0.25123200
vt 0.99723100 0.51435000
vt 0.77996800 0.25123200
vt 0.77996800 0.25123200
vt 0.96031400 0.44744400
vt 0.77996800 0.25123200
vt 0.77996800 0.25123200
vt 0.93530600 0.91938800
vt 0.78001400 0.24743400
vt 0.50119000 0.99893800
vt 0.78001400 0.24743400
vt 0.78001400 0.24743400
vt 0.78001400 0.24743400
vt 0.78001400 0.24743400
vt 0.78149600 0.25159000
vt 0.96159800 0.91884400
vt 0.96234400 0.44732000
vt 0.78149600 0.25159000
vt 0.96159800 0.91884400
vt 0.78149600 0.25159000
vt 0.78149600 0.25159000
vt 0.77923400 0.24929100
vt 0.99723100 0.51643000
vt 0.77923400 0.24929100
vt 0.77923400 0.24929100
vt 0.77923400 0.24929100
vt 0.77923400 0.24929100
vt 0.77923400 0.24929100
vt 0.63043200 0.99660700
vt 0.99076500 0.23203000
vt 0.78006500 0.24847600
vt 0.78006500 0.24847600
vt 0.78006500 0.24847600
vt 0.99076500 0.23203000
vt 0.99034200 0.23294200
vt 0.99034200 0.23294200
vt 0.77984100 0.24946100
vt 0.77984100 0.24946100
vt 0.78116800 0.24813200
vt 0.78116800 0.24813200
vt 0.62883400 0.99656900
vt 0.78116800 0.24813200
vt 0.78116800 0.24813200
vt 0.78116800 0.24813200
vt 0.78116800 0.24813200
vt 0.62883400 0.99656900
vt 0.78024000 0.25054600
vt 0.99050500 0.23409000
vt 0.78024000 0.25054600
vt 0.14654300 0.97217300
vt 0.99050500 0.23409000
vt 0.99673400 0.51489100
vt 0.93722100 0.91938800
vt 0.50119000 0.99753200
vt 0.95758200 0.91927500
vt 0.78141600 0.24754400
vt 0.78141600 0.24754400
vt 0.78232000 0.24879500
vt 0.95876100 0.91827100
vt 0.95876100 0.91827100
vt 0.95876100 0.91827100
vt 0.78232000 0.24879500
vt 0.95876100 0.91827100
vt 0.78232000 0.24879500
vt 0.78189000 0.24980800
vt 0.97952000 0.96422000
vt 0.78189000 0.24980800
vt 0.78189000 0.24980800
vt 0.78189000 0.24980800
vt 0.78189000 0.24980800
vt 0.78189000 0.24980800
vt 0.33527000 0.55458500
vt 0.14654300 0.97092800
vt 0.78118900 0.25084400
vt 0.97952000 0.96541200
vt 0.78118900 0.25084400
vt 0.78118900 0.25084400
vt 0.78232000 0.25046900
vt 0.96042400 0.91812300
vt 0.96042400 0.91812300
vt 0.78232000 0.25046900
vt 0.33527000 0.55380300
vt 0.97901700 0.96477800
vt 0.60669100 0.99109900
vt 0.60744500 0.98012700
vt 0.60669100 0.99109900
vt 0.78116900 0.25006200
vt 0.91264100 0.84074600
vt 0.60786700 0.99106100
vt 0.60786700 0.99106100
vt 0.14606600 0.97147200
vt 0.99133900 0.23411100
vt 0.33449300 0.55421100
vt 0.91177000 0.84021300
vt 0.99092900 0.23318000
vt 0.99092900 0.23318000
vt 0.98617100 0.54122200
vt 0.41309400 0.90821700
vt 0.99092900 0.23318000
vt 0.99092900 0.23318000
vt 0.63007500 0.99613100
vt 0.63007500 0.99613100
vt 0.99133900 0.23233100
vt 0.41394300 0.90778800
vt 0.63007500 0.99613100
vt 0.63007500 0.99613100
vt 0.62920700 0.99609600
vt 0.62920700 0.99609600
vt 0.78063600 0.24859000
vt 0.62920700 0.99609600
vt 0.62920700 0.99609600
vt 0.62869100 0.99610000
vt 0.78109500 0.24906500
vt 0.60646200 0.98029300
vt 0.78109500 0.24906500
vt 0.60646200 0.98029300
vt 0.78109500 0.24906500
vt 0.41394300 0.91168900
vt 0.63043200 0.99086400
vt 0.98473300 0.53752400
vt 0.98473300 0.53752400
vt 0.98473300 0.53752400
vt 0.62957100 0.99084200
vt 0.98432100 0.53697600
vt 0.62957100 0.99084200
vt 0.62957100 0.99084200
vt 0.99082700 0.53622900
vt 0.60672100 0.98407500
vt 0.99130900 0.53632300
vt 0.62902200 0.99081300
vt 0.99130900 0.53632300
vt 0.62902200 0.99081300
vt 0.60744500 0.98418600
vt 0.60653800 0.99633700
vt 0.60744500 0.98418600
vt 0.99186700 0.53682200
vt 0.99186700 0.53682200
vt 0.60720500 0.99632900
vt 0.60720500 0.99632900
vt 0.60720500 0.99632900
vt 0.98617100 0.53647000
vt 0.99186700 0.53784000
vt 0.98598800 0.53736500
vt 0.98598800 0.53736500
vt 0.91264100 0.83665500
vt 0.60841200 0.99633700
vt 0.98598800 0.53736500
vt 0.98522600 0.53650300
vt 0.99085900 0.53732200
vt 0.98522600 0.53650300
vt 0.99085900 0.53732200
vt 0.98522600 0.53650300
vt 0.99085900 0.53732200
vt 0.99378700 0.43017500
vt 0.99378700 0.43017500
vt 0.99378700 0.43017500
vt 0.58289800 0.96688900
vt 0.98362800 0.14876600
vt 0.57568600 0.95961500
vt 0.98362800 0.14876600
vt 0.98362800 0.14876600
vt 0.98362800 0.14876600
vt 0.57427600 0.96136900
vt 0.98362900 0.14565800
vt 0.98362900 0.14565800
vt 0.99378600 0.43561500
vt 0.57967600 0.96903100
vt 0.72999700 0.99567500
vt 0.99378600 0.43561500
vt 0.58088600 0.96105500
vt 0.58623100 0.07649100
vt 0.58088600 0.96105500
vt 0.58088600 0.96105500
vt 0.58088600 0.96105500
vt 0.58224600 0.96287300
vt 0.58224600 0.96287300
vt 0.58415000 0.07740000
vt 0.98362900 0.14361100
vt 0.36583900 0.99182400
vt 0.98362900 0.14361100
vt 0.36583900 0.99182400
vt 0.57418500 0.96355800
vt 0.36541200 0.99416000
vt 0.36541200 0.99416000
vt 0.57506800 0.96578800
vt 0.36583900 0.99691700
vt 0.20591900 0.96898500
vt 0.72896000 0.99846500
vt 0.57692200 0.96786900
vt 0.98362900 0.15183400
vt 0.57840300 0.95951400
vt 0.57840300 0.95951400
vt 0.98362900 0.15183400
vt 0.99379100 0.42823600
vt 0.58257400 0.07871500
vt 0.58257400 0.07871500
vt 0.58296900 0.96479300
vt 0.99378500 0.43267800
vt 0.99378500 0.43267800
vt 0.58187000 0.96843600
vt 0.99378500 0.43267800
vt 0.99378500 0.43267800
vt 0.58492200 0.07824200
vt 0.58492200 0.07824200
vt 0.58492200 0.07824200
vt 0.58296900 0.96178500
vt 0.58492200 0.07824200
vt 0.58492200 0.07824200
vt 0.58492200 0.07824200
vt 0.57965100 0.95893700
vt 0.98526900 0.15208200
vt 0.57965100 0.95893700
vt 0.58921500 0.07740700
vt 0.58921500 0.07740700
vt 0.58921500 0.07740700
vt 0.21205100 0.96590700
vt 0.99542600 0.43082800
vt 0.99542600 0.43082800
vt 0.58195400 0.08217500
vt 0.99542600 0.43082800
vt 0.21205100 0.96590700
vt 0.21057500 0.97632500
vt 0.21057500 0.97632500
vt 0.98526900 0.14811100
vt 0.21057500 0.97632500
vt 0.98526900 0.14811100
vt 0.21061200 0.96562200
vt 0.21061200 0.96562200
vt 0.99542500 0.43285300
vt 0.99542500 0.43285300
vt 0.21061200 0.96562200
vt 0.58275700 0.08006700
vt 0.58275700 0.08006700
vt 0.58275700 0.08006700
vt 0.99543000 0.42847800
vt 0.99543000 0.42847800
vt 0.58275700 0.08006700
vt 0.58147200 0.96007900
vt 0.58706600 0.07749900
vt 0.58706600 0.07749900
vt 0.58706600 0.07749900
vt 0.59109000 0.07815300
vt 0.98526900 0.15014400
vt 0.98526900 0.15014400
vt 0.98526900 0.15014400
vt 0.21205100 0.97588400
vt 0.36417400 0.99441700
vt 0.20677500 0.97170400
vt 0.20677500 0.97170400
vt 0.36417400 0.99441700
vt 0.20677500 0.97170400
vt 0.36417400 0.99441700
vt 0.20677500 0.97170400
vt 0.72999700 0.99900700
vt 0.20719900 0.96866200
vt 0.20719900 0.96866200
vt 0.20719900 0.96866200
vt 0.99543000 0.43743800
vt 0.36468000 0.99187400
vt 0.20750400 0.97421100
vt 0.98526900 0.14369900
vt 0.20750400 0.97421100
vt 0.20878000 0.96628100
vt 0.20878000 0.96628100
vt 0.99542600 0.43537100
vt 0.20878000 0.96628100
vt 0.99542600 0.43537100
vt 0.99542600 0.43537100
vt 0.20883600 0.97581600
vt 0.20883600 0.97581600
vt 0.98526900 0.14565400
vt 0.98526900 0.14565400
vt 0.98526900 0.14565400
vt 0.20883600 0.97581600
vt 0.98526900 0.14565400
vt 0.58726600 0.07924300
vt 0.58726600 0.07924300
vt 0.48680000 0.57348400
vt 0.58726600 0.07924300
vt 0.58726600 0.07924300
vt 0.58726600 0.07924300
vt 0.58726600 0.07924300
vt 0.58726600 0.07924300
vt 0.58726600 0.07924300
vt 0.60549400 0.25262500
vt 0.58924200 0.07969000
vt 0.21141000 0.97358500
vt 0.21141000 0.97358500
vt 0.37639700 0.98855200
vt 0.58924200 0.07969000
vt 0.48680000 0.57507600
vt 0.20988200 0.96834700
vt 0.20988200 0.96834700
vt 0.20988200 0.96834700
vt 0.20988200 0.96834700
vt 0.20988200 0.96834700
vt 0.17104500 0.98041700
vt 0.20988200 0.96834700
vt 0.20864600 0.97005800
vt 0.20864600 0.97005800
vt 0.20864600 0.97005800
vt 0.20864600 0.97005800
vt 0.20864600 0.97005800
vt 0.20864600 0.97005800
vt 0.20864600 0.97005800
vt 0.20864600 0.97005800
vt 0.17279000 0.98041100
vt 0.10919900 0.62147100
vt 0.21113600 0.96814800
vt 0.21113600 0.96814800
vt 0.21113600 0.96814800
vt 0.17279000 0.98041100
vt 0.20889900 0.97273100
vt 0.37285900 0.98877900
vt 0.20889900 0.97273100
vt 0.20889900 0.97273100
vt 0.20889900 0.97273100
vt 0.20889900 0.97273100
vt 0.20889900 0.97273100
vt 0.20889900 0.97273100
vt 0.58465000 0.08114400
vt 0.10951500 0.62050400
vt 0.17394100 0.98042900
vt 0.58465000 0.08114400
vt 0.58465000 0.08114400
vt 0.21194600 0.96879200
vt 0.58465000 0.08114400
vt 0.58534400 0.08014300
vt 0.58534400 0.08014300
vt 0.58534400 0.08014300
vt 0.58534400 0.08014300
vt 0.58534400 0.08014300
vt 0.21010500 0.97377000
vt 0.21010500 0.97377000
vt 0.37459600 0.98866900
vt 0.37459600 0.98866900
vt 0.21010500 0.97377000
vt 0.21010500 0.97377000
vt 0.37595300 0.98835600
vt 0.37595300 0.98835600
vt 0.37595300 0.98835600
vt 0.60587300 0.25233700
vt 0.37595300 0.98835600
vt 0.37595300 0.98835600
vt 0.60587300 0.25332600
vt 0.58844500 0.07967500
vt 0.37702100 0.98829900
vt 0.55842200 0.99306600
vt 0.37702100 0.98829900
vt 0.48658500 0.57443800
vt 0.55742000 0.99361800
vt 0.58730100 0.07964800
vt 0.58730100 0.07964800
vt 0.58730100 0.07964800
vt 0.58730100 0.07964800
vt 0.58646700 0.07989200
vt 0.99836200 0.03873200
vt 0.58646700 0.07989200
vt 0.58646700 0.07989200
vt 0.58557500 0.08041300
vt 0.58557500 0.08041300
vt 0.58557500 0.08041300
vt 0.99934700 0.03903700
vt 0.17463500 0.98064500
vt 0.58557500 0.08041300
vt 0.58557500 0.08041300
vt 0.17270600 0.98063600
vt 0.10951500 0.62159000
vt 0.17270600 0.98063600
vt 0.17270600 0.98063600
vt 0.17270600 0.98063600
vt 0.17270600 0.98063600
vt 0.17385800 0.98070500
vt 0.17385800 0.98070500
vt 0.17385800 0.98070500
vt 0.58490400 0.08131700
vt 0.83171700 0.97768100
vt 0.17251300 0.98689900
vt 0.17251300 0.98689900
vt 0.17251300 0.98689900
vt 0.17251300 0.98689900
vt 0.17251300 0.98689900
vt 0.58784400 0.08409400
vt 0.99934700 0.03443000
vt 0.58784400 0.08409400
vt 0.58784400 0.08409400
vt 0.58784400 0.08409400
vt 0.58784400 0.08409400
vt 0.37580900 0.98210200
vt 0.59077900 0.08412500
vt 0.59077900 0.08412500
vt 0.37580900 0.98210200
vt 0.37580900 0.98210200
vt 0.37580900 0.98210200
vt 0.58663400 0.08512400
vt 0.17410700 0.98689400
vt 0.17410700 0.98689400
vt 0.58663400 0.08512400
vt 0.58663400 0.08512400
vt 0.17410700 0.98689400
vt 0.17410700 0.98689400
vt 0.58956300 0.08367400
vt 0.55842200 0.99778700
vt 0.58956300 0.08367400
vt 0.58956300 0.08367400
vt 0.58956300 0.08367400
vt 0.37702100 0.98202600
vt 0.37454000 0.98217400
vt 0.37454000 0.98217400
vt 0.37454000 0.98217400
vt 0.37454000 0.98217400
vt 0.37454000 0.98217400
vt 0.89502700 0.45491300
vt 0.71552700 0.45258400
vt 0.89502700 0.45491300
vt 0.89502700 0.45491300
vt 0.71552700 0.45258400
vt 0.71604900 0.44967900
vt 0.17124200 0.98689400
vt 0.17124200 0.98689400
vt 0.17124200 0.98689400
vt 0.17124200 0.98689400
vt 0.71634500 0.45394100
vt 0.71634500 0.45394100
vt 0.37294900 0.98227900
vt 0.37294900 0.98227900
vt 0.37294900 0.98227900
vt 0.37294900 0.98227900
vt 0.89354500 0.45438700
vt 0.71539800 0.45081600
vt 0.71539800 0.45081600
vt 0.71539800 0.45081600
vt 0.89678900 0.45474000
vt 0.89678900 0.45474000
vt 0.71539800 0.45081600
vt 0.17002600 0.98689600
vt 0.17002600 0.98689600
vt 0.17148500 0.98064200
vt 0.17148500 0.98064200
vt 0.17148500 0.98064200
vt 0.17148500 0.98064200
vt 0.17148500 0.98064200
vt 0.21034900 0.96847700
vt 0.17070900 0.98063500
vt 0.17070900 0.98063500
vt 0.20977100 0.96886400
vt 0.20977100 0.96886400
vt 0.17070900 0.98063500
vt 0.20924000 0.96961500
vt 0.20924000 0.96961500
vt 0.89678900 0.45011600
vt 0.20924000 0.96961500
vt 0.17000500 0.98064300
vt 0.89559800 0.45030800
vt 0.20894500 0.97078800
vt 0.89559800 0.45030800
vt 0.20894500 0.97078800
vt 0.89559800 0.45030800
vt 0.89438900 0.45012500
vt 0.20906500 0.97200800
vt 0.37280600 0.98855100
vt 0.20906500 0.97200800
vt 0.89438900 0.45012500
vt 0.20906500 0.97200800
vt 0.37357800 0.98850900
vt 0.37357800 0.98850900
vt 0.20957200 0.97298500
vt 0.37357800 0.98850900
vt 0.37473400 0.98843700
vt 0.37473400 0.98843700
vt 0.37473400 0.98843700
vt 0.37473400 0.98843700
vt 0.21038000 0.97353500
vt 0.37473400 0.98843700
vt 0.71677300 0.44971100
vt 0.71677300 0.44971100
vt 0.71677300 0.44971100
vt 0.71677300 0.44971100
vt 0.71677300 0.44971100
vt 0.83233300 0.97830100
vt 0.17182200 0.98730400
vt 0.71766800 0.45398400
vt 0.71766800 0.45398400
vt 0.37431500 0.98178300
vt 0.71766800 0.45398400
vt 0.44854300 0.99240500
vt 0.37431500 0.98178300
vt 0.71766800 0.45398400
vt 0.59109000 0.08543600
vt 0.71600700 0.45087400
vt 0.71600700 0.45087400
vt 0.45138500 0.99029900
vt 0.71600700 0.45087400
vt 0.71617000 0.45279800
vt 0.44950900 0.99074600
vt 0.71617000 0.45279800
vt 0.44950900 0.99074600
vt 0.71617000 0.45279800
vt 0.71617000 0.45279800
vt 0.44950900 0.99074600
vt 0.45108100 0.99082700
vt 0.45108100 0.99082700
vt 0.71647900 0.45124900
vt 0.45108100 0.99082700
vt 0.99590600 0.98493900
vt 0.71647900 0.45124900
vt 0.45108100 0.99082700
vt 0.99413700 0.98493900
vt 0.99413700 0.98493900
vt 0.71758800 0.45036200
vt 0.71758800 0.45036200
vt 0.71758800 0.45036200
vt 0.71758800 0.45036200
vt 0.71758800 0.45036200
vt 0.71758800 0.45036200
vt 0.44962200 0.99149300
vt 0.71692400 0.45278900
vt 0.44962200 0.99149300
vt 0.44962200 0.99149300
vt 0.44962200 0.99149300
vt 0.44962200 0.99149300
vt 0.58694000 0.08579800
vt 0.17347400 0.98730400
vt 0.71800200 0.44981400
vt 0.71800200 0.44981400
vt 0.83233300 0.97706900
vt 0.71896900 0.45101700
vt 0.58797800 0.08464800
vt 0.58797800 0.08464800
vt 0.58797800 0.08464800
vt 0.58797800 0.08464800
vt 0.71896900 0.45101700
vt 0.71896900 0.45101700
vt 0.71847200 0.45139100
vt 0.71847200 0.45139100
vt 0.71847200 0.45139100
vt 0.71847200 0.45139100
vt 0.71847200 0.45139100
vt 0.71847200 0.45139100
vt 0.59487000 0.25338000
vt 0.71768700 0.45315900
vt 0.71768700 0.45315900
vt 0.44936000 0.99230100
vt 0.71841500 0.45267700
vt 0.71841500 0.45267700
vt 0.71841500 0.45267700
vt 0.59442300 0.25233700
vt 0.71841500 0.45267700
vt 0.71841500 0.45267700
vt 0.71896900 0.45309600
vt 0.59002200 0.08430400
vt 0.71896900 0.45309600
vt 0.59002200 0.08430400
vt 0.59002200 0.08430400
vt 0.71896900 0.45309600
vt 0.19435600 0.99137000
vt 0.71791500 0.45208200
vt 0.71791500 0.45208200
vt 0.71791500 0.45208200
vt 0.19435600 0.99137000
vt 0.62419200 0.98539400
vt 0.19524400 0.99135900
vt 0.19524400 0.99135900
vt 0.71742500 0.45283800
vt 0.59434400 0.25338000
vt 0.44987400 0.99262900
vt 0.19524400 0.99135900
vt 0.44987400 0.99262900
vt 0.45022100 0.99178600
vt 0.19617700 0.99134500
vt 0.45022100 0.99178600
vt 0.45022100 0.99178600
vt 0.45022100 0.99178600
vt 0.45131900 0.99151500
vt 0.99534700 0.98446900
vt 0.25372400 0.99892900
vt 0.99534700 0.98446900
vt 0.99534700 0.98446900
vt 0.99534700 0.98446900
vt 0.45131900 0.99151500
vt 0.99424600 0.98445700
vt 0.99424600 0.98445700
vt 0.71727700 0.45089900
vt 0.99424600 0.98445700
vt 0.99424600 0.98445700
vt 0.71775900 0.45135000
vt 0.99372900 0.98447100
vt 0.62344500 0.98543000
vt 0.62344500 0.98543000
vt 0.71775900 0.45135000
vt 0.71775900 0.45135000
vt 0.25256700 0.99538500
vt 0.99756000 0.72990900
vt 0.99756000 0.72990900
vt 0.99536100 0.97920000
vt 0.99449900 0.97919600
vt 0.99696400 0.73025000
vt 0.99449900 0.97919600
vt 0.99449900 0.97919600
vt 0.98908100 0.67658100
vt 0.99394900 0.97917800
vt 0.99394900 0.97917800
vt 0.62347700 0.98922200
vt 0.98956400 0.67667600
vt 0.98956400 0.67667600
vt 0.62419200 0.98937500
vt 0.99012000 0.67717400
vt 0.99012000 0.67717400
vt 0.62419200 0.98937500
vt 0.19430300 0.99662600
vt 0.99669600 0.72835100
vt 0.19497000 0.99661800
vt 0.99012000 0.67819200
vt 0.19497000 0.99661800
vt 0.19497000 0.99661800
vt 0.25372400 0.99487100
vt 0.45138500 0.99535900
vt 0.19617700 0.99662500
vt 0.99756000 0.72864500
vt 0.19617700 0.99662500
vt 0.99756000 0.72864500
vt 0.98911300 0.67767400
vt 0.99660900 0.72929300
vt 0.99660900 0.72929300
vt 0.98911300 0.67767400
vt 0.98911300 0.67767400
vt 0.99660900 0.72929300
f 14/14/14 23/23/23 27/27/27
f 40/40/40 1/1/1 7/7/7
f 38/38/38 8/8/8 43/43/43
f 47/47/47 49/49/49 54/54/54
f 47/47/47 43/43/43 49/49/49
f 61/61/61 64/64/64 71/71/71
f 61/61/61 81/81/81 76/76/76
f 61/61/61 71/71/71 81/81/81
f 61/61/61 100/100/100 64/64/64
f 49/49/49 61/61/61 76/76/76
f 105/105/105 38/38/38 43/43/43
f 50/50/50 75/75/75 109/109/109
f 113/113/113 22/22/22 17/17/17
f 83/83/83 44/44/44 94/94/94
f 122/122/122 53/53/53 110/110/110
f 129/129/129 135/135/135 133/133/133
f 67/67/67 125/125/125 130/130/130
f 143/143/143 48/48/48 84/84/84
f 140/140/140 105/105/105 43/43/43
f 62/62/62 133/133/133 69/69/69
f 8/8/8 147/147/147 100/100/100
f 8/8/8 100/100/100 61/61/61
f 140/140/140 43/43/43 47/47/47
f 8/8/8 112/112/112 15/15/15
f 8/8/8 15/15/15 147/147/147
f 90/90/90 152/152/152 157/157/157
f 92/92/92 155/155/155 86/86/86
f 5/5/5 114/114/114 11/11/11
f 98/98/98 135/135/135 129/129/129
f 57/57/57 120/120/120 163/163/163
f 54/54/54 49/49/49 119/119/119
f 151/151/151 58/58/58 161/161/161
f 30/30/30 20/20/20 139/139/139
f 28/28/28 135/135/135 98/98/98
f 147/147/147 33/33/33 100/100/100
f 156/156/156 150/150/150 165/165/165
f 183/183/183 171/171/171 85/85/85
f 196/196/196 138/138/138 24/24/24
f 185/185/185 173/173/173 3/3/3
f 191/191/191 2/2/2 37/37/37
f 201/201/201 194/194/194 25/25/25
f 206/206/206 181/181/181 87/87/87
f 208/208/208 188/188/188 39/39/39
f 207/207/207 88/88/88 159/159/159
f 213/213/213 197/197/197 21/21/21
f 222/222/222 35/35/35 102/102/102
f 221/221/221 210/210/210 36/36/36
f 219/219/219 26/26/26 115/115/115
f 229/229/229 214/214/214 117/117/117
f 237/237/237 104/104/104 141/141/141
f 236/236/236 225/225/225 103/103/103
f 226/226/226 116/116/116 6/6/6
f 176/176/176 228/228/228 4/4/4
f 172/172/172 232/232/232 142/142/142
f 167/167/167 144/144/144 89/89/89
f 249/249/249 245/245/245 111/111/111
f 258/258/258 238/238/238 131/131/131
f 256/256/256 134/134/134 137/137/137
f 250/250/250 107/107/107 74/74/74
f 265/265/265 204/204/204 160/160/160
f 195/195/195 257/257/257 136/136/136
f 267/267/267 158/158/158 164/164/164
f 277/277/277 253/253/253 77/77/77
f 279/279/279 269/269/269 162/162/162
f 276/276/276 78/78/78 79/79/79
f 283/283/283 166/166/166 118/118/118
f 285/285/285 273/273/273 82/82/82
f 293/293/293 280/280/280 121/121/121
f 288/288/288 80/80/80 73/73/73
f 294/294/294 123/123/123 108/108/108
f 241/241/241 287/287/287 70/70/70
f 246/246/246 292/292/292 106/106/106
f 243/243/243 72/72/72 132/132/132
f 336/336/336 309/309/309 311/311/311
f 334/334/334 312/312/312 324/324/324
f 263/263/263 192/192/192 330/330/330
f 255/255/255 335/335/335 325/325/325
f 261/261/261 320/320/320 337/337/337
f 242/242/242 262/262/262 341/341/341
f 239/239/239 339/339/339 344/344/344
f 286/286/286 240/240/240 345/345/345
f 284/284/284 342/342/342 349/349/349
f 272/272/272 289/289/289 348/348/348
f 274/274/274 347/347/347 353/353/353
f 252/252/252 275/275/275 352/352/352
f 254/254/254 351/351/351 354/354/354
f 247/247/247 251/251/251 356/356/356
f 248/248/248 355/355/355 361/361/361
f 295/295/295 244/244/244 358/358/358
f 290/290/290 359/359/359 362/362/362
f 278/278/278 291/291/291 363/363/363
f 281/281/281 365/365/365 368/368/368
f 383/383/383 375/375/375 387/387/387
f 271/271/271 282/282/282 370/370/370
f 390/390/390 270/270/270 369/369/369
f 391/391/391 376/376/376 377/377/377
f 401/401/401 392/392/392 381/381/381
f 402/402/402 382/382/382 410/410/410
f 203/203/203 266/266/266 415/415/415
f 319/319/319 306/306/306 296/296/296
f 395/395/395 386/386/386 371/371/371
f 316/316/316 419/419/419 420/420/420
f 322/322/322 317/317/317 424/424/424
f 421/421/421 417/417/417 332/332/332
f 331/331/331 259/259/259 422/422/422
f 439/439/439 310/310/310 429/429/429
f 310/310/310 333/333/333 416/416/416
f 429/429/429 310/310/310 416/416/416
f 440/440/440 449/449/449 458/458/458
f 442/442/442 428/428/428 450/450/450
f 434/434/434 432/432/432 445/445/445
f 444/444/444 200/200/200 435/435/435
f 465/465/465 396/396/396 372/372/372
f 407/407/407 461/461/461 467/467/467
f 476/476/476 400/400/400 406/406/406
f 477/477/477 409/409/409 471/471/471
f 184/184/184 205/205/205 411/411/411
f 182/182/182 478/478/478 473/473/473
f 168/168/168 178/178/178 470/470/470
f 170/170/170 469/469/469 484/484/484
f 235/235/235 169/169/169 482/482/482
f 234/234/234 480/480/480 485/485/485
f 223/223/223 233/233/233 486/486/486
f 224/224/224 488/488/488 490/490/490
f 498/498/498 489/489/489 502/502/502
f 212/212/212 220/220/220 492/492/492
f 211/211/211 493/493/493 495/495/495
f 506/506/506 511/511/511 512/512/512
f 187/187/187 209/209/209 497/497/497
f 189/189/189 496/496/496 508/508/508
f 186/186/186 504/504/504 514/514/514
f 175/175/175 190/190/190 513/513/513
f 177/177/177 516/516/516 520/520/520
f 227/227/227 174/174/174 519/519/519
f 230/230/230 517/517/517 525/525/525
f 217/217/217 231/231/231 524/524/524
f 215/215/215 522/522/522 530/530/530
f 451/451/451 531/531/531 457/457/457
f 301/301/301 459/459/459 527/527/527
f 433/433/433 528/528/528 448/448/448
f 436/436/436 216/216/216 526/526/526
f 199/199/199 218/218/218 437/437/437
f 308/308/308 438/438/438 454/454/454
f 307/307/307 452/452/452 315/315/315
f 193/193/193 202/202/202 329/329/329
f 304/304/304 456/456/456 299/299/299
f 455/455/455 303/303/303 441/441/441
f 305/305/305 321/321/321 427/427/427
f 446/446/446 302/302/302 423/423/423
f 198/198/198 447/447/447 327/327/327
f 443/443/443 425/425/425 328/328/328
f 326/326/326 426/426/426 260/260/260
f 541/541/541 623/623/623 491/491/491
f 541/541/541 491/491/491 487/487/487
f 545/545/545 472/472/472 533/533/533
f 549/549/549 481/481/481 466/466/466
f 343/343/343 550/550/550 557/557/557
f 541/541/541 483/483/483 544/544/544
f 541/541/541 487/487/487 483/483/483
f 346/346/346 343/343/343 557/557/557
f 338/338/338 564/564/564 550/550/550
f 338/338/338 550/550/550 343/343/343
f 346/346/346 557/557/557 567/567/567
f 318/318/318 560/560/560 340/340/340
f 300/300/300 561/561/561 323/323/323
f 297/297/297 569/569/569 558/558/558
f 350/350/350 346/346/346 567/567/567
f 350/350/350 567/567/567 576/576/576
f 297/297/297 583/583/583 569/569/569
f 529/529/529 578/578/578 298/298/298
f 357/357/357 576/576/576 588/588/588
f 357/357/357 350/350/350 576/576/576
f 360/360/360 357/357/357 588/588/588
f 523/523/523 578/578/578 529/529/529
f 590/590/590 580/580/580 521/521/521
f 360/360/360 588/588/588 596/596/596
f 366/366/366 360/360/360 596/596/596
f 518/518/518 590/590/590 521/521/521
f 598/598/598 590/590/590 518/518/518
f 601/601/601 366/366/366 596/596/596
f 598/598/598 518/518/518 515/515/515
f 602/602/602 374/374/374 364/364/364
f 608/608/608 598/598/598 515/515/515
f 613/613/613 608/608/608 515/515/515
f 613/613/613 515/515/515 509/509/509
f 617/617/617 367/367/367 604/604/604
f 619/619/619 608/608/608 613/613/613
f 619/619/619 503/503/503 491/491/491
f 623/623/623 608/608/608 619/619/619
f 538/538/538 367/367/367 617/617/617
f 537/537/537 464/464/464 373/373/373
f 532/532/532 468/468/468 460/460/460
f 623/623/623 619/619/619 491/491/491
f 577/577/577 589/589/589 630/630/630
f 581/581/581 626/626/626 640/640/640
f 621/621/621 635/635/635 652/652/652
f 535/535/535 615/615/615 648/648/648
f 622/622/622 542/542/542 634/634/634
f 536/536/536 646/646/646 654/654/654
f 611/611/611 653/653/653 662/662/662
f 582/582/582 637/637/637 669/669/669
f 609/609/609 624/624/624 651/651/651
f 571/571/571 579/579/579 666/666/666
f 547/547/547 534/534/534 656/656/656
f 548/548/548 659/659/659 672/672/672
f 610/610/610 661/661/661 680/680/680
f 599/599/599 607/607/607 675/675/675
f 546/546/546 674/674/674 684/684/684
f 540/540/540 543/543/543 683/683/683
f 591/591/591 597/597/597 676/676/676
f 592/592/592 677/677/677 625/625/625
f 539/539/539 681/681/681 636/636/636
f 568/568/568 556/556/556 695/695/695
f 566/566/566 693/693/693 702/702/702
f 606/606/606 691/691/691 705/705/705
f 603/603/603 593/593/593 689/689/689
f 572/572/572 665/665/665 712/712/712
f 563/563/563 570/570/570 710/710/710
f 574/574/574 701/701/701 713/713/713
f 575/575/575 565/565/565 699/699/699
f 605/605/605 706/706/706 643/643/643
f 562/562/562 709/709/709 724/724/724
f 616/616/616 600/600/600 644/644/644
f 586/586/586 573/573/573 715/715/715
f 585/585/585 716/716/716 729/729/729
f 553/553/553 559/559/559 721/721/721
f 552/552/552 723/723/723 731/731/731
f 555/555/555 551/551/551 732/732/732
f 584/584/584 727/727/727 735/735/735
f 554/554/554 730/730/730 697/697/697
f 594/594/594 587/587/587 739/739/739
f 595/595/595 736/736/736 688/688/688
f 703/703/703 690/690/690 747/747/747
f 698/698/698 694/694/694 741/741/741
f 707/707/707 756/756/756 767/767/767
f 645/645/645 751/751/751 773/773/773
f 708/708/708 668/668/668 761/761/761
f 642/642/642 704/704/704 752/752/752
f 717/717/717 745/745/745 774/774/774
f 718/718/718 700/700/700 744/744/744
f 720/720/720 711/711/711 765/765/765
f 728/728/728 714/714/714 775/775/775
f 726/726/726 776/776/776 782/782/782
f 722/722/722 766/766/766 792/792/792
f 733/733/733 719/719/719 789/789/789
f 738/738/738 725/725/725 781/781/781
f 686/686/686 737/737/737 784/784/784
f 687/687/687 785/785/785 753/753/753
f 696/696/696 734/734/734 790/790/790
f 692/692/692 788/788/788 746/746/746
f 638/638/638 628/628/628 823/823/823
f 641/641/641 821/821/821 754/754/754
f 649/649/649 632/632/632 795/795/795
f 667/667/667 639/639/639 759/759/759
f 657/657/657 647/647/647 768/768/768
f 664/664/664 650/650/650 798/798/798
f 658/658/658 771/771/771 804/804/804
f 663/663/663 794/794/794 811/811/811
f 670/670/670 655/655/655 801/801/801
f 679/679/679 660/660/660 808/808/808
f 671/671/671 805/805/805 816/816/816
f 685/685/685 673/673/673 818/818/818
f 629/629/629 678/678/678 807/807/807
f 627/627/627 812/812/812 822/822/822
f 631/631/631 682/682/682 815/815/815
f 633/633/633 814/814/814 799/799/799
f 791/791/791 763/763/763 829/829/829
f 787/787/787 830/830/830 833/833/833
f 742/742/742 786/786/786 837/837/837
f 826/826/826 762/762/762 842/842/842
f 743/743/743 836/836/836 845/845/845
f 843/843/843 764/764/764 755/755/755
f 844/844/844 757/757/757 852/852/852
f 740/740/740 847/847/847 779/779/779
f 777/777/777 846/846/846 861/861/861
f 856/856/856 760/760/760 871/871/871
f 778/778/778 863/863/863 877/877/877
f 778/778/778 877/877/877 780/780/780
f 866/866/866 758/758/758 824/824/824
f 783/783/783 875/875/875 749/749/749
f 864/864/864 825/825/825 809/809/809
f 867/867/867 810/810/810 883/883/883
f 750/750/750 876/876/876 890/890/890
f 748/748/748 886/886/886 769/769/769
f 878/878/878 813/813/813 797/797/797
f 882/882/882 793/793/793 893/893/893
f 772/772/772 889/889/889 901/901/901
f 903/903/903 892/892/892 800/800/800
f 900/900/900 910/910/910 806/806/806
f 770/770/770 896/896/896 802/802/802
f 906/906/906 796/796/796 820/820/820
f 908/908/908 905/905/905 819/819/819
f 803/803/803 911/911/911 817/817/817
f 873/873/873 860/860/860 919/919/919
f 874/874/874 917/917/917 923/923/923
f 887/887/887 922/922/922 930/930/930
f 888/888/888 872/872/872 921/921/921
f 885/885/885 931/931/931 932/932/932
f 897/897/897 884/884/884 935/935/935
f 858/858/858 937/937/937 943/943/943
f 840/840/840 942/942/942 950/950/950
f 839/839/839 854/854/854 940/940/940
f 832/832/832 947/947/947 954/954/954
f 827/827/827 841/841/841 948/948/948
f 828/828/828 951/951/951 958/958/958
f 834/834/834 959/959/959 965/965/965
f 835/835/835 831/831/831 957/957/957
f 851/851/851 964/964/964 968/968/968
f 850/850/850 838/838/838 966/966/966
f 849/849/849 970/970/970 973/973/973
f 862/862/862 848/848/848 974/974/974
f 859/859/859 977/977/977 918/918/918
f 899/899/899 936/936/936 983/983/983
f 912/912/912 978/978/978 985/985/985
f 913/913/913 898/898/898 981/981/981
f 907/907/907 986/986/986 994/994/994
f 902/902/902 909/909/909 987/987/987
f 894/894/894 993/993/993 999/999/999
f 891/891/891 904/904/904 992/992/992
f 880/880/880 998/998/998 1001/1001/1001
f 879/879/879 895/895/895 1000/1000/1000
f 869/869/869 1003/1003/1003 1009/1009/1009
f 868/868/868 881/881/881 1005/1005/1005
f 870/870/870 1007/1007/1007 1016/1016/1016
f 855/855/855 1014/1014/1014 1021/1021/1021
f 853/853/853 1019/1019/1019 939/939/939
f 857/857/857 865/865/865 1013/1013/1013
f 1038/1038/1038 984/984/984 979/979/979
f 1036/1036/1036 982/982/982 1024/1024/1024
f 1041/1041/1041 1028/1028/1028 1031/1031/1031
f 1040/1040/1040 995/995/995 988/988/988
f 1037/1037/1037 1035/1035/1035 1042/1042/1042
f 1046/1046/1046 991/991/991 1039/1039/1039
f 980/980/980 934/934/934 1025/1025/1025
f 990/990/990 1047/1047/1047 1048/1048/1048
f 997/997/997 989/989/989 1054/1054/1054
f 1004/1004/1004 1052/1052/1052 1011/1011/1011
f 1002/1002/1002 996/996/996 1049/1049/1049
f 1008/1008/1008 1057/1057/1057 1017/1017/1017
f 1096/1096/1096 1063/1063/1063 1091/1091/1091
f 1044/1044/1044 1032/1032/1032 1076/1076/1076
f 1015/1015/1015 1059/1059/1059 1023/1023/1023
f 1033/1033/1033 1074/1074/1074 1078/1078/1078
f 1050/1050/1050 1043/1043/1043 1087/1087/1087
f 1045/1045/1045 1079/1079/1079 1081/1081/1081
f 1089/1089/1089 1067/1067/1067 960/960/960
f 1053/1053/1053 1082/1082/1082 1064/1064/1064
f 1018/1018/1018 1062/1062/1062 1116/1116/1116
f 1012/1012/1012 1055/1055/1055 1099/1099/1099
f 1010/1010/1010 1100/1100/1100 1105/1105/1105
f 1110/1110/1110 1090/1090/1090 961/961/961
f 1117/1117/1117 1108/1108/1108 955/955/955
f 1111/1111/1111 962/962/962 953/953/953
f 1098/1098/1098 1051/1051/1051 1066/1066/1066
f 1006/1006/1006 1102/1102/1102 1061/1061/1061
f 1020/1020/1020 1115/1115/1115 944/944/944
f 1114/1114/1114 952/952/952 949/949/949
f 945/945/945 1118/1118/1118 946/946/946
f 1080/1080/1080 924/924/924 916/916/916
f 1075/1075/1075 1070/1070/1070 925/925/925
f 914/914/914 1085/1085/1085 1077/1077/1077
f 915/915/915 976/976/976 1086/1086/1086
f 1084/1084/1084 975/975/975 971/971/971
f 1083/1083/1083 972/972/972 1065/1065/1065
f 928/928/928 1029/1029/1029 933/933/933
f 1071/1071/1071 1034/1034/1034 1027/1027/1027
f 967/967/967 1068/1068/1068 969/969/969
f 956/956/956 1069/1069/1069 963/963/963
f 1120/1120/1120 1030/1030/1030 927/927/927
f 1123/1123/1123 1073/1073/1073 1026/1026/1026
f 920/920/920 1072/1072/1072 1122/1122/1122
f 926/926/926 1121/1121/1121 929/929/929
f 938/938/938 1022/1022/1022 941/941/941
f 1127/1127/1127 1092/1092/1092 1107/1107/1107
f 1129/1129/1129 1124/1124/1124 1109/1109/1109
f 1130/1130/1130 1106/1106/1106 1113/1113/1113
f 1134/1134/1134 1131/1131/1131 1112/1112/1112
f 1137/1137/1137 1095/1095/1095 1088/1088/1088
f 1126/1126/1126 1139/1139/1139 1093/1093/1093
f 1140/1140/1140 1060/1060/1060 1101/1101/1101
f 1146/1146/1146 1142/1142/1142 1103/1103/1103
f 1147/1147/1147 1104/1104/1104 1094/1094/1094
f 1138/1138/1138 1144/1144/1144 1097/1097/1097
f 1135/1135/1135 1119/1119/1119 1058/1058/1058
f 1143/1143/1143 1133/1133/1133 1056/1056/1056
f 1132/1132/1132 1125/1125/1125 1128/1128/1128
f 1141/1141/1141 1136/1136/1136 1125/1125/1125
f 1141/1141/1141 1125/1125/1125 1132/1132/1132
f 1141/1141/1141 1145/1145/1145 1136/1136/1136
f 505/505/505 612/612/612 510/510/510
f 505/505/505 1149/1149/1149 612/612/612
f 1150/1150/1150 620/620/620 614/614/614
f 1150/1150/1150 1152/1152/1152 620/620/620
f 1151/1151/1151 500/500/500 618/618/618
f 1154/1154/1154 499/499/499 501/501/501
f 1148/1148/1148 507/507/507 494/494/494
f 1153/1153/1153 1148/1148/1148 494/494/494
f 1157/1157/1157 398/398/398 463/463/463
f 1163/1163/1163 385/385/385 394/394/394
f 1165/1165/1165 397/397/397 1156/1156/1156
f 1166/1166/1166 379/379/379 384/384/384
f 1170/1170/1170 1172/1172/1172 380/380/380
f 389/389/389 1173/1173/1173 1169/1169/1169
f 1164/1164/1164 264/264/264 388/388/388
f 1174/1174/1174 1178/1178/1178 404/404/404
f 378/378/378 1171/1171/1171 403/403/403
f 462/462/462 408/408/408 1158/1158/1158
f 405/405/405 1179/1179/1179 1155/1155/1155
f 1160/1160/1160 1176/1176/1176 479/479/479
f 474/474/474 180/180/180 1159/1159/1159
f 412/412/412 1161/1161/1161 179/179/179
f 414/414/414 1168/1168/1168 1162/1162/1162
f 268/268/268 1167/1167/1167 413/413/413
f 1177/1177/1177 399/399/399 475/475/475
f 1175/1175/1175 393/393/393 399/399/399
f 1175/1175/1175 399/399/399 1177/1177/1177
f 453/453/453 430/430/430 314/314/314
f 313/313/313 431/431/431 418/418/418
f 1180/1180/1180 1184/1184/1184 93/93/93
f 1180/1180/1180 93/93/93 45/45/45
f 1189/1189/1189 1190/1190/1190 91/91/91
f 1190/1190/1190 153/153/153 91/91/91
f 1195/1195/1195 153/153/153 1190/1190/1190
f 1183/1183/1183 1202/1202/1202 1189/1189/1189
f 1183/1183/1183 1189/1189/1189 91/91/91
f 1206/1206/1206 1202/1202/1202 1183/1183/1183
f 1207/1207/1207 1212/1212/1212 1206/1206/1206
f 1207/1207/1207 1206/1206/1206 1183/1183/1183
f 1207/1207/1207 153/153/153 1212/1212/1212
f 1212/1212/1212 153/153/153 1195/1195/1195
f 154/154/154 1208/1208/1208 1214/1214/1214
f 55/55/55 154/154/154 1214/1214/1214
f 1221/1221/1221 1217/1217/1217 1181/1181/1181
f 1226/1226/1226 1181/1181/1181 1217/1217/1217
f 1216/1216/1216 1181/1181/1181 1226/1226/1226
f 1228/1228/1228 1216/1216/1216 1226/1226/1226
f 1232/1232/1232 1216/1216/1216 1228/1228/1228
f 46/46/46 1237/1237/1237 1221/1221/1221
f 46/46/46 1221/1221/1221 1181/1181/1181
f 56/56/56 1240/1240/1240 1237/1237/1237
f 56/56/56 1232/1232/1232 1240/1240/1240
f 56/56/56 1237/1237/1237 46/46/46
f 56/56/56 1216/1216/1216 1232/1232/1232
f 1215/1215/1215 1185/1185/1185 1182/1182/1182
f 1215/1215/1215 1209/1209/1209 1185/1185/1185
f 1235/1235/1235 1213/1213/1213 1197/1197/1197
f 1241/1241/1241 1234/1234/1234 1194/1194/1194
f 1238/1238/1238 1243/1243/1243 1192/1192/1192
f 1242/1242/1242 1196/1196/1196 1191/1191/1191
f 1220/1220/1220 1239/1239/1239 1186/1186/1186
f 1236/1236/1236 1193/1193/1193 1188/1188/1188
f 1223/1223/1223 1187/1187/1187 1200/1200/1200
f 1218/1218/1218 1222/1222/1222 1201/1201/1201
f 1227/1227/1227 1219/1219/1219 1199/1199/1199
f 1225/1225/1225 1198/1198/1198 1203/1203/1203
f 1230/1230/1230 1224/1224/1224 1205/1205/1205
f 1231/1231/1231 1204/1204/1204 1210/1210/1210
f 1233/1233/1233 1229/1229/1229 1211/1211/1211
f 1244/1244/1244 1248/1248/1248 42/42/42
f 1244/1244/1244 42/42/42 9/9/9
f 1254/1254/1254 41/41/41 1253/1253/1253
f 1254/1254/1254 51/51/51 41/41/41
f 1259/1259/1259 51/51/51 1254/1254/1254
f 1249/1249/1249 1262/1262/1262 1253/1253/1253
f 1249/1249/1249 1267/1267/1267 1262/1262/1262
f 1249/1249/1249 1253/1253/1253 41/41/41
f 1271/1271/1271 1275/1275/1275 1267/1267/1267
f 1271/1271/1271 1259/1259/1259 1275/1275/1275
f 1271/1271/1271 1267/1267/1267 1249/1249/1249
f 1271/1271/1271 51/51/51 1259/1259/1259
f 52/52/52 1270/1270/1270 1279/1279/1279
f 59/59/59 52/52/52 1279/1279/1279
f 1280/1280/1280 1284/1284/1284 1245/1245/1245
f 1290/1290/1290 1245/1245/1245 1284/1284/1284
f 1278/1278/1278 1245/1245/1245 1290/1290/1290
f 1294/1294/1294 1278/1278/1278 1290/1290/1290
f 1303/1303/1303 1278/1278/1278 1294/1294/1294
f 10/10/10 1296/1296/1296 1280/1280/1280
f 10/10/10 1280/1280/1280 1245/1245/1245
f 60/60/60 1303/1303/1303 1296/1296/1296
f 60/60/60 1296/1296/1296 10/10/10
f 60/60/60 1278/1278/1278 1303/1303/1303
f 1277/1277/1277 1247/1247/1247 1246/1246/1246
f 1277/1277/1277 1272/1272/1272 1247/1247/1247
f 1300/1300/1300 1261/1261/1261 1255/1255/1255
f 1298/1298/1298 1302/1302/1302 1257/1257/1257
f 1299/1299/1299 1256/1256/1256 1252/1252/1252
f 1282/1282/1282 1297/1297/1297 1251/1251/1251
f 1281/1281/1281 1250/1250/1250 1265/1265/1265
f 1286/1286/1286 1283/1283/1283 1264/1264/1264
f 1291/1291/1291 1287/1287/1287 1268/1268/1268
f 1285/1285/1285 1263/1263/1263 1269/1269/1269
f 1295/1295/1295 1289/1289/1289 1274/1274/1274
f 1288/1288/1288 1266/1266/1266 1276/1276/1276
f 1301/1301/1301 1292/1292/1292 1258/1258/1258
f 1293/1293/1293 1273/1273/1273 1260/1260/1260
f 1308/1308/1308 1311/1311/1311 1319/1319/1319
f 1312/1312/1312 1322/1322/1322 1320/1320/1320
f 1321/1321/1321 1310/1310/1310 1329/1329/1329
f 1304/1304/1304 1316/1316/1316 1335/1335/1335
f 1334/1334/1334 1328/1328/1328 66/66/66
f 1331/1331/1331 63/63/63 95/95/95
f 1329/1329/1329 1310/1310/1310 65/65/65
f 1332/1332/1332 96/96/96 1305/1305/1305
f 1309/1309/1309 124/124/124 68/68/68
f 1340/1340/1340 124/124/124 1309/1309/1309
f 1317/1317/1317 1339/1339/1339 1342/1342/1342
f 1318/1318/1318 1324/1324/1324 1337/1337/1337
f 1326/1326/1326 1338/1338/1338 1323/1323/1323
f 1349/1349/1349 1314/1314/1314 1343/1343/1343
f 127/127/127 1325/1325/1325 1346/1346/1346
f 97/97/97 128/128/128 1347/1347/1347
f 1341/1341/1341 101/101/101 1351/1351/1351
f 126/126/126 1338/1338/1338 1326/1326/1326
f 99/99/99 1344/1344/1344 1306/1306/1306
f 1307/1307/1307 1336/1336/1336 1313/1313/1313
f 1345/1345/1345 1336/1336/1336 1307/1307/1307
f 1315/1315/1315 1350/1350/1350 1333/1333/1333
f 1348/1348/1348 1327/1327/1327 1330/1330/1330
f 1353/1353/1353 1360/1360/1360 1365/1365/1365
f 1366/1366/1366 1358/1358/1358 1370/1370/1370
f 1357/1357/1357 1355/1355/1355 1375/1375/1375
f 1362/1362/1362 1372/1372/1372 1379/1379/1379
f 1383/1383/1383 1376/1376/1376 149/149/149
f 1380/1380/1380 145/145/145 18/18/18
f 1375/1375/1375 1355/1355/1355 148/148/148
f 1381/1381/1381 16/16/16 1364/1364/1364
f 1352/1352/1352 29/29/29 146/146/146
f 1384/1384/1384 29/29/29 1352/1352/1352
f 1388/1388/1388 1356/1356/1356 1387/1387/1387
f 1369/1369/1369 1359/1359/1359 1389/1389/1389
f 1374/1374/1374 1386/1386/1386 1361/1361/1361
f 1396/1396/1396 1371/1371/1371 1393/1393/1393
f 32/32/32 1373/1373/1373 1394/1394/1394
f 13/13/13 34/34/34 1399/1399/1399
f 1392/1392/1392 12/12/12 1397/1397/1397
f 31/31/31 1386/1386/1386 1374/1374/1374
f 19/19/19 1390/1390/1390 1367/1367/1367
f 1363/1363/1363 1385/1385/1385 1354/1354/1354
f 1391/1391/1391 1385/1385/1385 1363/1363/1363
f 1398/1398/1398 1377/1377/1377 1382/1382/1382
f 1368/1368/1368 1395/1395/1395 1378/1378/1378
f 1403/1403/1403 1409/1409/1409 1414/1414/1414
f 1434/1434/1434 1442/1442/1442 1418/1418/1418
f 1445/1445/1445 1441/1441/1441 1435/1435/1435
f 1457/1457/1457 1429/1429/1429 1420/1420/1420
f 1415/1415/1415 1419/1419/1419 1424/1424/1424
f 1459/1459/1459 1455/1455/1455 1422/1422/1422
f 1464/1464/1464 1443/1443/1443 1448/1448/1448
f 1470/1470/1470 1400/1400/1400 1412/1412/1412
f 1473/1473/1473 1479/1479/1479 1402/1402/1402
f 1439/1439/1439 1454/1454/1454 1460/1460/1460
f 1467/1467/1467 1416/1416/1416 1428/1428/1428
f 1485/1485/1485 1495/1495/1495 1482/1482/1482
f 1484/1484/1484 1501/1501/1501 1498/1498/1498
f 1487/1487/1487 1483/1483/1483 1476/1476/1476
f 1489/1489/1489 1452/1452/1452 1437/1437/1437
f 1492/1492/1492 1438/1438/1438 1462/1462/1462
f 1491/1491/1491 1461/1461/1461 1500/1500/1500
f 1407/1407/1407 1436/1436/1436 1413/1413/1413
f 1506/1506/1506 1493/1493/1493 1475/1475/1475
f 1509/1509/1509 1507/1507/1507 1474/1474/1474
f 1510/1510/1510 1477/1477/1477 1519/1519/1519
f 1521/1521/1521 1525/1525/1525 1530/1530/1530
f 1534/1534/1534 1522/1522/1522 1529/1529/1529
f 1566/1566/1566 1533/1533/1533 1527/1527/1527
f 1541/1541/1541 1531/1531/1531 1562/1562/1562
f 1516/1516/1516 1545/1545/1545 1540/1540/1540
f 1508/1508/1508 1543/1543/1543 1563/1563/1563
f 1513/1513/1513 1517/1517/1517 1536/1536/1536
f 1512/1512/1512 1537/1537/1537 1547/1547/1547
f 1548/1548/1548 1560/1560/1560 1511/1511/1511
f 1564/1564/1564 1552/1552/1552 1514/1514/1514
f 1558/1558/1558 1486/1486/1486 1505/1505/1505
f 1557/1557/1557 1504/1504/1504 1515/1515/1515
f 1567/1567/1567 1449/1449/1449 1490/1490/1490
f 1573/1573/1573 1488/1488/1488 1561/1561/1561
f 1590/1590/1590 1555/1555/1555 1553/1553/1553
f 1594/1594/1594 1584/1584/1584 1578/1578/1578
f 1600/1600/1600 1589/1589/1589 1551/1551/1551
f 1608/1608/1608 1559/1559/1559 1588/1588/1588
f 1611/1611/1611 1554/1554/1554 1606/1606/1606
f 1654/1654/1654 1621/1621/1621 1602/1602/1602
f 1652/1652/1652 1622/1622/1622 1619/1619/1619
f 1651/1651/1651 1601/1601/1601 1549/1549/1549
f 1570/1570/1570 1628/1628/1628 1625/1625/1625
f 1569/1569/1569 1623/1623/1623 1656/1656/1656
f 1568/1568/1568 1556/1556/1556 1613/1613/1613
f 1575/1575/1575 1615/1615/1615 1583/1583/1583
f 1576/1576/1576 1585/1585/1585 1598/1598/1598
f 1574/1574/1574 1597/1597/1597 1631/1631/1631
f 1636/1636/1636 1584/1584/1584 1599/1599/1599
f 1617/1617/1617 1636/1636/1636 1599/1599/1599
f 1578/1578/1578 1584/1584/1584 1636/1636/1636
f 1641/1641/1641 1645/1645/1645 1649/1649/1649
f 1653/1653/1653 1639/1639/1639 1648/1648/1648
f 1657/1657/1657 1646/1646/1646 1571/1571/1571
f 1647/1647/1647 1450/1450/1450 1572/1572/1572
f 1643/1643/1643 1456/1456/1456 1650/1650/1650
f 1675/1675/1675 1423/1423/1423 1451/1451/1451
f 1676/1676/1676 1453/1453/1453 1642/1642/1642
f 1427/1427/1427 1666/1666/1666 1670/1670/1670
f 1671/1671/1671 1658/1658/1658 1425/1425/1425
f 1684/1684/1684 1661/1661/1661 1674/1674/1674
f 1682/1682/1682 1677/1677/1677 1659/1659/1659
f 1673/1673/1673 1644/1644/1644 1637/1637/1637
f 1672/1672/1672 1638/1638/1638 1683/1683/1683
f 1685/1685/1685 1640/1640/1640 1655/1655/1655
f 1678/1678/1678 1685/1685/1685 1655/1655/1655
f 1678/1678/1678 1655/1655/1655 1691/1691/1691
f 1691/1691/1691 1655/1655/1655 1550/1550/1550
f 1524/1524/1524 1691/1691/1691 1565/1565/1565
f 1691/1691/1691 1550/1550/1550 1565/1565/1565
f 1697/1697/1697 1660/1660/1660 1681/1681/1681
f 1701/1701/1701 1665/1665/1665 1693/1693/1693
f 1708/1708/1708 1695/1695/1695 1679/1679/1679
f 1744/1744/1744 1754/1754/1754 1750/1750/1750
f 1711/1711/1711 1664/1664/1664 1702/1702/1702
f 1686/1686/1686 1720/1720/1720 1706/1706/1706
f 1688/1688/1688 1725/1725/1725 1721/1721/1721
f 1687/1687/1687 1709/1709/1709 1680/1680/1680
f 1729/1729/1729 1740/1740/1740 1726/1726/1726
f 1733/1733/1733 1743/1743/1743 1741/1741/1741
f 1730/1730/1730 1728/1728/1728 1689/1689/1689
f 1731/1731/1731 1662/1662/1662 1713/1713/1713
f 1738/1738/1738 1715/1715/1715 1759/1759/1759
f 1735/1735/1735 1755/1755/1755 1745/1745/1745
f 1750/1750/1750 1754/1754/1754 1707/1707/1707
f 1722/1722/1722 1750/1750/1750 1707/1707/1707
f 1523/1523/1523 1520/1520/1520 1764/1764/1764
f 1690/1690/1690 1526/1526/1526 1760/1760/1760
f 1692/1692/1692 1761/1761/1761 1734/1734/1734
f 1763/1763/1763 1471/1471/1471 1736/1736/1736
f 1518/1518/1518 1472/1472/1472 1762/1762/1762
f 1469/1469/1469 1426/1426/1426 1669/1669/1669
f 1737/1737/1737 1468/1468/1468 1667/1667/1667
f 1732/1732/1732 1668/1668/1668 1663/1663/1663
f 1766/1766/1766 1723/1723/1723 1739/1739/1739
f 1770/1770/1770 1767/1767/1767 1748/1748/1748
f 1769/1769/1769 1742/1742/1742 1749/1749/1749
f 1775/1775/1775 1771/1771/1771 1746/1746/1746
f 1774/1774/1774 1747/1747/1747 1751/1751/1751
f 1777/1777/1777 1773/1773/1773 1752/1752/1752
f 1778/1778/1778 1753/1753/1753 1717/1717/1717
f 1781/1781/1781 1780/1780/1780 1718/1718/1718
f 1784/1784/1784 1719/1719/1719 1724/1724/1724
f 1768/1768/1768 1782/1782/1782 1727/1727/1727
f 1772/1772/1772 1776/1776/1776 1779/1779/1779
f 1772/1772/1772 1779/1779/1779 1783/1783/1783
f 1765/1765/1765 1772/1772/1772 1783/1783/1783
f 1789/1789/1789 1788/1788/1788 1716/1716/1716
f 1786/1786/1786 1756/1756/1756 1714/1714/1714
f 1796/1796/1796 1790/1790/1790 1712/1712/1712
f 1793/1793/1793 1710/1710/1710 1699/1699/1699
f 1795/1795/1795 1700/1700/1700 1694/1694/1694
f 1800/1800/1800 1792/1792/1792 1696/1696/1696
f 1799/1799/1799 1698/1698/1698 1705/1705/1705
f 1801/1801/1801 1797/1797/1797 1703/1703/1703
f 1802/1802/1802 1704/1704/1704 1757/1757/1757
f 1787/1787/1787 1803/1803/1803 1758/1758/1758
f 1791/1791/1791 1794/1794/1794 1798/1798/1798
f 1791/1791/1791 1798/1798/1798 1804/1804/1804
f 1785/1785/1785 1791/1791/1791 1804/1804/1804
f 1612/1612/1612 1607/1607/1607 1805/1805/1805
f 1610/1610/1610 1806/1806/1806 1812/1812/1812
f 1582/1582/1582 1614/1614/1614 1810/1810/1810
f 1586/1586/1586 1811/1811/1811 1814/1814/1814
f 1604/1604/1604 1581/1581/1581 1817/1817/1817
f 1580/1580/1580 1815/1815/1815 1820/1820/1820
f 1603/1603/1603 1818/1818/1818 1821/1821/1821
f 1592/1592/1592 1605/1605/1605 1823/1823/1823
f 1587/1587/1587 1822/1822/1822 1807/1807/1807
f 1609/1609/1609 1591/1591/1591 1808/1808/1808
f 1819/1819/1819 1816/1816/1816 1813/1813/1813
f 1824/1824/1824 1819/1819/1819 1813/1813/1813
f 1824/1824/1824 1813/1813/1813 1809/1809/1809
f 1593/1593/1593 1577/1577/1577 1826/1826/1826
f 1595/1595/1595 1828/1828/1828 1831/1831/1831
f 1630/1630/1630 1596/1596/1596 1830/1830/1830
f 1632/1632/1632 1833/1833/1833 1836/1836/1836
f 1624/1624/1624 1629/1629/1629 1834/1834/1834
f 1618/1618/1618 1627/1627/1627 1839/1839/1839
f 1626/1626/1626 1837/1837/1837 1841/1841/1841
f 1634/1634/1634 1620/1620/1620 1845/1845/1845
f 1616/1616/1616 1838/1838/1838 1844/1844/1844
f 1635/1635/1635 1842/1842/1842 1829/1829/1829
f 1579/1579/1579 1633/1633/1633 1827/1827/1827
f 1840/1840/1840 1835/1835/1835 1843/1843/1843
f 1843/1843/1843 1835/1835/1835 1825/1825/1825
f 1835/1835/1835 1832/1832/1832 1825/1825/1825
f 1848/1848/1848 1544/1544/1544 1538/1538/1538
f 1851/1851/1851 1848/1848/1848 1538/1538/1538
f 1846/1846/1846 1854/1854/1854 1542/1542/1542
f 1846/1846/1846 1542/1542/1542 1546/1546/1546
f 1857/1857/1857 1532/1532/1532 1539/1539/1539
f 1852/1852/1852 1857/1857/1857 1539/1539/1539
f 1855/1855/1855 1849/1849/1849 1535/1535/1535
f 1855/1855/1855 1535/1535/1535 1528/1528/1528
f 1847/1847/1847 1850/1850/1850 1856/1856/1856
f 1853/1853/1853 1847/1847/1847 1856/1856/1856
f 1868/1868/1868 1858/1858/1858 1494/1494/1494
f 1865/1865/1865 1480/1480/1480 1496/1496/1496
f 1870/1870/1870 1867/1867/1867 1502/1502/1502
f 1869/1869/1869 1497/1497/1497 1503/1503/1503
f 1871/1871/1871 1499/1499/1499 1463/1463/1463
f 1877/1877/1877 1873/1873/1873 1465/1465/1465
f 1883/1883/1883 1879/1879/1879 1444/1444/1444
f 1880/1880/1880 1466/1466/1466 1447/1447/1447
f 1887/1887/1887 1882/1882/1882 1432/1432/1432
f 1884/1884/1884 1446/1446/1446 1431/1431/1431
f 1893/1893/1893 1885/1885/1885 1430/1430/1430
f 1899/1899/1899 1892/1892/1892 1410/1410/1410
f 1891/1891/1891 1433/1433/1433 1408/1408/1408
f 1901/1901/1901 1898/1898/1898 1406/1406/1406
f 1896/1896/1896 1411/1411/1411 1401/1401/1401
f 1907/1907/1907 1902/1902/1902 1405/1405/1405
f 1909/1909/1909 1404/1404/1404 1481/1481/1481
f 1859/1859/1859 1908/1908/1908 1478/1478/1478
f 1872/1872/1872 1911/1911/1911 1917/1917/1917
f 1922/1922/1922 1890/1890/1890 1897/1897/1897
f 1928/1928/1928 1886/1886/1886 1895/1895/1895
f 1872/1872/1872 1917/1917/1917 1923/1923/1923
f 1905/1905/1905 1922/1922/1922 1897/1897/1897
f 1866/1866/1866 1923/1923/1923 1864/1864/1864
f 1866/1866/1866 1872/1872/1872 1923/1923/1923
f 1928/1928/1928 1881/1881/1881 1886/1886/1886
f 1874/1874/1874 1881/1881/1881 1928/1928/1928
f 1932/1932/1932 1904/1904/1904 1910/1910/1910
f 1872/1872/1872 1878/1878/1878 1911/1911/1911
f 1910/1910/1910 1863/1863/1863 1932/1932/1932
f 1935/1935/1935 1942/1942/1942 1860/1860/1860
f 1937/1937/1937 1861/1861/1861 1924/1924/1924
f 1945/1945/1945 1926/1926/1926 1915/1915/1915
f 1943/1943/1943 1936/1936/1936 1925/1925/1925
f 1949/1949/1949 1944/1944/1944 1916/1916/1916
f 1947/1947/1947 1918/1918/1918 1913/1913/1913
f 1955/1955/1955 1914/1914/1914 1875/1875/1875
f 1952/1952/1952 1950/1950/1950 1912/1912/1912
f 1951/1951/1951 1876/1876/1876 1927/1927/1927
f 1958/1958/1958 1953/1953/1953 1930/1930/1930
f 1957/1957/1957 1929/1929/1929 1888/1888/1888
f 1960/1960/1960 1894/1894/1894 1920/1920/1920
f 1963/1963/1963 1959/1959/1959 1889/1889/1889
f 1967/1967/1967 1921/1921/1921 1903/1903/1903
f 1965/1965/1965 1962/1962/1962 1919/1919/1919
f 1971/1971/1971 1900/1900/1900 1931/1931/1931
f 1968/1968/1968 1966/1966/1966 1906/1906/1906
f 1941/1941/1941 1969/1969/1969 1933/1933/1933
f 1940/1940/1940 1934/1934/1934 1862/1862/1862
f 1939/1939/1939 1977/1977/1977 1989/1989/1989
f 1983/1983/1983 1956/1956/1956 1961/1961/1961
f 1938/1938/1938 1977/1977/1977 1939/1939/1939
f 1946/1946/1946 1972/1972/1972 1977/1977/1977
f 1946/1946/1946 1948/1948/1948 1972/1972/1972
f 1984/1984/1984 1956/1956/1956 1983/1983/1983
f 1946/1946/1946 1977/1977/1977 1938/1938/1938
f 1989/1989/1989 1961/1961/1961 1964/1964/1964
f 1989/1989/1989 1983/1983/1983 1961/1961/1961
f 1984/1984/1984 1954/1954/1954 1956/1956/1956
f 1989/1989/1989 1964/1964/1964 1970/1970/1970
f 1948/1948/1948 1954/1954/1954 1984/1984/1984
f 1948/1948/1948 1984/1984/1984 1972/1972/1972
f 1939/1939/1939 1989/1989/1989 1970/1970/1970
f 2000/2000/2000 1993/1993/1993 1978/1978/1978
f 1998/1998/1998 1979/1979/1979 1975/1975/1975
f 2004/2004/2004 1999/1999/1999 1974/1974/1974
f 2001/2001/2001 1973/1973/1973 1987/1987/1987
f 2005/2005/2005 2002/2002/2002 1985/1985/1985
f 2006/2006/2006 1986/1986/1986 1980/1980/1980
f 2012/2012/2012 2008/2008/2008 1982/1982/1982
f 2010/2010/2010 1981/1981/1981 1992/1992/1992
f 2015/2015/2015 2011/2011/2011 1990/1990/1990
f 1995/1995/1995 2013/2013/2013 1988/1988/1988
f 1996/1996/1996 1991/1991/1991 1976/1976/1976
f 2014/2014/2014 2007/2007/2007 2009/2009/2009
f 1994/1994/1994 2003/2003/2003 2007/2007/2007
f 1994/1994/1994 2007/2007/2007 2014/2014/2014
f 1994/1994/1994 1997/1997/1997 2003/2003/2003
f 1440/1440/1440 1458/1458/1458 1421/1421/1421
f 1440/1440/1440 1421/1421/1421 1417/1417/1417
f 2023/2023/2023 2048/2048/2048 2038/2038/2038
f 2034/2034/2034 2023/2023/2023 2038/2038/2038
f 2048/2048/2048 2017/2017/2017 2040/2040/2040
f 2044/2044/2044 2017/2017/2017 2048/2048/2048
f 2059/2059/2059 2044/2044/2044 2048/2048/2048
f 2054/2054/2054 2023/2023/2023 2034/2034/2034
f 2064/2064/2064 2025/2025/2025 2030/2030/2030
f 2061/2061/2061 2054/2054/2054 2034/2034/2034
f 2069/2069/2069 2059/2059/2059 2048/2048/2048
f 2040/2040/2040 2017/2017/2017 2025/2025/2025
f 2040/2040/2040 2025/2025/2025 2064/2064/2064
f 2023/2023/2023 2069/2069/2069 2048/2048/2048
f 2067/2067/2067 2024/2024/2024 2074/2074/2074
f 2047/2047/2047 2107/2107/2107 2086/2086/2086
f 2055/2055/2055 2060/2060/2060 2078/2078/2078
f 2053/2053/2053 2080/2080/2080 2090/2090/2090
f 2035/2035/2035 2036/2036/2036 2118/2118/2118
f 2019/2019/2019 2045/2045/2045 2087/2087/2087
f 2070/2070/2070 2073/2073/2073 2097/2097/2097
f 2018/2018/2018 2088/2088/2088 2103/2103/2103
f 2058/2058/2058 2068/2068/2068 2096/2096/2096
f 2033/2033/2033 2115/2115/2115 2079/2079/2079
f 2021/2021/2021 2052/2052/2052 2093/2093/2093
f 2056/2056/2056 2098/2098/2098 2109/2109/2109
f 2062/2062/2062 2032/2032/2032 2083/2083/2083
f 2022/2022/2022 2091/2091/2091 2075/2075/2075
f 2046/2046/2046 2057/2057/2057 2108/2108/2108
f 2029/2029/2029 2026/2026/2026 2134/2134/2134
f 2037/2037/2037 2144/2144/2144 2117/2117/2117
f 2043/2043/2043 2110/2110/2110 2124/2124/2124
f 2028/2028/2028 2132/2132/2132 2126/2126/2126
f 2050/2050/2050 2041/2041/2041 2121/2121/2121
f 2063/2063/2063 2031/2031/2031 2129/2129/2129
f 2016/2016/2016 2100/2100/2100 2133/2133/2133
f 2051/2051/2051 2122/2122/2122 2139/2139/2139
f 2027/2027/2027 2020/2020/2020 2135/2135/2135
f 2066/2066/2066 2128/2128/2128 2113/2113/2113
f 2042/2042/2042 2065/2065/2065 2114/2114/2114
f 2039/2039/2039 2049/2049/2049 2140/2140/2140
f 2201/2201/2201 2160/2160/2160 2120/2120/2120
f 2151/2151/2151 2076/2076/2076 2094/2094/2094
f 2119/2119/2119 2156/2156/2156 2081/2081/2081
f 2145/2145/2145 2092/2092/2092 2082/2082/2082
f 2157/2157/2157 2147/2147/2147 2077/2077/2077
f 2165/2165/2165 2136/2136/2136 2174/2174/2174
f 2131/2131/2131 2137/2137/2137 2163/2163/2163
f 2138/2138/2138 2101/2101/2101 2175/2175/2175
f 2111/2111/2111 2130/2130/2130 2182/2182/2182
f 2127/2127/2127 2162/2162/2162 2180/2180/2180
f 2102/2102/2102 2089/2089/2089 2172/2172/2172
f 2123/2123/2123 2112/2112/2112 2181/2181/2181
f 2168/2168/2168 2084/2084/2084 2189/2189/2189
f 2085/2085/2085 2104/2104/2104 2185/2185/2185
f 2186/2186/2186 2106/2106/2106 2195/2195/2195
f 2125/2125/2125 2184/2184/2184 2142/2142/2142
f 2183/2183/2183 2198/2198/2198 2141/2141/2141
f 2194/2194/2194 2105/2105/2105 2099/2099/2099
f 2192/2192/2192 2095/2095/2095 2072/2072/2072
f 2143/2143/2143 2199/2199/2199 2116/2116/2116
f 2150/2150/2150 2193/2193/2193 2071/2071/2071
f 2146/2146/2146 2214/2214/2214 2217/2217/2217
f 2148/2148/2148 2215/2215/2215 2223/2223/2223
f 2152/2152/2152 2222/2222/2222 2228/2228/2228
f 2196/2196/2196 2149/2149/2149 2224/2224/2224
f 2197/2197/2197 2229/2229/2229 2188/2188/2188
f 2170/2170/2170 2187/2187/2187 2233/2233/2233
f 2191/2191/2191 2225/2225/2225 2238/2238/2238
f 2234/2234/2234 2190/2190/2190 2237/2237/2237
f 2158/2158/2158 2338/2338/2338 2206/2206/2206
f 2155/2155/2155 2205/2205/2205 2209/2209/2209
f 2153/2153/2153 2154/2154/2154 2212/2212/2212
f 2235/2235/2235 2262/2262/2262 2245/2245/2245
f 2236/2236/2236 2240/2240/2240 2263/2263/2263
f 2216/2216/2216 2270/2270/2270 2247/2247/2247
f 2220/2220/2220 2219/2219/2219 2250/2250/2250
f 2208/2208/2208 2272/2272/2272 2256/2256/2256
f 2207/2207/2207 2335/2335/2335 2271/2271/2271
f 2230/2230/2230 2221/2221/2221 2253/2253/2253
f 2226/2226/2226 2248/2248/2248 2264/2264/2264
f 2213/2213/2213 2255/2255/2255 2265/2265/2265
f 2210/2210/2210 2204/2204/2204 2254/2254/2254
f 2239/2239/2239 2227/2227/2227 2261/2261/2261
f 2218/2218/2218 2211/2211/2211 2269/2269/2269
f 2337/2337/2337 2293/2293/2293 2274/2274/2274
f 2333/2333/2333 2332/2332/2332 2288/2288/2288
f 2321/2321/2321 2316/2316/2316 2294/2294/2294
f 2318/2318/2318 2297/2297/2297 2277/2277/2277
f 2306/2306/2306 2243/2243/2243 2285/2285/2285
f 2303/2303/2303 2231/2231/2231 2241/2241/2241
f 2323/2323/2323 2317/2317/2317 2279/2279/2279
f 2327/2327/2327 2281/2281/2281 2290/2290/2290
f 2310/2310/2310 2286/2286/2286 2296/2296/2296
f 2312/2312/2312 2304/2304/2304 2284/2284/2284
f 2329/2329/2329 2326/2326/2326 2287/2287/2287
f 2315/2315/2315 2311/2311/2311 2301/2301/2301
f 2167/2167/2167 2313/2313/2313 2319/2319/2319
f 2179/2179/2179 2164/2164/2164 2322/2322/2322
f 2176/2176/2176 2320/2320/2320 2324/2324/2324
f 2202/2202/2202 2177/2177/2177 2330/2330/2330
f 2178/2178/2178 2325/2325/2325 2328/2328/2328
f 2159/2159/2159 2200/2200/2200 2336/2336/2336
f 2203/2203/2203 2331/2331/2331 2334/2334/2334
f 2171/2171/2171 2232/2232/2232 2305/2305/2305
f 2161/2161/2161 2173/2173/2173 2307/2307/2307
f 2169/2169/2169 2302/2302/2302 2308/2308/2308
f 2166/2166/2166 2309/2309/2309 2314/2314/2314
f 2292/2292/2292 2280/2280/2280 2367/2367/2367
f 2291/2291/2291 2362/2362/2362 2346/2346/2346
f 2282/2282/2282 2246/2246/2246 2342/2342/2342
f 2298/2298/2298 2343/2343/2343 2352/2352/2352
f 2300/2300/2300 2283/2283/2283 2345/2345/2345
f 2276/2276/2276 2289/2289/2289 2350/2350/2350
f 2275/2275/2275 2348/2348/2348 2359/2359/2359
f 2295/2295/2295 2354/2354/2354 2368/2368/2368
f 2278/2278/2278 2299/2299/2299 2366/2366/2366
f 2353/2353/2353 2339/2339/2339 2375/2375/2375
f 2370/2370/2370 2341/2341/2341 2381/2381/2381
f 2363/2363/2363 2351/2351/2351 2371/2371/2371
f 2344/2344/2344 2385/2385/2385 2379/2379/2379
f 2364/2364/2364 2369/2369/2369 2394/2394/2394
f 2378/2378/2378 2384/2384/2384 2400/2400/2400
f 2365/2365/2365 2390/2390/2390 2347/2347/2347
f 2349/2349/2349 2395/2395/2395 2356/2356/2356
f 2404/2404/2404 2397/2397/2397 2412/2412/2412
f 2401/2401/2401 2386/2386/2386 2411/2411/2411
f 2393/2393/2393 2414/2414/2414 2358/2358/2358
f 2418/2418/2418 2402/2402/2402 2410/2410/2410
f 2419/2419/2419 2409/2409/2409 2357/2357/2357
f 2249/2249/2249 2408/2408/2408 2387/2387/2387
f 2259/2259/2259 2251/2251/2251 2383/2383/2383
f 2257/2257/2257 2273/2273/2273 2361/2361/2361
f 2266/2266/2266 2258/2258/2258 2360/2360/2360
f 2242/2242/2242 2260/2260/2260 2388/2388/2388
f 2244/2244/2244 2382/2382/2382 2340/2340/2340
f 2267/2267/2267 2355/2355/2355 2407/2407/2407
f 2252/2252/2252 2268/2268/2268 2413/2413/2413
f 2420/2420/2420 2452/2452/2452 2405/2405/2405
f 2423/2423/2423 2403/2403/2403 2415/2415/2415
f 2427/2427/2427 2424/2424/2424 2416/2416/2416
f 2429/2429/2429 2417/2417/2417 2391/2391/2391
f 2434/2434/2434 2430/2430/2430 2392/2392/2392
f 2435/2435/2435 2389/2389/2389 2372/2372/2372
f 2439/2439/2439 2433/2433/2433 2373/2373/2373
f 2447/2447/2447 2438/2438/2438 2376/2376/2376
f 2443/2443/2443 2374/2374/2374 2377/2377/2377
f 2449/2449/2449 2445/2445/2445 2399/2399/2399
f 2446/2446/2446 2380/2380/2380 2396/2396/2396
f 2455/2455/2455 2398/2398/2398 2406/2406/2406
f 2456/2456/2456 2485/2485/2485 2436/2436/2436
f 2461/2461/2461 2437/2437/2437 2441/2441/2441
f 2458/2458/2458 2440/2440/2440 2448/2448/2448
f 2465/2465/2465 2459/2459/2459 2442/2442/2442
f 2468/2468/2468 2464/2464/2464 2451/2451/2451
f 2462/2462/2462 2444/2444/2444 2453/2453/2453
f 2475/2475/2475 2470/2470/2470 2454/2454/2454
f 2471/2471/2471 2450/2450/2450 2422/2422/2422
f 2478/2478/2478 2473/2473/2473 2421/2421/2421
f 2480/2480/2480 2425/2425/2425 2426/2426/2426
f 2484/2484/2484 2479/2479/2479 2431/2431/2431
f 2482/2482/2482 2428/2428/2428 2432/2432/2432
f 2474/2474/2474 2476/2476/2476 2489/2489/2489
f 2477/2477/2477 2481/2481/2481 2488/2488/2488
f 2487/2487/2487 2483/2483/2483 2460/2460/2460
f 2457/2457/2457 2466/2466/2466 2491/2491/2491
f 2472/2472/2472 2490/2490/2490 2467/2467/2467
f 2486/2486/2486 2463/2463/2463 2469/2469/2469
f 2492/2492/2492 2524/2524/2524 2537/2537/2537
f 2492/2492/2492 2537/2537/2537 2512/2512/2512
f 2527/2527/2527 2500/2500/2500 2496/2496/2496
f 2512/2512/2512 2542/2542/2542 2492/2492/2492
f 2527/2527/2527 2496/2496/2496 2520/2520/2520
f 2534/2534/2534 2542/2542/2542 2512/2512/2512
f 2524/2524/2524 2504/2504/2504 2508/2508/2508
f 2524/2524/2524 2508/2508/2508 2537/2537/2537
f 2530/2530/2530 2527/2527/2527 2520/2520/2520
f 2496/2496/2496 2542/2542/2542 2534/2534/2534
f 2496/2496/2496 2545/2545/2545 2542/2542/2542
f 2500/2500/2500 2545/2545/2545 2496/2496/2496
f 2544/2544/2544 2502/2502/2502 2547/2547/2547
f 2525/2525/2525 2531/2531/2531 2558/2558/2558
f 2528/2528/2528 2556/2556/2556 2577/2577/2577
f 2523/2523/2523 2493/2493/2493 2566/2566/2566
f 2543/2543/2543 2552/2552/2552 2583/2583/2583
f 2519/2519/2519 2495/2495/2495 2570/2570/2570
f 2521/2521/2521 2561/2561/2561 2584/2584/2584
f 2541/2541/2541 2546/2546/2546 2578/2578/2578
f 2518/2518/2518 2571/2571/2571 2553/2553/2553
f 2503/2503/2503 2526/2526/2526 2573/2573/2573
f 2529/2529/2529 2517/2517/2517 2559/2559/2559
f 2501/2501/2501 2575/2575/2575 2551/2551/2551
f 2539/2539/2539 2579/2579/2579 2565/2565/2565
f 2494/2494/2494 2540/2540/2540 2560/2560/2560
f 2499/2499/2499 2610/2610/2610 2596/2596/2596
f 2509/2509/2509 2506/2506/2506 2619/2619/2619
f 2498/2498/2498 2533/2533/2533 2615/2615/2615
f 2513/2513/2513 2595/2595/2595 2604/2604/2604
f 2510/2510/2510 2617/2617/2617 2607/2607/2607
f 2497/2497/2497 2599/2599/2599 2569/2569/2569
f 2536/2536/2536 2511/2511/2511 2606/2606/2606
f 2516/2516/2516 2601/2601/2601 2611/2611/2611
f 2507/2507/2507 2585/2585/2585 2620/2620/2620
f 2505/2505/2505 2522/2522/2522 2587/2587/2587
f 2532/2532/2532 2515/2515/2515 2614/2614/2614
f 2535/2535/2535 2608/2608/2608 2593/2593/2593
f 2514/2514/2514 2538/2538/2538 2594/2594/2594
f 2597/2597/2597 2678/2678/2678 2567/2567/2567
f 2677/2677/2677 2634/2634/2634 2572/2572/2572
f 2630/2630/2630 2550/2550/2550 2574/2574/2574
f 2568/2568/2568 2633/2633/2633 2554/2554/2554
f 2627/2627/2627 2576/2576/2576 2557/2557/2557
f 2645/2645/2645 2618/2618/2618 2650/2650/2650
f 2631/2631/2631 2625/2625/2625 2555/2555/2555
f 2609/2609/2609 2621/2621/2621 2640/2640/2640
f 2616/2616/2616 2586/2586/2586 2649/2649/2649
f 2591/2591/2591 2605/2605/2605 2643/2643/2643
f 2648/2648/2648 2588/2588/2588 2655/2655/2655
f 2589/2589/2589 2562/2562/2562 2654/2654/2654
f 2592/2592/2592 2641/2641/2641 2659/2659/2659
f 2602/2602/2602 2590/2590/2590 2662/2662/2662
f 2657/2657/2657 2564/2564/2564 2668/2668/2668
f 2603/2603/2603 2663/2663/2663 2675/2675/2675
f 2612/2612/2612 2600/2600/2600 2676/2676/2676
f 2563/2563/2563 2582/2582/2582 2666/2666/2666
f 2670/2670/2670 2581/2581/2581 2682/2682/2682
f 2613/2613/2613 2679/2679/2679 2598/2598/2598
f 2684/2684/2684 2580/2580/2580 2549/2549/2549
f 2629/2629/2629 2681/2681/2681 2548/2548/2548
f 2623/2623/2623 2694/2694/2694 2697/2697/2697
f 2624/2624/2624 2696/2696/2696 2702/2702/2702
f 2626/2626/2626 2701/2701/2701 2707/2707/2707
f 2680/2680/2680 2622/2622/2622 2709/2709/2709
f 2683/2683/2683 2708/2708/2708 2669/2669/2669
f 2653/2653/2653 2665/2665/2665 2715/2715/2715
f 2667/2667/2667 2705/2705/2705 2718/2718/2718
f 2714/2714/2714 2671/2671/2671 2721/2721/2721
f 2636/2636/2636 2820/2820/2820 2686/2686/2686
f 2635/2635/2635 2689/2689/2689 2693/2693/2693
f 2628/2628/2628 2637/2637/2637 2692/2692/2692
f 2712/2712/2712 2740/2740/2740 2722/2722/2722
f 2717/2717/2717 2720/2720/2720 2741/2741/2741
f 2699/2699/2699 2751/2751/2751 2731/2731/2731
f 2703/2703/2703 2698/2698/2698 2727/2727/2727
f 2688/2688/2688 2754/2754/2754 2736/2736/2736
f 2685/2685/2685 2817/2817/2817 2752/2752/2752
f 2706/2706/2706 2704/2704/2704 2728/2728/2728
f 2710/2710/2710 2732/2732/2732 2744/2744/2744
f 2695/2695/2695 2733/2733/2733 2748/2748/2748
f 2690/2690/2690 2687/2687/2687 2737/2737/2737
f 2719/2719/2719 2711/2711/2711 2738/2738/2738
f 2700/2700/2700 2691/2691/2691 2747/2747/2747
f 2818/2818/2818 2776/2776/2776 2755/2755/2755
f 2819/2819/2819 2810/2810/2810 2778/2778/2778
f 2808/2808/2808 2800/2800/2800 2783/2783/2783
f 2806/2806/2806 2782/2782/2782 2763/2763/2763
f 2769/2769/2769 2805/2805/2805 2762/2762/2762
f 2792/2792/2792 2723/2723/2723 2773/2773/2773
f 2789/2789/2789 2716/2716/2716 2726/2726/2726
f 2767/2767/2767 2761/2761/2761 2780/2780/2780
f 2799/2799/2799 2772/2772/2772 2785/2785/2785
f 2795/2795/2795 2791/2791/2791 2774/2774/2774
f 2813/2813/2813 2764/2764/2764 2779/2779/2779
f 2802/2802/2802 2798/2798/2798 2784/2784/2784
f 2638/2638/2638 2803/2803/2803 2807/2807/2807
f 2639/2639/2639 2809/2809/2809 2768/2768/2768
f 2660/2660/2660 2642/2642/2642 2765/2765/2765
f 2673/2673/2673 2661/2661/2661 2814/2814/2814
f 2664/2664/2664 2766/2766/2766 2812/2812/2812
f 2632/2632/2632 2674/2674/2674 2816/2816/2816
f 2672/2672/2672 2811/2811/2811 2815/2815/2815
f 2656/2656/2656 2713/2713/2713 2790/2790/2790
f 2651/2651/2651 2658/2658/2658 2794/2794/2794
f 2647/2647/2647 2793/2793/2793 2797/2797/2797
f 2646/2646/2646 2796/2796/2796 2801/2801/2801
f 2644/2644/2644 2652/2652/2652 2804/2804/2804
f 2759/2759/2759 2851/2851/2851 2821/2821/2821
f 2777/2777/2777 2760/2760/2760 2822/2822/2822
f 2775/2775/2775 2835/2835/2835 2840/2840/2840
f 2771/2771/2771 2725/2725/2725 2831/2831/2831
f 2786/2786/2786 2770/2770/2770 2838/2838/2838
f 2756/2756/2756 2781/2781/2781 2824/2824/2824
f 2757/2757/2757 2826/2826/2826 2843/2843/2843
f 2788/2788/2788 2839/2839/2839 2848/2848/2848
f 2758/2758/2758 2787/2787/2787 2849/2849/2849
f 2850/2850/2850 2837/2837/2837 2856/2856/2856
f 2852/2852/2852 2859/2859/2859 2865/2865/2865
f 2836/2836/2836 2833/2833/2833 2854/2854/2854
f 2855/2855/2855 2830/2830/2830 2868/2868/2868
f 2825/2825/2825 2853/2853/2853 2862/2862/2862
f 2869/2869/2869 2832/2832/2832 2876/2876/2876
f 2827/2827/2827 2866/2866/2866 2879/2879/2879
f 2875/2875/2875 2829/2829/2829 2885/2885/2885
f 2823/2823/2823 2882/2882/2882 2846/2846/2846
f 2892/2892/2892 2872/2872/2872 2886/2886/2886
f 2880/2880/2880 2896/2896/2896 2842/2842/2842
f 2895/2895/2895 2884/2884/2884 2900/2900/2900
f 2841/2841/2841 2897/2897/2897 2901/2901/2901
f 2742/2742/2742 2730/2730/2730 2890/2890/2890
f 2734/2734/2734 2753/2753/2753 2845/2845/2845
f 2743/2743/2743 2887/2887/2887 2828/2828/2828
f 2750/2750/2750 2844/2844/2844 2898/2898/2898
f 2749/2749/2749 2735/2735/2735 2847/2847/2847
f 2724/2724/2724 2739/2739/2739 2834/2834/2834
f 2746/2746/2746 2899/2899/2899 2888/2888/2888
f 2729/2729/2729 2745/2745/2745 2889/2889/2889
f 2912/2912/2912 2902/2902/2902 2891/2891/2891
f 2908/2908/2908 2894/2894/2894 2878/2878/2878
f 2917/2917/2917 2909/2909/2909 2883/2883/2883
f 2915/2915/2915 2881/2881/2881 2864/2864/2864
f 2921/2921/2921 2914/2914/2914 2863/2863/2863
f 2922/2922/2922 2861/2861/2861 2860/2860/2860
f 2928/2928/2928 2920/2920/2920 2857/2857/2857
f 2929/2929/2929 2858/2858/2858 2871/2871/2871
f 2936/2936/2936 2926/2926/2926 2870/2870/2870
f 2934/2934/2934 2867/2867/2867 2873/2873/2873
f 2907/2907/2907 2935/2935/2935 2877/2877/2877
f 2905/2905/2905 2874/2874/2874 2893/2893/2893
f 2938/2938/2938 2963/2963/2963 2924/2924/2924
f 2940/2940/2940 2919/2919/2919 2925/2925/2925
f 2943/2943/2943 2942/2942/2942 2930/2930/2930
f 2948/2948/2948 2945/2945/2945 2937/2937/2937
f 2946/2946/2946 2927/2927/2927 2932/2932/2932
f 2955/2955/2955 2951/2951/2951 2931/2931/2931
f 2956/2956/2956 2933/2933/2933 2903/2903/2903
f 2957/2957/2957 2954/2954/2954 2904/2904/2904
f 2959/2959/2959 2906/2906/2906 2913/2913/2913
f 2965/2965/2965 2960/2960/2960 2910/2910/2910
f 2964/2964/2964 2911/2911/2911 2916/2916/2916
f 2967/2967/2967 2918/2918/2918 2923/2923/2923
f 2952/2952/2952 2958/2958/2958 2973/2973/2973
f 2961/2961/2961 2962/2962/2962 2972/2972/2972
f 2970/2970/2970 2966/2966/2966 2941/2941/2941
f 2939/2939/2939 2947/2947/2947 2969/2969/2969
f 2953/2953/2953 2968/2968/2968 2950/2950/2950
f 2971/2971/2971 2944/2944/2944 2949/2949/2949
f 2975/2975/2975 2979/2979/2979 2993/2993/2993
f 2994/2994/2994 2987/2987/2987 2983/2983/2983
f 2979/2979/2979 3001/3001/3001 3009/3009/3009
f 3012/3012/3012 2994/2994/2994 2983/2983/2983
f 3003/3003/3003 2975/2975/2975 2993/2993/2993
f 3016/3016/3016 2994/2994/2994 3012/3012/3012
f 3021/3021/3021 2975/2975/2975 3003/3003/3003
f 2983/2983/2983 3021/3021/3021 3003/3003/3003
f 2993/2993/2993 2979/2979/2979 3009/3009/3009
f 2987/2987/2987 3021/3021/3021 2983/2983/2983
f 2974/2974/2974 3057/3057/3057 3030/3030/3030
f 3015/3015/3015 3058/3058/3058 3040/3040/3040
f 2986/2986/2986 3075/3075/3075 3043/3043/3043
f 2981/2981/2981 2976/2976/2976 3034/3034/3034
f 3011/3011/3011 2985/2985/2985 3044/3044/3044
f 2980/2980/2980 3033/3033/3033 3047/3047/3047
f 3019/3019/3019 2989/2989/2989 3023/3023/3023
f 3020/3020/3020 3026/3026/3026 3055/3055/3055
f 2995/2995/2995 3018/3018/3018 3039/3039/3039
f 3013/3013/3013 3042/3042/3042 3059/3059/3059
f 2997/2997/2997 3038/3038/3038 3028/3028/3028
f 2977/2977/2977 3022/3022/3022 3053/3053/3053
f 3017/3017/3017 3014/3014/3014 3063/3063/3063
f 2988/2988/2988 2996/2996/2996 3025/3025/3025
f 2992/2992/2992 3064/3064/3064 3072/3072/3072
f 2984/2984/2984 3085/3085/3085 3078/3078/3078
f 3002/3002/3002 2991/2991/2991 3071/3071/3071
f 3010/3010/3010 3092/3092/3092 3082/3082/3082
f 3006/3006/3006 2998/2998/2998 3093/3093/3093
f 3004/3004/3004 3070/3070/3070 3084/3084/3084
f 3008/3008/3008 3081/3081/3081 3068/3068/3068
f 2999/2999/2999 3050/3050/3050 3090/3090/3090
f 3000/3000/3000 2978/2978/2978 3046/3046/3046
f 2990/2990/2990 3007/3007/3007 3066/3066/3066
f 2982/2982/2982 3005/3005/3005 3088/3088/3088
f 3155/3155/3155 3110/3110/3110 3079/3079/3079
f 3112/3112/3112 3096/3096/3096 3037/3037/3037
f 3097/3097/3097 3024/3024/3024 3035/3035/3035
f 3077/3077/3077 3105/3105/3105 3045/3045/3045
f 3091/3091/3091 3117/3117/3117 3128/3128/3128
f 3041/3041/3041 3108/3108/3108 3062/3062/3062
f 3116/3116/3116 3036/3036/3036 3060/3060/3060
f 3107/3107/3107 3113/3113/3113 3061/3061/3061
f 3095/3095/3095 3048/3048/3048 3120/3120/3120
f 3080/3080/3080 3094/3094/3094 3126/3126/3126
f 3065/3065/3065 3083/3083/3083 3125/3125/3125
f 3119/3119/3119 3049/3049/3049 3137/3137/3137
f 3051/3051/3051 3031/3031/3031 3134/3134/3134
f 3074/3074/3074 3067/3067/3067 3139/3139/3139
f 3069/3069/3069 3131/3131/3131 3140/3140/3140
f 3135/3135/3135 3029/3029/3029 3147/3147/3147
f 3032/3032/3032 3054/3054/3054 3150/3150/3150
f 3089/3089/3089 3073/3073/3073 3144/3144/3144
f 3146/3146/3146 3056/3056/3056 3100/3100/3100
f 3141/3141/3141 3158/3158/3158 3086/3086/3086
f 3103/3103/3103 3052/3052/3052 3027/3027/3027
f 3087/3087/3087 3156/3156/3156 3076/3076/3076
f 3111/3111/3111 3170/3170/3170 3172/3172/3172
f 3101/3101/3101 3115/3115/3115 3176/3176/3176
f 3102/3102/3102 3171/3171/3171 3180/3180/3180
f 3099/3099/3099 3179/3179/3179 3186/3186/3186
f 3098/3098/3098 3181/3181/3181 3148/3148/3148
f 3136/3136/3136 3152/3152/3152 3189/3189/3189
f 3151/3151/3151 3182/3182/3182 3196/3196/3196
f 3188/3188/3188 3149/3149/3149 3195/3195/3195
f 3157/3157/3157 3290/3290/3290 3164/3164/3164
f 3104/3104/3104 3154/3154/3154 3161/3161/3161
f 3106/3106/3106 3159/3159/3159 3168/3168/3168
f 3114/3114/3114 3109/3109/3109 3167/3167/3167
f 3190/3190/3190 3216/3216/3216 3202/3202/3202
f 3192/3192/3192 3194/3194/3194 3217/3217/3217
f 3175/3175/3175 3222/3222/3222 3204/3204/3204
f 3178/3178/3178 3174/3174/3174 3203/3203/3203
f 3163/3163/3163 3233/3233/3233 3211/3211/3211
f 3160/3160/3160 3292/3292/3292 3228/3228/3228
f 3184/3184/3184 3177/3177/3177 3205/3205/3205
f 3183/3183/3183 3206/3206/3206 3214/3214/3214
f 3166/3166/3166 3212/3212/3212 3226/3226/3226
f 3169/3169/3169 3162/3162/3162 3213/3213/3213
f 3193/3193/3193 3185/3185/3185 3215/3215/3215
f 3173/3173/3173 3165/3165/3165 3223/3223/3223
f 3291/3291/3291 3250/3250/3250 3231/3231/3231
f 3294/3294/3294 3287/3287/3287 3249/3249/3249
f 3274/3274/3274 3270/3270/3270 3256/3256/3256
f 3278/3278/3278 3255/3255/3255 3234/3234/3234
f 3261/3261/3261 3200/3200/3200 3241/3241/3241
f 3260/3260/3260 3191/3191/3191 3199/3199/3199
f 3283/3283/3283 3276/3276/3276 3237/3237/3237
f 3279/3279/3279 3235/3235/3235 3245/3245/3245
f 3266/3266/3266 3244/3244/3244 3257/3257/3257
f 3264/3264/3264 3263/3263/3263 3240/3240/3240
f 3285/3285/3285 3282/3282/3282 3246/3246/3246
f 3271/3271/3271 3268/3268/3268 3251/3251/3251
f 3129/3129/3129 3272/3272/3272 3277/3277/3277
f 3143/3143/3143 3124/3124/3124 3284/3284/3284
f 3130/3130/3130 3275/3275/3275 3280/3280/3280
f 3145/3145/3145 3281/3281/3281 3286/3286/3286
f 3153/3153/3153 3138/3138/3138 3289/3289/3289
f 3142/3142/3142 3288/3288/3288 3293/3293/3293
f 3133/3133/3133 3187/3187/3187 3259/3259/3259
f 3121/3121/3121 3132/3132/3132 3258/3258/3258
f 3122/3122/3122 3262/3262/3262 3267/3267/3267
f 3123/3123/3123 3265/3265/3265 3273/3273/3273
f 3127/3127/3127 3118/3118/3118 3269/3269/3269
f 3236/3236/3236 3321/3321/3321 3301/3301/3301
f 3248/3248/3248 3239/3239/3239 3297/3297/3297
f 3242/3242/3242 3198/3198/3198 3302/3302/3302
f 3252/3252/3252 3243/3243/3243 3307/3307/3307
f 3230/3230/3230 3247/3247/3247 3299/3299/3299
f 3229/3229/3229 3298/3298/3298 3309/3309/3309
f 3254/3254/3254 3305/3305/3305 3318/3318/3318
f 3238/3238/3238 3253/3253/3253 3320/3320/3320
f 3322/3322/3322 3308/3308/3308 3325/3325/3325
f 3319/3319/3319 3326/3326/3326 3331/3331/3331
f 3327/3327/3327 3303/3303/3303 3339/3339/3339
f 3316/3316/3316 3332/3332/3332 3341/3341/3341
f 3296/3296/3296 3317/3317/3317 3346/3346/3346
f 3306/3306/3306 3350/3350/3350 3336/3336/3336
f 3334/3334/3334 3351/3351/3351 3358/3358/3358
f 3361/3361/3361 3333/3333/3333 3352/3352/3352
f 3343/3343/3343 3368/3368/3368 3300/3300/3300
f 3295/3295/3295 3371/3371/3371 3315/3315/3315
f 3359/3359/3359 3356/3356/3356 3372/3372/3372
f 3370/3370/3370 3365/3365/3365 3312/3312/3312
f 3314/3314/3314 3363/3363/3363 3375/3375/3375
f 3218/3218/3218 3208/3208/3208 3354/3354/3354
f 3220/3220/3220 3357/3357/3357 3349/3349/3349
f 3209/3209/3209 3232/3232/3232 3311/3311/3311
f 3224/3224/3224 3313/3313/3313 3373/3373/3373
f 3221/3221/3221 3210/3210/3210 3310/3310/3310
f 3201/3201/3201 3219/3219/3219 3347/3347/3347
f 3197/3197/3197 3348/3348/3348 3304/3304/3304
f 3225/3225/3225 3374/3374/3374 3353/3353/3353
f 3207/3207/3207 3227/3227/3227 3355/3355/3355
f 3377/3377/3377 3360/3360/3360 3369/3369/3369
f 3387/3387/3387 3376/3376/3376 3366/3366/3366
f 3385/3385/3385 3367/3367/3367 3344/3344/3344
f 3393/3393/3393 3386/3386/3386 3342/3342/3342
f 3394/3394/3394 3345/3345/3345 3329/3329/3329
f 3390/3390/3390 3330/3330/3330 3324/3324/3324
f 3397/3397/3397 3389/3389/3389 3328/3328/3328
f 3402/3402/3402 3395/3395/3395 3335/3335/3335
f 3396/3396/3396 3323/3323/3323 3340/3340/3340
f 3411/3411/3411 3403/3403/3403 3338/3338/3338
f 3409/3409/3409 3337/3337/3337 3364/3364/3364
f 3381/3381/3381 3407/3407/3407 3362/3362/3362
f 3414/3414/3414 3441/3441/3441 3391/3391/3391
f 3412/3412/3412 3392/3392/3392 3398/3398/3398
f 3419/3419/3419 3413/3413/3413 3399/3399/3399
f 3420/3420/3420 3400/3400/3400 3405/3405/3405
f 3424/3424/3424 3417/3417/3417 3404/3404/3404
f 3427/3427/3427 3422/3422/3422 3408/3408/3408
f 3426/3426/3426 3401/3401/3401 3406/3406/3406
f 3429/3429/3429 3410/3410/3410 3379/3379/3379
f 3433/3433/3433 3428/3428/3428 3378/3378/3378
f 3434/3434/3434 3380/3380/3380 3384/3384/3384
f 3440/3440/3440 3432/3432/3432 3383/3383/3383
f 3439/3439/3439 3382/3382/3382 3388/3388/3388
f 3431/3431/3431 3436/3436/3436 3443/3443/3443
f 3435/3435/3435 3438/3438/3438 3446/3446/3446
f 3444/3444/3444 3437/3437/3437 3416/3416/3416
f 3415/3415/3415 3418/3418/3418 3442/3442/3442
f 3430/3430/3430 3445/3445/3445 3423/3423/3423
f 3447/3447/3447 3421/3421/3421 3425/3425/3425
f 3464/3464/3464 3469/3469/3469 3457/3457/3457
f 3464/3464/3464 3457/3457/3457 3453/3453/3453
f 3485/3485/3485 3464/3464/3464 3453/3453/3453
f 3457/3457/3457 3494/3494/3494 3479/3479/3479
f 3457/3457/3457 3479/3479/3479 3476/3476/3476
f 3457/3457/3457 3451/3451/3451 3494/3494/3494
f 3479/3479/3479 3461/3461/3461 3483/3483/3483
f 3479/3479/3479 3494/3494/3494 3461/3461/3461
f 3469/3469/3469 3451/3451/3451 3457/3457/3457
f 3469/3469/3469 3491/3491/3491 3451/3451/3451
f 3492/3492/3492 3448/3448/3448 3511/3511/3511
f 3493/3493/3493 3512/3512/3512 3523/3523/3523
f 3490/3490/3490 3471/3471/3471 3499/3499/3499
f 3489/3489/3489 3498/3498/3498 3528/3528/3528
f 3466/3466/3466 3504/3504/3504 3532/3532/3532
f 3452/3452/3452 3520/3520/3520 3539/3539/3539
f 3467/3467/3467 3486/3486/3486 3506/3506/3506
f 3484/3484/3484 3454/3454/3454 3537/3537/3537
f 3465/3465/3465 3533/3533/3533 3497/3497/3497
f 3449/3449/3449 3488/3488/3488 3530/3530/3530
f 3487/3487/3487 3538/3538/3538 3505/3505/3505
f 3450/3450/3450 3529/3529/3529 3514/3514/3514
f 3470/3470/3470 3468/3468/3468 3500/3500/3500
f 3463/3463/3463 3559/3559/3559 3552/3552/3552
f 3482/3482/3482 3462/3462/3462 3548/3548/3548
f 3455/3455/3455 3458/3458/3458 3566/3566/3566
f 3456/3456/3456 3569/3569/3569 3518/3518/3518
f 3475/3475/3475 3478/3478/3478 3541/3541/3541
f 3473/3473/3473 3544/3544/3544 3553/3553/3553
f 3495/3495/3495 3524/3524/3524 3561/3561/3561
f 3460/3460/3460 3496/3496/3496 3562/3562/3562
f 3481/3481/3481 3549/3549/3549 3542/3542/3542
f 3474/3474/3474 3555/3555/3555 3567/3567/3567
f 3459/3459/3459 3472/3472/3472 3565/3565/3565
f 3477/3477/3477 3480/3480/3480 3546/3546/3546
f 3568/3568/3568 3632/3632/3632 3519/3519/3519
f 3571/3571/3571 3626/3626/3626 3502/3502/3502
f 3627/3627/3627 3582/3582/3582 3516/3516/3516
f 3577/3577/3577 3501/3501/3501 3535/3535/3535
f 3517/3517/3517 3581/3581/3581 3540/3540/3540
f 3575/3575/3575 3534/3534/3534 3508/3508/3508
f 3550/3550/3550 3557/3557/3557 3597/3597/3597
f 3560/3560/3560 3592/3592/3592 3600/3600/3600
f 3584/3584/3584 3570/3570/3570 3509/3509/3509
f 3536/3536/3536 3580/3580/3580 3507/3507/3507
f 3558/3558/3558 3522/3522/3522 3588/3588/3588
f 3545/3545/3545 3551/3551/3551 3595/3595/3595
f 3589/3589/3589 3525/3525/3525 3603/3603/3603
f 3521/3521/3521 3510/3510/3510 3605/3605/3605
f 3543/3543/3543 3598/3598/3598 3612/3612/3612
f 3604/3604/3604 3515/3515/3515 3620/3620/3620
f 3554/3554/3554 3547/3547/3547 3607/3607/3607
f 3513/3513/3513 3531/3531/3531 3619/3619/3619
f 3556/3556/3556 3610/3610/3610 3563/3563/3563
f 3624/3624/3624 3621/3621/3621 3527/3527/3527
f 3614/3614/3614 3628/3628/3628 3564/3564/3564
f 3625/3625/3625 3526/3526/3526 3503/3503/3503
f 3578/3578/3578 3640/3640/3640 3646/3646/3646
f 3574/3574/3574 3649/3649/3649 3652/3652/3652
f 3573/3573/3573 3653/3653/3653 3659/3659/3659
f 3622/3622/3622 3576/3576/3576 3655/3655/3655
f 3623/3623/3623 3656/3656/3656 3615/3615/3615
f 3602/3602/3602 3616/3616/3616 3662/3662/3662
f 3618/3618/3618 3660/3660/3660 3670/3670/3670
f 3661/3661/3661 3617/3617/3617 3667/3667/3667
f 3630/3630/3630 3765/3765/3765 3634/3634/3634
f 3583/3583/3583 3629/3629/3629 3635/3635/3635
f 3579/3579/3579 3636/3636/3636 3639/3639/3639
f 3572/3572/3572 3585/3585/3585 3644/3644/3644
f 3666/3666/3666 3690/3690/3690 3673/3673/3673
f 3665/3665/3665 3668/3668/3668 3691/3691/3691
f 3648/3648/3648 3700/3700/3700 3677/3677/3677
f 3650/3650/3650 3647/3647/3647 3680/3680/3680
f 3633/3633/3633 3705/3705/3705 3686/3686/3686
f 3638/3638/3638 3766/3766/3766 3704/3704/3704
f 3657/3657/3657 3651/3651/3651 3678/3678/3678
f 3654/3654/3654 3681/3681/3681 3693/3693/3693
f 3641/3641/3641 3683/3683/3683 3701/3701/3701
f 3643/3643/3643 3637/3637/3637 3688/3688/3688
f 3669/3669/3669 3658/3658/3658 3694/3694/3694
f 3645/3645/3645 3642/3642/3642 3697/3697/3697
f 3763/3763/3763 3721/3721/3721 3706/3706/3706
f 3768/3768/3768 3759/3759/3759 3722/3722/3722
f 3750/3750/3750 3745/3745/3745 3727/3727/3727
f 3748/3748/3748 3728/3728/3728 3710/3710/3710
f 3733/3733/3733 3674/3674/3674 3714/3714/3714
f 3732/3732/3732 3663/3663/3663 3675/3675/3675
f 3753/3753/3753 3752/3752/3752 3707/3707/3707
f 3757/3757/3757 3709/3709/3709 3723/3723/3723
f 3742/3742/3742 3716/3716/3716 3731/3731/3731
f 3738/3738/3738 3734/3734/3734 3715/3715/3715
f 3760/3760/3760 3755/3755/3755 3720/3720/3720
f 3747/3747/3747 3739/3739/3739 3730/3730/3730
f 3594/3594/3594 3744/3744/3744 3749/3749/3749
f 3613/3613/3613 3596/3596/3596 3754/3754/3754
f 3593/3593/3593 3751/3751/3751 3756/3756/3756
f 3611/3611/3611 3758/3758/3758 3761/3761/3761
f 3631/3631/3631 3609/3609/3609 3767/3767/3767
f 3608/3608/3608 3762/3762/3762 3764/3764/3764
f 3606/3606/3606 3664/3664/3664 3736/3736/3736
f 3591/3591/3591 3601/3601/3601 3735/3735/3735
f 3586/3586/3586 3737/3737/3737 3741/3741/3741
f 3590/3590/3590 3740/3740/3740 3746/3746/3746
f 3599/3599/3599 3587/3587/3587 3743/3743/3743
f 3717/3717/3717 3711/3711/3711 3793/3793/3793
f 3713/3713/3713 3676/3676/3676 3775/3775/3775
f 3718/3718/3718 3790/3790/3790 3779/3779/3779
f 3729/3729/3729 3769/3769/3769 3787/3787/3787
f 3725/3725/3725 3712/3712/3712 3770/3770/3770
f 3702/3702/3702 3719/3719/3719 3778/3778/3778
f 3726/3726/3726 3784/3784/3784 3792/3792/3792
f 3708/3708/3708 3724/3724/3724 3788/3788/3788
f 3785/3785/3785 3773/3773/3773 3800/3800/3800
f 3789/3789/3789 3786/3786/3786 3796/3796/3796
f 3797/3797/3797 3771/3771/3771 3804/3804/3804
f 3791/3791/3791 3801/3801/3801 3812/3812/3812
f 3772/3772/3772 3819/3819/3819 3808/3808/3808
f 3806/3806/3806 3818/3818/3818 3827/3827/3827
f 3794/3794/3794 3813/3813/3813 3780/3780/3780
f 3809/3809/3809 3821/3821/3821 3829/3829/3829
f 3811/3811/3811 3835/3835/3835 3776/3776/3776
f 3836/3836/3836 3838/3838/3838 3777/3777/3777
f 3782/3782/3782 3839/3839/3839 3849/3849/3849
f 3833/3833/3833 3826/3826/3826 3846/3846/3846
f 3840/3840/3840 3828/3828/3828 3844/3844/3844
f 3689/3689/3689 3679/3679/3679 3823/3823/3823
f 3685/3685/3685 3783/3783/3783 3845/3845/3845
f 3692/3692/3692 3825/3825/3825 3816/3816/3816
f 3687/3687/3687 3703/3703/3703 3781/3781/3781
f 3696/3696/3696 3684/3684/3684 3848/3848/3848
f 3672/3672/3672 3695/3695/3695 3817/3817/3817
f 3671/3671/3671 3820/3820/3820 3774/3774/3774
f 3699/3699/3699 3847/3847/3847 3824/3824/3824
f 3682/3682/3682 3698/3698/3698 3822/3822/3822
f 3851/3851/3851 3830/3830/3830 3842/3842/3842
f 3858/3858/3858 3852/3852/3852 3843/3843/3843
f 3859/3859/3859 3841/3841/3841 3834/3834/3834
f 3860/3860/3860 3837/3837/3837 3814/3814/3814
f 3867/3867/3867 3862/3862/3862 3815/3815/3815
f 3865/3865/3865 3810/3810/3810 3795/3795/3795
f 3874/3874/3874 3863/3863/3863 3798/3798/3798
f 3873/3873/3873 3799/3799/3799 3803/3803/3803
f 3875/3875/3875 3869/3869/3869 3802/3802/3802
f 3884/3884/3884 3877/3877/3877 3807/3807/3807
f 3885/3885/3885 3805/3805/3805 3831/3831/3831
f 3853/3853/3853 3880/3880/3880 3832/3832/3832
f 3911/3911/3911 3866/3866/3866 3868/3868/3868
f 3886/3886/3886 3910/3910/3910 3870/3870/3870
f 3892/3892/3892 3889/3889/3889 3871/3871/3871
f 3890/3890/3890 3872/3872/3872 3879/3879/3879
f 3895/3895/3895 3893/3893/3893 3878/3878/3878
f 3903/3903/3903 3897/3897/3897 3882/3882/3882
f 3896/3896/3896 3876/3876/3876 3881/3881/3881
f 3900/3900/3900 3883/3883/3883 3855/3855/3855
f 3909/3909/3909 3904/3904/3904 3854/3854/3854
f 3908/3908/3908 3850/3850/3850 3857/3857/3857
f 3912/3912/3912 3906/3906/3906 3856/3856/3856
f 3914/3914/3914 3861/3861/3861 3864/3864/3864
f 3902/3902/3902 3907/3907/3907 3916/3916/3916
f 3905/3905/3905 3915/3915/3915 3921/3921/3921
f 3917/3917/3917 3913/3913/3913 3887/3887/3887
f 3888/3888/3888 3891/3891/3891 3918/3918/3918
f 3901/3901/3901 3920/3920/3920 3898/3898/3898
f 3919/3919/3919 3894/3894/3894 3899/3899/3899

