mtllib material.mtl
usemtl material_0
v 0.12091700 0.00390600 0.11684400
v 0.12091700 0.00390600 0.11684400
v 0.12091700 0.00390600 0.11684400
v 0.10675600 0.01358900 0.11684400
v 0.10675600 0.01358900 0.11684400
v 0.10675600 0.01358900 0.11684400
v 0.12091700 0.01178000 0.11684400
v 0.12091700 0.01178000 0.11684400
v 0.12091700 0.01178000 0.11684400
v 0.10078000 0.02978800 0.11684400
v 0.10078000 0.02978800 0.11684400
v 0.10078000 0.02978800 0.11684400
v 0.10078000 0.02978800 0.11684400
v 0.10243800 0.03213100 0.11684400
v 0.10243800 0.03213100 0.11684400
v 0.10243800 0.03213100 0.11684400
v 0.14237900 0.02552700 0.11684400
v 0.14237900 0.02552700 0.11684400
v 0.14237900 0.02552700 0.11684400
v 0.14110800 0.02915100 0.11684400
v 0.14110800 0.02915100 0.11684400
v 0.14110800 0.02915100 0.11684400
v 0.14110800 0.02915100 0.11684400
v 0.14237900 0.03213100 0.11684400
v 0.14237900 0.03213100 0.11684400
v 0.14237900 0.03213100 0.11684400
v 0.10243800 0.02552700 0.11684400
v 0.10243800 0.02552700 0.11684400
v 0.10243800 0.02552700 0.11684400
v 0.14053500 0.02991800 0.11684400
v 0.14053500 0.02991800 0.11684400
v 0.14053500 0.02991800 0.11684400
v 0.14053500 0.02991800 0.11684400
v 0.09742200 0.03213100 0.11684400
v 0.09742200 0.03213100 0.11684400
v 0.09742200 0.03213100 0.11684400
v 0.13736300 0.03213100 0.11684400
v 0.13736300 0.03213100 0.11684400
v 0.13736300 0.03213100 0.11684400
v 0.10243800 0.03771900 0.11684400
v 0.10243800 0.03771900 0.11684400
v 0.10243800 0.03771900 0.11684400
v 0.13736300 0.03771900 0.11684400
v 0.13736300 0.03771900 0.11684400
v 0.13736300 0.03771900 0.11684400
v 0.12879100 0.00390600 0.11684400
v 0.12879100 0.00390600 0.11684400
v 0.12879100 0.00390600 0.11684400
v 0.13304500 0.01358900 0.11684400
v 0.13304500 0.01358900 0.11684400
v 0.13304500 0.01358900 0.11684400
v 0.13304500 -0.00825500 0.11684400
v 0.13304500 -0.00825500 0.11684400
v 0.13304500 -0.00825500 0.11684400
v 0.12879100 0.01178000 0.11684400
v 0.12879100 0.01178000 0.11684400
v 0.12879100 0.01178000 0.11684400
v 0.12320300 -0.00825500 0.11684400
v 0.12320300 -0.00825500 0.11684400
v 0.12320300 -0.00825500 0.11684400
v 0.12320300 -0.00825500 0.11684400
v 0.11659900 -0.00825500 0.11684400
v 0.11659900 -0.00825500 0.11684400
v 0.11659900 -0.00825500 0.11684400
v 0.11659900 -0.00825500 0.11684400
v 0.10675600 -0.00825500 0.11684400
v 0.10675600 -0.00825500 0.11684400
v 0.10675600 -0.00825500 0.11684400
v 0.13736300 0.01358900 0.11684400
v 0.13736300 0.01358900 0.11684400
v 0.13736300 0.01358900 0.11684400
v 0.13736300 0.02552700 0.11684400
v 0.13736300 0.02552700 0.11684400
v 0.13736300 0.02552700 0.11684400
v 0.09742200 0.02552700 0.11684400
v 0.09742200 0.02552700 0.11684400
v 0.09742200 0.02552700 0.11684400
v 0.09862500 0.02848800 0.11684400
v 0.09862500 0.02848800 0.11684400
v 0.09862500 0.02848800 0.11684400
v 0.09862500 0.02848800 0.11684400
v 0.09862500 0.02848800 0.11684400
v 0.09994800 0.02752600 0.11684400
v 0.09994800 0.02752600 0.11684400
v 0.09994800 0.02752600 0.11684400
v 0.09994800 0.02752600 0.11684400
v 0.13863500 0.02848800 0.11684400
v 0.13863500 0.02848800 0.11684400
v 0.13863500 0.02848800 0.11684400
v 0.13863500 0.02848800 0.11684400
v 0.13974000 0.02757400 0.11684400
v 0.13974000 0.02757400 0.11684400
v 0.13974000 0.02757400 0.11684400
v 0.13974000 0.02757400 0.11684400
v 0.10243800 0.01358900 0.11684400
v 0.10243800 0.01358900 0.11684400
v 0.10243800 0.01358900 0.11684400
v 0.10109100 0.02838600 0.11684400
v 0.10109100 0.02838600 0.11684400
v 0.10109100 0.02838600 0.11684400
v 0.10109100 0.02838600 0.11684400
v 0.14092400 0.02804700 0.11684400
v 0.14092400 0.02804700 0.11684400
v 0.14092400 0.02804700 0.11684400
v 0.14092400 0.02804700 0.11684400
v 0.09924900 0.02994900 0.11684400
v 0.09924900 0.02994900 0.11684400
v 0.09924900 0.02994900 0.11684400
v 0.09924900 0.02994900 0.11684400
v 0.13925900 0.02994900 0.11684400
v 0.13925900 0.02994900 0.11684400
v 0.13925900 0.02994900 0.11684400
v 0.13925900 0.02994900 0.11684400
v 0.12320300 -0.00825500 0.11519300
v 0.12320300 -0.00825500 0.11519300
v 0.12320300 -0.00825500 0.11519300
v 0.11659900 -0.00825500 0.11519300
v 0.11659900 -0.00825500 0.11519300
v 0.11659900 -0.00825500 0.11519300
v 0.11659900 -0.01325900 0.11519300
v 0.11659900 -0.01325900 0.11519300
v 0.11659900 -0.01325900 0.11519300
v 0.11659900 -0.01325900 0.12184400
v 0.11659900 -0.01325900 0.12184400
v 0.11659900 -0.01325900 0.12184400
v 0.11659900 -0.00825500 0.12184400
v 0.11659900 -0.00825500 0.12184400
v 0.11659900 -0.00825500 0.12184400
v 0.12320300 -0.01325900 0.12184400
v 0.12320300 -0.01325900 0.12184400
v 0.12320300 -0.01325900 0.12184400
v 0.12320300 -0.01325900 0.11519300
v 0.12320300 -0.01325900 0.11519300
v 0.12320300 -0.01325900 0.11519300
v 0.12320300 -0.00825500 0.12184400
v 0.12320300 -0.00825500 0.12184400
v 0.12320300 -0.00825500 0.12184400
v 0.10675600 -0.00825500 0.12370200
v 0.10675600 -0.00825500 0.12370200
v 0.10675600 -0.00825500 0.12370200
v 0.11659900 -0.00825500 0.12370200
v 0.11659900 -0.00825500 0.12370200
v 0.11659900 -0.00825500 0.12370200
v 0.12320300 -0.00825500 0.12370200
v 0.12320300 -0.00825500 0.12370200
v 0.12320300 -0.00825500 0.12370200
v 0.11659900 -0.00825500 0.12649600
v 0.11659900 -0.00825500 0.12649600
v 0.11659900 -0.00825500 0.12649600
v 0.11659900 -0.00825500 0.12649600
v 0.12320300 -0.00825500 0.12649600
v 0.12320300 -0.00825500 0.12649600
v 0.12320300 -0.00825500 0.12649600
v 0.12320300 -0.00825500 0.12649600
v 0.12320300 -0.00825500 0.12649600
v 0.13304500 -0.00825500 0.12370200
v 0.13304500 -0.00825500 0.12370200
v 0.13304500 -0.00825500 0.12370200
v 0.10675600 0.00596900 0.12370200
v 0.10675600 0.00596900 0.12370200
v 0.10675600 0.00596900 0.12370200
v 0.10675600 0.01358900 0.12370200
v 0.10675600 0.01358900 0.12370200
v 0.10675600 0.01358900 0.12370200
v 0.10675600 0.00038100 0.12370200
v 0.10675600 0.00038100 0.12370200
v 0.10675600 0.00038100 0.12370200
v 0.10675600 0.00596900 0.12649600
v 0.10675600 0.00596900 0.12649600
v 0.10675600 0.00596900 0.12649600
v 0.10675600 0.00596900 0.12649600
v 0.10675600 0.00038100 0.12649600
v 0.10675600 0.00038100 0.12649600
v 0.10675600 0.00038100 0.12649600
v 0.10675600 0.00038100 0.12649600
v 0.10675600 0.00038100 0.12649600
v 0.11066500 0.00594600 0.13666400
v 0.11066500 0.00594600 0.13666400
v 0.11066500 0.00594600 0.13666400
v 0.11066500 0.00594600 0.13666400
v 0.11066500 0.00594600 0.13666400
v 0.11066500 0.00594600 0.13666400
v 0.11066500 0.00594600 0.13666400
v 0.11071700 0.00039700 0.13666300
v 0.11071700 0.00039700 0.13666300
v 0.11071700 0.00039700 0.13666300
v 0.11071700 0.00039700 0.13666300
v 0.11071700 0.00039700 0.13666300
v 0.11071700 0.00039700 0.13666300
v 0.11087200 0.00038100 0.12370200
v 0.11087200 0.00038100 0.12370200
v 0.11087200 0.00038100 0.12370200
v 0.11087200 0.00038100 0.12370200
v 0.11087200 0.00038100 0.12370200
v 0.12502400 0.02670700 0.13665600
v 0.12502400 0.02670700 0.13665600
v 0.12502400 0.02670700 0.13665600
v 0.12502400 0.02670700 0.13665600
v 0.12351500 0.02470800 0.13665600
v 0.12351500 0.02470800 0.13665600
v 0.12351500 0.02470800 0.13665600
v 0.12625100 0.02298700 0.13665600
v 0.12625100 0.02298700 0.13665600
v 0.12625100 0.02298700 0.13665600
v 0.11683800 0.03341300 0.13665600
v 0.11683800 0.03341300 0.13665600
v 0.11683800 0.03341300 0.13665600
v 0.11367600 0.03468800 0.13665600
v 0.11367600 0.03468800 0.13665600
v 0.11367600 0.03468800 0.13665600
v 0.11367600 0.03468800 0.13665600
v 0.12714000 0.02298700 0.13665600
v 0.12714000 0.02298700 0.13665600
v 0.12714000 0.02298700 0.13665600
v 0.12714000 0.02298700 0.13665600
v 0.12714000 0.02298700 0.13665600
v 0.12714000 0.02298700 0.13665600
v 0.11622200 0.03656700 0.13665600
v 0.11622200 0.03656700 0.13665600
v 0.11622200 0.03656700 0.13665600
v 0.11622200 0.03656700 0.13665600
v 0.11357800 -0.00210300 0.13665600
v 0.11357800 -0.00210300 0.13665600
v 0.11357800 -0.00210300 0.13665600
v 0.11187800 -0.00196100 0.13665600
v 0.11187800 -0.00196100 0.13665600
v 0.11187800 -0.00196100 0.13665600
v 0.11187800 -0.00196100 0.13665600
v 0.11187800 -0.00196100 0.13665600
v 0.11415300 -0.00434500 0.13665600
v 0.11415300 -0.00434500 0.13665600
v 0.11415300 -0.00434500 0.13665600
v 0.11415300 -0.00434500 0.13665600
v 0.11415300 -0.00434500 0.13665600
v 0.11616600 -0.00415500 0.13665600
v 0.11616600 -0.00415500 0.13665600
v 0.11616600 -0.00415500 0.13665600
v 0.11616600 -0.00415500 0.13665600
v 0.11616600 -0.00415500 0.13665600
v 0.11616600 -0.00415500 0.13665600
v 0.12536100 0.02945700 0.13665600
v 0.12536100 0.02945700 0.13665600
v 0.12536100 0.02945700 0.13665600
v 0.12536100 0.02945700 0.13665600
v 0.11663800 -0.00582200 0.13666100
v 0.11663800 -0.00582200 0.13666100
v 0.11663800 -0.00582200 0.13666100
v 0.11663800 -0.00582200 0.13666100
v 0.11663800 -0.00582200 0.13666100
v 0.11663800 -0.00582200 0.13666100
v 0.11663800 -0.00582200 0.13666100
v 0.11663800 -0.00582200 0.13666100
v 0.11663800 -0.00582200 0.13666100
v 0.11883100 0.03420500 0.13665600
v 0.11883100 0.03420500 0.13665600
v 0.11883100 0.03420500 0.13665600
v 0.11883100 0.03420500 0.13665600
v 0.11990100 0.03741800 0.13665600
v 0.11990100 0.03741800 0.13665600
v 0.11990100 0.03741800 0.13665600
v 0.11990100 0.03741800 0.13665600
v 0.11193600 0.00104100 0.13665600
v 0.11193600 0.00104100 0.13665600
v 0.11193600 0.00104100 0.13665600
v 0.11193600 0.00104100 0.13665600
v 0.11193600 0.00104100 0.13665600
v 0.11193600 0.00104100 0.13665600
v 0.11193600 0.00104100 0.13665600
v 0.11861900 -0.00492000 0.13665600
v 0.11861900 -0.00492000 0.13665600
v 0.11861900 -0.00492000 0.13665600
v 0.11861900 -0.00492000 0.13665600
v 0.11861900 -0.00492000 0.13665600
v 0.12107900 0.03422500 0.13665600
v 0.12107900 0.03422500 0.13665600
v 0.12107900 0.03422500 0.13665600
v 0.12107900 0.03422500 0.13665600
v 0.11174800 0.00414000 0.13665600
v 0.11174800 0.00414000 0.13665600
v 0.11174800 0.00414000 0.13665600
v 0.11174800 0.00414000 0.13665600
v 0.11174800 0.00414000 0.13665600
v 0.11174800 0.00414000 0.13665600
v 0.12118800 -0.00495100 0.13665600
v 0.12118800 -0.00495100 0.13665600
v 0.12118800 -0.00495100 0.13665600
v 0.12118800 -0.00495100 0.13665600
v 0.12118800 -0.00495100 0.13665600
v 0.12357900 0.03656700 0.13665600
v 0.12357900 0.03656700 0.13665600
v 0.12357900 0.03656700 0.13665600
v 0.12357900 0.03656700 0.13665600
v 0.12299600 0.03334700 0.13665600
v 0.12299600 0.03334700 0.13665600
v 0.12299600 0.03334700 0.13665600
v 0.12317900 -0.00578000 0.13666000
v 0.12317900 -0.00578000 0.13666000
v 0.12317900 -0.00578000 0.13666000
v 0.12317900 -0.00578000 0.13666000
v 0.12317900 -0.00578000 0.13666000
v 0.12317900 -0.00578000 0.13666000
v 0.11274900 0.00730400 0.13665600
v 0.11274900 0.00730400 0.13665600
v 0.11274900 0.00730400 0.13665600
v 0.11274900 0.00730400 0.13665600
v 0.11274900 0.00730400 0.13665600
v 0.12612500 0.03468800 0.13665600
v 0.12612500 0.03468800 0.13665600
v 0.12612500 0.03468800 0.13665600
v 0.12612500 0.03468800 0.13665600
v 0.12465500 -0.00359100 0.13665600
v 0.12465500 -0.00359100 0.13665600
v 0.12465500 -0.00359100 0.13665600
v 0.12465500 -0.00359100 0.13665600
v 0.12465500 -0.00359100 0.13665600
v 0.12465500 -0.00359100 0.13665600
v 0.12465500 -0.00359100 0.13665600
v 0.12454900 0.03181100 0.13665600
v 0.12454900 0.03181100 0.13665600
v 0.12454900 0.03181100 0.13665600
v 0.12454900 0.03181100 0.13665600
v 0.12454900 0.03181100 0.13665600
v 0.12714000 0.03467100 0.13665600
v 0.12714000 0.03467100 0.13665600
v 0.12714000 0.03467100 0.13665600
v 0.12714000 0.03467100 0.13665600
v 0.12714000 0.03467100 0.13665600
v 0.12714000 0.03467100 0.13665600
v 0.12714000 0.03467100 0.13665600
v 0.11182100 0.00814300 0.13665600
v 0.11182100 0.00814300 0.13665600
v 0.11182100 0.00814300 0.13665600
v 0.11182100 0.00814300 0.13665600
v 0.11182100 0.00814300 0.13665600
v 0.11355100 0.02298700 0.13665600
v 0.11355100 0.02298700 0.13665600
v 0.11355100 0.02298700 0.13665600
v 0.11355100 0.01017500 0.13665600
v 0.11355100 0.01017500 0.13665600
v 0.11355100 0.01017500 0.13665600
v 0.11355100 0.01017500 0.13665600
v 0.11580700 0.01645000 0.13665600
v 0.11580700 0.01645000 0.13665600
v 0.11580700 0.01645000 0.13665600
v 0.11580700 0.01645000 0.13665600
v 0.11613500 0.01855600 0.13665600
v 0.11613500 0.01855600 0.13665600
v 0.11613500 0.01855600 0.13665600
v 0.11613500 0.01855600 0.13665600
v 0.12625100 0.01017500 0.13665600
v 0.12625100 0.01017500 0.13665600
v 0.12625100 0.01017500 0.13665600
v 0.12369500 0.01846300 0.13665600
v 0.12369500 0.01846300 0.13665600
v 0.12369500 0.01846300 0.13665600
v 0.12369500 0.01846300 0.13665600
v 0.12632700 -0.00385700 0.13665600
v 0.12632700 -0.00385700 0.13665600
v 0.12632700 -0.00385700 0.13665600
v 0.12632700 -0.00385700 0.13665600
v 0.12632700 -0.00385700 0.13665600
v 0.12632700 -0.00385700 0.13665600
v 0.12632700 -0.00385700 0.13665600
v 0.11507100 0.00982300 0.13665600
v 0.11507100 0.00982300 0.13665600
v 0.11507100 0.00982300 0.13665600
v 0.11507100 0.00982300 0.13665600
v 0.12724800 -0.00056800 0.13665600
v 0.12724800 -0.00056800 0.13665600
v 0.12724800 -0.00056800 0.13665600
v 0.12724800 -0.00056800 0.13665600
v 0.12724800 -0.00056800 0.13665600
v 0.12724800 -0.00056800 0.13665600
v 0.12910900 0.00037800 0.13666200
v 0.12910900 0.00037800 0.13666200
v 0.12910900 0.00037800 0.13666200
v 0.12910900 0.00037800 0.13666200
v 0.12910900 0.00037800 0.13666200
v 0.12910900 0.00037800 0.13666200
v 0.12910900 0.00037800 0.13666200
v 0.12910900 0.00037800 0.13666200
v 0.12816900 0.00330500 0.13665600
v 0.12816900 0.00330500 0.13665600
v 0.12816900 0.00330500 0.13665600
v 0.12816900 0.00330500 0.13665600
v 0.12816900 0.00330500 0.13665600
v 0.12816900 0.00330500 0.13665600
v 0.12816900 0.00330500 0.13665600
v 0.11685200 0.01404000 0.13665600
v 0.11685200 0.01404000 0.13665600
v 0.11685200 0.01404000 0.13665600
v 0.11685200 0.01404000 0.13665600
v 0.11685200 0.01404000 0.13665600
v 0.11746700 0.01101600 0.13665600
v 0.11746700 0.01101600 0.13665600
v 0.11746700 0.01101600 0.13665600
v 0.11746700 0.01101600 0.13665600
v 0.11976100 0.01272000 0.13665600
v 0.11976100 0.01272000 0.13665600
v 0.11976100 0.01272000 0.13665600
v 0.11976100 0.01272000 0.13665600
v 0.12033100 0.01139100 0.13665600
v 0.12033100 0.01139100 0.13665600
v 0.12033100 0.01139100 0.13665600
v 0.12033100 0.01139100 0.13665600
v 0.12903800 0.00594600 0.13666400
v 0.12903800 0.00594600 0.13666400
v 0.12903800 0.00594600 0.13666400
v 0.12903800 0.00594600 0.13666400
v 0.12903800 0.00594600 0.13666400
v 0.12903800 0.00594600 0.13666400
v 0.12903800 0.00594600 0.13666400
v 0.12723100 0.00691000 0.13665600
v 0.12723100 0.00691000 0.13665600
v 0.12723100 0.00691000 0.13665600
v 0.12723100 0.00691000 0.13665600
v 0.12723100 0.00691000 0.13665600
v 0.12233000 0.01356600 0.13665600
v 0.12233000 0.01356600 0.13665600
v 0.12233000 0.01356600 0.13665600
v 0.12233000 0.01356600 0.13665600
v 0.12283800 0.01082600 0.13665600
v 0.12283800 0.01082600 0.13665600
v 0.12283800 0.01082600 0.13665600
v 0.12781900 0.00839600 0.13665600
v 0.12781900 0.00839600 0.13665600
v 0.12781900 0.00839600 0.13665600
v 0.12781900 0.00839600 0.13665600
v 0.12781900 0.00839600 0.13665600
v 0.12517800 0.00949800 0.13665600
v 0.12517800 0.00949800 0.13665600
v 0.12517800 0.00949800 0.13665600
v 0.12517800 0.00949800 0.13665600
v 0.12517800 0.00949800 0.13665600
v 0.11782400 0.02048800 0.13665600
v 0.11782400 0.02048800 0.13665600
v 0.11782400 0.02048800 0.13665600
v 0.11782400 0.02048800 0.13665600
v 0.12395400 0.01580500 0.13665600
v 0.12395400 0.01580500 0.13665600
v 0.12395400 0.01580500 0.13665600
v 0.12395400 0.01580500 0.13665600
v 0.11685600 0.02427200 0.13665600
v 0.11685600 0.02427200 0.13665600
v 0.11685600 0.02427200 0.13665600
v 0.11685600 0.02427200 0.13665600
v 0.11525200 0.02584700 0.13665600
v 0.11525200 0.02584700 0.13665600
v 0.11525200 0.02584700 0.13665600
v 0.11525200 0.02584700 0.13665600
v 0.11525200 0.02584700 0.13665600
v 0.11266200 0.02298700 0.13665600
v 0.11266200 0.02298700 0.13665600
v 0.11266200 0.02298700 0.13665600
v 0.11266200 0.02298700 0.13665600
v 0.11266200 0.02298700 0.13665600
v 0.11266200 0.02298700 0.13665600
v 0.11266200 0.02298700 0.13665600
v 0.11882500 0.02342200 0.13665600
v 0.11882500 0.02342200 0.13665600
v 0.11882500 0.02342200 0.13665600
v 0.11438400 0.02857100 0.13665600
v 0.11438400 0.02857100 0.13665600
v 0.11438400 0.02857100 0.13665600
v 0.11438400 0.02857100 0.13665600
v 0.12034200 0.02098500 0.13665600
v 0.12034200 0.02098500 0.13665600
v 0.12034200 0.02098500 0.13665600
v 0.12034200 0.02098500 0.13665600
v 0.12157800 0.02356700 0.13665600
v 0.12157800 0.02356700 0.13665600
v 0.12157800 0.02356700 0.13665600
v 0.12157800 0.02356700 0.13665600
v 0.12157800 0.02356700 0.13665600
v 0.12241600 0.02016800 0.13665600
v 0.12241600 0.02016800 0.13665600
v 0.12241600 0.02016800 0.13665600
v 0.12241600 0.02016800 0.13665600
v 0.11266200 0.03467100 0.13665600
v 0.11266200 0.03467100 0.13665600
v 0.11266200 0.03467100 0.13665600
v 0.11266200 0.03467100 0.13665600
v 0.11266200 0.03467100 0.13665600
v 0.11266200 0.03467100 0.13665600
v 0.11266200 0.03467100 0.13665600
v 0.11499400 0.03136400 0.13665600
v 0.11499400 0.03136400 0.13665600
v 0.11499400 0.03136400 0.13665600
v 0.11499400 0.03136400 0.13665600
v 0.13304500 0.00596900 0.12649600
v 0.13304500 0.00596900 0.12649600
v 0.13304500 0.00596900 0.12649600
v 0.13304500 0.00596900 0.12649600
v 0.13304500 0.00596900 0.12649600
v 0.13304500 0.00038100 0.12649600
v 0.13304500 0.00038100 0.12649600
v 0.13304500 0.00038100 0.12649600
v 0.13304500 0.00038100 0.12649600
v 0.13304500 0.00596900 0.12370200
v 0.13304500 0.00596900 0.12370200
v 0.13304500 0.00596900 0.12370200
v 0.12893000 0.00596900 0.12370200
v 0.12893000 0.00596900 0.12370200
v 0.12893000 0.00596900 0.12370200
v 0.12893000 0.00596900 0.12370200
v 0.12798100 0.00814300 0.12370200
v 0.12798100 0.00814300 0.12370200
v 0.12798100 0.00814300 0.12370200
v 0.12798100 0.00814300 0.12370200
v 0.12625100 0.01017500 0.12370200
v 0.12625100 0.01017500 0.12370200
v 0.12625100 0.01017500 0.12370200
v 0.12625100 0.01017500 0.12370200
v 0.12625100 0.02298700 0.12370200
v 0.12625100 0.02298700 0.12370200
v 0.12625100 0.02298700 0.12370200
v 0.13736300 0.02298700 0.12370200
v 0.13736300 0.02298700 0.12370200
v 0.13736300 0.02298700 0.12370200
v 0.13736300 0.02298700 0.12675000
v 0.13736300 0.02298700 0.12675000
v 0.13736300 0.02298700 0.12675000
v 0.13736300 0.02298700 0.12675000
v 0.13736300 0.02298700 0.12675000
v 0.12759800 0.02977300 0.13621100
v 0.12759800 0.02977300 0.13621100
v 0.12759800 0.02977300 0.13621100
v 0.12759800 0.02977300 0.13621100
v 0.12759800 0.02977300 0.13621100
v 0.12759800 0.02977300 0.13621100
v 0.13576100 0.03091800 0.12830300
v 0.13576100 0.03091800 0.12830300
v 0.13576100 0.03091800 0.12830300
v 0.13576100 0.03091800 0.12830300
v 0.13576100 0.03091800 0.12830300
v 0.13576100 0.03091800 0.12830300
v 0.13736300 0.03467100 0.12675000
v 0.13736300 0.03467100 0.12675000
v 0.13736300 0.03467100 0.12675000
v 0.13736300 0.03467100 0.12675000
v 0.13736300 0.03467100 0.12675000
v 0.13736300 0.03467100 0.12675000
v 0.13358500 0.03281700 0.13041100
v 0.13358500 0.03281700 0.13041100
v 0.13358500 0.03281700 0.13041100
v 0.13358500 0.03281700 0.13041100
v 0.13358500 0.03281700 0.13041100
v 0.13615400 0.02798900 0.12792100
v 0.13615400 0.02798900 0.12792100
v 0.13615400 0.02798900 0.12792100
v 0.13615400 0.02798900 0.12792100
v 0.13615400 0.02798900 0.12792100
v 0.12768700 0.02762500 0.13612600
v 0.12768700 0.02762500 0.13612600
v 0.12768700 0.02762500 0.13612600
v 0.12768700 0.02762500 0.13612600
v 0.12904300 0.02544500 0.13481200
v 0.12904300 0.02544500 0.13481200
v 0.12904300 0.02544500 0.13481200
v 0.12904300 0.02544500 0.13481200
v 0.13180400 0.02446200 0.13213600
v 0.13180400 0.02446200 0.13213600
v 0.13180400 0.02446200 0.13213600
v 0.13180400 0.02446200 0.13213600
v 0.13180400 0.02446200 0.13213600
v 0.13180400 0.02446200 0.13213600
v 0.13147800 0.03315600 0.13245200
v 0.13147800 0.03315600 0.13245200
v 0.13147800 0.03315600 0.13245200
v 0.13147800 0.03315600 0.13245200
v 0.13147800 0.03315600 0.13245200
v 0.13465600 0.02542100 0.12937300
v 0.13465600 0.02542100 0.12937300
v 0.13465600 0.02542100 0.12937300
v 0.13465600 0.02542100 0.12937300
v 0.13465600 0.02542100 0.12937300
v 0.12904300 0.03221300 0.13481200
v 0.12904300 0.03221300 0.13481200
v 0.12904300 0.03221300 0.13481200
v 0.12904300 0.03221300 0.13481200
v 0.12904300 0.03221300 0.13481200
v 0.12609400 0.03467100 0.12370200
v 0.12609400 0.03467100 0.12370200
v 0.12609400 0.03467100 0.12370200
v 0.12609400 0.03467100 0.12370200
v 0.13736300 0.03467100 0.12370200
v 0.13736300 0.03467100 0.12370200
v 0.13736300 0.03467100 0.12370200
v 0.12489000 0.03576300 0.12370200
v 0.12489000 0.03576300 0.12370200
v 0.12489000 0.03576300 0.12370200
v 0.12489000 0.03576300 0.12370200
v 0.12217800 0.03708900 0.12370200
v 0.12217800 0.03708900 0.12370200
v 0.12217800 0.03708900 0.12370200
v 0.12217800 0.03708900 0.12370200
v 0.11903200 0.03733400 0.12370200
v 0.11903200 0.03733400 0.12370200
v 0.11903200 0.03733400 0.12370200
v 0.11903200 0.03733400 0.12370200
v 0.11600000 0.03645700 0.12370200
v 0.11600000 0.03645700 0.12370200
v 0.11600000 0.03645700 0.12370200
v 0.11600000 0.03645700 0.12370200
v 0.11368100 0.03467400 0.12370200
v 0.11368100 0.03467400 0.12370200
v 0.11368100 0.03467400 0.12370200
v 0.11368100 0.03467400 0.12370200
v 0.11368100 0.03467400 0.12370200
v 0.10243800 0.03467100 0.12370200
v 0.10243800 0.03467100 0.12370200
v 0.10243800 0.03467100 0.12370200
v 0.10243800 0.03467100 0.12675000
v 0.10243800 0.03467100 0.12675000
v 0.10243800 0.03467100 0.12675000
v 0.10243800 0.03467100 0.12675000
v 0.10243800 0.03467100 0.12675000
v 0.10243800 0.03467100 0.12675000
v 0.10364700 0.02966900 0.12792100
v 0.10364700 0.02966900 0.12792100
v 0.10364700 0.02966900 0.12792100
v 0.10364700 0.02966900 0.12792100
v 0.10364700 0.02966900 0.12792100
v 0.11075900 0.03221300 0.13481200
v 0.11075900 0.03221300 0.13481200
v 0.11075900 0.03221300 0.13481200
v 0.11075900 0.03221300 0.13481200
v 0.11075900 0.03221300 0.13481200
v 0.11220300 0.02977300 0.13621100
v 0.11220300 0.02977300 0.13621100
v 0.11220300 0.02977300 0.13621100
v 0.11220300 0.02977300 0.13621100
v 0.11220300 0.02977300 0.13621100
v 0.11220300 0.02977300 0.13621100
v 0.10799700 0.03319600 0.13213600
v 0.10799700 0.03319600 0.13213600
v 0.10799700 0.03319600 0.13213600
v 0.10799700 0.03319600 0.13213600
v 0.10799700 0.03319600 0.13213600
v 0.10799700 0.03319600 0.13213600
v 0.10243800 0.02298700 0.12675000
v 0.10243800 0.02298700 0.12675000
v 0.10243800 0.02298700 0.12675000
v 0.10243800 0.02298700 0.12675000
v 0.10243800 0.02298700 0.12675000
v 0.10243800 0.02298700 0.12675000
v 0.10621700 0.02484100 0.13041100
v 0.10621700 0.02484100 0.13041100
v 0.10621700 0.02484100 0.13041100
v 0.10621700 0.02484100 0.13041100
v 0.10404100 0.02674000 0.12830300
v 0.10404100 0.02674000 0.12830300
v 0.10404100 0.02674000 0.12830300
v 0.10404100 0.02674000 0.12830300
v 0.10404100 0.02674000 0.12830300
v 0.10404100 0.02674000 0.12830300
v 0.10832400 0.02450200 0.13245200
v 0.10832400 0.02450200 0.13245200
v 0.10832400 0.02450200 0.13245200
v 0.10832400 0.02450200 0.13245200
v 0.10832400 0.02450200 0.13245200
v 0.10832400 0.02450200 0.13245200
v 0.11211500 0.02762500 0.13612600
v 0.11211500 0.02762500 0.13612600
v 0.11211500 0.02762500 0.13612600
v 0.11211500 0.02762500 0.13612600
v 0.11075900 0.02544500 0.13481200
v 0.11075900 0.02544500 0.13481200
v 0.11075900 0.02544500 0.13481200
v 0.11075900 0.02544500 0.13481200
v 0.11075900 0.02544500 0.13481200
v 0.10514500 0.03223700 0.12937300
v 0.10514500 0.03223700 0.12937300
v 0.10514500 0.03223700 0.12937300
v 0.10514500 0.03223700 0.12937300
v 0.10514500 0.03223700 0.12937300
v 0.11355100 0.02298700 0.12370200
v 0.11355100 0.02298700 0.12370200
v 0.11355100 0.02298700 0.12370200
v 0.10243800 0.02298700 0.12370200
v 0.10243800 0.02298700 0.12370200
v 0.10243800 0.02298700 0.12370200
v 0.11355100 0.01017500 0.12370200
v 0.11355100 0.01017500 0.12370200
v 0.11355100 0.01017500 0.12370200
v 0.11198200 0.00839600 0.12370200
v 0.11198200 0.00839600 0.12370200
v 0.11198200 0.00839600 0.12370200
v 0.11198200 0.00839600 0.12370200
v 0.11087200 0.00596900 0.12370200
v 0.11087200 0.00596900 0.12370200
v 0.11087200 0.00596900 0.12370200
v 0.11087200 0.00596900 0.12370200
v 0.11087200 0.00596900 0.12370200
v 0.10243800 0.01358900 0.12370200
v 0.10243800 0.01358900 0.12370200
v 0.10243800 0.01358900 0.12370200
v 0.10243800 0.03213100 0.12286000
v 0.10243800 0.03213100 0.12286000
v 0.10243800 0.03213100 0.12286000
v 0.10243800 0.03771900 0.12370200
v 0.10243800 0.03771900 0.12370200
v 0.10243800 0.03771900 0.12370200
v 0.10243800 0.02552700 0.12286000
v 0.10243800 0.02552700 0.12286000
v 0.10243800 0.02552700 0.12286000
v 0.13736300 0.03771900 0.12370200
v 0.13736300 0.03771900 0.12370200
v 0.13736300 0.03771900 0.12370200
v 0.11154100 0.03771900 0.11860200
v 0.11154100 0.03771900 0.11860200
v 0.11154100 0.03771900 0.11860200
v 0.11154100 0.03771900 0.12294200
v 0.11154100 0.03771900 0.12294200
v 0.11154100 0.03771900 0.12294200
v 0.13335300 0.03771900 0.11860200
v 0.13335300 0.03771900 0.11860200
v 0.13335300 0.03771900 0.11860200
v 0.13335300 0.03771900 0.12294200
v 0.13335300 0.03771900 0.12294200
v 0.13335300 0.03771900 0.12294200
v 0.13736300 0.03213100 0.12286000
v 0.13736300 0.03213100 0.12286000
v 0.13736300 0.03213100 0.12286000
v 0.13736300 0.02552700 0.12286000
v 0.13736300 0.02552700 0.12286000
v 0.13736300 0.02552700 0.12286000
v 0.13736300 0.01358900 0.12370200
v 0.13736300 0.01358900 0.12370200
v 0.13736300 0.01358900 0.12370200
v 0.14237900 0.03213100 0.12286000
v 0.14237900 0.03213100 0.12286000
v 0.14237900 0.03213100 0.12286000
v 0.14237900 0.02552700 0.12286000
v 0.14237900 0.02552700 0.12286000
v 0.14237900 0.02552700 0.12286000
v 0.13920900 0.02772700 0.12286000
v 0.13920900 0.02772700 0.12286000
v 0.13920900 0.02772700 0.12286000
v 0.13920900 0.02772700 0.12286000
v 0.13865000 0.02899400 0.12286000
v 0.13865000 0.02899400 0.12286000
v 0.13865000 0.02899400 0.12286000
v 0.13865000 0.02899400 0.12286000
v 0.14049500 0.02772500 0.12286000
v 0.14049500 0.02772500 0.12286000
v 0.14049500 0.02772500 0.12286000
v 0.14049500 0.02772500 0.12286000
v 0.14116200 0.02861500 0.12286000
v 0.14116200 0.02861500 0.12286000
v 0.14116200 0.02861500 0.12286000
v 0.14116200 0.02861500 0.12286000
v 0.13956500 0.03010000 0.12286000
v 0.13956500 0.03010000 0.12286000
v 0.13956500 0.03010000 0.12286000
v 0.13956500 0.03010000 0.12286000
v 0.14082000 0.02968400 0.12286000
v 0.14082000 0.02968400 0.12286000
v 0.14082000 0.02968400 0.12286000
v 0.14082000 0.02968400 0.12286000
v 0.13304500 0.01358900 0.12370200
v 0.13304500 0.01358900 0.12370200
v 0.13304500 0.01358900 0.12370200
v 0.13304500 0.00038100 0.12370200
v 0.13304500 0.00038100 0.12370200
v 0.13304500 0.00038100 0.12370200
v 0.12564800 -0.00434500 0.12370200
v 0.12564800 -0.00434500 0.12370200
v 0.12564800 -0.00434500 0.12370200
v 0.12782900 -0.00208400 0.12370200
v 0.12782900 -0.00208400 0.12370200
v 0.12782900 -0.00208400 0.12370200
v 0.12782900 -0.00208400 0.12370200
v 0.12321200 -0.00572900 0.12370200
v 0.12321200 -0.00572900 0.12370200
v 0.12321200 -0.00572900 0.12370200
v 0.12321200 -0.00572900 0.12370200
v 0.12321200 -0.00572900 0.12370200
v 0.12893000 0.00038100 0.12370200
v 0.12893000 0.00038100 0.12370200
v 0.12893000 0.00038100 0.12370200
v 0.12893000 0.00038100 0.12370200
v 0.11659300 -0.00571100 0.12370200
v 0.11659300 -0.00571100 0.12370200
v 0.11659300 -0.00571100 0.12370200
v 0.11659300 -0.00571100 0.12370200
v 0.11430600 -0.00446000 0.12370200
v 0.11430600 -0.00446000 0.12370200
v 0.11430600 -0.00446000 0.12370200
v 0.11430600 -0.00446000 0.12370200
v 0.11204900 -0.00221900 0.12370200
v 0.11204900 -0.00221900 0.12370200
v 0.11204900 -0.00221900 0.12370200
v 0.11204900 -0.00221900 0.12370200
v 0.11154100 0.03975100 0.11860200
v 0.11154100 0.03975100 0.11860200
v 0.11154100 0.03975100 0.11860200
v 0.13335300 0.03975100 0.11860200
v 0.13335300 0.03975100 0.11860200
v 0.13335300 0.03975100 0.11860200
v 0.13335300 0.03975100 0.12294200
v 0.13335300 0.03975100 0.12294200
v 0.13335300 0.03975100 0.12294200
v 0.11154100 0.03975100 0.12294200
v 0.11154100 0.03975100 0.12294200
v 0.11154100 0.03975100 0.12294200
v 0.13233700 0.03975100 0.12192600
v 0.13233700 0.03975100 0.12192600
v 0.13233700 0.03975100 0.12192600
v 0.13233700 0.03975100 0.11961800
v 0.13233700 0.03975100 0.11961800
v 0.13233700 0.03975100 0.11961800
v 0.11255700 0.03975100 0.11961800
v 0.11255700 0.03975100 0.11961800
v 0.11255700 0.03975100 0.11961800
v 0.11255700 0.03975100 0.12192600
v 0.11255700 0.03975100 0.12192600
v 0.11255700 0.03975100 0.12192600
v 0.13233700 0.03771900 0.11961800
v 0.13233700 0.03771900 0.11961800
v 0.13233700 0.03771900 0.11961800
v 0.13233700 0.03771900 0.12192600
v 0.13233700 0.03771900 0.12192600
v 0.13233700 0.03771900 0.12192600
v 0.11255700 0.03771900 0.11961800
v 0.11255700 0.03771900 0.11961800
v 0.11255700 0.03771900 0.11961800
v 0.11255700 0.03771900 0.12192600
v 0.11255700 0.03771900 0.12192600
v 0.11255700 0.03771900 0.12192600
v 0.09742200 0.02552700 0.12286000
v 0.09742200 0.02552700 0.12286000
v 0.09742200 0.02552700 0.12286000
v 0.09742200 0.03213100 0.12286000
v 0.09742200 0.03213100 0.12286000
v 0.09742200 0.03213100 0.12286000
v 0.09953200 0.02763200 0.12286000
v 0.09953200 0.02763200 0.12286000
v 0.09953200 0.02763200 0.12286000
v 0.09953200 0.02763200 0.12286000
v 0.09872600 0.02834400 0.12286000
v 0.09872600 0.02834400 0.12286000
v 0.09872600 0.02834400 0.12286000
v 0.10063300 0.02778900 0.12286000
v 0.10063300 0.02778900 0.12286000
v 0.10063300 0.02778900 0.12286000
v 0.10063300 0.02778900 0.12286000
v 0.09896500 0.02975900 0.12286000
v 0.09896500 0.02975900 0.12286000
v 0.09896500 0.02975900 0.12286000
v 0.09896500 0.02975900 0.12286000
v 0.10116800 0.02899700 0.12286000
v 0.10116800 0.02899700 0.12286000
v 0.10116800 0.02899700 0.12286000
v 0.10116800 0.02899700 0.12286000
v 0.10038000 0.02999900 0.12286000
v 0.10038000 0.02999900 0.12286000
v 0.10038000 0.02999900 0.12286000
v 0.10038000 0.02999900 0.12286000
v 0.10741000 0.03314800 0.13665600
v 0.10741000 0.03314800 0.13665600
v 0.10741000 0.03314800 0.13665600
v 0.10741000 0.03314800 0.13665600
v 0.10741000 0.03314800 0.13665600
v 0.10482100 0.03193300 0.13665600
v 0.10482100 0.03193300 0.13665600
v 0.10482100 0.03193300 0.13665600
v 0.10482100 0.03193300 0.13665600
v 0.10361700 0.02936100 0.13665600
v 0.10361700 0.02936100 0.13665600
v 0.10361700 0.02936100 0.13665600
v 0.10361700 0.02936100 0.13665600
v 0.10392600 0.02717200 0.13665600
v 0.10392600 0.02717200 0.13665600
v 0.10392600 0.02717200 0.13665600
v 0.10531300 0.02535500 0.13665600
v 0.10531300 0.02535500 0.13665600
v 0.10531300 0.02535500 0.13665600
v 0.10531300 0.02535500 0.13665600
v 0.10746200 0.02451000 0.13665600
v 0.10746200 0.02451000 0.13665600
v 0.10746200 0.02451000 0.13665600
v 0.10746200 0.02451000 0.13665600
v 0.10746200 0.02451000 0.13665600
v 0.11025100 0.03258600 0.13665600
v 0.11025100 0.03258600 0.13665600
v 0.11025100 0.03258600 0.13665600
v 0.11025100 0.03258600 0.13665600
v 0.11025100 0.02507200 0.13665600
v 0.11025100 0.02507200 0.13665600
v 0.11025100 0.02507200 0.13665600
v 0.11025100 0.02507200 0.13665600
v 0.11025100 0.02507200 0.13665600
v 0.11221300 0.02776300 0.13665500
v 0.11221300 0.02776300 0.13665500
v 0.11221300 0.02776300 0.13665500
v 0.11221300 0.02776300 0.13665500
v 0.11221300 0.02776300 0.13665500
v 0.11221300 0.02776300 0.13665500
v 0.11221300 0.02776300 0.13665500
v 0.11195900 0.03047200 0.13665600
v 0.11195900 0.03047200 0.13665600
v 0.11195900 0.03047200 0.13665600
v 0.11195900 0.03047200 0.13665600
v 0.11195900 0.03047200 0.13665600
v 0.11195900 0.03047200 0.13665600
v 0.11112100 0.02848600 0.13665600
v 0.11112100 0.02848600 0.13665600
v 0.11112100 0.02848600 0.13665600
v 0.11112100 0.02848600 0.13665600
v 0.11112100 0.02848600 0.13665600
v 0.10678700 0.03181300 0.13665600
v 0.10678700 0.03181300 0.13665600
v 0.10678700 0.03181300 0.13665600
v 0.10678700 0.03181300 0.13665600
v 0.10888400 0.03193100 0.13665600
v 0.10888400 0.03193100 0.13665600
v 0.10888400 0.03193100 0.13665600
v 0.10888400 0.03193100 0.13665600
v 0.10888400 0.03193100 0.13665600
v 0.10535800 0.02694200 0.13665600
v 0.10535800 0.02694200 0.13665600
v 0.10535800 0.02694200 0.13665600
v 0.10535800 0.02694200 0.13665600
v 0.10671200 0.02586400 0.13665600
v 0.10671200 0.02586400 0.13665600
v 0.10671200 0.02586400 0.13665600
v 0.10671200 0.02586400 0.13665600
v 0.11073500 0.03044300 0.13665600
v 0.11073500 0.03044300 0.13665600
v 0.11073500 0.03044300 0.13665600
v 0.11073500 0.03044300 0.13665600
v 0.11073500 0.03044300 0.13665600
v 0.10476000 0.02848600 0.13665600
v 0.10476000 0.02848600 0.13665600
v 0.10476000 0.02848600 0.13665600
v 0.10476000 0.02848600 0.13665600
v 0.10877600 0.02571200 0.13665600
v 0.10877600 0.02571200 0.13665600
v 0.10877600 0.02571200 0.13665600
v 0.10877600 0.02571200 0.13665600
v 0.10877600 0.02571200 0.13665600
v 0.10518900 0.03054300 0.13665600
v 0.10518900 0.03054300 0.13665600
v 0.10518900 0.03054300 0.13665600
v 0.10518900 0.03054300 0.13665600
v 0.10518900 0.03054300 0.13665600
v 0.11048700 0.02687500 0.13665600
v 0.11048700 0.02687500 0.13665600
v 0.11048700 0.02687500 0.13665600
v 0.11048700 0.02687500 0.13665600
v 0.11048700 0.02687500 0.13665600
v 0.11048700 0.02687500 0.13665600
v 0.10501500 0.02753500 0.12776600
v 0.10501500 0.02753500 0.12776600
v 0.10501500 0.02753500 0.12776600
v 0.10501500 0.02753500 0.12776600
v 0.10476000 0.02917200 0.12776600
v 0.10476000 0.02917200 0.12776600
v 0.10476000 0.02917200 0.12776600
v 0.10476000 0.02917200 0.12776600
v 0.10632700 0.02603400 0.12776600
v 0.10632700 0.02603400 0.12776600
v 0.10632700 0.02603400 0.12776600
v 0.10632700 0.02603400 0.12776600
v 0.10836000 0.02564700 0.12776600
v 0.10836000 0.02564700 0.12776600
v 0.10836000 0.02564700 0.12776600
v 0.10836000 0.02564700 0.12776600
v 0.10994800 0.02633800 0.12776600
v 0.10994800 0.02633800 0.12776600
v 0.10994800 0.02633800 0.12776600
v 0.10994800 0.02633800 0.12776600
v 0.11119400 0.02840100 0.12776600
v 0.11119400 0.02840100 0.12776600
v 0.11119400 0.02840100 0.12776600
v 0.11119400 0.02840100 0.12776600
v 0.11119400 0.02840100 0.12776600
v 0.11048700 0.03078300 0.12776600
v 0.11048700 0.03078300 0.12776600
v 0.11048700 0.03078300 0.12776600
v 0.11048700 0.03078300 0.12776600
v 0.10867500 0.03198700 0.12776600
v 0.10867500 0.03198700 0.12776600
v 0.10867500 0.03198700 0.12776600
v 0.10867500 0.03198700 0.12776600
v 0.10664700 0.03175500 0.12776600
v 0.10664700 0.03175500 0.12776600
v 0.10664700 0.03175500 0.12776600
v 0.10664700 0.03175500 0.12776600
v 0.10535800 0.03071600 0.12776600
v 0.10535800 0.03071600 0.12776600
v 0.10535800 0.03071600 0.12776600
v 0.13239200 0.02451000 0.13665600
v 0.13239200 0.02451000 0.13665600
v 0.13239200 0.02451000 0.13665600
v 0.13239200 0.02451000 0.13665600
v 0.13239200 0.02451000 0.13665600
v 0.13498100 0.02572500 0.13665600
v 0.13498100 0.02572500 0.13665600
v 0.13498100 0.02572500 0.13665600
v 0.13498100 0.02572500 0.13665600
v 0.13618400 0.02829600 0.13665600
v 0.13618400 0.02829600 0.13665600
v 0.13618400 0.02829600 0.13665600
v 0.13618400 0.02829600 0.13665600
v 0.13587600 0.03048600 0.13665600
v 0.13587600 0.03048600 0.13665600
v 0.13587600 0.03048600 0.13665600
v 0.13448900 0.03230300 0.13665600
v 0.13448900 0.03230300 0.13665600
v 0.13448900 0.03230300 0.13665600
v 0.13448900 0.03230300 0.13665600
v 0.13233900 0.03314800 0.13665600
v 0.13233900 0.03314800 0.13665600
v 0.13233900 0.03314800 0.13665600
v 0.13233900 0.03314800 0.13665600
v 0.13233900 0.03314800 0.13665600
v 0.12955000 0.02507200 0.13665600
v 0.12955000 0.02507200 0.13665600
v 0.12955000 0.02507200 0.13665600
v 0.12955000 0.02507200 0.13665600
v 0.12955000 0.02507200 0.13665600
v 0.12955000 0.02507200 0.13665600
v 0.12955000 0.02507200 0.13665600
v 0.12955000 0.03258600 0.13665600
v 0.12955000 0.03258600 0.13665600
v 0.12955000 0.03258600 0.13665600
v 0.12955000 0.03258600 0.13665600
v 0.12955000 0.03258600 0.13665600
v 0.12784200 0.03047200 0.13665600
v 0.12784200 0.03047200 0.13665600
v 0.12784200 0.03047200 0.13665600
v 0.12784200 0.03047200 0.13665600
v 0.12784200 0.03047200 0.13665600
v 0.12758800 0.02776300 0.13665600
v 0.12758800 0.02776300 0.13665600
v 0.12758800 0.02776300 0.13665600
v 0.12758800 0.02776300 0.13665600
v 0.12758800 0.02776300 0.13665600
v 0.12758800 0.02776300 0.13665600
v 0.12758800 0.02776300 0.13665600
v 0.13501000 0.02798500 0.13665600
v 0.13501000 0.02798500 0.13665600
v 0.13501000 0.02798500 0.13665600
v 0.13501000 0.02798500 0.13665600
v 0.13446400 0.03082700 0.13665600
v 0.13446400 0.03082700 0.13665600
v 0.13446400 0.03082700 0.13665600
v 0.13446400 0.03082700 0.13665600
v 0.13070700 0.03181300 0.13665600
v 0.13070700 0.03181300 0.13665600
v 0.13070700 0.03181300 0.13665600
v 0.13070700 0.03181300 0.13665600
v 0.13070700 0.03181300 0.13665600
v 0.13235300 0.03199000 0.13665600
v 0.13235300 0.03199000 0.13665600
v 0.13235300 0.03199000 0.13665600
v 0.13235300 0.03199000 0.13665600
v 0.12927700 0.02694200 0.13665600
v 0.12927700 0.02694200 0.13665600
v 0.12927700 0.02694200 0.13665600
v 0.12927700 0.02694200 0.13665600
v 0.12927700 0.02694200 0.13665600
v 0.12927700 0.02694200 0.13665600
v 0.13063300 0.02586400 0.13665600
v 0.13063300 0.02586400 0.13665600
v 0.13063300 0.02586400 0.13665600
v 0.13063300 0.02586400 0.13665600
v 0.13063300 0.02586400 0.13665600
v 0.12862000 0.02893800 0.13665600
v 0.12862000 0.02893800 0.13665600
v 0.12862000 0.02893800 0.13665600
v 0.12862000 0.02893800 0.13665600
v 0.12862000 0.02893800 0.13665600
v 0.12862000 0.02893800 0.13665600
v 0.12862000 0.02893800 0.13665600
v 0.13311700 0.02579700 0.13665600
v 0.13311700 0.02579700 0.13665600
v 0.13311700 0.02579700 0.13665600
v 0.13311700 0.02579700 0.13665600
v 0.13311700 0.02579700 0.13665600
v 0.13311700 0.02579700 0.13665600
v 0.12936900 0.03083600 0.13665600
v 0.12936900 0.03083600 0.13665600
v 0.12936900 0.03083600 0.13665600
v 0.12936900 0.03083600 0.13665600
v 0.12936900 0.03083600 0.13665600
v 0.12893500 0.02753500 0.12776600
v 0.12893500 0.02753500 0.12776600
v 0.12893500 0.02753500 0.12776600
v 0.12893500 0.02753500 0.12776600
v 0.12868000 0.02917200 0.12776600
v 0.12868000 0.02917200 0.12776600
v 0.12868000 0.02917200 0.12776600
v 0.13024700 0.02603400 0.12776600
v 0.13024700 0.02603400 0.12776600
v 0.13024700 0.02603400 0.12776600
v 0.13024700 0.02603400 0.12776600
v 0.13228000 0.02564700 0.12776600
v 0.13228000 0.02564700 0.12776600
v 0.13228000 0.02564700 0.12776600
v 0.13228000 0.02564700 0.12776600
v 0.13446400 0.02683100 0.12776600
v 0.13446400 0.02683100 0.12776600
v 0.13446400 0.02683100 0.12776600
v 0.13446400 0.02683100 0.12776600
v 0.13501000 0.02967300 0.12776600
v 0.13501000 0.02967300 0.12776600
v 0.13501000 0.02967300 0.12776600
v 0.13501000 0.02967300 0.12776600
v 0.13374800 0.03141200 0.12776600
v 0.13374800 0.03141200 0.12776600
v 0.13374800 0.03141200 0.12776600
v 0.13374800 0.03141200 0.12776600
v 0.13220300 0.03201000 0.12776600
v 0.13220300 0.03201000 0.12776600
v 0.13220300 0.03201000 0.12776600
v 0.13220300 0.03201000 0.12776600
v 0.13056700 0.03175500 0.12776600
v 0.13056700 0.03175500 0.12776600
v 0.13056700 0.03175500 0.12776600
v 0.13056700 0.03175500 0.12776600
v 0.12927700 0.03071600 0.12776600
v 0.12927700 0.03071600 0.12776600
v 0.12927700 0.03071600 0.12776600
v 0.12927700 0.03071600 0.12776600
v 0.11936200 0.02098700 0.13589400
v 0.11936200 0.02098700 0.13589400
v 0.11936200 0.02098700 0.13589400
v 0.11936200 0.02098700 0.13589400
v 0.11731800 0.02009800 0.13589400
v 0.11731800 0.02009800 0.13589400
v 0.11731800 0.02009800 0.13589400
v 0.11731800 0.02009800 0.13589400
v 0.11606000 0.01837700 0.13589400
v 0.11606000 0.01837700 0.13589400
v 0.11606000 0.01837700 0.13589400
v 0.11588800 0.01581600 0.13589400
v 0.11588800 0.01581600 0.13589400
v 0.11588800 0.01581600 0.13589400
v 0.11701100 0.01400100 0.13589400
v 0.11701100 0.01400100 0.13589400
v 0.11895600 0.01282600 0.13589400
v 0.11895600 0.01282600 0.13589400
v 0.11895600 0.01282600 0.13589400
v 0.11895600 0.01282600 0.13589400
v 0.12156600 0.01312500 0.13589400
v 0.12156600 0.01312500 0.13589400
v 0.12156600 0.01312500 0.13589400
v 0.12156600 0.01312500 0.13589400
v 0.12349800 0.01481400 0.13589400
v 0.12349800 0.01481400 0.13589400
v 0.12349800 0.01481400 0.13589400
v 0.12349800 0.01481400 0.13589400
v 0.12399600 0.01743000 0.13589400
v 0.12399600 0.01743000 0.13589400
v 0.12399600 0.01743000 0.13589400
v 0.12310800 0.01947400 0.13589400
v 0.12310800 0.01947400 0.13589400
v 0.12310800 0.01947400 0.13589400
v 0.12147200 0.02068500 0.13589400
v 0.12147200 0.02068500 0.13589400
v 0.12147200 0.02068500 0.13589400
v 0.12147200 0.02068500 0.13589400
v 0.11195400 0.00104600 0.13589400
v 0.11195400 0.00104600 0.13589400
v 0.11374600 -0.00236700 0.13589400
v 0.11374600 -0.00236700 0.13589400
v 0.11374600 -0.00236700 0.13589400
v 0.11374600 -0.00236700 0.13589400
v 0.11990100 0.01139200 0.13589400
v 0.11990100 0.01139200 0.13589400
v 0.11990100 0.01139200 0.13589400
v 0.11990100 0.01139200 0.13589400
v 0.11683500 0.01081900 0.13589400
v 0.11683500 0.01081900 0.13589400
v 0.11683500 0.01081900 0.13589400
v 0.11683500 0.01081900 0.13589400
v 0.11734900 -0.00467900 0.13589400
v 0.11734900 -0.00467900 0.13589400
v 0.11734900 -0.00467900 0.13589400
v 0.11432800 0.00920300 0.13589400
v 0.11432800 0.00920300 0.13589400
v 0.11432800 0.00920300 0.13589400
v 0.12119100 -0.00496900 0.13589400
v 0.12119100 -0.00496900 0.13589400
v 0.12119100 -0.00496900 0.13589400
v 0.12119100 -0.00496900 0.13589400
v 0.11235700 0.00653400 0.13589400
v 0.11235700 0.00653400 0.13589400
v 0.11171600 0.00360400 0.13589400
v 0.11171600 0.00360400 0.13589400
v 0.11171600 0.00360400 0.13589400
v 0.12724800 0.00691800 0.13589400
v 0.12724800 0.00691800 0.13589400
v 0.12724800 0.00691800 0.13589400
v 0.12724800 0.00691800 0.13589400
v 0.12724800 0.00691800 0.13589400
v 0.12531400 0.00934800 0.13589400
v 0.12531400 0.00934800 0.13589400
v 0.12531400 0.00934800 0.13589400
v 0.12400300 -0.00393000 0.13589400
v 0.12400300 -0.00393000 0.13589400
v 0.12600700 -0.00232300 0.13589400
v 0.12600700 -0.00232300 0.13589400
v 0.12600700 -0.00232300 0.13589400
v 0.12284900 0.01085500 0.13589400
v 0.12284900 0.01085500 0.13589400
v 0.12284900 0.01085500 0.13589400
v 0.12284900 0.01085500 0.13589400
v 0.12284900 0.01085500 0.13589400
v 0.12775400 0.00062300 0.13589400
v 0.12775400 0.00062300 0.13589400
v 0.12775400 0.00062300 0.13589400
v 0.12807600 0.00392600 0.13589400
v 0.12807600 0.00392600 0.13589400
v 0.12807600 0.00392600 0.13589400
v 0.11626500 0.02468400 0.13589400
v 0.11626500 0.02468400 0.13589400
v 0.11626500 0.02468400 0.13589400
v 0.11501700 0.02635000 0.13589400
v 0.11501700 0.02635000 0.13589400
v 0.12001100 0.03438500 0.13589400
v 0.12001100 0.03438500 0.13589400
v 0.12001100 0.03438500 0.13589400
v 0.11882100 0.02340200 0.13589400
v 0.11882100 0.02340200 0.13589400
v 0.11882100 0.02340200 0.13589400
v 0.11882100 0.02340200 0.13589400
v 0.11682700 0.03343000 0.13589400
v 0.11682700 0.03343000 0.13589400
v 0.11682700 0.03343000 0.13589400
v 0.11682700 0.03343000 0.13589400
v 0.11490300 0.03117900 0.13589400
v 0.11490300 0.03117900 0.13589400
v 0.11490300 0.03117900 0.13589400
v 0.11439700 0.02836500 0.13589400
v 0.11439700 0.02836500 0.13589400
v 0.11439700 0.02836500 0.13589400
v 0.12461400 0.03165500 0.13589400
v 0.12461400 0.03165500 0.13589400
v 0.12296400 0.03341300 0.13589400
v 0.12296400 0.03341300 0.13589400
v 0.12296400 0.03341300 0.13589400
v 0.12296400 0.03341300 0.13589400
v 0.12141000 0.02354500 0.13589400
v 0.12141000 0.02354500 0.13589400
v 0.12353600 0.02468400 0.13589400
v 0.12353600 0.02468400 0.13589400
v 0.12353600 0.02468400 0.13589400
v 0.12353600 0.02468400 0.13589400
v 0.12353600 0.02468400 0.13589400
v 0.12514000 0.02705000 0.13589400
v 0.12514000 0.02705000 0.13589400
v 0.12514000 0.02705000 0.13589400
v 0.12514000 0.02705000 0.13589400
v 0.12533700 0.02963600 0.13589400
v 0.12533700 0.02963600 0.13589400
v 0.12533700 0.02963600 0.13589400
v 0.12533700 0.02963600 0.13589400
v 0.11924300 -0.01192100 0.12184400
v 0.11924300 -0.01192100 0.12184400
v 0.11924300 -0.01192100 0.12184400
v 0.11924300 -0.01192100 0.12184400
v 0.11924300 -0.01192100 0.12184400
v 0.11864400 -0.01056700 0.12184400
v 0.11864400 -0.01056700 0.12184400
v 0.11864400 -0.01056700 0.12184400
v 0.11864400 -0.01056700 0.12184400
v 0.11945800 -0.00958600 0.12184400
v 0.11945800 -0.00958600 0.12184400
v 0.11945800 -0.00958600 0.12184400
v 0.11945800 -0.00958600 0.12184400
v 0.12067100 -0.01178600 0.12184400
v 0.12067100 -0.01178600 0.12184400
v 0.12067100 -0.01178600 0.12184400
v 0.12067100 -0.01178600 0.12184400
v 0.12117000 -0.01066300 0.12184400
v 0.12117000 -0.01066300 0.12184400
v 0.12117000 -0.01066300 0.12184400
v 0.12117000 -0.01066300 0.12184400
v 0.12056200 -0.00971900 0.12184400
v 0.12056200 -0.00971900 0.12184400
v 0.12056200 -0.00971900 0.12184400
v 0.12026500 -0.01197800 0.11519300
v 0.12026500 -0.01197800 0.11519300
v 0.12026500 -0.01197800 0.11519300
v 0.12026500 -0.01197800 0.11519300
v 0.12109600 -0.01122400 0.11519300
v 0.12109600 -0.01122400 0.11519300
v 0.12109600 -0.01122400 0.11519300
v 0.12109600 -0.01122400 0.11519300
v 0.12078500 -0.00982200 0.11519300
v 0.12078500 -0.00982200 0.11519300
v 0.12078500 -0.00982200 0.11519300
v 0.12078500 -0.00982200 0.11519300
v 0.12078500 -0.00982200 0.11519300
v 0.11920400 -0.00967900 0.11519300
v 0.11920400 -0.00967900 0.11519300
v 0.11920400 -0.00967900 0.11519300
v 0.11920400 -0.00967900 0.11519300
v 0.11865000 -0.01082300 0.11519300
v 0.11865000 -0.01082300 0.11519300
v 0.11865000 -0.01082300 0.11519300
v 0.11865000 -0.01082300 0.11519300
v 0.11916400 -0.01182100 0.11519300
v 0.11916400 -0.01182100 0.11519300
v 0.11916400 -0.01182100 0.11519300
v 0.12091700 0.00390600 0.10897000
v 0.12091700 0.00390600 0.10897000
v 0.12091700 0.00390600 0.10897000
v 0.12879100 0.00390600 0.10897000
v 0.12879100 0.00390600 0.10897000
v 0.12879100 0.00390600 0.10897000
v 0.12879100 0.01178000 0.10897000
v 0.12879100 0.01178000 0.10897000
v 0.12879100 0.01178000 0.10897000
v 0.12091700 0.01178000 0.10897000
v 0.12091700 0.01178000 0.10897000
v 0.12091700 0.01178000 0.10897000
vn -1.00000000 -0.00000000 -0.00000000
vn -0.00000000 -0.00000000 -1.00000000
vn -0.00000000 -1.00000000 -0.00000000
vn -1.00000000 -0.00000000 -0.00000000
vn -0.00000000 -1.00000000 -0.00000000
vn -0.00000000 -0.00000000 -1.00000000
vn -1.00000000 -0.00000000 -0.00000000
vn -0.00000000 1.00000000 -0.00000000
vn -0.00000000 -0.00000000 -1.00000000
vn -0.78570000 -0.61790000 -0.03050000
vn -0.00000000 -0.00000000 -1.00000000
vn -0.97570000 -0.21630000 0.03450000
vn -0.10490000 -0.99410000 0.02790000
vn -0.00000000 -0.00000000 -1.00000000
vn -0.00000000 1.00000000 -0.00000000
vn -1.00000000 -0.00000000 -0.00000000
vn 1.00000000 -0.00000000 -0.00000000
vn -0.00000000 -1.00000000 -0.00000000
vn -0.00000000 -0.00000000 -1.00000000
vn -0.00000000 -0.00000000 -1.00000000
vn -0.95210000 -0.30530000 -0.01870000
vn -0.80070000 -0.59900000 0.01450000
vn -0.98610000 0.16460000 0.02350000
vn 1.00000000 -0.00000000 -0.00000000
vn -0.00000000 1.00000000 -0.00000000
vn -0.00000000 -0.00000000 -1.00000000
vn -0.00000000 -0.00000000 -1.00000000
vn -0.00000000 -1.00000000 -0.00000000
vn -1.00000000 -0.00000000 -0.00000000
vn -0.80070000 -0.59900000 0.01450000
vn -0.00000000 -0.00000000 -1.00000000
vn -0.31500000 -0.94880000 -0.02210000
vn -0.02430000 -0.99940000 0.02620000
vn -0.00000000 -0.00000000 -1.00000000
vn -0.00000000 1.00000000 -0.00000000
vn -1.00000000 -0.00000000 -0.00000000
vn -0.00000000 -0.00000000 -1.00000000
vn -0.00000000 1.00000000 -0.00000000
vn 1.00000000 -0.00000000 -0.00000000
vn -0.00000000 -0.00000000 -1.00000000
vn -1.00000000 -0.00000000 -0.00000000
vn -0.00000000 1.00000000 -0.00000000
vn -0.00000000 -0.00000000 -1.00000000
vn 1.00000000 -0.00000000 -0.00000000
vn -0.00000000 1.00000000 -0.00000000
vn 1.00000000 -0.00000000 -0.00000000
vn -0.00000000 -0.00000000 -1.00000000
vn -0.00000000 -1.00000000 -0.00000000
vn -0.00000000 -1.00000000 -0.00000000
vn -0.00000000 -0.00000000 -1.00000000
vn 1.00000000 -0.00000000 -0.00000000
vn 1.00000000 -0.00000000 -0.00000000
vn -0.00000000 -0.00000000 -1.00000000
vn -0.00000000 -1.00000000 -0.00000000
vn -0.00000000 1.00000000 -0.00000000
vn -0.00000000 -0.00000000 -1.00000000
vn 1.00000000 -0.00000000 -0.00000000
vn -0.00000000 -0.00000000 -1.00000000
vn -0.00000000 1.00000000 -0.00000000
vn 1.00000000 -0.00000000 -0.00000000
vn -0.00000000 -1.00000000 -0.00000000
vn -0.00000000 -0.00000000 -1.00000000
vn -0.00000000 1.00000000 -0.00000000
vn -1.00000000 -0.00000000 -0.00000000
vn -0.00000000 -1.00000000 -0.00000000
vn -0.00000000 -1.00000000 -0.00000000
vn -0.00000000 -0.00000000 -1.00000000
vn -1.00000000 -0.00000000 -0.00000000
vn -0.00000000 -1.00000000 -0.00000000
vn 1.00000000 -0.00000000 -0.00000000
vn -0.00000000 -0.00000000 -1.00000000
vn 1.00000000 -0.00000000 -0.00000000
vn -0.00000000 -1.00000000 -0.00000000
vn -0.00000000 -0.00000000 -1.00000000
vn -0.00000000 -1.00000000 -0.00000000
vn -1.00000000 -0.00000000 -0.00000000
vn -0.00000000 -0.00000000 -1.00000000
vn -0.00000000 -0.00000000 -1.00000000
vn 0.66240000 0.74920000 0.00680000
vn 0.98580000 -0.16680000 -0.02060000
vn 0.91920000 -0.39260000 0.03090000
vn 0.58810000 0.80840000 0.02640000
vn 0.58810000 0.80840000 0.02640000
vn -0.14110000 0.98960000 -0.02730000
vn -0.60130000 0.79830000 0.03350000
vn -0.00000000 -0.00000000 -1.00000000
vn 0.91920000 -0.39270000 0.03060000
vn 0.63700000 0.77000000 0.03670000
vn 0.91460000 0.40280000 -0.03620000
vn -0.00000000 -0.00000000 -1.00000000
vn -0.00000000 -0.00000000 -1.00000000
vn 0.63700000 0.77000000 0.03670000
vn -0.37150000 0.92820000 0.02320000
vn 0.00110000 0.99970000 -0.02530000
vn -0.00000000 -0.00000000 -1.00000000
vn -1.00000000 -0.00000000 -0.00000000
vn -0.00000000 -1.00000000 -0.00000000
vn -0.97570000 -0.21630000 0.03450000
vn -0.91370000 0.40540000 -0.02930000
vn -0.00000000 -0.00000000 -1.00000000
vn -0.60130000 0.79830000 0.03350000
vn -0.37150000 0.92820000 0.02320000
vn -0.00000000 -0.00000000 -1.00000000
vn -0.98610000 0.16460000 0.02350000
vn -0.79960000 0.60000000 -0.02500000
vn -0.10490000 -0.99410000 0.02790000
vn 0.91920000 -0.39260000 0.03090000
vn 0.16680000 -0.98570000 -0.02330000
vn -0.00000000 -0.00000000 -1.00000000
vn -0.02430000 -0.99940000 0.02620000
vn -0.00000000 -0.00000000 -1.00000000
vn 0.77020000 -0.63730000 -0.02330000
vn 0.91920000 -0.39270000 0.03060000
vn 1.00000000 -0.00000000 -0.00000000
vn -0.00000000 -0.00000000 -1.00000000
vn -0.00000000 1.00000000 -0.00000000
vn -0.00000000 -0.00000000 -1.00000000
vn -0.00000000 1.00000000 -0.00000000
vn -1.00000000 -0.00000000 -0.00000000
vn -1.00000000 -0.00000000 -0.00000000
vn -0.00000000 -1.00000000 -0.00000000
vn -0.00000000 -0.00000000 -1.00000000
vn -1.00000000 -0.00000000 -0.00000000
vn -0.00000000 -0.00000000 1.00000000
vn -0.00000000 -1.00000000 -0.00000000
vn -0.00000000 -1.00000000 -0.00000000
vn -0.00000000 -0.00000000 1.00000000
vn -1.00000000 -0.00000000 -0.00000000
vn -0.00000000 -0.00000000 1.00000000
vn -0.00000000 -1.00000000 -0.00000000
vn 1.00000000 -0.00000000 -0.00000000
vn -0.00000000 -0.00000000 -1.00000000
vn 1.00000000 -0.00000000 -0.00000000
vn -0.00000000 -1.00000000 -0.00000000
vn 1.00000000 -0.00000000 -0.00000000
vn -0.00000000 -0.00000000 1.00000000
vn -0.00000000 -1.00000000 -0.00000000
vn -0.00000000 -1.00000000 -0.00000000
vn -1.00000000 -0.00000000 -0.00000000
vn -0.00000000 -0.00000000 1.00000000
vn -0.00000000 -1.00000000 -0.00000000
vn -1.00000000 -0.00230000 -0.00000000
vn -0.00000000 -0.00000000 1.00000000
vn -0.00000000 -1.00000000 -0.00000000
vn 1.00000000 -0.00380000 -0.00000000
vn -0.00000000 -0.00000000 1.00000000
vn -1.00000000 -0.00230000 -0.00000000
vn -0.00000000 -1.00000000 -0.00000000
vn -0.00000000 -0.97250000 0.23270000
vn -1.00000000 0.00150000 0.00350000
vn 0.00640000 -0.97160000 0.23660000
vn 1.00000000 -0.00380000 -0.00000000
vn 1.00000000 -0.00090000 0.00260000
vn -0.00000000 -1.00000000 -0.00000000
vn -0.00000000 -0.97250000 0.23270000
vn -0.00000000 -1.00000000 -0.00000000
vn -0.00000000 -0.00000000 1.00000000
vn 1.00000000 -0.00000000 -0.00000000
vn -1.00000000 -0.00000000 -0.00000000
vn -0.00000000 -0.00000000 1.00000000
vn -0.00000000 1.00000000 -0.00000000
vn -0.00000000 -0.00000000 1.00000000
vn -0.00000000 -1.00000000 -0.00000000
vn -1.00000000 -0.00000000 -0.00000000
vn -0.00000000 -0.00000000 1.00000000
vn -0.00000000 -1.00000000 -0.00000000
vn -1.00000000 -0.00000000 -0.00000000
vn -1.00000000 -0.00000000 -0.00000000
vn -0.93340000 -0.00000000 0.35890000
vn 0.00120000 1.00000000 0.00180000
vn -0.00000000 1.00000000 -0.00000000
vn -0.00000000 -1.00000000 -0.00000000
vn -1.00000000 -0.00000000 -0.00000000
vn -0.93340000 -0.00000000 0.35890000
vn -0.93170000 -0.00880000 0.36300000
vn 0.00090000 -1.00000000 0.00130000
vn -0.88500000 0.46540000 -0.01330000
vn 0.00220000 0.00240000 1.00000000
vn -0.93170000 -0.00880000 0.36300000
vn 0.00120000 1.00000000 0.00180000
vn 0.00710000 -0.00010000 1.00000000
vn 0.00480000 -0.00150000 1.00000000
vn -0.93340000 -0.00000000 0.35890000
vn 0.00560000 0.00030000 1.00000000
vn -0.93170000 -0.00880000 0.36300000
vn -0.89730000 -0.44140000 -0.01010000
vn 0.00090000 -1.00000000 0.00130000
vn 0.00710000 -0.00010000 1.00000000
vn 0.00580000 -0.00010000 1.00000000
vn -0.91100000 -0.41240000 -0.00380000
vn -0.89730000 -0.44140000 -0.01010000
vn -0.00000000 -1.00000000 -0.00000000
vn 0.00090000 -1.00000000 0.00130000
vn -0.00000000 -0.00000000 1.00000000
vn -0.98800000 0.12090000 -0.09600000
vn -0.79730000 0.60220000 -0.04170000
vn -0.82120000 0.55660000 0.12590000
vn -0.00000000 -0.00000000 1.00000000
vn -0.00000000 -0.00000000 1.00000000
vn -0.50720000 0.86080000 -0.04180000
vn -0.79730000 0.60220000 -0.04170000
vn -0.00000000 -1.00000000 -0.00000000
vn 1.00000000 -0.00000000 -0.00000000
vn -0.00000000 -0.00000000 1.00000000
vn 0.36880000 -0.92920000 -0.02530000
vn -0.00000000 -0.00000000 1.00000000
vn 0.74320000 -0.66860000 -0.02500000
vn -0.00000000 -0.00000000 1.00000000
vn -0.59390000 0.80450000 0.00340000
vn -0.60950000 0.79280000 -0.00100000
vn -0.01630000 0.99990000 -0.00100000
vn 0.69520000 0.00020000 0.71880000
vn -0.00000000 -1.00000000 -0.00000000
vn 0.69640000 -0.00000000 0.71770000
vn -0.00000000 -0.00000000 1.00000000
vn 0.69590000 0.00020000 0.71820000
vn 0.69590000 -0.00000000 0.71810000
vn -0.22550000 0.97420000 0.00880000
vn -0.27780000 0.96060000 -0.00340000
vn -0.00000000 -0.00000000 1.00000000
vn -0.59390000 0.80450000 0.00340000
vn -0.00000000 -0.00000000 1.00000000
vn 0.61590000 0.77650000 -0.13310000
vn 0.88580000 0.46270000 0.03510000
vn -0.00000000 -0.00000000 1.00000000
vn -0.72340000 -0.69040000 0.00420000
vn -0.89730000 -0.44140000 -0.01010000
vn -0.91100000 -0.41240000 -0.00380000
vn 0.00580000 -0.00010000 1.00000000
vn -0.72340000 -0.69040000 0.00420000
vn -0.70450000 -0.70970000 -0.00210000
vn -0.00030000 0.00330000 1.00000000
vn -0.00000000 -0.00000000 1.00000000
vn -0.51090000 -0.85960000 0.00160000
vn -0.00000000 -0.00000000 1.00000000
vn 0.29210000 0.93730000 -0.19010000
vn 0.52260000 0.81440000 0.25210000
vn -0.00030000 0.00330000 1.00000000
vn 0.61590000 0.77650000 -0.13310000
vn 0.00120000 0.00380000 1.00000000
vn -0.99590000 0.07580000 0.04870000
vn -0.98800000 0.12090000 -0.09600000
vn -0.94440000 -0.32540000 -0.04730000
vn -0.00000000 -0.00000000 1.00000000
vn -0.47980000 -0.87740000 -0.00590000
vn -0.00030000 0.00330000 1.00000000
vn 0.00640000 -0.97160000 0.23660000
vn -1.00000000 0.00150000 0.00350000
vn -0.00000000 -0.97250000 0.23270000
vn 0.00030000 0.00510000 1.00000000
vn -0.51090000 -0.85960000 0.00160000
vn 0.00120000 0.00380000 1.00000000
vn 0.00010000 0.00620000 1.00000000
vn -0.00000000 -0.00000000 1.00000000
vn 0.00870000 -0.97590000 -0.21810000
vn 0.28100000 -0.93590000 0.21270000
vn 0.36880000 -0.92920000 -0.02530000
vn -0.22550000 0.97420000 0.00880000
vn -0.00000000 -0.00000000 1.00000000
vn 0.22540000 0.97410000 0.01480000
vn 0.07770000 0.99690000 -0.01170000
vn 0.99540000 0.09250000 0.02440000
vn 0.99470000 0.06040000 -0.08360000
vn -0.00000000 -0.00000000 1.00000000
vn 0.88580000 0.46270000 0.03510000
vn 0.00580000 -0.00010000 1.00000000
vn 0.88510000 0.46480000 0.02410000
vn 0.00560000 0.00030000 1.00000000
vn 0.29210000 0.93730000 -0.19010000
vn 0.07410000 0.97960000 0.18660000
vn 0.01200000 0.99960000 -0.02440000
vn 0.00120000 0.00380000 1.00000000
vn 0.00010000 0.00620000 1.00000000
vn 0.00870000 -0.97590000 -0.21810000
vn -0.00000000 -0.00000000 1.00000000
vn -0.30420000 -0.92400000 0.23150000
vn -0.41550000 -0.90750000 -0.06140000
vn 0.00480000 -0.00150000 1.00000000
vn 0.00560000 0.00030000 1.00000000
vn 0.00710000 -0.00010000 1.00000000
vn 0.93730000 -0.29670000 -0.18280000
vn 0.99470000 0.06040000 -0.08360000
vn 0.97110000 -0.21230000 0.10930000
vn 0.01200000 0.99960000 -0.02440000
vn -0.00090000 0.00230000 1.00000000
vn -0.36500000 0.93070000 -0.02410000
vn 0.00010000 0.00620000 1.00000000
vn 0.00030000 0.00510000 1.00000000
vn 0.59390000 0.80450000 0.01020000
vn -0.00000000 -0.00000000 1.00000000
vn 0.22540000 0.97410000 0.01480000
vn 0.43920000 0.89830000 -0.01130000
vn -0.70280000 -0.71070000 -0.03210000
vn -0.00000000 -0.00000000 1.00000000
vn -0.41550000 -0.90750000 -0.06140000
vn 0.00030000 0.00510000 1.00000000
vn 0.00640000 -0.97160000 0.23660000
vn 1.00000000 -0.00090000 0.00260000
vn 0.00020000 0.00150000 1.00000000
vn 0.52110000 -0.85350000 -0.00200000
vn -0.00090000 0.00230000 1.00000000
vn 0.93730000 -0.29670000 -0.18280000
vn 0.00480000 -0.00150000 1.00000000
vn 0.00220000 0.00240000 1.00000000
vn 0.72540000 -0.66850000 -0.16420000
vn -0.00000000 -0.00000000 1.00000000
vn 0.67160000 0.74090000 -0.00250000
vn -0.00000000 -0.00000000 1.00000000
vn 0.01630000 0.99990000 -0.00130000
vn 0.59390000 0.80450000 0.01020000
vn 0.00020000 0.00150000 1.00000000
vn -0.36500000 0.93070000 -0.02410000
vn -0.73390000 0.62950000 -0.25500000
vn -0.00090000 0.00230000 1.00000000
vn -0.61440000 0.76690000 0.18550000
vn -0.00000000 -0.00000000 1.00000000
vn -0.34430000 0.93130000 -0.11900000
vn -0.70280000 -0.71070000 -0.03210000
vn -0.00000000 -0.00000000 1.00000000
vn -0.94440000 -0.32540000 -0.04730000
vn -0.72690000 -0.68230000 0.07780000
vn -0.94140000 -0.33700000 -0.01140000
vn -0.00000000 1.00000000 -0.00000000
vn -0.00000000 -0.00000000 1.00000000
vn 0.69590000 -0.00010000 0.71820000
vn 0.69590000 -0.00000000 0.71820000
vn 0.69640000 -0.00000000 0.71770000
vn 0.01630000 0.99990000 -0.00130000
vn 0.69580000 -0.00010000 0.71820000
vn -0.00000000 -0.00000000 1.00000000
vn -0.88500000 0.46540000 -0.01330000
vn -0.76150000 0.64810000 0.00320000
vn 0.00220000 0.00240000 1.00000000
vn -0.90940000 0.41600000 -0.00320000
vn -1.00000000 -0.00000000 -0.00000000
vn -0.00000000 -0.00000000 1.00000000
vn -0.00000000 -1.00000000 -0.00000000
vn -1.00000000 -0.00000000 -0.00000000
vn -0.75010000 0.66130000 -0.00000000
vn -0.76150000 0.64810000 0.00320000
vn -0.00000000 -0.00000000 1.00000000
vn -0.00000000 -0.00000000 1.00000000
vn 0.98630000 -0.15360000 -0.06010000
vn 0.89350000 0.38770000 -0.22670000
vn 0.98480000 -0.06610000 0.16070000
vn -0.00000000 -0.00000000 1.00000000
vn 0.98630000 -0.15360000 -0.06010000
vn 0.74310000 -0.64960000 -0.16070000
vn 0.80600000 -0.58880000 0.06010000
vn -0.00000000 -0.00000000 1.00000000
vn 0.75010000 0.66140000 -0.00000000
vn 1.00000000 -0.00000000 -0.00000000
vn -0.78740000 -0.59050000 -0.17710000
vn -0.00000000 -0.00000000 1.00000000
vn -0.90290000 -0.39270000 0.17460000
vn -0.96270000 -0.09390000 -0.25380000
vn -0.00000000 -0.00000000 1.00000000
vn -0.00370000 0.00100000 1.00000000
vn 0.00020000 0.00150000 1.00000000
vn 0.83560000 -0.54890000 0.02170000
vn 0.71980000 -0.69410000 -0.01160000
vn 0.49390000 -0.86950000 0.00690000
vn 0.52110000 -0.85350000 -0.00200000
vn 0.44160000 -0.88670000 -0.13700000
vn 0.72540000 -0.66850000 -0.16420000
vn 0.53520000 -0.83070000 0.15310000
vn -0.00000000 -0.00000000 1.00000000
vn -0.00370000 0.00100000 1.00000000
vn -0.83900000 0.49750000 0.22020000
vn -0.00350000 0.00080000 1.00000000
vn -0.93560000 0.22250000 -0.27410000
vn -0.00000000 -0.00000000 1.00000000
vn -0.73390000 0.62950000 -0.25500000
vn -0.00770000 -0.00050000 1.00000000
vn 0.93030000 0.01170000 0.36660000
vn 0.93250000 -0.00000000 0.36110000
vn 0.91300000 -0.40770000 -0.01270000
vn 0.00020000 -1.00000000 -0.00020000
vn -0.00350000 0.00080000 1.00000000
vn 0.83560000 -0.54890000 0.02170000
vn -0.00370000 0.00100000 1.00000000
vn -0.00770000 -0.00050000 1.00000000
vn -0.93560000 0.22250000 -0.27410000
vn -0.97590000 0.09510000 0.19630000
vn -0.95900000 -0.26550000 -0.09930000
vn -0.00510000 -0.00130000 1.00000000
vn -0.96750000 -0.25180000 -0.02400000
vn -0.00350000 0.00080000 1.00000000
vn 0.39490000 0.86970000 -0.29610000
vn 0.51620000 0.85410000 0.06370000
vn -0.00000000 -0.00000000 1.00000000
vn 0.84100000 0.52020000 0.14850000
vn 0.89350000 0.38770000 -0.22670000
vn 0.44160000 -0.88670000 -0.13700000
vn 0.12940000 -0.98880000 -0.07500000
vn -0.00000000 -0.00000000 1.00000000
vn 0.18280000 -0.97800000 0.10090000
vn 0.39490000 0.86970000 -0.29610000
vn -0.30450000 0.92440000 -0.22970000
vn -0.11040000 0.96190000 0.25030000
vn -0.00000000 -0.00000000 1.00000000
vn -0.17820000 -0.97900000 0.09880000
vn 0.12940000 -0.98880000 -0.07500000
vn -0.00000000 -0.00000000 1.00000000
vn -0.21950000 -0.97480000 -0.04050000
vn -0.00360000 0.00140000 1.00000000
vn 0.91650000 0.40000000 -0.00700000
vn 0.89530000 0.44540000 0.00240000
vn -0.00510000 -0.00130000 1.00000000
vn 0.93030000 0.01170000 0.36660000
vn -0.00120000 1.00000000 0.00180000
vn -0.00770000 -0.00050000 1.00000000
vn -0.00000000 -0.00000000 1.00000000
vn -0.96750000 -0.25180000 -0.02400000
vn -0.78320000 -0.62130000 -0.02410000
vn -0.00360000 0.00140000 1.00000000
vn -0.00510000 -0.00130000 1.00000000
vn -0.64230000 0.73470000 0.21850000
vn -0.00000000 -0.00000000 1.00000000
vn -0.77960000 0.56560000 -0.26900000
vn -0.30450000 0.92440000 -0.22970000
vn -0.21950000 -0.97480000 -0.04050000
vn -0.49330000 -0.86890000 -0.04050000
vn -0.00000000 -0.00000000 1.00000000
vn -0.00000000 -0.00000000 1.00000000
vn 0.75010000 0.66140000 -0.00000000
vn 0.89530000 0.44540000 0.00240000
vn 0.76150000 0.64810000 -0.00320000
vn -0.00360000 0.00140000 1.00000000
vn -0.00000000 -0.00000000 1.00000000
vn -0.78320000 -0.62130000 -0.02410000
vn -0.49330000 -0.86890000 -0.04050000
vn -0.52040000 -0.85060000 0.07500000
vn -0.78220000 -0.62280000 -0.01630000
vn -0.00000000 -0.00000000 1.00000000
vn 0.18770000 -0.95160000 -0.24350000
vn 0.39070000 -0.89830000 0.20090000
vn 0.74310000 -0.64960000 -0.16070000
vn -0.96270000 -0.09390000 -0.25380000
vn -0.00000000 -0.00000000 1.00000000
vn -0.92880000 0.17690000 0.32580000
vn -0.77960000 0.56560000 -0.26900000
vn 0.39620000 0.91780000 -0.02530000
vn 0.44420000 0.88570000 0.13500000
vn 0.69230000 0.70470000 -0.15510000
vn -0.00000000 -0.00000000 1.00000000
vn 0.69230000 0.70470000 -0.15510000
vn -0.00000000 -0.00000000 1.00000000
vn 0.79160000 0.59300000 0.14750000
vn 0.95070000 0.30310000 -0.06500000
vn 0.95100000 0.29260000 -0.10000000
vn -0.00000000 -0.00000000 1.00000000
vn -0.69590000 -0.00000000 0.71820000
vn -0.69590000 0.00010000 0.71820000
vn -0.00000000 -1.00000000 -0.00000000
vn -0.69590000 -0.00000000 0.71810000
vn -0.69520000 0.00020000 0.71880000
vn -0.69640000 -0.00000000 0.71770000
vn -0.05280000 0.99830000 -0.02500000
vn -0.00000000 -0.00000000 1.00000000
vn 0.39620000 0.91780000 -0.02530000
vn 0.98220000 -0.17640000 0.06480000
vn -0.00000000 -0.00000000 1.00000000
vn 0.95070000 0.30310000 -0.06500000
vn 0.97490000 -0.21290000 -0.06490000
vn -0.36080000 -0.91620000 -0.17450000
vn 0.18770000 -0.95160000 -0.24350000
vn -0.13930000 -0.97430000 0.17700000
vn -0.00000000 -0.00000000 1.00000000
vn -0.05490000 0.99830000 -0.01730000
vn -0.47090000 0.87870000 0.07780000
vn -0.50720000 0.86080000 -0.04180000
vn -0.05280000 0.99830000 -0.02500000
vn -0.00000000 -0.00000000 1.00000000
vn -0.00000000 -0.00000000 1.00000000
vn -0.36080000 -0.91620000 -0.17450000
vn -0.58440000 -0.78930000 0.18830000
vn -0.78740000 -0.59050000 -0.17710000
vn -0.01630000 0.99990000 -0.00100000
vn -0.00000000 -0.00000000 1.00000000
vn -0.69590000 -0.00020000 0.71820000
vn -0.69580000 -0.00010000 0.71820000
vn -0.69640000 -0.00000000 0.71770000
vn -0.69590000 -0.00000000 0.71810000
vn -0.00020000 1.00000000 0.00020000
vn -0.00000000 -0.00000000 1.00000000
vn 0.97490000 -0.21290000 -0.06490000
vn 0.74320000 -0.66860000 -0.02500000
vn 0.75840000 -0.64830000 0.06650000
vn 0.93030000 0.01170000 0.36660000
vn 1.00000000 -0.00000000 -0.00000000
vn -0.00120000 1.00000000 0.00180000
vn 0.93250000 -0.00000000 0.36110000
vn -0.00000000 1.00000000 -0.00000000
vn 0.93250000 -0.00000000 0.36110000
vn -0.00000000 -1.00000000 -0.00000000
vn 1.00000000 -0.00000000 -0.00000000
vn 0.00020000 -1.00000000 -0.00020000
vn -0.00000000 1.00000000 -0.00000000
vn -0.00000000 -0.00000000 1.00000000
vn 1.00000000 -0.00000000 -0.00000000
vn 0.91650000 0.40000000 -0.00700000
vn -0.00120000 1.00000000 0.00180000
vn -0.00000000 -0.00000000 1.00000000
vn -0.00000000 1.00000000 -0.00000000
vn 0.89530000 0.44540000 0.00240000
vn -0.00000000 -0.00000000 1.00000000
vn 0.76150000 0.64810000 -0.00320000
vn 0.91650000 0.40000000 -0.00700000
vn -0.00000000 -0.00000000 1.00000000
vn 1.00000000 -0.00000000 -0.00000000
vn 0.76150000 0.64810000 -0.00320000
vn 0.75010000 0.66140000 -0.00000000
vn 1.00000000 -0.00000000 -0.00000000
vn -0.00000000 -1.00000000 -0.00000000
vn -0.00000000 -0.00000000 1.00000000
vn 1.00000000 -0.00000000 -0.00000000
vn -0.00000000 -1.00000000 -0.00000000
vn -0.00000000 -0.00000000 1.00000000
vn -0.00000000 -1.00000000 -0.00000000
vn 0.69590000 0.00020000 0.71820000
vn 1.00000000 -0.00000000 -0.00000000
vn 0.69590000 -0.00000000 0.71820000
vn 0.69580000 -0.00010000 0.71820000
vn 0.69520000 0.00020000 0.71880000
vn 0.69580000 -0.00010000 0.71820000
vn 0.69640000 -0.00000000 0.71770000
vn -0.92470000 0.08670000 0.37070000
vn -0.98410000 -0.03360000 -0.17440000
vn -0.88810000 0.42350000 -0.17850000
vn 0.69610000 -0.00010000 0.71800000
vn 0.69580000 0.00010000 0.71820000
vn 0.99020000 0.13950000 -0.00650000
vn 0.99090000 0.13420000 -0.00820000
vn 0.79470000 0.60670000 0.02040000
vn 0.64070000 0.76720000 -0.02970000
vn 0.69610000 -0.00010000 0.71800000
vn 0.69580000 0.00010000 0.71820000
vn 1.00000000 -0.00000000 -0.00000000
vn 0.69590000 -0.00010000 0.71820000
vn 0.69590000 -0.00000000 0.71820000
vn -0.00000000 1.00000000 -0.00000000
vn 0.36580000 0.93040000 0.02350000
vn 0.64070000 0.76720000 -0.02970000
vn 0.69580000 0.00010000 0.71820000
vn 0.13440000 0.99060000 -0.02580000
vn 0.69590000 -0.00000000 0.71820000
vn 0.90560000 -0.42400000 0.01180000
vn 0.69590000 -0.00000000 0.71820000
vn 0.99090000 0.13420000 -0.00820000
vn 0.85940000 -0.51100000 -0.01700000
vn 0.69610000 -0.00010000 0.71800000
vn 0.69520000 0.00020000 0.71880000
vn 0.69590000 -0.00000000 0.71810000
vn -0.98410000 -0.03360000 -0.17440000
vn -0.85540000 -0.51740000 -0.02440000
vn -0.39850000 -0.91410000 -0.07520000
vn -0.85540000 -0.51740000 -0.02440000
vn 0.69590000 -0.00000000 0.71810000
vn -0.80370000 -0.58610000 0.10270000
vn -0.19390000 -0.98040000 0.03570000
vn 0.29430000 -0.95530000 -0.02800000
vn -0.39850000 -0.91410000 -0.07520000
vn 0.69580000 -0.00010000 0.71820000
vn 0.69590000 0.00020000 0.71820000
vn 0.69590000 -0.00000000 0.71810000
vn 0.69590000 -0.00000000 0.71820000
vn -0.19760000 0.97940000 0.04220000
vn 0.69590000 -0.00010000 0.71820000
vn 0.13440000 0.99060000 -0.02580000
vn -0.41730000 0.90620000 -0.06840000
vn 0.69580000 -0.00010000 0.71820000
vn 0.29430000 -0.95530000 -0.02800000
vn 0.69590000 -0.00000000 0.71820000
vn 0.42480000 -0.90510000 0.01890000
vn 0.85940000 -0.51100000 -0.01700000
vn -0.77480000 0.62620000 0.08660000
vn -0.88810000 0.42350000 -0.17850000
vn 0.69580000 -0.00010000 0.71820000
vn 0.69590000 -0.00000000 0.71820000
vn -0.41730000 0.90620000 -0.06840000
vn 0.67160000 0.74090000 -0.00250000
vn -0.00000000 1.00000000 -0.00000000
vn -0.00000000 -0.00000000 1.00000000
vn 0.01630000 0.99990000 -0.00130000
vn -0.00000000 -0.00000000 1.00000000
vn 1.00000000 -0.00000000 -0.00000000
vn -0.00000000 1.00000000 -0.00000000
vn -0.00000000 -0.00000000 1.00000000
vn 0.59390000 0.80450000 0.01020000
vn 0.67160000 0.74090000 -0.00250000
vn 0.43920000 0.89830000 -0.01130000
vn -0.00000000 -0.00000000 1.00000000
vn 0.43920000 0.89830000 -0.01130000
vn 0.07770000 0.99690000 -0.01170000
vn 0.22540000 0.97410000 0.01480000
vn -0.27780000 0.96060000 -0.00340000
vn -0.22550000 0.97420000 0.00880000
vn 0.07770000 0.99690000 -0.01170000
vn -0.00000000 -0.00000000 1.00000000
vn -0.00000000 -0.00000000 1.00000000
vn -0.59390000 0.80450000 0.00340000
vn -0.60950000 0.79280000 -0.00100000
vn -0.27780000 0.96060000 -0.00340000
vn -0.60950000 0.79280000 -0.00100000
vn -0.00000000 -0.00000000 1.00000000
vn -0.01630000 0.99990000 -0.00100000
vn -0.00020000 1.00000000 0.00020000
vn -0.00030000 1.00000000 -0.00000000
vn -0.00000000 -0.00000000 1.00000000
vn -0.00030000 1.00000000 -0.00000000
vn -1.00000000 -0.00000000 -0.00000000
vn -0.69580000 0.00010000 0.71820000
vn -0.00030000 1.00000000 -0.00000000
vn -0.69590000 -0.00020000 0.71820000
vn -0.69590000 -0.00000000 0.71820000
vn -0.00020000 1.00000000 0.00020000
vn -1.00000000 -0.00000000 -0.00000000
vn -0.69600000 -0.00000000 0.71800000
vn -0.85940000 0.51100000 -0.01690000
vn -0.69590000 -0.00000000 0.71820000
vn -0.99090000 -0.13420000 -0.00820000
vn -0.90560000 0.42400000 0.01180000
vn 0.39850000 0.91410000 -0.07520000
vn 0.77480000 0.62620000 0.08670000
vn -0.69580000 -0.00010000 0.71820000
vn 0.88820000 0.42350000 -0.17850000
vn -0.69590000 -0.00000000 0.71810000
vn -0.69640000 -0.00000000 0.71770000
vn 0.98410000 -0.03360000 -0.17440000
vn 0.88820000 0.42350000 -0.17850000
vn 0.92470000 0.08670000 0.37080000
vn -0.69580000 -0.00010000 0.71820000
vn -0.69520000 0.00020000 0.71880000
vn 0.39850000 0.91410000 -0.07520000
vn -0.69590000 -0.00020000 0.71820000
vn -0.69590000 -0.00000000 0.71810000
vn -0.69580000 0.00010000 0.71820000
vn -0.29430000 0.95530000 -0.02800000
vn 0.19400000 0.98040000 0.03570000
vn -0.69590000 0.00010000 0.71820000
vn -1.00000000 -0.00000000 -0.00000000
vn -0.00000000 -1.00000000 -0.00000000
vn -0.69580000 -0.00010000 0.71820000
vn -0.69600000 -0.00000000 0.71800000
vn -0.69590000 -0.00000000 0.71820000
vn -0.69580000 -0.00010000 0.71820000
vn -0.64070000 -0.76720000 -0.02970000
vn -0.13440000 -0.99060000 -0.02580000
vn -0.36580000 -0.93040000 0.02350000
vn -0.79470000 -0.60670000 0.02040000
vn -0.99020000 -0.13950000 -0.00650000
vn -0.64070000 -0.76720000 -0.02970000
vn -0.99090000 -0.13420000 -0.00820000
vn -0.69600000 -0.00000000 0.71800000
vn -0.69580000 -0.00010000 0.71820000
vn 0.19760000 -0.97940000 0.04220000
vn 0.41720000 -0.90620000 -0.06840000
vn -0.69590000 -0.00000000 0.71820000
vn -0.69580000 -0.00010000 0.71820000
vn -0.13440000 -0.99060000 -0.02580000
vn -0.69590000 0.00010000 0.71820000
vn 0.98410000 -0.03360000 -0.17440000
vn 0.85540000 -0.51730000 -0.02450000
vn -0.69590000 -0.00000000 0.71810000
vn -0.69520000 0.00020000 0.71880000
vn 0.85540000 -0.51730000 -0.02450000
vn 0.80370000 -0.58610000 0.10280000
vn -0.69590000 -0.00000000 0.71820000
vn 0.41720000 -0.90620000 -0.06840000
vn -0.69590000 -0.00000000 0.71810000
vn -0.69580000 0.00010000 0.71820000
vn -0.69590000 -0.00000000 0.71820000
vn -0.42480000 0.90510000 0.01890000
vn -0.85940000 0.51100000 -0.01690000
vn -0.29430000 0.95530000 -0.02800000
vn -1.00000000 -0.00000000 -0.00000000
vn -0.00000000 -1.00000000 -0.00000000
vn -0.00000000 -0.00000000 1.00000000
vn -1.00000000 -0.00000000 -0.00000000
vn -0.00000000 -0.00000000 1.00000000
vn -0.00000000 -1.00000000 -0.00000000
vn -0.75010000 0.66130000 -0.00000000
vn -0.00000000 -0.00000000 1.00000000
vn -1.00000000 -0.00000000 -0.00000000
vn -0.90940000 0.41600000 -0.00320000
vn -0.75010000 0.66130000 -0.00000000
vn -0.00000000 -0.00000000 1.00000000
vn -0.76150000 0.64810000 0.00320000
vn -0.00000000 -0.00000000 1.00000000
vn -0.90940000 0.41600000 -0.00320000
vn 0.00120000 1.00000000 0.00180000
vn -0.88500000 0.46540000 -0.01330000
vn -0.00000000 1.00000000 -0.00000000
vn -0.00000000 -1.00000000 -0.00000000
vn -1.00000000 -0.00000000 -0.00000000
vn -0.00000000 -0.00000000 1.00000000
vn -0.00000000 1.00000000 -0.00000000
vn -0.00000000 -0.00000000 1.00000000
vn -1.00000000 -0.00000000 -0.00000000
vn -0.00000000 -0.00000000 1.00000000
vn -1.00000000 -0.00000000 -0.00000000
vn -0.00000000 1.00000000 -0.00000000
vn -0.00000000 -1.00000000 -0.00000000
vn -0.00000000 -0.00000000 1.00000000
vn -1.00000000 -0.00000000 -0.00000000
vn -0.00000000 1.00000000 -0.00000000
vn 1.00000000 -0.00000000 -0.00000000
vn -0.00000000 -0.00000000 1.00000000
vn -0.00000000 -0.00000000 -1.00000000
vn -1.00000000 -0.00000000 -0.00000000
vn -0.00000000 1.00000000 -0.00000000
vn -0.00000000 -0.00000000 1.00000000
vn -1.00000000 -0.00000000 -0.00000000
vn -0.00000000 1.00000000 -0.00000000
vn 1.00000000 -0.00000000 -0.00000000
vn -0.00000000 1.00000000 -0.00000000
vn -0.00000000 -0.00000000 -1.00000000
vn -0.00000000 -0.00000000 1.00000000
vn -0.00000000 1.00000000 -0.00000000
vn 1.00000000 -0.00000000 -0.00000000
vn -0.00000000 -0.00000000 1.00000000
vn -0.00000000 1.00000000 -0.00000000
vn 1.00000000 -0.00000000 -0.00000000
vn -0.00000000 -1.00000000 -0.00000000
vn -0.00000000 -0.00000000 1.00000000
vn 1.00000000 -0.00000000 -0.00000000
vn -0.00000000 -1.00000000 -0.00000000
vn 1.00000000 -0.00000000 -0.00000000
vn -0.00000000 -0.00000000 1.00000000
vn -0.00000000 -0.00000000 1.00000000
vn 1.00000000 -0.00000000 -0.00000000
vn -0.00000000 1.00000000 -0.00000000
vn -0.00000000 -1.00000000 -0.00000000
vn -0.00000000 -0.00000000 1.00000000
vn 1.00000000 -0.00000000 -0.00000000
vn -0.00000000 -0.00000000 1.00000000
vn 0.63700000 0.77000000 0.03670000
vn 0.91460000 0.40280000 -0.03620000
vn 0.00110000 0.99970000 -0.02530000
vn 0.91920000 -0.39270000 0.03060000
vn -0.00000000 -0.00000000 1.00000000
vn 0.77020000 -0.63730000 -0.02330000
vn 0.91460000 0.40280000 -0.03620000
vn -0.79960000 0.60000000 -0.02500000
vn -0.37150000 0.92820000 0.02320000
vn 0.00110000 0.99970000 -0.02530000
vn -0.00000000 -0.00000000 1.00000000
vn -0.00000000 -0.00000000 1.00000000
vn -0.98610000 0.16460000 0.02350000
vn -0.95210000 -0.30530000 -0.01870000
vn -0.79960000 0.60000000 -0.02500000
vn -0.00000000 -0.00000000 1.00000000
vn -0.02430000 -0.99940000 0.02620000
vn 0.77020000 -0.63730000 -0.02330000
vn -0.31500000 -0.94880000 -0.02210000
vn -0.31500000 -0.94880000 -0.02210000
vn -0.95210000 -0.30530000 -0.01870000
vn -0.80070000 -0.59900000 0.01450000
vn -0.00000000 -0.00000000 1.00000000
vn -0.00000000 -1.00000000 -0.00000000
vn 1.00000000 -0.00000000 -0.00000000
vn -0.00000000 -0.00000000 1.00000000
vn -0.00000000 -1.00000000 -0.00000000
vn 1.00000000 -0.00000000 -0.00000000
vn -0.00000000 -0.00000000 1.00000000
vn -0.00000000 -0.00000000 1.00000000
vn 0.49390000 -0.86950000 0.00690000
vn 0.71980000 -0.69410000 -0.01160000
vn -0.00000000 -0.00000000 1.00000000
vn 0.91300000 -0.40770000 -0.01270000
vn 0.71980000 -0.69410000 -0.01160000
vn 0.83560000 -0.54890000 0.02170000
vn -0.00000000 -0.00000000 1.00000000
vn 1.00000000 -0.00090000 0.00260000
vn 1.00000000 -0.00380000 -0.00000000
vn 0.49390000 -0.86950000 0.00690000
vn 0.52110000 -0.85350000 -0.00200000
vn 0.91300000 -0.40770000 -0.01270000
vn 0.00020000 -1.00000000 -0.00020000
vn -0.00000000 -0.00000000 1.00000000
vn -0.00000000 -1.00000000 -0.00000000
vn -1.00000000 -0.00230000 -0.00000000
vn -0.47980000 -0.87740000 -0.00590000
vn -0.00000000 -0.00000000 1.00000000
vn -1.00000000 0.00150000 0.00350000
vn -0.47980000 -0.87740000 -0.00590000
vn -0.51090000 -0.85960000 0.00160000
vn -0.00000000 -0.00000000 1.00000000
vn -0.70450000 -0.70970000 -0.00210000
vn -0.70450000 -0.70970000 -0.00210000
vn -0.00000000 -0.00000000 1.00000000
vn -0.72340000 -0.69040000 0.00420000
vn -0.91100000 -0.41240000 -0.00380000
vn -0.00000000 -0.00000000 -1.00000000
vn -1.00000000 -0.00000000 -0.00000000
vn -0.00000000 1.00000000 -0.00000000
vn -0.00000000 -0.00000000 -1.00000000
vn 1.00000000 -0.00000000 -0.00000000
vn -0.00000000 1.00000000 -0.00000000
vn 1.00000000 -0.00000000 -0.00000000
vn -0.00000000 -0.00000000 1.00000000
vn -0.00000000 1.00000000 -0.00000000
vn -0.00000000 -0.00000000 1.00000000
vn -1.00000000 -0.00000000 -0.00000000
vn -0.00000000 1.00000000 -0.00000000
vn -0.00000000 1.00000000 -0.00000000
vn -1.00000000 -0.00000000 -0.00000000
vn -0.00000000 -0.00000000 -1.00000000
vn -1.00000000 -0.00000000 -0.00000000
vn -0.00000000 -0.00000000 1.00000000
vn -0.00000000 1.00000000 -0.00000000
vn -0.00000000 1.00000000 -0.00000000
vn -0.00000000 -0.00000000 1.00000000
vn 1.00000000 -0.00000000 -0.00000000
vn 1.00000000 -0.00000000 -0.00000000
vn -0.00000000 -0.00000000 -1.00000000
vn -0.00000000 1.00000000 -0.00000000
vn -0.00000000 1.00000000 -0.00000000
vn -1.00000000 -0.00000000 -0.00000000
vn -0.00000000 -0.00000000 1.00000000
vn -0.00000000 1.00000000 -0.00000000
vn -0.00000000 -0.00000000 -1.00000000
vn -1.00000000 -0.00000000 -0.00000000
vn -0.00000000 1.00000000 -0.00000000
vn 1.00000000 -0.00000000 -0.00000000
vn -0.00000000 -0.00000000 1.00000000
vn -0.00000000 -0.00000000 -1.00000000
vn 1.00000000 -0.00000000 -0.00000000
vn -0.00000000 1.00000000 -0.00000000
vn -0.00000000 -1.00000000 -0.00000000
vn -0.00000000 -0.00000000 1.00000000
vn -1.00000000 -0.00000000 -0.00000000
vn -1.00000000 -0.00000000 -0.00000000
vn -0.00000000 1.00000000 -0.00000000
vn -0.00000000 -0.00000000 1.00000000
vn 0.66240000 0.74920000 0.00680000
vn -0.00000000 -0.00000000 1.00000000
vn -0.14110000 0.98960000 -0.02730000
vn 0.58810000 0.80840000 0.02640000
vn -0.00000000 -0.00000000 1.00000000
vn 0.66240000 0.74920000 0.00680000
vn 0.98580000 -0.16680000 -0.02060000
vn -0.00000000 -0.00000000 1.00000000
vn -0.60130000 0.79830000 0.03350000
vn -0.91370000 0.40540000 -0.02930000
vn -0.14110000 0.98960000 -0.02730000
vn -0.00000000 -0.00000000 1.00000000
vn 0.91920000 -0.39260000 0.03090000
vn 0.98580000 -0.16680000 -0.02060000
vn 0.16680000 -0.98570000 -0.02330000
vn -0.00000000 -0.00000000 1.00000000
vn -0.78570000 -0.61790000 -0.03050000
vn -0.91370000 0.40540000 -0.02930000
vn -0.97570000 -0.21630000 0.03450000
vn -0.00000000 -0.00000000 1.00000000
vn -0.10490000 -0.99410000 0.02790000
vn -0.78570000 -0.61790000 -0.03050000
vn 0.16680000 -0.98570000 -0.02330000
vn -0.42480000 0.90510000 0.01890000
vn -0.00000000 -0.00000000 1.00000000
vn -0.29430000 0.95530000 -0.02800000
vn -0.00010000 -0.00010000 1.00000000
vn 0.19400000 0.98040000 0.03570000
vn -0.42480000 0.90510000 0.01890000
vn -0.85940000 0.51100000 -0.01690000
vn -0.90560000 0.42400000 0.01180000
vn -0.00000000 -0.00000000 1.00000000
vn -0.00000000 -0.00000000 1.00000000
vn -0.99090000 -0.13420000 -0.00820000
vn -0.90560000 0.42400000 0.01180000
vn -0.99020000 -0.13950000 -0.00650000
vn -0.99020000 -0.13950000 -0.00650000
vn -0.79470000 -0.60670000 0.02040000
vn -0.00000000 -0.00000000 1.00000000
vn -0.00000000 -0.00000000 1.00000000
vn -0.79470000 -0.60670000 0.02040000
vn -0.64070000 -0.76720000 -0.02970000
vn -0.36580000 -0.93040000 0.02350000
vn -0.36580000 -0.93040000 0.02350000
vn -0.00000000 -0.00000000 1.00000000
vn -0.13440000 -0.99060000 -0.02580000
vn -0.00010000 0.00010000 1.00000000
vn 0.19760000 -0.97940000 0.04220000
vn -0.00010000 -0.00010000 1.00000000
vn 0.39850000 0.91410000 -0.07520000
vn 0.77480000 0.62620000 0.08670000
vn 0.19400000 0.98040000 0.03570000
vn 0.80370000 -0.58610000 0.10280000
vn -0.00010000 0.00010000 1.00000000
vn 0.00020000 0.00010000 1.00000000
vn 0.41720000 -0.90620000 -0.06840000
vn 0.19760000 -0.97940000 0.04220000
vn 0.85540000 -0.51730000 -0.02450000
vn 0.80370000 -0.58610000 0.10280000
vn 0.00020000 0.00010000 1.00000000
vn 0.98410000 -0.03360000 -0.17440000
vn 0.92470000 0.08670000 0.37080000
vn 0.00030000 -0.00010000 1.00000000
vn 0.00030000 -0.00020000 1.00000000
vn 0.92470000 0.08670000 0.37080000
vn -0.00010000 -0.00000000 1.00000000
vn -0.00010000 -0.00010000 1.00000000
vn 0.77480000 0.62620000 0.08670000
vn 0.88820000 0.42350000 -0.17850000
vn 0.00030000 -0.00020000 1.00000000
vn -0.98110000 -0.19350000 -0.00620000
vn -0.93040000 0.36640000 -0.01120000
vn 0.00030000 -0.00020000 1.00000000
vn -0.00010000 -0.00000000 1.00000000
vn 0.00030000 -0.00010000 1.00000000
vn 0.05640000 -0.99840000 -0.00760000
vn 0.11400000 -0.99350000 0.00470000
vn -0.00000000 -0.00000000 1.00000000
vn 0.62190000 -0.78310000 -0.00470000
vn -0.00010000 -0.00010000 1.00000000
vn -0.55350000 -0.83280000 0.00780000
vn -0.62660000 -0.77920000 -0.01230000
vn -0.00000000 -0.00000000 1.00000000
vn 0.05640000 -0.99840000 -0.00760000
vn 0.62260000 0.78250000 -0.01200000
vn -0.00000000 -0.00000000 1.00000000
vn 0.75280000 0.65810000 0.01490000
vn 0.93260000 0.36070000 -0.01190000
vn 0.18710000 0.98230000 0.01070000
vn 0.62260000 0.78250000 -0.01200000
vn 0.07350000 0.99720000 -0.01070000
vn -0.00000000 -0.00000000 1.00000000
vn -0.00010000 -0.00010000 1.00000000
vn -0.62660000 -0.77920000 -0.01230000
vn -0.00010000 -0.00000000 1.00000000
vn -0.98110000 -0.19350000 -0.00620000
vn -0.95850000 -0.28470000 0.01590000
vn 0.93260000 0.36070000 -0.01190000
vn 0.98800000 0.15390000 0.01190000
vn -0.00000000 -0.00000000 1.00000000
vn 0.97890000 -0.20390000 -0.01570000
vn -0.39880000 0.91700000 0.01200000
vn 0.07350000 0.99720000 -0.01070000
vn -0.00000000 -0.00000000 1.00000000
vn -0.56220000 0.82680000 -0.01590000
vn -0.00010000 0.00010000 1.00000000
vn 0.62730000 -0.77880000 -0.00320000
vn 0.93260000 -0.36070000 0.01070000
vn 0.97890000 -0.20390000 -0.01570000
vn -0.00000000 -0.00000000 1.00000000
vn 0.62190000 -0.78310000 -0.00470000
vn -0.00010000 0.00010000 1.00000000
vn -0.93040000 0.36640000 -0.01120000
vn 0.00020000 0.00010000 1.00000000
vn -0.85570000 0.51710000 0.02060000
vn 0.00030000 -0.00010000 1.00000000
vn -0.56220000 0.82680000 -0.01590000
vn 0.93260000 0.36070000 -0.01190000
vn 0.98800000 0.15390000 0.01190000
vn 0.75280000 0.65810000 0.01490000
vn -0.00000000 -0.00000000 1.00000000
vn -0.00000000 -0.00000000 1.00000000
vn 0.98800000 0.15390000 0.01190000
vn 0.97890000 -0.20390000 -0.01570000
vn 0.93260000 -0.36070000 0.01070000
vn 0.18710000 0.98230000 0.01070000
vn 0.75280000 0.65810000 0.01490000
vn -0.00000000 -0.00000000 1.00000000
vn 0.62260000 0.78250000 -0.01200000
vn 0.07350000 0.99720000 -0.01070000
vn 0.18710000 0.98230000 0.01070000
vn -0.39880000 0.91700000 0.01200000
vn -0.00000000 -0.00000000 1.00000000
vn -0.00000000 -0.00000000 1.00000000
vn -0.56220000 0.82680000 -0.01590000
vn -0.85570000 0.51710000 0.02060000
vn -0.39880000 0.91700000 0.01200000
vn -0.00000000 -0.00000000 1.00000000
vn -0.95850000 -0.28470000 0.01590000
vn -0.98110000 -0.19350000 -0.00620000
vn -0.85570000 0.51710000 0.02060000
vn -0.93040000 0.36640000 -0.01120000
vn -0.95850000 -0.28470000 0.01590000
vn -0.00000000 -0.00000000 1.00000000
vn -0.55350000 -0.83280000 0.00780000
vn -0.62660000 -0.77920000 -0.01230000
vn -0.55350000 -0.83280000 0.00780000
vn 0.11400000 -0.99350000 0.00470000
vn -0.00000000 -0.00000000 1.00000000
vn 0.05640000 -0.99840000 -0.00760000
vn -0.00000000 -0.00000000 1.00000000
vn 0.62730000 -0.77880000 -0.00320000
vn 0.62190000 -0.78310000 -0.00470000
vn 0.11400000 -0.99350000 0.00470000
vn -0.00000000 -0.00000000 1.00000000
vn 0.62730000 -0.77880000 -0.00320000
vn 0.93260000 -0.36070000 0.01070000
vn 0.42480000 -0.90510000 0.01890000
vn -0.00000000 -0.00000000 1.00000000
vn -0.19390000 -0.98040000 0.03570000
vn 0.00010000 -0.00000000 1.00000000
vn 0.29430000 -0.95530000 -0.02800000
vn 0.90560000 -0.42400000 0.01180000
vn -0.00000000 -0.00000000 1.00000000
vn 0.42480000 -0.90510000 0.01890000
vn 0.85940000 -0.51100000 -0.01700000
vn 0.99090000 0.13420000 -0.00820000
vn 0.99020000 0.13950000 -0.00650000
vn 0.90560000 -0.42400000 0.01180000
vn -0.00000000 -0.00000000 1.00000000
vn 0.79470000 0.60670000 0.02040000
vn 0.99020000 0.13950000 -0.00650000
vn -0.00000000 -0.00000000 1.00000000
vn -0.00000000 -0.00000000 1.00000000
vn 0.64070000 0.76720000 -0.02970000
vn 0.79470000 0.60670000 0.02040000
vn 0.36580000 0.93040000 0.02350000
vn -0.00000000 -0.00000000 1.00000000
vn -0.19760000 0.97940000 0.04220000
vn 0.36580000 0.93040000 0.02350000
vn 0.00010000 -0.00010000 1.00000000
vn 0.13440000 0.99060000 -0.02580000
vn -0.39850000 -0.91410000 -0.07520000
vn 0.00010000 0.00010000 1.00000000
vn 0.00010000 -0.00000000 1.00000000
vn -0.00010000 0.00010000 1.00000000
vn -0.80370000 -0.58610000 0.10270000
vn -0.19390000 -0.98040000 0.03570000
vn -0.00000000 0.00030000 1.00000000
vn 0.00020000 -0.00010000 1.00000000
vn -0.41730000 0.90620000 -0.06840000
vn -0.77480000 0.62620000 0.08660000
vn 0.00010000 -0.00010000 1.00000000
vn -0.19760000 0.97940000 0.04220000
vn -0.92470000 0.08670000 0.37070000
vn 0.00020000 -0.00010000 1.00000000
vn -0.77480000 0.62620000 0.08660000
vn -0.00000000 -0.00020000 1.00000000
vn -0.88810000 0.42350000 -0.17850000
vn -0.85540000 -0.51740000 -0.02440000
vn -0.00020000 -0.00010000 1.00000000
vn -0.00000000 -0.00020000 1.00000000
vn -0.92470000 0.08670000 0.37070000
vn -0.98410000 -0.03360000 -0.17440000
vn -0.00010000 0.00010000 1.00000000
vn -0.80370000 -0.58610000 0.10270000
vn -0.98140000 -0.18840000 -0.03580000
vn -0.75570000 0.65380000 -0.03850000
vn -0.00000000 -0.00000000 1.00000000
vn -0.98140000 0.18840000 0.03580000
vn -0.00000000 -0.00000000 1.00000000
vn -0.80910000 -0.58700000 0.02660000
vn -0.98140000 -0.18840000 -0.03580000
vn -0.48250000 -0.87570000 -0.01880000
vn 0.00010000 -0.00010000 1.00000000
vn 0.10710000 -0.99420000 -0.00400000
vn -0.00000000 -0.00000000 1.00000000
vn 0.15390000 -0.98810000 0.00400000
vn 0.58990000 -0.80750000 -0.00400000
vn -0.48250000 -0.87570000 -0.01880000
vn -0.36080000 -0.93260000 0.00400000
vn 0.10710000 -0.99420000 -0.00400000
vn -0.00000000 -0.00000000 1.00000000
vn 0.00010000 0.00010000 1.00000000
vn 0.75280000 0.65810000 0.01490000
vn -0.00010000 0.00010000 1.00000000
vn -0.00020000 -0.00010000 1.00000000
vn 0.62250000 0.78250000 -0.01200000
vn 0.94970000 0.31290000 -0.01570000
vn 0.02690000 0.99950000 -0.01940000
vn -0.00000000 0.00030000 1.00000000
vn 0.00010000 0.00010000 1.00000000
vn 0.18710000 0.98230000 0.01070000
vn 0.62250000 0.78250000 -0.01200000
vn -0.00020000 -0.00010000 1.00000000
vn 0.98800000 0.15380000 0.01070000
vn 0.93010000 -0.36730000 -0.00470000
vn 0.93270000 -0.36070000 -0.00320000
vn 0.94970000 0.31290000 -0.01570000
vn 0.00020000 -0.00010000 1.00000000
vn -0.00000000 -0.00020000 1.00000000
vn -0.47630000 0.87880000 0.03000000
vn -0.00000000 -0.00000000 1.00000000
vn -0.00000000 0.00030000 1.00000000
vn 0.02690000 0.99950000 -0.01940000
vn 0.00010000 -0.00000000 1.00000000
vn -0.75570000 0.65380000 -0.03850000
vn 0.62730000 -0.77880000 0.00400000
vn 0.00010000 -0.00010000 1.00000000
vn 0.58990000 -0.80750000 -0.00400000
vn 0.00020000 -0.00010000 1.00000000
vn 0.93010000 -0.36730000 -0.00470000
vn -0.00000000 -0.00000000 1.00000000
vn 0.94970000 0.31290000 -0.01570000
vn 0.98800000 0.15380000 0.01070000
vn 0.75280000 0.65810000 0.01490000
vn -0.00000000 -0.00000000 1.00000000
vn 0.93270000 -0.36070000 -0.00320000
vn 0.98800000 0.15380000 0.01070000
vn 0.75280000 0.65810000 0.01490000
vn 0.62250000 0.78250000 -0.01200000
vn -0.00000000 -0.00000000 1.00000000
vn 0.18710000 0.98230000 0.01070000
vn -0.47630000 0.87880000 0.03000000
vn -0.00000000 -0.00000000 1.00000000
vn 0.02690000 0.99950000 -0.01940000
vn 0.18710000 0.98230000 0.01070000
vn -0.98140000 0.18840000 0.03580000
vn -0.00000000 -0.00000000 1.00000000
vn -0.47630000 0.87880000 0.03000000
vn -0.75570000 0.65380000 -0.03850000
vn -0.98140000 -0.18840000 -0.03580000
vn -0.80910000 -0.58700000 0.02660000
vn -0.00000000 -0.00000000 1.00000000
vn -0.98140000 0.18840000 0.03580000
vn -0.80910000 -0.58700000 0.02660000
vn -0.36080000 -0.93260000 0.00400000
vn -0.48250000 -0.87570000 -0.01880000
vn -0.00000000 -0.00000000 1.00000000
vn -0.00000000 -0.00000000 1.00000000
vn 0.10710000 -0.99420000 -0.00400000
vn -0.36080000 -0.93260000 0.00400000
vn 0.15390000 -0.98810000 0.00400000
vn 0.62730000 -0.77880000 0.00400000
vn 0.15390000 -0.98810000 0.00400000
vn 0.58990000 -0.80750000 -0.00400000
vn -0.00000000 -0.00000000 1.00000000
vn -0.00000000 -0.00000000 1.00000000
vn 0.62730000 -0.77880000 0.00400000
vn 0.93270000 -0.36070000 -0.00320000
vn 0.93010000 -0.36730000 -0.00470000
vn 0.18770000 -0.95160000 -0.24350000
vn -0.00000000 -0.00000000 1.00000000
vn 0.39070000 -0.89830000 0.20090000
vn -0.13930000 -0.97430000 0.17700000
vn -0.00000000 -0.00000000 1.00000000
vn 0.74310000 -0.64960000 -0.16070000
vn 0.80600000 -0.58880000 0.06010000
vn 0.39070000 -0.89830000 0.20090000
vn 0.80600000 -0.58880000 0.06010000
vn 0.98480000 -0.06610000 0.16070000
vn 0.98630000 -0.15360000 -0.06010000
vn 0.98480000 -0.06610000 0.16070000
vn 0.84100000 0.52020000 0.14850000
vn 0.89350000 0.38770000 -0.22670000
vn 0.51620000 0.85410000 0.06370000
vn 0.84100000 0.52020000 0.14850000
vn -0.11040000 0.96190000 0.25030000
vn -0.00000000 -0.00000000 1.00000000
vn 0.51620000 0.85410000 0.06370000
vn 0.39490000 0.86970000 -0.29610000
vn -0.00000000 -0.00000000 1.00000000
vn -0.11040000 0.96190000 0.25030000
vn -0.30450000 0.92440000 -0.22970000
vn -0.64230000 0.73470000 0.21850000
vn -0.00000000 -0.00000000 1.00000000
vn -0.77960000 0.56560000 -0.26900000
vn -0.64230000 0.73470000 0.21850000
vn -0.92880000 0.17690000 0.32580000
vn -0.92880000 0.17690000 0.32580000
vn -0.90290000 -0.39270000 0.17460000
vn -0.96270000 -0.09390000 -0.25380000
vn -0.58440000 -0.78930000 0.18830000
vn -0.78740000 -0.59050000 -0.17710000
vn -0.90290000 -0.39270000 0.17460000
vn -0.13930000 -0.97430000 0.17700000
vn -0.36080000 -0.91620000 -0.17450000
vn -0.58440000 -0.78930000 0.18830000
vn -0.00000000 -0.00000000 1.00000000
vn 0.99540000 0.09250000 0.02440000
vn 0.88510000 0.46480000 0.02410000
vn 0.88510000 0.46480000 0.02410000
vn 0.61590000 0.77650000 -0.13310000
vn 0.52260000 0.81440000 0.25210000
vn 0.88580000 0.46270000 0.03510000
vn -0.17820000 -0.97900000 0.09880000
vn 0.12940000 -0.98880000 -0.07500000
vn -0.00000000 -0.00000000 1.00000000
vn 0.18280000 -0.97800000 0.10090000
vn 0.18280000 -0.97800000 0.10090000
vn 0.53520000 -0.83070000 0.15310000
vn -0.00000000 -0.00000000 1.00000000
vn 0.44160000 -0.88670000 -0.13700000
vn 0.29210000 0.93730000 -0.19010000
vn 0.07410000 0.97960000 0.18660000
vn 0.52260000 0.81440000 0.25210000
vn 0.53520000 -0.83070000 0.15310000
vn 0.72540000 -0.66850000 -0.16420000
vn -0.00000000 -0.00000000 1.00000000
vn -0.34430000 0.93130000 -0.11900000
vn -0.36500000 0.93070000 -0.02410000
vn 0.07410000 0.97960000 0.18660000
vn 0.01200000 0.99960000 -0.02440000
vn 0.97110000 -0.21230000 0.10930000
vn 0.93730000 -0.29670000 -0.18280000
vn 0.97110000 -0.21230000 0.10930000
vn 0.99540000 0.09250000 0.02440000
vn 0.99470000 0.06040000 -0.08360000
vn -0.78320000 -0.62130000 -0.02410000
vn -0.00000000 -0.00000000 1.00000000
vn -0.78220000 -0.62280000 -0.01630000
vn -0.95900000 -0.26550000 -0.09930000
vn -0.96750000 -0.25180000 -0.02400000
vn -0.78220000 -0.62280000 -0.01630000
vn -0.52040000 -0.85060000 0.07500000
vn -0.00000000 -0.00000000 1.00000000
vn -0.61440000 0.76690000 0.18550000
vn -0.34430000 0.93130000 -0.11900000
vn -0.61440000 0.76690000 0.18550000
vn -0.83900000 0.49750000 0.22020000
vn -0.73390000 0.62950000 -0.25500000
vn -0.49330000 -0.86890000 -0.04050000
vn -0.17820000 -0.97900000 0.09880000
vn -0.52040000 -0.85060000 0.07500000
vn -0.21950000 -0.97480000 -0.04050000
vn -0.00000000 -0.00000000 1.00000000
vn -0.97590000 0.09510000 0.19630000
vn -0.83900000 0.49750000 0.22020000
vn -0.93560000 0.22250000 -0.27410000
vn -0.00000000 -0.00000000 1.00000000
vn -0.97590000 0.09510000 0.19630000
vn -0.95900000 -0.26550000 -0.09930000
vn 0.79160000 0.59300000 0.14750000
vn 0.69230000 0.70470000 -0.15510000
vn 0.44420000 0.88570000 0.13500000
vn 0.95100000 0.29260000 -0.10000000
vn 0.79160000 0.59300000 0.14750000
vn 0.00870000 -0.97590000 -0.21810000
vn 0.28100000 -0.93590000 0.21270000
vn -0.30420000 -0.92400000 0.23150000
vn 0.39620000 0.91780000 -0.02530000
vn 0.44420000 0.88570000 0.13500000
vn -0.05490000 0.99830000 -0.01730000
vn -0.05280000 0.99830000 -0.02500000
vn 0.28100000 -0.93590000 0.21270000
vn 0.75840000 -0.64830000 0.06650000
vn 0.74320000 -0.66860000 -0.02500000
vn 0.36880000 -0.92920000 -0.02530000
vn 0.97490000 -0.21290000 -0.06490000
vn 0.98220000 -0.17640000 0.06480000
vn 0.75840000 -0.64830000 0.06650000
vn 0.95070000 0.30310000 -0.06500000
vn 0.98220000 -0.17640000 0.06480000
vn 0.95100000 0.29260000 -0.10000000
vn -0.94140000 -0.33700000 -0.01140000
vn -0.72690000 -0.68230000 0.07780000
vn -0.30420000 -0.92400000 0.23150000
vn -0.70280000 -0.71070000 -0.03210000
vn -0.72690000 -0.68230000 0.07780000
vn -0.41550000 -0.90750000 -0.06140000
vn -0.47090000 0.87870000 0.07780000
vn -0.05490000 0.99830000 -0.01730000
vn -0.50720000 0.86080000 -0.04180000
vn -0.82120000 0.55660000 0.12590000
vn -0.79730000 0.60220000 -0.04170000
vn -0.47090000 0.87870000 0.07780000
vn -0.00000000 -0.00000000 1.00000000
vn -0.99590000 0.07580000 0.04870000
vn -0.82120000 0.55660000 0.12590000
vn -0.00000000 -0.00000000 1.00000000
vn -0.98800000 0.12090000 -0.09600000
vn -0.94440000 -0.32540000 -0.04730000
vn -0.94140000 -0.33700000 -0.01140000
vn -0.99590000 0.07580000 0.04870000
vn -0.00000000 -0.00000000 1.00000000
vn -0.09400000 0.99530000 -0.02300000
vn 0.88920000 0.45740000 -0.00370000
vn 0.91450000 0.40440000 -0.01470000
vn 0.14110000 0.98990000 0.01310000
vn -0.00000000 -0.00000000 1.00000000
vn -0.00000000 -0.00000000 1.00000000
vn 0.76950000 -0.63830000 -0.02050000
vn 0.90020000 -0.43520000 0.01760000
vn 0.91450000 0.40440000 -0.01470000
vn 0.76950000 -0.63830000 -0.02050000
vn -0.11990000 -0.99270000 0.01140000
vn -0.09050000 -0.99570000 0.01740000
vn -0.00000000 -0.00000000 1.00000000
vn -0.67190000 0.74040000 0.01970000
vn -0.00000000 -0.00000000 1.00000000
vn -0.09400000 0.99530000 -0.02300000
vn -0.91380000 0.40550000 -0.02410000
vn -0.97590000 -0.21640000 0.02910000
vn -0.84060000 -0.54130000 -0.01980000
vn -0.91380000 0.40550000 -0.02410000
vn -0.00000000 -0.00000000 1.00000000
vn -0.84060000 -0.54130000 -0.01980000
vn -0.00000000 -0.00000000 1.00000000
vn -0.11990000 -0.99270000 0.01140000
vn -0.67190000 0.74040000 0.01970000
vn 0.14110000 0.98990000 0.01310000
vn -0.00000000 -0.00000000 -1.00000000
vn -0.09400000 0.99530000 -0.02300000
vn -0.00000000 -0.00000000 -1.00000000
vn -0.91380000 0.40550000 -0.02410000
vn -0.97590000 -0.21640000 0.02910000
vn -0.67190000 0.74040000 0.01970000
vn -0.09050000 -0.99570000 0.01740000
vn -0.11990000 -0.99270000 0.01140000
vn -0.97590000 -0.21640000 0.02910000
vn -0.84060000 -0.54130000 -0.01980000
vn -0.00000000 -0.00000000 -1.00000000
vn -0.00000000 -0.00000000 -1.00000000
vn 0.90020000 -0.43520000 0.01760000
vn 0.76950000 -0.63830000 -0.02050000
vn -0.09050000 -0.99570000 0.01740000
vn -0.00000000 -0.00000000 -1.00000000
vn 0.88920000 0.45740000 -0.00370000
vn 0.90020000 -0.43520000 0.01760000
vn 0.91450000 0.40440000 -0.01470000
vn -0.00000000 -0.00000000 -1.00000000
vn 0.14110000 0.98990000 0.01310000
vn 0.88920000 0.45740000 -0.00370000
vn -0.00000000 -0.00000000 -1.00000000
vn -0.00000000 -1.00000000 -0.00000000
vn -1.00000000 -0.00000000 -0.00000000
vn -0.00000000 -0.00000000 -1.00000000
vn -0.00000000 -1.00000000 -0.00000000
vn 1.00000000 -0.00000000 -0.00000000
vn -0.00000000 1.00000000 -0.00000000
vn 1.00000000 -0.00000000 -0.00000000
vn -0.00000000 -0.00000000 -1.00000000
vn -0.00000000 -0.00000000 -1.00000000
vn -1.00000000 -0.00000000 -0.00000000
vn -0.00000000 1.00000000 -0.00000000
vt 0.47565500 0.95960200
vt 0.57315200 0.74078600
vt 0.47565500 0.95960200
vt 0.31420900 0.83762600
vt 0.31420900 0.83762600
vt 0.58839200 0.75120700
vt 0.47571500 0.96560300
vt 0.17000500 0.97187300
vt 0.57315200 0.74926000
vt 0.99385600 0.52681500
vt 0.59482300 0.76864000
vt 0.99385600 0.52681500
vt 0.99385600 0.52681500
vt 0.59303900 0.77116200
vt 0.48957300 0.98916900
vt 0.31484400 0.82022500
vt 0.96504800 0.55652200
vt 0.52493700 0.98358500
vt 0.55005400 0.76405400
vt 0.55142200 0.76795500
vt 0.98197900 0.29942900
vt 0.98197900 0.29942900
vt 0.99401400 0.68884200
vt 0.97013600 0.55649800
vt 0.24464700 0.98941700
vt 0.55005400 0.77116200
vt 0.59303900 0.76405400
vt 0.31467900 0.82525600
vt 0.31467900 0.82525600
vt 0.98299900 0.29944600
vt 0.55203900 0.76878000
vt 0.98299900 0.29944600
vt 0.98299900 0.29944600
vt 0.59843700 0.77116200
vt 0.48556900 0.98919500
vt 0.31504500 0.81641900
vt 0.55545200 0.77116200
vt 0.24064300 0.98944200
vt 0.79419600 0.95530800
vt 0.59303900 0.77717500
vt 0.31498400 0.81596900
vt 0.95670600 0.50755900
vt 0.55545200 0.77717500
vt 0.79419600 0.95961400
vt 0.95670600 0.47968100
vt 0.16323700 0.98055600
vt 0.56467800 0.74078600
vt 0.47571500 0.95361800
vt 0.81469800 0.99138700
vt 0.56009900 0.75120700
vt 0.89327000 0.94172100
vt 0.91010000 0.94164100
vt 0.56009900 0.72769800
vt 0.31261300 0.87421500
vt 0.17629000 0.97183300
vt 0.56467800 0.74926000
vt 0.16930400 0.98052700
vt 0.57069200 0.72769800
vt 0.38432600 0.99136300
vt 0.54317800 0.98773900
vt 0.31300600 0.86674600
vt 0.57779900 0.72769800
vt 0.38432600 0.99663400
vt 0.31327000 0.86173400
vt 0.31327000 0.86173400
vt 0.31366300 0.85426400
vt 0.58839200 0.72769800
vt 0.31366300 0.85426400
vt 0.81141700 0.99135400
vt 0.79419600 0.94102200
vt 0.55545200 0.75120700
vt 0.79419600 0.95022000
vt 0.52112500 0.98354800
vt 0.55545200 0.76405400
vt 0.31488000 0.82144900
vt 0.31488000 0.82144900
vt 0.59843700 0.76405400
vt 0.59714300 0.76724100
vt 0.42975200 0.99683800
vt 0.99474800 0.99155400
vt 0.99474800 0.99155400
vt 0.42975200 0.99683800
vt 0.43148800 0.99683800
vt 0.99452300 0.38346700
vt 0.99452300 0.38346700
vt 0.59571900 0.76620500
vt 0.17470000 0.98041100
vt 0.44843500 0.97880000
vt 0.44843500 0.97880000
vt 0.55408400 0.76724200
vt 0.55289400 0.76625700
vt 0.44690300 0.97870900
vt 0.99624200 0.68895300
vt 0.99624200 0.68895300
vt 0.59303900 0.75120700
vt 0.31438100 0.83434900
vt 0.31438100 0.83434900
vt 0.99255200 0.52682400
vt 0.99605600 0.38346700
vt 0.59448900 0.76713200
vt 0.99605600 0.38346700
vt 0.99495600 0.68889300
vt 0.55162000 0.76676700
vt 0.99495600 0.68889300
vt 0.99495600 0.68889300
vt 0.99514300 0.52682400
vt 0.99315800 0.99155400
vt 0.99315800 0.99155400
vt 0.59647100 0.76881400
vt 0.98399200 0.29947400
vt 0.55341200 0.76881400
vt 0.17628700 0.98050200
vt 0.17628700 0.98050200
vt 0.54317800 0.98951600
vt 0.17928100 0.97691600
vt 0.38610300 0.99137400
vt 0.17928100 0.98402300
vt 0.38610300 0.99664500
vt 0.31504500 0.86181000
vt 0.31492000 0.86562100
vt 0.31492000 0.86562100
vt 0.18466600 0.98402300
vt 0.30776900 0.86531600
vt 0.74356800 0.97631200
vt 0.30776900 0.86531600
vt 0.30789400 0.86150400
vt 0.73818200 0.97631200
vt 0.30789400 0.86150400
vt 0.74356800 0.98341900
vt 0.30750500 0.87032700
vt 0.54703300 0.98234000
vt 0.18466600 0.97691600
vt 0.54703300 0.98949800
vt 0.31465600 0.87063300
vt 0.54317800 0.98235800
vt 0.73818200 0.98341900
vt 0.30763000 0.86651600
vt 0.30628900 0.85395000
vt 0.30628900 0.85395000
vt 0.64668900 0.07551200
vt 0.30589600 0.86141900
vt 0.30589600 0.86141900
vt 0.64668900 0.08610500
vt 0.30563200 0.86643100
vt 0.32698000 0.93814700
vt 0.64675400 0.08610500
vt 0.30289200 0.86129100
vt 0.30289200 0.86129100
vt 0.30289200 0.86129100
vt 0.30289200 0.86129100
vt 0.97968300 0.03251900
vt 0.32698300 0.94115400
vt 0.32698300 0.94115400
vt 0.30262800 0.86630200
vt 0.30262800 0.86630200
vt 0.30523900 0.87390000
vt 0.64675400 0.07551200
vt 0.91010000 0.93426100
vt 0.30664500 0.84311500
vt 0.94704400 0.77199300
vt 0.93201500 0.04995500
vt 0.94704400 0.78019300
vt 0.30683500 0.83731100
vt 0.30683500 0.83731100
vt 0.63739500 0.07551200
vt 0.30650500 0.84737200
vt 0.30650500 0.84737200
vt 0.30364100 0.84298700
vt 0.30364100 0.84298700
vt 0.93201500 0.04694800
vt 0.93201500 0.04694800
vt 0.30350100 0.84724300
vt 0.30350100 0.84724300
vt 0.30350100 0.84724300
vt 0.30350100 0.84724300
vt 0.30350100 0.84724300
vt 0.93511900 0.03598600
vt 0.72822200 0.83241200
vt 0.29255100 0.84550500
vt 0.93511900 0.03598600
vt 0.72822200 0.83241200
vt 0.72822200 0.83241200
vt 0.29255100 0.84550500
vt 0.72816600 0.83838300
vt 0.29241200 0.84977000
vt 0.29241200 0.84977000
vt 0.29241200 0.84977000
vt 0.72816600 0.83838300
vt 0.72816600 0.83838300
vt 0.30634100 0.85049500
vt 0.30634100 0.85049500
vt 0.30634100 0.85049500
vt 0.30634100 0.85049500
vt 0.63739500 0.07994100
vt 0.99721100 0.27575800
vt 0.99721100 0.27575800
vt 0.99721100 0.27575800
vt 0.71276900 0.81006900
vt 0.71439400 0.81222000
vt 0.99720800 0.27840500
vt 0.99720800 0.27840500
vt 0.10042900 0.95118100
vt 0.69755000 0.93904100
vt 0.71144900 0.81407200
vt 0.75108400 0.99405700
vt 0.72158000 0.80285100
vt 0.75108400 0.99405700
vt 0.72498200 0.80148000
vt 0.32691500 0.94715100
vt 0.32691500 0.94715100
vt 0.32691500 0.94715100
vt 0.71049200 0.81407200
vt 0.09975400 0.95117400
vt 0.71049200 0.81407200
vt 0.71049200 0.81407200
vt 0.71049200 0.81407200
vt 0.71049200 0.81407200
vt 0.32691000 0.95054000
vt 0.32691000 0.95054000
vt 0.72224200 0.79945700
vt 0.32691000 0.95054000
vt 0.72508800 0.84107400
vt 0.93963900 0.73909600
vt 0.93963900 0.73909600
vt 0.72691800 0.84092100
vt 0.29231400 0.85244800
vt 0.29231400 0.85244800
vt 0.29231400 0.85244800
vt 0.72691800 0.84092100
vt 0.29216300 0.85599100
vt 0.29216300 0.85599100
vt 0.72446900 0.84348700
vt 0.72446900 0.84348700
vt 0.29216300 0.85599100
vt 0.72230300 0.84328300
vt 0.93964000 0.73557000
vt 0.93964000 0.73557000
vt 0.72230300 0.84328300
vt 0.93964000 0.73557000
vt 0.72230300 0.84328300
vt 0.99722400 0.27350400
vt 0.99722400 0.27350400
vt 0.64799900 0.99768100
vt 0.71240700 0.80711000
vt 0.29202100 0.85900100
vt 0.72179500 0.84507700
vt 0.97476000 0.04283800
vt 0.29202100 0.85900100
vt 0.29202100 0.85900100
vt 0.72179500 0.84507700
vt 0.29202100 0.85900100
vt 0.72179500 0.84507700
vt 0.72179500 0.84507700
vt 0.71943400 0.80200000
vt 0.75109200 0.99617200
vt 0.75109200 0.99617200
vt 0.75109200 0.99617200
vt 0.32691500 0.95409100
vt 0.71828300 0.79854100
vt 0.73616100 0.85908600
vt 0.73616100 0.85908600
vt 0.93964600 0.74275100
vt 0.93964600 0.74275100
vt 0.72685500 0.83769100
vt 0.93964600 0.74275100
vt 0.72685500 0.83769100
vt 0.93964600 0.74275100
vt 0.72685500 0.83769100
vt 0.93964600 0.73313800
vt 0.93964600 0.73313800
vt 0.04757100 0.94374200
vt 0.71966300 0.84410500
vt 0.71966300 0.84410500
vt 0.75110800 0.99789000
vt 0.71701500 0.80197800
vt 0.64799100 0.99079400
vt 0.64799100 0.99079400
vt 0.72705700 0.83435500
vt 0.72705700 0.83435500
vt 0.72705700 0.83435500
vt 0.94181400 0.94699100
vt 0.93965700 0.74528100
vt 0.94181400 0.94699100
vt 0.04755500 0.94171400
vt 0.71689800 0.84413900
vt 0.04755500 0.94171400
vt 0.71689800 0.84413900
vt 0.71689800 0.84413900
vt 0.73274200 0.85908200
vt 0.71432400 0.79945700
vt 0.73274200 0.85908200
vt 0.73274200 0.85908200
vt 0.64798500 0.99291900
vt 0.71495200 0.80292300
vt 0.64798500 0.99291900
vt 0.71475600 0.84503100
vt 0.97968300 0.04363300
vt 0.32891900 0.95208200
vt 0.71475600 0.84503100
vt 0.56109000 0.96401500
vt 0.71475600 0.84503100
vt 0.94179800 0.95016800
vt 0.72598000 0.83095000
vt 0.72598000 0.83095000
vt 0.94179800 0.95016800
vt 0.72598000 0.83095000
vt 0.72938100 0.85908600
vt 0.71158400 0.80148000
vt 0.66081600 0.95001000
vt 0.72938100 0.85908600
vt 0.71316600 0.84267500
vt 0.04754100 0.93796400
vt 0.04754100 0.93796400
vt 0.71316600 0.84267500
vt 0.04754100 0.93796400
vt 0.71316600 0.84267500
vt 0.04754100 0.93796400
vt 0.64798600 0.99527000
vt 0.71328000 0.80457600
vt 0.64798600 0.99527000
vt 0.64798600 0.99527000
vt 0.64798600 0.99527000
vt 0.66161400 0.95000400
vt 0.71049200 0.80149800
vt 0.71049200 0.80149800
vt 0.71049200 0.80149800
vt 0.71049200 0.80149800
vt 0.66161400 0.95000400
vt 0.71049200 0.80149800
vt 0.72697900 0.83004800
vt 0.93762700 0.03600000
vt 0.93762700 0.03600000
vt 0.72697900 0.83004800
vt 0.93762700 0.03600000
vt 0.29287000 0.83471400
vt 0.72511700 0.81407200
vt 0.29287000 0.83471400
vt 0.29255000 0.84447300
vt 0.94047500 0.03600300
vt 0.94047500 0.03600300
vt 0.72511700 0.82786000
vt 0.72268900 0.82110700
vt 0.59383200 0.99069000
vt 0.77518500 0.99783000
vt 0.59383200 0.99069000
vt 0.72233600 0.81884100
vt 0.59382300 0.99254800
vt 0.59382300 0.99254800
vt 0.59382300 0.99254800
vt 0.71144900 0.82786000
vt 0.69757200 0.94891200
vt 0.69757200 0.94891200
vt 0.93308400 0.99491700
vt 0.71420000 0.81894100
vt 0.93308400 0.99491700
vt 0.93308400 0.99491700
vt 0.71136700 0.84296200
vt 0.71136700 0.84296200
vt 0.71136700 0.84296200
vt 0.56494400 0.96400100
vt 0.56494400 0.96400100
vt 0.56494400 0.96400100
vt 0.56494400 0.96400100
vt 0.94179600 0.95385200
vt 0.94179600 0.95385200
vt 0.94179600 0.95385200
vt 0.72348100 0.82823900
vt 0.71037600 0.83942300
vt 0.04753900 0.93371300
vt 0.71037600 0.83942300
vt 0.04753900 0.93371300
vt 0.71037600 0.83942300
vt 0.04753900 0.93371300
vt 0.70837300 0.83840400
vt 0.90049100 0.92033000
vt 0.90049100 0.92033000
vt 0.57028900 0.96401500
vt 0.49835900 0.93245700
vt 0.70837300 0.83840400
vt 0.57028900 0.96401500
vt 0.70837300 0.83840400
vt 0.70938500 0.83525300
vt 0.04755200 0.93018100
vt 0.04755200 0.93018100
vt 0.15431800 0.96038900
vt 0.70938500 0.83525300
vt 0.15431800 0.96038900
vt 0.70938500 0.83525300
vt 0.77517900 0.99518800
vt 0.77517900 0.99518800
vt 0.72156400 0.82370100
vt 0.77517900 0.99518800
vt 0.77517900 0.99518800
vt 0.94180400 0.95657900
vt 0.94180400 0.95657900
vt 0.72090300 0.82695600
vt 0.94180400 0.95657900
vt 0.77518500 0.99198400
vt 0.59048000 0.99702300
vt 0.59048000 0.99702300
vt 0.71843400 0.82512200
vt 0.15431100 0.94827200
vt 0.94182000 0.95903500
vt 0.71782000 0.82655200
vt 0.15431100 0.94827200
vt 0.70844900 0.83241200
vt 0.69757200 0.95426600
vt 0.69757200 0.95426600
vt 0.70844900 0.83241200
vt 0.89614800 0.92034800
vt 0.98176500 0.77176800
vt 0.70844900 0.83241200
vt 0.71039400 0.83137400
vt 0.15429700 0.95693000
vt 0.15429700 0.95693000
vt 0.71039400 0.83137400
vt 0.71039400 0.83137400
vt 0.59047200 0.99436100
vt 0.71566900 0.82421100
vt 0.59047200 0.99436100
vt 0.59047200 0.99436100
vt 0.15429700 0.95060700
vt 0.15429700 0.95060700
vt 0.71512200 0.82715900
vt 0.70976100 0.82977400
vt 0.69756600 0.95146100
vt 0.69756600 0.95146100
vt 0.69756600 0.95146100
vt 0.70976100 0.82977400
vt 0.71260300 0.82858900
vt 0.15429100 0.95339800
vt 0.15429100 0.95339800
vt 0.15429100 0.95339800
vt 0.15429100 0.95339800
vt 0.72051800 0.81676100
vt 0.59382600 0.99530500
vt 0.59382600 0.99530500
vt 0.59382600 0.99530500
vt 0.93310500 0.99713900
vt 0.71392100 0.82180100
vt 0.59047600 0.99144900
vt 0.59047600 0.99144900
vt 0.68619900 0.99246400
vt 0.68619900 0.99246400
vt 0.68619900 0.99246400
vt 0.72156000 0.81268900
vt 0.68619800 0.99488200
vt 0.72328600 0.81099400
vt 0.68619800 0.99488200
vt 0.68619800 0.99488200
vt 0.68619800 0.99488200
vt 0.72607400 0.81407200
vt 0.72607400 0.81407200
vt 0.72607400 0.81407200
vt 0.29290600 0.83404000
vt 0.72607400 0.81407200
vt 0.72607400 0.81407200
vt 0.72607400 0.81407200
vt 0.99722500 0.28307700
vt 0.71944100 0.81360400
vt 0.68620400 0.99032900
vt 0.75109800 0.98849600
vt 0.72422000 0.80806300
vt 0.68620400 0.99763300
vt 0.75109800 0.98849600
vt 0.93308400 0.99044600
vt 0.59384400 0.99759200
vt 0.93308400 0.99044600
vt 0.71780800 0.81622600
vt 0.99721200 0.28077500
vt 0.99721200 0.28077500
vt 0.99721200 0.28077500
vt 0.99721200 0.28077500
vt 0.71647800 0.81344800
vt 0.71557700 0.81710600
vt 0.93307700 0.99264500
vt 0.93307700 0.99264500
vt 0.93307700 0.99264500
vt 0.32691200 0.94632900
vt 0.72607400 0.80149800
vt 0.72607400 0.80149800
vt 0.72607400 0.80149800
vt 0.72607400 0.80149800
vt 0.72607400 0.80149800
vt 0.32691200 0.94632900
vt 0.72356400 0.80505700
vt 0.75108400 0.99109400
vt 0.75108400 0.99109400
vt 0.75108400 0.99109400
vt 0.89914100 0.93130600
vt 0.89914100 0.93130600
vt 0.97849500 0.76086200
vt 0.89914100 0.93130600
vt 0.97849500 0.76086200
vt 0.90344600 0.93128500
vt 0.49526200 0.94333700
vt 0.90344600 0.93128500
vt 0.49526200 0.94333700
vt 0.97848000 0.75785600
vt 0.47449400 0.93523900
vt 0.89914100 0.93431300
vt 0.68362300 0.95413100
vt 0.98176500 0.75781800
vt 0.47006500 0.93523900
vt 0.98176500 0.75781800
vt 0.68362500 0.95174300
vt 0.46904400 0.93757800
vt 0.68362500 0.95174300
vt 0.68362500 0.95174300
vt 0.46718200 0.93976600
vt 0.68363100 0.94887700
vt 0.68363100 0.94887700
vt 0.68363100 0.94887700
vt 0.68360900 0.93900600
vt 0.10042900 0.96512100
vt 0.46718200 0.95355400
vt 0.78681500 0.94822800
vt 0.09198500 0.96503800
vt 0.47914100 0.95355400
vt 0.09198500 0.96175700
vt 0.69946800 0.81406200
vt 0.78353500 0.94821200
vt 0.69946800 0.81406200
vt 0.69946800 0.81406200
vt 0.70999800 0.80676900
vt 0.70999800 0.80676900
vt 0.70999800 0.80676900
vt 0.31246800 0.98507100
vt 0.79504100 0.97711200
vt 0.31246800 0.98507100
vt 0.70119600 0.80552800
vt 0.70119600 0.80552800
vt 0.15775700 0.96587700
vt 0.15775700 0.96587700
vt 0.15775700 0.96587700
vt 0.15775700 0.96587700
vt 0.69946800 0.80148800
vt 0.69946800 0.80148800
vt 0.78353500 0.95721500
vt 0.69946800 0.80148800
vt 0.69946800 0.80148800
vt 0.66977400 0.96061300
vt 0.16085400 0.96814800
vt 0.16085400 0.96814800
vt 0.70354200 0.80348700
vt 0.16085400 0.96814800
vt 0.70354200 0.80348700
vt 0.97930500 0.14197600
vt 0.70077200 0.80868000
vt 0.15520500 0.96547400
vt 0.97930500 0.14197600
vt 0.70077200 0.80868000
vt 0.70990300 0.80908000
vt 0.70990300 0.80908000
vt 0.79424800 0.97862500
vt 0.79424800 0.97862500
vt 0.79406700 0.98166300
vt 0.79406700 0.98166300
vt 0.70844000 0.81142400
vt 0.79406700 0.98166300
vt 0.79504100 0.98558500
vt 0.97319200 0.14635100
vt 0.79504100 0.98558500
vt 0.70546200 0.81248100
vt 0.70546200 0.81248100
vt 0.70546200 0.81248100
vt 0.70581400 0.80312400
vt 0.31285000 0.97822400
vt 0.70581400 0.80312400
vt 0.16269700 0.97035300
vt 0.31285000 0.97822400
vt 0.70238700 0.81144500
vt 0.97616600 0.14344600
vt 0.70238700 0.81144500
vt 0.97616600 0.14344600
vt 0.97616600 0.14344600
vt 0.31215200 0.98180400
vt 0.31215200 0.98180400
vt 0.70844000 0.80414200
vt 0.70844000 0.80414200
vt 0.31215200 0.98180400
vt 0.72936400 0.84514500
vt 0.66077900 0.96395000
vt 0.86187900 0.84957600
vt 0.66077900 0.96395000
vt 0.86187900 0.83744900
vt 0.78681500 0.95723000
vt 0.66977400 0.96389300
vt 0.86305400 0.85087300
vt 0.73111000 0.84514200
vt 0.73111000 0.84514200
vt 0.73111000 0.84514200
vt 0.86448000 0.85379100
vt 0.73416900 0.84514100
vt 0.73416900 0.84514100
vt 0.73416900 0.84514100
vt 0.31297200 0.95330300
vt 0.31297200 0.95330300
vt 0.73672200 0.84514700
vt 0.86474400 0.85717700
vt 0.86380100 0.86044000
vt 0.31296900 0.95025100
vt 0.31296900 0.95025100
vt 0.31296900 0.95025100
vt 0.31297500 0.94711300
vt 0.86188200 0.86293500
vt 0.31297500 0.94711300
vt 0.31297500 0.94711300
vt 0.31297500 0.94711300
vt 0.86187900 0.87503500
vt 0.31293900 0.93813600
vt 0.30753400 0.81797600
vt 0.73705500 0.80148800
vt 0.31621900 0.93814400
vt 0.73705500 0.80148800
vt 0.73705500 0.80148800
vt 0.31621900 0.93814400
vt 0.30425700 0.81783600
vt 0.73575600 0.80687200
vt 0.63273400 0.96737500
vt 0.73575600 0.80687200
vt 0.14661400 0.96548700
vt 0.63273400 0.96737500
vt 0.62947200 0.98008100
vt 0.62947200 0.98008100
vt 0.72811800 0.80414200
vt 0.62947200 0.98008100
vt 0.72811800 0.80414200
vt 0.72656600 0.80676900
vt 0.71266000 0.97858200
vt 0.63098000 0.98304600
vt 0.63098000 0.98304600
vt 0.72656600 0.80676900
vt 0.72656600 0.80676900
vt 0.62659900 0.97724700
vt 0.73108400 0.80308000
vt 0.73108400 0.80308000
vt 0.73108400 0.80308000
vt 0.62659900 0.97175400
vt 0.62659900 0.97724700
vt 0.73705500 0.81406200
vt 0.30396500 0.82673600
vt 0.30396500 0.82673600
vt 0.73705500 0.81406200
vt 0.73705500 0.81406200
vt 0.73705500 0.81406200
vt 0.73299600 0.81207000
vt 0.15224300 0.96815600
vt 0.15224300 0.96815600
vt 0.15224300 0.96815600
vt 0.14914600 0.96588200
vt 0.14914600 0.96588200
vt 0.14914600 0.96588200
vt 0.14914600 0.96588200
vt 0.73533300 0.81002500
vt 0.73533300 0.81002500
vt 0.70963200 0.98605400
vt 0.70963200 0.98605400
vt 0.73073300 0.81243700
vt 0.73073300 0.81243700
vt 0.15410000 0.97036800
vt 0.73073300 0.81243700
vt 0.71279700 0.98028900
vt 0.71279700 0.98028900
vt 0.72666100 0.80908000
vt 0.72666100 0.80908000
vt 0.71177300 0.98315700
vt 0.71177300 0.98315700
vt 0.72811800 0.81142400
vt 0.71177300 0.98315700
vt 0.72811800 0.81142400
vt 0.73414700 0.80411000
vt 0.73414700 0.80411000
vt 0.62964400 0.96885000
vt 0.62964400 0.96885000
vt 0.62964400 0.96885000
vt 0.30679800 0.83530900
vt 0.30679800 0.83530900
vt 0.95435700 0.79030700
vt 0.30724200 0.82687600
vt 0.94239700 0.79030700
vt 0.30724200 0.82687600
vt 0.94047500 0.04994400
vt 0.95435700 0.77651900
vt 0.30647800 0.84506800
vt 0.93793900 0.04994200
vt 0.93793900 0.04994200
vt 0.95266900 0.77460500
vt 0.93793900 0.04994200
vt 0.95147400 0.77199300
vt 0.93530100 0.04993400
vt 0.93530100 0.04993400
vt 0.93530100 0.04993400
vt 0.93530100 0.04993400
vt 0.30700700 0.83403400
vt 0.30700700 0.83403400
vt 0.94239700 0.78019300
vt 0.48957300 0.98269500
vt 0.29742000 0.98361100
vt 0.30837600 0.81994900
vt 0.86515900 0.87503500
vt 0.30761000 0.81565400
vt 0.94932600 0.50751200
vt 0.30821100 0.82498000
vt 0.29742000 0.97650300
vt 0.30821100 0.82498000
vt 0.94932600 0.47963400
vt 0.78681500 0.95957900
vt 0.86515900 0.83744900
vt 0.39177200 0.81237300
vt 0.99472600 0.45831600
vt 0.95481400 0.50028100
vt 0.16745300 0.90368500
vt 0.99472600 0.45364600
vt 0.95014400 0.50025100
vt 0.99457900 0.04617600
vt 0.95481400 0.48287100
vt 0.39177200 0.83584700
vt 0.16745300 0.88021200
vt 0.95014400 0.48284100
vt 0.99457900 0.04150600
vt 0.52652300 0.97637600
vt 0.24064300 0.98296800
vt 0.78772100 0.95527800
vt 0.52112500 0.99002200
vt 0.52652300 0.98348300
vt 0.78772100 0.95018900
vt 0.81141700 0.98397400
vt 0.78681500 0.94098700
vt 0.47914100 0.94344000
vt 0.52112500 0.97637600
vt 0.97013600 0.56297200
vt 0.24464700 0.98294200
vt 0.52493700 0.99005900
vt 0.52112500 0.98348300
vt 0.96504800 0.56299600
vt 0.52453700 0.98111600
vt 0.44704200 0.98520400
vt 0.44704200 0.98520400
vt 0.99624200 0.69543100
vt 0.17475100 0.98690000
vt 0.52513800 0.97975200
vt 0.17475100 0.98690000
vt 0.44843500 0.98528300
vt 0.99521700 0.69538800
vt 0.99521700 0.69538800
vt 0.99521700 0.69538800
vt 0.52315300 0.98111700
vt 0.52243500 0.98016000
vt 0.99404400 0.69532900
vt 0.98164700 0.29295100
vt 0.99404400 0.69532900
vt 0.52415400 0.97856200
vt 0.98399200 0.29299500
vt 0.17628700 0.98698400
vt 0.98399200 0.29299500
vt 0.98272200 0.29296600
vt 0.98272200 0.29296600
vt 0.98272200 0.29296600
vt 0.52280400 0.97901000
vt 0.81469800 0.98400600
vt 0.89327000 0.93434100
vt 0.47449400 0.94344000
vt 0.49523200 0.94634400
vt 0.90344600 0.93429200
vt 0.65604800 0.07551200
vt 0.65096200 0.08347300
vt 0.56405200 0.95006200
vt 0.56405200 0.95006200
vt 0.65339600 0.08112600
vt 0.56743200 0.95006200
vt 0.56743200 0.95006200
vt 0.56743200 0.95006200
vt 0.64947300 0.08609400
vt 0.32891900 0.93813600
vt 0.32891900 0.93813600
vt 0.56114900 0.95007100
vt 0.56114900 0.95007100
vt 0.57015000 0.95007000
vt 0.49835900 0.94640600
vt 0.65604800 0.07994100
vt 0.49835900 0.94640600
vt 0.30596000 0.85947700
vt 0.30596000 0.85947700
vt 0.64395100 0.08609800
vt 0.30596000 0.85947700
vt 0.30608200 0.85678900
vt 0.30608200 0.85678900
vt 0.64260500 0.08363800
vt 0.30608200 0.85678900
vt 0.30622900 0.85336800
vt 0.64019300 0.08120800
vt 0.30622900 0.85336800
vt 0.30622900 0.85336800
vt 0.39395900 0.81237300
vt 0.99627500 0.45830100
vt 0.91663000 0.85828300
vt 0.39395900 0.83584700
vt 0.99301400 0.04618300
vt 0.91663000 0.84087300
vt 0.99301400 0.04151300
vt 0.16964000 0.88021200
vt 0.91196000 0.84084300
vt 0.16964000 0.90368500
vt 0.99627500 0.45363100
vt 0.91196000 0.85825300
vt 0.91305300 0.84166100
vt 0.98897200 0.78232400
vt 0.98037500 0.71115000
vt 0.98897200 0.78480700
vt 0.98013600 0.78489100
vt 0.91553600 0.84167700
vt 0.91553600 0.85746500
vt 0.98013600 0.80617800
vt 0.98255800 0.78479900
vt 0.98255800 0.78231600
vt 0.98037500 0.68986400
vt 0.91305300 0.85744900
vt 0.60086400 0.96371000
vt 0.98742300 0.78482300
vt 0.97794900 0.78489100
vt 0.59838000 0.96369500
vt 0.97818800 0.71115000
vt 0.98742300 0.78233900
vt 0.60086400 0.97949800
vt 0.98412300 0.78479200
vt 0.97794900 0.80617800
vt 0.97818800 0.68986400
vt 0.98412300 0.78230800
vt 0.59838000 0.97948300
vt 0.30841100 0.82117300
vt 0.29202100 0.97650300
vt 0.30841100 0.82117300
vt 0.30857600 0.81614300
vt 0.48556900 0.98272000
vt 0.29202100 0.98361100
vt 0.43108800 0.99036200
vt 0.29429100 0.97876900
vt 0.99427100 0.37699500
vt 0.43108800 0.99036200
vt 0.29342400 0.97953600
vt 0.42993400 0.99036300
vt 0.99475800 0.98508200
vt 0.29547600 0.97893800
vt 0.99526300 0.37699100
vt 0.99526300 0.37699100
vt 0.99526300 0.37699100
vt 0.29368200 0.98105800
vt 0.99349500 0.98507900
vt 0.99349500 0.98507900
vt 0.99349500 0.98507900
vt 0.29605300 0.98023700
vt 0.99295300 0.52034500
vt 0.99656300 0.37699600
vt 0.99295300 0.52034500
vt 0.29520500 0.98131600
vt 0.99431500 0.52034200
vt 0.99431500 0.52034200
vt 0.99224000 0.98509100
vt 0.62697500 0.97662700
vt 0.61481900 0.96249200
vt 0.62697500 0.97662700
vt 0.61481900 0.96249200
vt 0.63146600 0.97684400
vt 0.62991800 0.97669800
vt 0.62991800 0.97669800
vt 0.62991800 0.97669800
vt 0.61776000 0.96339800
vt 0.61942900 0.96595700
vt 0.14681500 0.97488500
vt 0.63273400 0.97678000
vt 0.14681500 0.97488500
vt 0.14871900 0.97487300
vt 0.14871900 0.97487300
vt 0.61942900 0.96833700
vt 0.61822400 0.97048100
vt 0.15115700 0.97487200
vt 0.15115700 0.97487200
vt 0.15115700 0.97487200
vt 0.15343500 0.97488500
vt 0.61606000 0.97170500
vt 0.15343500 0.97488500
vt 0.61606000 0.97170500
vt 0.71420700 0.98605400
vt 0.61187500 0.96351700
vt 0.63145700 0.97941200
vt 0.63145700 0.97941200
vt 0.63145700 0.97941200
vt 0.71383300 0.98353900
vt 0.61300400 0.97152400
vt 0.61300400 0.97152400
vt 0.71383300 0.98353900
vt 0.71383300 0.98353900
vt 0.71333600 0.98003000
vt 0.71333600 0.98003000
vt 0.61050900 0.96895100
vt 0.71333600 0.98003000
vt 0.63146600 0.98460200
vt 0.61050900 0.96895100
vt 0.61050900 0.96895100
vt 0.63145800 0.98232400
vt 0.61037200 0.96602600
vt 0.61037200 0.96602600
vt 0.63145800 0.98232400
vt 0.63145800 0.98232400
vt 0.61037200 0.96602600
vt 0.95933100 0.17164600
vt 0.98494200 0.27339800
vt 0.61156400 0.96801600
vt 0.61156400 0.96801600
vt 0.61156400 0.96801600
vt 0.59283400 0.07649100
vt 0.59283400 0.07649100
vt 0.61568300 0.96382100
vt 0.59283400 0.07649100
vt 0.61343000 0.96400900
vt 0.96365600 0.17164400
vt 0.96365600 0.17164400
vt 0.61343000 0.96400900
vt 0.59115500 0.07650200
vt 0.97717900 0.11836200
vt 0.61793800 0.96879600
vt 0.97717900 0.11836200
vt 0.97717900 0.11836200
vt 0.97902700 0.11831300
vt 0.97902700 0.11831300
vt 0.97902700 0.11831300
vt 0.61665600 0.97014900
vt 0.61168100 0.96587400
vt 0.96111500 0.17163700
vt 0.61168100 0.96587400
vt 0.96111500 0.17163700
vt 0.96111500 0.17163700
vt 0.97554000 0.11841000
vt 0.97554000 0.11841000
vt 0.61834300 0.96706100
vt 0.59691300 0.07650600
vt 0.98106700 0.27339600
vt 0.98069400 0.11827400
vt 0.61448000 0.97062100
vt 0.98106700 0.27339600
vt 0.61448000 0.97062100
vt 0.59501500 0.07649200
vt 0.59501500 0.07649200
vt 0.59501500 0.07649200
vt 0.61757700 0.96493300
vt 0.59501500 0.07649200
vt 0.61248200 0.96963800
vt 0.98327300 0.27339300
vt 0.61248200 0.96963800
vt 0.98327300 0.27339300
vt 0.61248200 0.96963800
vt 0.98327300 0.27339300
vt 0.97672700 0.12794600
vt 0.97672700 0.12794600
vt 0.97672700 0.12794600
vt 0.89472500 0.97541600
vt 0.89357900 0.97678100
vt 0.97527600 0.12799100
vt 0.59637400 0.08606800
vt 0.59637400 0.08606800
vt 0.97886900 0.12788700
vt 0.97886900 0.12788700
vt 0.89676900 0.97476300
vt 0.97886900 0.12788700
vt 0.98069400 0.12784300
vt 0.98069400 0.12784300
vt 0.98069200 0.28296500
vt 0.89885700 0.97553800
vt 0.89993500 0.97705800
vt 0.98245800 0.28296100
vt 0.98245800 0.28296100
vt 0.98245800 0.28296100
vt 0.89993500 0.97965200
vt 0.95919400 0.18121200
vt 0.95919400 0.18121200
vt 0.98494200 0.28296500
vt 0.98494200 0.28296500
vt 0.96154700 0.18120400
vt 0.89795700 0.98145300
vt 0.96154700 0.18120400
vt 0.96154700 0.18120400
vt 0.96384200 0.18121200
vt 0.59125600 0.08606800
vt 0.89561700 0.98155300
vt 0.59125600 0.08606800
vt 0.89387900 0.98021000
vt 0.59297000 0.08605800
vt 0.59297000 0.08605800
vt 0.59297000 0.08605800
vt 0.89327000 0.97853600
vt 0.59474100 0.08605900
vt 0.59474100 0.08605900
vt 0.97354000 0.15122300
vt 0.93053200 0.70263500
vt 0.79066500 0.98340900
vt 0.93053200 0.70263500
vt 0.97354000 0.15122300
vt 0.97642900 0.15129300
vt 0.92751000 0.70322000
vt 0.97642900 0.15129300
vt 0.97642900 0.15129300
vt 0.15541400 0.97487300
vt 0.15541400 0.97487300
vt 0.97930500 0.15138100
vt 0.92483300 0.70174800
vt 0.15733300 0.97486700
vt 0.15733300 0.97486700
vt 0.92371300 0.69964800
vt 0.92376700 0.69718900
vt 0.15977600 0.97486700
vt 0.15977600 0.97486700
vt 0.15977600 0.97486700
vt 0.92510000 0.69509100
vt 0.30867900 0.98011400
vt 0.16204200 0.97487300
vt 0.92510000 0.69509100
vt 0.16204200 0.97487300
vt 0.79202200 0.98120600
vt 0.93264600 0.70034500
vt 0.93264600 0.70034500
vt 0.93264600 0.70034500
vt 0.79202200 0.98120600
vt 0.79202200 0.98120600
vt 0.93264600 0.70034500
vt 0.92788200 0.69381200
vt 0.31011900 0.98231700
vt 0.31011900 0.98231700
vt 0.92788200 0.69381200
vt 0.31011900 0.98231700
vt 0.31168700 0.98474300
vt 0.93070700 0.69456600
vt 0.31168700 0.98474300
vt 0.93070700 0.69456600
vt 0.31168700 0.98474300
vt 0.79385400 0.97817500
vt 0.93264600 0.69676100
vt 0.93264600 0.69676100
vt 0.31285000 0.98656200
vt 0.79385400 0.97817500
vt 0.93264600 0.69676100
vt 0.79385400 0.97817500
vt 0.22035600 0.97233300
vt 0.97581500 0.10345200
vt 0.92605200 0.70127400
vt 0.97581500 0.10345200
vt 0.92472400 0.69845700
vt 0.22293600 0.97235100
vt 0.22293600 0.97235100
vt 0.22293600 0.97235100
vt 0.92736700 0.69521700
vt 0.29997000 0.97217100
vt 0.92736700 0.69521700
vt 0.29997000 0.97217100
vt 0.29997000 0.97217100
vt 0.22542700 0.97239100
vt 0.22542700 0.97239100
vt 0.29858700 0.97217900
vt 0.92582200 0.69610700
vt 0.93169800 0.69854600
vt 0.97720700 0.48652900
vt 0.93169800 0.69854600
vt 0.93169800 0.69854600
vt 0.97720700 0.48652900
vt 0.97720700 0.48652900
vt 0.98080500 0.10404600
vt 0.93120300 0.70034300
vt 0.93120300 0.70034300
vt 0.97905600 0.48653000
vt 0.97905600 0.48653000
vt 0.93100400 0.69639400
vt 0.97517500 0.48653400
vt 0.30374800 0.97218000
vt 0.30374800 0.97218000
vt 0.97517500 0.48653400
vt 0.93100400 0.69639400
vt 0.93100400 0.69639400
vt 0.97888300 0.10382600
vt 0.92908600 0.70197600
vt 0.92908600 0.70197600
vt 0.97888300 0.10382600
vt 0.92908600 0.70197600
vt 0.97888300 0.10382600
vt 0.30172900 0.97217000
vt 0.92914900 0.69521900
vt 0.30172900 0.97217000
vt 0.92914900 0.69521900
vt 0.30172900 0.97217000
vt 0.75264000 0.97689100
vt 0.97649300 0.49609800
vt 0.97649300 0.49609800
vt 0.97649300 0.49609800
vt 0.75203900 0.97856800
vt 0.30351400 0.98174500
vt 0.97504100 0.49610300
vt 0.97863600 0.49609700
vt 0.97863600 0.49609700
vt 0.75433200 0.97557000
vt 0.97863600 0.49609700
vt 0.98080500 0.09441900
vt 0.75655800 0.97557400
vt 0.98080500 0.09441900
vt 0.98046100 0.49610300
vt 0.97822500 0.09411000
vt 0.75862700 0.97726800
vt 0.97822500 0.09411000
vt 0.97822500 0.09411000
vt 0.22151400 0.98190400
vt 0.22151400 0.98190400
vt 0.75862700 0.98038200
vt 0.97575800 0.09379800
vt 0.22379800 0.98193100
vt 0.22379800 0.98193100
vt 0.22379800 0.98193100
vt 0.75694000 0.98196500
vt 0.75518700 0.98228300
vt 0.29867600 0.98174500
vt 0.22542700 0.98196000
vt 0.29867600 0.98174500
vt 0.30011000 0.98173700
vt 0.30011000 0.98173700
vt 0.30011000 0.98173700
vt 0.75350900 0.98168200
vt 0.75235700 0.98032200
vt 0.30188100 0.98173700
vt 0.30188100 0.98173700
vt 0.30188100 0.98173700
vt 0.59465600 0.99684900
vt 0.52975300 0.08572200
vt 0.59465600 0.99684900
vt 0.93391000 0.98969900
vt 0.52771100 0.08446400
vt 0.59464400 0.99462200
vt 0.59464400 0.99462200
vt 0.59464400 0.99462200
vt 0.59464400 0.99235300
vt 0.59464400 0.99235300
vt 0.59464400 0.99235300
vt 0.59465600 0.99026500
vt 0.77600300 0.99728000
vt 0.77600300 0.99728000
vt 0.77600000 0.99503800
vt 0.77600000 0.99503800
vt 0.59130500 0.99758900
vt 0.53056400 0.07696600
vt 0.77600300 0.99267100
vt 0.77600300 0.99267100
vt 0.53329900 0.07768200
vt 0.59129400 0.99528900
vt 0.59129400 0.99528900
vt 0.59129400 0.99528900
vt 0.53510000 0.07977600
vt 0.59129300 0.99252800
vt 0.59129300 0.99252800
vt 0.59129300 0.99252800
vt 0.59130500 0.99024100
vt 0.93391000 0.99593200
vt 0.93391000 0.99593200
vt 0.93389900 0.99369900
vt 0.93389900 0.99369900
vt 0.93389900 0.99369900
vt 0.93389900 0.99153300
vt 0.93389900 0.99153300
vt 0.93389900 0.99153300
vt 0.53204800 0.08572200
vt 0.94046600 0.74274100
vt 0.94046600 0.74274100
vt 0.94045900 0.73876600
vt 0.94045900 0.73876600
vt 0.94045900 0.73876600
vt 0.94045900 0.73876600
vt 0.15513400 0.94794300
vt 0.94263700 0.95871000
vt 0.87498900 0.15839700
vt 0.94263700 0.95871000
vt 0.94262100 0.95595000
vt 0.94262100 0.95595000
vt 0.87729000 0.15595400
vt 0.94262100 0.95595000
vt 0.94046200 0.73427700
vt 0.94046200 0.73427700
vt 0.94046200 0.73427700
vt 0.94261500 0.95281600
vt 0.94261500 0.95281600
vt 0.88021100 0.15462200
vt 0.04837500 0.94172400
vt 0.04837500 0.94172400
vt 0.94047500 0.73116700
vt 0.04837500 0.94172400
vt 0.94262100 0.94928200
vt 0.94262100 0.94928200
vt 0.94263700 0.94655700
vt 0.94047500 0.74489100
vt 0.94047500 0.74489100
vt 0.15511600 0.95693500
vt 0.87477100 0.16765200
vt 0.15511600 0.95693500
vt 0.15511600 0.95693500
vt 0.15511600 0.95693500
vt 0.15511100 0.95361400
vt 0.15511100 0.95361400
vt 0.87369400 0.16448800
vt 0.04836300 0.93872900
vt 0.04836300 0.93872900
vt 0.04835800 0.93596900
vt 0.04835800 0.93596900
vt 0.04835800 0.93596900
vt 0.15511700 0.95059200
vt 0.15511700 0.95059200
vt 0.15511700 0.95059200
vt 0.15511700 0.95059200
vt 0.87376100 0.16138000
vt 0.04836200 0.93244800
vt 0.04836200 0.93244800
vt 0.04836200 0.93244800
vt 0.87700000 0.17014200
vt 0.04837500 0.92980700
vt 0.15513400 0.95984600
vt 0.68701800 0.99322500
vt 0.68701800 0.99322500
vt 0.68701800 0.99322500
vt 0.68701900 0.99544600
vt 0.68701900 0.99544600
vt 0.75192000 0.99720300
vt 0.75192000 0.99720300
vt 0.64881700 0.98985900
vt 0.68702400 0.99031700
vt 0.68702400 0.99031700
vt 0.99804500 0.28309400
vt 0.99804500 0.28309400
vt 0.75190400 0.99406100
vt 0.75190400 0.99406100
vt 0.75190400 0.99406100
vt 0.75190400 0.99406100
vt 0.75190500 0.99088300
vt 0.75190500 0.99088300
vt 0.75190500 0.99088300
vt 0.68702400 0.99746500
vt 0.75192000 0.98834900
vt 0.68702400 0.99746500
vt 0.64880700 0.99543800
vt 0.64880700 0.99543800
vt 0.64880400 0.99284400
vt 0.64880400 0.99284400
vt 0.64880400 0.99284400
vt 0.64880400 0.99284400
vt 0.99803300 0.28092500
vt 0.99803300 0.28092500
vt 0.99802800 0.27840600
vt 0.99802800 0.27840600
vt 0.99802800 0.27840600
vt 0.99802800 0.27840600
vt 0.33412400 0.54550300
vt 0.99803200 0.27541700
vt 0.99803200 0.27541700
vt 0.33605100 0.54310400
vt 0.99803200 0.27541700
vt 0.64881700 0.99752600
vt 0.64881700 0.99752600
vt 0.99804500 0.27339300
vt 0.33864800 0.54208300
vt 0.99197700 0.94879500
vt 0.99400900 0.92598100
vt 0.99400900 0.92598100
vt 0.99400900 0.92598100
vt 0.74212700 0.97915700
vt 0.74067100 0.97851300
vt 0.99693700 0.53795000
vt 0.99693700 0.53795000
vt 0.99550100 0.92602000
vt 0.99557100 0.53791200
vt 0.99444800 0.83722900
vt 0.99444800 0.83722900
vt 0.73961500 0.97938900
vt 0.99321500 0.94878800
vt 0.74198200 0.98069500
vt 0.99321500 0.94878800
vt 0.99321500 0.94878800
vt 0.99232600 0.83722600
vt 0.99232600 0.83722600
vt 0.99442300 0.94879200
vt 0.74077400 0.98123100
vt 0.99350700 0.83722300
vt 0.73975800 0.98057700
vt 0.99350700 0.83722300
vt 0.99275200 0.95594700
vt 0.99339900 0.91880000
vt 0.18328800 0.98007700
vt 0.99275200 0.95594700
vt 0.18247600 0.97918300
vt 0.99395900 0.95594700
vt 0.99196200 0.84438900
vt 0.99395900 0.95594700
vt 0.99326600 0.84437900
vt 0.99326600 0.84437900
vt 0.99326600 0.84437900
vt 0.99326600 0.84437900
vt 0.18096800 0.97951700
vt 0.18081300 0.98121900
vt 0.99564400 0.54507300
vt 0.99564400 0.54507300
vt 0.99457800 0.84438900
vt 0.18204500 0.98181500
vt 0.99550100 0.91886100
vt 0.99693700 0.54511100
vt 0.99550100 0.91886100
vt 0.18311900 0.98126200
vt 0.99434700 0.91883000
vt 0.99434700 0.91883000
vt 0.54616400 0.24463400
vt 0.46718200 0.95960200
vt 0.46718200 0.95960200
vt 0.53769000 0.24463400
vt 0.46724100 0.95361800
vt 0.16323700 0.97208200
vt 0.17629000 0.98030600
vt 0.16930400 0.97205300
vt 0.53769000 0.25310800
vt 0.54616400 0.25310800
vt 0.46724100 0.96560300
vt 0.17000500 0.98034600
f 2/2/2 6/6/6 9/9/9
f 11/11/11 109/109/109 14/14/14
f 100/100/100 11/11/11 14/14/14
f 19/19/19 20/20/20 26/26/26
f 27/27/27 100/100/100 14/14/14
f 31/31/31 111/111/111 26/26/26
f 109/109/109 34/34/34 14/14/14
f 9/9/9 27/27/27 14/14/14
f 20/20/20 31/31/31 26/26/26
f 111/111/111 37/37/37 26/26/26
f 14/14/14 40/40/40 43/43/43
f 37/37/37 14/14/14 43/43/43
f 47/47/47 50/50/50 53/53/53
f 47/47/47 56/56/56 50/50/50
f 58/58/58 62/62/62 2/2/2
f 67/67/67 6/6/6 2/2/2
f 62/62/62 67/67/67 2/2/2
f 71/71/71 50/50/50 74/74/74
f 50/50/50 56/56/56 74/74/74
f 77/77/77 78/78/78 86/86/86
f 56/56/56 9/9/9 74/74/74
f 74/74/74 90/90/90 91/91/91
f 77/77/77 86/86/86 27/27/27
f 6/6/6 95/95/95 27/27/27
f 74/74/74 91/91/91 19/19/19
f 27/27/27 86/86/86 100/100/100
f 19/19/19 91/91/91 103/103/103
f 109/109/109 78/78/78 34/34/34
f 78/78/78 77/77/77 34/34/34
f 74/74/74 9/9/9 37/37/37
f 9/9/9 14/14/14 37/37/37
f 111/111/111 90/90/90 37/37/37
f 90/90/90 74/74/74 37/37/37
f 19/19/19 103/103/103 20/20/20
f 53/53/53 58/58/58 47/47/47
f 58/58/58 2/2/2 47/47/47
f 6/6/6 27/27/27 9/9/9
f 116/116/116 63/63/63 59/59/59
f 116/116/116 118/118/118 63/63/63
f 120/120/120 64/64/64 119/119/119
f 123/123/123 128/128/128 64/64/64
f 123/123/123 64/64/64 120/120/120
f 130/130/130 121/121/121 134/134/134
f 130/130/130 125/125/125 121/121/121
f 60/60/60 133/133/133 114/114/114
f 60/60/60 131/131/131 133/133/133
f 135/135/135 131/131/131 60/60/60
f 126/126/126 66/66/66 65/65/65
f 126/126/126 138/138/138 66/66/66
f 141/141/141 138/138/138 126/126/126
f 137/137/137 141/141/141 126/126/126
f 144/144/144 148/148/148 141/141/141
f 144/144/144 141/141/141 137/137/137
f 154/154/154 148/148/148 144/144/144
f 54/54/54 137/137/137 61/61/61
f 156/156/156 137/137/137 54/54/54
f 156/156/156 144/144/144 137/137/137
f 159/159/159 164/164/164 4/4/4
f 167/167/167 168/168/168 159/159/159
f 167/167/167 159/159/159 4/4/4
f 68/68/68 167/167/167 4/4/4
f 173/173/173 168/168/168 167/167/167
f 139/139/139 167/167/167 68/68/68
f 174/174/174 183/183/183 169/169/169
f 175/175/175 185/185/185 179/179/179
f 166/166/166 192/192/192 172/172/172
f 176/176/176 193/193/193 187/187/187
f 198/198/198 199/199/199 204/204/204
f 198/198/198 204/204/204 215/215/215
f 220/220/220 208/208/208 206/206/206
f 222/222/222 225/225/225 233/233/233
f 235/235/235 222/222/222 233/233/233
f 244/244/244 198/198/198 215/215/215
f 238/238/238 232/232/232 246/246/246
f 220/220/220 206/206/206 254/254/254
f 259/259/259 220/220/220 254/254/254
f 264/264/264 225/225/225 222/222/222
f 266/266/266 189/189/189 229/229/229
f 272/272/272 240/240/240 252/252/252
f 259/259/259 254/254/254 275/275/275
f 279/279/279 184/184/184 268/268/268
f 287/287/287 273/273/273 253/253/253
f 181/181/181 188/188/188 280/280/280
f 290/290/290 259/259/259 275/275/275
f 290/290/290 275/275/275 294/294/294
f 296/296/296 288/288/288 250/250/250
f 303/303/303 182/182/182 278/278/278
f 308/308/308 290/290/290 294/294/294
f 314/314/314 285/285/285 301/301/301
f 308/308/308 294/294/294 319/319/319
f 324/324/324 244/244/244 215/215/215
f 333/333/333 178/178/178 304/304/304
f 324/324/324 308/308/308 319/319/319
f 324/324/324 319/319/319 244/244/244
f 336/336/336 341/341/341 342/342/342
f 336/336/336 342/342/342 346/346/346
f 350/350/350 204/204/204 440/440/440
f 440/440/440 204/204/204 354/354/354
f 359/359/359 311/311/311 299/299/299
f 341/341/341 306/306/306 367/367/367
f 341/341/341 330/330/330 306/306/306
f 357/357/357 372/372/372 316/316/316
f 381/381/381 368/368/368 358/358/358
f 388/388/388 370/370/370 379/379/379
f 391/391/391 341/341/341 367/367/367
f 391/391/391 367/367/367 396/396/396
f 342/342/342 341/341/341 391/391/391
f 401/401/401 391/391/391 396/396/396
f 401/401/401 396/396/396 404/404/404
f 409/409/409 417/417/417 386/386/386
f 412/412/412 382/382/382 374/374/374
f 419/419/419 404/404/404 424/424/424
f 419/419/419 401/401/401 404/404/404
f 429/429/429 416/416/416 406/406/406
f 425/425/425 430/430/430 413/413/413
f 350/350/350 430/430/430 425/425/425
f 419/419/419 424/424/424 430/430/430
f 419/419/419 430/430/430 350/350/350
f 435/435/435 336/336/336 346/346/346
f 440/440/440 419/419/419 350/350/350
f 446/446/446 448/448/448 336/336/336
f 446/446/446 336/336/336 435/435/435
f 448/448/448 452/452/452 336/336/336
f 460/460/460 446/446/446 435/435/435
f 463/463/463 452/452/452 448/448/448
f 460/460/460 435/435/435 469/469/469
f 474/474/474 460/460/460 469/469/469
f 474/474/474 469/469/469 475/475/475
f 480/480/480 452/452/452 463/463/463
f 480/480/480 463/463/463 486/486/486
f 208/208/208 480/480/480 486/486/486
f 206/206/206 208/208/208 486/486/486
f 204/204/204 474/474/474 475/475/475
f 204/204/204 199/199/199 474/474/474
f 204/204/204 475/475/475 354/354/354
f 493/493/493 376/376/376 495/495/495
f 490/490/490 410/410/410 375/375/375
f 499/499/499 505/505/505 494/494/494
f 492/492/492 503/503/503 411/411/411
f 407/407/407 502/502/502 509/509/509
f 427/427/427 408/408/408 506/506/506
f 428/428/428 508/508/508 512/512/512
f 351/351/351 426/426/426 513/513/513
f 514/514/514 203/203/203 352/352/352
f 511/511/511 514/514/514 352/352/352
f 518/518/518 520/520/520 515/515/515
f 515/515/515 520/520/520 213/213/213
f 515/515/515 213/213/213 202/202/202
f 545/545/545 532/532/532 538/538/538
f 552/552/552 537/537/537 531/531/531
f 212/212/212 553/553/553 525/525/525
f 217/217/217 559/559/559 554/554/554
f 217/217/217 566/566/566 559/559/559
f 216/216/216 521/521/521 565/565/565
f 567/567/567 547/547/547 541/541/541
f 327/327/327 214/214/214 527/527/527
f 523/523/523 549/549/549 574/574/574
f 523/523/523 541/541/541 549/549/549
f 326/326/326 580/580/580 567/567/567
f 325/325/325 569/569/569 540/540/540
f 564/564/564 524/524/524 572/572/572
f 526/526/526 579/579/579 329/329/329
f 585/585/585 309/309/309 328/328/328
f 588/588/588 583/583/583 542/542/542
f 583/583/583 323/323/323 542/542/542
f 307/307/307 582/582/582 591/591/591
f 289/289/289 310/310/310 590/590/590
f 292/292/292 592/592/592 594/594/594
f 260/260/260 291/291/291 596/596/596
f 261/261/261 595/595/595 599/599/599
f 219/219/219 597/597/597 604/604/604
f 218/218/218 258/258/258 598/598/598
f 210/210/210 603/603/603 605/605/605
f 209/209/209 221/221/221 602/602/602
f 611/611/611 614/614/614 609/609/609
f 608/608/608 617/617/617 485/485/485
f 607/607/607 479/479/479 211/211/211
f 633/633/633 482/482/482 626/626/626
f 637/637/637 628/628/628 484/484/484
f 646/646/646 621/621/621 616/616/616
f 644/644/644 647/647/647 656/656/656
f 645/645/645 655/655/655 619/619/619
f 641/641/641 454/454/454 662/662/662
f 644/644/644 660/660/660 647/647/647
f 458/458/458 483/483/483 629/629/629
f 457/457/457 634/634/634 666/666/666
f 456/456/456 665/665/665 671/671/671
f 613/613/613 672/672/672 638/638/638
f 615/615/615 636/636/636 481/481/481
f 659/659/659 453/453/453 669/669/669
f 621/621/621 673/673/673 616/616/616
f 678/678/678 337/337/337 455/455/455
f 682/682/682 678/678/678 643/643/643
f 678/678/678 455/455/455 643/643/643
f 685/685/685 338/338/338 335/335/335
f 677/677/677 685/685/685 335/335/335
f 339/339/339 683/683/683 687/687/687
f 332/332/332 340/340/340 689/689/689
f 334/334/334 686/686/686 691/691/691
f 177/177/177 331/331/331 693/693/693
f 161/161/161 171/171/171 694/694/694
f 692/692/692 170/170/170 180/180/180
f 160/160/160 690/690/690 688/688/688
f 162/162/162 688/688/688 684/684/684
f 162/162/162 160/160/160 688/688/688
f 679/679/679 162/162/162 684/684/684
f 681/681/681 697/697/697 162/162/162
f 681/681/681 162/162/162 679/679/679
f 97/97/97 5/5/5 163/163/163
f 97/97/97 163/163/163 695/695/695
f 700/700/700 618/618/618 612/612/612
f 41/41/41 612/612/612 702/702/702
f 642/642/642 618/618/618 700/700/700
f 16/16/16 700/700/700 612/612/612
f 16/16/16 612/612/612 41/41/41
f 706/706/706 642/642/642 700/700/700
f 680/680/680 642/642/642 706/706/706
f 29/29/29 680/680/680 706/706/706
f 96/96/96 696/696/696 680/680/680
f 96/96/96 680/680/680 29/29/29
f 584/584/584 586/586/586 709/709/709
f 589/589/589 584/584/584 709/709/709
f 593/593/593 589/589/589 709/709/709
f 701/701/701 601/601/601 600/600/600
f 701/701/701 606/606/606 601/601/601
f 701/701/701 610/610/610 606/606/606
f 709/709/709 701/701/701 600/600/600
f 709/709/709 600/600/600 593/593/593
f 42/42/42 703/703/703 712/712/712
f 712/712/712 703/703/703 715/715/715
f 712/712/712 717/717/717 45/45/45
f 42/42/42 712/712/712 45/45/45
f 717/717/717 720/720/720 707/707/707
f 45/45/45 717/717/717 707/707/707
f 715/715/715 703/703/703 707/707/707
f 720/720/720 715/715/715 707/707/707
f 587/587/587 44/44/44 708/708/708
f 587/587/587 39/39/39 44/44/44
f 724/724/724 39/39/39 587/587/587
f 539/539/539 724/724/724 587/587/587
f 727/727/727 724/724/724 539/539/539
f 517/517/517 72/72/72 727/727/727
f 70/70/70 72/72/72 517/517/517
f 522/522/522 517/517/517 727/727/727
f 522/522/522 727/727/727 539/539/539
f 729/729/729 70/70/70 517/517/517
f 723/723/723 733/733/733 25/25/25
f 723/723/723 25/25/25 38/38/38
f 732/732/732 736/736/736 17/17/17
f 732/732/732 17/17/17 24/24/24
f 734/734/734 73/73/73 18/18/18
f 734/734/734 725/725/725 73/73/73
f 742/742/742 726/726/726 737/737/737
f 735/735/735 748/748/748 737/737/737
f 735/735/735 737/737/737 726/726/726
f 749/749/749 748/748/748 735/735/735
f 722/722/722 742/742/742 753/753/753
f 722/722/722 726/726/726 742/742/742
f 731/731/731 760/760/760 749/749/749
f 731/731/731 753/753/753 760/760/760
f 731/731/731 749/749/749 735/735/735
f 731/731/731 722/722/722 753/753/753
f 102/102/102 93/93/93 746/746/746
f 94/94/94 740/740/740 747/747/747
f 105/105/105 745/745/745 752/752/752
f 23/23/23 104/104/104 750/750/750
f 30/30/30 22/22/22 759/759/759
f 21/21/21 751/751/751 758/758/758
f 32/32/32 757/757/757 756/756/756
f 110/110/110 33/33/33 754/754/754
f 87/87/87 113/113/113 741/741/741
f 112/112/112 755/755/755 743/743/743
f 89/89/89 744/744/744 739/739/739
f 92/92/92 88/88/88 738/738/738
f 69/69/69 728/728/728 761/761/761
f 49/49/49 69/69/69 761/761/761
f 507/507/507 504/504/504 500/500/500
f 763/763/763 507/507/507 500/500/500
f 510/510/510 507/507/507 763/763/763
f 519/519/519 763/763/763 730/730/730
f 516/516/516 763/763/763 519/519/519
f 516/516/516 510/510/510 763/763/763
f 765/765/765 158/158/158 52/52/52
f 501/501/501 497/497/497 765/765/765
f 51/51/51 765/765/765 52/52/52
f 51/51/51 501/501/501 765/765/765
f 491/491/491 497/497/497 501/501/501
f 762/762/762 501/501/501 51/51/51
f 767/767/767 157/157/157 770/770/770
f 767/767/767 146/146/146 157/157/157
f 770/770/770 157/157/157 766/766/766
f 774/774/774 146/146/146 767/767/767
f 781/781/781 770/770/770 766/766/766
f 145/145/145 776/776/776 152/152/152
f 153/153/153 775/775/775 298/298/298
f 155/155/155 249/249/249 149/149/149
f 151/151/151 297/297/297 247/247/247
f 783/783/783 142/142/142 147/147/147
f 786/786/786 150/150/150 248/248/248
f 789/789/789 143/143/143 785/785/785
f 140/140/140 789/789/789 792/792/792
f 140/140/140 143/143/143 789/789/789
f 165/165/165 792/792/792 194/194/194
f 165/165/165 140/140/140 792/792/792
f 227/227/227 186/186/186 191/191/191
f 228/228/228 190/190/190 794/794/794
f 231/231/231 791/791/791 790/790/790
f 230/230/230 226/226/226 793/793/793
f 245/245/245 787/787/787 784/784/784
f 251/251/251 234/234/234 788/788/788
f 362/362/362 777/777/777 768/768/768
f 363/363/363 300/300/300 778/778/778
f 361/361/361 769/769/769 772/772/772
f 380/380/380 360/360/360 773/773/773
f 377/377/377 771/771/771 779/779/779
f 764/764/764 496/496/496 782/782/782
f 780/780/780 498/498/498 378/378/378
f 795/795/795 718/718/718 710/710/710
f 795/795/795 798/798/798 718/718/718
f 799/799/799 721/721/721 716/716/716
f 799/799/799 801/801/801 721/721/721
f 802/802/802 713/713/713 719/719/719
f 802/802/802 804/804/804 713/713/713
f 805/805/805 711/711/711 714/714/714
f 805/805/805 796/796/796 711/711/711
f 807/807/807 800/800/800 812/812/812
f 803/803/803 800/800/800 807/807/807
f 813/813/813 812/812/812 800/800/800
f 797/797/797 813/813/813 800/800/800
f 818/818/818 813/813/813 797/797/797
f 806/806/806 818/818/818 797/797/797
f 806/806/806 803/803/803 807/807/807
f 806/806/806 807/807/807 818/818/818
f 808/808/808 820/820/820 824/824/824
f 808/808/808 810/810/810 820/820/820
f 825/825/825 830/830/830 822/822/822
f 819/819/819 825/825/825 822/822/822
f 828/828/828 809/809/809 823/823/823
f 817/817/817 809/809/809 828/828/828
f 815/815/815 829/829/829 826/826/826
f 815/815/815 816/816/816 829/829/829
f 821/821/821 814/814/814 827/827/827
f 811/811/811 814/814/814 821/821/821
f 704/704/704 831/831/831 75/75/75
f 704/704/704 75/75/75 28/28/28
f 833/833/833 834/834/834 36/36/36
f 833/833/833 36/36/36 76/76/76
f 835/835/835 698/698/698 15/15/15
f 835/835/835 15/15/15 35/35/35
f 838/838/838 841/841/841 832/832/832
f 705/705/705 844/844/844 838/838/838
f 705/705/705 838/838/838 832/832/832
f 836/836/836 841/841/841 848/848/848
f 836/836/836 832/832/832 841/841/841
f 852/852/852 844/844/844 705/705/705
f 856/856/856 836/836/836 848/848/848
f 699/699/699 856/856/856 852/852/852
f 699/699/699 852/852/852 705/705/705
f 699/699/699 836/836/836 856/856/856
f 84/84/84 839/839/839 847/847/847
f 101/101/101 85/85/85 845/845/845
f 99/99/99 846/846/846 854/854/854
f 12/12/12 98/98/98 855/855/855
f 10/10/10 853/853/853 858/858/858
f 106/106/106 13/13/13 857/857/857
f 108/108/108 859/859/859 851/851/851
f 81/81/81 107/107/107 849/849/849
f 80/80/80 850/850/850 843/843/843
f 83/83/83 82/82/82 840/840/840
f 79/79/79 842/842/842 837/837/837
f 862/862/862 639/639/639 676/676/676
f 865/865/865 860/860/860 674/674/674
f 866/866/866 675/675/675 620/620/620
f 871/871/871 867/867/867 623/623/623
f 870/870/870 622/622/622 654/654/654
f 873/873/873 872/872/872 652/652/652
f 878/878/878 653/653/653 648/648/648
f 877/877/877 874/874/874 651/651/651
f 880/880/880 879/879/879 650/650/650
f 661/661/661 882/882/882 649/649/649
f 886/886/886 624/624/624 635/635/635
f 892/892/892 658/658/658 670/670/670
f 893/893/893 884/884/884 657/657/657
f 864/864/864 888/888/888 640/640/640
f 895/895/895 889/889/889 668/668/668
f 664/664/664 894/894/894 667/667/667
f 897/897/897 663/663/663 630/630/630
f 901/901/901 898/898/898 632/632/632
f 905/905/905 631/631/631 627/627/627
f 887/887/887 904/904/904 625/625/625
f 861/861/861 914/914/914 919/919/919
f 922/922/922 875/875/875 876/876/876
f 928/928/928 922/922/922 876/876/876
f 906/906/906 909/909/909 900/900/900
f 902/902/902 931/931/931 910/910/910
f 928/928/928 876/876/876 881/881/881
f 885/885/885 863/863/863 916/916/916
f 936/936/936 869/869/869 875/875/875
f 936/936/936 875/875/875 922/922/922
f 940/940/940 928/928/928 881/881/881
f 885/885/885 916/916/916 929/929/929
f 885/885/885 929/929/929 903/903/903
f 942/942/942 883/883/883 890/890/890
f 946/946/946 869/869/869 936/936/936
f 946/946/946 868/868/868 869/869/869
f 890/890/890 948/948/948 942/942/942
f 896/896/896 950/950/950 891/891/891
f 868/868/868 946/946/946 914/914/914
f 899/899/899 911/911/911 952/952/952
f 861/861/861 868/868/868 914/914/914
f 955/955/955 959/959/959 935/935/935
f 954/954/954 934/934/934 924/924/924
f 963/963/963 956/956/956 923/923/923
f 965/965/965 921/921/921 926/926/926
f 967/967/967 962/962/962 925/925/925
f 966/966/966 927/927/927 939/939/939
f 973/973/973 968/968/968 938/938/938
f 971/971/971 941/941/941 953/953/953
f 977/977/977 972/972/972 951/951/951
f 978/978/978 949/949/949 908/908/908
f 980/980/980 969/969/969 970/970/970
f 980/980/980 970/970/970 974/974/974
f 985/985/985 969/969/969 980/980/980
f 958/958/958 957/957/957 964/964/964
f 987/987/987 964/964/964 969/969/969
f 987/987/987 969/969/969 985/985/985
f 991/991/991 964/964/964 987/987/987
f 991/991/991 958/958/958 964/964/964
f 979/979/979 975/975/975 933/933/933
f 976/976/976 907/907/907 932/932/932
f 983/983/983 981/981/981 917/917/917
f 982/982/982 930/930/930 918/918/918
f 990/990/990 984/984/984 913/913/913
f 986/986/986 920/920/920 912/912/912
f 992/992/992 988/988/988 943/943/943
f 989/989/989 915/915/915 947/947/947
f 961/961/961 993/993/993 944/944/944
f 960/960/960 945/945/945 937/937/937
f 998/998/998 562/562/562 573/573/573
f 1001/1001/1001 994/994/994 575/575/575
f 1002/1002/1002 576/576/576 551/551/551
f 1005/1005/1005 999/999/999 548/548/548
f 1003/1003/1003 550/550/550 534/534/534
f 1008/1008/1008 1004/1004/1004 533/533/533
f 1011/1011/1011 536/536/536 544/544/544
f 1012/1012/1012 1007/1007/1007 535/535/535
f 1016/1016/1016 1013/1013/1013 543/543/543
f 570/570/570 1018/1018/1018 546/546/546
f 1019/1019/1019 557/557/557 563/563/563
f 1027/1027/1027 571/571/571 581/581/581
f 1030/1030/1030 1015/1015/1015 568/568/568
f 996/996/996 1024/1024/1024 561/561/561
f 1033/1033/1033 1028/1028/1028 577/577/577
f 530/530/530 1035/1035/1035 578/578/578
f 1039/1039/1039 1031/1031/1031 528/528/528
f 555/555/555 1040/1040/1040 529/529/529
f 1036/1036/1036 556/556/556 558/558/558
f 1023/1023/1023 1042/1042/1042 560/560/560
f 1006/1006/1006 1047/1047/1047 1045/1045/1045
f 1017/1017/1017 1029/1029/1029 1051/1051/1051
f 1014/1014/1014 1053/1053/1053 1059/1059/1059
f 1062/1062/1062 1041/1041/1041 1022/1022/1022
f 1068/1068/1068 1060/1060/1060 1020/1020/1020
f 1009/1009/1009 1047/1047/1047 1006/1006/1006
f 1071/1071/1071 1037/1037/1037 1063/1063/1063
f 1082/1082/1082 1021/1021/1021 997/997/997
f 1010/1010/1010 1059/1059/1059 1047/1047/1047
f 1080/1080/1080 1067/1067/1067 1025/1025/1025
f 1010/1010/1010 1014/1014/1014 1059/1059/1059
f 1010/1010/1010 1047/1047/1047 1009/1009/1009
f 1077/1077/1077 1034/1034/1034 1038/1038/1038
f 1000/1000/1000 1079/1079/1079 995/995/995
f 1087/1087/1087 1032/1032/1032 1076/1076/1076
f 1026/1026/1026 1032/1032/1032 1087/1087/1087
f 1051/1051/1051 1029/1029/1029 1085/1085/1085
f 1000/1000/1000 1045/1045/1045 1079/1079/1079
f 1006/1006/1006 1045/1045/1045 1000/1000/1000
f 1091/1091/1091 1095/1095/1095 1072/1072/1072
f 1090/1090/1090 1075/1075/1075 1065/1065/1065
f 1096/1096/1096 1092/1092/1092 1061/1061/1061
f 1097/1097/1097 1064/1064/1064 1070/1070/1070
f 1103/1103/1103 1099/1099/1099 1069/1069/1069
f 1102/1102/1102 1066/1066/1066 1081/1081/1081
f 1106/1106/1106 1100/1100/1100 1078/1078/1078
f 1107/1107/1107 1083/1083/1083 1044/1044/1044
f 1111/1111/1111 1104/1104/1104 1046/1046/1046
f 1115/1115/1115 1101/1101/1101 1105/1105/1105
f 1115/1115/1115 1105/1105/1105 1110/1110/1110
f 1116/1116/1116 1101/1101/1101 1115/1115/1115
f 1123/1123/1123 1098/1098/1098 1101/1101/1101
f 1123/1123/1123 1101/1101/1101 1116/1116/1116
f 1124/1124/1124 1093/1093/1093 1089/1089/1089
f 1124/1124/1124 1098/1098/1098 1123/1123/1123
f 1124/1124/1124 1089/1089/1089 1098/1098/1098
f 1108/1108/1108 1043/1043/1043 1049/1049/1049
f 1112/1112/1112 1109/1109/1109 1048/1048/1048
f 1118/1118/1118 1113/1113/1113 1057/1057/1057
f 1114/1114/1114 1050/1050/1050 1056/1056/1056
f 1121/1121/1121 1119/1119/1119 1054/1054/1054
f 1117/1117/1117 1058/1058/1058 1052/1052/1052
f 1125/1125/1125 1120/1120/1120 1084/1084/1084
f 1122/1122/1122 1055/1055/1055 1086/1086/1086
f 1094/1094/1094 1126/1126/1126 1074/1074/1074
f 1127/1127/1127 1088/1088/1088 1073/1073/1073
f 1128/1128/1128 467/467/467 436/436/436
f 1135/1135/1135 1130/1130/1130 437/437/437
f 1136/1136/1136 1134/1134/1134 349/349/349
f 1133/1133/1133 438/438/438 348/348/348
f 1139/1139/1139 1137/1137/1137 345/345/345
f 1138/1138/1138 347/347/347 343/343/343
f 1143/1143/1143 1140/1140/1140 392/392/392
f 1141/1141/1141 344/344/344 393/393/393
f 1146/1146/1146 1142/1142/1142 390/390/390
f 1147/1147/1147 389/389/389 398/398/398
f 1149/1149/1149 1144/1144/1144 400/400/400
f 1150/1150/1150 399/399/399 421/421/421
f 1154/1154/1154 1151/1151/1151 418/418/418
f 1153/1153/1153 420/420/420 442/442/442
f 1156/1156/1156 1155/1155/1155 441/441/441
f 1158/1158/1158 439/439/439 356/356/356
f 1161/1161/1161 1157/1157/1157 355/355/355
f 1160/1160/1160 353/353/353 478/478/478
f 1164/1164/1164 1159/1159/1159 477/477/477
f 1131/1131/1131 1162/1162/1162 468/468/468
f 1163/1163/1163 476/476/476 466/466/466
f 1145/1145/1145 1148/1148/1148 1152/1152/1152
f 1132/1132/1132 1165/1165/1165 1129/1129/1129
f 1168/1168/1168 1167/1167/1167 267/267/267
f 1171/1171/1171 265/265/265 224/224/224
f 1176/1176/1176 1175/1175/1175 397/397/397
f 1173/1173/1173 403/403/403 395/395/395
f 1169/1169/1169 223/223/223 239/239/239
f 1179/1179/1179 394/394/394 364/364/364
f 1182/1182/1182 1170/1170/1170 237/237/237
f 1183/1183/1183 1177/1177/1177 366/366/366
f 1184/1184/1184 365/365/365 305/305/305
f 1180/1180/1180 236/236/236 269/269/269
f 1188/1188/1188 1181/1181/1181 270/270/270
f 1189/1189/1189 271/271/271 284/284/284
f 1191/1191/1191 302/302/302 281/281/281
f 1192/1192/1192 1190/1190/1190 283/283/283
f 1194/1194/1194 282/282/282 263/263/263
f 1166/1166/1166 1193/1193/1193 262/262/262
f 1199/1199/1199 387/387/387 414/414/414
f 1200/1200/1200 1197/1197/1197 434/434/434
f 1195/1195/1195 415/415/415 431/431/431
f 1204/1204/1204 1186/1186/1186 317/317/317
f 1187/1187/1187 286/286/286 312/312/312
f 1210/1210/1210 1201/1201/1201 433/433/433
f 1205/1205/1205 1203/1203/1203 315/315/315
f 1208/1208/1208 432/432/432 423/423/423
f 1172/1172/1172 1209/1209/1209 402/402/402
f 1211/1211/1211 422/422/422 405/405/405
f 1207/1207/1207 313/313/313 373/373/373
f 1214/1214/1214 1206/1206/1206 369/369/369
f 1215/1215/1215 371/371/371 383/383/383
f 1217/1217/1217 1213/1213/1213 384/384/384
f 1198/1198/1198 1218/1218/1218 385/385/385
f 1174/1174/1174 1202/1202/1202 1212/1212/1212
f 1185/1185/1185 1174/1174/1174 1178/1178/1178
f 1202/1202/1202 1216/1216/1216 1196/1196/1196
f 1219/1219/1219 1223/1223/1223 449/449/449
f 1220/1220/1220 447/447/447 445/445/445
f 1224/1224/1224 274/274/274 255/255/255
f 1228/1228/1228 1221/1221/1221 444/444/444
f 1231/1231/1231 1225/1225/1225 256/256/256
f 1227/1227/1227 443/443/443 461/461/461
f 1234/1234/1234 257/257/257 205/205/205
f 1237/1237/1237 1232/1232/1232 489/489/489
f 1233/1233/1233 207/207/207 488/488/488
f 1239/1239/1239 1236/1236/1236 462/462/462
f 1235/1235/1235 487/487/487 465/465/465
f 1238/1238/1238 464/464/464 450/450/450
f 1222/1222/1222 1240/1240/1240 451/451/451
f 1245/1245/1245 1242/1242/1242 321/321/321
f 1244/1244/1244 318/318/318 293/293/293
f 1230/1230/1230 459/459/459 473/473/473
f 1248/1248/1248 1229/1229/1229 470/470/470
f 1226/1226/1226 1243/1243/1243 276/276/276
f 1246/1246/1246 295/295/295 277/277/277
f 1252/1252/1252 1247/1247/1247 471/471/471
f 1249/1249/1249 472/472/472 200/200/200
f 1255/1255/1255 1250/1250/1250 197/197/197
f 1251/1251/1251 201/201/201 196/196/196
f 1257/1257/1257 195/195/195 242/242/242
f 1260/1260/1260 1254/1254/1254 241/241/241
f 1258/1258/1258 243/243/243 320/320/320
f 1241/1241/1241 1259/1259/1259 322/322/322
f 1261/1261/1261 1253/1253/1253 1256/1256/1256
f 1267/1267/1267 124/124/124 1266/1266/1266
f 127/127/127 124/124/124 1267/1267/1267
f 1274/1274/1274 127/127/127 1267/1267/1267
f 129/129/129 1276/1276/1276 1266/1266/1266
f 129/129/129 1266/1266/1266 124/124/124
f 1282/1282/1282 1276/1276/1276 129/129/129
f 136/136/136 1284/1284/1284 1282/1282/1282
f 136/136/136 1274/1274/1274 1284/1284/1284
f 136/136/136 1282/1282/1282 129/129/129
f 136/136/136 127/127/127 1274/1274/1274
f 1289/1289/1289 1262/1262/1262 1277/1277/1277
f 1293/1293/1293 1286/1286/1286 1275/1275/1275
f 1291/1291/1291 1278/1278/1278 1281/1281/1281
f 1296/1296/1296 1292/1292/1292 1279/1279/1279
f 1297/1297/1297 1280/1280/1280 1283/1283/1283
f 1302/1302/1302 1294/1294/1294 1273/1273/1273
f 1295/1295/1295 1285/1285/1285 1272/1272/1272
f 1301/1301/1301 1271/1271/1271 1268/1268/1268
f 1305/1305/1305 1300/1300/1300 1269/1269/1269
f 1309/1309/1309 1304/1304/1304 1263/1263/1263
f 1306/1306/1306 1270/1270/1270 1264/1264/1264
f 1287/1287/1287 1308/1308/1308 1265/1265/1265
f 1303/1303/1303 117/117/117 1299/1299/1299
f 122/122/122 117/117/117 1303/1303/1303
f 1307/1307/1307 122/122/122 1303/1303/1303
f 115/115/115 1298/1298/1298 1299/1299/1299
f 115/115/115 1299/1299/1299 117/117/117
f 1290/1290/1290 1298/1298/1298 115/115/115
f 1288/1288/1288 122/122/122 1307/1307/1307
f 132/132/132 1288/1288/1288 1290/1290/1290
f 132/132/132 1290/1290/1290 115/115/115
f 132/132/132 122/122/122 1288/1288/1288
f 1311/1311/1311 48/48/48 3/3/3
f 1311/1311/1311 1314/1314/1314 48/48/48
f 1315/1315/1315 57/57/57 46/46/46
f 1315/1315/1315 1317/1317/1317 57/57/57
f 1316/1316/1316 8/8/8 55/55/55
f 1316/1316/1316 1321/1321/1321 8/8/8
f 1320/1320/1320 1/1/1 7/7/7
f 1320/1320/1320 1312/1312/1312 1/1/1
f 1318/1318/1318 1313/1313/1313 1310/1310/1310
f 1318/1318/1318 1310/1310/1310 1319/1319/1319

