mtllib material.mtl
usemtl material_0
v -0.13255800 0.14005500 -0.10961400
v -0.13255800 0.14005500 -0.10961400
v -0.13255800 0.14005500 -0.10961400
v -0.10960700 0.14007600 -0.13257200
v -0.10960700 0.14007600 -0.13257200
v -0.10960700 0.14007600 -0.13257200
v -0.10960700 0.14007600 -0.13257200
v -0.10962000 0.13261600 -0.14001700
v -0.10962000 0.13261600 -0.14001700
v -0.10962000 0.13261600 -0.14001700
v -0.10962000 0.13261600 -0.14001700
v -0.10960200 0.13970700 -0.13968600
v -0.10960200 0.13970700 -0.13968600
v -0.10960200 0.13970700 -0.13968600
v -0.10960200 0.13970700 -0.13968600
v -0.10986700 0.15044200 -0.15378900
v -0.10986700 0.15044200 -0.15378900
v -0.15069200 0.10986000 -0.15416000
v -0.15069200 0.10986000 -0.15416000
v -0.15069200 0.10986000 -0.15416000
v -0.15069200 0.10986000 -0.15416000
v -0.15069200 0.10986000 -0.15416000
v -0.15069200 0.10986000 -0.15416000
v -0.12254700 0.15243500 -0.15059200
v -0.12254700 0.15243500 -0.15059200
v -0.15227000 0.13715300 -0.14469800
v -0.15227000 0.13715300 -0.14469800
v -0.15227000 0.13715300 -0.14469800
v -0.15227000 0.13715300 -0.14469800
v -0.14579300 0.14002800 -0.14964900
v -0.14579300 0.14002800 -0.14964900
v -0.15559400 0.14014500 -0.13408300
v -0.15559400 0.14014500 -0.13408300
v -0.15559400 0.14014500 -0.13408300
v -0.15559400 0.14014500 -0.13408300
v -0.15559400 0.14014500 -0.13408300
v -0.14100300 0.12250900 -0.15778400
v -0.14100300 0.12250900 -0.15778400
v -0.14100300 0.12250900 -0.15778400
v -0.15064600 0.14653200 -0.13673400
v -0.15064600 0.14653200 -0.13673400
v -0.15844600 0.10985500 -0.14095000
v -0.15844600 0.10985500 -0.14095000
v -0.15844600 0.10985500 -0.14095000
v -0.15844600 0.10985500 -0.14095000
v -0.15206700 0.15263900 -0.10992700
v -0.15206700 0.15263900 -0.10992700
v -0.15206700 0.15263900 -0.10992700
v -0.15206700 0.15263900 -0.10992700
v -0.13394100 0.14216700 -0.15475900
v -0.15838300 0.14068800 -0.10986300
v -0.15838300 0.14068800 -0.10986300
v -0.15838300 0.14068800 -0.10986300
v -0.15838300 0.14068800 -0.10986300
v -0.13314500 0.10982300 -0.15914300
v -0.13314500 0.10982300 -0.15914300
v -0.15710700 0.14328900 -0.11996200
v -0.15710700 0.14328900 -0.11996200
v -0.15710700 0.14328900 -0.11996200
v -0.15710700 0.14328900 -0.11996200
v -0.15710700 0.14328900 -0.11996200
v -0.14904900 0.12591700 -0.15355800
v -0.14904900 0.12591700 -0.15355800
v -0.14904900 0.12591700 -0.15355800
v -0.14904900 0.12591700 -0.15355800
v -0.14904900 0.12591700 -0.15355800
v -0.14904900 0.12591700 -0.15355800
v -0.15374200 0.12165500 -0.14967900
v -0.15374200 0.12165500 -0.14967900
v -0.15374200 0.12165500 -0.14967900
v -0.15374200 0.12165500 -0.14967900
v -0.15374200 0.12165500 -0.14967900
v -0.15289400 0.14864400 -0.12679700
v -0.15289400 0.14864400 -0.12679700
v -0.15289400 0.14864400 -0.12679700
v -0.15289400 0.14864400 -0.12679700
v -0.15289400 0.14864400 -0.12679700
v -0.15845500 0.13324600 -0.12995100
v -0.15845500 0.13324600 -0.12995100
v -0.15845500 0.13324600 -0.12995100
v -0.15845500 0.13324600 -0.12995100
v -0.15746900 0.12425700 -0.14173100
v -0.15746900 0.12425700 -0.14173100
v -0.15746900 0.12425700 -0.14173100
v -0.15746900 0.12425700 -0.14173100
v -0.15746900 0.12425700 -0.14173100
v -0.14295700 0.13151200 -0.15526400
v -0.14295700 0.13151200 -0.15526400
v -0.12335100 0.14340900 -0.15655200
v -0.12335100 0.14340900 -0.15655200
v -0.13538300 0.15015400 -0.14811500
v -0.14520600 0.15367800 -0.13148600
v -0.14520600 0.15367800 -0.13148600
v -0.10987000 0.14225300 -0.15799700
v -0.13989900 0.13238500 -0.10964700
v -0.13989900 0.13238500 -0.10964700
v -0.13989900 0.13238500 -0.10964700
v -0.15870400 0.13311900 -0.11011500
v -0.13968600 0.13970800 -0.10960200
v -0.13968600 0.13970800 -0.10960200
v -0.13968600 0.13970800 -0.10960200
v -0.13968600 0.13970800 -0.10960200
v -0.13968600 0.13970800 -0.10960200
v -0.13968600 0.13970800 -0.10960200
v -0.14002400 0.10958800 -0.13284600
v -0.14002400 0.10958800 -0.13284600
v -0.14002400 0.10958800 -0.13284600
v -0.14002400 0.10958800 -0.13284600
v -0.13252700 0.10962600 -0.13999300
v -0.13252700 0.10962600 -0.13999300
v -0.13968000 0.10962200 -0.13970200
v -0.13968000 0.10962200 -0.13970200
v -0.13968000 0.10962200 -0.13970200
v -0.13968000 0.10962200 -0.13970200
v -0.13968000 0.10962200 -0.13970200
v -0.13968000 0.10962200 -0.13970200
v -0.13968000 0.10962200 -0.13970200
v -0.13317100 0.10933200 -0.15944600
v -0.13317100 0.10933200 -0.15944600
v -0.13317100 0.10933200 -0.15944600
v -0.13317100 0.10933200 -0.15944600
v -0.13317100 0.10933200 -0.15944600
v -0.13317100 0.10933200 -0.15944600
v -0.13317100 0.10933200 -0.15944600
v -0.10935300 0.13243500 -0.15925800
v -0.10935300 0.13243500 -0.15925800
v -0.10935300 0.13243500 -0.15925800
v -0.10935300 0.13243500 -0.15925800
v -0.10936100 0.14199400 -0.15867400
v -0.10936100 0.14199400 -0.15867400
v -0.10936100 0.14199400 -0.15867400
v -0.10936100 0.14199400 -0.15867400
v -0.10936100 0.14199400 -0.15867400
v -0.10936100 0.14199400 -0.15867400
v -0.10938400 0.15925500 -0.13253100
v -0.10938400 0.15925500 -0.13253100
v -0.10938400 0.15925500 -0.13253100
v -0.10938400 0.15925500 -0.13253100
v -0.11886700 0.13827900 -0.15906000
v -0.11886700 0.13827900 -0.15906000
v -0.11886700 0.13827900 -0.15906000
v -0.11886700 0.13827900 -0.15906000
v -0.11886700 0.13827900 -0.15906000
v -0.11886700 0.13827900 -0.15906000
v -0.13568600 0.14706600 -0.15163000
v -0.13568600 0.14706600 -0.15163000
v -0.13568600 0.14706600 -0.15163000
v -0.13568600 0.14706600 -0.15163000
v -0.13568600 0.14706600 -0.15163000
v -0.13568600 0.14706600 -0.15163000
v -0.14785500 0.15120000 -0.13529600
v -0.14785500 0.15120000 -0.13529600
v -0.14785500 0.15120000 -0.13529600
v -0.14785500 0.15120000 -0.13529600
v -0.14785500 0.15120000 -0.13529600
v -0.14785500 0.15120000 -0.13529600
v -0.15754700 0.13461100 -0.13602000
v -0.15754700 0.13461100 -0.13602000
v -0.15754700 0.13461100 -0.13602000
v -0.15754700 0.13461100 -0.13602000
v -0.15754700 0.13461100 -0.13602000
v -0.15754700 0.13461100 -0.13602000
v -0.15479900 0.10935300 -0.15025900
v -0.15479900 0.10935300 -0.15025900
v -0.15479900 0.10935300 -0.15025900
v -0.15479900 0.10935300 -0.15025900
v -0.15479900 0.10935300 -0.15025900
v -0.15483300 0.14092700 -0.13751800
v -0.15483300 0.14092700 -0.13751800
v -0.15483300 0.14092700 -0.13751800
v -0.15483300 0.14092700 -0.13751800
v -0.15483300 0.14092700 -0.13751800
v -0.14038500 0.12423600 -0.15826400
v -0.14038500 0.12423600 -0.15826400
v -0.14038500 0.12423600 -0.15826400
v -0.14038500 0.12423600 -0.15826400
v -0.14038500 0.12423600 -0.15826400
v -0.14038500 0.12423600 -0.15826400
v -0.14755200 0.14361000 -0.14595300
v -0.14755200 0.14361000 -0.14595300
v -0.14755200 0.14361000 -0.14595300
v -0.14755200 0.14361000 -0.14595300
v -0.14755200 0.14361000 -0.14595300
v -0.14755200 0.14361000 -0.14595300
v -0.14024500 0.15321900 -0.14071000
v -0.14024500 0.15321900 -0.14071000
v -0.14024500 0.15321900 -0.14071000
v -0.14024500 0.15321900 -0.14071000
v -0.14024500 0.15321900 -0.14071000
v -0.14024500 0.15321900 -0.14071000
v -0.14207200 0.15860600 -0.10936200
v -0.14207200 0.15860600 -0.10936200
v -0.14207200 0.15860600 -0.10936200
v -0.14207200 0.15860600 -0.10936200
v -0.14207200 0.15860600 -0.10936200
v -0.14207200 0.15860600 -0.10936200
v -0.14964200 0.15503400 -0.10935900
v -0.14964200 0.15503400 -0.10935900
v -0.14964200 0.15503400 -0.10935900
v -0.14964200 0.15503400 -0.10935900
v -0.14964200 0.15503400 -0.10935900
v -0.13370500 0.15897200 -0.12633600
v -0.13370500 0.15897200 -0.12633600
v -0.13370500 0.15897200 -0.12633600
v -0.13370500 0.15897200 -0.12633600
v -0.13370500 0.15897200 -0.12633600
v -0.13370500 0.15897200 -0.12633600
v -0.12759900 0.15760000 -0.13957100
v -0.12759900 0.15760000 -0.13957100
v -0.12759900 0.15760000 -0.13957100
v -0.12759900 0.15760000 -0.13957100
v -0.12759900 0.15760000 -0.13957100
v -0.15202100 0.13200200 -0.14944900
v -0.15202100 0.13200200 -0.14944900
v -0.15202100 0.13200200 -0.14944900
v -0.15202100 0.13200200 -0.14944900
v -0.15202100 0.13200200 -0.14944900
v -0.15202100 0.13200200 -0.14944900
v -0.15617000 0.14775800 -0.10935500
v -0.15617000 0.14775800 -0.10935500
v -0.15617000 0.14775800 -0.10935500
v -0.15617000 0.14775800 -0.10935500
v -0.15617000 0.14775800 -0.10935500
v -0.10936200 0.15324200 -0.15190500
v -0.10936200 0.15324200 -0.15190500
v -0.10936200 0.15324200 -0.15190500
v -0.10936200 0.15324200 -0.15190500
v -0.10936200 0.15324200 -0.15190500
v -0.14373100 0.15662600 -0.12510500
v -0.14373100 0.15662600 -0.12510500
v -0.14373100 0.15662600 -0.12510500
v -0.14373100 0.15662600 -0.12510500
v -0.14373100 0.15662600 -0.12510500
v -0.14373100 0.15662600 -0.12510500
v -0.14373100 0.15662600 -0.12510500
v -0.15109300 0.15269600 -0.12075400
v -0.15109300 0.15269600 -0.12075400
v -0.15109300 0.15269600 -0.12075400
v -0.15109300 0.15269600 -0.12075400
v -0.15109300 0.15269600 -0.12075400
v -0.14514900 0.10934600 -0.15749100
v -0.14514900 0.10934600 -0.15749100
v -0.14514900 0.10934600 -0.15749100
v -0.14514900 0.10934600 -0.15749100
v -0.14514900 0.10934600 -0.15749100
v -0.15891900 0.10940000 -0.14168300
v -0.15891900 0.10940000 -0.14168300
v -0.15891900 0.10940000 -0.14168300
v -0.15891900 0.10940000 -0.14168300
v -0.15891900 0.10940000 -0.14168300
v -0.15891900 0.10940000 -0.14168300
v -0.15891900 0.10940000 -0.14168300
v -0.15960000 0.13323300 -0.10926500
v -0.15960000 0.13323300 -0.10926500
v -0.15960000 0.13323300 -0.10926500
v -0.15960000 0.13323300 -0.10926500
v -0.15960000 0.13323300 -0.10926500
v -0.15960000 0.13323300 -0.10926500
v -0.15960000 0.13323300 -0.10926500
v -0.15629100 0.14571200 -0.12291700
v -0.15629100 0.14571200 -0.12291700
v -0.15629100 0.14571200 -0.12291700
v -0.15629100 0.14571200 -0.12291700
v -0.15629100 0.14571200 -0.12291700
v -0.15629100 0.14571200 -0.12291700
v -0.15629100 0.14571200 -0.12291700
v -0.12053000 0.14720800 -0.15570500
v -0.12053000 0.14720800 -0.15570500
v -0.12053000 0.14720800 -0.15570500
v -0.12053000 0.14720800 -0.15570500
v -0.12053000 0.14720800 -0.15570500
v -0.12053000 0.14720800 -0.15570500
v -0.14139300 0.13683200 -0.15487600
v -0.14139300 0.13683200 -0.15487600
v -0.14139300 0.13683200 -0.15487600
v -0.14139300 0.13683200 -0.15487600
v -0.14139300 0.13683200 -0.15487600
v -0.14139300 0.13683200 -0.15487600
v -0.15906600 0.13495200 -0.12639500
v -0.15906600 0.13495200 -0.12639500
v -0.15906600 0.13495200 -0.12639500
v -0.15906600 0.13495200 -0.12639500
v -0.15906600 0.13495200 -0.12639500
v -0.15582600 0.11978500 -0.14768800
v -0.15582600 0.11978500 -0.14768800
v -0.15582600 0.11978500 -0.14768800
v -0.15582600 0.11978500 -0.14768800
v -0.15582600 0.11978500 -0.14768800
v -0.12892800 0.13991300 -0.15747000
v -0.12892800 0.13991300 -0.15747000
v -0.12892800 0.13991300 -0.15747000
v -0.12892800 0.13991300 -0.15747000
v -0.12892800 0.13991300 -0.15747000
v -0.10937200 0.15879800 -0.14140500
v -0.10937200 0.15879800 -0.14140500
v -0.10937200 0.15879800 -0.14140500
v -0.10937200 0.15879800 -0.14140500
v -0.10937200 0.15879800 -0.14140500
v -0.10937200 0.15879800 -0.14140500
v -0.10937200 0.15879800 -0.14140500
v -0.14939800 0.12021400 -0.15478800
v -0.14939800 0.12021400 -0.15478800
v -0.14939800 0.12021400 -0.15478800
v -0.14939800 0.12021400 -0.15478800
v -0.14939800 0.12021400 -0.15478800
v -0.14939800 0.12021400 -0.15478800
v -0.12686900 0.15436600 -0.14762600
v -0.12686900 0.15436600 -0.14762600
v -0.12686900 0.15436600 -0.14762600
v -0.12686900 0.15436600 -0.14762600
v -0.12686900 0.15436600 -0.14762600
v -0.12686900 0.15436600 -0.14762600
v -0.13267500 0.15925900 -0.10943400
v -0.13267500 0.15925900 -0.10943400
v -0.13267500 0.15925900 -0.10943400
v -0.13267500 0.15925900 -0.10943400
v -0.13267500 0.15925900 -0.10943400
v -0.15925800 0.10938200 -0.13254600
v -0.15925800 0.10938200 -0.13254600
v -0.15925800 0.10938200 -0.13254600
v -0.15925800 0.10938200 -0.13254600
v 0.13255800 0.14005500 0.10961400
v 0.13255800 0.14005500 0.10961400
v 0.13255800 0.14005500 0.10961400
v 0.10960700 0.14007600 0.13257200
v 0.10960700 0.14007600 0.13257200
v 0.10960700 0.14007600 0.13257200
v 0.10960700 0.14007600 0.13257200
v 0.10962000 0.13261600 0.14001700
v 0.10962000 0.13261600 0.14001700
v 0.10962000 0.13261600 0.14001700
v 0.10962000 0.13261600 0.14001700
v 0.10960200 0.13970700 0.13968600
v 0.10960200 0.13970700 0.13968600
v 0.10960200 0.13970700 0.13968600
v 0.10960200 0.13970700 0.13968600
v 0.10986700 0.15044200 0.15378900
v 0.10986700 0.15044200 0.15378900
v 0.10986700 0.15044200 0.15378900
v 0.10987500 0.15741500 0.14388300
v 0.10987500 0.15741500 0.14388300
v 0.15069200 0.10986000 0.15416000
v 0.15069200 0.10986000 0.15416000
v 0.15069200 0.10986000 0.15416000
v 0.15069200 0.10986000 0.15416000
v 0.15069200 0.10986000 0.15416000
v 0.15069200 0.10986000 0.15416000
v 0.12254700 0.15243500 0.15059200
v 0.12254700 0.15243500 0.15059200
v 0.12254700 0.15243500 0.15059200
v 0.12254700 0.15243500 0.15059200
v 0.12254700 0.15243500 0.15059200
v 0.12254700 0.15243500 0.15059200
v 0.15227000 0.13715200 0.14469800
v 0.15227000 0.13715200 0.14469800
v 0.15227000 0.13715200 0.14469800
v 0.15227000 0.13715200 0.14469800
v 0.14579300 0.14002800 0.14964900
v 0.14579300 0.14002800 0.14964900
v 0.14579300 0.14002800 0.14964900
v 0.14579300 0.14002800 0.14964900
v 0.14579300 0.14002800 0.14964900
v 0.15559400 0.14014500 0.13408300
v 0.15559400 0.14014500 0.13408300
v 0.15559400 0.14014500 0.13408300
v 0.15559400 0.14014500 0.13408300
v 0.15559400 0.14014500 0.13408300
v 0.14100300 0.12250900 0.15778400
v 0.14100300 0.12250900 0.15778400
v 0.14100300 0.12250900 0.15778400
v 0.15064600 0.14653200 0.13673400
v 0.15064600 0.14653200 0.13673400
v 0.15844600 0.10985500 0.14095000
v 0.15844600 0.10985500 0.14095000
v 0.15844600 0.10985500 0.14095000
v 0.15844600 0.10985500 0.14095000
v 0.14822400 0.15542800 0.10986500
v 0.14355600 0.15683700 0.12058700
v 0.14355600 0.15683700 0.12058700
v 0.15206700 0.15263900 0.10992700
v 0.15206700 0.15263900 0.10992700
v 0.15206700 0.15263900 0.10992700
v 0.15206700 0.15263900 0.10992700
v 0.15206700 0.15263900 0.10992700
v 0.14463400 0.14949700 0.14110100
v 0.14463400 0.14949700 0.14110100
v 0.13394100 0.14216700 0.15475900
v 0.13394100 0.14216700 0.15475900
v 0.13394100 0.14216700 0.15475900
v 0.13394100 0.14216700 0.15475900
v 0.15838300 0.14068800 0.10986300
v 0.15838300 0.14068800 0.10986300
v 0.15838300 0.14068800 0.10986300
v 0.15838300 0.14068800 0.10986300
v 0.13314500 0.10982300 0.15914300
v 0.13314500 0.10982300 0.15914300
v 0.15710700 0.14328900 0.11996200
v 0.15710700 0.14328900 0.11996200
v 0.15710700 0.14328900 0.11996200
v 0.15710700 0.14328900 0.11996200
v 0.15710700 0.14328900 0.11996200
v 0.14904900 0.12591700 0.15355800
v 0.14904900 0.12591700 0.15355800
v 0.14904900 0.12591700 0.15355800
v 0.14904900 0.12591700 0.15355800
v 0.14904900 0.12591700 0.15355800
v 0.14904900 0.12591700 0.15355800
v 0.15374300 0.12165500 0.14967900
v 0.15374300 0.12165500 0.14967900
v 0.15374300 0.12165500 0.14967900
v 0.15374300 0.12165500 0.14967900
v 0.15374300 0.12165500 0.14967900
v 0.15289400 0.14864400 0.12679700
v 0.15289400 0.14864400 0.12679700
v 0.15289400 0.14864400 0.12679700
v 0.15289400 0.14864400 0.12679700
v 0.15289400 0.14864400 0.12679700
v 0.15845500 0.13324600 0.12995100
v 0.15845500 0.13324600 0.12995100
v 0.15845500 0.13324600 0.12995100
v 0.15845500 0.13324600 0.12995100
v 0.15845500 0.13324600 0.12995100
v 0.15746900 0.12425700 0.14173100
v 0.15746900 0.12425700 0.14173100
v 0.15746900 0.12425700 0.14173100
v 0.15746900 0.12425700 0.14173100
v 0.15746900 0.12425700 0.14173100
v 0.14295700 0.13151200 0.15526400
v 0.14295700 0.13151200 0.15526400
v 0.14295700 0.13151200 0.15526400
v 0.12335100 0.14340900 0.15655200
v 0.12335100 0.14340900 0.15655200
v 0.12335100 0.14340900 0.15655200
v 0.13538300 0.15015400 0.14811500
v 0.13538300 0.15015400 0.14811500
v 0.13538300 0.15015400 0.14811500
v 0.13538300 0.15015400 0.14811500
v 0.13538300 0.15015400 0.14811500
v 0.14520600 0.15367800 0.13148600
v 0.14520600 0.15367800 0.13148600
v 0.14520600 0.15367800 0.13148600
v 0.10987000 0.14225300 0.15799700
v 0.13181700 0.15610300 0.14005900
v 0.13181700 0.15610300 0.14005900
v 0.13181700 0.15610300 0.14005900
v 0.13989900 0.13238400 0.10964700
v 0.13989900 0.13238400 0.10964700
v 0.13989900 0.13238400 0.10964700
v 0.15870400 0.13311900 0.11011500
v 0.15870400 0.13311900 0.11011500
v 0.13968600 0.13970800 0.10960200
v 0.13968600 0.13970800 0.10960200
v 0.13968600 0.13970800 0.10960200
v 0.13968600 0.13970800 0.10960200
v 0.13968600 0.13970800 0.10960200
v 0.14002400 0.10958800 0.13284600
v 0.14002400 0.10958800 0.13284600
v 0.14002400 0.10958800 0.13284600
v 0.14002400 0.10958800 0.13284600
v 0.13252700 0.10962600 0.13999300
v 0.13252700 0.10962600 0.13999300
v 0.13968000 0.10962100 0.13970200
v 0.13968000 0.10962100 0.13970200
v 0.13968000 0.10962100 0.13970200
v 0.13968000 0.10962100 0.13970200
v 0.13968000 0.10962100 0.13970200
v 0.13968000 0.10962100 0.13970200
v 0.13968000 0.10962100 0.13970200
v 0.13317100 0.10933200 0.15944600
v 0.13317100 0.10933200 0.15944600
v 0.13317100 0.10933200 0.15944600
v 0.13317100 0.10933200 0.15944600
v 0.13317100 0.10933200 0.15944600
v 0.13317100 0.10933200 0.15944600
v 0.13317100 0.10933200 0.15944600
v 0.10935300 0.13243500 0.15925800
v 0.10935300 0.13243500 0.15925800
v 0.10935300 0.13243500 0.15925800
v 0.10935300 0.13243500 0.15925800
v 0.10936100 0.14199400 0.15867400
v 0.10936100 0.14199400 0.15867400
v 0.10936100 0.14199400 0.15867400
v 0.10936100 0.14199400 0.15867400
v 0.10936100 0.14199400 0.15867400
v 0.10936100 0.14199400 0.15867400
v 0.10938400 0.15925500 0.13253100
v 0.10938400 0.15925500 0.13253100
v 0.10938400 0.15925500 0.13253100
v 0.10938400 0.15925500 0.13253100
v 0.11886700 0.13827900 0.15906000
v 0.11886700 0.13827900 0.15906000
v 0.11886700 0.13827900 0.15906000
v 0.11886700 0.13827900 0.15906000
v 0.11886700 0.13827900 0.15906000
v 0.11886700 0.13827900 0.15906000
v 0.13568600 0.14706500 0.15163000
v 0.13568600 0.14706500 0.15163000
v 0.13568600 0.14706500 0.15163000
v 0.13568600 0.14706500 0.15163000
v 0.13568600 0.14706500 0.15163000
v 0.13568600 0.14706500 0.15163000
v 0.14785500 0.15120000 0.13529600
v 0.14785500 0.15120000 0.13529600
v 0.14785500 0.15120000 0.13529600
v 0.14785500 0.15120000 0.13529600
v 0.14785500 0.15120000 0.13529600
v 0.14785500 0.15120000 0.13529600
v 0.15754800 0.13461100 0.13602000
v 0.15754800 0.13461100 0.13602000
v 0.15754800 0.13461100 0.13602000
v 0.15754800 0.13461100 0.13602000
v 0.15754800 0.13461100 0.13602000
v 0.15754800 0.13461100 0.13602000
v 0.15480000 0.10935300 0.15025900
v 0.15480000 0.10935300 0.15025900
v 0.15480000 0.10935300 0.15025900
v 0.15480000 0.10935300 0.15025900
v 0.15480000 0.10935300 0.15025900
v 0.15483300 0.14092700 0.13751800
v 0.15483300 0.14092700 0.13751800
v 0.15483300 0.14092700 0.13751800
v 0.15483300 0.14092700 0.13751800
v 0.15483300 0.14092700 0.13751800
v 0.14038500 0.12423600 0.15826400
v 0.14038500 0.12423600 0.15826400
v 0.14038500 0.12423600 0.15826400
v 0.14038500 0.12423600 0.15826400
v 0.14038500 0.12423600 0.15826400
v 0.14038500 0.12423600 0.15826400
v 0.14755200 0.14361000 0.14595300
v 0.14755200 0.14361000 0.14595300
v 0.14755200 0.14361000 0.14595300
v 0.14755200 0.14361000 0.14595300
v 0.14755200 0.14361000 0.14595300
v 0.14755200 0.14361000 0.14595300
v 0.14024500 0.15321900 0.14071000
v 0.14024500 0.15321900 0.14071000
v 0.14024500 0.15321900 0.14071000
v 0.14024500 0.15321900 0.14071000
v 0.14024500 0.15321900 0.14071000
v 0.14024500 0.15321900 0.14071000
v 0.14207200 0.15860600 0.10936200
v 0.14207200 0.15860600 0.10936200
v 0.14207200 0.15860600 0.10936200
v 0.14207200 0.15860600 0.10936200
v 0.14207200 0.15860600 0.10936200
v 0.14207200 0.15860600 0.10936200
v 0.14964200 0.15503400 0.10935900
v 0.14964200 0.15503400 0.10935900
v 0.14964200 0.15503400 0.10935900
v 0.14964200 0.15503400 0.10935900
v 0.14964200 0.15503400 0.10935900
v 0.13370500 0.15897200 0.12633600
v 0.13370500 0.15897200 0.12633600
v 0.13370500 0.15897200 0.12633600
v 0.13370500 0.15897200 0.12633600
v 0.13370500 0.15897200 0.12633600
v 0.13370500 0.15897200 0.12633600
v 0.12759900 0.15760000 0.13957100
v 0.12759900 0.15760000 0.13957100
v 0.12759900 0.15760000 0.13957100
v 0.12759900 0.15760000 0.13957100
v 0.12759900 0.15760000 0.13957100
v 0.15202200 0.13200100 0.14944900
v 0.15202200 0.13200100 0.14944900
v 0.15202200 0.13200100 0.14944900
v 0.15202200 0.13200100 0.14944900
v 0.15202200 0.13200100 0.14944900
v 0.15202200 0.13200100 0.14944900
v 0.15617000 0.14775800 0.10935500
v 0.15617000 0.14775800 0.10935500
v 0.15617000 0.14775800 0.10935500
v 0.15617000 0.14775800 0.10935500
v 0.15617000 0.14775800 0.10935500
v 0.10936200 0.15324200 0.15190500
v 0.10936200 0.15324200 0.15190500
v 0.10936200 0.15324200 0.15190500
v 0.10936200 0.15324200 0.15190500
v 0.10936200 0.15324200 0.15190500
v 0.14373100 0.15662600 0.12510500
v 0.14373100 0.15662600 0.12510500
v 0.14373100 0.15662600 0.12510500
v 0.14373100 0.15662600 0.12510500
v 0.14373100 0.15662600 0.12510500
v 0.14373100 0.15662600 0.12510500
v 0.14373100 0.15662600 0.12510500
v 0.15109300 0.15269600 0.12075400
v 0.15109300 0.15269600 0.12075400
v 0.15109300 0.15269600 0.12075400
v 0.15109300 0.15269600 0.12075400
v 0.15109300 0.15269600 0.12075400
v 0.14514900 0.10934600 0.15749100
v 0.14514900 0.10934600 0.15749100
v 0.14514900 0.10934600 0.15749100
v 0.14514900 0.10934600 0.15749100
v 0.14514900 0.10934600 0.15749100
v 0.15891900 0.10940000 0.14168300
v 0.15891900 0.10940000 0.14168300
v 0.15891900 0.10940000 0.14168300
v 0.15891900 0.10940000 0.14168300
v 0.15891900 0.10940000 0.14168300
v 0.15891900 0.10940000 0.14168300
v 0.15891900 0.10940000 0.14168300
v 0.15960000 0.13323300 0.10926500
v 0.15960000 0.13323300 0.10926500
v 0.15960000 0.13323300 0.10926500
v 0.15960000 0.13323300 0.10926500
v 0.15960000 0.13323300 0.10926500
v 0.15960000 0.13323300 0.10926500
v 0.15960000 0.13323300 0.10926500
v 0.15629100 0.14571200 0.12291700
v 0.15629100 0.14571200 0.12291700
v 0.15629100 0.14571200 0.12291700
v 0.15629100 0.14571200 0.12291700
v 0.15629100 0.14571200 0.12291700
v 0.15629100 0.14571200 0.12291700
v 0.15629100 0.14571200 0.12291700
v 0.12053000 0.14720800 0.15570500
v 0.12053000 0.14720800 0.15570500
v 0.12053000 0.14720800 0.15570500
v 0.12053000 0.14720800 0.15570500
v 0.12053000 0.14720800 0.15570500
v 0.12053000 0.14720800 0.15570500
v 0.14139300 0.13683200 0.15487600
v 0.14139300 0.13683200 0.15487600
v 0.14139300 0.13683200 0.15487600
v 0.14139300 0.13683200 0.15487600
v 0.14139300 0.13683200 0.15487600
v 0.14139300 0.13683200 0.15487600
v 0.15906600 0.13495200 0.12639500
v 0.15906600 0.13495200 0.12639500
v 0.15906600 0.13495200 0.12639500
v 0.15906600 0.13495200 0.12639500
v 0.15906600 0.13495200 0.12639500
v 0.15582600 0.11978400 0.14768800
v 0.15582600 0.11978400 0.14768800
v 0.15582600 0.11978400 0.14768800
v 0.15582600 0.11978400 0.14768800
v 0.15582600 0.11978400 0.14768800
v 0.12892800 0.13991300 0.15747000
v 0.12892800 0.13991300 0.15747000
v 0.12892800 0.13991300 0.15747000
v 0.12892800 0.13991300 0.15747000
v 0.12892800 0.13991300 0.15747000
v 0.10937200 0.15879800 0.14140500
v 0.10937200 0.15879800 0.14140500
v 0.10937200 0.15879800 0.14140500
v 0.10937200 0.15879800 0.14140500
v 0.10937200 0.15879800 0.14140500
v 0.10937200 0.15879800 0.14140500
v 0.10937200 0.15879800 0.14140500
v 0.14939900 0.12021400 0.15478800
v 0.14939900 0.12021400 0.15478800
v 0.14939900 0.12021400 0.15478800
v 0.14939900 0.12021400 0.15478800
v 0.14939900 0.12021400 0.15478800
v 0.14939900 0.12021400 0.15478800
v 0.12686900 0.15436600 0.14762600
v 0.12686900 0.15436600 0.14762600
v 0.12686900 0.15436600 0.14762600
v 0.12686900 0.15436600 0.14762600
v 0.12686900 0.15436600 0.14762600
v 0.12686900 0.15436600 0.14762600
v 0.13267500 0.15925900 0.10943400
v 0.13267500 0.15925900 0.10943400
v 0.13267500 0.15925900 0.10943400
v 0.13267500 0.15925900 0.10943400
v 0.13267500 0.15925900 0.10943400
v 0.15925800 0.10938200 0.13254600
v 0.15925800 0.10938200 0.13254600
v 0.15925800 0.10938200 0.13254600
v 0.15925800 0.10938200 0.13254600
v -0.10984700 0.14000200 0.12366000
v -0.10957700 0.14006700 0.13259100
v -0.10957700 0.14006700 0.13259100
v -0.10957700 0.14006700 0.13259100
v -0.13257200 0.14007600 0.10960700
v -0.13257200 0.14007600 0.10960700
v -0.13257200 0.14007600 0.10960700
v -0.13257200 0.14007600 0.10960700
v -0.13257200 0.14007600 0.10960700
v -0.13416900 0.15931900 0.10968300
v -0.13416900 0.15931900 0.10968300
v -0.13416900 0.15931900 0.10968300
v -0.10998400 0.15874300 0.13309100
v -0.14001700 0.13261600 0.10962000
v -0.14001700 0.13261600 0.10962000
v -0.14001700 0.13261600 0.10962000
v -0.14001700 0.13261600 0.10962000
v -0.13969300 0.13971500 0.10957800
v -0.13969300 0.13971500 0.10957800
v -0.13969300 0.13971500 0.10957800
v -0.13969300 0.13971500 0.10957800
v -0.14401200 0.12760900 0.15610100
v -0.14401200 0.12760900 0.15610100
v -0.14401200 0.12760900 0.15610100
v -0.13727700 0.15772400 0.12716400
v -0.13727700 0.15772400 0.12716400
v -0.13727700 0.15772400 0.12716400
v -0.13727700 0.15772400 0.12716400
v -0.14377600 0.14341200 0.14894700
v -0.14377600 0.14341200 0.14894700
v -0.14936700 0.15288800 0.12460600
v -0.14936700 0.15288800 0.12460600
v -0.14851100 0.10987300 0.15534300
v -0.14851100 0.10987300 0.15534300
v -0.14851100 0.10987300 0.15534300
v -0.14851100 0.10987300 0.15534300
v -0.15390200 0.10990600 0.15056700
v -0.15390200 0.10990600 0.15056700
v -0.15390200 0.10990600 0.15056700
v -0.15390200 0.10990600 0.15056700
v -0.15390200 0.10990600 0.15056700
v -0.15130700 0.14473000 0.13826200
v -0.15826500 0.10993400 0.14248900
v -0.15826500 0.10993400 0.14248900
v -0.14872500 0.13644100 0.14933900
v -0.14872500 0.13644100 0.14933900
v -0.10987400 0.15850300 0.14096200
v -0.10987400 0.15850300 0.14096200
v -0.10987400 0.15850300 0.14096200
v -0.12123800 0.15703400 0.14256400
v -0.14145400 0.10985500 0.15829700
v -0.14145400 0.10985500 0.15829700
v -0.15586400 0.14521400 0.12390700
v -0.13828600 0.12178900 0.15847400
v -0.15326600 0.12538500 0.14928100
v -0.15326600 0.12538500 0.14928100
v -0.14933700 0.15495100 0.10987600
v -0.14933700 0.15495100 0.10987600
v -0.14933700 0.15495100 0.10987600
v -0.10964700 0.13238500 0.13989900
v -0.10964700 0.13238500 0.13989900
v -0.10964700 0.13238500 0.13989900
v -0.11010500 0.13313100 0.15873000
v -0.10961200 0.13970500 0.13968300
v -0.10961200 0.13970500 0.13968300
v -0.10961200 0.13970500 0.13968300
v -0.10961200 0.13970500 0.13968300
v -0.10961200 0.13970500 0.13968300
v -0.13284600 0.10958800 0.14002400
v -0.13284600 0.10958800 0.14002400
v -0.13284600 0.10958800 0.14002400
v -0.13284600 0.10958800 0.14002400
v -0.13267300 0.10986000 0.15875000
v -0.13999300 0.10962600 0.13252700
v -0.13999300 0.10962600 0.13252700
v -0.13999300 0.10962600 0.13252700
v -0.13970200 0.10962200 0.13968000
v -0.13970200 0.10962200 0.13968000
v -0.13970200 0.10962200 0.13968000
v -0.13970200 0.10962200 0.13968000
v -0.13970200 0.10962200 0.13968000
v -0.13970200 0.10962200 0.13968000
v -0.13970200 0.10962200 0.13968000
v -0.15926500 0.10949800 0.13288000
v -0.15926500 0.10949800 0.13288000
v -0.15926500 0.10949800 0.13288000
v -0.15926500 0.10949800 0.13288000
v -0.15926500 0.10949800 0.13288000
v -0.15925800 0.13243500 0.10935300
v -0.15925800 0.13243500 0.10935300
v -0.15925800 0.13243500 0.10935300
v -0.15925800 0.13243500 0.10935300
v -0.15301800 0.15231200 0.10936800
v -0.15301800 0.15231200 0.10936800
v -0.15301800 0.15231200 0.10936800
v -0.15301800 0.15231200 0.10936800
v -0.15301800 0.15231200 0.10936800
v -0.14143400 0.15877400 0.10935000
v -0.14143400 0.15877400 0.10935000
v -0.14143400 0.15877400 0.10935000
v -0.14143400 0.15877400 0.10935000
v -0.14143400 0.15877400 0.10935000
v -0.14143400 0.15877400 0.10935000
v -0.14143400 0.15877400 0.10935000
v -0.13253100 0.15925400 0.10938400
v -0.13253100 0.15925400 0.10938400
v -0.13253100 0.15925400 0.10938400
v -0.13253100 0.15925400 0.10938400
v -0.14508200 0.13420300 0.15394000
v -0.14508200 0.13420300 0.15394000
v -0.14508200 0.13420300 0.15394000
v -0.14508200 0.13420300 0.15394000
v -0.14508200 0.13420300 0.15394000
v -0.14508200 0.13420300 0.15394000
v -0.15913200 0.13428500 0.12684700
v -0.15913200 0.13428500 0.12684700
v -0.15913200 0.13428500 0.12684700
v -0.15913200 0.13428500 0.12684700
v -0.15913200 0.13428500 0.12684700
v -0.15913200 0.13428500 0.12684700
v -0.13462700 0.15125100 0.14785300
v -0.13462700 0.15125100 0.14785300
v -0.13462700 0.15125100 0.14785300
v -0.13462700 0.15125100 0.14785300
v -0.13462700 0.15125100 0.14785300
v -0.13462700 0.15125100 0.14785300
v -0.15027400 0.10935200 0.15478400
v -0.15027400 0.10935200 0.15478400
v -0.15027400 0.10935200 0.15478400
v -0.15027400 0.10935200 0.15478400
v -0.15027400 0.10935200 0.15478400
v -0.13277400 0.14419900 0.15473800
v -0.13277400 0.14419900 0.15473800
v -0.13277400 0.14419900 0.15473800
v -0.13277400 0.14419900 0.15473800
v -0.13277400 0.14419900 0.15473800
v -0.13277400 0.14419900 0.15473800
v -0.15810700 0.12580100 0.14025000
v -0.15810700 0.12580100 0.14025000
v -0.15810700 0.12580100 0.14025000
v -0.15810700 0.12580100 0.14025000
v -0.15810700 0.12580100 0.14025000
v -0.15505700 0.12101900 0.14901900
v -0.15505700 0.12101900 0.14901900
v -0.15505700 0.12101900 0.14901900
v -0.15505700 0.12101900 0.14901900
v -0.15505700 0.12101900 0.14901900
v -0.15505700 0.12101900 0.14901900
v -0.12404800 0.14021700 0.15820600
v -0.12404800 0.14021700 0.15820600
v -0.12404800 0.14021700 0.15820600
v -0.12404800 0.14021700 0.15820600
v -0.15018900 0.14224700 0.14438000
v -0.15018900 0.14224700 0.14438000
v -0.15018900 0.14224700 0.14438000
v -0.15018900 0.14224700 0.14438000
v -0.15018900 0.14224700 0.14438000
v -0.15018900 0.14224700 0.14438000
v -0.15018900 0.14224700 0.14438000
v -0.13626900 0.15589300 0.13791100
v -0.13626900 0.15589300 0.13791100
v -0.13626900 0.15589300 0.13791100
v -0.13626900 0.15589300 0.13791100
v -0.13626900 0.15589300 0.13791100
v -0.13626900 0.15589300 0.13791100
v -0.10931400 0.15952700 0.13294600
v -0.10931400 0.15952700 0.13294600
v -0.10931400 0.15952700 0.13294600
v -0.10931400 0.15952700 0.13294600
v -0.10931400 0.15952700 0.13294600
v -0.10931400 0.15952700 0.13294600
v -0.10938400 0.15788500 0.14444200
v -0.10938400 0.15788500 0.14444200
v -0.10938400 0.15788500 0.14444200
v -0.10938400 0.15788500 0.14444200
v -0.10938400 0.15788500 0.14444200
v -0.10937000 0.15257800 0.15264300
v -0.10937000 0.15257800 0.15264300
v -0.10937000 0.15257800 0.15264300
v -0.10937000 0.15257800 0.15264300
v -0.10937000 0.15257800 0.15264300
v -0.12477100 0.15896500 0.13459500
v -0.12477100 0.15896500 0.13459500
v -0.12477100 0.15896500 0.13459500
v -0.12477100 0.15896500 0.13459500
v -0.12477100 0.15896500 0.13459500
v -0.12477100 0.15896500 0.13459500
v -0.12477100 0.15896500 0.13459500
v -0.14055200 0.15797900 0.12380800
v -0.14055200 0.15797900 0.12380800
v -0.14055200 0.15797900 0.12380800
v -0.14055200 0.15797900 0.12380800
v -0.15416000 0.14755300 0.12805400
v -0.15416000 0.14755300 0.12805400
v -0.15416000 0.14755300 0.12805400
v -0.15416000 0.14755300 0.12805400
v -0.15416000 0.14755300 0.12805400
v -0.15416000 0.14755300 0.12805400
v -0.15845100 0.14311400 0.10939500
v -0.15845100 0.14311400 0.10939500
v -0.15845100 0.14311400 0.10939500
v -0.15845100 0.14311400 0.10939500
v -0.15845100 0.14311400 0.10939500
v -0.15845100 0.14311400 0.10939500
v -0.15845100 0.14311400 0.10939500
v -0.10934900 0.14039200 0.15901100
v -0.10934900 0.14039200 0.15901100
v -0.10934900 0.14039200 0.15901100
v -0.10934900 0.14039200 0.15901100
v -0.10934900 0.14039200 0.15901100
v -0.10934900 0.14039200 0.15901100
v -0.10934900 0.14039200 0.15901100
v -0.12689800 0.15537000 0.14564700
v -0.12689800 0.15537000 0.14564700
v -0.12689800 0.15537000 0.14564700
v -0.12689800 0.15537000 0.14564700
v -0.12689800 0.15537000 0.14564700
v -0.12689800 0.15537000 0.14564700
v -0.12183200 0.14927600 0.15421700
v -0.12183200 0.14927600 0.15421700
v -0.12183200 0.14927600 0.15421700
v -0.12183200 0.14927600 0.15421700
v -0.12183200 0.14927600 0.15421700
v -0.12183200 0.14927600 0.15421700
v -0.14070900 0.14536500 0.14999000
v -0.14070900 0.14536500 0.14999000
v -0.14070900 0.14536500 0.14999000
v -0.14070900 0.14536500 0.14999000
v -0.14070900 0.14536500 0.14999000
v -0.15832800 0.10934400 0.14335000
v -0.15832800 0.10934400 0.14335000
v -0.15832800 0.10934400 0.14335000
v -0.15832800 0.10934400 0.14335000
v -0.15832800 0.10934400 0.14335000
v -0.15832800 0.10934400 0.14335000
v -0.15832800 0.10934400 0.14335000
v -0.14593400 0.11985300 0.15683600
v -0.14593400 0.11985300 0.15683600
v -0.14593400 0.11985300 0.15683600
v -0.14593400 0.11985300 0.15683600
v -0.14593400 0.11985300 0.15683600
v -0.14593400 0.11985300 0.15683600
v -0.15073000 0.12868400 0.15182900
v -0.15073000 0.12868400 0.15182900
v -0.15073000 0.12868400 0.15182900
v -0.15073000 0.12868400 0.15182900
v -0.15073000 0.12868400 0.15182900
v -0.15647300 0.14175800 0.13093800
v -0.15647300 0.14175800 0.13093800
v -0.15647300 0.14175800 0.13093800
v -0.15647300 0.14175800 0.13093800
v -0.15647300 0.14175800 0.13093800
v -0.15647300 0.14175800 0.13093800
v -0.13355700 0.10925100 0.15979400
v -0.13355700 0.10925100 0.15979400
v -0.13355700 0.10925100 0.15979400
v -0.13355700 0.10925100 0.15979400
v -0.13355700 0.10925100 0.15979400
v -0.13355700 0.10925100 0.15979400
v -0.13505400 0.13171700 0.15857000
v -0.13505400 0.13171700 0.15857000
v -0.13505400 0.13171700 0.15857000
v -0.13505400 0.13171700 0.15857000
v -0.13505400 0.13171700 0.15857000
v -0.13505400 0.13171700 0.15857000
v -0.13505400 0.13171700 0.15857000
v -0.14514500 0.15056700 0.13976700
v -0.14514500 0.15056700 0.13976700
v -0.14514500 0.15056700 0.13976700
v -0.14514500 0.15056700 0.13976700
v -0.14514500 0.15056700 0.13976700
v -0.14514500 0.15056700 0.13976700
v -0.15543700 0.13441300 0.14178600
v -0.15543700 0.13441300 0.14178600
v -0.15543700 0.13441300 0.14178600
v -0.15543700 0.13441300 0.14178600
v -0.15543700 0.13441300 0.14178600
v -0.14807000 0.15417700 0.12597300
v -0.14807000 0.15417700 0.12597300
v -0.14807000 0.15417700 0.12597300
v -0.14807000 0.15417700 0.12597300
v -0.14807000 0.15417700 0.12597300
v -0.14807000 0.15417700 0.12597300
v -0.10944600 0.13272700 0.15925400
v -0.10944600 0.13272700 0.15925400
v -0.10944600 0.13272700 0.15925400
v -0.10944600 0.13272700 0.15925400
v -0.10944600 0.13272700 0.15925400
v 0.10957700 0.14006700 -0.13259100
v 0.10957700 0.14006700 -0.13259100
v 0.13257200 0.14007600 -0.10960700
v 0.13257200 0.14007600 -0.10960700
v 0.13257200 0.14007600 -0.10960700
v 0.13257200 0.14007600 -0.10960700
v 0.13416900 0.15931900 -0.10968300
v 0.13416900 0.15931900 -0.10968300
v 0.13416900 0.15931900 -0.10968300
v 0.13416900 0.15931900 -0.10968300
v 0.10998400 0.15874300 -0.13309100
v 0.14001700 0.13261600 -0.10962000
v 0.14001700 0.13261600 -0.10962000
v 0.14001700 0.13261600 -0.10962000
v 0.14001700 0.13261600 -0.10962000
v 0.13969300 0.13971500 -0.10957800
v 0.13969300 0.13971500 -0.10957800
v 0.13969300 0.13971500 -0.10957800
v 0.13969300 0.13971500 -0.10957800
v 0.14401200 0.12760900 -0.15610100
v 0.14401200 0.12760900 -0.15610100
v 0.14401200 0.12760900 -0.15610100
v 0.13727700 0.15772400 -0.12716400
v 0.13727700 0.15772400 -0.12716400
v 0.13727700 0.15772400 -0.12716400
v 0.12448900 0.13833900 -0.15814800
v 0.12448900 0.13833900 -0.15814800
v 0.14936700 0.15288800 -0.12460600
v 0.14936700 0.15288800 -0.12460600
v 0.14851100 0.10987300 -0.15534300
v 0.14851100 0.10987300 -0.15534300
v 0.14851100 0.10987300 -0.15534300
v 0.14851100 0.10987300 -0.15534300
v 0.15390200 0.10990600 -0.15056700
v 0.15390200 0.10990600 -0.15056700
v 0.15390200 0.10990600 -0.15056700
v 0.15390200 0.10990600 -0.15056700
v 0.15390200 0.10990600 -0.15056700
v 0.15826500 0.10993400 -0.14248900
v 0.15826500 0.10993400 -0.14248900
v 0.10987400 0.15850200 -0.14096200
v 0.10987400 0.15850200 -0.14096200
v 0.13523100 0.14060600 -0.15501200
v 0.14145400 0.10985500 -0.15829700
v 0.14145400 0.10985500 -0.15829700
v 0.14145400 0.10985500 -0.15829700
v 0.14145400 0.10985500 -0.15829700
v 0.14145400 0.10985500 -0.15829700
v 0.15586400 0.14521300 -0.12390700
v 0.13828600 0.12178900 -0.15847400
v 0.13828600 0.12178900 -0.15847400
v 0.13828600 0.12178900 -0.15847400
v 0.15326600 0.12538500 -0.14928100
v 0.15326600 0.12538500 -0.14928100
v 0.14933700 0.15495100 -0.10987600
v 0.14933700 0.15495100 -0.10987600
v 0.14933700 0.15495100 -0.10987600
v 0.14933700 0.15495100 -0.10987600
v 0.10964700 0.13238400 -0.13989900
v 0.10964700 0.13238400 -0.13989900
v 0.10964700 0.13238400 -0.13989900
v 0.11010500 0.13313100 -0.15873000
v 0.11010500 0.13313100 -0.15873000
v 0.10961200 0.13970500 -0.13968300
v 0.10961200 0.13970500 -0.13968300
v 0.10961200 0.13970500 -0.13968300
v 0.10961200 0.13970500 -0.13968300
v 0.10961200 0.13970500 -0.13968300
v 0.13284600 0.10958800 -0.14002400
v 0.13284600 0.10958800 -0.14002400
v 0.13284600 0.10958800 -0.14002400
v 0.13284600 0.10958800 -0.14002400
v 0.13284600 0.10958800 -0.14002400
v 0.13284600 0.10958800 -0.14002400
v 0.13267300 0.10986000 -0.15875000
v 0.13267300 0.10986000 -0.15875000
v 0.13267300 0.10986000 -0.15875000
v 0.13999300 0.10962600 -0.13252700
v 0.13999300 0.10962600 -0.13252700
v 0.13999300 0.10962600 -0.13252700
v 0.13999300 0.10962600 -0.13252700
v 0.13970200 0.10962100 -0.13968000
v 0.13970200 0.10962100 -0.13968000
v 0.13970200 0.10962100 -0.13968000
v 0.13970200 0.10962100 -0.13968000
v 0.13970200 0.10962100 -0.13968000
v 0.13970200 0.10962100 -0.13968000
v 0.13970200 0.10962100 -0.13968000
v 0.13970200 0.10962100 -0.13968000
v 0.13995900 0.10986000 -0.12364200
v 0.15926500 0.10949800 -0.13288000
v 0.15926500 0.10949800 -0.13288000
v 0.15926500 0.10949800 -0.13288000
v 0.15926500 0.10949800 -0.13288000
v 0.15926500 0.10949800 -0.13288000
v 0.15925800 0.13243500 -0.10935300
v 0.15925800 0.13243500 -0.10935300
v 0.15925800 0.13243500 -0.10935300
v 0.15925800 0.13243500 -0.10935300
v 0.15301800 0.15231200 -0.10936800
v 0.15301800 0.15231200 -0.10936800
v 0.15301800 0.15231200 -0.10936800
v 0.15301800 0.15231200 -0.10936800
v 0.15301800 0.15231200 -0.10936800
v 0.14143400 0.15877400 -0.10935000
v 0.14143400 0.15877400 -0.10935000
v 0.14143400 0.15877400 -0.10935000
v 0.14143400 0.15877400 -0.10935000
v 0.14143400 0.15877400 -0.10935000
v 0.14143400 0.15877400 -0.10935000
v 0.14143400 0.15877400 -0.10935000
v 0.13253100 0.15925400 -0.10938400
v 0.13253100 0.15925400 -0.10938400
v 0.13253100 0.15925400 -0.10938400
v 0.13253100 0.15925400 -0.10938400
v 0.14508200 0.13420300 -0.15394000
v 0.14508200 0.13420300 -0.15394000
v 0.14508200 0.13420300 -0.15394000
v 0.14508200 0.13420300 -0.15394000
v 0.14508200 0.13420300 -0.15394000
v 0.14508200 0.13420300 -0.15394000
v 0.15913200 0.13428500 -0.12684700
v 0.15913200 0.13428500 -0.12684700
v 0.15913200 0.13428500 -0.12684700
v 0.15913200 0.13428500 -0.12684700
v 0.15913200 0.13428500 -0.12684700
v 0.15913200 0.13428500 -0.12684700
v 0.13462700 0.15125100 -0.14785300
v 0.13462700 0.15125100 -0.14785300
v 0.13462700 0.15125100 -0.14785300
v 0.13462700 0.15125100 -0.14785300
v 0.13462700 0.15125100 -0.14785300
v 0.13462700 0.15125100 -0.14785300
v 0.15027400 0.10935200 -0.15478400
v 0.15027400 0.10935200 -0.15478400
v 0.15027400 0.10935200 -0.15478400
v 0.15027400 0.10935200 -0.15478400
v 0.15027400 0.10935200 -0.15478400
v 0.13277400 0.14419900 -0.15473800
v 0.13277400 0.14419900 -0.15473800
v 0.13277400 0.14419900 -0.15473800
v 0.13277400 0.14419900 -0.15473800
v 0.13277400 0.14419900 -0.15473800
v 0.13277400 0.14419900 -0.15473800
v 0.15810700 0.12580100 -0.14025000
v 0.15810700 0.12580100 -0.14025000
v 0.15810700 0.12580100 -0.14025000
v 0.15810700 0.12580100 -0.14025000
v 0.15810700 0.12580100 -0.14025000
v 0.15505700 0.12101900 -0.14901900
v 0.15505700 0.12101900 -0.14901900
v 0.15505700 0.12101900 -0.14901900
v 0.15505700 0.12101900 -0.14901900
v 0.15505700 0.12101900 -0.14901900
v 0.15505700 0.12101900 -0.14901900
v 0.12404800 0.14021700 -0.15820600
v 0.12404800 0.14021700 -0.15820600
v 0.12404800 0.14021700 -0.15820600
v 0.12404800 0.14021700 -0.15820600
v 0.15018900 0.14224700 -0.14438000
v 0.15018900 0.14224700 -0.14438000
v 0.15018900 0.14224700 -0.14438000
v 0.15018900 0.14224700 -0.14438000
v 0.15018900 0.14224700 -0.14438000
v 0.15018900 0.14224700 -0.14438000
v 0.15018900 0.14224700 -0.14438000
v 0.13626900 0.15589300 -0.13791100
v 0.13626900 0.15589300 -0.13791100
v 0.13626900 0.15589300 -0.13791100
v 0.13626900 0.15589300 -0.13791100
v 0.13626900 0.15589300 -0.13791100
v 0.13626900 0.15589300 -0.13791100
v 0.10931400 0.15952700 -0.13294600
v 0.10931400 0.15952700 -0.13294600
v 0.10931400 0.15952700 -0.13294600
v 0.10931400 0.15952700 -0.13294600
v 0.10931400 0.15952700 -0.13294600
v 0.10931400 0.15952700 -0.13294600
v 0.10938400 0.15788500 -0.14444200
v 0.10938400 0.15788500 -0.14444200
v 0.10938400 0.15788500 -0.14444200
v 0.10938400 0.15788500 -0.14444200
v 0.10938400 0.15788500 -0.14444200
v 0.10937000 0.15257800 -0.15264300
v 0.10937000 0.15257800 -0.15264300
v 0.10937000 0.15257800 -0.15264300
v 0.10937000 0.15257800 -0.15264300
v 0.10937000 0.15257800 -0.15264300
v 0.12477100 0.15896500 -0.13459500
v 0.12477100 0.15896500 -0.13459500
v 0.12477100 0.15896500 -0.13459500
v 0.12477100 0.15896500 -0.13459500
v 0.12477100 0.15896500 -0.13459500
v 0.12477100 0.15896500 -0.13459500
v 0.12477100 0.15896500 -0.13459500
v 0.14055200 0.15797800 -0.12380800
v 0.14055200 0.15797800 -0.12380800
v 0.14055200 0.15797800 -0.12380800
v 0.14055200 0.15797800 -0.12380800
v 0.15416000 0.14755200 -0.12805400
v 0.15416000 0.14755200 -0.12805400
v 0.15416000 0.14755200 -0.12805400
v 0.15416000 0.14755200 -0.12805400
v 0.15416000 0.14755200 -0.12805400
v 0.15416000 0.14755200 -0.12805400
v 0.15845200 0.14311400 -0.10939500
v 0.15845200 0.14311400 -0.10939500
v 0.15845200 0.14311400 -0.10939500
v 0.15845200 0.14311400 -0.10939500
v 0.15845200 0.14311400 -0.10939500
v 0.15845200 0.14311400 -0.10939500
v 0.10934900 0.14039200 -0.15901100
v 0.10934900 0.14039200 -0.15901100
v 0.10934900 0.14039200 -0.15901100
v 0.10934900 0.14039200 -0.15901100
v 0.10934900 0.14039200 -0.15901100
v 0.10934900 0.14039200 -0.15901100
v 0.10934900 0.14039200 -0.15901100
v 0.12689800 0.15537000 -0.14564700
v 0.12689800 0.15537000 -0.14564700
v 0.12689800 0.15537000 -0.14564700
v 0.12689800 0.15537000 -0.14564700
v 0.12689800 0.15537000 -0.14564700
v 0.12689800 0.15537000 -0.14564700
v 0.12183200 0.14927600 -0.15421700
v 0.12183200 0.14927600 -0.15421700
v 0.12183200 0.14927600 -0.15421700
v 0.12183200 0.14927600 -0.15421700
v 0.12183200 0.14927600 -0.15421700
v 0.12183200 0.14927600 -0.15421700
v 0.14070900 0.14536500 -0.14999000
v 0.14070900 0.14536500 -0.14999000
v 0.14070900 0.14536500 -0.14999000
v 0.14070900 0.14536500 -0.14999000
v 0.14070900 0.14536500 -0.14999000
v 0.15832800 0.10934400 -0.14335000
v 0.15832800 0.10934400 -0.14335000
v 0.15832800 0.10934400 -0.14335000
v 0.15832800 0.10934400 -0.14335000
v 0.15832800 0.10934400 -0.14335000
v 0.15832800 0.10934400 -0.14335000
v 0.15832800 0.10934400 -0.14335000
v 0.14593400 0.11985300 -0.15683600
v 0.14593400 0.11985300 -0.15683600
v 0.14593400 0.11985300 -0.15683600
v 0.14593400 0.11985300 -0.15683600
v 0.14593400 0.11985300 -0.15683600
v 0.14593400 0.11985300 -0.15683600
v 0.15073000 0.12868400 -0.15182900
v 0.15073000 0.12868400 -0.15182900
v 0.15073000 0.12868400 -0.15182900
v 0.15073000 0.12868400 -0.15182900
v 0.15073000 0.12868400 -0.15182900
v 0.15647300 0.14175800 -0.13093800
v 0.15647300 0.14175800 -0.13093800
v 0.15647300 0.14175800 -0.13093800
v 0.15647300 0.14175800 -0.13093800
v 0.15647300 0.14175800 -0.13093800
v 0.15647300 0.14175800 -0.13093800
v 0.13355700 0.10925100 -0.15979400
v 0.13355700 0.10925100 -0.15979400
v 0.13355700 0.10925100 -0.15979400
v 0.13355700 0.10925100 -0.15979400
v 0.13355700 0.10925100 -0.15979400
v 0.13355700 0.10925100 -0.15979400
v 0.13505400 0.13171700 -0.15857000
v 0.13505400 0.13171700 -0.15857000
v 0.13505400 0.13171700 -0.15857000
v 0.13505400 0.13171700 -0.15857000
v 0.13505400 0.13171700 -0.15857000
v 0.13505400 0.13171700 -0.15857000
v 0.13505400 0.13171700 -0.15857000
v 0.14514500 0.15056600 -0.13976700
v 0.14514500 0.15056600 -0.13976700
v 0.14514500 0.15056600 -0.13976700
v 0.14514500 0.15056600 -0.13976700
v 0.14514500 0.15056600 -0.13976700
v 0.14514500 0.15056600 -0.13976700
v 0.15543700 0.13441300 -0.14178600
v 0.15543700 0.13441300 -0.14178600
v 0.15543700 0.13441300 -0.14178600
v 0.15543700 0.13441300 -0.14178600
v 0.15543700 0.13441300 -0.14178600
v 0.14807000 0.15417700 -0.12597300
v 0.14807000 0.15417700 -0.12597300
v 0.14807000 0.15417700 -0.12597300
v 0.14807000 0.15417700 -0.12597300
v 0.14807000 0.15417700 -0.12597300
v 0.14807000 0.15417700 -0.12597300
v 0.10944600 0.13272700 -0.15925400
v 0.10944600 0.13272700 -0.15925400
v 0.10944600 0.13272700 -0.15925400
v 0.10944600 0.13272700 -0.15925400
v 0.10944600 0.13272700 -0.15925400
v 0.10883000 0.12439800 0.13384400
v 0.06122300 0.12439900 0.13236300
v 0.06699600 0.12642900 0.13402600
v 0.13898000 0.14584900 -0.00571500
v 0.14151100 0.14492300 -0.10858500
v 0.13207500 0.14603700 -0.10858700
vn 0.00240000 -0.01240000 0.99990000
vn 0.00830000 -0.00930000 0.99990000
vn 0.70720000 -0.00230000 0.70700000
vn 0.70720000 -0.00230000 0.70700000
vn 0.99990000 -0.01190000 0.00140000
vn 0.99990000 -0.01170000 0.00190000
vn 0.70410000 -0.00970000 0.71000000
vn 0.99990000 -0.00320000 0.01230000
vn 0.69610000 -0.71780000 0.01650000
vn 0.70830000 -0.70580000 -0.01280000
vn 0.99990000 0.00010000 0.01390000
vn 0.99990000 -0.00320000 0.01230000
vn 0.99990000 -0.01190000 0.00140000
vn 0.99990000 -0.01140000 0.00700000
vn 0.99990000 -0.00700000 0.01180000
vn 0.12050000 -0.55450000 0.82340000
vn 0.05600000 -0.45630000 0.88810000
vn 0.43730000 -0.07830000 0.89590000
vn 0.00560000 0.99990000 0.01220000
vn 0.68500000 -0.09710000 0.72210000
vn 0.27270000 0.06610000 0.95980000
vn 0.86200000 0.03070000 0.50600000
vn 0.01190000 0.99990000 0.00740000
vn 0.25290000 -0.59140000 0.76570000
vn 0.12050000 -0.55450000 0.82340000
vn 0.84890000 -0.23310000 0.47440000
vn 0.66170000 -0.33800000 0.66920000
vn 0.89180000 -0.27730000 0.35740000
vn 0.74630000 -0.26690000 0.60980000
vn 0.52830000 -0.33770000 0.77900000
vn 0.66170000 -0.33800000 0.66920000
vn 0.93740000 -0.23460000 0.25740000
vn 0.81100000 -0.50740000 0.29130000
vn 0.87550000 -0.44320000 0.19250000
vn 0.89180000 -0.27730000 0.35740000
vn 0.94210000 -0.29140000 0.16580000
vn 0.27270000 0.06610000 0.95980000
vn 0.43730000 -0.07830000 0.89590000
vn 0.40320000 -0.16440000 0.90020000
vn 0.64290000 -0.70660000 0.29560000
vn 0.81100000 -0.50740000 0.29130000
vn 0.01190000 0.99990000 0.00740000
vn 0.90000000 -0.03750000 0.43430000
vn 0.98990000 -0.06010000 0.12870000
vn 0.86200000 0.03070000 0.50600000
vn 0.01330000 -0.01240000 -0.99980000
vn 0.83430000 -0.54420000 0.08800000
vn 0.60560000 -0.78050000 0.15510000
vn 0.88410000 -0.46730000 -0.00870000
vn 0.25290000 -0.59140000 0.76570000
vn 0.02610000 0.03220000 -0.99910000
vn 0.88410000 -0.46730000 -0.00870000
vn 0.97680000 -0.20210000 0.07140000
vn 0.01330000 -0.01240000 -0.99980000
vn 0.27270000 0.06610000 0.95980000
vn 0.00560000 0.99990000 0.01220000
vn 0.94210000 -0.29140000 0.16580000
vn 0.97680000 -0.20210000 0.07140000
vn 0.87550000 -0.44320000 0.19250000
vn 0.88410000 -0.46730000 -0.00870000
vn 0.83430000 -0.54420000 0.08800000
vn 0.68500000 -0.09710000 0.72210000
vn 0.43730000 -0.07830000 0.89590000
vn 0.74630000 -0.26690000 0.60980000
vn 0.52830000 -0.33770000 0.77900000
vn 0.66170000 -0.33800000 0.66920000
vn 0.40320000 -0.16440000 0.90020000
vn 0.86200000 0.03070000 0.50600000
vn 0.84890000 -0.23310000 0.47440000
vn 0.74630000 -0.26690000 0.60980000
vn 0.90000000 -0.03750000 0.43430000
vn 0.68500000 -0.09710000 0.72210000
vn 0.60560000 -0.78050000 0.15510000
vn 0.83430000 -0.54420000 0.08800000
vn 0.87550000 -0.44320000 0.19250000
vn 0.64290000 -0.70660000 0.29560000
vn 0.81100000 -0.50740000 0.29130000
vn 0.98990000 -0.06010000 0.12870000
vn 0.93740000 -0.23460000 0.25740000
vn 0.94210000 -0.29140000 0.16580000
vn 0.97680000 -0.20210000 0.07140000
vn 0.93740000 -0.23460000 0.25740000
vn 0.90000000 -0.03750000 0.43430000
vn 0.89180000 -0.27730000 0.35740000
vn 0.98990000 -0.06010000 0.12870000
vn 0.84890000 -0.23310000 0.47440000
vn 0.40320000 -0.16440000 0.90020000
vn 0.52830000 -0.33770000 0.77900000
vn 0.05600000 -0.45630000 0.88810000
vn 0.12050000 -0.55450000 0.82340000
vn 0.25290000 -0.59140000 0.76570000
vn 0.60560000 -0.78050000 0.15510000
vn 0.64290000 -0.70660000 0.29560000
vn 0.05600000 -0.45630000 0.88810000
vn 0.02610000 0.03220000 -0.99910000
vn -0.01710000 -0.71310000 0.70080000
vn 0.01910000 -0.00680000 0.99980000
vn 0.02610000 0.03220000 -0.99910000
vn 0.01910000 -0.00680000 0.99980000
vn 0.01060000 -0.00890000 0.99990000
vn 0.00610000 -0.01190000 0.99990000
vn 0.01330000 -0.01240000 -0.99980000
vn 0.00240000 -0.01240000 0.99990000
vn 0.01620000 0.00240000 0.99990000
vn 0.01200000 -0.99990000 -0.00420000
vn -0.01710000 -0.71310000 0.70080000
vn 0.01870000 -0.69830000 0.71560000
vn 0.01070000 -0.99990000 -0.00150000
vn 0.00120000 -0.99990000 0.01500000
vn 0.70830000 -0.70580000 -0.01280000
vn 0.00130000 -0.99990000 0.01510000
vn 0.00890000 -0.99990000 0.01280000
vn 0.00120000 -0.99990000 0.01500000
vn 0.01050000 -0.99990000 0.01050000
vn 0.01190000 0.99990000 0.00740000
vn 0.00560000 0.99990000 0.01220000
vn 0.01200000 -0.99990000 -0.00420000
vn 0.70830000 -0.70580000 -0.01280000
vn 0.69610000 -0.71780000 0.01650000
vn 0.00130000 -0.99990000 0.01510000
vn 0.00120000 -0.99990000 0.01500000
vn -0.06720000 0.04650000 -0.99670000
vn -0.16110000 0.00030000 -0.98690000
vn -0.00970000 0.01810000 -0.99980000
vn 0.99990000 0.00010000 0.01390000
vn -0.00970000 0.01810000 -0.99980000
vn 0.01670000 0.06100000 -0.99800000
vn 0.69610000 -0.71780000 0.01650000
vn 0.01670000 0.06100000 -0.99800000
vn 0.99990000 -0.00320000 0.01230000
vn 0.99990000 0.00010000 0.01390000
vn 0.01290000 0.51560000 -0.85670000
vn 0.99990000 -0.00700000 0.01180000
vn -0.09280000 0.33510000 -0.93760000
vn -0.01570000 0.99970000 -0.01600000
vn 0.70410000 -0.00970000 0.71000000
vn -0.02470000 0.99840000 -0.05140000
vn 0.99990000 -0.01170000 0.00190000
vn -0.09380000 0.33490000 -0.93760000
vn -0.09280000 0.33510000 -0.93760000
vn 0.01670000 0.06100000 -0.99800000
vn -0.00970000 0.01810000 -0.99980000
vn -0.13130000 0.14560000 -0.98060000
vn -0.06720000 0.04650000 -0.99670000
vn -0.35700000 0.74220000 -0.56720000
vn -0.20340000 0.64810000 -0.73390000
vn -0.23280000 0.47360000 -0.84940000
vn -0.28460000 0.43050000 -0.85660000
vn -0.48790000 0.49930000 -0.71600000
vn -0.46990000 0.67060000 -0.57400000
vn -0.42900000 0.85780000 -0.28310000
vn -0.55280000 0.80740000 -0.20620000
vn -0.76930000 0.58040000 -0.26700000
vn -0.53600000 0.68030000 -0.49980000
vn -0.70300000 0.56970000 -0.42570000
vn -0.74510000 0.62590000 -0.23030000
vn -0.95050000 0.11640000 -0.28820000
vn -0.94230000 0.29450000 -0.15910000
vn -0.88700000 0.21760000 -0.40730000
vn -0.86880000 0.27580000 -0.41110000
vn -0.91600000 0.34510000 -0.20450000
vn -0.98340000 0.08910000 -0.15830000
vn -0.74100000 0.09100000 -0.66530000
vn 0.01050000 -0.99990000 0.01050000
vn 0.00890000 -0.99990000 0.01280000
vn -0.90120000 0.01800000 -0.43300000
vn -0.59930000 -0.03550000 -0.79970000
vn -0.70300000 0.56970000 -0.42570000
vn -0.86880000 0.27580000 -0.41110000
vn -0.91600000 0.34510000 -0.20450000
vn -0.76930000 0.58040000 -0.26700000
vn -0.74460000 0.43830000 -0.50340000
vn -0.13130000 0.14560000 -0.98060000
vn -0.42970000 0.20230000 -0.88000000
vn -0.25290000 0.23240000 -0.93920000
vn -0.38830000 0.07660000 -0.91830000
vn -0.06720000 0.04650000 -0.99670000
vn -0.16110000 0.00030000 -0.98690000
vn -0.48790000 0.49930000 -0.71600000
vn -0.55780000 0.42870000 -0.71070000
vn -0.70300000 0.56970000 -0.42570000
vn -0.46990000 0.67060000 -0.57400000
vn -0.74460000 0.43830000 -0.50340000
vn -0.53600000 0.68030000 -0.49980000
vn -0.46990000 0.67060000 -0.57400000
vn -0.53600000 0.68030000 -0.49980000
vn -0.27220000 0.88420000 -0.37970000
vn -0.42900000 0.85780000 -0.28310000
vn -0.29410000 0.91800000 -0.26610000
vn -0.35700000 0.74220000 -0.56720000
vn 0.00830000 -0.00930000 0.99990000
vn -0.06940000 0.99750000 -0.01270000
vn -0.23800000 0.96650000 -0.09650000
vn -0.42570000 0.90220000 -0.06860000
vn 0.00610000 -0.01190000 0.99990000
vn 0.00240000 -0.01240000 0.99990000
vn 0.01060000 -0.00890000 0.99990000
vn 0.00610000 -0.01190000 0.99990000
vn -0.74370000 0.66720000 -0.04220000
vn -0.42570000 0.90220000 -0.06860000
vn -0.51720000 0.84900000 -0.10830000
vn -0.24720000 0.94550000 -0.21200000
vn -0.23800000 0.96650000 -0.09650000
vn -0.07880000 0.98720000 -0.13860000
vn -0.06940000 0.99750000 -0.01270000
vn -0.02470000 0.99840000 -0.05140000
vn -0.01570000 0.99970000 -0.01600000
vn -0.07880000 0.98720000 -0.13860000
vn -0.24720000 0.94550000 -0.21200000
vn -0.09860000 0.92030000 -0.37850000
vn -0.27220000 0.88420000 -0.37970000
vn -0.29410000 0.91800000 -0.26610000
vn -0.73860000 0.13490000 -0.66050000
vn -0.74460000 0.43830000 -0.50340000
vn -0.88700000 0.21760000 -0.40730000
vn -0.55780000 0.42870000 -0.71070000
vn -0.86880000 0.27580000 -0.41110000
vn -0.52810000 0.25010000 -0.81150000
vn -0.78650000 0.61170000 -0.08530000
vn 0.01620000 0.00240000 0.99990000
vn -0.97290000 0.22960000 -0.02600000
vn -0.74370000 0.66720000 -0.04220000
vn 0.01060000 -0.00890000 0.99990000
vn -0.05750000 0.88240000 -0.46700000
vn -0.13000000 0.68930000 -0.71270000
vn 0.01290000 0.51560000 -0.85670000
vn 0.99990000 -0.00700000 0.01180000
vn 0.99990000 -0.01140000 0.00700000
vn -0.24720000 0.94550000 -0.21200000
vn -0.29410000 0.91800000 -0.26610000
vn -0.42900000 0.85780000 -0.28310000
vn -0.51720000 0.84900000 -0.10830000
vn -0.55280000 0.80740000 -0.20620000
vn -0.42570000 0.90220000 -0.06860000
vn -0.23800000 0.96650000 -0.09650000
vn -0.74370000 0.66720000 -0.04220000
vn -0.78650000 0.61170000 -0.08530000
vn -0.74510000 0.62590000 -0.23030000
vn -0.55280000 0.80740000 -0.20620000
vn -0.51720000 0.84900000 -0.10830000
vn 0.00890000 -0.99990000 0.01280000
vn -0.38830000 0.07660000 -0.91830000
vn 0.00130000 -0.99990000 0.01510000
vn -0.59930000 -0.03550000 -0.79970000
vn -0.16110000 0.00030000 -0.98690000
vn -0.99920000 0.01640000 -0.03700000
vn -0.95050000 0.11640000 -0.28820000
vn -0.98340000 0.08910000 -0.15830000
vn 0.01050000 -0.99990000 0.01050000
vn 0.01200000 -0.99990000 -0.00420000
vn 0.01070000 -0.99990000 -0.00150000
vn -0.90120000 0.01800000 -0.43300000
vn -0.96790000 0.25130000 -0.00490000
vn -0.99950000 0.01460000 -0.02970000
vn -0.97290000 0.22960000 -0.02600000
vn -0.01710000 -0.71310000 0.70080000
vn 0.01620000 0.00240000 0.99990000
vn 0.01870000 -0.69830000 0.71560000
vn 0.01910000 -0.00680000 0.99980000
vn -0.74510000 0.62590000 -0.23030000
vn -0.97290000 0.22960000 -0.02600000
vn -0.94230000 0.29450000 -0.15910000
vn -0.96790000 0.25130000 -0.00490000
vn -0.91600000 0.34510000 -0.20450000
vn -0.76930000 0.58040000 -0.26700000
vn -0.78650000 0.61170000 -0.08530000
vn -0.20340000 0.64810000 -0.73390000
vn -0.09280000 0.33510000 -0.93760000
vn -0.09380000 0.33490000 -0.93760000
vn 0.01290000 0.51560000 -0.85670000
vn -0.23280000 0.47360000 -0.84940000
vn -0.13000000 0.68930000 -0.71270000
vn -0.25290000 0.23240000 -0.93920000
vn -0.28460000 0.43050000 -0.85660000
vn -0.55780000 0.42870000 -0.71070000
vn -0.48790000 0.49930000 -0.71600000
vn -0.42970000 0.20230000 -0.88000000
vn -0.52810000 0.25010000 -0.81150000
vn -0.98340000 0.08910000 -0.15830000
vn -0.96790000 0.25130000 -0.00490000
vn -0.99920000 0.01640000 -0.03700000
vn -0.99950000 0.01460000 -0.02970000
vn -0.94230000 0.29450000 -0.15910000
vn -0.90120000 0.01800000 -0.43300000
vn -0.95050000 0.11640000 -0.28820000
vn -0.73860000 0.13490000 -0.66050000
vn -0.88700000 0.21760000 -0.40730000
vn -0.74100000 0.09100000 -0.66530000
vn -0.28460000 0.43050000 -0.85660000
vn -0.23280000 0.47360000 -0.84940000
vn -0.13130000 0.14560000 -0.98060000
vn -0.25290000 0.23240000 -0.93920000
vn -0.09380000 0.33490000 -0.93760000
vn -0.07880000 0.98720000 -0.13860000
vn 0.99990000 -0.01170000 0.00190000
vn 0.99990000 -0.01190000 0.00140000
vn 0.99990000 -0.01140000 0.00700000
vn -0.05750000 0.88240000 -0.46700000
vn -0.09860000 0.92030000 -0.37850000
vn -0.02470000 0.99840000 -0.05140000
vn -0.74100000 0.09100000 -0.66530000
vn -0.38830000 0.07660000 -0.91830000
vn -0.42970000 0.20230000 -0.88000000
vn -0.73860000 0.13490000 -0.66050000
vn -0.59930000 -0.03550000 -0.79970000
vn -0.52810000 0.25010000 -0.81150000
vn -0.35700000 0.74220000 -0.56720000
vn -0.20340000 0.64810000 -0.73390000
vn -0.09860000 0.92030000 -0.37850000
vn -0.13000000 0.68930000 -0.71270000
vn -0.27220000 0.88420000 -0.37970000
vn -0.05750000 0.88240000 -0.46700000
vn 0.70410000 -0.00970000 0.71000000
vn -0.06940000 0.99750000 -0.01270000
vn -0.01570000 0.99970000 -0.01600000
vn 0.00830000 -0.00930000 0.99990000
vn 0.70720000 -0.00230000 0.70700000
vn 0.01070000 -0.99990000 -0.00150000
vn -0.99920000 0.01640000 -0.03700000
vn 0.01870000 -0.69830000 0.71560000
vn -0.99950000 0.01460000 -0.02970000
vn -0.70720000 -0.00230000 -0.70700000
vn -0.00830000 -0.00930000 -0.99990000
vn -0.00240000 -0.01240000 -0.99990000
vn -0.99990000 -0.01170000 -0.00190000
vn -0.99990000 -0.01190000 -0.00140000
vn -0.70410000 -0.00970000 -0.71000000
vn -0.70720000 -0.00230000 -0.70700000
vn -0.99990000 0.00010000 -0.01390000
vn -0.99990000 -0.00320000 -0.01230000
vn -0.70830000 -0.70580000 0.01280000
vn -0.69610000 -0.71780000 -0.01650000
vn -0.99990000 -0.00320000 -0.01230000
vn -0.99990000 -0.01190000 -0.00140000
vn -0.99990000 -0.01140000 -0.00700000
vn -0.99990000 -0.00700000 -0.01180000
vn -0.01660000 -0.81760000 -0.57550000
vn -0.12050000 -0.55450000 -0.82340000
vn -0.05600000 -0.45630000 -0.88810000
vn -0.12760000 -0.89640000 -0.42440000
vn -0.01660000 -0.81760000 -0.57550000
vn -0.00560000 0.99990000 -0.01220000
vn -0.68500000 -0.09710000 -0.72210000
vn -0.27270000 0.06610000 -0.95980000
vn -0.86200000 0.03070000 -0.50600000
vn -0.43730000 -0.07830000 -0.89590000
vn -0.01190000 0.99990000 -0.00740000
vn -0.25290000 -0.59140000 -0.76570000
vn -0.12050000 -0.55450000 -0.82340000
vn -0.20170000 -0.55220000 -0.80900000
vn -0.12760000 -0.89640000 -0.42440000
vn -0.01660000 -0.81760000 -0.57550000
vn -0.24450000 -0.82860000 -0.50370000
vn -0.89180000 -0.27730000 -0.35740000
vn -0.66170000 -0.33800000 -0.66920000
vn -0.84890000 -0.23310000 -0.47440000
vn -0.74630000 -0.26690000 -0.60980000
vn -0.50510000 -0.61160000 -0.60890000
vn -0.41380000 -0.53690000 -0.73520000
vn -0.66170000 -0.33800000 -0.66920000
vn -0.42290000 -0.39640000 -0.81490000
vn -0.52830000 -0.33770000 -0.77900000
vn -0.87550000 -0.44320000 -0.19250000
vn -0.93740000 -0.23460000 -0.25740000
vn -0.89180000 -0.27730000 -0.35740000
vn -0.94210000 -0.29140000 -0.16580000
vn -0.81100000 -0.50740000 -0.29130000
vn -0.43730000 -0.07830000 -0.89590000
vn -0.40320000 -0.16440000 -0.90020000
vn -0.27270000 0.06610000 -0.95980000
vn -0.64290000 -0.70660000 -0.29560000
vn -0.81100000 -0.50740000 -0.29130000
vn -0.01190000 0.99990000 -0.00740000
vn -0.98990000 -0.06010000 -0.12870000
vn -0.90000000 -0.03750000 -0.43430000
vn -0.86200000 0.03070000 -0.50600000
vn -0.57940000 -0.80170000 -0.14690000
vn -0.57940000 -0.80170000 -0.14690000
vn -0.57800000 -0.80300000 -0.14530000
vn -0.88410000 -0.46730000 0.00870000
vn -0.60560000 -0.78050000 -0.15510000
vn -0.83430000 -0.54420000 -0.08800000
vn -0.57800000 -0.80300000 -0.14530000
vn -0.57940000 -0.80170000 -0.14690000
vn -0.50510000 -0.61160000 -0.60890000
vn -0.38530000 -0.81560000 -0.43180000
vn -0.42290000 -0.39640000 -0.81490000
vn -0.25290000 -0.59140000 -0.76570000
vn -0.20170000 -0.55220000 -0.80900000
vn -0.41380000 -0.53690000 -0.73520000
vn -0.97680000 -0.20210000 -0.07140000
vn -0.88410000 -0.46730000 0.00870000
vn -0.02610000 0.03220000 0.99910000
vn -0.99900000 -0.04270000 -0.01220000
vn -0.27270000 0.06610000 -0.95980000
vn -0.00560000 0.99990000 -0.01220000
vn -0.88410000 -0.46730000 0.00870000
vn -0.87550000 -0.44320000 -0.19250000
vn -0.83430000 -0.54420000 -0.08800000
vn -0.94210000 -0.29140000 -0.16580000
vn -0.97680000 -0.20210000 -0.07140000
vn -0.40320000 -0.16440000 -0.90020000
vn -0.43730000 -0.07830000 -0.89590000
vn -0.74630000 -0.26690000 -0.60980000
vn -0.52830000 -0.33770000 -0.77900000
vn -0.66170000 -0.33800000 -0.66920000
vn -0.68500000 -0.09710000 -0.72210000
vn -0.86200000 0.03070000 -0.50600000
vn -0.68500000 -0.09710000 -0.72210000
vn -0.84890000 -0.23310000 -0.47440000
vn -0.90000000 -0.03750000 -0.43430000
vn -0.74630000 -0.26690000 -0.60980000
vn -0.60560000 -0.78050000 -0.15510000
vn -0.83430000 -0.54420000 -0.08800000
vn -0.64290000 -0.70660000 -0.29560000
vn -0.81100000 -0.50740000 -0.29130000
vn -0.87550000 -0.44320000 -0.19250000
vn -0.99900000 -0.04270000 -0.01220000
vn -0.93740000 -0.23460000 -0.25740000
vn -0.94210000 -0.29140000 -0.16580000
vn -0.98990000 -0.06010000 -0.12870000
vn -0.97680000 -0.20210000 -0.07140000
vn -0.93740000 -0.23460000 -0.25740000
vn -0.98990000 -0.06010000 -0.12870000
vn -0.89180000 -0.27730000 -0.35740000
vn -0.84890000 -0.23310000 -0.47440000
vn -0.90000000 -0.03750000 -0.43430000
vn -0.40320000 -0.16440000 -0.90020000
vn -0.42290000 -0.39640000 -0.81490000
vn -0.52830000 -0.33770000 -0.77900000
vn -0.12050000 -0.55450000 -0.82340000
vn -0.20170000 -0.55220000 -0.80900000
vn -0.05600000 -0.45630000 -0.88810000
vn -0.25290000 -0.59140000 -0.76570000
vn -0.38530000 -0.81560000 -0.43180000
vn -0.41380000 -0.53690000 -0.73520000
vn -0.24450000 -0.82860000 -0.50370000
vn -0.50510000 -0.61160000 -0.60890000
vn -0.64290000 -0.70660000 -0.29560000
vn -0.57800000 -0.80300000 -0.14530000
vn -0.60560000 -0.78050000 -0.15510000
vn -0.05600000 -0.45630000 -0.88810000
vn -0.12760000 -0.89640000 -0.42440000
vn -0.38530000 -0.81560000 -0.43180000
vn -0.24450000 -0.82860000 -0.50370000
vn 0.01710000 -0.71310000 -0.70080000
vn -0.02610000 0.03220000 0.99910000
vn -0.01910000 -0.00680000 -0.99980000
vn -0.99900000 -0.04270000 -0.01220000
vn -0.02610000 0.03220000 0.99910000
vn -0.01910000 -0.00680000 -0.99980000
vn -0.01060000 -0.00890000 -0.99990000
vn -0.01620000 0.00240000 -0.99990000
vn -0.00240000 -0.01240000 -0.99990000
vn -0.00610000 -0.01190000 -0.99990000
vn -0.01200000 -0.99990000 0.00420000
vn -0.01070000 -0.99990000 0.00150000
vn -0.01870000 -0.69830000 -0.71560000
vn 0.01710000 -0.71310000 -0.70080000
vn -0.00120000 -0.99990000 -0.01500000
vn -0.70830000 -0.70580000 0.01280000
vn -0.00130000 -0.99990000 -0.01510000
vn -0.00890000 -0.99990000 -0.01280000
vn -0.00560000 0.99990000 -0.01220000
vn -0.00120000 -0.99990000 -0.01500000
vn -0.01190000 0.99990000 -0.00740000
vn -0.01050000 -0.99990000 -0.01050000
vn -0.01200000 -0.99990000 0.00420000
vn 0.06720000 0.04650000 0.99670000
vn 0.16110000 0.00030000 0.98690000
vn -0.70830000 -0.70580000 0.01280000
vn -0.69610000 -0.71780000 -0.01650000
vn -0.00120000 -0.99990000 -0.01500000
vn -0.00130000 -0.99990000 -0.01510000
vn 0.00970000 0.01810000 0.99980000
vn -0.99990000 0.00010000 -0.01390000
vn -0.69610000 -0.71780000 -0.01650000
vn -0.01670000 0.06100000 0.99800000
vn 0.00970000 0.01810000 0.99980000
vn -0.99990000 0.00010000 -0.01390000
vn -0.99990000 -0.00700000 -0.01180000
vn -0.01670000 0.06100000 0.99800000
vn -0.99990000 -0.00320000 -0.01230000
vn 0.09280000 0.33510000 0.93760000
vn -0.01290000 0.51560000 0.85670000
vn -0.99990000 -0.01170000 -0.00190000
vn -0.70410000 -0.00970000 -0.71000000
vn 0.02470000 0.99840000 0.05140000
vn 0.01570000 0.99970000 0.01600000
vn 0.09280000 0.33510000 0.93760000
vn 0.06720000 0.04650000 0.99670000
vn 0.09380000 0.33490000 0.93760000
vn -0.01670000 0.06100000 0.99800000
vn 0.00970000 0.01810000 0.99980000
vn 0.13130000 0.14560000 0.98060000
vn 0.35700000 0.74220000 0.56720000
vn 0.28460000 0.43050000 0.85660000
vn 0.23280000 0.47360000 0.84940000
vn 0.20340000 0.64810000 0.73390000
vn 0.46990000 0.67060000 0.57400000
vn 0.48790000 0.49930000 0.71600000
vn 0.55280000 0.80740000 0.20620000
vn 0.53600000 0.68030000 0.49980000
vn 0.76930000 0.58040000 0.26700000
vn 0.42900000 0.85780000 0.28310000
vn 0.74510000 0.62590000 0.23030000
vn 0.70300000 0.56970000 0.42570000
vn 0.94230000 0.29450000 0.15910000
vn 0.91600000 0.34510000 0.20450000
vn 0.95050000 0.11640000 0.28820000
vn 0.88700000 0.21760000 0.40730000
vn 0.98340000 0.08910000 0.15830000
vn 0.86880000 0.27580000 0.41110000
vn 0.90120000 0.01800000 0.43300000
vn -0.01050000 -0.99990000 -0.01050000
vn -0.00890000 -0.99990000 -0.01280000
vn 0.74100000 0.09100000 0.66530000
vn 0.59930000 -0.03550000 0.79970000
vn 0.86880000 0.27580000 0.41110000
vn 0.70300000 0.56970000 0.42570000
vn 0.91600000 0.34510000 0.20450000
vn 0.76930000 0.58040000 0.26700000
vn 0.74460000 0.43830000 0.50340000
vn 0.38830000 0.07660000 0.91830000
vn 0.25290000 0.23240000 0.93920000
vn 0.06720000 0.04650000 0.99670000
vn 0.13130000 0.14560000 0.98060000
vn 0.42970000 0.20230000 0.88000000
vn 0.16110000 0.00030000 0.98690000
vn 0.48790000 0.49930000 0.71600000
vn 0.55780000 0.42870000 0.71070000
vn 0.70300000 0.56970000 0.42570000
vn 0.74460000 0.43830000 0.50340000
vn 0.53600000 0.68030000 0.49980000
vn 0.46990000 0.67060000 0.57400000
vn 0.35700000 0.74220000 0.56720000
vn 0.46990000 0.67060000 0.57400000
vn 0.53600000 0.68030000 0.49980000
vn 0.27220000 0.88420000 0.37970000
vn 0.29410000 0.91800000 0.26610000
vn 0.42900000 0.85780000 0.28310000
vn 0.06940000 0.99750000 0.01270000
vn -0.00830000 -0.00930000 -0.99990000
vn 0.42570000 0.90220000 0.06860000
vn 0.23800000 0.96650000 0.09650000
vn -0.00610000 -0.01190000 -0.99990000
vn -0.00240000 -0.01240000 -0.99990000
vn 0.74370000 0.66720000 0.04220000
vn -0.01060000 -0.00890000 -0.99990000
vn 0.51720000 0.84900000 0.10830000
vn -0.00610000 -0.01190000 -0.99990000
vn 0.42570000 0.90220000 0.06860000
vn 0.24720000 0.94550000 0.21200000
vn 0.06940000 0.99750000 0.01270000
vn 0.02470000 0.99840000 0.05140000
vn 0.23800000 0.96650000 0.09650000
vn 0.01570000 0.99970000 0.01600000
vn 0.07880000 0.98720000 0.13860000
vn 0.07880000 0.98720000 0.13860000
vn 0.27220000 0.88420000 0.37970000
vn 0.09860000 0.92030000 0.37850000
vn 0.24720000 0.94550000 0.21200000
vn 0.29410000 0.91800000 0.26610000
vn 0.86880000 0.27580000 0.41110000
vn 0.55780000 0.42870000 0.71070000
vn 0.88700000 0.21760000 0.40730000
vn 0.73860000 0.13490000 0.66050000
vn 0.52810000 0.25010000 0.81150000
vn 0.74460000 0.43830000 0.50340000
vn 0.78650000 0.61170000 0.08530000
vn -0.01620000 0.00240000 -0.99990000
vn 0.74370000 0.66720000 0.04220000
vn 0.97290000 0.22960000 0.02600000
vn -0.01060000 -0.00890000 -0.99990000
vn -0.01290000 0.51560000 0.85670000
vn 0.05750000 0.88240000 0.46700000
vn -0.99990000 -0.00700000 -0.01180000
vn 0.13000000 0.68930000 0.71270000
vn -0.99990000 -0.01140000 -0.00700000
vn 0.29410000 0.91800000 0.26610000
vn 0.51720000 0.84900000 0.10830000
vn 0.24720000 0.94550000 0.21200000
vn 0.55280000 0.80740000 0.20620000
vn 0.42570000 0.90220000 0.06860000
vn 0.42900000 0.85780000 0.28310000
vn 0.23800000 0.96650000 0.09650000
vn 0.78650000 0.61170000 0.08530000
vn 0.74510000 0.62590000 0.23030000
vn 0.74370000 0.66720000 0.04220000
vn 0.51720000 0.84900000 0.10830000
vn 0.55280000 0.80740000 0.20620000
vn -0.00130000 -0.99990000 -0.01510000
vn 0.59930000 -0.03550000 0.79970000
vn -0.00890000 -0.99990000 -0.01280000
vn 0.16110000 0.00030000 0.98690000
vn 0.38830000 0.07660000 0.91830000
vn -0.01070000 -0.99990000 0.00150000
vn -0.01200000 -0.99990000 0.00420000
vn 0.99920000 0.01640000 0.03700000
vn -0.01050000 -0.99990000 -0.01050000
vn 0.90120000 0.01800000 0.43300000
vn 0.98340000 0.08910000 0.15830000
vn 0.95050000 0.11640000 0.28820000
vn 0.96790000 0.25130000 0.00490000
vn -0.01910000 -0.00680000 -0.99980000
vn -0.01620000 0.00240000 -0.99990000
vn -0.01870000 -0.69830000 -0.71560000
vn 0.01710000 -0.71310000 -0.70080000
vn 0.97290000 0.22960000 0.02600000
vn 0.99950000 0.01460000 0.02970000
vn 0.91600000 0.34510000 0.20450000
vn 0.96790000 0.25130000 0.00490000
vn 0.76930000 0.58040000 0.26700000
vn 0.97290000 0.22960000 0.02600000
vn 0.74510000 0.62590000 0.23030000
vn 0.94230000 0.29450000 0.15910000
vn 0.78650000 0.61170000 0.08530000
vn 0.09380000 0.33490000 0.93760000
vn 0.13000000 0.68930000 0.71270000
vn 0.20340000 0.64810000 0.73390000
vn 0.23280000 0.47360000 0.84940000
vn 0.09280000 0.33510000 0.93760000
vn -0.01290000 0.51560000 0.85670000
vn 0.42970000 0.20230000 0.88000000
vn 0.48790000 0.49930000 0.71600000
vn 0.52810000 0.25010000 0.81150000
vn 0.55780000 0.42870000 0.71070000
vn 0.25290000 0.23240000 0.93920000
vn 0.28460000 0.43050000 0.85660000
vn 0.98340000 0.08910000 0.15830000
vn 0.94230000 0.29450000 0.15910000
vn 0.99920000 0.01640000 0.03700000
vn 0.96790000 0.25130000 0.00490000
vn 0.99950000 0.01460000 0.02970000
vn 0.95050000 0.11640000 0.28820000
vn 0.74100000 0.09100000 0.66530000
vn 0.88700000 0.21760000 0.40730000
vn 0.90120000 0.01800000 0.43300000
vn 0.73860000 0.13490000 0.66050000
vn 0.09380000 0.33490000 0.93760000
vn 0.25290000 0.23240000 0.93920000
vn 0.13130000 0.14560000 0.98060000
vn 0.28460000 0.43050000 0.85660000
vn 0.23280000 0.47360000 0.84940000
vn 0.09860000 0.92030000 0.37850000
vn 0.02470000 0.99840000 0.05140000
vn -0.99990000 -0.01170000 -0.00190000
vn 0.07880000 0.98720000 0.13860000
vn 0.05750000 0.88240000 0.46700000
vn -0.99990000 -0.01140000 -0.00700000
vn -0.99990000 -0.01190000 -0.00140000
vn 0.38830000 0.07660000 0.91830000
vn 0.42970000 0.20230000 0.88000000
vn 0.74100000 0.09100000 0.66530000
vn 0.73860000 0.13490000 0.66050000
vn 0.59930000 -0.03550000 0.79970000
vn 0.52810000 0.25010000 0.81150000
vn 0.20340000 0.64810000 0.73390000
vn 0.35700000 0.74220000 0.56720000
vn 0.27220000 0.88420000 0.37970000
vn 0.13000000 0.68930000 0.71270000
vn 0.05750000 0.88240000 0.46700000
vn 0.09860000 0.92030000 0.37850000
vn -0.00830000 -0.00930000 -0.99990000
vn 0.01570000 0.99970000 0.01600000
vn -0.70720000 -0.00230000 -0.70700000
vn -0.70410000 -0.00970000 -0.71000000
vn 0.06940000 0.99750000 0.01270000
vn 0.99950000 0.01460000 0.02970000
vn -0.01870000 -0.69830000 -0.71560000
vn -0.01070000 -0.99990000 0.00150000
vn 0.99920000 0.01640000 0.03700000
vn 0.00790000 0.99990000 -0.00750000
vn 0.70690000 0.00330000 -0.70730000
vn 0.99990000 -0.01360000 0.00420000
vn 0.00790000 0.99990000 -0.00750000
vn 0.00440000 -0.01170000 -0.99990000
vn 0.00790000 0.99990000 -0.00750000
vn 0.71230000 -0.00970000 -0.70180000
vn 0.00470000 -0.01150000 -0.99990000
vn 0.70690000 0.00330000 -0.70730000
vn 0.00590000 -0.99950000 -0.03060000
vn 0.27600000 -0.96040000 -0.03850000
vn 0.06790000 -0.99460000 -0.07870000
vn 0.00590000 -0.99950000 -0.03060000
vn 0.01650000 -0.71590000 -0.69800000
vn 0.01390000 0.00300000 -0.99990000
vn 0.00860000 -0.00630000 -0.99990000
vn -0.00830000 -0.70580000 -0.70840000
vn 0.00830000 -0.00790000 -0.99990000
vn 0.00860000 -0.00630000 -0.99990000
vn 0.00490000 -0.01150000 -0.99990000
vn 0.00470000 -0.01150000 -0.99990000
vn 0.65670000 -0.13490000 -0.74200000
vn 0.45990000 -0.37190000 -0.80640000
vn 0.60480000 -0.09050000 -0.79120000
vn 0.10530000 -0.98250000 -0.15370000
vn 0.39140000 -0.91140000 -0.12690000
vn 0.06790000 -0.99460000 -0.07870000
vn 0.27600000 -0.96040000 -0.03850000
vn 0.45990000 -0.37190000 -0.80640000
vn 0.67320000 -0.50820000 -0.53720000
vn 0.39140000 -0.91140000 -0.12690000
vn 0.76420000 -0.63890000 -0.08790000
vn 0.38440000 -0.08850000 -0.91890000
vn 0.65670000 -0.13490000 -0.74200000
vn 0.00750000 0.99990000 -0.01180000
vn 0.01350000 0.99990000 -0.00840000
vn 0.01610000 0.99990000 -0.00520000
vn 0.01350000 0.99990000 -0.00840000
vn 0.87720000 -0.07540000 -0.47410000
vn 0.65670000 -0.13490000 -0.74200000
vn 0.60480000 -0.09050000 -0.79120000
vn 0.67320000 -0.50820000 -0.53720000
vn 0.87720000 -0.07540000 -0.47410000
vn 0.01610000 0.99990000 -0.00520000
vn 0.45990000 -0.37190000 -0.80640000
vn 0.67320000 -0.50820000 -0.53720000
vn 0.10530000 -0.98250000 -0.15370000
vn 0.00590000 -0.99950000 -0.03060000
vn 0.06790000 -0.99460000 -0.07870000
vn 0.10530000 -0.98250000 -0.15370000
vn 0.38440000 -0.08850000 -0.91890000
vn 0.00750000 0.99990000 -0.01180000
vn 0.76420000 -0.63890000 -0.08790000
vn 0.38440000 -0.08850000 -0.91890000
vn 0.60480000 -0.09050000 -0.79120000
vn 0.87720000 -0.07540000 -0.47410000
vn 0.76420000 -0.63890000 -0.08790000
vn 0.39140000 -0.91140000 -0.12690000
vn 0.27600000 -0.96040000 -0.03850000
vn 0.70090000 -0.71330000 0.00540000
vn 0.99990000 -0.01300000 -0.01020000
vn 0.99990000 -0.00520000 -0.01340000
vn -0.71790000 0.69620000 -0.00350000
vn 0.99990000 -0.01360000 0.00420000
vn 0.99990000 -0.01040000 -0.00840000
vn 0.99990000 -0.00520000 -0.01340000
vn 0.99990000 -0.00530000 -0.01340000
vn 0.99990000 -0.01360000 0.00410000
vn -0.00400000 -0.99980000 -0.01720000
vn 0.70090000 -0.71330000 0.00540000
vn 0.69770000 -0.71630000 0.01290000
vn -0.71790000 0.69620000 -0.00350000
vn -0.71790000 0.69620000 -0.00350000
vn 0.00630000 -0.99990000 -0.01530000
vn -0.00830000 -0.70580000 -0.70840000
vn 0.01470000 -0.99990000 -0.00120000
vn 0.01320000 -0.99990000 -0.00860000
vn 0.01610000 0.99990000 -0.00520000
vn 0.00750000 0.99990000 -0.01180000
vn 0.01470000 -0.99990000 -0.00120000
vn -0.00400000 -0.99980000 -0.01720000
vn 0.01350000 0.99990000 -0.00840000
vn -0.00060000 -0.99980000 -0.01820000
vn -0.00830000 -0.70580000 -0.70840000
vn -1.00000000 0.00690000 0.00650000
vn -0.99560000 0.02710000 0.08950000
vn 0.01650000 -0.71590000 -0.69800000
vn 0.00630000 -0.99990000 -0.01530000
vn 0.01650000 -0.71590000 -0.69800000
vn -1.00000000 0.00690000 0.00650000
vn -0.99720000 0.07530000 -0.00080000
vn 0.01390000 0.00300000 -0.99990000
vn -0.48660000 0.87240000 0.04700000
vn -0.85830000 0.50730000 0.07680000
vn 0.00830000 -0.00790000 -0.99990000
vn 0.00490000 -0.01150000 -0.99990000
vn -0.70840000 0.69310000 0.13320000
vn 0.00470000 -0.01150000 -0.99990000
vn 0.00490000 -0.01150000 -0.99990000
vn 0.00440000 -0.01170000 -0.99990000
vn -0.48660000 0.87240000 0.04700000
vn -0.10370000 0.99270000 0.06090000
vn -0.43250000 0.89850000 0.07580000
vn -0.05400000 0.99810000 0.02810000
vn 0.00440000 -0.01170000 -0.99990000
vn -0.03400000 0.99920000 0.02200000
vn -0.05400000 0.99810000 0.02810000
vn 0.71230000 -0.00970000 -0.70180000
vn -0.50790000 0.19920000 0.83800000
vn -0.41150000 0.44310000 0.79650000
vn -0.36790000 0.20480000 0.90700000
vn -0.63270000 0.39200000 0.66780000
vn -0.55930000 0.46260000 0.68790000
vn -0.32650000 0.33140000 0.88520000
vn -1.00000000 0.00690000 0.00650000
vn -0.99720000 0.07530000 -0.00080000
vn -0.99560000 0.02710000 0.08950000
vn -0.95370000 0.28170000 0.10530000
vn -0.95150000 0.22190000 0.21320000
vn -0.99490000 0.03140000 0.09600000
vn -0.33890000 0.61020000 0.71610000
vn -0.39200000 0.80710000 0.44160000
vn -0.20750000 0.73510000 0.64540000
vn -0.47040000 0.68710000 0.55370000
vn -0.26160000 0.63820000 0.72410000
vn -0.31950000 0.83730000 0.44370000
vn -0.28680000 -0.06810000 0.95560000
vn 0.01320000 -0.99990000 -0.00860000
vn -0.63780000 0.11480000 0.76160000
vn -0.81650000 -0.05050000 0.57510000
vn -0.00060000 -0.99980000 -0.01820000
vn -0.32650000 0.33140000 0.88520000
vn -0.21870000 0.32260000 0.92090000
vn -0.33890000 0.61020000 0.71610000
vn -0.41150000 0.44310000 0.79650000
vn -0.26160000 0.63820000 0.72410000
vn -0.15710000 0.43000000 0.88910000
vn -0.99490000 0.03140000 0.09600000
vn -0.95150000 0.22190000 0.21320000
vn -0.93550000 0.24460000 0.25500000
vn -0.88630000 0.20040000 0.41760000
vn -0.92670000 0.08150000 0.36680000
vn -0.64220000 0.08320000 0.76200000
vn -0.63780000 0.11480000 0.76160000
vn -0.80760000 0.26230000 0.52810000
vn -0.92670000 0.08150000 0.36680000
vn -0.81650000 -0.05050000 0.57510000
vn -0.88630000 0.20040000 0.41760000
vn -0.15710000 0.43000000 0.88910000
vn -0.05470000 0.41360000 0.90880000
vn -0.21870000 0.32260000 0.92090000
vn -0.05570000 0.11450000 0.99190000
vn -0.53750000 0.63410000 0.55590000
vn -0.68910000 0.62300000 0.37010000
vn -0.76710000 0.33210000 0.54890000
vn -0.82400000 0.42960000 0.36950000
vn -0.55930000 0.46260000 0.68790000
vn -0.79480000 0.49320000 0.35360000
vn -0.63270000 0.39200000 0.66780000
vn -0.39200000 0.80710000 0.44160000
vn -0.37960000 0.89150000 0.24710000
vn -0.43950000 0.84170000 0.31350000
vn -0.17360000 0.94590000 0.27430000
vn -0.31950000 0.83730000 0.44370000
vn -0.19800000 0.95920000 0.20200000
vn 0.71230000 -0.00970000 -0.70180000
vn 0.70690000 0.00330000 -0.70730000
vn -0.03400000 0.99920000 0.02200000
vn -0.02090000 0.98980000 0.14120000
vn 0.99990000 -0.01360000 0.00420000
vn 0.99990000 -0.01360000 0.00410000
vn -0.11690000 0.95080000 0.28680000
vn 0.99990000 -0.01040000 -0.00840000
vn -0.02090000 0.98980000 0.14120000
vn -0.08290000 0.83660000 0.54150000
vn 0.99990000 -0.01360000 0.00410000
vn -0.01080000 0.46310000 0.88630000
vn -0.08290000 0.83660000 0.54150000
vn 0.99990000 -0.00530000 -0.01340000
vn -0.12590000 0.77190000 0.62320000
vn 0.99990000 -0.01040000 -0.00840000
vn -0.17360000 0.94590000 0.27430000
vn -0.11690000 0.95080000 0.28680000
vn -0.19800000 0.95920000 0.20200000
vn -0.05400000 0.99810000 0.02810000
vn -0.03400000 0.99920000 0.02200000
vn -0.02090000 0.98980000 0.14120000
vn -0.10370000 0.99270000 0.06090000
vn -0.37960000 0.89150000 0.24710000
vn -0.43250000 0.89850000 0.07580000
vn -0.10370000 0.99270000 0.06090000
vn -0.19800000 0.95920000 0.20200000
vn -0.64590000 0.69380000 0.31850000
vn -0.90330000 0.41490000 0.10910000
vn -0.68910000 0.62300000 0.37010000
vn -0.79480000 0.49320000 0.35360000
vn -0.85830000 0.50730000 0.07680000
vn -0.70840000 0.69310000 0.13320000
vn -0.85830000 0.50730000 0.07680000
vn 0.01390000 0.00300000 -0.99990000
vn 0.00830000 -0.00790000 -0.99990000
vn 0.00860000 -0.00630000 -0.99990000
vn -0.99720000 0.07530000 -0.00080000
vn -0.95370000 0.28170000 0.10530000
vn -0.90330000 0.41490000 0.10910000
vn -0.01080000 0.46310000 0.88630000
vn -0.02790000 0.03200000 0.99910000
vn 0.99990000 -0.00520000 -0.01340000
vn -0.05570000 0.11450000 0.99190000
vn -0.05470000 0.41360000 0.90880000
vn 0.99990000 -0.00530000 -0.01340000
vn 0.99990000 -0.01300000 -0.01020000
vn -0.20750000 0.73510000 0.64540000
vn -0.12590000 0.77190000 0.62320000
vn -0.31950000 0.83730000 0.44370000
vn -0.11690000 0.95080000 0.28680000
vn -0.08290000 0.83660000 0.54150000
vn -0.17360000 0.94590000 0.27430000
vn -0.26160000 0.63820000 0.72410000
vn -0.20750000 0.73510000 0.64540000
vn -0.12590000 0.77190000 0.62320000
vn -0.01080000 0.46310000 0.88630000
vn -0.15710000 0.43000000 0.88910000
vn -0.05470000 0.41360000 0.90880000
vn -0.41150000 0.44310000 0.79650000
vn -0.55930000 0.46260000 0.68790000
vn -0.53750000 0.63410000 0.55590000
vn -0.33890000 0.61020000 0.71610000
vn -0.47040000 0.68710000 0.55370000
vn 0.01320000 -0.99990000 -0.00860000
vn -0.92670000 0.08150000 0.36680000
vn 0.01470000 -0.99990000 -0.00120000
vn -0.99560000 0.02710000 0.08950000
vn 0.00630000 -0.99990000 -0.01530000
vn -0.99490000 0.03140000 0.09600000
vn -0.81650000 -0.05050000 0.57510000
vn -0.19970000 0.04000000 0.97900000
vn -0.50790000 0.19920000 0.83800000
vn -0.28680000 -0.06810000 0.95560000
vn -0.36790000 0.20480000 0.90700000
vn -0.63780000 0.11480000 0.76160000
vn -0.64220000 0.08320000 0.76200000
vn -0.63270000 0.39200000 0.66780000
vn -0.64220000 0.08320000 0.76200000
vn -0.76710000 0.33210000 0.54890000
vn -0.80760000 0.26230000 0.52810000
vn -0.50790000 0.19920000 0.83800000
vn -0.82400000 0.42960000 0.36950000
vn -0.79480000 0.49320000 0.35360000
vn -0.90330000 0.41490000 0.10910000
vn -0.95150000 0.22190000 0.21320000
vn -0.95370000 0.28170000 0.10530000
vn -0.93550000 0.24460000 0.25500000
vn 0.69770000 -0.71630000 0.01290000
vn -0.19970000 0.04000000 0.97900000
vn -0.00400000 -0.99980000 -0.01720000
vn -0.02870000 0.05250000 0.99820000
vn -0.00060000 -0.99980000 -0.01820000
vn -0.28680000 -0.06810000 0.95560000
vn -0.02870000 0.05250000 0.99820000
vn -0.32650000 0.33140000 0.88520000
vn -0.19970000 0.04000000 0.97900000
vn -0.05570000 0.11450000 0.99190000
vn -0.02790000 0.03200000 0.99910000
vn -0.36790000 0.20480000 0.90700000
vn -0.21870000 0.32260000 0.92090000
vn -0.68910000 0.62300000 0.37010000
vn -0.47040000 0.68710000 0.55370000
vn -0.53750000 0.63410000 0.55590000
vn -0.43950000 0.84170000 0.31350000
vn -0.39200000 0.80710000 0.44160000
vn -0.64590000 0.69380000 0.31850000
vn -0.80760000 0.26230000 0.52810000
vn -0.93550000 0.24460000 0.25500000
vn -0.82400000 0.42960000 0.36950000
vn -0.88630000 0.20040000 0.41760000
vn -0.76710000 0.33210000 0.54890000
vn -0.43950000 0.84170000 0.31350000
vn -0.70840000 0.69310000 0.13320000
vn -0.64590000 0.69380000 0.31850000
vn -0.43250000 0.89850000 0.07580000
vn -0.48660000 0.87240000 0.04700000
vn -0.37960000 0.89150000 0.24710000
vn 0.99990000 -0.01300000 -0.01020000
vn 0.70090000 -0.71330000 0.00540000
vn 0.69770000 -0.71630000 0.01290000
vn -0.02790000 0.03200000 0.99910000
vn -0.02870000 0.05250000 0.99820000
vn -0.99990000 -0.01360000 -0.00420000
vn -0.70690000 0.00330000 0.70730000
vn -0.00470000 -0.01150000 0.99990000
vn -0.00440000 -0.01170000 0.99990000
vn -0.71230000 -0.00970000 0.70180000
vn -0.70690000 0.00330000 0.70730000
vn -0.06790000 -0.99460000 0.07870000
vn -0.00590000 -0.99950000 0.03060000
vn -0.01550000 -0.00970000 -0.99980000
vn -0.27600000 -0.96040000 0.03850000
vn -0.00590000 -0.99950000 0.03060000
vn 1.00000000 -0.00490000 0.00390000
vn -0.01650000 -0.71590000 0.69800000
vn 0.00830000 -0.70580000 0.70840000
vn -0.01390000 0.00300000 0.99990000
vn -0.01550000 -0.00970000 -0.99980000
vn -0.00470000 -0.01150000 0.99990000
vn -0.00490000 -0.01150000 0.99990000
vn -0.00830000 -0.00790000 0.99990000
vn -0.60480000 -0.09050000 0.79120000
vn -0.22700000 -0.23260000 0.94570000
vn -0.65670000 -0.13490000 0.74200000
vn -0.27600000 -0.96040000 0.03850000
vn -0.39140000 -0.91140000 0.12690000
vn -0.06790000 -0.99460000 0.07870000
vn -0.02560000 -0.04100000 0.99880000
vn -0.22700000 -0.23260000 0.94570000
vn -0.76420000 -0.63890000 0.08790000
vn -0.39140000 -0.91140000 0.12690000
vn -0.01350000 0.99990000 0.00840000
vn -0.65670000 -0.13490000 0.74200000
vn -0.38440000 -0.08850000 0.91890000
vn -0.00750000 0.99990000 0.01180000
vn -0.01350000 0.99990000 0.00840000
vn -0.01610000 0.99990000 0.00520000
vn -0.87720000 -0.07540000 0.47410000
vn -0.60480000 -0.09050000 0.79120000
vn -0.65670000 -0.13490000 0.74200000
vn -0.01610000 0.99990000 0.00520000
vn -0.87720000 -0.07540000 0.47410000
vn -0.06790000 -0.99460000 0.07870000
vn -0.00590000 -0.99950000 0.03060000
vn -0.22700000 -0.23260000 0.94570000
vn -0.00750000 0.99990000 0.01180000
vn -0.00010000 0.99990000 0.01450000
vn -0.38440000 -0.08850000 0.91890000
vn -0.05150000 0.00110000 0.99870000
vn -0.00540000 0.99990000 0.01200000
vn -0.76420000 -0.63890000 0.08790000
vn -0.38440000 -0.08850000 0.91890000
vn -0.05150000 0.00110000 0.99870000
vn -0.02560000 -0.04100000 0.99880000
vn -0.87720000 -0.07540000 0.47410000
vn -0.60480000 -0.09050000 0.79120000
vn -0.27600000 -0.96040000 0.03850000
vn -0.01550000 -0.00970000 -0.99980000
vn -0.76420000 -0.63890000 0.08790000
vn -0.39140000 -0.91140000 0.12690000
vn -0.70090000 -0.71330000 -0.00540000
vn -0.99990000 -0.00520000 0.01340000
vn -0.99990000 -0.01300000 0.01020000
vn 0.71790000 0.69620000 0.00350000
vn -0.02560000 -0.04100000 0.99880000
vn -0.99990000 -0.01360000 -0.00410000
vn -0.99990000 -0.01360000 -0.00420000
vn -0.99990000 -0.00530000 0.01340000
vn -0.99990000 -0.00520000 0.01340000
vn -0.99990000 -0.01040000 0.00840000
vn 0.00400000 -0.99980000 0.01720000
vn -0.70090000 -0.71330000 -0.00540000
vn 0.71790000 0.69620000 0.00350000
vn -0.69770000 -0.71630000 -0.01290000
vn -0.00010000 0.99990000 0.01450000
vn -0.00540000 0.99990000 0.01200000
vn 0.71790000 0.69620000 0.00350000
vn -0.00010000 0.99990000 0.01450000
vn -0.05150000 0.00110000 0.99870000
vn -0.00630000 -0.99990000 0.01530000
vn 1.00000000 -0.00490000 0.00390000
vn 0.00830000 -0.70580000 0.70840000
vn -0.01470000 -0.99990000 0.00120000
vn -0.00750000 0.99990000 0.01180000
vn -0.00540000 0.99990000 0.01200000
vn -0.01470000 -0.99990000 0.00120000
vn -0.01610000 0.99990000 0.00520000
vn -0.01350000 0.99990000 0.00840000
vn 0.00400000 -0.99980000 0.01720000
vn -0.01320000 -0.99990000 0.00860000
vn 0.00060000 -0.99980000 0.01820000
vn 1.00000000 -0.00490000 0.00390000
vn -0.00630000 -0.99990000 0.01530000
vn 0.00830000 -0.70580000 0.70840000
vn -0.01650000 -0.71590000 0.69800000
vn 1.00000000 0.00690000 -0.00650000
vn 0.99560000 0.02710000 -0.08950000
vn 0.99720000 0.07530000 0.00080000
vn -0.01390000 0.00300000 0.99990000
vn 1.00000000 0.00690000 -0.00650000
vn -0.01650000 -0.71590000 0.69800000
vn 0.70840000 0.69310000 -0.13320000
vn 0.85830000 0.50730000 -0.07680000
vn -0.00830000 -0.00790000 0.99990000
vn -0.00490000 -0.01150000 0.99990000
vn 0.48660000 0.87240000 -0.04700000
vn 0.05400000 0.99810000 -0.02810000
vn 0.48660000 0.87240000 -0.04700000
vn -0.00490000 -0.01150000 0.99990000
vn -0.00470000 -0.01150000 0.99990000
vn 0.43250000 0.89850000 -0.07580000
vn 0.10370000 0.99270000 -0.06090000
vn -0.00440000 -0.01170000 0.99990000
vn 0.05400000 0.99810000 -0.02810000
vn 0.03400000 0.99920000 -0.02200000
vn -0.71230000 -0.00970000 0.70180000
vn -0.00440000 -0.01170000 0.99990000
vn 0.63270000 0.39200000 -0.66780000
vn 0.55930000 0.46260000 -0.68790000
vn 0.50790000 0.19920000 -0.83800000
vn 0.36790000 0.20480000 -0.90700000
vn 0.32650000 0.33140000 -0.88520000
vn 0.41150000 0.44310000 -0.79650000
vn 0.95370000 0.28170000 -0.10530000
vn 1.00000000 0.00690000 -0.00650000
vn 0.99560000 0.02710000 -0.08950000
vn 0.99490000 0.03140000 -0.09600000
vn 0.99720000 0.07530000 0.00080000
vn 0.95150000 0.22190000 -0.21320000
vn 0.47040000 0.68710000 -0.55370000
vn 0.26160000 0.63820000 -0.72410000
vn 0.31950000 0.83730000 -0.44370000
vn 0.20750000 0.73510000 -0.64540000
vn 0.33890000 0.61020000 -0.71610000
vn 0.39200000 0.80710000 -0.44160000
vn -0.01320000 -0.99990000 0.00860000
vn 0.63780000 0.11480000 -0.76160000
vn 0.00060000 -0.99980000 0.01820000
vn 0.81650000 -0.05050000 -0.57510000
vn 0.28680000 -0.06810000 -0.95560000
vn 0.21870000 0.32260000 -0.92090000
vn 0.15710000 0.43000000 -0.88910000
vn 0.26160000 0.63820000 -0.72410000
vn 0.33890000 0.61020000 -0.71610000
vn 0.32650000 0.33140000 -0.88520000
vn 0.41150000 0.44310000 -0.79650000
vn 0.92670000 0.08150000 -0.36680000
vn 0.95150000 0.22190000 -0.21320000
vn 0.93550000 0.24460000 -0.25500000
vn 0.99490000 0.03140000 -0.09600000
vn 0.88630000 0.20040000 -0.41760000
vn 0.92670000 0.08150000 -0.36680000
vn 0.64220000 0.08320000 -0.76200000
vn 0.80760000 0.26230000 -0.52810000
vn 0.81650000 -0.05050000 -0.57510000
vn 0.63780000 0.11480000 -0.76160000
vn 0.88630000 0.20040000 -0.41760000
vn 0.15710000 0.43000000 -0.88910000
vn 0.21870000 0.32260000 -0.92090000
vn 0.05570000 0.11450000 -0.99190000
vn 0.05470000 0.41360000 -0.90880000
vn 0.63270000 0.39200000 -0.66780000
vn 0.79480000 0.49320000 -0.35360000
vn 0.76710000 0.33210000 -0.54890000
vn 0.82400000 0.42960000 -0.36950000
vn 0.53750000 0.63410000 -0.55590000
vn 0.55930000 0.46260000 -0.68790000
vn 0.68910000 0.62300000 -0.37010000
vn 0.39200000 0.80710000 -0.44160000
vn 0.31950000 0.83730000 -0.44370000
vn 0.43950000 0.84170000 -0.31350000
vn 0.19800000 0.95920000 -0.20200000
vn 0.37960000 0.89150000 -0.24710000
vn 0.17360000 0.94590000 -0.27430000
vn -0.71230000 -0.00970000 0.70180000
vn -0.70690000 0.00330000 0.70730000
vn -0.99990000 -0.01360000 -0.00420000
vn -0.99990000 -0.01360000 -0.00410000
vn 0.03400000 0.99920000 -0.02200000
vn 0.02090000 0.98980000 -0.14120000
vn 0.08290000 0.83660000 -0.54150000
vn -0.99990000 -0.01040000 0.00840000
vn 0.02090000 0.98980000 -0.14120000
vn -0.99990000 -0.01360000 -0.00410000
vn 0.11690000 0.95080000 -0.28680000
vn 0.12590000 0.77190000 -0.62320000
vn 0.08290000 0.83660000 -0.54150000
vn -0.99990000 -0.00530000 0.01340000
vn 0.01080000 0.46310000 -0.88630000
vn -0.99990000 -0.01040000 0.00840000
vn 0.05400000 0.99810000 -0.02810000
vn 0.02090000 0.98980000 -0.14120000
vn 0.11690000 0.95080000 -0.28680000
vn 0.03400000 0.99920000 -0.02200000
vn 0.17360000 0.94590000 -0.27430000
vn 0.10370000 0.99270000 -0.06090000
vn 0.19800000 0.95920000 -0.20200000
vn 0.43250000 0.89850000 -0.07580000
vn 0.10370000 0.99270000 -0.06090000
vn 0.19800000 0.95920000 -0.20200000
vn 0.37960000 0.89150000 -0.24710000
vn 0.85830000 0.50730000 -0.07680000
vn 0.90330000 0.41490000 -0.10910000
vn 0.64590000 0.69380000 -0.31850000
vn 0.70840000 0.69310000 -0.13320000
vn 0.68910000 0.62300000 -0.37010000
vn 0.79480000 0.49320000 -0.35360000
vn -0.00830000 -0.00790000 0.99990000
vn 0.90330000 0.41490000 -0.10910000
vn 0.85830000 0.50730000 -0.07680000
vn -0.01390000 0.00300000 0.99990000
vn 0.99720000 0.07530000 0.00080000
vn 0.95370000 0.28170000 -0.10530000
vn -0.99990000 -0.01300000 0.01020000
vn 0.02790000 0.03200000 -0.99910000
vn 0.05570000 0.11450000 -0.99190000
vn 0.05470000 0.41360000 -0.90880000
vn 0.01080000 0.46310000 -0.88630000
vn -0.99990000 -0.00530000 0.01340000
vn -0.99990000 -0.00520000 0.01340000
vn 0.08290000 0.83660000 -0.54150000
vn 0.20750000 0.73510000 -0.64540000
vn 0.17360000 0.94590000 -0.27430000
vn 0.12590000 0.77190000 -0.62320000
vn 0.31950000 0.83730000 -0.44370000
vn 0.11690000 0.95080000 -0.28680000
vn 0.01080000 0.46310000 -0.88630000
vn 0.15710000 0.43000000 -0.88910000
vn 0.20750000 0.73510000 -0.64540000
vn 0.26160000 0.63820000 -0.72410000
vn 0.05470000 0.41360000 -0.90880000
vn 0.12590000 0.77190000 -0.62320000
vn 0.55930000 0.46260000 -0.68790000
vn 0.47040000 0.68710000 -0.55370000
vn 0.53750000 0.63410000 -0.55590000
vn 0.33890000 0.61020000 -0.71610000
vn 0.41150000 0.44310000 -0.79650000
vn 0.81650000 -0.05050000 -0.57510000
vn -0.01470000 -0.99990000 0.00120000
vn -0.01320000 -0.99990000 0.00860000
vn 0.92670000 0.08150000 -0.36680000
vn -0.00630000 -0.99990000 0.01530000
vn 0.99490000 0.03140000 -0.09600000
vn 0.99560000 0.02710000 -0.08950000
vn 0.28680000 -0.06810000 -0.95560000
vn 0.64220000 0.08320000 -0.76200000
vn 0.19970000 0.04000000 -0.97900000
vn 0.63780000 0.11480000 -0.76160000
vn 0.36790000 0.20480000 -0.90700000
vn 0.50790000 0.19920000 -0.83800000
vn 0.63270000 0.39200000 -0.66780000
vn 0.80760000 0.26230000 -0.52810000
vn 0.76710000 0.33210000 -0.54890000
vn 0.64220000 0.08320000 -0.76200000
vn 0.50790000 0.19920000 -0.83800000
vn 0.95150000 0.22190000 -0.21320000
vn 0.90330000 0.41490000 -0.10910000
vn 0.79480000 0.49320000 -0.35360000
vn 0.95370000 0.28170000 -0.10530000
vn 0.93550000 0.24460000 -0.25500000
vn 0.82400000 0.42960000 -0.36950000
vn 0.02870000 0.05250000 -0.99820000
vn 0.00060000 -0.99980000 0.01820000
vn 0.00400000 -0.99980000 0.01720000
vn -0.69770000 -0.71630000 -0.01290000
vn 0.28680000 -0.06810000 -0.95560000
vn 0.19970000 0.04000000 -0.97900000
vn 0.19970000 0.04000000 -0.97900000
vn 0.02790000 0.03200000 -0.99910000
vn 0.32650000 0.33140000 -0.88520000
vn 0.36790000 0.20480000 -0.90700000
vn 0.02870000 0.05250000 -0.99820000
vn 0.05570000 0.11450000 -0.99190000
vn 0.21870000 0.32260000 -0.92090000
vn 0.47040000 0.68710000 -0.55370000
vn 0.43950000 0.84170000 -0.31350000
vn 0.64590000 0.69380000 -0.31850000
vn 0.68910000 0.62300000 -0.37010000
vn 0.39200000 0.80710000 -0.44160000
vn 0.53750000 0.63410000 -0.55590000
vn 0.88630000 0.20040000 -0.41760000
vn 0.80760000 0.26230000 -0.52810000
vn 0.93550000 0.24460000 -0.25500000
vn 0.82400000 0.42960000 -0.36950000
vn 0.76710000 0.33210000 -0.54890000
vn 0.48660000 0.87240000 -0.04700000
vn 0.43250000 0.89850000 -0.07580000
vn 0.70840000 0.69310000 -0.13320000
vn 0.43950000 0.84170000 -0.31350000
vn 0.37960000 0.89150000 -0.24710000
vn 0.64590000 0.69380000 -0.31850000
vn -0.69770000 -0.71630000 -0.01290000
vn 0.02790000 0.03200000 -0.99910000
vn 0.02870000 0.05250000 -0.99820000
vn -0.99990000 -0.01300000 0.01020000
vn -0.70090000 -0.71330000 -0.00540000
vn -0.02510000 -0.58990000 0.80710000
vn -0.02510000 -0.58990000 0.80710000
vn -0.02510000 -0.58990000 0.80710000
vn -0.11730000 -0.99310000 0.00610000
vn -0.11730000 -0.99310000 0.00610000
vn -0.11730000 -0.99310000 0.00610000
vt 0.08378800 0.84372500
vt 0.08378800 0.84372500
vt 0.08378800 0.84372500
vt 0.15609100 0.91612100
vt 0.15609100 0.91612100
vt 0.15609100 0.91612100
vt 0.15609100 0.91612100
vt 0.15607300 0.93926700
vt 0.15607300 0.93926700
vt 0.15607300 0.93926700
vt 0.15607300 0.93926700
vt 0.15590700 0.93869500
vt 0.15590700 0.93869500
vt 0.15590700 0.93869500
vt 0.15590700 0.93869500
vt 0.15480900 0.98259600
vt 0.15480900 0.98259600
vt 0.02941000 0.98092800
vt 0.02941000 0.98092800
vt 0.02941000 0.98092800
vt 0.02941000 0.98092800
vt 0.02941000 0.98092800
vt 0.02941000 0.98092800
vt 0.11785500 0.97185400
vt 0.11785500 0.97185400
vt 0.02266300 0.95298100
vt 0.02266300 0.95298100
vt 0.02266300 0.95298100
vt 0.02266300 0.95298100
vt 0.04350800 0.96901400
vt 0.04350800 0.96901400
vt 0.01217100 0.92035000
vt 0.01217100 0.92035000
vt 0.01217100 0.92035000
vt 0.01217100 0.92035000
vt 0.01217100 0.92035000
vt 0.05952900 0.99446600
vt 0.05952900 0.99446600
vt 0.05952900 0.99446600
vt 0.02816600 0.92955800
vt 0.02816600 0.92955800
vt 0.00385700 0.94097800
vt 0.00385700 0.94097800
vt 0.00385700 0.94097800
vt 0.00385700 0.94097800
vt 0.01764300 0.85127400
vt 0.01764300 0.85127400
vt 0.01764300 0.85127400
vt 0.01764300 0.85127400
vt 0.07926200 0.98474300
vt 0.00399600 0.84549700
vt 0.00399600 0.84549700
vt 0.00399600 0.84549700
vt 0.00399600 0.84549700
vt 0.08202700 0.99836100
vt 0.08202700 0.99836100
vt 0.00793800 0.87728700
vt 0.00793800 0.87728700
vt 0.00793800 0.87728700
vt 0.00793800 0.87728700
vt 0.00793800 0.87728700
vt 0.03427200 0.98064600
vt 0.03427200 0.98064600
vt 0.03427200 0.98064600
vt 0.03427200 0.98064600
vt 0.03427200 0.98064600
vt 0.03427200 0.98064600
vt 0.01864300 0.96939800
vt 0.01864300 0.96939800
vt 0.01864300 0.96939800
vt 0.01864300 0.96939800
vt 0.01864300 0.96939800
vt 0.02021900 0.89733800
vt 0.02021900 0.89733800
vt 0.02021900 0.89733800
vt 0.02021900 0.89733800
vt 0.02021900 0.89733800
vt 0.00461700 0.90546900
vt 0.00461700 0.90546900
vt 0.00461700 0.90546900
vt 0.00461700 0.90546900
vt 0.00713800 0.94395800
vt 0.00713800 0.94395800
vt 0.00713800 0.94395800
vt 0.00713800 0.94395800
vt 0.00713800 0.94395800
vt 0.05308700 0.98747500
vt 0.05308700 0.98747500
vt 0.11302600 0.99116200
vt 0.11302600 0.99116200
vt 0.07605500 0.96350700
vt 0.04492100 0.91210300
vt 0.04492100 0.91210300
vt 0.15246500 0.99611100
vt 0.06069300 0.84416900
vt 0.06069300 0.84416900
vt 0.06069300 0.84416900
vt 0.00161300 0.84458000
vt 0.06132100 0.84410500
vt 0.06132100 0.84410500
vt 0.06132100 0.84410500
vt 0.06132100 0.84410500
vt 0.06132100 0.84410500
vt 0.06132100 0.84410500
vt 0.06079300 0.91651000
vt 0.06079300 0.91651000
vt 0.06079300 0.91651000
vt 0.06079300 0.91651000
vt 0.08360300 0.93946200
vt 0.08360300 0.93946200
vt 0.06133000 0.93847300
vt 0.06133000 0.93847300
vt 0.06133000 0.93847300
vt 0.06133000 0.93847300
vt 0.06133000 0.93847300
vt 0.06133000 0.93847300
vt 0.06133000 0.93847300
vt 0.08238600 0.99996200
vt 0.08238600 0.99996200
vt 0.08238600 0.99996200
vt 0.08238600 0.99996200
vt 0.08238600 0.99996200
vt 0.08238600 0.99996200
vt 0.08238600 0.99996200
vt 0.15669400 1.00000000
vt 0.15669400 1.00000000
vt 0.15669400 1.00000000
vt 0.15669400 1.00000000
vt 0.15625500 0.99657300
vt 0.15625500 0.99657300
vt 0.15625500 0.99657300
vt 0.15625500 0.99657300
vt 0.15625500 0.99657300
vt 0.15625500 0.99657300
vt 0.15687300 0.91576700
vt 0.15687300 0.91576700
vt 0.15687300 0.91576700
vt 0.15687300 0.91576700
vt 0.12361000 0.99797100
vt 0.12361000 0.99797100
vt 0.12361000 0.99797100
vt 0.12361000 0.99797100
vt 0.12361000 0.99797100
vt 0.12361000 0.99797100
vt 0.07534800 0.97515000
vt 0.07534800 0.97515000
vt 0.07534800 0.97515000
vt 0.07534800 0.97515000
vt 0.07534800 0.97515000
vt 0.07534800 0.97515000
vt 0.03455400 0.92358800
vt 0.03455400 0.92358800
vt 0.03455400 0.92358800
vt 0.03455400 0.92358800
vt 0.03455400 0.92358800
vt 0.03455400 0.92358800
vt 0.00592900 0.92448400
vt 0.00592900 0.92448400
vt 0.00592900 0.92448400
vt 0.00592900 0.92448400
vt 0.00592900 0.92448400
vt 0.00592900 0.92448400
vt 0.01575200 0.97041200
vt 0.01575200 0.97041200
vt 0.01575200 0.97041200
vt 0.01575200 0.97041200
vt 0.01575200 0.97041200
vt 0.01618400 0.93131700
vt 0.01618400 0.93131700
vt 0.01618400 0.93131700
vt 0.01618400 0.93131700
vt 0.01618400 0.93131700
vt 0.05993900 0.99555100
vt 0.05993900 0.99555100
vt 0.05993900 0.99555100
vt 0.05993900 0.99555100
vt 0.05993900 0.99555100
vt 0.05993900 0.99555100
vt 0.03765500 0.95723800
vt 0.03765500 0.95723800
vt 0.03765500 0.95723800
vt 0.03765500 0.95723800
vt 0.03765500 0.95723800
vt 0.03765500 0.95723800
vt 0.06123500 0.94043100
vt 0.06123500 0.94043100
vt 0.06123500 0.94043100
vt 0.06123500 0.94043100
vt 0.06123500 0.94043100
vt 0.06123500 0.94043100
vt 0.05908600 0.84483700
vt 0.05908600 0.84483700
vt 0.05908600 0.84483700
vt 0.05908600 0.84483700
vt 0.05908600 0.84483700
vt 0.05908600 0.84483700
vt 0.02919300 0.84422000
vt 0.02919300 0.84422000
vt 0.02919300 0.84422000
vt 0.02919300 0.84422000
vt 0.02919300 0.84422000
vt 0.08200800 0.89672900
vt 0.08200800 0.89672900
vt 0.08200800 0.89672900
vt 0.08200800 0.89672900
vt 0.08200800 0.89672900
vt 0.08200800 0.89672900
vt 0.10084700 0.93951200
vt 0.10084700 0.93951200
vt 0.10084700 0.93951200
vt 0.10084700 0.93951200
vt 0.10084700 0.93951200
vt 0.02487800 0.96826700
vt 0.02487800 0.96826700
vt 0.02487800 0.96826700
vt 0.02487800 0.96826700
vt 0.02487800 0.96826700
vt 0.02487800 0.96826700
vt 0.00940700 0.84421000
vt 0.00940700 0.84421000
vt 0.00940700 0.84421000
vt 0.00940700 0.84421000
vt 0.00940700 0.84421000
vt 0.15408200 0.97801600
vt 0.15408200 0.97801600
vt 0.15408200 0.97801600
vt 0.15408200 0.97801600
vt 0.15408200 0.97801600
vt 0.05042100 0.89191100
vt 0.05042100 0.89191100
vt 0.05042100 0.89191100
vt 0.05042100 0.89191100
vt 0.05042100 0.89191100
vt 0.05042100 0.89191100
vt 0.05042100 0.89191100
vt 0.02625800 0.87929200
vt 0.02625800 0.87929200
vt 0.02625800 0.87929200
vt 0.02625800 0.87929200
vt 0.02625800 0.87929200
vt 0.04459000 0.99378900
vt 0.04459000 0.99378900
vt 0.04459000 0.99378900
vt 0.04459000 0.99378900
vt 0.04459000 0.99378900
vt 0.00139100 0.93878100
vt 0.00139100 0.93878100
vt 0.00139100 0.93878100
vt 0.00139100 0.93878100
vt 0.00139100 0.93878100
vt 0.00139100 0.93878100
vt 0.00139100 0.93878100
vt 0.00009300 0.84297300
vt 0.00009300 0.84297300
vt 0.00009300 0.84297300
vt 0.00009300 0.84297300
vt 0.00009300 0.84297300
vt 0.00009300 0.84297300
vt 0.00009300 0.84297300
vt 0.01107700 0.88586000
vt 0.01107700 0.88586000
vt 0.01107700 0.88586000
vt 0.01107700 0.88586000
vt 0.01107700 0.88586000
vt 0.01107700 0.88586000
vt 0.01107700 0.88586000
vt 0.12210800 0.98903100
vt 0.12210800 0.98903100
vt 0.12210800 0.98903100
vt 0.12210800 0.98903100
vt 0.12210800 0.98903100
vt 0.12210800 0.98903100
vt 0.05813900 0.98557700
vt 0.05813900 0.98557700
vt 0.05813900 0.98557700
vt 0.05813900 0.98557700
vt 0.05813900 0.98557700
vt 0.05813900 0.98557700
vt 0.00108700 0.89343400
vt 0.00108700 0.89343400
vt 0.00108700 0.89343400
vt 0.00108700 0.89343400
vt 0.00108700 0.89343400
vt 0.01069000 0.96197100
vt 0.01069000 0.96197100
vt 0.01069000 0.96197100
vt 0.01069000 0.96197100
vt 0.01069000 0.96197100
vt 0.09485900 0.99314200
vt 0.09485900 0.99314200
vt 0.09485900 0.99314200
vt 0.09485900 0.99314200
vt 0.09485900 0.99314200
vt 0.15434300 0.94539400
vt 0.15434300 0.94539400
vt 0.15434300 0.94539400
vt 0.15434300 0.94539400
vt 0.15434300 0.94539400
vt 0.15434300 0.94539400
vt 0.15434300 0.94539400
vt 0.03187400 0.98444000
vt 0.03187400 0.98444000
vt 0.03187400 0.98444000
vt 0.03187400 0.98444000
vt 0.03187400 0.98444000
vt 0.03187400 0.98444000
vt 0.10377000 0.96548400
vt 0.10377000 0.96548400
vt 0.10377000 0.96548400
vt 0.10377000 0.96548400
vt 0.10377000 0.96548400
vt 0.10377000 0.96548400
vt 0.08413100 0.84300500
vt 0.08413100 0.84300500
vt 0.08413100 0.84300500
vt 0.08413100 0.84300500
vt 0.08413100 0.84300500
vt 0.00001900 0.91613700
vt 0.00001900 0.91613700
vt 0.00001900 0.91613700
vt 0.00001900 0.91613700
vt 0.91621200 0.15627500
vt 0.91621200 0.15627500
vt 0.91621200 0.15627500
vt 0.84390900 0.08387900
vt 0.84390900 0.08387900
vt 0.84390900 0.08387900
vt 0.84390900 0.08387900
vt 0.84392700 0.06073400
vt 0.84392700 0.06073400
vt 0.84392700 0.06073400
vt 0.84392700 0.06073400
vt 0.84409300 0.06130500
vt 0.84409300 0.06130500
vt 0.84409300 0.06130500
vt 0.84409300 0.06130500
vt 0.84519100 0.01740400
vt 0.84519100 0.01740400
vt 0.84519100 0.01740400
vt 0.84704700 0.04585200
vt 0.84704700 0.04585200
vt 0.97059000 0.01907200
vt 0.97059000 0.01907200
vt 0.97059000 0.01907200
vt 0.97059000 0.01907200
vt 0.97059000 0.01907200
vt 0.97059000 0.01907200
vt 0.88214500 0.02814600
vt 0.88214500 0.02814600
vt 0.88214500 0.02814600
vt 0.88214500 0.02814600
vt 0.88214500 0.02814600
vt 0.88214500 0.02814600
vt 0.97733700 0.04701900
vt 0.97733700 0.04701900
vt 0.97733700 0.04701900
vt 0.97733700 0.04701900
vt 0.95649200 0.03098600
vt 0.95649200 0.03098600
vt 0.95649200 0.03098600
vt 0.95649200 0.03098600
vt 0.95649200 0.03098600
vt 0.98783000 0.07965100
vt 0.98783000 0.07965100
vt 0.98783000 0.07965100
vt 0.98783000 0.07965100
vt 0.98783000 0.07965100
vt 0.94047100 0.00553400
vt 0.94047100 0.00553400
vt 0.94047100 0.00553400
vt 0.97183400 0.07044300
vt 0.97183400 0.07044300
vt 0.99614300 0.05902200
vt 0.99614300 0.05902200
vt 0.99614300 0.05902200
vt 0.99614300 0.05902200
vt 0.96595600 0.15418400
vt 0.94982500 0.11947400
vt 0.94982500 0.11947400
vt 0.98235700 0.14872700
vt 0.98235700 0.14872700
vt 0.98235700 0.14872700
vt 0.98235700 0.14872700
vt 0.98235700 0.14872700
vt 0.95268900 0.05799700
vt 0.95268900 0.05799700
vt 0.92073800 0.01525700
vt 0.92073800 0.01525700
vt 0.92073800 0.01525700
vt 0.92073800 0.01525700
vt 0.99600400 0.15450300
vt 0.99600400 0.15450300
vt 0.99600400 0.15450300
vt 0.99600400 0.15450300
vt 0.91797300 0.00163900
vt 0.91797300 0.00163900
vt 0.99206200 0.12271300
vt 0.99206200 0.12271300
vt 0.99206200 0.12271300
vt 0.99206200 0.12271300
vt 0.99206200 0.12271300
vt 0.96572800 0.01935400
vt 0.96572800 0.01935400
vt 0.96572800 0.01935400
vt 0.96572800 0.01935400
vt 0.96572800 0.01935400
vt 0.96572800 0.01935400
vt 0.98135700 0.03060200
vt 0.98135700 0.03060200
vt 0.98135700 0.03060200
vt 0.98135700 0.03060200
vt 0.98135700 0.03060200
vt 0.97978100 0.10266200
vt 0.97978100 0.10266200
vt 0.97978100 0.10266200
vt 0.97978100 0.10266200
vt 0.97978100 0.10266200
vt 0.99538300 0.09453100
vt 0.99538300 0.09453100
vt 0.99538300 0.09453100
vt 0.99538300 0.09453100
vt 0.99538300 0.09453100
vt 0.99286200 0.05604300
vt 0.99286200 0.05604300
vt 0.99286200 0.05604300
vt 0.99286200 0.05604300
vt 0.99286200 0.05604300
vt 0.94691300 0.01252600
vt 0.94691300 0.01252600
vt 0.94691300 0.01252600
vt 0.88697400 0.00883800
vt 0.88697400 0.00883800
vt 0.88697400 0.00883800
vt 0.92394500 0.03649300
vt 0.92394500 0.03649300
vt 0.92394500 0.03649300
vt 0.92394500 0.03649300
vt 0.92394500 0.03649300
vt 0.95508000 0.08789700
vt 0.95508000 0.08789700
vt 0.95508000 0.08789700
vt 0.84753500 0.00388900
vt 0.91274700 0.06132900
vt 0.91274700 0.06132900
vt 0.91274700 0.06132900
vt 0.93930700 0.15583100
vt 0.93930700 0.15583100
vt 0.93930700 0.15583100
vt 0.99838700 0.15542000
vt 0.99838700 0.15542000
vt 0.93867900 0.15589600
vt 0.93867900 0.15589600
vt 0.93867900 0.15589600
vt 0.93867900 0.15589600
vt 0.93867900 0.15589600
vt 0.93920700 0.08349000
vt 0.93920700 0.08349000
vt 0.93920700 0.08349000
vt 0.93920700 0.08349000
vt 0.91639800 0.06053800
vt 0.91639800 0.06053800
vt 0.93867000 0.06152700
vt 0.93867000 0.06152700
vt 0.93867000 0.06152700
vt 0.93867000 0.06152700
vt 0.93867000 0.06152700
vt 0.93867000 0.06152700
vt 0.93867000 0.06152700
vt 0.91761500 0.00003900
vt 0.91761500 0.00003900
vt 0.91761500 0.00003900
vt 0.91761500 0.00003900
vt 0.91761500 0.00003900
vt 0.91761500 0.00003900
vt 0.91761500 0.00003900
vt 0.84330600 0.00000000
vt 0.84330600 0.00000000
vt 0.84330600 0.00000000
vt 0.84330600 0.00000000
vt 0.84374500 0.00342700
vt 0.84374500 0.00342700
vt 0.84374500 0.00342700
vt 0.84374500 0.00342700
vt 0.84374500 0.00342700
vt 0.84374500 0.00342700
vt 0.84312700 0.08423300
vt 0.84312700 0.08423300
vt 0.84312700 0.08423300
vt 0.84312700 0.08423300
vt 0.87639100 0.00202900
vt 0.87639100 0.00202900
vt 0.87639100 0.00202900
vt 0.87639100 0.00202900
vt 0.87639100 0.00202900
vt 0.87639100 0.00202900
vt 0.92465200 0.02485000
vt 0.92465200 0.02485000
vt 0.92465200 0.02485000
vt 0.92465200 0.02485000
vt 0.92465200 0.02485000
vt 0.92465200 0.02485000
vt 0.96544600 0.07641200
vt 0.96544600 0.07641200
vt 0.96544600 0.07641200
vt 0.96544600 0.07641200
vt 0.96544600 0.07641200
vt 0.96544600 0.07641200
vt 0.99407200 0.07551600
vt 0.99407200 0.07551600
vt 0.99407200 0.07551600
vt 0.99407200 0.07551600
vt 0.99407200 0.07551600
vt 0.99407200 0.07551600
vt 0.98424800 0.02958900
vt 0.98424800 0.02958900
vt 0.98424800 0.02958900
vt 0.98424800 0.02958900
vt 0.98424800 0.02958900
vt 0.98381600 0.06868300
vt 0.98381600 0.06868300
vt 0.98381600 0.06868300
vt 0.98381600 0.06868300
vt 0.98381600 0.06868300
vt 0.94006100 0.00444900
vt 0.94006100 0.00444900
vt 0.94006100 0.00444900
vt 0.94006100 0.00444900
vt 0.94006100 0.00444900
vt 0.94006100 0.00444900
vt 0.96234500 0.04276200
vt 0.96234500 0.04276200
vt 0.96234500 0.04276200
vt 0.96234500 0.04276200
vt 0.96234500 0.04276200
vt 0.96234500 0.04276200
vt 0.93876500 0.05956900
vt 0.93876500 0.05956900
vt 0.93876500 0.05956900
vt 0.93876500 0.05956900
vt 0.93876500 0.05956900
vt 0.93876500 0.05956900
vt 0.94091400 0.15516300
vt 0.94091400 0.15516300
vt 0.94091400 0.15516300
vt 0.94091400 0.15516300
vt 0.94091400 0.15516300
vt 0.94091400 0.15516300
vt 0.97080700 0.15578000
vt 0.97080700 0.15578000
vt 0.97080700 0.15578000
vt 0.97080700 0.15578000
vt 0.97080700 0.15578000
vt 0.91799300 0.10327100
vt 0.91799300 0.10327100
vt 0.91799300 0.10327100
vt 0.91799300 0.10327100
vt 0.91799300 0.10327100
vt 0.91799300 0.10327100
vt 0.89915400 0.06048800
vt 0.89915400 0.06048800
vt 0.89915400 0.06048800
vt 0.89915400 0.06048800
vt 0.89915400 0.06048800
vt 0.97512100 0.03173400
vt 0.97512100 0.03173400
vt 0.97512100 0.03173400
vt 0.97512100 0.03173400
vt 0.97512100 0.03173400
vt 0.97512100 0.03173400
vt 0.99059300 0.15579000
vt 0.99059300 0.15579000
vt 0.99059300 0.15579000
vt 0.99059300 0.15579000
vt 0.99059300 0.15579000
vt 0.84591800 0.02198400
vt 0.84591800 0.02198400
vt 0.84591800 0.02198400
vt 0.84591800 0.02198400
vt 0.84591800 0.02198400
vt 0.94957900 0.10808900
vt 0.94957900 0.10808900
vt 0.94957900 0.10808900
vt 0.94957900 0.10808900
vt 0.94957900 0.10808900
vt 0.94957900 0.10808900
vt 0.94957900 0.10808900
vt 0.97374200 0.12070900
vt 0.97374200 0.12070900
vt 0.97374200 0.12070900
vt 0.97374200 0.12070900
vt 0.97374200 0.12070900
vt 0.95541100 0.00621200
vt 0.95541100 0.00621200
vt 0.95541100 0.00621200
vt 0.95541100 0.00621200
vt 0.95541100 0.00621200
vt 0.99860900 0.06121900
vt 0.99860900 0.06121900
vt 0.99860900 0.06121900
vt 0.99860900 0.06121900
vt 0.99860900 0.06121900
vt 0.99860900 0.06121900
vt 0.99860900 0.06121900
vt 0.99990700 0.15702700
vt 0.99990700 0.15702700
vt 0.99990700 0.15702700
vt 0.99990700 0.15702700
vt 0.99990700 0.15702700
vt 0.99990700 0.15702700
vt 0.99990700 0.15702700
vt 0.98892300 0.11414000
vt 0.98892300 0.11414000
vt 0.98892300 0.11414000
vt 0.98892300 0.11414000
vt 0.98892300 0.11414000
vt 0.98892300 0.11414000
vt 0.98892300 0.11414000
vt 0.87789200 0.01096900
vt 0.87789200 0.01096900
vt 0.87789200 0.01096900
vt 0.87789200 0.01096900
vt 0.87789200 0.01096900
vt 0.87789200 0.01096900
vt 0.94186200 0.01442300
vt 0.94186200 0.01442300
vt 0.94186200 0.01442300
vt 0.94186200 0.01442300
vt 0.94186200 0.01442300
vt 0.94186200 0.01442300
vt 0.99891300 0.10656600
vt 0.99891300 0.10656600
vt 0.99891300 0.10656600
vt 0.99891300 0.10656600
vt 0.99891300 0.10656600
vt 0.98931000 0.03802900
vt 0.98931000 0.03802900
vt 0.98931000 0.03802900
vt 0.98931000 0.03802900
vt 0.98931000 0.03802900
vt 0.90514200 0.00685800
vt 0.90514200 0.00685800
vt 0.90514200 0.00685800
vt 0.90514200 0.00685800
vt 0.90514200 0.00685800
vt 0.84565700 0.05460600
vt 0.84565700 0.05460600
vt 0.84565700 0.05460600
vt 0.84565700 0.05460600
vt 0.84565700 0.05460600
vt 0.84565700 0.05460600
vt 0.84565700 0.05460600
vt 0.96812600 0.01556100
vt 0.96812600 0.01556100
vt 0.96812600 0.01556100
vt 0.96812600 0.01556100
vt 0.96812600 0.01556100
vt 0.96812600 0.01556100
vt 0.89623000 0.03451600
vt 0.89623000 0.03451600
vt 0.89623000 0.03451600
vt 0.89623000 0.03451600
vt 0.89623000 0.03451600
vt 0.89623000 0.03451600
vt 0.91587000 0.15699600
vt 0.91587000 0.15699600
vt 0.91587000 0.15699600
vt 0.91587000 0.15699600
vt 0.91587000 0.15699600
vt 0.99998200 0.08386300
vt 0.99998200 0.08386300
vt 0.99998200 0.08386300
vt 0.99998200 0.08386300
vt 0.15523700 0.11166700
vt 0.15634300 0.08379400
vt 0.15634300 0.08379400
vt 0.15634300 0.08379400
vt 0.08389400 0.15607800
vt 0.08389400 0.15607800
vt 0.08389400 0.15607800
vt 0.08389400 0.15607800
vt 0.08389400 0.15607800
vt 0.07837000 0.15481200
vt 0.07837000 0.15481200
vt 0.07837000 0.15481200
vt 0.15561900 0.08317800
vt 0.06075000 0.15606000
vt 0.06075000 0.15606000
vt 0.06075000 0.15606000
vt 0.06075000 0.15606000
vt 0.06131100 0.15597300
vt 0.06131100 0.15597300
vt 0.06131100 0.15597300
vt 0.06131100 0.15597300
vt 0.04917900 0.01228300
vt 0.04917900 0.01228300
vt 0.04917900 0.01228300
vt 0.07051900 0.10149500
vt 0.07051900 0.10149500
vt 0.07051900 0.10149500
vt 0.07051900 0.10149500
vt 0.04932300 0.03384500
vt 0.04932300 0.03384500
vt 0.03248700 0.10916900
vt 0.03248700 0.10916900
vt 0.03038000 0.01647600
vt 0.03038000 0.01647600
vt 0.03038000 0.01647600
vt 0.03038000 0.01647600
vt 0.01401800 0.03336900
vt 0.01401800 0.03336900
vt 0.01401800 0.03336900
vt 0.01401800 0.03336900
vt 0.01401800 0.03336900
vt 0.02598100 0.06712200
vt 0.00407300 0.05716000
vt 0.00407300 0.05716000
vt 0.03312000 0.03275100
vt 0.03312000 0.03275100
vt 0.15571500 0.05982300
vt 0.15571500 0.05982300
vt 0.15571500 0.05982300
vt 0.11900700 0.05272500
vt 0.05624500 0.00445800
vt 0.05624500 0.00445800
vt 0.01171600 0.11128500
vt 0.06426100 0.00409400
vt 0.02000700 0.03196800
vt 0.02000700 0.03196800
vt 0.02958700 0.15223500
vt 0.02958700 0.15223500
vt 0.02958700 0.15223500
vt 0.15584400 0.06067700
vt 0.15584400 0.06067700
vt 0.15584400 0.06067700
vt 0.15546900 0.00159500
vt 0.15587400 0.06131000
vt 0.15587400 0.06131000
vt 0.15587400 0.06131000
vt 0.15587400 0.06131000
vt 0.15587400 0.06131000
vt 0.08350600 0.06077700
vt 0.08350600 0.06077700
vt 0.08350600 0.06077700
vt 0.08350600 0.06077700
vt 0.08348100 0.00159500
vt 0.06055400 0.08358700
vt 0.06055400 0.08358700
vt 0.06055400 0.08358700
vt 0.06154300 0.06131400
vt 0.06154300 0.06131400
vt 0.06154300 0.06131400
vt 0.06154300 0.06131400
vt 0.06154300 0.06131400
vt 0.06154300 0.06131400
vt 0.06154300 0.06131400
vt 0.00001900 0.08392300
vt 0.00001900 0.08392300
vt 0.00001900 0.08392300
vt 0.00001900 0.08392300
vt 0.00001900 0.08392300
vt 0.00001800 0.15668100
vt 0.00001800 0.15668100
vt 0.00001800 0.15668100
vt 0.00001800 0.15668100
vt 0.01960300 0.15557500
vt 0.01960300 0.15557500
vt 0.01960300 0.15557500
vt 0.01960300 0.15557500
vt 0.01960300 0.15557500
vt 0.05599500 0.15663600
vt 0.05599500 0.15663600
vt 0.05599500 0.15663600
vt 0.05599500 0.15663600
vt 0.05599500 0.15663600
vt 0.05599500 0.15663600
vt 0.05599500 0.15663600
vt 0.08424800 0.15686000
vt 0.08424800 0.15686000
vt 0.08424800 0.15686000
vt 0.08424800 0.15686000
vt 0.04553000 0.01748400
vt 0.04553000 0.01748400
vt 0.04553000 0.01748400
vt 0.04553000 0.01748400
vt 0.04553000 0.01748400
vt 0.04553000 0.01748400
vt 0.00138200 0.10313400
vt 0.00138200 0.10313400
vt 0.00138200 0.10313400
vt 0.00138200 0.10313400
vt 0.00138200 0.10313400
vt 0.00138200 0.10313400
vt 0.07710100 0.03694200
vt 0.07710100 0.03694200
vt 0.07710100 0.03694200
vt 0.07710100 0.03694200
vt 0.07710100 0.03694200
vt 0.07710100 0.03694200
vt 0.02952400 0.01574200
vt 0.02952400 0.01574200
vt 0.02952400 0.01574200
vt 0.02952400 0.01574200
vt 0.02952400 0.01574200
vt 0.08371300 0.01509600
vt 0.08371300 0.01509600
vt 0.08371300 0.01509600
vt 0.08371300 0.01509600
vt 0.08371300 0.01509600
vt 0.08371300 0.01509600
vt 0.00432500 0.06302500
vt 0.00432500 0.06302500
vt 0.00432500 0.06302500
vt 0.00432500 0.06302500
vt 0.00432500 0.06302500
vt 0.01445200 0.03415700
vt 0.01445200 0.03415700
vt 0.01445200 0.03415700
vt 0.01445200 0.03415700
vt 0.01445200 0.03415700
vt 0.01445200 0.03415700
vt 0.11078400 0.00405100
vt 0.11078400 0.00405100
vt 0.11078400 0.00405100
vt 0.11078400 0.00405100
vt 0.03186500 0.04634900
vt 0.03186500 0.04634900
vt 0.03186500 0.04634900
vt 0.03186500 0.04634900
vt 0.03186500 0.04634900
vt 0.03186500 0.04634900
vt 0.03186500 0.04634900
vt 0.07255900 0.06822800
vt 0.07255900 0.06822800
vt 0.07255900 0.06822800
vt 0.07255900 0.06822800
vt 0.07255900 0.06822800
vt 0.07255900 0.06822800
vt 0.15698600 0.08322200
vt 0.15698600 0.08322200
vt 0.15698600 0.08322200
vt 0.15698600 0.08322200
vt 0.15698600 0.08322200
vt 0.15698600 0.08322200
vt 0.15547600 0.04373100
vt 0.15547600 0.04373100
vt 0.15547600 0.04373100
vt 0.15547600 0.04373100
vt 0.15547600 0.04373100
vt 0.15577800 0.02131900
vt 0.15577800 0.02131900
vt 0.15577800 0.02131900
vt 0.15577800 0.02131900
vt 0.15577800 0.02131900
vt 0.10679000 0.07901800
vt 0.10679000 0.07901800
vt 0.10679000 0.07901800
vt 0.10679000 0.07901800
vt 0.10679000 0.07901800
vt 0.10679000 0.07901800
vt 0.10679000 0.07901800
vt 0.05878200 0.11061200
vt 0.05878200 0.11061200
vt 0.05878200 0.11061200
vt 0.05878200 0.11061200
vt 0.01849700 0.10013900
vt 0.01849700 0.10013900
vt 0.01849700 0.10013900
vt 0.01849700 0.10013900
vt 0.01849700 0.10013900
vt 0.01849700 0.10013900
vt 0.00269200 0.15380400
vt 0.00269200 0.15380400
vt 0.00269200 0.15380400
vt 0.00269200 0.15380400
vt 0.00269200 0.15380400
vt 0.00269200 0.15380400
vt 0.00269200 0.15380400
vt 0.15659600 0.00182600
vt 0.15659600 0.00182600
vt 0.15659600 0.00182600
vt 0.15659600 0.00182600
vt 0.15659600 0.00182600
vt 0.15659600 0.00182600
vt 0.15659600 0.00182600
vt 0.10340800 0.04349800
vt 0.10340800 0.04349800
vt 0.10340800 0.04349800
vt 0.10340800 0.04349800
vt 0.10340800 0.04349800
vt 0.10340800 0.04349800
vt 0.11906900 0.01823500
vt 0.11906900 0.01823500
vt 0.11906900 0.01823500
vt 0.11906900 0.01823500
vt 0.11906900 0.01823500
vt 0.11906900 0.01823500
vt 0.05815400 0.03035300
vt 0.05815400 0.03035300
vt 0.05815400 0.03035300
vt 0.05815400 0.03035300
vt 0.05815400 0.03035300
vt 0.00460400 0.05044800
vt 0.00460400 0.05044800
vt 0.00460400 0.05044800
vt 0.00460400 0.05044800
vt 0.00460400 0.05044800
vt 0.00460400 0.05044800
vt 0.00460400 0.05044800
vt 0.04304700 0.00886500
vt 0.04304700 0.00886500
vt 0.04304700 0.00886500
vt 0.04304700 0.00886500
vt 0.04304700 0.00886500
vt 0.04304700 0.00886500
vt 0.02787900 0.02412900
vt 0.02787900 0.02412900
vt 0.02787900 0.02412900
vt 0.02787900 0.02412900
vt 0.02787900 0.02412900
vt 0.01007400 0.08795200
vt 0.01007400 0.08795200
vt 0.01007400 0.08795200
vt 0.01007400 0.08795200
vt 0.01007400 0.08795200
vt 0.01007400 0.08795200
vt 0.08097500 0.00014100
vt 0.08097500 0.00014100
vt 0.08097500 0.00014100
vt 0.08097500 0.00014100
vt 0.08097500 0.00014100
vt 0.08097500 0.00014100
vt 0.07163500 0.00517100
vt 0.07163500 0.00517100
vt 0.07163500 0.00517100
vt 0.07163500 0.00517100
vt 0.07163500 0.00517100
vt 0.07163500 0.00517100
vt 0.07163500 0.00517100
vt 0.04552500 0.06198800
vt 0.04552500 0.06198800
vt 0.04552500 0.06198800
vt 0.04552500 0.06198800
vt 0.04552500 0.06198800
vt 0.04552500 0.06198800
vt 0.01339500 0.05514900
vt 0.01339500 0.05514900
vt 0.01339500 0.05514900
vt 0.01339500 0.05514900
vt 0.01339500 0.05514900
vt 0.03664500 0.10501900
vt 0.03664500 0.10501900
vt 0.03664500 0.10501900
vt 0.03664500 0.10501900
vt 0.03664500 0.10501900
vt 0.03664500 0.10501900
vt 0.15706900 0.00000000
vt 0.15706900 0.00000000
vt 0.15706900 0.00000000
vt 0.15706900 0.00000000
vt 0.15706900 0.00000000
vt 0.84365700 0.91620600
vt 0.84365700 0.91620600
vt 0.91610600 0.84392200
vt 0.91610600 0.84392200
vt 0.91610600 0.84392200
vt 0.91610600 0.84392200
vt 0.92163100 0.84518800
vt 0.92163100 0.84518800
vt 0.92163100 0.84518800
vt 0.92163100 0.84518800
vt 0.84438100 0.91682200
vt 0.93925100 0.84394000
vt 0.93925100 0.84394000
vt 0.93925100 0.84394000
vt 0.93925100 0.84394000
vt 0.93869000 0.84402700
vt 0.93869000 0.84402700
vt 0.93869000 0.84402700
vt 0.93869000 0.84402700
vt 0.95082100 0.98771700
vt 0.95082100 0.98771700
vt 0.95082100 0.98771700
vt 0.92948200 0.89850500
vt 0.92948200 0.89850500
vt 0.92948200 0.89850500
vt 0.89295400 0.99487400
vt 0.89295400 0.99487400
vt 0.96751300 0.89083100
vt 0.96751300 0.89083100
vt 0.96962000 0.98352500
vt 0.96962000 0.98352500
vt 0.96962000 0.98352500
vt 0.96962000 0.98352500
vt 0.98598200 0.96663100
vt 0.98598200 0.96663100
vt 0.98598200 0.96663100
vt 0.98598200 0.96663100
vt 0.98598200 0.96663100
vt 0.99592800 0.94283900
vt 0.99592800 0.94283900
vt 0.84428500 0.94017700
vt 0.84428500 0.94017700
vt 0.92500300 0.98556300
vt 0.94375500 0.99554200
vt 0.94375500 0.99554200
vt 0.94375500 0.99554200
vt 0.94375500 0.99554200
vt 0.94375500 0.99554200
vt 0.98828400 0.88871500
vt 0.93573900 0.99590600
vt 0.93573900 0.99590600
vt 0.93573900 0.99590600
vt 0.97999400 0.96803200
vt 0.97999400 0.96803200
vt 0.97041300 0.84776500
vt 0.97041300 0.84776500
vt 0.97041300 0.84776500
vt 0.97041300 0.84776500
vt 0.84415600 0.93932300
vt 0.84415600 0.93932300
vt 0.84415600 0.93932300
vt 0.84453100 0.99840500
vt 0.84453100 0.99840500
vt 0.84412600 0.93869000
vt 0.84412600 0.93869000
vt 0.84412600 0.93869000
vt 0.84412600 0.93869000
vt 0.84412600 0.93869000
vt 0.91649400 0.93922300
vt 0.91649400 0.93922300
vt 0.91649400 0.93922300
vt 0.91649400 0.93922300
vt 0.91649400 0.93922300
vt 0.91649400 0.93922300
vt 0.91651900 0.99840500
vt 0.91651900 0.99840500
vt 0.91651900 0.99840500
vt 0.93944600 0.91641300
vt 0.93944600 0.91641300
vt 0.93944600 0.91641300
vt 0.93944600 0.91641300
vt 0.93845700 0.93868600
vt 0.93845700 0.93868600
vt 0.93845700 0.93868600
vt 0.93845700 0.93868600
vt 0.93845700 0.93868600
vt 0.93845700 0.93868600
vt 0.93845700 0.93868600
vt 0.93845700 0.93868600
vt 0.93936300 0.88829800
vt 0.99998200 0.91607600
vt 0.99998200 0.91607600
vt 0.99998200 0.91607600
vt 0.99998200 0.91607600
vt 0.99998200 0.91607600
vt 0.99998200 0.84331900
vt 0.99998200 0.84331900
vt 0.99998200 0.84331900
vt 0.99998200 0.84331900
vt 0.98039700 0.84442500
vt 0.98039700 0.84442500
vt 0.98039700 0.84442500
vt 0.98039700 0.84442500
vt 0.98039700 0.84442500
vt 0.94400500 0.84336400
vt 0.94400500 0.84336400
vt 0.94400500 0.84336400
vt 0.94400500 0.84336400
vt 0.94400500 0.84336400
vt 0.94400500 0.84336400
vt 0.94400500 0.84336400
vt 0.91575200 0.84314000
vt 0.91575200 0.84314000
vt 0.91575200 0.84314000
vt 0.91575200 0.84314000
vt 0.95447100 0.98251600
vt 0.95447100 0.98251600
vt 0.95447100 0.98251600
vt 0.95447100 0.98251600
vt 0.95447100 0.98251600
vt 0.95447100 0.98251600
vt 0.99861800 0.89686600
vt 0.99861800 0.89686600
vt 0.99861800 0.89686600
vt 0.99861800 0.89686600
vt 0.99861800 0.89686600
vt 0.99861800 0.89686600
vt 0.92289900 0.96305800
vt 0.92289900 0.96305800
vt 0.92289900 0.96305800
vt 0.92289900 0.96305800
vt 0.92289900 0.96305800
vt 0.92289900 0.96305800
vt 0.97047700 0.98425800
vt 0.97047700 0.98425800
vt 0.97047700 0.98425800
vt 0.97047700 0.98425800
vt 0.97047700 0.98425800
vt 0.91628700 0.98490400
vt 0.91628700 0.98490400
vt 0.91628700 0.98490400
vt 0.91628700 0.98490400
vt 0.91628700 0.98490400
vt 0.91628700 0.98490400
vt 0.99567500 0.93697500
vt 0.99567500 0.93697500
vt 0.99567500 0.93697500
vt 0.99567500 0.93697500
vt 0.99567500 0.93697500
vt 0.98554800 0.96584300
vt 0.98554800 0.96584300
vt 0.98554800 0.96584300
vt 0.98554800 0.96584300
vt 0.98554800 0.96584300
vt 0.98554800 0.96584300
vt 0.88921700 0.99594900
vt 0.88921700 0.99594900
vt 0.88921700 0.99594900
vt 0.88921700 0.99594900
vt 0.96813500 0.95365100
vt 0.96813500 0.95365100
vt 0.96813500 0.95365100
vt 0.96813500 0.95365100
vt 0.96813500 0.95365100
vt 0.96813500 0.95365100
vt 0.96813500 0.95365100
vt 0.92744100 0.93177200
vt 0.92744100 0.93177200
vt 0.92744100 0.93177200
vt 0.92744100 0.93177200
vt 0.92744100 0.93177200
vt 0.92744100 0.93177200
vt 0.84301400 0.91677700
vt 0.84301400 0.91677700
vt 0.84301400 0.91677700
vt 0.84301400 0.91677700
vt 0.84301400 0.91677700
vt 0.84301400 0.91677700
vt 0.84452400 0.95626900
vt 0.84452400 0.95626900
vt 0.84452400 0.95626900
vt 0.84452400 0.95626900
vt 0.84452400 0.95626900
vt 0.84422200 0.97868100
vt 0.84422200 0.97868100
vt 0.84422200 0.97868100
vt 0.84422200 0.97868100
vt 0.84422200 0.97868100
vt 0.89321000 0.92098200
vt 0.89321000 0.92098200
vt 0.89321000 0.92098200
vt 0.89321000 0.92098200
vt 0.89321000 0.92098200
vt 0.89321000 0.92098200
vt 0.89321000 0.92098200
vt 0.94121800 0.88938800
vt 0.94121800 0.88938800
vt 0.94121800 0.88938800
vt 0.94121800 0.88938800
vt 0.98150300 0.89986100
vt 0.98150300 0.89986100
vt 0.98150300 0.89986100
vt 0.98150300 0.89986100
vt 0.98150300 0.89986100
vt 0.98150300 0.89986100
vt 0.99730800 0.84619600
vt 0.99730800 0.84619600
vt 0.99730800 0.84619600
vt 0.99730800 0.84619600
vt 0.99730800 0.84619600
vt 0.99730800 0.84619600
vt 0.84340500 0.99817400
vt 0.84340500 0.99817400
vt 0.84340500 0.99817400
vt 0.84340500 0.99817400
vt 0.84340500 0.99817400
vt 0.84340500 0.99817400
vt 0.84340500 0.99817400
vt 0.89659300 0.95650200
vt 0.89659300 0.95650200
vt 0.89659300 0.95650200
vt 0.89659300 0.95650200
vt 0.89659300 0.95650200
vt 0.89659300 0.95650200
vt 0.88093100 0.98176500
vt 0.88093100 0.98176500
vt 0.88093100 0.98176500
vt 0.88093100 0.98176500
vt 0.88093100 0.98176500
vt 0.88093100 0.98176500
vt 0.94184600 0.96964700
vt 0.94184600 0.96964700
vt 0.94184600 0.96964700
vt 0.94184600 0.96964700
vt 0.94184600 0.96964700
vt 0.99539600 0.94955200
vt 0.99539600 0.94955200
vt 0.99539600 0.94955200
vt 0.99539600 0.94955200
vt 0.99539600 0.94955200
vt 0.99539600 0.94955200
vt 0.99539600 0.94955200
vt 0.95695400 0.99113500
vt 0.95695400 0.99113500
vt 0.95695400 0.99113500
vt 0.95695400 0.99113500
vt 0.95695400 0.99113500
vt 0.95695400 0.99113500
vt 0.97212100 0.97587100
vt 0.97212100 0.97587100
vt 0.97212100 0.97587100
vt 0.97212100 0.97587100
vt 0.97212100 0.97587100
vt 0.98992600 0.91204800
vt 0.98992600 0.91204800
vt 0.98992600 0.91204800
vt 0.98992600 0.91204800
vt 0.98992600 0.91204800
vt 0.98992600 0.91204800
vt 0.91902600 0.99986000
vt 0.91902600 0.99986000
vt 0.91902600 0.99986000
vt 0.91902600 0.99986000
vt 0.91902600 0.99986000
vt 0.91902600 0.99986000
vt 0.92836500 0.99482900
vt 0.92836500 0.99482900
vt 0.92836500 0.99482900
vt 0.92836500 0.99482900
vt 0.92836500 0.99482900
vt 0.92836500 0.99482900
vt 0.92836500 0.99482900
vt 0.95447500 0.93801200
vt 0.95447500 0.93801200
vt 0.95447500 0.93801200
vt 0.95447500 0.93801200
vt 0.95447500 0.93801200
vt 0.95447500 0.93801200
vt 0.98660500 0.94485100
vt 0.98660500 0.94485100
vt 0.98660500 0.94485100
vt 0.98660500 0.94485100
vt 0.98660500 0.94485100
vt 0.96335500 0.89498100
vt 0.96335500 0.89498100
vt 0.96335500 0.89498100
vt 0.96335500 0.89498100
vt 0.96335500 0.89498100
vt 0.96335500 0.89498100
vt 0.84293100 1.00000000
vt 0.84293100 1.00000000
vt 0.84293100 1.00000000
vt 0.84293100 1.00000000
vt 0.84293100 1.00000000
vt 0.84133100 0.08054200
vt 0.69461400 0.08690700
vt 0.70940700 0.08112600
vt 0.93604500 0.51794300
vt 0.94313500 0.84090900
vt 0.91464300 0.84091500
f 75/75/75 59/59/59 34/34/34
f 35/35/35 84/84/84 28/28/28
f 93/93/93 76/76/76 40/40/40
f 62/62/62 72/72/72 20/20/20
f 85/85/85 78/78/78 44/44/44
f 57/57/57 80/80/80 36/36/36
f 38/38/38 63/63/63 18/18/18
f 37/37/37 21/21/21 55/55/55
f 49/49/49 52/52/52 60/60/60
f 31/31/31 27/27/27 66/66/66
f 26/26/26 86/86/86 69/69/69
f 24/24/24 91/91/91 50/50/50
f 77/77/77 33/33/33 41/41/41
f 74/74/74 47/47/47 61/61/61
f 58/58/58 53/53/53 81/81/81
f 29/29/29 70/70/70 64/64/64
f 30/30/30 65/65/65 88/88/88
f 16/16/16 25/25/25 90/90/90
f 48/48/48 73/73/73 92/92/92
f 17/17/17 89/89/89 94/94/94
f 71/71/71 83/83/83 43/43/43
f 32/32/32 79/79/79 82/82/82
f 68/68/68 45/45/45 22/22/22
f 87/87/87 67/67/67 39/39/39
f 95/95/95 98/98/98 51/51/51
f 102/102/102 54/54/54 46/46/46
f 116/116/116 56/56/56 19/19/19
f 42/42/42 115/115/115 23/23/23
f 10/10/10 110/110/110 118/118/118
f 9/9/9 119/119/119 128/128/128
f 11/11/11 125/125/125 131/131/131
f 15/15/15 133/133/133 227/227/227
f 12/12/12 8/8/8 130/130/130
f 297/297/297 14/14/14 228/228/228
f 296/296/296 5/5/5 13/13/13
f 138/138/138 6/6/6 295/295/295
f 292/292/292 175/175/175 273/273/273
f 188/188/188 151/151/151 231/231/231
f 150/150/150 182/182/182 185/185/185
f 163/163/163 288/288/288 301/301/301
f 209/209/209 229/229/229 202/202/202
f 214/214/214 172/172/172 183/183/183
f 143/143/143 173/173/173 291/291/291
f 171/171/171 265/265/265 153/153/153
f 248/248/248 279/279/279 162/162/162
f 224/224/224 312/312/312 298/298/298
f 234/234/234 200/200/200 194/194/194
f 161/161/161 264/264/264 170/170/170
f 217/217/217 160/160/160 169/169/169
f 294/294/294 208/208/208 204/204/204
f 236/236/236 222/222/222 199/199/199
f 212/212/212 189/189/189 230/230/230
f 244/244/244 167/167/167 305/305/305
f 122/122/122 177/177/177 144/144/144
f 242/242/242 302/302/302 176/176/176
f 123/123/123 245/245/245 178/178/178
f 261/261/261 255/255/255 221/221/221
f 240/240/240 201/201/201 232/232/232
f 146/146/146 308/308/308 267/267/267
f 272/272/272 310/310/310 225/225/225
f 276/276/276 179/179/179 149/149/149
f 275/275/275 216/216/216 180/180/180
f 280/280/280 253/253/253 263/263/263
f 285/285/285 247/247/247 157/157/157
f 287/287/287 159/159/159 215/215/215
f 266/266/266 219/219/219 237/237/237
f 235/235/235 193/193/193 203/203/203
f 289/289/289 274/274/274 148/148/148
f 290/290/290 147/147/147 271/271/271
f 181/181/181 168/168/168 155/155/155
f 152/152/152 239/239/239 233/233/233
f 309/309/309 210/210/210 299/299/299
f 156/156/156 260/260/260 238/238/238
f 132/132/132 270/270/270 226/226/226
f 184/184/184 154/154/154 186/186/186
f 278/278/278 306/306/306 218/218/218
f 139/139/139 293/293/293 269/269/269
f 311/311/311 187/187/187 211/211/211
f 286/286/286 213/213/213 304/304/304
f 166/166/166 252/252/252 284/284/284
f 158/158/158 283/283/283 262/262/262
f 303/303/303 277/277/277 174/174/174
f 145/145/145 190/190/190 307/307/307
f 140/140/140 268/268/268 134/134/134
f 300/300/300 206/206/206 137/137/137
f 135/135/135 207/207/207 315/315/315
f 314/314/314 205/205/205 192/192/192
f 3/3/3 4/4/4 317/317/317
f 7/7/7 136/136/136 313/313/313
f 220/220/220 257/257/257 104/104/104
f 197/197/197 223/223/223 100/100/100
f 259/259/259 97/97/97 99/99/99
f 198/198/198 101/101/101 195/195/195
f 103/103/103 1/1/1 196/196/196
f 191/191/191 2/2/2 316/316/316
f 106/106/106 96/96/96 256/256/256
f 107/107/107 258/258/258 320/320/320
f 243/243/243 120/120/120 111/111/111
f 165/165/165 241/241/241 112/112/112
f 121/121/121 109/109/109 113/113/113
f 164/164/164 114/114/114 249/249/249
f 117/117/117 105/105/105 250/250/250
f 251/251/251 108/108/108 318/318/318
f 141/141/141 129/129/129 127/127/127
f 124/124/124 142/142/142 126/126/126
f 281/281/281 246/246/246 319/319/319
f 254/254/254 282/282/282 321/321/321
f 417/417/417 398/398/398 363/363/363
f 445/445/445 437/437/437 353/353/353
f 365/365/365 425/425/425 354/354/354
f 439/439/439 415/415/415 371/371/371
f 407/407/407 409/409/409 343/343/343
f 424/424/424 421/421/421 374/374/374
f 400/400/400 420/420/420 366/366/366
f 368/368/368 403/403/403 346/346/346
f 436/436/436 359/359/359 390/390/390
f 370/370/370 344/344/344 395/395/395
f 341/341/341 352/352/352 337/337/337
f 380/380/380 392/392/392 397/397/397
f 378/378/378 377/377/377 384/384/384
f 360/360/360 355/355/355 406/406/406
f 356/356/356 426/426/426 410/410/410
f 348/348/348 434/434/434 388/388/388
f 416/416/416 367/367/367 372/372/372
f 414/414/414 382/382/382 399/399/399
f 401/401/401 391/391/391 422/422/422
f 357/357/357 412/412/412 404/404/404
f 387/387/387 361/361/361 429/429/429
f 350/350/350 389/389/389 432/432/432
f 362/362/362 405/405/405 430/430/430
f 338/338/338 349/349/349 431/431/431
f 379/379/379 383/383/383 440/440/440
f 381/381/381 413/413/413 441/441/441
f 339/339/339 433/433/433 442/442/442
f 444/444/444 386/386/386 435/435/435
f 340/340/340 443/443/443 351/351/351
f 411/411/411 427/427/427 375/375/375
f 364/364/364 419/419/419 423/423/423
f 408/408/408 376/376/376 345/345/345
f 428/428/428 402/402/402 369/369/369
f 385/385/385 358/358/358 438/438/438
f 447/447/447 450/450/450 393/393/393
f 464/464/464 396/396/396 342/342/342
f 373/373/373 466/466/466 347/347/347
f 331/331/331 461/461/461 471/471/471
f 332/332/332 472/472/472 477/477/477
f 329/329/329 476/476/476 480/480/480
f 336/336/336 481/481/481 577/577/577
f 333/333/333 330/330/330 483/483/483
f 650/650/650 335/335/335 579/579/579
f 651/651/651 326/326/326 334/334/334
f 486/486/486 325/325/325 647/647/647
f 641/641/641 525/525/525 628/628/628
f 541/541/541 505/505/505 585/585/585
f 500/500/500 535/535/535 537/537/537
f 517/517/517 636/636/636 654/654/654
f 562/562/562 582/582/582 553/553/553
f 569/569/569 523/523/523 533/533/533
f 495/495/495 527/527/527 642/642/642
f 522/522/522 613/613/613 504/504/504
f 602/602/602 630/630/630 512/512/512
f 576/576/576 662/662/662 649/649/649
f 584/584/584 552/552/552 544/544/544
f 509/509/509 611/611/611 521/521/521
f 564/564/564 513/513/513 519/519/519
f 648/648/648 559/559/559 558/558/558
f 589/589/589 572/572/572 548/548/548
f 563/563/563 540/540/540 580/580/580
f 593/593/593 518/518/518 656/656/656
f 469/469/469 526/526/526 491/491/491
f 596/596/596 652/652/652 524/524/524
f 470/470/470 595/595/595 529/529/529
f 614/614/614 609/609/609 573/573/573
f 590/590/590 550/550/550 581/581/581
f 499/499/499 658/658/658 620/620/620
f 619/619/619 661/661/661 578/578/578
f 625/625/625 530/530/530 501/501/501
f 627/627/627 565/565/565 531/531/531
f 633/633/633 604/604/604 612/612/612
f 635/635/635 603/603/603 510/510/510
f 637/637/637 511/511/511 566/566/566
f 617/617/617 570/570/570 587/587/587
f 586/586/586 545/545/545 556/556/556
f 643/643/643 629/629/629 497/497/497
f 644/644/644 498/498/498 621/621/621
f 532/532/532 520/520/520 507/507/507
f 502/502/502 591/591/591 583/583/583
f 663/663/663 561/561/561 645/645/645
f 506/506/506 615/615/615 588/588/588
f 485/485/485 623/623/623 575/575/575
f 534/534/534 503/503/503 538/538/538
f 626/626/626 657/657/657 568/568/568
f 492/492/492 640/640/640 618/618/618
f 660/660/660 539/539/539 560/560/560
f 639/639/639 567/567/567 655/655/655
f 514/514/514 601/601/601 638/638/638
f 508/508/508 631/631/631 616/616/616
f 653/653/653 624/624/624 528/528/528
f 496/496/496 536/536/536 659/659/659
f 490/490/490 622/622/622 484/484/484
f 646/646/646 555/555/555 488/488/488
f 489/489/489 557/557/557 665/665/665
f 668/668/668 554/554/554 542/542/542
f 322/322/322 328/328/328 666/666/666
f 327/327/327 487/487/487 667/667/667
f 571/571/571 606/606/606 453/453/453
f 549/549/549 574/574/574 452/452/452
f 605/605/605 448/448/448 451/451/451
f 551/551/551 455/455/455 546/546/546
f 454/454/454 324/324/324 547/547/547
f 543/543/543 323/323/323 664/664/664
f 459/459/459 446/446/446 608/608/608
f 458/458/458 607/607/607 670/670/670
f 592/592/592 474/474/474 462/462/462
f 516/516/516 594/594/594 463/463/463
f 473/473/473 460/460/460 465/465/465
f 515/515/515 467/467/467 600/600/600
f 468/468/468 456/456/456 598/598/598
f 597/597/597 457/457/457 671/671/671
f 493/493/493 482/482/482 478/478/478
f 475/475/475 494/494/494 479/479/479
f 632/632/632 599/599/599 672/672/672
f 610/610/610 634/634/634 669/669/669
f 449/449/449 418/418/418 394/394/394
f 728/728/728 711/711/711 715/715/715
f 714/714/714 702/702/702 718/718/718
f 701/701/701 695/695/695 717/717/717
f 729/729/729 704/704/704 725/725/725
f 719/719/719 722/722/722 697/697/697
f 683/683/683 700/700/700 731/731/731
f 705/705/705 726/726/726 723/723/723
f 684/684/684 721/721/721 699/699/699
f 730/730/730 698/698/698 703/703/703
f 694/694/694 706/706/706 712/712/712
f 727/727/727 696/696/696 713/713/713
f 720/720/720 682/682/682 685/685/685
f 745/745/745 735/735/735 744/744/744
f 754/754/754 710/710/710 708/708/708
f 750/750/750 716/716/716 709/709/709
f 724/724/724 751/751/751 707/707/707
f 689/689/689 747/747/747 756/756/756
f 686/686/686 759/759/759 761/761/761
f 687/687/687 764/764/764 872/872/872
f 690/690/690 873/873/873 767/767/767
f 691/691/691 688/688/688 874/874/874
f 771/771/771 692/692/692 768/768/768
f 770/770/770 680/680/680 693/693/693
f 777/777/777 677/677/677 772/772/772
f 791/791/791 811/811/811 923/923/923
f 953/953/953 862/862/862 775/775/775
f 785/785/785 898/898/898 829/829/829
f 765/765/765 954/954/954 773/773/773
f 801/801/801 913/913/913 816/816/816
f 865/865/865 944/944/944 952/952/952
f 808/808/808 891/891/891 797/797/797
f 846/846/846 841/841/841 859/859/859
f 935/935/935 881/881/881 824/824/824
f 774/774/774 863/863/863 860/860/860
f 837/837/837 856/856/856 864/864/864
f 894/894/894 878/878/878 849/849/849
f 867/867/867 826/826/826 939/939/939
f 889/889/889 850/850/850 847/847/847
f 900/900/900 806/806/806 793/793/793
f 908/908/908 802/802/802 819/819/819
f 903/903/903 818/818/818 814/814/814
f 798/798/798 887/887/887 836/836/836
f 907/907/907 810/810/810 792/792/792
f 915/915/915 784/784/784 831/831/831
f 783/783/783 912/912/912 937/937/937
f 822/822/822 882/882/882 896/896/896
f 921/921/921 830/830/830 868/868/868
f 938/938/938 823/823/823 805/805/805
f 870/870/870 951/951/951 769/769/769
f 886/886/886 893/893/893 852/852/852
f 910/910/910 781/781/781 919/919/919
f 943/943/943 794/794/794 832/832/832
f 909/909/909 927/927/927 934/934/934
f 888/888/888 844/844/844 855/855/855
f 955/955/955 833/833/833 861/861/861
f 920/920/920 947/947/947 828/828/828
f 949/949/949 917/917/917 827/827/827
f 901/901/901 796/796/796 940/940/940
f 871/871/871 869/869/869 766/766/766
f 950/950/950 942/942/942 834/834/834
f 795/795/795 892/892/892 885/885/885
f 877/877/877 922/922/922 866/866/866
f 817/817/817 918/918/918 945/945/945
f 835/835/835 890/890/890 854/854/854
f 809/809/809 821/821/821 895/895/895
f 825/825/825 899/899/899 941/941/941
f 782/782/782 807/807/807 897/897/897
f 815/815/815 914/914/914 916/916/916
f 790/790/790 924/924/924 876/876/876
f 812/812/812 946/946/946 925/925/925
f 786/786/786 933/933/933 804/804/804
f 799/799/799 931/931/931 911/911/911
f 820/820/820 948/948/948 813/813/813
f 779/779/779 776/776/776 857/857/857
f 778/778/778 858/858/858 840/840/840
f 674/674/674 681/681/681 839/839/839
f 679/679/679 780/780/780 838/838/838
f 678/678/678 676/676/676 673/673/673
f 884/884/884 956/956/956 733/733/733
f 851/851/851 883/883/883 739/739/739
f 880/880/880 734/734/734 738/738/738
f 853/853/853 737/737/737 845/845/845
f 848/848/848 740/740/740 843/843/843
f 736/736/736 675/675/675 842/842/842
f 742/742/742 732/732/732 957/957/957
f 743/743/743 958/958/958 926/926/926
f 906/906/906 760/760/760 746/746/746
f 800/800/800 902/902/902 749/749/749
f 904/904/904 748/748/748 752/752/752
f 803/803/803 755/755/755 930/930/930
f 753/753/753 741/741/741 928/928/928
f 788/788/788 875/875/875 763/763/763
f 757/757/757 787/787/787 762/762/762
f 905/905/905 789/789/789 758/758/758
f 960/960/960 932/932/932 929/929/929
f 879/879/879 936/936/936 959/959/959
f 1016/1016/1016 976/976/976 969/969/969
f 1013/1013/1013 996/996/996 1000/1000/1000
f 1017/1017/1017 988/988/988 1009/1009/1009
f 1003/1003/1003 987/987/987 981/981/981
f 970/970/970 983/983/983 1015/1015/1015
f 992/992/992 1010/1010/1010 1006/1006/1006
f 967/967/967 1001/1001/1001 985/985/985
f 1018/1018/1018 984/984/984 989/989/989
f 982/982/982 991/991/991 998/998/998
f 1014/1014/1014 980/980/980 997/997/997
f 1002/1002/1002 968/968/968 971/971/971
f 1035/1035/1035 1022/1022/1022 1031/1031/1031
f 1046/1046/1046 994/994/994 990/990/990
f 1045/1045/1045 999/999/999 995/995/995
f 1004/1004/1004 1042/1042/1042 993/993/993
f 1008/1008/1008 1034/1034/1034 1043/1043/1043
f 1036/1036/1036 1033/1033/1033 1005/1005/1005
f 1050/1050/1050 1039/1039/1039 972/972/972
f 974/974/974 1040/1040/1040 1052/1052/1052
f 973/973/973 1053/1053/1053 1059/1059/1059
f 975/975/975 1057/1057/1057 1169/1169/1169
f 979/979/979 1166/1166/1166 1062/1062/1062
f 1067/1067/1067 978/978/978 1063/1063/1063
f 1068/1068/1068 963/963/963 977/977/977
f 1075/1075/1075 964/964/964 1071/1071/1071
f 1087/1087/1087 1106/1106/1106 1214/1214/1214
f 1245/1245/1245 1156/1156/1156 1069/1069/1069
f 1077/1077/1077 1191/1191/1191 1125/1125/1125
f 1064/1064/1064 1244/1244/1244 1066/1066/1066
f 1095/1095/1095 1206/1206/1206 1114/1114/1114
f 1162/1162/1162 1235/1235/1235 1249/1249/1249
f 1101/1101/1101 1188/1188/1188 1089/1089/1089
f 1141/1141/1141 1138/1138/1138 1150/1150/1150
f 1231/1231/1231 1174/1174/1174 1118/1118/1118
f 1070/1070/1070 1157/1157/1157 1154/1154/1154
f 1130/1130/1130 1155/1155/1155 1158/1158/1158
f 1185/1185/1185 1176/1176/1176 1147/1147/1147
f 1164/1164/1164 1126/1126/1126 1236/1236/1236
f 1179/1179/1179 1145/1145/1145 1139/1139/1139
f 1194/1194/1194 1102/1102/1102 1092/1092/1092
f 1196/1196/1196 1097/1097/1097 1113/1113/1113
f 1199/1199/1199 1110/1110/1110 1105/1105/1105
f 1090/1090/1090 1183/1183/1183 1128/1128/1128
f 1201/1201/1201 1108/1108/1108 1085/1085/1085
f 1209/1209/1209 1076/1076/1076 1120/1120/1120
f 1079/1079/1079 1207/1207/1207 1229/1229/1229
f 1119/1119/1119 1175/1175/1175 1189/1189/1189
f 1216/1216/1216 1121/1121/1121 1165/1165/1165
f 1232/1232/1232 1117/1117/1117 1099/1099/1099
f 1163/1163/1163 1246/1246/1246 1060/1060/1060
f 1182/1182/1182 1190/1190/1190 1144/1144/1144
f 1208/1208/1208 1078/1078/1078 1213/1213/1213
f 1237/1237/1237 1093/1093/1093 1127/1127/1127
f 1205/1205/1205 1225/1225/1225 1226/1226/1226
f 1184/1184/1184 1143/1143/1143 1151/1151/1151
f 1248/1248/1248 1131/1131/1131 1159/1159/1159
f 1219/1219/1219 1242/1242/1242 1123/1123/1123
f 1243/1243/1243 1211/1211/1211 1122/1122/1122
f 1192/1192/1192 1088/1088/1088 1233/1233/1233
f 1168/1168/1168 1160/1160/1160 1061/1061/1061
f 1247/1247/1247 1234/1234/1234 1129/1129/1129
f 1091/1091/1091 1187/1187/1187 1180/1180/1180
f 1167/1167/1167 1215/1215/1215 1161/1161/1161
f 1112/1112/1112 1210/1210/1210 1240/1240/1240
f 1132/1132/1132 1181/1181/1181 1153/1153/1153
f 1100/1100/1100 1116/1116/1116 1186/1186/1186
f 1124/1124/1124 1193/1193/1193 1238/1238/1238
f 1081/1081/1081 1104/1104/1104 1195/1195/1195
f 1111/1111/1111 1204/1204/1204 1212/1212/1212
f 1082/1082/1082 1217/1217/1217 1171/1171/1171
f 1107/1107/1107 1241/1241/1241 1218/1218/1218
f 1080/1080/1080 1228/1228/1228 1103/1103/1103
f 1098/1098/1098 1224/1224/1224 1203/1203/1203
f 1115/1115/1115 1239/1239/1239 1109/1109/1109
f 1072/1072/1072 1065/1065/1065 1149/1149/1149
f 1073/1073/1073 1152/1152/1152 1137/1137/1137
f 962/962/962 966/966/966 1134/1134/1134
f 965/965/965 1074/1074/1074 1133/1133/1133
f 1172/1172/1172 1253/1253/1253 1021/1021/1021
f 1146/1146/1146 1177/1177/1177 1026/1026/1026
f 1178/1178/1178 1020/1020/1020 1027/1027/1027
f 1148/1148/1148 1028/1028/1028 1140/1140/1140
f 1142/1142/1142 1024/1024/1024 1136/1136/1136
f 1025/1025/1025 961/961/961 1135/1135/1135
f 1030/1030/1030 1019/1019/1019 1254/1254/1254
f 1032/1032/1032 1250/1250/1250 1223/1223/1223
f 1200/1200/1200 1051/1051/1051 1038/1038/1038
f 1094/1094/1094 1198/1198/1198 1048/1048/1048
f 1197/1197/1197 1041/1041/1041 1044/1044/1044
f 1096/1096/1096 1049/1049/1049 1221/1221/1221
f 1047/1047/1047 1029/1029/1029 1222/1222/1222
f 1086/1086/1086 1170/1170/1170 1056/1056/1056
f 1054/1054/1054 1083/1083/1083 1058/1058/1058
f 1202/1202/1202 1084/1084/1084 1055/1055/1055
f 1252/1252/1252 1230/1230/1230 1220/1220/1220
f 1173/1173/1173 1227/1227/1227 1251/1251/1251
f 1037/1037/1037 1007/1007/1007 1011/1011/1011
f 1012/1012/1012 986/986/986 1023/1023/1023
f 1255/1255/1255 1257/1257/1257 1256/1256/1256
f 1260/1260/1260 1259/1259/1259 1258/1258/1258

