mtllib material.mtl
usemtl material_0
v -11.95016500 1.72706400 0.97963900
v -11.95418400 1.74005400 0.98713900
v -11.96516400 1.74956400 0.99262900
v -11.98016500 1.75304400 0.99463900
v -11.99516500 1.74956400 0.99262900
v -12.00614500 1.74005400 0.98713900
v -12.01016400 1.72706400 0.97963900
v -12.00614500 1.71407300 0.97213900
v -11.99516500 1.70456400 0.96664800
v -11.98016500 1.70108300 0.96463900
v -11.98016500 1.70108300 0.96463900
v -11.96516400 1.70456400 0.96664800
v -11.95418400 1.71407300 0.97213900
v -11.95016500 1.67986200 1.06139500
v -11.95418400 1.69285200 1.06889500
v -11.96516400 1.70236200 1.07438500
v -11.98016500 1.70584200 1.07639500
v -12.00614500 1.69285200 1.06889500
v -12.01016400 1.67986200 1.06139500
v -11.99516400 1.65736200 1.04840500
v -11.96516400 1.65736200 1.04840500
v -11.88283500 1.62077400 0.90268000
v -11.88283500 1.62077400 0.90268000
v -11.88283500 1.61302000 0.91611000
v -11.88283500 1.61302000 0.91611000
v -11.92034800 1.76571600 0.98636300
v -11.92034800 1.76571600 0.98636300
v -11.92034800 1.76571600 0.98636300
v -11.92034800 1.75796200 0.99979200
v -11.92034800 1.75796200 0.99979200
v -11.92034800 1.75796200 0.99979200
v -12.05477000 1.62077300 0.90268000
v -12.05477000 1.62077300 0.90268000
v -12.05477000 1.61302000 0.91611000
v -12.05477000 1.61302000 0.91611000
v -11.99578400 1.76571500 0.98636300
v -11.99578400 1.76571500 0.98636300
v -11.99578400 1.75796200 0.99979200
v -11.99578400 1.75796200 0.99979200
v -12.03245900 1.74038600 0.97173900
v -12.03245900 1.74038600 0.97173900
v -12.03245900 1.73263200 0.98516800
v -12.03245900 1.73263200 0.98516800
v -12.02541700 1.75445800 0.97986300
v -12.02541700 1.75445800 0.97986300
v -12.01319200 1.76290100 0.98473800
v -12.01319200 1.76290100 0.98473800
v -12.01319200 1.75514700 0.99816700
v -12.01319200 1.75514700 0.99816700
v -12.02541700 1.74670400 0.99329300
v -12.02541700 1.74670400 0.99329300
v -11.94673100 1.69588400 1.01962400
v -11.94673100 1.69588400 1.01962400
v -11.94673100 1.75602300 1.05434500
v -11.94673100 1.75602300 1.05434500
v -11.94673100 1.74827000 1.06777500
v -11.94673100 1.74827000 1.06777500
v -11.94673100 1.68813000 1.03305300
v -11.94673100 1.68813000 1.03305300
v -11.98573800 1.67423300 1.00712400
v -11.98573800 1.67423300 1.00712400
v -11.98573800 1.66647900 1.02055300
v -11.98573800 1.66647900 1.02055300
v -12.01359800 1.74545500 1.06615000
v -12.01359800 1.74545500 1.06615000
v -12.01359800 1.75320900 1.05272000
v -12.01359800 1.75320900 1.05272000
v -11.97459200 1.67423300 1.00712400
v -11.97459200 1.67423300 1.00712400
v -11.97459200 1.66647900 1.02055300
v -11.97459200 1.66647900 1.02055300
v -12.01359800 1.69588300 1.01962400
v -12.01359800 1.69588300 1.01962400
v -12.01359800 1.68813000 1.03305300
v -12.01359800 1.68813000 1.03305300
v -11.94982700 1.68385500 1.01267900
v -11.94982700 1.68385500 1.01267900
v -11.95911400 1.67663800 1.00851200
v -11.95911400 1.67663800 1.00851200
v -11.95911400 1.66888500 1.02194200
v -11.95911400 1.66888500 1.02194200
v -11.94982700 1.67610200 1.02610800
v -11.94982700 1.67610200 1.02610800
v -12.00121600 1.67663800 1.00851200
v -12.00121600 1.67663800 1.00851200
v -12.01050300 1.68385500 1.01267900
v -12.01050300 1.68385500 1.01267900
v -12.01050300 1.67610200 1.02610800
v -12.01050300 1.67610200 1.02610800
v -12.00121600 1.66888500 1.02194200
v -12.00121600 1.66888500 1.02194200
v -11.94183500 1.76225500 1.05541600
v -11.94183500 1.76225500 1.05541600
v -11.94183500 1.76225500 1.05541600
v -12.01905400 1.75900500 1.05354000
v -12.01905400 1.75900500 1.05354000
v -12.01905400 1.75900500 1.05354000
v -12.01905400 1.73581800 1.09370100
v -12.01905400 1.73581800 1.09370100
v -11.94183500 1.73906800 1.09557800
v -11.94183500 1.73906800 1.09557800
v -11.94155500 1.75726100 1.05253200
v -11.94155500 1.75726100 1.05253200
v -11.94155500 1.75726100 1.05253200
v -12.01877400 1.75401100 1.05065600
v -12.01877400 1.75401100 1.05065600
v -12.01877400 1.75401100 1.05065600
v -12.01877400 1.73082300 1.09081800
v -12.01877400 1.73082300 1.09081800
v -11.94155500 1.73407400 1.09269400
v -11.94155500 1.73407400 1.09269400
v -11.95708100 1.73569700 1.09363200
v -11.95708100 1.73569700 1.09363200
v -11.95708100 1.75119000 1.06679700
v -11.95708100 1.75119000 1.06679700
v -11.95708100 1.75119000 1.06679700
v -12.00354200 1.74923400 1.06566800
v -12.00354200 1.74923400 1.06566800
v -12.00354200 1.74923400 1.06566800
v -12.00354200 1.73374100 1.09250300
v -12.00354200 1.73374100 1.09250300
v -11.95753400 1.74597000 1.09956300
v -11.95753400 1.76146300 1.07272800
v -11.95753400 1.76146300 1.07272800
v -12.00399500 1.75950800 1.07159900
v -12.00399500 1.75950800 1.07159900
v -12.00399500 1.74401500 1.09843400
v -11.98164600 1.78047300 1.08370300
v -11.98164600 1.78047300 1.08370300
v -11.98164600 1.76498000 1.11053800
v -11.96058800 1.75696600 1.10591100
v -11.96058800 1.75696600 1.10591100
v -11.96857100 1.76330500 1.10957100
v -11.96857100 1.76330500 1.10957100
v -11.96857100 1.77879800 1.08273700
v -11.96857100 1.77879800 1.08273700
v -11.96857100 1.77879800 1.08273700
v -11.96058800 1.77245900 1.07907700
v -11.96058800 1.77245900 1.07907700
v -11.96058800 1.77245900 1.07907700
v -12.00192200 1.77072000 1.07807300
v -12.00192200 1.77072000 1.07807300
v -12.00192200 1.77072000 1.07807300
v -11.99452600 1.77770600 1.08210600
v -11.99452600 1.77770600 1.08210600
v -11.99452600 1.77770600 1.08210600
v -12.00192200 1.75522600 1.10490700
v -12.00192200 1.75522600 1.10490700
v -11.99452600 1.76221300 1.10894000
v -11.99452600 1.76221300 1.10894000
v -11.98637400 2.41271100 0.50118300
v -11.98637400 2.41271100 0.50118300
v -11.98637400 2.41271100 0.50118300
v -11.99637400 2.43003100 0.51118300
v -11.99637400 2.43003100 0.51118300
v -11.97637500 2.43869200 0.51618300
v -11.97637500 2.43869200 0.51618300
v -11.96637400 2.42137100 0.50618300
v -11.96637400 2.42137100 0.50618300
v -11.98637200 1.75270900 1.05985400
v -11.98637200 1.75270900 1.05985400
v -11.98637200 1.75270900 1.05985400
v -11.98637200 1.75270900 1.05985400
v -11.99637200 1.77002900 1.06985400
v -11.99637200 1.77002900 1.06985400
v -11.97637200 1.77869000 1.07485400
v -11.97637200 1.77869000 1.07485400
v -11.96637200 1.76136900 1.06485400
v -11.96637200 1.76136900 1.06485400
v -11.98637200 1.73383000 1.09255300
v -11.98637200 1.73383000 1.09255300
v -11.98637200 1.73383000 1.09255300
v -11.98637200 1.73383000 1.09255300
v -11.99637200 1.75115000 1.10255400
v -11.99637200 1.75115000 1.10255400
v -11.97637200 1.75981000 1.10755400
v -11.97637200 1.75981000 1.10755400
v -11.96637200 1.74249000 1.09755300
v -11.96637200 1.74249000 1.09755300
v -12.01637500 2.41271100 0.50118300
v -12.01637500 2.41271100 0.50118300
v -11.99637400 2.45601200 0.52618300
v -11.99637400 2.45601200 0.52618300
v -11.94637400 2.43869200 0.51618300
v -11.94637400 2.43869200 0.51618300
v -11.96637400 2.39539000 0.49118300
v -11.96637400 2.39539000 0.49118300
v -12.01637500 2.46799100 0.46543400
v -12.01637500 2.46799100 0.46543400
v -11.99637400 2.42469000 0.44043400
v -11.99637400 2.42469000 0.44043400
v -11.99637400 2.42469000 0.44043400
v -11.94637400 2.44201100 0.45043400
v -11.94637400 2.44201100 0.45043400
v -11.96637400 2.48531200 0.47543400
v -11.96637400 2.48531200 0.47543400
v -11.99637400 2.39539000 0.49118300
v -11.99637400 2.39539000 0.49118300
v -11.99637400 2.39539000 0.49118300
v -12.01637500 2.43869200 0.51618300
v -12.01637500 2.43869200 0.51618300
v -11.96637400 2.45601200 0.52618300
v -11.96637400 2.45601200 0.52618300
v -11.94637400 2.41271100 0.50118300
v -11.94637400 2.41271100 0.50118300
v -11.99637400 2.48531200 0.47543400
v -11.99637400 2.48531200 0.47543400
v -12.01637500 2.44201000 0.45043400
v -12.01637500 2.44201000 0.45043400
v -11.96637400 2.42469000 0.44043400
v -11.96637400 2.42469000 0.44043400
v -11.94637500 2.46799100 0.46543400
v -11.94637500 2.46799100 0.46543400
v -12.01415200 2.40308800 0.49562700
v -12.01415200 2.40308800 0.49562700
v -12.00748500 2.39731500 0.49229400
v -12.00748500 2.39731500 0.49229400
v -12.00748500 2.45408800 0.52507200
v -12.00748500 2.45408800 0.52507200
v -12.01415300 2.44831400 0.52173800
v -12.01415300 2.44831400 0.52173800
v -11.94859700 2.44831400 0.52173800
v -11.94859700 2.44831400 0.52173800
v -11.95526300 2.45408800 0.52507200
v -11.95526300 2.45408800 0.52507200
v -11.95526300 2.39731500 0.49229400
v -11.95526300 2.39731500 0.49229400
v -11.94859600 2.40308800 0.49562700
v -11.94859600 2.40308800 0.49562700
v -12.01415300 2.47761400 0.47099000
v -12.01415300 2.47761400 0.47099000
v -12.00748500 2.48338700 0.47432300
v -12.00748500 2.48338700 0.47432300
v -12.00748500 2.42661400 0.44154500
v -12.00748500 2.42661400 0.44154500
v -12.01415300 2.43238800 0.44487900
v -12.01415300 2.43238800 0.44487900
v -11.94859700 2.43238800 0.44487900
v -11.94859700 2.43238800 0.44487900
v -11.95526300 2.42661500 0.44154500
v -11.95526300 2.42661500 0.44154500
v -11.95526300 2.48338700 0.47432300
v -11.95526300 2.48338700 0.47432300
v -11.94859700 2.47761400 0.47099000
v -11.94859700 2.47761400 0.47099000
v -11.99637400 2.42137100 0.50618300
v -11.99637400 2.42137100 0.50618300
v -11.98637400 2.43869200 0.51618300
v -11.98637400 2.43869200 0.51618300
v -11.96637400 2.43003100 0.51118300
v -11.96637400 2.43003100 0.51118300
v -11.97637500 2.41271100 0.50118300
v -11.97637500 2.41271100 0.50118300
v -11.99637200 1.76136900 1.06485400
v -11.99637200 1.76136900 1.06485400
v -11.98637200 1.77869000 1.07485400
v -11.98637200 1.77869000 1.07485400
v -11.96637200 1.77002900 1.06985400
v -11.96637200 1.77002900 1.06985400
v -11.97637200 1.75270900 1.05985400
v -11.97637200 1.75270900 1.05985400
v -11.99637200 1.74249000 1.09755400
v -11.99637200 1.74249000 1.09755400
v -11.98637200 1.75981000 1.10755400
v -11.98637200 1.75981000 1.10755400
v -11.96637200 1.75115000 1.10255400
v -11.96637200 1.75115000 1.10255400
v -11.97637200 1.73383000 1.09255300
v -11.97637200 1.73383000 1.09255300
v -11.99193000 2.41367300 0.50173800
v -11.99193000 2.41367300 0.50173800
v -11.99526300 2.41656000 0.50340500
v -11.99526300 2.41656000 0.50340500
v -11.99526300 2.43484300 0.51396000
v -11.99526300 2.43484300 0.51396000
v -11.99193000 2.43772900 0.51562700
v -11.99193000 2.43772900 0.51562700
v -11.97081900 2.43772900 0.51562700
v -11.97081900 2.43772900 0.51562700
v -11.96748500 2.43484300 0.51396000
v -11.96748500 2.43484300 0.51396000
v -11.96748500 2.41656000 0.50340500
v -11.96748500 2.41656000 0.50340500
v -11.97081900 2.41367300 0.50173800
v -11.97081900 2.41367300 0.50173800
v -11.99192700 1.75367100 1.06041000
v -11.99192700 1.75367100 1.06041000
v -11.99526100 1.75655800 1.06207600
v -11.99526100 1.75655800 1.06207600
v -11.99526100 1.77484000 1.07263200
v -11.99526100 1.77484000 1.07263200
v -11.99192700 1.77772700 1.07429900
v -11.99192700 1.77772700 1.07429900
v -11.97081700 1.77772700 1.07429800
v -11.97081700 1.77772700 1.07429800
v -11.96748300 1.77484100 1.07263200
v -11.96748300 1.77484100 1.07263200
v -11.96748300 1.75655800 1.06207600
v -11.96748300 1.75655800 1.06207600
v -11.97081700 1.75367100 1.06041000
v -11.97081700 1.75367100 1.06041000
v -11.99526000 1.73767900 1.09477600
v -11.99526000 1.73767900 1.09477600
v -11.99192700 1.73479200 1.09310900
v -11.99192700 1.73479200 1.09310900
v -11.99192700 1.75884800 1.10699800
v -11.99192700 1.75884800 1.10699800
v -11.99526100 1.75596100 1.10533100
v -11.99526100 1.75596100 1.10533100
v -11.96748300 1.75596100 1.10533100
v -11.96748300 1.75596100 1.10533100
v -11.97081700 1.75884800 1.10699800
v -11.97081700 1.75884800 1.10699800
v -11.97081700 1.73479200 1.09310900
v -11.97081700 1.73479200 1.09310900
v -11.96748300 1.73767900 1.09477600
v -11.96748300 1.73767900 1.09477600
v -11.95016400 1.62226700 1.16115100
v -11.95016400 1.62226700 1.16115100
v -11.95418400 1.63525800 1.16865100
v -11.95418400 1.63525800 1.16865100
v -11.96516400 1.64476700 1.17414200
v -11.96516400 1.64476700 1.17414200
v -11.98016500 1.64824800 1.17615100
v -11.98016500 1.64824800 1.17615100
v -11.99516400 1.64476700 1.17414200
v -11.99516400 1.64476700 1.17414200
v -11.99516500 1.70236200 1.07438500
v -12.00614500 1.63525700 1.16865100
v -12.00614500 1.63525700 1.16865100
v -12.01016400 1.62226700 1.16115100
v -12.01016400 1.62226700 1.16115100
v -12.00614500 1.60927700 1.15365100
v -12.00614500 1.60927700 1.15365100
v -12.00614500 1.66687100 1.05389500
v -11.99516400 1.59976700 1.14816100
v -11.99516400 1.59976700 1.14816100
v -11.98016500 1.59628600 1.14615100
v -11.98016500 1.59628600 1.14615100
v -11.98016500 1.59628600 1.14615100
v -11.98016500 1.65388100 1.04639500
v -11.98016500 1.65388100 1.04639500
v -11.96516400 1.59976700 1.14816100
v -11.96516400 1.59976700 1.14816100
v -11.95418400 1.60927700 1.15365100
v -11.95418400 1.60927700 1.15365100
v -11.95418400 1.66687100 1.05389500
v -11.88283500 1.51286700 1.08958000
v -11.88283500 1.51286700 1.08958000
v -11.92034700 1.65780900 1.17326300
v -11.92034700 1.65780900 1.17326300
v -11.92034700 1.65780900 1.17326300
v -11.92034700 1.66556200 1.15983300
v -11.92034700 1.66556200 1.15983300
v -11.92034700 1.66556200 1.15983300
v -11.88283500 1.52062000 1.07615100
v -11.88283500 1.52062000 1.07615100
v -12.05477000 1.51286600 1.08958000
v -12.05477000 1.51286600 1.08958000
v -12.05477000 1.52062000 1.07615100
v -12.05477000 1.52062000 1.07615100
v -12.03245900 1.64023200 1.14520900
v -12.03245900 1.64023200 1.14520900
v -12.03245900 1.64023200 1.14520900
v -12.03245900 1.63247900 1.15863900
v -12.03245900 1.63247900 1.15863900
v -11.99578400 1.66556200 1.15983300
v -11.99578400 1.66556200 1.15983300
v -12.01319200 1.66274700 1.15820800
v -12.01319200 1.66274700 1.15820800
v -12.02541700 1.65430400 1.15333400
v -12.02541700 1.65430400 1.15333400
v -11.99578400 1.65780800 1.17326300
v -11.99578400 1.65780800 1.17326300
v -12.02541700 1.64655100 1.16676300
v -12.02541700 1.64655100 1.16676300
v -12.01319200 1.65499400 1.17163800
v -12.01319200 1.65499400 1.17163800
v -11.94673100 1.65169700 1.09615600
v -11.94673100 1.65169700 1.09615600
v -11.94673100 1.71183700 1.13087800
v -11.94673100 1.71183700 1.13087800
v -11.94673100 1.71959100 1.11744800
v -11.94673100 1.71959100 1.11744800
v -11.94673100 1.65945100 1.08272700
v -11.94673100 1.65945100 1.08272700
v -12.01359800 1.65169700 1.09615600
v -12.01359800 1.65169700 1.09615600
v -12.01359800 1.65945100 1.08272700
v -12.01359800 1.65945100 1.08272700
v -12.01359800 1.71677600 1.11582400
v -12.01359800 1.71677600 1.11582400
v -12.01359800 1.70902300 1.12925300
v -12.01359800 1.70902300 1.12925300
v -11.97459200 1.63004700 1.08365600
v -11.97459200 1.63004700 1.08365600
v -11.97459200 1.63780000 1.07022700
v -11.97459200 1.63780000 1.07022700
v -11.98573800 1.63780000 1.07022700
v -11.98573800 1.63780000 1.07022700
v -11.98573700 1.63004700 1.08365600
v -11.98573700 1.63004700 1.08365600
v -11.95911400 1.64020600 1.07161500
v -11.95911400 1.64020600 1.07161500
v -11.94982600 1.64742300 1.07578200
v -11.94982600 1.64742300 1.07578200
v -12.01050300 1.64742300 1.07578200
v -12.01050300 1.64742300 1.07578200
v -12.00121600 1.64020600 1.07161500
v -12.00121600 1.64020600 1.07161500
v -11.94982600 1.63966900 1.08921100
v -11.94982600 1.63966900 1.08921100
v -11.95911400 1.63245200 1.08504500
v -11.95911400 1.63245200 1.08504500
v -12.00121600 1.63245200 1.08504500
v -12.00121600 1.63245200 1.08504500
v -12.01050300 1.63966900 1.08921100
v -12.01050300 1.63966900 1.08921100
v -12.01877400 1.70763600 1.13098000
v -12.01877400 1.70763600 1.13098000
v -12.01877400 1.70763600 1.13098000
v -11.94155500 1.71088600 1.13285600
v -11.94155500 1.71088600 1.13285600
v -11.94155500 1.71088600 1.13285600
v -11.94183500 1.71588100 1.13574000
v -11.94183500 1.71588100 1.13574000
v -11.94183500 1.71588100 1.13574000
v -12.01905300 1.71263000 1.13386300
v -12.01905300 1.71263000 1.13386300
v -12.01905300 1.71263000 1.13386300
v -11.95708100 1.72020400 1.12046600
v -11.95708100 1.72020400 1.12046600
v -11.95708100 1.72020400 1.12046600
v -12.00354200 1.71824800 1.11933700
v -12.00354200 1.71824800 1.11933700
v -12.00354200 1.71824800 1.11933700
v -11.95753400 1.73047700 1.12639700
v -11.95753400 1.73047700 1.12639700
v -12.00399500 1.72852200 1.12526800
v -12.00399500 1.72852200 1.12526800
v -11.96857100 1.74781200 1.13640600
v -11.96857100 1.74781200 1.13640600
v -11.96857100 1.74781200 1.13640600
v -11.98164600 1.74948700 1.13737300
v -11.98164600 1.74948700 1.13737300
v -11.99452600 1.74672000 1.13577500
v -11.99452600 1.74672000 1.13577500
v -11.99452600 1.74672000 1.13577500
v -11.96058700 1.74147300 1.13274600
v -11.96058700 1.74147300 1.13274600
v -11.96058700 1.74147300 1.13274600
v -12.00192200 1.73973400 1.13174200
v -12.00192200 1.73973400 1.13174200
v -12.00192200 1.73973400 1.13174200
v -12.01637100 1.53182700 2.02691600
v -12.01637100 1.53182700 2.02691600
v -12.01637100 1.56112700 1.97616700
v -12.01637100 1.56112700 1.97616700
v -12.01637100 1.58710700 1.99116700
v -12.01637100 1.58710700 1.99116700
v -12.01637100 1.55780800 2.04191500
v -12.01637100 1.55780800 2.04191500
v -11.99637000 1.57512800 2.05191500
v -11.99637000 1.57512800 2.05191500
v -11.99637000 1.60442800 2.00116700
v -11.99637000 1.60442800 2.00116700
v -11.96637100 1.60442800 2.00116700
v -11.96637100 1.60442800 2.00116700
v -11.96637100 1.57512800 2.05191500
v -11.96637100 1.57512800 2.05191500
v -11.94637000 1.55780800 2.04191500
v -11.94637000 1.55780800 2.04191500
v -11.94637100 1.58710800 1.99116700
v -11.94637100 1.58710800 1.99116700
v -11.94637100 1.56112700 1.97616700
v -11.94637100 1.56112700 1.97616700
v -11.94637000 1.53182700 2.02691600
v -11.94637000 1.53182700 2.02691600
v -11.96637100 1.51450700 2.01691600
v -11.96637100 1.51450700 2.01691600
v -11.96637100 1.54380600 1.96616700
v -11.96637100 1.54380600 1.96616700
v -11.99637000 1.54380600 1.96616700
v -11.99637000 1.54380600 1.96616700
v -11.99637000 1.54380600 1.96616700
v -11.99637000 1.51450700 2.01691600
v -11.99637000 1.51450700 2.01691600
v -11.99637000 1.51450700 2.01691600
v -11.99637000 1.56978700 1.98116700
v -11.99637000 1.56978700 1.98116700
v -11.99637100 1.72361100 1.13025300
v -11.99637100 1.72361100 1.13025300
v -11.99637100 1.73227100 1.13525300
v -11.99637100 1.73227100 1.13525300
v -11.99637000 1.57844700 1.98616700
v -11.99637000 1.57844700 1.98616700
v -11.98637100 1.58710700 1.99116700
v -11.98637100 1.58710700 1.99116700
v -11.98637200 1.74093100 1.14025300
v -11.98637200 1.74093100 1.14025300
v -11.97637200 1.74093100 1.14025300
v -11.97637200 1.74093100 1.14025300
v -11.97637100 1.58710700 1.99116700
v -11.97637100 1.58710700 1.99116700
v -11.96637100 1.57844700 1.98616700
v -11.96637100 1.57844700 1.98616700
v -11.96637200 1.73227100 1.13525300
v -11.96637200 1.73227100 1.13525300
v -11.96637200 1.72361100 1.13025300
v -11.96637200 1.72361100 1.13025300
v -11.96637100 1.56978700 1.98116700
v -11.96637100 1.56978700 1.98116700
v -11.97637100 1.56112700 1.97616700
v -11.97637100 1.56112700 1.97616700
v -11.97637200 1.71495100 1.12525300
v -11.97637200 1.71495100 1.12525300
v -11.98637200 1.71495100 1.12525300
v -11.98637200 1.71495100 1.12525300
v -11.98637200 1.71495100 1.12525300
v -11.98637200 1.71495100 1.12525300
v -11.98637100 1.56112700 1.97616700
v -11.98637100 1.56112700 1.97616700
v -11.98637100 1.56112700 1.97616700
v -12.01414900 1.52220500 2.02136000
v -12.01414900 1.52220500 2.02136000
v -12.01414900 1.55150400 1.97061200
v -12.01414900 1.55150400 1.97061200
v -12.01414900 1.59673000 1.99672300
v -12.01414900 1.59673000 1.99672300
v -12.01414900 1.56743000 2.04747100
v -12.01414900 1.56743000 2.04747100
v -11.95525900 1.60250400 2.00005600
v -11.95525900 1.60250400 2.00005600
v -11.95525900 1.57320400 2.05080400
v -11.95525900 1.57320400 2.05080400
v -11.94859300 1.55150400 1.97061200
v -11.94859300 1.55150400 1.97061200
v -11.94859300 1.52220500 2.02136000
v -11.94859300 1.52220500 2.02136000
v -12.00748200 1.51643100 2.01802700
v -12.00748200 1.51643100 2.01802700
v -12.00748200 1.54573100 1.96727800
v -12.00748200 1.54573100 1.96727800
v -12.00748200 1.60250300 2.00005600
v -12.00748200 1.60250300 2.00005600
v -12.00748200 1.57320400 2.05080400
v -12.00748200 1.57320400 2.05080400
v -11.94859300 1.59673000 1.99672300
v -11.94859300 1.59673000 1.99672300
v -11.94859300 1.56743000 2.04747100
v -11.94859300 1.56743000 2.04747100
v -11.95525900 1.54573100 1.96727800
v -11.95525900 1.54573100 1.96727800
v -11.95525900 1.51643100 2.01802700
v -11.95525900 1.51643100 2.01802700
v -11.99525900 1.56497600 1.97838900
v -11.99525900 1.56497600 1.97838900
v -11.99526000 1.71880000 1.12747500
v -11.99526000 1.71880000 1.12747500
v -11.99526000 1.73708200 1.13803100
v -11.99526000 1.73708200 1.13803100
v -11.99525900 1.58325800 1.98894500
v -11.99525900 1.58325800 1.98894500
v -11.97081700 1.73996900 1.13969800
v -11.97081700 1.73996900 1.13969800
v -11.97081500 1.58614500 1.99061200
v -11.97081500 1.58614500 1.99061200
v -11.96748300 1.71880000 1.12747500
v -11.96748300 1.71880000 1.12747500
v -11.96748200 1.56497600 1.97838900
v -11.96748200 1.56497600 1.97838900
v -11.99192600 1.56208900 1.97672300
v -11.99192600 1.56208900 1.97672300
v -11.99192700 1.71591300 1.12580900
v -11.99192700 1.71591300 1.12580900
v -11.99192700 1.73996900 1.13969800
v -11.99192700 1.73996900 1.13969800
v -11.99192600 1.58614500 1.99061200
v -11.99192600 1.58614500 1.99061200
v -11.96748300 1.73708200 1.13803100
v -11.96748300 1.73708200 1.13803100
v -11.96748200 1.58325900 1.98894500
v -11.96748200 1.58325900 1.98894500
v -11.97081700 1.71591300 1.12580900
v -11.97081700 1.71591300 1.12580900
v -11.97081500 1.56208900 1.97672300
v -11.97081500 1.56208900 1.97672300
v -11.94261700 1.62226700 1.16115100
v -11.94261700 1.62226700 1.16115100
v -11.94764800 1.63852500 1.17053800
v -11.94764800 1.63852500 1.17053800
v -11.96139000 1.65042700 1.17740900
v -11.96139000 1.65042700 1.17740900
v -11.98016500 1.65478300 1.17992400
v -11.98016500 1.65478300 1.17992400
v -11.99893800 1.65042700 1.17740900
v -11.99893800 1.65042700 1.17740900
v -12.01268000 1.63852500 1.17053800
v -12.01268000 1.63852500 1.17053800
v -12.01771100 1.62226700 1.16115100
v -12.01771100 1.62226700 1.16115100
v -12.01268000 1.60600900 1.15176500
v -12.01268000 1.60600900 1.15176500
v -11.99893800 1.59410700 1.14489300
v -11.99893800 1.59410700 1.14489300
v -11.98016400 1.58975100 1.14237800
v -11.98016400 1.58975100 1.14237800
v -11.98016400 1.58975100 1.14237800
v -11.96139000 1.59410700 1.14489300
v -11.96139000 1.59410700 1.14489300
v -11.94764800 1.60600900 1.15176500
v -11.94764800 1.60600900 1.15176500
v -11.94261700 1.61185900 1.17917900
v -11.94261700 1.61185900 1.17917900
v -11.94764800 1.62811700 1.18856500
v -11.94764800 1.62811700 1.18856500
v -11.96139000 1.64001900 1.19543700
v -11.96139000 1.64001900 1.19543700
v -11.98016500 1.64437500 1.19795200
v -11.98016500 1.64437500 1.19795200
v -11.99893800 1.64001800 1.19543700
v -11.99893800 1.64001800 1.19543700
v -12.01268000 1.62811700 1.18856500
v -12.01268000 1.62811700 1.18856500
v -12.01771100 1.61185900 1.17917900
v -12.01771100 1.61185900 1.17917900
v -12.01268000 1.59560000 1.16979200
v -12.01268000 1.59560000 1.16979200
v -11.99893800 1.58369900 1.16292100
v -11.99893800 1.58369900 1.16292100
v -11.98016400 1.57934200 1.16040600
v -11.98016400 1.57934200 1.16040600
v -11.98016400 1.57934200 1.16040600
v -11.96139000 1.58369900 1.16292100
v -11.96139000 1.58369900 1.16292100
v -11.94764800 1.59560100 1.16979200
v -11.94764800 1.59560100 1.16979200
v -11.97033600 4.49201700 1.57410300
v -11.97033600 4.49201700 1.57410300
v -11.97033600 4.45357600 1.64068400
v -11.97033600 4.45357600 1.64068400
v -11.97033700 4.55367500 1.60970100
v -11.97033700 4.55367500 1.60970100
v -11.97033700 4.51523400 1.67628300
v -11.97033700 4.51523400 1.67628300
v -11.99245100 4.49201700 1.57410300
v -11.99245100 4.49201700 1.57410300
v -11.99245100 4.45357600 1.64068400
v -11.99245100 4.45357600 1.64068400
v -11.99245100 4.55367500 1.60970100
v -11.99245100 4.55367500 1.60970100
v -11.99245100 4.51523400 1.67628300
v -11.99245100 4.51523400 1.67628300
v -11.96639300 4.53033500 1.57893000
v -11.96639300 4.53033500 1.57893000
v -11.96840300 4.53683000 1.58268000
v -11.96840300 4.53683000 1.58268000
v -11.97389400 4.54158500 1.58542500
v -11.97389400 4.54158500 1.58542500
v -11.98139400 4.54332500 1.58643000
v -11.98139400 4.54332500 1.58643000
v -11.98889400 4.54158500 1.58542500
v -11.98889400 4.54158500 1.58542500
v -11.99438400 4.53683000 1.58268000
v -11.99438400 4.53683000 1.58268000
v -11.99639400 4.53033500 1.57893000
v -11.99639400 4.53033500 1.57893000
v -11.99438400 4.52384000 1.57518000
v -11.99438400 4.52384000 1.57518000
v -11.98889400 4.51908500 1.57243500
v -11.98889400 4.51908500 1.57243500
v -11.98139400 4.51734400 1.57143000
v -11.98139400 4.51734400 1.57143000
v -11.98139400 4.51734400 1.57143000
v -11.97389300 4.51908500 1.57243500
v -11.97389300 4.51908500 1.57243500
v -11.96840300 4.52384000 1.57518000
v -11.96840300 4.52384000 1.57518000
v -11.96639300 4.40530800 1.79548400
v -11.96639300 4.40530800 1.79548400
v -11.96840300 4.41180300 1.79923400
v -11.96840300 4.41180300 1.79923400
v -11.97389300 4.41655700 1.80197900
v -11.97389300 4.41655700 1.80197900
v -11.98139300 4.41829800 1.80298400
v -11.98139300 4.41829800 1.80298400
v -11.98889400 4.41655700 1.80197900
v -11.98889400 4.41655700 1.80197900
v -11.99438400 4.41180300 1.79923400
v -11.99438400 4.41180300 1.79923400
v -11.99639300 4.40530800 1.79548400
v -11.99639300 4.40530800 1.79548400
v -11.99438400 4.39881200 1.79173400
v -11.99438400 4.39881200 1.79173400
v -11.98889400 4.39405800 1.78898900
v -11.98889400 4.39405800 1.78898900
v -11.98139300 4.39231700 1.78798400
v -11.98139300 4.39231700 1.78798400
v -11.98139300 4.39231700 1.78798400
v -11.97389300 4.39405800 1.78898900
v -11.97389300 4.39405800 1.78898900
v -11.96840300 4.39881200 1.79173400
v -11.96840300 4.39881200 1.79173400
v -11.97033600 4.42040900 1.69813200
v -11.97033600 4.42040900 1.69813200
v -11.97033600 4.38196800 1.76471300
v -11.97033600 4.38196800 1.76471300
v -11.97033600 4.48206700 1.73373000
v -11.97033600 4.48206700 1.73373000
v -11.97033600 4.44362600 1.80031100
v -11.97033600 4.44362600 1.80031100
v -11.99245100 4.42040900 1.69813200
v -11.99245100 4.42040900 1.69813200
v -11.99245000 4.38196800 1.76471300
v -11.99245000 4.38196800 1.76471300
v -11.99245100 4.48206700 1.73373000
v -11.99245100 4.48206700 1.73373000
v -11.99245100 4.44362600 1.80031100
v -11.99245100 4.44362600 1.80031100
v -11.97032500 3.52995300 3.24044300
v -11.97032500 3.52995300 3.24044300
v -11.97032500 3.56839400 3.17386200
v -11.97032500 3.56839400 3.17386200
v -11.97032500 3.59161100 3.27604200
v -11.97032500 3.59161100 3.27604200
v -11.97032500 3.63005200 3.20946000
v -11.97032500 3.63005200 3.20946000
v -11.99243900 3.52995300 3.24044300
v -11.99243900 3.52995300 3.24044300
v -11.99243900 3.56839400 3.17386200
v -11.99243900 3.56839400 3.17386200
v -11.99244000 3.59161100 3.27604200
v -11.99244000 3.59161100 3.27604200
v -11.99244000 3.63005200 3.20946000
v -11.99244000 3.63005200 3.20946000
v -11.96638200 3.55329200 3.27121500
v -11.96638200 3.55329200 3.27121500
v -11.96839100 3.55978700 3.27496500
v -11.96839100 3.55978700 3.27496500
v -11.97388300 3.56454200 3.27771000
v -11.97388300 3.56454200 3.27771000
v -11.98138200 3.56628300 3.27871500
v -11.98138200 3.56628300 3.27871500
v -11.98888200 3.56454200 3.27771000
v -11.98888200 3.56454200 3.27771000
v -11.99437200 3.55978700 3.27496500
v -11.99437200 3.55978700 3.27496500
v -11.99638300 3.55329200 3.27121500
v -11.99638300 3.55329200 3.27121500
v -11.99437200 3.54679700 3.26746500
v -11.99437200 3.54679700 3.26746500
v -11.98888200 3.54204200 3.26471900
v -11.98888200 3.54204200 3.26471900
v -11.98138200 3.54030200 3.26371500
v -11.98138200 3.54030200 3.26371500
v -11.98138200 3.54030200 3.26371500
v -11.97388300 3.54204200 3.26471900
v -11.97388300 3.54204200 3.26471900
v -11.96839100 3.54679700 3.26746500
v -11.96839100 3.54679700 3.26746500
v -11.96638300 3.67832000 3.05466100
v -11.96638300 3.67832000 3.05466100
v -11.96839200 3.68481500 3.05841100
v -11.96839200 3.68481500 3.05841100
v -11.97388300 3.68957000 3.06115600
v -11.97388300 3.68957000 3.06115600
v -11.98138200 3.69131000 3.06216100
v -11.98138200 3.69131000 3.06216100
v -11.98888300 3.68957000 3.06115600
v -11.98888300 3.68957000 3.06115600
v -11.99437300 3.68481500 3.05841100
v -11.99437300 3.68481500 3.05841100
v -11.99638300 3.67832000 3.05466100
v -11.99638300 3.67832000 3.05466100
v -11.99437300 3.67182500 3.05091100
v -11.99437300 3.67182500 3.05091100
v -11.98888300 3.66707000 3.04816500
v -11.98888300 3.66707000 3.04816500
v -11.98138200 3.66533000 3.04716100
v -11.98138200 3.66533000 3.04716100
v -11.98138200 3.66533000 3.04716100
v -11.97388300 3.66707000 3.04816500
v -11.97388300 3.66707000 3.04816500
v -11.96839200 3.67182500 3.05091100
v -11.96839200 3.67182500 3.05091100
v -11.97032500 3.60156100 3.11641500
v -11.97032500 3.60156100 3.11641500
v -11.97032500 3.64000200 3.04983400
v -11.97032500 3.64000200 3.04983400
v -11.97032500 3.66321900 3.15201300
v -11.97032500 3.66321900 3.15201300
v -11.97032500 3.70166000 3.08543200
v -11.97032500 3.70166000 3.08543200
v -11.99243900 3.60156100 3.11641500
v -11.99243900 3.60156100 3.11641500
v -11.99244000 3.64000200 3.04983400
v -11.99244000 3.64000200 3.04983400
v -11.99244000 3.66321900 3.15201300
v -11.99244000 3.66321900 3.15201300
v -11.99244000 3.70166000 3.08543200
v -11.99244000 3.70166000 3.08543200
v -11.97033200 6.53927300 2.75609000
v -11.97033200 6.53927300 2.75609000
v -11.97033100 6.50083300 2.82267100
v -11.97033100 6.50083300 2.82267100
v -11.97033200 6.60093100 2.79168800
v -11.97033200 6.60093100 2.79168800
v -11.97033200 6.56249000 2.85827000
v -11.97033200 6.56249000 2.85827000
v -11.99244600 6.53927300 2.75609000
v -11.99244600 6.53927300 2.75609000
v -11.99244600 6.50083300 2.82267100
v -11.99244600 6.50083300 2.82267100
v -11.99244700 6.60093100 2.79168800
v -11.99244700 6.60093100 2.79168800
v -11.99244700 6.56249000 2.85827000
v -11.99244700 6.56249000 2.85827000
v -11.96639000 6.57759200 2.76091700
v -11.96639000 6.57759200 2.76091700
v -11.96839900 6.58408600 2.76466700
v -11.96839900 6.58408600 2.76466700
v -11.97388900 6.58884100 2.76741200
v -11.97388900 6.58884100 2.76741200
v -11.98138900 6.59058200 2.76841700
v -11.98138900 6.59058200 2.76841700
v -11.98889000 6.58884100 2.76741200
v -11.98889000 6.58884100 2.76741200
v -11.99438000 6.58408600 2.76466700
v -11.99438000 6.58408600 2.76466700
v -11.99638900 6.57759200 2.76091700
v -11.99638900 6.57759200 2.76091700
v -11.99438000 6.57109600 2.75716700
v -11.99438000 6.57109600 2.75716700
v -11.98889000 6.56634100 2.75442200
v -11.98889000 6.56634100 2.75442200
v -11.98138900 6.56460100 2.75341700
v -11.98138900 6.56460100 2.75341700
v -11.98138900 6.56460100 2.75341700
v -11.97388900 6.56634100 2.75442200
v -11.97388900 6.56634100 2.75442200
v -11.96839900 6.57109600 2.75716700
v -11.96839900 6.57109600 2.75716700
v -11.96638900 6.45256300 2.97747100
v -11.96638900 6.45256300 2.97747100
v -11.96839800 6.45905900 2.98122100
v -11.96839800 6.45905900 2.98122100
v -11.97388800 6.46381400 2.98396600
v -11.97388800 6.46381400 2.98396600
v -11.98138900 6.46555400 2.98497100
v -11.98138900 6.46555400 2.98497100
v -11.98888900 6.46381400 2.98396600
v -11.98888900 6.46381400 2.98396600
v -11.99437900 6.45905900 2.98122100
v -11.99437900 6.45905900 2.98122100
v -11.99638800 6.45256300 2.97747100
v -11.99638800 6.45256300 2.97747100
v -11.99437900 6.44606800 2.97372100
v -11.99437900 6.44606800 2.97372100
v -11.98888900 6.44131400 2.97097600
v -11.98888900 6.44131400 2.97097600
v -11.98138900 6.43957300 2.96997100
v -11.98138900 6.43957300 2.96997100
v -11.98138900 6.43957300 2.96997100
v -11.97388800 6.44131400 2.97097600
v -11.97388800 6.44131400 2.97097600
v -11.96839800 6.44606800 2.97372100
v -11.96839800 6.44606800 2.97372100
v -11.97033100 6.46766600 2.88011900
v -11.97033100 6.46766600 2.88011900
v -11.97033100 6.42922500 2.94670000
v -11.97033100 6.42922500 2.94670000
v -11.97033200 6.52932300 2.91571700
v -11.97033200 6.52932300 2.91571700
v -11.97033200 6.49088200 2.98229800
v -11.97033200 6.49088200 2.98229800
v -11.99244600 6.46766600 2.88011900
v -11.99244600 6.46766600 2.88011900
v -11.99244600 6.42922500 2.94670000
v -11.99244600 6.42922500 2.94670000
v -11.99244700 6.52932300 2.91571700
v -11.99244700 6.52932300 2.91571700
v -11.99244600 6.49088200 2.98229800
v -11.99244600 6.49088200 2.98229800
v -11.97033100 5.57721100 4.42243100
v -11.97033100 5.57721100 4.42243100
v -11.97033100 5.61565300 4.35584900
v -11.97033100 5.61565300 4.35584900
v -11.97033200 5.63887000 4.45803000
v -11.97033200 5.63887000 4.45803000
v -11.97033200 5.67731100 4.39144800
v -11.97033200 5.67731100 4.39144800
v -11.99244600 5.57721100 4.42243100
v -11.99244600 5.57721100 4.42243100
v -11.99244600 5.61565300 4.35584900
v -11.99244600 5.61565300 4.35584900
v -11.99244600 5.63887000 4.45803000
v -11.99244600 5.63887000 4.45803000
v -11.99244700 5.67731100 4.39144800
v -11.99244700 5.67731100 4.39144800
v -11.96638900 5.60055100 4.45320200
v -11.96638900 5.60055100 4.45320200
v -11.96839800 5.60704700 4.45695200
v -11.96839800 5.60704700 4.45695200
v -11.97388800 5.61180100 4.45969700
v -11.97388800 5.61180100 4.45969700
v -11.98138900 5.61354200 4.46070200
v -11.98138900 5.61354200 4.46070200
v -11.98888900 5.61180100 4.45969700
v -11.98888900 5.61180100 4.45969700
v -11.99437900 5.60704700 4.45695200
v -11.99437900 5.60704700 4.45695200
v -11.99638800 5.60055100 4.45320200
v -11.99638800 5.60055100 4.45320200
v -11.99437900 5.59405600 4.44945200
v -11.99437900 5.59405600 4.44945200
v -11.98888900 5.58930200 4.44670700
v -11.98888900 5.58930200 4.44670700
v -11.98138900 5.58756100 4.44570200
v -11.98138900 5.58756100 4.44570200
v -11.98138900 5.58756100 4.44570200
v -11.97388800 5.58930200 4.44670700
v -11.97388800 5.58930200 4.44670700
v -11.96839800 5.59405600 4.44945200
v -11.96839800 5.59405600 4.44945200
v -11.96639000 5.72557900 4.23664800
v -11.96639000 5.72557900 4.23664800
v -11.96839900 5.73207500 4.24039800
v -11.96839900 5.73207500 4.24039800
v -11.97388900 5.73682900 4.24314300
v -11.97388900 5.73682900 4.24314300
v -11.98138900 5.73857000 4.24414800
v -11.98138900 5.73857000 4.24414800
v -11.98889000 5.73682900 4.24314300
v -11.98889000 5.73682900 4.24314300
v -11.99438000 5.73207500 4.24039800
v -11.99438000 5.73207500 4.24039800
v -11.99638900 5.72557900 4.23664800
v -11.99638900 5.72557900 4.23664800
v -11.99438000 5.71908400 4.23289800
v -11.99438000 5.71908400 4.23289800
v -11.98889000 5.71433000 4.23015300
v -11.98889000 5.71433000 4.23015300
v -11.98138900 5.71258900 4.22914800
v -11.98138900 5.71258900 4.22914800
v -11.98138900 5.71258900 4.22914800
v -11.97388900 5.71433000 4.23015300
v -11.97388900 5.71433000 4.23015300
v -11.96839900 5.71908400 4.23289800
v -11.96839900 5.71908400 4.23289800
v -11.97033200 5.64882000 4.29840300
v -11.97033200 5.64882000 4.29840300
v -11.97033200 5.68726100 4.23182100
v -11.97033200 5.68726100 4.23182100
v -11.97033200 5.71047800 4.33400100
v -11.97033200 5.71047800 4.33400100
v -11.97033200 5.74891900 4.26741900
v -11.97033200 5.74891900 4.26741900
v -11.99244600 5.64882000 4.29840300
v -11.99244600 5.64882000 4.29840300
v -11.99244700 5.68726100 4.23182100
v -11.99244700 5.68726100 4.23182100
v -11.99244700 5.71047800 4.33400100
v -11.99244700 5.71047800 4.33400100
v -11.99244700 5.74891900 4.26741900
v -11.99244700 5.74891900 4.26741900
v -11.96790100 2.52279200 0.39336200
v -11.96790100 2.52279200 0.39336200
v -11.96790100 2.52279200 0.39336200
v -11.96789600 1.52279100 2.12541200
v -11.96789600 1.52279100 2.12541200
v -11.96789600 1.52279100 2.12541200
v -11.96790800 4.51464900 1.54336300
v -11.96790800 4.51464900 1.54336300
v -11.96790800 4.51464900 1.54336300
v -11.96790300 3.51464800 3.27541300
v -11.96790300 3.51464800 3.27541300
v -11.96790300 3.51464800 3.27541300
v -11.99486300 2.52279100 0.39336200
v -11.99486300 2.52279100 0.39336200
v -11.99486300 2.52279100 0.39336200
v -11.99485800 1.52279100 2.12541200
v -11.99485800 1.52279100 2.12541200
v -11.99485800 1.52279100 2.12541200
v -11.99486900 4.51464900 1.54336300
v -11.99486900 4.51464900 1.54336300
v -11.99486900 4.51464900 1.54336300
v -11.99486400 3.51464800 3.27541300
v -11.99486400 3.51464800 3.27541300
v -11.99486400 3.51464800 3.27541300
v -11.96790100 2.53377200 0.43434300
v -11.96790100 2.53377200 0.43434300
v -11.96790100 2.53377200 0.43434300
v -11.96790800 4.47366900 1.55434400
v -11.96790800 4.47366900 1.55434400
v -11.96790800 4.47366900 1.55434400
v -11.96790300 3.50366800 3.23443200
v -11.96790300 3.50366800 3.23443200
v -11.96790300 3.50366800 3.23443200
v -11.96789600 1.56377100 2.11443100
v -11.96789600 1.56377100 2.11443100
v -11.96789600 1.56377100 2.11443100
v -11.99486300 2.53377200 0.43434300
v -11.99486300 2.53377200 0.43434300
v -11.99486300 2.53377200 0.43434300
v -11.99485800 1.56377100 2.11443100
v -11.99485800 1.56377100 2.11443100
v -11.99485800 1.56377100 2.11443100
v -11.99486400 3.50366800 3.23443200
v -11.99486400 3.50366800 3.23443200
v -11.99486400 3.50366800 3.23443200
v -11.99486800 4.47366900 1.55434400
v -11.99486800 4.47366900 1.55434400
v -11.99486800 4.47366900 1.55434400
v -11.97868600 2.53377200 0.43434300
v -11.97868600 2.53377200 0.43434300
v -11.97868600 2.53377200 0.43434300
v -11.97869200 4.47366900 1.55434400
v -11.97869200 4.47366900 1.55434400
v -11.97869200 4.47366900 1.55434400
v -11.97868700 3.50366800 3.23443200
v -11.97868700 3.50366800 3.23443200
v -11.97868700 3.50366800 3.23443200
v -11.97868200 1.56377100 2.11443100
v -11.97868200 1.56377100 2.11443100
v -11.97868200 1.56377100 2.11443100
v -11.98407800 2.53377200 0.43434300
v -11.98407800 2.53377200 0.43434300
v -11.98407800 2.53377200 0.43434300
v -11.98407400 1.56377100 2.11443100
v -11.98407400 1.56377100 2.11443100
v -11.98407400 1.56377100 2.11443100
v -11.98407900 3.50366800 3.23443200
v -11.98407900 3.50366800 3.23443200
v -11.98407900 3.50366800 3.23443200
v -11.98408400 4.47366900 1.55434400
v -11.98408400 4.47366900 1.55434400
v -11.98408400 4.47366900 1.55434400
v -11.96790600 4.57004700 1.57534900
v -11.96790600 4.57004700 1.57534900
v -11.96790600 4.57004700 1.57534900
v -11.96790100 3.57004600 3.30739900
v -11.96790100 3.57004600 3.30739900
v -11.96790100 3.57004600 3.30739900
v -11.96791200 6.56190500 2.72535000
v -11.96791200 6.56190500 2.72535000
v -11.96791200 6.56190500 2.72535000
v -11.96790700 5.56190400 4.45740000
v -11.96790700 5.56190400 4.45740000
v -11.96790700 5.56190400 4.45740000
v -11.99486600 4.57004700 1.57534900
v -11.99486600 4.57004700 1.57534900
v -11.99486600 4.57004700 1.57534900
v -11.99486200 3.57004600 3.30739900
v -11.99486200 3.57004600 3.30739900
v -11.99486200 3.57004600 3.30739900
v -11.99487300 6.56190500 2.72535000
v -11.99487300 6.56190500 2.72535000
v -11.99487300 6.56190500 2.72535000
v -11.99486800 5.56190400 4.45740000
v -11.99486800 5.56190400 4.45740000
v -11.99486800 5.56190400 4.45740000
v -11.96790600 4.58102800 1.61632900
v -11.96790600 4.58102800 1.61632900
v -11.96790600 4.58102800 1.61632900
v -11.96791200 6.52092400 2.73633000
v -11.96791200 6.52092400 2.73633000
v -11.96791200 6.52092400 2.73633000
v -11.96790700 5.55092300 4.41641900
v -11.96790700 5.55092300 4.41641900
v -11.96790700 5.55092300 4.41641900
v -11.96790100 3.61102700 3.29641800
v -11.96790100 3.61102700 3.29641800
v -11.96790100 3.61102700 3.29641800
v -11.99486600 4.58102800 1.61632900
v -11.99486600 4.58102800 1.61632900
v -11.99486600 4.58102800 1.61632900
v -11.99486300 3.61102700 3.29641800
v -11.99486300 3.61102700 3.29641800
v -11.99486300 3.61102700 3.29641800
v -11.99486800 5.55092300 4.41641900
v -11.99486800 5.55092300 4.41641900
v -11.99486800 5.55092300 4.41641900
v -11.99487300 6.52092400 2.73633000
v -11.99487300 6.52092400 2.73633000
v -11.99487300 6.52092400 2.73633000
v -11.97869000 4.58102800 1.61632900
v -11.97869000 4.58102800 1.61632900
v -11.97869000 4.58102800 1.61632900
v -11.97869600 6.52092400 2.73633000
v -11.97869600 6.52092400 2.73633000
v -11.97869600 6.52092400 2.73633000
v -11.97869200 5.55092300 4.41641900
v -11.97869200 5.55092300 4.41641900
v -11.97869200 5.55092300 4.41641900
v -11.97868500 3.61102700 3.29641800
v -11.97868500 3.61102700 3.29641800
v -11.97868500 3.61102700 3.29641800
v -11.98408200 4.58102800 1.61632900
v -11.98408200 4.58102800 1.61632900
v -11.98408200 4.58102800 1.61632900
v -11.98407700 3.61102700 3.29641800
v -11.98407700 3.61102700 3.29641800
v -11.98407700 3.61102700 3.29641800
v -11.98408400 5.55092300 4.41641900
v -11.98408400 5.55092300 4.41641900
v -11.98408400 5.55092300 4.41641900
v -11.98408900 6.52092400 2.73633000
v -11.98408900 6.52092400 2.73633000
v -11.98408900 6.52092400 2.73633000
v -11.96791400 6.61730900 2.75733700
v -11.96791400 6.61730900 2.75733700
v -11.96791400 6.61730900 2.75733700
v -11.96790900 5.61730800 4.48938800
v -11.96790900 5.61730800 4.48938800
v -11.96790900 5.61730800 4.48938800
v -11.96791900 8.60916600 3.90733900
v -11.96791900 8.60916600 3.90733900
v -11.96791900 8.60916600 3.90733900
v -11.96791500 7.60916500 5.63938900
v -11.96791500 7.60916500 5.63938900
v -11.96791500 7.60916500 5.63938900
v -11.99487500 6.61730900 2.75733700
v -11.99487500 6.61730900 2.75733700
v -11.99487500 6.61730900 2.75733700
v -11.99487000 5.61730800 4.48938800
v -11.99487000 5.61730800 4.48938800
v -11.99487000 5.61730800 4.48938800
v -11.99488100 8.60916600 3.90733900
v -11.99488100 8.60916600 3.90733900
v -11.99488100 8.60916600 3.90733900
v -11.99487600 7.60916500 5.63938900
v -11.99487600 7.60916500 5.63938900
v -11.99487600 7.60916500 5.63938900
v -11.96791400 6.62828900 2.79831800
v -11.96791400 6.62828900 2.79831800
v -11.96791400 6.62828900 2.79831800
v -11.96791900 8.56818600 3.91831900
v -11.96791900 8.56818600 3.91831900
v -11.96791900 8.56818600 3.91831900
v -11.96791500 7.59818500 5.59840800
v -11.96791500 7.59818500 5.59840800
v -11.96791500 7.59818500 5.59840800
v -11.96790900 5.65828800 4.47840700
v -11.96790900 5.65828800 4.47840700
v -11.96790900 5.65828800 4.47840700
v -11.99487500 6.62828900 2.79831800
v -11.99487500 6.62828900 2.79831800
v -11.99487500 6.62828900 2.79831800
v -11.99487000 5.65828800 4.47840700
v -11.99487000 5.65828800 4.47840700
v -11.99487000 5.65828800 4.47840700
v -11.99487600 7.59818500 5.59840800
v -11.99487600 7.59818500 5.59840800
v -11.99487600 7.59818500 5.59840800
v -11.99488100 8.56818600 3.91831900
v -11.99488100 8.56818600 3.91831900
v -11.99488100 8.56818600 3.91831900
v -11.97869800 6.62828900 2.79831800
v -11.97869800 6.62828900 2.79831800
v -11.97869800 6.62828900 2.79831800
v -11.97870400 8.56818600 3.91831900
v -11.97870400 8.56818600 3.91831900
v -11.97870400 8.56818600 3.91831900
v -11.97870000 7.59818500 5.59840800
v -11.97870000 7.59818500 5.59840800
v -11.97870000 7.59818500 5.59840800
v -11.97869300 5.65828800 4.47840700
v -11.97869300 5.65828800 4.47840700
v -11.97869300 5.65828800 4.47840700
v -11.98409000 6.62828900 2.79831800
v -11.98409000 6.62828900 2.79831800
v -11.98409000 6.62828900 2.79831800
v -11.98408500 5.65828800 4.47840700
v -11.98408500 5.65828800 4.47840700
v -11.98408500 5.65828800 4.47840700
v -11.98409200 7.59818500 5.59840800
v -11.98409200 7.59818500 5.59840800
v -11.98409200 7.59818500 5.59840800
v -11.98409700 8.56818600 3.91831900
v -11.98409700 8.56818600 3.91831900
v -11.98409700 8.56818600 3.91831900
vn 1.00000000 -0.00000000 -0.00000000
vn 0.86600000 0.43300000 0.25000000
vn 0.50000000 0.75000000 0.43300000
vn -0.00000000 0.86600000 0.50000000
vn -0.50000000 0.75000000 0.43300000
vn -0.86600000 0.43300000 0.25000000
vn -1.00000000 -0.00000000 -0.00000000
vn -0.86600000 -0.43300000 -0.25000000
vn -0.50000000 -0.75000000 -0.43300000
vn -0.00000000 -0.86600000 -0.50000000
vn -0.00000000 -0.86600000 -0.50000000
vn 0.50000000 -0.75000000 -0.43300000
vn 0.86600000 -0.43300000 -0.25000000
vn 1.00000000 -0.00000000 -0.00000000
vn 0.86600000 0.43300000 0.25000000
vn 0.50000000 0.75000000 0.43300000
vn -0.00000000 0.86600000 0.50000000
vn -0.86600000 0.43300000 0.25000000
vn -1.00000000 -0.00000000 -0.00000000
vn -0.50000000 -0.75000000 -0.43300000
vn 0.50000000 -0.75000000 -0.43300000
vn -0.00000000 0.50000000 -0.86600000
vn 0.97580000 0.18940000 0.10940000
vn 0.97580000 0.18940000 0.10940000
vn -0.00000000 -0.50000000 0.86600000
vn -0.00000000 0.50000000 -0.86600000
vn -0.00000000 0.86600000 0.50000000
vn 0.97580000 0.18940000 0.10940000
vn -0.00000000 0.86600000 0.50000000
vn 0.97580000 0.18940000 0.10940000
vn -0.00000000 -0.50000000 0.86600000
vn -0.98720000 0.13810000 0.07970000
vn -0.00000000 0.50000000 -0.86600000
vn -0.00000000 -0.50000000 0.86600000
vn -0.98720000 0.13810000 0.07970000
vn -0.09220000 0.86230000 0.49790000
vn -0.00000000 0.50000000 -0.86600000
vn -0.09210000 0.86230000 0.49790000
vn -0.00000000 -0.50000000 0.86600000
vn -0.95980000 0.24310000 0.14040000
vn -0.00000000 0.50000000 -0.86600000
vn -0.00000000 -0.50000000 0.86600000
vn -0.95980000 0.24310000 0.14040000
vn -0.00000000 0.50000000 -0.86600000
vn -0.79410000 0.52640000 0.30390000
vn -0.41590000 0.78760000 0.45470000
vn -0.00000000 0.50000000 -0.86600000
vn -0.00000000 -0.50000000 0.86600000
vn -0.41580000 0.78760000 0.45470000
vn -0.79410000 0.52640000 0.30390000
vn -0.00000000 -0.50000000 0.86600000
vn 0.99400000 -0.09480000 -0.05470000
vn -0.00000000 0.50000000 -0.86600000
vn -0.00000000 0.50000000 -0.86600000
vn 1.00000000 -0.00000000 -0.00000000
vn 1.00000000 -0.00000000 -0.00000000
vn -0.00000000 -0.50000000 0.86600000
vn -0.00000000 -0.50000000 0.86600000
vn 0.99400000 -0.09480000 -0.05470000
vn -0.08870000 -0.86260000 -0.49800000
vn -0.00000000 0.50000000 -0.86600000
vn -0.00000000 -0.50000000 0.86600000
vn -0.08870000 -0.86260000 -0.49800000
vn -0.00000000 -0.50000000 0.86600000
vn -1.00000000 -0.00000000 -0.00000000
vn -1.00000000 -0.00000000 -0.00000000
vn -0.00000000 0.50000000 -0.86600000
vn -0.00000000 0.50000000 -0.86600000
vn 0.08870000 -0.86260000 -0.49800000
vn 0.08870000 -0.86260000 -0.49800000
vn -0.00000000 -0.50000000 0.86600000
vn -0.99400000 -0.09480000 -0.05470000
vn -0.00000000 0.50000000 -0.86600000
vn -0.99400000 -0.09480000 -0.05470000
vn -0.00000000 -0.50000000 0.86600000
vn -0.00000000 0.50000000 -0.86600000
vn 0.86310000 -0.43730000 -0.25250000
vn 0.43900000 -0.77810000 -0.44930000
vn -0.00000000 0.50000000 -0.86600000
vn 0.43900000 -0.77810000 -0.44930000
vn -0.00000000 -0.50000000 0.86600000
vn 0.86310000 -0.43740000 -0.25250000
vn -0.00000000 -0.50000000 0.86600000
vn -0.00000000 0.50000000 -0.86600000
vn -0.43900000 -0.77810000 -0.44930000
vn -0.00000000 0.50000000 -0.86600000
vn -0.86310000 -0.43740000 -0.25250000
vn -0.00000000 -0.50000000 0.86600000
vn -0.86310000 -0.43730000 -0.25250000
vn -0.43900000 -0.77810000 -0.44930000
vn -0.00000000 -0.50000000 0.86600000
vn -0.14910000 0.80130000 0.57940000
vn -0.00000000 0.50000000 -0.86600000
vn 0.99880000 0.04200000 0.02430000
vn 0.05310000 0.80970000 0.58440000
vn -0.00000000 0.50000000 -0.86600000
vn -0.99880000 -0.04200000 -0.02430000
vn 0.15270000 0.85590000 0.49410000
vn -0.99880000 -0.04200000 -0.02430000
vn 0.99880000 0.04200000 0.02430000
vn -0.24740000 0.83910000 0.48450000
vn -0.00000000 0.50000000 -0.86600000
vn 0.99880000 0.04200000 0.02430000
vn 0.04850000 -0.86500000 -0.49940000
vn -0.00000000 0.50000000 -0.86600000
vn 0.04850000 -0.86500000 -0.49940000
vn -0.99880000 -0.04200000 -0.02430000
vn 0.04850000 -0.86500000 -0.49940000
vn -0.99880000 -0.04200000 -0.02430000
vn 0.99880000 0.04200000 0.02430000
vn 0.04850000 -0.86500000 -0.49940000
vn 0.99930000 0.03310000 0.01910000
vn -0.24740000 0.83910000 0.48450000
vn 0.99930000 0.03310000 0.01910000
vn -0.00000000 0.50000000 -0.86600000
vn -0.14890000 0.80120000 0.57950000
vn -0.99930000 -0.03310000 -0.01910000
vn 0.05310000 0.80970000 0.58440000
vn -0.00000000 0.50000000 -0.86600000
vn -0.99930000 -0.03310000 -0.01910000
vn 0.15270000 0.85590000 0.49410000
vn 0.99060000 0.11830000 0.06830000
vn 0.99060000 0.11830000 0.06830000
vn -0.00000000 0.50000000 -0.86600000
vn -0.00000000 0.50000000 -0.86600000
vn -0.99820000 0.05220000 0.03010000
vn -0.99820000 0.05220000 0.03010000
vn -0.00000000 0.50000000 -0.86600000
vn -0.04820000 0.86500000 0.49940000
vn -0.04820000 0.86500000 0.49940000
vn 0.67580000 0.63830000 0.36850000
vn 0.97230000 0.20250000 0.11690000
vn 0.14630000 0.85670000 0.49460000
vn 0.67580000 0.63830000 0.36850000
vn -0.00000000 0.50000000 -0.86600000
vn 0.14630000 0.85670000 0.49460000
vn 0.67580000 0.63830000 0.36850000
vn 0.97230000 0.20250000 0.11690000
vn -0.00000000 0.50000000 -0.86600000
vn 0.67580000 0.63830000 0.36850000
vn -0.00000000 0.50000000 -0.86600000
vn -0.73710000 0.58520000 0.33790000
vn -0.98740000 0.13700000 0.07910000
vn -0.73710000 0.58520000 0.33790000
vn -0.00000000 0.50000000 -0.86600000
vn -0.24080000 0.84050000 0.48530000
vn -0.73710000 0.58520000 0.33790000
vn -0.98740000 0.13700000 0.07910000
vn -0.73710000 0.58520000 0.33790000
vn -0.24080000 0.84050000 0.48530000
vn -0.09480000 -0.64320000 -0.75980000
vn -0.00000000 -0.50000000 0.86600000
vn -0.09480000 -0.64320000 -0.75980000
vn -0.00000000 -0.50000000 0.86600000
vn -0.99190000 0.08220000 0.09710000
vn -0.00000000 -0.50000000 0.86600000
vn 0.09090000 0.64340000 0.76010000
vn -0.00000000 -0.50000000 0.86600000
vn 0.99660000 -0.05290000 -0.06250000
vn -0.09850000 -0.86180000 -0.49760000
vn -0.09090000 -0.64340000 -0.76010000
vn -0.09090000 -0.64340000 -0.76010000
vn -0.09850000 -0.86180000 -0.49760000
vn -0.99660000 0.05290000 0.06250000
vn -0.99510000 0.08530000 0.04930000
vn 0.09850000 0.86180000 0.49760000
vn 0.09480000 0.64320000 0.75980000
vn 0.99510000 -0.08530000 -0.04930000
vn 0.99190000 -0.08220000 -0.09710000
vn -0.09850000 -0.86180000 -0.49760000
vn -0.09850000 -0.86180000 -0.49760000
vn -0.09850000 -0.86180000 -0.49760000
vn -0.09850000 -0.86180000 -0.49760000
vn -0.99510000 0.08530000 0.04930000
vn -0.99510000 0.08530000 0.04930000
vn 0.09850000 0.86180000 0.49760000
vn 0.09850000 0.86180000 0.49760000
vn 0.99510000 -0.08530000 -0.04930000
vn 0.99510000 -0.08530000 -0.04930000
vn -0.99510000 -0.08530000 -0.04930000
vn -0.00000000 -0.50000000 0.86600000
vn -0.00000000 -0.50000000 0.86600000
vn -0.09850000 0.86180000 0.49760000
vn -0.00000000 -0.50000000 0.86600000
vn 0.99510000 0.08530000 0.04930000
vn 0.09850000 -0.86180000 -0.49760000
vn -0.00000000 -0.50000000 0.86600000
vn -0.00000000 0.50000000 -0.86600000
vn -0.99510000 0.08530000 0.04930000
vn -0.09850000 -0.86180000 -0.49760000
vn -0.09850000 -0.86180000 -0.49760000
vn -0.00000000 0.50000000 -0.86600000
vn 0.99510000 -0.08530000 -0.04930000
vn -0.00000000 0.50000000 -0.86600000
vn -0.00000000 0.50000000 -0.86600000
vn 0.09850000 0.86180000 0.49760000
vn -0.09850000 -0.86180000 -0.49760000
vn -0.09850000 -0.86180000 -0.49760000
vn -0.00000000 -0.50000000 0.86600000
vn -0.00000000 -0.50000000 0.86600000
vn -0.99510000 0.08530000 0.04930000
vn -0.00000000 -0.50000000 0.86600000
vn 0.09850000 0.86180000 0.49760000
vn -0.00000000 -0.50000000 0.86600000
vn 0.99510000 -0.08530000 -0.04930000
vn -0.09850000 0.86180000 0.49760000
vn -0.00000000 0.50000000 -0.86600000
vn -0.99510000 -0.08530000 -0.04930000
vn -0.00000000 0.50000000 -0.86600000
vn 0.09850000 -0.86180000 -0.49760000
vn -0.00000000 0.50000000 -0.86600000
vn -0.00000000 0.50000000 -0.86600000
vn 0.99510000 0.08530000 0.04930000
vn -0.00000000 -0.50000000 0.86600000
vn -0.88170000 -0.40860000 -0.23590000
vn -0.47190000 -0.76360000 -0.44080000
vn -0.00000000 -0.50000000 0.86600000
vn -0.47190000 0.76350000 0.44080000
vn -0.00000000 -0.50000000 0.86600000
vn -0.00000000 -0.50000000 0.86600000
vn -0.88170000 0.40860000 0.23590000
vn -0.00000000 -0.50000000 0.86600000
vn 0.88170000 0.40860000 0.23590000
vn 0.47190000 0.76360000 0.44080000
vn -0.00000000 -0.50000000 0.86600000
vn -0.00000000 -0.50000000 0.86600000
vn 0.47190000 -0.76350000 -0.44080000
vn 0.88170000 -0.40860000 -0.23590000
vn -0.00000000 -0.50000000 0.86600000
vn -0.88170000 0.40860000 0.23590000
vn -0.00000000 0.50000000 -0.86600000
vn -0.47190000 0.76360000 0.44080000
vn -0.00000000 0.50000000 -0.86600000
vn -0.47190000 -0.76360000 -0.44080000
vn -0.00000000 0.50000000 -0.86600000
vn -0.00000000 0.50000000 -0.86600000
vn -0.88170000 -0.40860000 -0.23590000
vn -0.00000000 0.50000000 -0.86600000
vn 0.88170000 -0.40860000 -0.23590000
vn 0.47190000 -0.76360000 -0.44080000
vn -0.00000000 0.50000000 -0.86600000
vn 0.47190000 0.76360000 0.44080000
vn -0.00000000 0.50000000 -0.86600000
vn -0.00000000 0.50000000 -0.86600000
vn 0.88170000 0.40860000 0.23590000
vn -0.99660000 -0.05290000 -0.06250000
vn -0.00000000 -0.50000000 0.86600000
vn -0.00000000 -0.50000000 0.86600000
vn -0.09090000 0.64340000 0.76010000
vn 0.99190000 0.08220000 0.09710000
vn -0.00000000 -0.50000000 0.86600000
vn 0.09480000 -0.64320000 -0.75980000
vn -0.00000000 -0.50000000 0.86600000
vn -0.99190000 -0.08220000 -0.09710000
vn -0.99510000 -0.08530000 -0.04930000
vn -0.09850000 0.86180000 0.49760000
vn -0.09480000 0.64320000 0.75980000
vn 0.99660000 0.05290000 0.06250000
vn 0.99510000 0.08530000 0.04930000
vn 0.09090000 -0.64340000 -0.76010000
vn 0.09850000 -0.86180000 -0.49760000
vn -0.99510000 -0.08530000 -0.04930000
vn -0.99510000 -0.08530000 -0.04930000
vn -0.09850000 0.86180000 0.49760000
vn -0.09850000 0.86180000 0.49760000
vn 0.99510000 0.08530000 0.04930000
vn 0.99510000 0.08530000 0.04930000
vn 0.09850000 -0.86180000 -0.49760000
vn 0.09850000 -0.86180000 -0.49760000
vn -0.00000000 -0.50000000 0.86600000
vn -0.47740000 -0.56770000 -0.67070000
vn -0.89750000 -0.28490000 -0.33660000
vn -0.00000000 -0.50000000 0.86600000
vn -0.84080000 0.34970000 0.41310000
vn -0.00000000 -0.50000000 0.86600000
vn -0.00000000 -0.50000000 0.86600000
vn -0.42620000 0.58450000 0.69050000
vn -0.00000000 -0.50000000 0.86600000
vn 0.42620000 0.58450000 0.69050000
vn 0.84080000 0.34970000 0.41310000
vn -0.00000000 -0.50000000 0.86600000
vn -0.00000000 -0.50000000 0.86600000
vn 0.89750000 -0.28490000 -0.33660000
vn -0.00000000 -0.50000000 0.86600000
vn 0.47740000 -0.56770000 -0.67070000
vn -0.47190000 -0.76360000 -0.44080000
vn -0.42620000 -0.58450000 -0.69050000
vn -0.88170000 -0.40860000 -0.23590000
vn -0.84080000 -0.34970000 -0.41320000
vn -0.89750000 0.28490000 0.33660000
vn -0.88170000 0.40860000 0.23590000
vn -0.47190000 0.76360000 0.44080000
vn -0.47740000 0.56770000 0.67070000
vn 0.47190000 0.76360000 0.44080000
vn 0.47740000 0.56770000 0.67070000
vn 0.89750000 0.28490000 0.33660000
vn 0.88170000 0.40860000 0.23590000
vn 0.88170000 -0.40860000 -0.23590000
vn 0.84080000 -0.34970000 -0.41310000
vn 0.47190000 -0.76360000 -0.44080000
vn 0.42620000 -0.58450000 -0.69050000
vn -0.88170000 -0.40860000 -0.23590000
vn -0.88170000 -0.40860000 -0.23590000
vn -0.47190000 -0.76360000 -0.44080000
vn -0.47190000 -0.76360000 -0.44080000
vn -0.47190000 0.76360000 0.44080000
vn -0.47190000 0.76360000 0.44080000
vn -0.88170000 0.40860000 0.23590000
vn -0.88170000 0.40860000 0.23590000
vn 0.88170000 0.40860000 0.23590000
vn 0.88170000 0.40860000 0.23590000
vn 0.47190000 0.76360000 0.44080000
vn 0.47190000 0.76360000 0.44080000
vn 0.47190000 -0.76360000 -0.44080000
vn 0.47190000 -0.76360000 -0.44080000
vn 0.88170000 -0.40860000 -0.23590000
vn 0.88170000 -0.40860000 -0.23590000
vn 1.00000000 -0.00000000 -0.00000000
vn -0.00000000 0.50000000 -0.86600000
vn -0.00000000 0.50000000 -0.86600000
vn 0.86600000 0.43300000 0.25000000
vn 0.50000000 0.75000000 0.43300000
vn -0.00000000 0.50000000 -0.86600000
vn -0.00000000 0.86600000 0.50000000
vn -0.00000000 0.50000000 -0.86600000
vn -0.50000000 0.75000000 0.43300000
vn -0.00000000 0.50000000 -0.86600000
vn -0.50000000 0.75000000 0.43300000
vn -0.00000000 0.50000000 -0.86600000
vn -0.86600000 0.43300000 0.25000000
vn -1.00000000 -0.00000000 -0.00000000
vn -0.00000000 0.50000000 -0.86600000
vn -0.00000000 0.50000000 -0.86600000
vn -0.86600000 -0.43300000 -0.25000000
vn -0.86600000 -0.43300000 -0.25000000
vn -0.50000000 -0.75000000 -0.43300000
vn -0.00000000 0.50000000 -0.86600000
vn -0.00000000 -0.86600000 -0.50000000
vn -0.00000000 -0.86600000 -0.50000000
vn -0.00000000 0.50000000 -0.86600000
vn -0.00000000 -0.86600000 -0.50000000
vn -0.00000000 -0.86600000 -0.50000000
vn -0.00000000 0.50000000 -0.86600000
vn 0.50000000 -0.75000000 -0.43300000
vn 0.86600000 -0.43300000 -0.25000000
vn -0.00000000 0.50000000 -0.86600000
vn 0.86600000 -0.43300000 -0.25000000
vn -0.00000000 -0.50000000 0.86600000
vn 0.97580000 0.18940000 0.10940000
vn 0.97580000 0.18940000 0.10940000
vn -0.00000000 -0.50000000 0.86600000
vn -0.00000000 0.86600000 0.50000000
vn -0.00000000 0.50000000 -0.86600000
vn -0.00000000 0.86600000 0.50000000
vn 0.97580000 0.18940000 0.10940000
vn -0.00000000 0.50000000 -0.86600000
vn 0.97580000 0.18940000 0.10940000
vn -0.98720000 0.13810000 0.07970000
vn -0.00000000 -0.50000000 0.86600000
vn -0.00000000 0.50000000 -0.86600000
vn -0.98720000 0.13810000 0.07970000
vn -0.95980000 0.24310000 0.14040000
vn -0.00000000 0.50000000 -0.86600000
vn -0.95980000 0.24310000 0.14030000
vn -0.00000000 -0.50000000 0.86600000
vn -0.95980000 0.24310000 0.14040000
vn -0.09210000 0.86230000 0.49790000
vn -0.00000000 0.50000000 -0.86600000
vn -0.41580000 0.78760000 0.45470000
vn -0.00000000 0.50000000 -0.86600000
vn -0.79410000 0.52640000 0.30390000
vn -0.00000000 0.50000000 -0.86600000
vn -0.00000000 -0.50000000 0.86600000
vn -0.09220000 0.86230000 0.49790000
vn -0.00000000 -0.50000000 0.86600000
vn -0.79410000 0.52640000 0.30390000
vn -0.41590000 0.78760000 0.45470000
vn -0.00000000 -0.50000000 0.86600000
vn -0.00000000 -0.50000000 0.86600000
vn 0.99400000 -0.09480000 -0.05470000
vn -0.00000000 -0.50000000 0.86600000
vn 1.00000000 -0.00000000 -0.00000000
vn -0.00000000 0.50000000 -0.86600000
vn 1.00000000 -0.00000000 -0.00000000
vn -0.00000000 0.50000000 -0.86600000
vn 0.99400000 -0.09480000 -0.05470000
vn -0.99400000 -0.09480000 -0.05470000
vn -0.00000000 -0.50000000 0.86600000
vn -0.99400000 -0.09480000 -0.05470000
vn -0.00000000 0.50000000 -0.86600000
vn -0.00000000 0.50000000 -0.86600000
vn -1.00000000 -0.00000000 -0.00000000
vn -0.00000000 -0.50000000 0.86600000
vn -1.00000000 -0.00000000 -0.00000000
vn 0.08870000 -0.86260000 -0.49800000
vn -0.00000000 -0.50000000 0.86600000
vn 0.08870000 -0.86260000 -0.49800000
vn -0.00000000 0.50000000 -0.86600000
vn -0.00000000 0.50000000 -0.86600000
vn -0.08870000 -0.86260000 -0.49800000
vn -0.00000000 -0.50000000 0.86600000
vn -0.08870000 -0.86260000 -0.49800000
vn -0.00000000 0.50000000 -0.86600000
vn 0.43900000 -0.77810000 -0.44930000
vn 0.86310000 -0.43740000 -0.25250000
vn -0.00000000 0.50000000 -0.86600000
vn -0.00000000 0.50000000 -0.86600000
vn -0.86310000 -0.43730000 -0.25250000
vn -0.43900000 -0.77810000 -0.44930000
vn -0.00000000 0.50000000 -0.86600000
vn 0.86310000 -0.43730000 -0.25250000
vn -0.00000000 -0.50000000 0.86600000
vn 0.43900000 -0.77810000 -0.44930000
vn -0.00000000 -0.50000000 0.86600000
vn -0.00000000 -0.50000000 0.86600000
vn -0.43900000 -0.77810000 -0.44930000
vn -0.00000000 -0.50000000 0.86600000
vn -0.86310000 -0.43740000 -0.25250000
vn -0.99880000 -0.04200000 -0.02430000
vn 0.04850000 -0.86500000 -0.49940000
vn -0.00000000 -0.50000000 0.86600000
vn -0.00000000 -0.50000000 0.86600000
vn 0.04850000 -0.86500000 -0.49940000
vn 0.99880000 0.04200000 0.02430000
vn -0.00000000 -0.50000000 0.86600000
vn -0.14910000 0.90240000 0.40430000
vn 0.99880000 0.04200000 0.02430000
vn -0.99880000 -0.04200000 -0.02430000
vn -0.00000000 -0.50000000 0.86600000
vn 0.05310000 0.91100000 0.40900000
vn 0.99930000 0.03310000 0.01910000
vn -0.14890000 0.90250000 0.40410000
vn -0.00000000 -0.50000000 0.86600000
vn 0.05310000 0.91100000 0.40910000
vn -0.00000000 -0.50000000 0.86600000
vn -0.99930000 -0.03310000 -0.01910000
vn 0.99060000 0.11830000 0.06830000
vn -0.00000000 -0.50000000 0.86600000
vn -0.99820000 0.05220000 0.03010000
vn -0.00000000 -0.50000000 0.86600000
vn 0.14630000 0.85670000 0.49460000
vn -0.00000000 -0.50000000 0.86600000
vn 0.67580000 0.63830000 0.36850000
vn -0.00000000 -0.50000000 0.86600000
vn -0.04820000 0.86500000 0.49940000
vn -0.00000000 -0.50000000 0.86600000
vn -0.73710000 0.58520000 0.33790000
vn -0.24080000 0.84050000 0.48530000
vn 0.67580000 0.63830000 0.36850000
vn 0.97230000 0.20250000 0.11690000
vn -0.00000000 -0.50000000 0.86600000
vn -0.00000000 -0.50000000 0.86600000
vn -0.98740000 0.13700000 0.07910000
vn -0.73710000 0.58520000 0.33790000
vn -0.99510000 -0.08530000 -0.04930000
vn -0.00000000 -0.50000000 0.86600000
vn -0.00000000 0.50000000 -0.86600000
vn -0.99510000 -0.08530000 -0.04930000
vn -0.00000000 0.50000000 -0.86600000
vn -0.99510000 0.08530000 0.04930000
vn -0.00000000 -0.50000000 0.86600000
vn -0.99510000 0.08530000 0.04930000
vn -0.09850000 0.86180000 0.49760000
vn -0.00000000 -0.50000000 0.86600000
vn -0.09850000 0.86180000 0.49760000
vn -0.00000000 0.50000000 -0.86600000
vn 0.09850000 0.86180000 0.49760000
vn -0.00000000 0.50000000 -0.86600000
vn 0.09850000 0.86180000 0.49760000
vn -0.00000000 -0.50000000 0.86600000
vn -0.00000000 -0.50000000 0.86600000
vn 0.99510000 0.08530000 0.04930000
vn 0.99510000 0.08530000 0.04930000
vn -0.00000000 0.50000000 -0.86600000
vn -0.00000000 0.50000000 -0.86600000
vn 0.99510000 -0.08530000 -0.04930000
vn 0.99510000 -0.08530000 -0.04930000
vn -0.00000000 -0.50000000 0.86600000
vn 0.09850000 -0.86180000 -0.49760000
vn -0.00000000 -0.50000000 0.86600000
vn -0.00000000 0.50000000 -0.86600000
vn 0.09850000 -0.86180000 -0.49760000
vn -0.09850000 -0.86180000 -0.49760000
vn -0.00000000 0.50000000 -0.86600000
vn -0.09850000 -0.86180000 -0.49760000
vn -0.09850000 -0.86180000 -0.49760000
vn -0.00000000 -0.50000000 0.86600000
vn -0.09850000 -0.86180000 -0.49760000
vn -0.99660000 -0.08050000 -0.01460000
vn -0.00000000 0.50000000 -0.86600000
vn -0.99510000 -0.08530000 -0.04930000
vn -0.99190000 -0.12520000 -0.02260000
vn -0.99660000 0.08050000 0.01460000
vn -0.99510000 0.08530000 0.04930000
vn -0.99190000 0.12520000 0.02260000
vn -0.00000000 0.50000000 -0.86600000
vn -0.09090000 0.98000000 0.17720000
vn -0.00000000 0.50000000 -0.86600000
vn -0.09850000 0.86180000 0.49760000
vn -0.09480000 0.97960000 0.17710000
vn 0.09850000 0.86180000 0.49760000
vn 0.09480000 0.97960000 0.17710000
vn -0.00000000 0.50000000 -0.86600000
vn 0.09090000 0.98000000 0.17720000
vn 0.99190000 0.12520000 0.02260000
vn -0.00000000 0.50000000 -0.86600000
vn 0.99660000 0.08050000 0.01460000
vn 0.99510000 0.08530000 0.04930000
vn 0.99190000 -0.12520000 -0.02260000
vn 0.99510000 -0.08530000 -0.04930000
vn 0.99660000 -0.08050000 -0.01460000
vn -0.00000000 0.50000000 -0.86600000
vn -0.00000000 0.50000000 -0.86600000
vn 0.09480000 -0.97960000 -0.17710000
vn 0.09090000 -0.98000000 -0.17720000
vn 0.09850000 -0.86180000 -0.49760000
vn -0.09850000 -0.86180000 -0.49760000
vn -0.09090000 -0.98000000 -0.17720000
vn -0.09090000 -0.98000000 -0.17720000
vn -0.09850000 -0.86180000 -0.49760000
vn -0.09480000 -0.97960000 -0.17710000
vn -0.09480000 -0.97960000 -0.17710000
vn -0.00000000 0.50000000 -0.86600000
vn -0.88170000 -0.40860000 -0.23590000
vn -0.00000000 -0.50000000 0.86600000
vn -0.00000000 0.50000000 -0.86600000
vn -0.88170000 -0.40860000 -0.23590000
vn -0.00000000 0.50000000 -0.86600000
vn -0.88170000 0.40860000 0.23590000
vn -0.00000000 -0.50000000 0.86600000
vn -0.88170000 0.40860000 0.23590000
vn 0.47190000 0.76360000 0.44080000
vn -0.00000000 0.50000000 -0.86600000
vn 0.47190000 0.76360000 0.44080000
vn -0.00000000 -0.50000000 0.86600000
vn 0.88170000 -0.40860000 -0.23590000
vn -0.00000000 0.50000000 -0.86600000
vn -0.00000000 -0.50000000 0.86600000
vn 0.88170000 -0.40860000 -0.23590000
vn -0.47190000 -0.76360000 -0.44080000
vn -0.00000000 -0.50000000 0.86600000
vn -0.47190000 -0.76360000 -0.44080000
vn -0.00000000 0.50000000 -0.86600000
vn -0.00000000 0.50000000 -0.86600000
vn -0.47190000 0.76350000 0.44080000
vn -0.47190000 0.76360000 0.44080000
vn -0.00000000 -0.50000000 0.86600000
vn 0.88170000 0.40860000 0.23590000
vn -0.00000000 0.50000000 -0.86600000
vn -0.00000000 -0.50000000 0.86600000
vn 0.88170000 0.40860000 0.23590000
vn -0.00000000 0.50000000 -0.86600000
vn 0.47190000 -0.76350000 -0.44080000
vn 0.47190000 -0.76360000 -0.44080000
vn -0.00000000 -0.50000000 0.86600000
vn -0.00000000 0.50000000 -0.86600000
vn -0.89750000 -0.43390000 -0.07840000
vn -0.84080000 -0.53270000 -0.09630000
vn -0.88170000 -0.40860000 -0.23590000
vn -0.89750000 0.43390000 0.07840000
vn -0.88170000 0.40860000 0.23590000
vn -0.00000000 0.50000000 -0.86600000
vn -0.84080000 0.53270000 0.09630000
vn 0.47190000 0.76360000 0.44080000
vn 0.47740000 0.86470000 0.15630000
vn -0.00000000 0.50000000 -0.86600000
vn 0.42620000 0.89020000 0.16090000
vn 0.84080000 -0.53270000 -0.09630000
vn 0.88170000 -0.40860000 -0.23590000
vn -0.00000000 0.50000000 -0.86600000
vn 0.89750000 -0.43390000 -0.07840000
vn -0.00000000 0.50000000 -0.86600000
vn -0.47740000 -0.86470000 -0.15630000
vn -0.42620000 -0.89020000 -0.16090000
vn -0.47190000 -0.76360000 -0.44080000
vn -0.47190000 0.76360000 0.44080000
vn -0.47740000 0.86470000 0.15630000
vn -0.42620000 0.89020000 0.16090000
vn -0.00000000 0.50000000 -0.86600000
vn 0.89750000 0.43390000 0.07840000
vn 0.88170000 0.40860000 0.23590000
vn -0.00000000 0.50000000 -0.86600000
vn 0.84080000 0.53270000 0.09630000
vn 0.47190000 -0.76360000 -0.44080000
vn 0.42620000 -0.89020000 -0.16090000
vn 0.47740000 -0.86470000 -0.15630000
vn -0.00000000 0.50000000 -0.86600000
vn -0.00000000 0.50000000 -0.86600000
vn 1.00000000 -0.00000000 -0.00000000
vn -0.00000000 0.50000000 -0.86600000
vn 0.86600000 0.43300000 0.25000000
vn -0.00000000 0.50000000 -0.86600000
vn 0.50000000 0.75000000 0.43300000
vn -0.00000000 0.86600000 0.50000000
vn -0.00000000 0.50000000 -0.86600000
vn -0.50000000 0.75000000 0.43300000
vn -0.00000000 0.50000000 -0.86600000
vn -0.86600000 0.43300000 0.25000000
vn -0.00000000 0.50000000 -0.86600000
vn -1.00000000 -0.00000000 -0.00000000
vn -0.00000000 0.50000000 -0.86600000
vn -0.86600000 -0.43300000 -0.25000000
vn -0.00000000 0.50000000 -0.86600000
vn -0.50000000 -0.75000000 -0.43300000
vn -0.00000000 0.50000000 -0.86600000
vn -0.00000000 -0.86600000 -0.50000000
vn -0.00000000 -0.86600000 -0.50000000
vn -0.00000000 0.50000000 -0.86600000
vn 0.50000000 -0.75000000 -0.43300000
vn -0.00000000 0.50000000 -0.86600000
vn 0.86600000 -0.43300000 -0.25000000
vn -0.00000000 0.50000000 -0.86600000
vn -0.00000000 -0.50000000 0.86600000
vn 1.00000000 -0.00000000 -0.00000000
vn -0.00000000 -0.50000000 0.86600000
vn 0.86600000 0.43300000 0.25000000
vn -0.00000000 -0.50000000 0.86600000
vn 0.50000000 0.75000000 0.43300000
vn -0.00000000 -0.50000000 0.86600000
vn -0.00000000 0.86600000 0.50000000
vn -0.00000000 -0.50000000 0.86600000
vn -0.50000000 0.75000000 0.43300000
vn -0.00000000 -0.50000000 0.86600000
vn -0.86600000 0.43300000 0.25000000
vn -0.00000000 -0.50000000 0.86600000
vn -1.00000000 -0.00000000 -0.00000000
vn -0.00000000 -0.50000000 0.86600000
vn -0.86600000 -0.43300000 -0.25000000
vn -0.00000000 -0.50000000 0.86600000
vn -0.50000000 -0.75000000 -0.43300000
vn -0.00000000 -0.50000000 0.86600000
vn -0.00000000 -0.86600000 -0.50000000
vn -0.00000000 -0.86600000 -0.50000000
vn -0.00000000 -0.50000000 0.86600000
vn 0.50000000 -0.75000000 -0.43300000
vn -0.00000000 -0.50000000 0.86600000
vn 0.86600000 -0.43300000 -0.25000000
vn 1.00000000 -0.00000000 -0.00000000
vn -0.00000000 0.50000000 -0.86600000
vn -0.00000000 -0.50000000 0.86600000
vn 1.00000000 -0.00000000 -0.00000000
vn -0.00000000 0.50000000 -0.86600000
vn 1.00000000 -0.00000000 -0.00000000
vn -0.00000000 -0.50000000 0.86600000
vn 1.00000000 -0.00000000 -0.00000000
vn -0.00000000 0.50000000 -0.86600000
vn -1.00000000 -0.00000000 -0.00000000
vn -1.00000000 -0.00000000 -0.00000000
vn -0.00000000 -0.50000000 0.86600000
vn -0.00000000 0.50000000 -0.86600000
vn -1.00000000 -0.00000000 -0.00000000
vn -1.00000000 -0.00000000 -0.00000000
vn -0.00000000 -0.50000000 0.86600000
vn -0.00000000 0.50000000 -0.86600000
vn 1.00000000 -0.00000000 -0.00000000
vn 0.86600000 0.43300000 0.25000000
vn -0.00000000 0.50000000 -0.86600000
vn -0.00000000 0.50000000 -0.86600000
vn 0.50000000 0.75000000 0.43300000
vn -0.00000000 0.50000000 -0.86600000
vn -0.00000000 0.86600000 0.50000000
vn -0.50000000 0.75000000 0.43300000
vn -0.00000000 0.50000000 -0.86600000
vn -0.86600000 0.43300000 0.25000000
vn -0.00000000 0.50000000 -0.86600000
vn -1.00000000 -0.00000000 -0.00000000
vn -0.00000000 0.50000000 -0.86600000
vn -0.00000000 0.50000000 -0.86600000
vn -0.86600000 -0.43300000 -0.25000000
vn -0.50000000 -0.75000000 -0.43300000
vn -0.00000000 0.50000000 -0.86600000
vn -0.00000000 -0.86600000 -0.50000000
vn -0.00000000 -0.86600000 -0.50000000
vn -0.00000000 0.50000000 -0.86600000
vn -0.00000000 0.50000000 -0.86600000
vn 0.50000000 -0.75000000 -0.43300000
vn -0.00000000 0.50000000 -0.86600000
vn 0.86600000 -0.43300000 -0.25000000
vn 1.00000000 -0.00000000 -0.00000000
vn -0.00000000 -0.50000000 0.86600000
vn -0.00000000 -0.50000000 0.86600000
vn 0.86600000 0.43300000 0.25000000
vn -0.00000000 -0.50000000 0.86600000
vn 0.50000000 0.75000000 0.43300000
vn -0.00000000 0.86600000 0.50000000
vn -0.00000000 -0.50000000 0.86600000
vn -0.50000000 0.75000000 0.43300000
vn -0.00000000 -0.50000000 0.86600000
vn -0.00000000 -0.50000000 0.86600000
vn -0.86600000 0.43300000 0.25000000
vn -1.00000000 -0.00000000 -0.00000000
vn -0.00000000 -0.50000000 0.86600000
vn -0.00000000 -0.50000000 0.86600000
vn -0.86600000 -0.43300000 -0.25000000
vn -0.00000000 -0.50000000 0.86600000
vn -0.50000000 -0.75000000 -0.43300000
vn -0.00000000 -0.50000000 0.86600000
vn -0.00000000 -0.86600000 -0.50000000
vn -0.00000000 -0.86600000 -0.50000000
vn 0.50000000 -0.75000000 -0.43300000
vn -0.00000000 -0.50000000 0.86600000
vn -0.00000000 -0.50000000 0.86600000
vn 0.86600000 -0.43300000 -0.25000000
vn -0.00000000 0.50000000 -0.86600000
vn 1.00000000 -0.00000000 -0.00000000
vn -0.00000000 -0.50000000 0.86600000
vn 1.00000000 -0.00000000 -0.00000000
vn 1.00000000 -0.00000000 -0.00000000
vn -0.00000000 0.50000000 -0.86600000
vn 1.00000000 -0.00000000 -0.00000000
vn -0.00000000 -0.50000000 0.86600000
vn -1.00000000 -0.00000000 -0.00000000
vn -0.00000000 0.50000000 -0.86600000
vn -1.00000000 -0.00000000 -0.00000000
vn -0.00000000 -0.50000000 0.86600000
vn -1.00000000 -0.00000000 -0.00000000
vn -0.00000000 0.50000000 -0.86600000
vn -0.00000000 -0.50000000 0.86600000
vn -1.00000000 -0.00000000 -0.00000000
vn -0.00000000 0.50000000 -0.86600000
vn -1.00000000 -0.00000000 -0.00000000
vn -1.00000000 -0.00000000 -0.00000000
vn -0.00000000 -0.50000000 0.86600000
vn -0.00000000 0.50000000 -0.86600000
vn -1.00000000 -0.00000000 -0.00000000
vn -0.00000000 -0.50000000 0.86600000
vn -1.00000000 -0.00000000 -0.00000000
vn -0.00000000 0.50000000 -0.86600000
vn 1.00000000 -0.00000000 -0.00000000
vn 1.00000000 -0.00000000 -0.00000000
vn -0.00000000 -0.50000000 0.86600000
vn -0.00000000 0.50000000 -0.86600000
vn 1.00000000 -0.00000000 -0.00000000
vn -0.00000000 -0.50000000 0.86600000
vn 1.00000000 -0.00000000 -0.00000000
vn -0.00000000 0.50000000 -0.86600000
vn -1.00000000 -0.00000000 -0.00000000
vn -0.00010000 0.50000000 -0.86600000
vn -0.86600000 -0.43300000 -0.25000000
vn -0.50000000 -0.75000000 -0.43300000
vn -0.00000000 0.50000000 -0.86600000
vn -0.00000000 0.50000000 -0.86600000
vn -0.00000000 -0.86600000 -0.50000000
vn 0.50000000 -0.75000000 -0.43300000
vn -0.00000000 0.50000000 -0.86600000
vn -0.00000000 0.50000000 -0.86600000
vn 0.86600000 -0.43300000 -0.25000000
vn -0.00000000 0.50000000 -0.86600000
vn 1.00000000 -0.00000000 -0.00000000
vn -0.00010000 0.50000000 -0.86600000
vn 0.86600000 0.43300000 0.25000000
vn -0.00000000 0.50000000 -0.86600000
vn 0.50000000 0.75000000 0.43300000
vn -0.00000000 0.86600000 0.50000000
vn -0.00000000 0.86600000 0.50000000
vn -0.00000000 0.50000000 -0.86600000
vn -0.00000000 0.50000000 -0.86600000
vn -0.50000000 0.75000000 0.43300000
vn -0.86600000 0.43300000 0.25000000
vn 0.00010000 0.50000000 -0.86600000
vn -0.00000000 -0.50000000 0.86600000
vn -1.00000000 -0.00000000 -0.00000000
vn -0.86600000 -0.43300000 -0.25000000
vn -0.00000000 -0.50000000 0.86600000
vn -0.00000000 -0.50000000 0.86600000
vn -0.50000000 -0.75000000 -0.43300000
vn -0.00000000 -0.86600000 -0.50000000
vn -0.00000000 -0.50000000 0.86600000
vn 0.50000000 -0.75000000 -0.43300000
vn -0.00000000 -0.50000000 0.86600000
vn -0.00000000 -0.50000000 0.86600000
vn 0.86600000 -0.43300000 -0.25000000
vn 1.00000000 -0.00000000 -0.00000000
vn -0.00000000 -0.50000000 0.86600000
vn 0.86600000 0.43300000 0.25000000
vn -0.00000000 -0.50000000 0.86600000
vn -0.00000000 -0.50000000 0.86600000
vn 0.50000000 0.75000000 0.43300000
vn -0.00000000 0.86600000 0.50000000
vn -0.00000000 0.86600000 0.50000000
vn -0.00000000 -0.50000000 0.86600000
vn -0.50000000 0.75000000 0.43300000
vn -0.00000000 -0.50000000 0.86600000
vn -0.00000000 -0.50000000 0.86600000
vn -0.86600000 0.43300000 0.25000000
vn -0.00000000 0.50000000 -0.86600000
vn -1.00000000 -0.00000000 -0.00000000
vn -0.00000000 -0.50000000 0.86600000
vn -1.00000000 -0.00000000 -0.00000000
vn -0.00000000 0.50000000 -0.86600000
vn -1.00000000 -0.00000000 -0.00000000
vn -1.00000000 -0.00000000 -0.00000000
vn -0.00000000 -0.50000000 0.86600000
vn 1.00000000 -0.00000000 -0.00000000
vn -0.00000000 0.50000000 -0.86600000
vn -0.00000000 -0.50000000 0.86600000
vn 1.00000000 -0.00000000 -0.00000000
vn 1.00000000 -0.00000000 -0.00000000
vn -0.00000000 0.50000000 -0.86600000
vn -0.00000000 -0.50000000 0.86600000
vn 1.00000000 -0.00000000 -0.00000000
vn 1.00000000 -0.00000000 -0.00000000
vn -0.00000000 0.50000000 -0.86600000
vn 1.00000000 -0.00000000 -0.00000000
vn -0.00000000 -0.50000000 0.86600000
vn -0.00000000 0.50000000 -0.86600000
vn 1.00000000 -0.00000000 -0.00000000
vn -0.00000000 -0.50000000 0.86600000
vn 1.00000000 -0.00000000 -0.00000000
vn -1.00000000 -0.00000000 -0.00000000
vn -0.00000000 0.50000000 -0.86600000
vn -0.00000000 -0.50000000 0.86600000
vn -1.00000000 -0.00000000 -0.00000000
vn -0.00000000 0.50000000 -0.86600000
vn -1.00000000 -0.00000000 -0.00000000
vn -1.00000000 -0.00000000 -0.00000000
vn -0.00000000 -0.50000000 0.86600000
vn -0.00000000 0.50000000 -0.86600000
vn 1.00000000 -0.00000000 -0.00000000
vn 0.86600000 0.43300000 0.25000000
vn -0.00010000 0.50000000 -0.86600000
vn 0.50000000 0.75000000 0.43300000
vn -0.00000000 0.50000000 -0.86600000
vn -0.00000000 0.86600000 0.50000000
vn -0.00000000 0.50000000 -0.86600000
vn -0.00000000 0.50000000 -0.86600000
vn -0.50000000 0.75000000 0.43300000
vn -0.00000000 0.50000000 -0.86600000
vn -0.86600000 0.43300000 0.25000000
vn -1.00000000 -0.00000000 -0.00000000
vn -0.00000000 0.50000000 -0.86600000
vn -0.86600000 -0.43300000 -0.25000000
vn -0.00000000 0.50000000 -0.86600000
vn -0.50000000 -0.75000000 -0.43300000
vn -0.00000000 0.50000000 -0.86600000
vn -0.00000000 0.50000000 -0.86600000
vn -0.00000000 -0.86600000 -0.50000000
vn -0.00000000 -0.86600000 -0.50000000
vn -0.00000000 0.50000000 -0.86600000
vn 0.50000000 -0.75000000 -0.43300000
vn 0.86600000 -0.43300000 -0.25000000
vn -0.00000000 0.50000000 -0.86600000
vn 1.00000000 -0.00000000 -0.00000000
vn -0.00000000 -0.50000000 0.86600000
vn -0.00000000 -0.50000000 0.86600000
vn 0.86600000 0.43300000 0.25000000
vn 0.50000000 0.75000000 0.43300000
vn -0.00000000 -0.50000000 0.86600000
vn -0.00000000 0.86600000 0.50000000
vn -0.00000000 -0.50000000 0.86600000
vn -0.00000000 -0.50000000 0.86600000
vn -0.50000000 0.75000000 0.43300000
vn -0.86600000 0.43300000 0.25000000
vn -0.00000000 -0.50000000 0.86600000
vn -1.00000000 -0.00000000 -0.00000000
vn -0.00000000 -0.50000000 0.86600000
vn -0.86600000 -0.43300000 -0.25000000
vn -0.00000000 -0.50000000 0.86600000
vn -0.50000000 -0.75000000 -0.43300000
vn -0.00000000 -0.50000000 0.86600000
vn -0.00000000 -0.50000000 0.86600000
vn -0.00000000 -0.86600000 -0.50000000
vn -0.00000000 -0.86600000 -0.50000000
vn -0.00000000 -0.50000000 0.86600000
vn 0.50000000 -0.75000000 -0.43300000
vn -0.00000000 -0.50000000 0.86600000
vn 0.86600000 -0.43300000 -0.25000000
vn -0.00000000 0.50000000 -0.86600000
vn 1.00000000 -0.00000000 -0.00000000
vn -0.00000000 -0.50000000 0.86600000
vn 1.00000000 -0.00000000 -0.00000000
vn 1.00000000 -0.00000000 -0.00000000
vn -0.00000000 0.50000000 -0.86600000
vn 1.00000000 -0.00000000 -0.00000000
vn -0.00000000 -0.50000000 0.86600000
vn -0.00000000 0.50000000 -0.86600000
vn -1.00000000 -0.00000000 -0.00000000
vn -1.00000000 -0.00000000 -0.00000000
vn -0.00000000 -0.50000000 0.86600000
vn -1.00000000 -0.00000000 -0.00000000
vn -0.00000000 0.50000000 -0.86600000
vn -0.00000000 -0.50000000 0.86600000
vn -1.00000000 -0.00000000 -0.00000000
vn -1.00000000 -0.00000000 -0.00000000
vn -0.00000000 0.50000000 -0.86600000
vn -0.00000000 -0.50000000 0.86600000
vn -1.00000000 -0.00000000 -0.00000000
vn -0.00000000 0.50000000 -0.86600000
vn -1.00000000 -0.00000000 -0.00000000
vn -1.00000000 -0.00000000 -0.00000000
vn -0.00000000 -0.50000000 0.86600000
vn -0.00000000 0.50000000 -0.86600000
vn 1.00000000 -0.00000000 -0.00000000
vn 1.00000000 -0.00000000 -0.00000000
vn -0.00000000 -0.50000000 0.86600000
vn -0.00000000 0.50000000 -0.86600000
vn 1.00000000 -0.00000000 -0.00000000
vn -0.00000000 -0.50000000 0.86600000
vn 1.00000000 -0.00000000 -0.00000000
vn -0.00000000 0.50000000 -0.86600000
vn -1.00000000 -0.00000000 -0.00000000
vn -0.86600000 -0.43300000 -0.25000000
vn -0.00000000 0.50000000 -0.86600000
vn -0.00000000 0.50000000 -0.86600000
vn -0.50000000 -0.75000000 -0.43300000
vn -0.00000000 0.50000000 -0.86600000
vn -0.00000000 -0.86600000 -0.50000000
vn 0.50000000 -0.75000000 -0.43300000
vn -0.00000000 0.50000000 -0.86600000
vn 0.86600000 -0.43300000 -0.25000000
vn -0.00000000 0.50000000 -0.86600000
vn 1.00000000 -0.00000000 -0.00000000
vn -0.00000000 0.50000000 -0.86600000
vn -0.00000000 0.50000000 -0.86600000
vn 0.86600000 0.43300000 0.25000000
vn 0.50000000 0.75000000 0.43300000
vn -0.00000000 0.50000000 -0.86600000
vn -0.00000000 0.50000000 -0.86600000
vn -0.00000000 0.86600000 0.50000000
vn -0.00000000 0.86600000 0.50000000
vn -0.50000000 0.75000000 0.43300000
vn -0.00000000 0.50000000 -0.86600000
vn -0.00000000 0.50000000 -0.86600000
vn -0.86600000 0.43300000 0.25000000
vn -0.00000000 -0.50000000 0.86600000
vn -1.00000000 -0.00000000 -0.00000000
vn -0.00000000 -0.50000000 0.86600000
vn -0.86600000 -0.43300000 -0.25000000
vn -0.00000000 -0.50000000 0.86600000
vn -0.50000000 -0.75000000 -0.43300000
vn -0.00000000 -0.86600000 -0.50000000
vn -0.00000000 -0.50000000 0.86600000
vn 0.50000000 -0.75000000 -0.43300000
vn -0.00000000 -0.50000000 0.86600000
vn 0.86600000 -0.43300000 -0.25000000
vn -0.00000000 -0.50000000 0.86600000
vn 1.00000000 -0.00000000 -0.00000000
vn -0.00000000 -0.50000000 0.86600000
vn 0.86600000 0.43300000 0.25000000
vn -0.00000000 -0.50000000 0.86600000
vn -0.00000000 -0.50000000 0.86600000
vn 0.50000000 0.75000000 0.43300000
vn -0.00000000 0.86600000 0.50000000
vn -0.00000000 0.86600000 0.50000000
vn -0.00000000 -0.50000000 0.86600000
vn -0.00000000 -0.50000000 0.86600000
vn -0.50000000 0.75000000 0.43300000
vn 0.00010000 -0.50000000 0.86600000
vn -0.86600000 0.43300000 0.25000000
vn -1.00000000 -0.00000000 -0.00000000
vn -0.00000000 0.50000000 -0.86600000
vn -0.00000000 -0.50000000 0.86600000
vn -1.00000000 -0.00000000 -0.00000000
vn -0.00000000 0.50000000 -0.86600000
vn -1.00000000 -0.00000000 -0.00000000
vn -1.00000000 -0.00000000 -0.00000000
vn -0.00000000 -0.50000000 0.86600000
vn 1.00000000 -0.00000000 -0.00000000
vn -0.00000000 0.50000000 -0.86600000
vn -0.00000000 -0.50000000 0.86600000
vn 1.00000000 -0.00000000 -0.00000000
vn -0.00000000 0.50000000 -0.86600000
vn 1.00000000 -0.00000000 -0.00000000
vn 1.00000000 -0.00000000 -0.00000000
vn -0.00000000 -0.50000000 0.86600000
vn -0.00000000 -0.86600000 -0.50000000
vn 1.00000000 -0.00000000 -0.00000000
vn -0.00000000 0.50000000 -0.86600000
vn -0.00000000 -0.86600000 -0.50000000
vn -0.00000000 -0.50000000 0.86600000
vn 1.00000000 -0.00000000 -0.00000000
vn -0.00000000 0.86600000 0.50000000
vn -0.00000000 0.50000000 -0.86600000
vn 1.00000000 -0.00000000 -0.00000000
vn -0.00000000 0.86600000 0.50000000
vn -0.00000000 -0.50000000 0.86600000
vn 1.00000000 -0.00000000 -0.00000000
vn -0.00000000 0.50000000 -0.86600000
vn -0.00000000 -0.86600000 -0.50000000
vn -1.00000000 -0.00000000 -0.00000000
vn -1.00000000 -0.00000000 -0.00000000
vn -0.00000000 -0.86600000 -0.50000000
vn -0.00000000 -0.50000000 0.86600000
vn -1.00000000 -0.00000000 -0.00000000
vn -0.00000000 0.86600000 0.50000000
vn -0.00000000 0.50000000 -0.86600000
vn -1.00000000 -0.00000000 -0.00000000
vn -0.00000000 -0.50000000 0.86600000
vn -0.00000000 0.86600000 0.50000000
vn 1.00000000 -0.00000000 -0.00000000
vn -0.00000000 -0.50000000 0.86600000
vn -0.00000000 0.86600000 0.50000000
vn -0.00000000 -0.50000000 0.86600000
vn 1.00000000 -0.00000000 -0.00000000
vn -0.00000000 -0.86600000 -0.50000000
vn -0.00000000 0.50000000 -0.86600000
vn 1.00000000 -0.00000000 -0.00000000
vn -0.00000000 -0.86600000 -0.50000000
vn 1.00000000 -0.00000000 -0.00000000
vn -0.00000000 0.50000000 -0.86600000
vn -0.00000000 0.86600000 0.50000000
vn -0.00000000 -0.50000000 0.86600000
vn -0.00000000 0.86600000 0.50000000
vn -1.00000000 -0.00000000 -0.00000000
vn -1.00000000 -0.00000000 -0.00000000
vn -0.00000000 0.86600000 0.50000000
vn -0.00000000 0.50000000 -0.86600000
vn -0.00000000 -0.86600000 -0.50000000
vn -1.00000000 -0.00000000 -0.00000000
vn -0.00000000 0.50000000 -0.86600000
vn -1.00000000 -0.00000000 -0.00000000
vn -0.00000000 -0.86600000 -0.50000000
vn -0.00000000 -0.50000000 0.86600000
vn 1.00000000 -0.00000000 -0.00000000
vn -0.00000000 -0.50000000 0.86600000
vn -0.00000000 0.86600000 0.50000000
vn -0.00000000 -0.86600000 -0.50000000
vn 1.00000000 -0.00000000 -0.00000000
vn -0.00000000 -0.50000000 0.86600000
vn 1.00000000 -0.00000000 -0.00000000
vn -0.00000000 0.50000000 -0.86600000
vn -0.00000000 -0.86600000 -0.50000000
vn -0.00000000 0.86600000 0.50000000
vn -0.00000000 0.50000000 -0.86600000
vn 1.00000000 -0.00000000 -0.00000000
vn -0.00000000 0.86600000 0.50000000
vn -1.00000000 -0.00000000 -0.00000000
vn -0.00000000 -0.50000000 0.86600000
vn -0.00000000 0.86600000 0.50000000
vn -1.00000000 -0.00000000 -0.00000000
vn -0.00000000 0.50000000 -0.86600000
vn -0.00000000 -0.86600000 -0.50000000
vn -1.00000000 -0.00000000 -0.00000000
vn -0.00000000 0.50000000 -0.86600000
vn -1.00000000 -0.00000000 -0.00000000
vn -0.00000000 -0.86600000 -0.50000000
vn -0.00000000 -0.50000000 0.86600000
vn -0.00000000 0.50000000 -0.86600000
vn 1.00000000 -0.00000000 -0.00000000
vn -0.00000000 -0.86600000 -0.50000000
vn 1.00000000 -0.00000000 -0.00000000
vn -0.00000000 -0.86600000 -0.50000000
vn -0.00000000 -0.50000000 0.86600000
vn -0.00000000 0.50000000 -0.86600000
vn -0.00000000 0.86600000 0.50000000
vn 1.00000000 -0.00000000 -0.00000000
vn -0.00000000 0.86600000 0.50000000
vn 1.00000000 -0.00000000 -0.00000000
vn -0.00000000 -0.50000000 0.86600000
vn -1.00000000 -0.00000000 -0.00000000
vn -0.00000000 -0.86600000 -0.50000000
vn -0.00000000 0.50000000 -0.86600000
vn -0.00000000 -0.50000000 0.86600000
vn -0.00000000 -0.86600000 -0.50000000
vn -1.00000000 -0.00000000 -0.00000000
vn -0.00000000 0.50000000 -0.86600000
vn -0.00000000 0.86600000 0.50000000
vn -1.00000000 -0.00000000 -0.00000000
vn -1.00000000 -0.00000000 -0.00000000
vn -0.00000000 -0.50000000 0.86600000
vn -0.00000000 0.86600000 0.50000000
vn 1.00000000 -0.00000000 -0.00000000
vn -0.00000000 0.86600000 0.50000000
vn -0.00000000 -0.50000000 0.86600000
vn -0.00000000 -0.50000000 0.86600000
vn 1.00000000 -0.00000000 -0.00000000
vn -0.00000000 -0.86600000 -0.50000000
vn -0.00000000 -0.86600000 -0.50000000
vn 1.00000000 -0.00000000 -0.00000000
vn -0.00000000 0.50000000 -0.86600000
vn -0.00000000 0.50000000 -0.86600000
vn -0.00000000 0.86600000 0.50000000
vn 1.00000000 -0.00000000 -0.00000000
vn -0.00000000 0.86600000 0.50000000
vn -0.00000000 -0.50000000 0.86600000
vn -1.00000000 -0.00000000 -0.00000000
vn -0.00000000 0.50000000 -0.86600000
vn -0.00000000 0.86600000 0.50000000
vn -1.00000000 -0.00000000 -0.00000000
vn -0.00000000 0.50000000 -0.86600000
vn -0.00000000 -0.86600000 -0.50000000
vn -1.00000000 -0.00000000 -0.00000000
vn -1.00000000 -0.00000000 -0.00000000
vn -0.00000000 -0.86600000 -0.50000000
vn -0.00000000 -0.50000000 0.86600000
vn -0.00000000 -0.50000000 0.86600000
vn 1.00000000 -0.00000000 -0.00000000
vn -0.00000000 0.86600000 0.50000000
vn -0.00000000 -0.86600000 -0.50000000
vn -0.00000000 -0.50000000 0.86600000
vn 1.00000000 -0.00000000 -0.00000000
vn -0.00000000 0.50000000 -0.86600000
vn -0.00000000 -0.86600000 -0.50000000
vn 1.00000000 -0.00000000 -0.00000000
vn -0.00000000 0.50000000 -0.86600000
vn 1.00000000 -0.00000000 -0.00000000
vn -0.00000000 0.86600000 0.50000000
vn -0.00000000 -0.50000000 0.86600000
vn -0.00000000 0.86600000 0.50000000
vn -1.00000000 -0.00000000 -0.00000000
vn -0.00000000 0.86600000 0.50000000
vn -1.00000000 -0.00000000 -0.00000000
vn -0.00000000 0.50000000 -0.86600000
vn -1.00000000 -0.00000000 -0.00000000
vn -0.00000000 0.50000000 -0.86600000
vn -0.00000000 -0.86600000 -0.50000000
vn -0.00000000 -0.50000000 0.86600000
vn -0.00000000 -0.86600000 -0.50000000
vn -1.00000000 -0.00000000 -0.00000000
vn -0.00000000 0.50000000 -0.86600000
vn 1.00000000 -0.00000000 -0.00000000
vn -0.00000000 -0.86600000 -0.50000000
vn -0.00000000 -0.50000000 0.86600000
vn -0.00000000 -0.86600000 -0.50000000
vn 1.00000000 -0.00000000 -0.00000000
vn 1.00000000 -0.00000000 -0.00000000
vn -0.00000000 0.50000000 -0.86600000
vn -0.00000000 0.86600000 0.50000000
vn -0.00000000 -0.50000000 0.86600000
vn -0.00000000 0.86600000 0.50000000
vn 1.00000000 -0.00000000 -0.00000000
vn -1.00000000 -0.00000000 -0.00000000
vn -0.00000000 -0.86600000 -0.50000000
vn -0.00000000 0.50000000 -0.86600000
vn -0.00000000 -0.86600000 -0.50000000
vn -0.00000000 -0.50000000 0.86600000
vn -1.00000000 -0.00000000 -0.00000000
vn -0.00000000 0.50000000 -0.86600000
vn -1.00000000 -0.00000000 -0.00000000
vn -0.00000000 0.86600000 0.50000000
vn -1.00000000 -0.00000000 -0.00000000
vn -0.00000000 0.86600000 0.50000000
vn -0.00000000 -0.50000000 0.86600000
vn -0.00000000 0.86600000 0.50000000
vn 1.00000000 -0.00000000 -0.00000000
vn -0.00000000 -0.50000000 0.86600000
vn -0.00000000 -0.86600000 -0.50000000
vn -0.00000000 -0.50000000 0.86600000
vn 1.00000000 -0.00000000 -0.00000000
vn -0.00000000 0.50000000 -0.86600000
vn -0.00000000 -0.86600000 -0.50000000
vn 1.00000000 -0.00000000 -0.00000000
vn -0.00000000 0.86600000 0.50000000
vn -0.00000000 0.50000000 -0.86600000
vn 1.00000000 -0.00000000 -0.00000000
vn -0.00000000 0.86600000 0.50000000
vn -0.00000000 -0.50000000 0.86600000
vn -1.00000000 -0.00000000 -0.00000000
vn -1.00000000 -0.00000000 -0.00000000
vn -0.00000000 0.86600000 0.50000000
vn -0.00000000 0.50000000 -0.86600000
vn -0.00000000 0.50000000 -0.86600000
vn -0.00000000 -0.86600000 -0.50000000
vn -1.00000000 -0.00000000 -0.00000000
vn -0.00000000 -0.50000000 0.86600000
vn -1.00000000 -0.00000000 -0.00000000
vn -0.00000000 -0.86600000 -0.50000000
vn -0.00000000 0.86600000 0.50000000
vn -0.00000000 -0.50000000 0.86600000
vn 1.00000000 -0.00000000 -0.00000000
vn -0.00000000 -0.50000000 0.86600000
vn -0.00000000 -0.86600000 -0.50000000
vn 1.00000000 -0.00000000 -0.00000000
vn -0.00000000 0.50000000 -0.86600000
vn -0.00000000 -0.86600000 -0.50000000
vn 1.00000000 -0.00000000 -0.00000000
vn 1.00000000 -0.00000000 -0.00000000
vn -0.00000000 0.86600000 0.50000000
vn -0.00000000 0.50000000 -0.86600000
vn -0.00000000 -0.50000000 0.86600000
vn -0.00000000 0.86600000 0.50000000
vn -1.00000000 -0.00000000 -0.00000000
vn -0.00000000 0.50000000 -0.86600000
vn -0.00000000 0.86600000 0.50000000
vn -1.00000000 -0.00000000 -0.00000000
vn -0.00000000 0.50000000 -0.86600000
vn -0.00000000 -0.86600000 -0.50000000
vn -1.00000000 -0.00000000 -0.00000000
vn -0.00000000 -0.50000000 0.86600000
vn -1.00000000 -0.00000000 -0.00000000
vn -0.00000000 -0.86600000 -0.50000000
vt 0.34489300 0.30708500
vt 0.34561300 0.30682100
vt 0.34633200 0.30655700
vt 0.34705100 0.30629300
vt 0.34777000 0.30602900
vt 0.34849000 0.30576500
vt 0.34920900 0.30550100
vt 0.34992800 0.30523700
vt 0.35064800 0.30497300
vt 0.35136700 0.30470900
vt 0.34273500 0.30787700
vt 0.34345500 0.30761300
vt 0.34417400 0.30734900
vt 0.34649800 0.31145800
vt 0.34721700 0.31119400
vt 0.34793600 0.31093000
vt 0.34865600 0.31066600
vt 0.35009400 0.31013800
vt 0.35081300 0.30987400
vt 0.35225200 0.30934600
vt 0.34505900 0.31198600
vt 0.18825000 0.55742100
vt 0.10019800 0.36389400
vt 0.10057800 0.36322900
vt 0.17738500 0.55459500
vt 0.18639900 0.54916300
vt 0.18519800 0.06536300
vt 0.09284900 0.35969700
vt 0.18549600 0.06606800
vt 0.09322900 0.35903200
vt 0.17553400 0.56285400
vt 0.19731000 0.06025500
vt 0.17976600 0.55742100
vt 0.16890200 0.55459500
vt 0.19760700 0.06096000
vt 0.18862800 0.06391600
vt 0.18267700 0.54916300
vt 0.18892500 0.06462000
vt 0.17181200 0.56285400
vt 0.19094900 0.06293600
vt 0.18086700 0.55060600
vt 0.17000200 0.56141000
vt 0.19124600 0.06364100
vt 0.18121400 0.54980500
vt 0.19014400 0.06327600
vt 0.18943300 0.06357600
vt 0.18181800 0.54932300
vt 0.17095300 0.56269300
vt 0.18973000 0.06428100
vt 0.19044100 0.06398100
vt 0.17035000 0.56221200
vt 0.84053800 0.59090900
vt 0.30560300 0.55781100
vt 0.30890600 0.55872300
vt 0.83736300 0.59219900
vt 0.83707500 0.59149000
vt 0.43428800 0.37368900
vt 0.43277900 0.37061200
vt 0.84025000 0.59020100
vt 0.84298700 0.58991500
vt 0.30492700 0.55562700
vt 0.43050800 0.37035200
vt 0.84269900 0.58920600
vt 0.43125500 0.37499700
vt 0.84766500 0.58718900
vt 0.84795300 0.58789800
vt 0.30963000 0.55550000
vt 0.30478000 0.55615700
vt 0.84247800 0.59012200
vt 0.84219000 0.58941300
vt 0.43100200 0.37011000
vt 0.84492700 0.58912700
vt 0.30648200 0.55463100
vt 0.84463900 0.58841800
vt 0.42981700 0.37206500
vt 0.30498400 0.55748100
vt 0.84118800 0.59064500
vt 0.84175900 0.59041300
vt 0.30470900 0.55693000
vt 0.84147100 0.58970500
vt 0.43174800 0.36989700
vt 0.84090000 0.58993600
vt 0.43234000 0.37006400
vt 0.30526200 0.55492800
vt 0.84370600 0.58962300
vt 0.30578100 0.55459500
vt 0.84427700 0.58939100
vt 0.42965200 0.37138200
vt 0.84398900 0.58868200
vt 0.84341800 0.58891400
vt 0.42988300 0.37081100
vt 0.71083200 0.42965200
vt 0.00653200 0.67790800
vt 0.70700000 0.17976600
vt 0.71248500 0.43309700
vt 0.00621600 0.67410600
vt 0.78275200 0.06596900
vt 0.71042600 0.43410500
vt 0.78501500 0.06631200
vt 0.70696200 0.18217000
vt 0.70875900 0.43063400
vt 0.00624800 0.67793100
vt 0.70670000 0.17978000
vt 0.35764500 0.46786300
vt 0.00593200 0.67413000
vt 0.35383500 0.46767800
vt 0.78279500 0.06568800
vt 0.35372500 0.46996400
vt 0.78505700 0.06603000
vt 0.70696200 0.18218900
vt 0.35753500 0.47014900
vt 0.20985100 0.56592300
vt 0.70909600 0.43133300
vt 0.21130800 0.56638600
vt 0.44837700 0.52336900
vt 0.71047100 0.43067600
vt 0.20984200 0.57100300
vt 0.71146100 0.43274100
vt 0.44619600 0.52408200
vt 0.20838500 0.57054000
vt 0.71009000 0.43340700
vt 0.20967400 0.56648100
vt 0.21113100 0.56694400
vt 0.44820100 0.52281000
vt 0.44601900 0.52352400
vt 0.21001900 0.57044400
vt 0.20856200 0.56998200
vt 0.44676700 0.52208000
vt 0.21057700 0.56868900
vt 0.20912000 0.56822600
vt 0.20947900 0.56709500
vt 0.20947900 0.56709500
vt 0.20931700 0.56760500
vt 0.20931700 0.56760500
vt 0.44741500 0.52200200
vt 0.21077400 0.56806700
vt 0.21077400 0.56806700
vt 0.21093600 0.56755800
vt 0.44789000 0.52224600
vt 0.21093600 0.56755800
vt 0.44594900 0.52288000
vt 0.21021500 0.56982800
vt 0.21021500 0.56982800
vt 0.21037900 0.56931300
vt 0.44619600 0.52240000
vt 0.21037900 0.56931300
vt 0.20875800 0.56936500
vt 0.20875800 0.56936500
vt 0.20892100 0.56885000
vt 0.20892100 0.56885000
vt 0.01136500 0.80554400
vt 0.31743300 0.62633700
vt 0.01652300 0.80559300
vt 0.31669600 0.62715800
vt 0.01264000 0.80580500
vt 0.31751700 0.62789500
vt 0.01395000 0.80593100
vt 0.31825400 0.62707400
vt 0.01523300 0.80571100
vt 0.01136500 0.76287200
vt 0.01652200 0.76291400
vt 0.01136500 0.76287200
vt 0.01652200 0.76291400
vt 0.01261500 0.76313100
vt 0.01261500 0.76313100
vt 0.01395000 0.76326000
vt 0.01395000 0.76326000
vt 0.01526700 0.76305200
vt 0.01526700 0.76305200
vt 0.06504600 0.06178700
vt 0.06025700 0.06123700
vt 0.01637400 0.76104500
vt 0.01162600 0.76102300
vt 0.06154100 0.06113700
vt 0.01286200 0.76127900
vt 0.06266500 0.06115100
vt 0.01397200 0.76139500
vt 0.01508800 0.76120700
vt 0.06377800 0.06147300
vt 0.34570800 0.09443000
vt 0.31600500 0.62594500
vt 0.31630400 0.62858500
vt 0.34587300 0.09749000
vt 0.31894400 0.62828700
vt 0.34603700 0.10054900
vt 0.34620200 0.10360800
vt 0.31864600 0.62564700
vt 0.34276000 0.63705000
vt 0.34290000 0.09606400
vt 0.34339500 0.10524200
vt 0.34273500 0.09300500
vt 0.34370600 0.63953300
vt 0.34323000 0.10218300
vt 0.34618900 0.63858800
vt 0.34524300 0.63610500
vt 0.34306500 0.09912300
vt 0.34562300 0.09284900
vt 0.34628200 0.10508600
vt 0.31721800 0.62525500
vt 0.31561300 0.62737200
vt 0.34578800 0.09590900
vt 0.31773100 0.62897700
vt 0.34595200 0.09896800
vt 0.31933600 0.62685900
vt 0.34611700 0.10202700
vt 0.34298500 0.09764500
vt 0.34376300 0.63608000
vt 0.34282100 0.09458600
vt 0.34273500 0.63853000
vt 0.34331500 0.10376400
vt 0.34518600 0.63955800
vt 0.34621400 0.63710800
vt 0.34315000 0.10070500
vt 0.31625600 0.62544500
vt 0.34567800 0.09387200
vt 0.34565300 0.09340800
vt 0.31666100 0.62521500
vt 0.34584300 0.09693200
vt 0.31580400 0.62833400
vt 0.31557400 0.62793000
vt 0.34581800 0.09646700
vt 0.31869300 0.62878700
vt 0.34600700 0.09999100
vt 0.34598200 0.09952600
vt 0.31828900 0.62901700
vt 0.31914500 0.62589800
vt 0.34617200 0.10305000
vt 0.34614700 0.10258500
vt 0.31937500 0.62630200
vt 0.34293100 0.09662200
vt 0.34287900 0.63650400
vt 0.34295500 0.09708700
vt 0.34321300 0.63618000
vt 0.34276600 0.09356300
vt 0.34315900 0.63941500
vt 0.34283600 0.63908000
vt 0.34279100 0.09402800
vt 0.34607000 0.63913400
vt 0.34326000 0.10274100
vt 0.34328500 0.10320600
vt 0.34573600 0.63945800
vt 0.34309500 0.09968200
vt 0.34579000 0.63622400
vt 0.34611300 0.63655800
vt 0.34312000 0.10014600
vt 0.01216400 0.80567300
vt 0.31682600 0.62668200
vt 0.31704100 0.62776400
vt 0.01344200 0.80592600
vt 0.01475800 0.80583500
vt 0.31812300 0.62755000
vt 0.01603000 0.80559600
vt 0.31790900 0.62646800
vt 0.01213100 0.76301200
vt 0.01213100 0.76301200
vt 0.01344200 0.76325400
vt 0.01344200 0.76325400
vt 0.01478100 0.76316000
vt 0.01478100 0.76316000
vt 0.01603100 0.76293300
vt 0.01603100 0.76293300
vt 0.01239900 0.76117600
vt 0.06106300 0.06118300
vt 0.01352100 0.76138900
vt 0.06221900 0.06110300
vt 0.06332000 0.06132700
vt 0.01462300 0.76129600
vt 0.06455800 0.06169000
vt 0.01587900 0.76108100
vt 0.31715400 0.62631700
vt 0.01165000 0.80556100
vt 0.01188800 0.80560600
vt 0.31695200 0.62643200
vt 0.01291400 0.80587000
vt 0.31667600 0.62743700
vt 0.31679100 0.62763900
vt 0.01315100 0.80591000
vt 0.31779500 0.62791400
vt 0.01424500 0.80592500
vt 0.01448500 0.80589200
vt 0.31799800 0.62780000
vt 0.31827300 0.62679500
vt 0.01550900 0.80565200
vt 0.31815800 0.62659300
vt 0.01574600 0.80561300
vt 0.01163900 0.76290100
vt 0.01163900 0.76290100
vt 0.01186200 0.76294500
vt 0.01186200 0.76294500
vt 0.01290000 0.76319600
vt 0.01290000 0.76319600
vt 0.01314600 0.76323600
vt 0.01314600 0.76323600
vt 0.01424400 0.76325100
vt 0.01424400 0.76325100
vt 0.01449300 0.76321800
vt 0.01449300 0.76321800
vt 0.01553600 0.76299200
vt 0.01553600 0.76299200
vt 0.01575800 0.76295400
vt 0.01575800 0.76295400
vt 0.06078200 0.06121700
vt 0.01213200 0.76110900
vt 0.01190300 0.76106400
vt 0.06054100 0.06123300
vt 0.06198300 0.06109400
vt 0.01328700 0.76137100
vt 0.06178900 0.06110600
vt 0.01310000 0.76133700
vt 0.06308500 0.06124500
vt 0.01438800 0.76135100
vt 0.06289800 0.06119200
vt 0.01420600 0.76138200
vt 0.06427600 0.06163100
vt 0.01559400 0.76110700
vt 0.01536000 0.76114600
vt 0.06404500 0.06156500
vt 0.34845600 0.31679400
vt 0.32977100 0.63250000
vt 0.32957300 0.63176000
vt 0.34917500 0.31653000
vt 0.34989400 0.31626600
vt 0.32903100 0.63121800
vt 0.35061400 0.31600200
vt 0.32829100 0.63102000
vt 0.35133300 0.31573800
vt 0.32755100 0.63121800
vt 0.34937500 0.31040200
vt 0.32700900 0.63176000
vt 0.35205200 0.31547400
vt 0.35277100 0.31521000
vt 0.32681100 0.63250000
vt 0.32700900 0.63324000
vt 0.35349100 0.31494600
vt 0.35153300 0.30961000
vt 0.35421000 0.31468200
vt 0.32755100 0.63378200
vt 0.34629800 0.31758500
vt 0.35492900 0.31441800
vt 0.32829100 0.63398000
vt 0.34434000 0.31225000
vt 0.35297100 0.30908200
vt 0.32903100 0.63378200
vt 0.34701700 0.31732100
vt 0.34773700 0.31705700
vt 0.32957300 0.63324000
vt 0.34577900 0.31172200
vt 0.19911400 0.54916300
vt 0.04940600 0.88596600
vt 0.04395800 0.89244300
vt 0.19726300 0.55742100
vt 0.99645700 0.07528500
vt 0.20812800 0.52743400
vt 0.99621500 0.07601100
vt 0.04454400 0.89293600
vt 0.20997900 0.53569200
vt 0.04999100 0.88645900
vt 0.98399000 0.07112000
vt 0.19063100 0.54916300
vt 0.20149500 0.53569200
vt 0.98374800 0.07184600
vt 0.99029500 0.07403300
vt 0.20259600 0.52887700
vt 0.99029500 0.07403300
vt 0.19173200 0.55597800
vt 0.99053800 0.07330800
vt 0.99268500 0.07483100
vt 0.20440600 0.52743400
vt 0.99185600 0.07455500
vt 0.20354700 0.52759400
vt 0.99112400 0.07431000
vt 0.20294400 0.52807500
vt 0.19354100 0.55742100
vt 0.99292700 0.07410600
vt 0.19207900 0.55678000
vt 0.99136600 0.07358400
vt 0.99209800 0.07382900
vt 0.19268200 0.55726100
vt 0.36753800 0.39227600
vt 0.42206000 0.27973200
vt 0.36923400 0.39525300
vt 0.42346000 0.28286000
vt 0.39518800 0.13569100
vt 0.42415800 0.28254700
vt 0.39225100 0.13392500
vt 0.42275800 0.27942000
vt 0.42012400 0.27540900
vt 0.36467100 0.39391000
vt 0.42082200 0.27509600
vt 0.39395100 0.13109700
vt 0.39675000 0.13278000
vt 0.41948600 0.27211500
vt 0.36628800 0.39674700
vt 0.41878800 0.27242800
vt 0.42120400 0.27782100
vt 0.36573300 0.39188500
vt 0.42190300 0.27750900
vt 0.39190200 0.13211200
vt 0.39218500 0.13164000
vt 0.42167800 0.27700700
vt 0.36525500 0.39215700
vt 0.42097900 0.27731900
vt 0.39162600 0.13283700
vt 0.42222000 0.27821700
vt 0.42247100 0.27877900
vt 0.39174200 0.13344100
vt 0.39328500 0.13087500
vt 0.42110900 0.27573700
vt 0.42136100 0.27629900
vt 0.39269600 0.13105600
vt 0.42177300 0.27909100
vt 0.36706600 0.39175700
vt 0.42152100 0.27852900
vt 0.36646400 0.39162600
vt 0.36465900 0.39265500
vt 0.42066200 0.27661100
vt 0.36446500 0.39323900
vt 0.42041100 0.27604900
vt 0.78732000 0.06637200
vt 0.35361400 0.47224900
vt 0.35361400 0.47224900
vt 0.35742400 0.47243400
vt 0.35742400 0.47243400
vt 0.70730900 0.17979100
vt 0.35741000 0.47271900
vt 0.70670000 0.43164200
vt 0.70701100 0.17976600
vt 0.78727700 0.06665400
vt 0.35360000 0.47253400
vt 0.70835300 0.43508600
vt 0.20839400 0.56546000
vt 0.70772500 0.43199900
vt 0.53522400 0.45723500
vt 0.70871500 0.43406400
vt 0.53296800 0.45681400
vt 0.20692800 0.57007700
vt 0.20821600 0.56601800
vt 0.53512200 0.45781200
vt 0.20710500 0.56951900
vt 0.53286600 0.45739100
vt 0.20786000 0.56714200
vt 0.53444900 0.45871700
vt 0.20786000 0.56714200
vt 0.53379700 0.45872400
vt 0.20766200 0.56776300
vt 0.53318800 0.45848100
vt 0.20746400 0.56838800
vt 0.20746400 0.56838800
vt 0.20802100 0.56663200
vt 0.20802100 0.56663200
vt 0.53488800 0.45841200
vt 0.53288100 0.45803700
vt 0.20730100 0.56890200
vt 0.20730100 0.56890200
vt 0.99513100 0.71994100
vt 0.29970800 0.64224200
vt 0.30022900 0.60162800
vt 0.99237200 0.71907600
vt 0.29946600 0.60036000
vt 0.99192900 0.72048800
vt 0.29931600 0.64366900
vt 0.99468800 0.72135300
vt 0.99421500 0.72286400
vt 0.30000700 0.64488200
vt 0.99145600 0.72199900
vt 0.29980200 0.59900600
vt 0.99101300 0.72341100
vt 0.30107100 0.59824300
vt 0.99377200 0.72427600
vt 0.30143400 0.64527400
vt 0.30264700 0.64458400
vt 0.99329900 0.72578700
vt 0.99053900 0.72492200
vt 0.30242500 0.59857900
vt 0.30318800 0.59984700
vt 0.99009700 0.72633500
vt 0.99285600 0.72720000
vt 0.30303900 0.64315700
vt 0.99238200 0.72871100
vt 0.30234900 0.64194400
vt 0.30285100 0.60120200
vt 0.98962300 0.72784500
vt 0.99284600 0.71756500
vt 0.30158300 0.60196500
vt 0.98918000 0.72925800
vt 0.99560500 0.71843000
vt 0.30092100 0.64155200
vt 0.99193900 0.73012300
vt 0.06567200 0.01692000
vt 0.30082000 0.60069700
vt 0.06103800 0.05932800
vt 0.06103800 0.05932800
vt 0.06153400 0.05926700
vt 0.06153400 0.05926700
vt 0.06614700 0.01684200
vt 0.30056600 0.60027400
vt 0.06691800 0.01681500
vt 0.30073400 0.59959700
vt 0.06238400 0.05924500
vt 0.06238400 0.05924500
vt 0.06289700 0.05929900
vt 0.06289700 0.05929900
vt 0.30115700 0.59934300
vt 0.06740600 0.01686800
vt 0.06815500 0.01705700
vt 0.30183400 0.59951100
vt 0.06372200 0.05950100
vt 0.06372200 0.05950100
vt 0.06419500 0.05966500
vt 0.06419500 0.05966500
vt 0.06860300 0.01723400
vt 0.30208800 0.59993400
vt 0.30192000 0.60061000
vt 0.06935500 0.01743900
vt 0.06494800 0.05987300
vt 0.06494800 0.05987300
vt 0.06543300 0.05994900
vt 0.06025500 0.05937200
vt 0.06543300 0.05994900
vt 0.06025500 0.05937200
vt 0.06984500 0.01749500
vt 0.06489500 0.01695600
vt 0.30149700 0.60086500
vt 0.99529800 0.71940700
vt 0.29995900 0.64174200
vt 0.30060600 0.60204100
vt 0.99253900 0.71854200
vt 0.29927700 0.59983400
vt 0.99176200 0.72102200
vt 0.29927700 0.64422700
vt 0.99452100 0.72188700
vt 0.99084600 0.72394500
vt 0.30159700 0.59805400
vt 0.99360500 0.72481000
vt 0.30199200 0.64531400
vt 0.98992900 0.72686800
vt 0.30337700 0.60037400
vt 0.30307800 0.64259900
vt 0.99268800 0.72773300
vt 0.99543700 0.71896300
vt 0.30036400 0.64151200
vt 0.99267800 0.71809800
vt 0.30105700 0.60215400
vt 0.29938900 0.59938200
vt 0.99162300 0.72146600
vt 0.99438200 0.72233000
vt 0.29950700 0.64463100
vt 0.99070700 0.72438900
vt 0.30204800 0.59816600
vt 0.30239600 0.64508400
vt 0.99346600 0.72525400
vt 0.30326500 0.60082500
vt 0.98979000 0.72731200
vt 0.99254900 0.72817700
vt 0.30284800 0.64219500
vt 0.30100800 0.60090300
vt 0.06540300 0.01695400
vt 0.06076100 0.05936200
vt 0.06076100 0.05936200
vt 0.06182900 0.05923700
vt 0.06182900 0.05923700
vt 0.30047100 0.60001100
vt 0.06641400 0.01681000
vt 0.06319600 0.05934600
vt 0.06319600 0.05934600
vt 0.30142000 0.59924800
vt 0.06768100 0.01690800
vt 0.06445900 0.05975700
vt 0.06445900 0.05975700
vt 0.30218200 0.60019700
vt 0.06885800 0.01732400
vt 0.30123400 0.60095900
vt 0.06517400 0.01697100
vt 0.06053300 0.05937800
vt 0.06053300 0.05937800
vt 0.06208200 0.05922700
vt 0.06208200 0.05922700
vt 0.06664100 0.01679700
vt 0.30052700 0.59978500
vt 0.06344100 0.05941000
vt 0.06344100 0.05941000
vt 0.30164500 0.59930400
vt 0.06790000 0.01696900
vt 0.06467800 0.05982100
vt 0.06467800 0.05982100
vt 0.06907900 0.01738900
vt 0.30212600 0.60042200
vt 0.33014400 0.63250000
vt 0.01136500 0.74249200
vt 0.32989500 0.63157400
vt 0.01136500 0.74153300
vt 0.32921700 0.63089600
vt 0.01136500 0.74057400
vt 0.01136500 0.73961500
vt 0.32829100 0.63064800
vt 0.01136500 0.73865700
vt 0.32736500 0.63089600
vt 0.01136500 0.73769800
vt 0.32668700 0.63157400
vt 0.01136500 0.73673900
vt 0.32643800 0.63250000
vt 0.01136500 0.73578000
vt 0.32668700 0.63342700
vt 0.01136500 0.73482100
vt 0.32736500 0.63410500
vt 0.01136500 0.73386200
vt 0.01136500 0.74536900
vt 0.32829100 0.63435300
vt 0.01136500 0.74441000
vt 0.32921700 0.63410500
vt 0.01136500 0.74345100
vt 0.32989500 0.63342700
vt 0.32471100 0.63250000
vt 0.01239200 0.74249200
vt 0.32446300 0.63342700
vt 0.01239200 0.74153300
vt 0.32378500 0.63410500
vt 0.01239200 0.74057400
vt 0.32285900 0.63435300
vt 0.01239200 0.73961500
vt 0.32193200 0.63410500
vt 0.01239200 0.73865700
vt 0.32125400 0.63342700
vt 0.01239200 0.73769800
vt 0.32100600 0.63250000
vt 0.01239200 0.73673900
vt 0.32125400 0.63157400
vt 0.01239200 0.73578000
vt 0.32193200 0.63089600
vt 0.01239200 0.73482100
vt 0.32285900 0.63064800
vt 0.01239200 0.73386200
vt 0.01239200 0.74536900
vt 0.32378500 0.63089600
vt 0.01239200 0.74441000
vt 0.32446300 0.63157400
vt 0.01239200 0.74345100
vt 0.36446500 0.64457000
vt 0.33730300 0.63152700
vt 0.33492300 0.63152700
vt 0.36776600 0.64457000
vt 0.33882900 0.63417600
vt 0.36446500 0.64151200
vt 0.33339700 0.63417600
vt 0.36776600 0.64151200
vt 0.33882900 0.63064800
vt 0.35903200 0.64151200
vt 0.36233400 0.64151200
vt 0.33339700 0.63064800
vt 0.34035500 0.63329700
vt 0.35903200 0.64457000
vt 0.36233400 0.64457000
vt 0.33187100 0.63329700
vt 0.18141400 0.77754700
vt 0.14863200 0.54373100
vt 0.14899200 0.54373100
vt 0.18098400 0.77732000
vt 0.18049700 0.77732300
vt 0.14948900 0.54373100
vt 0.18006500 0.77754900
vt 0.15009200 0.54373100
vt 0.15069600 0.54373100
vt 0.17979200 0.77795200
vt 0.15119200 0.54373100
vt 0.17976600 0.77843700
vt 0.15155200 0.54373100
vt 0.18001700 0.77885400
vt 0.18044700 0.77908100
vt 0.15191200 0.54373100
vt 0.15240900 0.54373100
vt 0.18093400 0.77907800
vt 0.15301200 0.54373100
vt 0.14717200 0.54373100
vt 0.18136600 0.77885200
vt 0.18163900 0.77844900
vt 0.14777600 0.54373100
vt 0.18166500 0.77796400
vt 0.14827300 0.54373100
vt 0.14863200 0.55446900
vt 0.17544000 0.84794900
vt 0.17585200 0.84820800
vt 0.14899200 0.55446900
vt 0.17609300 0.84863100
vt 0.14948900 0.55446900
vt 0.15009200 0.55446900
vt 0.17611300 0.84911800
vt 0.15069600 0.55446900
vt 0.17590000 0.84955600
vt 0.17549300 0.84982100
vt 0.15119200 0.55446900
vt 0.15155200 0.55446900
vt 0.17500700 0.84981200
vt 0.17459500 0.84955300
vt 0.15191200 0.55446900
vt 0.17435400 0.84913000
vt 0.15240900 0.55446900
vt 0.17433400 0.84864300
vt 0.14717200 0.55446900
vt 0.15301200 0.55446900
vt 0.14777600 0.55446900
vt 0.17454600 0.84820500
vt 0.17495400 0.84794000
vt 0.14827300 0.55446900
vt 0.25581800 0.56546000
vt 0.35360000 0.63913800
vt 0.24257900 0.44771000
vt 0.35690200 0.63913800
vt 0.35360000 0.63608000
vt 0.25581800 0.56851700
vt 0.35690200 0.63608000
vt 0.23952200 0.44771000
vt 0.34816800 0.63608000
vt 0.25758000 0.56546000
vt 0.35146900 0.63608000
vt 0.24257900 0.44594900
vt 0.34816800 0.63913800
vt 0.25758000 0.56851800
vt 0.23952200 0.44594900
vt 0.35146900 0.63913800
vt 0.33730300 0.63152700
vt 0.36446500 0.64457000
vt 0.36776600 0.64457000
vt 0.33492300 0.63152700
vt 0.33882900 0.63417600
vt 0.36446500 0.64151200
vt 0.33339700 0.63417600
vt 0.36776600 0.64151200
vt 0.33882900 0.63064800
vt 0.35903200 0.64151200
vt 0.36233400 0.64151200
vt 0.33339700 0.63064800
vt 0.34035500 0.63329700
vt 0.35903200 0.64457000
vt 0.33187100 0.63329700
vt 0.36233400 0.64457000
vt 0.18141400 0.77754700
vt 0.14863200 0.54373100
vt 0.18098400 0.77732000
vt 0.14899200 0.54373100
vt 0.14948900 0.54373100
vt 0.18049700 0.77732300
vt 0.18006500 0.77754900
vt 0.15009200 0.54373100
vt 0.15069600 0.54373100
vt 0.17979200 0.77795200
vt 0.17976600 0.77843700
vt 0.15119200 0.54373100
vt 0.18001700 0.77885400
vt 0.15155200 0.54373100
vt 0.18044700 0.77908100
vt 0.15191200 0.54373100
vt 0.18093400 0.77907800
vt 0.15240900 0.54373100
vt 0.15301200 0.54373100
vt 0.14717200 0.54373100
vt 0.18136600 0.77885200
vt 0.18163900 0.77844900
vt 0.14777600 0.54373100
vt 0.14827300 0.54373100
vt 0.18166500 0.77796400
vt 0.17544000 0.84794900
vt 0.14863200 0.55446900
vt 0.14899200 0.55446900
vt 0.17585200 0.84820800
vt 0.17609300 0.84863100
vt 0.14948900 0.55446900
vt 0.15009200 0.55446900
vt 0.17611300 0.84911800
vt 0.15069600 0.55446900
vt 0.17590000 0.84955600
vt 0.17549300 0.84982100
vt 0.15119200 0.55446900
vt 0.15155200 0.55446900
vt 0.17500700 0.84981200
vt 0.15191200 0.55446900
vt 0.17459500 0.84955300
vt 0.17435400 0.84913000
vt 0.15240900 0.55446900
vt 0.14717200 0.55446900
vt 0.15301200 0.55446900
vt 0.17433400 0.84864300
vt 0.14777600 0.55446900
vt 0.17454600 0.84820500
vt 0.17495400 0.84794000
vt 0.14827300 0.55446900
vt 0.25581800 0.56546000
vt 0.35360000 0.63913800
vt 0.24257900 0.44771000
vt 0.35690200 0.63913800
vt 0.25581800 0.56851700
vt 0.35360000 0.63608000
vt 0.35690200 0.63608000
vt 0.23952200 0.44771000
vt 0.34816800 0.63608000
vt 0.25758000 0.56546000
vt 0.24257900 0.44594900
vt 0.35146900 0.63608000
vt 0.34816800 0.63913800
vt 0.25758000 0.56851800
vt 0.23952200 0.44594900
vt 0.35146900 0.63913800
vt 0.36446500 0.64457000
vt 0.33730300 0.63152700
vt 0.36776600 0.64457000
vt 0.33492300 0.63152700
vt 0.33882900 0.63417600
vt 0.36446500 0.64151200
vt 0.33339700 0.63417600
vt 0.36776600 0.64151200
vt 0.35903200 0.64151200
vt 0.33882900 0.63064800
vt 0.33339700 0.63064800
vt 0.36233400 0.64151200
vt 0.34035500 0.63329700
vt 0.35903200 0.64457000
vt 0.36233400 0.64457000
vt 0.33187100 0.63329700
vt 0.18141400 0.77754700
vt 0.14863200 0.54373100
vt 0.14899200 0.54373100
vt 0.18098400 0.77732000
vt 0.14948900 0.54373100
vt 0.18049700 0.77732300
vt 0.15009200 0.54373100
vt 0.18006500 0.77754900
vt 0.17979200 0.77795200
vt 0.15069600 0.54373100
vt 0.17976600 0.77843700
vt 0.15119200 0.54373100
vt 0.15155200 0.54373100
vt 0.18001700 0.77885400
vt 0.15191200 0.54373100
vt 0.18044700 0.77908100
vt 0.15240900 0.54373100
vt 0.18093400 0.77907800
vt 0.18136600 0.77885200
vt 0.15301200 0.54373100
vt 0.14717200 0.54373100
vt 0.18163900 0.77844900
vt 0.14777600 0.54373100
vt 0.14827300 0.54373100
vt 0.18166500 0.77796400
vt 0.14863200 0.55446900
vt 0.17544000 0.84794900
vt 0.17585200 0.84820800
vt 0.14899200 0.55446900
vt 0.14948900 0.55446900
vt 0.17609300 0.84863100
vt 0.15009200 0.55446900
vt 0.17611300 0.84911800
vt 0.17590000 0.84955600
vt 0.15069600 0.55446900
vt 0.15119200 0.55446900
vt 0.17549300 0.84982100
vt 0.15155200 0.55446900
vt 0.17500700 0.84981200
vt 0.15191200 0.55446900
vt 0.17459500 0.84955300
vt 0.15240900 0.55446900
vt 0.17435400 0.84913000
vt 0.17433400 0.84864300
vt 0.14717200 0.55446900
vt 0.15301200 0.55446900
vt 0.17454600 0.84820500
vt 0.14777600 0.55446900
vt 0.17495400 0.84794000
vt 0.14827300 0.55446900
vt 0.25581800 0.56546000
vt 0.35360000 0.63913800
vt 0.24257900 0.44771000
vt 0.35690200 0.63913800
vt 0.35360000 0.63608000
vt 0.25581800 0.56851700
vt 0.35690200 0.63608000
vt 0.23952200 0.44771000
vt 0.25758000 0.56546000
vt 0.34816800 0.63608000
vt 0.35146900 0.63608000
vt 0.24257900 0.44594900
vt 0.34816800 0.63913800
vt 0.25758000 0.56851800
vt 0.23952200 0.44594900
vt 0.35146900 0.63913800
vt 0.36446500 0.64457000
vt 0.33730300 0.63152700
vt 0.33492300 0.63152700
vt 0.36776600 0.64457000
vt 0.33882900 0.63417600
vt 0.36446500 0.64151200
vt 0.36776600 0.64151200
vt 0.33339700 0.63417600
vt 0.33882900 0.63064800
vt 0.35903200 0.64151200
vt 0.36233400 0.64151200
vt 0.33339700 0.63064800
vt 0.34035500 0.63329700
vt 0.35903200 0.64457000
vt 0.33187100 0.63329700
vt 0.36233400 0.64457000
vt 0.18141400 0.77754700
vt 0.14863200 0.54373100
vt 0.14899200 0.54373100
vt 0.18098400 0.77732000
vt 0.18049700 0.77732300
vt 0.14948900 0.54373100
vt 0.18006500 0.77754900
vt 0.15009200 0.54373100
vt 0.15069600 0.54373100
vt 0.17979200 0.77795200
vt 0.15119200 0.54373100
vt 0.17976600 0.77843700
vt 0.15155200 0.54373100
vt 0.18001700 0.77885400
vt 0.18044700 0.77908100
vt 0.15191200 0.54373100
vt 0.15240900 0.54373100
vt 0.18093400 0.77907800
vt 0.18136600 0.77885200
vt 0.15301200 0.54373100
vt 0.14717200 0.54373100
vt 0.14777600 0.54373100
vt 0.18163900 0.77844900
vt 0.18166500 0.77796400
vt 0.14827300 0.54373100
vt 0.17544000 0.84794900
vt 0.14863200 0.55446900
vt 0.17585200 0.84820800
vt 0.14899200 0.55446900
vt 0.17609300 0.84863100
vt 0.14948900 0.55446900
vt 0.15009200 0.55446900
vt 0.17611300 0.84911800
vt 0.15069600 0.55446900
vt 0.17590000 0.84955600
vt 0.15119200 0.55446900
vt 0.17549300 0.84982100
vt 0.15155200 0.55446900
vt 0.17500700 0.84981200
vt 0.15191200 0.55446900
vt 0.17459500 0.84955300
vt 0.17435400 0.84913000
vt 0.15240900 0.55446900
vt 0.15301200 0.55446900
vt 0.14717200 0.55446900
vt 0.17433400 0.84864300
vt 0.17454600 0.84820500
vt 0.14777600 0.55446900
vt 0.17495400 0.84794000
vt 0.14827300 0.55446900
vt 0.35360000 0.63913800
vt 0.25581800 0.56546000
vt 0.24257900 0.44771000
vt 0.35690200 0.63913800
vt 0.25581800 0.56851700
vt 0.35360000 0.63608000
vt 0.35690200 0.63608000
vt 0.23952200 0.44771000
vt 0.34816800 0.63608000
vt 0.25758000 0.56546000
vt 0.24257900 0.44594900
vt 0.35146900 0.63608000
vt 0.25758000 0.56851800
vt 0.34816800 0.63913800
vt 0.35146900 0.63913800
vt 0.23952200 0.44594900
vt 0.27969800 0.85826500
vt 0.19065400 0.86519900
vt 0.03309400 0.01679700
vt 0.27969800 0.76086300
vt 0.00836700 0.69040300
vt 0.28800900 0.86217100
vt 0.27916000 0.85826500
vt 0.03309400 0.12880900
vt 0.19063100 0.75318700
vt 0.27916000 0.76086300
vt 0.00836800 0.80241500
vt 0.28798600 0.75015800
vt 0.03552900 0.01679700
vt 0.28213400 0.85826500
vt 0.56310000 0.53789400
vt 0.56002800 0.44054000
vt 0.28213400 0.76086300
vt 0.00593200 0.69040300
vt 0.67511300 0.53787000
vt 0.27672500 0.85826500
vt 0.03552900 0.12880900
vt 0.67204000 0.44051700
vt 0.00593200 0.80241500
vt 0.27672500 0.76086300
vt 0.19209100 0.86371600
vt 0.49038200 0.68497100
vt 0.53829800 0.06666200
vt 0.49038200 0.79406100
vt 0.19211400 0.75462500
vt 0.74570000 0.31557400
vt 0.29927700 0.79904900
vt 0.28654800 0.75164200
vt 0.74570000 0.41005400
vt 0.28652500 0.86073300
vt 0.40836700 0.79904900
vt 0.63277800 0.06666200
vt 0.29927700 0.81088800
vt 0.27521200 0.85826500
vt 0.56453800 0.53641000
vt 0.56151200 0.44197800
vt 0.27521200 0.76378500
vt 0.29927700 0.80448200
vt 0.27467300 0.76378500
vt 0.67060200 0.44200100
vt 0.40836700 0.80448200
vt 0.67362900 0.53643300
vt 0.27467300 0.85826500
vt 0.40836700 0.81088800
vt 0.38832500 0.68497100
vt 0.48940800 0.68497100
vt 0.53829800 0.06568800
vt 0.74472600 0.31557400
vt 0.38832500 0.79406100
vt 0.48940800 0.79406100
vt 0.29384500 0.79406100
vt 0.29927700 0.80002400
vt 0.74472600 0.41005400
vt 0.63277800 0.06568800
vt 0.40836700 0.80002300
vt 0.29384500 0.68497100
vt 0.27618600 0.85826500
vt 0.39162600 0.68497100
vt 0.29927700 0.80991400
vt 0.27618600 0.76378500
vt 0.48610600 0.68497100
vt 0.29927700 0.80545600
vt 0.27369900 0.76378500
vt 0.48610600 0.79406100
vt 0.40836700 0.80545600
vt 0.39162600 0.79406100
vt 0.27369900 0.85826500
vt 0.40836700 0.80991400
vt 0.03309400 0.01679700
vt 0.19065400 0.86519900
vt 0.27969800 0.85826500
vt 0.28800900 0.86217100
vt 0.27969800 0.76086300
vt 0.00836700 0.69040300
vt 0.03309400 0.12880900
vt 0.27916000 0.85826500
vt 0.19063100 0.75318700
vt 0.27916000 0.76086300
vt 0.28798600 0.75015800
vt 0.00836800 0.80241500
vt 0.56310000 0.53789400
vt 0.28213400 0.85826500
vt 0.03552900 0.01679700
vt 0.00593200 0.69040300
vt 0.28213400 0.76086300
vt 0.56002800 0.44054000
vt 0.03552900 0.12880900
vt 0.27672500 0.85826500
vt 0.67511300 0.53787000
vt 0.67204000 0.44051700
vt 0.00593200 0.80241500
vt 0.27672500 0.76086300
vt 0.19209100 0.86371600
vt 0.53829800 0.06666200
vt 0.49038200 0.68497100
vt 0.49038200 0.79406100
vt 0.19211400 0.75462500
vt 0.74570000 0.31557400
vt 0.74570000 0.41005400
vt 0.28654800 0.75164200
vt 0.29927700 0.79904900
vt 0.40836700 0.79904900
vt 0.63277800 0.06666200
vt 0.28652500 0.86073300
vt 0.27521200 0.85826500
vt 0.29927700 0.81088800
vt 0.56453800 0.53641000
vt 0.29927700 0.80448200
vt 0.27521200 0.76378500
vt 0.56151200 0.44197800
vt 0.40836700 0.80448200
vt 0.27467300 0.76378500
vt 0.67060200 0.44200100
vt 0.67362900 0.53643300
vt 0.27467300 0.85826500
vt 0.40836700 0.81088800
vt 0.48940800 0.68497100
vt 0.38832500 0.68497100
vt 0.53829800 0.06568800
vt 0.74472600 0.31557400
vt 0.48940800 0.79406100
vt 0.38832500 0.79406100
vt 0.29927700 0.80002400
vt 0.74472600 0.41005400
vt 0.29384500 0.79406100
vt 0.40836700 0.80002300
vt 0.29384500 0.68497100
vt 0.63277800 0.06568800
vt 0.29927700 0.80991400
vt 0.27618600 0.85826500
vt 0.39162600 0.68497100
vt 0.27618600 0.76378500
vt 0.48610600 0.68497100
vt 0.29927700 0.80545600
vt 0.48610600 0.79406100
vt 0.40836700 0.80545600
vt 0.27369900 0.76378500
vt 0.40836700 0.80991400
vt 0.27369900 0.85826500
vt 0.39162600 0.79406100
vt 0.03309400 0.01679700
vt 0.19065400 0.86519900
vt 0.27969800 0.85826500
vt 0.00836700 0.69040300
vt 0.27969800 0.76086300
vt 0.28800900 0.86217100
vt 0.19063100 0.75318700
vt 0.03309400 0.12880900
vt 0.27916000 0.85826500
vt 0.00836800 0.80241500
vt 0.27916000 0.76086300
vt 0.28798600 0.75015800
vt 0.56310000 0.53789400
vt 0.28213400 0.85826500
vt 0.03552900 0.01679700
vt 0.28213400 0.76086300
vt 0.00593200 0.69040300
vt 0.56002800 0.44054000
vt 0.03552900 0.12880900
vt 0.67511300 0.53787000
vt 0.27672500 0.85826500
vt 0.67204000 0.44051700
vt 0.27672500 0.76086300
vt 0.00593200 0.80241500
vt 0.53829800 0.06666200
vt 0.19209100 0.86371600
vt 0.49038200 0.68497100
vt 0.74570000 0.31557400
vt 0.49038200 0.79406100
vt 0.19211400 0.75462500
vt 0.29927700 0.79904900
vt 0.74570000 0.41005400
vt 0.28654800 0.75164200
vt 0.63277800 0.06666200
vt 0.40836700 0.79904900
vt 0.28652500 0.86073300
vt 0.27521200 0.85826500
vt 0.29927700 0.81088800
vt 0.56453800 0.53641000
vt 0.56151200 0.44197800
vt 0.27521200 0.76378500
vt 0.29927700 0.80448200
vt 0.40836700 0.80448200
vt 0.27467300 0.76378500
vt 0.67060200 0.44200100
vt 0.40836700 0.81088800
vt 0.67362900 0.53643300
vt 0.27467300 0.85826500
vt 0.53829800 0.06568800
vt 0.48940800 0.68497100
vt 0.38832500 0.68497100
vt 0.48940800 0.79406100
vt 0.74472600 0.31557400
vt 0.38832500 0.79406100
vt 0.29927700 0.80002400
vt 0.74472600 0.41005400
vt 0.29384500 0.79406100
vt 0.29384500 0.68497100
vt 0.63277800 0.06568800
vt 0.40836700 0.80002300
vt 0.29927700 0.80991400
vt 0.27618600 0.85826500
vt 0.39162600 0.68497100
vt 0.29927700 0.80545600
vt 0.27618600 0.76378500
vt 0.48610600 0.68497100
vt 0.40836700 0.80545600
vt 0.27369900 0.76378500
vt 0.48610600 0.79406100
vt 0.40836700 0.80991400
vt 0.39162600 0.79406100
vt 0.27369900 0.85826500
f 1/1/1 2/2/2 15/15/15
f 15/15/15 14/14/14 1/1/1
f 2/2/2 3/3/3 16/16/16
f 16/16/16 15/15/15 2/2/2
f 3/3/3 4/4/4 17/17/17
f 17/17/17 16/16/16 3/3/3
f 4/4/4 5/5/5 328/328/328
f 328/328/328 17/17/17 4/4/4
f 5/5/5 6/6/6 18/18/18
f 18/18/18 328/328/328 5/5/5
f 6/6/6 7/7/7 19/19/19
f 19/19/19 18/18/18 6/6/6
f 7/7/7 8/8/8 335/335/335
f 335/335/335 19/19/19 7/7/7
f 8/8/8 9/9/9 20/20/20
f 20/20/20 335/335/335 8/8/8
f 9/9/9 10/10/10 342/342/342
f 342/342/342 20/20/20 9/9/9
f 11/11/11 12/12/12 21/21/21
f 21/21/21 341/341/341 11/11/11
f 12/12/12 13/13/13 347/347/347
f 347/347/347 21/21/21 12/12/12
f 13/13/13 1/1/1 14/14/14
f 14/14/14 347/347/347 13/13/13
f 23/23/23 28/28/28 30/30/30
f 30/30/30 24/24/24 23/23/23
f 32/32/32 35/35/35 43/43/43
f 43/43/43 40/40/40 32/32/32
f 25/25/25 42/42/42 34/34/34
f 29/29/29 27/27/27 36/36/36
f 36/36/36 38/38/38 29/29/29
f 26/26/26 22/22/22 37/37/37
f 45/45/45 40/40/40 43/43/43
f 43/43/43 50/50/50 45/45/45
f 46/46/46 45/45/45 50/50/50
f 50/50/50 49/49/49 46/46/46
f 36/36/36 46/46/46 49/49/49
f 49/49/49 38/38/38 36/36/36
f 52/52/52 55/55/55 56/56/56
f 56/56/56 59/59/59 52/52/52
f 74/74/74 65/65/65 66/66/66
f 66/66/66 72/72/72 74/74/74
f 69/69/69 70/70/70 63/63/63
f 63/63/63 60/60/60 69/69/69
f 64/64/64 75/75/75 88/88/88
f 64/64/64 88/88/88 91/91/91
f 64/64/64 91/91/91 62/62/62
f 57/57/57 64/64/64 62/62/62
f 58/58/58 57/57/57 62/62/62
f 83/83/83 58/58/58 62/62/62
f 81/81/81 83/83/83 62/62/62
f 71/71/71 81/81/81 62/62/62
f 54/54/54 53/53/53 76/76/76
f 54/54/54 76/76/76 79/79/79
f 54/54/54 79/79/79 68/68/68
f 68/68/68 61/61/61 84/84/84
f 68/68/68 84/84/84 86/86/86
f 68/68/68 86/86/86 73/73/73
f 54/54/54 68/68/68 73/73/73
f 54/54/54 73/73/73 67/67/67
f 77/77/77 52/52/52 59/59/59
f 59/59/59 82/82/82 77/77/77
f 89/89/89 74/74/74 72/72/72
f 72/72/72 87/87/87 89/89/89
f 78/78/78 77/77/77 82/82/82
f 82/82/82 80/80/80 78/78/78
f 69/69/69 78/78/78 80/80/80
f 80/80/80 70/70/70 69/69/69
f 90/90/90 89/89/89 87/87/87
f 87/87/87 85/85/85 90/90/90
f 63/63/63 90/90/90 85/85/85
f 85/85/85 60/60/60 63/63/63
f 111/111/111 108/108/108 106/106/106
f 106/106/106 104/104/104 111/111/111
f 110/110/110 103/103/103 94/94/94
f 94/94/94 100/100/100 110/110/110
f 102/102/102 105/105/105 96/96/96
f 96/96/96 93/93/93 102/102/102
f 107/107/107 109/109/109 99/99/99
f 99/99/99 97/97/97 107/107/107
f 101/101/101 92/92/92 116/116/116
f 116/116/116 113/113/113 101/101/101
f 92/92/92 95/95/95 118/118/118
f 118/118/118 116/116/116 92/92/92
f 95/95/95 98/98/98 121/121/121
f 121/121/121 118/118/118 95/95/95
f 112/112/112 114/114/114 123/123/123
f 123/123/123 122/122/122 112/112/112
f 119/119/119 125/125/125 124/124/124
f 124/124/124 115/115/115 119/119/119
f 117/117/117 120/120/120 127/127/127
f 127/127/127 126/126/126 117/117/117
f 136/136/136 129/129/129 130/130/130
f 130/130/130 133/133/133 136/136/136
f 150/150/150 130/130/130 129/129/129
f 129/129/129 146/146/146 150/150/150
f 140/140/140 137/137/137 134/134/134
f 134/134/134 131/131/131 140/140/140
f 123/123/123 138/138/138 132/132/132
f 132/132/132 122/122/122 123/123/123
f 147/147/147 149/149/149 144/144/144
f 144/144/144 142/142/142 147/147/147
f 127/127/127 148/148/148 143/143/143
f 143/143/143 126/126/126 127/127/127
f 141/141/141 139/139/139 124/124/124
f 124/124/124 125/125/125 141/141/141
f 145/145/145 135/135/135 139/139/139
f 139/139/139 141/141/141 145/145/145
f 145/145/145 128/128/128 135/135/135
f 201/201/201 189/189/189 208/208/208
f 208/208/208 180/180/180 201/201/201
f 203/203/203 196/196/196 206/206/206
f 206/206/206 183/183/183 203/203/203
f 205/205/205 193/193/193 213/213/213
f 213/213/213 185/185/185 205/205/205
f 198/198/198 190/190/190 210/210/210
f 210/210/210 186/186/186 198/198/198
f 164/164/164 155/155/155 246/246/246
f 246/246/246 254/254/254 164/164/164
f 167/167/167 157/157/157 249/249/249
f 249/249/249 257/257/257 167/167/167
f 169/169/169 159/159/159 250/250/250
f 250/250/250 258/258/258 169/169/169
f 161/161/161 153/153/153 252/252/252
f 252/252/252 260/260/260 161/161/161
f 175/175/175 165/165/165 255/255/255
f 255/255/255 262/262/262 175/175/175
f 177/177/177 166/166/166 256/256/256
f 256/256/256 264/264/264 177/177/177
f 178/178/178 168/168/168 259/259/259
f 259/259/259 267/267/267 178/178/178
f 172/172/172 163/163/163 261/261/261
f 261/261/261 269/269/269 172/172/172
f 215/215/215 180/180/180 208/208/208
f 208/208/208 237/237/237 215/215/215
f 230/230/230 189/189/189 201/201/201
f 201/201/201 221/221/221 230/230/230
f 242/242/242 196/196/196 203/203/203
f 203/203/203 224/224/224 242/242/242
f 239/239/239 193/193/193 205/205/205
f 205/205/205 228/228/228 239/239/239
f 216/216/216 215/215/215 237/237/237
f 237/237/237 234/234/234 216/216/216
f 197/197/197 216/216/216 234/234/234
f 234/234/234 191/191/191 197/197/197
f 232/232/232 230/230/230 221/221/221
f 221/221/221 218/218/218 232/232/232
f 206/206/206 232/232/232 218/218/218
f 218/218/218 183/183/183 206/206/206
f 245/245/245 242/242/242 224/224/224
f 224/224/224 223/223/223 245/245/245
f 213/213/213 245/245/245 223/223/223
f 223/223/223 185/185/185 213/213/213
f 240/240/240 239/239/239 228/228/228
f 228/228/228 227/227/227 240/240/240
f 210/210/210 240/240/240 227/227/227
f 227/227/227 186/186/186 210/210/210
f 289/289/289 254/254/254 246/246/246
f 246/246/246 272/272/272 289/289/289
f 274/274/274 155/155/155 164/164/164
f 164/164/164 290/290/290 274/274/274
f 279/279/279 157/157/157 167/167/167
f 167/167/167 295/295/295 279/279/279
f 283/283/283 159/159/159 169/169/169
f 169/169/169 299/299/299 283/283/283
f 303/303/303 262/262/262 255/255/255
f 255/255/255 288/288/288 303/303/303
f 291/291/291 165/165/165 175/175/175
f 175/175/175 309/309/309 291/291/291
f 294/294/294 166/166/166 177/177/177
f 177/177/177 313/313/313 294/294/294
f 298/298/298 168/168/168 178/178/178
f 178/178/178 316/316/316 298/298/298
f 287/287/287 289/289/289 272/272/272
f 272/272/272 271/271/271 287/287/287
f 162/162/162 287/287/287 271/271/271
f 271/271/271 151/151/151 162/162/162
f 277/277/277 274/274/274 290/290/290
f 290/290/290 293/293/293 277/277/277
f 249/249/249 277/277/277 293/293/293
f 293/293/293 257/257/257 249/249/249
f 280/280/280 279/279/279 295/295/295
f 295/295/295 296/296/296 280/280/280
f 250/250/250 280/280/280 296/296/296
f 296/296/296 258/258/258 250/250/250
f 285/285/285 283/283/283 299/299/299
f 299/299/299 301/301/301 285/285/285
f 252/252/252 285/285/285 301/301/301
f 301/301/301 260/260/260 252/252/252
f 304/304/304 303/303/303 288/288/288
f 288/288/288 286/286/286 304/304/304
f 173/173/173 304/304/304 286/286/286
f 286/286/286 160/160/160 173/173/173
f 292/292/292 291/291/291 309/309/309
f 309/309/309 307/307/307 292/292/292
f 256/256/256 292/292/292 307/307/307
f 307/307/307 264/264/264 256/256/256
f 297/297/297 294/294/294 313/313/313
f 313/313/313 311/311/311 297/297/297
f 259/259/259 297/297/297 311/311/311
f 311/311/311 267/267/267 259/259/259
f 300/300/300 298/298/298 316/316/316
f 316/316/316 315/315/315 300/300/300
f 261/261/261 300/300/300 315/315/315
f 315/315/315 269/269/269 261/261/261
f 282/282/282 284/284/284 226/226/226
f 226/226/226 229/229/229 282/282/282
f 284/284/284 253/253/253 187/187/187
f 187/187/187 226/226/226 284/284/284
f 253/253/253 152/152/152 199/199/199
f 199/199/199 187/187/187 253/253/253
f 152/152/152 270/270/270 217/217/217
f 217/217/217 199/199/199 152/152/152
f 270/270/270 273/273/273 214/214/214
f 214/214/214 217/217/217 270/270/270
f 273/273/273 247/247/247 181/181/181
f 181/181/181 214/214/214 273/273/273
f 247/247/247 154/154/154 200/200/200
f 200/200/200 181/181/181 247/247/247
f 154/154/154 275/275/275 220/220/220
f 220/220/220 200/200/200 154/154/154
f 275/275/275 276/276/276 219/219/219
f 219/219/219 220/220/220 275/275/275
f 276/276/276 248/248/248 182/182/182
f 182/182/182 219/219/219 276/276/276
f 248/248/248 156/156/156 202/202/202
f 202/202/202 182/182/182 248/248/248
f 156/156/156 278/278/278 225/225/225
f 225/225/225 202/202/202 156/156/156
f 278/278/278 281/281/281 222/222/222
f 222/222/222 225/225/225 278/278/278
f 281/281/281 251/251/251 184/184/184
f 184/184/184 222/222/222 281/281/281
f 251/251/251 158/158/158 204/204/204
f 204/204/204 184/184/184 251/251/251
f 158/158/158 282/282/282 229/229/229
f 229/229/229 204/204/204 158/158/158
f 231/231/231 233/233/233 207/207/207
f 207/207/207 195/195/195 243/243/243
f 243/243/243 244/244/244 212/212/212
f 207/207/207 243/243/243 212/212/212
f 212/212/212 194/194/194 238/238/238
f 238/238/238 241/241/241 211/211/211
f 212/212/212 238/238/238 211/211/211
f 211/211/211 192/192/192 235/235/235
f 235/235/235 236/236/236 209/209/209
f 211/211/211 235/235/235 209/209/209
f 212/212/212 211/211/211 209/209/209
f 207/207/207 212/212/212 209/209/209
f 231/231/231 207/207/207 209/209/209
f 188/188/188 231/231/231 209/209/209
f 318/318/318 14/14/14 15/15/15
f 15/15/15 321/321/321 318/318/318
f 321/321/321 15/15/15 16/16/16
f 16/16/16 322/322/322 321/321/321
f 322/322/322 16/16/16 17/17/17
f 17/17/17 324/324/324 322/322/322
f 324/324/324 17/17/17 328/328/328
f 328/328/328 326/326/326 324/324/324
f 326/326/326 328/328/328 18/18/18
f 18/18/18 330/330/330 326/326/326
f 330/330/330 18/18/18 19/19/19
f 19/19/19 331/331/331 330/330/330
f 331/331/331 19/19/19 335/335/335
f 335/335/335 334/334/334 331/331/331
f 334/334/334 335/335/335 20/20/20
f 20/20/20 336/336/336 334/334/334
f 336/336/336 20/20/20 342/342/342
f 342/342/342 339/339/339 336/336/336
f 338/338/338 341/341/341 21/21/21
f 21/21/21 344/344/344 338/338/338
f 344/344/344 21/21/21 347/347/347
f 347/347/347 345/345/345 344/344/344
f 345/345/345 347/347/347 14/14/14
f 14/14/14 318/318/318 345/345/345
f 349/349/349 357/357/357 355/355/355
f 355/355/355 350/350/350 349/349/349
f 358/358/358 366/366/366 362/362/362
f 364/364/364 361/361/361 358/358/358
f 356/356/356 368/368/368 353/353/353
f 354/354/354 367/367/367 374/374/374
f 374/374/374 352/352/352 354/354/354
f 351/351/351 373/373/373 348/348/348
f 376/376/376 371/371/371 362/362/362
f 362/362/362 366/366/366 376/376/376
f 377/377/377 369/369/369 371/371/371
f 371/371/371 376/376/376 377/377/377
f 374/374/374 367/367/367 369/369/369
f 369/369/369 377/377/377 374/374/374
f 380/380/380 386/386/386 384/384/384
f 384/384/384 382/382/382 380/380/380
f 389/389/389 387/387/387 394/394/394
f 394/394/394 392/392/392 389/389/389
f 395/395/395 402/402/402 400/400/400
f 400/400/400 397/397/397 395/395/395
f 407/407/407 390/390/390 391/391/391
f 410/410/410 407/407/407 391/391/391
f 399/399/399 410/410/410 391/391/391
f 399/399/399 391/391/391 383/383/383
f 399/399/399 383/383/383 385/385/385
f 399/399/399 385/385/385 406/406/406
f 399/399/399 406/406/406 403/403/403
f 398/398/398 399/399/399 403/403/403
f 381/381/381 393/393/393 388/388/388
f 415/415/415 401/401/401 396/396/396
f 417/417/417 415/415/415 396/396/396
f 388/388/388 417/417/417 396/396/396
f 381/381/381 388/388/388 396/396/396
f 381/381/381 396/396/396 414/414/414
f 381/381/381 414/414/414 412/412/412
f 381/381/381 412/412/412 379/379/379
f 411/411/411 405/405/405 386/386/386
f 386/386/386 380/380/380 411/411/411
f 408/408/408 418/418/418 387/387/387
f 387/387/387 389/389/389 408/408/408
f 413/413/413 404/404/404 405/405/405
f 405/405/405 411/411/411 413/413/413
f 395/395/395 397/397/397 404/404/404
f 404/404/404 413/413/413 395/395/395
f 409/409/409 416/416/416 418/418/418
f 418/418/418 408/408/408 409/409/409
f 400/400/400 402/402/402 416/416/416
f 416/416/416 409/409/409 400/400/400
f 111/111/111 423/423/423 420/420/420
f 420/420/420 108/108/108 111/111/111
f 110/110/110 100/100/100 427/427/427
f 427/427/427 424/424/424 110/110/110
f 422/422/422 425/425/425 429/429/429
f 429/429/429 421/421/421 422/422/422
f 419/419/419 428/428/428 99/99/99
f 99/99/99 109/109/109 419/419/419
f 101/101/101 113/113/113 432/432/432
f 432/432/432 426/426/426 101/101/101
f 426/426/426 432/432/432 434/434/434
f 434/434/434 430/430/430 426/426/426
f 430/430/430 434/434/434 121/121/121
f 121/121/121 98/98/98 430/430/430
f 112/112/112 122/122/122 437/437/437
f 437/437/437 431/431/431 112/112/112
f 435/435/435 433/433/433 438/438/438
f 438/438/438 440/440/440 435/435/435
f 436/436/436 439/439/439 127/127/127
f 127/127/127 120/120/120 436/436/436
f 441/441/441 133/133/133 130/130/130
f 130/130/130 445/445/445 441/441/441
f 150/150/150 448/448/448 445/445/445
f 445/445/445 130/130/130 150/150/150
f 449/449/449 131/131/131 134/134/134
f 134/134/134 443/443/443 449/449/449
f 437/437/437 122/122/122 132/132/132
f 132/132/132 450/450/450 437/437/437
f 147/147/147 454/454/454 447/447/447
f 447/447/447 149/149/149 147/147/147
f 127/127/127 439/439/439 453/453/453
f 453/453/453 148/148/148 127/127/127
f 452/452/452 440/440/440 438/438/438
f 438/438/438 451/451/451 452/452/452
f 446/446/446 452/452/452 451/451/451
f 451/451/451 442/442/442 446/446/446
f 446/446/446 442/442/442 444/444/444
f 460/460/460 458/458/458 455/455/455
f 455/455/455 462/462/462 460/460/460
f 467/467/467 465/465/465 463/463/463
f 463/463/463 469/469/469 467/467/467
f 476/476/476 473/473/473 472/472/472
f 472/472/472 477/477/477 476/476/476
f 485/485/485 482/482/482 479/479/479
f 479/479/479 488/488/488 485/485/485
f 493/493/493 492/492/492 489/489/489
f 489/489/489 495/495/495 493/493/493
f 502/502/502 500/500/500 497/497/497
f 497/497/497 504/504/504 502/502/502
f 509/509/509 507/507/507 505/505/505
f 505/505/505 511/511/511 509/509/509
f 519/519/519 515/515/515 514/514/514
f 514/514/514 521/521/521 519/519/519
f 174/174/174 263/263/263 491/491/491
f 491/491/491 494/494/494 174/174/174
f 176/176/176 265/265/265 499/499/499
f 499/499/499 501/501/501 176/176/176
f 179/179/179 266/266/266 508/508/508
f 508/508/508 510/510/510 179/179/179
f 170/170/170 268/268/268 516/516/516
f 516/516/516 517/517/517 170/170/170
f 527/527/527 524/524/524 455/455/455
f 455/455/455 458/458/458 527/527/527
f 531/531/531 529/529/529 460/460/460
f 460/460/460 462/462/462 531/531/531
f 534/534/534 532/532/532 467/467/467
f 467/467/467 469/469/469 534/534/534
f 539/539/539 536/536/536 476/476/476
f 476/476/476 477/477/477 539/539/539
f 542/542/542 540/540/540 524/524/524
f 524/524/524 527/527/527 542/542/542
f 483/483/483 486/486/486 540/540/540
f 540/540/540 542/542/542 483/483/483
f 546/546/546 545/545/545 529/529/529
f 529/529/529 531/531/531 546/546/546
f 463/463/463 465/465/465 545/545/545
f 545/545/545 546/546/546 463/463/463
f 551/551/551 548/548/548 532/532/532
f 532/532/532 534/534/534 551/551/551
f 472/472/472 473/473/473 548/548/548
f 548/548/548 551/551/551 472/472/472
f 554/554/554 553/553/553 536/536/536
f 536/536/536 539/539/539 554/554/554
f 479/479/479 482/482/482 553/553/553
f 553/553/553 554/554/554 479/479/479
f 558/558/558 557/557/557 489/489/489
f 489/489/489 492/492/492 558/558/558
f 563/563/563 560/560/560 493/493/493
f 493/493/493 495/495/495 563/563/563
f 567/567/567 565/565/565 502/502/502
f 502/502/502 504/504/504 567/567/567
f 571/571/571 568/568/568 509/509/509
f 509/509/509 511/511/511 571/571/571
f 302/302/302 559/559/559 491/491/491
f 491/491/491 263/263/263 302/302/302
f 561/561/561 308/308/308 174/174/174
f 174/174/174 494/494/494 561/561/561
f 564/564/564 312/312/312 176/176/176
f 176/176/176 501/501/501 564/564/564
f 569/569/569 317/317/317 179/179/179
f 179/179/179 510/510/510 569/569/569
f 574/574/574 573/573/573 557/557/557
f 557/557/557 558/558/558 574/574/574
f 518/518/518 522/522/522 573/573/573
f 573/573/573 574/574/574 518/518/518
f 578/578/578 577/577/577 560/560/560
f 560/560/560 563/563/563 578/578/578
f 497/497/497 500/500/500 577/577/577
f 577/577/577 578/578/578 497/497/497
f 583/583/583 580/580/580 565/565/565
f 565/565/565 567/567/567 583/583/583
f 505/505/505 507/507/507 580/580/580
f 580/580/580 583/583/583 505/505/505
f 586/586/586 585/585/585 568/568/568
f 568/568/568 571/571/571 586/586/586
f 514/514/514 515/515/515 585/585/585
f 585/585/585 586/586/586 514/514/514
f 305/305/305 575/575/575 559/559/559
f 559/559/559 302/302/302 305/305/305
f 171/171/171 520/520/520 575/575/575
f 575/575/575 305/305/305 171/171/171
f 576/576/576 306/306/306 308/308/308
f 308/308/308 561/561/561 576/576/576
f 499/499/499 265/265/265 306/306/306
f 306/306/306 576/576/576 499/499/499
f 581/581/581 310/310/310 312/312/312
f 312/312/312 564/564/564 581/581/581
f 508/508/508 266/266/266 310/310/310
f 310/310/310 581/581/581 508/508/508
f 584/584/584 314/314/314 317/317/317
f 317/317/317 569/569/569 584/584/584
f 516/516/516 268/268/268 314/314/314
f 314/314/314 584/584/584 516/516/516
f 570/570/570 537/537/537 552/552/552
f 552/552/552 587/587/587 570/570/570
f 587/587/587 552/552/552 481/481/481
f 481/481/481 513/513/513 587/587/587
f 513/513/513 481/481/481 484/484/484
f 484/484/484 523/523/523 513/513/513
f 523/523/523 484/484/484 543/543/543
f 543/543/543 572/572/572 523/523/523
f 572/572/572 543/543/543 526/526/526
f 526/526/526 556/556/556 572/572/572
f 556/556/556 526/526/526 457/457/457
f 457/457/457 490/490/490 556/556/556
f 490/490/490 457/457/457 459/459/459
f 459/459/459 496/496/496 490/490/490
f 496/496/496 459/459/459 528/528/528
f 528/528/528 562/562/562 496/496/496
f 562/562/562 528/528/528 544/544/544
f 544/544/544 579/579/579 562/562/562
f 579/579/579 544/544/544 466/466/466
f 466/466/466 498/498/498 579/579/579
f 498/498/498 466/466/466 468/468/468
f 468/468/468 503/503/503 498/498/498
f 503/503/503 468/468/468 533/533/533
f 533/533/533 566/566/566 503/503/503
f 566/566/566 533/533/533 549/549/549
f 549/549/549 582/582/582 566/566/566
f 582/582/582 549/549/549 474/474/474
f 474/474/474 506/506/506 582/582/582
f 506/506/506 474/474/474 475/475/475
f 475/475/475 512/512/512 506/506/506
f 512/512/512 475/475/475 537/537/537
f 537/537/537 570/570/570 512/512/512
f 456/456/456 525/525/525 541/541/541
f 541/541/541 487/487/487 480/480/480
f 456/456/456 541/541/541 480/480/480
f 480/480/480 555/555/555 538/538/538
f 538/538/538 478/478/478 471/471/471
f 480/480/480 538/538/538 471/471/471
f 456/456/456 480/480/480 471/471/471
f 471/471/471 550/550/550 535/535/535
f 535/535/535 470/470/470 464/464/464
f 471/471/471 535/535/535 464/464/464
f 456/456/456 471/471/471 464/464/464
f 464/464/464 547/547/547 530/530/530
f 456/456/456 464/464/464 530/530/530
f 461/461/461 456/456/456 530/530/530
f 319/319/319 320/320/320 590/590/590
f 590/590/590 588/588/588 319/319/319
f 320/320/320 323/323/323 592/592/592
f 592/592/592 590/590/590 320/320/320
f 323/323/323 325/325/325 595/595/595
f 595/595/595 592/592/592 323/323/323
f 325/325/325 327/327/327 597/597/597
f 597/597/597 595/595/595 325/325/325
f 327/327/327 329/329/329 599/599/599
f 599/599/599 597/597/597 327/327/327
f 329/329/329 332/332/332 601/601/601
f 601/601/601 599/599/599 329/329/329
f 332/332/332 333/333/333 603/603/603
f 603/603/603 601/601/601 332/332/332
f 333/333/333 337/337/337 605/605/605
f 605/605/605 603/603/603 333/333/333
f 337/337/337 340/340/340 608/608/608
f 608/608/608 605/605/605 337/337/337
f 340/340/340 343/343/343 610/610/610
f 610/610/610 608/608/608 340/340/340
f 343/343/343 346/346/346 612/612/612
f 612/612/612 610/610/610 343/343/343
f 346/346/346 319/319/319 588/588/588
f 588/588/588 612/612/612 346/346/346
f 589/589/589 591/591/591 616/616/616
f 616/616/616 614/614/614 589/589/589
f 591/591/591 593/593/593 618/618/618
f 618/618/618 616/616/616 591/591/591
f 593/593/593 594/594/594 620/620/620
f 620/620/620 618/618/618 593/593/593
f 594/594/594 596/596/596 622/622/622
f 622/622/622 620/620/620 594/594/594
f 596/596/596 598/598/598 624/624/624
f 624/624/624 622/622/622 596/596/596
f 598/598/598 600/600/600 626/626/626
f 626/626/626 624/624/624 598/598/598
f 600/600/600 602/602/602 628/628/628
f 628/628/628 626/626/626 600/600/600
f 602/602/602 604/604/604 630/630/630
f 630/630/630 628/628/628 602/602/602
f 604/604/604 606/606/606 632/632/632
f 632/632/632 630/630/630 604/604/604
f 607/607/607 609/609/609 635/635/635
f 635/635/635 633/633/633 607/607/607
f 609/609/609 611/611/611 637/637/637
f 637/637/637 635/635/635 609/609/609
f 611/611/611 589/589/589 614/614/614
f 614/614/614 637/637/637 611/611/611
f 617/617/617 619/619/619 621/621/621
f 621/621/621 623/623/623 625/625/625
f 625/625/625 627/627/627 629/629/629
f 621/621/621 625/625/625 629/629/629
f 629/629/629 631/631/631 634/634/634
f 634/634/634 636/636/636 613/613/613
f 629/629/629 634/634/634 613/613/613
f 621/621/621 629/629/629 613/613/613
f 617/617/617 621/621/621 613/613/613
f 615/615/615 617/617/617 613/613/613
f 375/375/375 365/365/365 348/348/348
f 365/365/365 359/359/359 348/348/348
f 373/373/373 378/378/378 348/348/348
f 378/378/378 375/375/375 348/348/348
f 356/356/356 372/372/372 370/370/370
f 356/356/356 370/370/370 368/368/368
f 356/356/356 360/360/360 363/363/363
f 356/356/356 363/363/363 372/372/372
f 22/22/22 44/44/44 47/47/47
f 22/22/22 47/47/47 37/37/37
f 22/22/22 33/33/33 41/41/41
f 22/22/22 41/41/41 44/44/44
f 25/25/25 31/31/31 39/39/39
f 25/25/25 39/39/39 48/48/48
f 25/25/25 48/48/48 51/51/51
f 25/25/25 51/51/51 42/42/42
f 638/638/638 643/643/643 645/645/645
f 645/645/645 641/641/641 638/638/638
f 647/647/647 648/648/648 652/652/652
f 652/652/652 651/651/651 647/647/647
f 640/640/640 644/644/644 653/653/653
f 653/653/653 649/649/649 640/640/640
f 642/642/642 639/639/639 646/646/646
f 646/646/646 650/650/650 642/642/642
f 675/675/675 674/674/674 671/671/671
f 671/671/671 668/668/668 667/667/667
f 667/667/667 665/665/665 663/663/663
f 671/671/671 667/667/667 663/663/663
f 663/663/663 660/660/660 658/658/658
f 658/658/658 657/657/657 654/654/654
f 663/663/663 658/658/658 654/654/654
f 671/671/671 663/663/663 654/654/654
f 675/675/675 671/671/671 654/654/654
f 677/677/677 675/675/675 654/654/654
f 655/655/655 656/656/656 682/682/682
f 682/682/682 679/679/679 655/655/655
f 656/656/656 659/659/659 684/684/684
f 684/684/684 682/682/682 656/656/656
f 659/659/659 661/661/661 685/685/685
f 685/685/685 684/684/684 659/659/659
f 661/661/661 662/662/662 687/687/687
f 687/687/687 685/685/685 661/661/661
f 662/662/662 664/664/664 690/690/690
f 690/690/690 687/687/687 662/662/662
f 664/664/664 666/666/666 691/691/691
f 691/691/691 690/690/690 664/664/664
f 666/666/666 669/669/669 694/694/694
f 694/694/694 691/691/691 666/666/666
f 669/669/669 670/670/670 696/696/696
f 696/696/696 694/694/694 669/669/669
f 670/670/670 672/672/672 699/699/699
f 699/699/699 696/696/696 670/670/670
f 673/673/673 676/676/676 700/700/700
f 700/700/700 698/698/698 673/673/673
f 676/676/676 678/678/678 703/703/703
f 703/703/703 700/700/700 676/676/676
f 678/678/678 655/655/655 679/679/679
f 679/679/679 703/703/703 678/678/678
f 680/680/680 681/681/681 683/683/683
f 683/683/683 686/686/686 688/688/688
f 688/688/688 689/689/689 692/692/692
f 683/683/683 688/688/688 692/692/692
f 692/692/692 693/693/693 695/695/695
f 695/695/695 697/697/697 701/701/701
f 692/692/692 695/695/695 701/701/701
f 683/683/683 692/692/692 701/701/701
f 680/680/680 683/683/683 701/701/701
f 702/702/702 680/680/680 701/701/701
f 705/705/705 708/708/708 710/710/710
f 710/710/710 707/707/707 705/705/705
f 712/712/712 714/714/714 719/719/719
f 719/719/719 716/716/716 712/712/712
f 706/706/706 711/711/711 718/718/718
f 718/718/718 715/715/715 706/706/706
f 709/709/709 704/704/704 713/713/713
f 713/713/713 717/717/717 709/709/709
f 721/721/721 725/725/725 727/727/727
f 727/727/727 722/722/722 721/721/721
f 729/729/729 730/730/730 735/735/735
f 735/735/735 733/733/733 729/729/729
f 723/723/723 726/726/726 734/734/734
f 734/734/734 731/731/731 723/723/723
f 724/724/724 720/720/720 728/728/728
f 728/728/728 732/732/732 724/724/724
f 757/757/757 756/756/756 752/752/752
f 752/752/752 750/750/750 748/748/748
f 748/748/748 746/746/746 745/745/745
f 752/752/752 748/748/748 745/745/745
f 745/745/745 742/742/742 741/741/741
f 741/741/741 738/738/738 736/736/736
f 745/745/745 741/741/741 736/736/736
f 752/752/752 745/745/745 736/736/736
f 757/757/757 752/752/752 736/736/736
f 760/760/760 757/757/757 736/736/736
f 737/737/737 739/739/739 763/763/763
f 763/763/763 762/762/762 737/737/737
f 739/739/739 740/740/740 766/766/766
f 766/766/766 763/763/763 739/739/739
f 740/740/740 743/743/743 767/767/767
f 767/767/767 766/766/766 740/740/740
f 743/743/743 744/744/744 769/769/769
f 769/769/769 767/767/767 743/743/743
f 744/744/744 747/747/747 772/772/772
f 772/772/772 769/769/769 744/744/744
f 747/747/747 749/749/749 773/773/773
f 773/773/773 772/772/772 747/747/747
f 749/749/749 751/751/751 775/775/775
f 775/775/775 773/773/773 749/749/749
f 751/751/751 753/753/753 778/778/778
f 778/778/778 775/775/775 751/751/751
f 753/753/753 754/754/754 780/780/780
f 780/780/780 778/778/778 753/753/753
f 755/755/755 758/758/758 782/782/782
f 782/782/782 779/779/779 755/755/755
f 758/758/758 759/759/759 785/785/785
f 785/785/785 782/782/782 758/758/758
f 759/759/759 737/737/737 762/762/762
f 762/762/762 785/785/785 759/759/759
f 761/761/761 764/764/764 765/765/765
f 765/765/765 768/768/768 770/770/770
f 770/770/770 771/771/771 774/774/774
f 765/765/765 770/770/770 774/774/774
f 774/774/774 776/776/776 777/777/777
f 777/777/777 781/781/781 783/783/783
f 774/774/774 777/777/777 783/783/783
f 765/765/765 774/774/774 783/783/783
f 761/761/761 765/765/765 783/783/783
f 784/784/784 761/761/761 783/783/783
f 787/787/787 791/791/791 792/792/792
f 792/792/792 789/789/789 787/787/787
f 794/794/794 797/797/797 801/801/801
f 801/801/801 798/798/798 794/794/794
f 788/788/788 793/793/793 800/800/800
f 800/800/800 796/796/796 788/788/788
f 790/790/790 786/786/786 795/795/795
f 795/795/795 799/799/799 790/790/790
f 802/802/802 807/807/807 809/809/809
f 809/809/809 804/804/804 802/802/802
f 810/810/810 813/813/813 816/816/816
f 816/816/816 815/815/815 810/810/810
f 805/805/805 808/808/808 817/817/817
f 817/817/817 812/812/812 805/805/805
f 806/806/806 803/803/803 811/811/811
f 811/811/811 814/814/814 806/806/806
f 839/839/839 836/836/836 835/835/835
f 835/835/835 833/833/833 831/831/831
f 831/831/831 828/828/828 826/826/826
f 835/835/835 831/831/831 826/826/826
f 826/826/826 825/825/825 823/823/823
f 823/823/823 821/821/821 818/818/818
f 826/826/826 823/823/823 818/818/818
f 835/835/835 826/826/826 818/818/818
f 839/839/839 835/835/835 818/818/818
f 842/842/842 839/839/839 818/818/818
f 819/819/819 820/820/820 846/846/846
f 846/846/846 843/843/843 819/819/819
f 820/820/820 822/822/822 847/847/847
f 847/847/847 846/846/846 820/820/820
f 822/822/822 824/824/824 849/849/849
f 849/849/849 847/847/847 822/822/822
f 824/824/824 827/827/827 852/852/852
f 852/852/852 849/849/849 824/824/824
f 827/827/827 829/829/829 853/853/853
f 853/853/853 852/852/852 827/827/827
f 829/829/829 830/830/830 855/855/855
f 855/855/855 853/853/853 829/829/829
f 830/830/830 832/832/832 857/857/857
f 857/857/857 855/855/855 830/830/830
f 832/832/832 834/834/834 859/859/859
f 859/859/859 857/857/857 832/832/832
f 834/834/834 837/837/837 863/863/863
f 863/863/863 859/859/859 834/834/834
f 838/838/838 840/840/840 865/865/865
f 865/865/865 862/862/862 838/838/838
f 840/840/840 841/841/841 867/867/867
f 867/867/867 865/865/865 840/840/840
f 841/841/841 819/819/819 843/843/843
f 843/843/843 867/867/867 841/841/841
f 844/844/844 845/845/845 848/848/848
f 848/848/848 850/850/850 851/851/851
f 851/851/851 854/854/854 856/856/856
f 848/848/848 851/851/851 856/856/856
f 856/856/856 858/858/858 860/860/860
f 860/860/860 861/861/861 864/864/864
f 856/856/856 860/860/860 864/864/864
f 848/848/848 856/856/856 864/864/864
f 844/844/844 848/848/848 864/864/864
f 866/866/866 844/844/844 864/864/864
f 869/869/869 872/872/872 874/874/874
f 874/874/874 871/871/871 869/869/869
f 877/877/877 878/878/878 883/883/883
f 883/883/883 880/880/880 877/877/877
f 870/870/870 875/875/875 882/882/882
f 882/882/882 879/879/879 870/870/870
f 873/873/873 868/868/868 876/876/876
f 876/876/876 881/881/881 873/873/873
f 884/884/884 889/889/889 890/890/890
f 890/890/890 887/887/887 884/884/884
f 893/893/893 894/894/894 899/899/899
f 899/899/899 897/897/897 893/893/893
f 886/886/886 891/891/891 898/898/898
f 898/898/898 895/895/895 886/886/886
f 888/888/888 885/885/885 892/892/892
f 892/892/892 896/896/896 888/888/888
f 922/922/922 918/918/918 917/917/917
f 917/917/917 914/914/914 913/913/913
f 913/913/913 911/911/911 909/909/909
f 917/917/917 913/913/913 909/909/909
f 909/909/909 906/906/906 904/904/904
f 904/904/904 903/903/903 900/900/900
f 909/909/909 904/904/904 900/900/900
f 917/917/917 909/909/909 900/900/900
f 922/922/922 917/917/917 900/900/900
f 923/923/923 922/922/922 900/900/900
f 901/901/901 902/902/902 928/928/928
f 928/928/928 926/926/926 901/901/901
f 902/902/902 905/905/905 930/930/930
f 930/930/930 928/928/928 902/902/902
f 905/905/905 907/907/907 931/931/931
f 931/931/931 930/930/930 905/905/905
f 907/907/907 908/908/908 933/933/933
f 933/933/933 931/931/931 907/907/907
f 908/908/908 910/910/910 935/935/935
f 935/935/935 933/933/933 908/908/908
f 910/910/910 912/912/912 937/937/937
f 937/937/937 935/935/935 910/910/910
f 912/912/912 915/915/915 939/939/939
f 939/939/939 937/937/937 912/912/912
f 915/915/915 916/916/916 942/942/942
f 942/942/942 939/939/939 915/915/915
f 916/916/916 919/919/919 943/943/943
f 943/943/943 942/942/942 916/916/916
f 920/920/920 921/921/921 947/947/947
f 947/947/947 944/944/944 920/920/920
f 921/921/921 924/924/924 949/949/949
f 949/949/949 947/947/947 921/921/921
f 924/924/924 901/901/901 926/926/926
f 926/926/926 949/949/949 924/924/924
f 925/925/925 927/927/927 929/929/929
f 929/929/929 932/932/932 934/934/934
f 934/934/934 936/936/936 938/938/938
f 929/929/929 934/934/934 938/938/938
f 938/938/938 940/940/940 941/941/941
f 941/941/941 945/945/945 946/946/946
f 938/938/938 941/941/941 946/946/946
f 929/929/929 938/938/938 946/946/946
f 925/925/925 929/929/929 946/946/946
f 948/948/948 925/925/925 946/946/946
f 950/950/950 955/955/955 956/956/956
f 956/956/956 953/953/953 950/950/950
f 958/958/958 961/961/961 964/964/964
f 964/964/964 963/963/963 958/958/958
f 952/952/952 957/957/957 965/965/965
f 965/965/965 960/960/960 952/952/952
f 954/954/954 951/951/951 959/959/959
f 959/959/959 962/962/962 954/954/954
f 1025/1025/1025 1014/1014/1014 1020/1020/1020
f 1014/1014/1014 1018/1018/1018 1020/1020/1020
f 1033/1033/1033 1035/1035/1035 1027/1027/1027
f 1033/1033/1033 1027/1027/1027 1030/1030/1030
f 982/982/982 979/979/979 966/966/966
f 982/982/982 966/966/966 969/969/969
f 988/988/988 983/983/983 970/970/970
f 988/988/988 970/970/970 976/976/976
f 985/985/985 989/989/989 975/975/975
f 985/985/985 975/975/975 972/972/972
f 978/978/978 986/986/986 973/973/973
f 978/978/978 973/973/973 968/968/968
f 967/967/967 974/974/974 994/994/994
f 967/967/967 994/994/994 990/990/990
f 974/974/974 977/977/977 997/997/997
f 974/974/974 997/997/997 994/994/994
f 977/977/977 971/971/971 999/999/999
f 977/977/977 999/999/999 997/997/997
f 971/971/971 967/967/967 990/990/990
f 971/971/971 990/990/990 999/999/999
f 980/980/980 981/981/981 1005/1005/1005
f 980/980/980 1005/1005/1005 1004/1004/1004
f 981/981/981 987/987/987 1009/1009/1009
f 981/981/981 1009/1009/1009 1005/1005/1005
f 987/987/987 984/984/984 1011/1011/1011
f 987/987/987 1011/1011/1011 1009/1009/1009
f 984/984/984 980/980/980 1004/1004/1004
f 984/984/984 1004/1004/1004 1011/1011/1011
f 1019/1019/1019 1015/1015/1015 991/991/991
f 1019/1019/1019 991/991/991 993/993/993
f 1022/1022/1022 1017/1017/1017 995/995/995
f 1022/1022/1022 995/995/995 998/998/998
f 1024/1024/1024 1021/1021/1021 996/996/996
f 1024/1024/1024 996/996/996 1000/1000/1000
f 1016/1016/1016 1023/1023/1023 1001/1001/1001
f 1016/1016/1016 1001/1001/1001 992/992/992
f 1003/1003/1003 1006/1006/1006 1029/1029/1029
f 1003/1003/1003 1029/1029/1029 1026/1026/1026
f 1007/1007/1007 1010/1010/1010 1034/1034/1034
f 1007/1007/1007 1034/1034/1034 1031/1031/1031
f 1008/1008/1008 1012/1012/1012 1036/1036/1036
f 1008/1008/1008 1036/1036/1036 1032/1032/1032
f 1013/1013/1013 1002/1002/1002 1028/1028/1028
f 1013/1013/1013 1028/1028/1028 1037/1037/1037
f 1096/1096/1096 1087/1087/1087 1094/1094/1094
f 1087/1087/1087 1091/1091/1091 1094/1094/1094
f 1104/1104/1104 1109/1109/1109 1100/1100/1100
f 1104/1104/1104 1100/1100/1100 1102/1102/1102
f 1054/1054/1054 1051/1051/1051 1040/1040/1040
f 1054/1054/1054 1040/1040/1040 1042/1042/1042
f 1060/1060/1060 1053/1053/1053 1043/1043/1043
f 1060/1060/1060 1043/1043/1043 1049/1049/1049
f 1057/1057/1057 1061/1061/1061 1047/1047/1047
f 1057/1057/1057 1047/1047/1047 1045/1045/1045
f 1052/1052/1052 1056/1056/1056 1044/1044/1044
f 1052/1052/1052 1044/1044/1044 1038/1038/1038
f 1039/1039/1039 1046/1046/1046 1066/1066/1066
f 1039/1039/1039 1066/1066/1066 1062/1062/1062
f 1046/1046/1046 1048/1048/1048 1069/1069/1069
f 1046/1046/1046 1069/1069/1069 1066/1066/1066
f 1048/1048/1048 1041/1041/1041 1073/1073/1073
f 1048/1048/1048 1073/1073/1073 1069/1069/1069
f 1041/1041/1041 1039/1039/1039 1062/1062/1062
f 1041/1041/1041 1062/1062/1062 1073/1073/1073
f 1050/1050/1050 1055/1055/1055 1079/1079/1079
f 1050/1050/1050 1079/1079/1079 1076/1076/1076
f 1055/1055/1055 1059/1059/1059 1082/1082/1082
f 1055/1055/1055 1082/1082/1082 1079/1079/1079
f 1059/1059/1059 1058/1058/1058 1083/1083/1083
f 1059/1059/1059 1083/1083/1083 1082/1082/1082
f 1058/1058/1058 1050/1050/1050 1076/1076/1076
f 1058/1058/1058 1076/1076/1076 1083/1083/1083
f 1090/1090/1090 1086/1086/1086 1064/1064/1064
f 1090/1090/1090 1064/1064/1064 1065/1065/1065
f 1093/1093/1093 1089/1089/1089 1067/1067/1067
f 1093/1093/1093 1067/1067/1067 1068/1068/1068
f 1095/1095/1095 1092/1092/1092 1070/1070/1070
f 1095/1095/1095 1070/1070/1070 1071/1071/1071
f 1088/1088/1088 1097/1097/1097 1072/1072/1072
f 1088/1088/1088 1072/1072/1072 1063/1063/1063
f 1074/1074/1074 1078/1078/1078 1101/1101/1101
f 1074/1074/1074 1101/1101/1101 1099/1099/1099
f 1077/1077/1077 1080/1080/1080 1105/1105/1105
f 1077/1077/1077 1105/1105/1105 1103/1103/1103
f 1081/1081/1081 1084/1084/1084 1108/1108/1108
f 1081/1081/1081 1108/1108/1108 1106/1106/1106
f 1085/1085/1085 1075/1075/1075 1098/1098/1098
f 1085/1085/1085 1098/1098/1098 1107/1107/1107
f 1167/1167/1167 1160/1160/1160 1166/1166/1166
f 1160/1160/1160 1163/1163/1163 1166/1166/1166
f 1178/1178/1178 1180/1180/1180 1172/1172/1172
f 1178/1178/1178 1172/1172/1172 1175/1175/1175
f 1125/1125/1125 1123/1123/1123 1112/1112/1112
f 1125/1125/1125 1112/1112/1112 1114/1114/1114
f 1133/1133/1133 1126/1126/1126 1113/1113/1113
f 1133/1133/1133 1113/1113/1113 1119/1119/1119
f 1130/1130/1130 1132/1132/1132 1120/1120/1120
f 1130/1130/1130 1120/1120/1120 1118/1118/1118
f 1124/1124/1124 1128/1128/1128 1117/1117/1117
f 1124/1124/1124 1117/1117/1117 1110/1110/1110
f 1111/1111/1111 1116/1116/1116 1139/1139/1139
f 1111/1111/1111 1139/1139/1139 1135/1135/1135
f 1116/1116/1116 1121/1121/1121 1142/1142/1142
f 1116/1116/1116 1142/1142/1142 1139/1139/1139
f 1121/1121/1121 1115/1115/1115 1145/1145/1145
f 1121/1121/1121 1145/1145/1145 1142/1142/1142
f 1115/1115/1115 1111/1111/1111 1135/1135/1135
f 1115/1115/1115 1135/1135/1135 1145/1145/1145
f 1122/1122/1122 1127/1127/1127 1149/1149/1149
f 1122/1122/1122 1149/1149/1149 1148/1148/1148
f 1127/1127/1127 1131/1131/1131 1154/1154/1154
f 1127/1127/1127 1154/1154/1154 1149/1149/1149
f 1131/1131/1131 1129/1129/1129 1156/1156/1156
f 1131/1131/1131 1156/1156/1156 1154/1154/1154
f 1129/1129/1129 1122/1122/1122 1148/1148/1148
f 1129/1129/1129 1148/1148/1148 1156/1156/1156
f 1161/1161/1161 1159/1159/1159 1136/1136/1136
f 1161/1161/1161 1136/1136/1136 1138/1138/1138
f 1165/1165/1165 1162/1162/1162 1137/1137/1137
f 1165/1165/1165 1137/1137/1137 1141/1141/1141
f 1169/1169/1169 1164/1164/1164 1140/1140/1140
f 1169/1169/1169 1140/1140/1140 1144/1144/1144
f 1158/1158/1158 1168/1168/1168 1143/1143/1143
f 1158/1158/1158 1143/1143/1143 1134/1134/1134
f 1146/1146/1146 1150/1150/1150 1174/1174/1174
f 1146/1146/1146 1174/1174/1174 1171/1171/1171
f 1151/1151/1151 1152/1152/1152 1176/1176/1176
f 1151/1151/1151 1176/1176/1176 1173/1173/1173
f 1153/1153/1153 1157/1157/1157 1181/1181/1181
f 1153/1153/1153 1181/1181/1181 1177/1177/1177
f 1155/1155/1155 1147/1147/1147 1170/1170/1170
f 1155/1155/1155 1170/1170/1170 1179/1179/1179

