mtllib material.mtl
usemtl material_0
v 0.79209600 -0.18085700 2.49862700
v 0.79209600 -0.18085700 2.49862700
v 0.79209600 -0.18085700 2.49862700
v -1.20790400 -0.18085600 2.49862800
v -1.20790400 -0.18085600 2.49862800
v -1.20790400 -0.18085600 2.49862800
v 0.79209700 -0.18085700 4.79862600
v 0.79209700 -0.18085700 4.79862600
v 0.79209700 -0.18085700 4.79862600
v -1.20790300 -0.18085500 4.79862700
v -1.20790300 -0.18085500 4.79862700
v -1.20790300 -0.18085500 4.79862700
v 0.79209600 -0.15389600 2.49862700
v 0.79209600 -0.15389600 2.49862700
v 0.79209600 -0.15389600 2.49862700
v -1.20790400 -0.15389500 2.49862800
v -1.20790400 -0.15389500 2.49862800
v -1.20790400 -0.15389500 2.49862800
v 0.79209700 -0.15389500 4.79862600
v 0.79209700 -0.15389500 4.79862600
v 0.79209700 -0.15389500 4.79862600
v -1.20790300 -0.15389400 4.79862700
v -1.20790300 -0.15389400 4.79862700
v -1.20790300 -0.15389400 4.79862700
v -0.16908300 -0.31225700 1.34886900
v -0.10183900 -0.27343500 1.34886900
v -0.06301600 -0.20619100 1.34887000
v -0.06301600 -0.12854600 1.34887000
v -0.10183900 -0.06130300 1.34887000
v -0.16908200 -0.02248000 1.34886900
v -0.16908300 -0.31225700 1.44301000
v -0.16908300 -0.31225700 1.44301000
v -0.10183900 -0.27343500 1.44301000
v -0.10183900 -0.27343500 1.44301000
v -0.06301600 -0.20619100 1.44301000
v -0.06301600 -0.20619100 1.44301000
v -0.06301600 -0.20619100 1.44301000
v -0.06301600 -0.12854600 1.44301000
v -0.06301600 -0.12854600 1.44301000
v -0.06301600 -0.12854600 1.44301000
v -0.10183900 -0.06130300 1.44301000
v -0.10183900 -0.06130300 1.44301000
v -0.16908200 -0.02248000 1.44301000
v -0.16908200 -0.02248000 1.44301000
v -0.06301700 -0.20619100 1.69301000
v -0.06301700 -0.20619100 1.69301000
v -0.06301600 -0.12854600 1.69301000
v -0.06301600 -0.12854600 1.69301000
v -0.11301700 -0.20619100 1.74301000
v -0.11301700 -0.20619100 1.74301000
v -0.11301600 -0.12854600 1.74301000
v -0.11301600 -0.12854600 1.74301000
v -0.06857200 -0.20619100 1.72078800
v -0.06857200 -0.20619100 1.72078800
v -0.08523900 -0.20619100 1.73745500
v -0.08523900 -0.20619100 1.73745500
v -0.08523900 -0.12854600 1.73745500
v -0.08523900 -0.12854600 1.73745500
v -0.06857200 -0.12854600 1.72078800
v -0.06857200 -0.12854600 1.72078800
v -0.08732700 -0.14736800 1.67438400
v -0.11330100 -0.14736800 1.68939500
v -0.07001000 -0.16736800 1.66437700
v 0.25607500 -0.16736800 2.46738300
v 0.25607500 -0.16736800 2.46738300
v 0.25607500 -0.16736800 2.46738300
v 0.31158100 -0.14736800 2.46188800
v 0.31158100 -0.14736800 2.46188800
v 0.33148400 -0.16736800 2.45991800
v 0.33148400 -0.16736800 2.45991800
v 0.27597700 -0.18736800 2.46541300
v 0.27597700 -0.18736800 2.46541300
v 0.26380900 -0.13464300 2.52970500
v 0.26380900 -0.13464300 2.52970500
v 0.34572900 -0.15729000 2.52871700
v 0.34572900 -0.15729000 2.52871700
v 0.32273800 -0.19469200 2.52938100
v 0.32273800 -0.19469200 2.52938100
v 0.24540300 -0.17737100 2.53034000
v 0.24540300 -0.17737100 2.53034000
v 0.24540300 -0.17737100 2.53034000
v 0.32104700 -0.13470700 2.46094800
v 0.32104700 -0.13470700 2.46094800
v 0.24190200 -0.15736800 2.46879700
v 0.24190200 -0.15736800 2.46879700
v 0.26179300 -0.19803700 2.46682400
v 0.26179300 -0.19803700 2.46682400
v 0.34093800 -0.18069900 2.45897500
v 0.34093800 -0.18069900 2.45897500
v -0.13061800 -0.16736800 1.69940200
v -0.13061800 -0.16736800 1.69940200
v -0.11330100 -0.18736800 1.68939500
v -0.08732700 -0.18736800 1.67438400
v 0.27597700 -0.14736800 2.46541300
v 0.27597700 -0.14736800 2.46541300
v 0.31158100 -0.18736800 2.46188800
v 0.31158100 -0.18736800 2.46188800
v 0.24455000 -0.15398000 2.53015100
v 0.24455000 -0.15398000 2.53015100
v 0.32737400 -0.13670800 2.52880000
v 0.32737400 -0.13670800 2.52880000
v 0.34435600 -0.17406500 2.52888600
v 0.34435600 -0.17406500 2.52888600
v 0.26611800 -0.19666200 2.53021000
v 0.26611800 -0.19666200 2.53021000
v 0.34093800 -0.15403800 2.45897500
v 0.34093800 -0.15403800 2.45897500
v 0.26179300 -0.13669900 2.46682400
v 0.26179300 -0.13669900 2.46682400
v 0.24190200 -0.17736800 2.46879700
v 0.24190200 -0.17736800 2.46879700
v 0.24190200 -0.17736800 2.46879700
v 0.32104700 -0.20003000 2.46094800
v 0.32104700 -0.20003000 2.46094800
v -0.07770600 -0.14959000 1.66882500
v -0.07193400 -0.15625700 1.66548900
v -0.12869400 -0.15625700 1.69829000
v -0.12292200 -0.14959000 1.69495400
v -0.12292200 -0.18514600 1.69495400
v -0.12869400 -0.17847900 1.69829000
v -0.07193400 -0.17847900 1.66548900
v -0.07770600 -0.18514600 1.66882500
v 0.25828600 -0.15625700 2.46716500
v 0.25828600 -0.15625700 2.46716500
v 0.26492000 -0.14959000 2.46650800
v 0.26492000 -0.14959000 2.46650800
v 0.32263800 -0.14959000 2.46079300
v 0.32263800 -0.14959000 2.46079300
v 0.32927300 -0.15625700 2.46013600
v 0.32927300 -0.15625700 2.46013600
v 0.32927300 -0.17847900 2.46013600
v 0.32927300 -0.17847900 2.46013600
v 0.32263800 -0.18514600 2.46079300
v 0.32263800 -0.18514600 2.46079300
v 0.26492000 -0.18514600 2.46650800
v 0.26492000 -0.18514600 2.46650800
v 0.25828600 -0.17847900 2.46716500
v 0.25828600 -0.17847900 2.46716500
v 0.25278600 -0.13650300 2.52988100
v 0.25278600 -0.13650300 2.52988100
v 0.24636600 -0.14294900 2.53002900
v 0.24636600 -0.14294900 2.53002900
v 0.34441500 -0.14614400 2.52863600
v 0.34441500 -0.14614400 2.52863600
v 0.33829700 -0.13928300 2.52866400
v 0.33829700 -0.13928300 2.52866400
v 0.33402300 -0.19209100 2.52919600
v 0.33402300 -0.19209100 2.52919600
v 0.34122800 -0.18521500 2.52903100
v 0.34122800 -0.18521500 2.52903100
v 0.24802900 -0.18839700 2.53039800
v 0.24802900 -0.18839700 2.53039800
v 0.25493400 -0.19482700 2.53035400
v 0.25493400 -0.19482700 2.53035400
v 0.33209800 -0.13655700 2.45985200
v 0.33209800 -0.13655700 2.45985200
v 0.33872800 -0.14300100 2.45919400
v 0.33872800 -0.14300100 2.45919400
v 0.24411200 -0.14618300 2.46857700
v 0.24411200 -0.14618300 2.46857700
v 0.25074300 -0.13929300 2.46792000
v 0.25074300 -0.13929300 2.46792000
v 0.25074300 -0.19544300 2.46792000
v 0.25074300 -0.19544300 2.46792000
v 0.24411200 -0.18855400 2.46857700
v 0.24411200 -0.18855400 2.46857700
v 0.33872800 -0.19173600 2.45919400
v 0.33872800 -0.19173600 2.45919400
v 0.33209800 -0.19817900 2.45985200
v 0.33209800 -0.19817900 2.45985200
v 0.32666600 -0.14556600 2.52888800
v 0.26414000 -0.14352800 2.52977700
v 0.32344700 -0.18582200 2.52929200
v 0.26578700 -0.18779100 2.53013800
v 0.32578100 -0.15663700 2.52899900
v 0.26455300 -0.15463400 2.52986700
v 0.32433400 -0.17473400 2.52918100
v 0.26537500 -0.17670400 2.53004700
v -0.20790500 -0.31225700 1.44301000
v -0.20790500 -0.31225700 1.44301000
v -0.20790500 -0.31225700 1.44301000
v -0.20790500 -0.20619100 1.44301000
v -0.20790500 -0.20619100 1.44301000
v -0.20790500 -0.20619100 1.74301000
v -0.20790500 -0.20619100 1.74301000
v -0.20790500 -0.20619100 1.74301000
v 0.24056800 -0.14829300 2.34617200
v 0.24056800 -0.14829300 2.34617200
v 0.24056800 -0.14829300 2.39325700
v 0.24056800 -0.14829300 2.39325700
v 0.24056800 -0.18644700 2.39325700
v 0.24056800 -0.18644700 2.39325700
v 0.24056800 -0.18644700 2.34617200
v 0.24056800 -0.18644700 2.34617200
v -0.20790500 -0.13343700 2.34617200
v -0.20790500 -0.13343700 2.34617200
v -0.20790500 -0.13343700 2.39325700
v -0.20790500 -0.13343700 2.39325700
v -0.20790500 -0.17159100 2.39325700
v -0.20790500 -0.17159100 2.39325700
v -0.20790500 -0.17159100 2.34617200
v -0.20790500 -0.17159100 2.34617200
v -0.03994400 -0.13343700 2.34617200
v -0.03994400 -0.13343700 2.34617200
v -0.03994400 -0.13343700 2.34617200
v -0.03994400 -0.13343700 2.39325700
v -0.03994400 -0.13343700 2.39325700
v -0.03994400 -0.13343700 2.39325700
v -0.03994400 -0.17159100 2.39325700
v -0.03994400 -0.17159100 2.39325700
v -0.03994400 -0.17159100 2.39325700
v -0.03994400 -0.17159100 2.34617200
v -0.03994400 -0.17159100 2.34617200
v -0.03994400 -0.17159100 2.34617200
v -0.01842900 -0.14829300 2.39325700
v -0.01842900 -0.14829300 2.39325700
v -0.01842900 -0.14829300 2.39325700
v -0.01842900 -0.14829300 2.34617200
v -0.01842900 -0.14829300 2.34617200
v -0.01842900 -0.14829300 2.34617200
v -0.01842900 -0.18644700 2.34617200
v -0.01842900 -0.18644700 2.34617200
v -0.01842900 -0.18644700 2.34617200
v -0.01842900 -0.18644700 2.39325700
v -0.01842900 -0.18644700 2.39325700
v -0.01842900 -0.18644700 2.39325700
v -0.24672800 -0.31225700 1.34886900
v -0.31397100 -0.27343400 1.34886900
v -0.31397100 -0.27343400 1.44301000
v -0.31397100 -0.27343400 1.44301000
v -0.24672800 -0.31225700 1.44301000
v -0.24672800 -0.31225700 1.44301000
v -0.35279400 -0.20619100 1.34886900
v -0.35279400 -0.20619100 1.44301000
v -0.35279400 -0.20619100 1.44301000
v -0.35279400 -0.20619100 1.44301000
v -0.35279400 -0.12854600 1.34886900
v -0.35279400 -0.12854600 1.44301000
v -0.35279400 -0.12854600 1.44301000
v -0.35279400 -0.12854600 1.44301000
v -0.31397100 -0.06130200 1.34886900
v -0.31397100 -0.06130200 1.44301000
v -0.31397100 -0.06130200 1.44301000
v -0.24672800 -0.02248000 1.34886900
v -0.24672800 -0.02248000 1.44301000
v -0.24672800 -0.02248000 1.44301000
v -0.20790500 -0.02248000 1.34886900
v -0.20790500 -0.02248000 1.34886900
v -0.20790500 -0.02248000 1.44301000
v -0.20790500 -0.02248000 1.44301000
v -0.20790500 -0.02248000 1.44301000
v -0.35279400 -0.12854500 1.69301000
v -0.35279400 -0.12854500 1.69301000
v -0.35279400 -0.20619100 1.69301000
v -0.35279400 -0.20619100 1.69301000
v -0.30279400 -0.20619100 1.74301000
v -0.30279400 -0.20619100 1.74301000
v -0.33057200 -0.20619100 1.73745500
v -0.33057200 -0.20619100 1.73745500
v -0.33057200 -0.12854600 1.73745500
v -0.33057200 -0.12854600 1.73745500
v -0.30279400 -0.12854600 1.74301000
v -0.30279400 -0.12854600 1.74301000
v -0.34723900 -0.20619100 1.72078800
v -0.34723900 -0.20619100 1.72078800
v -0.34723900 -0.12854500 1.72078800
v -0.34723900 -0.12854500 1.72078800
v -0.74318500 -0.13670700 2.52880000
v -0.74318500 -0.13670700 2.52880000
v -0.73685800 -0.13470600 2.46094700
v -0.73685800 -0.13470600 2.46094700
v -0.67760400 -0.13669900 2.46682400
v -0.67760400 -0.13669900 2.46682400
v -0.67962000 -0.13464200 2.52970400
v -0.67962000 -0.13464200 2.52970400
v -0.66036100 -0.15397900 2.53015100
v -0.66036100 -0.15397900 2.53015100
v -0.66036100 -0.15397900 2.53015100
v -0.65771300 -0.15736800 2.46879600
v -0.65771300 -0.15736800 2.46879600
v -0.65771300 -0.15736800 2.46879600
v -0.65771300 -0.17736800 2.46879600
v -0.65771300 -0.17736800 2.46879600
v -0.66121400 -0.17737100 2.53034000
v -0.66121400 -0.17737100 2.53034000
v -0.68192900 -0.19666100 2.53021000
v -0.68192900 -0.19666100 2.53021000
v -0.67760400 -0.19803600 2.46682400
v -0.67760400 -0.19803600 2.46682400
v -0.73685800 -0.20002900 2.46094700
v -0.73685800 -0.20002900 2.46094700
v -0.73854900 -0.19469100 2.52938000
v -0.73854900 -0.19469100 2.52938000
v -0.76016700 -0.17406400 2.52888600
v -0.76016700 -0.17406400 2.52888600
v -0.75674900 -0.18069800 2.45897500
v -0.75674900 -0.18069800 2.45897500
v -0.75674900 -0.15403700 2.45897500
v -0.75674900 -0.15403700 2.45897500
v -0.76154000 -0.15728900 2.52871700
v -0.76154000 -0.15728900 2.52871700
v -0.30250900 -0.18736800 1.68939500
v -0.29288900 -0.18514600 1.69495400
v -0.28711700 -0.17847900 1.69829000
v -0.28519300 -0.16736800 1.69940200
v -0.28519300 -0.16736800 1.69940200
v -0.28711700 -0.15625700 1.69829000
v -0.29288900 -0.14959000 1.69495400
v -0.30250900 -0.14736800 1.68939500
v -0.32848400 -0.14736800 1.67438400
v -0.33810400 -0.14959000 1.66882500
v -0.34387600 -0.15625700 1.66548900
v -0.34580000 -0.16736800 1.66437700
v -0.34387600 -0.17847900 1.66548900
v -0.33810400 -0.18514600 1.66882500
v -0.32848400 -0.18736800 1.67438400
v -0.72739200 -0.14736700 2.46188800
v -0.72739200 -0.14736700 2.46188800
v -0.69178800 -0.14736700 2.46541300
v -0.69178800 -0.14736700 2.46541300
v -0.69178800 -0.18736700 2.46541300
v -0.69178800 -0.18736700 2.46541300
v -0.72739200 -0.18736700 2.46188800
v -0.72739200 -0.18736700 2.46188800
v -0.67188500 -0.16736800 2.46738300
v -0.67188500 -0.16736800 2.46738300
v -0.67188500 -0.16736800 2.46738300
v -0.74729500 -0.16736700 2.45991700
v -0.74729500 -0.16736700 2.45991700
v -0.75410800 -0.13928300 2.52866400
v -0.75410800 -0.13928300 2.52866400
v -0.74790800 -0.13655600 2.45985100
v -0.74790800 -0.13655600 2.45985100
v -0.68073100 -0.14959000 2.46650800
v -0.68073100 -0.14959000 2.46650800
v -0.67409700 -0.17847900 2.46716500
v -0.67409700 -0.17847900 2.46716500
v -0.73844900 -0.18514500 2.46079300
v -0.73844900 -0.18514500 2.46079300
v -0.66655300 -0.13929200 2.46792000
v -0.66655300 -0.13929200 2.46792000
v -0.66859700 -0.13650200 2.52988100
v -0.66859700 -0.13650200 2.52988100
v -0.73844900 -0.14959000 2.46079300
v -0.73844900 -0.14959000 2.46079300
v -0.74790800 -0.19817900 2.45985100
v -0.74790800 -0.19817900 2.45985100
v -0.74983300 -0.19209000 2.52919500
v -0.74983300 -0.19209000 2.52919500
v -0.65992300 -0.18855300 2.46857700
v -0.65992300 -0.18855300 2.46857700
v -0.66384000 -0.18839700 2.53039800
v -0.66384000 -0.18839700 2.53039800
v -0.74508300 -0.15625600 2.46013600
v -0.74508300 -0.15625600 2.46013600
v -0.75453900 -0.14300000 2.45919400
v -0.75453900 -0.14300000 2.45919400
v -0.76022600 -0.14614300 2.52863600
v -0.76022600 -0.14614300 2.52863600
v -0.67409700 -0.15625600 2.46716500
v -0.67409700 -0.15625600 2.46716500
v -0.68073100 -0.18514500 2.46650800
v -0.68073100 -0.18514500 2.46650800
v -0.74508300 -0.17847900 2.46013600
v -0.74508300 -0.17847900 2.46013600
v -0.65992300 -0.14618200 2.46857700
v -0.65992300 -0.14618200 2.46857700
v -0.66217700 -0.14294800 2.53002900
v -0.66217700 -0.14294800 2.53002900
v -0.75453900 -0.19173500 2.45919400
v -0.75453900 -0.19173500 2.45919400
v -0.75703900 -0.18521500 2.52903100
v -0.75703900 -0.18521500 2.52903100
v -0.66655300 -0.19544300 2.46792000
v -0.66655300 -0.19544300 2.46792000
v -0.67074400 -0.19482700 2.53035400
v -0.67074400 -0.19482700 2.53035400
v -0.68159800 -0.18779000 2.53013700
v -0.73925800 -0.18582200 2.52929200
v -0.74247700 -0.14556500 2.52888800
v -0.67995100 -0.14352700 2.52977700
v -0.74014500 -0.17473300 2.52918100
v -0.68118600 -0.17670300 2.53004700
v -0.74159100 -0.15663600 2.52899900
v -0.68036400 -0.15463400 2.52986700
v -0.20790500 -0.31225700 1.34886900
v -0.20790500 -0.31225700 1.34886900
v -0.20790500 -0.12854600 1.44301000
v -0.20790500 -0.12854600 1.44301000
v -0.20790500 -0.12854600 1.74301000
v -0.20790500 -0.12854600 1.74301000
v -0.20790500 -0.12854600 1.74301000
v -0.65637900 -0.14829200 2.34617200
v -0.65637900 -0.14829200 2.34617200
v -0.39738200 -0.14829300 2.34617200
v -0.39738200 -0.14829300 2.34617200
v -0.39738200 -0.14829300 2.34617200
v -0.39738200 -0.14829300 2.39325700
v -0.39738200 -0.14829300 2.39325700
v -0.39738200 -0.14829300 2.39325700
v -0.65637900 -0.14829200 2.39325700
v -0.65637900 -0.14829200 2.39325700
v -0.39738200 -0.18644700 2.39325700
v -0.39738200 -0.18644700 2.39325700
v -0.39738200 -0.18644700 2.39325700
v -0.65637900 -0.18644700 2.39325700
v -0.65637900 -0.18644700 2.39325700
v -0.39738200 -0.18644700 2.34617200
v -0.39738200 -0.18644700 2.34617200
v -0.39738200 -0.18644700 2.34617200
v -0.65637900 -0.18644700 2.34617200
v -0.65637900 -0.18644700 2.34617200
v -0.37586700 -0.13343700 2.34617200
v -0.37586700 -0.13343700 2.34617200
v -0.37586700 -0.13343700 2.34617200
v -0.37586700 -0.13343700 2.39325700
v -0.37586700 -0.13343700 2.39325700
v -0.37586700 -0.13343700 2.39325700
v -0.37586700 -0.17159100 2.39325700
v -0.37586700 -0.17159100 2.39325700
v -0.37586700 -0.17159100 2.39325700
v -0.37586700 -0.17159100 2.34617200
v -0.37586700 -0.17159100 2.34617200
v -0.37586700 -0.17159100 2.34617200
v -1.16996300 -0.17842800 7.15837000
v -1.16996300 -0.17842800 7.15837000
v -1.09308100 -0.17842800 7.15837000
v -1.09308100 -0.17842800 7.15837000
v -1.16996300 -0.17842800 7.22956700
v -1.16996300 -0.17842800 7.22956700
v -1.09308100 -0.17842800 7.22956700
v -1.09308100 -0.17842800 7.22956700
v -1.16996300 -0.15631300 7.15837000
v -1.16996300 -0.15631300 7.15837000
v -1.09308100 -0.15631300 7.15837000
v -1.09308100 -0.15631300 7.15837000
v -1.16996300 -0.15631300 7.22956700
v -1.16996300 -0.15631300 7.22956700
v -1.09308100 -0.15631300 7.22956700
v -1.09308100 -0.15631300 7.22956700
v -1.18494200 -0.18237000 7.19396800
v -1.18494200 -0.18237000 7.19396800
v -1.18494200 -0.18036100 7.20146800
v -1.18494200 -0.18036100 7.20146800
v -1.18494200 -0.17487000 7.20695900
v -1.18494200 -0.17487000 7.20695900
v -1.18494200 -0.16737000 7.20896800
v -1.18494200 -0.16737000 7.20896800
v -1.18494200 -0.16737000 7.20896800
v -1.18494200 -0.15987000 7.20695900
v -1.18494200 -0.15987000 7.20695900
v -1.18494200 -0.15438000 7.20146800
v -1.18494200 -0.15438000 7.20146800
v -1.18494200 -0.15237000 7.19396800
v -1.18494200 -0.15237000 7.19396800
v -1.18494200 -0.15438000 7.18646800
v -1.18494200 -0.15438000 7.18646800
v -1.18494200 -0.15987000 7.18097800
v -1.18494200 -0.15987000 7.18097800
v -1.18494200 -0.16737000 7.17896800
v -1.18494200 -0.16737000 7.17896800
v -1.18494200 -0.17487000 7.18097800
v -1.18494200 -0.17487000 7.18097800
v -1.18494200 -0.18036100 7.18646800
v -1.18494200 -0.18036100 7.18646800
v -0.93488600 -0.18237100 7.19396800
v -0.93488600 -0.18237100 7.19396800
v -0.93488600 -0.18036100 7.20146800
v -0.93488600 -0.18036100 7.20146800
v -0.93488600 -0.17487100 7.20695900
v -0.93488600 -0.17487100 7.20695900
v -0.93488600 -0.16737100 7.20896800
v -0.93488600 -0.16737100 7.20896800
v -0.93488600 -0.16737100 7.20896800
v -0.93488600 -0.15987100 7.20695900
v -0.93488600 -0.15987100 7.20695900
v -0.93488600 -0.15438000 7.20146800
v -0.93488600 -0.15438000 7.20146800
v -0.93488600 -0.15237100 7.19396800
v -0.93488600 -0.15237100 7.19396800
v -0.93488600 -0.15438000 7.18646800
v -0.93488600 -0.15438000 7.18646800
v -0.93488600 -0.15987100 7.18097800
v -0.93488600 -0.15987100 7.18097800
v -0.93488600 -0.16737100 7.17896800
v -0.93488600 -0.16737100 7.17896800
v -0.93488600 -0.17487100 7.18097800
v -0.93488600 -0.17487100 7.18097800
v -0.93488600 -0.18036100 7.18646800
v -0.93488600 -0.18036100 7.18646800
v -1.02674700 -0.17842800 7.15837000
v -1.02674700 -0.17842800 7.15837000
v -0.94986500 -0.17842800 7.15837000
v -0.94986500 -0.17842800 7.15837000
v -1.02674700 -0.17842800 7.22956700
v -1.02674700 -0.17842800 7.22956700
v -0.94986500 -0.17842800 7.22956700
v -0.94986500 -0.17842800 7.22956700
v -1.02674700 -0.15631300 7.15837000
v -1.02674700 -0.15631300 7.15837000
v -0.94986500 -0.15631300 7.15837000
v -0.94986500 -0.15631300 7.15837000
v -1.02674700 -0.15631300 7.22956700
v -1.02674700 -0.15631300 7.22956700
v -0.94986500 -0.15631300 7.22956700
v -0.94986500 -0.15631300 7.22956700
v 0.75416000 -0.17843100 7.15836700
v 0.75416000 -0.17843100 7.15836700
v 0.67727800 -0.17843100 7.15836700
v 0.67727800 -0.17843100 7.15836700
v 0.75416000 -0.17843100 7.22956400
v 0.75416000 -0.17843100 7.22956400
v 0.67727800 -0.17843100 7.22956400
v 0.67727800 -0.17843100 7.22956400
v 0.75416000 -0.15631700 7.15836700
v 0.75416000 -0.15631700 7.15836700
v 0.67727800 -0.15631700 7.15836700
v 0.67727800 -0.15631700 7.15836700
v 0.75416000 -0.15631600 7.22956400
v 0.75416000 -0.15631600 7.22956400
v 0.67727800 -0.15631600 7.22956400
v 0.67727800 -0.15631600 7.22956400
v 0.76913800 -0.18237400 7.19396500
v 0.76913800 -0.18237400 7.19396500
v 0.76913800 -0.18036400 7.20146600
v 0.76913800 -0.18036400 7.20146600
v 0.76913800 -0.17487400 7.20695600
v 0.76913800 -0.17487400 7.20695600
v 0.76913800 -0.16737400 7.20896500
v 0.76913800 -0.16737400 7.20896500
v 0.76913800 -0.16737400 7.20896500
v 0.76913800 -0.15987400 7.20695600
v 0.76913800 -0.15987400 7.20695600
v 0.76913800 -0.15438300 7.20146600
v 0.76913800 -0.15438300 7.20146600
v 0.76913800 -0.15237400 7.19396600
v 0.76913800 -0.15237400 7.19396600
v 0.76913800 -0.15438300 7.18646600
v 0.76913800 -0.15438300 7.18646600
v 0.76913800 -0.15987400 7.18097500
v 0.76913800 -0.15987400 7.18097500
v 0.76913800 -0.16737400 7.17896600
v 0.76913800 -0.16737400 7.17896600
v 0.76913800 -0.17487400 7.18097500
v 0.76913800 -0.17487400 7.18097500
v 0.76913800 -0.18036400 7.18646500
v 0.76913800 -0.18036400 7.18646500
v 0.51908300 -0.18237400 7.19396500
v 0.51908300 -0.18237400 7.19396500
v 0.51908300 -0.18036400 7.20146600
v 0.51908300 -0.18036400 7.20146600
v 0.51908300 -0.17487400 7.20695600
v 0.51908300 -0.17487400 7.20695600
v 0.51908300 -0.16737400 7.20896500
v 0.51908300 -0.16737400 7.20896500
v 0.51908300 -0.16737400 7.20896500
v 0.51908300 -0.15987400 7.20695600
v 0.51908300 -0.15987400 7.20695600
v 0.51908300 -0.15438300 7.20146600
v 0.51908300 -0.15438300 7.20146600
v 0.51908300 -0.15237400 7.19396500
v 0.51908300 -0.15237400 7.19396500
v 0.51908300 -0.15438300 7.18646500
v 0.51908300 -0.15438300 7.18646500
v 0.51908300 -0.15987400 7.18097500
v 0.51908300 -0.15987400 7.18097500
v 0.51908300 -0.16737400 7.17896600
v 0.51908300 -0.16737400 7.17896600
v 0.51908300 -0.17487400 7.18097500
v 0.51908300 -0.17487400 7.18097500
v 0.51908300 -0.18036400 7.18646500
v 0.51908300 -0.18036400 7.18646500
v 0.61094400 -0.17843100 7.15836800
v 0.61094400 -0.17843100 7.15836800
v 0.53406200 -0.17843100 7.15836800
v 0.53406200 -0.17843100 7.15836800
v 0.61094400 -0.17843100 7.22956400
v 0.61094400 -0.17843100 7.22956400
v 0.53406200 -0.17843100 7.22956400
v 0.53406200 -0.17843100 7.22956400
v 0.61094400 -0.15631700 7.15836800
v 0.61094400 -0.15631700 7.15836800
v 0.53406200 -0.15631600 7.15836800
v 0.53406200 -0.15631600 7.15836800
v 0.61094400 -0.15631600 7.22956400
v 0.61094400 -0.15631600 7.22956400
v 0.53406200 -0.15631600 7.22956400
v 0.53406200 -0.15631600 7.22956400
v -1.16996400 -0.17842800 4.79439700
v -1.16996400 -0.17842800 4.79439700
v -1.09308200 -0.17842800 4.79439700
v -1.09308200 -0.17842800 4.79439700
v -1.16996300 -0.17842800 4.86559400
v -1.16996300 -0.17842800 4.86559400
v -1.09308200 -0.17842800 4.86559400
v -1.09308200 -0.17842800 4.86559400
v -1.16996400 -0.15631300 4.79439600
v -1.16996400 -0.15631300 4.79439600
v -1.09308200 -0.15631300 4.79439600
v -1.09308200 -0.15631300 4.79439600
v -1.16996300 -0.15631300 4.86559400
v -1.16996300 -0.15631300 4.86559400
v -1.09308200 -0.15631300 4.86559400
v -1.09308200 -0.15631300 4.86559400
v -1.18494200 -0.18237000 4.82999500
v -1.18494200 -0.18237000 4.82999500
v -1.18494200 -0.18036100 4.83749500
v -1.18494200 -0.18036100 4.83749500
v -1.18494200 -0.17487000 4.84298600
v -1.18494200 -0.17487000 4.84298600
v -1.18494200 -0.16737000 4.84499500
v -1.18494200 -0.16737000 4.84499500
v -1.18494200 -0.16737000 4.84499500
v -1.18494200 -0.15987000 4.84298600
v -1.18494200 -0.15987000 4.84298600
v -1.18494200 -0.15438000 4.83749500
v -1.18494200 -0.15438000 4.83749500
v -1.18494200 -0.15237000 4.82999500
v -1.18494200 -0.15237000 4.82999500
v -1.18494200 -0.15438000 4.82249500
v -1.18494200 -0.15438000 4.82249500
v -1.18494200 -0.15987000 4.81700500
v -1.18494200 -0.15987000 4.81700500
v -1.18494200 -0.16737000 4.81499500
v -1.18494200 -0.16737000 4.81499500
v -1.18494200 -0.17487000 4.81700500
v -1.18494200 -0.17487000 4.81700500
v -1.18494200 -0.18036100 4.82249500
v -1.18494200 -0.18036100 4.82249500
v -0.93488700 -0.18237100 4.82999500
v -0.93488700 -0.18237100 4.82999500
v -0.93488700 -0.18036100 4.83749500
v -0.93488700 -0.18036100 4.83749500
v -0.93488700 -0.17487100 4.84298500
v -0.93488700 -0.17487100 4.84298500
v -0.93488700 -0.16737100 4.84499500
v -0.93488700 -0.16737100 4.84499500
v -0.93488700 -0.16737100 4.84499500
v -0.93488700 -0.15987100 4.84298500
v -0.93488700 -0.15987100 4.84298500
v -0.93488700 -0.15438000 4.83749500
v -0.93488700 -0.15438000 4.83749500
v -0.93488700 -0.15237100 4.82999500
v -0.93488700 -0.15237100 4.82999500
v -0.93488700 -0.15438000 4.82249500
v -0.93488700 -0.15438000 4.82249500
v -0.93488700 -0.15987100 4.81700500
v -0.93488700 -0.15987100 4.81700500
v -0.93488700 -0.16737100 4.81499500
v -0.93488700 -0.16737100 4.81499500
v -0.93488700 -0.17487100 4.81700500
v -0.93488700 -0.17487100 4.81700500
v -0.93488700 -0.18036100 4.82249500
v -0.93488700 -0.18036100 4.82249500
v -1.02674800 -0.17842800 4.79439700
v -1.02674800 -0.17842800 4.79439700
v -0.94986600 -0.17842800 4.79439700
v -0.94986600 -0.17842800 4.79439700
v -1.02674800 -0.17842800 4.86559300
v -1.02674800 -0.17842800 4.86559300
v -0.94986600 -0.17842800 4.86559300
v -0.94986600 -0.17842800 4.86559300
v -1.02674800 -0.15631300 4.79439700
v -1.02674800 -0.15631300 4.79439700
v -0.94986600 -0.15631300 4.79439700
v -0.94986600 -0.15631300 4.79439700
v -1.02674800 -0.15631300 4.86559300
v -1.02674800 -0.15631300 4.86559300
v -0.94986600 -0.15631300 4.86559300
v -0.94986600 -0.15631300 4.86559300
v 0.75415600 -0.17843000 4.79439600
v 0.75415600 -0.17843000 4.79439600
v 0.67727400 -0.17843000 4.79439600
v 0.67727400 -0.17843000 4.79439600
v 0.75415600 -0.17843000 4.86559300
v 0.75415600 -0.17843000 4.86559300
v 0.67727400 -0.17843000 4.86559300
v 0.67727400 -0.17843000 4.86559300
v 0.75415600 -0.15631600 4.79439600
v 0.75415600 -0.15631600 4.79439600
v 0.67727400 -0.15631600 4.79439600
v 0.67727400 -0.15631600 4.79439600
v 0.75415600 -0.15631500 4.86559300
v 0.75415600 -0.15631500 4.86559300
v 0.67727400 -0.15631500 4.86559300
v 0.67727400 -0.15631500 4.86559300
v 0.76913500 -0.18237300 4.82999400
v 0.76913500 -0.18237300 4.82999400
v 0.76913500 -0.18036300 4.83749400
v 0.76913500 -0.18036300 4.83749400
v 0.76913500 -0.17487300 4.84298500
v 0.76913500 -0.17487300 4.84298500
v 0.76913500 -0.16737300 4.84499500
v 0.76913500 -0.16737300 4.84499500
v 0.76913500 -0.16737300 4.84499500
v 0.76913500 -0.15987300 4.84298500
v 0.76913500 -0.15987300 4.84298500
v 0.76913500 -0.15438200 4.83749400
v 0.76913500 -0.15438200 4.83749400
v 0.76913500 -0.15237300 4.82999400
v 0.76913500 -0.15237300 4.82999400
v 0.76913500 -0.15438200 4.82249500
v 0.76913500 -0.15438200 4.82249500
v 0.76913500 -0.15987300 4.81700400
v 0.76913500 -0.15987300 4.81700400
v 0.76913500 -0.16737300 4.81499400
v 0.76913500 -0.16737300 4.81499400
v 0.76913500 -0.17487300 4.81700400
v 0.76913500 -0.17487300 4.81700400
v 0.76913500 -0.18036300 4.82249500
v 0.76913500 -0.18036300 4.82249500
v 0.51908000 -0.18237300 4.82999400
v 0.51908000 -0.18237300 4.82999400
v 0.51908000 -0.18036300 4.83749400
v 0.51908000 -0.18036300 4.83749400
v 0.51908000 -0.17487300 4.84298500
v 0.51908000 -0.17487300 4.84298500
v 0.51908000 -0.16737300 4.84499500
v 0.51908000 -0.16737300 4.84499500
v 0.51908000 -0.16737300 4.84499500
v 0.51908000 -0.15987300 4.84298500
v 0.51908000 -0.15987300 4.84298500
v 0.51908000 -0.15438200 4.83749400
v 0.51908000 -0.15438200 4.83749400
v 0.51908000 -0.15237300 4.82999400
v 0.51908000 -0.15237300 4.82999400
v 0.51908000 -0.15438200 4.82249500
v 0.51908000 -0.15438200 4.82249500
v 0.51908000 -0.15987300 4.81700400
v 0.51908000 -0.15987300 4.81700400
v 0.51908000 -0.16737300 4.81499400
v 0.51908000 -0.16737300 4.81499400
v 0.51908000 -0.17487300 4.81700400
v 0.51908000 -0.17487300 4.81700400
v 0.51908000 -0.18036300 4.82249500
v 0.51908000 -0.18036300 4.82249500
v 0.61094000 -0.17843000 4.79439600
v 0.61094000 -0.17843000 4.79439600
v 0.53405900 -0.17843000 4.79439600
v 0.53405900 -0.17843000 4.79439600
v 0.61094000 -0.17843000 4.86559200
v 0.61094000 -0.17843000 4.86559200
v 0.53405900 -0.17843000 4.86559200
v 0.53405900 -0.17843000 4.86559200
v 0.61094000 -0.15631600 4.79439600
v 0.61094000 -0.15631600 4.79439600
v 0.53405900 -0.15631600 4.79439600
v 0.53405900 -0.15631600 4.79439600
v 0.61094000 -0.15631500 4.86559200
v 0.61094000 -0.15631500 4.86559200
v 0.53405900 -0.15631500 4.86559200
v 0.53405900 -0.15631500 4.86559200
v 0.79209500 -0.18085700 4.86260000
v 0.79209500 -0.18085700 4.86260000
v 0.79209500 -0.18085700 4.86260000
v -1.20790500 -0.18085500 4.86260100
v -1.20790500 -0.18085500 4.86260100
v -1.20790500 -0.18085500 4.86260100
v 0.79209600 -0.18085600 7.16260000
v 0.79209600 -0.18085600 7.16260000
v 0.79209600 -0.18085600 7.16260000
v -1.20790400 -0.18085500 7.16260100
v -1.20790400 -0.18085500 7.16260100
v -1.20790400 -0.18085500 7.16260100
v 0.79209500 -0.15389600 4.86260000
v 0.79209500 -0.15389600 4.86260000
v 0.79209500 -0.15389600 4.86260000
v -1.20790500 -0.15389400 4.86260100
v -1.20790500 -0.15389400 4.86260100
v -1.20790500 -0.15389400 4.86260100
v 0.79209600 -0.15389500 7.16260000
v 0.79209600 -0.15389500 7.16260000
v 0.79209600 -0.15389500 7.16260000
v -1.20790400 -0.15389400 7.16260100
v -1.20790400 -0.15389400 7.16260100
v -1.20790400 -0.15389400 7.16260100
v 0.79209500 -0.18085600 7.22657100
v 0.79209500 -0.18085600 7.22657100
v 0.79209500 -0.18085600 7.22657100
v -1.20790500 -0.18085500 7.22657200
v -1.20790500 -0.18085500 7.22657200
v -1.20790500 -0.18085500 7.22657200
v 0.79209600 -0.18085600 9.52657000
v 0.79209600 -0.18085600 9.52657000
v 0.79209600 -0.18085600 9.52657000
v -1.20790400 -0.18085500 9.52657100
v -1.20790400 -0.18085500 9.52657100
v -1.20790400 -0.18085500 9.52657100
v 0.79209500 -0.15389500 7.22657100
v 0.79209500 -0.15389500 7.22657100
v 0.79209500 -0.15389500 7.22657100
v -1.20790500 -0.15389400 7.22657200
v -1.20790500 -0.15389400 7.22657200
v -1.20790500 -0.15389400 7.22657200
v 0.79209600 -0.15389500 9.52657000
v 0.79209600 -0.15389500 9.52657000
v 0.79209600 -0.15389500 9.52657000
v -1.20790400 -0.15389400 9.52657100
v -1.20790400 -0.15389400 9.52657100
v -1.20790400 -0.15389400 9.52657100
vn -0.00000000 -1.00000000 -0.00000000
vn -0.00000000 -0.00000000 -1.00000000
vn 1.00000000 -0.00000000 -0.00000000
vn -0.00000000 -1.00000000 -0.00000000
vn -1.00000000 -0.00000000 -0.00000000
vn -0.00000000 -0.00000000 -1.00000000
vn 1.00000000 -0.00000000 -0.00000000
vn -0.00000000 -0.00000000 1.00000000
vn -0.00000000 -1.00000000 -0.00000000
vn -0.00000000 -0.00000000 1.00000000
vn -0.00000000 -1.00000000 -0.00000000
vn -1.00000000 -0.00000000 -0.00000000
vn -0.00000000 1.00000000 -0.00000000
vn 1.00000000 -0.00000000 -0.00000000
vn -0.00000000 -0.00000000 -1.00000000
vn -0.00000000 -0.00000000 -1.00000000
vn -1.00000000 -0.00000000 -0.00000000
vn -0.00000000 1.00000000 -0.00000000
vn -0.00000000 -0.00000000 1.00000000
vn -0.00000000 1.00000000 -0.00000000
vn 1.00000000 -0.00000000 -0.00000000
vn -0.00000000 1.00000000 -0.00000000
vn -1.00000000 -0.00000000 -0.00000000
vn -0.00000000 -0.00000000 1.00000000
vn 0.22800000 -0.97360000 -0.00000000
vn 0.68010000 -0.73310000 -0.00000000
vn 0.96250000 -0.27140000 -0.00000000
vn 0.96250000 0.27140000 -0.00000000
vn 0.68010000 0.73310000 -0.00000000
vn 0.22800000 0.97370000 -0.00000000
vn 0.22800000 -0.97360000 -0.00000000
vn -0.00000000 -0.00000000 1.00000000
vn 0.68010000 -0.73310000 -0.00000000
vn -0.00000000 -0.00000000 1.00000000
vn -0.00000000 -1.00000000 -0.00000000
vn 0.98300000 -0.18340000 -0.00000000
vn -0.00000000 -0.00000000 1.00000000
vn -0.00000000 1.00000000 -0.00000000
vn -0.00000000 -0.00000000 1.00000000
vn 0.98300000 0.18340000 -0.00000000
vn 0.68010000 0.73310000 -0.00000000
vn -0.00000000 -0.00000000 1.00000000
vn -0.00000000 -0.00000000 1.00000000
vn 0.22810000 0.97360000 -0.00000000
vn 0.99510000 -0.00000000 0.09850000
vn -0.00000000 -1.00000000 -0.00000000
vn -0.00000000 1.00000000 -0.00000000
vn 0.99510000 -0.00000000 0.09850000
vn 0.09850000 -0.00000000 0.99510000
vn -0.00000000 -1.00000000 -0.00000000
vn -0.00000000 1.00000000 -0.00000000
vn 0.09850000 -0.00000000 0.99510000
vn -0.00000000 -1.00000000 -0.00000000
vn 0.88170000 -0.00000000 0.47190000
vn 0.47190000 -0.00000000 0.88170000
vn -0.00000000 -1.00000000 -0.00000000
vn -0.00000000 1.00000000 -0.00000000
vn 0.47190000 -0.00000000 0.88170000
vn 0.88170000 -0.00000000 0.47190000
vn -0.00000000 1.00000000 -0.00000000
vn 0.08900000 0.99500000 -0.04510000
vn -0.08300000 0.99570000 0.04170000
vn 0.89270000 -0.00000000 -0.45070000
vn -0.89320000 -0.00000000 0.44960000
vn -0.89320000 -0.00000000 0.44960000
vn -0.09920000 -0.00000000 -0.99510000
vn -0.09860000 -0.00010000 -0.99510000
vn 0.11340000 0.99190000 -0.05730000
vn -0.09920000 -0.00000000 -0.99510000
vn 0.89270000 -0.00000000 -0.45060000
vn -0.07070000 -0.99690000 0.03550000
vn -0.09860000 -0.00030000 -0.99510000
vn -0.08040000 0.99670000 -0.01310000
vn 0.01450000 0.00870000 0.99990000
vn 0.99800000 0.02840000 -0.05700000
vn 0.01450000 0.00890000 0.99990000
vn 0.11580000 -0.99150000 0.05920000
vn 0.01440000 0.00890000 0.99990000
vn -0.99020000 -0.12950000 0.05250000
vn -0.99020000 -0.12950000 0.05250000
vn 0.01440000 0.00860000 0.99990000
vn 0.08120000 0.99670000 0.00550000
vn -0.09870000 -0.00020000 -0.99510000
vn -0.09910000 0.00010000 -0.99510000
vn -0.99550000 0.08490000 0.04280000
vn -0.10670000 -0.99330000 0.04520000
vn -0.09870000 -0.00040000 -0.99510000
vn 0.99180000 -0.12020000 -0.04350000
vn -0.09910000 0.00010000 -0.99510000
vn -0.89320000 -0.00000000 0.44970000
vn -0.89320000 -0.00000000 0.44970000
vn -0.08300000 -0.99570000 0.04170000
vn 0.08910000 -0.99500000 -0.04510000
vn -0.07080000 0.99690000 0.03550000
vn -0.09860000 0.00060000 -0.99510000
vn 0.11340000 -0.99190000 -0.05730000
vn -0.09860000 0.00030000 -0.99510000
vn -0.99660000 0.07380000 0.03640000
vn 0.01450000 0.00860000 0.99990000
vn 0.13130000 0.99110000 0.02190000
vn 0.01450000 0.00880000 0.99990000
vn 0.01440000 0.00890000 0.99990000
vn 0.98650000 -0.16120000 -0.02840000
vn -0.06260000 -0.99780000 0.02090000
vn 0.01430000 0.00870000 0.99990000
vn 0.99280000 0.09740000 -0.06940000
vn -0.09910000 -0.00010000 -0.99510000
vn -0.09870000 0.00030000 -0.99510000
vn -0.12530000 0.99160000 -0.03330000
vn -0.99300000 -0.10250000 0.05920000
vn -0.99300000 -0.10250000 0.05920000
vn -0.09920000 -0.00010000 -0.99510000
vn -0.09870000 0.00010000 -0.99510000
vn 0.07840000 -0.99370000 0.07970000
vn 0.38530000 0.90200000 -0.19490000
vn 0.77530000 0.49540000 -0.39170000
vn -0.77300000 0.50100000 0.38920000
vn -0.37360000 0.90840000 0.18800000
vn -0.37370000 -0.90830000 0.18790000
vn -0.77300000 -0.50100000 0.38920000
vn 0.77530000 -0.49540000 -0.39170000
vn 0.38530000 -0.90200000 -0.19490000
vn -0.09910000 0.00020000 -0.99510000
vn -0.77810000 0.49130000 0.39140000
vn -0.09880000 0.00050000 -0.99510000
vn -0.35860000 0.91600000 0.18010000
vn -0.09870000 -0.00020000 -0.99510000
vn 0.43840000 0.87110000 -0.22140000
vn 0.79410000 0.45700000 -0.40080000
vn -0.09900000 -0.00010000 -0.99510000
vn -0.09900000 0.00010000 -0.99510000
vn 0.79410000 -0.45700000 -0.40080000
vn -0.09870000 0.00030000 -0.99510000
vn 0.43840000 -0.87110000 -0.22140000
vn -0.35860000 -0.91590000 0.18030000
vn -0.09880000 -0.00040000 -0.99510000
vn -0.77810000 -0.49130000 0.39140000
vn -0.09900000 -0.00020000 -0.99510000
vn 0.01450000 0.00870000 0.99990000
vn -0.40140000 0.91570000 -0.02120000
vn -0.86600000 0.50000000 0.00690000
vn 0.01450000 0.00870000 0.99990000
vn 0.01450000 0.00890000 0.99990000
vn 0.90430000 0.42400000 -0.04930000
vn 0.01450000 0.00890000 0.99990000
vn 0.47620000 0.87930000 -0.00410000
vn 0.01440000 0.00890000 0.99990000
vn 0.44850000 -0.89170000 0.06140000
vn 0.85770000 -0.51380000 0.01790000
vn 0.01440000 0.00890000 0.99990000
vn 0.01440000 0.00870000 0.99990000
vn -0.84600000 -0.53060000 0.05240000
vn 0.01430000 0.00860000 0.99990000
vn -0.38960000 -0.92040000 0.03240000
vn 0.39930000 0.91680000 -0.00550000
vn -0.09880000 -0.00020000 -0.99510000
vn 0.85530000 0.51550000 -0.05190000
vn -0.09890000 -0.00020000 -0.99510000
vn -0.09900000 0.00020000 -0.99510000
vn -0.88100000 0.47290000 0.00970000
vn -0.45280000 0.89120000 -0.02620000
vn -0.09880000 0.00030000 -0.99510000
vn -0.43610000 -0.89880000 0.04460000
vn -0.09890000 -0.00040000 -0.99510000
vn -0.86660000 -0.49540000 0.06000000
vn -0.09900000 -0.00020000 -0.99510000
vn 0.84570000 -0.53340000 0.01530000
vn -0.09890000 0.00020000 -0.99510000
vn -0.09870000 0.00020000 -0.99510000
vn 0.39920000 -0.91430000 0.06860000
vn 0.01450000 0.00880000 0.99990000
vn 0.01450000 0.00870000 0.99990000
vn 0.01440000 0.00890000 0.99990000
vn 0.01440000 0.00870000 0.99990000
vn 0.01450000 0.00890000 0.99990000
vn 0.01450000 0.00870000 0.99990000
vn 0.01440000 0.00890000 0.99990000
vn 0.01440000 0.00870000 0.99990000
vn -0.00000000 -0.00000000 1.00000000
vn -0.00000000 -1.00000000 -0.00000000
vn -0.00000000 -1.00000000 -0.00000000
vn -0.00000000 -0.00000000 1.00000000
vn -0.00000000 -1.00000000 -0.00000000
vn -0.00000000 -0.00000000 1.00000000
vn -0.00000000 -0.00000000 1.00000000
vn -0.00000000 -1.00000000 -0.00000000
vn -0.00000000 -0.00000000 -1.00000000
vn -0.00000000 1.00000000 -0.00000000
vn -0.00000000 -0.00000000 1.00000000
vn -0.00000000 1.00000000 -0.00000000
vn -0.00000000 -0.00000000 1.00000000
vn -0.00000000 -1.00000000 -0.00000000
vn -0.00000000 -0.00000000 -1.00000000
vn -0.00000000 -1.00000000 -0.00000000
vn -0.00000000 -0.00000000 -1.00000000
vn -0.00000000 1.00000000 -0.00000000
vn -0.00000000 1.00000000 -0.00000000
vn -0.00000000 -0.00000000 1.00000000
vn -0.00000000 -0.00000000 1.00000000
vn -0.00000000 -1.00000000 -0.00000000
vn -0.00000000 -1.00000000 -0.00000000
vn -0.00000000 -0.00000000 -1.00000000
vn -0.00000000 -0.00000000 -1.00000000
vn -0.00000000 1.00000000 -0.00000000
vn 0.56820000 0.82290000 -0.00000000
vn 0.56820000 0.82290000 -0.00000000
vn -0.00000000 -0.00000000 1.00000000
vn -0.00000000 1.00000000 -0.00000000
vn -0.00000000 -1.00000000 -0.00000000
vn -0.00000000 -0.00000000 1.00000000
vn -0.56820000 -0.82290000 -0.00000000
vn -0.00000000 -1.00000000 -0.00000000
vn -0.56820000 -0.82290000 -0.00000000
vn -0.00000000 -0.00000000 -1.00000000
vn 0.56820000 0.82290000 -0.00000000
vn -0.00000000 -0.00000000 1.00000000
vn -0.00000000 1.00000000 -0.00000000
vn 0.56820000 0.82290000 -0.00000000
vn -0.00000000 1.00000000 -0.00000000
vn -0.00000000 -0.00000000 -1.00000000
vn -0.56820000 -0.82290000 -0.00000000
vn -0.00000000 -0.00000000 -1.00000000
vn -0.00000000 -1.00000000 -0.00000000
vn -0.00000000 -0.00000000 1.00000000
vn -0.00000000 -1.00000000 -0.00000000
vn -0.56820000 -0.82290000 -0.00000000
vn -0.22800000 -0.97360000 -0.00000000
vn -0.68010000 -0.73310000 -0.00000000
vn -0.00000000 -0.00000000 1.00000000
vn -0.68010000 -0.73310000 -0.00000000
vn -0.22800000 -0.97360000 -0.00000000
vn -0.00000000 -0.00000000 1.00000000
vn -0.96250000 -0.27140000 -0.00000000
vn -0.00000000 -0.00000000 1.00000000
vn -0.00000000 -1.00000000 -0.00000000
vn -0.98300000 -0.18340000 -0.00000000
vn -0.96250000 0.27140000 -0.00000000
vn -0.98300000 0.18340000 -0.00000000
vn -0.00000000 1.00000000 -0.00000000
vn -0.00000000 -0.00000000 1.00000000
vn -0.68010000 0.73310000 -0.00000000
vn -0.00000000 -0.00000000 1.00000000
vn -0.68010000 0.73310000 -0.00000000
vn -0.22800000 0.97370000 -0.00000000
vn -0.00000000 -0.00000000 1.00000000
vn -0.22810000 0.97360000 -0.00000000
vn -0.00000000 1.00000000 -0.00000000
vn -0.00000000 1.00000000 -0.00000000
vn -0.00000000 -0.00000000 1.00000000
vn -0.00000000 1.00000000 -0.00000000
vn -0.00000000 1.00000000 -0.00000000
vn -0.00000000 1.00000000 -0.00000000
vn -0.99510000 -0.00000000 0.09850000
vn -0.00000000 -1.00000000 -0.00000000
vn -0.99510000 -0.00000000 0.09850000
vn -0.09850000 -0.00000000 0.99510000
vn -0.00000000 -1.00000000 -0.00000000
vn -0.47190000 -0.00000000 0.88170000
vn -0.00000000 -1.00000000 -0.00000000
vn -0.00000000 1.00000000 -0.00000000
vn -0.47190000 -0.00000000 0.88170000
vn -0.00000000 1.00000000 -0.00000000
vn -0.09850000 -0.00000000 0.99510000
vn -0.00000000 -1.00000000 -0.00000000
vn -0.88170000 -0.00000000 0.47190000
vn -0.88170000 -0.00000000 0.47190000
vn -0.00000000 1.00000000 -0.00000000
vn -0.13130000 0.99110000 0.02190000
vn -0.01450000 0.00880000 0.99990000
vn 0.09870000 -0.00020000 -0.99510000
vn -0.08120000 0.99670000 0.00550000
vn 0.09870000 0.00030000 -0.99510000
vn 0.12530000 0.99160000 -0.03330000
vn -0.01450000 0.00870000 0.99990000
vn 0.08040000 0.99670000 -0.01310000
vn -0.01450000 0.00860000 0.99990000
vn 0.99660000 0.07380000 0.03640000
vn 0.99660000 0.07380000 0.03640000
vn 0.09910000 0.00010000 -0.99510000
vn 0.99550000 0.08490000 0.04280000
vn 0.99550000 0.08490000 0.04280000
vn 0.09920000 -0.00010000 -0.99510000
vn 0.99300000 -0.10250000 0.05920000
vn 0.99020000 -0.12950000 0.05250000
vn -0.01440000 0.00870000 0.99990000
vn 0.06260000 -0.99780000 0.02090000
vn -0.01430000 0.00870000 0.99990000
vn 0.09870000 -0.00040000 -0.99510000
vn 0.10670000 -0.99330000 0.04520000
vn -0.07840000 -0.99370000 0.07970000
vn 0.09870000 0.00010000 -0.99510000
vn -0.01440000 0.00890000 0.99990000
vn -0.11580000 -0.99150000 0.05920000
vn -0.01440000 0.00890000 0.99990000
vn -0.98650000 -0.16120000 -0.02840000
vn -0.99180000 -0.12020000 -0.04350000
vn 0.09910000 0.00010000 -0.99510000
vn -0.99280000 0.09740000 -0.06940000
vn 0.09910000 -0.00010000 -0.99510000
vn -0.01450000 0.00890000 0.99990000
vn -0.99800000 0.02840000 -0.05700000
vn 0.08300000 -0.99570000 0.04170000
vn 0.37370000 -0.90830000 0.18790000
vn 0.77300000 -0.50100000 0.38920000
vn 0.89320000 -0.00000000 0.44970000
vn 0.89320000 -0.00000000 0.44970000
vn 0.77300000 0.50100000 0.38920000
vn 0.37360000 0.90840000 0.18800000
vn 0.08300000 0.99570000 0.04170000
vn -0.08910000 0.99500000 -0.04510000
vn -0.38530000 0.90200000 -0.19490000
vn -0.77530000 0.49540000 -0.39170000
vn -0.89270000 -0.00000000 -0.45070000
vn -0.77530000 -0.49540000 -0.39170000
vn -0.38530000 -0.90200000 -0.19490000
vn -0.08910000 -0.99500000 -0.04510000
vn 0.09860000 -0.00010000 -0.99510000
vn -0.11340000 0.99190000 -0.05730000
vn 0.07080000 0.99690000 0.03550000
vn 0.09860000 0.00060000 -0.99510000
vn 0.09860000 -0.00030000 -0.99510000
vn 0.07070000 -0.99690000 0.03550000
vn -0.11340000 -0.99190000 -0.05730000
vn 0.09860000 0.00030000 -0.99510000
vn 0.09920000 -0.00000000 -0.99510000
vn 0.89320000 -0.00000000 0.44960000
vn 0.89320000 -0.00000000 0.44960000
vn -0.89270000 -0.00000000 -0.45060000
vn 0.09920000 -0.00000000 -0.99510000
vn -0.01450000 0.00890000 0.99990000
vn -0.47620000 0.87930000 -0.00410000
vn -0.39930000 0.91680000 -0.00550000
vn 0.09880000 -0.00020000 -0.99510000
vn 0.09880000 0.00050000 -0.99510000
vn 0.35860000 0.91600000 0.18010000
vn 0.09900000 -0.00020000 -0.99510000
vn 0.77810000 -0.49130000 0.39140000
vn -0.43840000 -0.87110000 -0.22140000
vn 0.09870000 0.00030000 -0.99510000
vn 0.45280000 0.89120000 -0.02620000
vn 0.09880000 0.00030000 -0.99510000
vn -0.01450000 0.00870000 0.99990000
vn 0.40140000 0.91570000 -0.02120000
vn 0.09870000 -0.00020000 -0.99510000
vn -0.43840000 0.87110000 -0.22140000
vn -0.39920000 -0.91430000 0.06860000
vn 0.09870000 0.00020000 -0.99510000
vn -0.44850000 -0.89170000 0.06140000
vn -0.01440000 0.00890000 0.99990000
vn 0.09900000 -0.00020000 -0.99510000
vn 0.86660000 -0.49540000 0.06000000
vn 0.84600000 -0.53060000 0.05240000
vn -0.01440000 0.00870000 0.99990000
vn 0.09900000 -0.00010000 -0.99510000
vn -0.79410000 0.45700000 -0.40080000
vn -0.85530000 0.51550000 -0.05190000
vn 0.09890000 -0.00020000 -0.99510000
vn -0.90430000 0.42400000 -0.04930000
vn -0.01450000 0.00890000 0.99990000
vn 0.77810000 0.49130000 0.39140000
vn 0.09910000 0.00020000 -0.99510000
vn 0.35860000 -0.91590000 0.18030000
vn 0.09880000 -0.00040000 -0.99510000
vn 0.09900000 0.00010000 -0.99510000
vn -0.79410000 -0.45700000 -0.40080000
vn 0.09900000 0.00020000 -0.99510000
vn 0.88100000 0.47290000 0.00970000
vn 0.86600000 0.50000000 0.00690000
vn -0.01450000 0.00870000 0.99990000
vn 0.09890000 0.00020000 -0.99510000
vn -0.84570000 -0.53340000 0.01530000
vn -0.01440000 0.00890000 0.99990000
vn -0.85770000 -0.51380000 0.01790000
vn 0.09890000 -0.00040000 -0.99510000
vn 0.43610000 -0.89880000 0.04460000
vn -0.01430000 0.00860000 0.99990000
vn 0.38960000 -0.92040000 0.03240000
vn -0.01440000 0.00870000 0.99990000
vn -0.01440000 0.00890000 0.99990000
vn -0.01450000 0.00890000 0.99990000
vn -0.01450000 0.00870000 0.99990000
vn -0.01440000 0.00880000 0.99990000
vn -0.01440000 0.00870000 0.99990000
vn -0.01450000 0.00890000 0.99990000
vn -0.01450000 0.00870000 0.99990000
vn -0.00000000 -1.00000000 -0.00000000
vn -0.00000000 -1.00000000 -0.00000000
vn -0.00000000 1.00000000 -0.00000000
vn -0.00000000 -0.00000000 1.00000000
vn -0.00000000 -0.00000000 1.00000000
vn -0.00000000 -0.00000000 1.00000000
vn -0.00000000 1.00000000 -0.00000000
vn -0.00000000 -0.00000000 -1.00000000
vn -0.00000000 1.00000000 -0.00000000
vn -0.00000000 1.00000000 -0.00000000
vn -0.56820000 0.82290000 -0.00000000
vn -0.00000000 -0.00000000 -1.00000000
vn -0.00000000 -0.00000000 1.00000000
vn -0.00000000 1.00000000 -0.00000000
vn -0.56820000 0.82290000 -0.00000000
vn -0.00000000 -0.00000000 1.00000000
vn -0.00000000 1.00000000 -0.00000000
vn -0.00000000 -0.00000000 1.00000000
vn 0.56820000 -0.82290000 -0.00000000
vn -0.00000000 -1.00000000 -0.00000000
vn -0.00000000 -0.00000000 1.00000000
vn -0.00000000 -1.00000000 -0.00000000
vn 0.56820000 -0.82290000 -0.00000000
vn -0.00000000 -1.00000000 -0.00000000
vn -0.00000000 -0.00000000 -1.00000000
vn -0.00000000 -1.00000000 -0.00000000
vn -0.00000000 -0.00000000 -1.00000000
vn -0.00000000 1.00000000 -0.00000000
vn -0.56820000 0.82290000 -0.00000000
vn -0.00000000 -0.00000000 -1.00000000
vn -0.00000000 -0.00000000 1.00000000
vn -0.56820000 0.82290000 -0.00000000
vn -0.00000000 1.00000000 -0.00000000
vn -0.00000000 -0.00000000 1.00000000
vn 0.56820000 -0.82290000 -0.00000000
vn -0.00000000 -1.00000000 -0.00000000
vn 0.56820000 -0.82290000 -0.00000000
vn -0.00000000 -1.00000000 -0.00000000
vn -0.00000000 -0.00000000 -1.00000000
vn -0.00000000 1.00000000 -0.00000000
vn 1.00000000 -0.00000000 -0.00000000
vn -1.00000000 -0.00000000 -0.00000000
vn -0.00000000 1.00000000 -0.00000000
vn 1.00000000 -0.00000000 -0.00000000
vn -0.00000000 1.00000000 -0.00000000
vn -1.00000000 -0.00000000 -0.00000000
vn -0.00000000 1.00000000 -0.00000000
vn 1.00000000 -0.00000000 -0.00000000
vn -0.00000000 -1.00000000 -0.00000000
vn -0.00000000 -1.00000000 -0.00000000
vn -1.00000000 -0.00000000 -0.00000000
vn -0.00000000 -1.00000000 -0.00000000
vn 1.00000000 -0.00000000 -0.00000000
vn -0.00000000 -1.00000000 -0.00000000
vn -1.00000000 -0.00000000 -0.00000000
vn 1.00000000 -0.00000000 -0.00000000
vn -0.00000000 1.00000000 -0.00000000
vn 1.00000000 -0.00000000 -0.00000000
vn -0.00000000 0.88670000 -0.46240000
vn -0.00000000 0.52230000 -0.85280000
vn 1.00000000 -0.00000000 -0.00000000
vn -0.00000000 -0.00010000 -1.00000000
vn -0.00000000 -0.00010000 -1.00000000
vn 1.00000000 -0.00000000 -0.00010000
vn 1.00000000 -0.00000000 -0.00000000
vn -0.00000000 -0.52240000 -0.85270000
vn 1.00000000 -0.00000000 -0.00000000
vn -0.00000000 -0.88670000 -0.46240000
vn -0.00000000 -1.00000000 -0.00000000
vn 1.00000000 -0.00000000 -0.00000000
vn -0.00000000 -0.88670000 0.46240000
vn 1.00000000 -0.00000000 -0.00000000
vn 1.00000000 -0.00000000 -0.00000000
vn -0.00000000 -0.52240000 0.85270000
vn 1.00000000 -0.00000000 -0.00010000
vn -0.00000000 -0.00000000 1.00000000
vn 1.00000000 -0.00000000 -0.00000000
vn -0.00000000 0.52240000 0.85270000
vn -0.00000000 0.88670000 0.46240000
vn 1.00000000 -0.00000000 -0.00000000
vn -1.00000000 -0.00000000 -0.00000000
vn -0.00000000 1.00000000 -0.00000000
vn -0.00000000 0.88670000 -0.46240000
vn -1.00000000 -0.00000000 -0.00000000
vn -1.00000000 -0.00000000 -0.00000000
vn -0.00000000 0.52240000 -0.85270000
vn -1.00000000 -0.00000000 -0.00000000
vn -0.00000000 0.00010000 -1.00000000
vn -0.00000000 0.00010000 -1.00000000
vn -0.00000000 -0.52230000 -0.85280000
vn -1.00000000 -0.00000000 -0.00000000
vn -0.00000000 -0.88670000 -0.46240000
vn -1.00000000 -0.00000000 -0.00000000
vn -0.00000000 -1.00000000 -0.00000000
vn -1.00000000 -0.00000000 -0.00000000
vn -0.00000000 -0.88670000 0.46240000
vn -1.00000000 -0.00000000 -0.00000000
vn -0.00000000 -0.52230000 0.85270000
vn -1.00000000 -0.00000000 -0.00000000
vn -1.00000000 -0.00000000 -0.00000000
vn -0.00000000 -0.00000000 1.00000000
vn -0.00000000 0.52230000 0.85270000
vn -1.00000000 -0.00000000 -0.00000000
vn -0.00000000 0.88670000 0.46240000
vn -1.00000000 -0.00000000 -0.00000000
vn -0.00000000 1.00000000 -0.00000000
vn 1.00000000 -0.00000000 -0.00000000
vn -0.00000000 1.00000000 -0.00000000
vn -1.00000000 -0.00000000 -0.00000000
vn 1.00000000 -0.00000000 -0.00000000
vn -0.00000000 1.00000000 -0.00000000
vn -0.00000000 1.00000000 -0.00000000
vn -1.00000000 -0.00000000 -0.00000000
vn -0.00000000 -1.00000000 -0.00000000
vn 1.00000000 -0.00000000 -0.00000000
vn -1.00000000 -0.00000000 -0.00000000
vn -0.00000000 -1.00000000 -0.00000000
vn 1.00000000 -0.00000000 -0.00000000
vn -0.00000000 -1.00000000 -0.00000000
vn -0.00000000 -1.00000000 -0.00000000
vn -1.00000000 -0.00000000 -0.00000000
vn 1.00000000 -0.00000000 -0.00000000
vn -0.00000000 -1.00000000 -0.00000000
vn -0.00000000 -1.00000000 -0.00000000
vn -1.00000000 -0.00000000 -0.00000000
vn 1.00000000 -0.00000000 -0.00000000
vn -0.00000000 -1.00000000 -0.00000000
vn -0.00000000 -1.00000000 -0.00000000
vn -1.00000000 -0.00000000 -0.00000000
vn -0.00000000 1.00000000 -0.00000000
vn 1.00000000 -0.00000000 -0.00000000
vn -0.00000000 1.00000000 -0.00000000
vn -1.00000000 -0.00000000 -0.00000000
vn -0.00000000 1.00000000 -0.00000000
vn 1.00000000 -0.00000000 -0.00000000
vn -0.00000000 1.00000000 -0.00000000
vn -1.00000000 -0.00000000 -0.00000000
vn -0.00000000 -1.00000000 -0.00000000
vn 1.00000000 -0.00000000 -0.00000000
vn -0.00000000 -0.88670000 0.46240000
vn 1.00000000 -0.00000000 -0.00000000
vn 1.00000000 -0.00000000 -0.00000000
vn -0.00000000 -0.52240000 0.85270000
vn -0.00000000 -0.00010000 1.00000000
vn -0.00000000 -0.00010000 1.00000000
vn 1.00000000 -0.00000000 -0.00000000
vn -0.00000000 0.52230000 0.85280000
vn 1.00000000 -0.00000000 -0.00000000
vn -0.00000000 0.88660000 0.46240000
vn 1.00000000 -0.00000000 -0.00000000
vn 1.00000000 -0.00000000 -0.00000000
vn -0.00000000 1.00000000 -0.00000000
vn -0.00000000 0.88670000 -0.46240000
vn 1.00000000 -0.00000000 -0.00000000
vn 1.00000000 -0.00000000 -0.00000000
vn -0.00000000 0.52240000 -0.85270000
vn -0.00000000 -0.00000000 -1.00000000
vn 1.00000000 -0.00000000 -0.00000000
vn -0.00000000 -0.52230000 -0.85280000
vn 1.00000000 -0.00000000 -0.00000000
vn -0.00000000 -0.88670000 -0.46240000
vn 1.00000000 -0.00000000 -0.00010000
vn -1.00000000 -0.00000000 -0.00000000
vn -0.00000000 -1.00000000 -0.00000000
vn -1.00000000 -0.00000000 -0.00000000
vn -0.00000000 -0.88670000 0.46240000
vn -0.00000000 -0.52230000 0.85280000
vn -1.00000000 -0.00000000 -0.00000000
vn -0.00000000 0.00010000 1.00000000
vn -0.00000000 0.00010000 1.00000000
vn -1.00000000 -0.00000000 -0.00000000
vn -0.00000000 0.52240000 0.85270000
vn -1.00000000 -0.00000000 -0.00000000
vn -1.00000000 -0.00000000 -0.00000000
vn -0.00000000 0.88670000 0.46240000
vn -0.00000000 1.00000000 -0.00000000
vn -1.00000000 -0.00000000 -0.00000000
vn -1.00000000 -0.00000000 -0.00000000
vn -0.00000000 0.88670000 -0.46240000
vn -0.00000000 0.52230000 -0.85270000
vn -1.00000000 -0.00000000 -0.00000000
vn -1.00000000 -0.00000000 -0.00000000
vn -0.00000000 -0.00000000 -1.00000000
vn -1.00000000 -0.00000000 -0.00000000
vn -0.00000000 -0.52240000 -0.85270000
vn -0.00000000 -0.88670000 -0.46240000
vn -1.00000000 -0.00000000 -0.00000000
vn -0.00000000 -1.00000000 -0.00000000
vn 1.00000000 -0.00000000 -0.00000000
vn -1.00000000 -0.00000000 -0.00000000
vn -0.00000000 -1.00000000 -0.00000000
vn 1.00000000 -0.00000000 -0.00000000
vn -0.00000000 -1.00000000 -0.00000000
vn -1.00000000 -0.00000000 -0.00000000
vn -0.00000000 -1.00000000 -0.00000000
vn 1.00000000 -0.00000000 -0.00000000
vn -0.00000000 1.00000000 -0.00000000
vn -0.00000000 1.00000000 -0.00000000
vn -1.00000000 -0.00000000 -0.00000000
vn -0.00000000 1.00000000 -0.00000000
vn 1.00000000 -0.00000000 -0.00000000
vn -1.00000000 -0.00000000 -0.00000000
vn -0.00000000 1.00000000 -0.00000000
vn 1.00000000 -0.00000000 -0.00000000
vn -0.00000000 1.00000000 -0.00000000
vn -0.00000000 1.00000000 -0.00000000
vn -1.00000000 -0.00000000 -0.00000000
vn 1.00000000 -0.00000000 -0.00000000
vn -0.00000000 1.00000000 -0.00000000
vn -1.00000000 -0.00000000 -0.00000000
vn -0.00000000 1.00000000 -0.00000000
vn -0.00000000 -1.00000000 -0.00000000
vn 1.00000000 -0.00000000 -0.00000000
vn -0.00000000 -1.00000000 -0.00000000
vn -1.00000000 -0.00000000 -0.00000000
vn 1.00000000 -0.00000000 -0.00000000
vn -0.00000000 -1.00000000 -0.00000000
vn -0.00000000 -1.00000000 -0.00000000
vn -1.00000000 -0.00000000 -0.00000000
vn 1.00000000 -0.00000000 -0.00000000
vn -0.00000000 1.00000000 -0.00000000
vn -0.00000000 0.88670000 -0.46240000
vn 1.00000000 -0.00000000 -0.00000000
vn 1.00000000 -0.00000000 -0.00000000
vn -0.00000000 0.52230000 -0.85270000
vn -0.00000000 -0.00000000 -1.00000000
vn 1.00000000 -0.00000000 -0.00000000
vn -0.00000000 -0.00000000 -1.00000000
vn 1.00000000 -0.00000000 -0.00000000
vn -0.00000000 -0.52230000 -0.85270000
vn 1.00000000 -0.00000000 -0.00000000
vn -0.00000000 -0.88670000 -0.46240000
vn 1.00000000 -0.00000000 -0.00000000
vn -0.00000000 -1.00000000 -0.00000000
vn -0.00000000 -0.88670000 0.46240000
vn 1.00000000 -0.00000000 -0.00000000
vn 1.00000000 -0.00000000 -0.00000000
vn -0.00000000 -0.52230000 0.85270000
vn -0.00000000 -0.00000000 1.00000000
vn 1.00000000 -0.00000000 -0.00000000
vn -0.00000000 0.52230000 0.85270000
vn 1.00000000 -0.00000000 -0.00000000
vn -0.00000000 0.88670000 0.46240000
vn 1.00000000 -0.00000000 -0.00000000
vn -1.00000000 -0.00000000 -0.00000000
vn -0.00000000 1.00000000 -0.00000000
vn -0.00000000 0.88670000 -0.46240000
vn -1.00000000 -0.00000000 -0.00000000
vn -0.00000000 0.52230000 -0.85270000
vn -1.00000000 -0.00000000 -0.00000000
vn -1.00000000 -0.00000000 -0.00000000
vn -0.00000000 -0.00000000 -1.00000000
vn -0.00000000 -0.00000000 -1.00000000
vn -0.00000000 -0.52230000 -0.85270000
vn -1.00000000 -0.00000000 -0.00000000
vn -1.00000000 -0.00000000 -0.00000000
vn -0.00000000 -0.88670000 -0.46240000
vn -1.00000000 -0.00000000 -0.00000000
vn -0.00000000 -1.00000000 -0.00000000
vn -0.00000000 -0.88670000 0.46240000
vn -1.00000000 -0.00000000 -0.00000000
vn -0.00000000 -0.52230000 0.85270000
vn -1.00000000 -0.00000000 -0.00000000
vn -0.00000000 -0.00000000 1.00000000
vn -1.00000000 -0.00000000 -0.00000000
vn -0.00000000 0.52230000 0.85270000
vn -1.00000000 -0.00000000 -0.00000000
vn -0.00000000 0.88670000 0.46240000
vn -1.00000000 -0.00000000 -0.00000000
vn 1.00000000 -0.00000000 -0.00000000
vn -0.00000000 1.00000000 -0.00000000
vn -0.00000000 1.00000000 -0.00000000
vn -1.00000000 -0.00000000 -0.00000000
vn 1.00000000 -0.00000000 -0.00000000
vn -0.00000000 1.00000000 -0.00000000
vn -1.00000000 -0.00000000 -0.00000000
vn -0.00000000 1.00000000 -0.00000000
vn 1.00000000 -0.00000000 -0.00000000
vn -0.00000000 -1.00000000 -0.00000000
vn -1.00000000 -0.00000000 -0.00000000
vn -0.00000000 -1.00000000 -0.00000000
vn 1.00000000 -0.00000000 -0.00000000
vn -0.00000000 -1.00000000 -0.00000000
vn -1.00000000 -0.00000000 -0.00000000
vn -0.00000000 -1.00000000 -0.00000000
vn -0.00000000 -1.00000000 -0.00000000
vn 1.00000000 -0.00000000 -0.00000000
vn -1.00000000 -0.00000000 -0.00000000
vn -0.00000000 -1.00000000 -0.00000000
vn 1.00000000 -0.00000000 -0.00000000
vn -0.00000000 -1.00000000 -0.00000000
vn -0.00000000 -1.00000000 -0.00000000
vn -1.00000000 -0.00000000 -0.00000000
vn 1.00000000 -0.00000000 -0.00000000
vn -0.00000000 1.00000000 -0.00000000
vn -0.00000000 1.00000000 -0.00000000
vn -1.00000000 -0.00000000 -0.00000000
vn -0.00000000 1.00000000 -0.00000000
vn 1.00000000 -0.00000000 -0.00000000
vn -1.00000000 -0.00000000 -0.00000000
vn -0.00000000 1.00000000 -0.00000000
vn 1.00000000 -0.00000000 -0.00000000
vn -0.00000000 -1.00000000 -0.00000000
vn 1.00000000 -0.00000000 -0.00000000
vn -0.00000000 -0.88670000 0.46240000
vn 1.00000000 -0.00000000 -0.00000000
vn -0.00000000 -0.52230000 0.85270000
vn -0.00000000 -0.00000000 1.00000000
vn -0.00000000 -0.00000000 1.00000000
vn 1.00000000 -0.00000000 -0.00010000
vn 1.00000000 -0.00000000 -0.00000000
vn -0.00000000 0.52230000 0.85270000
vn -0.00000000 0.88670000 0.46240000
vn 1.00000000 -0.00000000 -0.00000000
vn -0.00000000 1.00000000 -0.00000000
vn 1.00000000 -0.00000000 -0.00000000
vn -0.00000000 0.88670000 -0.46240000
vn 1.00000000 -0.00000000 -0.00000000
vn 1.00000000 -0.00000000 -0.00000000
vn -0.00000000 0.52230000 -0.85270000
vn 1.00000000 -0.00000000 0.00010000
vn -0.00000000 -0.00000000 -1.00000000
vn 1.00000000 -0.00000000 -0.00000000
vn -0.00000000 -0.52230000 -0.85270000
vn -0.00000000 -0.88670000 -0.46240000
vn 1.00000000 -0.00000000 -0.00000000
vn -0.00000000 -1.00000000 -0.00000000
vn -1.00000000 -0.00000000 -0.00000000
vn -0.00000000 -0.88670000 0.46240000
vn -1.00000000 -0.00000000 -0.00000000
vn -1.00000000 -0.00000000 -0.00000000
vn -0.00000000 -0.52230000 0.85270000
vn -0.00000000 -0.00000000 1.00000000
vn -0.00000000 -0.00000000 1.00000000
vn -1.00000000 -0.00000000 -0.00000000
vn -0.00000000 0.52230000 0.85270000
vn -1.00000000 -0.00000000 -0.00000000
vn -1.00000000 -0.00000000 -0.00000000
vn -0.00000000 0.88670000 0.46240000
vn -0.00000000 1.00000000 -0.00000000
vn -1.00000000 -0.00000000 -0.00000000
vn -0.00000000 0.88670000 -0.46240000
vn -1.00000000 -0.00000000 -0.00000000
vn -1.00000000 -0.00000000 -0.00000000
vn -0.00000000 0.52230000 -0.85270000
vn -0.00000000 -0.00000000 -1.00000000
vn -1.00000000 -0.00000000 -0.00000000
vn -0.00000000 -0.52230000 -0.85270000
vn -1.00000000 -0.00000000 -0.00000000
vn -1.00000000 -0.00000000 -0.00000000
vn -0.00000000 -0.88670000 -0.46240000
vn -0.00000000 -1.00000000 -0.00000000
vn 1.00000000 -0.00000000 -0.00000000
vn -1.00000000 -0.00000000 -0.00000000
vn -0.00000000 -1.00000000 -0.00000000
vn 1.00000000 -0.00000000 -0.00000000
vn -0.00000000 -1.00000000 -0.00000000
vn -0.00000000 -1.00000000 -0.00000000
vn -1.00000000 -0.00000000 -0.00000000
vn 1.00000000 -0.00000000 -0.00000000
vn -0.00000000 1.00000000 -0.00000000
vn -1.00000000 -0.00000000 -0.00000000
vn -0.00000000 1.00000000 -0.00000000
vn -0.00000000 1.00000000 -0.00000000
vn 1.00000000 -0.00000000 -0.00000000
vn -0.00000000 1.00000000 -0.00000000
vn -1.00000000 -0.00000000 -0.00000000
vn -0.00000000 -0.00000000 -1.00000000
vn 1.00000000 -0.00000000 -0.00000000
vn -0.00000000 -1.00000000 -0.00000000
vn -0.00000000 -1.00000000 -0.00000000
vn -0.00000000 -0.00000000 -1.00000000
vn -1.00000000 -0.00000000 -0.00000000
vn -0.00000000 -1.00000000 -0.00000000
vn -0.00000000 -0.00000000 1.00000000
vn 1.00000000 -0.00000000 -0.00000000
vn -0.00000000 -0.00000000 1.00000000
vn -1.00000000 -0.00000000 -0.00000000
vn -0.00000000 -1.00000000 -0.00000000
vn 1.00000000 -0.00000000 -0.00000000
vn -0.00000000 1.00000000 -0.00000000
vn -0.00000000 -0.00000000 -1.00000000
vn -1.00000000 -0.00000000 -0.00000000
vn -0.00000000 1.00000000 -0.00000000
vn -0.00000000 -0.00000000 -1.00000000
vn -0.00000000 1.00000000 -0.00000000
vn -0.00000000 -0.00000000 1.00000000
vn 1.00000000 -0.00000000 -0.00000000
vn -0.00000000 1.00000000 -0.00000000
vn -0.00000000 -0.00000000 1.00000000
vn -1.00000000 -0.00000000 -0.00000000
vn -0.00000000 -0.00000000 -1.00000000
vn 1.00000000 -0.00000000 -0.00000000
vn -0.00000000 -1.00000000 -0.00000000
vn -0.00000000 -1.00000000 -0.00000000
vn -0.00000000 -0.00000000 -1.00000000
vn -1.00000000 -0.00000000 -0.00000000
vn -0.00000000 -0.00000000 1.00000000
vn -0.00000000 -1.00000000 -0.00000000
vn 1.00000000 -0.00000000 -0.00000000
vn -1.00000000 -0.00000000 -0.00000000
vn -0.00000000 -0.00000000 1.00000000
vn -0.00000000 -1.00000000 -0.00000000
vn 1.00000000 -0.00000000 -0.00000000
vn -0.00000000 -0.00000000 -1.00000000
vn -0.00000000 1.00000000 -0.00000000
vn -0.00000000 1.00000000 -0.00000000
vn -0.00000000 -0.00000000 -1.00000000
vn -1.00000000 -0.00000000 -0.00000000
vn -0.00000000 -0.00000000 1.00000000
vn 1.00000000 -0.00000000 -0.00000000
vn -0.00000000 1.00000000 -0.00000000
vn -0.00000000 -0.00000000 1.00000000
vn -0.00000000 1.00000000 -0.00000000
vn -1.00000000 -0.00000000 -0.00000000
vt 0.82132200 0.75662900
vt 0.70103100 0.46196100
vt 0.13800100 0.05053800
vt 0.70659100 0.75662900
vt 0.60095500 0.63282000
vt 0.81576300 0.46196100
vt 0.00606000 0.05053800
vt 0.69547100 0.44815000
vt 0.82132200 0.88857000
vt 0.81020300 0.44815000
vt 0.70659100 0.88857000
vt 0.60095500 0.50087900
vt 0.24513000 0.98255600
vt 0.13800100 0.05340600
vt 0.70103100 0.46482900
vt 0.81576300 0.46482900
vt 0.60382300 0.63282000
vt 0.24513000 0.86782400
vt 0.69547100 0.44528200
vt 0.37707100 0.98255500
vt 0.00606000 0.05340600
vt 0.37707100 0.86782400
vt 0.60382300 0.50087900
vt 0.81020300 0.44528200
vt 0.82297300 0.48291200
vt 0.82114500 0.48702500
vt 0.81931700 0.49113800
vt 0.81748800 0.49525100
vt 0.81565800 0.49936400
vt 0.81382800 0.50347500
vt 0.81798600 0.48069700
vt 0.08389700 0.55764300
vt 0.81615900 0.48480900
vt 0.08575000 0.55354200
vt 0.67073000 0.87894400
vt 0.81433100 0.48892100
vt 0.08940600 0.55091700
vt 0.63505000 0.90226500
vt 0.04497800 0.74550900
vt 0.81250300 0.49303300
vt 0.81067300 0.49714500
vt 0.04907900 0.74736400
vt 0.05170300 0.75102000
vt 0.80884300 0.50125600
vt 0.80109100 0.48303300
vt 0.68316800 0.88637800
vt 0.62569500 0.89119900
vt 0.79926200 0.48714600
vt 0.79684200 0.48114500
vt 0.68416900 0.89035300
vt 0.62161100 0.89085700
vt 0.79501300 0.48525700
vt 0.68438500 0.88748100
vt 0.79959000 0.48236700
vt 0.79834200 0.48181200
vt 0.68471800 0.88880600
vt 0.62304800 0.89006300
vt 0.79651300 0.48592400
vt 0.79776200 0.48647900
vt 0.62441000 0.89017700
vt 0.94313200 0.99122500
vt 0.94168600 0.99031600
vt 0.94468500 0.99216200
vt 0.97380300 0.95106200
vt 0.96404500 0.94566100
vt 0.11092800 0.07115000
vt 0.10759400 0.07033400
vt 0.96791800 0.94646100
vt 0.10726700 0.06872700
vt 0.96973500 0.94699200
vt 0.97243400 0.94982300
vt 0.11060200 0.06954300
vt 0.70397500 0.53849600
vt 0.71713000 0.31232900
vt 0.70183300 0.54357800
vt 0.71223000 0.31285100
vt 0.70067700 0.54622700
vt 0.71319200 0.31520600
vt 0.69888000 0.55104500
vt 0.70517300 0.53555100
vt 0.71777900 0.31494700
vt 0.69903400 0.54007500
vt 0.10672900 0.07064200
vt 0.11129700 0.07208800
vt 0.70142300 0.53531600
vt 0.69599700 0.54817000
vt 0.11163200 0.06948300
vt 0.69758200 0.54312800
vt 0.10723300 0.06777900
vt 0.94956500 0.99461000
vt 0.94010100 0.98937100
vt 0.94790900 0.99376500
vt 0.94634300 0.99300800
vt 0.96583600 0.94616700
vt 0.10932300 0.07147900
vt 0.97110500 0.94823100
vt 0.10887200 0.06839900
vt 0.70466200 0.53680800
vt 0.71804900 0.31361700
vt 0.70254400 0.54189200
vt 0.71347400 0.31184700
vt 0.71215100 0.31382300
vt 0.70143300 0.54446600
vt 0.69950600 0.54929300
vt 0.71641200 0.31585400
vt 0.69822400 0.54172400
vt 0.10638100 0.06906800
vt 0.10967100 0.07245000
vt 0.70063800 0.53701900
vt 0.69547100 0.54997200
vt 0.70184900 0.53423800
vt 0.11193600 0.07112100
vt 0.10881700 0.06748200
vt 0.69694300 0.54485000
vt 0.94366100 0.99156000
vt 0.94411400 0.99183700
vt 0.94067400 0.98969300
vt 0.94114200 0.98997500
vt 0.94850000 0.99405100
vt 0.94898800 0.99429700
vt 0.94526300 0.99247500
vt 0.94575100 0.99272100
vt 0.11046500 0.07161600
vt 0.96464200 0.94593500
vt 0.10993000 0.07172600
vt 0.96517200 0.94606700
vt 0.10712800 0.06994800
vt 0.96859600 0.94657100
vt 0.96913900 0.94671400
vt 0.10701900 0.06933500
vt 0.10772900 0.06826100
vt 0.97028600 0.94735000
vt 0.10826400 0.06815100
vt 0.97068000 0.94772900
vt 0.97285800 0.95032400
vt 0.11106700 0.06994800
vt 0.97325300 0.95070300
vt 0.11117600 0.07054100
vt 0.71774300 0.31254000
vt 0.70422500 0.53789900
vt 0.70442100 0.53740900
vt 0.71804900 0.31296900
vt 0.71241100 0.31222600
vt 0.70209400 0.54298400
vt 0.71282500 0.31189100
vt 0.70229600 0.54249200
vt 0.71257100 0.31495100
vt 0.70092600 0.54560400
vt 0.70115700 0.54507600
vt 0.71222400 0.31449000
vt 0.71752500 0.31555200
vt 0.69908900 0.55042200
vt 0.71706900 0.31585500
vt 0.69927500 0.54990800
vt 0.69873400 0.54065300
vt 0.10625200 0.07019700
vt 0.69849800 0.54113400
vt 0.10613600 0.06967300
vt 0.11083300 0.07255900
vt 0.70117200 0.53592800
vt 0.70093900 0.53643200
vt 0.11029100 0.07267900
vt 0.69581800 0.54880600
vt 0.11208600 0.06994800
vt 0.69566500 0.54933900
vt 0.11218700 0.07051000
vt 0.69731900 0.54372400
vt 0.10769300 0.06731600
vt 0.10822100 0.06721700
vt 0.69713100 0.54422600
vt 0.71343100 0.31236000
vt 0.71702700 0.31283400
vt 0.71323500 0.31469200
vt 0.71651500 0.31535000
vt 0.71337800 0.31300200
vt 0.71689900 0.31346600
vt 0.71328900 0.31405000
vt 0.71664300 0.31472000
vt 0.08411900 0.55988200
vt 0.81889900 0.47864000
vt 0.68437600 0.97580900
vt 0.09023700 0.55927400
vt 0.66642100 0.88615200
vt 0.69572400 0.95122100
vt 0.79181600 0.47891000
vt 0.68134700 0.89507300
vt 0.88224700 0.25069000
vt 0.84274300 0.99548200
vt 0.40080300 0.75581600
vt 0.84527900 0.99447400
vt 0.40171500 0.75783100
vt 0.28505200 0.78476900
vt 0.88311900 0.25272200
vt 0.28762200 0.78385000
vt 0.85801700 0.26014300
vt 0.83304500 0.97107500
vt 0.83558200 0.97006700
vt 0.42413500 0.74432200
vt 0.42504600 0.74633700
vt 0.27621100 0.76003800
vt 0.27878100 0.75912000
vt 0.85888900 0.26217600
vt 0.86696400 0.25630600
vt 0.83664000 0.98012200
vt 0.83664000 0.98012200
vt 0.83917700 0.97911500
vt 0.41526400 0.74833300
vt 0.83917700 0.97911500
vt 0.27948800 0.76920600
vt 0.41617500 0.75034800
vt 0.27948800 0.76920600
vt 0.28205800 0.76828700
vt 0.28205800 0.76828700
vt 0.86783600 0.25833900
vt 0.83973600 0.98052300
vt 0.41448300 0.74963100
vt 0.83973600 0.98052300
vt 0.83720000 0.98153100
vt 0.83720000 0.98153100
vt 0.86845000 0.25660600
vt 0.28256800 0.76971400
vt 0.86932100 0.25863800
vt 0.28256800 0.76971400
vt 0.41539400 0.75164700
vt 0.27999800 0.77063300
vt 0.27999800 0.77063300
vt 0.68660200 0.98127600
vt 0.69110300 0.98129600
vt 0.08696500 0.56577700
vt 0.69112700 0.97584000
vt 0.68662700 0.97581900
vt 0.08434100 0.56212100
vt 0.69560500 0.98131600
vt 0.09106600 0.56763200
vt 0.66211300 0.89336100
vt 0.69562700 0.97586000
vt 0.70010600 0.98133400
vt 0.70012700 0.97587800
vt 0.62222300 0.91310900
vt 0.04663800 0.76222400
vt 0.70460800 0.98134900
vt 0.05029400 0.75959900
vt 0.70462700 0.97589300
vt 0.70910900 0.98136400
vt 0.05214800 0.75549800
vt 0.70912700 0.97590700
vt 0.71135900 0.98137100
vt 0.81291200 0.50553100
vt 0.05192500 0.75325900
vt 0.71137700 0.97591400
vt 0.80792700 0.50331100
vt 0.61286800 0.90204200
vt 0.70018400 0.96138700
vt 0.67455100 0.90079500
vt 0.69568400 0.96136900
vt 0.69570200 0.95672100
vt 0.67852600 0.89979400
vt 0.69569600 0.95836200
vt 0.67742300 0.90101100
vt 0.61218900 0.89924300
vt 0.70019600 0.95838000
vt 0.61321100 0.89795800
vt 0.70020300 0.95673800
vt 0.67609900 0.90134500
vt 0.69569000 0.95972800
vt 0.70019100 0.95974600
vt 0.61207500 0.90060400
vt 0.82751000 0.32313400
vt 0.57235800 0.46752100
vt 0.50670500 0.51536800
vt 0.82357700 0.32351700
vt 0.50870600 0.51255300
vt 0.82393700 0.32695600
vt 0.56867100 0.46753700
vt 0.82758300 0.32681300
vt 0.56759600 0.46869900
vt 0.82758300 0.31190700
vt 0.82760800 0.32862100
vt 0.51034500 0.51224900
vt 0.82404900 0.32884200
vt 0.82401800 0.31184700
vt 0.51131200 0.51288800
vt 0.82393400 0.31300300
vt 0.82749900 0.31326100
vt 0.56769600 0.47005200
vt 0.82743500 0.31512200
vt 0.56893700 0.47112400
vt 0.51167300 0.51451500
vt 0.82376000 0.31487100
vt 0.82341300 0.31830400
vt 0.50986300 0.51745700
vt 0.57221300 0.47088900
vt 0.82739200 0.31840600
vt 0.57342200 0.46964800
vt 0.82744200 0.32033100
vt 0.82337000 0.32013600
vt 0.50828900 0.51780400
vt 0.82344100 0.32167600
vt 0.50700000 0.51695200
vt 0.57346500 0.46867300
vt 0.82748200 0.32130700
vt 0.44542800 0.75252400
vt 0.44581000 0.75305800
vt 0.44613500 0.75349700
vt 0.44654200 0.75401300
vt 0.43971200 0.74550900
vt 0.44012800 0.74601700
vt 0.44048600 0.74643000
vt 0.44092500 0.74691800
vt 0.44208900 0.74821100
vt 0.44252800 0.74869900
vt 0.44288700 0.74911100
vt 0.44330400 0.74961900
vt 0.44370900 0.75013600
vt 0.44403400 0.75057500
vt 0.44441700 0.75110900
vt 0.50762100 0.51531300
vt 0.40223000 0.78029600
vt 0.40160200 0.77831900
vt 0.50876500 0.51358400
vt 0.51070100 0.51486300
vt 0.40627900 0.78414200
vt 0.40448400 0.78310200
vt 0.50955600 0.51659200
vt 0.51037300 0.51325800
vt 0.40773200 0.78528100
vt 0.40080300 0.77665400
vt 0.40303100 0.78196000
vt 0.50794900 0.51691900
vt 0.57299600 0.46764600
vt 0.82750400 0.32249100
vt 0.82351300 0.32286100
vt 0.50643900 0.51596400
vt 0.50917100 0.51311800
vt 0.40139900 0.77769400
vt 0.51083900 0.51372000
vt 0.40728400 0.78480000
vt 0.40391800 0.78276800
vt 0.50917100 0.51705700
vt 0.82400200 0.32761900
vt 0.50917100 0.51210000
vt 0.56803600 0.46766900
vt 0.82759600 0.32745400
vt 0.50737300 0.51592100
vt 0.40243400 0.78092100
vt 0.82335700 0.31895200
vt 0.50941800 0.51793400
vt 0.82739200 0.31907900
vt 0.57286200 0.47071400
vt 0.51178200 0.51335300
vt 0.82388100 0.31366200
vt 0.82746300 0.31391800
vt 0.56787200 0.47068400
vt 0.50748200 0.51645600
vt 0.40265700 0.78142000
vt 0.82347400 0.32232400
vt 0.50653800 0.51649200
vt 0.82750100 0.32196000
vt 0.57336500 0.46803100
vt 0.40117700 0.77719500
vt 0.50976400 0.51301000
vt 0.40684500 0.78447500
vt 0.51094900 0.51425500
vt 0.50855700 0.51716600
vt 0.40347800 0.78244300
vt 0.50973300 0.51199900
vt 0.82403600 0.32817800
vt 0.82760000 0.32797600
vt 0.56767800 0.46805600
vt 0.50889400 0.51805000
vt 0.82334600 0.31948700
vt 0.57326400 0.47030000
vt 0.82741100 0.31965800
vt 0.51190200 0.51389500
vt 0.82382700 0.31421400
vt 0.56828600 0.47104200
vt 0.82744600 0.31446400
vt 0.56889900 0.47061100
vt 0.57223500 0.47037300
vt 0.57233600 0.46803500
vt 0.56870900 0.46805100
vt 0.57226300 0.46972900
vt 0.56885200 0.46997000
vt 0.57230800 0.46867800
vt 0.56875700 0.46869400
vt 0.82388600 0.48085500
vt 0.68435200 0.98126600
vt 0.62863700 0.90768700
vt 0.04580800 0.75386600
vt 0.78998700 0.48302200
vt 0.70022400 0.95123800
vt 0.61741100 0.89440700
vt 0.83446600 0.27117800
vt 0.82334600 0.94666900
vt 0.82889100 0.96062000
vt 0.82889100 0.96062000
vt 0.84826300 0.26526200
vt 0.43449500 0.74057800
vt 0.83142700 0.95961200
vt 0.83142700 0.95961200
vt 0.44817200 0.73439000
vt 0.82588200 0.94566100
vt 0.43540600 0.74259300
vt 0.27242300 0.74944400
vt 0.27242300 0.74944400
vt 0.44908400 0.73640400
vt 0.26736900 0.73530800
vt 0.27499300 0.74852600
vt 0.27499300 0.74852600
vt 0.84913400 0.26729400
vt 0.26993900 0.73439000
vt 0.83533700 0.27321100
vt 0.82945000 0.96202800
vt 0.82945000 0.96202800
vt 0.84907000 0.26397900
vt 0.43300400 0.74030800
vt 0.83198700 0.96102000
vt 0.83198700 0.96102000
vt 0.43391600 0.74232300
vt 0.27293300 0.75087100
vt 0.27293300 0.75087100
vt 0.27550300 0.74995200
vt 0.27550300 0.74995200
vt 0.84994100 0.26601200
vt 0.21177100 0.39882700
vt 0.17841300 0.47411100
vt 0.21534900 0.43519200
vt 0.21564100 0.39882700
vt 0.18020100 0.47721600
vt 0.21177100 0.39524400
vt 0.21356000 0.43829800
vt 0.21564100 0.39524400
vt 0.18020100 0.47308000
vt 0.27848800 0.42860200
vt 0.28235800 0.42860200
vt 0.21356000 0.43416200
vt 0.27848800 0.43218600
vt 0.18199000 0.47618600
vt 0.28235800 0.43218600
vt 0.21177100 0.43726700
vt 0.69673000 0.59539500
vt 0.05011200 0.77886800
vt 0.69631300 0.59546000
vt 0.05053300 0.77886800
vt 0.05111500 0.77886800
vt 0.69589500 0.59586500
vt 0.04497800 0.77886800
vt 0.05182300 0.77886800
vt 0.69558700 0.59650100
vt 0.69547100 0.59719900
vt 0.04568500 0.77886800
vt 0.69557900 0.59777100
vt 0.04626800 0.77886800
vt 0.04668900 0.77886800
vt 0.69588300 0.59806400
vt 0.04711100 0.77886800
vt 0.69629900 0.59800000
vt 0.69671800 0.59759500
vt 0.04769300 0.77886800
vt 0.69702600 0.59695800
vt 0.04840000 0.77886800
vt 0.69714100 0.59626000
vt 0.04910800 0.77886800
vt 0.04969000 0.77886800
vt 0.69703300 0.59568800
vt 0.97614400 0.99056600
vt 0.05011200 0.79145400
vt 0.05053300 0.79145400
vt 0.97607200 0.99096500
vt 0.97565900 0.99139200
vt 0.05111500 0.79145400
vt 0.97501700 0.99168900
vt 0.04497800 0.79145400
vt 0.05182300 0.79145400
vt 0.04568500 0.79145400
vt 0.97431700 0.99179100
vt 0.04626800 0.79145400
vt 0.97374700 0.99167200
vt 0.04668900 0.79145400
vt 0.97346000 0.99136400
vt 0.04711100 0.79145400
vt 0.97353200 0.99096500
vt 0.04769300 0.79145400
vt 0.97394500 0.99053800
vt 0.97458700 0.99024100
vt 0.04840000 0.79145400
vt 0.04910800 0.79145400
vt 0.97528700 0.99013900
vt 0.04969000 0.79145400
vt 0.97585700 0.99025800
vt 0.21733100 0.40438700
vt 0.03385900 0.53423800
vt 0.22120100 0.40438700
vt 0.01924400 0.77886800
vt 0.03385900 0.53782100
vt 0.21733100 0.40080300
vt 0.22120100 0.40080300
vt 0.01924400 0.78245100
vt 0.28404800 0.41192300
vt 0.03592300 0.53423800
vt 0.01717900 0.77886800
vt 0.28791800 0.41192300
vt 0.03592300 0.53782100
vt 0.28404800 0.41550600
vt 0.28791800 0.41550600
vt 0.01717900 0.78245100
vt 0.17841300 0.47411100
vt 0.21177100 0.39882700
vt 0.21564100 0.39882700
vt 0.21534900 0.43519200
vt 0.18020100 0.47721600
vt 0.21177100 0.39524400
vt 0.21564100 0.39524400
vt 0.21356000 0.43829800
vt 0.27848800 0.42860200
vt 0.18020100 0.47308000
vt 0.28235800 0.42860200
vt 0.21356000 0.43416200
vt 0.27848800 0.43218600
vt 0.18199000 0.47618600
vt 0.28235800 0.43218600
vt 0.21177100 0.43726700
vt 0.05011200 0.77886800
vt 0.69673000 0.59539500
vt 0.05053300 0.77886800
vt 0.69631300 0.59546000
vt 0.69589500 0.59586500
vt 0.05111500 0.77886800
vt 0.04497800 0.77886800
vt 0.05182300 0.77886800
vt 0.69558700 0.59650100
vt 0.04568500 0.77886800
vt 0.69547100 0.59719900
vt 0.04626800 0.77886800
vt 0.69557900 0.59777100
vt 0.69588300 0.59806400
vt 0.04668900 0.77886800
vt 0.04711100 0.77886800
vt 0.69629900 0.59800000
vt 0.69671800 0.59759500
vt 0.04769300 0.77886800
vt 0.04840000 0.77886800
vt 0.69702600 0.59695800
vt 0.04910800 0.77886800
vt 0.69714100 0.59626000
vt 0.04969000 0.77886800
vt 0.69703300 0.59568800
vt 0.97614400 0.99056600
vt 0.05011200 0.79145400
vt 0.97607200 0.99096500
vt 0.05053300 0.79145400
vt 0.05111500 0.79145400
vt 0.97565900 0.99139200
vt 0.05182300 0.79145400
vt 0.04497800 0.79145400
vt 0.97501700 0.99168900
vt 0.04568500 0.79145400
vt 0.97431700 0.99179100
vt 0.97374700 0.99167200
vt 0.04626800 0.79145400
vt 0.04668900 0.79145400
vt 0.97346000 0.99136400
vt 0.97353200 0.99096500
vt 0.04711100 0.79145400
vt 0.04769300 0.79145400
vt 0.97394500 0.99053800
vt 0.97458700 0.99024100
vt 0.04840000 0.79145400
vt 0.97528700 0.99013900
vt 0.04910800 0.79145400
vt 0.04969000 0.79145400
vt 0.97585700 0.99025800
vt 0.21733100 0.40438700
vt 0.03385900 0.53423800
vt 0.01924400 0.77886800
vt 0.22120100 0.40438700
vt 0.03385900 0.53782100
vt 0.21733100 0.40080300
vt 0.01924400 0.78245100
vt 0.22120100 0.40080300
vt 0.03592300 0.53423800
vt 0.28404800 0.41192300
vt 0.28791800 0.41192300
vt 0.01717900 0.77886800
vt 0.28404800 0.41550600
vt 0.03592300 0.53782100
vt 0.01717900 0.78245100
vt 0.28791800 0.41550600
vt 0.17841300 0.47411100
vt 0.21177100 0.39882700
vt 0.21564100 0.39882700
vt 0.21534900 0.43519200
vt 0.18020100 0.47721600
vt 0.21177100 0.39524400
vt 0.21356000 0.43829800
vt 0.21564100 0.39524400
vt 0.27848800 0.42860200
vt 0.18020100 0.47308000
vt 0.28235800 0.42860200
vt 0.21356000 0.43416200
vt 0.18199000 0.47618600
vt 0.27848800 0.43218600
vt 0.28235800 0.43218600
vt 0.21177100 0.43726700
vt 0.69673000 0.59539500
vt 0.05011200 0.77886800
vt 0.05053300 0.77886800
vt 0.69631300 0.59546000
vt 0.69589500 0.59586500
vt 0.05111500 0.77886800
vt 0.05182300 0.77886800
vt 0.69558700 0.59650100
vt 0.04497800 0.77886800
vt 0.69547100 0.59719900
vt 0.04568500 0.77886800
vt 0.69557900 0.59777100
vt 0.04626800 0.77886800
vt 0.69588300 0.59806400
vt 0.04668900 0.77886800
vt 0.04711100 0.77886800
vt 0.69629900 0.59800000
vt 0.69671800 0.59759500
vt 0.04769300 0.77886800
vt 0.04840000 0.77886800
vt 0.69702600 0.59695800
vt 0.04910800 0.77886800
vt 0.69714100 0.59626000
vt 0.04969000 0.77886800
vt 0.69703300 0.59568800
vt 0.97614400 0.99056600
vt 0.05011200 0.79145400
vt 0.05053300 0.79145400
vt 0.97607200 0.99096500
vt 0.05111500 0.79145400
vt 0.97565900 0.99139200
vt 0.97501700 0.99168900
vt 0.05182300 0.79145400
vt 0.04497800 0.79145400
vt 0.04568500 0.79145400
vt 0.97431700 0.99179100
vt 0.97374700 0.99167200
vt 0.04626800 0.79145400
vt 0.97346000 0.99136400
vt 0.04668900 0.79145400
vt 0.04711100 0.79145400
vt 0.97353200 0.99096500
vt 0.04769300 0.79145400
vt 0.97394500 0.99053800
vt 0.04840000 0.79145400
vt 0.97458700 0.99024100
vt 0.04910800 0.79145400
vt 0.97528700 0.99013900
vt 0.04969000 0.79145400
vt 0.97585700 0.99025800
vt 0.03385900 0.53423800
vt 0.21733100 0.40438700
vt 0.22120100 0.40438700
vt 0.01924400 0.77886800
vt 0.03385900 0.53782100
vt 0.21733100 0.40080300
vt 0.01924400 0.78245100
vt 0.22120100 0.40080300
vt 0.03592300 0.53423800
vt 0.28404800 0.41192300
vt 0.01717900 0.77886800
vt 0.28791800 0.41192300
vt 0.03592300 0.53782100
vt 0.28404800 0.41550600
vt 0.01717900 0.78245100
vt 0.28791800 0.41550600
vt 0.21177100 0.39882700
vt 0.17841300 0.47411100
vt 0.21534900 0.43519200
vt 0.21564100 0.39882700
vt 0.18020100 0.47721600
vt 0.21177100 0.39524400
vt 0.21564100 0.39524400
vt 0.21356000 0.43829800
vt 0.18020100 0.47308000
vt 0.27848800 0.42860200
vt 0.28235800 0.42860200
vt 0.21356000 0.43416200
vt 0.27848800 0.43218600
vt 0.18199000 0.47618600
vt 0.21177100 0.43726700
vt 0.28235800 0.43218600
vt 0.69673000 0.59539500
vt 0.05011200 0.77886800
vt 0.69631300 0.59546000
vt 0.05053300 0.77886800
vt 0.69589500 0.59586500
vt 0.05111500 0.77886800
vt 0.04497800 0.77886800
vt 0.05182300 0.77886800
vt 0.69558700 0.59650100
vt 0.69547100 0.59719900
vt 0.04568500 0.77886800
vt 0.04626800 0.77886800
vt 0.69557900 0.59777100
vt 0.04668900 0.77886800
vt 0.69588300 0.59806400
vt 0.04711100 0.77886800
vt 0.69629900 0.59800000
vt 0.69671800 0.59759500
vt 0.04769300 0.77886800
vt 0.69702600 0.59695800
vt 0.04840000 0.77886800
vt 0.69714100 0.59626000
vt 0.04910800 0.77886800
vt 0.04969000 0.77886800
vt 0.69703300 0.59568800
vt 0.05011200 0.79145400
vt 0.97614400 0.99056600
vt 0.05053300 0.79145400
vt 0.97607200 0.99096500
vt 0.97565900 0.99139200
vt 0.05111500 0.79145400
vt 0.04497800 0.79145400
vt 0.05182300 0.79145400
vt 0.97501700 0.99168900
vt 0.04568500 0.79145400
vt 0.97431700 0.99179100
vt 0.97374700 0.99167200
vt 0.04626800 0.79145400
vt 0.04668900 0.79145400
vt 0.97346000 0.99136400
vt 0.04711100 0.79145400
vt 0.97353200 0.99096500
vt 0.97394500 0.99053800
vt 0.04769300 0.79145400
vt 0.04840000 0.79145400
vt 0.97458700 0.99024100
vt 0.04910800 0.79145400
vt 0.97528700 0.99013900
vt 0.97585700 0.99025800
vt 0.04969000 0.79145400
vt 0.21733100 0.40438700
vt 0.03385900 0.53423800
vt 0.01924400 0.77886800
vt 0.22120100 0.40438700
vt 0.03385900 0.53782100
vt 0.21733100 0.40080300
vt 0.22120100 0.40080300
vt 0.01924400 0.78245100
vt 0.03592300 0.53423800
vt 0.28404800 0.41192300
vt 0.01717900 0.77886800
vt 0.28791800 0.41192300
vt 0.28404800 0.41550600
vt 0.03592300 0.53782100
vt 0.28791800 0.41550600
vt 0.01717900 0.78245100
vt 0.70103100 0.46196100
vt 0.13800100 0.05053800
vt 0.82132200 0.75662900
vt 0.70659100 0.75662900
vt 0.81576300 0.46196100
vt 0.60095500 0.63282000
vt 0.82132200 0.88857000
vt 0.69547100 0.44815000
vt 0.00606000 0.05053800
vt 0.81020300 0.44815000
vt 0.60095500 0.50087900
vt 0.70659100 0.88857000
vt 0.13800100 0.05340600
vt 0.24513000 0.98255600
vt 0.70103100 0.46482900
vt 0.60382300 0.63282000
vt 0.24513000 0.86782400
vt 0.81576300 0.46482900
vt 0.37707100 0.98255500
vt 0.69547100 0.44528200
vt 0.00606000 0.05340600
vt 0.37707100 0.86782400
vt 0.81020300 0.44528200
vt 0.60382300 0.50087900
vt 0.70103100 0.46196100
vt 0.13800100 0.05053800
vt 0.82132200 0.75662900
vt 0.70659100 0.75662900
vt 0.81576300 0.46196100
vt 0.60095500 0.63282000
vt 0.69547100 0.44815000
vt 0.82132200 0.88857000
vt 0.00606000 0.05053800
vt 0.60095500 0.50087900
vt 0.81020300 0.44815000
vt 0.70659100 0.88857000
vt 0.13800100 0.05340600
vt 0.70103100 0.46482900
vt 0.24513000 0.98255600
vt 0.24513000 0.86782400
vt 0.81576300 0.46482900
vt 0.60382300 0.63282000
vt 0.69547100 0.44528200
vt 0.00606000 0.05340600
vt 0.37707100 0.98255500
vt 0.81020300 0.44528200
vt 0.37707100 0.86782400
vt 0.60382300 0.50087900
f 4/4/4 1/1/1 11/11/11
f 1/1/1 9/9/9 11/11/11
f 22/22/22 20/20/20 13/13/13
f 22/22/22 13/13/13 18/18/18
f 16/16/16 15/15/15 2/2/2
f 16/16/16 2/2/2 6/6/6
f 23/23/23 17/17/17 5/5/5
f 23/23/23 5/5/5 12/12/12
f 19/19/19 24/24/24 10/10/10
f 19/19/19 10/10/10 8/8/8
f 14/14/14 21/21/21 7/7/7
f 14/14/14 7/7/7 3/3/3
f 25/25/25 26/26/26 33/33/33
f 33/33/33 31/31/31 25/25/25
f 26/26/26 27/27/27 36/36/36
f 36/36/36 33/33/33 26/26/26
f 27/27/27 28/28/28 40/40/40
f 40/40/40 36/36/36 27/27/27
f 28/28/28 29/29/29 41/41/41
f 41/41/41 40/40/40 28/28/28
f 29/29/29 30/30/30 44/44/44
f 44/44/44 41/41/41 29/29/29
f 248/248/248 251/251/251 44/44/44
f 44/44/44 30/30/30 248/248/248
f 36/36/36 40/40/40 48/48/48
f 48/48/48 45/45/45 36/36/36
f 58/58/58 52/52/52 49/49/49
f 49/49/49 55/55/55 58/58/58
f 59/59/59 58/58/58 55/55/55
f 55/55/55 54/54/54 59/59/59
f 48/48/48 59/59/59 54/54/54
f 54/54/54 45/45/45 48/48/48
f 82/82/82 109/109/109 73/73/73
f 73/73/73 100/100/100 82/82/82
f 85/85/85 111/111/111 80/80/80
f 80/80/80 98/98/98 85/85/85
f 86/86/86 114/114/114 77/77/77
f 77/77/77 104/104/104 86/86/86
f 88/88/88 106/106/106 75/75/75
f 75/75/75 103/103/103 88/88/88
f 68/68/68 61/61/61 62/62/62
f 62/62/62 94/94/94 68/68/68
f 71/71/71 92/92/92 93/93/93
f 93/93/93 96/96/96 71/71/71
f 67/67/67 95/95/95 108/108/108
f 108/108/108 83/83/83 67/67/67
f 66/66/66 112/112/112 84/84/84
f 72/72/72 97/97/97 113/113/113
f 113/113/113 87/87/87 72/72/72
f 69/69/69 107/107/107 89/89/89
f 155/155/155 82/82/82 100/100/100
f 100/100/100 146/146/146 155/155/155
f 62/62/62 118/118/118 126/126/126
f 126/126/126 94/94/94 62/62/62
f 120/120/120 137/137/137 64/64/64
f 64/64/64 90/90/90 120/120/120
f 122/122/122 134/134/134 96/96/96
f 96/96/96 93/93/93 122/122/122
f 140/140/140 73/73/73 109/109/109
f 109/109/109 161/161/161 140/140/140
f 68/68/68 128/128/128 115/115/115
f 115/115/115 61/61/61 68/68/68
f 148/148/148 77/77/77 114/114/114
f 114/114/114 170/170/170 148/148/148
f 152/152/152 79/79/79 110/110/110
f 110/110/110 165/165/165 152/152/152
f 158/158/158 107/107/107 69/69/69
f 69/69/69 130/130/130 158/158/158
f 162/162/162 108/108/108 95/95/95
f 95/95/95 125/125/125 162/162/162
f 166/166/166 112/112/112 66/66/66
f 66/66/66 138/138/138 166/166/166
f 169/169/169 113/113/113 97/97/97
f 97/97/97 133/133/133 169/169/169
f 157/157/157 155/155/155 146/146/146
f 146/146/146 144/144/144 157/157/157
f 106/106/106 157/157/157 144/144/144
f 144/144/144 75/75/75 106/106/106
f 118/118/118 117/117/117 124/124/124
f 124/124/124 126/126/126 118/118/118
f 117/117/117 91/91/91 65/65/65
f 65/65/65 124/124/124 117/117/117
f 119/119/119 135/135/135 137/137/137
f 137/137/137 120/120/120 119/119/119
f 119/119/119 92/92/92 71/71/71
f 71/71/71 135/135/135 119/119/119
f 121/121/121 132/132/132 134/134/134
f 134/134/134 122/122/122 121/121/121
f 63/63/63 70/70/70 132/132/132
f 132/132/132 121/121/121 63/63/63
f 141/141/141 140/140/140 161/161/161
f 161/161/161 160/160/160 141/141/141
f 98/98/98 141/141/141 160/160/160
f 160/160/160 85/85/85 98/98/98
f 128/128/128 129/129/129 116/116/116
f 116/116/116 115/115/115 128/128/128
f 129/129/129 70/70/70 63/63/63
f 63/63/63 116/116/116 129/129/129
f 149/149/149 148/148/148 170/170/170
f 170/170/170 167/167/167 149/149/149
f 103/103/103 149/149/149 167/167/167
f 167/167/167 88/88/88 103/103/103
f 154/154/154 152/152/152 165/165/165
f 165/165/165 163/163/163 154/154/154
f 104/104/104 154/154/154 163/163/163
f 163/163/163 86/86/86 104/104/104
f 156/156/156 158/158/158 130/130/130
f 130/130/130 127/127/127 156/156/156
f 83/83/83 156/156/156 127/127/127
f 127/127/127 67/67/67 83/83/83
f 159/159/159 162/162/162 125/125/125
f 125/125/125 123/123/123 159/159/159
f 84/84/84 159/159/159 123/123/123
f 123/123/123 66/66/66 84/84/84
f 164/164/164 166/166/166 138/138/138
f 138/138/138 136/136/136 164/164/164
f 87/87/87 164/164/164 136/136/136
f 136/136/136 72/72/72 87/87/87
f 168/168/168 169/169/169 133/133/133
f 133/133/133 131/131/131 168/168/168
f 89/89/89 168/168/168 131/131/131
f 131/131/131 69/69/69 89/89/89
f 174/174/174 105/105/105 78/78/78
f 78/78/78 173/173/173 174/174/174
f 147/147/147 150/150/150 173/173/173
f 173/173/173 78/78/78 147/147/147
f 151/151/151 153/153/153 105/105/105
f 105/105/105 174/174/174 151/151/151
f 145/145/145 101/101/101 171/171/171
f 171/171/171 143/143/143 145/145/145
f 101/101/101 74/74/74 172/172/172
f 172/172/172 171/171/171 101/101/101
f 172/172/172 74/74/74 139/139/139
f 139/139/139 142/142/142 172/172/172
f 102/102/102 177/177/177 173/173/173
f 173/173/173 150/150/150 102/102/102
f 173/173/173 177/177/177 178/178/178
f 178/178/178 174/174/174 173/173/173
f 178/178/178 81/81/81 151/151/151
f 151/151/151 174/174/174 178/178/178
f 143/143/143 171/171/171 175/175/175
f 175/175/175 76/76/76 143/143/143
f 171/171/171 172/172/172 176/176/176
f 176/176/176 175/175/175 171/171/171
f 176/176/176 172/172/172 142/142/142
f 142/142/142 99/99/99 176/176/176
f 102/102/102 76/76/76 175/175/175
f 175/175/175 177/177/177 102/102/102
f 177/177/177 175/175/175 176/176/176
f 176/176/176 178/178/178 177/177/177
f 176/176/176 99/99/99 81/81/81
f 81/81/81 178/178/178 176/176/176
f 31/31/31 180/180/180 386/386/386
f 386/386/386 25/25/25 31/31/31
f 43/43/43 249/249/249 389/389/389
f 42/42/42 43/43/43 389/389/389
f 39/39/39 42/42/42 389/389/389
f 34/34/34 37/37/37 182/182/182
f 34/34/34 182/182/182 179/179/179
f 32/32/32 34/34/34 179/179/179
f 52/52/52 390/390/390 185/185/185
f 185/185/185 49/49/49 52/52/52
f 46/46/46 53/53/53 56/56/56
f 56/56/56 50/50/50 186/186/186
f 46/46/46 56/56/56 186/186/186
f 46/46/46 186/186/186 183/183/183
f 35/35/35 46/46/46 183/183/183
f 51/51/51 57/57/57 60/60/60
f 60/60/60 47/47/47 38/38/38
f 51/51/51 60/60/60 38/38/38
f 51/51/51 38/38/38 388/388/388
f 392/392/392 51/51/51 388/388/388
f 219/219/219 217/217/217 190/190/190
f 190/190/190 188/188/188 219/219/219
f 216/216/216 224/224/224 191/191/191
f 191/191/191 189/189/189 216/216/216
f 225/225/225 223/223/223 194/194/194
f 194/194/194 192/192/192 225/225/225
f 222/222/222 220/220/220 187/187/187
f 187/187/187 193/193/193 222/222/222
f 196/196/196 197/197/197 208/208/208
f 208/208/208 204/204/204 196/196/196
f 198/198/198 199/199/199 210/210/210
f 210/210/210 207/207/207 198/198/198
f 200/200/200 201/201/201 212/212/212
f 212/212/212 209/209/209 200/200/200
f 202/202/202 195/195/195 203/203/203
f 203/203/203 214/214/214 202/202/202
f 205/205/205 206/206/206 215/215/215
f 215/215/215 218/218/218 205/205/205
f 207/207/207 210/210/210 224/224/224
f 224/224/224 216/216/216 207/207/207
f 211/211/211 213/213/213 221/221/221
f 221/221/221 226/226/226 211/211/211
f 214/214/214 203/203/203 220/220/220
f 220/220/220 222/222/222 214/214/214
f 227/227/227 231/231/231 230/230/230
f 230/230/230 228/228/228 227/227/227
f 228/228/228 230/230/230 236/236/236
f 236/236/236 233/233/233 228/228/228
f 233/233/233 236/236/236 238/238/238
f 238/238/238 237/237/237 233/233/233
f 237/237/237 238/238/238 243/243/243
f 243/243/243 241/241/241 237/237/237
f 241/241/241 243/243/243 246/246/246
f 246/246/246 244/244/244 241/241/241
f 247/247/247 244/244/244 246/246/246
f 246/246/246 250/250/250 247/247/247
f 236/236/236 255/255/255 253/253/253
f 253/253/253 238/238/238 236/236/236
f 261/261/261 258/258/258 256/256/256
f 256/256/256 263/263/263 261/261/261
f 266/266/266 265/265/265 258/258/258
f 258/258/258 261/261/261 266/266/266
f 253/253/253 255/255/255 265/265/265
f 265/265/265 266/266/266 253/253/253
f 271/271/271 268/268/268 275/275/275
f 275/275/275 273/273/273 271/271/271
f 281/281/281 277/277/277 284/284/284
f 284/284/284 283/283/283 281/281/281
f 289/289/289 286/286/286 293/293/293
f 293/293/293 290/290/290 289/289/289
f 296/296/296 295/295/295 301/301/301
f 301/301/301 298/298/298 296/296/296
f 318/318/318 319/319/319 309/309/309
f 309/309/309 310/310/310 318/318/318
f 322/322/322 323/323/323 316/316/316
f 316/316/316 302/302/302 322/322/322
f 317/317/317 270/270/270 272/272/272
f 272/272/272 320/320/320 317/317/317
f 325/325/325 279/279/279 282/282/282
f 321/321/321 288/288/288 291/291/291
f 291/291/291 324/324/324 321/321/321
f 329/329/329 297/297/297 299/299/299
f 332/332/332 331/331/331 268/268/268
f 268/268/268 271/271/271 332/332/332
f 309/309/309 319/319/319 335/335/335
f 335/335/335 308/308/308 309/309/309
f 304/304/304 305/305/305 326/326/326
f 326/326/326 337/337/337 304/304/304
f 315/315/315 316/316/316 323/323/323
f 323/323/323 338/338/338 315/315/315
f 343/343/343 340/340/340 273/273/273
f 273/273/273 275/275/275 343/343/343
f 318/318/318 310/310/310 311/311/311
f 311/311/311 345/345/345 318/318/318
f 348/348/348 346/346/346 290/290/290
f 290/290/290 293/293/293 348/348/348
f 352/352/352 351/351/351 283/283/283
f 283/283/283 284/284/284 352/352/352
f 357/357/357 354/354/354 329/329/329
f 329/329/329 299/299/299 357/357/357
f 341/341/341 334/334/334 320/320/320
f 320/320/320 272/272/272 341/341/341
f 350/350/350 336/336/336 325/325/325
f 325/325/325 282/282/282 350/350/350
f 347/347/347 339/339/339 324/324/324
f 324/324/324 291/291/291 347/347/347
f 356/356/356 358/358/358 331/331/331
f 331/331/331 332/332/332 356/356/356
f 298/298/298 301/301/301 358/358/358
f 358/358/358 356/356/356 298/298/298
f 308/308/308 335/335/335 360/360/360
f 360/360/360 307/307/307 308/308/308
f 307/307/307 360/360/360 327/327/327
f 327/327/327 306/306/306 307/307/307
f 303/303/303 304/304/304 337/337/337
f 337/337/337 362/362/362 303/303/303
f 303/303/303 362/362/362 322/322/322
f 322/322/322 302/302/302 303/303/303
f 314/314/314 315/315/315 338/338/338
f 338/338/338 365/365/365 314/314/314
f 313/313/313 314/314/314 365/365/365
f 365/365/365 328/328/328 313/313/313
f 368/368/368 367/367/367 340/340/340
f 340/340/340 343/343/343 368/368/368
f 278/278/278 280/280/280 367/367/367
f 367/367/367 368/368/368 278/278/278
f 345/345/345 311/311/311 312/312/312
f 312/312/312 355/355/355 345/345/345
f 355/355/355 312/312/312 313/313/313
f 313/313/313 328/328/328 355/355/355
f 373/373/373 371/371/371 346/346/346
f 346/346/346 348/348/348 373/373/373
f 295/295/295 296/296/296 371/371/371
f 371/371/371 373/373/373 295/295/295
f 377/377/377 375/375/375 351/351/351
f 351/351/351 352/352/352 377/377/377
f 286/286/286 289/289/289 375/375/375
f 375/375/375 377/377/377 286/286/286
f 333/333/333 344/344/344 354/354/354
f 354/354/354 357/357/357 333/333/333
f 270/270/270 317/317/317 344/344/344
f 344/344/344 333/333/333 270/270/270
f 366/366/366 361/361/361 334/334/334
f 334/334/334 341/341/341 366/366/366
f 279/279/279 325/325/325 361/361/361
f 361/361/361 366/366/366 279/279/279
f 374/374/374 363/363/363 336/336/336
f 336/336/336 350/350/350 374/374/374
f 288/288/288 321/321/321 363/363/363
f 363/363/363 374/374/374 288/288/288
f 370/370/370 364/364/364 339/339/339
f 339/339/339 347/347/347 370/370/370
f 297/297/297 329/329/329 364/364/364
f 364/364/364 370/370/370 297/297/297
f 378/378/378 379/379/379 292/292/292
f 292/292/292 287/287/287 378/378/378
f 349/349/349 292/292/292 379/379/379
f 379/379/379 372/372/372 349/349/349
f 353/353/353 378/378/378 287/287/287
f 287/287/287 376/376/376 353/353/353
f 330/330/330 359/359/359 380/380/380
f 380/380/380 269/269/269 330/330/330
f 269/269/269 380/380/380 381/381/381
f 381/381/381 274/274/274 269/269/269
f 381/381/381 369/369/369 342/342/342
f 342/342/342 274/274/274 381/381/381
f 294/294/294 372/372/372 379/379/379
f 379/379/379 382/382/382 294/294/294
f 379/379/379 378/378/378 383/383/383
f 383/383/383 382/382/382 379/379/379
f 383/383/383 378/378/378 353/353/353
f 353/353/353 285/285/285 383/383/383
f 359/359/359 300/300/300 384/384/384
f 384/384/384 380/380/380 359/359/359
f 380/380/380 384/384/384 385/385/385
f 385/385/385 381/381/381 380/380/380
f 385/385/385 276/276/276 369/369/369
f 369/369/369 381/381/381 385/385/385
f 294/294/294 382/382/382 384/384/384
f 384/384/384 300/300/300 294/294/294
f 382/382/382 383/383/383 385/385/385
f 385/385/385 384/384/384 382/382/382
f 385/385/385 383/383/383 285/285/285
f 285/285/285 276/276/276 385/385/385
f 231/231/231 227/227/227 387/387/387
f 387/387/387 181/181/181 231/231/231
f 389/389/389 249/249/249 245/245/245
f 389/389/389 245/245/245 242/242/242
f 240/240/240 389/389/389 242/242/242
f 182/182/182 234/234/234 229/229/229
f 179/179/179 182/182/182 229/229/229
f 232/232/232 179/179/179 229/229/229
f 263/263/263 256/256/256 184/184/184
f 184/184/184 391/391/391 263/263/263
f 186/186/186 257/257/257 259/259/259
f 259/259/259 264/264/264 254/254/254
f 186/186/186 259/259/259 254/254/254
f 183/183/183 186/186/186 254/254/254
f 235/235/235 183/183/183 254/254/254
f 239/239/239 252/252/252 267/267/267
f 267/267/267 260/260/260 262/262/262
f 239/239/239 267/267/267 262/262/262
f 388/388/388 239/239/239 262/262/262
f 392/392/392 388/388/388 262/262/262
f 395/395/395 394/394/394 402/402/402
f 402/402/402 399/399/399 395/395/395
f 398/398/398 401/401/401 406/406/406
f 406/406/406 403/403/403 398/398/398
f 405/405/405 407/407/407 411/411/411
f 411/411/411 409/409/409 405/405/405
f 410/410/410 412/412/412 393/393/393
f 393/393/393 397/397/397 410/410/410
f 196/196/196 413/413/413 418/418/418
f 418/418/418 197/197/197 196/196/196
f 198/198/198 416/416/416 419/419/419
f 419/419/419 199/199/199 198/198/198
f 200/200/200 421/421/421 423/423/423
f 423/423/423 201/201/201 200/200/200
f 202/202/202 424/424/424 415/415/415
f 415/415/415 195/195/195 202/202/202
f 414/414/414 396/396/396 400/400/400
f 400/400/400 417/417/417 414/414/414
f 416/416/416 398/398/398 403/403/403
f 403/403/403 419/419/419 416/416/416
f 420/420/420 404/404/404 408/408/408
f 408/408/408 422/422/422 420/420/420
f 424/424/424 410/410/410 397/397/397
f 397/397/397 415/415/415 424/424/424
f 425/425/425 430/430/430 432/432/432
f 432/432/432 428/428/428 425/425/425
f 434/434/434 435/435/435 439/439/439
f 439/439/439 437/437/437 434/434/434
f 427/427/427 431/431/431 440/440/440
f 440/440/440 436/436/436 427/427/427
f 429/429/429 426/426/426 433/433/433
f 433/433/433 438/438/438 429/429/429
f 462/462/462 460/460/460 458/458/458
f 458/458/458 457/457/457 455/455/455
f 455/455/455 452/452/452 450/450/450
f 458/458/458 455/455/455 450/450/450
f 450/450/450 449/449/449 446/446/446
f 446/446/446 443/443/443 441/441/441
f 450/450/450 446/446/446 441/441/441
f 458/458/458 450/450/450 441/441/441
f 462/462/462 458/458/458 441/441/441
f 465/465/465 462/462/462 441/441/441
f 442/442/442 444/444/444 468/468/468
f 468/468/468 467/467/467 442/442/442
f 444/444/444 445/445/445 471/471/471
f 471/471/471 468/468/468 444/444/444
f 445/445/445 448/448/448 474/474/474
f 474/474/474 471/471/471 445/445/445
f 447/447/447 451/451/451 475/475/475
f 475/475/475 473/473/473 447/447/447
f 451/451/451 453/453/453 477/477/477
f 477/477/477 475/475/475 451/451/451
f 453/453/453 454/454/454 479/479/479
f 479/479/479 477/477/477 453/453/453
f 454/454/454 456/456/456 481/481/481
f 481/481/481 479/479/479 454/454/454
f 456/456/456 459/459/459 483/483/483
f 483/483/483 481/481/481 456/456/456
f 459/459/459 461/461/461 486/486/486
f 486/486/486 483/483/483 459/459/459
f 461/461/461 463/463/463 487/487/487
f 487/487/487 486/486/486 461/461/461
f 463/463/463 464/464/464 489/489/489
f 489/489/489 487/487/487 463/463/463
f 464/464/464 442/442/442 467/467/467
f 467/467/467 489/489/489 464/464/464
f 466/466/466 469/469/469 470/470/470
f 470/470/470 472/472/472 476/476/476
f 476/476/476 478/478/478 480/480/480
f 470/470/470 476/476/476 480/480/480
f 480/480/480 482/482/482 484/484/484
f 484/484/484 485/485/485 488/488/488
f 480/480/480 484/484/484 488/488/488
f 470/470/470 480/480/480 488/488/488
f 466/466/466 470/470/470 488/488/488
f 490/490/490 466/466/466 488/488/488
f 491/491/491 496/496/496 497/497/497
f 497/497/497 493/493/493 491/491/491
f 499/499/499 502/502/502 505/505/505
f 505/505/505 504/504/504 499/499/499
f 494/494/494 498/498/498 506/506/506
f 506/506/506 501/501/501 494/494/494
f 495/495/495 492/492/492 500/500/500
f 500/500/500 503/503/503 495/495/495
f 508/508/508 512/512/512 513/513/513
f 513/513/513 509/509/509 508/508/508
f 515/515/515 517/517/517 521/521/521
f 521/521/521 519/519/519 515/515/515
f 510/510/510 514/514/514 522/522/522
f 522/522/522 518/518/518 510/510/510
f 511/511/511 507/507/507 516/516/516
f 516/516/516 520/520/520 511/511/511
f 545/545/545 543/543/543 540/540/540
f 540/540/540 539/539/539 536/536/536
f 536/536/536 535/535/535 533/533/533
f 540/540/540 536/536/536 533/533/533
f 533/533/533 531/531/531 527/527/527
f 527/527/527 526/526/526 524/524/524
f 533/533/533 527/527/527 524/524/524
f 540/540/540 533/533/533 524/524/524
f 545/545/545 540/540/540 524/524/524
f 547/547/547 545/545/545 524/524/524
f 523/523/523 525/525/525 551/551/551
f 551/551/551 549/549/549 523/523/523
f 525/525/525 528/528/528 552/552/552
f 552/552/552 551/551/551 525/525/525
f 528/528/528 530/530/530 554/554/554
f 554/554/554 552/552/552 528/528/528
f 529/529/529 532/532/532 557/557/557
f 557/557/557 555/555/555 529/529/529
f 532/532/532 534/534/534 560/560/560
f 560/560/560 557/557/557 532/532/532
f 534/534/534 537/537/537 561/561/561
f 561/561/561 560/560/560 534/534/534
f 537/537/537 538/538/538 564/564/564
f 564/564/564 561/561/561 537/537/537
f 538/538/538 541/541/541 565/565/565
f 565/565/565 564/564/564 538/538/538
f 541/541/541 542/542/542 568/568/568
f 568/568/568 565/565/565 541/541/541
f 542/542/542 544/544/544 570/570/570
f 570/570/570 568/568/568 542/542/542
f 544/544/544 546/546/546 571/571/571
f 571/571/571 570/570/570 544/544/544
f 546/546/546 523/523/523 549/549/549
f 549/549/549 571/571/571 546/546/546
f 548/548/548 550/550/550 553/553/553
f 553/553/553 556/556/556 558/558/558
f 558/558/558 559/559/559 562/562/562
f 553/553/553 558/558/558 562/562/562
f 562/562/562 563/563/563 566/566/566
f 566/566/566 567/567/567 569/569/569
f 562/562/562 566/566/566 569/569/569
f 553/553/553 562/562/562 569/569/569
f 548/548/548 553/553/553 569/569/569
f 572/572/572 548/548/548 569/569/569
f 573/573/573 578/578/578 580/580/580
f 580/580/580 576/576/576 573/573/573
f 582/582/582 583/583/583 588/588/588
f 588/588/588 585/585/585 582/582/582
f 575/575/575 579/579/579 587/587/587
f 587/587/587 584/584/584 575/575/575
f 577/577/577 574/574/574 581/581/581
f 581/581/581 586/586/586 577/577/577
f 590/590/590 594/594/594 596/596/596
f 596/596/596 591/591/591 590/590/590
f 597/597/597 599/599/599 603/603/603
f 603/603/603 602/602/602 597/597/597
f 592/592/592 595/595/595 604/604/604
f 604/604/604 600/600/600 592/592/592
f 593/593/593 589/589/589 598/598/598
f 598/598/598 601/601/601 593/593/593
f 627/627/627 625/625/625 622/622/622
f 622/622/622 621/621/621 618/618/618
f 618/618/618 616/616/616 614/614/614
f 622/622/622 618/618/618 614/614/614
f 614/614/614 612/612/612 609/609/609
f 609/609/609 608/608/608 605/605/605
f 614/614/614 609/609/609 605/605/605
f 622/622/622 614/614/614 605/605/605
f 627/627/627 622/622/622 605/605/605
f 629/629/629 627/627/627 605/605/605
f 606/606/606 607/607/607 632/632/632
f 632/632/632 631/631/631 606/606/606
f 607/607/607 610/610/610 634/634/634
f 634/634/634 632/632/632 607/607/607
f 610/610/610 611/611/611 637/637/637
f 637/637/637 634/634/634 610/610/610
f 613/613/613 615/615/615 639/639/639
f 639/639/639 638/638/638 613/613/613
f 615/615/615 617/617/617 642/642/642
f 642/642/642 639/639/639 615/615/615
f 617/617/617 619/619/619 644/644/644
f 644/644/644 642/642/642 617/617/617
f 619/619/619 620/620/620 645/645/645
f 645/645/645 644/644/644 619/619/619
f 620/620/620 623/623/623 647/647/647
f 647/647/647 645/645/645 620/620/620
f 623/623/623 624/624/624 649/649/649
f 649/649/649 647/647/647 623/623/623
f 624/624/624 626/626/626 651/651/651
f 651/651/651 649/649/649 624/624/624
f 626/626/626 628/628/628 653/653/653
f 653/653/653 651/651/651 626/626/626
f 628/628/628 606/606/606 631/631/631
f 631/631/631 653/653/653 628/628/628
f 630/630/630 633/633/633 635/635/635
f 635/635/635 636/636/636 640/640/640
f 640/640/640 641/641/641 643/643/643
f 635/635/635 640/640/640 643/643/643
f 643/643/643 646/646/646 648/648/648
f 648/648/648 650/650/650 652/652/652
f 643/643/643 648/648/648 652/652/652
f 635/635/635 643/643/643 652/652/652
f 630/630/630 635/635/635 652/652/652
f 654/654/654 630/630/630 652/652/652
f 656/656/656 660/660/660 662/662/662
f 662/662/662 657/657/657 656/656/656
f 664/664/664 666/666/666 670/670/670
f 670/670/670 668/668/668 664/664/664
f 658/658/658 661/661/661 669/669/669
f 669/669/669 665/665/665 658/658/658
f 659/659/659 655/655/655 663/663/663
f 663/663/663 667/667/667 659/659/659
f 671/671/671 676/676/676 677/677/677
f 677/677/677 674/674/674 671/671/671
f 680/680/680 681/681/681 686/686/686
f 686/686/686 683/683/683 680/680/680
f 673/673/673 678/678/678 685/685/685
f 685/685/685 682/682/682 673/673/673
f 675/675/675 672/672/672 679/679/679
f 679/679/679 684/684/684 675/675/675
f 708/708/708 706/706/706 704/704/704
f 704/704/704 703/703/703 701/701/701
f 701/701/701 699/699/699 696/696/696
f 704/704/704 701/701/701 696/696/696
f 696/696/696 695/695/695 691/691/691
f 691/691/691 689/689/689 687/687/687
f 696/696/696 691/691/691 687/687/687
f 704/704/704 696/696/696 687/687/687
f 708/708/708 704/704/704 687/687/687
f 711/711/711 708/708/708 687/687/687
f 688/688/688 690/690/690 714/714/714
f 714/714/714 712/712/712 688/688/688
f 690/690/690 692/692/692 717/717/717
f 717/717/717 714/714/714 690/690/690
f 692/692/692 694/694/694 719/719/719
f 719/719/719 717/717/717 692/692/692
f 693/693/693 697/697/697 721/721/721
f 721/721/721 718/718/718 693/693/693
f 697/697/697 698/698/698 724/724/724
f 724/724/724 721/721/721 697/697/697
f 698/698/698 700/700/700 725/725/725
f 725/725/725 724/724/724 698/698/698
f 700/700/700 702/702/702 727/727/727
f 727/727/727 725/725/725 700/700/700
f 702/702/702 705/705/705 730/730/730
f 730/730/730 727/727/727 702/702/702
f 705/705/705 707/707/707 731/731/731
f 731/731/731 730/730/730 705/705/705
f 707/707/707 709/709/709 733/733/733
f 733/733/733 731/731/731 707/707/707
f 709/709/709 710/710/710 736/736/736
f 736/736/736 733/733/733 709/709/709
f 710/710/710 688/688/688 712/712/712
f 712/712/712 736/736/736 710/710/710
f 713/713/713 715/715/715 716/716/716
f 716/716/716 720/720/720 722/722/722
f 722/722/722 723/723/723 726/726/726
f 716/716/716 722/722/722 726/726/726
f 726/726/726 728/728/728 729/729/729
f 729/729/729 732/732/732 734/734/734
f 726/726/726 729/729/729 734/734/734
f 716/716/716 726/726/726 734/734/734
f 713/713/713 716/716/716 734/734/734
f 735/735/735 713/713/713 734/734/734
f 737/737/737 742/742/742 743/743/743
f 743/743/743 740/740/740 737/737/737
f 746/746/746 748/748/748 751/751/751
f 751/751/751 749/749/749 746/746/746
f 739/739/739 744/744/744 752/752/752
f 752/752/752 747/747/747 739/739/739
f 741/741/741 738/738/738 745/745/745
f 745/745/745 750/750/750 741/741/741
f 756/756/756 755/755/755 764/764/764
f 755/755/755 759/759/759 764/764/764
f 774/774/774 771/771/771 766/766/766
f 774/774/774 766/766/766 769/769/769
f 770/770/770 767/767/767 753/753/753
f 770/770/770 753/753/753 757/757/757
f 776/776/776 768/768/768 758/758/758
f 776/776/776 758/758/758 763/763/763
f 772/772/772 775/775/775 762/762/762
f 772/772/772 762/762/762 760/760/760
f 765/765/765 773/773/773 761/761/761
f 765/765/765 761/761/761 754/754/754
f 780/780/780 779/779/779 788/788/788
f 779/779/779 784/784/784 788/788/788
f 799/799/799 797/797/797 791/791/791
f 799/799/799 791/791/791 792/792/792
f 793/793/793 790/790/790 777/777/777
f 793/793/793 777/777/777 781/781/781
f 800/800/800 794/794/794 782/782/782
f 800/800/800 782/782/782 786/786/786
f 795/795/795 798/798/798 787/787/787
f 795/795/795 787/787/787 783/783/783
f 789/789/789 796/796/796 785/785/785
f 789/789/789 785/785/785 778/778/778

