mtllib material.mtl
usemtl material_0
v 10.19763400 2.86817200 3.77081500
v 10.19763400 2.86817200 3.77081500
v 10.19763400 2.86817200 3.77081500
v 10.34763300 2.86817200 3.77081500
v 10.34763300 2.86817200 3.77081500
v 10.34763300 2.86817200 3.77081500
v 10.19763400 2.86817200 3.80081500
v 10.19763400 2.86817200 3.80081500
v 10.19763400 2.86817200 3.80081500
v 10.34763300 2.86817200 3.80081500
v 10.34763300 2.86817200 3.80081500
v 10.34763300 2.86817200 3.80081500
v 10.34763300 -0.26661500 3.77081500
v 10.34763300 -0.26661500 3.77081500
v 10.19763400 -0.26661500 3.77081500
v 10.19763400 -0.26661500 3.77081500
v 10.27263400 2.73380400 3.79250400
v 10.27263400 2.73380400 3.79250400
v 10.29263400 2.73916300 3.79250400
v 10.30727500 2.75380400 3.79250400
v 10.30727500 2.75380400 3.79250400
v 10.31263400 2.77380400 3.79250400
v 10.30727500 2.79380400 3.79250400
v 10.30727500 2.79380400 3.79250400
v 10.29263400 2.80844500 3.79250400
v 10.27263400 2.81380400 3.79250400
v 10.27263400 2.81380400 3.79250400
v 10.25263300 2.80844500 3.79250400
v 10.23799200 2.79380400 3.79250400
v 10.23799200 2.79380400 3.79250400
v 10.23263400 2.77380400 3.79250400
v 10.23799200 2.75380400 3.79250400
v 10.23799200 2.75380400 3.79250400
v 10.25263300 2.73916300 3.79250400
v 10.27263400 2.73380300 22.95998800
v 10.27263400 2.73380300 22.95998800
v 10.27263400 2.73380300 22.95998800
v 10.29263300 2.73916200 22.95998800
v 10.29263300 2.73916200 22.95998800
v 10.30727400 2.75380300 22.95998800
v 10.30727400 2.75380300 22.95998800
v 10.30727400 2.75380300 22.95998800
v 10.31263400 2.77380300 22.95998800
v 10.31263400 2.77380300 22.95998800
v 10.30727400 2.79380300 22.95998800
v 10.30727400 2.79380300 22.95998800
v 10.30727400 2.79380300 22.95998800
v 10.29263300 2.80844400 22.95998800
v 10.29263300 2.80844400 22.95998800
v 10.27263400 2.81380300 22.95998800
v 10.27263400 2.81380300 22.95998800
v 10.27263400 2.81380300 22.95998800
v 10.25263300 2.80844400 22.95998800
v 10.25263300 2.80844400 22.95998800
v 10.23799200 2.79380300 22.95998800
v 10.23799200 2.79380300 22.95998800
v 10.23799200 2.79380300 22.95998800
v 10.23263400 2.77380300 22.95998800
v 10.23263400 2.77380300 22.95998800
v 10.23799200 2.75380300 22.95998800
v 10.23799200 2.75380300 22.95998800
v 10.23799200 2.75380300 22.95998800
v 10.25263300 2.73916200 22.95998800
v 10.25263300 2.73916200 22.95998800
v 10.25780700 2.66817200 3.79791600
v 10.25780700 2.66817200 3.79791600
v 10.25780700 2.66817200 3.79791600
v 10.28746000 2.66817200 3.79791600
v 10.28746000 2.66817200 3.79791600
v 10.28746000 2.66817200 3.79791600
v 10.25780700 2.66817100 22.95998800
v 10.25780700 2.66817100 22.95998800
v 10.25780700 2.66817100 22.95998800
v 10.28745900 2.66817100 22.95998800
v 10.28745900 2.66817100 22.95998800
v 10.28745900 2.66817100 22.95998800
v 10.28746000 -0.25343700 3.79791500
v 10.28746000 -0.25343700 3.79791500
v 10.28746000 -0.25343700 3.79791500
v 10.25780700 -0.25343700 3.79791500
v 10.25780700 -0.25343700 3.79791500
v 10.25780700 -0.25343700 3.79791500
v 10.25780700 -0.25343800 22.95998800
v 10.25780700 -0.25343800 22.95998800
v 10.25780700 -0.25343800 22.95998800
v 10.28745900 -0.25343800 22.95998800
v 10.28745900 -0.25343800 22.95998800
v 10.28745900 -0.25343800 22.95998800
v 10.31956500 2.82127200 23.00226000
v 10.31956500 2.82127200 23.00226000
v 10.31956500 2.82127200 23.00226000
v 10.31956500 2.82127200 22.92829300
v 10.31956500 2.82127200 22.92829300
v 10.31956500 2.82127200 22.92829300
v 10.22570100 2.82127200 22.92829300
v 10.22570100 2.82127200 22.92829300
v 10.22570100 2.82127200 22.92829300
v 10.25570100 2.82127200 23.00226000
v 10.25570100 2.82127200 23.00226000
v 10.31956500 2.72634100 23.00226000
v 10.31956500 2.72634100 23.00226000
v 10.31956500 2.72634100 23.00226000
v 10.22570100 2.72634100 22.97226000
v 10.22570100 2.72634100 22.97226000
v 10.22570100 2.72634100 22.92829300
v 10.22570100 2.72634100 22.92829300
v 10.22570100 2.72634100 22.92829300
v 10.31956500 2.72634100 22.92829300
v 10.31956500 2.72634100 22.92829300
v 10.31956500 2.72634100 22.92829300
v 10.22570100 2.82127200 22.97226000
v 10.22570100 2.82127200 22.97226000
v 10.25570100 2.72634100 23.00226000
v 10.25570100 2.72634100 23.00226000
v 10.22903400 2.82127200 22.98892800
v 10.22903400 2.82127200 22.98892800
v 10.22903400 2.82127200 22.98892800
v 10.23903500 2.82127200 22.99892800
v 10.23903500 2.82127200 22.99892800
v 10.23903500 2.82127200 22.99892800
v 10.23903500 2.72634100 22.99892800
v 10.23903500 2.72634100 22.99892800
v 10.23903500 2.72634100 22.99892800
v 10.22903400 2.72634100 22.98892800
v 10.22903400 2.72634100 22.98892800
v 10.22903400 2.72634100 22.98892800
v 10.32570400 2.85588900 22.93568400
v 10.32570400 2.85588900 22.93568400
v 10.32570400 2.85588900 22.93568400
v 10.35096500 2.85588900 22.94132400
v 10.35096500 2.85588900 22.94132400
v 10.37002100 2.85588900 22.95883800
v 10.37002100 2.85588900 22.95883800
v 10.37776700 2.85588900 22.98353400
v 10.37776700 2.85588900 22.98353400
v 10.37212800 2.85588900 23.00879300
v 10.37212800 2.85588900 23.00879300
v 10.35461400 2.85588900 23.02784900
v 10.35461400 2.85588900 23.02784900
v 10.32991900 2.85588900 23.03559700
v 10.32991900 2.85588900 23.03559700
v 10.30465900 2.85588900 23.02995700
v 10.30465900 2.85588900 23.02995700
v 10.30465900 2.85588900 23.02995700
v 10.28560300 2.85588900 23.01244400
v 10.28560300 2.85588900 23.01244400
v 10.27785600 2.85588900 22.98774700
v 10.27785600 2.85588900 22.98774700
v 10.27785600 2.85588900 22.98774700
v 10.28349500 2.85588900 22.96248600
v 10.28349500 2.85588900 22.96248600
v 10.30100800 2.85588900 22.94343200
v 10.30100800 2.85588900 22.94343200
v 10.30100800 2.85588900 22.94343200
v 10.37776700 -0.26661600 22.98353400
v 10.37212800 -0.26661600 23.00879300
v 10.35461400 -0.26661600 23.02785100
v 10.32991900 -0.26661600 23.03559700
v 10.28560300 -0.26661600 23.01244400
v 10.28349500 -0.26661600 22.96248600
v 10.30100800 -0.26661600 22.94343200
v 10.30100800 -0.26661600 22.94343200
v 10.28560300 2.84834600 23.01244400
v 10.28560300 2.84834600 23.01244400
v 10.30465900 2.84834600 23.02995700
v 10.30465900 2.84834600 23.02995700
v 10.30465900 2.84834600 23.02995700
v 10.30465900 2.84834600 23.02995700
v 10.32991900 2.84834600 23.03559700
v 10.35461400 2.84834600 23.02784900
v 10.37212800 2.84834600 23.00879300
v 10.37776700 2.84834600 22.98353400
v 10.37002100 2.84834600 22.95883800
v 10.35096500 2.84834600 22.94132400
v 10.32570400 2.84834600 22.93568400
v 10.32570400 2.84834600 22.93568400
v 10.30100800 2.84834600 22.94343200
v 10.30100800 2.84834600 22.94343200
v 10.28349500 2.84834600 22.96248600
v 10.27785600 2.84834600 22.98774700
v 10.27785600 2.84834600 22.98774700
v 10.27785600 2.84834600 22.98774700
v 10.27785600 2.84834600 22.98774700
v 10.28560300 2.81453800 23.01244400
v 10.28560300 2.81453800 23.01244400
v 10.30465900 2.81453800 23.02995700
v 10.30465900 2.81453800 23.02995700
v 10.30465900 2.81453800 23.02995700
v 10.30465900 2.81453800 23.02995700
v 10.32991900 2.81453800 23.03559700
v 10.35461400 2.81453800 23.02784900
v 10.37212800 2.81453800 23.00879300
v 10.37776700 2.81453800 22.98353400
v 10.37002100 2.81453800 22.95883800
v 10.35096500 2.81453800 22.94132400
v 10.32570400 2.81453800 22.93568400
v 10.32570400 2.81453800 22.93568400
v 10.30100800 2.81453800 22.94343200
v 10.30100800 2.81453800 22.94343200
v 10.28349500 2.81453800 22.96248600
v 10.27785600 2.81453800 22.98774700
v 10.27785600 2.81453800 22.98774700
v 10.27785600 2.81453800 22.98774700
v 10.22868200 2.81453800 23.07820100
v 10.22868200 2.81453800 23.07820100
v 10.22868200 2.81453800 23.07820100
v 10.22868200 2.84834600 23.07820100
v 10.22868200 2.84834600 23.07820100
v 10.22868200 2.84834600 23.07820100
v 10.20118400 2.84834600 23.06605000
v 10.20118400 2.84834600 23.06605000
v 10.20188000 2.84834600 23.03599400
v 10.20188000 2.84834600 23.03599400
v 10.20188000 2.84834600 23.03599400
v 10.20188000 2.81453800 23.03599400
v 10.20188000 2.81453800 23.03599400
v 10.20188000 2.81453800 23.03599400
v 10.20118400 2.81453800 23.06605000
v 10.20118400 2.81453800 23.06605000
v 10.21287700 2.81453800 23.07679600
v 10.21287700 2.81453800 23.07679600
v 10.21287700 2.81453800 23.07679600
v 10.21287700 2.84834600 23.07679600
v 10.21287700 2.84834600 23.07679600
v 10.21287700 2.84834600 23.07679600
v 10.19643000 2.84834600 23.05089600
v 10.19643000 2.84834600 23.05089600
v 10.19643000 2.84834600 23.05089600
v 10.19643000 2.81453800 23.05089600
v 10.19643000 2.81453800 23.05089600
v 10.19643000 2.81453800 23.05089600
v 10.21528100 2.84834600 23.05709600
v 10.21528100 2.81453800 23.05709600
v 10.24768400 2.77613500 23.06926000
v 10.24768400 2.77613500 23.06926000
v 10.24768400 2.77613500 23.06926000
v 10.25830600 2.77613500 23.06312600
v 10.25830600 2.77613500 23.06312600
v 10.25830600 2.77613500 23.06312600
v 10.26483800 2.77613500 23.04991300
v 10.26483800 2.77613500 23.04991300
v 10.28436300 2.77613500 22.97704700
v 10.28436300 2.77613500 22.97704700
v 10.23395600 2.77613500 22.96354100
v 10.23395600 2.77613500 22.96354100
v 10.21443200 2.77613500 23.03640600
v 10.21443200 2.77613500 23.03640600
v 10.21348300 2.77613500 23.05111700
v 10.21348300 2.77613500 23.05111700
v 10.21348300 2.77613500 23.05111700
v 10.21961500 2.77613500 23.06173900
v 10.21961500 2.77613500 23.06173900
v 10.21961500 2.77613500 23.06173900
v 10.23290100 2.77613500 23.06829100
v 10.23290100 2.77613500 23.06829100
v 10.26483800 2.75695500 23.04991300
v 10.26483800 2.75695500 23.04991300
v 10.25830600 2.75695500 23.06312600
v 10.25830600 2.75695500 23.06312600
v 10.25830600 2.75695500 23.06312600
v 10.24768400 2.75695500 23.06926000
v 10.24768400 2.75695500 23.06926000
v 10.24768400 2.75695500 23.06926000
v 10.23290100 2.75695500 23.06829100
v 10.23290100 2.75695500 23.06829100
v 10.21961500 2.75695500 23.06173900
v 10.21961500 2.75695500 23.06173900
v 10.21961500 2.75695500 23.06173900
v 10.21348300 2.75695500 23.05111700
v 10.21348300 2.75695500 23.05111700
v 10.21348300 2.75695500 23.05111700
v 10.21443200 2.75695500 23.03640600
v 10.21443200 2.75695500 23.03640600
v 10.23395600 2.75695300 22.96354100
v 10.23395600 2.75695300 22.96354100
v 10.28436300 2.75695500 22.97704700
v 10.28436300 2.75695500 22.97704700
v 10.23984600 2.85588900 23.02417400
v 10.23984600 2.85588900 23.02417400
v 10.24984600 2.85588900 23.02685400
v 10.24984600 2.85588900 23.02685400
v 10.25716700 2.85588900 23.03417400
v 10.25716700 2.85588900 23.03417400
v 10.25984700 2.85588900 23.04417400
v 10.25984700 2.85588900 23.04417400
v 10.25716700 2.85588900 23.05417400
v 10.25716700 2.85588900 23.05417400
v 10.25716700 2.85588900 23.05417400
v 10.24984600 2.85588900 23.06149500
v 10.24984600 2.85588900 23.06149500
v 10.23984600 2.85588900 23.06417500
v 10.23984600 2.85588900 23.06417500
v 10.22984600 2.85588900 23.06149500
v 10.22984600 2.85588900 23.06149500
v 10.22252600 2.85588900 23.05417400
v 10.22252600 2.85588900 23.05417400
v 10.21984700 2.85588900 23.04417400
v 10.21984700 2.85588900 23.04417400
v 10.22252600 2.85588900 23.03417400
v 10.22252600 2.85588900 23.03417400
v 10.22984600 2.85588900 23.02685400
v 10.22984600 2.85588900 23.02685400
v 10.24984600 -0.26661600 23.02685400
v 10.25716700 -0.26661600 23.03417400
v 10.25984700 -0.26661600 23.04417400
v 10.25716700 -0.26661600 23.05417400
v 10.25716700 -0.26661600 23.05417400
v 10.24984600 -0.26661600 23.06149500
v 10.22984600 -0.26661600 23.06149500
v 10.22252600 -0.26661600 23.05417400
v 10.22252600 -0.26661600 23.03417400
v 10.22984600 -0.26661600 23.02685400
v 10.19763400 -3.40140200 3.77081400
v 10.19763400 -3.40140200 3.77081400
v 10.19763400 -3.40140200 3.77081400
v 10.34763300 -3.40140200 3.77081400
v 10.34763300 -3.40140200 3.77081400
v 10.34763300 -3.40140200 3.77081400
v 10.19763400 -3.40140200 3.80081400
v 10.19763400 -3.40140200 3.80081400
v 10.19763400 -3.40140200 3.80081400
v 10.19763400 -0.26661500 3.80081500
v 10.19763400 -0.26661500 3.80081500
v 10.34763300 -0.26661500 3.80081500
v 10.34763300 -0.26661500 3.80081500
v 10.34763300 -3.40140200 3.80081400
v 10.34763300 -3.40140200 3.80081400
v 10.34763300 -3.40140200 3.80081400
v 10.27263400 -3.26703400 3.79250400
v 10.27263400 -3.26703400 3.79250400
v 10.29263400 -3.27239300 3.79250400
v 10.29263300 -3.27239400 22.95998800
v 10.29263300 -3.27239400 22.95998800
v 10.27263400 -3.26703500 22.95998800
v 10.27263400 -3.26703500 22.95998800
v 10.27263400 -3.26703500 22.95998800
v 10.30727500 -3.28703400 3.79250400
v 10.30727500 -3.28703400 3.79250400
v 10.30727400 -3.28703500 22.95998800
v 10.30727400 -3.28703500 22.95998800
v 10.30727400 -3.28703500 22.95998800
v 10.31263400 -3.30703400 3.79250400
v 10.31263400 -3.30703400 22.95998800
v 10.31263400 -3.30703400 22.95998800
v 10.31263400 -3.30703400 22.95998800
v 10.30727500 -3.32703400 3.79250400
v 10.30727500 -3.32703400 3.79250400
v 10.30727400 -3.32703400 22.95998800
v 10.30727400 -3.32703400 22.95998800
v 10.30727400 -3.32703400 22.95998800
v 10.29263400 -3.34167500 3.79250400
v 10.29263300 -3.34167600 22.95998800
v 10.29263300 -3.34167600 22.95998800
v 10.29263300 -3.34167600 22.95998800
v 10.27263400 -3.34703400 3.79250400
v 10.27263400 -3.34703400 3.79250400
v 10.27263400 -3.34703400 22.95998800
v 10.27263400 -3.34703400 22.95998800
v 10.27263400 -3.34703400 22.95998800
v 10.25263300 -3.34167500 3.79250400
v 10.25263300 -3.34167600 22.95998800
v 10.25263300 -3.34167600 22.95998800
v 10.23799200 -3.32703400 3.79250400
v 10.23799200 -3.32703400 3.79250400
v 10.23799200 -3.32703400 22.95998800
v 10.23799200 -3.32703400 22.95998800
v 10.23799200 -3.32703400 22.95998800
v 10.23263400 -3.30703400 3.79250400
v 10.23263400 -3.30703400 22.95998800
v 10.23263400 -3.30703400 22.95998800
v 10.23263400 -3.30703400 22.95998800
v 10.23799200 -3.28703400 3.79250400
v 10.23799200 -3.28703400 3.79250400
v 10.23799200 -3.28703500 22.95998800
v 10.23799200 -3.28703500 22.95998800
v 10.23799200 -3.28703500 22.95998800
v 10.25263300 -3.27239300 3.79250400
v 10.25263300 -3.27239400 22.95998800
v 10.25263300 -3.27239400 22.95998800
v 10.25263300 -3.27239400 22.95998800
v 10.25780700 -3.20140200 3.79791500
v 10.25780700 -3.20140200 3.79791500
v 10.25780700 -3.20140200 3.79791500
v 10.28746000 -3.20140200 3.79791500
v 10.28746000 -3.20140200 3.79791500
v 10.28746000 -3.20140200 3.79791500
v 10.28746000 -0.27979300 3.79791500
v 10.28746000 -0.27979300 3.79791500
v 10.28746000 -0.27979300 3.79791500
v 10.25780700 -0.27979300 3.79791500
v 10.25780700 -0.27979300 3.79791500
v 10.25780700 -0.27979300 3.79791500
v 10.25780700 -3.20140300 22.95998800
v 10.25780700 -3.20140300 22.95998800
v 10.25780700 -3.20140300 22.95998800
v 10.25780700 -0.27979400 22.95998800
v 10.25780700 -0.27979400 22.95998800
v 10.25780700 -0.27979400 22.95998800
v 10.28745900 -0.27979400 22.95998800
v 10.28745900 -0.27979400 22.95998800
v 10.28745900 -0.27979400 22.95998800
v 10.28745900 -3.20140300 22.95998800
v 10.28745900 -3.20140300 22.95998800
v 10.28745900 -3.20140300 22.95998800
v 10.31956500 -3.35450300 23.00226000
v 10.31956500 -3.35450300 23.00226000
v 10.31956500 -3.35450300 23.00226000
v 10.31956500 -3.35450300 22.92829300
v 10.31956500 -3.35450300 22.92829300
v 10.31956500 -3.35450300 22.92829300
v 10.22570100 -3.35450300 22.92829300
v 10.22570100 -3.35450300 22.92829300
v 10.22570100 -3.35450300 22.92829300
v 10.22570100 -3.35450300 22.97226000
v 10.22570100 -3.35450300 22.97226000
v 10.22903400 -3.35450300 22.98892800
v 10.22903400 -3.35450300 22.98892800
v 10.22903400 -3.35450300 22.98892800
v 10.23903500 -3.35450300 22.99892800
v 10.23903500 -3.35450300 22.99892800
v 10.23903500 -3.35450300 22.99892800
v 10.25570100 -3.35450300 23.00226000
v 10.25570100 -3.35450300 23.00226000
v 10.31956500 -3.25957200 23.00226000
v 10.31956500 -3.25957200 23.00226000
v 10.31956500 -3.25957200 23.00226000
v 10.25570100 -3.25957200 23.00226000
v 10.25570100 -3.25957200 23.00226000
v 10.23903500 -3.25957200 22.99892800
v 10.23903500 -3.25957200 22.99892800
v 10.23903500 -3.25957200 22.99892800
v 10.22903400 -3.25957200 22.98892800
v 10.22903400 -3.25957200 22.98892800
v 10.22903400 -3.25957200 22.98892800
v 10.22570100 -3.25957200 22.97226000
v 10.22570100 -3.25957200 22.97226000
v 10.22570100 -3.25957200 22.92829300
v 10.22570100 -3.25957200 22.92829300
v 10.22570100 -3.25957200 22.92829300
v 10.31956500 -3.25957200 22.92829300
v 10.31956500 -3.25957200 22.92829300
v 10.31956500 -3.25957200 22.92829300
v 10.30100800 -3.38912000 22.94343200
v 10.30100800 -3.38912000 22.94343200
v 10.30100800 -3.38912000 22.94343200
v 10.28349500 -3.38912000 22.96248600
v 10.28349500 -3.38912000 22.96248600
v 10.27785600 -3.38912000 22.98774700
v 10.27785600 -3.38912000 22.98774700
v 10.27785600 -3.38912000 22.98774700
v 10.28560300 -3.38912000 23.01244400
v 10.28560300 -3.38912000 23.01244400
v 10.30465900 -3.38912000 23.02995700
v 10.30465900 -3.38912000 23.02995700
v 10.30465900 -3.38912000 23.02995700
v 10.32991900 -3.38912000 23.03559700
v 10.32991900 -3.38912000 23.03559700
v 10.35461400 -3.38912000 23.02784900
v 10.35461400 -3.38912000 23.02784900
v 10.37212800 -3.38912000 23.00879300
v 10.37212800 -3.38912000 23.00879300
v 10.37776700 -3.38912000 22.98353400
v 10.37776700 -3.38912000 22.98353400
v 10.37002100 -3.38912000 22.95883800
v 10.37002100 -3.38912000 22.95883800
v 10.35096500 -3.38912000 22.94132400
v 10.35096500 -3.38912000 22.94132400
v 10.32570400 -3.38912000 22.93568400
v 10.32570400 -3.38912000 22.93568400
v 10.32570400 -3.38912000 22.93568400
v 10.35096500 -3.38157700 22.94132400
v 10.32570400 -3.38157700 22.93568400
v 10.32570400 -3.38157700 22.93568400
v 10.37002100 -3.38157700 22.95883800
v 10.37776700 -3.38157700 22.98353400
v 10.37212800 -3.38157700 23.00879300
v 10.35461400 -3.38157700 23.02784900
v 10.32991900 -3.38157700 23.03559700
v 10.30465900 -3.38157700 23.02995700
v 10.30465900 -3.38157700 23.02995700
v 10.30465900 -3.38157700 23.02995700
v 10.30465900 -3.38157700 23.02995700
v 10.28560300 -3.38157700 23.01244400
v 10.28560300 -3.38157700 23.01244400
v 10.27785600 -3.38157700 22.98774700
v 10.27785600 -3.38157700 22.98774700
v 10.27785600 -3.38157700 22.98774700
v 10.27785600 -3.38157700 22.98774700
v 10.28349500 -3.38157700 22.96248600
v 10.30100800 -3.38157700 22.94343200
v 10.30100800 -3.38157700 22.94343200
v 10.35096500 -3.34776900 22.94132400
v 10.32570400 -3.34776900 22.93568400
v 10.32570400 -3.34776900 22.93568400
v 10.37002100 -3.34776900 22.95883800
v 10.37776700 -3.34776900 22.98353400
v 10.37212800 -3.34776900 23.00879300
v 10.35461400 -3.34776900 23.02784900
v 10.32991900 -3.34776900 23.03559700
v 10.30465900 -3.34776900 23.02995700
v 10.30465900 -3.34776900 23.02995700
v 10.30465900 -3.34776900 23.02995700
v 10.30465900 -3.34776900 23.02995700
v 10.20118400 -3.38157700 23.06605000
v 10.20118400 -3.38157700 23.06605000
v 10.20118400 -3.34776900 23.06605000
v 10.20118400 -3.34776900 23.06605000
v 10.21287700 -3.34776900 23.07679600
v 10.21287700 -3.34776900 23.07679600
v 10.21287700 -3.34776900 23.07679600
v 10.21287700 -3.38157700 23.07679600
v 10.21287700 -3.38157700 23.07679600
v 10.21287700 -3.38157700 23.07679600
v 10.19643000 -3.38157700 23.05089600
v 10.19643000 -3.38157700 23.05089600
v 10.19643000 -3.38157700 23.05089600
v 10.19643000 -3.34776900 23.05089600
v 10.19643000 -3.34776900 23.05089600
v 10.19643000 -3.34776900 23.05089600
v 10.28349500 -3.34776900 22.96248600
v 10.27785600 -3.34776900 22.98774700
v 10.27785600 -3.34776900 22.98774700
v 10.27785600 -3.34776900 22.98774700
v 10.30100800 -3.34776900 22.94343200
v 10.30100800 -3.34776900 22.94343200
v 10.35096500 -0.26661600 22.94132400
v 10.32570500 -0.26661600 22.93568400
v 10.32570500 -0.26661600 22.93568400
v 10.37002100 -0.26661600 22.95883800
v 10.30465900 -0.26661600 23.02995700
v 10.30465900 -0.26661600 23.02995700
v 10.28560300 -3.34776900 23.01244400
v 10.28560300 -3.34776900 23.01244400
v 10.27785600 -0.26661600 22.98774700
v 10.22868200 -3.38157700 23.07820100
v 10.22868200 -3.38157700 23.07820100
v 10.22868200 -3.38157700 23.07820100
v 10.22868200 -3.34776900 23.07820100
v 10.22868200 -3.34776900 23.07820100
v 10.22868200 -3.34776900 23.07820100
v 10.21528100 -3.38157700 23.05709600
v 10.20188000 -3.38157700 23.03599400
v 10.20188000 -3.38157700 23.03599400
v 10.20188000 -3.38157700 23.03599400
v 10.20188000 -3.34776900 23.03599400
v 10.20188000 -3.34776900 23.03599400
v 10.20188000 -3.34776900 23.03599400
v 10.21528100 -3.34776900 23.05709600
v 10.24768400 -3.30936700 23.06926000
v 10.24768400 -3.30936700 23.06926000
v 10.24768400 -3.30936700 23.06926000
v 10.25830600 -3.30936700 23.06312600
v 10.25830600 -3.30936700 23.06312600
v 10.25830600 -3.30936700 23.06312600
v 10.26483800 -3.30936700 23.04991300
v 10.26483800 -3.30936700 23.04991300
v 10.28436300 -3.30936700 22.97704700
v 10.28436300 -3.30936700 22.97704700
v 10.23395600 -3.30936700 22.96354100
v 10.23395600 -3.30936700 22.96354100
v 10.21443200 -3.30936700 23.03640600
v 10.21443200 -3.30936700 23.03640600
v 10.21348300 -3.30936700 23.05111700
v 10.21348300 -3.30936700 23.05111700
v 10.21348300 -3.30936700 23.05111700
v 10.21961500 -3.30936700 23.06173900
v 10.21961500 -3.30936700 23.06173900
v 10.21961500 -3.30936700 23.06173900
v 10.23290100 -3.30936700 23.06829100
v 10.23290100 -3.30936700 23.06829100
v 10.26483800 -3.29018600 23.04991300
v 10.26483800 -3.29018600 23.04991300
v 10.25830600 -3.29018600 23.06312600
v 10.25830600 -3.29018600 23.06312600
v 10.25830600 -3.29018600 23.06312600
v 10.24768400 -3.29018600 23.06926000
v 10.24768400 -3.29018600 23.06926000
v 10.24768400 -3.29018600 23.06926000
v 10.23290100 -3.29018600 23.06829100
v 10.23290100 -3.29018600 23.06829100
v 10.21961500 -3.29018600 23.06173900
v 10.21961500 -3.29018600 23.06173900
v 10.21961500 -3.29018600 23.06173900
v 10.21348300 -3.29018600 23.05111700
v 10.21348300 -3.29018600 23.05111700
v 10.21348300 -3.29018600 23.05111700
v 10.21443200 -3.29018600 23.03640600
v 10.21443200 -3.29018600 23.03640600
v 10.23395600 -3.29018400 22.96354100
v 10.23395600 -3.29018400 22.96354100
v 10.28436300 -3.29018600 22.97704700
v 10.28436300 -3.29018600 22.97704700
v 10.22984600 -3.38912000 23.02685400
v 10.22984600 -3.38912000 23.02685400
v 10.22252600 -3.38912000 23.03417400
v 10.22252600 -3.38912000 23.03417400
v 10.21984700 -3.38912000 23.04417400
v 10.21984700 -3.38912000 23.04417400
v 10.22252600 -3.38912000 23.05417400
v 10.22252600 -3.38912000 23.05417400
v 10.22984600 -3.38912000 23.06149500
v 10.22984600 -3.38912000 23.06149500
v 10.23984600 -3.38912000 23.06417500
v 10.23984600 -3.38912000 23.06417500
v 10.24984600 -3.38912000 23.06149500
v 10.24984600 -3.38912000 23.06149500
v 10.25716700 -3.38912000 23.05417400
v 10.25716700 -3.38912000 23.05417400
v 10.25716700 -3.38912000 23.05417400
v 10.25984700 -3.38912000 23.04417400
v 10.25984700 -3.38912000 23.04417400
v 10.25716700 -3.38912000 23.03417400
v 10.25716700 -3.38912000 23.03417400
v 10.24984600 -3.38912000 23.02685400
v 10.24984600 -3.38912000 23.02685400
v 10.23984600 -3.38912000 23.02417400
v 10.23984600 -3.38912000 23.02417400
v 10.23984600 -0.26661600 23.02417400
v 10.23984600 -0.26661600 23.06417500
v 10.21984700 -0.26661600 23.04417400
v 10.27263400 -0.30661500 3.77081500
v 10.27263400 -0.30661500 3.77081500
v 10.29263400 -0.30125600 3.77081500
v 10.30727500 -0.28661500 3.77081500
v 10.30727500 -0.28661500 3.77081500
v 10.31263400 -0.26661500 3.77081500
v 10.31263400 -0.26661500 3.77081500
v 10.30727500 -0.24661500 3.77081500
v 10.29263400 -0.23197400 3.77081500
v 10.27263400 -0.22661500 3.77081500
v 10.25263300 -0.23197400 3.77081500
v 10.23799200 -0.24661500 3.77081500
v 10.23263400 -0.26661500 3.77081500
v 10.23799200 -0.28661500 3.77081500
v 10.25263300 -0.30125600 3.77081500
v 10.25263300 -0.30125600 3.77081500
v 10.23799200 -0.24661400 1.20328800
v 10.23799200 -0.24661400 1.20328800
v 10.25263400 -0.23197300 1.20328800
v 10.25263400 -0.23197300 1.20328800
v 10.27263400 -0.22661400 1.20328800
v 10.27263400 -0.22661400 1.20328800
v 10.29263400 -0.23197300 1.20328800
v 10.29263400 -0.23197300 1.20328800
v 10.30727500 -0.24661400 1.20328800
v 10.30727500 -0.24661400 1.20328800
v 10.31263400 -0.26661400 1.20328800
v 10.31263400 -0.26661400 1.20328800
v 10.31263400 -0.26661400 1.20328800
v 10.31263400 -0.26661400 1.20328800
v 10.30727500 -0.28661400 1.20328800
v 10.30727500 -0.28661400 1.20328800
v 10.30727500 -0.28661400 1.20328800
v 10.29263400 -0.30125500 1.20328800
v 10.29263400 -0.30125500 1.20328800
v 10.27263400 -0.30661400 1.20328800
v 10.27263400 -0.30661400 1.20328800
v 10.27263400 -0.30661400 1.20328800
v 10.25263300 -0.30125500 1.20328800
v 10.25263300 -0.30125500 1.20328800
v 10.25263300 -0.30125500 1.20328800
v 10.23799200 -0.28661400 1.20328800
v 10.23799200 -0.28661400 1.20328800
v 10.23263400 -0.26661400 1.20328800
v 10.23263400 -0.26661400 1.20328800
v 10.18087000 -0.26661400 1.15735700
v 10.18087000 -0.26661400 1.15735700
v 10.19316500 -0.22073100 1.15735700
v 10.19316500 -0.22073100 1.15735700
v 10.22675100 -0.18714500 1.15735700
v 10.22675100 -0.18714500 1.15735700
v 10.27263400 -0.17485100 1.15735700
v 10.27263400 -0.17485100 1.15735700
v 10.31851400 -0.18714400 1.15735700
v 10.31851400 -0.18714400 1.15735700
v 10.35210400 -0.22073400 1.15735700
v 10.35210400 -0.22073400 1.15735700
v 10.36439700 -0.26661400 1.15735700
v 10.36439700 -0.26661400 1.15735700
v 10.36439700 -0.26661400 1.15735700
v 10.36439700 -0.26661400 1.15735700
v 10.35210300 -0.31249600 1.15735700
v 10.35210300 -0.31249600 1.15735700
v 10.31851600 -0.34608400 1.15735700
v 10.31851600 -0.34608400 1.15735700
v 10.22675100 -0.34608400 1.15735700
v 10.22675100 -0.34608400 1.15735700
v 10.19316500 -0.31249800 1.15735700
v 10.19316500 -0.31249800 1.15735700
v 10.27263400 -0.36873100 1.12854400
v 10.32369100 -0.35505000 1.12854400
v 10.36106900 -0.31767300 1.12854400
v 10.36106900 -0.31767300 1.12854400
v 10.37475000 -0.26661400 1.12854400
v 10.37475000 -0.26661400 1.12854400
v 10.36107100 -0.21555800 1.12854400
v 10.36107100 -0.21555800 1.12854400
v 10.32369000 -0.17817900 1.12854400
v 10.27263400 -0.16449800 1.12854400
v 10.22157600 -0.17817900 1.12854400
v 10.18419800 -0.21555400 1.12854400
v 10.18419800 -0.21555400 1.12854400
v 10.17051700 -0.26661500 1.12854400
v 10.17051700 -0.26661500 1.12854400
v 10.18419900 -0.31767400 1.12854400
v 10.22157500 -0.35505000 1.12854400
v 10.32369200 -0.35505000 1.15735700
v 10.32369200 -0.35505000 1.15735700
v 10.32369200 -0.35505000 1.15735700
v 10.27263400 -0.36873100 1.15735700
v 10.27263400 -0.36873100 1.15735700
v 10.22157600 -0.35505000 1.15735700
v 10.22157600 -0.35505000 1.15735700
v 10.18419900 -0.31767400 1.15735700
v 10.18419900 -0.31767400 1.15735700
v 10.17051700 -0.26661400 1.15735700
v 10.17051700 -0.26661400 1.15735700
v 10.17051700 -0.26661400 1.15735700
v 10.18419800 -0.21555500 1.15735700
v 10.18419800 -0.21555500 1.15735700
v 10.18419800 -0.21555500 1.15735700
v 10.22157500 -0.17817900 1.15735700
v 10.22157500 -0.17817900 1.15735700
v 10.27263400 -0.16449800 1.15735700
v 10.27263400 -0.16449800 1.15735700
v 10.32369000 -0.17817800 1.15735700
v 10.32369000 -0.17817800 1.15735700
v 10.36107000 -0.21555700 1.15735700
v 10.36107000 -0.21555700 1.15735700
v 10.36107000 -0.21555700 1.15735700
v 10.37475000 -0.26661400 1.15735700
v 10.37475000 -0.26661400 1.15735700
v 10.37475000 -0.26661400 1.15735700
v 10.37475000 -0.26661400 1.15735700
v 10.36106900 -0.31767300 1.15735700
v 10.36106900 -0.31767300 1.15735700
v 10.36106900 -0.31767300 1.15735700
v 10.27263400 -0.35837800 1.15735700
v 10.27263400 -0.35837800 1.15735700
v 10.30395700 -0.32086800 1.20041700
v 10.31204500 -0.33487700 1.19180500
v 10.31689700 -0.34328200 1.17745100
v 10.27263400 -0.32926100 1.20041700
v 10.27263400 -0.34543700 1.19180500
v 10.27263400 -0.35514300 1.17745100
v 10.24131000 -0.32086800 1.20041700
v 10.23322200 -0.33487700 1.19180500
v 10.22837000 -0.34328200 1.17745100
v 10.21838000 -0.29793800 1.20041700
v 10.20437100 -0.30602700 1.19180500
v 10.19596600 -0.31088000 1.17745100
v 10.20998700 -0.26661400 1.20041700
v 10.19381000 -0.26661400 1.19180500
v 10.18410500 -0.26661400 1.17745100
v 10.21838000 -0.23529100 1.20041700
v 10.20437100 -0.22720200 1.19180500
v 10.19596700 -0.22234900 1.17745100
v 10.24131000 -0.21236100 1.20041700
v 10.23322200 -0.19835200 1.19180500
v 10.22837000 -0.18994600 1.17745100
v 10.27263400 -0.20396800 1.20041700
v 10.27263400 -0.18779200 1.19180500
v 10.27263400 -0.17808600 1.17745100
v 10.30395600 -0.21236000 1.20041700
v 10.31204400 -0.19835100 1.19180500
v 10.31689600 -0.18994600 1.17745100
v 10.32688700 -0.23529200 1.20041700
v 10.34089700 -0.22720400 1.19180500
v 10.34930200 -0.22235100 1.17745100
v 10.33528000 -0.26661400 1.20041700
v 10.33528000 -0.26661400 1.20041700
v 10.35145700 -0.26661400 1.19180500
v 10.35145700 -0.26661400 1.19180500
v 10.36116200 -0.26661400 1.17745100
v 10.36116200 -0.26661400 1.17745100
v 10.32688700 -0.29793800 1.20041700
v 10.34089700 -0.30602600 1.19180500
v 10.34930100 -0.31087900 1.17745100
v 10.23799200 -0.24661400 1.37182300
v 10.23799200 -0.24661400 1.37182300
v 10.25263400 -0.23197300 1.37182300
v 10.25263400 -0.23197300 1.37182300
v 10.27263400 -0.22661400 1.37182300
v 10.27263400 -0.22661400 1.37182300
v 10.29263400 -0.23197300 1.37182300
v 10.29263400 -0.23197300 1.37182300
v 10.30727500 -0.24661400 1.37182300
v 10.30727500 -0.24661400 1.37182300
v 10.31263400 -0.26661400 1.37182300
v 10.31263400 -0.26661400 1.37182300
v 10.31263400 -0.26661400 1.37182300
v 10.31263400 -0.26661400 1.37182300
v 10.30727500 -0.28661400 1.37182300
v 10.30727500 -0.28661400 1.37182300
v 10.30727500 -0.28661400 1.37182300
v 10.29263400 -0.30125500 1.37182300
v 10.29263400 -0.30125500 1.37182300
v 10.27263400 -0.30661400 1.37182300
v 10.27263400 -0.30661400 1.37182300
v 10.27263400 -0.30661400 1.37182300
v 10.25263300 -0.30125500 1.37182300
v 10.25263300 -0.30125500 1.37182300
v 10.25263300 -0.30125500 1.37182300
v 10.23799200 -0.28661400 1.37182300
v 10.23799200 -0.28661400 1.37182300
v 10.23263400 -0.26661400 1.37182300
v 10.23263400 -0.26661400 1.37182300
v 10.23799200 -0.24661400 1.35973400
v 10.23799200 -0.24661400 1.35973400
v 10.25263400 -0.23197300 1.35973400
v 10.25263400 -0.23197300 1.35973400
v 10.27263400 -0.22661400 1.35973400
v 10.27263400 -0.22661400 1.35973400
v 10.29263400 -0.23197300 1.35973400
v 10.29263400 -0.23197300 1.35973400
v 10.30727500 -0.24661400 1.35973400
v 10.30727500 -0.24661400 1.35973400
v 10.31263400 -0.26661400 1.35973400
v 10.31263400 -0.26661400 1.35973400
v 10.31263400 -0.26661400 1.35973400
v 10.31263400 -0.26661400 1.35973400
v 10.30727500 -0.28661400 1.35973400
v 10.30727500 -0.28661400 1.35973400
v 10.30727500 -0.28661400 1.35973400
v 10.29263400 -0.30125500 1.35973400
v 10.29263400 -0.30125500 1.35973400
v 10.27263400 -0.30661400 1.35973400
v 10.27263400 -0.30661400 1.35973400
v 10.27263400 -0.30661400 1.35973400
v 10.25263300 -0.30125500 1.35973400
v 10.25263300 -0.30125500 1.35973400
v 10.25263300 -0.30125500 1.35973400
v 10.23799200 -0.28661400 1.35973400
v 10.23799200 -0.28661400 1.35973400
v 10.23263400 -0.26661400 1.35973400
v 10.23263400 -0.26661400 1.35973400
v 10.29781000 -0.31022100 1.37182300
v 10.29781000 -0.31022100 1.37182300
v 10.27263400 -0.31696700 1.37182300
v 10.27263400 -0.31696700 1.37182300
v 10.24745800 -0.31022100 1.37182300
v 10.24745800 -0.31022100 1.37182300
v 10.22902700 -0.29179100 1.37182300
v 10.22902700 -0.29179100 1.37182300
v 10.22228100 -0.26661500 1.37182300
v 10.22228100 -0.26661500 1.37182300
v 10.22902700 -0.24143800 1.37182300
v 10.22902700 -0.24143800 1.37182300
v 10.24745700 -0.22300800 1.37182300
v 10.24745700 -0.22300800 1.37182300
v 10.27263400 -0.21626200 1.37182300
v 10.27263400 -0.21626200 1.37182300
v 10.29781000 -0.22300800 1.37182300
v 10.29781000 -0.22300800 1.37182300
v 10.31624000 -0.24143800 1.37182300
v 10.31624000 -0.24143800 1.37182300
v 10.32298700 -0.26661400 1.37182300
v 10.32298700 -0.26661400 1.37182300
v 10.32298700 -0.26661400 1.37182300
v 10.32298700 -0.26661400 1.37182300
v 10.31624000 -0.29179100 1.37182300
v 10.31624000 -0.29179100 1.37182300
v 10.27263400 -0.31696700 1.35973400
v 10.27263400 -0.31696700 1.35973400
v 10.29781000 -0.31022100 1.35973400
v 10.29781000 -0.31022100 1.35973400
v 10.31624000 -0.29179100 1.35973400
v 10.31624000 -0.29179100 1.35973400
v 10.32298700 -0.26661400 1.35973400
v 10.32298700 -0.26661400 1.35973400
v 10.32298700 -0.26661400 1.35973400
v 10.32298700 -0.26661400 1.35973400
v 10.31624000 -0.24143800 1.35973400
v 10.31624000 -0.24143800 1.35973400
v 10.29781000 -0.22300800 1.35973400
v 10.29781000 -0.22300800 1.35973400
v 10.27263400 -0.21626200 1.35973400
v 10.27263400 -0.21626200 1.35973400
v 10.24745700 -0.22300800 1.35973400
v 10.24745700 -0.22300800 1.35973400
v 10.22902700 -0.24143800 1.35973400
v 10.22902700 -0.24143800 1.35973400
v 10.22228100 -0.26661500 1.35973400
v 10.22228100 -0.26661500 1.35973400
v 10.22902700 -0.29179100 1.35973400
v 10.22902700 -0.29179100 1.35973400
v 10.24745800 -0.31022100 1.35973400
v 10.24745800 -0.31022100 1.35973400
vn -0.00000000 -0.00000000 -1.00000000
vn -0.00000000 1.00000000 -0.00000000
vn -1.00000000 -0.00000000 -0.00000000
vn -0.00000000 -0.00000000 -1.00000000
vn -0.00000000 1.00000000 -0.00000000
vn 1.00000000 -0.00000000 -0.00000000
vn -0.00000000 1.00000000 -0.00000000
vn -0.00000000 -0.00000000 1.00000000
vn -1.00000000 -0.00000000 -0.00000000
vn -0.00000000 -0.00000000 1.00000000
vn 1.00000000 -0.00000000 -0.00000000
vn -0.00000000 1.00000000 -0.00000000
vn -0.00000000 -0.00000000 -1.00000000
vn 1.00000000 -0.00000000 -0.00000000
vn -1.00000000 -0.00000000 -0.00000000
vn -0.00000000 -0.00000000 -1.00000000
vn -0.25880000 -0.96590000 -0.00000000
vn 0.25880000 -0.96590000 -0.00000000
vn 0.50000000 -0.86600000 -0.00000000
vn 0.70710000 -0.70710000 -0.00000000
vn 0.96590000 -0.25880000 -0.00000000
vn 1.00000000 -0.00000000 -0.00000000
vn 0.96590000 0.25880000 -0.00000000
vn 0.70710000 0.70710000 -0.00000000
vn 0.50000000 0.86600000 -0.00000000
vn 0.25880000 0.96590000 -0.00000000
vn -0.25880000 0.96590000 -0.00000000
vn -0.50000000 0.86600000 -0.00000000
vn -0.96590000 0.25880000 -0.00000000
vn -0.70710000 0.70710000 -0.00000000
vn -1.00000000 -0.00000000 -0.00000000
vn -0.70710000 -0.70710000 -0.00000000
vn -0.96590000 -0.25880000 -0.00000000
vn -0.50000000 -0.86600000 -0.00000000
vn -0.25880000 -0.96590000 -0.00000000
vn -0.00000000 -0.00000000 1.00000000
vn 0.25880000 -0.96590000 -0.00000000
vn 0.50000000 -0.86600000 -0.00000000
vn -0.00000000 -0.00000000 1.00000000
vn 0.96590000 -0.25880000 -0.00000000
vn 0.70710000 -0.70710000 -0.00000000
vn -0.00000000 -0.00000000 1.00000000
vn -0.00000000 0.00010000 1.00000000
vn 1.00000000 -0.00000000 -0.00000000
vn 0.96590000 0.25880000 -0.00000000
vn 0.70710000 0.70710000 -0.00000000
vn -0.00000000 -0.00000000 1.00000000
vn -0.00000000 0.00010000 1.00000000
vn 0.50000000 0.86600000 -0.00000000
vn -0.25880000 0.96590000 -0.00000000
vn 0.25880000 0.96590000 -0.00000000
vn -0.00000000 -0.00000000 1.00000000
vn -0.50000000 0.86600000 -0.00000000
vn -0.00000000 -0.00020000 1.00000000
vn -0.96590000 0.25880000 -0.00000000
vn -0.70710000 0.70710000 -0.00000000
vn -0.00000000 -0.00010000 1.00000000
vn -1.00000000 -0.00000000 -0.00000000
vn -0.00000000 -0.00000000 1.00000000
vn -0.96590000 -0.25880000 -0.00000000
vn -0.00000000 -0.00000000 1.00000000
vn -0.70710000 -0.70710000 -0.00000000
vn -0.00000000 -0.00010000 1.00000000
vn -0.50000000 -0.86600000 -0.00000000
vn -1.00000000 -0.00000000 -0.00000000
vn -0.00000000 1.00000000 -0.00000000
vn -0.00000000 -0.00000000 -1.00000000
vn -0.00000000 1.00000000 -0.00000000
vn -0.00000000 -0.00000000 -1.00000000
vn 1.00000000 -0.00000000 -0.00000000
vn -0.00000000 -0.00000000 1.00000000
vn -0.00000000 1.00000000 -0.00000000
vn -1.00000000 -0.00000000 -0.00000000
vn 1.00000000 -0.00000000 -0.00000000
vn -0.00000000 -0.00000000 1.00000000
vn -0.00000000 1.00000000 -0.00000000
vn 1.00000000 -0.00000000 -0.00000000
vn -0.00000000 -0.00000000 -1.00000000
vn -0.00000000 -1.00000000 -0.00000000
vn -1.00000000 -0.00000000 -0.00000000
vn -0.00000000 -0.00000000 -1.00000000
vn -0.00000000 -1.00000000 -0.00000000
vn -0.00000000 -0.00000000 1.00000000
vn -1.00000000 -0.00000000 -0.00000000
vn -0.00000000 -1.00000000 -0.00000000
vn -0.00000000 -0.00000000 1.00000000
vn 1.00000000 -0.00000000 -0.00000000
vn -0.00000000 -1.00000000 -0.00000000
vn 1.00000000 -0.00000000 -0.00000000
vn -0.00000000 -0.00000000 1.00000000
vn -0.00000000 1.00000000 -0.00000000
vn 1.00000000 -0.00000000 -0.00000000
vn -0.00000000 -0.00000000 -1.00000000
vn -0.00000000 1.00000000 -0.00000000
vn -1.00000000 -0.00000000 -0.00000000
vn -0.00000000 -0.00000000 -1.00000000
vn -0.00000000 1.00000000 -0.00000000
vn -0.00000000 1.00000000 -0.00000000
vn -0.09850000 -0.00000000 0.99510000
vn 1.00000000 -0.00000000 -0.00000000
vn -0.00000000 -0.00000000 1.00000000
vn -0.00000000 -1.00000000 -0.00000000
vn -0.99510000 -0.00000000 0.09850000
vn -0.00000000 -1.00000000 -0.00000000
vn -0.00000000 -0.00000000 -1.00000000
vn -0.00000000 -1.00000000 -0.00000000
vn -1.00000000 -0.00000000 -0.00000000
vn -0.00000000 -0.00000000 -1.00000000
vn 1.00000000 -0.00000000 -0.00000000
vn -0.00000000 -1.00000000 -0.00000000
vn -0.99510000 -0.00000000 0.09850000
vn -0.00000000 1.00000000 -0.00000000
vn -0.00000000 -1.00000000 -0.00000000
vn -0.09850000 -0.00000000 0.99510000
vn -0.00000000 1.00000000 -0.00000000
vn -0.70710000 -0.00000000 0.70710000
vn -0.98060000 -0.00000000 0.19610000
vn -0.00000000 1.00000000 -0.00000000
vn -0.19610000 -0.00000000 0.98060000
vn -0.70710000 -0.00000000 0.70710000
vn -0.00000000 -1.00000000 -0.00000000
vn -0.19610000 -0.00000000 0.98060000
vn -0.70710000 -0.00000000 0.70710000
vn -0.98060000 -0.00000000 0.19610000
vn -0.00000000 -1.00000000 -0.00000000
vn -0.70710000 -0.00000000 0.70710000
vn 0.21790000 -0.00000000 -0.97600000
vn -0.29930000 -0.00000000 -0.95420000
vn -0.00000000 1.00000000 -0.00000000
vn -0.00000000 1.00000000 -0.00000000
vn 0.46310000 -0.00000000 -0.88630000
vn 0.84420000 -0.00000000 -0.53610000
vn -0.00000000 1.00000000 -0.00000000
vn 0.99910000 -0.00000000 -0.04210000
vn -0.00000000 1.00000000 -0.00000000
vn 0.88630000 -0.00000000 0.46310000
vn -0.00000000 1.00000000 -0.00000000
vn -0.00000000 1.00000000 -0.00000000
vn 0.53610000 -0.00000000 0.84420000
vn -0.00000000 1.00000000 -0.00000000
vn 0.04220000 -0.00000000 0.99910000
vn -0.00000000 1.00000000 -0.00000000
vn -0.21790000 -0.00000000 0.97600000
vn -0.67670000 -0.00000000 0.73630000
vn -0.84420000 -0.00000000 0.53600000
vn -0.00000000 1.00000000 -0.00000000
vn -0.97600000 -0.00000000 -0.21790000
vn -0.95420000 -0.00000000 0.29930000
vn -0.00000000 1.00000000 -0.00000000
vn -0.00000000 1.00000000 -0.00000000
vn -0.88630000 -0.00000000 -0.46310000
vn -0.00000000 1.00000000 -0.00000000
vn -0.29930000 -0.00000000 -0.95420000
vn -0.73630000 -0.00000000 -0.67670000
vn 0.99910000 -0.00000000 -0.04210000
vn 0.88630000 -0.00000000 0.46300000
vn 0.53610000 -0.00000000 0.84420000
vn 0.04210000 -0.00000000 0.99910000
vn -0.84420000 -0.00000000 0.53600000
vn -0.88630000 -0.00000000 -0.46310000
vn -0.29930000 -0.00000000 -0.95420000
vn -0.73630000 -0.00000000 -0.67670000
vn -0.84420000 -0.00000000 0.53610000
vn -0.00000000 1.00000000 -0.00000000
vn -0.67670000 -0.00000000 0.73630000
vn -0.21790000 -0.00000000 0.97600000
vn -0.00000000 1.00000000 -0.00000000
vn 0.53610000 -0.00000000 0.84420000
vn 0.04220000 -0.00000000 0.99910000
vn 0.53610000 -0.00000000 0.84420000
vn 0.88630000 -0.00000000 0.46310000
vn 0.99910000 -0.00000000 -0.04210000
vn 0.84420000 -0.00000000 -0.53610000
vn 0.46300000 -0.00000000 -0.88630000
vn 0.21790000 -0.00000000 -0.97600000
vn -0.29930000 -0.00000000 -0.95420000
vn -0.73630000 -0.00000000 -0.67670000
vn -0.29930000 -0.00000000 -0.95420000
vn -0.88630000 -0.00000000 -0.46310000
vn -0.97600000 -0.00000000 -0.21790000
vn -0.95420000 -0.00000000 0.29930000
vn -0.00000000 1.00000000 -0.00000000
vn -0.53610000 -0.00000000 -0.84420000
vn -0.84420000 -0.00000000 0.53600000
vn -0.00000000 -1.00000000 -0.00000000
vn 0.53610000 -0.00000000 0.84420000
vn -0.67670000 -0.00000000 0.73630000
vn -0.00000000 -1.00000000 -0.00000000
vn -0.21790000 -0.00000000 0.97600000
vn 0.04220000 -0.00000000 0.99910000
vn 0.53610000 -0.00000000 0.84420000
vn 0.88630000 -0.00000000 0.46310000
vn 0.99910000 -0.00000000 -0.04210000
vn 0.84420000 -0.00000000 -0.53610000
vn 0.46300000 -0.00000000 -0.88630000
vn -0.29930000 -0.00000000 -0.95420000
vn 0.21790000 -0.00000000 -0.97600000
vn -0.29930000 -0.00000000 -0.95420000
vn -0.73630000 -0.00000000 -0.67670000
vn -0.88630000 -0.00000000 -0.46310000
vn -0.99890000 -0.00000000 -0.04690000
vn -0.00000000 -1.00000000 -0.00000000
vn -0.53600000 -0.00000000 -0.84420000
vn -0.08860000 -0.00000000 0.99610000
vn 0.53600000 -0.00000000 0.84420000
vn -0.00000000 -1.00000000 -0.00000000
vn -0.08860000 -0.00000000 0.99610000
vn -0.00000000 1.00000000 -0.00000000
vn 0.53610000 -0.00000000 0.84420000
vn -0.84420000 -0.00000000 0.53610000
vn -0.00000000 1.00000000 -0.00000000
vn -0.53610000 -0.00000000 -0.84420000
vn -0.00000000 1.00000000 -0.00000000
vn -0.93920000 -0.00000000 -0.34340000
vn -0.93920000 -0.00000000 -0.34340000
vn -0.00000000 -1.00000000 -0.00000000
vn -0.53610000 -0.00000000 -0.84420000
vn -0.84420000 -0.00000000 0.53600000
vn -0.00000000 -1.00000000 -0.00000000
vn -0.00000000 -1.00000000 -0.00000000
vn -0.67670000 -0.00000000 0.73630000
vn -0.08860000 -0.00000000 0.99610000
vn -0.00000000 1.00000000 -0.00000000
vn -0.67670000 -0.00000000 0.73630000
vn -0.08860000 -0.00000000 0.99610000
vn -0.95420000 -0.00000000 0.29930000
vn -0.00000000 1.00000000 -0.00000000
vn -0.93920000 -0.00000000 -0.34340000
vn -0.00000000 -1.00000000 -0.00000000
vn -0.95420000 -0.00000000 0.29930000
vn -0.93920000 -0.00000000 -0.34340000
vn -0.00000000 1.00000000 -0.00000000
vn -0.00000000 -1.00000000 -0.00000000
vn -0.00000000 1.00000000 -0.00000000
vn -0.06530000 -0.00000000 0.99790000
vn 0.50000000 -0.00000000 0.86600000
vn 0.50000000 -0.00000000 0.86600000
vn 0.89640000 -0.00000000 0.44320000
vn -0.00000000 1.00000000 -0.00000000
vn 0.93570000 -0.00000000 0.35270000
vn -0.00000000 1.00000000 -0.00000000
vn -0.00000000 1.00000000 -0.00000000
vn 0.96590000 -0.00000000 0.25880000
vn -0.96590000 -0.00000000 -0.25880000
vn -0.00000000 1.00000000 -0.00000000
vn -0.98670000 -0.00000000 -0.16240000
vn -0.00010000 1.00000000 -0.00000000
vn -0.86600000 -0.00000000 0.50000000
vn -0.99790000 -0.00000000 -0.06430000
vn -0.00000000 1.00000000 -0.00000000
vn -0.86600000 -0.00000000 0.50000000
vn -0.00000000 1.00000000 -0.00000000
vn -0.44230000 -0.00000000 0.89680000
vn -0.25880000 -0.00000000 0.96590000
vn -0.00000000 1.00000000 -0.00000000
vn -0.00000000 -1.00000000 -0.00000000
vn 0.93570000 -0.00000000 0.35270000
vn -0.00000000 -1.00000000 -0.00000000
vn 0.89640000 -0.00000000 0.44320000
vn 0.50000000 -0.00000000 0.86600000
vn -0.06530000 -0.00000000 0.99790000
vn 0.50000000 -0.00000000 0.86600000
vn -0.00000000 -1.00000000 -0.00000000
vn -0.00000000 -1.00000000 -0.00000000
vn -0.25880000 -0.00000000 0.96590000
vn -0.44230000 -0.00000000 0.89680000
vn -0.00000000 -1.00000000 -0.00000000
vn -0.86600000 -0.00000000 0.50000000
vn -0.99790000 -0.00000000 -0.06430000
vn -0.00000000 -1.00000000 -0.00000000
vn -0.86600000 -0.00000000 0.50000000
vn -0.00000000 -1.00000000 -0.00000000
vn -0.98670000 -0.00000000 -0.16240000
vn -0.96590000 -0.00000000 -0.25880000
vn -0.00000000 -1.00000000 -0.00000000
vn -0.00000000 -1.00000000 -0.00000000
vn 0.96590000 -0.00000000 0.25880000
vn -0.00000000 1.00000000 -0.00000000
vn -0.00000000 -0.00000000 -1.00000000
vn -0.00000000 1.00000000 -0.00000000
vn 0.50000000 -0.00000000 -0.86600000
vn 0.86600000 -0.00000000 -0.50000000
vn -0.00000000 1.00000000 -0.00000000
vn 1.00000000 -0.00000000 -0.00000000
vn -0.00000000 1.00000000 -0.00000000
vn -0.00000000 1.00000000 -0.00000000
vn 0.86600000 -0.00000000 0.50000000
vn 0.86600000 -0.00000000 0.50000000
vn 0.50000000 -0.00000000 0.86600000
vn -0.00010000 1.00000000 -0.00000000
vn -0.00000000 1.00000000 -0.00000000
vn -0.00000000 -0.00000000 1.00000000
vn -0.50000000 -0.00000000 0.86600000
vn -0.00000000 1.00000000 -0.00000000
vn -0.86600000 -0.00000000 0.50000000
vn -0.00000000 1.00000000 -0.00000000
vn -0.00000000 1.00000000 -0.00000000
vn -1.00000000 -0.00000000 -0.00000000
vn -0.00000000 1.00000000 -0.00000000
vn -0.86600000 -0.00000000 -0.50000000
vn -0.00000000 1.00000000 -0.00000000
vn -0.50000000 -0.00000000 -0.86600000
vn 0.50000000 -0.00000000 -0.86600000
vn 0.86600000 -0.00000000 -0.50000000
vn 1.00000000 -0.00000000 -0.00000000
vn 0.86600000 -0.00000000 0.50000000
vn 0.86600000 -0.00000000 0.50000000
vn 0.50000000 -0.00000000 0.86600000
vn -0.50000000 -0.00000000 0.86600000
vn -0.86600000 -0.00000000 0.50000000
vn -0.86600000 -0.00000000 -0.50000000
vn -0.50000000 -0.00000000 -0.86600000
vn -1.00000000 -0.00000000 -0.00000000
vn -0.00000000 -1.00000000 -0.00000000
vn -0.00000000 -0.00000000 -1.00000000
vn 1.00000000 -0.00000000 -0.00000000
vn -0.00000000 -0.00000000 -1.00000000
vn -0.00000000 -1.00000000 -0.00000000
vn -1.00000000 -0.00000000 -0.00000000
vn -0.00000000 -1.00000000 -0.00000000
vn -0.00000000 -0.00000000 1.00000000
vn -1.00000000 -0.00000000 -0.00000000
vn -0.00000000 -0.00000000 1.00000000
vn 1.00000000 -0.00000000 -0.00000000
vn -0.00000000 -0.00000000 1.00000000
vn 1.00000000 -0.00000000 -0.00000000
vn -0.00000000 -0.00000000 1.00000000
vn -0.00000000 -1.00000000 -0.00000000
vn 0.25880000 0.96590000 -0.00000000
vn -0.25880000 0.96590000 -0.00000000
vn 0.50000000 0.86600000 -0.00000000
vn 0.50000000 0.86600000 -0.00000000
vn -0.00000000 -0.00000000 1.00000000
vn -0.00000000 -0.00000000 1.00000000
vn -0.25880000 0.96590000 -0.00000000
vn 0.25880000 0.96590000 -0.00000000
vn 0.70710000 0.70710000 -0.00000000
vn 0.96590000 0.25880000 -0.00000000
vn -0.00000000 -0.00000000 1.00000000
vn 0.96590000 0.25880000 -0.00000000
vn 0.70710000 0.70710000 -0.00000000
vn 1.00000000 -0.00000000 -0.00000000
vn -0.00000000 -0.00010000 1.00000000
vn 1.00000000 -0.00000000 -0.00000000
vn 1.00000000 0.00010000 -0.00000000
vn 0.70710000 -0.70710000 -0.00000000
vn 0.96590000 -0.25880000 -0.00000000
vn -0.00000000 -0.00000000 1.00000000
vn 0.70710000 -0.70710000 -0.00000000
vn 0.96590000 -0.25880000 -0.00000000
vn 0.50000000 -0.86600000 -0.00000000
vn 0.50000000 -0.86610000 -0.00000000
vn 0.50000000 -0.86600000 -0.00000000
vn -0.00000000 -0.00010000 1.00000000
vn 0.25880000 -0.96590000 -0.00000000
vn -0.25880000 -0.96590000 -0.00000000
vn 0.25880000 -0.96590000 -0.00000000
vn -0.25880000 -0.96590000 -0.00000000
vn -0.00000000 -0.00000000 1.00000000
vn -0.50000000 -0.86600000 -0.00000000
vn -0.00000000 0.00020000 1.00000000
vn -0.50000000 -0.86600000 -0.00000000
vn -0.70710000 -0.70710000 -0.00000000
vn -0.96590000 -0.25880000 -0.00000000
vn -0.00000000 -0.00000000 1.00000000
vn -0.70710000 -0.70710000 -0.00000000
vn -0.96590000 -0.25880000 -0.00000000
vn -1.00000000 -0.00000000 -0.00000000
vn -0.00000000 -0.00000000 1.00000000
vn -1.00000000 -0.00000000 -0.00000000
vn -1.00000000 -0.00010000 -0.00000000
vn -0.96590000 0.25880000 -0.00000000
vn -0.70710000 0.70710000 -0.00000000
vn -0.70710000 0.70710000 -0.00000000
vn -0.00000000 -0.00000000 1.00000000
vn -0.96590000 0.25880000 -0.00000000
vn -0.50000000 0.86600000 -0.00000000
vn -0.00000000 0.00010000 1.00000000
vn -0.50000000 0.86600000 -0.00000000
vn -0.49990000 0.86610000 -0.00000000
vn -1.00000000 -0.00000000 -0.00000000
vn -0.00000000 -0.00000000 -1.00000000
vn -0.00000000 -1.00000000 -0.00000000
vn -0.00000000 -0.00000000 -1.00000000
vn -0.00000000 -1.00000000 -0.00000000
vn 1.00000000 -0.00000000 -0.00000000
vn 1.00000000 -0.00000000 -0.00000000
vn -0.00000000 1.00000000 -0.00000000
vn -0.00000000 -0.00000000 -1.00000000
vn -0.00000000 -0.00000000 -1.00000000
vn -0.00000000 1.00000000 -0.00000000
vn -1.00000000 -0.00000000 -0.00000000
vn -0.00000000 -0.00000000 1.00000000
vn -0.00000000 -1.00000000 -0.00000000
vn -1.00000000 -0.00000000 -0.00000000
vn -0.00000000 -0.00000000 1.00000000
vn -1.00000000 -0.00000000 -0.00000000
vn -0.00000000 1.00000000 -0.00000000
vn -0.00000000 1.00000000 -0.00000000
vn -0.00000000 -0.00000000 1.00000000
vn 1.00000000 -0.00000000 -0.00000000
vn -0.00000000 -0.00000000 1.00000000
vn 1.00000000 -0.00000000 -0.00000000
vn -0.00000000 -1.00000000 -0.00000000
vn -0.00000000 -0.00000000 1.00000000
vn -0.00000000 -1.00000000 -0.00000000
vn 1.00000000 -0.00000000 -0.00000000
vn -0.00000000 -0.00000000 -1.00000000
vn 1.00000000 -0.00000000 -0.00000000
vn -0.00000000 -1.00000000 -0.00000000
vn -1.00000000 -0.00000000 -0.00000000
vn -0.00000000 -1.00000000 -0.00000000
vn -0.00000000 -0.00000000 -1.00000000
vn -0.99510000 -0.00000000 0.09850000
vn -0.00000000 -1.00000000 -0.00000000
vn -0.00000000 -1.00000000 -0.00000000
vn -0.70710000 -0.00000000 0.70710000
vn -0.98060000 -0.00000000 0.19610000
vn -0.00000000 -1.00000000 -0.00000000
vn -0.19610000 -0.00000000 0.98060000
vn -0.70710000 -0.00000000 0.70710000
vn -0.00000000 -1.00000000 -0.00000000
vn -0.09850000 -0.00000000 0.99510000
vn 1.00000000 -0.00000000 -0.00000000
vn -0.00000000 -0.00000000 1.00000000
vn -0.00000000 1.00000000 -0.00000000
vn -0.09850000 -0.00000000 0.99510000
vn -0.00000000 1.00000000 -0.00000000
vn -0.00000000 1.00000000 -0.00000000
vn -0.19610000 -0.00000000 0.98060000
vn -0.70710000 -0.00000000 0.70710000
vn -0.00000000 1.00000000 -0.00000000
vn -0.98060000 -0.00000000 0.19610000
vn -0.70710000 -0.00000000 0.70710000
vn -0.99510000 -0.00000000 0.09850000
vn -0.00000000 1.00000000 -0.00000000
vn -0.00000000 -0.00000000 -1.00000000
vn -0.00000000 1.00000000 -0.00000000
vn -1.00000000 -0.00000000 -0.00000000
vn 1.00000000 -0.00000000 -0.00000000
vn -0.00000000 -0.00000000 -1.00000000
vn -0.00000000 1.00000000 -0.00000000
vn -0.73630000 -0.00000000 -0.67670000
vn -0.00000000 -1.00000000 -0.00000000
vn -0.29930000 -0.00000000 -0.95420000
vn -0.00000000 -1.00000000 -0.00000000
vn -0.88630000 -0.00000000 -0.46310000
vn -0.97600000 -0.00000000 -0.21790000
vn -0.95420000 -0.00000000 0.29930000
vn -0.00000000 -1.00000000 -0.00000000
vn -0.84420000 -0.00000000 0.53600000
vn -0.00000000 -1.00000000 -0.00000000
vn -0.21790000 -0.00000000 0.97600000
vn -0.67670000 -0.00000000 0.73630000
vn -0.00000000 -1.00000000 -0.00000000
vn 0.04220000 -0.00000000 0.99910000
vn -0.00000000 -1.00000000 -0.00000000
vn -0.00000000 -1.00000000 -0.00000000
vn 0.53610000 -0.00000000 0.84420000
vn -0.00000000 -1.00000000 -0.00000000
vn 0.88630000 -0.00000000 0.46310000
vn 0.99910000 -0.00000000 -0.04210000
vn -0.00000000 -1.00000000 -0.00000000
vn -0.00000000 -1.00000000 -0.00000000
vn 0.84420000 -0.00000000 -0.53610000
vn 0.46310000 -0.00000000 -0.88630000
vn -0.00000000 -1.00000000 -0.00000000
vn -0.00000000 -1.00000000 -0.00000000
vn 0.21790000 -0.00000000 -0.97600000
vn -0.29930000 -0.00000000 -0.95420000
vn 0.46300000 -0.00000000 -0.88630000
vn 0.21790000 -0.00000000 -0.97600000
vn -0.29930000 -0.00000000 -0.95420000
vn 0.84420000 -0.00000000 -0.53610000
vn 0.99910000 -0.00000000 -0.04210000
vn 0.88630000 -0.00000000 0.46310000
vn 0.53610000 -0.00000000 0.84420000
vn 0.04220000 -0.00000000 0.99910000
vn -0.67670000 -0.00000000 0.73630000
vn -0.21790000 -0.00000000 0.97600000
vn 0.53610000 -0.00000000 0.84420000
vn -0.00000000 -1.00000000 -0.00000000
vn -0.00000000 -1.00000000 -0.00000000
vn -0.84420000 -0.00000000 0.53610000
vn -0.95420000 -0.00000000 0.29930000
vn -0.00000000 -1.00000000 -0.00000000
vn -0.97600000 -0.00000000 -0.21790000
vn -0.53610000 -0.00000000 -0.84420000
vn -0.88630000 -0.00000000 -0.46310000
vn -0.73630000 -0.00000000 -0.67670000
vn -0.29930000 -0.00000000 -0.95420000
vn 0.46300000 -0.00000000 -0.88630000
vn -0.29930000 -0.00000000 -0.95420000
vn 0.21790000 -0.00000000 -0.97600000
vn 0.84420000 -0.00000000 -0.53610000
vn 0.99910000 -0.00000000 -0.04210000
vn 0.88630000 -0.00000000 0.46310000
vn 0.53610000 -0.00000000 0.84420000
vn 0.04220000 -0.00000000 0.99910000
vn -0.67670000 -0.00000000 0.73630000
vn -0.00000000 1.00000000 -0.00000000
vn 0.53610000 -0.00000000 0.84420000
vn -0.21790000 -0.00000000 0.97600000
vn -0.00000000 -1.00000000 -0.00000000
vn -0.84420000 -0.00000000 0.53610000
vn -0.84420000 -0.00000000 0.53600000
vn -0.00000000 1.00000000 -0.00000000
vn -0.08860000 -0.00000000 0.99610000
vn -0.00000000 1.00000000 -0.00000000
vn -0.67670000 -0.00000000 0.73630000
vn -0.08860000 -0.00000000 0.99610000
vn -0.67670000 -0.00000000 0.73630000
vn -0.00000000 -1.00000000 -0.00000000
vn -0.95420000 -0.00000000 0.29930000
vn -0.00000000 -1.00000000 -0.00000000
vn -0.93920000 -0.00000000 -0.34340000
vn -0.93920000 -0.00000000 -0.34340000
vn -0.95420000 -0.00000000 0.29930000
vn -0.00000000 1.00000000 -0.00000000
vn -0.88630000 -0.00000000 -0.46310000
vn -0.53600000 -0.00000000 -0.84420000
vn -0.00000000 1.00000000 -0.00000000
vn -0.99890000 -0.00000000 -0.04690000
vn -0.29930000 -0.00000000 -0.95420000
vn -0.73630000 -0.00000000 -0.67670000
vn 0.46300000 -0.00000000 -0.88630000
vn 0.21790000 -0.00000000 -0.97600000
vn -0.29930000 -0.00000000 -0.95420000
vn 0.84420000 -0.00000000 -0.53610000
vn -0.21790000 -0.00000000 0.97600000
vn -0.67670000 -0.00000000 0.73630000
vn -0.84420000 -0.00000000 0.53600000
vn -0.00000000 1.00000000 -0.00000000
vn -0.99910000 -0.00000000 0.04220000
vn 0.53610000 -0.00000000 0.84420000
vn -0.08860000 -0.00000000 0.99610000
vn -0.00000000 -1.00000000 -0.00000000
vn -0.08860000 -0.00000000 0.99610000
vn 0.53600000 -0.00000000 0.84420000
vn -0.00000000 1.00000000 -0.00000000
vn -0.00000000 -1.00000000 -0.00000000
vn -0.00000000 -1.00000000 -0.00000000
vn -0.93920000 -0.00000000 -0.34340000
vn -0.53610000 -0.00000000 -0.84420000
vn -0.93920000 -0.00000000 -0.34340000
vn -0.53610000 -0.00000000 -0.84420000
vn -0.00000000 1.00000000 -0.00000000
vn -0.00000000 1.00000000 -0.00000000
vn -0.06530000 -0.00000000 0.99790000
vn -0.00000000 -1.00000000 -0.00000000
vn 0.50000000 -0.00000000 0.86600000
vn 0.89640000 -0.00000000 0.44320000
vn -0.00000000 -1.00000000 -0.00000000
vn 0.50000000 -0.00000000 0.86600000
vn 0.93570000 -0.00000000 0.35270000
vn -0.00000000 -1.00000000 -0.00000000
vn -0.00000000 -1.00000000 -0.00000000
vn 0.96590000 -0.00000000 0.25880000
vn -0.00000000 -1.00000000 -0.00000000
vn -0.96590000 -0.00000000 -0.25880000
vn -0.00000000 -1.00000000 -0.00000000
vn -0.98670000 -0.00000000 -0.16240000
vn -0.00000000 -1.00000000 -0.00000000
vn -0.99790000 -0.00000000 -0.06430000
vn -0.86600000 -0.00000000 0.50000000
vn -0.00000000 -1.00000000 -0.00000000
vn -0.86600000 -0.00000000 0.50000000
vn -0.44230000 -0.00000000 0.89680000
vn -0.25880000 -0.00000000 0.96590000
vn -0.00000000 -1.00000000 -0.00000000
vn -0.00000000 1.00000000 -0.00000000
vn 0.93570000 -0.00000000 0.35270000
vn 0.89640000 -0.00000000 0.44320000
vn 0.50000000 -0.00000000 0.86600000
vn -0.00000000 1.00000000 -0.00000000
vn 0.50000000 -0.00000000 0.86600000
vn -0.00000000 1.00000000 -0.00000000
vn -0.06530000 -0.00000000 0.99790000
vn -0.00000000 1.00000000 -0.00000000
vn -0.25880000 -0.00000000 0.96590000
vn -0.44230000 -0.00000000 0.89680000
vn -0.00000000 1.00000000 -0.00000000
vn -0.86600000 -0.00000000 0.50000000
vn -0.99790000 -0.00000000 -0.06430000
vn -0.00000000 1.00000000 -0.00000000
vn -0.86600000 -0.00000000 0.50000000
vn -0.98670000 -0.00000000 -0.16240000
vn -0.00000000 1.00000000 -0.00000000
vn -0.00000000 1.00000000 -0.00000000
vn -0.96590000 -0.00000000 -0.25880000
vn 0.96590000 -0.00000000 0.25880000
vn -0.00000000 1.00000000 -0.00000000
vn -0.00000000 -1.00000000 -0.00000000
vn -0.50000000 -0.00000000 -0.86600000
vn -0.86600000 -0.00000000 -0.50000000
vn -0.00000000 -1.00000000 -0.00000000
vn -1.00000000 -0.00000000 -0.00000000
vn -0.00000000 -1.00000000 -0.00000000
vn -0.86600000 -0.00000000 0.50000000
vn -0.00000000 -1.00000000 -0.00000000
vn 0.00010000 -1.00000000 -0.00000000
vn -0.50000000 -0.00000000 0.86600000
vn -0.00000000 -0.00000000 1.00000000
vn -0.00000000 -1.00000000 -0.00000000
vn 0.50000000 -0.00000000 0.86600000
vn -0.00000000 -1.00000000 -0.00000000
vn 0.86600000 -0.00000000 0.50000000
vn 0.86600000 -0.00000000 0.50000000
vn -0.00000000 -1.00000000 -0.00000000
vn 1.00000000 -0.00000000 -0.00000000
vn -0.00000000 -1.00000000 -0.00000000
vn 0.86600000 -0.00000000 -0.50000000
vn -0.00000000 -1.00000000 -0.00000000
vn 0.50000000 -0.00000000 -0.86600000
vn -0.00000000 -1.00000000 -0.00000000
vn -0.00000000 -1.00000000 -0.00000000
vn -0.00000000 -0.00000000 -1.00000000
vn -0.00000000 -0.00000000 -1.00000000
vn -0.00000000 -0.00000000 1.00000000
vn -1.00000000 -0.00000000 -0.00000000
vn 0.25880000 -0.96590000 -0.00000000
vn -0.25880000 -0.96590000 -0.00000000
vn 0.50000000 -0.86600000 -0.00000000
vn 0.96590000 -0.25880000 -0.00000000
vn 0.70710000 -0.70710000 -0.00000000
vn 1.00000000 -0.00000000 -0.00000000
vn 1.00000000 -0.00000000 -0.00000000
vn 0.86600000 0.50000000 -0.00000000
vn 0.50000000 0.86600000 -0.00000000
vn -0.00000000 1.00000000 -0.00000000
vn -0.50000000 0.86600000 -0.00000000
vn -0.86600000 0.50000000 -0.00000000
vn -1.00000000 -0.00000000 -0.00000000
vn -0.86600000 -0.50000000 -0.00000000
vn -0.25880000 -0.96590000 -0.00000000
vn -0.70710000 -0.70710000 -0.00000000
vn -0.86600000 0.50000000 -0.00000000
vn -0.10890000 0.06290000 0.99210000
vn -0.50000000 0.86600000 -0.00000000
vn -0.06290000 0.10890000 0.99210000
vn -0.00000000 1.00000000 -0.00000000
vn -0.00000000 0.12580000 0.99210000
vn 0.50000000 0.86600000 -0.00000000
vn 0.06290000 0.10890000 0.99210000
vn 0.10890000 0.06290000 0.99210000
vn 0.86600000 0.50000000 -0.00000000
vn 1.00000000 -0.00000000 -0.00000000
vn 1.00000000 -0.00000000 -0.00000000
vn 0.12580000 -0.00000000 0.99210000
vn 0.12580000 -0.00000000 0.99210000
vn 0.10890000 -0.06290000 0.99210000
vn 0.70710000 -0.70710000 -0.00000000
vn 0.96590000 -0.25880000 -0.00000000
vn 0.50000000 -0.86600000 -0.00000000
vn 0.06290000 -0.10890000 0.99210000
vn 0.25880000 -0.96590000 -0.00000000
vn -0.09790000 -0.47610000 0.87390000
vn -0.09790000 -0.47610000 0.87390000
vn -0.70710000 -0.70710000 -0.00000000
vn -0.15330000 -0.46120000 0.87390000
vn -0.15330000 -0.46120000 0.87390000
vn -0.10890000 -0.06290000 0.99210000
vn -0.86600000 -0.50000000 -0.00000000
vn -0.12580000 -0.00000000 0.99210000
vn -1.00000000 -0.00000000 -0.00000000
vn -0.98730000 -0.00000000 0.15900000
vn -0.00000000 -0.00000000 1.00000000
vn -0.85500000 0.49360000 0.15900000
vn -0.00000000 -0.00000000 1.00000000
vn -0.00000000 -0.00000000 1.00000000
vn -0.49360000 0.85500000 0.15900000
vn -0.00000000 0.98730000 0.15890000
vn -0.00000000 -0.00000000 1.00000000
vn 0.49360000 0.85500000 0.15890000
vn -0.00000000 -0.00000000 1.00000000
vn -0.00000000 -0.00000000 1.00000000
vn 0.85500000 0.49370000 0.15900000
vn -0.00000000 -0.00000000 1.00000000
vn -0.00000000 -0.00000000 1.00000000
vn 0.98730000 -0.00000000 0.15900000
vn 0.98730000 -0.00000000 0.15900000
vn -0.00000000 -0.00000000 1.00000000
vn 0.85500000 -0.49360000 0.15900000
vn 0.49370000 -0.85500000 0.15900000
vn -0.00000000 -0.00000000 1.00000000
vn -0.49360000 -0.85500000 0.15900000
vn -0.00000000 -0.00000000 1.00000000
vn -0.00000000 -0.00000000 1.00000000
vn -0.85500000 -0.49370000 0.15890000
vn -0.00000000 -1.00000000 -0.00000000
vn 0.50000000 -0.86600000 -0.00000000
vn 0.96590000 -0.25880000 -0.00000000
vn 0.70710000 -0.70710000 -0.00000000
vn 1.00000000 -0.00000000 -0.00000000
vn 1.00000000 -0.00000000 -0.00000000
vn 0.96590000 0.25880000 -0.00000000
vn 0.70710000 0.70710000 -0.00000000
vn 0.50000000 0.86600000 -0.00000000
vn -0.00000000 1.00000000 -0.00000000
vn -0.50000000 0.86600000 -0.00000000
vn -0.96590000 0.25880000 -0.00000000
vn -0.70710000 0.70710000 -0.00000000
vn -0.96590000 -0.25880000 -0.00000000
vn -0.96590000 0.25880000 -0.00000000
vn -0.86600000 -0.50000000 -0.00000000
vn -0.50000000 -0.86600000 -0.00000000
vn 0.50010000 -0.86600000 -0.00000000
vn -0.00000000 -0.00000000 1.00000000
vn 0.50000000 -0.86600000 -0.00000000
vn -0.00000000 -1.00000000 -0.00000000
vn -0.00000000 -0.00000000 1.00000000
vn -0.50000000 -0.86600000 -0.00000000
vn -0.00000000 -0.00000000 1.00000000
vn -0.86600000 -0.50000000 -0.00000000
vn -0.00000000 -0.00000000 1.00000000
vn -0.00000000 -0.00000000 1.00000000
vn -0.96590000 -0.25880000 -0.00000000
vn -0.96590000 0.25880000 -0.00000000
vn -0.70710000 0.70710000 -0.00000000
vn -0.00000000 -0.00000000 1.00000000
vn -0.96590000 0.25880000 -0.00000000
vn -0.00000000 -0.00000000 1.00000000
vn -0.50000000 0.86600000 -0.00000000
vn -0.00000000 1.00000000 -0.00000000
vn -0.00000000 -0.00000000 1.00000000
vn 0.50000000 0.86600000 -0.00000000
vn -0.00000000 -0.00000000 1.00000000
vn 0.96590000 0.25880000 -0.00000000
vn 0.70710000 0.70710000 -0.00000000
vn -0.00000000 -0.00000000 1.00000000
vn -0.00000000 -0.00000000 1.00000000
vn 1.00000000 -0.00000000 -0.00000000
vn 1.00000000 -0.00000000 -0.00000000
vn -0.00000000 -0.00000000 1.00000000
vn -0.00000000 -0.00000000 1.00000000
vn 0.96590000 -0.25880000 -0.00000000
vn 0.70710000 -0.70710000 -0.00000000
vn -0.00000000 -0.98730000 0.15890000
vn -0.00000000 -0.00000000 1.00000000
vn 0.16480000 -0.28550000 0.94410000
vn 0.34490000 -0.59740000 0.72390000
vn 0.46710000 -0.80910000 0.35660000
vn -0.00000000 -0.32960000 0.94410000
vn -0.00000000 -0.68990000 0.72390000
vn -0.00000000 -0.93430000 0.35660000
vn -0.16480000 -0.28550000 0.94410000
vn -0.34490000 -0.59740000 0.72390000
vn -0.46710000 -0.80910000 0.35660000
vn -0.28550000 -0.16480000 0.94410000
vn -0.59740000 -0.34490000 0.72390000
vn -0.80910000 -0.46710000 0.35660000
vn -0.32960000 -0.00000000 0.94410000
vn -0.68990000 -0.00000000 0.72390000
vn -0.93430000 -0.00000000 0.35660000
vn -0.28550000 0.16480000 0.94410000
vn -0.59740000 0.34490000 0.72390000
vn -0.80910000 0.46710000 0.35660000
vn -0.16480000 0.28550000 0.94410000
vn -0.34490000 0.59740000 0.72390000
vn -0.46710000 0.80910000 0.35660000
vn -0.00000000 0.32960000 0.94410000
vn -0.00000000 0.68990000 0.72390000
vn -0.00000000 0.93430000 0.35660000
vn 0.16480000 0.28550000 0.94410000
vn 0.34490000 0.59740000 0.72390000
vn 0.46710000 0.80910000 0.35660000
vn 0.28550000 0.16480000 0.94410000
vn 0.59740000 0.34490000 0.72390000
vn 0.80910000 0.46710000 0.35660000
vn 0.32960000 -0.00000000 0.94410000
vn 0.32960000 -0.00000000 0.94410000
vn 0.68990000 -0.00000000 0.72390000
vn 0.68990000 -0.00000000 0.72390000
vn 0.93430000 -0.00000000 0.35660000
vn 0.93430000 -0.00000000 0.35660000
vn 0.28550000 -0.16480000 0.94410000
vn 0.59740000 -0.34490000 0.72390000
vn 0.80910000 -0.46710000 0.35660000
vn -0.00000000 -0.00000000 1.00000000
vn -0.86600000 0.50000000 -0.00000000
vn -0.50000000 0.86600000 -0.00000000
vn -0.00000000 -0.00000000 1.00000000
vn -0.00000000 1.00000000 -0.00000000
vn -0.00000000 -0.00000000 1.00000000
vn -0.00000000 -0.00000000 1.00000000
vn 0.50000000 0.86600000 -0.00000000
vn 0.86600000 0.50000000 -0.00000000
vn -0.00000000 -0.00000000 1.00000000
vn -0.00000000 -0.00000000 1.00000000
vn -0.00000000 -0.00000000 1.00000000
vn 1.00000000 -0.00000000 -0.00000000
vn 1.00000000 -0.00000000 -0.00000000
vn 0.96590000 -0.25880000 -0.00000000
vn -0.00000000 -0.00000000 1.00000000
vn 0.70710000 -0.70710000 -0.00000000
vn 0.50000000 -0.86600000 -0.00000000
vn -0.00000000 -0.00000000 1.00000000
vn -0.25880000 -0.96590000 -0.00000000
vn -0.00000000 -0.00000000 1.00000000
vn 0.25880000 -0.96590000 -0.00000000
vn -0.70710000 -0.70710000 -0.00000000
vn -0.25880000 -0.96590000 -0.00000000
vn -0.00000000 -0.00000000 1.00000000
vn -0.00000000 -0.00000000 1.00000000
vn -0.86600000 -0.50000000 -0.00000000
vn -0.00000000 -0.00000000 1.00000000
vn -1.00000000 -0.00000000 -0.00000000
vn -0.86600000 0.50000000 -0.00000000
vn -0.00000000 -0.00000000 -1.00000000
vn -0.50000000 0.86600000 -0.00000000
vn -0.00000000 -0.00000000 -1.00000000
vn -0.00000000 -0.00000000 -1.00000000
vn -0.00000000 1.00000000 -0.00000000
vn -0.00000000 -0.00000000 -1.00000000
vn 0.50000000 0.86600000 -0.00000000
vn -0.00000000 -0.00000000 -1.00000000
vn 0.86600000 0.50000000 -0.00000000
vn -0.00000000 -0.00000000 -1.00000000
vn 1.00000000 -0.00000000 -0.00000000
vn 1.00000000 -0.00000000 -0.00000000
vn -0.00000000 -0.00000000 -1.00000000
vn 0.96590000 -0.25880000 -0.00000000
vn 0.70710000 -0.70710000 -0.00000000
vn -0.00000000 -0.00000000 -1.00000000
vn 0.50000000 -0.86600000 -0.00000000
vn -0.00000000 -0.00000000 -1.00000000
vn 0.25880000 -0.96590000 -0.00000000
vn -0.25880000 -0.96590000 -0.00000000
vn -0.00000000 -0.00000000 -1.00000000
vn -0.70710000 -0.70710000 -0.00000000
vn -0.00000000 -0.00000000 -1.00000000
vn -0.25880000 -0.96590000 -0.00000000
vn -0.86600000 -0.50000000 -0.00000000
vn -0.00000000 -0.00000000 -1.00000000
vn -1.00000000 -0.00000000 -0.00000000
vn -0.00000000 -0.00000000 -1.00000000
vn 0.50000000 -0.86600000 -0.00000000
vn -0.00000000 -0.00000000 1.00000000
vn -0.00000000 -1.00000000 -0.00000000
vn -0.00000000 -0.00000000 1.00000000
vn -0.50000000 -0.86600000 -0.00000000
vn -0.00000000 -0.00000000 1.00000000
vn -0.00000000 -0.00000000 1.00000000
vn -0.86600000 -0.50000000 -0.00000000
vn -1.00000000 -0.00000000 -0.00000000
vn -0.00000000 -0.00000000 1.00000000
vn -0.86600000 0.50000000 -0.00000000
vn -0.00000000 -0.00000000 1.00000000
vn -0.50000000 0.86600000 -0.00000000
vn -0.00000000 -0.00000000 1.00000000
vn -0.00000000 1.00000000 -0.00000000
vn -0.00000000 -0.00000000 1.00000000
vn 0.50000000 0.86600000 -0.00000000
vn -0.00000000 -0.00000000 1.00000000
vn -0.00000000 -0.00000000 1.00000000
vn 0.86600000 0.50000000 -0.00000000
vn -0.00000000 -0.00000000 1.00000000
vn 1.00000000 -0.00000000 -0.00000000
vn -0.00000000 -0.00000000 1.00000000
vn 1.00000000 -0.00000000 -0.00000000
vn -0.00000000 -0.00000000 1.00000000
vn 0.86600000 -0.50000000 -0.00000000
vn -0.00000000 -1.00000000 -0.00000000
vn -0.00000000 -0.00000000 -1.00000000
vn -0.00000000 -0.00000000 -1.00000000
vn 0.50000000 -0.86600000 -0.00000000
vn 0.86600000 -0.50000000 -0.00000000
vn -0.00000000 -0.00000000 -1.00000000
vn 1.00000000 -0.00000000 -0.00000000
vn -0.00000000 -0.00000000 -1.00000000
vn 1.00000000 -0.00000000 -0.00000000
vn -0.00000000 -0.00000000 -1.00000000
vn -0.00000000 -0.00000000 -1.00000000
vn 0.86600000 0.50000000 -0.00000000
vn -0.00000000 -0.00000000 -1.00000000
vn 0.50000000 0.86600000 -0.00000000
vn -0.00000000 1.00000000 -0.00000000
vn -0.00000000 -0.00000000 -1.00000000
vn -0.50000000 0.86600000 -0.00000000
vn -0.00000000 -0.00000000 -1.00000000
vn -0.00000000 -0.00000000 -1.00000000
vn -0.86600000 0.50000000 -0.00000000
vn -1.00000000 -0.00000000 -0.00000000
vn -0.00000000 -0.00000000 -1.00000000
vn -0.00000000 -0.00000000 -1.00000000
vn -0.86600000 -0.50000000 -0.00000000
vn -0.50000000 -0.86600000 -0.00000000
vn -0.00000000 -0.00000000 -1.00000000
vt 0.97872700 0.75679900
vt 0.69055100 0.53860900
vt 0.74747800 0.54928300
vt 0.97571200 0.76076200
vt 0.69152700 0.54349100
vt 0.75212200 0.75577800
vt 0.69152700 0.53841300
vt 0.73401800 0.83889800
vt 0.74567600 0.54928000
vt 0.73899700 0.83889800
vt 0.75032000 0.75577100
vt 0.69250300 0.54329600
vt 0.89289900 0.69776500
vt 0.75315200 0.65252900
vt 0.74668700 0.65252900
vt 0.89591400 0.69380200
vt 0.83725400 0.63186500
vt 0.96827200 0.63617900
vt 0.95735400 0.63581900
vt 0.94643600 0.63546000
vt 0.94643600 0.63546000
vt 0.93551700 0.63510100
vt 0.92459900 0.63474100
vt 0.92459900 0.63474100
vt 0.91368100 0.63438200
vt 0.90276300 0.63402200
vt 0.90276300 0.63402200
vt 0.89184500 0.63366300
vt 0.88092700 0.63330300
vt 0.88092700 0.63330300
vt 0.87000900 0.63294400
vt 0.85909100 0.63258400
vt 0.85909100 0.63258400
vt 0.84817200 0.63222500
vt 0.84760900 0.00593300
vt 0.76280900 0.70141700
vt 0.97862500 0.01024600
vt 0.96770700 0.00988700
vt 0.76340500 0.70175900
vt 0.95678900 0.00952800
vt 0.95678900 0.00952800
vt 0.76375100 0.70235300
vt 0.76375300 0.70304100
vt 0.94587100 0.00916800
vt 0.93495300 0.00880900
vt 0.93495300 0.00880900
vt 0.76341100 0.70363700
vt 0.76281700 0.70398200
vt 0.92403500 0.00844900
vt 0.91311700 0.00809000
vt 0.91311700 0.00809000
vt 0.76212900 0.70398500
vt 0.90219900 0.00773100
vt 0.76153300 0.70364300
vt 0.89128100 0.00737100
vt 0.89128100 0.00737100
vt 0.76118800 0.70304900
vt 0.88036300 0.00701200
vt 0.76118600 0.70236200
vt 0.86944500 0.00665200
vt 0.76152700 0.70176500
vt 0.86944500 0.00665200
vt 0.76212100 0.70142000
vt 0.85852700 0.00629300
vt 0.19985600 0.19224900
vt 0.73530200 0.58737300
vt 0.14177000 0.46945900
vt 0.73547600 0.57644800
vt 0.14178200 0.46777800
vt 0.00050000 0.63474200
vt 0.23806500 0.48032600
vt 0.10916900 0.58737200
vt 0.82866400 0.09637500
vt 0.09637100 0.00593300
vt 0.23805500 0.47864500
vt 0.10934300 0.57644800
vt 0.09637100 0.64935900
vt 0.23806800 0.46777800
vt 0.10934300 0.60361500
vt 0.18523800 0.09637500
vt 0.23805500 0.46945900
vt 0.10916900 0.61454000
vt 0.14178000 0.48032600
vt 0.81404500 0.00050000
vt 0.73530200 0.61454000
vt 0.14177000 0.47864500
vt 0.19224200 0.02055000
vt 0.73547600 0.60361500
vt 0.06026900 0.65226000
vt 0.06026900 0.65226000
vt 0.82288200 0.99879200
vt 0.06026900 0.65471500
vt 0.25355500 0.46234500
vt 0.82095400 0.99727200
vt 0.06026800 0.64708300
vt 0.25044000 0.46234500
vt 0.82288200 0.99482500
vt 0.82419400 0.99712700
vt 0.06026900 0.65014000
vt 0.06342000 0.65226000
vt 0.06342000 0.65226000
vt 0.82252200 0.98792500
vt 0.06342000 0.64854200
vt 0.82137500 0.98486100
vt 0.25044000 0.46549600
vt 0.82252100 0.98395800
vt 0.06341900 0.64708300
vt 0.25355500 0.46549600
vt 0.06342100 0.65471500
vt 0.82445000 0.98640500
vt 0.06026900 0.64854300
vt 0.82402900 0.99572800
vt 0.82120900 0.98626000
vt 0.06342000 0.65014000
vt 0.82439500 0.99615700
vt 0.06026900 0.64910700
vt 0.06026900 0.64910700
vt 0.82445000 0.99662400
vt 0.06026900 0.64957600
vt 0.06026900 0.64957600
vt 0.82095400 0.98575700
vt 0.06342000 0.64957600
vt 0.06342000 0.64957600
vt 0.06342000 0.64910600
vt 0.82100900 0.98529100
vt 0.06342000 0.64910600
vt 0.75575200 0.55562800
vt 0.77523600 0.55471400
vt 0.75575200 0.63244200
vt 0.75597500 0.63327200
vt 0.75753200 0.55552000
vt 0.75932400 0.55546000
vt 0.75658200 0.63387900
vt 0.76110800 0.55542700
vt 0.75741200 0.63410200
vt 0.76288400 0.55545300
vt 0.75824200 0.63387900
vt 0.75884900 0.63327200
vt 0.76460700 0.55558200
vt 0.75907200 0.63244200
vt 0.76617100 0.55584800
vt 0.75884900 0.63161200
vt 0.76743300 0.55613900
vt 0.76743300 0.55613900
vt 0.76924900 0.55616500
vt 0.75824200 0.63100400
vt 0.77103700 0.55595000
vt 0.77103700 0.55595000
vt 0.75741200 0.63078200
vt 0.75658200 0.63100500
vt 0.77221400 0.55552300
vt 0.75597500 0.63161200
vt 0.77366400 0.55507500
vt 0.77366400 0.55507500
vt 0.76709800 0.65780400
vt 0.76883200 0.65768500
vt 0.77056600 0.65756600
vt 0.77230000 0.65744700
vt 0.77576900 0.65720900
vt 0.77924200 0.65697000
vt 0.78097600 0.65685100
vt 0.78097600 0.65685100
vt 0.76927700 0.55670000
vt 0.85440800 0.99254000
vt 0.76736300 0.55659900
vt 0.76736300 0.55659900
vt 0.85509900 0.99305000
vt 0.76736300 0.55659900
vt 0.76610200 0.55625900
vt 0.76455700 0.55605500
vt 0.76286300 0.55595800
vt 0.76111000 0.55594300
vt 0.75933700 0.55598000
vt 0.75755800 0.55604700
vt 0.75578400 0.55614700
vt 0.77534100 0.55517200
vt 0.77377600 0.55551200
vt 0.77377600 0.55551200
vt 0.77233000 0.55590600
vt 0.77115600 0.55639100
vt 0.77115600 0.55639100
vt 0.85355500 0.99244300
vt 0.77115600 0.55639100
vt 0.76932900 0.55761600
vt 0.83903800 0.99254000
vt 0.76748800 0.55773700
vt 0.76748800 0.55773700
vt 0.83834700 0.99305100
vt 0.76748800 0.55773700
vt 0.76604800 0.55796500
vt 0.76448600 0.55807200
vt 0.76283800 0.55813900
vt 0.76113800 0.55820300
vt 0.75941000 0.55827600
vt 0.75766700 0.55836200
vt 0.77578600 0.55722700
vt 0.75591700 0.55846200
vt 0.77415700 0.55742000
vt 0.77415700 0.55742000
vt 0.77261200 0.55753500
vt 0.77117000 0.55750000
vt 0.83989100 0.99244400
vt 0.77117000 0.55750000
vt 0.76916700 0.55721400
vt 0.76916700 0.55721400
vt 0.83725400 0.99027000
vt 0.76909800 0.55667300
vt 0.85619200 0.99027000
vt 0.76909800 0.55667300
vt 0.76932500 0.55677300
vt 0.85562300 0.98945100
vt 0.76952600 0.55666200
vt 0.85464800 0.98966300
vt 0.76952600 0.55666200
vt 0.76952000 0.55718300
vt 0.83879900 0.98966300
vt 0.76952000 0.55718300
vt 0.76934100 0.55705800
vt 0.83782400 0.98945100
vt 0.83740000 0.98976400
vt 0.76928200 0.55709900
vt 0.76928200 0.55709900
vt 0.85604700 0.98976400
vt 0.76924300 0.55674700
vt 0.76924300 0.55674700
vt 0.76940000 0.55674600
vt 0.85509900 0.98939100
vt 0.76940000 0.55674600
vt 0.83834800 0.98939100
vt 0.76940100 0.55708700
vt 0.76940100 0.55708700
vt 0.85542000 0.98996600
vt 0.83802700 0.98996700
vt 0.83885600 0.06380700
vt 0.49834800 0.63078400
vt 0.49834800 0.63078400
vt 0.49794100 0.63078300
vt 0.49794100 0.63078300
vt 0.83848000 0.06365000
vt 0.49745100 0.63078300
vt 0.83820900 0.06324400
vt 0.83725400 0.06092800
vt 0.49494600 0.63078200
vt 0.50273100 0.63078400
vt 0.83885600 0.06026800
vt 0.50022700 0.63078400
vt 0.83981000 0.06258300
vt 0.49973800 0.63078400
vt 0.49973800 0.63078400
vt 0.83990400 0.06306400
vt 0.49933100 0.63078400
vt 0.83974800 0.06343900
vt 0.49933100 0.63078400
vt 0.49883800 0.63078400
vt 0.83933800 0.06371200
vt 0.85525000 0.99780000
vt 0.49745100 0.63142000
vt 0.85497900 0.99820700
vt 0.49794000 0.63142000
vt 0.49794000 0.63142000
vt 0.49834800 0.63142000
vt 0.49834800 0.63142000
vt 0.85460300 0.99836400
vt 0.85412000 0.99826800
vt 0.49883800 0.63142000
vt 0.49933100 0.63142000
vt 0.85371100 0.99799600
vt 0.49933100 0.63142000
vt 0.49973800 0.63142000
vt 0.85355500 0.99762000
vt 0.49973800 0.63142000
vt 0.85364900 0.99714000
vt 0.50022700 0.63142100
vt 0.50273100 0.63142000
vt 0.85460300 0.99482500
vt 0.85620400 0.99548500
vt 0.49494600 0.63141900
vt 0.13633700 0.43040800
vt 0.80167400 0.75962400
vt 0.13642600 0.43074000
vt 0.79990100 0.75972400
vt 0.79812800 0.75982300
vt 0.13666900 0.43098300
vt 0.79635500 0.75992300
vt 0.13700100 0.43107200
vt 0.13733300 0.43098300
vt 0.81586800 0.75883200
vt 0.79458200 0.76002300
vt 0.81408700 0.75893100
vt 0.13757600 0.43074000
vt 0.13766500 0.43040800
vt 0.81231400 0.75903000
vt 0.81054000 0.75912800
vt 0.13757600 0.43007600
vt 0.80876700 0.75922700
vt 0.13733200 0.42983300
vt 0.13700100 0.42974400
vt 0.80699400 0.75932600
vt 0.13666900 0.42983300
vt 0.80522100 0.75942500
vt 0.13642600 0.43007600
vt 0.80344700 0.75952500
vt 0.79344500 0.65772800
vt 0.79166400 0.65782900
vt 0.78988300 0.65793100
vt 0.80947400 0.65681200
vt 0.78810200 0.65803300
vt 0.80769300 0.65691300
vt 0.80413100 0.65711700
vt 0.80235000 0.65721900
vt 0.79878800 0.65742200
vt 0.79700700 0.65752400
vt 0.74748000 0.75577900
vt 0.70880400 0.53860900
vt 0.81310200 0.63078200
vt 0.75212100 0.54928000
vt 0.81008700 0.63474500
vt 0.70782700 0.54349100
vt 0.74567800 0.75577800
vt 0.70782700 0.53841300
vt 0.73401800 0.63078300
vt 0.74488500 0.65252900
vt 0.73402700 0.73484000
vt 0.75135000 0.65252900
vt 0.73900600 0.73484000
vt 0.75031900 0.54928400
vt 0.73899700 0.63078200
vt 0.70685100 0.54329600
vt 0.72964300 0.76802000
vt 0.73093200 0.63691500
vt 0.72975000 0.75709400
vt 0.10384300 0.74552800
vt 0.25108700 0.47339900
vt 0.25174800 0.47321200
vt 0.10502200 0.62534900
vt 0.10373600 0.75645400
vt 0.72985800 0.74616900
vt 0.72985800 0.74616900
vt 0.25060800 0.47389200
vt 0.10395100 0.73460300
vt 0.10395100 0.73460300
vt 0.72996600 0.73524400
vt 0.25044000 0.47455800
vt 0.10405800 0.72367700
vt 0.10405800 0.72367700
vt 0.73007400 0.72431800
vt 0.73007400 0.72431800
vt 0.25062700 0.47522000
vt 0.10416500 0.71275200
vt 0.10416500 0.71275200
vt 0.73018200 0.71339300
vt 0.10427200 0.70182700
vt 0.10427200 0.70182700
vt 0.25112000 0.47569900
vt 0.73028900 0.70246700
vt 0.73028900 0.70246700
vt 0.10438000 0.69090100
vt 0.10438000 0.69090100
vt 0.25178600 0.47586700
vt 0.73039700 0.69154200
vt 0.25244800 0.47568000
vt 0.10448700 0.67997600
vt 0.73050400 0.68061600
vt 0.73050400 0.68061600
vt 0.25292700 0.47518700
vt 0.10459400 0.66905100
vt 0.10459400 0.66905100
vt 0.73061100 0.66969100
vt 0.25309500 0.47452000
vt 0.10470100 0.65812500
vt 0.10470100 0.65812500
vt 0.73071800 0.65876500
vt 0.73071800 0.65876500
vt 0.10480800 0.64720000
vt 0.25290800 0.47385900
vt 0.10480800 0.64720000
vt 0.73082500 0.64784000
vt 0.25241500 0.47338000
vt 0.10491500 0.63627400
vt 0.10491500 0.63627400
vt 0.64237600 0.97770200
vt 0.14177000 0.47321200
vt 0.74616800 0.52211300
vt 0.14178000 0.47489200
vt 0.74626200 0.53304100
vt 0.64200400 0.76661900
vt 0.64237600 0.86360000
vt 0.74073400 0.54928100
vt 0.23806500 0.47489200
vt 0.23805500 0.47321200
vt 0.74082900 0.56020800
vt 0.64200400 0.88072200
vt 0.23806800 0.46234500
vt 0.12003600 0.52211300
vt 0.00630600 0.98014600
vt 0.14178200 0.46234500
vt 0.00593300 0.88316500
vt 0.11469700 0.56020800
vt 0.11460300 0.54928000
vt 0.14177000 0.46402500
vt 0.00630600 0.86604300
vt 0.23805500 0.46402500
vt 0.00593300 0.76906300
vt 0.12013100 0.53304100
vt 0.99254300 0.95653500
vt 0.80622100 0.99879200
vt 0.99254300 0.95653500
vt 0.25359100 0.46777800
vt 0.99254200 0.95899000
vt 0.80815000 0.99727200
vt 0.99254400 0.95135800
vt 0.80622100 0.99482500
vt 0.25359100 0.47089400
vt 0.99254300 0.95281700
vt 0.80507500 0.99572800
vt 0.80470900 0.99615800
vt 0.99254300 0.95338200
vt 0.99254300 0.95338200
vt 0.80465300 0.99662400
vt 0.99254300 0.95385100
vt 0.99254300 0.95385100
vt 0.80490900 0.99712700
vt 0.99254300 0.95441500
vt 0.98939100 0.95653500
vt 0.98939100 0.95653500
vt 0.82288200 0.99335800
vt 0.98939200 0.95441500
vt 0.82419400 0.99169300
vt 0.82445000 0.99119000
vt 0.98939200 0.95385000
vt 0.98939200 0.95385000
vt 0.82439400 0.99072400
vt 0.98939200 0.95338100
vt 0.98939200 0.95338100
vt 0.98939200 0.95281600
vt 0.82402800 0.99029500
vt 0.25044000 0.47089400
vt 0.82288200 0.98939100
vt 0.98939200 0.95135700
vt 0.98939100 0.95899000
vt 0.25044000 0.46777800
vt 0.82095400 0.99183900
vt 0.78762900 0.75873900
vt 0.75884900 0.64791300
vt 0.78762900 0.75873900
vt 0.75824200 0.64730500
vt 0.78610800 0.75846700
vt 0.78487500 0.75818200
vt 0.78487500 0.75818200
vt 0.75741200 0.64708300
vt 0.78307300 0.75818600
vt 0.75658200 0.64730500
vt 0.78127700 0.75843400
vt 0.78127700 0.75843400
vt 0.75597500 0.64791200
vt 0.78006500 0.75888200
vt 0.75575200 0.64874200
vt 0.75597400 0.64957200
vt 0.77854900 0.75934200
vt 0.75658200 0.65018000
vt 0.77685800 0.75968500
vt 0.77510500 0.75992800
vt 0.75741200 0.65040200
vt 0.75824200 0.65018000
vt 0.77334300 0.76011100
vt 0.77158700 0.76026300
vt 0.75884900 0.64957300
vt 0.75907200 0.64874300
vt 0.76983800 0.76040500
vt 0.78926100 0.75887200
vt 0.77154300 0.75975300
vt 0.76979700 0.75989500
vt 0.78929900 0.75839700
vt 0.77329400 0.75959900
vt 0.77504400 0.75941800
vt 0.77677500 0.75918700
vt 0.77844000 0.75888000
vt 0.77994500 0.75848400
vt 0.78115100 0.75798700
vt 0.78115100 0.75798700
vt 0.78115100 0.75798700
vt 0.83834700 0.99848400
vt 0.83903800 0.99797400
vt 0.78303600 0.75765100
vt 0.78494100 0.75772700
vt 0.83989200 0.99787700
vt 0.78494100 0.75772700
vt 0.78494100 0.75772700
vt 0.78617700 0.75806600
vt 0.78768200 0.75827700
vt 0.78768200 0.75827700
vt 0.77134700 0.75747700
vt 0.78945300 0.75627600
vt 0.76961200 0.75761400
vt 0.77307500 0.75733500
vt 0.77479000 0.75718700
vt 0.77647700 0.75703500
vt 0.77811600 0.75689400
vt 0.77967700 0.75680200
vt 0.78113200 0.75684700
vt 0.85509900 0.98761700
vt 0.78113200 0.75684700
vt 0.78113200 0.75684700
vt 0.83782400 0.99488400
vt 0.78305700 0.75757000
vt 0.78303700 0.75728600
vt 0.85562300 0.98401700
vt 0.78297500 0.75725400
vt 0.85604700 0.98433100
vt 0.78297500 0.75725400
vt 0.78298100 0.75760500
vt 0.78298100 0.75760500
vt 0.83740000 0.99519800
vt 0.78313500 0.75758900
vt 0.83834800 0.99482500
vt 0.78313500 0.75758900
vt 0.78309400 0.75724800
vt 0.78309400 0.75724800
vt 0.85509900 0.98395800
vt 0.78624900 0.75639500
vt 0.78481600 0.75661600
vt 0.85355500 0.98701000
vt 0.78481600 0.75661600
vt 0.78780400 0.75630600
vt 0.78780400 0.75630600
vt 0.76362800 0.65804300
vt 0.76189000 0.65816200
vt 0.78271100 0.65673200
vt 0.76536300 0.65792400
vt 0.77403300 0.65732800
vt 0.77403300 0.65732800
vt 0.78297400 0.75673300
vt 0.85440800 0.98710600
vt 0.77750600 0.65709000
vt 0.78284900 0.75769600
vt 0.78284900 0.75769600
vt 0.83725400 0.99570400
vt 0.78284900 0.75715500
vt 0.78284900 0.75715500
vt 0.85619200 0.98483700
vt 0.83802700 0.99540000
vt 0.83879900 0.99509700
vt 0.78327100 0.75765800
vt 0.78327100 0.75765800
vt 0.78320100 0.75713700
vt 0.78320100 0.75713700
vt 0.85464800 0.98422900
vt 0.85542000 0.98453300
vt 0.22667800 0.62598700
vt 0.83182100 0.06131600
vt 0.22667800 0.62598700
vt 0.22627000 0.62598800
vt 0.83197700 0.06169200
vt 0.22627000 0.62598800
vt 0.22578100 0.62598900
vt 0.83238400 0.06196400
vt 0.83469900 0.06291800
vt 0.22327300 0.62599300
vt 0.83535900 0.06131600
vt 0.23105800 0.62598800
vt 0.83304400 0.06036200
vt 0.22855600 0.62598500
vt 0.83256400 0.06026800
vt 0.22806700 0.62598500
vt 0.22806700 0.62598500
vt 0.83218800 0.06042500
vt 0.22766000 0.62598500
vt 0.22766000 0.62598500
vt 0.22716500 0.62598600
vt 0.83191600 0.06083400
vt 0.87080900 0.98150000
vt 0.22577900 0.62535100
vt 0.22626900 0.62535000
vt 0.22626900 0.62535000
vt 0.87108100 0.98190700
vt 0.22667700 0.62535000
vt 0.87145700 0.98206300
vt 0.22667700 0.62535000
vt 0.87193900 0.98196800
vt 0.22716500 0.62534900
vt 0.22766000 0.62534900
vt 0.87234900 0.98169600
vt 0.22766000 0.62534900
vt 0.22806700 0.62534900
vt 0.87250500 0.98132000
vt 0.22806700 0.62534900
vt 0.22855600 0.62534900
vt 0.87241100 0.98083900
vt 0.87145700 0.97852400
vt 0.23105800 0.62535100
vt 0.22327200 0.62535600
vt 0.86985500 0.97918400
vt 0.13757600 0.41377500
vt 0.79178400 0.55544100
vt 0.79355700 0.55533700
vt 0.13733200 0.41353200
vt 0.79533100 0.55523400
vt 0.13700100 0.41344400
vt 0.79710400 0.55513000
vt 0.13666900 0.41353200
vt 0.13642600 0.41377500
vt 0.79887700 0.55502600
vt 0.80065100 0.55492300
vt 0.13633700 0.41410700
vt 0.80242400 0.55481800
vt 0.13642600 0.41443900
vt 0.80420500 0.55471400
vt 0.78292000 0.55595600
vt 0.13666900 0.41468200
vt 0.78469300 0.55585300
vt 0.13700100 0.41477100
vt 0.78646500 0.55575000
vt 0.13733300 0.41468200
vt 0.78823800 0.55564700
vt 0.13757600 0.41443900
vt 0.13766500 0.41410700
vt 0.79001100 0.55554400
vt 0.79522600 0.65762600
vt 0.80591200 0.65701500
vt 0.80056900 0.65732000
vt 0.22130700 0.49372200
vt 0.22130700 0.49372200
vt 0.22139400 0.49234700
vt 0.22148200 0.49097200
vt 0.22148200 0.49097200
vt 0.22156900 0.48959700
vt 0.22051700 0.50609800
vt 0.22060500 0.50472300
vt 0.22069200 0.50334800
vt 0.22078000 0.50197300
vt 0.22086700 0.50059800
vt 0.22095500 0.49922300
vt 0.22104300 0.49784800
vt 0.22113100 0.49647300
vt 0.22121900 0.49509700
vt 0.22121900 0.49509700
vt 0.11980000 0.56902000
vt 0.71794900 0.62392300
vt 0.11980000 0.56833200
vt 0.71726200 0.62430700
vt 0.11980000 0.56764400
vt 0.71668000 0.62483600
vt 0.11979900 0.56695700
vt 0.71631200 0.62550700
vt 0.71620000 0.62624900
vt 0.11979900 0.56626900
vt 0.11980200 0.57382900
vt 0.11979900 0.56558100
vt 0.71642200 0.62696500
vt 0.72059400 0.62719400
vt 0.72086800 0.62644900
vt 0.11980100 0.57314200
vt 0.11980100 0.57314200
vt 0.11980100 0.57245500
vt 0.72084700 0.62566500
vt 0.11980100 0.57176800
vt 0.72056600 0.62493800
vt 0.11980100 0.57176800
vt 0.11980000 0.57108100
vt 0.72007300 0.62434500
vt 0.11980000 0.57108100
vt 0.71942800 0.62394700
vt 0.11980000 0.57039400
vt 0.71869900 0.62378000
vt 0.11980000 0.56970700
vt 0.71877700 0.62129200
vt 0.71877700 0.62129200
vt 0.71720800 0.62153400
vt 0.71720800 0.62153400
vt 0.71575700 0.62221000
vt 0.71575700 0.62221000
vt 0.71461700 0.62332100
vt 0.71461700 0.62332100
vt 0.71388800 0.62472900
vt 0.71388800 0.62472900
vt 0.71363400 0.62631300
vt 0.71363400 0.62631300
vt 0.72325300 0.62838200
vt 0.71377700 0.62797200
vt 0.72325300 0.62838200
vt 0.71377700 0.62797200
vt 0.72355600 0.62669700
vt 0.72355600 0.62669700
vt 0.72337700 0.62505800
vt 0.72337700 0.62505800
vt 0.72165700 0.62239700
vt 0.72165700 0.62239700
vt 0.72031300 0.62160200
vt 0.72031300 0.62160200
vt 0.72388100 0.62278300
vt 0.72472700 0.62466900
vt 0.72497000 0.62669700
vt 0.72497000 0.62669700
vt 0.71241700 0.62816600
vt 0.72471600 0.62872200
vt 0.71228400 0.62626600
vt 0.71228400 0.62626600
vt 0.71259900 0.62431800
vt 0.71350900 0.62254400
vt 0.71490300 0.62108700
vt 0.71677400 0.62009100
vt 0.71677400 0.62009100
vt 0.71888000 0.61991500
vt 0.71888000 0.61991500
vt 0.72077600 0.62040600
vt 0.72247500 0.62131700
vt 0.72371000 0.62497400
vt 0.72371000 0.62497400
vt 0.72371000 0.62497400
vt 0.72301700 0.62338600
vt 0.72301700 0.62338600
vt 0.72186300 0.62213700
vt 0.72186300 0.62213700
vt 0.72042300 0.62131400
vt 0.72042300 0.62131400
vt 0.71879000 0.62095900
vt 0.71879000 0.62095900
vt 0.71879000 0.62095900
vt 0.71710300 0.62118700
vt 0.71710300 0.62118700
vt 0.71710300 0.62118700
vt 0.71556000 0.62193700
vt 0.71556000 0.62193700
vt 0.71436900 0.62313900
vt 0.71436900 0.62313900
vt 0.71357400 0.62462000
vt 0.71357400 0.62462000
vt 0.71327700 0.62629700
vt 0.71327700 0.62629700
vt 0.71327700 0.62629700
vt 0.72357300 0.62853700
vt 0.72357300 0.62853700
vt 0.71345300 0.62809400
vt 0.71345300 0.62809400
vt 0.72389500 0.62671100
vt 0.72389500 0.62671100
vt 0.72389500 0.62671100
vt 0.72271400 0.62358300
vt 0.72271400 0.62358300
vt 0.72163600 0.62548000
vt 0.72220200 0.62534600
vt 0.72273300 0.62522100
vt 0.72123800 0.62450900
vt 0.72171900 0.62420800
vt 0.72217000 0.62393000
vt 0.72056600 0.62373200
vt 0.72092000 0.62329900
vt 0.72125700 0.62289600
vt 0.71969600 0.62321800
vt 0.71989200 0.62269900
vt 0.72008300 0.62221200
vt 0.71871600 0.62302000
vt 0.71873100 0.62247800
vt 0.71874800 0.62195900
vt 0.71771100 0.62316500
vt 0.71754500 0.62262600
vt 0.71738500 0.62212000
vt 0.71678200 0.62363900
vt 0.71644400 0.62316700
vt 0.71613400 0.62273300
vt 0.71603300 0.62436600
vt 0.71557400 0.62403000
vt 0.71514800 0.62370900
vt 0.71556400 0.62528200
vt 0.71502700 0.62511400
vt 0.71452800 0.62494400
vt 0.71542400 0.62630700
vt 0.71484600 0.62633300
vt 0.71429100 0.62633600
vt 0.72133700 0.62768700
vt 0.71569900 0.62739300
vt 0.72195600 0.62801200
vt 0.71509600 0.62767500
vt 0.71450200 0.62785700
vt 0.72256600 0.62823100
vt 0.72169400 0.62656100
vt 0.72230300 0.62662500
vt 0.72287300 0.62667100
vt 0.87083800 0.98992300
vt 0.14220600 0.49370400
vt 0.14211900 0.49507900
vt 0.87035900 0.99041000
vt 0.14203200 0.49645400
vt 0.87019200 0.99106500
vt 0.87037800 0.99170800
vt 0.14194500 0.49782900
vt 0.14185700 0.49920400
vt 0.87086200 0.99216900
vt 0.87156100 0.99244500
vt 0.87151200 0.99232700
vt 0.14281700 0.48407900
vt 0.14177000 0.50057900
vt 0.14273000 0.48545400
vt 0.87223100 0.99224800
vt 0.14273000 0.48545400
vt 0.14264300 0.48682900
vt 0.87271300 0.99174300
vt 0.14255500 0.48820400
vt 0.87287800 0.99106400
vt 0.14255500 0.48820400
vt 0.14246800 0.48957900
vt 0.14246800 0.48957900
vt 0.87268200 0.99039200
vt 0.87217800 0.98990800
vt 0.14238100 0.49095400
vt 0.87150300 0.98973700
vt 0.14229400 0.49232900
vt 0.11460600 0.56902400
vt 0.87086000 0.99764600
vt 0.11460600 0.56833600
vt 0.87037400 0.99715700
vt 0.87020000 0.99648900
vt 0.11460500 0.56764900
vt 0.87038600 0.99582400
vt 0.11460400 0.56696100
vt 0.87088100 0.99534100
vt 0.11460400 0.56627400
vt 0.87155100 0.99517000
vt 0.11460300 0.56558600
vt 0.11461100 0.57383400
vt 0.87149800 0.99518300
vt 0.11461000 0.57314700
vt 0.11461000 0.57314700
vt 0.87215900 0.99535000
vt 0.11461000 0.57246000
vt 0.87264800 0.99582600
vt 0.11460900 0.57177300
vt 0.11460900 0.57177300
vt 0.87283300 0.99648200
vt 0.11460800 0.57108600
vt 0.87266500 0.99714600
vt 0.11460800 0.57108600
vt 0.11460800 0.57039800
vt 0.87218600 0.99763800
vt 0.11460700 0.56971100
vt 0.87152500 0.99782200
vt 0.18844800 0.01721200
vt 0.87302000 0.99191100
vt 0.18757700 0.01721100
vt 0.87322800 0.99105600
vt 0.18670600 0.01720800
vt 0.87298100 0.99021100
vt 0.87234600 0.98960300
vt 0.18583700 0.01720400
vt 0.18496900 0.01720200
vt 0.87149800 0.98939100
vt 0.18410600 0.01720300
vt 0.87066300 0.98962800
vt 0.18324500 0.01720600
vt 0.87006300 0.99024400
vt 0.18238700 0.01721400
vt 0.86985500 0.99107100
vt 0.18152800 0.01722500
vt 0.87009100 0.99188200
vt 0.87070200 0.99246300
vt 0.18066900 0.01723700
vt 0.87156900 0.99279500
vt 0.19018900 0.01721100
vt 0.87152000 0.99266100
vt 0.17981000 0.01724800
vt 0.87241300 0.99254700
vt 0.18931900 0.01721200
vt 0.18757800 0.01680700
vt 0.87317500 0.99647700
vt 0.87294000 0.99565100
vt 0.18844800 0.01680800
vt 0.18931800 0.01680800
vt 0.87232600 0.99505300
vt 0.19018900 0.01680700
vt 0.87155500 0.99482500
vt 0.17980400 0.01685000
vt 0.87149400 0.99484200
vt 0.87071100 0.99504000
vt 0.18066400 0.01683800
vt 0.87008900 0.99564800
vt 0.18152300 0.01682600
vt 0.18238300 0.01681600
vt 0.86985500 0.99648600
vt 0.18324300 0.01680700
vt 0.87007400 0.99732800
vt 0.87068800 0.99794500
vt 0.18410400 0.01680200
vt 0.18496900 0.01680000
vt 0.87152700 0.99816600
vt 0.87236200 0.99793300
vt 0.18583800 0.01680100
vt 0.18670700 0.01680400
vt 0.87296400 0.99731400
f 4/4/4 13/13/13 16/16/16
f 16/16/16 1/1/1 4/4/4
f 323/323/323 325/325/325 10/10/10
f 10/10/10 8/8/8 323/323/323
f 15/15/15 322/322/322 9/9/9
f 9/9/9 3/3/3 15/15/15
f 5/5/5 2/2/2 7/7/7
f 7/7/7 12/12/12 5/5/5
f 6/6/6 11/11/11 324/324/324
f 324/324/324 14/14/14 6/6/6
f 18/18/18 19/19/19 38/38/38
f 38/38/38 37/37/37 18/18/18
f 19/19/19 20/20/20 41/41/41
f 41/41/41 38/38/38 19/19/19
f 21/21/21 22/22/22 44/44/44
f 44/44/44 40/40/40 21/21/21
f 22/22/22 23/23/23 45/45/45
f 45/45/45 44/44/44 22/22/22
f 24/24/24 25/25/25 49/49/49
f 49/49/49 46/46/46 24/24/24
f 25/25/25 26/26/26 51/51/51
f 51/51/51 49/49/49 25/25/25
f 27/27/27 28/28/28 53/53/53
f 53/53/53 50/50/50 27/27/27
f 28/28/28 30/30/30 56/56/56
f 56/56/56 53/53/53 28/28/28
f 29/29/29 31/31/31 58/58/58
f 58/58/58 55/55/55 29/29/29
f 31/31/31 33/33/33 60/60/60
f 60/60/60 58/58/58 31/31/31
f 32/32/32 34/34/34 64/64/64
f 64/64/64 62/62/62 32/32/32
f 34/34/34 17/17/17 35/35/35
f 35/35/35 64/64/64 34/34/34
f 36/36/36 39/39/39 42/42/42
f 42/42/42 43/43/43 47/47/47
f 47/47/47 48/48/48 52/52/52
f 42/42/42 47/47/47 52/52/52
f 52/52/52 54/54/54 57/57/57
f 57/57/57 59/59/59 61/61/61
f 52/52/52 57/57/57 61/61/61
f 42/42/42 52/52/52 61/61/61
f 36/36/36 42/42/42 61/61/61
f 63/63/63 36/36/36 61/61/61
f 69/69/69 78/78/78 81/81/81
f 81/81/81 67/67/67 69/69/69
f 83/83/83 86/86/86 75/75/75
f 75/75/75 71/71/71 83/83/83
f 77/77/77 70/70/70 74/74/74
f 74/74/74 87/87/87 77/77/77
f 66/66/66 72/72/72 76/76/76
f 76/76/76 68/68/68 66/66/66
f 65/65/65 80/80/80 84/84/84
f 84/84/84 73/73/73 65/65/65
f 79/79/79 88/88/88 85/85/85
f 85/85/85 82/82/82 79/79/79
f 97/97/97 112/112/112 115/115/115
f 97/97/97 115/115/115 118/118/118
f 97/97/97 118/118/118 98/98/98
f 94/94/94 97/97/97 98/98/98
f 91/91/91 94/94/94 98/98/98
f 102/102/102 113/113/113 121/121/121
f 102/102/102 121/121/121 125/125/125
f 102/102/102 125/125/125 104/104/104
f 104/104/104 106/106/106 110/110/110
f 102/102/102 104/104/104 110/110/110
f 99/99/99 114/114/114 101/101/101
f 101/101/101 90/90/90 99/99/99
f 92/92/92 89/89/89 100/100/100
f 100/100/100 109/109/109 92/92/92
f 93/93/93 108/108/108 105/105/105
f 105/105/105 96/96/96 93/93/93
f 107/107/107 103/103/103 111/111/111
f 111/111/111 95/95/95 107/107/107
f 122/122/122 114/114/114 99/99/99
f 99/99/99 119/119/119 122/122/122
f 126/126/126 123/123/123 120/120/120
f 120/120/120 116/116/116 126/126/126
f 103/103/103 124/124/124 117/117/117
f 117/117/117 111/111/111 103/103/103
f 150/150/150 149/149/149 146/146/146
f 146/146/146 142/142/142 140/140/140
f 140/140/140 138/138/138 137/137/137
f 146/146/146 140/140/140 137/137/137
f 137/137/137 135/135/135 133/133/133
f 133/133/133 130/130/130 129/129/129
f 137/137/137 133/133/133 129/129/129
f 146/146/146 137/137/137 129/129/129
f 150/150/150 146/146/146 129/129/129
f 152/152/152 150/150/150 129/129/129
f 131/131/131 174/174/174 175/175/175
f 175/175/175 127/127/127 131/131/131
f 132/132/132 173/173/173 174/174/174
f 174/174/174 131/131/131 132/132/132
f 134/134/134 172/172/172 173/173/173
f 173/173/173 132/132/132 134/134/134
f 136/136/136 171/171/171 172/172/172
f 172/172/172 134/134/134 136/136/136
f 139/139/139 170/170/170 171/171/171
f 171/171/171 136/136/136 139/139/139
f 141/141/141 169/169/169 170/170/170
f 170/170/170 139/139/139 141/141/141
f 143/143/143 166/166/166 169/169/169
f 169/169/169 141/141/141 143/143/143
f 145/145/145 163/163/163 165/165/165
f 165/165/165 144/144/144 145/145/145
f 148/148/148 181/181/181 163/163/163
f 163/163/163 145/145/145 148/148/148
f 151/151/151 179/179/179 180/180/180
f 180/180/180 147/147/147 151/151/151
f 154/154/154 177/177/177 179/179/179
f 179/179/179 151/151/151 154/154/154
f 128/128/128 176/176/176 178/178/178
f 178/178/178 153/153/153 128/128/128
f 195/195/195 197/197/197 175/175/175
f 175/175/175 174/174/174 195/195/195
f 194/194/194 195/195/195 174/174/174
f 174/174/174 173/173/173 194/194/194
f 193/193/193 194/194/194 173/173/173
f 173/173/173 172/172/172 193/193/193
f 192/192/192 193/193/193 172/172/172
f 172/172/172 171/171/171 192/192/192
f 191/191/191 192/192/192 171/171/171
f 171/171/171 170/170/170 191/191/191
f 190/190/190 191/191/191 170/170/170
f 170/170/170 169/169/169 190/190/190
f 189/189/189 190/190/190 169/169/169
f 169/169/169 166/166/166 189/189/189
f 218/218/218 221/221/221 224/224/224
f 224/224/224 210/210/210 218/218/218
f 230/230/230 218/218/218 210/210/210
f 210/210/210 226/226/226 230/230/230
f 200/200/200 201/201/201 180/180/180
f 180/180/180 179/179/179 200/200/200
f 199/199/199 200/200/200 179/179/179
f 179/179/179 177/177/177 199/199/199
f 196/196/196 198/198/198 178/178/178
f 178/178/178 176/176/176 196/196/196
f 526/526/526 527/527/527 197/197/197
f 197/197/197 195/195/195 526/526/526
f 529/529/529 526/526/526 195/195/195
f 195/195/195 194/194/194 529/529/529
f 155/155/155 529/529/529 194/194/194
f 194/194/194 193/193/193 155/155/155
f 156/156/156 155/155/155 193/193/193
f 193/193/193 192/192/192 156/156/156
f 157/157/157 156/156/156 192/192/192
f 192/192/192 191/191/191 157/157/157
f 158/158/158 157/157/157 191/191/191
f 191/191/191 190/190/190 158/158/158
f 530/530/530 158/158/158 190/190/190
f 190/190/190 189/189/189 530/530/530
f 159/159/159 531/531/531 187/187/187
f 187/187/187 184/184/184 159/159/159
f 534/534/534 159/159/159 184/184/184
f 184/184/184 201/201/201 534/534/534
f 160/160/160 534/534/534 201/201/201
f 201/201/201 200/200/200 160/160/160
f 162/162/162 160/160/160 200/200/200
f 200/200/200 199/199/199 162/162/162
f 528/528/528 161/161/161 198/198/198
f 198/198/198 196/196/196 528/528/528
f 186/186/186 168/168/168 209/209/209
f 209/209/209 205/205/205 186/186/186
f 164/164/164 232/232/232 208/208/208
f 208/208/208 167/167/167 164/164/164
f 164/164/164 182/182/182 213/213/213
f 213/213/213 232/232/232 164/164/164
f 183/183/183 203/203/203 217/217/217
f 217/217/217 212/212/212 183/183/183
f 233/233/233 219/219/219 229/229/229
f 229/229/229 216/216/216 233/233/233
f 220/220/220 219/219/219 233/233/233
f 233/233/233 206/206/206 220/220/220
f 222/222/222 204/204/204 207/207/207
f 207/207/207 225/225/225 222/222/222
f 228/228/228 214/214/214 215/215/215
f 215/215/215 231/231/231 228/228/228
f 227/227/227 211/211/211 232/232/232
f 232/232/232 213/213/213 227/227/227
f 232/232/232 211/211/211 223/223/223
f 223/223/223 208/208/208 232/232/232
f 216/216/216 202/202/202 185/185/185
f 185/185/185 233/233/233 216/216/216
f 185/185/185 188/188/188 206/206/206
f 206/206/206 233/233/233 185/185/185
f 245/245/245 247/247/247 250/250/250
f 245/245/245 250/250/250 252/252/252
f 245/245/245 252/252/252 255/255/255
f 242/242/242 245/245/245 255/255/255
f 241/241/241 242/242/242 255/255/255
f 239/239/239 241/241/241 255/255/255
f 234/234/234 239/239/239 255/255/255
f 264/264/264 267/267/267 270/270/270
f 264/264/264 270/270/270 272/272/272
f 272/272/272 275/275/275 276/276/276
f 264/264/264 272/272/272 276/276/276
f 263/263/263 264/264/264 276/276/276
f 258/258/258 263/263/263 276/276/276
f 256/256/256 258/258/258 276/276/276
f 243/243/243 240/240/240 257/257/257
f 257/257/257 277/277/277 243/243/243
f 274/274/274 273/273/273 246/246/246
f 246/246/246 244/244/244 274/274/274
f 266/266/266 265/265/265 254/254/254
f 254/254/254 253/253/253 266/266/266
f 235/235/235 254/254/254 265/265/265
f 265/265/265 261/261/261 235/235/235
f 271/271/271 268/268/268 251/251/251
f 251/251/251 248/248/248 271/271/271
f 273/273/273 269/269/269 249/249/249
f 249/249/249 246/246/246 273/273/273
f 237/237/237 236/236/236 262/262/262
f 262/262/262 260/260/260 237/237/237
f 240/240/240 238/238/238 259/259/259
f 259/259/259 257/257/257 240/240/240
f 299/299/299 297/297/297 296/296/296
f 296/296/296 294/294/294 291/291/291
f 291/291/291 290/290/290 286/286/286
f 296/296/296 291/291/291 286/286/286
f 286/286/286 285/285/285 283/283/283
f 283/283/283 280/280/280 278/278/278
f 286/286/286 283/283/283 278/278/278
f 296/296/296 286/286/286 278/278/278
f 299/299/299 296/296/296 278/278/278
f 301/301/301 299/299/299 278/278/278
f 281/281/281 303/303/303 618/618/618
f 618/618/618 279/279/279 281/281/281
f 282/282/282 304/304/304 303/303/303
f 303/303/303 281/281/281 282/282/282
f 284/284/284 305/305/305 304/304/304
f 304/304/304 282/282/282 284/284/284
f 288/288/288 307/307/307 305/305/305
f 305/305/305 284/284/284 288/288/288
f 289/289/289 308/308/308 306/306/306
f 306/306/306 287/287/287 289/289/289
f 292/292/292 619/619/619 308/308/308
f 308/308/308 289/289/289 292/292/292
f 293/293/293 309/309/309 619/619/619
f 619/619/619 292/292/292 293/293/293
f 295/295/295 310/310/310 309/309/309
f 309/309/309 293/293/293 295/295/295
f 298/298/298 620/620/620 310/310/310
f 310/310/310 295/295/295 298/298/298
f 300/300/300 311/311/311 620/620/620
f 620/620/620 298/298/298 300/300/300
f 302/302/302 312/312/312 311/311/311
f 311/311/311 300/300/300 302/302/302
f 279/279/279 618/618/618 312/312/312
f 312/312/312 302/302/302 279/279/279
f 317/317/317 315/315/315 16/16/16
f 16/16/16 13/13/13 317/317/317
f 323/323/323 321/321/321 327/327/327
f 327/327/327 325/325/325 323/323/323
f 15/15/15 313/313/313 319/319/319
f 319/319/319 322/322/322 15/15/15
f 318/318/318 328/328/328 320/320/320
f 320/320/320 314/314/314 318/318/318
f 316/316/316 14/14/14 324/324/324
f 324/324/324 326/326/326 316/316/316
f 329/329/329 336/336/336 332/332/332
f 332/332/332 331/331/331 329/329/329
f 331/331/331 332/332/332 341/341/341
f 341/341/341 337/337/337 331/331/331
f 338/338/338 340/340/340 345/345/345
f 344/344/344 342/342/342 338/338/338
f 342/342/342 344/344/344 350/350/350
f 350/350/350 347/347/347 342/342/342
f 346/346/346 349/349/349 353/353/353
f 352/352/352 351/351/351 346/346/346
f 351/351/351 352/352/352 357/357/357
f 357/357/357 355/355/355 351/351/351
f 356/356/356 358/358/358 362/362/362
f 362/362/362 360/360/360 356/356/356
f 360/360/360 362/362/362 366/366/366
f 366/366/366 363/363/363 360/360/360
f 364/364/364 367/367/367 371/371/371
f 370/370/370 368/368/368 364/364/364
f 368/368/368 370/370/370 376/376/376
f 376/376/376 372/372/372 368/368/368
f 373/373/373 374/374/374 379/379/379
f 380/380/380 377/377/377 373/373/373
f 377/377/377 380/380/380 335/335/335
f 335/335/335 330/330/330 377/377/377
f 375/375/375 369/369/369 365/365/365
f 365/365/365 361/361/361 359/359/359
f 375/375/375 365/365/365 359/359/359
f 359/359/359 354/354/354 348/348/348
f 348/348/348 343/343/343 339/339/339
f 359/359/359 348/348/348 339/339/339
f 375/375/375 359/359/359 339/339/339
f 339/339/339 333/333/333 334/334/334
f 375/375/375 339/339/339 334/334/334
f 378/378/378 375/375/375 334/334/334
f 384/384/384 382/382/382 390/390/390
f 390/390/390 389/389/389 384/384/384
f 396/396/396 393/393/393 402/402/402
f 402/402/402 400/400/400 396/396/396
f 387/387/387 401/401/401 403/403/403
f 403/403/403 386/386/386 387/387/387
f 383/383/383 385/385/385 404/404/404
f 404/404/404 394/394/394 383/383/383
f 381/381/381 395/395/395 397/397/397
f 397/397/397 392/392/392 381/381/381
f 388/388/388 391/391/391 398/398/398
f 398/398/398 399/399/399 388/388/388
f 416/416/416 415/415/415 412/412/412
f 419/419/419 416/416/416 412/412/412
f 422/422/422 419/419/419 412/412/412
f 422/422/422 412/412/412 410/410/410
f 406/406/406 422/422/422 410/410/410
f 442/442/442 438/438/438 436/436/436
f 426/426/426 442/442/442 436/436/436
f 426/426/426 436/436/436 432/432/432
f 426/426/426 432/432/432 429/429/429
f 426/426/426 429/429/429 428/428/428
f 423/423/423 405/405/405 425/425/425
f 425/425/425 427/427/427 423/423/423
f 409/409/409 440/440/440 424/424/424
f 424/424/424 407/407/407 409/409/409
f 408/408/408 413/413/413 437/437/437
f 437/437/437 441/441/441 408/408/408
f 439/439/439 411/411/411 414/414/414
f 414/414/414 435/435/435 439/439/439
f 430/430/430 420/420/420 423/423/423
f 423/423/423 427/427/427 430/430/430
f 434/434/434 417/417/417 421/421/421
f 421/421/421 431/431/431 434/434/434
f 435/435/435 414/414/414 418/418/418
f 418/418/418 433/433/433 435/435/435
f 468/468/468 467/467/467 464/464/464
f 464/464/464 463/463/463 460/460/460
f 468/468/468 464/464/464 460/460/460
f 460/460/460 458/458/458 457/457/457
f 457/457/457 455/455/455 452/452/452
f 460/460/460 457/457/457 452/452/452
f 468/468/468 460/460/460 452/452/452
f 452/452/452 450/450/450 446/446/446
f 468/468/468 452/452/452 446/446/446
f 444/444/444 468/468/468 446/446/446
f 466/466/466 469/469/469 472/472/472
f 472/472/472 471/471/471 466/466/466
f 465/465/465 466/466/466 471/471/471
f 471/471/471 474/474/474 465/465/465
f 462/462/462 465/465/465 474/474/474
f 474/474/474 475/475/475 462/462/462
f 461/461/461 462/462/462 475/475/475
f 475/475/475 476/476/476 461/461/461
f 459/459/459 461/461/461 476/476/476
f 476/476/476 477/477/477 459/459/459
f 456/456/456 459/459/459 477/477/477
f 477/477/477 478/478/478 456/456/456
f 453/453/453 456/456/456 478/478/478
f 478/478/478 480/480/480 453/453/453
f 451/451/451 454/454/454 479/479/479
f 479/479/479 484/484/484 451/451/451
f 449/449/449 451/451/451 484/484/484
f 484/484/484 485/485/485 449/449/449
f 447/447/447 448/448/448 487/487/487
f 487/487/487 489/489/489 447/447/447
f 443/443/443 447/447/447 489/489/489
f 489/489/489 490/490/490 443/443/443
f 470/470/470 445/445/445 491/491/491
f 491/491/491 473/473/473 470/470/470
f 492/492/492 471/471/471 472/472/472
f 472/472/472 494/494/494 492/492/492
f 495/495/495 474/474/474 471/471/471
f 471/471/471 492/492/492 495/495/495
f 496/496/496 475/475/475 474/474/474
f 474/474/474 495/495/495 496/496/496
f 497/497/497 476/476/476 475/475/475
f 475/475/475 496/496/496 497/497/497
f 498/498/498 477/477/477 476/476/476
f 476/476/476 497/497/497 498/498/498
f 499/499/499 478/478/478 477/477/477
f 477/477/477 498/498/498 499/499/499
f 503/503/503 480/480/480 478/478/478
f 478/478/478 499/499/499 503/503/503
f 506/506/506 505/505/505 512/512/512
f 512/512/512 510/510/510 506/506/506
f 518/518/518 514/514/514 505/505/505
f 505/505/505 506/506/506 518/518/518
f 520/520/520 489/489/489 487/487/487
f 487/487/487 523/523/523 520/520/520
f 525/525/525 490/490/490 489/489/489
f 489/489/489 520/520/520 525/525/525
f 493/493/493 473/473/473 491/491/491
f 491/491/491 524/524/524 493/493/493
f 526/526/526 492/492/492 494/494/494
f 494/494/494 527/527/527 526/526/526
f 529/529/529 495/495/495 492/492/492
f 492/492/492 526/526/526 529/529/529
f 155/155/155 496/496/496 495/495/495
f 495/495/495 529/529/529 155/155/155
f 156/156/156 497/497/497 496/496/496
f 496/496/496 155/155/155 156/156/156
f 157/157/157 498/498/498 497/497/497
f 497/497/497 156/156/156 157/157/157
f 158/158/158 499/499/499 498/498/498
f 498/498/498 157/157/157 158/158/158
f 530/530/530 503/503/503 499/499/499
f 499/499/499 158/158/158 530/530/530
f 159/159/159 532/532/532 500/500/500
f 500/500/500 531/531/531 159/159/159
f 534/534/534 523/523/523 532/532/532
f 532/532/532 159/159/159 534/534/534
f 160/160/160 520/520/520 523/523/523
f 523/523/523 534/534/534 160/160/160
f 162/162/162 525/525/525 520/520/520
f 520/520/520 160/160/160 162/162/162
f 528/528/528 493/493/493 524/524/524
f 524/524/524 161/161/161 528/528/528
f 502/502/502 539/539/539 535/535/535
f 535/535/535 481/481/481 502/502/502
f 483/483/483 482/482/482 537/537/537
f 537/537/537 541/541/541 483/483/483
f 483/483/483 541/541/541 542/542/542
f 542/542/542 486/486/486 483/483/483
f 488/488/488 544/544/544 546/546/546
f 546/546/546 521/521/521 488/488/488
f 548/548/548 547/547/547 519/519/519
f 519/519/519 507/507/507 548/548/548
f 509/509/509 540/540/540 548/548/548
f 548/548/548 507/507/507 509/509/509
f 508/508/508 511/511/511 536/536/536
f 536/536/536 538/538/538 508/508/508
f 516/516/516 517/517/517 545/545/545
f 545/545/545 543/543/543 516/516/516
f 515/515/515 542/542/542 541/541/541
f 541/541/541 504/504/504 515/515/515
f 541/541/541 537/537/537 513/513/513
f 513/513/513 504/504/504 541/541/541
f 547/547/547 548/548/548 533/533/533
f 533/533/533 522/522/522 547/547/547
f 533/533/533 548/548/548 540/540/540
f 540/540/540 501/501/501 533/533/533
f 563/563/563 561/561/561 559/559/559
f 566/566/566 563/563/563 559/559/559
f 570/570/570 566/566/566 559/559/559
f 570/570/570 559/559/559 557/557/557
f 570/570/570 557/557/557 556/556/556
f 570/570/570 556/556/556 553/553/553
f 550/550/550 570/570/570 553/553/553
f 592/592/592 589/589/589 588/588/588
f 585/585/585 582/582/582 579/579/579
f 588/588/588 585/585/585 579/579/579
f 592/592/592 588/588/588 579/579/579
f 592/592/592 579/579/579 577/577/577
f 592/592/592 577/577/577 575/575/575
f 571/571/571 592/592/592 575/575/575
f 558/558/558 591/591/591 572/572/572
f 572/572/572 555/555/555 558/558/558
f 590/590/590 560/560/560 562/562/562
f 562/562/562 587/587/587 590/590/590
f 581/581/581 568/568/568 569/569/569
f 569/569/569 580/580/580 581/581/581
f 549/549/549 578/578/578 580/580/580
f 580/580/580 569/569/569 549/549/549
f 586/586/586 565/565/565 567/567/567
f 567/567/567 583/583/583 586/586/586
f 587/587/587 562/562/562 564/564/564
f 564/564/564 584/584/584 587/587/587
f 554/554/554 574/574/574 576/576/576
f 576/576/576 551/551/551 554/554/554
f 555/555/555 572/572/572 573/573/573
f 573/573/573 552/552/552 555/555/555
f 616/616/616 615/615/615 613/613/613
f 613/613/613 611/611/611 609/609/609
f 616/616/616 613/613/613 609/609/609
f 609/609/609 606/606/606 604/604/604
f 604/604/604 601/601/601 600/600/600
f 609/609/609 604/604/604 600/600/600
f 616/616/616 609/609/609 600/600/600
f 600/600/600 598/598/598 596/596/596
f 616/616/616 600/600/600 596/596/596
f 593/593/593 616/616/616 596/596/596
f 614/614/614 617/617/617 618/618/618
f 618/618/618 303/303/303 614/614/614
f 612/612/612 614/614/614 303/303/303
f 303/303/303 304/304/304 612/612/612
f 610/610/610 612/612/612 304/304/304
f 304/304/304 305/305/305 610/610/610
f 608/608/608 610/610/610 305/305/305
f 305/305/305 307/307/307 608/608/608
f 605/605/605 607/607/607 306/306/306
f 306/306/306 308/308/308 605/605/605
f 603/603/603 605/605/605 308/308/308
f 308/308/308 619/619/619 603/603/603
f 602/602/602 603/603/603 619/619/619
f 619/619/619 309/309/309 602/602/602
f 599/599/599 602/602/602 309/309/309
f 309/309/309 310/310/310 599/599/599
f 597/597/597 599/599/599 310/310/310
f 310/310/310 620/620/620 597/597/597
f 595/595/595 597/597/597 620/620/620
f 620/620/620 311/311/311 595/595/595
f 594/594/594 595/595/595 311/311/311
f 311/311/311 312/312/312 594/594/594
f 617/617/617 594/594/594 312/312/312
f 312/312/312 618/618/618 617/617/617
f 691/691/691 709/709/709 710/710/710
f 710/710/710 690/690/690 691/691/691
f 693/693/693 737/737/737 707/707/707
f 709/709/709 691/691/691 693/693/693
f 695/695/695 732/732/732 736/736/736
f 736/736/736 692/692/692 695/695/695
f 696/696/696 728/728/728 733/733/733
f 733/733/733 694/694/694 696/696/696
f 698/698/698 726/726/726 729/729/729
f 729/729/729 697/697/697 698/698/698
f 699/699/699 724/724/724 726/726/726
f 726/726/726 698/698/698 699/699/699
f 700/700/700 723/723/723 724/724/724
f 724/724/724 699/699/699 700/700/700
f 702/702/702 719/719/719 723/723/723
f 723/723/723 700/700/700 702/702/702
f 704/704/704 718/718/718 721/721/721
f 721/721/721 701/701/701 704/704/704
f 705/705/705 714/714/714 717/717/717
f 717/717/717 703/703/703 705/705/705
f 706/706/706 712/712/712 714/714/714
f 714/714/714 705/705/705 706/706/706
f 690/690/690 710/710/710 712/712/712
f 712/712/712 706/706/706 690/690/690
f 825/825/825 827/827/827 656/656/656
f 656/656/656 654/654/654 825/825/825
f 823/823/823 825/825/825 654/654/654
f 654/654/654 652/652/652 823/823/823
f 820/820/820 822/822/822 653/653/653
f 653/653/653 647/647/647 820/820/820
f 817/817/817 819/819/819 648/648/648
f 648/648/648 646/646/646 817/817/817
f 815/815/815 817/817/817 646/646/646
f 646/646/646 643/643/643 815/815/815
f 813/813/813 815/815/815 643/643/643
f 643/643/643 641/641/641 813/813/813
f 810/810/810 813/813/813 641/641/641
f 641/641/641 639/639/639 810/810/810
f 808/808/808 810/810/810 639/639/639
f 639/639/639 637/637/637 808/808/808
f 835/835/835 808/808/808 637/637/637
f 637/637/637 665/665/665 835/835/835
f 833/833/833 835/835/835 665/665/665
f 665/665/665 663/663/663 833/833/833
f 830/830/830 833/833/833 663/663/663
f 663/663/663 659/659/659 830/830/830
f 828/828/828 832/832/832 661/661/661
f 661/661/661 658/658/658 828/828/828
f 685/685/685 739/739/739 711/711/711
f 711/711/711 708/708/708 685/685/685
f 739/739/739 687/687/687 713/713/713
f 713/713/713 711/711/711 739/739/739
f 687/687/687 688/688/688 715/715/715
f 715/715/715 713/713/713 687/687/687
f 688/688/688 667/667/667 716/716/716
f 716/716/716 715/715/715 688/688/688
f 667/667/667 669/669/669 720/720/720
f 720/720/720 716/716/716 667/667/667
f 669/669/669 670/670/670 722/722/722
f 722/722/722 720/720/720 669/669/669
f 670/670/670 673/673/673 725/725/725
f 725/725/725 722/722/722 670/670/670
f 673/673/673 675/675/675 727/727/727
f 727/727/727 725/725/725 673/673/673
f 675/675/675 676/676/676 730/730/730
f 730/730/730 727/727/727 675/675/675
f 676/676/676 679/679/679 734/734/734
f 734/734/734 730/730/730 676/676/676
f 678/678/678 682/682/682 735/735/735
f 735/735/735 731/731/731 678/678/678
f 682/682/682 685/685/685 708/708/708
f 708/708/708 735/735/735 682/682/682
f 745/745/745 738/738/738 684/684/684
f 684/684/684 742/742/742 745/745/745
f 748/748/748 686/686/686 738/738/738
f 738/738/738 745/745/745 748/748/748
f 751/751/751 689/689/689 686/686/686
f 686/686/686 748/748/748 751/751/751
f 754/754/754 666/666/666 689/689/689
f 689/689/689 751/751/751 754/754/754
f 757/757/757 668/668/668 666/666/666
f 666/666/666 754/754/754 757/757/757
f 760/760/760 671/671/671 668/668/668
f 668/668/668 757/757/757 760/760/760
f 763/763/763 672/672/672 671/671/671
f 671/671/671 760/760/760 763/763/763
f 766/766/766 674/674/674 672/672/672
f 672/672/672 763/763/763 766/766/766
f 769/769/769 677/677/677 674/674/674
f 674/674/674 766/766/766 769/769/769
f 774/774/774 681/681/681 677/677/677
f 677/677/677 769/769/769 774/774/774
f 778/778/778 683/683/683 680/680/680
f 680/680/680 775/775/775 778/778/778
f 742/742/742 684/684/684 683/683/683
f 683/683/683 778/778/778 742/742/742
f 744/744/744 745/745/745 742/742/742
f 742/742/742 741/741/741 744/744/744
f 743/743/743 744/744/744 741/741/741
f 741/741/741 740/740/740 743/743/743
f 657/657/657 743/743/743 740/740/740
f 740/740/740 655/655/655 657/657/657
f 747/747/747 748/748/748 745/745/745
f 745/745/745 744/744/744 747/747/747
f 746/746/746 747/747/747 744/744/744
f 744/744/744 743/743/743 746/746/746
f 660/660/660 746/746/746 743/743/743
f 743/743/743 657/657/657 660/660/660
f 750/750/750 751/751/751 748/748/748
f 748/748/748 747/747/747 750/750/750
f 749/749/749 750/750/750 747/747/747
f 747/747/747 746/746/746 749/749/749
f 662/662/662 749/749/749 746/746/746
f 746/746/746 660/660/660 662/662/662
f 753/753/753 754/754/754 751/751/751
f 751/751/751 750/750/750 753/753/753
f 752/752/752 753/753/753 750/750/750
f 750/750/750 749/749/749 752/752/752
f 664/664/664 752/752/752 749/749/749
f 749/749/749 662/662/662 664/664/664
f 756/756/756 757/757/757 754/754/754
f 754/754/754 753/753/753 756/756/756
f 755/755/755 756/756/756 753/753/753
f 753/753/753 752/752/752 755/755/755
f 638/638/638 755/755/755 752/752/752
f 752/752/752 664/664/664 638/638/638
f 759/759/759 760/760/760 757/757/757
f 757/757/757 756/756/756 759/759/759
f 758/758/758 759/759/759 756/756/756
f 756/756/756 755/755/755 758/758/758
f 640/640/640 758/758/758 755/755/755
f 755/755/755 638/638/638 640/640/640
f 762/762/762 763/763/763 760/760/760
f 760/760/760 759/759/759 762/762/762
f 761/761/761 762/762/762 759/759/759
f 759/759/759 758/758/758 761/761/761
f 642/642/642 761/761/761 758/758/758
f 758/758/758 640/640/640 642/642/642
f 765/765/765 766/766/766 763/763/763
f 763/763/763 762/762/762 765/765/765
f 764/764/764 765/765/765 762/762/762
f 762/762/762 761/761/761 764/764/764
f 644/644/644 764/764/764 761/761/761
f 761/761/761 642/642/642 644/644/644
f 768/768/768 769/769/769 766/766/766
f 766/766/766 765/765/765 768/768/768
f 767/767/767 768/768/768 765/765/765
f 765/765/765 764/764/764 767/767/767
f 645/645/645 767/767/767 764/764/764
f 764/764/764 644/644/644 645/645/645
f 773/773/773 774/774/774 769/769/769
f 769/769/769 768/768/768 773/773/773
f 771/771/771 773/773/773 768/768/768
f 768/768/768 767/767/767 771/771/771
f 649/649/649 771/771/771 767/767/767
f 767/767/767 645/645/645 649/649/649
f 777/777/777 778/778/778 775/775/775
f 775/775/775 772/772/772 777/777/777
f 776/776/776 777/777/777 772/772/772
f 772/772/772 770/770/770 776/776/776
f 651/651/651 776/776/776 770/770/770
f 770/770/770 650/650/650 651/651/651
f 741/741/741 742/742/742 778/778/778
f 778/778/778 777/777/777 741/741/741
f 740/740/740 741/741/741 777/777/777
f 777/777/777 776/776/776 740/740/740
f 655/655/655 740/740/740 776/776/776
f 776/776/776 651/651/651 655/655/655
f 623/623/623 621/621/621 800/800/800
f 800/800/800 796/796/796 623/623/623
f 625/625/625 623/623/623 796/796/796
f 796/796/796 795/795/795 625/625/625
f 626/626/626 624/624/624 793/793/793
f 793/793/793 791/791/791 626/626/626
f 628/628/628 627/627/627 792/792/792
f 792/792/792 787/787/787 628/628/628
f 629/629/629 628/628/628 787/787/787
f 787/787/787 786/786/786 629/629/629
f 630/630/630 629/629/629 786/786/786
f 786/786/786 783/783/783 630/630/630
f 631/631/631 630/630/630 783/783/783
f 783/783/783 781/781/781 631/631/631
f 632/632/632 631/631/631 781/781/781
f 781/781/781 780/780/780 632/632/632
f 633/633/633 632/632/632 780/780/780
f 780/780/780 807/807/807 633/633/633
f 634/634/634 633/633/633 807/807/807
f 807/807/807 805/805/805 634/634/634
f 636/636/636 634/634/634 805/805/805
f 805/805/805 801/801/801 636/636/636
f 622/622/622 635/635/635 802/802/802
f 802/802/802 798/798/798 622/622/622
f 837/837/837 839/839/839 863/863/863
f 863/863/863 866/866/866 837/837/837
f 862/862/862 837/837/837 866/866/866
f 866/866/866 867/867/867 862/862/862
f 858/858/858 862/862/862 867/867/867
f 867/867/867 869/869/869 858/858/858
f 856/856/856 860/860/860 871/871/871
f 871/871/871 874/874/874 856/856/856
f 853/853/853 856/856/856 874/874/874
f 874/874/874 876/876/876 853/853/853
f 851/851/851 853/853/853 876/876/876
f 876/876/876 877/877/877 851/851/851
f 849/849/849 851/851/851 877/877/877
f 877/877/877 879/879/879 849/849/849
f 847/847/847 849/849/849 879/879/879
f 879/879/879 882/882/882 847/847/847
f 845/845/845 847/847/847 882/882/882
f 882/882/882 883/883/883 845/845/845
f 844/844/844 845/845/845 883/883/883
f 883/883/883 886/886/886 844/844/844
f 841/841/841 844/844/844 886/886/886
f 886/886/886 887/887/887 841/841/841
f 839/839/839 841/841/841 887/887/887
f 887/887/887 863/863/863 839/839/839
f 797/797/797 799/799/799 840/840/840
f 840/840/840 838/838/838 797/797/797
f 799/799/799 803/803/803 842/842/842
f 842/842/842 840/840/840 799/799/799
f 803/803/803 804/804/804 843/843/843
f 843/843/843 842/842/842 803/803/803
f 804/804/804 806/806/806 846/846/846
f 846/846/846 843/843/843 804/804/804
f 806/806/806 779/779/779 848/848/848
f 848/848/848 846/846/846 806/806/806
f 779/779/779 782/782/782 850/850/850
f 850/850/850 848/848/848 779/779/779
f 782/782/782 784/784/784 852/852/852
f 852/852/852 850/850/850 782/782/782
f 784/784/784 785/785/785 854/854/854
f 854/854/854 852/852/852 784/784/784
f 785/785/785 788/788/788 855/855/855
f 855/855/855 854/854/854 785/785/785
f 788/788/788 790/790/790 859/859/859
f 859/859/859 855/855/855 788/788/788
f 789/789/789 794/794/794 861/861/861
f 861/861/861 857/857/857 789/789/789
f 794/794/794 797/797/797 838/838/838
f 838/838/838 861/861/861 794/794/794
f 829/829/829 826/826/826 865/865/865
f 865/865/865 864/864/864 829/829/829
f 826/826/826 824/824/824 868/868/868
f 868/868/868 865/865/865 826/826/826
f 824/824/824 821/821/821 872/872/872
f 872/872/872 868/868/868 824/824/824
f 818/818/818 816/816/816 873/873/873
f 873/873/873 870/870/870 818/818/818
f 816/816/816 814/814/814 875/875/875
f 875/875/875 873/873/873 816/816/816
f 814/814/814 812/812/812 878/878/878
f 878/878/878 875/875/875 814/814/814
f 812/812/812 811/811/811 880/880/880
f 880/880/880 878/878/878 812/812/812
f 811/811/811 809/809/809 881/881/881
f 881/881/881 880/880/880 811/811/811
f 809/809/809 836/836/836 884/884/884
f 884/884/884 881/881/881 809/809/809
f 836/836/836 834/834/834 885/885/885
f 885/885/885 884/884/884 836/836/836
f 834/834/834 831/831/831 888/888/888
f 888/888/888 885/885/885 834/834/834
f 831/831/831 829/829/829 864/864/864
f 864/864/864 888/888/888 831/831/831

