mtllib material.mtl
usemtl material_0
v -11.95016500 -1.97449700 1.14314800
v -11.95418400 -1.98748800 1.15064800
v -11.96516400 -1.99699700 1.15613800
v -11.98016500 -2.00047800 1.15814800
v -11.99516500 -1.99699700 1.15613800
v -12.00614500 -1.98748800 1.15064800
v -12.01016400 -1.97449700 1.14314800
v -12.00614500 -1.96150700 1.13564800
v -11.99516500 -1.95199700 1.13015700
v -11.98016500 -1.94851600 1.12814800
v -11.98016500 -1.94851600 1.12814800
v -11.96516400 -1.95199700 1.13015700
v -11.95418400 -1.96150700 1.13564800
v -11.95016500 -2.02169900 1.06139100
v -11.95418400 -2.03469000 1.06889100
v -11.96516400 -2.04419900 1.07438200
v -11.98016500 -2.04768000 1.07639100
v -12.00614500 -2.03469000 1.06889100
v -12.01016400 -2.02169900 1.06139100
v -11.99516400 -1.99919900 1.04840100
v -11.96516400 -1.99919900 1.04840100
v -11.88283500 -1.85470400 1.08957700
v -11.88283500 -1.85470400 1.08957700
v -11.88283500 -1.86245800 1.07614800
v -11.88283500 -1.86245800 1.07614800
v -11.92034800 -1.99964600 1.17325900
v -11.92034800 -1.99964600 1.17325900
v -11.92034800 -1.99964600 1.17325900
v -11.92034800 -2.00740000 1.15983000
v -11.92034800 -2.00740000 1.15983000
v -11.92034800 -2.00740000 1.15983000
v -12.05477000 -1.85470400 1.08957700
v -12.05477000 -1.85470400 1.08957700
v -12.05477000 -1.86245700 1.07614700
v -12.05477000 -1.86245700 1.07614700
v -11.99578400 -1.99964600 1.17325900
v -11.99578400 -1.99964600 1.17325900
v -11.99578400 -2.00740000 1.15983000
v -11.99578400 -2.00740000 1.15983000
v -12.03245900 -1.97431700 1.15863500
v -12.03245900 -1.97431700 1.15863500
v -12.03245900 -1.98207000 1.14520600
v -12.03245900 -1.98207000 1.14520600
v -12.02541700 -1.98838900 1.16675900
v -12.02541700 -1.98838900 1.16675900
v -12.01319200 -1.99683200 1.17163400
v -12.01319200 -1.99683200 1.17163400
v -12.01319200 -2.00458500 1.15820500
v -12.01319200 -2.00458500 1.15820500
v -12.02541700 -1.99614200 1.15333000
v -12.02541700 -1.99614200 1.15333000
v -11.94673100 -1.99353500 1.09615200
v -11.94673100 -1.99353500 1.09615200
v -11.94673100 -2.05367500 1.13087400
v -11.94673100 -2.05367500 1.13087400
v -11.94673100 -2.06142800 1.11744500
v -11.94673100 -2.06142800 1.11744500
v -11.94673100 -2.00128800 1.08272300
v -11.94673100 -2.00128800 1.08272300
v -11.98573800 -1.97188400 1.08365200
v -11.98573800 -1.97188400 1.08365200
v -11.98573800 -1.97963800 1.07022300
v -11.98573800 -1.97963800 1.07022300
v -12.01359800 -2.05861400 1.11582000
v -12.01359800 -2.05861400 1.11582000
v -12.01359800 -2.05086000 1.12924900
v -12.01359800 -2.05086000 1.12924900
v -11.97459200 -1.97188400 1.08365200
v -11.97459200 -1.97188400 1.08365200
v -11.97459200 -1.97963800 1.07022300
v -11.97459200 -1.97963800 1.07022300
v -12.01359800 -1.99353500 1.09615200
v -12.01359800 -1.99353500 1.09615200
v -12.01359800 -2.00128800 1.08272300
v -12.01359800 -2.00128800 1.08272300
v -12.01359800 -2.00128800 1.08272300
v -11.94982700 -1.98150700 1.08920800
v -11.94982700 -1.98150700 1.08920800
v -11.95911400 -1.97429000 1.08504100
v -11.95911400 -1.97429000 1.08504100
v -11.95911400 -1.98204300 1.07161200
v -11.95911400 -1.98204300 1.07161200
v -11.94982700 -1.98926000 1.07577900
v -11.94982700 -1.98926000 1.07577900
v -12.00121600 -1.97429000 1.08504100
v -12.00121600 -1.97429000 1.08504100
v -12.01050300 -1.98150700 1.08920800
v -12.01050300 -1.98150700 1.08920800
v -12.01050300 -1.98926000 1.07577800
v -12.01050300 -1.98926000 1.07577800
v -12.00121600 -1.98204300 1.07161200
v -12.00121600 -1.98204300 1.07161200
v -11.94183500 -2.05771800 1.13573600
v -11.94183500 -2.05771800 1.13573600
v -11.94183500 -2.05771800 1.13573600
v -12.01905400 -2.05446800 1.13385900
v -12.01905400 -2.05446800 1.13385900
v -12.01905400 -2.05446800 1.13385900
v -12.01905400 -2.07765600 1.09369800
v -12.01905400 -2.07765600 1.09369800
v -11.94183500 -2.08090600 1.09557400
v -11.94183500 -2.08090600 1.09557400
v -11.94155500 -2.05272400 1.13285200
v -11.94155500 -2.05272400 1.13285200
v -11.94155500 -2.05272400 1.13285200
v -12.01877400 -2.04947400 1.13097600
v -12.01877400 -2.04947400 1.13097600
v -12.01877400 -2.04947400 1.13097600
v -12.01877400 -2.07266100 1.09081400
v -12.01877400 -2.07266100 1.09081400
v -11.94155500 -2.07591100 1.09269100
v -11.94155500 -2.07591100 1.09269100
v -11.95708100 -2.07753500 1.09362800
v -11.95708100 -2.07753500 1.09362800
v -11.95708100 -2.06204200 1.12046300
v -11.95708100 -2.06204200 1.12046300
v -11.95708100 -2.06204200 1.12046300
v -12.00354200 -2.06008600 1.11933400
v -12.00354200 -2.06008600 1.11933400
v -12.00354200 -2.06008600 1.11933400
v -12.00354200 -2.07557900 1.09249900
v -12.00354200 -2.07557900 1.09249900
v -11.95753400 -2.08780800 1.09955900
v -11.95753400 -2.07231500 1.12639400
v -11.95753400 -2.07231500 1.12639400
v -12.00399500 -2.07035900 1.12526500
v -12.00399500 -2.07035900 1.12526500
v -12.00399500 -2.08585200 1.09843000
v -11.98164600 -2.09132400 1.13736900
v -11.98164600 -2.09132400 1.13736900
v -11.98164600 -2.10681700 1.11053400
v -11.96058800 -2.09880400 1.10590800
v -11.96058800 -2.09880400 1.10590800
v -11.96857100 -2.10514300 1.10956800
v -11.96857100 -2.10514300 1.10956800
v -11.96857100 -2.08965000 1.13640200
v -11.96857100 -2.08965000 1.13640200
v -11.96857100 -2.08965000 1.13640200
v -11.96058800 -2.08331100 1.13274300
v -11.96058800 -2.08331100 1.13274300
v -11.96058800 -2.08331100 1.13274300
v -12.00192200 -2.08157100 1.13173800
v -12.00192200 -2.08157100 1.13173800
v -12.00192200 -2.08157100 1.13173800
v -11.99452600 -2.08855700 1.13577100
v -11.99452600 -2.08855700 1.13577100
v -11.99452600 -2.08855700 1.13577100
v -12.00192200 -2.09706400 1.10490300
v -12.00192200 -2.09706400 1.10490300
v -11.99452600 -2.10405000 1.10893700
v -11.99452600 -2.10405000 1.10893700
v -11.98637400 -1.90296600 1.97616400
v -11.98637400 -1.90296600 1.97616400
v -11.98637400 -1.90296600 1.97616400
v -11.99637400 -1.92028600 1.98616400
v -11.99637400 -1.92028600 1.98616400
v -11.97637400 -1.92894600 1.99116400
v -11.97637400 -1.92894600 1.99116400
v -11.96637400 -1.91162600 1.98116400
v -11.96637400 -1.91162600 1.98116400
v -11.98637200 -2.05678800 1.12524900
v -11.98637200 -2.05678800 1.12524900
v -11.98637200 -2.05678800 1.12524900
v -11.98637200 -2.05678800 1.12524900
v -11.99637200 -2.07410900 1.13524900
v -11.99637200 -2.07410900 1.13524900
v -11.97637200 -2.08276900 1.14024900
v -11.97637200 -2.08276900 1.14024900
v -11.96637200 -2.06544900 1.13024900
v -11.96637200 -2.06544900 1.13024900
v -11.98637200 -2.07566700 1.09255000
v -11.98637200 -2.07566700 1.09255000
v -11.98637200 -2.07566700 1.09255000
v -11.98637200 -2.07566700 1.09255000
v -11.99637200 -2.09298800 1.10255000
v -11.99637200 -2.09298800 1.10255000
v -11.97637200 -2.10164800 1.10755000
v -11.97637200 -2.10164800 1.10755000
v -11.96637200 -2.08432800 1.09755000
v -11.96637200 -2.08432800 1.09755000
v -12.01637400 -1.90296600 1.97616300
v -12.01637400 -1.90296600 1.97616300
v -11.99637400 -1.94626700 2.00116300
v -11.99637400 -1.94626700 2.00116300
v -11.94637400 -1.92894600 1.99116400
v -11.94637400 -1.92894600 1.99116400
v -11.96637300 -1.88564500 1.96616400
v -11.96637300 -1.88564500 1.96616400
v -12.01637500 -1.89964700 2.04191200
v -12.01637500 -1.89964700 2.04191200
v -11.99637400 -1.85634600 2.01691200
v -11.99637400 -1.85634600 2.01691200
v -11.99637400 -1.85634600 2.01691200
v -11.94637400 -1.87366600 2.02691200
v -11.94637400 -1.87366600 2.02691200
v -11.96637400 -1.91696700 2.05191200
v -11.96637400 -1.91696700 2.05191200
v -11.99637400 -1.88564500 1.96616400
v -11.99637400 -1.88564500 1.96616400
v -11.99637400 -1.88564500 1.96616400
v -12.01637400 -1.92894600 1.99116300
v -12.01637400 -1.92894600 1.99116300
v -11.96637400 -1.94626700 2.00116300
v -11.96637400 -1.94626700 2.00116300
v -11.94637400 -1.90296600 1.97616400
v -11.94637400 -1.90296600 1.97616400
v -11.99637400 -1.91696700 2.05191200
v -11.99637400 -1.91696700 2.05191200
v -12.01637400 -1.87366600 2.02691200
v -12.01637400 -1.87366600 2.02691200
v -11.96637400 -1.85634600 2.01691200
v -11.96637400 -1.85634600 2.01691200
v -11.94637400 -1.89964700 2.04191200
v -11.94637400 -1.89964700 2.04191200
v -12.01415200 -1.89334300 1.97060800
v -12.01415200 -1.89334300 1.97060800
v -12.00748500 -1.88757000 1.96727500
v -12.00748500 -1.88757000 1.96727500
v -12.00748500 -1.94434200 2.00005200
v -12.00748500 -1.94434200 2.00005200
v -12.01415200 -1.93856900 1.99671900
v -12.01415200 -1.93856900 1.99671900
v -11.94859600 -1.93856900 1.99671900
v -11.94859600 -1.93856900 1.99671900
v -11.95526300 -1.94434200 2.00005200
v -11.95526300 -1.94434200 2.00005200
v -11.95526300 -1.88757000 1.96727500
v -11.95526300 -1.88757000 1.96727500
v -11.94859600 -1.89334300 1.97060800
v -11.94859600 -1.89334300 1.97060800
v -12.01415200 -1.90926900 2.04746700
v -12.01415200 -1.90926900 2.04746700
v -12.00748500 -1.91504300 2.05080100
v -12.00748500 -1.91504300 2.05080100
v -12.00748500 -1.85827000 2.01802300
v -12.00748500 -1.85827000 2.01802300
v -12.01415200 -1.86404400 2.02135600
v -12.01415200 -1.86404400 2.02135600
v -11.94859600 -1.86404400 2.02135700
v -11.94859600 -1.86404400 2.02135700
v -11.95526300 -1.85827000 2.01802300
v -11.95526300 -1.85827000 2.01802300
v -11.95526300 -1.91504300 2.05080100
v -11.95526300 -1.91504300 2.05080100
v -11.94859600 -1.90926900 2.04746700
v -11.94859600 -1.90926900 2.04746700
v -11.99637400 -1.91162600 1.98116400
v -11.99637400 -1.91162600 1.98116400
v -11.98637400 -1.92894600 1.99116400
v -11.98637400 -1.92894600 1.99116400
v -11.96637400 -1.92028600 1.98616400
v -11.96637400 -1.92028600 1.98616400
v -11.97637400 -1.90296600 1.97616400
v -11.97637400 -1.90296600 1.97616400
v -11.99637200 -2.06544900 1.13024900
v -11.99637200 -2.06544900 1.13024900
v -11.98637200 -2.08276900 1.14024900
v -11.98637200 -2.08276900 1.14024900
v -11.96637200 -2.07410900 1.13524900
v -11.96637200 -2.07410900 1.13524900
v -11.97637200 -2.05678800 1.12524900
v -11.97637200 -2.05678800 1.12524900
v -11.99637200 -2.08432800 1.09755000
v -11.99637200 -2.08432800 1.09755000
v -11.98637200 -2.10164800 1.10755000
v -11.98637200 -2.10164800 1.10755000
v -11.96637200 -2.09298800 1.10255000
v -11.96637200 -2.09298800 1.10255000
v -11.97637200 -2.07566700 1.09255000
v -11.97637200 -2.07566700 1.09255000
v -11.99192900 -1.90392800 1.97671900
v -11.99192900 -1.90392800 1.97671900
v -11.99526300 -1.90681500 1.97838600
v -11.99526300 -1.90681500 1.97838600
v -11.99526300 -1.92509700 1.98894100
v -11.99526300 -1.92509700 1.98894100
v -11.99193000 -1.92798400 1.99060800
v -11.99193000 -1.92798400 1.99060800
v -11.97081900 -1.92798400 1.99060800
v -11.97081900 -1.92798400 1.99060800
v -11.96748500 -1.92509700 1.98894100
v -11.96748500 -1.92509700 1.98894100
v -11.96748500 -1.90681500 1.97838600
v -11.96748500 -1.90681500 1.97838600
v -11.97081900 -1.90392800 1.97671900
v -11.97081900 -1.90392800 1.97671900
v -11.99192700 -2.05775000 1.12580500
v -11.99192700 -2.05775000 1.12580500
v -11.99526100 -2.06063700 1.12747200
v -11.99526100 -2.06063700 1.12747200
v -11.99526100 -2.07892000 1.13802700
v -11.99526100 -2.07892000 1.13802700
v -11.99192700 -2.08180700 1.13969400
v -11.99192700 -2.08180700 1.13969400
v -11.97081700 -2.08180700 1.13969400
v -11.97081700 -2.08180700 1.13969400
v -11.96748400 -2.07892000 1.13802700
v -11.96748400 -2.07892000 1.13802700
v -11.96748300 -2.06063700 1.12747200
v -11.96748300 -2.06063700 1.12747200
v -11.97081700 -2.05775100 1.12580500
v -11.97081700 -2.05775100 1.12580500
v -11.99526000 -2.07951600 1.09477200
v -11.99526000 -2.07951600 1.09477200
v -11.99192700 -2.07663000 1.09310500
v -11.99192700 -2.07663000 1.09310500
v -11.99192700 -2.10068600 1.10699400
v -11.99192700 -2.10068600 1.10699400
v -11.99526100 -2.09779900 1.10532800
v -11.99526100 -2.09779900 1.10532800
v -11.96748300 -2.09779900 1.10532800
v -11.96748300 -2.09779900 1.10532800
v -11.97081700 -2.10068600 1.10699400
v -11.97081700 -2.10068600 1.10699400
v -11.97081700 -2.07663000 1.09310500
v -11.97081700 -2.07663000 1.09310500
v -11.96748300 -2.07951600 1.09477200
v -11.96748300 -2.07951600 1.09477200
v -11.95016400 -2.07929300 0.96163500
v -11.95016400 -2.07929300 0.96163500
v -11.95418400 -2.09228400 0.96913500
v -11.95418400 -2.09228400 0.96913500
v -11.96516400 -2.10179400 0.97462500
v -11.96516400 -2.10179400 0.97462500
v -11.98016500 -2.10527400 0.97663500
v -11.98016500 -2.10527400 0.97663500
v -11.99516400 -2.10179400 0.97462500
v -11.99516400 -2.10179400 0.97462500
v -11.99516500 -2.04419900 1.07438200
v -12.00614500 -2.09228400 0.96913500
v -12.00614500 -2.09228400 0.96913500
v -12.01016400 -2.07929300 0.96163500
v -12.01016400 -2.07929300 0.96163500
v -12.00614500 -2.06630300 0.95413500
v -12.00614500 -2.06630300 0.95413500
v -12.00614500 -2.00870900 1.05389100
v -11.99516400 -2.05679300 0.94864500
v -11.99516400 -2.05679300 0.94864500
v -11.98016500 -2.05331300 0.94663500
v -11.98016500 -2.05331300 0.94663500
v -11.98016500 -2.05331300 0.94663500
v -11.98016500 -1.99571800 1.04639100
v -11.98016500 -1.99571800 1.04639100
v -11.96516400 -2.05679300 0.94864500
v -11.96516400 -2.05679300 0.94864500
v -11.95418400 -2.06630300 0.95413500
v -11.95418400 -2.06630300 0.95413500
v -11.95418400 -2.00870900 1.05389100
v -11.88283500 -1.96261100 0.90267700
v -11.88283500 -1.96261100 0.90267700
v -11.92034700 -2.10755300 0.98635900
v -11.92034700 -2.10755300 0.98635900
v -11.92034700 -2.10755300 0.98635900
v -11.92034700 -2.09980000 0.99978800
v -11.92034700 -2.09980000 0.99978800
v -11.92034700 -2.09980000 0.99978800
v -11.88283500 -1.95485700 0.91610600
v -11.88283500 -1.95485700 0.91610600
v -12.05477000 -1.96261100 0.90267700
v -12.05477000 -1.96261100 0.90267700
v -12.05477000 -1.95485700 0.91610600
v -12.05477000 -1.95485700 0.91610600
v -12.03245900 -2.07447000 0.98516400
v -12.03245900 -2.07447000 0.98516400
v -12.03245900 -2.07447000 0.98516400
v -12.03245900 -2.08222300 0.97173500
v -12.03245900 -2.08222300 0.97173500
v -11.99578400 -2.09979900 0.99978800
v -11.99578400 -2.09979900 0.99978800
v -12.01319200 -2.09698500 0.99816300
v -12.01319200 -2.09698500 0.99816300
v -12.02541700 -2.08854200 0.99328900
v -12.02541700 -2.08854200 0.99328900
v -11.99578400 -2.10755300 0.98635900
v -11.99578400 -2.10755300 0.98635900
v -12.02541700 -2.09629500 0.97985900
v -12.02541700 -2.09629500 0.97985900
v -12.01319200 -2.10473800 0.98473400
v -12.01319200 -2.10473800 0.98473400
v -11.94673100 -2.03772100 1.01962000
v -11.94673100 -2.03772100 1.01962000
v -11.94673100 -2.09786100 1.05434200
v -11.94673100 -2.09786100 1.05434200
v -11.94673100 -2.09010700 1.06777100
v -11.94673100 -2.09010700 1.06777100
v -11.94673100 -2.02996800 1.03304900
v -11.94673100 -2.02996800 1.03304900
v -12.01359800 -2.03772100 1.01962000
v -12.01359800 -2.03772100 1.01962000
v -12.01359800 -2.02996800 1.03304900
v -12.01359800 -2.02996800 1.03304900
v -12.01359800 -2.08729300 1.06614600
v -12.01359800 -2.08729300 1.06614600
v -12.01359800 -2.09504600 1.05271700
v -12.01359800 -2.09504600 1.05271700
v -11.97459200 -2.01607000 1.00712000
v -11.97459200 -2.01607000 1.00712000
v -11.97459200 -2.00831700 1.02054900
v -11.97459200 -2.00831700 1.02054900
v -11.98573800 -2.00831700 1.02054900
v -11.98573800 -2.00831700 1.02054900
v -11.98573800 -2.01607000 1.00712000
v -11.98573800 -2.01607000 1.00712000
v -11.95911400 -2.01072300 1.02193800
v -11.95911400 -2.01072300 1.02193800
v -11.94982600 -2.01793900 1.02610500
v -11.94982600 -2.01793900 1.02610500
v -12.01050300 -2.01793900 1.02610500
v -12.01050300 -2.01793900 1.02610500
v -12.00121600 -2.01072200 1.02193800
v -12.00121600 -2.01072200 1.02193800
v -11.94982600 -2.02569300 1.01267600
v -11.94982600 -2.02569300 1.01267600
v -11.95911400 -2.01847600 1.00850900
v -11.95911400 -2.01847600 1.00850900
v -12.00121600 -2.01847600 1.00850900
v -12.00121600 -2.01847600 1.00850900
v -12.01050300 -2.02569300 1.01267500
v -12.01050300 -2.02569300 1.01267500
v -12.01877400 -2.09584800 1.05065200
v -12.01877400 -2.09584800 1.05065200
v -12.01877400 -2.09584800 1.05065200
v -11.94155500 -2.09909800 1.05252900
v -11.94155500 -2.09909800 1.05252900
v -11.94155500 -2.09909800 1.05252900
v -11.94183500 -2.10409300 1.05541300
v -11.94183500 -2.10409300 1.05541300
v -11.94183500 -2.10409300 1.05541300
v -12.01905400 -2.10084300 1.05353600
v -12.01905400 -2.10084300 1.05353600
v -12.01905400 -2.10084300 1.05353600
v -11.95708100 -2.09302800 1.06679300
v -11.95708100 -2.09302800 1.06679300
v -11.95708100 -2.09302800 1.06679300
v -12.00354200 -2.09107200 1.06566400
v -12.00354200 -2.09107200 1.06566400
v -12.00354200 -2.09107200 1.06566400
v -11.95753400 -2.10330100 1.07272500
v -11.95753400 -2.10330100 1.07272500
v -12.00399500 -2.10134500 1.07159600
v -12.00399500 -2.10134500 1.07159600
v -11.96857100 -2.12063600 1.08273300
v -11.96857100 -2.12063600 1.08273300
v -11.96857100 -2.12063600 1.08273300
v -11.98164600 -2.12231000 1.08370000
v -11.98164600 -2.12231000 1.08370000
v -11.99452600 -2.11954300 1.08210200
v -11.99452600 -2.11954300 1.08210200
v -11.99452600 -2.11954300 1.08210200
v -11.96058700 -2.11429700 1.07907300
v -11.96058700 -2.11429700 1.07907300
v -11.96058700 -2.11429700 1.07907300
v -12.00192200 -2.11255700 1.07806900
v -12.00192200 -2.11255700 1.07806900
v -12.00192200 -2.11255700 1.07806900
v -12.01637100 -2.78384700 0.45043000
v -12.01637100 -2.78384700 0.45043000
v -12.01637100 -2.75454800 0.50117800
v -12.01637100 -2.75454800 0.50117800
v -12.01637100 -2.78052900 0.51617800
v -12.01637100 -2.78052900 0.51617800
v -12.01637100 -2.80982800 0.46543000
v -12.01637100 -2.80982800 0.46543000
v -11.99637100 -2.82714800 0.47543000
v -11.99637100 -2.82714800 0.47543000
v -11.99637100 -2.79784900 0.52617800
v -11.99637100 -2.79784900 0.52617800
v -11.96637200 -2.79784900 0.52617800
v -11.96637200 -2.79784900 0.52617800
v -11.96637100 -2.82714800 0.47543000
v -11.96637100 -2.82714800 0.47543000
v -11.94637100 -2.80982800 0.46543000
v -11.94637100 -2.80982800 0.46543000
v -11.94637100 -2.78052900 0.51617800
v -11.94637100 -2.78052900 0.51617800
v -11.94637100 -2.75454800 0.50117800
v -11.94637100 -2.75454800 0.50117800
v -11.94637100 -2.78384700 0.45043000
v -11.94637100 -2.78384700 0.45043000
v -11.96637100 -2.76652700 0.44043000
v -11.96637100 -2.76652700 0.44043000
v -11.96637100 -2.73722700 0.49117800
v -11.96637100 -2.73722700 0.49117800
v -11.99637100 -2.73722700 0.49117800
v -11.99637100 -2.73722700 0.49117800
v -11.99637100 -2.73722700 0.49117800
v -11.99637100 -2.76652700 0.44043000
v -11.99637100 -2.76652700 0.44043000
v -11.99637100 -2.76652700 0.44043000
v -11.99637100 -2.76320800 0.50617800
v -11.99637100 -2.76320800 0.50617800
v -11.99637200 -2.10320700 1.06485000
v -11.99637200 -2.10320700 1.06485000
v -11.99637200 -2.11186700 1.06985000
v -11.99637200 -2.11186700 1.06985000
v -11.99637100 -2.77186800 0.51117800
v -11.99637100 -2.77186800 0.51117800
v -11.98637100 -2.78052900 0.51617800
v -11.98637100 -2.78052900 0.51617800
v -11.98637200 -2.12052700 1.07485000
v -11.98637200 -2.12052700 1.07485000
v -11.97637200 -2.12052700 1.07485000
v -11.97637200 -2.12052700 1.07485000
v -11.97637100 -2.78052900 0.51617800
v -11.97637100 -2.78052900 0.51617800
v -11.96637200 -2.77186800 0.51117800
v -11.96637200 -2.77186800 0.51117800
v -11.96637200 -2.11186700 1.06985000
v -11.96637200 -2.11186700 1.06985000
v -11.96637200 -2.10320700 1.06485000
v -11.96637200 -2.10320700 1.06485000
v -11.96637100 -2.76320800 0.50617800
v -11.96637100 -2.76320800 0.50617800
v -11.97637100 -2.75454800 0.50117800
v -11.97637100 -2.75454800 0.50117800
v -11.97637200 -2.09454600 1.05985000
v -11.97637200 -2.09454600 1.05985000
v -11.98637200 -2.09454600 1.05985000
v -11.98637200 -2.09454600 1.05985000
v -11.98637200 -2.09454600 1.05985000
v -11.98637200 -2.09454600 1.05985000
v -11.98637100 -2.75454800 0.50117800
v -11.98637100 -2.75454800 0.50117800
v -11.98637100 -2.75454800 0.50117800
v -12.01414900 -2.77422500 0.44487400
v -12.01414900 -2.77422500 0.44487400
v -12.01414900 -2.74492500 0.49562200
v -12.01414900 -2.74492500 0.49562200
v -12.01414900 -2.79015100 0.52173300
v -12.01414900 -2.79015100 0.52173300
v -12.01414900 -2.81945000 0.47098500
v -12.01414900 -2.81945000 0.47098500
v -11.95526000 -2.79592500 0.52506700
v -11.95526000 -2.79592500 0.52506700
v -11.95526000 -2.82522400 0.47431900
v -11.95526000 -2.82522400 0.47431900
v -11.94859300 -2.74492500 0.49562300
v -11.94859300 -2.74492500 0.49562300
v -11.94859300 -2.77422500 0.44487400
v -11.94859300 -2.77422500 0.44487400
v -12.00748200 -2.76845100 0.44154100
v -12.00748200 -2.76845100 0.44154100
v -12.00748300 -2.73915100 0.49228900
v -12.00748300 -2.73915100 0.49228900
v -12.00748300 -2.79592500 0.52506700
v -12.00748300 -2.79592500 0.52506700
v -12.00748300 -2.82522400 0.47431800
v -12.00748300 -2.82522400 0.47431800
v -11.94859300 -2.79015100 0.52173400
v -11.94859300 -2.79015100 0.52173400
v -11.94859300 -2.81945100 0.47098500
v -11.94859300 -2.81945100 0.47098500
v -11.95526000 -2.73915200 0.49228900
v -11.95526000 -2.73915200 0.49228900
v -11.95525900 -2.76845100 0.44154100
v -11.95525900 -2.76845100 0.44154100
v -11.99526000 -2.75839700 0.50340000
v -11.99526000 -2.75839700 0.50340000
v -11.99526000 -2.09839500 1.06207300
v -11.99526000 -2.09839500 1.06207300
v -11.99526000 -2.11667800 1.07262800
v -11.99526000 -2.11667800 1.07262800
v -11.99526000 -2.77668000 0.51395600
v -11.99526000 -2.77668000 0.51395600
v -11.97081700 -2.11956500 1.07429500
v -11.97081700 -2.11956500 1.07429500
v -11.97081600 -2.77956600 0.51562200
v -11.97081600 -2.77956600 0.51562200
v -11.96748300 -2.09839500 1.06207300
v -11.96748300 -2.09839500 1.06207300
v -11.96748300 -2.75839700 0.50340000
v -11.96748300 -2.75839700 0.50340000
v -11.99192600 -2.75551000 0.50173400
v -11.99192600 -2.75551000 0.50173400
v -11.99192700 -2.09550900 1.06040600
v -11.99192700 -2.09550900 1.06040600
v -11.99192700 -2.11956500 1.07429500
v -11.99192700 -2.11956500 1.07429500
v -11.99192600 -2.77956600 0.51562200
v -11.99192600 -2.77956600 0.51562200
v -11.96748300 -2.11667800 1.07262800
v -11.96748300 -2.11667800 1.07262800
v -11.96748300 -2.77668000 0.51395600
v -11.96748300 -2.77668000 0.51395600
v -11.97081700 -2.09550900 1.06040600
v -11.97081700 -2.09550900 1.06040600
v -11.97081600 -2.75551000 0.50173400
v -11.97081600 -2.75551000 0.50173400
v -11.94261700 -2.07929300 0.96163500
v -11.94261700 -2.07929300 0.96163500
v -11.94764800 -2.09555100 0.97102200
v -11.94764800 -2.09555100 0.97102200
v -11.96139000 -2.10745300 0.97789300
v -11.96139000 -2.10745300 0.97789300
v -11.98016500 -2.11180900 0.98040800
v -11.98016500 -2.11180900 0.98040800
v -11.99893800 -2.10745300 0.97789300
v -11.99893800 -2.10745300 0.97789300
v -12.01268000 -2.09555100 0.97102100
v -12.01268000 -2.09555100 0.97102100
v -12.01771100 -2.07929300 0.96163500
v -12.01771100 -2.07929300 0.96163500
v -12.01268000 -2.06303500 0.95224800
v -12.01268000 -2.06303500 0.95224800
v -11.99893800 -2.05113300 0.94537700
v -11.99893800 -2.05113300 0.94537700
v -11.98016500 -2.04677700 0.94286200
v -11.98016500 -2.04677700 0.94286200
v -11.98016500 -2.04677700 0.94286200
v -11.96139000 -2.05113300 0.94537700
v -11.96139000 -2.05113300 0.94537700
v -11.94764800 -2.06303500 0.95224800
v -11.94764800 -2.06303500 0.95224800
v -11.94261700 -2.08970200 0.94360700
v -11.94261700 -2.08970200 0.94360700
v -11.94764800 -2.10596000 0.95299400
v -11.94764800 -2.10596000 0.95299400
v -11.96139000 -2.11786200 0.95986500
v -11.96139000 -2.11786200 0.95986500
v -11.98016500 -2.12221800 0.96238000
v -11.98016500 -2.12221800 0.96238000
v -11.99893800 -2.11786200 0.95986500
v -11.99893800 -2.11786200 0.95986500
v -12.01268000 -2.10596000 0.95299400
v -12.01268000 -2.10596000 0.95299400
v -12.01771100 -2.08970100 0.94360700
v -12.01771100 -2.08970100 0.94360700
v -12.01268000 -2.07344300 0.93422100
v -12.01268000 -2.07344300 0.93422100
v -11.99893800 -2.06154200 0.92734900
v -11.99893800 -2.06154200 0.92734900
v -11.98016400 -2.05718500 0.92483400
v -11.98016400 -2.05718500 0.92483400
v -11.98016400 -2.05718500 0.92483400
v -11.96139000 -2.06154200 0.92734900
v -11.96139000 -2.06154200 0.92734900
v -11.94764800 -2.07344300 0.93422100
v -11.94764800 -2.07344300 0.93422100
v -11.96790100 -1.86463100 2.12540700
v -11.96790100 -1.86463100 2.12540700
v -11.96790100 -1.86463100 2.12540700
v -11.96789600 -2.86462900 0.39335500
v -11.96789600 -2.86462900 0.39335500
v -11.96789600 -2.86462900 0.39335500
v -11.96790800 -3.85649000 3.27540500
v -11.96790800 -3.85649000 3.27540500
v -11.96790800 -3.85649000 3.27540500
v -11.96790400 -4.85648900 1.54335300
v -11.96790400 -4.85648900 1.54335300
v -11.96790400 -4.85648900 1.54335300
v -11.99486200 -1.86463100 2.12540700
v -11.99486200 -1.86463100 2.12540700
v -11.99486200 -1.86463100 2.12540700
v -11.99485800 -2.86462900 0.39335500
v -11.99485800 -2.86462900 0.39335500
v -11.99485800 -2.86462900 0.39335500
v -11.99486900 -3.85649000 3.27540500
v -11.99486900 -3.85649000 3.27540500
v -11.99486900 -3.85649000 3.27540500
v -11.99486500 -4.85648900 1.54335300
v -11.99486500 -4.85648900 1.54335300
v -11.99486500 -4.85648900 1.54335300
v -11.96790100 -1.90561200 2.11442600
v -11.96790100 -1.90561200 2.11442600
v -11.96790100 -1.90561200 2.11442600
v -11.96790800 -3.84551000 3.23442400
v -11.96790800 -3.84551000 3.23442400
v -11.96790800 -3.84551000 3.23442400
v -11.96790400 -4.81550800 1.55433400
v -11.96790400 -4.81550800 1.55433400
v -11.96790400 -4.81550800 1.55433400
v -11.96789600 -2.87561000 0.43433600
v -11.96789600 -2.87561000 0.43433600
v -11.96789600 -2.87561000 0.43433600
v -11.99486200 -1.90561200 2.11442600
v -11.99486200 -1.90561200 2.11442600
v -11.99486200 -1.90561200 2.11442600
v -11.99485800 -2.87561000 0.43433600
v -11.99485800 -2.87561000 0.43433600
v -11.99485800 -2.87561000 0.43433600
v -11.99486400 -4.81550800 1.55433400
v -11.99486400 -4.81550800 1.55433400
v -11.99486400 -4.81550800 1.55433400
v -11.99486900 -3.84551000 3.23442400
v -11.99486900 -3.84551000 3.23442400
v -11.99486900 -3.84551000 3.23442400
v -11.97868500 -1.90561200 2.11442600
v -11.97868500 -1.90561200 2.11442600
v -11.97868500 -1.90561200 2.11442600
v -11.97869200 -3.84551000 3.23442400
v -11.97869200 -3.84551000 3.23442400
v -11.97869200 -3.84551000 3.23442400
v -11.97868800 -4.81550800 1.55433400
v -11.97868800 -4.81550800 1.55433400
v -11.97868800 -4.81550800 1.55433400
v -11.97868200 -2.87561000 0.43433600
v -11.97868200 -2.87561000 0.43433600
v -11.97868200 -2.87561000 0.43433600
v -11.98407700 -1.90561200 2.11442600
v -11.98407700 -1.90561200 2.11442600
v -11.98407700 -1.90561200 2.11442600
v -11.98407400 -2.87561000 0.43433600
v -11.98407400 -2.87561000 0.43433600
v -11.98407400 -2.87561000 0.43433600
v -11.98408000 -4.81550800 1.55433400
v -11.98408000 -4.81550800 1.55433400
v -11.98408000 -4.81550800 1.55433400
v -11.98408500 -3.84551000 3.23442400
v -11.98408500 -3.84551000 3.23442400
v -11.98408500 -3.84551000 3.23442400
v -11.96790400 -3.91188900 3.30738900
v -11.96790400 -3.91188900 3.30738900
v -11.96790400 -3.91188900 3.30738900
v -11.96789900 -4.91188700 1.57533700
v -11.96789900 -4.91188700 1.57533700
v -11.96789900 -4.91188700 1.57533700
v -11.96791100 -5.90374900 4.45738700
v -11.96791100 -5.90374900 4.45738700
v -11.96791100 -5.90374900 4.45738700
v -11.96790700 -6.90374700 2.72533500
v -11.96790700 -6.90374700 2.72533500
v -11.96790700 -6.90374700 2.72533500
v -11.99486500 -3.91188900 3.30738900
v -11.99486500 -3.91188900 3.30738900
v -11.99486500 -3.91188900 3.30738900
v -11.99486100 -4.91188700 1.57533700
v -11.99486100 -4.91188700 1.57533700
v -11.99486100 -4.91188700 1.57533700
v -11.99487200 -5.90374900 4.45738700
v -11.99487200 -5.90374900 4.45738700
v -11.99487200 -5.90374900 4.45738700
v -11.99486800 -6.90374700 2.72533500
v -11.99486800 -6.90374700 2.72533500
v -11.99486800 -6.90374700 2.72533500
v -11.96790400 -3.95286900 3.29640800
v -11.96790400 -3.95286900 3.29640800
v -11.96790400 -3.95286900 3.29640800
v -11.96791100 -5.89276700 4.41640600
v -11.96791100 -5.89276700 4.41640600
v -11.96791100 -5.89276700 4.41640600
v -11.96790700 -6.86276500 2.73631600
v -11.96790700 -6.86276500 2.73631600
v -11.96790700 -6.86276500 2.73631600
v -11.96789900 -4.92286800 1.61631800
v -11.96789900 -4.92286800 1.61631800
v -11.96789900 -4.92286800 1.61631800
v -11.99486500 -3.95286900 3.29640800
v -11.99486500 -3.95286900 3.29640800
v -11.99486500 -3.95286900 3.29640800
v -11.99486100 -4.92286800 1.61631800
v -11.99486100 -4.92286800 1.61631800
v -11.99486100 -4.92286800 1.61631800
v -11.99486800 -6.86276500 2.73631600
v -11.99486800 -6.86276500 2.73631600
v -11.99486800 -6.86276500 2.73631600
v -11.99487200 -5.89276700 4.41640600
v -11.99487200 -5.89276700 4.41640600
v -11.99487200 -5.89276700 4.41640600
v -11.97868800 -3.95286900 3.29640800
v -11.97868800 -3.95286900 3.29640800
v -11.97868800 -3.95286900 3.29640800
v -11.97869600 -5.89276700 4.41640600
v -11.97869600 -5.89276700 4.41640600
v -11.97869600 -5.89276700 4.41640600
v -11.97869100 -6.86276500 2.73631600
v -11.97869100 -6.86276500 2.73631600
v -11.97869100 -6.86276500 2.73631600
v -11.97868400 -4.92286800 1.61631800
v -11.97868400 -4.92286800 1.61631800
v -11.97868400 -4.92286800 1.61631800
v -11.98408000 -3.95286900 3.29640800
v -11.98408000 -3.95286900 3.29640800
v -11.98408000 -3.95286900 3.29640800
v -11.98407600 -4.92286800 1.61631800
v -11.98407600 -4.92286800 1.61631800
v -11.98407600 -4.92286800 1.61631800
v -11.98408300 -6.86276500 2.73631600
v -11.98408300 -6.86276500 2.73631600
v -11.98408300 -6.86276500 2.73631600
v -11.98408800 -5.89276700 4.41640600
v -11.98408800 -5.89276700 4.41640600
v -11.98408800 -5.89276700 4.41640600
v -11.96791500 -5.95915200 4.48937400
v -11.96791500 -5.95915200 4.48937400
v -11.96791500 -5.95915200 4.48937400
v -11.96791000 -6.95914900 2.75732200
v -11.96791000 -6.95914900 2.75732200
v -11.96791000 -6.95914900 2.75732200
v -11.96792100 -7.95101200 5.63937200
v -11.96792100 -7.95101200 5.63937200
v -11.96792100 -7.95101200 5.63937200
v -11.96791700 -8.95100900 3.90732000
v -11.96791700 -8.95100900 3.90732000
v -11.96791700 -8.95100900 3.90732000
v -11.99487500 -5.95915200 4.48937400
v -11.99487500 -5.95915200 4.48937400
v -11.99487500 -5.95915200 4.48937400
v -11.99487100 -6.95914900 2.75732200
v -11.99487100 -6.95914900 2.75732200
v -11.99487100 -6.95914900 2.75732200
v -11.99488300 -7.95101200 5.63937200
v -11.99488300 -7.95101200 5.63937200
v -11.99488300 -7.95101200 5.63937200
v -11.99487900 -8.95100900 3.90732000
v -11.99487900 -8.95100900 3.90732000
v -11.99487900 -8.95100900 3.90732000
v -11.96791500 -6.00013300 4.47839400
v -11.96791500 -6.00013300 4.47839400
v -11.96791500 -6.00013300 4.47839400
v -11.96792100 -7.94003100 5.59839200
v -11.96792100 -7.94003100 5.59839200
v -11.96792100 -7.94003100 5.59839200
v -11.96791700 -8.91002800 3.91830100
v -11.96791700 -8.91002800 3.91830100
v -11.96791700 -8.91002800 3.91830100
v -11.96791000 -6.97013100 2.79830300
v -11.96791000 -6.97013100 2.79830300
v -11.96791000 -6.97013100 2.79830300
v -11.99487500 -6.00013300 4.47839400
v -11.99487500 -6.00013300 4.47839400
v -11.99487500 -6.00013300 4.47839400
v -11.99487100 -6.97013100 2.79830300
v -11.99487100 -6.97013100 2.79830300
v -11.99487100 -6.97013100 2.79830300
v -11.99487900 -8.91002800 3.91830100
v -11.99487900 -8.91002800 3.91830100
v -11.99487900 -8.91002800 3.91830100
v -11.99488300 -7.94003100 5.59839200
v -11.99488300 -7.94003100 5.59839200
v -11.99488300 -7.94003100 5.59839200
v -11.97869900 -6.00013300 4.47839400
v -11.97869900 -6.00013300 4.47839400
v -11.97869900 -6.00013300 4.47839400
v -11.97870500 -7.94003100 5.59839200
v -11.97870500 -7.94003100 5.59839200
v -11.97870500 -7.94003100 5.59839200
v -11.97870200 -8.91002800 3.91830100
v -11.97870200 -8.91002800 3.91830100
v -11.97870200 -8.91002800 3.91830100
v -11.97869500 -6.97013100 2.79830300
v -11.97869500 -6.97013100 2.79830300
v -11.97869500 -6.97013100 2.79830300
v -11.98409100 -6.00013300 4.47839400
v -11.98409100 -6.00013300 4.47839400
v -11.98409100 -6.00013300 4.47839400
v -11.98408700 -6.97013100 2.79830300
v -11.98408700 -6.97013100 2.79830300
v -11.98408700 -6.97013100 2.79830300
v -11.98409400 -8.91002800 3.91830100
v -11.98409400 -8.91002800 3.91830100
v -11.98409400 -8.91002800 3.91830100
v -11.98409800 -7.94003100 5.59839200
v -11.98409800 -7.94003100 5.59839200
v -11.98409800 -7.94003100 5.59839200
v -11.97032500 -4.83385800 1.57409300
v -11.97032500 -4.83385800 1.57409300
v -11.97032500 -4.79541600 1.64067500
v -11.97032500 -4.79541600 1.64067500
v -11.97032500 -4.89551500 1.60969200
v -11.97032500 -4.89551500 1.60969200
v -11.97032500 -4.85707500 1.67627300
v -11.97032500 -4.85707500 1.67627300
v -11.99243800 -4.83385800 1.57409300
v -11.99243800 -4.83385800 1.57409300
v -11.99243900 -4.79541600 1.64067500
v -11.99243900 -4.79541600 1.64067500
v -11.99243900 -4.89551500 1.60969200
v -11.99243900 -4.89551500 1.60969200
v -11.99243900 -4.85707500 1.67627300
v -11.99243900 -4.85707500 1.67627300
v -11.96638100 -4.87217500 1.57892000
v -11.96638100 -4.87217500 1.57892000
v -11.96839100 -4.87867100 1.58267000
v -11.96839100 -4.87867100 1.58267000
v -11.97388200 -4.88342600 1.58541500
v -11.97388200 -4.88342600 1.58541500
v -11.98138100 -4.88516600 1.58642000
v -11.98138100 -4.88516600 1.58642000
v -11.98888100 -4.88342600 1.58541500
v -11.98888100 -4.88342600 1.58541500
v -11.99437200 -4.87867100 1.58267000
v -11.99437200 -4.87867100 1.58267000
v -11.99638200 -4.87217500 1.57892000
v -11.99638200 -4.87217500 1.57892000
v -11.99437200 -4.86568100 1.57517000
v -11.99437200 -4.86568100 1.57517000
v -11.98888100 -4.86092600 1.57242500
v -11.98888100 -4.86092600 1.57242500
v -11.98138100 -4.85918500 1.57142000
v -11.98138100 -4.85918500 1.57142000
v -11.98138100 -4.85918500 1.57142000
v -11.97388200 -4.86092600 1.57242500
v -11.97388200 -4.86092600 1.57242500
v -11.96839100 -4.86568100 1.57517000
v -11.96839100 -4.86568100 1.57517000
v -11.96638200 -4.74714900 1.79547500
v -11.96638200 -4.74714900 1.79547500
v -11.96839100 -4.75364300 1.79922400
v -11.96839100 -4.75364300 1.79922400
v -11.97388200 -4.75839800 1.80197000
v -11.97388200 -4.75839800 1.80197000
v -11.98138200 -4.76013900 1.80297500
v -11.98138200 -4.76013900 1.80297500
v -11.98888200 -4.75839800 1.80197000
v -11.98888200 -4.75839800 1.80197000
v -11.99437200 -4.75364300 1.79922400
v -11.99437200 -4.75364300 1.79922400
v -11.99638200 -4.74714900 1.79547500
v -11.99638200 -4.74714900 1.79547500
v -11.99437200 -4.74065300 1.79172500
v -11.99437200 -4.74065300 1.79172500
v -11.98888200 -4.73589800 1.78897900
v -11.98888200 -4.73589800 1.78897900
v -11.98138200 -4.73415800 1.78797500
v -11.98138200 -4.73415800 1.78797500
v -11.98138200 -4.73415800 1.78797500
v -11.97388200 -4.73589800 1.78897900
v -11.97388200 -4.73589800 1.78897900
v -11.96839100 -4.74065300 1.79172500
v -11.96839100 -4.74065300 1.79172500
v -11.97032500 -4.76224900 1.69812200
v -11.97032500 -4.76224900 1.69812200
v -11.97032500 -4.72380900 1.76470400
v -11.97032500 -4.72380900 1.76470400
v -11.97032500 -4.82390700 1.73372000
v -11.97032500 -4.82390700 1.73372000
v -11.97032500 -4.78546600 1.80030200
v -11.97032500 -4.78546600 1.80030200
v -11.99243900 -4.76224900 1.69812200
v -11.99243900 -4.76224900 1.69812200
v -11.99243900 -4.72380900 1.76470400
v -11.99243900 -4.72380900 1.76470400
v -11.99243900 -4.82390700 1.73372000
v -11.99243900 -4.82390700 1.73372000
v -11.99243900 -4.78546600 1.80030200
v -11.99243900 -4.78546600 1.80030200
v -11.97032900 -5.91905400 4.42241600
v -11.97032900 -5.91905400 4.42241600
v -11.97032900 -5.95749500 4.35583400
v -11.97032900 -5.95749500 4.35583400
v -11.97032900 -5.98071200 4.45801400
v -11.97032900 -5.98071200 4.45801400
v -11.97032900 -6.01915300 4.39143300
v -11.97032900 -6.01915300 4.39143300
v -11.99244400 -5.91905400 4.42241600
v -11.99244400 -5.91905400 4.42241600
v -11.99244400 -5.95749500 4.35583400
v -11.99244400 -5.95749500 4.35583400
v -11.99244400 -5.98071200 4.45801400
v -11.99244400 -5.98071200 4.45801400
v -11.99244400 -6.01915300 4.39143300
v -11.99244400 -6.01915300 4.39143300
v -11.96638700 -5.94239300 4.45318700
v -11.96638700 -5.94239300 4.45318700
v -11.96839600 -5.94888900 4.45693700
v -11.96839600 -5.94888900 4.45693700
v -11.97388600 -5.95364300 4.45968200
v -11.97388600 -5.95364300 4.45968200
v -11.98138700 -5.95538400 4.46068700
v -11.98138700 -5.95538400 4.46068700
v -11.98888700 -5.95364300 4.45968200
v -11.98888700 -5.95364300 4.45968200
v -11.99437700 -5.94888800 4.45693700
v -11.99437700 -5.94888800 4.45693700
v -11.99638700 -5.94239300 4.45318700
v -11.99638700 -5.94239300 4.45318700
v -11.99437700 -5.93589800 4.44943700
v -11.99437700 -5.93589800 4.44943700
v -11.98888700 -5.93114300 4.44669200
v -11.98888700 -5.93114300 4.44669200
v -11.98138700 -5.92940300 4.44568700
v -11.98138700 -5.92940300 4.44568700
v -11.98138700 -5.92940300 4.44568700
v -11.97388600 -5.93114300 4.44669200
v -11.97388600 -5.93114300 4.44669200
v -11.96839600 -5.93589800 4.44943700
v -11.96839600 -5.93589800 4.44943700
v -11.96638600 -6.06742100 4.23663300
v -11.96638600 -6.06742100 4.23663300
v -11.96839600 -6.07391500 4.24038300
v -11.96839600 -6.07391500 4.24038300
v -11.97388600 -6.07867100 4.24312800
v -11.97388600 -6.07867100 4.24312800
v -11.98138600 -6.08041100 4.24413300
v -11.98138600 -6.08041100 4.24413300
v -11.98888600 -6.07867100 4.24312800
v -11.98888600 -6.07867100 4.24312800
v -11.99437600 -6.07391500 4.24038300
v -11.99437600 -6.07391500 4.24038300
v -11.99638700 -6.06742100 4.23663300
v -11.99638700 -6.06742100 4.23663300
v -11.99437600 -6.06092500 4.23288300
v -11.99437600 -6.06092500 4.23288300
v -11.98888600 -6.05617000 4.23013800
v -11.98888600 -6.05617000 4.23013800
v -11.98138600 -6.05443000 4.22913300
v -11.98138600 -6.05443000 4.22913300
v -11.98138600 -6.05443000 4.22913300
v -11.97388600 -6.05617000 4.23013800
v -11.97388600 -6.05617000 4.23013800
v -11.96839600 -6.06092500 4.23288300
v -11.96839600 -6.06092500 4.23288300
v -11.97032900 -5.99066200 4.29838800
v -11.97032900 -5.99066200 4.29838800
v -11.97032800 -6.02910200 4.23180600
v -11.97032800 -6.02910200 4.23180600
v -11.97032900 -6.05232000 4.33398600
v -11.97032900 -6.05232000 4.33398600
v -11.97032900 -6.09076000 4.26740400
v -11.97032900 -6.09076000 4.26740400
v -11.99244300 -5.99066200 4.29838800
v -11.99244300 -5.99066200 4.29838800
v -11.99244300 -6.02910200 4.23180600
v -11.99244300 -6.02910200 4.23180600
v -11.99244400 -6.05232000 4.33398600
v -11.99244400 -6.05232000 4.33398600
v -11.99244400 -6.09076000 4.26740400
v -11.99244400 -6.09076000 4.26740400
v -11.97033200 -6.88112000 2.75607800
v -11.97033200 -6.88112000 2.75607800
v -11.97033200 -6.84267900 2.82266000
v -11.97033200 -6.84267900 2.82266000
v -11.97033200 -6.94277900 2.79167700
v -11.97033200 -6.94277900 2.79167700
v -11.97033200 -6.90433800 2.85825800
v -11.97033200 -6.90433800 2.85825800
v -11.99244700 -6.88112000 2.75607800
v -11.99244700 -6.88112000 2.75607800
v -11.99244700 -6.84267900 2.82266000
v -11.99244700 -6.84267900 2.82266000
v -11.99244700 -6.94277900 2.79167700
v -11.99244700 -6.94277900 2.79167700
v -11.99244700 -6.90433800 2.85825800
v -11.99244700 -6.90433800 2.85825800
v -11.96639000 -6.91943800 2.76090500
v -11.96639000 -6.91943800 2.76090500
v -11.96839900 -6.92593300 2.76465500
v -11.96839900 -6.92593300 2.76465500
v -11.97388900 -6.93068800 2.76740100
v -11.97388900 -6.93068800 2.76740100
v -11.98138900 -6.93242800 2.76840500
v -11.98138900 -6.93242800 2.76840500
v -11.98889000 -6.93068800 2.76740100
v -11.98889000 -6.93068800 2.76740100
v -11.99438000 -6.92593300 2.76465500
v -11.99438000 -6.92593300 2.76465500
v -11.99638900 -6.91943800 2.76090500
v -11.99638900 -6.91943800 2.76090500
v -11.99438000 -6.91294300 2.75715500
v -11.99438000 -6.91294300 2.75715500
v -11.98889000 -6.90818800 2.75441000
v -11.98889000 -6.90818800 2.75441000
v -11.98138900 -6.90644700 2.75340500
v -11.98138900 -6.90644700 2.75340500
v -11.98138900 -6.90644700 2.75340500
v -11.97388900 -6.90818800 2.75441000
v -11.97388900 -6.90818800 2.75441000
v -11.96839900 -6.91294300 2.75715500
v -11.96839900 -6.91294300 2.75715500
v -11.96639000 -6.79441100 2.97746000
v -11.96639000 -6.79441100 2.97746000
v -11.96840000 -6.80090600 2.98121000
v -11.96840000 -6.80090600 2.98121000
v -11.97389000 -6.80566100 2.98395500
v -11.97389000 -6.80566100 2.98395500
v -11.98139000 -6.80740200 2.98496000
v -11.98139000 -6.80740200 2.98496000
v -11.98889000 -6.80566100 2.98395500
v -11.98889000 -6.80566100 2.98395500
v -11.99438000 -6.80090600 2.98121000
v -11.99438000 -6.80090600 2.98121000
v -11.99639000 -6.79441100 2.97746000
v -11.99639000 -6.79441100 2.97746000
v -11.99438000 -6.78791600 2.97371000
v -11.99438000 -6.78791600 2.97371000
v -11.98889000 -6.78316100 2.97096500
v -11.98889000 -6.78316100 2.97096500
v -11.98139000 -6.78142100 2.96996000
v -11.98139000 -6.78142100 2.96996000
v -11.98139000 -6.78142100 2.96996000
v -11.97389000 -6.78316100 2.97096500
v -11.97389000 -6.78316100 2.97096500
v -11.96840000 -6.78791600 2.97371000
v -11.96840000 -6.78791600 2.97371000
v -11.97033200 -6.80951200 2.88010700
v -11.97033200 -6.80951200 2.88010700
v -11.97033200 -6.77107100 2.94668900
v -11.97033200 -6.77107100 2.94668900
v -11.97033300 -6.87117000 2.91570500
v -11.97033300 -6.87117000 2.91570500
v -11.97033300 -6.83272900 2.98228700
v -11.97033300 -6.83272900 2.98228700
v -11.99244700 -6.80951200 2.88010700
v -11.99244700 -6.80951200 2.88010700
v -11.99244700 -6.77107100 2.94668900
v -11.99244700 -6.77107100 2.94668900
v -11.99244700 -6.87117000 2.91570500
v -11.99244700 -6.87117000 2.91570500
v -11.99244800 -6.83272900 2.98228700
v -11.99244800 -6.83272900 2.98228700
v -11.97033500 -3.87179600 3.24043500
v -11.97033500 -3.87179600 3.24043500
v -11.97033400 -3.91023700 3.17385300
v -11.97033400 -3.91023700 3.17385300
v -11.97033500 -3.93345400 3.27603300
v -11.97033500 -3.93345400 3.27603300
v -11.97033500 -3.97189500 3.20945200
v -11.97033500 -3.97189500 3.20945200
v -11.99244900 -3.87179600 3.24043500
v -11.99244900 -3.87179600 3.24043500
v -11.99244900 -3.91023700 3.17385300
v -11.99244900 -3.91023700 3.17385300
v -11.99245000 -3.93345400 3.27603300
v -11.99245000 -3.93345400 3.27603300
v -11.99245000 -3.97189500 3.20945200
v -11.99245000 -3.97189500 3.20945200
v -11.96639300 -3.89513600 3.27120600
v -11.96639300 -3.89513600 3.27120600
v -11.96840200 -3.90163100 3.27495600
v -11.96840200 -3.90163100 3.27495600
v -11.97389200 -3.90638500 3.27770100
v -11.97389200 -3.90638500 3.27770100
v -11.98139200 -3.90812600 3.27870600
v -11.98139200 -3.90812600 3.27870600
v -11.98889300 -3.90638500 3.27770100
v -11.98889300 -3.90638500 3.27770100
v -11.99438300 -3.90163000 3.27495600
v -11.99438300 -3.90163000 3.27495600
v -11.99639200 -3.89513500 3.27120600
v -11.99639200 -3.89513500 3.27120600
v -11.99438300 -3.88864000 3.26745600
v -11.99438300 -3.88864000 3.26745600
v -11.98889300 -3.88388600 3.26471100
v -11.98889300 -3.88388600 3.26471100
v -11.98139200 -3.88214500 3.26370600
v -11.98139200 -3.88214500 3.26370600
v -11.98139200 -3.88214500 3.26370600
v -11.97389200 -3.88388600 3.26471100
v -11.97389200 -3.88388600 3.26471100
v -11.96840200 -3.88864000 3.26745600
v -11.96840200 -3.88864000 3.26745600
v -11.96639200 -4.02016300 3.05465100
v -11.96639200 -4.02016300 3.05465100
v -11.96840100 -4.02665800 3.05840200
v -11.96840100 -4.02665800 3.05840200
v -11.97389100 -4.03141300 3.06114700
v -11.97389100 -4.03141300 3.06114700
v -11.98139200 -4.03315300 3.06215100
v -11.98139200 -4.03315300 3.06215100
v -11.98889200 -4.03141300 3.06114700
v -11.98889200 -4.03141300 3.06114700
v -11.99438200 -4.02665800 3.05840200
v -11.99438200 -4.02665800 3.05840200
v -11.99639100 -4.02016300 3.05465100
v -11.99639100 -4.02016300 3.05465100
v -11.99438200 -4.01366800 3.05090100
v -11.99438200 -4.01366800 3.05090100
v -11.98889200 -4.00891300 3.04815600
v -11.98889200 -4.00891300 3.04815600
v -11.98139200 -4.00717300 3.04715200
v -11.98139200 -4.00717300 3.04715200
v -11.98139200 -4.00717300 3.04715200
v -11.97389100 -4.00891300 3.04815600
v -11.97389100 -4.00891300 3.04815600
v -11.96840100 -4.01366800 3.05090100
v -11.96840100 -4.01366800 3.05090100
v -11.97033400 -3.94340400 3.11640600
v -11.97033400 -3.94340400 3.11640600
v -11.97033400 -3.98184500 3.04982500
v -11.97033400 -3.98184500 3.04982500
v -11.97033500 -4.00506200 3.15200400
v -11.97033500 -4.00506200 3.15200400
v -11.97033500 -4.04350200 3.08542300
v -11.97033500 -4.04350200 3.08542300
v -11.99244900 -3.94340400 3.11640600
v -11.99244900 -3.94340400 3.11640600
v -11.99244900 -3.98184500 3.04982500
v -11.99244900 -3.98184500 3.04982500
v -11.99245000 -4.00506200 3.15200400
v -11.99245000 -4.00506200 3.15200400
v -11.99244900 -4.04350200 3.08542300
v -11.99244900 -4.04350200 3.08542300
vn 1.00000000 -0.00000000 -0.00000000
vn 0.86600000 -0.43300000 0.25000000
vn 0.50000000 -0.75000000 0.43300000
vn -0.00000000 -0.86600000 0.50000000
vn -0.50000000 -0.75000000 0.43300000
vn -0.86600000 -0.43300000 0.25000000
vn -1.00000000 -0.00000000 -0.00000000
vn -0.86600000 0.43300000 -0.25000000
vn -0.50000000 0.75000000 -0.43300000
vn -0.00000000 0.86600000 -0.50000000
vn -0.00000000 0.86600000 -0.50000000
vn 0.50000000 0.75000000 -0.43300000
vn 0.86600000 0.43300000 -0.25000000
vn 1.00000000 -0.00000000 -0.00000000
vn 0.86600000 -0.43300000 0.25000000
vn 0.50000000 -0.75000000 0.43300000
vn -0.00000000 -0.86600000 0.50000000
vn -0.86600000 -0.43300000 0.25000000
vn -1.00000000 -0.00000000 -0.00000000
vn -0.50000000 0.75000000 -0.43300000
vn 0.50000000 0.75000000 -0.43300000
vn -0.00000000 0.50000000 0.86600000
vn 0.97580000 -0.18940000 0.10940000
vn -0.00000000 -0.50000000 -0.86600000
vn 0.97580000 -0.18940000 0.10940000
vn 0.97580000 -0.18940000 0.10940000
vn -0.00000000 -0.86600000 0.50000000
vn -0.00000000 0.50000000 0.86600000
vn -0.00000000 -0.50000000 -0.86600000
vn 0.97580000 -0.18940000 0.10940000
vn -0.00000000 -0.86600000 0.50000000
vn -0.00000000 0.50000000 0.86600000
vn -0.98720000 -0.13810000 0.07970000
vn -0.98720000 -0.13810000 0.07970000
vn -0.00000000 -0.50000000 -0.86600000
vn -0.00000000 0.50000000 0.86600000
vn -0.09220000 -0.86230000 0.49790000
vn -0.09210000 -0.86230000 0.49790000
vn -0.00000000 -0.50000000 -0.86600000
vn -0.00000000 0.50000000 0.86600000
vn -0.95980000 -0.24310000 0.14040000
vn -0.00000000 -0.50000000 -0.86600000
vn -0.95980000 -0.24310000 0.14040000
vn -0.79410000 -0.52640000 0.30390000
vn -0.00000000 0.50000000 0.86600000
vn -0.41590000 -0.78760000 0.45470000
vn -0.00000000 0.50000000 0.86600000
vn -0.00000000 -0.50000000 -0.86600000
vn -0.41580000 -0.78760000 0.45470000
vn -0.00000000 -0.50000000 -0.86600000
vn -0.79410000 -0.52640000 0.30390000
vn 0.99400000 0.09480000 -0.05470000
vn -0.00000000 0.50000000 0.86600000
vn -0.00000000 0.50000000 0.86600000
vn 1.00000000 -0.00000000 -0.00000000
vn -0.00000000 -0.50000000 -0.86600000
vn 1.00000000 -0.00000000 -0.00000000
vn -0.00000000 -0.50000000 -0.86600000
vn 0.99400000 0.09480000 -0.05470000
vn -0.08870000 0.86260000 -0.49800000
vn -0.00000000 0.50000000 0.86600000
vn -0.08870000 0.86260000 -0.49800000
vn -0.00000000 -0.50000000 -0.86600000
vn -0.00000000 -0.50000000 -0.86600000
vn -1.00000000 -0.00000000 -0.00000000
vn -0.00000000 0.50000000 0.86600000
vn -1.00000000 -0.00000000 -0.00000000
vn -0.00000000 0.50000000 0.86600000
vn 0.08870000 0.86260000 -0.49800000
vn 0.08870000 0.86260000 -0.49800000
vn -0.00000000 -0.50000000 -0.86600000
vn -0.00000000 0.50000000 0.86600000
vn -0.99400000 0.09480000 -0.05470000
vn -0.00000000 -0.50000000 -0.86600000
vn -0.99400000 0.09470000 -0.05470000
vn -0.99400000 0.09480000 -0.05470000
vn 0.86310000 0.43730000 -0.25250000
vn -0.00000000 0.50000000 0.86600000
vn -0.00000000 0.50000000 0.86600000
vn 0.43900000 0.77810000 -0.44920000
vn -0.00000000 -0.50000000 -0.86600000
vn 0.43900000 0.77810000 -0.44930000
vn 0.86310000 0.43740000 -0.25250000
vn -0.00000000 -0.50000000 -0.86600000
vn -0.43900000 0.77810000 -0.44930000
vn -0.00000000 0.50000000 0.86600000
vn -0.00000000 0.50000000 0.86600000
vn -0.86310000 0.43740000 -0.25250000
vn -0.86310000 0.43730000 -0.25250000
vn -0.00000000 -0.50000000 -0.86600000
vn -0.43900000 0.77810000 -0.44930000
vn -0.00000000 -0.50000000 -0.86600000
vn 0.99880000 -0.04200000 0.02430000
vn -0.00000000 0.50000000 0.86600000
vn -0.14910000 -0.90240000 0.40430000
vn -0.99880000 0.04200000 -0.02430000
vn -0.00000000 0.50000000 0.86600000
vn 0.05310000 -0.91100000 0.40900000
vn 0.15270000 -0.85590000 0.49410000
vn -0.99880000 0.04200000 -0.02430000
vn 0.99880000 -0.04200000 0.02430000
vn -0.24740000 -0.83910000 0.48450000
vn 0.04850000 0.86500000 -0.49940000
vn -0.00000000 0.50000000 0.86600000
vn 0.99880000 -0.04200000 0.02430000
vn -0.00000000 0.50000000 0.86600000
vn 0.04850000 0.86500000 -0.49940000
vn -0.99880000 0.04200000 -0.02430000
vn -0.99880000 0.04200000 -0.02430000
vn 0.04850000 0.86500000 -0.49940000
vn 0.99880000 -0.04200000 0.02430000
vn 0.04850000 0.86500000 -0.49940000
vn -0.24740000 -0.83910000 0.48450000
vn 0.99930000 -0.03310000 0.01910000
vn -0.14890000 -0.90250000 0.40410000
vn -0.00000000 0.50000000 0.86600000
vn 0.99930000 -0.03310000 0.01910000
vn -0.99930000 0.03310000 -0.01910000
vn 0.05310000 -0.91100000 0.40910000
vn -0.00000000 0.50000000 0.86600000
vn -0.99930000 0.03310000 -0.01910000
vn 0.15270000 -0.85590000 0.49410000
vn 0.99060000 -0.11830000 0.06830000
vn 0.99060000 -0.11830000 0.06830000
vn -0.00000000 0.50000000 0.86600000
vn -0.00000000 0.50000000 0.86600000
vn -0.99820000 -0.05220000 0.03010000
vn -0.99820000 -0.05220000 0.03010000
vn -0.00000000 0.50000000 0.86600000
vn -0.04820000 -0.86500000 0.49940000
vn -0.04820000 -0.86500000 0.49940000
vn 0.67580000 -0.63830000 0.36860000
vn 0.97230000 -0.20250000 0.11690000
vn 0.67580000 -0.63830000 0.36860000
vn 0.14630000 -0.85670000 0.49460000
vn 0.67580000 -0.63830000 0.36860000
vn -0.00000000 0.50000000 0.86600000
vn 0.14630000 -0.85670000 0.49460000
vn 0.97230000 -0.20250000 0.11690000
vn -0.00000000 0.50000000 0.86600000
vn 0.67580000 -0.63830000 0.36860000
vn -0.98740000 -0.13700000 0.07910000
vn -0.00000000 0.50000000 0.86600000
vn -0.73710000 -0.58520000 0.33790000
vn -0.73710000 -0.58520000 0.33790000
vn -0.24080000 -0.84050000 0.48530000
vn -0.00000000 0.50000000 0.86600000
vn -0.73710000 -0.58520000 0.33790000
vn -0.98740000 -0.13700000 0.07910000
vn -0.24080000 -0.84050000 0.48530000
vn -0.73710000 -0.58520000 0.33790000
vn -0.00000000 -0.50000000 -0.86600000
vn -0.09480000 0.97960000 -0.17710000
vn -0.09480000 0.97960000 -0.17710000
vn -0.00000000 -0.50000000 -0.86600000
vn -0.99190000 -0.12520000 0.02260000
vn 0.09090000 -0.98000000 0.17720000
vn -0.00000000 -0.50000000 -0.86600000
vn -0.00000000 -0.50000000 -0.86600000
vn 0.99660000 0.08050000 -0.01460000
vn -0.09090000 0.98000000 -0.17720000
vn -0.09090000 0.98000000 -0.17720000
vn -0.09850000 0.86180000 -0.49760000
vn -0.09850000 0.86180000 -0.49760000
vn -0.99510000 -0.08530000 0.04930000
vn -0.99660000 -0.08050000 0.01460000
vn 0.09850000 -0.86180000 0.49760000
vn 0.09480000 -0.97960000 0.17710000
vn 0.99190000 0.12520000 -0.02260000
vn 0.99510000 0.08530000 -0.04930000
vn -0.09850000 0.86180000 -0.49760000
vn -0.09850000 0.86180000 -0.49760000
vn -0.09850000 0.86180000 -0.49760000
vn -0.09850000 0.86180000 -0.49760000
vn -0.99510000 -0.08530000 0.04930000
vn -0.99510000 -0.08530000 0.04930000
vn 0.09850000 -0.86180000 0.49760000
vn 0.09850000 -0.86180000 0.49760000
vn 0.99510000 0.08530000 -0.04930000
vn 0.99510000 0.08530000 -0.04930000
vn -0.99510000 0.08530000 -0.04930000
vn -0.00000000 -0.50000000 -0.86600000
vn -0.00000000 -0.50000000 -0.86600000
vn -0.09850000 -0.86180000 0.49760000
vn -0.00000000 -0.50000000 -0.86600000
vn 0.99510000 -0.08530000 0.04930000
vn 0.09850000 0.86180000 -0.49760000
vn -0.00000000 -0.50000000 -0.86600000
vn -0.00000000 0.50000000 0.86600000
vn -0.99510000 -0.08530000 0.04930000
vn -0.09850000 0.86180000 -0.49760000
vn -0.00000000 0.50000000 0.86600000
vn -0.09850000 0.86180000 -0.49760000
vn 0.99510000 0.08530000 -0.04930000
vn -0.00000000 0.50000000 0.86600000
vn 0.09850000 -0.86180000 0.49760000
vn -0.00000000 0.50000000 0.86600000
vn -0.00000000 -0.50000000 -0.86600000
vn -0.09850000 0.86180000 -0.49760000
vn -0.09850000 0.86180000 -0.49760000
vn -0.00000000 -0.50000000 -0.86600000
vn -0.99510000 -0.08530000 0.04930000
vn 0.09850000 -0.86180000 0.49760000
vn -0.00000000 -0.50000000 -0.86600000
vn 0.99510000 0.08530000 -0.04930000
vn -0.00000000 -0.50000000 -0.86600000
vn -0.00000000 0.50000000 0.86600000
vn -0.09850000 -0.86180000 0.49760000
vn -0.99510000 0.08530000 -0.04930000
vn -0.00000000 0.50000000 0.86600000
vn -0.00000000 0.50000000 0.86600000
vn 0.09850000 0.86180000 -0.49760000
vn -0.00000000 0.50000000 0.86600000
vn 0.99510000 -0.08530000 0.04930000
vn -0.88170000 0.40860000 -0.23590000
vn -0.00000000 -0.50000000 -0.86600000
vn -0.47190000 0.76360000 -0.44080000
vn -0.00000000 -0.50000000 -0.86600000
vn -0.47190000 -0.76360000 0.44080000
vn -0.00000000 -0.50000000 -0.86600000
vn -0.88170000 -0.40860000 0.23590000
vn -0.00000000 -0.50000000 -0.86600000
vn 0.88170000 -0.40860000 0.23590000
vn -0.00000000 -0.50000000 -0.86600000
vn 0.47190000 -0.76360000 0.44080000
vn -0.00000000 -0.50000000 -0.86600000
vn -0.00000000 -0.50000000 -0.86600000
vn 0.47190000 0.76360000 -0.44080000
vn 0.88170000 0.40860000 -0.23590000
vn -0.00000000 -0.50000000 -0.86600000
vn -0.88170000 -0.40860000 0.23590000
vn -0.00000000 0.50000000 0.86600000
vn -0.47190000 -0.76360000 0.44080000
vn -0.00000000 0.50000000 0.86600000
vn -0.47190000 0.76360000 -0.44080000
vn -0.00000000 0.50000000 0.86600000
vn -0.00000000 0.50000000 0.86600000
vn -0.88170000 0.40860000 -0.23590000
vn -0.00000000 0.50000000 0.86600000
vn 0.88170000 0.40860000 -0.23590000
vn 0.47190000 0.76360000 -0.44080000
vn -0.00000000 0.50000000 0.86600000
vn -0.00000000 0.50000000 0.86600000
vn 0.47190000 -0.76360000 0.44080000
vn -0.00000000 0.50000000 0.86600000
vn 0.88170000 -0.40860000 0.23590000
vn -0.00000000 -0.50000000 -0.86600000
vn -0.99660000 0.08050000 -0.01460000
vn -0.09090000 -0.98000000 0.17720000
vn -0.00000000 -0.50000000 -0.86600000
vn 0.99190000 -0.12520000 0.02260000
vn -0.00000000 -0.50000000 -0.86600000
vn 0.09480000 0.97960000 -0.17710000
vn -0.00000000 -0.50000000 -0.86600000
vn -0.99510000 0.08530000 -0.04930000
vn -0.99190000 0.12520000 -0.02260000
vn -0.09850000 -0.86180000 0.49760000
vn -0.09480000 -0.97960000 0.17710000
vn 0.99510000 -0.08530000 0.04930000
vn 0.99660000 -0.08050000 0.01460000
vn 0.09850000 0.86180000 -0.49760000
vn 0.09090000 0.98000000 -0.17720000
vn -0.99510000 0.08530000 -0.04930000
vn -0.99510000 0.08530000 -0.04930000
vn -0.09850000 -0.86180000 0.49760000
vn -0.09850000 -0.86180000 0.49760000
vn 0.99510000 -0.08530000 0.04930000
vn 0.99510000 -0.08530000 0.04930000
vn 0.09850000 0.86180000 -0.49760000
vn 0.09850000 0.86180000 -0.49760000
vn -0.47740000 0.86470000 -0.15630000
vn -0.00000000 -0.50000000 -0.86600000
vn -0.00000000 -0.50000000 -0.86600000
vn -0.89750000 0.43390000 -0.07840000
vn -0.84080000 -0.53270000 0.09630000
vn -0.00000000 -0.50000000 -0.86600000
vn -0.42620000 -0.89020000 0.16090000
vn -0.00000000 -0.50000000 -0.86600000
vn -0.00000000 -0.50000000 -0.86600000
vn 0.42620000 -0.89020000 0.16090000
vn -0.00000000 -0.50000000 -0.86600000
vn 0.84080000 -0.53270000 0.09630000
vn -0.00000000 -0.50000000 -0.86600000
vn 0.89750000 0.43390000 -0.07840000
vn 0.47740000 0.86470000 -0.15630000
vn -0.00000000 -0.50000000 -0.86600000
vn -0.42620000 0.89020000 -0.16090000
vn -0.47190000 0.76360000 -0.44080000
vn -0.84080000 0.53270000 -0.09630000
vn -0.88170000 0.40860000 -0.23590000
vn -0.88170000 -0.40860000 0.23590000
vn -0.89750000 -0.43390000 0.07840000
vn -0.47740000 -0.86470000 0.15630000
vn -0.47190000 -0.76360000 0.44080000
vn 0.47190000 -0.76360000 0.44080000
vn 0.47740000 -0.86470000 0.15630000
vn 0.88170000 -0.40860000 0.23590000
vn 0.89750000 -0.43390000 0.07840000
vn 0.88170000 0.40860000 -0.23590000
vn 0.84080000 0.53270000 -0.09630000
vn 0.47190000 0.76360000 -0.44080000
vn 0.42620000 0.89020000 -0.16090000
vn -0.88170000 0.40860000 -0.23590000
vn -0.88170000 0.40860000 -0.23590000
vn -0.47190000 0.76360000 -0.44080000
vn -0.47190000 0.76360000 -0.44080000
vn -0.47190000 -0.76360000 0.44080000
vn -0.47190000 -0.76360000 0.44080000
vn -0.88170000 -0.40860000 0.23590000
vn -0.88170000 -0.40860000 0.23590000
vn 0.88170000 -0.40860000 0.23590000
vn 0.88170000 -0.40860000 0.23590000
vn 0.47190000 -0.76360000 0.44080000
vn 0.47190000 -0.76360000 0.44080000
vn 0.47190000 0.76360000 -0.44080000
vn 0.47190000 0.76360000 -0.44080000
vn 0.88170000 0.40860000 -0.23590000
vn 0.88170000 0.40860000 -0.23590000
vn 1.00000000 -0.00000000 -0.00000000
vn -0.00000000 0.50000000 0.86600000
vn 0.86600000 -0.43300000 0.25000000
vn -0.00000000 0.50000000 0.86600000
vn -0.00000000 0.50000000 0.86600000
vn 0.50000000 -0.75000000 0.43300000
vn -0.00000000 -0.86600000 0.50000000
vn -0.00000000 0.50000000 0.86600000
vn -0.50000000 -0.75000000 0.43300000
vn -0.00000000 0.50000000 0.86600000
vn -0.50000000 -0.75000000 0.43300000
vn -0.86600000 -0.43300000 0.25000000
vn -0.00000000 0.50000000 0.86600000
vn -1.00000000 -0.00000000 -0.00000000
vn -0.00000000 0.50000000 0.86600000
vn -0.00000000 0.50000000 0.86600000
vn -0.86600000 0.43300000 -0.25000000
vn -0.86600000 0.43300000 -0.25000000
vn -0.00000000 0.50000000 0.86600000
vn -0.50000000 0.75000000 -0.43300000
vn -0.00000000 0.86600000 -0.50000000
vn -0.00000000 0.86600000 -0.50000000
vn -0.00000000 0.50000000 0.86600000
vn -0.00000000 0.86600000 -0.50000000
vn -0.00000000 0.86600000 -0.50000000
vn 0.50000000 0.75000000 -0.43300000
vn -0.00000000 0.50000000 0.86600000
vn -0.00000000 0.50000000 0.86600000
vn 0.86600000 0.43300000 -0.25000000
vn 0.86600000 0.43300000 -0.25000000
vn 0.97580000 -0.18940000 0.10940000
vn -0.00000000 -0.50000000 -0.86600000
vn -0.00000000 -0.50000000 -0.86600000
vn -0.00000000 -0.86600000 0.50000000
vn 0.97580000 -0.18940000 0.10940000
vn -0.00000000 -0.86600000 0.50000000
vn -0.00000000 0.50000000 0.86600000
vn 0.97580000 -0.18940000 0.10940000
vn 0.97580000 -0.18940000 0.10940000
vn -0.00000000 0.50000000 0.86600000
vn -0.98720000 -0.13810000 0.07970000
vn -0.00000000 -0.50000000 -0.86600000
vn -0.00000000 0.50000000 0.86600000
vn -0.98720000 -0.13810000 0.07970000
vn -0.95980000 -0.24310000 0.14040000
vn -0.00000000 0.50000000 0.86600000
vn -0.95980000 -0.24310000 0.14030000
vn -0.95980000 -0.24310000 0.14040000
vn -0.00000000 -0.50000000 -0.86600000
vn -0.09210000 -0.86230000 0.49790000
vn -0.00000000 0.50000000 0.86600000
vn -0.00000000 0.50000000 0.86600000
vn -0.41580000 -0.78760000 0.45470000
vn -0.00000000 0.50000000 0.86600000
vn -0.79410000 -0.52640000 0.30390000
vn -0.00000000 -0.50000000 -0.86600000
vn -0.09220000 -0.86230000 0.49790000
vn -0.79410000 -0.52640000 0.30390000
vn -0.00000000 -0.50000000 -0.86600000
vn -0.41590000 -0.78760000 0.45470000
vn -0.00000000 -0.50000000 -0.86600000
vn 0.99400000 0.09480000 -0.05470000
vn -0.00000000 -0.50000000 -0.86600000
vn 1.00000000 -0.00000000 -0.00000000
vn -0.00000000 -0.50000000 -0.86600000
vn -0.00000000 0.50000000 0.86600000
vn 1.00000000 -0.00000000 -0.00000000
vn 0.99400000 0.09480000 -0.05470000
vn -0.00000000 0.50000000 0.86600000
vn -0.99400000 0.09480000 -0.05470000
vn -0.00000000 -0.50000000 -0.86600000
vn -0.00000000 0.50000000 0.86600000
vn -0.99400000 0.09480000 -0.05470000
vn -1.00000000 -0.00000000 -0.00000000
vn -0.00000000 0.50000000 0.86600000
vn -0.00000000 -0.50000000 -0.86600000
vn -1.00000000 -0.00000000 -0.00000000
vn 0.08870000 0.86260000 -0.49800000
vn -0.00000000 -0.50000000 -0.86600000
vn -0.00000000 0.50000000 0.86600000
vn 0.08870000 0.86260000 -0.49800000
vn -0.08870000 0.86260000 -0.49800000
vn -0.00000000 0.50000000 0.86600000
vn -0.00000000 -0.50000000 -0.86600000
vn -0.08870000 0.86260000 -0.49800000
vn -0.00000000 0.50000000 0.86600000
vn 0.43900000 0.77810000 -0.44930000
vn 0.86310000 0.43740000 -0.25250000
vn -0.00000000 0.50000000 0.86600000
vn -0.86310000 0.43730000 -0.25250000
vn -0.00000000 0.50000000 0.86600000
vn -0.00000000 0.50000000 0.86600000
vn -0.43900000 0.77810000 -0.44930000
vn -0.00000000 -0.50000000 -0.86600000
vn 0.86310000 0.43730000 -0.25250000
vn -0.00000000 -0.50000000 -0.86600000
vn 0.43900000 0.77810000 -0.44920000
vn -0.43900000 0.77810000 -0.44930000
vn -0.00000000 -0.50000000 -0.86600000
vn -0.00000000 -0.50000000 -0.86600000
vn -0.86310000 0.43740000 -0.25250000
vn -0.00000000 -0.50000000 -0.86600000
vn -0.99880000 0.04200000 -0.02430000
vn 0.04850000 0.86500000 -0.49940000
vn -0.00000000 -0.50000000 -0.86600000
vn 0.99880000 -0.04200000 0.02430000
vn 0.04850000 0.86500000 -0.49940000
vn -0.14910000 -0.80130000 0.57940000
vn 0.99880000 -0.04200000 0.02430000
vn -0.00000000 -0.50000000 -0.86600000
vn 0.05310000 -0.80970000 0.58440000
vn -0.00000000 -0.50000000 -0.86600000
vn -0.99880000 0.04200000 -0.02430000
vn -0.14890000 -0.80120000 0.57950000
vn 0.99930000 -0.03310000 0.01910000
vn -0.00000000 -0.50000000 -0.86600000
vn -0.99930000 0.03310000 -0.01910000
vn 0.05310000 -0.80970000 0.58440000
vn -0.00000000 -0.50000000 -0.86600000
vn 0.99060000 -0.11830000 0.06830000
vn -0.00000000 -0.50000000 -0.86600000
vn -0.00000000 -0.50000000 -0.86600000
vn -0.99820000 -0.05220000 0.03010000
vn -0.00000000 -0.50000000 -0.86600000
vn 0.14630000 -0.85670000 0.49460000
vn 0.67580000 -0.63830000 0.36860000
vn -0.04820000 -0.86500000 0.49940000
vn -0.00000000 -0.50000000 -0.86600000
vn -0.00000000 -0.50000000 -0.86600000
vn -0.73710000 -0.58520000 0.33790000
vn -0.24080000 -0.84050000 0.48530000
vn -0.00000000 -0.50000000 -0.86600000
vn 0.97230000 -0.20250000 0.11690000
vn 0.67580000 -0.63830000 0.36860000
vn -0.98740000 -0.13700000 0.07910000
vn -0.73710000 -0.58520000 0.33790000
vn -0.00000000 -0.50000000 -0.86600000
vn -0.99510000 0.08530000 -0.04930000
vn -0.00000000 -0.50000000 -0.86600000
vn -0.99510000 0.08530000 -0.04930000
vn -0.00000000 0.50000000 0.86600000
vn -0.99510000 -0.08530000 0.04930000
vn -0.00000000 0.50000000 0.86600000
vn -0.00000000 -0.50000000 -0.86600000
vn -0.99510000 -0.08530000 0.04930000
vn -0.09850000 -0.86180000 0.49760000
vn -0.00000000 -0.50000000 -0.86600000
vn -0.00000000 0.50000000 0.86600000
vn -0.09850000 -0.86180000 0.49760000
vn 0.09850000 -0.86180000 0.49760000
vn -0.00000000 0.50000000 0.86600000
vn -0.00000000 -0.50000000 -0.86600000
vn 0.09850000 -0.86180000 0.49760000
vn 0.99510000 -0.08530000 0.04930000
vn -0.00000000 -0.50000000 -0.86600000
vn -0.00000000 0.50000000 0.86600000
vn 0.99510000 -0.08530000 0.04930000
vn 0.99510000 0.08530000 -0.04930000
vn -0.00000000 0.50000000 0.86600000
vn 0.99510000 0.08530000 -0.04930000
vn -0.00000000 -0.50000000 -0.86600000
vn -0.00000000 -0.50000000 -0.86600000
vn 0.09850000 0.86180000 -0.49760000
vn -0.00000000 0.50000000 0.86600000
vn 0.09850000 0.86180000 -0.49760000
vn -0.09850000 0.86180000 -0.49760000
vn -0.00000000 0.50000000 0.86600000
vn -0.09850000 0.86180000 -0.49760000
vn -0.09850000 0.86180000 -0.49760000
vn -0.00000000 -0.50000000 -0.86600000
vn -0.09850000 0.86180000 -0.49760000
vn -0.00000000 0.50000000 0.86600000
vn -0.99660000 0.05290000 -0.06250000
vn -0.99190000 0.08220000 -0.09710000
vn -0.99510000 0.08530000 -0.04930000
vn -0.99510000 -0.08530000 0.04930000
vn -0.99660000 -0.05290000 0.06250000
vn -0.99190000 -0.08220000 0.09710000
vn -0.00000000 0.50000000 0.86600000
vn -0.00000000 0.50000000 0.86600000
vn -0.09090000 -0.64340000 0.76010000
vn -0.09480000 -0.64320000 0.75980000
vn -0.09850000 -0.86180000 0.49760000
vn 0.09850000 -0.86180000 0.49760000
vn 0.09480000 -0.64320000 0.75980000
vn 0.09090000 -0.64340000 0.76010000
vn -0.00000000 0.50000000 0.86600000
vn -0.00000000 0.50000000 0.86600000
vn 0.99190000 -0.08220000 0.09710000
vn 0.99510000 -0.08530000 0.04930000
vn 0.99660000 -0.05290000 0.06250000
vn 0.99190000 0.08220000 -0.09710000
vn 0.99510000 0.08530000 -0.04930000
vn -0.00000000 0.50000000 0.86600000
vn 0.99660000 0.05290000 -0.06250000
vn 0.09480000 0.64320000 -0.75980000
vn -0.00000000 0.50000000 0.86600000
vn 0.09850000 0.86180000 -0.49760000
vn 0.09090000 0.64340000 -0.76010000
vn -0.09850000 0.86180000 -0.49760000
vn -0.09850000 0.86180000 -0.49760000
vn -0.09090000 0.64340000 -0.76010000
vn -0.09090000 0.64340000 -0.76010000
vn -0.00000000 0.50000000 0.86600000
vn -0.09480000 0.64320000 -0.75980000
vn -0.09480000 0.64320000 -0.75980000
vn -0.88170000 0.40860000 -0.23590000
vn -0.00000000 -0.50000000 -0.86600000
vn -0.00000000 0.50000000 0.86600000
vn -0.88170000 0.40860000 -0.23590000
vn -0.00000000 0.50000000 0.86600000
vn -0.88170000 -0.40860000 0.23590000
vn -0.00000000 -0.50000000 -0.86600000
vn -0.88170000 -0.40860000 0.23590000
vn 0.47190000 -0.76360000 0.44080000
vn -0.00000000 0.50000000 0.86600000
vn -0.00000000 -0.50000000 -0.86600000
vn 0.47190000 -0.76360000 0.44080000
vn -0.00000000 0.50000000 0.86600000
vn 0.88170000 0.40860000 -0.23590000
vn 0.88170000 0.40860000 -0.23590000
vn -0.00000000 -0.50000000 -0.86600000
vn -0.47190000 0.76360000 -0.44080000
vn -0.00000000 -0.50000000 -0.86600000
vn -0.47190000 0.76360000 -0.44080000
vn -0.00000000 0.50000000 0.86600000
vn -0.47190000 -0.76360000 0.44080000
vn -0.00000000 0.50000000 0.86600000
vn -0.47190000 -0.76360000 0.44080000
vn -0.00000000 -0.50000000 -0.86600000
vn 0.88170000 -0.40860000 0.23590000
vn -0.00000000 0.50000000 0.86600000
vn -0.00000000 -0.50000000 -0.86600000
vn 0.88170000 -0.40860000 0.23590000
vn 0.47190000 0.76360000 -0.44080000
vn -0.00000000 0.50000000 0.86600000
vn -0.00000000 -0.50000000 -0.86600000
vn 0.47190000 0.76360000 -0.44080000
vn -0.89750000 0.28490000 -0.33660000
vn -0.00000000 0.50000000 0.86600000
vn -0.88170000 0.40860000 -0.23590000
vn -0.84080000 0.34970000 -0.41320000
vn -0.88170000 -0.40860000 0.23590000
vn -0.89750000 -0.28490000 0.33660000
vn -0.84080000 -0.34970000 0.41310000
vn -0.00000000 0.50000000 0.86600000
vn 0.47190000 -0.76360000 0.44080000
vn 0.47740000 -0.56770000 0.67070000
vn -0.00000000 0.50000000 0.86600000
vn 0.42620000 -0.58450000 0.69050000
vn 0.84080000 0.34970000 -0.41310000
vn 0.88170000 0.40860000 -0.23590000
vn 0.89750000 0.28490000 -0.33660000
vn -0.00000000 0.50000000 0.86600000
vn -0.47740000 0.56770000 -0.67070000
vn -0.00000000 0.50000000 0.86600000
vn -0.47190000 0.76360000 -0.44080000
vn -0.42620000 0.58450000 -0.69050000
vn -0.47190000 -0.76360000 0.44080000
vn -0.47740000 -0.56770000 0.67070000
vn -0.42620000 -0.58450000 0.69050000
vn -0.00000000 0.50000000 0.86600000
vn 0.89750000 -0.28490000 0.33660000
vn 0.88170000 -0.40860000 0.23590000
vn -0.00000000 0.50000000 0.86600000
vn 0.84080000 -0.34970000 0.41310000
vn 0.47190000 0.76360000 -0.44080000
vn 0.42620000 0.58450000 -0.69050000
vn 0.47740000 0.56770000 -0.67070000
vn -0.00000000 0.50000000 0.86600000
vn 1.00000000 -0.00000000 -0.00000000
vn -0.00000000 0.50000000 0.86600000
vn 0.86600000 -0.43300000 0.25000000
vn -0.00000000 0.50000000 0.86600000
vn -0.00000000 0.50000000 0.86600000
vn 0.50000000 -0.75000000 0.43300000
vn -0.00000000 -0.86600000 0.50000000
vn -0.00000000 0.50000000 0.86600000
vn -0.00000000 0.50000000 0.86600000
vn -0.50000000 -0.75000000 0.43300000
vn -0.86600000 -0.43300000 0.25000000
vn -0.00000000 0.50000000 0.86600000
vn -0.00000000 0.50000000 0.86600000
vn -1.00000000 -0.00000000 -0.00000000
vn -0.86600000 0.43300000 -0.25000000
vn -0.00000000 0.50000000 0.86600000
vn -0.00000000 0.50000000 0.86600000
vn -0.50000000 0.75000000 -0.43300000
vn -0.00000000 0.86600000 -0.50000000
vn -0.00000000 0.50000000 0.86600000
vn -0.00000000 0.86600000 -0.50000000
vn -0.00000000 0.50000000 0.86600000
vn 0.50000000 0.75000000 -0.43300000
vn 0.86600000 0.43300000 -0.25000000
vn -0.00000000 0.50000000 0.86600000
vn -0.00000000 -0.50000000 -0.86600000
vn 1.00000000 -0.00000000 -0.00000000
vn 0.86600000 -0.43300000 0.25000000
vn -0.00000000 -0.50000000 -0.86600000
vn -0.00000000 -0.50000000 -0.86600000
vn 0.50000000 -0.75000000 0.43300000
vn -0.00000000 -0.50000000 -0.86600000
vn -0.00000000 -0.86600000 0.50000000
vn -0.50000000 -0.75000000 0.43300000
vn -0.00000000 -0.50000000 -0.86600000
vn -0.00000000 -0.50000000 -0.86600000
vn -0.86600000 -0.43300000 0.25000000
vn -0.00000000 -0.50000000 -0.86600000
vn -1.00000000 -0.00000000 -0.00000000
vn -0.00000000 -0.50000000 -0.86600000
vn -0.86600000 0.43300000 -0.25000000
vn -0.00000000 -0.50000000 -0.86600000
vn -0.50000000 0.75000000 -0.43300000
vn -0.00000000 0.86600000 -0.50000000
vn -0.00000000 0.86600000 -0.50000000
vn -0.00000000 -0.50000000 -0.86600000
vn 0.50000000 0.75000000 -0.43300000
vn -0.00000000 -0.50000000 -0.86600000
vn 0.86600000 0.43300000 -0.25000000
vn -0.00000000 -0.50000000 -0.86600000
vn 1.00000000 -0.00000000 -0.00000000
vn -0.00000000 0.86600000 -0.50000000
vn -0.00000000 0.50000000 0.86600000
vn -0.00000000 -0.50000000 -0.86600000
vn -0.00000000 0.86600000 -0.50000000
vn 1.00000000 -0.00000000 -0.00000000
vn 1.00000000 -0.00000000 -0.00000000
vn -0.00000000 -0.86600000 0.50000000
vn -0.00000000 0.50000000 0.86600000
vn -0.00000000 -0.50000000 -0.86600000
vn 1.00000000 -0.00000000 -0.00000000
vn -0.00000000 -0.86600000 0.50000000
vn -0.00000000 0.86600000 -0.50000000
vn -1.00000000 -0.00000000 -0.00000000
vn -0.00000000 0.50000000 0.86600000
vn -0.00000000 0.86600000 -0.50000000
vn -0.00000000 -0.50000000 -0.86600000
vn -1.00000000 -0.00000000 -0.00000000
vn -0.00000000 -0.86600000 0.50000000
vn -0.00000000 0.50000000 0.86600000
vn -1.00000000 -0.00000000 -0.00000000
vn -0.00000000 -0.86600000 0.50000000
vn -1.00000000 -0.00000000 -0.00000000
vn -0.00000000 -0.50000000 -0.86600000
vn -0.00000000 -0.50000000 -0.86600000
vn 1.00000000 -0.00000000 -0.00000000
vn -0.00000000 -0.86600000 0.50000000
vn -0.00000000 0.86600000 -0.50000000
vn -0.00000000 -0.50000000 -0.86600000
vn 1.00000000 -0.00000000 -0.00000000
vn 1.00000000 -0.00000000 -0.00000000
vn -0.00000000 0.50000000 0.86600000
vn -0.00000000 0.86600000 -0.50000000
vn 1.00000000 -0.00000000 -0.00000000
vn -0.00000000 0.50000000 0.86600000
vn -0.00000000 -0.86600000 0.50000000
vn -1.00000000 -0.00000000 -0.00000000
vn -0.00000000 -0.86600000 0.50000000
vn -0.00000000 -0.50000000 -0.86600000
vn -0.00000000 0.50000000 0.86600000
vn -1.00000000 -0.00000000 -0.00000000
vn -0.00000000 -0.86600000 0.50000000
vn -0.00000000 0.50000000 0.86600000
vn -1.00000000 -0.00000000 -0.00000000
vn -0.00000000 0.86600000 -0.50000000
vn -1.00000000 -0.00000000 -0.00000000
vn -0.00000000 0.86600000 -0.50000000
vn -0.00000000 -0.50000000 -0.86600000
vn 1.00000000 -0.00000000 -0.00000000
vn -0.00000000 -0.86600000 0.50000000
vn -0.00000000 -0.50000000 -0.86600000
vn 1.00000000 -0.00000000 -0.00000000
vn -0.00000000 -0.50000000 -0.86600000
vn -0.00000000 0.86600000 -0.50000000
vn -0.00000000 0.50000000 0.86600000
vn -0.00000000 0.86600000 -0.50000000
vn 1.00000000 -0.00000000 -0.00000000
vn -0.00000000 -0.86600000 0.50000000
vn 1.00000000 -0.00000000 -0.00000000
vn -0.00000000 0.50000000 0.86600000
vn -1.00000000 -0.00000000 -0.00000000
vn -0.00000000 -0.50000000 -0.86600000
vn -0.00000000 -0.86600000 0.50000000
vn -1.00000000 -0.00000000 -0.00000000
vn -0.00000000 0.50000000 0.86600000
vn -0.00000000 -0.86600000 0.50000000
vn -1.00000000 -0.00000000 -0.00000000
vn -0.00000000 0.86600000 -0.50000000
vn -0.00000000 0.50000000 0.86600000
vn -0.00000000 -0.50000000 -0.86600000
vn -0.00000000 0.86600000 -0.50000000
vn -1.00000000 -0.00000000 -0.00000000
vn -0.00000000 0.50000000 0.86600000
vn 1.00000000 -0.00000000 -0.00000000
vn -0.00000000 0.86600000 -0.50000000
vn -0.00000000 -0.50000000 -0.86600000
vn -0.00000000 0.86600000 -0.50000000
vn 1.00000000 -0.00000000 -0.00000000
vn 1.00000000 -0.00000000 -0.00000000
vn -0.00000000 -0.86600000 0.50000000
vn -0.00000000 0.50000000 0.86600000
vn 1.00000000 -0.00000000 -0.00000000
vn -0.00000000 -0.50000000 -0.86600000
vn -0.00000000 -0.86600000 0.50000000
vn -1.00000000 -0.00000000 -0.00000000
vn -0.00000000 0.50000000 0.86600000
vn -0.00000000 0.86600000 -0.50000000
vn -0.00000000 -0.50000000 -0.86600000
vn -1.00000000 -0.00000000 -0.00000000
vn -0.00000000 0.86600000 -0.50000000
vn -0.00000000 -0.86600000 0.50000000
vn -0.00000000 0.50000000 0.86600000
vn -1.00000000 -0.00000000 -0.00000000
vn -0.00000000 -0.50000000 -0.86600000
vn -0.00000000 -0.86600000 0.50000000
vn -1.00000000 -0.00000000 -0.00000000
vn 1.00000000 -0.00000000 -0.00000000
vn -0.00000000 -0.50000000 -0.86600000
vn -0.00000000 -0.86600000 0.50000000
vn -0.00000000 -0.50000000 -0.86600000
vn -0.00000000 0.86600000 -0.50000000
vn 1.00000000 -0.00000000 -0.00000000
vn -0.00000000 0.86600000 -0.50000000
vn -0.00000000 0.50000000 0.86600000
vn 1.00000000 -0.00000000 -0.00000000
vn 1.00000000 -0.00000000 -0.00000000
vn -0.00000000 -0.86600000 0.50000000
vn -0.00000000 0.50000000 0.86600000
vn -1.00000000 -0.00000000 -0.00000000
vn -0.00000000 -0.50000000 -0.86600000
vn -0.00000000 -0.86600000 0.50000000
vn -0.00000000 0.50000000 0.86600000
vn -1.00000000 -0.00000000 -0.00000000
vn -0.00000000 -0.86600000 0.50000000
vn -1.00000000 -0.00000000 -0.00000000
vn -0.00000000 0.50000000 0.86600000
vn -0.00000000 0.86600000 -0.50000000
vn -0.00000000 0.86600000 -0.50000000
vn -0.00000000 -0.50000000 -0.86600000
vn -1.00000000 -0.00000000 -0.00000000
vn -0.00000000 -0.86600000 0.50000000
vn -0.00000000 -0.50000000 -0.86600000
vn 1.00000000 -0.00000000 -0.00000000
vn -0.00000000 -0.50000000 -0.86600000
vn 1.00000000 -0.00000000 -0.00000000
vn -0.00000000 0.86600000 -0.50000000
vn -0.00000000 0.50000000 0.86600000
vn 1.00000000 -0.00000000 -0.00000000
vn -0.00000000 0.86600000 -0.50000000
vn 1.00000000 -0.00000000 -0.00000000
vn -0.00000000 0.50000000 0.86600000
vn -0.00000000 -0.86600000 0.50000000
vn -0.00000000 -0.50000000 -0.86600000
vn -1.00000000 -0.00000000 -0.00000000
vn -0.00000000 -0.86600000 0.50000000
vn -0.00000000 -0.86600000 0.50000000
vn -0.00000000 0.50000000 0.86600000
vn -1.00000000 -0.00000000 -0.00000000
vn -1.00000000 -0.00000000 -0.00000000
vn -0.00000000 0.50000000 0.86600000
vn -0.00000000 0.86600000 -0.50000000
vn -0.00000000 0.86600000 -0.50000000
vn -1.00000000 -0.00000000 -0.00000000
vn -0.00000000 -0.50000000 -0.86600000
vn 1.00000000 -0.00000000 -0.00000000
vn -0.00000000 0.50000000 0.86600000
vn -0.00000000 0.86600000 -0.50000000
vn 1.00000000 -0.00000000 -0.00000000
vn -0.00000000 0.86600000 -0.50000000
vn -0.00000000 -0.50000000 -0.86600000
vn -0.00000000 -0.86600000 0.50000000
vn 1.00000000 -0.00000000 -0.00000000
vn -0.00000000 0.50000000 0.86600000
vn 1.00000000 -0.00000000 -0.00000000
vn -0.00000000 -0.50000000 -0.86600000
vn -0.00000000 -0.86600000 0.50000000
vn -0.00000000 0.50000000 0.86600000
vn -1.00000000 -0.00000000 -0.00000000
vn -0.00000000 0.86600000 -0.50000000
vn -0.00000000 -0.50000000 -0.86600000
vn -1.00000000 -0.00000000 -0.00000000
vn -0.00000000 0.86600000 -0.50000000
vn -1.00000000 -0.00000000 -0.00000000
vn -0.00000000 -0.86600000 0.50000000
vn -0.00000000 0.50000000 0.86600000
vn -1.00000000 -0.00000000 -0.00000000
vn -0.00000000 -0.86600000 0.50000000
vn -0.00000000 -0.50000000 -0.86600000
vn 1.00000000 -0.00000000 -0.00000000
vn -0.00000000 -0.50000000 -0.86600000
vn -0.00000000 -0.86600000 0.50000000
vn 1.00000000 -0.00000000 -0.00000000
vn -0.00000000 0.86600000 -0.50000000
vn -0.00000000 -0.50000000 -0.86600000
vn -0.00000000 0.86600000 -0.50000000
vn -0.00000000 0.50000000 0.86600000
vn 1.00000000 -0.00000000 -0.00000000
vn -0.00000000 0.50000000 0.86600000
vn -0.00000000 -0.86600000 0.50000000
vn 1.00000000 -0.00000000 -0.00000000
vn -0.00000000 -0.86600000 0.50000000
vn -1.00000000 -0.00000000 -0.00000000
vn -0.00000000 -0.50000000 -0.86600000
vn -0.00000000 -0.86600000 0.50000000
vn -1.00000000 -0.00000000 -0.00000000
vn -0.00000000 0.50000000 0.86600000
vn -0.00000000 0.50000000 0.86600000
vn -1.00000000 -0.00000000 -0.00000000
vn -0.00000000 0.86600000 -0.50000000
vn -1.00000000 -0.00000000 -0.00000000
vn -0.00000000 -0.50000000 -0.86600000
vn -0.00000000 0.86600000 -0.50000000
vn 1.00000000 -0.00000000 -0.00000000
vn -0.00000000 -0.50000000 -0.86600000
vn -0.00000000 -0.86600000 0.50000000
vn 1.00000000 -0.00000000 -0.00000000
vn -0.00000000 -0.50000000 -0.86600000
vn -0.00000000 0.86600000 -0.50000000
vn 1.00000000 -0.00000000 -0.00000000
vn -0.00000000 0.86600000 -0.50000000
vn -0.00000000 0.50000000 0.86600000
vn -0.00000000 0.50000000 0.86600000
vn -0.00000000 -0.86600000 0.50000000
vn 1.00000000 -0.00000000 -0.00000000
vn -1.00000000 -0.00000000 -0.00000000
vn -0.00000000 -0.86600000 0.50000000
vn -0.00000000 -0.50000000 -0.86600000
vn -0.00000000 -0.86600000 0.50000000
vn -0.00000000 0.50000000 0.86600000
vn -1.00000000 -0.00000000 -0.00000000
vn -1.00000000 -0.00000000 -0.00000000
vn -0.00000000 0.86600000 -0.50000000
vn -0.00000000 0.50000000 0.86600000
vn -0.00000000 0.86600000 -0.50000000
vn -0.00000000 -0.50000000 -0.86600000
vn -1.00000000 -0.00000000 -0.00000000
vn -0.00000000 0.50000000 0.86600000
vn -1.00000000 -0.00000000 -0.00000000
vn -0.00000000 -0.50000000 -0.86600000
vn -1.00000000 -0.00000000 -0.00000000
vn -1.00000000 -0.00000000 -0.00000000
vn -0.00000000 0.50000000 0.86600000
vn -1.00000000 -0.00000000 -0.00000000
vn -0.00000000 -0.50000000 -0.86600000
vn 1.00000000 -0.00000000 -0.00000000
vn -0.00000000 0.50000000 0.86600000
vn 1.00000000 -0.00000000 -0.00000000
vn -0.00000000 -0.50000000 -0.86600000
vn 1.00000000 -0.00000000 -0.00000000
vn -0.00000000 0.50000000 0.86600000
vn -0.00000000 -0.50000000 -0.86600000
vn 1.00000000 -0.00000000 -0.00000000
vn -1.00000000 -0.00000000 -0.00000000
vn -0.00000000 0.50000000 0.86600000
vn -0.00000000 0.50000000 0.86600000
vn -0.86600000 0.43300000 -0.25000000
vn -0.50000000 0.75000000 -0.43300000
vn -0.00000000 0.50000000 0.86600000
vn -0.00000000 0.86600000 -0.50000000
vn -0.00000000 0.50000000 0.86600000
vn -0.00000000 0.50000000 0.86600000
vn 0.50000000 0.75000000 -0.43300000
vn 0.86600000 0.43300000 -0.25000000
vn -0.00000000 0.50000000 0.86600000
vn -0.00000000 0.50000000 0.86600000
vn 1.00000000 -0.00000000 -0.00000000
vn 0.86600000 -0.43300000 0.25000000
vn -0.00000000 0.50000000 0.86600000
vn 0.50000000 -0.75000000 0.43300000
vn -0.00000000 0.50000000 0.86600000
vn -0.00000000 -0.86600000 0.50000000
vn -0.00000000 0.50000000 0.86600000
vn -0.00000000 -0.86600000 0.50000000
vn -0.50000000 -0.75000000 0.43300000
vn -0.00000000 0.50000000 0.86600000
vn -0.86600000 -0.43300000 0.25000000
vn -0.00000000 0.50000000 0.86600000
vn -1.00000000 -0.00000000 -0.00000000
vn -0.00000000 -0.50000000 -0.86600000
vn -0.00000000 -0.50000000 -0.86600000
vn -0.86600000 0.43300000 -0.25000000
vn -0.00000000 -0.50000000 -0.86600000
vn -0.50000000 0.75000000 -0.43300000
vn -0.00000000 0.86600000 -0.50000000
vn -0.00000000 -0.50000000 -0.86600000
vn 0.50000000 0.75000000 -0.43300000
vn -0.00000000 -0.50000000 -0.86600000
vn 0.86600000 0.43300000 -0.25000000
vn -0.00000000 -0.50000000 -0.86600000
vn -0.00000000 -0.50000000 -0.86600000
vn 1.00000000 -0.00000000 -0.00000000
vn 0.86600000 -0.43300000 0.25000000
vn -0.00000000 -0.50000000 -0.86600000
vn -0.00000000 -0.50000000 -0.86600000
vn 0.50000000 -0.75000000 0.43300000
vn -0.00000000 -0.50000000 -0.86600000
vn -0.00000000 -0.86600000 0.50000000
vn -0.00000000 -0.86600000 0.50000000
vn -0.50000000 -0.75000000 0.43300000
vn -0.00000000 -0.50000000 -0.86600000
vn -0.00000000 -0.50000000 -0.86600000
vn -0.86600000 -0.43300000 0.25000000
vn -0.00000000 0.50000000 0.86600000
vn -1.00000000 -0.00000000 -0.00000000
vn -1.00000000 -0.00000000 -0.00000000
vn -0.00000000 -0.50000000 -0.86600000
vn -1.00000000 -0.00000000 -0.00000000
vn -0.00000000 0.50000000 0.86600000
vn -0.00000000 -0.50000000 -0.86600000
vn -1.00000000 -0.00000000 -0.00000000
vn 1.00000000 -0.00000000 -0.00000000
vn -0.00000000 0.50000000 0.86600000
vn -0.00000000 -0.50000000 -0.86600000
vn 1.00000000 -0.00000000 -0.00000000
vn -0.00000000 0.50000000 0.86600000
vn 1.00000000 -0.00000000 -0.00000000
vn 1.00000000 -0.00000000 -0.00000000
vn -0.00000000 -0.50000000 -0.86600000
vn 1.00000000 -0.00000000 -0.00000000
vn -0.00000000 0.50000000 0.86600000
vn -0.00000000 -0.50000000 -0.86600000
vn 1.00000000 -0.00000000 -0.00000000
vn 1.00000000 -0.00000000 -0.00000000
vn -0.00000000 0.50000000 0.86600000
vn -0.00000000 -0.50000000 -0.86600000
vn 1.00000000 -0.00000000 -0.00000000
vn -1.00000000 -0.00000000 -0.00000000
vn -0.00000000 0.50000000 0.86600000
vn -1.00000000 -0.00000000 -0.00000000
vn -0.00000000 -0.50000000 -0.86600000
vn -0.00000000 0.50000000 0.86600000
vn -1.00000000 -0.00000000 -0.00000000
vn -0.00000000 -0.50000000 -0.86600000
vn -1.00000000 -0.00000000 -0.00000000
vn -0.00000000 0.50000000 0.86600000
vn 1.00000000 -0.00000000 -0.00000000
vn 0.86600000 -0.43300000 0.25000000
vn -0.00000000 0.50000000 0.86600000
vn -0.00000000 0.50000000 0.86600000
vn 0.50000000 -0.75000000 0.43300000
vn -0.00000000 -0.86600000 0.50000000
vn -0.00000000 0.50000000 0.86600000
vn -0.50000000 -0.75000000 0.43300000
vn -0.00000000 0.50000000 0.86600000
vn -0.00000000 0.50000000 0.86600000
vn -0.86600000 -0.43300000 0.25000000
vn -0.00000000 0.50000000 0.86600000
vn -1.00000000 -0.00000000 -0.00000000
vn -0.86600000 0.43300000 -0.25000000
vn -0.00010000 0.50000000 0.86600000
vn -0.50000000 0.75000000 -0.43300000
vn -0.00000000 0.50000000 0.86600000
vn -0.00000000 0.50000000 0.86600000
vn -0.00000000 0.86600000 -0.50000000
vn -0.00000000 0.86600000 -0.50000000
vn 0.50000000 0.75000000 -0.43300000
vn -0.00000000 0.50000000 0.86600000
vn -0.00000000 0.50000000 0.86600000
vn 0.86600000 0.43300000 -0.25000000
vn -0.00000000 -0.50000000 -0.86600000
vn 1.00000000 -0.00000000 -0.00000000
vn 0.86600000 -0.43300000 0.25000000
vn -0.00000000 -0.50000000 -0.86600000
vn -0.00000000 -0.50000000 -0.86600000
vn 0.50000000 -0.75000000 0.43300000
vn -0.00000000 -0.50000000 -0.86600000
vn -0.00000000 -0.86600000 0.50000000
vn -0.00000000 -0.50000000 -0.86600000
vn -0.50000000 -0.75000000 0.43300000
vn -0.86600000 -0.43300000 0.25000000
vn -0.00000000 -0.50000000 -0.86600000
vn -1.00000000 -0.00000000 -0.00000000
vn -0.00000000 -0.50000000 -0.86600000
vn -0.00000000 -0.50000000 -0.86600000
vn -0.86600000 0.43300000 -0.25000000
vn -0.00000000 -0.50000000 -0.86600000
vn -0.50000000 0.75000000 -0.43300000
vn -0.00000000 0.86600000 -0.50000000
vn -0.00000000 0.86600000 -0.50000000
vn -0.00000000 -0.50000000 -0.86600000
vn -0.00000000 -0.50000000 -0.86600000
vn 0.50000000 0.75000000 -0.43300000
vn 0.86600000 0.43300000 -0.25000000
vn -0.00000000 -0.50000000 -0.86600000
vn -0.00000000 0.50000000 0.86600000
vn 1.00000000 -0.00000000 -0.00000000
vn -0.00000000 -0.50000000 -0.86600000
vn 1.00000000 -0.00000000 -0.00000000
vn 1.00000000 -0.00000000 -0.00000000
vn -0.00000000 0.50000000 0.86600000
vn -0.00000000 -0.50000000 -0.86600000
vn 1.00000000 -0.00000000 -0.00000000
vn -0.00000000 0.50000000 0.86600000
vn -1.00000000 -0.00000000 -0.00000000
vn -0.00000000 -0.50000000 -0.86600000
vn -1.00000000 -0.00000000 -0.00000000
vn -1.00000000 -0.00000000 -0.00000000
vn -0.00000000 0.50000000 0.86600000
vn -1.00000000 -0.00000000 -0.00000000
vn -0.00000000 -0.50000000 -0.86600000
vn -1.00000000 -0.00000000 -0.00000000
vn -0.00000000 0.50000000 0.86600000
vn -1.00000000 -0.00000000 -0.00000000
vn -0.00000000 -0.50000000 -0.86600000
vn -0.00000000 0.50000000 0.86600000
vn -1.00000000 -0.00000000 -0.00000000
vn -1.00000000 -0.00000000 -0.00000000
vn -0.00000000 -0.50000000 -0.86600000
vn -0.00000000 0.50000000 0.86600000
vn 1.00000000 -0.00000000 -0.00000000
vn -0.00000000 -0.50000000 -0.86600000
vn 1.00000000 -0.00000000 -0.00000000
vn 1.00000000 -0.00000000 -0.00000000
vn -0.00000000 0.50000000 0.86600000
vn 1.00000000 -0.00000000 -0.00000000
vn -0.00000000 -0.50000000 -0.86600000
vn -1.00000000 -0.00000000 -0.00000000
vn -0.00000000 0.50000000 0.86600000
vn -0.00000000 0.50000000 0.86600000
vn -0.86600000 0.43300000 -0.25000000
vn -0.50000000 0.75000000 -0.43300000
vn -0.00000000 0.50000000 0.86600000
vn -0.00000000 0.86600000 -0.50000000
vn -0.00000000 0.50000000 0.86600000
vn -0.00000000 0.50000000 0.86600000
vn 0.50000000 0.75000000 -0.43300000
vn 0.86600000 0.43300000 -0.25000000
vn -0.00000000 0.50000000 0.86600000
vn 1.00000000 -0.00000000 -0.00000000
vn -0.00000000 0.50000000 0.86600000
vn -0.00000000 0.50000000 0.86600000
vn 0.86600000 -0.43300000 0.25000000
vn 0.50000000 -0.75000000 0.43300000
vn -0.00000000 0.50000000 0.86600000
vn -0.00000000 0.50000000 0.86600000
vn -0.00000000 -0.86600000 0.50000000
vn -0.00000000 -0.86600000 0.50000000
vn -0.00000000 0.50000000 0.86600000
vn -0.50000000 -0.75000000 0.43300000
vn -0.86600000 -0.43300000 0.25000000
vn -0.00000000 0.50000000 0.86600000
vn -1.00000000 -0.00000000 -0.00000000
vn -0.00000000 -0.50000000 -0.86600000
vn -0.86600000 0.43300000 -0.25000000
vn -0.00000000 -0.50000000 -0.86600000
vn -0.50000000 0.75000000 -0.43300000
vn -0.00000000 -0.50000000 -0.86600000
vn -0.00000000 -0.50000000 -0.86600000
vn -0.00000000 0.86600000 -0.50000000
vn -0.00000000 -0.50000000 -0.86600000
vn 0.50000000 0.75000000 -0.43300000
vn -0.00000000 -0.50000000 -0.86600000
vn 0.86600000 0.43300000 -0.25000000
vn 1.00000000 -0.00000000 -0.00000000
vn -0.00000000 -0.50000000 -0.86600000
vn 0.86600000 -0.43300000 0.25000000
vn -0.00000000 -0.50000000 -0.86600000
vn -0.00000000 -0.50000000 -0.86600000
vn 0.50000000 -0.75000000 0.43300000
vn -0.00000000 -0.50000000 -0.86600000
vn -0.00000000 -0.86600000 0.50000000
vn -0.00000000 -0.86600000 0.50000000
vn -0.00000000 -0.50000000 -0.86600000
vn -0.50000000 -0.75000000 0.43300000
vn -0.86600000 -0.43300000 0.25000000
vn 0.00010000 -0.50000000 -0.86600000
vn -0.00000000 0.50000000 0.86600000
vn -1.00000000 -0.00000000 -0.00000000
vn -0.00000000 -0.50000000 -0.86600000
vn -1.00000000 -0.00000000 -0.00000000
vn -1.00000000 -0.00000000 -0.00000000
vn -0.00000000 0.50000000 0.86600000
vn -0.00000000 -0.50000000 -0.86600000
vn -1.00000000 -0.00000000 -0.00000000
vn -0.00000000 0.50000000 0.86600000
vn 1.00000000 -0.00000000 -0.00000000
vn 1.00000000 -0.00000000 -0.00000000
vn -0.00000000 -0.50000000 -0.86600000
vn 1.00000000 -0.00000000 -0.00000000
vn -0.00000000 0.50000000 0.86600000
vn -0.00000000 -0.50000000 -0.86600000
vn 1.00000000 -0.00000000 -0.00000000
vn 1.00000000 -0.00000000 -0.00000000
vn -0.00000000 0.50000000 0.86600000
vn 1.00000000 -0.00000000 -0.00000000
vn -0.00000000 -0.50000000 -0.86600000
vn 1.00000000 -0.00000000 -0.00000000
vn -0.00000000 0.50000000 0.86600000
vn -0.00000000 -0.50000000 -0.86600000
vn 1.00000000 -0.00000000 -0.00000000
vn -0.00000000 0.50000000 0.86600000
vn -1.00000000 -0.00000000 -0.00000000
vn -0.00000000 -0.50000000 -0.86600000
vn -1.00000000 -0.00000000 -0.00000000
vn -0.00000000 0.50000000 0.86600000
vn -1.00000000 -0.00000000 -0.00000000
vn -1.00000000 -0.00000000 -0.00000000
vn -0.00000000 -0.50000000 -0.86600000
vn -0.00000000 0.50000000 0.86600000
vn 1.00000000 -0.00000000 -0.00000000
vn -0.00000000 0.50000000 0.86600000
vn 0.86600000 -0.43300000 0.25000000
vn 0.50000000 -0.75000000 0.43300000
vn -0.00000000 0.50000000 0.86600000
vn -0.00000000 -0.86600000 0.50000000
vn -0.00000000 0.50000000 0.86600000
vn -0.50000000 -0.75000000 0.43300000
vn -0.00000000 0.50000000 0.86600000
vn -0.00000000 0.50000000 0.86600000
vn -0.86600000 -0.43300000 0.25000000
vn -0.00000000 0.50000000 0.86600000
vn -1.00000000 -0.00000000 -0.00000000
vn -0.00000000 0.50000000 0.86600000
vn -0.86600000 0.43300000 -0.25000000
vn -0.00000000 0.50000000 0.86600000
vn -0.50000000 0.75000000 -0.43300000
vn -0.00000000 0.86600000 -0.50000000
vn -0.00000000 0.86600000 -0.50000000
vn -0.00000000 0.50000000 0.86600000
vn -0.00000000 0.50000000 0.86600000
vn 0.50000000 0.75000000 -0.43300000
vn -0.00000000 0.50000000 0.86600000
vn 0.86600000 0.43300000 -0.25000000
vn 1.00000000 -0.00000000 -0.00000000
vn -0.00000000 -0.50000000 -0.86600000
vn -0.00000000 -0.50000000 -0.86600000
vn 0.86600000 -0.43300000 0.25000000
vn 0.50000000 -0.75000000 0.43300000
vn -0.00000000 -0.50000000 -0.86600000
vn -0.00000000 -0.86600000 0.50000000
vn -0.00000000 -0.50000000 -0.86600000
vn -0.50000000 -0.75000000 0.43300000
vn -0.00000000 -0.50000000 -0.86600000
vn -0.86600000 -0.43300000 0.25000000
vn -0.00000000 -0.50000000 -0.86600000
vn -1.00000000 -0.00000000 -0.00000000
vn -0.00000000 -0.50000000 -0.86600000
vn -0.86600000 0.43300000 -0.25000000
vn -0.00000000 -0.50000000 -0.86600000
vn -0.00000000 -0.50000000 -0.86600000
vn -0.50000000 0.75000000 -0.43300000
vn -0.00000000 -0.50000000 -0.86600000
vn -0.00000000 0.86600000 -0.50000000
vn -0.00000000 0.86600000 -0.50000000
vn -0.00000000 -0.50000000 -0.86600000
vn 0.50000000 0.75000000 -0.43300000
vn 0.86600000 0.43300000 -0.25000000
vn -0.00000000 -0.50000000 -0.86600000
vn -0.00000000 0.50000000 0.86600000
vn 1.00000000 -0.00000000 -0.00000000
vn -0.00000000 -0.50000000 -0.86600000
vn 1.00000000 -0.00000000 -0.00000000
vn 1.00000000 -0.00000000 -0.00000000
vn -0.00000000 0.50000000 0.86600000
vn -0.00000000 -0.50000000 -0.86600000
vn 1.00000000 -0.00000000 -0.00000000
vn -0.00000000 0.50000000 0.86600000
vn -1.00000000 -0.00000000 -0.00000000
vn -0.00000000 -0.50000000 -0.86600000
vn -1.00000000 -0.00000000 -0.00000000
vn -0.00000000 0.50000000 0.86600000
vn -1.00000000 -0.00000000 -0.00000000
vn -0.00000000 -0.50000000 -0.86600000
vn -1.00000000 -0.00000000 -0.00000000
vt 0.34489300 0.30708500
vt 0.34561300 0.30682100
vt 0.34633200 0.30655700
vt 0.34705100 0.30629300
vt 0.34777000 0.30602900
vt 0.34849000 0.30576500
vt 0.34920900 0.30550100
vt 0.34992800 0.30523700
vt 0.35064800 0.30497300
vt 0.34273500 0.30787700
vt 0.35136700 0.30470900
vt 0.34345500 0.30761300
vt 0.34417400 0.30734900
vt 0.34649800 0.31145800
vt 0.34721700 0.31119400
vt 0.34793600 0.31093000
vt 0.34865600 0.31066600
vt 0.35009400 0.31013800
vt 0.35081300 0.30987400
vt 0.35225200 0.30934600
vt 0.34505900 0.31198600
vt 0.18825000 0.55742100
vt 0.10019800 0.36389400
vt 0.17738500 0.55459500
vt 0.10057800 0.36322900
vt 0.09284900 0.35969700
vt 0.18519800 0.06536300
vt 0.18639900 0.54916300
vt 0.17553400 0.56285400
vt 0.09322900 0.35903200
vt 0.18549600 0.06606800
vt 0.17976600 0.55742100
vt 0.19731000 0.06025500
vt 0.19760700 0.06096000
vt 0.16890200 0.55459500
vt 0.18267700 0.54916300
vt 0.18862800 0.06391600
vt 0.18892500 0.06462000
vt 0.17181200 0.56285400
vt 0.18086700 0.55060600
vt 0.19094900 0.06293600
vt 0.17000200 0.56141000
vt 0.19124600 0.06364100
vt 0.19014400 0.06327600
vt 0.18121400 0.54980500
vt 0.18943300 0.06357600
vt 0.18181800 0.54932300
vt 0.17095300 0.56269300
vt 0.18973000 0.06428100
vt 0.17035000 0.56221200
vt 0.19044100 0.06398100
vt 0.84053800 0.59090900
vt 0.30560300 0.55781100
vt 0.30890600 0.55872300
vt 0.83736300 0.59219900
vt 0.43428800 0.37368900
vt 0.83707500 0.59149000
vt 0.43277900 0.37061200
vt 0.84025000 0.59020100
vt 0.84298700 0.58991500
vt 0.30492700 0.55562700
vt 0.84269900 0.58920600
vt 0.43050800 0.37035200
vt 0.43125500 0.37499700
vt 0.84766500 0.58718900
vt 0.30963000 0.55550000
vt 0.84795300 0.58789800
vt 0.30478000 0.55615700
vt 0.84247800 0.59012200
vt 0.84219000 0.58941300
vt 0.43100200 0.37011000
vt 0.30648200 0.55463100
vt 0.84492700 0.58912700
vt 0.42981700 0.37206500
vt 0.84463900 0.58841800
vt 0.84463900 0.58841800
vt 0.84118800 0.59064500
vt 0.30498400 0.55748100
vt 0.30470900 0.55693000
vt 0.84175900 0.59041300
vt 0.43174800 0.36989700
vt 0.84147100 0.58970500
vt 0.84090000 0.58993600
vt 0.43234000 0.37006400
vt 0.84370600 0.58962300
vt 0.30526200 0.55492800
vt 0.30578100 0.55459500
vt 0.84427700 0.58939100
vt 0.84398900 0.58868200
vt 0.42965200 0.37138200
vt 0.84341800 0.58891400
vt 0.42988300 0.37081100
vt 0.70700000 0.17976600
vt 0.00653200 0.67790800
vt 0.71083200 0.42965200
vt 0.78275200 0.06596900
vt 0.00621600 0.67410600
vt 0.71248500 0.43309700
vt 0.71042600 0.43410500
vt 0.78501500 0.06631200
vt 0.70696200 0.18217000
vt 0.70875900 0.43063400
vt 0.35764500 0.46786300
vt 0.00624800 0.67793100
vt 0.70670000 0.17978000
vt 0.00593200 0.67413000
vt 0.35383500 0.46767800
vt 0.78279500 0.06568800
vt 0.78505700 0.06603000
vt 0.35372500 0.46996400
vt 0.70696200 0.18218900
vt 0.35753500 0.47014900
vt 0.70909600 0.43133300
vt 0.20985100 0.56592300
vt 0.71047100 0.43067600
vt 0.44837700 0.52336900
vt 0.21130800 0.56638600
vt 0.20984200 0.57100300
vt 0.71146100 0.43274100
vt 0.44619600 0.52408200
vt 0.20838500 0.57054000
vt 0.71009000 0.43340700
vt 0.20967400 0.56648100
vt 0.21113100 0.56694400
vt 0.44820100 0.52281000
vt 0.44601900 0.52352400
vt 0.21001900 0.57044400
vt 0.20856200 0.56998200
vt 0.44676700 0.52208000
vt 0.21057700 0.56868900
vt 0.20912000 0.56822600
vt 0.20947900 0.56709500
vt 0.20947900 0.56709500
vt 0.20931700 0.56760500
vt 0.20931700 0.56760500
vt 0.21077400 0.56806700
vt 0.44741500 0.52200200
vt 0.21077400 0.56806700
vt 0.21093600 0.56755800
vt 0.44789000 0.52224600
vt 0.21093600 0.56755800
vt 0.21021500 0.56982800
vt 0.44594900 0.52288000
vt 0.21021500 0.56982800
vt 0.21037900 0.56931300
vt 0.21037900 0.56931300
vt 0.44619600 0.52240000
vt 0.20875800 0.56936500
vt 0.20875800 0.56936500
vt 0.20892100 0.56885000
vt 0.20892100 0.56885000
vt 0.31743300 0.62633700
vt 0.01136500 0.80554400
vt 0.01652300 0.80559300
vt 0.31669600 0.62715800
vt 0.01264000 0.80580500
vt 0.01395000 0.80593100
vt 0.31751700 0.62789500
vt 0.31825400 0.62707400
vt 0.01523300 0.80571100
vt 0.01652200 0.76291400
vt 0.01136500 0.76287200
vt 0.01652200 0.76291400
vt 0.01136500 0.76287200
vt 0.01261500 0.76313100
vt 0.01261500 0.76313100
vt 0.01395000 0.76326000
vt 0.01395000 0.76326000
vt 0.01526700 0.76305200
vt 0.01526700 0.76305200
vt 0.01637400 0.76104500
vt 0.01162600 0.76102300
vt 0.06504600 0.06178700
vt 0.06025700 0.06123700
vt 0.06154100 0.06113700
vt 0.01286200 0.76127900
vt 0.01397200 0.76139500
vt 0.06266500 0.06115100
vt 0.01508800 0.76120700
vt 0.06377800 0.06147300
vt 0.34570800 0.09443000
vt 0.31600500 0.62594500
vt 0.31630400 0.62858500
vt 0.34587300 0.09749000
vt 0.31894400 0.62828700
vt 0.34603700 0.10054900
vt 0.34620200 0.10360800
vt 0.31864600 0.62564700
vt 0.34276000 0.63705000
vt 0.34290000 0.09606400
vt 0.34273500 0.09300500
vt 0.34370600 0.63953300
vt 0.34339500 0.10524200
vt 0.34323000 0.10218300
vt 0.34618900 0.63858800
vt 0.34306500 0.09912300
vt 0.34524300 0.63610500
vt 0.31721800 0.62525500
vt 0.34562300 0.09284900
vt 0.34628200 0.10508600
vt 0.31561300 0.62737200
vt 0.34578800 0.09590900
vt 0.34595200 0.09896800
vt 0.31773100 0.62897700
vt 0.34611700 0.10202700
vt 0.31933600 0.62685900
vt 0.34376300 0.63608000
vt 0.34298500 0.09764500
vt 0.34282100 0.09458600
vt 0.34273500 0.63853000
vt 0.34518600 0.63955800
vt 0.34331500 0.10376400
vt 0.34621400 0.63710800
vt 0.34315000 0.10070500
vt 0.34567800 0.09387200
vt 0.31625600 0.62544500
vt 0.34565300 0.09340800
vt 0.31666100 0.62521500
vt 0.34584300 0.09693200
vt 0.31580400 0.62833400
vt 0.34581800 0.09646700
vt 0.31557400 0.62793000
vt 0.34600700 0.09999100
vt 0.31869300 0.62878700
vt 0.34598200 0.09952600
vt 0.31828900 0.62901700
vt 0.31914500 0.62589800
vt 0.34617200 0.10305000
vt 0.34614700 0.10258500
vt 0.31937500 0.62630200
vt 0.34293100 0.09662200
vt 0.34287900 0.63650400
vt 0.34295500 0.09708700
vt 0.34321300 0.63618000
vt 0.34276600 0.09356300
vt 0.34315900 0.63941500
vt 0.34283600 0.63908000
vt 0.34279100 0.09402800
vt 0.34607000 0.63913400
vt 0.34326000 0.10274100
vt 0.34328500 0.10320600
vt 0.34573600 0.63945800
vt 0.34579000 0.63622400
vt 0.34309500 0.09968200
vt 0.34611300 0.63655800
vt 0.34312000 0.10014600
vt 0.31682600 0.62668200
vt 0.01216400 0.80567300
vt 0.01344200 0.80592600
vt 0.31704100 0.62776400
vt 0.01475800 0.80583500
vt 0.31812300 0.62755000
vt 0.01603000 0.80559600
vt 0.31790900 0.62646800
vt 0.01213100 0.76301200
vt 0.01213100 0.76301200
vt 0.01344200 0.76325400
vt 0.01344200 0.76325400
vt 0.01478100 0.76316000
vt 0.01478100 0.76316000
vt 0.01603100 0.76293300
vt 0.01603100 0.76293300
vt 0.06106300 0.06118300
vt 0.01239900 0.76117600
vt 0.06221900 0.06110300
vt 0.01352100 0.76138900
vt 0.06332000 0.06132700
vt 0.01462300 0.76129600
vt 0.06455800 0.06169000
vt 0.01587900 0.76108100
vt 0.01165000 0.80556100
vt 0.31715400 0.62631700
vt 0.31695200 0.62643200
vt 0.01188800 0.80560600
vt 0.01291400 0.80587000
vt 0.31667600 0.62743700
vt 0.01315100 0.80591000
vt 0.31679100 0.62763900
vt 0.31779500 0.62791400
vt 0.01424500 0.80592500
vt 0.31799800 0.62780000
vt 0.01448500 0.80589200
vt 0.31827300 0.62679500
vt 0.01550900 0.80565200
vt 0.01574600 0.80561300
vt 0.31815800 0.62659300
vt 0.01163900 0.76290100
vt 0.01163900 0.76290100
vt 0.01186200 0.76294500
vt 0.01186200 0.76294500
vt 0.01290000 0.76319600
vt 0.01290000 0.76319600
vt 0.01314600 0.76323600
vt 0.01314600 0.76323600
vt 0.01424400 0.76325100
vt 0.01424400 0.76325100
vt 0.01449300 0.76321800
vt 0.01449300 0.76321800
vt 0.01553600 0.76299200
vt 0.01553600 0.76299200
vt 0.01575800 0.76295400
vt 0.01575800 0.76295400
vt 0.01213200 0.76110900
vt 0.06078200 0.06121700
vt 0.01190300 0.76106400
vt 0.06054100 0.06123300
vt 0.06198300 0.06109400
vt 0.01328700 0.76137100
vt 0.06178900 0.06110600
vt 0.01310000 0.76133700
vt 0.01438800 0.76135100
vt 0.06308500 0.06124500
vt 0.01420600 0.76138200
vt 0.06289800 0.06119200
vt 0.06427600 0.06163100
vt 0.01559400 0.76110700
vt 0.06404500 0.06156500
vt 0.01536000 0.76114600
vt 0.34845600 0.31679400
vt 0.32977100 0.63250000
vt 0.34917500 0.31653000
vt 0.32957300 0.63176000
vt 0.32903100 0.63121800
vt 0.34989400 0.31626600
vt 0.35061400 0.31600200
vt 0.32829100 0.63102000
vt 0.35133300 0.31573800
vt 0.32755100 0.63121800
vt 0.34937500 0.31040200
vt 0.35205200 0.31547400
vt 0.32700900 0.63176000
vt 0.35277100 0.31521000
vt 0.32681100 0.63250000
vt 0.32700900 0.63324000
vt 0.35349100 0.31494600
vt 0.35153300 0.30961000
vt 0.32755100 0.63378200
vt 0.35421000 0.31468200
vt 0.35492900 0.31441800
vt 0.34629800 0.31758500
vt 0.32829100 0.63398000
vt 0.35297100 0.30908200
vt 0.34434000 0.31225000
vt 0.34701700 0.31732100
vt 0.32903100 0.63378200
vt 0.32957300 0.63324000
vt 0.34773700 0.31705700
vt 0.34577900 0.31172200
vt 0.04940600 0.88596600
vt 0.19911400 0.54916300
vt 0.19726300 0.55742100
vt 0.99645700 0.07528500
vt 0.04395800 0.89244300
vt 0.99621500 0.07601100
vt 0.20812800 0.52743400
vt 0.04454400 0.89293600
vt 0.04999100 0.88645900
vt 0.20997900 0.53569200
vt 0.98399000 0.07112000
vt 0.19063100 0.54916300
vt 0.20149500 0.53569200
vt 0.98374800 0.07184600
vt 0.99029500 0.07403300
vt 0.20259600 0.52887700
vt 0.99029500 0.07403300
vt 0.99053800 0.07330800
vt 0.19173200 0.55597800
vt 0.99268500 0.07483100
vt 0.20440600 0.52743400
vt 0.20354700 0.52759400
vt 0.99185600 0.07455500
vt 0.20294400 0.52807500
vt 0.99112400 0.07431000
vt 0.19354100 0.55742100
vt 0.99292700 0.07410600
vt 0.99136600 0.07358400
vt 0.19207900 0.55678000
vt 0.99209800 0.07382900
vt 0.19268200 0.55726100
vt 0.42206000 0.27973200
vt 0.36753800 0.39227600
vt 0.42346000 0.28286000
vt 0.36923400 0.39525300
vt 0.39518800 0.13569100
vt 0.42415800 0.28254700
vt 0.42275800 0.27942000
vt 0.39225100 0.13392500
vt 0.42012400 0.27540900
vt 0.36467100 0.39391000
vt 0.39395100 0.13109700
vt 0.42082200 0.27509600
vt 0.41948600 0.27211500
vt 0.39675000 0.13278000
vt 0.36628800 0.39674700
vt 0.41878800 0.27242800
vt 0.42120400 0.27782100
vt 0.36573300 0.39188500
vt 0.39190200 0.13211200
vt 0.42190300 0.27750900
vt 0.42167800 0.27700700
vt 0.39218500 0.13164000
vt 0.36525500 0.39215700
vt 0.42097900 0.27731900
vt 0.39162600 0.13283700
vt 0.42222000 0.27821700
vt 0.42247100 0.27877900
vt 0.39174200 0.13344100
vt 0.42110900 0.27573700
vt 0.39328500 0.13087500
vt 0.39269600 0.13105600
vt 0.42136100 0.27629900
vt 0.36706600 0.39175700
vt 0.42177300 0.27909100
vt 0.36646400 0.39162600
vt 0.42152100 0.27852900
vt 0.42066200 0.27661100
vt 0.36465900 0.39265500
vt 0.36446500 0.39323900
vt 0.42041100 0.27604900
vt 0.35361400 0.47224900
vt 0.78732000 0.06637200
vt 0.35361400 0.47224900
vt 0.35742400 0.47243400
vt 0.70730900 0.17979100
vt 0.35742400 0.47243400
vt 0.70670000 0.43164200
vt 0.70701100 0.17976600
vt 0.35741000 0.47271900
vt 0.70835300 0.43508600
vt 0.35360000 0.47253400
vt 0.78727700 0.06665400
vt 0.70772500 0.43199900
vt 0.20839400 0.56546000
vt 0.53522400 0.45723500
vt 0.20692800 0.57007700
vt 0.70871500 0.43406400
vt 0.53296800 0.45681400
vt 0.20821600 0.56601800
vt 0.53512200 0.45781200
vt 0.53286600 0.45739100
vt 0.20710500 0.56951900
vt 0.53444900 0.45871700
vt 0.20786000 0.56714200
vt 0.20786000 0.56714200
vt 0.20766200 0.56776300
vt 0.53379700 0.45872400
vt 0.53318800 0.45848100
vt 0.20746400 0.56838800
vt 0.20746400 0.56838800
vt 0.53488800 0.45841200
vt 0.20802100 0.56663200
vt 0.20802100 0.56663200
vt 0.20730100 0.56890200
vt 0.20730100 0.56890200
vt 0.53288100 0.45803700
vt 0.99513100 0.71994100
vt 0.29970800 0.64224200
vt 0.99237200 0.71907600
vt 0.30022900 0.60162800
vt 0.99192900 0.72048800
vt 0.29946600 0.60036000
vt 0.29931600 0.64366900
vt 0.99468800 0.72135300
vt 0.99421500 0.72286400
vt 0.30000700 0.64488200
vt 0.29980200 0.59900600
vt 0.99145600 0.72199900
vt 0.99101300 0.72341100
vt 0.30107100 0.59824300
vt 0.30143400 0.64527400
vt 0.99377200 0.72427600
vt 0.99329900 0.72578700
vt 0.30264700 0.64458400
vt 0.30242500 0.59857900
vt 0.99053900 0.72492200
vt 0.99009700 0.72633500
vt 0.30318800 0.59984700
vt 0.99285600 0.72720000
vt 0.30303900 0.64315700
vt 0.30234900 0.64194400
vt 0.99238200 0.72871100
vt 0.30285100 0.60120200
vt 0.98962300 0.72784500
vt 0.99284600 0.71756500
vt 0.30158300 0.60196500
vt 0.98918000 0.72925800
vt 0.99193900 0.73012300
vt 0.30092100 0.64155200
vt 0.99560500 0.71843000
vt 0.30082000 0.60069700
vt 0.06567200 0.01692000
vt 0.06103800 0.05932800
vt 0.06103800 0.05932800
vt 0.06153400 0.05926700
vt 0.06153400 0.05926700
vt 0.06614700 0.01684200
vt 0.30056600 0.60027400
vt 0.30073400 0.59959700
vt 0.06691800 0.01681500
vt 0.06238400 0.05924500
vt 0.06238400 0.05924500
vt 0.06289700 0.05929900
vt 0.06289700 0.05929900
vt 0.06740600 0.01686800
vt 0.30115700 0.59934300
vt 0.30183400 0.59951100
vt 0.06815500 0.01705700
vt 0.06372200 0.05950100
vt 0.06372200 0.05950100
vt 0.06419500 0.05966500
vt 0.06419500 0.05966500
vt 0.30208800 0.59993400
vt 0.06860300 0.01723400
vt 0.06935500 0.01743900
vt 0.30192000 0.60061000
vt 0.06494800 0.05987300
vt 0.06494800 0.05987300
vt 0.06025500 0.05937200
vt 0.06543300 0.05994900
vt 0.06543300 0.05994900
vt 0.06025500 0.05937200
vt 0.30149700 0.60086500
vt 0.06984500 0.01749500
vt 0.06489500 0.01695600
vt 0.99529800 0.71940700
vt 0.29995900 0.64174200
vt 0.30060600 0.60204100
vt 0.99253900 0.71854200
vt 0.29927700 0.59983400
vt 0.99176200 0.72102200
vt 0.29927700 0.64422700
vt 0.99452100 0.72188700
vt 0.99084600 0.72394500
vt 0.30159700 0.59805400
vt 0.30199200 0.64531400
vt 0.99360500 0.72481000
vt 0.30337700 0.60037400
vt 0.98992900 0.72686800
vt 0.99268800 0.72773300
vt 0.30307800 0.64259900
vt 0.99543700 0.71896300
vt 0.30036400 0.64151200
vt 0.99267800 0.71809800
vt 0.30105700 0.60215400
vt 0.99162300 0.72146600
vt 0.29938900 0.59938200
vt 0.99438200 0.72233000
vt 0.29950700 0.64463100
vt 0.99070700 0.72438900
vt 0.30204800 0.59816600
vt 0.30239600 0.64508400
vt 0.99346600 0.72525400
vt 0.98979000 0.72731200
vt 0.30326500 0.60082500
vt 0.30284800 0.64219500
vt 0.99254900 0.72817700
vt 0.06540300 0.01695400
vt 0.30100800 0.60090300
vt 0.06076100 0.05936200
vt 0.06076100 0.05936200
vt 0.06182900 0.05923700
vt 0.06182900 0.05923700
vt 0.06641400 0.01681000
vt 0.30047100 0.60001100
vt 0.06319600 0.05934600
vt 0.06319600 0.05934600
vt 0.30142000 0.59924800
vt 0.06768100 0.01690800
vt 0.06445900 0.05975700
vt 0.06445900 0.05975700
vt 0.06885800 0.01732400
vt 0.30218200 0.60019700
vt 0.06517400 0.01697100
vt 0.30123400 0.60095900
vt 0.06053300 0.05937800
vt 0.06053300 0.05937800
vt 0.06208200 0.05922700
vt 0.06208200 0.05922700
vt 0.06664100 0.01679700
vt 0.30052700 0.59978500
vt 0.06344100 0.05941000
vt 0.06344100 0.05941000
vt 0.30164500 0.59930400
vt 0.06790000 0.01696900
vt 0.06467800 0.05982100
vt 0.06467800 0.05982100
vt 0.06907900 0.01738900
vt 0.30212600 0.60042200
vt 0.01136500 0.74249200
vt 0.33014400 0.63250000
vt 0.01136500 0.74153300
vt 0.32989500 0.63157400
vt 0.32921700 0.63089600
vt 0.01136500 0.74057400
vt 0.01136500 0.73961500
vt 0.32829100 0.63064800
vt 0.32736500 0.63089600
vt 0.01136500 0.73865700
vt 0.01136500 0.73769800
vt 0.32668700 0.63157400
vt 0.32643800 0.63250000
vt 0.01136500 0.73673900
vt 0.01136500 0.73578000
vt 0.32668700 0.63342700
vt 0.32736500 0.63410500
vt 0.01136500 0.73482100
vt 0.01136500 0.73386200
vt 0.32829100 0.63435300
vt 0.01136500 0.74536900
vt 0.32921700 0.63410500
vt 0.01136500 0.74441000
vt 0.01136500 0.74345100
vt 0.32989500 0.63342700
vt 0.32471100 0.63250000
vt 0.01239200 0.74249200
vt 0.01239200 0.74153300
vt 0.32446300 0.63342700
vt 0.32378500 0.63410500
vt 0.01239200 0.74057400
vt 0.32285900 0.63435300
vt 0.01239200 0.73961500
vt 0.01239200 0.73865700
vt 0.32193200 0.63410500
vt 0.32125400 0.63342700
vt 0.01239200 0.73769800
vt 0.32100600 0.63250000
vt 0.01239200 0.73673900
vt 0.32125400 0.63157400
vt 0.01239200 0.73578000
vt 0.32193200 0.63089600
vt 0.01239200 0.73482100
vt 0.01239200 0.74536900
vt 0.01239200 0.73386200
vt 0.32285900 0.63064800
vt 0.01239200 0.74441000
vt 0.32378500 0.63089600
vt 0.01239200 0.74345100
vt 0.32446300 0.63157400
vt 0.19065400 0.86519900
vt 0.27969800 0.85826500
vt 0.03309400 0.01679700
vt 0.00836700 0.69040300
vt 0.27969800 0.76086300
vt 0.28800900 0.86217100
vt 0.19063100 0.75318700
vt 0.27916000 0.85826500
vt 0.03309400 0.12880900
vt 0.00836800 0.80241500
vt 0.28798600 0.75015800
vt 0.27916000 0.76086300
vt 0.28213400 0.85826500
vt 0.56310000 0.53789400
vt 0.03552900 0.01679700
vt 0.28213400 0.76086300
vt 0.00593200 0.69040300
vt 0.56002800 0.44054000
vt 0.27672500 0.85826500
vt 0.03552900 0.12880900
vt 0.67511300 0.53787000
vt 0.27672500 0.76086300
vt 0.67204000 0.44051700
vt 0.00593200 0.80241500
vt 0.49038200 0.68497100
vt 0.19209100 0.86371600
vt 0.53829800 0.06666200
vt 0.74570000 0.31557400
vt 0.49038200 0.79406100
vt 0.19211400 0.75462500
vt 0.28654800 0.75164200
vt 0.29927700 0.79904900
vt 0.74570000 0.41005400
vt 0.28652500 0.86073300
vt 0.40836700 0.79904900
vt 0.63277800 0.06666200
vt 0.56453800 0.53641000
vt 0.27521200 0.85826500
vt 0.29927700 0.81088800
vt 0.29927700 0.80448200
vt 0.56151200 0.44197800
vt 0.27521200 0.76378500
vt 0.40836700 0.80448200
vt 0.67060200 0.44200100
vt 0.27467300 0.76378500
vt 0.67362900 0.53643300
vt 0.27467300 0.85826500
vt 0.40836700 0.81088800
vt 0.38832500 0.68497100
vt 0.53829800 0.06568800
vt 0.48940800 0.68497100
vt 0.38832500 0.79406100
vt 0.48940800 0.79406100
vt 0.74472600 0.31557400
vt 0.29927700 0.80002400
vt 0.74472600 0.41005400
vt 0.29384500 0.79406100
vt 0.63277800 0.06568800
vt 0.29384500 0.68497100
vt 0.40836700 0.80002300
vt 0.39162600 0.68497100
vt 0.29927700 0.80991400
vt 0.27618600 0.85826500
vt 0.48610600 0.68497100
vt 0.29927700 0.80545600
vt 0.27618600 0.76378500
vt 0.48610600 0.79406100
vt 0.27369900 0.76378500
vt 0.40836700 0.80545600
vt 0.40836700 0.80991400
vt 0.27369900 0.85826500
vt 0.39162600 0.79406100
vt 0.03309400 0.01679700
vt 0.19065400 0.86519900
vt 0.27969800 0.85826500
vt 0.00836700 0.69040300
vt 0.27969800 0.76086300
vt 0.28800900 0.86217100
vt 0.19063100 0.75318700
vt 0.27916000 0.85826500
vt 0.03309400 0.12880900
vt 0.28798600 0.75015800
vt 0.00836800 0.80241500
vt 0.27916000 0.76086300
vt 0.56310000 0.53789400
vt 0.03552900 0.01679700
vt 0.28213400 0.85826500
vt 0.00593200 0.69040300
vt 0.56002800 0.44054000
vt 0.28213400 0.76086300
vt 0.27672500 0.85826500
vt 0.03552900 0.12880900
vt 0.67511300 0.53787000
vt 0.00593200 0.80241500
vt 0.27672500 0.76086300
vt 0.67204000 0.44051700
vt 0.19209100 0.86371600
vt 0.49038200 0.68497100
vt 0.53829800 0.06666200
vt 0.49038200 0.79406100
vt 0.74570000 0.31557400
vt 0.19211400 0.75462500
vt 0.74570000 0.41005400
vt 0.29927700 0.79904900
vt 0.28654800 0.75164200
vt 0.28652500 0.86073300
vt 0.63277800 0.06666200
vt 0.40836700 0.79904900
vt 0.56453800 0.53641000
vt 0.29927700 0.81088800
vt 0.27521200 0.85826500
vt 0.29927700 0.80448200
vt 0.56151200 0.44197800
vt 0.27521200 0.76378500
vt 0.67060200 0.44200100
vt 0.40836700 0.80448200
vt 0.27467300 0.76378500
vt 0.27467300 0.85826500
vt 0.40836700 0.81088800
vt 0.67362900 0.53643300
vt 0.53829800 0.06568800
vt 0.48940800 0.68497100
vt 0.38832500 0.68497100
vt 0.48940800 0.79406100
vt 0.38832500 0.79406100
vt 0.74472600 0.31557400
vt 0.29927700 0.80002400
vt 0.29384500 0.79406100
vt 0.74472600 0.41005400
vt 0.29384500 0.68497100
vt 0.40836700 0.80002300
vt 0.63277800 0.06568800
vt 0.29927700 0.80991400
vt 0.39162600 0.68497100
vt 0.27618600 0.85826500
vt 0.27618600 0.76378500
vt 0.29927700 0.80545600
vt 0.48610600 0.68497100
vt 0.48610600 0.79406100
vt 0.40836700 0.80545600
vt 0.27369900 0.76378500
vt 0.27369900 0.85826500
vt 0.39162600 0.79406100
vt 0.40836700 0.80991400
vt 0.19065400 0.86519900
vt 0.03309400 0.01679700
vt 0.27969800 0.85826500
vt 0.28800900 0.86217100
vt 0.27969800 0.76086300
vt 0.00836700 0.69040300
vt 0.27916000 0.85826500
vt 0.19063100 0.75318700
vt 0.03309400 0.12880900
vt 0.28798600 0.75015800
vt 0.00836800 0.80241500
vt 0.27916000 0.76086300
vt 0.03552900 0.01679700
vt 0.56310000 0.53789400
vt 0.28213400 0.85826500
vt 0.00593200 0.69040300
vt 0.56002800 0.44054000
vt 0.28213400 0.76086300
vt 0.67511300 0.53787000
vt 0.27672500 0.85826500
vt 0.03552900 0.12880900
vt 0.67204000 0.44051700
vt 0.27672500 0.76086300
vt 0.00593200 0.80241500
vt 0.19209100 0.86371600
vt 0.49038200 0.68497100
vt 0.53829800 0.06666200
vt 0.19211400 0.75462500
vt 0.74570000 0.31557400
vt 0.49038200 0.79406100
vt 0.74570000 0.41005400
vt 0.29927700 0.79904900
vt 0.28654800 0.75164200
vt 0.40836700 0.79904900
vt 0.63277800 0.06666200
vt 0.28652500 0.86073300
vt 0.27521200 0.85826500
vt 0.56453800 0.53641000
vt 0.29927700 0.81088800
vt 0.27521200 0.76378500
vt 0.56151200 0.44197800
vt 0.29927700 0.80448200
vt 0.40836700 0.80448200
vt 0.67060200 0.44200100
vt 0.27467300 0.76378500
vt 0.67362900 0.53643300
vt 0.40836700 0.81088800
vt 0.27467300 0.85826500
vt 0.38832500 0.68497100
vt 0.48940800 0.68497100
vt 0.53829800 0.06568800
vt 0.38832500 0.79406100
vt 0.48940800 0.79406100
vt 0.74472600 0.31557400
vt 0.29384500 0.79406100
vt 0.74472600 0.41005400
vt 0.29927700 0.80002400
vt 0.40836700 0.80002300
vt 0.63277800 0.06568800
vt 0.29384500 0.68497100
vt 0.39162600 0.68497100
vt 0.27618600 0.85826500
vt 0.29927700 0.80991400
vt 0.27618600 0.76378500
vt 0.29927700 0.80545600
vt 0.48610600 0.68497100
vt 0.48610600 0.79406100
vt 0.27369900 0.76378500
vt 0.40836700 0.80545600
vt 0.27369900 0.85826500
vt 0.40836700 0.80991400
vt 0.39162600 0.79406100
vt 0.33730300 0.63152700
vt 0.36446500 0.64457000
vt 0.33492300 0.63152700
vt 0.36776600 0.64457000
vt 0.36446500 0.64151200
vt 0.33882900 0.63417600
vt 0.36776600 0.64151200
vt 0.33339700 0.63417600
vt 0.35903200 0.64151200
vt 0.33882900 0.63064800
vt 0.36233400 0.64151200
vt 0.33339700 0.63064800
vt 0.35903200 0.64457000
vt 0.34035500 0.63329700
vt 0.33187100 0.63329700
vt 0.36233400 0.64457000
vt 0.14863200 0.54373100
vt 0.18141400 0.77754700
vt 0.18098400 0.77732000
vt 0.14899200 0.54373100
vt 0.14948900 0.54373100
vt 0.18049700 0.77732300
vt 0.15009200 0.54373100
vt 0.18006500 0.77754900
vt 0.17979200 0.77795200
vt 0.15069600 0.54373100
vt 0.15119200 0.54373100
vt 0.17976600 0.77843700
vt 0.18001700 0.77885400
vt 0.15155200 0.54373100
vt 0.15191200 0.54373100
vt 0.18044700 0.77908100
vt 0.15240900 0.54373100
vt 0.18093400 0.77907800
vt 0.14717200 0.54373100
vt 0.18136600 0.77885200
vt 0.15301200 0.54373100
vt 0.14777600 0.54373100
vt 0.18163900 0.77844900
vt 0.14827300 0.54373100
vt 0.18166500 0.77796400
vt 0.14863200 0.55446900
vt 0.17544000 0.84794900
vt 0.17585200 0.84820800
vt 0.14899200 0.55446900
vt 0.17609300 0.84863100
vt 0.14948900 0.55446900
vt 0.15009200 0.55446900
vt 0.17611300 0.84911800
vt 0.15069600 0.55446900
vt 0.17590000 0.84955600
vt 0.15119200 0.55446900
vt 0.17549300 0.84982100
vt 0.17500700 0.84981200
vt 0.15155200 0.55446900
vt 0.15191200 0.55446900
vt 0.17459500 0.84955300
vt 0.17435400 0.84913000
vt 0.15240900 0.55446900
vt 0.17433400 0.84864300
vt 0.14717200 0.55446900
vt 0.15301200 0.55446900
vt 0.14777600 0.55446900
vt 0.17454600 0.84820500
vt 0.17495400 0.84794000
vt 0.14827300 0.55446900
vt 0.25581800 0.56546000
vt 0.35360000 0.63913800
vt 0.35690200 0.63913800
vt 0.24257900 0.44771000
vt 0.35360000 0.63608000
vt 0.25581800 0.56851700
vt 0.23952200 0.44771000
vt 0.35690200 0.63608000
vt 0.34816800 0.63608000
vt 0.25758000 0.56546000
vt 0.24257900 0.44594900
vt 0.35146900 0.63608000
vt 0.25758000 0.56851800
vt 0.34816800 0.63913800
vt 0.35146900 0.63913800
vt 0.23952200 0.44594900
vt 0.36446500 0.64457000
vt 0.33730300 0.63152700
vt 0.33492300 0.63152700
vt 0.36776600 0.64457000
vt 0.36446500 0.64151200
vt 0.33882900 0.63417600
vt 0.33339700 0.63417600
vt 0.36776600 0.64151200
vt 0.35903200 0.64151200
vt 0.33882900 0.63064800
vt 0.36233400 0.64151200
vt 0.33339700 0.63064800
vt 0.34035500 0.63329700
vt 0.35903200 0.64457000
vt 0.33187100 0.63329700
vt 0.36233400 0.64457000
vt 0.18141400 0.77754700
vt 0.14863200 0.54373100
vt 0.14899200 0.54373100
vt 0.18098400 0.77732000
vt 0.18049700 0.77732300
vt 0.14948900 0.54373100
vt 0.15009200 0.54373100
vt 0.18006500 0.77754900
vt 0.15069600 0.54373100
vt 0.17979200 0.77795200
vt 0.17976600 0.77843700
vt 0.15119200 0.54373100
vt 0.18001700 0.77885400
vt 0.15155200 0.54373100
vt 0.15191200 0.54373100
vt 0.18044700 0.77908100
vt 0.15240900 0.54373100
vt 0.18093400 0.77907800
vt 0.18136600 0.77885200
vt 0.15301200 0.54373100
vt 0.14717200 0.54373100
vt 0.14777600 0.54373100
vt 0.18163900 0.77844900
vt 0.18166500 0.77796400
vt 0.14827300 0.54373100
vt 0.17544000 0.84794900
vt 0.14863200 0.55446900
vt 0.14899200 0.55446900
vt 0.17585200 0.84820800
vt 0.17609300 0.84863100
vt 0.14948900 0.55446900
vt 0.17611300 0.84911800
vt 0.15009200 0.55446900
vt 0.17590000 0.84955600
vt 0.15069600 0.55446900
vt 0.15119200 0.55446900
vt 0.17549300 0.84982100
vt 0.15155200 0.55446900
vt 0.17500700 0.84981200
vt 0.17459500 0.84955300
vt 0.15191200 0.55446900
vt 0.17435400 0.84913000
vt 0.15240900 0.55446900
vt 0.15301200 0.55446900
vt 0.14717200 0.55446900
vt 0.17433400 0.84864300
vt 0.17454600 0.84820500
vt 0.14777600 0.55446900
vt 0.14827300 0.55446900
vt 0.17495400 0.84794000
vt 0.25581800 0.56546000
vt 0.35360000 0.63913800
vt 0.24257900 0.44771000
vt 0.35690200 0.63913800
vt 0.35360000 0.63608000
vt 0.25581800 0.56851700
vt 0.23952200 0.44771000
vt 0.35690200 0.63608000
vt 0.25758000 0.56546000
vt 0.34816800 0.63608000
vt 0.24257900 0.44594900
vt 0.35146900 0.63608000
vt 0.34816800 0.63913800
vt 0.25758000 0.56851800
vt 0.35146900 0.63913800
vt 0.23952200 0.44594900
vt 0.36446500 0.64457000
vt 0.33730300 0.63152700
vt 0.36776600 0.64457000
vt 0.33492300 0.63152700
vt 0.33882900 0.63417600
vt 0.36446500 0.64151200
vt 0.36776600 0.64151200
vt 0.33339700 0.63417600
vt 0.33882900 0.63064800
vt 0.35903200 0.64151200
vt 0.33339700 0.63064800
vt 0.36233400 0.64151200
vt 0.35903200 0.64457000
vt 0.34035500 0.63329700
vt 0.36233400 0.64457000
vt 0.33187100 0.63329700
vt 0.14863200 0.54373100
vt 0.18141400 0.77754700
vt 0.18098400 0.77732000
vt 0.14899200 0.54373100
vt 0.14948900 0.54373100
vt 0.18049700 0.77732300
vt 0.15009200 0.54373100
vt 0.18006500 0.77754900
vt 0.17979200 0.77795200
vt 0.15069600 0.54373100
vt 0.15119200 0.54373100
vt 0.17976600 0.77843700
vt 0.15155200 0.54373100
vt 0.18001700 0.77885400
vt 0.18044700 0.77908100
vt 0.15191200 0.54373100
vt 0.15240900 0.54373100
vt 0.18093400 0.77907800
vt 0.18136600 0.77885200
vt 0.14717200 0.54373100
vt 0.15301200 0.54373100
vt 0.18163900 0.77844900
vt 0.14777600 0.54373100
vt 0.14827300 0.54373100
vt 0.18166500 0.77796400
vt 0.14863200 0.55446900
vt 0.17544000 0.84794900
vt 0.14899200 0.55446900
vt 0.17585200 0.84820800
vt 0.14948900 0.55446900
vt 0.17609300 0.84863100
vt 0.17611300 0.84911800
vt 0.15009200 0.55446900
vt 0.17590000 0.84955600
vt 0.15069600 0.55446900
vt 0.17549300 0.84982100
vt 0.15119200 0.55446900
vt 0.15155200 0.55446900
vt 0.17500700 0.84981200
vt 0.15191200 0.55446900
vt 0.17459500 0.84955300
vt 0.17435400 0.84913000
vt 0.15240900 0.55446900
vt 0.17433400 0.84864300
vt 0.15301200 0.55446900
vt 0.14717200 0.55446900
vt 0.17454600 0.84820500
vt 0.14777600 0.55446900
vt 0.14827300 0.55446900
vt 0.17495400 0.84794000
vt 0.25581800 0.56546000
vt 0.35360000 0.63913800
vt 0.24257900 0.44771000
vt 0.35690200 0.63913800
vt 0.35360000 0.63608000
vt 0.25581800 0.56851700
vt 0.23952200 0.44771000
vt 0.35690200 0.63608000
vt 0.25758000 0.56546000
vt 0.34816800 0.63608000
vt 0.35146900 0.63608000
vt 0.24257900 0.44594900
vt 0.34816800 0.63913800
vt 0.25758000 0.56851800
vt 0.23952200 0.44594900
vt 0.35146900 0.63913800
vt 0.36446500 0.64457000
vt 0.33730300 0.63152700
vt 0.36776600 0.64457000
vt 0.33492300 0.63152700
vt 0.36446500 0.64151200
vt 0.33882900 0.63417600
vt 0.33339700 0.63417600
vt 0.36776600 0.64151200
vt 0.33882900 0.63064800
vt 0.35903200 0.64151200
vt 0.33339700 0.63064800
vt 0.36233400 0.64151200
vt 0.34035500 0.63329700
vt 0.35903200 0.64457000
vt 0.36233400 0.64457000
vt 0.33187100 0.63329700
vt 0.18141400 0.77754700
vt 0.14863200 0.54373100
vt 0.18098400 0.77732000
vt 0.14899200 0.54373100
vt 0.14948900 0.54373100
vt 0.18049700 0.77732300
vt 0.15009200 0.54373100
vt 0.18006500 0.77754900
vt 0.15069600 0.54373100
vt 0.17979200 0.77795200
vt 0.17976600 0.77843700
vt 0.15119200 0.54373100
vt 0.18001700 0.77885400
vt 0.15155200 0.54373100
vt 0.18044700 0.77908100
vt 0.15191200 0.54373100
vt 0.18093400 0.77907800
vt 0.15240900 0.54373100
vt 0.14717200 0.54373100
vt 0.15301200 0.54373100
vt 0.18136600 0.77885200
vt 0.18163900 0.77844900
vt 0.14777600 0.54373100
vt 0.18166500 0.77796400
vt 0.14827300 0.54373100
vt 0.14863200 0.55446900
vt 0.17544000 0.84794900
vt 0.17585200 0.84820800
vt 0.14899200 0.55446900
vt 0.14948900 0.55446900
vt 0.17609300 0.84863100
vt 0.15009200 0.55446900
vt 0.17611300 0.84911800
vt 0.15069600 0.55446900
vt 0.17590000 0.84955600
vt 0.15119200 0.55446900
vt 0.17549300 0.84982100
vt 0.15155200 0.55446900
vt 0.17500700 0.84981200
vt 0.15191200 0.55446900
vt 0.17459500 0.84955300
vt 0.17435400 0.84913000
vt 0.15240900 0.55446900
vt 0.17433400 0.84864300
vt 0.14717200 0.55446900
vt 0.15301200 0.55446900
vt 0.17454600 0.84820500
vt 0.14777600 0.55446900
vt 0.14827300 0.55446900
vt 0.17495400 0.84794000
vt 0.25581800 0.56546000
vt 0.35360000 0.63913800
vt 0.24257900 0.44771000
vt 0.35690200 0.63913800
vt 0.35360000 0.63608000
vt 0.25581800 0.56851700
vt 0.23952200 0.44771000
vt 0.35690200 0.63608000
vt 0.25758000 0.56546000
vt 0.34816800 0.63608000
vt 0.24257900 0.44594900
vt 0.35146900 0.63608000
vt 0.25758000 0.56851800
vt 0.34816800 0.63913800
vt 0.23952200 0.44594900
vt 0.35146900 0.63913800
f 1/1/1 2/2/2 15/15/15
f 15/15/15 14/14/14 1/1/1
f 2/2/2 3/3/3 16/16/16
f 16/16/16 15/15/15 2/2/2
f 3/3/3 4/4/4 17/17/17
f 17/17/17 16/16/16 3/3/3
f 4/4/4 5/5/5 329/329/329
f 329/329/329 17/17/17 4/4/4
f 5/5/5 6/6/6 18/18/18
f 18/18/18 329/329/329 5/5/5
f 6/6/6 7/7/7 19/19/19
f 19/19/19 18/18/18 6/6/6
f 7/7/7 8/8/8 336/336/336
f 336/336/336 19/19/19 7/7/7
f 8/8/8 9/9/9 20/20/20
f 20/20/20 336/336/336 8/8/8
f 9/9/9 11/11/11 342/342/342
f 342/342/342 20/20/20 9/9/9
f 10/10/10 12/12/12 21/21/21
f 21/21/21 343/343/343 10/10/10
f 12/12/12 13/13/13 348/348/348
f 348/348/348 21/21/21 12/12/12
f 13/13/13 1/1/1 14/14/14
f 14/14/14 348/348/348 13/13/13
f 23/23/23 26/26/26 30/30/30
f 30/30/30 25/25/25 23/23/23
f 33/33/33 34/34/34 43/43/43
f 43/43/43 41/41/41 33/33/33
f 24/24/24 42/42/42 35/35/35
f 31/31/31 27/27/27 37/37/37
f 37/37/37 38/38/38 31/31/31
f 28/28/28 22/22/22 36/36/36
f 44/44/44 41/41/41 43/43/43
f 43/43/43 51/51/51 44/44/44
f 46/46/46 44/44/44 51/51/51
f 51/51/51 49/49/49 46/46/46
f 37/37/37 46/46/46 49/49/49
f 49/49/49 38/38/38 37/37/37
f 52/52/52 55/55/55 57/57/57
f 57/57/57 59/59/59 52/52/52
f 75/75/75 65/65/65 67/67/67
f 67/67/67 73/73/73 76/76/76
f 69/69/69 70/70/70 62/62/62
f 62/62/62 60/60/60 69/69/69
f 64/64/64 74/74/74 90/90/90
f 64/64/64 90/90/90 92/92/92
f 64/64/64 92/92/92 63/63/63
f 56/56/56 64/64/64 63/63/63
f 58/58/58 56/56/56 63/63/63
f 84/84/84 58/58/58 63/63/63
f 81/81/81 84/84/84 63/63/63
f 71/71/71 81/81/81 63/63/63
f 54/54/54 53/53/53 78/78/78
f 54/54/54 78/78/78 79/79/79
f 54/54/54 79/79/79 68/68/68
f 68/68/68 61/61/61 86/86/86
f 68/68/68 86/86/86 87/87/87
f 68/68/68 87/87/87 72/72/72
f 54/54/54 68/68/68 72/72/72
f 54/54/54 72/72/72 66/66/66
f 77/77/77 52/52/52 59/59/59
f 59/59/59 83/83/83 77/77/77
f 89/89/89 76/76/76 73/73/73
f 73/73/73 88/88/88 89/89/89
f 80/80/80 77/77/77 83/83/83
f 83/83/83 82/82/82 80/80/80
f 69/69/69 80/80/80 82/82/82
f 82/82/82 70/70/70 69/69/69
f 91/91/91 89/89/89 88/88/88
f 88/88/88 85/85/85 91/91/91
f 62/62/62 91/91/91 85/85/85
f 85/85/85 60/60/60 62/62/62
f 112/112/112 110/110/110 107/107/107
f 107/107/107 103/103/103 112/112/112
f 111/111/111 105/105/105 93/93/93
f 93/93/93 101/101/101 111/111/111
f 104/104/104 106/106/106 97/97/97
f 97/97/97 94/94/94 104/104/104
f 108/108/108 109/109/109 100/100/100
f 100/100/100 96/96/96 108/108/108
f 102/102/102 95/95/95 115/115/115
f 115/115/115 113/113/113 102/102/102
f 95/95/95 98/98/98 119/119/119
f 119/119/119 115/115/115 95/95/95
f 98/98/98 99/99/99 122/122/122
f 122/122/122 119/119/119 98/98/98
f 114/114/114 117/117/117 124/124/124
f 124/124/124 123/123/123 114/114/114
f 120/120/120 126/126/126 125/125/125
f 125/125/125 116/116/116 120/120/120
f 118/118/118 121/121/121 128/128/128
f 128/128/128 127/127/127 118/118/118
f 138/138/138 130/130/130 131/131/131
f 131/131/131 135/135/135 138/138/138
f 150/150/150 131/131/131 130/130/130
f 130/130/130 146/146/146 150/150/150
f 141/141/141 136/136/136 134/134/134
f 134/134/134 132/132/132 141/141/141
f 124/124/124 139/139/139 133/133/133
f 133/133/133 123/123/123 124/124/124
f 148/148/148 151/151/151 145/145/145
f 145/145/145 144/144/144 148/148/148
f 128/128/128 149/149/149 142/142/142
f 142/142/142 127/127/127 128/128/128
f 143/143/143 140/140/140 125/125/125
f 125/125/125 126/126/126 143/143/143
f 147/147/147 137/137/137 140/140/140
f 140/140/140 143/143/143 147/147/147
f 147/147/147 129/129/129 137/137/137
f 202/202/202 190/190/190 209/209/209
f 209/209/209 181/181/181 202/202/202
f 203/203/203 196/196/196 208/208/208
f 208/208/208 184/184/184 203/203/203
f 205/205/205 194/194/194 214/214/214
f 214/214/214 186/186/186 205/205/205
f 200/200/200 193/193/193 212/212/212
f 212/212/212 187/187/187 200/200/200
f 166/166/166 156/156/156 248/248/248
f 248/248/248 256/256/256 166/166/166
f 168/168/168 157/157/157 249/249/249
f 249/249/249 258/258/258 168/168/168
f 169/169/169 160/160/160 251/251/251
f 251/251/251 260/260/260 169/169/169
f 161/161/161 154/154/154 253/253/253
f 253/253/253 262/262/262 161/161/161
f 176/176/176 165/165/165 255/255/255
f 255/255/255 264/264/264 176/176/176
f 177/177/177 167/167/167 257/257/257
f 257/257/257 266/266/266 177/177/177
f 179/179/179 170/170/170 259/259/259
f 259/259/259 268/268/268 179/179/179
f 171/171/171 163/163/163 261/261/261
f 261/261/261 270/270/270 171/171/171
f 215/215/215 181/181/181 209/209/209
f 209/209/209 238/238/238 215/215/215
f 231/231/231 190/190/190 202/202/202
f 202/202/202 221/221/221 231/231/231
f 244/244/244 196/196/196 203/203/203
f 203/203/203 225/225/225 244/244/244
f 240/240/240 194/194/194 205/205/205
f 205/205/205 229/229/229 240/240/240
f 217/217/217 215/215/215 238/238/238
f 238/238/238 235/235/235 217/217/217
f 199/199/199 217/217/217 235/235/235
f 235/235/235 191/191/191 199/199/199
f 233/233/233 231/231/231 221/221/221
f 221/221/221 219/219/219 233/233/233
f 208/208/208 233/233/233 219/219/219
f 219/219/219 184/184/184 208/208/208
f 246/246/246 244/244/244 225/225/225
f 225/225/225 223/223/223 246/246/246
f 214/214/214 246/246/246 223/223/223
f 223/223/223 186/186/186 214/214/214
f 241/241/241 240/240/240 229/229/229
f 229/229/229 228/228/228 241/241/241
f 212/212/212 241/241/241 228/228/228
f 228/228/228 187/187/187 212/212/212
f 289/289/289 256/256/256 248/248/248
f 248/248/248 274/274/274 289/289/289
f 275/275/275 156/156/156 166/166/166
f 166/166/166 292/292/292 275/275/275
f 280/280/280 157/157/157 168/168/168
f 168/168/168 296/296/296 280/280/280
f 284/284/284 160/160/160 169/169/169
f 169/169/169 300/300/300 284/284/284
f 303/303/303 264/264/264 255/255/255
f 255/255/255 290/290/290 303/303/303
f 291/291/291 165/165/165 176/176/176
f 176/176/176 310/310/310 291/291/291
f 295/295/295 167/167/167 177/177/177
f 177/177/177 313/313/313 295/295/295
f 299/299/299 170/170/170 179/179/179
f 179/179/179 318/318/318 299/299/299
f 287/287/287 289/289/289 274/274/274
f 274/274/274 271/271/271 287/287/287
f 162/162/162 287/287/287 271/271/271
f 271/271/271 153/153/153 162/162/162
f 277/277/277 275/275/275 292/292/292
f 292/292/292 293/293/293 277/277/277
f 249/249/249 277/277/277 293/293/293
f 293/293/293 258/258/258 249/249/249
f 282/282/282 280/280/280 296/296/296
f 296/296/296 298/298/298 282/282/282
f 251/251/251 282/282/282 298/298/298
f 298/298/298 260/260/260 251/251/251
f 285/285/285 284/284/284 300/300/300
f 300/300/300 302/302/302 285/285/285
f 253/253/253 285/285/285 302/302/302
f 302/302/302 262/262/262 253/253/253
f 305/305/305 303/303/303 290/290/290
f 290/290/290 288/288/288 305/305/305
f 172/172/172 305/305/305 288/288/288
f 288/288/288 164/164/164 172/172/172
f 294/294/294 291/291/291 310/310/310
f 310/310/310 308/308/308 294/294/294
f 257/257/257 294/294/294 308/308/308
f 308/308/308 266/266/266 257/257/257
f 297/297/297 295/295/295 313/313/313
f 313/313/313 311/311/311 297/297/297
f 259/259/259 297/297/297 311/311/311
f 311/311/311 268/268/268 259/259/259
f 301/301/301 299/299/299 318/318/318
f 318/318/318 316/316/316 301/301/301
f 261/261/261 301/301/301 316/316/316
f 316/316/316 270/270/270 261/261/261
f 283/283/283 286/286/286 227/227/227
f 227/227/227 230/230/230 283/283/283
f 286/286/286 254/254/254 188/188/188
f 188/188/188 227/227/227 286/286/286
f 254/254/254 152/152/152 198/198/198
f 198/198/198 188/188/188 254/254/254
f 152/152/152 272/272/272 218/218/218
f 218/218/218 198/198/198 152/152/152
f 272/272/272 273/273/273 216/216/216
f 216/216/216 218/218/218 272/272/272
f 273/273/273 247/247/247 182/182/182
f 182/182/182 216/216/216 273/273/273
f 247/247/247 155/155/155 201/201/201
f 201/201/201 182/182/182 247/247/247
f 155/155/155 276/276/276 222/222/222
f 222/222/222 201/201/201 155/155/155
f 276/276/276 278/278/278 220/220/220
f 220/220/220 222/222/222 276/276/276
f 278/278/278 250/250/250 183/183/183
f 183/183/183 220/220/220 278/278/278
f 250/250/250 158/158/158 204/204/204
f 204/204/204 183/183/183 250/250/250
f 158/158/158 279/279/279 226/226/226
f 226/226/226 204/204/204 158/158/158
f 279/279/279 281/281/281 224/224/224
f 224/224/224 226/226/226 279/279/279
f 281/281/281 252/252/252 185/185/185
f 185/185/185 224/224/224 281/281/281
f 252/252/252 159/159/159 206/206/206
f 206/206/206 185/185/185 252/252/252
f 159/159/159 283/283/283 230/230/230
f 230/230/230 206/206/206 159/159/159
f 232/232/232 234/234/234 207/207/207
f 207/207/207 197/197/197 243/243/243
f 243/243/243 245/245/245 213/213/213
f 207/207/207 243/243/243 213/213/213
f 213/213/213 195/195/195 239/239/239
f 239/239/239 242/242/242 211/211/211
f 213/213/213 239/239/239 211/211/211
f 211/211/211 192/192/192 236/236/236
f 236/236/236 237/237/237 210/210/210
f 211/211/211 236/236/236 210/210/210
f 213/213/213 211/211/211 210/210/210
f 207/207/207 213/213/213 210/210/210
f 232/232/232 207/207/207 210/210/210
f 189/189/189 232/232/232 210/210/210
f 319/319/319 14/14/14 15/15/15
f 15/15/15 321/321/321 319/319/319
f 321/321/321 15/15/15 16/16/16
f 16/16/16 324/324/324 321/321/321
f 324/324/324 16/16/16 17/17/17
f 17/17/17 325/325/325 324/324/324
f 325/325/325 17/17/17 329/329/329
f 329/329/329 327/327/327 325/325/325
f 327/327/327 329/329/329 18/18/18
f 18/18/18 330/330/330 327/327/327
f 330/330/330 18/18/18 19/19/19
f 19/19/19 332/332/332 330/330/330
f 332/332/332 19/19/19 336/336/336
f 336/336/336 335/335/335 332/332/332
f 335/335/335 336/336/336 20/20/20
f 20/20/20 338/338/338 335/335/335
f 338/338/338 20/20/20 342/342/342
f 342/342/342 339/339/339 338/338/338
f 340/340/340 343/343/343 21/21/21
f 21/21/21 344/344/344 340/340/340
f 344/344/344 21/21/21 348/348/348
f 348/348/348 347/347/347 344/344/344
f 347/347/347 348/348/348 14/14/14
f 14/14/14 319/319/319 347/347/347
f 349/349/349 357/357/357 356/356/356
f 356/356/356 353/353/353 349/349/349
f 359/359/359 366/366/366 363/363/363
f 365/365/365 362/362/362 359/359/359
f 358/358/358 369/369/369 355/355/355
f 354/354/354 368/368/368 375/375/375
f 375/375/375 352/352/352 354/354/354
f 351/351/351 374/374/374 350/350/350
f 376/376/376 373/373/373 363/363/363
f 363/363/363 366/366/366 376/376/376
f 378/378/378 371/371/371 373/373/373
f 373/373/373 376/376/376 378/378/378
f 375/375/375 368/368/368 371/371/371
f 371/371/371 378/378/378 375/375/375
f 380/380/380 386/386/386 385/385/385
f 385/385/385 382/382/382 380/380/380
f 391/391/391 388/388/388 395/395/395
f 395/395/395 392/392/392 391/391/391
f 396/396/396 403/403/403 400/400/400
f 400/400/400 399/399/399 396/396/396
f 409/409/409 390/390/390 393/393/393
f 410/410/410 409/409/409 393/393/393
f 401/401/401 410/410/410 393/393/393
f 401/401/401 393/393/393 384/384/384
f 401/401/401 384/384/384 387/387/387
f 401/401/401 387/387/387 407/407/407
f 401/401/401 407/407/407 404/404/404
f 398/398/398 401/401/401 404/404/404
f 383/383/383 394/394/394 389/389/389
f 417/417/417 402/402/402 397/397/397
f 418/418/418 417/417/417 397/397/397
f 389/389/389 418/418/418 397/397/397
f 383/383/383 389/389/389 397/397/397
f 383/383/383 397/397/397 414/414/414
f 383/383/383 414/414/414 412/412/412
f 383/383/383 412/412/412 381/381/381
f 413/413/413 406/406/406 386/386/386
f 386/386/386 380/380/380 413/413/413
f 408/408/408 419/419/419 388/388/388
f 388/388/388 391/391/391 408/408/408
f 415/415/415 405/405/405 406/406/406
f 406/406/406 413/413/413 415/415/415
f 396/396/396 399/399/399 405/405/405
f 405/405/405 415/415/415 396/396/396
f 411/411/411 416/416/416 419/419/419
f 419/419/419 408/408/408 411/411/411
f 400/400/400 403/403/403 416/416/416
f 416/416/416 411/411/411 400/400/400
f 112/112/112 425/425/425 422/422/422
f 422/422/422 110/110/110 112/112/112
f 111/111/111 101/101/101 427/427/427
f 427/427/427 424/424/424 111/111/111
f 423/423/423 428/428/428 430/430/430
f 430/430/430 420/420/420 423/423/423
f 421/421/421 431/431/431 100/100/100
f 100/100/100 109/109/109 421/421/421
f 102/102/102 113/113/113 432/432/432
f 432/432/432 426/426/426 102/102/102
f 426/426/426 432/432/432 436/436/436
f 436/436/436 429/429/429 426/426/426
f 429/429/429 436/436/436 122/122/122
f 122/122/122 99/99/99 429/429/429
f 114/114/114 123/123/123 438/438/438
f 438/438/438 433/433/433 114/114/114
f 437/437/437 434/434/434 439/439/439
f 439/439/439 440/440/440 437/437/437
f 435/435/435 441/441/441 128/128/128
f 128/128/128 121/121/121 435/435/435
f 443/443/443 135/135/135 131/131/131
f 131/131/131 445/445/445 443/443/443
f 150/150/150 449/449/449 445/445/445
f 445/445/445 131/131/131 150/150/150
f 452/452/452 132/132/132 134/134/134
f 134/134/134 444/444/444 452/452/452
f 438/438/438 123/123/123 133/133/133
f 133/133/133 451/451/451 438/438/438
f 148/148/148 454/454/454 448/448/448
f 448/448/448 151/151/151 148/148/148
f 128/128/128 441/441/441 453/453/453
f 453/453/453 149/149/149 128/128/128
f 455/455/455 440/440/440 439/439/439
f 439/439/439 450/450/450 455/455/455
f 447/447/447 455/455/455 450/450/450
f 450/450/450 442/442/442 447/447/447
f 447/447/447 442/442/442 446/446/446
f 460/460/460 458/458/458 456/456/456
f 456/456/456 463/463/463 460/460/460
f 468/468/468 467/467/467 464/464/464
f 464/464/464 471/471/471 468/468/468
f 476/476/476 475/475/475 472/472/472
f 472/472/472 478/478/478 476/476/476
f 486/486/486 483/483/483 481/481/481
f 481/481/481 487/487/487 486/486/486
f 495/495/495 492/492/492 491/491/491
f 491/491/491 496/496/496 495/495/495
f 503/503/503 500/500/500 499/499/499
f 499/499/499 504/504/504 503/503/503
f 510/510/510 509/509/509 507/507/507
f 507/507/507 513/513/513 510/510/510
f 520/520/520 517/517/517 514/514/514
f 514/514/514 523/523/523 520/520/520
f 175/175/175 263/263/263 493/493/493
f 493/493/493 494/494/494 175/175/175
f 178/178/178 265/265/265 501/501/501
f 501/501/501 502/502/502 178/178/178
f 180/180/180 267/267/267 508/508/508
f 508/508/508 511/511/511 180/180/180
f 173/173/173 269/269/269 516/516/516
f 516/516/516 519/519/519 173/173/173
f 528/528/528 525/525/525 456/456/456
f 456/456/456 458/458/458 528/528/528
f 532/532/532 530/530/530 460/460/460
f 460/460/460 463/463/463 532/532/532
f 536/536/536 533/533/533 468/468/468
f 468/468/468 471/471/471 536/536/536
f 539/539/539 538/538/538 476/476/476
f 476/476/476 478/478/478 539/539/539
f 543/543/543 541/541/541 525/525/525
f 525/525/525 528/528/528 543/543/543
f 484/484/484 489/489/489 541/541/541
f 541/541/541 543/543/543 484/484/484
f 547/547/547 545/545/545 530/530/530
f 530/530/530 532/532/532 547/547/547
f 464/464/464 467/467/467 545/545/545
f 545/545/545 547/547/547 464/464/464
f 552/552/552 549/549/549 533/533/533
f 533/533/533 536/536/536 552/552/552
f 472/472/472 475/475/475 549/549/549
f 549/549/549 552/552/552 472/472/472
f 556/556/556 553/553/553 538/538/538
f 538/538/538 539/539/539 556/556/556
f 481/481/481 483/483/483 553/553/553
f 553/553/553 556/556/556 481/481/481
f 560/560/560 557/557/557 491/491/491
f 491/491/491 492/492/492 560/560/560
f 563/563/563 562/562/562 495/495/495
f 495/495/495 496/496/496 563/563/563
f 568/568/568 566/566/566 503/503/503
f 503/503/503 504/504/504 568/568/568
f 571/571/571 569/569/569 510/510/510
f 510/510/510 513/513/513 571/571/571
f 304/304/304 559/559/559 493/493/493
f 493/493/493 263/263/263 304/304/304
f 561/561/561 309/309/309 175/175/175
f 175/175/175 494/494/494 561/561/561
f 565/565/565 314/314/314 178/178/178
f 178/178/178 502/502/502 565/565/565
f 570/570/570 317/317/317 180/180/180
f 180/180/180 511/511/511 570/570/570
f 576/576/576 573/573/573 557/557/557
f 557/557/557 560/560/560 576/576/576
f 521/521/521 524/524/524 573/573/573
f 573/573/573 576/576/576 521/521/521
f 579/579/579 578/578/578 562/562/562
f 562/562/562 563/563/563 579/579/579
f 499/499/499 500/500/500 578/578/578
f 578/578/578 579/579/579 499/499/499
f 584/584/584 581/581/581 566/566/566
f 566/566/566 568/568/568 584/584/584
f 507/507/507 509/509/509 581/581/581
f 581/581/581 584/584/584 507/507/507
f 587/587/587 586/586/586 569/569/569
f 569/569/569 571/571/571 587/587/587
f 514/514/514 517/517/517 586/586/586
f 586/586/586 587/587/587 514/514/514
f 306/306/306 575/575/575 559/559/559
f 559/559/559 304/304/304 306/306/306
f 174/174/174 518/518/518 575/575/575
f 575/575/575 306/306/306 174/174/174
f 577/577/577 307/307/307 309/309/309
f 309/309/309 561/561/561 577/577/577
f 501/501/501 265/265/265 307/307/307
f 307/307/307 577/577/577 501/501/501
f 582/582/582 312/312/312 314/314/314
f 314/314/314 565/565/565 582/582/582
f 508/508/508 267/267/267 312/312/312
f 312/312/312 582/582/582 508/508/508
f 585/585/585 315/315/315 317/317/317
f 317/317/317 570/570/570 585/585/585
f 516/516/516 269/269/269 315/315/315
f 315/315/315 585/585/585 516/516/516
f 572/572/572 537/537/537 554/554/554
f 554/554/554 588/588/588 572/572/572
f 588/588/588 554/554/554 482/482/482
f 482/482/482 515/515/515 588/588/588
f 515/515/515 482/482/482 485/485/485
f 485/485/485 522/522/522 515/515/515
f 522/522/522 485/485/485 544/544/544
f 544/544/544 574/574/574 522/522/522
f 574/574/574 544/544/544 527/527/527
f 527/527/527 558/558/558 574/574/574
f 558/558/558 527/527/527 459/459/459
f 459/459/459 490/490/490 558/558/558
f 490/490/490 459/459/459 461/461/461
f 461/461/461 497/497/497 490/490/490
f 497/497/497 461/461/461 529/529/529
f 529/529/529 564/564/564 497/497/497
f 564/564/564 529/529/529 546/546/546
f 546/546/546 580/580/580 564/564/564
f 580/580/580 546/546/546 466/466/466
f 466/466/466 498/498/498 580/580/580
f 498/498/498 466/466/466 469/469/469
f 469/469/469 505/505/505 498/498/498
f 505/505/505 469/469/469 534/534/534
f 534/534/534 567/567/567 505/505/505
f 567/567/567 534/534/534 550/550/550
f 550/550/550 583/583/583 567/567/567
f 583/583/583 550/550/550 474/474/474
f 474/474/474 506/506/506 583/583/583
f 506/506/506 474/474/474 477/477/477
f 477/477/477 512/512/512 506/506/506
f 512/512/512 477/477/477 537/537/537
f 537/537/537 572/572/572 512/512/512
f 457/457/457 526/526/526 542/542/542
f 542/542/542 488/488/488 480/480/480
f 457/457/457 542/542/542 480/480/480
f 480/480/480 555/555/555 540/540/540
f 540/540/540 479/479/479 473/473/473
f 480/480/480 540/540/540 473/473/473
f 457/457/457 480/480/480 473/473/473
f 473/473/473 551/551/551 535/535/535
f 535/535/535 470/470/470 465/465/465
f 473/473/473 535/535/535 465/465/465
f 457/457/457 473/473/473 465/465/465
f 465/465/465 548/548/548 531/531/531
f 457/457/457 465/465/465 531/531/531
f 462/462/462 457/457/457 531/531/531
f 320/320/320 322/322/322 592/592/592
f 592/592/592 590/590/590 320/320/320
f 322/322/322 323/323/323 593/593/593
f 593/593/593 592/592/592 322/322/322
f 323/323/323 326/326/326 596/596/596
f 596/596/596 593/593/593 323/323/323
f 326/326/326 328/328/328 597/597/597
f 597/597/597 596/596/596 326/326/326
f 328/328/328 331/331/331 600/600/600
f 600/600/600 597/597/597 328/328/328
f 331/331/331 333/333/333 601/601/601
f 601/601/601 600/600/600 331/331/331
f 333/333/333 334/334/334 604/604/604
f 604/604/604 601/601/601 333/333/333
f 334/334/334 337/337/337 605/605/605
f 605/605/605 604/604/604 334/334/334
f 337/337/337 341/341/341 608/608/608
f 608/608/608 605/605/605 337/337/337
f 341/341/341 345/345/345 610/610/610
f 610/610/610 608/608/608 341/341/341
f 345/345/345 346/346/346 613/613/613
f 613/613/613 610/610/610 345/345/345
f 346/346/346 320/320/320 590/590/590
f 590/590/590 613/613/613 346/346/346
f 589/589/589 591/591/591 616/616/616
f 616/616/616 615/615/615 589/589/589
f 591/591/591 594/594/594 619/619/619
f 619/619/619 616/616/616 591/591/591
f 594/594/594 595/595/595 621/621/621
f 621/621/621 619/619/619 594/594/594
f 595/595/595 598/598/598 622/622/622
f 622/622/622 621/621/621 595/595/595
f 598/598/598 599/599/599 625/625/625
f 625/625/625 622/622/622 598/598/598
f 599/599/599 602/602/602 627/627/627
f 627/627/627 625/625/625 599/599/599
f 602/602/602 603/603/603 629/629/629
f 629/629/629 627/627/627 602/602/602
f 603/603/603 606/606/606 631/631/631
f 631/631/631 629/629/629 603/603/603
f 606/606/606 607/607/607 633/633/633
f 633/633/633 631/631/631 606/606/606
f 609/609/609 611/611/611 635/635/635
f 635/635/635 632/632/632 609/609/609
f 611/611/611 612/612/612 637/637/637
f 637/637/637 635/635/635 611/611/611
f 612/612/612 589/589/589 615/615/615
f 615/615/615 637/637/637 612/612/612
f 618/618/618 620/620/620 623/623/623
f 623/623/623 624/624/624 626/626/626
f 626/626/626 628/628/628 630/630/630
f 623/623/623 626/626/626 630/630/630
f 630/630/630 634/634/634 636/636/636
f 636/636/636 638/638/638 614/614/614
f 630/630/630 636/636/636 614/614/614
f 623/623/623 630/630/630 614/614/614
f 618/618/618 623/623/623 614/614/614
f 617/617/617 618/618/618 614/614/614
f 377/377/377 367/367/367 350/350/350
f 367/367/367 360/360/360 350/350/350
f 374/374/374 379/379/379 350/350/350
f 379/379/379 377/377/377 350/350/350
f 358/358/358 372/372/372 370/370/370
f 358/358/358 370/370/370 369/369/369
f 358/358/358 361/361/361 364/364/364
f 358/358/358 364/364/364 372/372/372
f 22/22/22 45/45/45 47/47/47
f 22/22/22 47/47/47 36/36/36
f 22/22/22 32/32/32 40/40/40
f 22/22/22 40/40/40 45/45/45
f 24/24/24 29/29/29 39/39/39
f 24/24/24 39/39/39 48/48/48
f 24/24/24 48/48/48 50/50/50
f 24/24/24 50/50/50 42/42/42
f 697/697/697 687/687/687 695/695/695
f 687/687/687 690/690/690 695/695/695
f 705/705/705 710/710/710 699/699/699
f 705/705/705 699/699/699 702/702/702
f 654/654/654 651/651/651 640/640/640
f 654/654/654 640/640/640 643/643/643
f 662/662/662 655/655/655 642/642/642
f 662/662/662 642/642/642 648/648/648
f 657/657/657 660/660/660 650/650/650
f 657/657/657 650/650/650 646/646/646
f 653/653/653 658/658/658 647/647/647
f 653/653/653 647/647/647 641/641/641
f 639/639/639 645/645/645 668/668/668
f 639/639/639 668/668/668 664/664/664
f 645/645/645 649/649/649 669/669/669
f 645/645/645 669/669/669 668/668/668
f 649/649/649 644/644/644 672/672/672
f 649/649/649 672/672/672 669/669/669
f 644/644/644 639/639/639 664/664/664
f 644/644/644 664/664/664 672/672/672
f 652/652/652 656/656/656 679/679/679
f 652/652/652 679/679/679 675/675/675
f 656/656/656 661/661/661 682/682/682
f 656/656/656 682/682/682 679/679/679
f 661/661/661 659/659/659 684/684/684
f 661/661/661 684/684/684 682/682/682
f 659/659/659 652/652/652 675/675/675
f 659/659/659 675/675/675 684/684/684
f 691/691/691 689/689/689 663/663/663
f 691/691/691 663/663/663 667/667/667
f 694/694/694 692/692/692 666/666/666
f 694/694/694 666/666/666 671/671/671
f 698/698/698 693/693/693 670/670/670
f 698/698/698 670/670/670 673/673/673
f 688/688/688 696/696/696 674/674/674
f 688/688/688 674/674/674 665/665/665
f 676/676/676 680/680/680 704/704/704
f 676/676/676 704/704/704 701/701/701
f 678/678/678 681/681/681 707/707/707
f 678/678/678 707/707/707 703/703/703
f 683/683/683 685/685/685 709/709/709
f 683/683/683 709/709/709 706/706/706
f 686/686/686 677/677/677 700/700/700
f 686/686/686 700/700/700 708/708/708
f 768/768/768 761/761/761 766/766/766
f 761/761/761 763/763/763 766/766/766
f 777/777/777 781/781/781 772/772/772
f 777/777/777 772/772/772 776/776/776
f 728/728/728 725/725/725 713/713/713
f 728/728/728 713/713/713 715/715/715
f 732/732/732 726/726/726 714/714/714
f 732/732/732 714/714/714 721/721/721
f 729/729/729 733/733/733 722/722/722
f 729/729/729 722/722/722 718/718/718
f 724/724/724 730/730/730 719/719/719
f 724/724/724 719/719/719 711/711/711
f 712/712/712 717/717/717 740/740/740
f 712/712/712 740/740/740 735/735/735
f 717/717/717 720/720/720 743/743/743
f 717/717/717 743/743/743 740/740/740
f 720/720/720 716/716/716 744/744/744
f 720/720/720 744/744/744 743/743/743
f 716/716/716 712/712/712 735/735/735
f 716/716/716 735/735/735 744/744/744
f 723/723/723 727/727/727 751/751/751
f 723/723/723 751/751/751 747/747/747
f 727/727/727 734/734/734 753/753/753
f 727/727/727 753/753/753 751/751/751
f 734/734/734 731/731/731 758/758/758
f 734/734/734 758/758/758 753/753/753
f 731/731/731 723/723/723 747/747/747
f 731/731/731 747/747/747 758/758/758
f 762/762/762 760/760/760 736/736/736
f 762/762/762 736/736/736 738/738/738
f 767/767/767 764/764/764 739/739/739
f 767/767/767 739/739/739 741/741/741
f 769/769/769 765/765/765 742/742/742
f 769/769/769 742/742/742 746/746/746
f 759/759/759 770/770/770 745/745/745
f 759/759/759 745/745/745 737/737/737
f 749/749/749 752/752/752 774/774/774
f 749/749/749 774/774/774 773/773/773
f 750/750/750 754/754/754 778/778/778
f 750/750/750 778/778/778 775/775/775
f 755/755/755 756/756/756 780/780/780
f 755/755/755 780/780/780 779/779/779
f 757/757/757 748/748/748 771/771/771
f 757/757/757 771/771/771 782/782/782
f 842/842/842 831/831/831 837/837/837
f 831/831/831 834/834/834 837/837/837
f 849/849/849 854/854/854 843/843/843
f 849/849/849 843/843/843 848/848/848
f 800/800/800 797/797/797 785/785/785
f 800/800/800 785/785/785 787/787/787
f 806/806/806 798/798/798 788/788/788
f 806/806/806 788/788/788 793/793/793
f 802/802/802 805/805/805 794/794/794
f 802/802/802 794/794/794 789/789/789
f 795/795/795 803/803/803 791/791/791
f 795/795/795 791/791/791 784/784/784
f 783/783/783 790/790/790 810/810/810
f 783/783/783 810/810/810 807/807/807
f 790/790/790 792/792/792 815/815/815
f 790/790/790 815/815/815 810/810/810
f 792/792/792 786/786/786 818/818/818
f 792/792/792 818/818/818 815/815/815
f 786/786/786 783/783/783 807/807/807
f 786/786/786 807/807/807 818/818/818
f 796/796/796 799/799/799 823/823/823
f 796/796/796 823/823/823 820/820/820
f 799/799/799 804/804/804 826/826/826
f 799/799/799 826/826/826 823/823/823
f 804/804/804 801/801/801 828/828/828
f 804/804/804 828/828/828 826/826/826
f 801/801/801 796/796/796 820/820/820
f 801/801/801 820/820/820 828/828/828
f 835/835/835 832/832/832 808/808/808
f 835/835/835 808/808/808 812/812/812
f 838/838/838 836/836/836 811/811/811
f 838/838/838 811/811/811 813/813/813
f 840/840/840 839/839/839 814/814/814
f 840/840/840 814/814/814 816/816/816
f 833/833/833 841/841/841 817/817/817
f 833/833/833 817/817/817 809/809/809
f 819/819/819 822/822/822 846/846/846
f 819/819/819 846/846/846 844/844/844
f 824/824/824 825/825/825 851/851/851
f 824/824/824 851/851/851 847/847/847
f 827/827/827 830/830/830 852/852/852
f 827/827/827 852/852/852 850/850/850
f 829/829/829 821/821/821 845/845/845
f 829/829/829 845/845/845 853/853/853
f 856/856/856 859/859/859 861/861/861
f 861/861/861 858/858/858 856/856/856
f 863/863/863 865/865/865 870/870/870
f 870/870/870 867/867/867 863/863/863
f 857/857/857 862/862/862 869/869/869
f 869/869/869 866/866/866 857/857/857
f 860/860/860 855/855/855 864/864/864
f 864/864/864 868/868/868 860/860/860
f 893/893/893 890/890/890 888/888/888
f 888/888/888 886/886/886 883/883/883
f 883/883/883 882/882/882 879/879/879
f 888/888/888 883/883/883 879/879/879
f 879/879/879 878/878/878 876/876/876
f 876/876/876 873/873/873 872/872/872
f 879/879/879 876/876/876 872/872/872
f 888/888/888 879/879/879 872/872/872
f 893/893/893 888/888/888 872/872/872
f 895/895/895 893/893/893 872/872/872
f 871/871/871 874/874/874 899/899/899
f 899/899/899 896/896/896 871/871/871
f 874/874/874 875/875/875 901/901/901
f 901/901/901 899/899/899 874/874/874
f 875/875/875 877/877/877 902/902/902
f 902/902/902 901/901/901 875/875/875
f 877/877/877 880/880/880 904/904/904
f 904/904/904 902/902/902 877/877/877
f 880/880/880 881/881/881 906/906/906
f 906/906/906 904/904/904 880/880/880
f 881/881/881 884/884/884 909/909/909
f 909/909/909 906/906/906 881/881/881
f 884/884/884 885/885/885 910/910/910
f 910/910/910 909/909/909 884/884/884
f 885/885/885 887/887/887 913/913/913
f 913/913/913 910/910/910 885/885/885
f 887/887/887 891/891/891 916/916/916
f 916/916/916 913/913/913 887/887/887
f 889/889/889 892/892/892 917/917/917
f 917/917/917 915/915/915 889/889/889
f 892/892/892 894/894/894 920/920/920
f 920/920/920 917/917/917 892/892/892
f 894/894/894 871/871/871 896/896/896
f 896/896/896 920/920/920 894/894/894
f 897/897/897 898/898/898 900/900/900
f 900/900/900 903/903/903 905/905/905
f 905/905/905 907/907/907 908/908/908
f 900/900/900 905/905/905 908/908/908
f 908/908/908 911/911/911 912/912/912
f 912/912/912 914/914/914 918/918/918
f 908/908/908 912/912/912 918/918/918
f 900/900/900 908/908/908 918/918/918
f 897/897/897 900/900/900 918/918/918
f 919/919/919 897/897/897 918/918/918
f 922/922/922 925/925/925 928/928/928
f 928/928/928 923/923/923 922/922/922
f 929/929/929 932/932/932 935/935/935
f 935/935/935 934/934/934 929/929/929
f 924/924/924 927/927/927 936/936/936
f 936/936/936 931/931/931 924/924/924
f 926/926/926 921/921/921 930/930/930
f 930/930/930 933/933/933 926/926/926
f 937/937/937 941/941/941 944/944/944
f 944/944/944 940/940/940 937/937/937
f 945/945/945 947/947/947 952/952/952
f 952/952/952 950/950/950 945/945/945
f 939/939/939 943/943/943 951/951/951
f 951/951/951 948/948/948 939/939/939
f 942/942/942 938/938/938 946/946/946
f 946/946/946 949/949/949 942/942/942
f 975/975/975 971/971/971 970/970/970
f 970/970/970 968/968/968 965/965/965
f 965/965/965 963/963/963 962/962/962
f 970/970/970 965/965/965 962/962/962
f 962/962/962 960/960/960 957/957/957
f 957/957/957 956/956/956 953/953/953
f 962/962/962 957/957/957 953/953/953
f 970/970/970 962/962/962 953/953/953
f 975/975/975 970/970/970 953/953/953
f 976/976/976 975/975/975 953/953/953
f 954/954/954 955/955/955 980/980/980
f 980/980/980 979/979/979 954/954/954
f 955/955/955 958/958/958 983/983/983
f 983/983/983 980/980/980 955/955/955
f 958/958/958 959/959/959 985/985/985
f 985/985/985 983/983/983 958/958/958
f 959/959/959 961/961/961 987/987/987
f 987/987/987 985/985/985 959/959/959
f 961/961/961 964/964/964 988/988/988
f 988/988/988 987/987/987 961/961/961
f 964/964/964 966/966/966 990/990/990
f 990/990/990 988/988/988 964/964/964
f 966/966/966 967/967/967 993/993/993
f 993/993/993 990/990/990 966/966/966
f 967/967/967 969/969/969 995/995/995
f 995/995/995 993/993/993 967/967/967
f 969/969/969 972/972/972 996/996/996
f 996/996/996 995/995/995 969/969/969
f 973/973/973 974/974/974 1000/1000/1000
f 1000/1000/1000 997/997/997 973/973/973
f 974/974/974 977/977/977 1001/1001/1001
f 1001/1001/1001 1000/1000/1000 974/974/974
f 977/977/977 954/954/954 979/979/979
f 979/979/979 1001/1001/1001 977/977/977
f 978/978/978 981/981/981 982/982/982
f 982/982/982 984/984/984 986/986/986
f 986/986/986 989/989/989 991/991/991
f 982/982/982 986/986/986 991/991/991
f 991/991/991 992/992/992 994/994/994
f 994/994/994 998/998/998 999/999/999
f 991/991/991 994/994/994 999/999/999
f 982/982/982 991/991/991 999/999/999
f 978/978/978 982/982/982 999/999/999
f 1002/1002/1002 978/978/978 999/999/999
f 1004/1004/1004 1007/1007/1007 1010/1010/1010
f 1010/1010/1010 1006/1006/1006 1004/1004/1004
f 1012/1012/1012 1014/1014/1014 1017/1017/1017
f 1017/1017/1017 1015/1015/1015 1012/1012/1012
f 1005/1005/1005 1009/1009/1009 1018/1018/1018
f 1018/1018/1018 1013/1013/1013 1005/1005/1005
f 1008/1008/1008 1003/1003/1003 1011/1011/1011
f 1011/1011/1011 1016/1016/1016 1008/1008/1008
f 1019/1019/1019 1024/1024/1024 1025/1025/1025
f 1025/1025/1025 1021/1021/1021 1019/1019/1019
f 1028/1028/1028 1030/1030/1030 1033/1033/1033
f 1033/1033/1033 1031/1031/1031 1028/1028/1028
f 1022/1022/1022 1026/1026/1026 1034/1034/1034
f 1034/1034/1034 1029/1029/1029 1022/1022/1022
f 1023/1023/1023 1020/1020/1020 1027/1027/1027
f 1027/1027/1027 1032/1032/1032 1023/1023/1023
f 1056/1056/1056 1053/1053/1053 1052/1052/1052
f 1052/1052/1052 1049/1049/1049 1048/1048/1048
f 1048/1048/1048 1046/1046/1046 1043/1043/1043
f 1052/1052/1052 1048/1048/1048 1043/1043/1043
f 1043/1043/1043 1042/1042/1042 1040/1040/1040
f 1040/1040/1040 1037/1037/1037 1036/1036/1036
f 1043/1043/1043 1040/1040/1040 1036/1036/1036
f 1052/1052/1052 1043/1043/1043 1036/1036/1036
f 1056/1056/1056 1052/1052/1052 1036/1036/1036
f 1059/1059/1059 1056/1056/1056 1036/1036/1036
f 1035/1035/1035 1038/1038/1038 1062/1062/1062
f 1062/1062/1062 1060/1060/1060 1035/1035/1035
f 1038/1038/1038 1039/1039/1039 1064/1064/1064
f 1064/1064/1064 1062/1062/1062 1038/1038/1038
f 1039/1039/1039 1041/1041/1041 1067/1067/1067
f 1067/1067/1067 1064/1064/1064 1039/1039/1039
f 1041/1041/1041 1044/1044/1044 1069/1069/1069
f 1069/1069/1069 1067/1067/1067 1041/1041/1041
f 1044/1044/1044 1045/1045/1045 1071/1071/1071
f 1071/1071/1071 1069/1069/1069 1044/1044/1044
f 1045/1045/1045 1047/1047/1047 1072/1072/1072
f 1072/1072/1072 1071/1071/1071 1045/1045/1045
f 1047/1047/1047 1050/1050/1050 1074/1074/1074
f 1074/1074/1074 1072/1072/1072 1047/1047/1047
f 1050/1050/1050 1051/1051/1051 1077/1077/1077
f 1077/1077/1077 1074/1074/1074 1050/1050/1050
f 1051/1051/1051 1055/1055/1055 1079/1079/1079
f 1079/1079/1079 1077/1077/1077 1051/1051/1051
f 1054/1054/1054 1057/1057/1057 1082/1082/1082
f 1082/1082/1082 1080/1080/1080 1054/1054/1054
f 1057/1057/1057 1058/1058/1058 1083/1083/1083
f 1083/1083/1083 1082/1082/1082 1057/1057/1057
f 1058/1058/1058 1035/1035/1035 1060/1060/1060
f 1060/1060/1060 1083/1083/1083 1058/1058/1058
f 1061/1061/1061 1063/1063/1063 1065/1065/1065
f 1065/1065/1065 1066/1066/1066 1068/1068/1068
f 1068/1068/1068 1070/1070/1070 1073/1073/1073
f 1065/1065/1065 1068/1068/1068 1073/1073/1073
f 1073/1073/1073 1075/1075/1075 1076/1076/1076
f 1076/1076/1076 1078/1078/1078 1081/1081/1081
f 1073/1073/1073 1076/1076/1076 1081/1081/1081
f 1065/1065/1065 1073/1073/1073 1081/1081/1081
f 1061/1061/1061 1065/1065/1065 1081/1081/1081
f 1084/1084/1084 1061/1061/1061 1081/1081/1081
f 1086/1086/1086 1089/1089/1089 1092/1092/1092
f 1092/1092/1092 1088/1088/1088 1086/1086/1086
f 1094/1094/1094 1095/1095/1095 1100/1100/1100
f 1100/1100/1100 1097/1097/1097 1094/1094/1094
f 1087/1087/1087 1091/1091/1091 1099/1099/1099
f 1099/1099/1099 1096/1096/1096 1087/1087/1087
f 1090/1090/1090 1085/1085/1085 1093/1093/1093
f 1093/1093/1093 1098/1098/1098 1090/1090/1090
f 1101/1101/1101 1105/1105/1105 1108/1108/1108
f 1108/1108/1108 1103/1103/1103 1101/1101/1101
f 1110/1110/1110 1112/1112/1112 1115/1115/1115
f 1115/1115/1115 1114/1114/1114 1110/1110/1110
f 1104/1104/1104 1107/1107/1107 1116/1116/1116
f 1116/1116/1116 1111/1111/1111 1104/1104/1104
f 1106/1106/1106 1102/1102/1102 1109/1109/1109
f 1109/1109/1109 1113/1113/1113 1106/1106/1106
f 1138/1138/1138 1137/1137/1137 1133/1133/1133
f 1133/1133/1133 1131/1131/1131 1129/1129/1129
f 1129/1129/1129 1127/1127/1127 1126/1126/1126
f 1133/1133/1133 1129/1129/1129 1126/1126/1126
f 1126/1126/1126 1124/1124/1124 1122/1122/1122
f 1122/1122/1122 1119/1119/1119 1117/1117/1117
f 1126/1126/1126 1122/1122/1122 1117/1117/1117
f 1133/1133/1133 1126/1126/1126 1117/1117/1117
f 1138/1138/1138 1133/1133/1133 1117/1117/1117
f 1140/1140/1140 1138/1138/1138 1117/1117/1117
f 1118/1118/1118 1120/1120/1120 1145/1145/1145
f 1145/1145/1145 1142/1142/1142 1118/1118/1118
f 1120/1120/1120 1121/1121/1121 1146/1146/1146
f 1146/1146/1146 1145/1145/1145 1120/1120/1120
f 1121/1121/1121 1123/1123/1123 1148/1148/1148
f 1148/1148/1148 1146/1146/1146 1121/1121/1121
f 1123/1123/1123 1125/1125/1125 1150/1150/1150
f 1150/1150/1150 1148/1148/1148 1123/1123/1123
f 1125/1125/1125 1128/1128/1128 1152/1152/1152
f 1152/1152/1152 1150/1150/1150 1125/1125/1125
f 1128/1128/1128 1130/1130/1130 1154/1154/1154
f 1154/1154/1154 1152/1152/1152 1128/1128/1128
f 1130/1130/1130 1132/1132/1132 1156/1156/1156
f 1156/1156/1156 1154/1154/1154 1130/1130/1130
f 1132/1132/1132 1134/1134/1134 1159/1159/1159
f 1159/1159/1159 1156/1156/1156 1132/1132/1132
f 1134/1134/1134 1136/1136/1136 1162/1162/1162
f 1162/1162/1162 1159/1159/1159 1134/1134/1134
f 1135/1135/1135 1139/1139/1139 1164/1164/1164
f 1164/1164/1164 1161/1161/1161 1135/1135/1135
f 1139/1139/1139 1141/1141/1141 1165/1165/1165
f 1165/1165/1165 1164/1164/1164 1139/1139/1139
f 1141/1141/1141 1118/1118/1118 1142/1142/1142
f 1142/1142/1142 1165/1165/1165 1141/1141/1141
f 1143/1143/1143 1144/1144/1144 1147/1147/1147
f 1147/1147/1147 1149/1149/1149 1151/1151/1151
f 1151/1151/1151 1153/1153/1153 1155/1155/1155
f 1147/1147/1147 1151/1151/1151 1155/1155/1155
f 1155/1155/1155 1157/1157/1157 1158/1158/1158
f 1158/1158/1158 1160/1160/1160 1163/1163/1163
f 1155/1155/1155 1158/1158/1158 1163/1163/1163
f 1147/1147/1147 1155/1155/1155 1163/1163/1163
f 1143/1143/1143 1147/1147/1147 1163/1163/1163
f 1166/1166/1166 1143/1143/1143 1163/1163/1163
f 1168/1168/1168 1171/1171/1171 1174/1174/1174
f 1174/1174/1174 1170/1170/1170 1168/1168/1168
f 1176/1176/1176 1178/1178/1178 1182/1182/1182
f 1182/1182/1182 1180/1180/1180 1176/1176/1176
f 1169/1169/1169 1173/1173/1173 1181/1181/1181
f 1181/1181/1181 1177/1177/1177 1169/1169/1169
f 1172/1172/1172 1167/1167/1167 1175/1175/1175
f 1175/1175/1175 1179/1179/1179 1172/1172/1172

