mtllib material.mtl
usemtl material_0
v 10.19762900 -3.21332900 -3.77081300
v 10.19762900 -3.21332900 -3.77081300
v 10.19762900 -3.21332900 -3.77081300
v 10.34763000 -3.21332900 -3.77081300
v 10.34763000 -3.21332900 -3.77081300
v 10.34763000 -3.21332900 -3.77081300
v 10.19762900 -3.21332900 -3.80081400
v 10.19762900 -3.21332900 -3.80081400
v 10.19762900 -3.21332900 -3.80081400
v 10.34763000 -3.21332900 -3.80081300
v 10.34763000 -3.21332900 -3.80081300
v 10.34763000 -3.21332900 -3.80081300
v 10.34763300 -0.07854200 -3.77081400
v 10.34763300 -0.07854200 -3.77081400
v 10.19763400 -0.07854200 -3.77081400
v 10.19763400 -0.07854200 -3.77081400
v 10.27263000 -3.07896100 -3.79250300
v 10.27263000 -3.07896100 -3.79250300
v 10.29262900 -3.08432000 -3.79250300
v 10.30727100 -3.09896100 -3.79250300
v 10.30727100 -3.09896100 -3.79250300
v 10.31263000 -3.11896100 -3.79250300
v 10.30727000 -3.13896100 -3.79250300
v 10.30727000 -3.13896100 -3.79250300
v 10.29262900 -3.15360200 -3.79250300
v 10.27263000 -3.15896100 -3.79250300
v 10.27263000 -3.15896100 -3.79250300
v 10.25262900 -3.15360200 -3.79250300
v 10.23798800 -3.13896100 -3.79250300
v 10.23798800 -3.13896100 -3.79250300
v 10.23263000 -3.11896100 -3.79250300
v 10.23798800 -3.09896100 -3.79250300
v 10.23798800 -3.09896100 -3.79250300
v 10.25262900 -3.08432000 -3.79250300
v 10.27265500 -3.07896400 -22.95998800
v 10.27265500 -3.07896400 -22.95998800
v 10.27265500 -3.07896400 -22.95998800
v 10.29265400 -3.08432300 -22.95998800
v 10.29265400 -3.08432300 -22.95998800
v 10.30729500 -3.09896400 -22.95998800
v 10.30729500 -3.09896400 -22.95998800
v 10.30729500 -3.09896400 -22.95998800
v 10.31265400 -3.11896400 -22.95998800
v 10.31265400 -3.11896400 -22.95998800
v 10.30729500 -3.13896400 -22.95998800
v 10.30729500 -3.13896400 -22.95998800
v 10.30729500 -3.13896400 -22.95998800
v 10.29265400 -3.15360500 -22.95998800
v 10.29265400 -3.15360500 -22.95998800
v 10.27265500 -3.15896400 -22.95998800
v 10.27265500 -3.15896400 -22.95998800
v 10.27265500 -3.15896400 -22.95998800
v 10.25265400 -3.15360500 -22.95998800
v 10.25265400 -3.15360500 -22.95998800
v 10.23801300 -3.13896400 -22.95998800
v 10.23801300 -3.13896400 -22.95998800
v 10.23801300 -3.13896400 -22.95998800
v 10.23265500 -3.11896400 -22.95998800
v 10.23265500 -3.11896400 -22.95998800
v 10.23801300 -3.09896400 -22.95998800
v 10.23801300 -3.09896400 -22.95998800
v 10.23801300 -3.09896400 -22.95998800
v 10.25265400 -3.08432300 -22.95998800
v 10.25265400 -3.08432300 -22.95998800
v 10.25780300 -3.01332900 -3.79791400
v 10.25780300 -3.01332900 -3.79791400
v 10.25780300 -3.01332900 -3.79791400
v 10.28745700 -3.01332900 -3.79791400
v 10.28745700 -3.01332900 -3.79791400
v 10.28745700 -3.01332900 -3.79791400
v 10.25782800 -3.01333200 -22.95998800
v 10.25782800 -3.01333200 -22.95998800
v 10.25782800 -3.01333200 -22.95998800
v 10.28748000 -3.01333200 -22.95998800
v 10.28748000 -3.01333200 -22.95998800
v 10.28748000 -3.01333200 -22.95998800
v 10.28746000 -0.09172000 -3.79791400
v 10.28746000 -0.09172000 -3.79791400
v 10.28746000 -0.09172000 -3.79791400
v 10.25780700 -0.09172000 -3.79791400
v 10.25780700 -0.09172000 -3.79791400
v 10.25780700 -0.09172000 -3.79791400
v 10.25783200 -0.09172300 -22.95998800
v 10.25783200 -0.09172300 -22.95998800
v 10.25783200 -0.09172300 -22.95998800
v 10.28748500 -0.09172300 -22.95998800
v 10.28748500 -0.09172300 -22.95998800
v 10.28748500 -0.09172300 -22.95998800
v 10.31958600 -3.16643300 -23.00225800
v 10.31958600 -3.16643300 -23.00225800
v 10.31958600 -3.16643300 -23.00225800
v 10.31958600 -3.16643300 -22.92829100
v 10.31958600 -3.16643300 -22.92829100
v 10.31958600 -3.16643300 -22.92829100
v 10.22572200 -3.16643300 -22.92829100
v 10.22572200 -3.16643300 -22.92829100
v 10.22572200 -3.16643300 -22.92829100
v 10.25572200 -3.16643300 -23.00225800
v 10.25572200 -3.16643300 -23.00225800
v 10.31958600 -3.07150100 -23.00225800
v 10.31958600 -3.07150100 -23.00225800
v 10.31958600 -3.07150100 -23.00225800
v 10.22572200 -3.07150100 -22.97226000
v 10.22572200 -3.07150100 -22.97226000
v 10.22572200 -3.07150100 -22.92829100
v 10.22572200 -3.07150100 -22.92829100
v 10.22572200 -3.07150100 -22.92829100
v 10.31958600 -3.07150100 -22.92829100
v 10.31958600 -3.07150100 -22.92829100
v 10.31958600 -3.07150100 -22.92829100
v 10.22572200 -3.16643300 -22.97226000
v 10.22572200 -3.16643300 -22.97226000
v 10.25572300 -3.07150100 -23.00225800
v 10.25572300 -3.07150100 -23.00225800
v 10.22905500 -3.16643300 -22.98892600
v 10.22905500 -3.16643300 -22.98892600
v 10.22905500 -3.16643300 -22.98892600
v 10.23905600 -3.16643300 -22.99892800
v 10.23905600 -3.16643300 -22.99892800
v 10.23905600 -3.16643300 -22.99892800
v 10.23905600 -3.07150100 -22.99892800
v 10.23905600 -3.07150100 -22.99892800
v 10.23905600 -3.07150100 -22.99892800
v 10.22905600 -3.07150100 -22.98892600
v 10.22905600 -3.07150100 -22.98892600
v 10.22905600 -3.07150100 -22.98892600
v 10.32572500 -3.20104900 -22.93568400
v 10.32572500 -3.20104900 -22.93568400
v 10.32572500 -3.20104900 -22.93568400
v 10.35098600 -3.20104900 -22.94132200
v 10.35098600 -3.20104900 -22.94132200
v 10.37004200 -3.20105000 -22.95883600
v 10.37004200 -3.20105000 -22.95883600
v 10.37778800 -3.20105000 -22.98353200
v 10.37778800 -3.20105000 -22.98353200
v 10.37214900 -3.20105000 -23.00879300
v 10.37214900 -3.20105000 -23.00879300
v 10.35463500 -3.20104900 -23.02784700
v 10.35463500 -3.20104900 -23.02784700
v 10.32994000 -3.20104900 -23.03559500
v 10.32994000 -3.20104900 -23.03559500
v 10.30468000 -3.20104900 -23.02995700
v 10.30468000 -3.20104900 -23.02995700
v 10.30468000 -3.20104900 -23.02995700
v 10.28562400 -3.20104900 -23.01244400
v 10.28562400 -3.20104900 -23.01244400
v 10.27787700 -3.20104900 -22.98774700
v 10.27787700 -3.20104900 -22.98774700
v 10.27787700 -3.20104900 -22.98774700
v 10.28351600 -3.20104900 -22.96248600
v 10.28351600 -3.20104900 -22.96248600
v 10.30102900 -3.20104900 -22.94343200
v 10.30102900 -3.20104900 -22.94343200
v 10.30102900 -3.20104900 -22.94343200
v 10.37779200 -0.07854500 -22.98353200
v 10.37215300 -0.07854500 -23.00879300
v 10.35463900 -0.07854500 -23.02785100
v 10.32994400 -0.07854500 -23.03559500
v 10.28562700 -0.07854500 -23.01244400
v 10.28352000 -0.07854500 -22.96248600
v 10.30103400 -0.07854500 -22.94343200
v 10.30103400 -0.07854500 -22.94343200
v 10.28562400 -3.19350600 -23.01244400
v 10.28562400 -3.19350600 -23.01244400
v 10.30468000 -3.19350600 -23.02995700
v 10.30468000 -3.19350600 -23.02995700
v 10.30468000 -3.19350600 -23.02995700
v 10.30468000 -3.19350600 -23.02995700
v 10.32994000 -3.19350600 -23.03559500
v 10.35463500 -3.19350600 -23.02784700
v 10.37214900 -3.19350700 -23.00879300
v 10.37778800 -3.19350700 -22.98353200
v 10.37004200 -3.19350700 -22.95883600
v 10.35098600 -3.19350600 -22.94132200
v 10.32572500 -3.19350600 -22.93568400
v 10.32572500 -3.19350600 -22.93568400
v 10.30102900 -3.19350600 -22.94343200
v 10.30102900 -3.19350600 -22.94343200
v 10.28351600 -3.19350600 -22.96248600
v 10.27787700 -3.19350600 -22.98774700
v 10.27787700 -3.19350600 -22.98774700
v 10.27787700 -3.19350600 -22.98774700
v 10.27787700 -3.19350600 -22.98774700
v 10.28562400 -3.15969800 -23.01244400
v 10.28562400 -3.15969800 -23.01244400
v 10.30468000 -3.15969800 -23.02995700
v 10.30468000 -3.15969800 -23.02995700
v 10.30468000 -3.15969800 -23.02995700
v 10.30468000 -3.15969800 -23.02995700
v 10.32994000 -3.15969800 -23.03559500
v 10.35463500 -3.15969800 -23.02784700
v 10.37214900 -3.15969800 -23.00879300
v 10.37778800 -3.15969800 -22.98353200
v 10.37004200 -3.15969800 -22.95883600
v 10.35098600 -3.15969800 -22.94132200
v 10.32572500 -3.15969800 -22.93568400
v 10.32572500 -3.15969800 -22.93568400
v 10.30102900 -3.15969800 -22.94343200
v 10.30102900 -3.15969800 -22.94343200
v 10.28351600 -3.15969800 -22.96248600
v 10.27787700 -3.15969800 -22.98774700
v 10.27787700 -3.15969800 -22.98774700
v 10.27787700 -3.15969800 -22.98774700
v 10.22870300 -3.15969800 -23.07820100
v 10.22870300 -3.15969800 -23.07820100
v 10.22870300 -3.15969800 -23.07820100
v 10.22870300 -3.19350600 -23.07820100
v 10.22870300 -3.19350600 -23.07820100
v 10.22870300 -3.19350600 -23.07820100
v 10.20120500 -3.19350600 -23.06604800
v 10.20120500 -3.19350600 -23.06604800
v 10.20190000 -3.19350600 -23.03599200
v 10.20190000 -3.19350600 -23.03599200
v 10.20190000 -3.19350600 -23.03599200
v 10.20190000 -3.15969800 -23.03599200
v 10.20190000 -3.15969800 -23.03599200
v 10.20190000 -3.15969800 -23.03599200
v 10.20120500 -3.15969800 -23.06604800
v 10.20120500 -3.15969800 -23.06604800
v 10.21289800 -3.15969800 -23.07679400
v 10.21289800 -3.15969800 -23.07679400
v 10.21289800 -3.15969800 -23.07679400
v 10.21289800 -3.19350600 -23.07679400
v 10.21289800 -3.19350600 -23.07679400
v 10.21289800 -3.19350600 -23.07679400
v 10.19645100 -3.19350600 -23.05089600
v 10.19645100 -3.19350600 -23.05089600
v 10.19645100 -3.19350600 -23.05089600
v 10.19645100 -3.15969800 -23.05089600
v 10.19645100 -3.15969800 -23.05089600
v 10.19645100 -3.15969800 -23.05089600
v 10.21530200 -3.19350600 -23.05709500
v 10.21530200 -3.15969800 -23.05709500
v 10.24770500 -3.12129600 -23.06926000
v 10.24770500 -3.12129600 -23.06926000
v 10.24770500 -3.12129600 -23.06926000
v 10.25832700 -3.12129600 -23.06312600
v 10.25832700 -3.12129600 -23.06312600
v 10.25832700 -3.12129600 -23.06312600
v 10.26485900 -3.12129600 -23.04991100
v 10.26485900 -3.12129600 -23.04991100
v 10.28438400 -3.12129600 -22.97704700
v 10.28438400 -3.12129600 -22.97704700
v 10.23397700 -3.12129600 -22.96353900
v 10.23397700 -3.12129600 -22.96353900
v 10.21445300 -3.12129600 -23.03640400
v 10.21445300 -3.12129600 -23.03640400
v 10.21350400 -3.12129600 -23.05111700
v 10.21350400 -3.12129600 -23.05111700
v 10.21350400 -3.12129600 -23.05111700
v 10.21963600 -3.12129600 -23.06173700
v 10.21963600 -3.12129600 -23.06173700
v 10.21963600 -3.12129600 -23.06173700
v 10.23292300 -3.12129600 -23.06829100
v 10.23292300 -3.12129600 -23.06829100
v 10.26485900 -3.10211500 -23.04991100
v 10.26485900 -3.10211500 -23.04991100
v 10.25832700 -3.10211500 -23.06312600
v 10.25832700 -3.10211500 -23.06312600
v 10.25832700 -3.10211500 -23.06312600
v 10.24770500 -3.10211500 -23.06926000
v 10.24770500 -3.10211500 -23.06926000
v 10.24770500 -3.10211500 -23.06926000
v 10.23292300 -3.10211500 -23.06829100
v 10.23292300 -3.10211500 -23.06829100
v 10.21963700 -3.10211500 -23.06173700
v 10.21963700 -3.10211500 -23.06173700
v 10.21963700 -3.10211500 -23.06173700
v 10.21350400 -3.10211500 -23.05111700
v 10.21350400 -3.10211500 -23.05111700
v 10.21350400 -3.10211500 -23.05111700
v 10.21445300 -3.10211500 -23.03640400
v 10.21445300 -3.10211500 -23.03640400
v 10.23397700 -3.10211400 -22.96353900
v 10.23397700 -3.10211400 -22.96353900
v 10.28438400 -3.10211500 -22.97704700
v 10.28438400 -3.10211500 -22.97704700
v 10.23986700 -3.20104900 -23.02417400
v 10.23986700 -3.20104900 -23.02417400
v 10.24986700 -3.20104900 -23.02685200
v 10.24986700 -3.20104900 -23.02685200
v 10.25718800 -3.20104900 -23.03417200
v 10.25718800 -3.20104900 -23.03417200
v 10.25986800 -3.20104900 -23.04417400
v 10.25986800 -3.20104900 -23.04417400
v 10.25718800 -3.20104900 -23.05417300
v 10.25718800 -3.20104900 -23.05417300
v 10.25718800 -3.20104900 -23.05417300
v 10.24986700 -3.20104900 -23.06149300
v 10.24986700 -3.20104900 -23.06149300
v 10.23986700 -3.20104900 -23.06417500
v 10.23986700 -3.20104900 -23.06417500
v 10.22986700 -3.20104900 -23.06149300
v 10.22986700 -3.20104900 -23.06149300
v 10.22254700 -3.20104900 -23.05417300
v 10.22254700 -3.20104900 -23.05417300
v 10.21986800 -3.20104900 -23.04417400
v 10.21986800 -3.20104900 -23.04417400
v 10.22254700 -3.20104900 -23.03417200
v 10.22254700 -3.20104900 -23.03417200
v 10.22986700 -3.20104900 -23.02685200
v 10.22986700 -3.20104900 -23.02685200
v 10.24987100 -0.07854500 -23.02685200
v 10.25719200 -0.07854500 -23.03417200
v 10.25987100 -0.07854500 -23.04417400
v 10.25719200 -0.07854500 -23.05417300
v 10.25719200 -0.07854500 -23.05417300
v 10.24987100 -0.07854500 -23.06149300
v 10.22987200 -0.07854500 -23.06149300
v 10.22255100 -0.07854500 -23.05417300
v 10.22255100 -0.07854500 -23.03417200
v 10.22987200 -0.07854500 -23.02685200
v 10.19763800 3.05624500 -3.77081400
v 10.19763800 3.05624500 -3.77081400
v 10.19763800 3.05624500 -3.77081400
v 10.34763800 3.05624500 -3.77081400
v 10.34763800 3.05624500 -3.77081400
v 10.34763800 3.05624500 -3.77081400
v 10.19763800 3.05624500 -3.80081500
v 10.19763800 3.05624500 -3.80081500
v 10.19763800 3.05624500 -3.80081500
v 10.19763400 -0.07854200 -3.80081400
v 10.19763400 -0.07854200 -3.80081400
v 10.34763300 -0.07854200 -3.80081400
v 10.34763300 -0.07854200 -3.80081400
v 10.34763800 3.05624500 -3.80081400
v 10.34763800 3.05624500 -3.80081400
v 10.34763800 3.05624500 -3.80081400
v 10.27263700 2.92187700 -3.79250400
v 10.27263700 2.92187700 -3.79250400
v 10.29263800 2.92723600 -3.79250400
v 10.29266300 2.92723300 -22.95998800
v 10.29266300 2.92723300 -22.95998800
v 10.27266200 2.92187400 -22.95998800
v 10.27266200 2.92187400 -22.95998800
v 10.27266200 2.92187400 -22.95998800
v 10.30727900 2.94187700 -3.79250400
v 10.30727900 2.94187700 -3.79250400
v 10.30730300 2.94187400 -22.95998800
v 10.30730300 2.94187400 -22.95998800
v 10.30730300 2.94187400 -22.95998800
v 10.31263700 2.96187700 -3.79250400
v 10.31266200 2.96187400 -22.95998800
v 10.31266200 2.96187400 -22.95998800
v 10.31266200 2.96187400 -22.95998800
v 10.30727900 2.98187700 -3.79250400
v 10.30727900 2.98187700 -3.79250400
v 10.30730300 2.98187400 -22.95998800
v 10.30730300 2.98187400 -22.95998800
v 10.30730300 2.98187400 -22.95998800
v 10.29263800 2.99651800 -3.79250400
v 10.29266300 2.99651500 -22.95998800
v 10.29266300 2.99651500 -22.95998800
v 10.29266300 2.99651500 -22.95998800
v 10.27263700 3.00187700 -3.79250400
v 10.27263700 3.00187700 -3.79250400
v 10.27266200 3.00187400 -22.95998800
v 10.27266200 3.00187400 -22.95998800
v 10.27266200 3.00187400 -22.95998800
v 10.25263800 2.99651800 -3.79250400
v 10.25266300 2.99651500 -22.95998800
v 10.25266300 2.99651500 -22.95998800
v 10.23799700 2.98187700 -3.79250400
v 10.23799700 2.98187700 -3.79250400
v 10.23802100 2.98187400 -22.95998800
v 10.23802100 2.98187400 -22.95998800
v 10.23802100 2.98187400 -22.95998800
v 10.23263700 2.96187700 -3.79250400
v 10.23266200 2.96187400 -22.95998800
v 10.23266200 2.96187400 -22.95998800
v 10.23266200 2.96187400 -22.95998800
v 10.23799700 2.94187700 -3.79250400
v 10.23799700 2.94187700 -3.79250400
v 10.23802100 2.94187400 -22.95998800
v 10.23802100 2.94187400 -22.95998800
v 10.23802100 2.94187400 -22.95998800
v 10.25263800 2.92723600 -3.79250400
v 10.25266300 2.92723300 -22.95998800
v 10.25266300 2.92723300 -22.95998800
v 10.25266300 2.92723300 -22.95998800
v 10.25781100 2.85624500 -3.79791500
v 10.25781100 2.85624500 -3.79791500
v 10.25781100 2.85624500 -3.79791500
v 10.28746400 2.85624500 -3.79791500
v 10.28746400 2.85624500 -3.79791500
v 10.28746400 2.85624500 -3.79791500
v 10.28746000 -0.06536400 -3.79791400
v 10.28746000 -0.06536400 -3.79791400
v 10.28746000 -0.06536400 -3.79791400
v 10.25780700 -0.06536400 -3.79791400
v 10.25780700 -0.06536400 -3.79791400
v 10.25780700 -0.06536400 -3.79791400
v 10.25783500 2.85624200 -22.95998800
v 10.25783500 2.85624200 -22.95998800
v 10.25783500 2.85624200 -22.95998800
v 10.25783200 -0.06536700 -22.95998800
v 10.25783200 -0.06536700 -22.95998800
v 10.25783200 -0.06536700 -22.95998800
v 10.28748500 -0.06536700 -22.95998800
v 10.28748500 -0.06536700 -22.95998800
v 10.28748500 -0.06536700 -22.95998800
v 10.28748900 2.85624200 -22.95998800
v 10.28748900 2.85624200 -22.95998800
v 10.28748900 2.85624200 -22.95998800
v 10.31959400 3.00934300 -23.00225800
v 10.31959400 3.00934300 -23.00225800
v 10.31959400 3.00934300 -23.00225800
v 10.31959400 3.00934300 -22.92829100
v 10.31959400 3.00934300 -22.92829100
v 10.31959400 3.00934300 -22.92829100
v 10.22573100 3.00934300 -22.92829100
v 10.22573100 3.00934300 -22.92829100
v 10.22573100 3.00934300 -22.92829100
v 10.22573100 3.00934300 -22.97226000
v 10.22573100 3.00934300 -22.97226000
v 10.22906400 3.00934300 -22.98892600
v 10.22906400 3.00934300 -22.98892600
v 10.22906400 3.00934300 -22.98892600
v 10.23906400 3.00934300 -22.99892800
v 10.23906400 3.00934300 -22.99892800
v 10.23906400 3.00934300 -22.99892800
v 10.25573100 3.00934300 -23.00225800
v 10.25573100 3.00934300 -23.00225800
v 10.31959400 2.91441100 -23.00225800
v 10.31959400 2.91441100 -23.00225800
v 10.31959400 2.91441100 -23.00225800
v 10.25573100 2.91441100 -23.00225800
v 10.25573100 2.91441100 -23.00225800
v 10.23906400 2.91441100 -22.99892800
v 10.23906400 2.91441100 -22.99892800
v 10.23906400 2.91441100 -22.99892800
v 10.22906400 2.91441100 -22.98892600
v 10.22906400 2.91441100 -22.98892600
v 10.22906400 2.91441100 -22.98892600
v 10.22573100 2.91441100 -22.97226000
v 10.22573100 2.91441100 -22.97226000
v 10.22573100 2.91441100 -22.92829100
v 10.22573100 2.91441100 -22.92829100
v 10.22573100 2.91441100 -22.92829100
v 10.31959400 2.91441100 -22.92829100
v 10.31959400 2.91441100 -22.92829100
v 10.31959400 2.91441100 -22.92829100
v 10.30103800 3.04395900 -22.94343200
v 10.30103800 3.04395900 -22.94343200
v 10.30103800 3.04395900 -22.94343200
v 10.28352500 3.04395900 -22.96248600
v 10.28352500 3.04395900 -22.96248600
v 10.27788500 3.04395900 -22.98774700
v 10.27788500 3.04395900 -22.98774700
v 10.27788500 3.04395900 -22.98774700
v 10.28563100 3.04395900 -23.01244400
v 10.28563100 3.04395900 -23.01244400
v 10.30468800 3.04395900 -23.02995700
v 10.30468800 3.04395900 -23.02995700
v 10.30468800 3.04395900 -23.02995700
v 10.32994800 3.04395900 -23.03559500
v 10.32994800 3.04395900 -23.03559500
v 10.35464400 3.04395900 -23.02784700
v 10.35464400 3.04395900 -23.02784700
v 10.37215700 3.04395900 -23.00879300
v 10.37215700 3.04395900 -23.00879300
v 10.37779600 3.04395900 -22.98353200
v 10.37779600 3.04395900 -22.98353200
v 10.37004900 3.04395900 -22.95883600
v 10.37004900 3.04395900 -22.95883600
v 10.35099300 3.04395900 -22.94132200
v 10.35099300 3.04395900 -22.94132200
v 10.32573300 3.04395900 -22.93568400
v 10.32573300 3.04395900 -22.93568400
v 10.32573300 3.04395900 -22.93568400
v 10.35099300 3.03641600 -22.94132200
v 10.32573300 3.03641600 -22.93568400
v 10.32573300 3.03641600 -22.93568400
v 10.37004900 3.03641600 -22.95883600
v 10.37779600 3.03641600 -22.98353200
v 10.37215700 3.03641600 -23.00879300
v 10.35464400 3.03641600 -23.02784700
v 10.32994800 3.03641600 -23.03559500
v 10.30468800 3.03641600 -23.02995700
v 10.30468800 3.03641600 -23.02995700
v 10.30468800 3.03641600 -23.02995700
v 10.30468800 3.03641600 -23.02995700
v 10.28563100 3.03641600 -23.01244400
v 10.28563100 3.03641600 -23.01244400
v 10.27788500 3.03641600 -22.98774700
v 10.27788500 3.03641600 -22.98774700
v 10.27788500 3.03641600 -22.98774700
v 10.27788500 3.03641600 -22.98774700
v 10.28352500 3.03641600 -22.96248600
v 10.30103800 3.03641600 -22.94343200
v 10.30103800 3.03641600 -22.94343200
v 10.35099300 3.00260800 -22.94132200
v 10.32573300 3.00260800 -22.93568400
v 10.32573300 3.00260800 -22.93568400
v 10.37004900 3.00260800 -22.95883600
v 10.37779600 3.00260800 -22.98353200
v 10.37215700 3.00260800 -23.00879300
v 10.35464400 3.00260800 -23.02784700
v 10.32994800 3.00260800 -23.03559500
v 10.30468800 3.00260800 -23.02995700
v 10.30468800 3.00260800 -23.02995700
v 10.30468800 3.00260800 -23.02995700
v 10.30468800 3.00260800 -23.02995700
v 10.20121300 3.03641600 -23.06604800
v 10.20121300 3.03641600 -23.06604800
v 10.20121300 3.00260800 -23.06604800
v 10.20121300 3.00260800 -23.06604800
v 10.21290700 3.00260800 -23.07679400
v 10.21290700 3.00260800 -23.07679400
v 10.21290700 3.00260800 -23.07679400
v 10.21290700 3.03641600 -23.07679400
v 10.21290700 3.03641600 -23.07679400
v 10.21290700 3.03641600 -23.07679400
v 10.19646000 3.03641600 -23.05089600
v 10.19646000 3.03641600 -23.05089600
v 10.19646000 3.03641600 -23.05089600
v 10.19646000 3.00260800 -23.05089600
v 10.19646000 3.00260800 -23.05089600
v 10.19646000 3.00260800 -23.05089600
v 10.28352500 3.00260800 -22.96248600
v 10.27788500 3.00260800 -22.98774700
v 10.27788500 3.00260800 -22.98774700
v 10.27788500 3.00260800 -22.98774700
v 10.30103800 3.00260800 -22.94343200
v 10.30103800 3.00260800 -22.94343200
v 10.35098900 -0.07854500 -22.94132200
v 10.32572900 -0.07854500 -22.93568400
v 10.32572900 -0.07854500 -22.93568400
v 10.37004600 -0.07854500 -22.95883600
v 10.30468400 -0.07854500 -23.02995700
v 10.30468400 -0.07854500 -23.02995700
v 10.28563100 3.00260800 -23.01244400
v 10.28563100 3.00260800 -23.01244400
v 10.27788100 -0.07854500 -22.98774700
v 10.22871100 3.03641600 -23.07820100
v 10.22871100 3.03641600 -23.07820100
v 10.22871100 3.03641600 -23.07820100
v 10.22871100 3.00260800 -23.07820100
v 10.22871100 3.00260800 -23.07820100
v 10.22871100 3.00260800 -23.07820100
v 10.21531000 3.03641600 -23.05709500
v 10.20190900 3.03641600 -23.03599200
v 10.20190900 3.03641600 -23.03599200
v 10.20190900 3.03641600 -23.03599200
v 10.20190900 3.00260800 -23.03599200
v 10.20190900 3.00260800 -23.03599200
v 10.20190900 3.00260800 -23.03599200
v 10.21531000 3.00260800 -23.05709500
v 10.24771300 2.96420600 -23.06926000
v 10.24771300 2.96420600 -23.06926000
v 10.24771300 2.96420600 -23.06926000
v 10.25833400 2.96420600 -23.06312600
v 10.25833400 2.96420600 -23.06312600
v 10.25833400 2.96420600 -23.06312600
v 10.26486800 2.96420600 -23.04991100
v 10.26486800 2.96420600 -23.04991100
v 10.28439200 2.96420600 -22.97704700
v 10.28439200 2.96420600 -22.97704700
v 10.23398500 2.96420600 -22.96353900
v 10.23398500 2.96420600 -22.96353900
v 10.21446000 2.96420600 -23.03640400
v 10.21446000 2.96420600 -23.03640400
v 10.21351200 2.96420600 -23.05111700
v 10.21351200 2.96420600 -23.05111700
v 10.21351200 2.96420600 -23.05111700
v 10.21964500 2.96420600 -23.06173700
v 10.21964500 2.96420600 -23.06173700
v 10.21964500 2.96420600 -23.06173700
v 10.23293000 2.96420600 -23.06829100
v 10.23293000 2.96420600 -23.06829100
v 10.26486800 2.94502500 -23.04991100
v 10.26486800 2.94502500 -23.04991100
v 10.25833400 2.94502500 -23.06312600
v 10.25833400 2.94502500 -23.06312600
v 10.25833400 2.94502500 -23.06312600
v 10.24771300 2.94502500 -23.06926000
v 10.24771300 2.94502500 -23.06926000
v 10.24771300 2.94502500 -23.06926000
v 10.23293000 2.94502500 -23.06829100
v 10.23293000 2.94502500 -23.06829100
v 10.21964500 2.94502500 -23.06173700
v 10.21964500 2.94502500 -23.06173700
v 10.21964500 2.94502500 -23.06173700
v 10.21351200 2.94502500 -23.05111700
v 10.21351200 2.94502500 -23.05111700
v 10.21351200 2.94502500 -23.05111700
v 10.21446000 2.94502500 -23.03640400
v 10.21446000 2.94502500 -23.03640400
v 10.23398500 2.94502400 -22.96353900
v 10.23398500 2.94502400 -22.96353900
v 10.28439200 2.94502500 -22.97704700
v 10.28439200 2.94502500 -22.97704700
v 10.22987600 3.04395900 -23.02685200
v 10.22987600 3.04395900 -23.02685200
v 10.22255500 3.04395900 -23.03417200
v 10.22255500 3.04395900 -23.03417200
v 10.21987500 3.04395900 -23.04417400
v 10.21987500 3.04395900 -23.04417400
v 10.22255500 3.04395900 -23.05417300
v 10.22255500 3.04395900 -23.05417300
v 10.22987600 3.04395900 -23.06149300
v 10.22987600 3.04395900 -23.06149300
v 10.23987600 3.04395900 -23.06417500
v 10.23987600 3.04395900 -23.06417500
v 10.24987600 3.04395900 -23.06149300
v 10.24987600 3.04395900 -23.06149300
v 10.25719600 3.04395900 -23.05417300
v 10.25719600 3.04395900 -23.05417300
v 10.25719600 3.04395900 -23.05417300
v 10.25987500 3.04395900 -23.04417400
v 10.25987500 3.04395900 -23.04417400
v 10.25719600 3.04395900 -23.03417200
v 10.25719600 3.04395900 -23.03417200
v 10.24987600 3.04395900 -23.02685200
v 10.24987600 3.04395900 -23.02685200
v 10.23987600 3.04395900 -23.02417400
v 10.23987600 3.04395900 -23.02417400
v 10.23987100 -0.07854500 -23.02417400
v 10.23987200 -0.07854500 -23.06417500
v 10.21987200 -0.07854500 -23.04417400
v 10.27263400 -0.03854200 -3.77081500
v 10.27263400 -0.03854200 -3.77081500
v 10.29263400 -0.04390100 -3.77081400
v 10.30727500 -0.05854200 -3.77081400
v 10.30727500 -0.05854200 -3.77081400
v 10.31263400 -0.07854200 -3.77081400
v 10.31263400 -0.07854200 -3.77081400
v 10.30727500 -0.09854200 -3.77081400
v 10.29263300 -0.11318300 -3.77081400
v 10.27263400 -0.11854200 -3.77081500
v 10.25263300 -0.11318300 -3.77081500
v 10.23799200 -0.09854200 -3.77081500
v 10.23263400 -0.07854200 -3.77081500
v 10.23799200 -0.05854200 -3.77081500
v 10.25263400 -0.04390100 -3.77081500
v 10.25263400 -0.04390100 -3.77081500
v 10.23798900 -0.09854200 -1.20328700
v 10.23798900 -0.09854200 -1.20328700
v 10.25263000 -0.11318300 -1.20328700
v 10.25263000 -0.11318300 -1.20328700
v 10.27263000 -0.11854200 -1.20328700
v 10.27263000 -0.11854200 -1.20328700
v 10.29263000 -0.11318300 -1.20328700
v 10.29263000 -0.11318300 -1.20328700
v 10.30727100 -0.09854200 -1.20328700
v 10.30727100 -0.09854200 -1.20328700
v 10.31263100 -0.07854200 -1.20328700
v 10.31263100 -0.07854200 -1.20328700
v 10.31263100 -0.07854200 -1.20328700
v 10.31263100 -0.07854200 -1.20328700
v 10.30727100 -0.05854200 -1.20328700
v 10.30727100 -0.05854200 -1.20328700
v 10.30727100 -0.05854200 -1.20328700
v 10.29263000 -0.04390100 -1.20328700
v 10.29263000 -0.04390100 -1.20328700
v 10.27263100 -0.03854200 -1.20328700
v 10.27263100 -0.03854200 -1.20328700
v 10.27263100 -0.03854200 -1.20328700
v 10.25263000 -0.04390100 -1.20328700
v 10.25263000 -0.04390100 -1.20328700
v 10.25263000 -0.04390100 -1.20328700
v 10.23798900 -0.05854200 -1.20328700
v 10.23798900 -0.05854200 -1.20328700
v 10.23263000 -0.07854200 -1.20328700
v 10.23263000 -0.07854200 -1.20328700
v 10.18086600 -0.07854200 -1.15735600
v 10.18086600 -0.07854200 -1.15735600
v 10.19316100 -0.12442500 -1.15735600
v 10.19316100 -0.12442500 -1.15735600
v 10.22674800 -0.15801200 -1.15735600
v 10.22674800 -0.15801200 -1.15735600
v 10.27263000 -0.17030600 -1.15735600
v 10.27263000 -0.17030600 -1.15735600
v 10.31851100 -0.15801200 -1.15735600
v 10.31851100 -0.15801200 -1.15735600
v 10.35210000 -0.12442300 -1.15735600
v 10.35210000 -0.12442300 -1.15735600
v 10.36439400 -0.07854200 -1.15735600
v 10.36439400 -0.07854200 -1.15735600
v 10.36439400 -0.07854200 -1.15735600
v 10.36439400 -0.07854200 -1.15735600
v 10.35210000 -0.03266000 -1.15735600
v 10.35210000 -0.03266000 -1.15735600
v 10.31851200 0.00092800 -1.15735600
v 10.31851200 0.00092800 -1.15735600
v 10.22674800 0.00092800 -1.15735600
v 10.22674800 0.00092800 -1.15735600
v 10.19316100 -0.03265900 -1.15735600
v 10.19316100 -0.03265900 -1.15735600
v 10.27263100 0.02357500 -1.12854300
v 10.32368900 0.00989400 -1.12854300
v 10.36106600 -0.02748300 -1.12854300
v 10.36106600 -0.02748300 -1.12854300
v 10.37474600 -0.07854200 -1.12854300
v 10.37474600 -0.07854200 -1.12854300
v 10.36106700 -0.12959900 -1.12854300
v 10.36106700 -0.12959900 -1.12854300
v 10.32368700 -0.16697800 -1.12854300
v 10.27263100 -0.18065900 -1.12854300
v 10.22157200 -0.16697700 -1.12854300
v 10.18419500 -0.12960200 -1.12854300
v 10.18419500 -0.12960200 -1.12854300
v 10.17051300 -0.07854100 -1.12854400
v 10.17051300 -0.07854100 -1.12854400
v 10.18419600 -0.02748200 -1.12854400
v 10.22157200 0.00989400 -1.12854300
v 10.32368900 0.00989400 -1.15735600
v 10.32368900 0.00989400 -1.15735600
v 10.32368900 0.00989400 -1.15735600
v 10.27263100 0.02357500 -1.15735600
v 10.27263100 0.02357500 -1.15735600
v 10.22157200 0.00989400 -1.15735600
v 10.22157200 0.00989400 -1.15735600
v 10.18419600 -0.02748200 -1.15735600
v 10.18419600 -0.02748200 -1.15735600
v 10.17051400 -0.07854200 -1.15735600
v 10.17051400 -0.07854200 -1.15735600
v 10.17051400 -0.07854200 -1.15735600
v 10.18419600 -0.12960200 -1.15735600
v 10.18419600 -0.12960200 -1.15735600
v 10.18419600 -0.12960200 -1.15735600
v 10.22157200 -0.16697700 -1.15735600
v 10.22157200 -0.16697700 -1.15735600
v 10.27263100 -0.18065800 -1.15735600
v 10.27263100 -0.18065800 -1.15735600
v 10.32368700 -0.16697800 -1.15735600
v 10.32368700 -0.16697800 -1.15735600
v 10.36106700 -0.12959900 -1.15735600
v 10.36106700 -0.12959900 -1.15735600
v 10.36106700 -0.12959900 -1.15735600
v 10.37474600 -0.07854200 -1.15735600
v 10.37474600 -0.07854200 -1.15735600
v 10.37474600 -0.07854200 -1.15735600
v 10.37474600 -0.07854200 -1.15735600
v 10.36106600 -0.02748400 -1.15735600
v 10.36106600 -0.02748400 -1.15735600
v 10.36106600 -0.02748400 -1.15735600
v 10.27263100 0.01322200 -1.15735600
v 10.27263100 0.01322200 -1.15735600
v 10.30395300 -0.02428800 -1.20041600
v 10.31204100 -0.01027900 -1.19180400
v 10.31689500 -0.00187400 -1.17745100
v 10.27263100 -0.01589500 -1.20041600
v 10.27263100 0.00028100 -1.19180400
v 10.27263100 0.00998700 -1.17745100
v 10.24130700 -0.02428800 -1.20041600
v 10.23321900 -0.01027900 -1.19180400
v 10.22836600 -0.00187400 -1.17745100
v 10.21837700 -0.04721800 -1.20041600
v 10.20436800 -0.03912900 -1.19180400
v 10.19596300 -0.03427600 -1.17745100
v 10.20998400 -0.07854200 -1.20041600
v 10.19380800 -0.07854200 -1.19180400
v 10.18410200 -0.07854200 -1.17745100
v 10.21837700 -0.10986600 -1.20041600
v 10.20436900 -0.11795400 -1.19180400
v 10.19596300 -0.12280700 -1.17745100
v 10.24130700 -0.13279500 -1.20041600
v 10.23321900 -0.14680400 -1.19180400
v 10.22836600 -0.15521000 -1.17745100
v 10.27263000 -0.14118900 -1.20041600
v 10.27263000 -0.15736500 -1.19180400
v 10.27263000 -0.16707000 -1.17745100
v 10.30395300 -0.13279600 -1.20041600
v 10.31204000 -0.14680500 -1.19180400
v 10.31689400 -0.15521100 -1.17745100
v 10.32688400 -0.10986500 -1.20041600
v 10.34089300 -0.11795200 -1.19180400
v 10.34929800 -0.12280500 -1.17745100
v 10.33527700 -0.07854200 -1.20041600
v 10.33527700 -0.07854200 -1.20041600
v 10.35145300 -0.07854200 -1.19180400
v 10.35145300 -0.07854200 -1.19180400
v 10.36115800 -0.07854200 -1.17745100
v 10.36115800 -0.07854200 -1.17745100
v 10.32688400 -0.04721900 -1.20041600
v 10.34089300 -0.03913100 -1.19180400
v 10.34929800 -0.03427800 -1.17745100
v 10.23798900 -0.09854200 -1.37182200
v 10.23798900 -0.09854200 -1.37182200
v 10.25263000 -0.11318300 -1.37182200
v 10.25263000 -0.11318300 -1.37182200
v 10.27263100 -0.11854200 -1.37182200
v 10.27263100 -0.11854200 -1.37182200
v 10.29263000 -0.11318300 -1.37182200
v 10.29263000 -0.11318300 -1.37182200
v 10.30727100 -0.09854200 -1.37182200
v 10.30727100 -0.09854200 -1.37182200
v 10.31263100 -0.07854200 -1.37182200
v 10.31263100 -0.07854200 -1.37182200
v 10.31263100 -0.07854200 -1.37182200
v 10.31263100 -0.07854200 -1.37182200
v 10.30727100 -0.05854200 -1.37182200
v 10.30727100 -0.05854200 -1.37182200
v 10.30727100 -0.05854200 -1.37182200
v 10.29263000 -0.04390100 -1.37182200
v 10.29263000 -0.04390100 -1.37182200
v 10.27263100 -0.03854200 -1.37182200
v 10.27263100 -0.03854200 -1.37182200
v 10.27263100 -0.03854200 -1.37182200
v 10.25263000 -0.04390100 -1.37182200
v 10.25263000 -0.04390100 -1.37182200
v 10.25263000 -0.04390100 -1.37182200
v 10.23798900 -0.05854200 -1.37182200
v 10.23798900 -0.05854200 -1.37182200
v 10.23263100 -0.07854200 -1.37182200
v 10.23263100 -0.07854200 -1.37182200
v 10.23798900 -0.09854200 -1.35973400
v 10.23798900 -0.09854200 -1.35973400
v 10.25263000 -0.11318300 -1.35973400
v 10.25263000 -0.11318300 -1.35973400
v 10.27263100 -0.11854200 -1.35973400
v 10.27263100 -0.11854200 -1.35973400
v 10.29263000 -0.11318300 -1.35973400
v 10.29263000 -0.11318300 -1.35973400
v 10.30727100 -0.09854200 -1.35973400
v 10.30727100 -0.09854200 -1.35973400
v 10.31263100 -0.07854200 -1.35973400
v 10.31263100 -0.07854200 -1.35973400
v 10.31263100 -0.07854200 -1.35973400
v 10.31263100 -0.07854200 -1.35973400
v 10.30727100 -0.05854200 -1.35973400
v 10.30727100 -0.05854200 -1.35973400
v 10.30727100 -0.05854200 -1.35973400
v 10.29263000 -0.04390100 -1.35973400
v 10.29263000 -0.04390100 -1.35973400
v 10.27263100 -0.03854200 -1.35973400
v 10.27263100 -0.03854200 -1.35973400
v 10.27263100 -0.03854200 -1.35973400
v 10.25263000 -0.04390100 -1.35973400
v 10.25263000 -0.04390100 -1.35973400
v 10.25263000 -0.04390100 -1.35973400
v 10.23798900 -0.05854200 -1.35973400
v 10.23798900 -0.05854200 -1.35973400
v 10.23263100 -0.07854200 -1.35973400
v 10.23263100 -0.07854200 -1.35973400
v 10.29780700 -0.03493500 -1.37182200
v 10.29780700 -0.03493500 -1.37182200
v 10.27263100 -0.02818900 -1.37182200
v 10.27263100 -0.02818900 -1.37182200
v 10.24745400 -0.03493500 -1.37182200
v 10.24745400 -0.03493500 -1.37182200
v 10.22902400 -0.05336600 -1.37182200
v 10.22902400 -0.05336600 -1.37182200
v 10.22227800 -0.07854200 -1.37182200
v 10.22227800 -0.07854200 -1.37182200
v 10.22902400 -0.10371900 -1.37182200
v 10.22902400 -0.10371900 -1.37182200
v 10.24745400 -0.12214900 -1.37182200
v 10.24745400 -0.12214900 -1.37182200
v 10.27263100 -0.12889500 -1.37182200
v 10.27263100 -0.12889500 -1.37182200
v 10.29780700 -0.12214900 -1.37182200
v 10.29780700 -0.12214900 -1.37182200
v 10.31623700 -0.10371800 -1.37182200
v 10.31623700 -0.10371800 -1.37182200
v 10.32298300 -0.07854200 -1.37182200
v 10.32298300 -0.07854200 -1.37182200
v 10.32298300 -0.07854200 -1.37182200
v 10.32298300 -0.07854200 -1.37182200
v 10.31623700 -0.05336600 -1.37182200
v 10.31623700 -0.05336600 -1.37182200
v 10.27263100 -0.02818900 -1.35973400
v 10.27263100 -0.02818900 -1.35973400
v 10.29780700 -0.03493500 -1.35973400
v 10.29780700 -0.03493500 -1.35973400
v 10.31623700 -0.05336600 -1.35973400
v 10.31623700 -0.05336600 -1.35973400
v 10.32298300 -0.07854200 -1.35973400
v 10.32298300 -0.07854200 -1.35973400
v 10.32298300 -0.07854200 -1.35973400
v 10.32298300 -0.07854200 -1.35973400
v 10.31623700 -0.10371800 -1.35973400
v 10.31623700 -0.10371800 -1.35973400
v 10.29780700 -0.12214900 -1.35973400
v 10.29780700 -0.12214900 -1.35973400
v 10.27263100 -0.12889500 -1.35973400
v 10.27263100 -0.12889500 -1.35973400
v 10.24745400 -0.12214900 -1.35973400
v 10.24745400 -0.12214900 -1.35973400
v 10.22902400 -0.10371900 -1.35973400
v 10.22902400 -0.10371900 -1.35973400
v 10.22227800 -0.07854200 -1.35973400
v 10.22227800 -0.07854200 -1.35973400
v 10.22902400 -0.05336600 -1.35973400
v 10.22902400 -0.05336600 -1.35973400
v 10.24745400 -0.03493500 -1.35973400
v 10.24745400 -0.03493500 -1.35973400
vn -1.00000000 -0.00000000 -0.00000000
vn -0.00000000 -1.00000000 -0.00000000
vn -0.00000000 -0.00000000 1.00000000
vn 1.00000000 -0.00000000 -0.00000000
vn -0.00000000 -1.00000000 -0.00000000
vn -0.00000000 -0.00000000 1.00000000
vn -0.00000000 -1.00000000 -0.00000000
vn -1.00000000 -0.00000000 -0.00000000
vn -0.00000000 -0.00000000 -1.00000000
vn -0.00000000 -1.00000000 -0.00000000
vn 1.00000000 -0.00000000 -0.00000000
vn -0.00000000 -0.00000000 -1.00000000
vn -0.00000000 -0.00000000 1.00000000
vn 1.00000000 -0.00000000 -0.00000000
vn -0.00000000 -0.00000000 1.00000000
vn -1.00000000 -0.00000000 -0.00000000
vn 0.25880000 0.96590000 -0.00000000
vn -0.25880000 0.96590000 -0.00000000
vn 0.50000000 0.86600000 -0.00000000
vn 0.96590000 0.25880000 -0.00000000
vn 0.70710000 0.70710000 -0.00000000
vn 1.00000000 -0.00000000 -0.00000000
vn 0.96590000 -0.25880000 -0.00000000
vn 0.70710000 -0.70710000 -0.00000000
vn 0.50000000 -0.86600000 -0.00000000
vn 0.25880000 -0.96590000 -0.00000000
vn -0.25880000 -0.96590000 -0.00000000
vn -0.50000000 -0.86600000 -0.00000000
vn -0.70710000 -0.70710000 -0.00000000
vn -0.96590000 -0.25880000 -0.00000000
vn -1.00000000 -0.00000000 -0.00000000
vn -0.70710000 0.70710000 -0.00000000
vn -0.96590000 0.25880000 -0.00000000
vn -0.50000000 0.86600000 -0.00000000
vn 0.25880000 0.96590000 -0.00000000
vn -0.25880000 0.96590000 -0.00000000
vn -0.00000000 -0.00000000 -1.00000000
vn 0.50000000 0.86600000 -0.00000000
vn -0.00000000 -0.00000000 -1.00000000
vn -0.00000000 -0.00000000 -1.00000000
vn 0.96590000 0.25880000 -0.00000000
vn 0.70710000 0.70710000 -0.00000000
vn 1.00000000 -0.00000000 -0.00000000
vn -0.00000000 -0.00010000 -1.00000000
vn -0.00000000 -0.00000000 -1.00000000
vn 0.70710000 -0.70710000 -0.00000000
vn 0.96590000 -0.25880000 -0.00000000
vn -0.00000000 -0.00010000 -1.00000000
vn 0.50000000 -0.86600000 -0.00000000
vn 0.25880000 -0.96590000 -0.00000000
vn -0.25880000 -0.96590000 -0.00000000
vn -0.00000000 -0.00000000 -1.00000000
vn -0.50000000 -0.86600000 -0.00000000
vn -0.00000000 0.00020000 -1.00000000
vn -0.00000000 0.00010000 -1.00000000
vn -0.70710000 -0.70710000 -0.00000000
vn -0.96590000 -0.25880000 -0.00000000
vn -1.00000000 -0.00000000 -0.00000000
vn -0.00000000 -0.00000000 -1.00000000
vn -0.96590000 0.25880000 -0.00000000
vn -0.00000000 -0.00000000 -1.00000000
vn -0.70710000 0.70710000 -0.00000000
vn -0.00000000 0.00010000 -1.00000000
vn -0.50000000 0.86600000 -0.00000000
vn -0.00000000 -1.00000000 -0.00000000
vn -1.00000000 -0.00000000 -0.00000000
vn -0.00000000 -0.00000000 1.00000000
vn -0.00000000 -0.00000000 1.00000000
vn -0.00000000 -1.00000000 -0.00000000
vn 1.00000000 -0.00000000 -0.00000000
vn -0.00000000 -1.00000000 -0.00000000
vn -1.00000000 -0.00000000 -0.00000000
vn -0.00000000 -0.00000000 -1.00000000
vn -0.00000000 -0.00000000 -1.00000000
vn 1.00000000 -0.00000000 -0.00000000
vn -0.00000000 -1.00000000 -0.00000000
vn -0.00000000 -0.00000000 1.00000000
vn -0.00000000 1.00000000 -0.00000000
vn 1.00000000 -0.00000000 -0.00000000
vn -0.00000000 1.00000000 -0.00000000
vn -0.00000000 -0.00000000 1.00000000
vn -1.00000000 -0.00000000 -0.00000000
vn -0.00000000 -0.00000000 -1.00000000
vn -1.00000000 -0.00000000 -0.00000000
vn -0.00000000 1.00000000 -0.00000000
vn -0.00000000 -0.00000000 -1.00000000
vn -0.00000000 1.00000000 -0.00000000
vn 1.00000000 -0.00000000 -0.00000000
vn 1.00000000 -0.00000000 -0.00000000
vn -0.00000000 -0.00000000 -1.00000000
vn -0.00000000 -1.00000000 -0.00000000
vn -0.00000000 -1.00000000 -0.00000000
vn 1.00000000 -0.00000000 -0.00000000
vn -0.00000000 -0.00000000 1.00000000
vn -0.00000000 -1.00000000 -0.00000000
vn -1.00000000 -0.00000000 -0.00000000
vn -0.00000000 -0.00000000 1.00000000
vn -0.09850000 -0.00000000 -0.99510000
vn -0.00000000 -1.00000000 -0.00000000
vn -0.00000000 -0.00000000 -1.00000000
vn 1.00000000 -0.00000000 -0.00000000
vn -0.00000000 1.00000000 -0.00000000
vn -0.99510000 -0.00000000 -0.09850000
vn -0.00000000 1.00000000 -0.00000000
vn -0.00000000 -0.00000000 1.00000000
vn -1.00000000 -0.00000000 -0.00000000
vn -0.00000000 1.00000000 -0.00000000
vn -0.00000000 -0.00000000 1.00000000
vn 1.00000000 -0.00000000 -0.00000000
vn -0.00000000 1.00000000 -0.00000000
vn -0.00000000 -1.00000000 -0.00000000
vn -0.99510000 -0.00000000 -0.09850000
vn -0.00000000 1.00000000 -0.00000000
vn -0.09850000 -0.00000000 -0.99510000
vn -0.00000000 -1.00000000 -0.00000000
vn -0.70710000 -0.00000000 -0.70710000
vn -0.98060000 -0.00000000 -0.19610000
vn -0.70710000 -0.00000000 -0.70710000
vn -0.19610000 -0.00000000 -0.98060000
vn -0.00000000 -1.00000000 -0.00000000
vn -0.19610000 -0.00000000 -0.98060000
vn -0.70710000 -0.00000000 -0.70710000
vn -0.00000000 1.00000000 -0.00000000
vn -0.00000000 1.00000000 -0.00000000
vn -0.98060000 -0.00000000 -0.19610000
vn -0.70710000 -0.00000000 -0.70710000
vn 0.21790000 -0.00000000 0.97600000
vn -0.29930000 -0.00000000 0.95420000
vn -0.00000000 -1.00000000 -0.00000000
vn -0.00000000 -1.00000000 -0.00000000
vn 0.46310000 -0.00000000 0.88630000
vn -0.00000000 -1.00000000 -0.00000000
vn 0.84420000 -0.00000000 0.53610000
vn -0.00000000 -1.00000000 -0.00000000
vn 0.99910000 -0.00000000 0.04210000
vn 0.88630000 -0.00000000 -0.46310000
vn -0.00000000 -1.00000000 -0.00000000
vn 0.53610000 -0.00000000 -0.84420000
vn -0.00000000 -1.00000000 -0.00000000
vn -0.00000000 -1.00000000 -0.00000000
vn 0.04220000 -0.00000000 -0.99910000
vn -0.21790000 -0.00000000 -0.97600000
vn -0.67670000 -0.00000000 -0.73630000
vn -0.00000000 -1.00000000 -0.00000000
vn -0.00000000 -1.00000000 -0.00000000
vn -0.84420000 -0.00000000 -0.53600000
vn -0.97600000 -0.00000000 0.21790000
vn -0.00000000 -1.00000000 -0.00000000
vn -0.95420000 -0.00000000 -0.29930000
vn -0.88630000 -0.00000000 0.46310000
vn -0.00000000 -1.00000000 -0.00000000
vn -0.00000000 -1.00000000 -0.00000000
vn -0.73630000 -0.00000000 0.67670000
vn -0.29930000 -0.00000000 0.95420000
vn 0.99910000 -0.00000000 0.04210000
vn 0.88630000 -0.00000000 -0.46300000
vn 0.53610000 -0.00000000 -0.84420000
vn 0.04210000 -0.00000000 -0.99910000
vn -0.84420000 -0.00000000 -0.53600000
vn -0.88630000 -0.00000000 0.46310000
vn -0.73630000 -0.00000000 0.67670000
vn -0.29930000 -0.00000000 0.95420000
vn -0.00000000 -1.00000000 -0.00000000
vn -0.84420000 -0.00000000 -0.53610000
vn -0.67670000 -0.00000000 -0.73630000
vn 0.53610000 -0.00000000 -0.84420000
vn -0.00000000 -1.00000000 -0.00000000
vn -0.21790000 -0.00000000 -0.97600000
vn 0.04220000 -0.00000000 -0.99910000
vn 0.53610000 -0.00000000 -0.84420000
vn 0.88630000 -0.00000000 -0.46310000
vn 0.99910000 -0.00000000 0.04210000
vn 0.84420000 -0.00000000 0.53610000
vn 0.46300000 -0.00000000 0.88630000
vn 0.21790000 -0.00000000 0.97600000
vn -0.29930000 -0.00000000 0.95420000
vn -0.29930000 -0.00000000 0.95420000
vn -0.73630000 -0.00000000 0.67670000
vn -0.88630000 -0.00000000 0.46310000
vn -0.95420000 -0.00000000 -0.29930000
vn -0.53610000 -0.00000000 0.84420000
vn -0.97600000 -0.00000000 0.21790000
vn -0.00000000 -1.00000000 -0.00000000
vn -0.84420000 -0.00000000 -0.53600000
vn -0.00000000 1.00000000 -0.00000000
vn -0.00000000 1.00000000 -0.00000000
vn -0.21790000 -0.00000000 -0.97600000
vn -0.67670000 -0.00000000 -0.73630000
vn 0.53610000 -0.00000000 -0.84420000
vn 0.04220000 -0.00000000 -0.99910000
vn 0.53610000 -0.00000000 -0.84420000
vn 0.88630000 -0.00000000 -0.46310000
vn 0.99910000 -0.00000000 0.04210000
vn 0.84420000 -0.00000000 0.53610000
vn 0.46300000 -0.00000000 0.88630000
vn 0.21790000 -0.00000000 0.97600000
vn -0.29930000 -0.00000000 0.95420000
vn -0.29930000 -0.00000000 0.95420000
vn -0.73630000 -0.00000000 0.67670000
vn -0.88630000 -0.00000000 0.46310000
vn -0.53610000 -0.00000000 0.84420000
vn -0.99890000 -0.00000000 0.04690000
vn -0.00000000 1.00000000 -0.00000000
vn -0.00000000 1.00000000 -0.00000000
vn -0.08860000 -0.00000000 -0.99610000
vn 0.53610000 -0.00000000 -0.84420000
vn -0.00000000 -1.00000000 -0.00000000
vn -0.08860000 -0.00000000 -0.99610000
vn 0.53610000 -0.00000000 -0.84420000
vn -0.84420000 -0.00000000 -0.53610000
vn -0.00000000 -1.00000000 -0.00000000
vn -0.53610000 -0.00000000 0.84420000
vn -0.00000000 -1.00000000 -0.00000000
vn -0.93920000 -0.00000000 0.34340000
vn -0.93920000 -0.00000000 0.34340000
vn -0.53610000 -0.00000000 0.84420000
vn -0.00000000 1.00000000 -0.00000000
vn -0.00000000 1.00000000 -0.00000000
vn -0.84420000 -0.00000000 -0.53610000
vn -0.00000000 1.00000000 -0.00000000
vn -0.67670000 -0.00000000 -0.73630000
vn -0.08860000 -0.00000000 -0.99610000
vn -0.00000000 -1.00000000 -0.00000000
vn -0.08860000 -0.00000000 -0.99610000
vn -0.67670000 -0.00000000 -0.73630000
vn -0.93920000 -0.00000000 0.34340000
vn -0.00000000 -1.00000000 -0.00000000
vn -0.95420000 -0.00000000 -0.29930000
vn -0.93920000 -0.00000000 0.34340000
vn -0.00000000 1.00000000 -0.00000000
vn -0.95420000 -0.00000000 -0.29930000
vn -0.00000000 -1.00000000 -0.00000000
vn -0.00000000 1.00000000 -0.00000000
vn 0.50000000 -0.00000000 -0.86600000
vn -0.06530000 -0.00000000 -0.99790000
vn -0.00000000 -1.00000000 -0.00000000
vn -0.00000000 -1.00000000 -0.00000000
vn 0.50000000 -0.00000000 -0.86600000
vn 0.89640000 -0.00000000 -0.44320000
vn 0.93570000 -0.00000000 -0.35270000
vn -0.00000000 -1.00000000 -0.00000000
vn 0.96590000 -0.00000000 -0.25880000
vn -0.00000000 -1.00000000 -0.00000000
vn -0.96590000 -0.00000000 0.25880000
vn -0.00000000 -1.00000000 -0.00000000
vn -0.00010000 -1.00000000 -0.00000000
vn -0.98670000 -0.00000000 0.16240000
vn -0.00000000 -1.00000000 -0.00000000
vn -0.86600000 -0.00000000 -0.50000000
vn -0.99790000 -0.00000000 0.06430000
vn -0.00000000 -1.00000000 -0.00000000
vn -0.44230000 -0.00000000 -0.89680000
vn -0.86600000 -0.00000000 -0.50000000
vn -0.25880000 -0.00000000 -0.96590000
vn -0.00000000 -1.00000000 -0.00000000
vn 0.93570000 -0.00000000 -0.35270000
vn -0.00000000 1.00000000 -0.00000000
vn 0.89640000 -0.00000000 -0.44320000
vn 0.50000000 -0.00000000 -0.86600000
vn -0.00000000 1.00000000 -0.00000000
vn -0.00000000 1.00000000 -0.00000000
vn -0.06530000 -0.00000000 -0.99790000
vn 0.50000000 -0.00000000 -0.86600000
vn -0.25880000 -0.00000000 -0.96590000
vn -0.00000000 1.00000000 -0.00000000
vn -0.86600000 -0.00000000 -0.50000000
vn -0.00000000 1.00000000 -0.00000000
vn -0.44230000 -0.00000000 -0.89680000
vn -0.00000000 1.00000000 -0.00000000
vn -0.86600000 -0.00000000 -0.50000000
vn -0.99790000 -0.00000000 0.06430000
vn -0.00000000 1.00000000 -0.00000000
vn -0.98670000 -0.00000000 0.16240000
vn -0.96590000 -0.00000000 0.25880000
vn -0.00000000 1.00000000 -0.00000000
vn 0.96590000 -0.00000000 -0.25880000
vn -0.00000000 1.00000000 -0.00000000
vn -0.00000000 -1.00000000 -0.00000000
vn -0.00000000 -0.00000000 1.00000000
vn -0.00000000 -1.00000000 -0.00000000
vn 0.50000000 -0.00000000 0.86600000
vn 0.86600000 -0.00000000 0.50000000
vn -0.00000000 -1.00000000 -0.00000000
vn 1.00000000 -0.00000000 -0.00000000
vn -0.00000000 -1.00000000 -0.00000000
vn -0.00000000 -1.00000000 -0.00000000
vn 0.86600000 -0.00000000 -0.50000000
vn 0.86600000 -0.00000000 -0.50000000
vn -0.00010000 -1.00000000 -0.00000000
vn 0.50000000 -0.00000000 -0.86600000
vn -0.00000000 -1.00000000 -0.00000000
vn -0.00000000 -0.00000000 -1.00000000
vn -0.00000000 -1.00000000 -0.00000000
vn -0.50000000 -0.00000000 -0.86600000
vn -0.00000000 -1.00000000 -0.00000000
vn -0.86600000 -0.00000000 -0.50000000
vn -0.00000000 -1.00000000 -0.00000000
vn -1.00000000 -0.00000000 -0.00000000
vn -0.86600000 -0.00000000 0.50000000
vn -0.00000000 -1.00000000 -0.00000000
vn -0.50000000 -0.00000000 0.86600000
vn -0.00000000 -1.00000000 -0.00000000
vn 0.50000000 -0.00000000 0.86600000
vn 0.86600000 -0.00000000 0.50000000
vn 1.00000000 -0.00000000 -0.00000000
vn 0.86600000 -0.00000000 -0.50000000
vn 0.86600000 -0.00000000 -0.50000000
vn 0.50000000 -0.00000000 -0.86600000
vn -0.50000000 -0.00000000 -0.86600000
vn -0.86600000 -0.00000000 -0.50000000
vn -0.86600000 -0.00000000 0.50000000
vn -0.50000000 -0.00000000 0.86600000
vn -0.00000000 1.00000000 -0.00000000
vn -1.00000000 -0.00000000 -0.00000000
vn -0.00000000 -0.00000000 1.00000000
vn 1.00000000 -0.00000000 -0.00000000
vn -0.00000000 1.00000000 -0.00000000
vn -0.00000000 -0.00000000 1.00000000
vn -0.00000000 -0.00000000 -1.00000000
vn -1.00000000 -0.00000000 -0.00000000
vn -0.00000000 1.00000000 -0.00000000
vn -1.00000000 -0.00000000 -0.00000000
vn -0.00000000 -0.00000000 -1.00000000
vn 1.00000000 -0.00000000 -0.00000000
vn -0.00000000 -0.00000000 -1.00000000
vn -0.00000000 1.00000000 -0.00000000
vn -0.00000000 -0.00000000 -1.00000000
vn 1.00000000 -0.00000000 -0.00000000
vn 0.25880000 -0.96590000 -0.00000000
vn -0.25880000 -0.96590000 -0.00000000
vn 0.50000000 -0.86600000 -0.00000000
vn 0.50000000 -0.86600000 -0.00000000
vn -0.00000000 -0.00000000 -1.00000000
vn -0.00000000 -0.00000000 -1.00000000
vn 0.25880000 -0.96590000 -0.00000000
vn -0.25880000 -0.96590000 -0.00000000
vn 0.96590000 -0.25880000 -0.00000000
vn 0.70710000 -0.70710000 -0.00000000
vn 0.70710000 -0.70710000 -0.00000000
vn -0.00000000 -0.00000000 -1.00000000
vn 0.96590000 -0.25880000 -0.00000000
vn 1.00000000 -0.00000000 -0.00000000
vn 1.00000000 -0.00000000 -0.00000000
vn 1.00000000 -0.00010000 -0.00000000
vn -0.00000000 0.00010000 -1.00000000
vn 0.96590000 0.25880000 -0.00000000
vn 0.70710000 0.70710000 -0.00000000
vn -0.00000000 -0.00000000 -1.00000000
vn 0.96590000 0.25880000 -0.00000000
vn 0.70710000 0.70710000 -0.00000000
vn 0.50000000 0.86600000 -0.00000000
vn -0.00000000 0.00010000 -1.00000000
vn 0.50000000 0.86600000 -0.00000000
vn 0.50000000 0.86610000 -0.00000000
vn -0.25880000 0.96590000 -0.00000000
vn 0.25880000 0.96590000 -0.00000000
vn 0.25880000 0.96590000 -0.00000000
vn -0.00000000 -0.00000000 -1.00000000
vn -0.25880000 0.96590000 -0.00000000
vn -0.50000000 0.86600000 -0.00000000
vn -0.00000000 -0.00020000 -1.00000000
vn -0.50000000 0.86600000 -0.00000000
vn -0.70710000 0.70710000 -0.00000000
vn -0.96590000 0.25880000 -0.00000000
vn -0.00000000 -0.00000000 -1.00000000
vn -0.96590000 0.25880000 -0.00000000
vn -0.70710000 0.70710000 -0.00000000
vn -1.00000000 -0.00000000 -0.00000000
vn -1.00000000 -0.00000000 -0.00000000
vn -1.00000000 0.00010000 -0.00000000
vn -0.00000000 -0.00000000 -1.00000000
vn -0.96590000 -0.25880000 -0.00000000
vn -0.70710000 -0.70710000 -0.00000000
vn -0.70710000 -0.70710000 -0.00000000
vn -0.96590000 -0.25880000 -0.00000000
vn -0.00000000 -0.00000000 -1.00000000
vn -0.50000000 -0.86600000 -0.00000000
vn -0.50000000 -0.86610000 -0.00000000
vn -0.00000000 -0.00010000 -1.00000000
vn -0.50000000 -0.86600000 -0.00000000
vn -0.00000000 1.00000000 -0.00000000
vn -1.00000000 -0.00000000 -0.00000000
vn -0.00000000 -0.00000000 1.00000000
vn -0.00000000 -0.00000000 1.00000000
vn -0.00000000 1.00000000 -0.00000000
vn 1.00000000 -0.00000000 -0.00000000
vn -0.00000000 -1.00000000 -0.00000000
vn 1.00000000 -0.00000000 -0.00000000
vn -0.00000000 -0.00000000 1.00000000
vn -1.00000000 -0.00000000 -0.00000000
vn -0.00000000 -0.00000000 1.00000000
vn -0.00000000 -1.00000000 -0.00000000
vn -0.00000000 1.00000000 -0.00000000
vn -1.00000000 -0.00000000 -0.00000000
vn -0.00000000 -0.00000000 -1.00000000
vn -0.00000000 -0.00000000 -1.00000000
vn -1.00000000 -0.00000000 -0.00000000
vn -0.00000000 -1.00000000 -0.00000000
vn -0.00000000 -0.00000000 -1.00000000
vn 1.00000000 -0.00000000 -0.00000000
vn -0.00000000 -1.00000000 -0.00000000
vn -0.00000000 -0.00000000 -1.00000000
vn 1.00000000 -0.00000000 -0.00000000
vn -0.00000000 1.00000000 -0.00000000
vn 1.00000000 -0.00000000 -0.00000000
vn -0.00000000 -0.00000000 -1.00000000
vn -0.00000000 1.00000000 -0.00000000
vn -0.00000000 1.00000000 -0.00000000
vn -0.00000000 -0.00000000 1.00000000
vn 1.00000000 -0.00000000 -0.00000000
vn -0.00000000 1.00000000 -0.00000000
vn -1.00000000 -0.00000000 -0.00000000
vn -0.00000000 -0.00000000 1.00000000
vn -0.00000000 1.00000000 -0.00000000
vn -0.99510000 -0.00000000 -0.09850000
vn -0.00000000 1.00000000 -0.00000000
vn -0.98060000 -0.00000000 -0.19610000
vn -0.70710000 -0.00000000 -0.70710000
vn -0.70710000 -0.00000000 -0.70710000
vn -0.19610000 -0.00000000 -0.98060000
vn -0.00000000 1.00000000 -0.00000000
vn -0.09850000 -0.00000000 -0.99510000
vn -0.00000000 1.00000000 -0.00000000
vn -0.00000000 -0.00000000 -1.00000000
vn -0.00000000 -1.00000000 -0.00000000
vn 1.00000000 -0.00000000 -0.00000000
vn -0.00000000 -1.00000000 -0.00000000
vn -0.09850000 -0.00000000 -0.99510000
vn -0.70710000 -0.00000000 -0.70710000
vn -0.00000000 -1.00000000 -0.00000000
vn -0.19610000 -0.00000000 -0.98060000
vn -0.98060000 -0.00000000 -0.19610000
vn -0.70710000 -0.00000000 -0.70710000
vn -0.00000000 -1.00000000 -0.00000000
vn -0.00000000 -1.00000000 -0.00000000
vn -0.99510000 -0.00000000 -0.09850000
vn -0.00000000 -1.00000000 -0.00000000
vn -0.00000000 -0.00000000 1.00000000
vn -1.00000000 -0.00000000 -0.00000000
vn 1.00000000 -0.00000000 -0.00000000
vn -0.00000000 -0.00000000 1.00000000
vn -0.00000000 -1.00000000 -0.00000000
vn -0.73630000 -0.00000000 0.67670000
vn -0.29930000 -0.00000000 0.95420000
vn -0.00000000 1.00000000 -0.00000000
vn -0.00000000 1.00000000 -0.00000000
vn -0.88630000 -0.00000000 0.46310000
vn -0.97600000 -0.00000000 0.21790000
vn -0.95420000 -0.00000000 -0.29930000
vn -0.00000000 1.00000000 -0.00000000
vn -0.84420000 -0.00000000 -0.53600000
vn -0.00000000 1.00000000 -0.00000000
vn -0.21790000 -0.00000000 -0.97600000
vn -0.67670000 -0.00000000 -0.73630000
vn -0.00000000 1.00000000 -0.00000000
vn 0.04220000 -0.00000000 -0.99910000
vn -0.00000000 1.00000000 -0.00000000
vn -0.00000000 1.00000000 -0.00000000
vn 0.53610000 -0.00000000 -0.84420000
vn 0.88630000 -0.00000000 -0.46310000
vn -0.00000000 1.00000000 -0.00000000
vn -0.00000000 1.00000000 -0.00000000
vn 0.99910000 -0.00000000 0.04210000
vn 0.84420000 -0.00000000 0.53610000
vn -0.00000000 1.00000000 -0.00000000
vn -0.00000000 1.00000000 -0.00000000
vn 0.46310000 -0.00000000 0.88630000
vn -0.00000000 1.00000000 -0.00000000
vn 0.21790000 -0.00000000 0.97600000
vn -0.29930000 -0.00000000 0.95420000
vn 0.46300000 -0.00000000 0.88630000
vn -0.29930000 -0.00000000 0.95420000
vn 0.21790000 -0.00000000 0.97600000
vn 0.84420000 -0.00000000 0.53610000
vn 0.99910000 -0.00000000 0.04210000
vn 0.88630000 -0.00000000 -0.46310000
vn 0.53610000 -0.00000000 -0.84420000
vn 0.04220000 -0.00000000 -0.99910000
vn 0.53610000 -0.00000000 -0.84420000
vn -0.67670000 -0.00000000 -0.73630000
vn -0.00000000 1.00000000 -0.00000000
vn -0.21790000 -0.00000000 -0.97600000
vn -0.00000000 1.00000000 -0.00000000
vn -0.84420000 -0.00000000 -0.53610000
vn -0.97600000 -0.00000000 0.21790000
vn -0.53610000 -0.00000000 0.84420000
vn -0.00000000 1.00000000 -0.00000000
vn -0.95420000 -0.00000000 -0.29930000
vn -0.88630000 -0.00000000 0.46310000
vn -0.73630000 -0.00000000 0.67670000
vn -0.29930000 -0.00000000 0.95420000
vn 0.46300000 -0.00000000 0.88630000
vn 0.21790000 -0.00000000 0.97600000
vn -0.29930000 -0.00000000 0.95420000
vn 0.84420000 -0.00000000 0.53610000
vn 0.99910000 -0.00000000 0.04210000
vn 0.88630000 -0.00000000 -0.46310000
vn 0.53610000 -0.00000000 -0.84420000
vn 0.04220000 -0.00000000 -0.99910000
vn -0.00000000 -1.00000000 -0.00000000
vn -0.21790000 -0.00000000 -0.97600000
vn 0.53610000 -0.00000000 -0.84420000
vn -0.67670000 -0.00000000 -0.73630000
vn -0.84420000 -0.00000000 -0.53610000
vn -0.00000000 1.00000000 -0.00000000
vn -0.00000000 -1.00000000 -0.00000000
vn -0.84420000 -0.00000000 -0.53610000
vn -0.67670000 -0.00000000 -0.73630000
vn -0.08860000 -0.00000000 -0.99610000
vn -0.00000000 -1.00000000 -0.00000000
vn -0.08860000 -0.00000000 -0.99610000
vn -0.00000000 1.00000000 -0.00000000
vn -0.67670000 -0.00000000 -0.73630000
vn -0.93920000 -0.00000000 0.34340000
vn -0.00000000 1.00000000 -0.00000000
vn -0.95420000 -0.00000000 -0.29930000
vn -0.95420000 -0.00000000 -0.29930000
vn -0.00000000 -1.00000000 -0.00000000
vn -0.93920000 -0.00000000 0.34340000
vn -0.88630000 -0.00000000 0.46310000
vn -0.99890000 -0.00000000 0.04690000
vn -0.53610000 -0.00000000 0.84420000
vn -0.00000000 -1.00000000 -0.00000000
vn -0.29930000 -0.00000000 0.95420000
vn -0.73630000 -0.00000000 0.67670000
vn 0.46300000 -0.00000000 0.88630000
vn 0.21790000 -0.00000000 0.97600000
vn -0.29930000 -0.00000000 0.95420000
vn 0.84420000 -0.00000000 0.53610000
vn -0.21790000 -0.00000000 -0.97600000
vn -0.67670000 -0.00000000 -0.73630000
vn -0.00000000 -1.00000000 -0.00000000
vn -0.84420000 -0.00000000 -0.53600000
vn -0.99910000 -0.00000000 -0.04220000
vn -0.08860000 -0.00000000 -0.99610000
vn 0.53610000 -0.00000000 -0.84420000
vn -0.00000000 1.00000000 -0.00000000
vn -0.00000000 -1.00000000 -0.00000000
vn -0.08860000 -0.00000000 -0.99610000
vn 0.53610000 -0.00000000 -0.84420000
vn -0.00000000 1.00000000 -0.00000000
vn -0.00000000 1.00000000 -0.00000000
vn -0.53610000 -0.00000000 0.84420000
vn -0.93920000 -0.00000000 0.34340000
vn -0.53610000 -0.00000000 0.84420000
vn -0.93920000 -0.00000000 0.34340000
vn -0.00000000 -1.00000000 -0.00000000
vn -0.00000000 -1.00000000 -0.00000000
vn -0.06530000 -0.00000000 -0.99790000
vn -0.00000000 1.00000000 -0.00000000
vn 0.50000000 -0.00000000 -0.86600000
vn 0.50000000 -0.00000000 -0.86600000
vn 0.89640000 -0.00000000 -0.44320000
vn -0.00000000 1.00000000 -0.00000000
vn 0.93570000 -0.00000000 -0.35270000
vn -0.00000000 1.00000000 -0.00000000
vn -0.00000000 1.00000000 -0.00000000
vn 0.96590000 -0.00000000 -0.25880000
vn -0.00000000 1.00000000 -0.00000000
vn -0.96590000 -0.00000000 0.25880000
vn -0.98670000 -0.00000000 0.16240000
vn -0.00000000 1.00000000 -0.00000000
vn -0.86600000 -0.00000000 -0.50000000
vn -0.99790000 -0.00000000 0.06430000
vn -0.00000000 1.00000000 -0.00000000
vn -0.00000000 1.00000000 -0.00000000
vn -0.86600000 -0.00000000 -0.50000000
vn -0.44230000 -0.00000000 -0.89680000
vn -0.25880000 -0.00000000 -0.96590000
vn -0.00000000 1.00000000 -0.00000000
vn -0.00000000 -1.00000000 -0.00000000
vn 0.93570000 -0.00000000 -0.35270000
vn -0.00000000 -1.00000000 -0.00000000
vn 0.50000000 -0.00000000 -0.86600000
vn 0.89640000 -0.00000000 -0.44320000
vn -0.06530000 -0.00000000 -0.99790000
vn 0.50000000 -0.00000000 -0.86600000
vn -0.00000000 -1.00000000 -0.00000000
vn -0.00000000 -1.00000000 -0.00000000
vn -0.25880000 -0.00000000 -0.96590000
vn -0.00000000 -1.00000000 -0.00000000
vn -0.86600000 -0.00000000 -0.50000000
vn -0.44230000 -0.00000000 -0.89680000
vn -0.99790000 -0.00000000 0.06430000
vn -0.00000000 -1.00000000 -0.00000000
vn -0.86600000 -0.00000000 -0.50000000
vn -0.98670000 -0.00000000 0.16240000
vn -0.00000000 -1.00000000 -0.00000000
vn -0.96590000 -0.00000000 0.25880000
vn -0.00000000 -1.00000000 -0.00000000
vn -0.00000000 -1.00000000 -0.00000000
vn 0.96590000 -0.00000000 -0.25880000
vn -0.50000000 -0.00000000 0.86600000
vn -0.00000000 1.00000000 -0.00000000
vn -0.00000000 1.00000000 -0.00000000
vn -0.86600000 -0.00000000 0.50000000
vn -0.00000000 1.00000000 -0.00000000
vn -1.00000000 -0.00000000 -0.00000000
vn -0.86600000 -0.00000000 -0.50000000
vn -0.00000000 1.00000000 -0.00000000
vn 0.00010000 1.00000000 -0.00000000
vn -0.50000000 -0.00000000 -0.86600000
vn -0.00000000 -0.00000000 -1.00000000
vn -0.00000000 1.00000000 -0.00000000
vn -0.00000000 1.00000000 -0.00000000
vn 0.50000000 -0.00000000 -0.86600000
vn 0.86600000 -0.00000000 -0.50000000
vn 0.86600000 -0.00000000 -0.50000000
vn -0.00000000 1.00000000 -0.00000000
vn -0.00000000 1.00000000 -0.00000000
vn 1.00000000 -0.00000000 -0.00000000
vn 0.86600000 -0.00000000 0.50000000
vn -0.00000000 1.00000000 -0.00000000
vn 0.50000000 -0.00000000 0.86600000
vn -0.00000000 1.00000000 -0.00000000
vn -0.00000000 -0.00000000 1.00000000
vn -0.00000000 1.00000000 -0.00000000
vn -0.00000000 -0.00000000 1.00000000
vn -0.00000000 -0.00000000 -1.00000000
vn -1.00000000 -0.00000000 -0.00000000
vn 0.25880000 0.96590000 -0.00000000
vn -0.25880000 0.96590000 -0.00000000
vn 0.50000000 0.86600000 -0.00000000
vn 0.70710000 0.70710000 -0.00000000
vn 0.96590000 0.25880000 -0.00000000
vn 1.00000000 -0.00000000 -0.00000000
vn 1.00000000 -0.00000000 -0.00000000
vn 0.86600000 -0.50000000 -0.00000000
vn 0.50000000 -0.86600000 -0.00000000
vn -0.00000000 -1.00000000 -0.00000000
vn -0.50000000 -0.86600000 -0.00000000
vn -0.86600000 -0.50000000 -0.00000000
vn -1.00000000 -0.00000000 -0.00000000
vn -0.86600000 0.50000000 -0.00000000
vn -0.70710000 0.70710000 -0.00000000
vn -0.25880000 0.96590000 -0.00000000
vn -0.10890000 -0.06290000 -0.99210000
vn -0.86600000 -0.50000000 -0.00000000
vn -0.50000000 -0.86600000 -0.00000000
vn -0.06290000 -0.10890000 -0.99210000
vn -0.00000000 -0.12580000 -0.99210000
vn -0.00000000 -1.00000000 -0.00000000
vn 0.06290000 -0.10890000 -0.99210000
vn 0.50000000 -0.86600000 -0.00000000
vn 0.10890000 -0.06290000 -0.99210000
vn 0.86600000 -0.50000000 -0.00000000
vn 0.12580000 -0.00000000 -0.99210000
vn 0.12580000 -0.00000000 -0.99210000
vn 1.00000000 -0.00000000 -0.00000000
vn 1.00000000 -0.00000000 -0.00000000
vn 0.10890000 0.06290000 -0.99210000
vn 0.96590000 0.25880000 -0.00000000
vn 0.70710000 0.70710000 -0.00000000
vn 0.50000000 0.86600000 -0.00000000
vn 0.06290000 0.10890000 -0.99210000
vn -0.09790000 0.47610000 -0.87390000
vn 0.25880000 0.96590000 -0.00000000
vn -0.09790000 0.47610000 -0.87390000
vn -0.70710000 0.70710000 -0.00000000
vn -0.15330000 0.46120000 -0.87390000
vn -0.15330000 0.46120000 -0.87390000
vn -0.10890000 0.06290000 -0.99210000
vn -0.86600000 0.50000000 -0.00000000
vn -0.12580000 -0.00000000 -0.99210000
vn -1.00000000 -0.00000000 -0.00000000
vn -0.00000000 -0.00000000 -1.00000000
vn -0.98730000 -0.00000000 -0.15900000
vn -0.85500000 -0.49360000 -0.15900000
vn -0.00000000 -0.00000000 -1.00000000
vn -0.00000000 -0.00000000 -1.00000000
vn -0.49360000 -0.85500000 -0.15900000
vn -0.00000000 -0.00000000 -1.00000000
vn -0.00000000 -0.98730000 -0.15890000
vn 0.49360000 -0.85500000 -0.15890000
vn -0.00000000 -0.00000000 -1.00000000
vn -0.00000000 -0.00000000 -1.00000000
vn 0.85500000 -0.49370000 -0.15900000
vn -0.00000000 -0.00000000 -1.00000000
vn 0.98730000 -0.00000000 -0.15890000
vn 0.98730000 -0.00000000 -0.15890000
vn -0.00000000 -0.00000000 -1.00000000
vn -0.00000000 -0.00000000 -1.00000000
vn 0.85500000 0.49360000 -0.15890000
vn -0.00000000 -0.00000000 -1.00000000
vn 0.49370000 0.85500000 -0.15900000
vn -0.49360000 0.85500000 -0.15900000
vn -0.00000000 -0.00000000 -1.00000000
vn -0.00000000 -0.00000000 -1.00000000
vn -0.85500000 0.49370000 -0.15890000
vn -0.00000000 1.00000000 -0.00000000
vn 0.50000000 0.86600000 -0.00000000
vn 0.70710000 0.70710000 -0.00000000
vn 0.96590000 0.25880000 -0.00000000
vn 1.00000000 -0.00000000 -0.00000000
vn 1.00000000 -0.00000000 -0.00000000
vn 0.96590000 -0.25880000 -0.00000000
vn 0.70710000 -0.70710000 -0.00000000
vn 0.50000000 -0.86600000 -0.00000000
vn -0.00000000 -1.00000000 -0.00000000
vn -0.50000000 -0.86600000 -0.00000000
vn -0.70710000 -0.70710000 -0.00000000
vn -0.96590000 -0.25880000 -0.00000000
vn -0.96590000 0.25880000 -0.00000000
vn -0.96590000 -0.25880000 -0.00000000
vn -0.86600000 0.50000000 -0.00000000
vn -0.50000000 0.86600000 -0.00000000
vn -0.00000000 -0.00000000 -1.00000000
vn 0.50010000 0.86600000 -0.00000000
vn 0.50000000 0.86600000 -0.00000000
vn -0.00000000 1.00000000 -0.00000000
vn -0.00000000 -0.00000000 -1.00000000
vn -0.50000000 0.86600000 -0.00000000
vn -0.00000000 -0.00000000 -1.00000000
vn -0.00000000 -0.00000000 -1.00000000
vn -0.86600000 0.50000000 -0.00000000
vn -0.00000000 -0.00000000 -1.00000000
vn -0.96590000 -0.25880000 -0.00000000
vn -0.96590000 0.25880000 -0.00000000
vn -0.00000000 -0.00000000 -1.00000000
vn -0.96590000 -0.25880000 -0.00000000
vn -0.70710000 -0.70710000 -0.00000000
vn -0.00000000 -0.00000000 -1.00000000
vn -0.50000000 -0.86600000 -0.00000000
vn -0.00000000 -1.00000000 -0.00000000
vn -0.00000000 -0.00000000 -1.00000000
vn -0.00000000 -0.00000000 -1.00000000
vn 0.50000000 -0.86600000 -0.00000000
vn -0.00000000 -0.00000000 -1.00000000
vn 0.70710000 -0.70710000 -0.00000000
vn 0.96590000 -0.25880000 -0.00000000
vn 1.00000000 -0.00000000 -0.00000000
vn -0.00000000 -0.00000000 -1.00000000
vn 1.00000000 -0.00000000 -0.00000000
vn -0.00000000 -0.00000000 -1.00000000
vn 0.96590000 0.25880000 -0.00000000
vn 0.70710000 0.70710000 -0.00000000
vn -0.00000000 -0.00000000 -1.00000000
vn -0.00000000 -0.00000000 -1.00000000
vn -0.00000000 0.98730000 -0.15890000
vn 0.16480000 0.28550000 -0.94410000
vn 0.34490000 0.59740000 -0.72390000
vn 0.46710000 0.80910000 -0.35660000
vn -0.00000000 0.32960000 -0.94410000
vn -0.00000000 0.68990000 -0.72390000
vn -0.00000000 0.93430000 -0.35660000
vn -0.16480000 0.28550000 -0.94410000
vn -0.34490000 0.59740000 -0.72390000
vn -0.46710000 0.80910000 -0.35660000
vn -0.28550000 0.16480000 -0.94410000
vn -0.59740000 0.34490000 -0.72390000
vn -0.80910000 0.46710000 -0.35660000
vn -0.32960000 -0.00000000 -0.94410000
vn -0.68990000 -0.00000000 -0.72390000
vn -0.93430000 -0.00000000 -0.35660000
vn -0.28550000 -0.16480000 -0.94410000
vn -0.59740000 -0.34490000 -0.72390000
vn -0.80910000 -0.46710000 -0.35660000
vn -0.16480000 -0.28550000 -0.94410000
vn -0.34490000 -0.59740000 -0.72390000
vn -0.46710000 -0.80910000 -0.35660000
vn -0.00000000 -0.32960000 -0.94410000
vn -0.00000000 -0.68990000 -0.72390000
vn -0.00000000 -0.93430000 -0.35660000
vn 0.16480000 -0.28550000 -0.94410000
vn 0.34490000 -0.59740000 -0.72390000
vn 0.46710000 -0.80910000 -0.35660000
vn 0.28550000 -0.16480000 -0.94410000
vn 0.59740000 -0.34490000 -0.72390000
vn 0.80910000 -0.46710000 -0.35660000
vn 0.32960000 -0.00000000 -0.94410000
vn 0.32960000 -0.00000000 -0.94410000
vn 0.68990000 -0.00000000 -0.72390000
vn 0.68990000 -0.00000000 -0.72390000
vn 0.93430000 -0.00000000 -0.35660000
vn 0.93430000 -0.00000000 -0.35660000
vn 0.28550000 0.16480000 -0.94410000
vn 0.59740000 0.34490000 -0.72390000
vn 0.80910000 0.46710000 -0.35660000
vn -0.00000000 -0.00000000 -1.00000000
vn -0.86600000 -0.50000000 -0.00000000
vn -0.50000000 -0.86600000 -0.00000000
vn -0.00000000 -0.00000000 -1.00000000
vn -0.00000000 -0.00000000 -1.00000000
vn -0.00000000 -1.00000000 -0.00000000
vn 0.50000000 -0.86600000 -0.00000000
vn -0.00000000 -0.00000000 -1.00000000
vn -0.00000000 -0.00000000 -1.00000000
vn 0.86600000 -0.50000000 -0.00000000
vn -0.00000000 -0.00000000 -1.00000000
vn 1.00000000 -0.00000000 -0.00000000
vn -0.00000000 -0.00000000 -1.00000000
vn 1.00000000 -0.00000000 -0.00000000
vn 0.70710000 0.70710000 -0.00000000
vn 0.96590000 0.25880000 -0.00000000
vn -0.00000000 -0.00000000 -1.00000000
vn 0.50000000 0.86600000 -0.00000000
vn -0.00000000 -0.00000000 -1.00000000
vn 0.25880000 0.96590000 -0.00000000
vn -0.25880000 0.96590000 -0.00000000
vn -0.00000000 -0.00000000 -1.00000000
vn -0.25880000 0.96590000 -0.00000000
vn -0.00000000 -0.00000000 -1.00000000
vn -0.70710000 0.70710000 -0.00000000
vn -0.86600000 0.50000000 -0.00000000
vn -0.00000000 -0.00000000 -1.00000000
vn -1.00000000 -0.00000000 -0.00000000
vn -0.00000000 -0.00000000 -1.00000000
vn -0.86600000 -0.50000000 -0.00000000
vn -0.00000000 -0.00000000 1.00000000
vn -0.50000000 -0.86600000 -0.00000000
vn -0.00000000 -0.00000000 1.00000000
vn -0.00000000 -0.00000000 1.00000000
vn -0.00000000 -1.00000000 -0.00000000
vn -0.00000000 -0.00000000 1.00000000
vn 0.50000000 -0.86600000 -0.00000000
vn 0.86600000 -0.50000000 -0.00000000
vn -0.00000000 -0.00000000 1.00000000
vn 1.00000000 -0.00000000 -0.00000000
vn 1.00000000 -0.00000000 -0.00000000
vn -0.00000000 -0.00000000 1.00000000
vn -0.00000000 -0.00000000 1.00000000
vn -0.00000000 -0.00000000 1.00000000
vn 0.96590000 0.25880000 -0.00000000
vn 0.70710000 0.70710000 -0.00000000
vn -0.00000000 -0.00000000 1.00000000
vn 0.50000000 0.86600000 -0.00000000
vn 0.25880000 0.96590000 -0.00000000
vn -0.00000000 -0.00000000 1.00000000
vn -0.25880000 0.96590000 -0.00000000
vn -0.70710000 0.70710000 -0.00000000
vn -0.25880000 0.96590000 -0.00000000
vn -0.00000000 -0.00000000 1.00000000
vn -0.00000000 -0.00000000 1.00000000
vn -0.86600000 0.50000000 -0.00000000
vn -0.00000000 -0.00000000 1.00000000
vn -1.00000000 -0.00000000 -0.00000000
vn 0.50000000 0.86600000 -0.00000000
vn -0.00000000 -0.00000000 -1.00000000
vn -0.00000000 1.00000000 -0.00000000
vn -0.00000000 -0.00000000 -1.00000000
vn -0.50000000 0.86600000 -0.00000000
vn -0.00000000 -0.00000000 -1.00000000
vn -0.86600000 0.50000000 -0.00000000
vn -0.00000000 -0.00000000 -1.00000000
vn -0.00000000 -0.00000000 -1.00000000
vn -1.00000000 -0.00000000 -0.00000000
vn -0.86600000 -0.50000000 -0.00000000
vn -0.00000000 -0.00000000 -1.00000000
vn -0.00000000 -0.00000000 -1.00000000
vn -0.50000000 -0.86600000 -0.00000000
vn -0.00000000 -1.00000000 -0.00000000
vn -0.00000000 -0.00000000 -1.00000000
vn -0.00000000 -0.00000000 -1.00000000
vn 0.50000000 -0.86600000 -0.00000000
vn -0.00000000 -0.00000000 -1.00000000
vn 0.86600000 -0.50000000 -0.00000000
vn 1.00000000 -0.00000000 -0.00000000
vn 1.00000000 -0.00000000 -0.00000000
vn -0.00000000 -0.00000000 -1.00000000
vn -0.00000000 -0.00000000 -1.00000000
vn 0.86600000 0.50000000 -0.00000000
vn -0.00000000 -0.00000000 -1.00000000
vn -0.00000000 1.00000000 -0.00000000
vn -0.00000000 -0.00000000 1.00000000
vn -0.00000000 -0.00000000 1.00000000
vn 0.50000000 0.86600000 -0.00000000
vn -0.00000000 -0.00000000 1.00000000
vn 0.86600000 0.50000000 -0.00000000
vn 1.00000000 -0.00000000 -0.00000000
vn 1.00000000 -0.00000000 -0.00000000
vn -0.00000000 -0.00000000 1.00000000
vn -0.00000000 -0.00000000 1.00000000
vn -0.00000000 -0.00000000 1.00000000
vn 0.86600000 -0.50000000 -0.00000000
vn 0.50000000 -0.86600000 -0.00000000
vn -0.00000000 -0.00000000 1.00000000
vn -0.00000000 -0.00000000 1.00000000
vn -0.00000000 -1.00000000 -0.00000000
vn -0.50000000 -0.86600000 -0.00000000
vn -0.00000000 -0.00000000 1.00000000
vn -0.00000000 -0.00000000 1.00000000
vn -0.86600000 -0.50000000 -0.00000000
vn -1.00000000 -0.00000000 -0.00000000
vn -0.00000000 -0.00000000 1.00000000
vn -0.86600000 0.50000000 -0.00000000
vn -0.00000000 -0.00000000 1.00000000
vn -0.50000000 0.86600000 -0.00000000
vn -0.00000000 -0.00000000 1.00000000
vt 0.74747800 0.54928300
vt 0.69055100 0.53860900
vt 0.97872700 0.75679900
vt 0.75212200 0.75577800
vt 0.69152700 0.54349100
vt 0.97571200 0.76076200
vt 0.69152700 0.53841300
vt 0.74567600 0.54928000
vt 0.73401800 0.83889800
vt 0.69250300 0.54329600
vt 0.75032000 0.75577100
vt 0.73899700 0.83889800
vt 0.89289900 0.69776500
vt 0.75315200 0.65252900
vt 0.89591400 0.69380200
vt 0.74668700 0.65252900
vt 0.96827200 0.63617900
vt 0.83725400 0.63186500
vt 0.95735400 0.63581900
vt 0.94643600 0.63546000
vt 0.94643600 0.63546000
vt 0.93551700 0.63510100
vt 0.92459900 0.63474100
vt 0.92459900 0.63474100
vt 0.91368100 0.63438200
vt 0.90276300 0.63402200
vt 0.90276300 0.63402200
vt 0.89184500 0.63366300
vt 0.88092700 0.63330300
vt 0.88092700 0.63330300
vt 0.87000900 0.63294400
vt 0.85909100 0.63258400
vt 0.85909100 0.63258400
vt 0.84817200 0.63222500
vt 0.97862500 0.01024600
vt 0.84760900 0.00593300
vt 0.76280900 0.70141700
vt 0.96770700 0.00988700
vt 0.76340500 0.70175900
vt 0.76375100 0.70235300
vt 0.95678900 0.00952800
vt 0.95678900 0.00952800
vt 0.94587100 0.00916800
vt 0.76375300 0.70304100
vt 0.76341100 0.70363700
vt 0.93495300 0.00880900
vt 0.93495300 0.00880900
vt 0.76281700 0.70398200
vt 0.92403500 0.00844900
vt 0.91311700 0.00809000
vt 0.91311700 0.00809000
vt 0.76212900 0.70398500
vt 0.90219900 0.00773100
vt 0.76153300 0.70364300
vt 0.76118800 0.70304900
vt 0.89128100 0.00737100
vt 0.89128100 0.00737100
vt 0.88036300 0.00701200
vt 0.76118600 0.70236200
vt 0.86944500 0.00665200
vt 0.76152700 0.70176500
vt 0.86944500 0.00665200
vt 0.76212100 0.70142000
vt 0.85852700 0.00629300
vt 0.73530200 0.58737300
vt 0.19985600 0.19224900
vt 0.14177000 0.46945900
vt 0.14178200 0.46777800
vt 0.73547600 0.57644800
vt 0.00050000 0.63474200
vt 0.10916900 0.58737200
vt 0.82866400 0.09637500
vt 0.23806500 0.48032600
vt 0.23805500 0.47864500
vt 0.09637100 0.00593300
vt 0.10934300 0.57644800
vt 0.23806800 0.46777800
vt 0.10934300 0.60361500
vt 0.09637100 0.64935900
vt 0.10916900 0.61454000
vt 0.23805500 0.46945900
vt 0.18523800 0.09637500
vt 0.14178000 0.48032600
vt 0.81404500 0.00050000
vt 0.73530200 0.61454000
vt 0.14177000 0.47864500
vt 0.73547600 0.60361500
vt 0.19224200 0.02055000
vt 0.06026900 0.65226000
vt 0.06026900 0.65226000
vt 0.82288200 0.99879200
vt 0.82095400 0.99727200
vt 0.06026900 0.65471500
vt 0.25355500 0.46234500
vt 0.82288200 0.99482500
vt 0.06026800 0.64708300
vt 0.25044000 0.46234500
vt 0.06026900 0.65014000
vt 0.82419400 0.99712700
vt 0.06342000 0.65226000
vt 0.06342000 0.65226000
vt 0.82252200 0.98792500
vt 0.06342000 0.64854200
vt 0.82137500 0.98486100
vt 0.25044000 0.46549600
vt 0.06341900 0.64708300
vt 0.82252100 0.98395800
vt 0.25355500 0.46549600
vt 0.06342100 0.65471500
vt 0.82445000 0.98640500
vt 0.82402900 0.99572800
vt 0.06026900 0.64854300
vt 0.82120900 0.98626000
vt 0.06342000 0.65014000
vt 0.82439500 0.99615700
vt 0.06026900 0.64910700
vt 0.06026900 0.64910700
vt 0.06026900 0.64957600
vt 0.06026900 0.64957600
vt 0.82445000 0.99662400
vt 0.06342000 0.64957600
vt 0.06342000 0.64957600
vt 0.82095400 0.98575700
vt 0.82100900 0.98529100
vt 0.06342000 0.64910600
vt 0.06342000 0.64910600
vt 0.75575200 0.55562800
vt 0.77523600 0.55471400
vt 0.75575200 0.63244200
vt 0.75597500 0.63327200
vt 0.75753200 0.55552000
vt 0.75658200 0.63387900
vt 0.75932400 0.55546000
vt 0.75741200 0.63410200
vt 0.76110800 0.55542700
vt 0.76288400 0.55545300
vt 0.75824200 0.63387900
vt 0.76460700 0.55558200
vt 0.75884900 0.63327200
vt 0.75907200 0.63244200
vt 0.76617100 0.55584800
vt 0.76743300 0.55613900
vt 0.76743300 0.55613900
vt 0.75884900 0.63161200
vt 0.75824200 0.63100400
vt 0.76924900 0.55616500
vt 0.77103700 0.55595000
vt 0.75741200 0.63078200
vt 0.77103700 0.55595000
vt 0.77221400 0.55552300
vt 0.75658200 0.63100500
vt 0.75597500 0.63161200
vt 0.77366400 0.55507500
vt 0.77366400 0.55507500
vt 0.76709800 0.65780400
vt 0.76883200 0.65768500
vt 0.77056600 0.65756600
vt 0.77230000 0.65744700
vt 0.77576900 0.65720900
vt 0.77924200 0.65697000
vt 0.78097600 0.65685100
vt 0.78097600 0.65685100
vt 0.85440800 0.99254000
vt 0.76927700 0.55670000
vt 0.76736300 0.55659900
vt 0.76736300 0.55659900
vt 0.85509900 0.99305000
vt 0.76736300 0.55659900
vt 0.76610200 0.55625900
vt 0.76455700 0.55605500
vt 0.76286300 0.55595800
vt 0.76111000 0.55594300
vt 0.75933700 0.55598000
vt 0.75755800 0.55604700
vt 0.75578400 0.55614700
vt 0.77534100 0.55517200
vt 0.77377600 0.55551200
vt 0.77377600 0.55551200
vt 0.77233000 0.55590600
vt 0.77115600 0.55639100
vt 0.77115600 0.55639100
vt 0.77115600 0.55639100
vt 0.85355500 0.99244300
vt 0.76932900 0.55761600
vt 0.83903800 0.99254000
vt 0.83834700 0.99305100
vt 0.76748800 0.55773700
vt 0.76748800 0.55773700
vt 0.76748800 0.55773700
vt 0.76604800 0.55796500
vt 0.76448600 0.55807200
vt 0.76283800 0.55813900
vt 0.76113800 0.55820300
vt 0.75941000 0.55827600
vt 0.75766700 0.55836200
vt 0.75591700 0.55846200
vt 0.77578600 0.55722700
vt 0.77415700 0.55742000
vt 0.77415700 0.55742000
vt 0.77261200 0.55753500
vt 0.77117000 0.55750000
vt 0.77117000 0.55750000
vt 0.83989100 0.99244400
vt 0.83725400 0.99027000
vt 0.76916700 0.55721400
vt 0.76916700 0.55721400
vt 0.85619200 0.99027000
vt 0.76909800 0.55667300
vt 0.76909800 0.55667300
vt 0.76932500 0.55677300
vt 0.85562300 0.98945100
vt 0.76952600 0.55666200
vt 0.85464800 0.98966300
vt 0.76952600 0.55666200
vt 0.76952000 0.55718300
vt 0.76952000 0.55718300
vt 0.83879900 0.98966300
vt 0.83782400 0.98945100
vt 0.76934100 0.55705800
vt 0.83740000 0.98976400
vt 0.76928200 0.55709900
vt 0.76928200 0.55709900
vt 0.85604700 0.98976400
vt 0.76924300 0.55674700
vt 0.76924300 0.55674700
vt 0.76940000 0.55674600
vt 0.85509900 0.98939100
vt 0.76940000 0.55674600
vt 0.76940100 0.55708700
vt 0.83834800 0.98939100
vt 0.76940100 0.55708700
vt 0.85542000 0.98996600
vt 0.83802700 0.98996700
vt 0.49834800 0.63078400
vt 0.49834800 0.63078400
vt 0.83885600 0.06380700
vt 0.83848000 0.06365000
vt 0.49794100 0.63078300
vt 0.49794100 0.63078300
vt 0.49745100 0.63078300
vt 0.83820900 0.06324400
vt 0.49494600 0.63078200
vt 0.83725400 0.06092800
vt 0.50273100 0.63078400
vt 0.83885600 0.06026800
vt 0.83981000 0.06258300
vt 0.50022700 0.63078400
vt 0.83990400 0.06306400
vt 0.49973800 0.63078400
vt 0.49973800 0.63078400
vt 0.83974800 0.06343900
vt 0.49933100 0.63078400
vt 0.49933100 0.63078400
vt 0.49883800 0.63078400
vt 0.83933800 0.06371200
vt 0.49745100 0.63142000
vt 0.85525000 0.99780000
vt 0.49794000 0.63142000
vt 0.49794000 0.63142000
vt 0.85497900 0.99820700
vt 0.85460300 0.99836400
vt 0.49834800 0.63142000
vt 0.49834800 0.63142000
vt 0.49883800 0.63142000
vt 0.85412000 0.99826800
vt 0.49933100 0.63142000
vt 0.85371100 0.99799600
vt 0.49933100 0.63142000
vt 0.85355500 0.99762000
vt 0.49973800 0.63142000
vt 0.49973800 0.63142000
vt 0.85364900 0.99714000
vt 0.50022700 0.63142100
vt 0.50273100 0.63142000
vt 0.85460300 0.99482500
vt 0.49494600 0.63141900
vt 0.85620400 0.99548500
vt 0.13633700 0.43040800
vt 0.80167400 0.75962400
vt 0.13642600 0.43074000
vt 0.79990100 0.75972400
vt 0.79812800 0.75982300
vt 0.13666900 0.43098300
vt 0.79635500 0.75992300
vt 0.13700100 0.43107200
vt 0.13733300 0.43098300
vt 0.79458200 0.76002300
vt 0.81586800 0.75883200
vt 0.13757600 0.43074000
vt 0.81408700 0.75893100
vt 0.13766500 0.43040800
vt 0.81231400 0.75903000
vt 0.13757600 0.43007600
vt 0.81054000 0.75912800
vt 0.13733200 0.42983300
vt 0.80876700 0.75922700
vt 0.13700100 0.42974400
vt 0.80699400 0.75932600
vt 0.80522100 0.75942500
vt 0.13666900 0.42983300
vt 0.80344700 0.75952500
vt 0.13642600 0.43007600
vt 0.79344500 0.65772800
vt 0.79166400 0.65782900
vt 0.78988300 0.65793100
vt 0.80947400 0.65681200
vt 0.78810200 0.65803300
vt 0.80769300 0.65691300
vt 0.80413100 0.65711700
vt 0.80235000 0.65721900
vt 0.79878800 0.65742200
vt 0.79700700 0.65752400
vt 0.70880400 0.53860900
vt 0.74748000 0.75577900
vt 0.81310200 0.63078200
vt 0.75212100 0.54928000
vt 0.70782700 0.54349100
vt 0.81008700 0.63474500
vt 0.73401800 0.63078300
vt 0.74567800 0.75577800
vt 0.70782700 0.53841300
vt 0.74488500 0.65252900
vt 0.73402700 0.73484000
vt 0.75135000 0.65252900
vt 0.73900600 0.73484000
vt 0.70685100 0.54329600
vt 0.73899700 0.63078200
vt 0.75031900 0.54928400
vt 0.72964300 0.76802000
vt 0.73093200 0.63691500
vt 0.72975000 0.75709400
vt 0.10384300 0.74552800
vt 0.25108700 0.47339900
vt 0.25174800 0.47321200
vt 0.10373600 0.75645400
vt 0.10502200 0.62534900
vt 0.72985800 0.74616900
vt 0.72985800 0.74616900
vt 0.10395100 0.73460300
vt 0.25060800 0.47389200
vt 0.10395100 0.73460300
vt 0.72996600 0.73524400
vt 0.10405800 0.72367700
vt 0.10405800 0.72367700
vt 0.25044000 0.47455800
vt 0.73007400 0.72431800
vt 0.73007400 0.72431800
vt 0.25062700 0.47522000
vt 0.10416500 0.71275200
vt 0.10416500 0.71275200
vt 0.73018200 0.71339300
vt 0.25112000 0.47569900
vt 0.10427200 0.70182700
vt 0.10427200 0.70182700
vt 0.73028900 0.70246700
vt 0.73028900 0.70246700
vt 0.10438000 0.69090100
vt 0.25178600 0.47586700
vt 0.10438000 0.69090100
vt 0.73039700 0.69154200
vt 0.25244800 0.47568000
vt 0.10448700 0.67997600
vt 0.73050400 0.68061600
vt 0.73050400 0.68061600
vt 0.25292700 0.47518700
vt 0.10459400 0.66905100
vt 0.10459400 0.66905100
vt 0.73061100 0.66969100
vt 0.10470100 0.65812500
vt 0.10470100 0.65812500
vt 0.25309500 0.47452000
vt 0.73071800 0.65876500
vt 0.73071800 0.65876500
vt 0.10480800 0.64720000
vt 0.10480800 0.64720000
vt 0.25290800 0.47385900
vt 0.73082500 0.64784000
vt 0.10491500 0.63627400
vt 0.25241500 0.47338000
vt 0.10491500 0.63627400
vt 0.74616800 0.52211300
vt 0.64237600 0.97770200
vt 0.14177000 0.47321200
vt 0.14178000 0.47489200
vt 0.74626200 0.53304100
vt 0.64200400 0.76661900
vt 0.74073400 0.54928100
vt 0.64237600 0.86360000
vt 0.23806500 0.47489200
vt 0.64200400 0.88072200
vt 0.23805500 0.47321200
vt 0.74082900 0.56020800
vt 0.12003600 0.52211300
vt 0.00630600 0.98014600
vt 0.23806800 0.46234500
vt 0.14178200 0.46234500
vt 0.00593300 0.88316500
vt 0.11469700 0.56020800
vt 0.14177000 0.46402500
vt 0.00630600 0.86604300
vt 0.11460300 0.54928000
vt 0.23805500 0.46402500
vt 0.00593300 0.76906300
vt 0.12013100 0.53304100
vt 0.99254300 0.95653500
vt 0.99254300 0.95653500
vt 0.80622100 0.99879200
vt 0.80815000 0.99727200
vt 0.25359100 0.46777800
vt 0.99254200 0.95899000
vt 0.80622100 0.99482500
vt 0.99254400 0.95135800
vt 0.25359100 0.47089400
vt 0.80507500 0.99572800
vt 0.99254300 0.95281700
vt 0.80470900 0.99615800
vt 0.99254300 0.95338200
vt 0.99254300 0.95338200
vt 0.99254300 0.95385100
vt 0.99254300 0.95385100
vt 0.80465300 0.99662400
vt 0.99254300 0.95441500
vt 0.80490900 0.99712700
vt 0.98939100 0.95653500
vt 0.82288200 0.99335800
vt 0.98939100 0.95653500
vt 0.82419400 0.99169300
vt 0.98939200 0.95441500
vt 0.98939200 0.95385000
vt 0.82445000 0.99119000
vt 0.98939200 0.95385000
vt 0.98939200 0.95338100
vt 0.98939200 0.95338100
vt 0.82439400 0.99072400
vt 0.82402800 0.99029500
vt 0.98939200 0.95281600
vt 0.82288200 0.98939100
vt 0.25044000 0.47089400
vt 0.98939200 0.95135700
vt 0.98939100 0.95899000
vt 0.25044000 0.46777800
vt 0.82095400 0.99183900
vt 0.78762900 0.75873900
vt 0.78762900 0.75873900
vt 0.75884900 0.64791300
vt 0.75824200 0.64730500
vt 0.78610800 0.75846700
vt 0.78487500 0.75818200
vt 0.78487500 0.75818200
vt 0.75741200 0.64708300
vt 0.78307300 0.75818600
vt 0.75658200 0.64730500
vt 0.78127700 0.75843400
vt 0.78127700 0.75843400
vt 0.75597500 0.64791200
vt 0.78006500 0.75888200
vt 0.75575200 0.64874200
vt 0.75597400 0.64957200
vt 0.77854900 0.75934200
vt 0.77685800 0.75968500
vt 0.75658200 0.65018000
vt 0.75741200 0.65040200
vt 0.77510500 0.75992800
vt 0.77334300 0.76011100
vt 0.75824200 0.65018000
vt 0.75884900 0.64957300
vt 0.77158700 0.76026300
vt 0.75907200 0.64874300
vt 0.76983800 0.76040500
vt 0.78926100 0.75887200
vt 0.77154300 0.75975300
vt 0.78929900 0.75839700
vt 0.76979700 0.75989500
vt 0.77329400 0.75959900
vt 0.77504400 0.75941800
vt 0.77677500 0.75918700
vt 0.77844000 0.75888000
vt 0.77994500 0.75848400
vt 0.78115100 0.75798700
vt 0.78115100 0.75798700
vt 0.83834700 0.99848400
vt 0.78115100 0.75798700
vt 0.83903800 0.99797400
vt 0.78303600 0.75765100
vt 0.78494100 0.75772700
vt 0.78494100 0.75772700
vt 0.83989200 0.99787700
vt 0.78494100 0.75772700
vt 0.78617700 0.75806600
vt 0.78768200 0.75827700
vt 0.78768200 0.75827700
vt 0.77134700 0.75747700
vt 0.76961200 0.75761400
vt 0.78945300 0.75627600
vt 0.77307500 0.75733500
vt 0.77479000 0.75718700
vt 0.77647700 0.75703500
vt 0.77811600 0.75689400
vt 0.77967700 0.75680200
vt 0.85509900 0.98761700
vt 0.78113200 0.75684700
vt 0.78113200 0.75684700
vt 0.78113200 0.75684700
vt 0.78305700 0.75757000
vt 0.83782400 0.99488400
vt 0.85562300 0.98401700
vt 0.78303700 0.75728600
vt 0.78297500 0.75725400
vt 0.78297500 0.75725400
vt 0.85604700 0.98433100
vt 0.78298100 0.75760500
vt 0.83740000 0.99519800
vt 0.78298100 0.75760500
vt 0.78313500 0.75758900
vt 0.83834800 0.99482500
vt 0.78313500 0.75758900
vt 0.78309400 0.75724800
vt 0.85509900 0.98395800
vt 0.78309400 0.75724800
vt 0.78624900 0.75639500
vt 0.78481600 0.75661600
vt 0.78481600 0.75661600
vt 0.85355500 0.98701000
vt 0.78780400 0.75630600
vt 0.78780400 0.75630600
vt 0.76362800 0.65804300
vt 0.76189000 0.65816200
vt 0.78271100 0.65673200
vt 0.76536300 0.65792400
vt 0.77403300 0.65732800
vt 0.77403300 0.65732800
vt 0.85440800 0.98710600
vt 0.78297400 0.75673300
vt 0.77750600 0.65709000
vt 0.78284900 0.75769600
vt 0.78284900 0.75769600
vt 0.83725400 0.99570400
vt 0.85619200 0.98483700
vt 0.78284900 0.75715500
vt 0.78284900 0.75715500
vt 0.83802700 0.99540000
vt 0.83879900 0.99509700
vt 0.78327100 0.75765800
vt 0.78327100 0.75765800
vt 0.78320100 0.75713700
vt 0.78320100 0.75713700
vt 0.85464800 0.98422900
vt 0.85542000 0.98453300
vt 0.22667800 0.62598700
vt 0.83182100 0.06131600
vt 0.22667800 0.62598700
vt 0.22627000 0.62598800
vt 0.22627000 0.62598800
vt 0.83197700 0.06169200
vt 0.22578100 0.62598900
vt 0.83238400 0.06196400
vt 0.83469900 0.06291800
vt 0.22327300 0.62599300
vt 0.83535900 0.06131600
vt 0.23105800 0.62598800
vt 0.22855600 0.62598500
vt 0.83304400 0.06036200
vt 0.22806700 0.62598500
vt 0.22806700 0.62598500
vt 0.83256400 0.06026800
vt 0.83218800 0.06042500
vt 0.22766000 0.62598500
vt 0.22766000 0.62598500
vt 0.22716500 0.62598600
vt 0.83191600 0.06083400
vt 0.87080900 0.98150000
vt 0.22577900 0.62535100
vt 0.87108100 0.98190700
vt 0.22626900 0.62535000
vt 0.22626900 0.62535000
vt 0.22667700 0.62535000
vt 0.22667700 0.62535000
vt 0.87145700 0.98206300
vt 0.87193900 0.98196800
vt 0.22716500 0.62534900
vt 0.87234900 0.98169600
vt 0.22766000 0.62534900
vt 0.22766000 0.62534900
vt 0.22806700 0.62534900
vt 0.87250500 0.98132000
vt 0.22806700 0.62534900
vt 0.22855600 0.62534900
vt 0.87241100 0.98083900
vt 0.23105800 0.62535100
vt 0.87145700 0.97852400
vt 0.86985500 0.97918400
vt 0.22327200 0.62535600
vt 0.79178400 0.55544100
vt 0.13757600 0.41377500
vt 0.13733200 0.41353200
vt 0.79355700 0.55533700
vt 0.13700100 0.41344400
vt 0.79533100 0.55523400
vt 0.79710400 0.55513000
vt 0.13666900 0.41353200
vt 0.13642600 0.41377500
vt 0.79887700 0.55502600
vt 0.80065100 0.55492300
vt 0.13633700 0.41410700
vt 0.13642600 0.41443900
vt 0.80242400 0.55481800
vt 0.78292000 0.55595600
vt 0.80420500 0.55471400
vt 0.13666900 0.41468200
vt 0.13700100 0.41477100
vt 0.78469300 0.55585300
vt 0.78646500 0.55575000
vt 0.13733300 0.41468200
vt 0.78823800 0.55564700
vt 0.13757600 0.41443900
vt 0.79001100 0.55554400
vt 0.13766500 0.41410700
vt 0.79522600 0.65762600
vt 0.80591200 0.65701500
vt 0.80056900 0.65732000
vt 0.22130700 0.49372200
vt 0.22130700 0.49372200
vt 0.22139400 0.49234700
vt 0.22148200 0.49097200
vt 0.22148200 0.49097200
vt 0.22156900 0.48959700
vt 0.22051700 0.50609800
vt 0.22060500 0.50472300
vt 0.22069200 0.50334800
vt 0.22078000 0.50197300
vt 0.22086700 0.50059800
vt 0.22095500 0.49922300
vt 0.22104300 0.49784800
vt 0.22113100 0.49647300
vt 0.22121900 0.49509700
vt 0.22121900 0.49509700
vt 0.71794900 0.62392300
vt 0.11980000 0.56902000
vt 0.11980000 0.56833200
vt 0.71726200 0.62430700
vt 0.71668000 0.62483600
vt 0.11980000 0.56764400
vt 0.71631200 0.62550700
vt 0.11979900 0.56695700
vt 0.71620000 0.62624900
vt 0.11979900 0.56626900
vt 0.71642200 0.62696500
vt 0.72059400 0.62719400
vt 0.11980200 0.57382900
vt 0.11979900 0.56558100
vt 0.72086800 0.62644900
vt 0.11980100 0.57314200
vt 0.11980100 0.57314200
vt 0.11980100 0.57245500
vt 0.72084700 0.62566500
vt 0.72056600 0.62493800
vt 0.11980100 0.57176800
vt 0.11980100 0.57176800
vt 0.11980000 0.57108100
vt 0.72007300 0.62434500
vt 0.11980000 0.57108100
vt 0.71942800 0.62394700
vt 0.11980000 0.57039400
vt 0.71869900 0.62378000
vt 0.11980000 0.56970700
vt 0.71877700 0.62129200
vt 0.71877700 0.62129200
vt 0.71720800 0.62153400
vt 0.71720800 0.62153400
vt 0.71575700 0.62221000
vt 0.71575700 0.62221000
vt 0.71461700 0.62332100
vt 0.71461700 0.62332100
vt 0.71388800 0.62472900
vt 0.71388800 0.62472900
vt 0.71363400 0.62631300
vt 0.71363400 0.62631300
vt 0.72325300 0.62838200
vt 0.72325300 0.62838200
vt 0.71377700 0.62797200
vt 0.71377700 0.62797200
vt 0.72355600 0.62669700
vt 0.72355600 0.62669700
vt 0.72337700 0.62505800
vt 0.72337700 0.62505800
vt 0.72165700 0.62239700
vt 0.72165700 0.62239700
vt 0.72031300 0.62160200
vt 0.72031300 0.62160200
vt 0.72388100 0.62278300
vt 0.72472700 0.62466900
vt 0.72497000 0.62669700
vt 0.72497000 0.62669700
vt 0.71241700 0.62816600
vt 0.72471600 0.62872200
vt 0.71228400 0.62626600
vt 0.71228400 0.62626600
vt 0.71259900 0.62431800
vt 0.71350900 0.62254400
vt 0.71490300 0.62108700
vt 0.71677400 0.62009100
vt 0.71677400 0.62009100
vt 0.71888000 0.61991500
vt 0.71888000 0.61991500
vt 0.72077600 0.62040600
vt 0.72247500 0.62131700
vt 0.72371000 0.62497400
vt 0.72371000 0.62497400
vt 0.72371000 0.62497400
vt 0.72301700 0.62338600
vt 0.72301700 0.62338600
vt 0.72186300 0.62213700
vt 0.72186300 0.62213700
vt 0.72042300 0.62131400
vt 0.72042300 0.62131400
vt 0.71879000 0.62095900
vt 0.71879000 0.62095900
vt 0.71879000 0.62095900
vt 0.71710300 0.62118700
vt 0.71710300 0.62118700
vt 0.71710300 0.62118700
vt 0.71556000 0.62193700
vt 0.71556000 0.62193700
vt 0.71436900 0.62313900
vt 0.71436900 0.62313900
vt 0.71357400 0.62462000
vt 0.71357400 0.62462000
vt 0.71327700 0.62629700
vt 0.71327700 0.62629700
vt 0.71327700 0.62629700
vt 0.71345300 0.62809400
vt 0.72357300 0.62853700
vt 0.72357300 0.62853700
vt 0.71345300 0.62809400
vt 0.72389500 0.62671100
vt 0.72389500 0.62671100
vt 0.72389500 0.62671100
vt 0.72271400 0.62358300
vt 0.72271400 0.62358300
vt 0.72163600 0.62548000
vt 0.72220200 0.62534600
vt 0.72273300 0.62522100
vt 0.72123800 0.62450900
vt 0.72171900 0.62420800
vt 0.72217000 0.62393000
vt 0.72056600 0.62373200
vt 0.72092000 0.62329900
vt 0.72125700 0.62289600
vt 0.71969600 0.62321800
vt 0.71989200 0.62269900
vt 0.72008300 0.62221200
vt 0.71871600 0.62302000
vt 0.71873100 0.62247800
vt 0.71874800 0.62195900
vt 0.71771100 0.62316500
vt 0.71754500 0.62262600
vt 0.71738500 0.62212000
vt 0.71678200 0.62363900
vt 0.71644400 0.62316700
vt 0.71613400 0.62273300
vt 0.71603300 0.62436600
vt 0.71557400 0.62403000
vt 0.71514800 0.62370900
vt 0.71556400 0.62528200
vt 0.71502700 0.62511400
vt 0.71452800 0.62494400
vt 0.71542400 0.62630700
vt 0.71484600 0.62633300
vt 0.71429100 0.62633600
vt 0.72133700 0.62768700
vt 0.71569900 0.62739300
vt 0.72195600 0.62801200
vt 0.71509600 0.62767500
vt 0.72256600 0.62823100
vt 0.71450200 0.62785700
vt 0.72169400 0.62656100
vt 0.72230300 0.62662500
vt 0.72287300 0.62667100
vt 0.87083800 0.98992300
vt 0.14220600 0.49370400
vt 0.14211900 0.49507900
vt 0.87035900 0.99041000
vt 0.87019200 0.99106500
vt 0.14203200 0.49645400
vt 0.14194500 0.49782900
vt 0.87037800 0.99170800
vt 0.87086200 0.99216900
vt 0.14185700 0.49920400
vt 0.87151200 0.99232700
vt 0.14177000 0.50057900
vt 0.87156100 0.99244500
vt 0.14281700 0.48407900
vt 0.14273000 0.48545400
vt 0.14273000 0.48545400
vt 0.87223100 0.99224800
vt 0.14264300 0.48682900
vt 0.87271300 0.99174300
vt 0.14255500 0.48820400
vt 0.14255500 0.48820400
vt 0.87287800 0.99106400
vt 0.14246800 0.48957900
vt 0.87268200 0.99039200
vt 0.14246800 0.48957900
vt 0.14238100 0.49095400
vt 0.87217800 0.98990800
vt 0.14229400 0.49232900
vt 0.87150300 0.98973700
vt 0.11460600 0.56902400
vt 0.87086000 0.99764600
vt 0.11460600 0.56833600
vt 0.87037400 0.99715700
vt 0.87020000 0.99648900
vt 0.11460500 0.56764900
vt 0.87038600 0.99582400
vt 0.11460400 0.56696100
vt 0.11460400 0.56627400
vt 0.87088100 0.99534100
vt 0.11460300 0.56558600
vt 0.11461100 0.57383400
vt 0.87149800 0.99518300
vt 0.87155100 0.99517000
vt 0.87215900 0.99535000
vt 0.11461000 0.57314700
vt 0.11461000 0.57314700
vt 0.87264800 0.99582600
vt 0.11461000 0.57246000
vt 0.11460900 0.57177300
vt 0.87283300 0.99648200
vt 0.11460900 0.57177300
vt 0.11460800 0.57108600
vt 0.11460800 0.57108600
vt 0.87266500 0.99714600
vt 0.87218600 0.99763800
vt 0.11460800 0.57039800
vt 0.87152500 0.99782200
vt 0.11460700 0.56971100
vt 0.18844800 0.01721200
vt 0.87302000 0.99191100
vt 0.18757700 0.01721100
vt 0.87322800 0.99105600
vt 0.18670600 0.01720800
vt 0.87298100 0.99021100
vt 0.18583700 0.01720400
vt 0.87234600 0.98960300
vt 0.87149800 0.98939100
vt 0.18496900 0.01720200
vt 0.18410600 0.01720300
vt 0.87066300 0.98962800
vt 0.87006300 0.99024400
vt 0.18324500 0.01720600
vt 0.18238700 0.01721400
vt 0.86985500 0.99107100
vt 0.87009100 0.99188200
vt 0.18152800 0.01722500
vt 0.87070200 0.99246300
vt 0.18066900 0.01723700
vt 0.19018900 0.01721100
vt 0.17981000 0.01724800
vt 0.87152000 0.99266100
vt 0.87156900 0.99279500
vt 0.18931900 0.01721200
vt 0.87241300 0.99254700
vt 0.18757800 0.01680700
vt 0.87317500 0.99647700
vt 0.87294000 0.99565100
vt 0.18844800 0.01680800
vt 0.87232600 0.99505300
vt 0.18931800 0.01680800
vt 0.17980400 0.01685000
vt 0.19018900 0.01680700
vt 0.87149400 0.99484200
vt 0.87155500 0.99482500
vt 0.87071100 0.99504000
vt 0.18066400 0.01683800
vt 0.18152300 0.01682600
vt 0.87008900 0.99564800
vt 0.86985500 0.99648600
vt 0.18238300 0.01681600
vt 0.18324300 0.01680700
vt 0.87007400 0.99732800
vt 0.87068800 0.99794500
vt 0.18410400 0.01680200
vt 0.18496900 0.01680000
vt 0.87152700 0.99816600
vt 0.18583800 0.01680100
vt 0.87236200 0.99793300
vt 0.18670700 0.01680400
vt 0.87296400 0.99731400
f 6/6/6 13/13/13 15/15/15
f 15/15/15 3/3/3 6/6/6
f 323/323/323 325/325/325 12/12/12
f 12/12/12 9/9/9 323/323/323
f 16/16/16 322/322/322 8/8/8
f 8/8/8 1/1/1 16/16/16
f 5/5/5 2/2/2 7/7/7
f 7/7/7 10/10/10 5/5/5
f 4/4/4 11/11/11 324/324/324
f 324/324/324 14/14/14 4/4/4
f 17/17/17 19/19/19 38/38/38
f 38/38/38 35/35/35 17/17/17
f 19/19/19 21/21/21 42/42/42
f 42/42/42 38/38/38 19/19/19
f 20/20/20 22/22/22 43/43/43
f 43/43/43 41/41/41 20/20/20
f 22/22/22 23/23/23 47/47/47
f 47/47/47 43/43/43 22/22/22
f 24/24/24 25/25/25 49/49/49
f 49/49/49 46/46/46 24/24/24
f 25/25/25 26/26/26 50/50/50
f 50/50/50 49/49/49 25/25/25
f 27/27/27 28/28/28 53/53/53
f 53/53/53 51/51/51 27/27/27
f 28/28/28 29/29/29 56/56/56
f 56/56/56 53/53/53 28/28/28
f 30/30/30 31/31/31 58/58/58
f 58/58/58 57/57/57 30/30/30
f 31/31/31 33/33/33 60/60/60
f 60/60/60 58/58/58 31/31/31
f 32/32/32 34/34/34 64/64/64
f 64/64/64 62/62/62 32/32/32
f 34/34/34 18/18/18 36/36/36
f 36/36/36 64/64/64 34/34/34
f 37/37/37 39/39/39 40/40/40
f 40/40/40 44/44/44 45/45/45
f 45/45/45 48/48/48 52/52/52
f 40/40/40 45/45/45 52/52/52
f 52/52/52 54/54/54 55/55/55
f 55/55/55 59/59/59 61/61/61
f 52/52/52 55/55/55 61/61/61
f 40/40/40 52/52/52 61/61/61
f 37/37/37 40/40/40 61/61/61
f 63/63/63 37/37/37 61/61/61
f 68/68/68 77/77/77 81/81/81
f 81/81/81 67/67/67 68/68/68
f 83/83/83 86/86/86 74/74/74
f 74/74/74 73/73/73 83/83/83
f 79/79/79 70/70/70 75/75/75
f 75/75/75 88/88/88 79/79/79
f 65/65/65 71/71/71 76/76/76
f 76/76/76 69/69/69 65/65/65
f 66/66/66 82/82/82 84/84/84
f 84/84/84 72/72/72 66/66/66
f 78/78/78 87/87/87 85/85/85
f 85/85/85 80/80/80 78/78/78
f 95/95/95 111/111/111 115/115/115
f 95/95/95 115/115/115 120/120/120
f 95/95/95 120/120/120 99/99/99
f 92/92/92 95/95/95 99/99/99
f 91/91/91 92/92/92 99/99/99
f 102/102/102 113/113/113 123/123/123
f 102/102/102 123/123/123 124/124/124
f 102/102/102 124/124/124 104/104/104
f 104/104/104 107/107/107 110/110/110
f 102/102/102 104/104/104 110/110/110
f 98/98/98 114/114/114 100/100/100
f 100/100/100 90/90/90 98/98/98
f 93/93/93 89/89/89 101/101/101
f 101/101/101 109/109/109 93/93/93
f 94/94/94 108/108/108 105/105/105
f 105/105/105 97/97/97 94/94/94
f 106/106/106 103/103/103 112/112/112
f 112/112/112 96/96/96 106/106/106
f 121/121/121 114/114/114 98/98/98
f 98/98/98 119/119/119 121/121/121
f 126/126/126 122/122/122 118/118/118
f 118/118/118 116/116/116 126/126/126
f 103/103/103 125/125/125 117/117/117
f 117/117/117 112/112/112 103/103/103
f 151/151/151 148/148/148 145/145/145
f 145/145/145 144/144/144 140/140/140
f 140/140/140 139/139/139 137/137/137
f 145/145/145 140/140/140 137/137/137
f 137/137/137 134/134/134 132/132/132
f 132/132/132 130/130/130 129/129/129
f 137/137/137 132/132/132 129/129/129
f 145/145/145 137/137/137 129/129/129
f 151/151/151 145/145/145 129/129/129
f 152/152/152 151/151/151 129/129/129
f 131/131/131 174/174/174 175/175/175
f 175/175/175 127/127/127 131/131/131
f 133/133/133 173/173/173 174/174/174
f 174/174/174 131/131/131 133/133/133
f 135/135/135 172/172/172 173/173/173
f 173/173/173 133/133/133 135/135/135
f 136/136/136 171/171/171 172/172/172
f 172/172/172 135/135/135 136/136/136
f 138/138/138 170/170/170 171/171/171
f 171/171/171 136/136/136 138/138/138
f 141/141/141 169/169/169 170/170/170
f 170/170/170 138/138/138 141/141/141
f 142/142/142 168/168/168 169/169/169
f 169/169/169 141/141/141 142/142/142
f 146/146/146 164/164/164 165/165/165
f 165/165/165 143/143/143 146/146/146
f 149/149/149 180/180/180 164/164/164
f 164/164/164 146/146/146 149/149/149
f 150/150/150 179/179/179 182/182/182
f 182/182/182 147/147/147 150/150/150
f 153/153/153 178/178/178 179/179/179
f 179/179/179 150/150/150 153/153/153
f 128/128/128 176/176/176 177/177/177
f 177/177/177 154/154/154 128/128/128
f 195/195/195 196/196/196 175/175/175
f 175/175/175 174/174/174 195/195/195
f 194/194/194 195/195/195 174/174/174
f 174/174/174 173/173/173 194/194/194
f 193/193/193 194/194/194 173/173/173
f 173/173/173 172/172/172 193/193/193
f 192/192/192 193/193/193 172/172/172
f 172/172/172 171/171/171 192/192/192
f 191/191/191 192/192/192 171/171/171
f 171/171/171 170/170/170 191/191/191
f 190/190/190 191/191/191 170/170/170
f 170/170/170 169/169/169 190/190/190
f 187/187/187 190/190/190 169/169/169
f 169/169/169 168/168/168 187/187/187
f 219/219/219 221/221/221 225/225/225
f 225/225/225 210/210/210 219/219/219
f 231/231/231 219/219/219 210/210/210
f 210/210/210 228/228/228 231/231/231
f 200/200/200 202/202/202 182/182/182
f 182/182/182 179/179/179 200/200/200
f 199/199/199 200/200/200 179/179/179
f 179/179/179 178/178/178 199/199/199
f 197/197/197 198/198/198 177/177/177
f 177/177/177 176/176/176 197/197/197
f 526/526/526 527/527/527 196/196/196
f 196/196/196 195/195/195 526/526/526
f 529/529/529 526/526/526 195/195/195
f 195/195/195 194/194/194 529/529/529
f 155/155/155 529/529/529 194/194/194
f 194/194/194 193/193/193 155/155/155
f 156/156/156 155/155/155 193/193/193
f 193/193/193 192/192/192 156/156/156
f 157/157/157 156/156/156 192/192/192
f 192/192/192 191/191/191 157/157/157
f 158/158/158 157/157/157 191/191/191
f 191/191/191 190/190/190 158/158/158
f 530/530/530 158/158/158 190/190/190
f 190/190/190 187/187/187 530/530/530
f 159/159/159 531/531/531 188/188/188
f 188/188/188 184/184/184 159/159/159
f 534/534/534 159/159/159 184/184/184
f 184/184/184 202/202/202 534/534/534
f 160/160/160 534/534/534 202/202/202
f 202/202/202 200/200/200 160/160/160
f 161/161/161 160/160/160 200/200/200
f 200/200/200 199/199/199 161/161/161
f 528/528/528 162/162/162 198/198/198
f 198/198/198 197/197/197 528/528/528
f 189/189/189 166/166/166 209/209/209
f 209/209/209 206/206/206 189/189/189
f 163/163/163 232/232/232 207/207/207
f 207/207/207 167/167/167 163/163/163
f 163/163/163 183/183/183 213/213/213
f 213/213/213 232/232/232 163/163/163
f 181/181/181 201/201/201 216/216/216
f 216/216/216 212/212/212 181/181/181
f 233/233/233 218/218/218 230/230/230
f 230/230/230 217/217/217 233/233/233
f 220/220/220 218/218/218 233/233/233
f 233/233/233 204/204/204 220/220/220
f 222/222/222 205/205/205 208/208/208
f 208/208/208 224/224/224 222/222/222
f 226/226/226 214/214/214 215/215/215
f 215/215/215 229/229/229 226/226/226
f 227/227/227 211/211/211 232/232/232
f 232/232/232 213/213/213 227/227/227
f 232/232/232 211/211/211 223/223/223
f 223/223/223 207/207/207 232/232/232
f 217/217/217 203/203/203 185/185/185
f 185/185/185 233/233/233 217/217/217
f 185/185/185 186/186/186 204/204/204
f 204/204/204 233/233/233 185/185/185
f 245/245/245 246/246/246 248/248/248
f 245/245/245 248/248/248 251/251/251
f 245/245/245 251/251/251 255/255/255
f 243/243/243 245/245/245 255/255/255
f 241/241/241 243/243/243 255/255/255
f 237/237/237 241/241/241 255/255/255
f 236/236/236 237/237/237 255/255/255
f 265/265/265 267/267/267 269/269/269
f 265/265/265 269/269/269 272/272/272
f 272/272/272 275/275/275 277/277/277
f 265/265/265 272/272/272 277/277/277
f 261/261/261 265/265/265 277/277/277
f 260/260/260 261/261/261 277/277/277
f 257/257/257 260/260/260 277/277/277
f 242/242/242 240/240/240 256/256/256
f 256/256/256 276/276/276 242/242/242
f 274/274/274 273/273/273 247/247/247
f 247/247/247 244/244/244 274/274/274
f 268/268/268 264/264/264 254/254/254
f 254/254/254 252/252/252 268/268/268
f 235/235/235 254/254/254 264/264/264
f 264/264/264 262/262/262 235/235/235
f 270/270/270 266/266/266 253/253/253
f 253/253/253 249/249/249 270/270/270
f 273/273/273 271/271/271 250/250/250
f 250/250/250 247/247/247 273/273/273
f 238/238/238 234/234/234 263/263/263
f 263/263/263 259/259/259 238/238/238
f 240/240/240 239/239/239 258/258/258
f 258/258/258 256/256/256 240/240/240
f 300/300/300 297/297/297 295/295/295
f 295/295/295 293/293/293 291/291/291
f 291/291/291 289/289/289 286/286/286
f 295/295/295 291/291/291 286/286/286
f 286/286/286 285/285/285 283/283/283
f 283/283/283 280/280/280 278/278/278
f 286/286/286 283/283/283 278/278/278
f 295/295/295 286/286/286 278/278/278
f 300/300/300 295/295/295 278/278/278
f 302/302/302 300/300/300 278/278/278
f 281/281/281 303/303/303 618/618/618
f 618/618/618 279/279/279 281/281/281
f 282/282/282 304/304/304 303/303/303
f 303/303/303 281/281/281 282/282/282
f 284/284/284 305/305/305 304/304/304
f 304/304/304 282/282/282 284/284/284
f 287/287/287 307/307/307 305/305/305
f 305/305/305 284/284/284 287/287/287
f 290/290/290 308/308/308 306/306/306
f 306/306/306 288/288/288 290/290/290
f 292/292/292 619/619/619 308/308/308
f 308/308/308 290/290/290 292/292/292
f 294/294/294 309/309/309 619/619/619
f 619/619/619 292/292/292 294/294/294
f 296/296/296 310/310/310 309/309/309
f 309/309/309 294/294/294 296/296/296
f 298/298/298 620/620/620 310/310/310
f 310/310/310 296/296/296 298/298/298
f 299/299/299 311/311/311 620/620/620
f 620/620/620 298/298/298 299/299/299
f 301/301/301 312/312/312 311/311/311
f 311/311/311 299/299/299 301/301/301
f 279/279/279 618/618/618 312/312/312
f 312/312/312 301/301/301 279/279/279
f 318/318/318 315/315/315 15/15/15
f 15/15/15 13/13/13 318/318/318
f 323/323/323 319/319/319 327/327/327
f 327/327/327 325/325/325 323/323/323
f 16/16/16 314/314/314 320/320/320
f 320/320/320 322/322/322 16/16/16
f 317/317/317 326/326/326 321/321/321
f 321/321/321 313/313/313 317/317/317
f 316/316/316 14/14/14 324/324/324
f 324/324/324 328/328/328 316/316/316
f 329/329/329 335/335/335 332/332/332
f 332/332/332 331/331/331 329/329/329
f 331/331/331 332/332/332 339/339/339
f 339/339/339 338/338/338 331/331/331
f 337/337/337 341/341/341 344/344/344
f 343/343/343 342/342/342 337/337/337
f 342/342/342 343/343/343 349/349/349
f 349/349/349 346/346/346 342/342/342
f 347/347/347 350/350/350 353/353/353
f 354/354/354 351/351/351 347/347/347
f 351/351/351 354/354/354 357/357/357
f 357/357/357 356/356/356 351/351/351
f 355/355/355 359/359/359 362/362/362
f 362/362/362 360/360/360 355/355/355
f 360/360/360 362/362/362 367/367/367
f 367/367/367 363/363/363 360/360/360
f 364/364/364 366/366/366 370/370/370
f 369/369/369 368/368/368 364/364/364
f 368/368/368 369/369/369 375/375/375
f 375/375/375 372/372/372 368/368/368
f 373/373/373 374/374/374 380/380/380
f 378/378/378 377/377/377 373/373/373
f 377/377/377 378/378/378 336/336/336
f 336/336/336 330/330/330 377/377/377
f 376/376/376 371/371/371 365/365/365
f 365/365/365 361/361/361 358/358/358
f 376/376/376 365/365/365 358/358/358
f 358/358/358 352/352/352 348/348/348
f 348/348/348 345/345/345 340/340/340
f 358/358/358 348/348/348 340/340/340
f 376/376/376 358/358/358 340/340/340
f 340/340/340 333/333/333 334/334/334
f 376/376/376 340/340/340 334/334/334
f 379/379/379 376/376/376 334/334/334
f 384/384/384 383/383/383 391/391/391
f 391/391/391 389/389/389 384/384/384
f 396/396/396 395/395/395 402/402/402
f 402/402/402 399/399/399 396/396/396
f 388/388/388 400/400/400 403/403/403
f 403/403/403 386/386/386 388/388/388
f 381/381/381 385/385/385 404/404/404
f 404/404/404 393/393/393 381/381/381
f 382/382/382 394/394/394 397/397/397
f 397/397/397 390/390/390 382/382/382
f 387/387/387 392/392/392 398/398/398
f 398/398/398 401/401/401 387/387/387
f 416/416/416 414/414/414 411/411/411
f 421/421/421 416/416/416 411/411/411
f 423/423/423 421/421/421 411/411/411
f 423/423/423 411/411/411 408/408/408
f 407/407/407 423/423/423 408/408/408
f 442/442/442 437/437/437 435/435/435
f 425/425/425 442/442/442 435/435/435
f 425/425/425 435/435/435 434/434/434
f 425/425/425 434/434/434 430/430/430
f 425/425/425 430/430/430 427/427/427
f 422/422/422 406/406/406 424/424/424
f 424/424/424 428/428/428 422/422/422
f 410/410/410 440/440/440 426/426/426
f 426/426/426 405/405/405 410/410/410
f 409/409/409 413/413/413 438/438/438
f 438/438/438 441/441/441 409/409/409
f 439/439/439 412/412/412 415/415/415
f 415/415/415 436/436/436 439/439/439
f 431/431/431 420/420/420 422/422/422
f 422/422/422 428/428/428 431/431/431
f 433/433/433 418/418/418 419/419/419
f 419/419/419 429/429/429 433/433/433
f 436/436/436 415/415/415 417/417/417
f 417/417/417 432/432/432 436/436/436
f 468/468/468 466/466/466 465/465/465
f 465/465/465 462/462/462 461/461/461
f 468/468/468 465/465/465 461/461/461
f 461/461/461 458/458/458 457/457/457
f 457/457/457 455/455/455 452/452/452
f 461/461/461 457/457/457 452/452/452
f 468/468/468 461/461/461 452/452/452
f 452/452/452 450/450/450 446/446/446
f 468/468/468 452/452/452 446/446/446
f 445/445/445 468/468/468 446/446/446
f 467/467/467 469/469/469 473/473/473
f 473/473/473 471/471/471 467/467/467
f 464/464/464 467/467/467 471/471/471
f 471/471/471 474/474/474 464/464/464
f 463/463/463 464/464/464 474/474/474
f 474/474/474 475/475/475 463/463/463
f 460/460/460 463/463/463 475/475/475
f 475/475/475 476/476/476 460/460/460
f 459/459/459 460/460/460 476/476/476
f 476/476/476 477/477/477 459/459/459
f 456/456/456 459/459/459 477/477/477
f 477/477/477 478/478/478 456/456/456
f 453/453/453 456/456/456 478/478/478
f 478/478/478 482/482/482 453/453/453
f 451/451/451 454/454/454 480/480/480
f 480/480/480 484/484/484 451/451/451
f 449/449/449 451/451/451 484/484/484
f 484/484/484 488/488/488 449/449/449
f 447/447/447 448/448/448 485/485/485
f 485/485/485 489/489/489 447/447/447
f 443/443/443 447/447/447 489/489/489
f 489/489/489 490/490/490 443/443/443
f 470/470/470 444/444/444 491/491/491
f 491/491/491 472/472/472 470/470/470
f 492/492/492 471/471/471 473/473/473
f 473/473/473 493/493/493 492/492/492
f 495/495/495 474/474/474 471/471/471
f 471/471/471 492/492/492 495/495/495
f 496/496/496 475/475/475 474/474/474
f 474/474/474 495/495/495 496/496/496
f 497/497/497 476/476/476 475/475/475
f 475/475/475 496/496/496 497/497/497
f 498/498/498 477/477/477 476/476/476
f 476/476/476 497/497/497 498/498/498
f 499/499/499 478/478/478 477/477/477
f 477/477/477 498/498/498 499/499/499
f 501/501/501 482/482/482 478/478/478
f 478/478/478 499/499/499 501/501/501
f 507/507/507 504/504/504 513/513/513
f 513/513/513 508/508/508 507/507/507
f 517/517/517 516/516/516 504/504/504
f 504/504/504 507/507/507 517/517/517
f 520/520/520 489/489/489 485/485/485
f 485/485/485 521/521/521 520/520/520
f 525/525/525 490/490/490 489/489/489
f 489/489/489 520/520/520 525/525/525
f 494/494/494 472/472/472 491/491/491
f 491/491/491 524/524/524 494/494/494
f 526/526/526 492/492/492 493/493/493
f 493/493/493 527/527/527 526/526/526
f 529/529/529 495/495/495 492/492/492
f 492/492/492 526/526/526 529/529/529
f 155/155/155 496/496/496 495/495/495
f 495/495/495 529/529/529 155/155/155
f 156/156/156 497/497/497 496/496/496
f 496/496/496 155/155/155 156/156/156
f 157/157/157 498/498/498 497/497/497
f 497/497/497 156/156/156 157/157/157
f 158/158/158 499/499/499 498/498/498
f 498/498/498 157/157/157 158/158/158
f 530/530/530 501/501/501 499/499/499
f 499/499/499 158/158/158 530/530/530
f 159/159/159 533/533/533 503/503/503
f 503/503/503 531/531/531 159/159/159
f 534/534/534 521/521/521 533/533/533
f 533/533/533 159/159/159 534/534/534
f 160/160/160 520/520/520 521/521/521
f 521/521/521 534/534/534 160/160/160
f 161/161/161 525/525/525 520/520/520
f 520/520/520 160/160/160 161/161/161
f 528/528/528 494/494/494 524/524/524
f 524/524/524 162/162/162 528/528/528
f 502/502/502 540/540/540 536/536/536
f 536/536/536 479/479/479 502/502/502
f 483/483/483 481/481/481 537/537/537
f 537/537/537 541/541/541 483/483/483
f 483/483/483 541/541/541 542/542/542
f 542/542/542 487/487/487 483/483/483
f 486/486/486 543/543/543 545/545/545
f 545/545/545 522/522/522 486/486/486
f 548/548/548 547/547/547 518/518/518
f 518/518/518 506/506/506 548/548/548
f 510/510/510 538/538/538 548/548/548
f 548/548/548 506/506/506 510/510/510
f 509/509/509 511/511/511 535/535/535
f 535/535/535 539/539/539 509/509/509
f 514/514/514 519/519/519 546/546/546
f 546/546/546 544/544/544 514/514/514
f 515/515/515 542/542/542 541/541/541
f 541/541/541 505/505/505 515/515/515
f 541/541/541 537/537/537 512/512/512
f 512/512/512 505/505/505 541/541/541
f 547/547/547 548/548/548 532/532/532
f 532/532/532 523/523/523 547/547/547
f 532/532/532 548/548/548 538/538/538
f 538/538/538 500/500/500 532/532/532
f 565/565/565 562/562/562 559/559/559
f 566/566/566 565/565/565 559/559/559
f 570/570/570 566/566/566 559/559/559
f 570/570/570 559/559/559 557/557/557
f 570/570/570 557/557/557 556/556/556
f 570/570/570 556/556/556 554/554/554
f 550/550/550 570/570/570 554/554/554
f 591/591/591 590/590/590 588/588/588
f 585/585/585 581/581/581 579/579/579
f 588/588/588 585/585/585 579/579/579
f 591/591/591 588/588/588 579/579/579
f 591/591/591 579/579/579 578/578/578
f 591/591/591 578/578/578 573/573/573
f 571/571/571 591/591/591 573/573/573
f 558/558/558 592/592/592 572/572/572
f 572/572/572 555/555/555 558/558/558
f 589/589/589 560/560/560 561/561/561
f 561/561/561 587/587/587 589/589/589
f 583/583/583 568/568/568 569/569/569
f 569/569/569 580/580/580 583/583/583
f 549/549/549 576/576/576 580/580/580
f 580/580/580 569/569/569 549/549/549
f 586/586/586 563/563/563 567/567/567
f 567/567/567 582/582/582 586/586/586
f 587/587/587 561/561/561 564/564/564
f 564/564/564 584/584/584 587/587/587
f 552/552/552 574/574/574 577/577/577
f 577/577/577 551/551/551 552/552/552
f 555/555/555 572/572/572 575/575/575
f 575/575/575 553/553/553 555/555/555
f 617/617/617 615/615/615 613/613/613
f 613/613/613 610/610/610 609/609/609
f 617/617/617 613/613/613 609/609/609
f 609/609/609 605/605/605 604/604/604
f 604/604/604 601/601/601 600/600/600
f 609/609/609 604/604/604 600/600/600
f 617/617/617 609/609/609 600/600/600
f 600/600/600 597/597/597 595/595/595
f 617/617/617 600/600/600 595/595/595
f 594/594/594 617/617/617 595/595/595
f 614/614/614 616/616/616 618/618/618
f 618/618/618 303/303/303 614/614/614
f 612/612/612 614/614/614 303/303/303
f 303/303/303 304/304/304 612/612/612
f 611/611/611 612/612/612 304/304/304
f 304/304/304 305/305/305 611/611/611
f 607/607/607 611/611/611 305/305/305
f 305/305/305 307/307/307 607/607/607
f 606/606/606 608/608/608 306/306/306
f 306/306/306 308/308/308 606/606/606
f 603/603/603 606/606/606 308/308/308
f 308/308/308 619/619/619 603/603/603
f 602/602/602 603/603/603 619/619/619
f 619/619/619 309/309/309 602/602/602
f 599/599/599 602/602/602 309/309/309
f 309/309/309 310/310/310 599/599/599
f 598/598/598 599/599/599 310/310/310
f 310/310/310 620/620/620 598/598/598
f 596/596/596 598/598/598 620/620/620
f 620/620/620 311/311/311 596/596/596
f 593/593/593 596/596/596 311/311/311
f 311/311/311 312/312/312 593/593/593
f 616/616/616 593/593/593 312/312/312
f 312/312/312 618/618/618 616/616/616
f 691/691/691 709/709/709 710/710/710
f 710/710/710 690/690/690 691/691/691
f 692/692/692 736/736/736 708/708/708
f 709/709/709 691/691/691 692/692/692
f 695/695/695 733/733/733 735/735/735
f 735/735/735 693/693/693 695/695/695
f 696/696/696 730/730/730 731/731/731
f 731/731/731 694/694/694 696/696/696
f 698/698/698 727/727/727 729/729/729
f 729/729/729 697/697/697 698/698/698
f 699/699/699 724/724/724 727/727/727
f 727/727/727 698/698/698 699/699/699
f 700/700/700 723/723/723 724/724/724
f 724/724/724 699/699/699 700/700/700
f 701/701/701 721/721/721 723/723/723
f 723/723/723 700/700/700 701/701/701
f 704/704/704 717/717/717 720/720/720
f 720/720/720 702/702/702 704/704/704
f 705/705/705 715/715/715 718/718/718
f 718/718/718 703/703/703 705/705/705
f 706/706/706 712/712/712 715/715/715
f 715/715/715 705/705/705 706/706/706
f 690/690/690 710/710/710 712/712/712
f 712/712/712 706/706/706 690/690/690
f 826/826/826 827/827/827 657/657/657
f 657/657/657 654/654/654 826/826/826
f 824/824/824 826/826/826 654/654/654
f 654/654/654 653/653/653 824/824/824
f 819/819/819 823/823/823 652/652/652
f 652/652/652 649/649/649 819/819/819
f 816/816/816 818/818/818 650/650/650
f 650/650/650 646/646/646 816/816/816
f 815/815/815 816/816/816 646/646/646
f 646/646/646 644/644/644 815/815/815
f 813/813/813 815/815/815 644/644/644
f 644/644/644 642/642/642 813/813/813
f 810/810/810 813/813/813 642/642/642
f 642/642/642 639/639/639 810/810/810
f 808/808/808 810/810/810 639/639/639
f 639/639/639 638/638/638 808/808/808
f 836/836/836 808/808/808 638/638/638
f 638/638/638 665/665/665 836/836/836
f 834/834/834 836/836/836 665/665/665
f 665/665/665 663/663/663 834/834/834
f 830/830/830 834/834/834 663/663/663
f 663/663/663 659/659/659 830/830/830
f 829/829/829 831/831/831 661/661/661
f 661/661/661 658/658/658 829/829/829
f 684/684/684 738/738/738 711/711/711
f 711/711/711 707/707/707 684/684/684
f 738/738/738 687/687/687 713/713/713
f 713/713/713 711/711/711 738/738/738
f 687/687/687 688/688/688 714/714/714
f 714/714/714 713/713/713 687/687/687
f 688/688/688 666/666/666 716/716/716
f 716/716/716 714/714/714 688/688/688
f 666/666/666 669/669/669 719/719/719
f 719/719/719 716/716/716 666/666/666
f 669/669/669 670/670/670 722/722/722
f 722/722/722 719/719/719 669/669/669
f 670/670/670 672/672/672 725/725/725
f 725/725/725 722/722/722 670/670/670
f 672/672/672 675/675/675 726/726/726
f 726/726/726 725/725/725 672/672/672
f 675/675/675 676/676/676 728/728/728
f 728/728/728 726/726/726 675/675/675
f 676/676/676 681/681/681 734/734/734
f 734/734/734 728/728/728 676/676/676
f 678/678/678 682/682/682 737/737/737
f 737/737/737 732/732/732 678/678/678
f 682/682/682 684/684/684 707/707/707
f 707/707/707 737/737/737 682/682/682
f 745/745/745 739/739/739 685/685/685
f 685/685/685 742/742/742 745/745/745
f 748/748/748 686/686/686 739/739/739
f 739/739/739 745/745/745 748/748/748
f 751/751/751 689/689/689 686/686/686
f 686/686/686 748/748/748 751/751/751
f 754/754/754 667/667/667 689/689/689
f 689/689/689 751/751/751 754/754/754
f 757/757/757 668/668/668 667/667/667
f 667/667/667 754/754/754 757/757/757
f 760/760/760 671/671/671 668/668/668
f 668/668/668 757/757/757 760/760/760
f 763/763/763 673/673/673 671/671/671
f 671/671/671 760/760/760 763/763/763
f 766/766/766 674/674/674 673/673/673
f 673/673/673 763/763/763 766/766/766
f 769/769/769 677/677/677 674/674/674
f 674/674/674 766/766/766 769/769/769
f 775/775/775 680/680/680 677/677/677
f 677/677/677 769/769/769 775/775/775
f 778/778/778 683/683/683 679/679/679
f 679/679/679 774/774/774 778/778/778
f 742/742/742 685/685/685 683/683/683
f 683/683/683 778/778/778 742/742/742
f 744/744/744 745/745/745 742/742/742
f 742/742/742 741/741/741 744/744/744
f 743/743/743 744/744/744 741/741/741
f 741/741/741 740/740/740 743/743/743
f 656/656/656 743/743/743 740/740/740
f 740/740/740 655/655/655 656/656/656
f 747/747/747 748/748/748 745/745/745
f 745/745/745 744/744/744 747/747/747
f 746/746/746 747/747/747 744/744/744
f 744/744/744 743/743/743 746/746/746
f 660/660/660 746/746/746 743/743/743
f 743/743/743 656/656/656 660/660/660
f 750/750/750 751/751/751 748/748/748
f 748/748/748 747/747/747 750/750/750
f 749/749/749 750/750/750 747/747/747
f 747/747/747 746/746/746 749/749/749
f 662/662/662 749/749/749 746/746/746
f 746/746/746 660/660/660 662/662/662
f 753/753/753 754/754/754 751/751/751
f 751/751/751 750/750/750 753/753/753
f 752/752/752 753/753/753 750/750/750
f 750/750/750 749/749/749 752/752/752
f 664/664/664 752/752/752 749/749/749
f 749/749/749 662/662/662 664/664/664
f 756/756/756 757/757/757 754/754/754
f 754/754/754 753/753/753 756/756/756
f 755/755/755 756/756/756 753/753/753
f 753/753/753 752/752/752 755/755/755
f 637/637/637 755/755/755 752/752/752
f 752/752/752 664/664/664 637/637/637
f 759/759/759 760/760/760 757/757/757
f 757/757/757 756/756/756 759/759/759
f 758/758/758 759/759/759 756/756/756
f 756/756/756 755/755/755 758/758/758
f 640/640/640 758/758/758 755/755/755
f 755/755/755 637/637/637 640/640/640
f 762/762/762 763/763/763 760/760/760
f 760/760/760 759/759/759 762/762/762
f 761/761/761 762/762/762 759/759/759
f 759/759/759 758/758/758 761/761/761
f 641/641/641 761/761/761 758/758/758
f 758/758/758 640/640/640 641/641/641
f 765/765/765 766/766/766 763/763/763
f 763/763/763 762/762/762 765/765/765
f 764/764/764 765/765/765 762/762/762
f 762/762/762 761/761/761 764/764/764
f 643/643/643 764/764/764 761/761/761
f 761/761/761 641/641/641 643/643/643
f 768/768/768 769/769/769 766/766/766
f 766/766/766 765/765/765 768/768/768
f 767/767/767 768/768/768 765/765/765
f 765/765/765 764/764/764 767/767/767
f 645/645/645 767/767/767 764/764/764
f 764/764/764 643/643/643 645/645/645
f 773/773/773 775/775/775 769/769/769
f 769/769/769 768/768/768 773/773/773
f 771/771/771 773/773/773 768/768/768
f 768/768/768 767/767/767 771/771/771
f 647/647/647 771/771/771 767/767/767
f 767/767/767 645/645/645 647/647/647
f 777/777/777 778/778/778 774/774/774
f 774/774/774 772/772/772 777/777/777
f 776/776/776 777/777/777 772/772/772
f 772/772/772 770/770/770 776/776/776
f 651/651/651 776/776/776 770/770/770
f 770/770/770 648/648/648 651/651/651
f 741/741/741 742/742/742 778/778/778
f 778/778/778 777/777/777 741/741/741
f 740/740/740 741/741/741 777/777/777
f 777/777/777 776/776/776 740/740/740
f 655/655/655 740/740/740 776/776/776
f 776/776/776 651/651/651 655/655/655
f 623/623/623 621/621/621 798/798/798
f 798/798/798 796/796/796 623/623/623
f 624/624/624 623/623/623 796/796/796
f 796/796/796 793/793/793 624/624/624
f 626/626/626 625/625/625 794/794/794
f 794/794/794 792/792/792 626/626/626
f 628/628/628 627/627/627 790/790/790
f 790/790/790 788/788/788 628/628/628
f 629/629/629 628/628/628 788/788/788
f 788/788/788 785/785/785 629/629/629
f 630/630/630 629/629/629 785/785/785
f 785/785/785 784/784/784 630/630/630
f 631/631/631 630/630/630 784/784/784
f 784/784/784 781/781/781 631/631/631
f 632/632/632 631/631/631 781/781/781
f 781/781/781 780/780/780 632/632/632
f 633/633/633 632/632/632 780/780/780
f 780/780/780 806/806/806 633/633/633
f 634/634/634 633/633/633 806/806/806
f 806/806/806 804/804/804 634/634/634
f 635/635/635 634/634/634 804/804/804
f 804/804/804 803/803/803 635/635/635
f 622/622/622 636/636/636 801/801/801
f 801/801/801 799/799/799 622/622/622
f 837/837/837 839/839/839 863/863/863
f 863/863/863 866/866/866 837/837/837
f 861/861/861 837/837/837 866/866/866
f 866/866/866 868/868/868 861/861/861
f 857/857/857 861/861/861 868/868/868
f 868/868/868 870/870/870 857/857/857
f 856/856/856 858/858/858 869/869/869
f 869/869/869 874/874/874 856/856/856
f 854/854/854 856/856/856 874/874/874
f 874/874/874 875/875/875 854/854/854
f 851/851/851 854/854/854 875/875/875
f 875/875/875 878/878/878 851/851/851
f 850/850/850 851/851/851 878/878/878
f 878/878/878 879/879/879 850/850/850
f 847/847/847 850/850/850 879/879/879
f 879/879/879 882/882/882 847/847/847
f 846/846/846 847/847/847 882/882/882
f 882/882/882 883/883/883 846/846/846
f 843/843/843 846/846/846 883/883/883
f 883/883/883 885/885/885 843/843/843
f 841/841/841 843/843/843 885/885/885
f 885/885/885 887/887/887 841/841/841
f 839/839/839 841/841/841 887/887/887
f 887/887/887 863/863/863 839/839/839
f 797/797/797 800/800/800 840/840/840
f 840/840/840 838/838/838 797/797/797
f 800/800/800 802/802/802 842/842/842
f 842/842/842 840/840/840 800/800/800
f 802/802/802 805/805/805 844/844/844
f 844/844/844 842/842/842 802/802/802
f 805/805/805 807/807/807 845/845/845
f 845/845/845 844/844/844 805/805/805
f 807/807/807 779/779/779 848/848/848
f 848/848/848 845/845/845 807/807/807
f 779/779/779 782/782/782 849/849/849
f 849/849/849 848/848/848 779/779/779
f 782/782/782 783/783/783 852/852/852
f 852/852/852 849/849/849 782/782/782
f 783/783/783 786/786/786 853/853/853
f 853/853/853 852/852/852 783/783/783
f 786/786/786 787/787/787 855/855/855
f 855/855/855 853/853/853 786/786/786
f 787/787/787 789/789/789 859/859/859
f 859/859/859 855/855/855 787/787/787
f 791/791/791 795/795/795 862/862/862
f 862/862/862 860/860/860 791/791/791
f 795/795/795 797/797/797 838/838/838
f 838/838/838 862/862/862 795/795/795
f 828/828/828 825/825/825 865/865/865
f 865/865/865 864/864/864 828/828/828
f 825/825/825 822/822/822 867/867/867
f 867/867/867 865/865/865 825/825/825
f 822/822/822 820/820/820 871/871/871
f 871/871/871 867/867/867 822/822/822
f 821/821/821 817/817/817 873/873/873
f 873/873/873 872/872/872 821/821/821
f 817/817/817 814/814/814 876/876/876
f 876/876/876 873/873/873 817/817/817
f 814/814/814 812/812/812 877/877/877
f 877/877/877 876/876/876 814/814/814
f 812/812/812 811/811/811 880/880/880
f 880/880/880 877/877/877 812/812/812
f 811/811/811 809/809/809 881/881/881
f 881/881/881 880/880/880 811/811/811
f 809/809/809 835/835/835 884/884/884
f 884/884/884 881/881/881 809/809/809
f 835/835/835 833/833/833 886/886/886
f 886/886/886 884/884/884 835/835/835
f 833/833/833 832/832/832 888/888/888
f 888/888/888 886/886/886 833/833/833
f 832/832/832 828/828/828 864/864/864
f 864/864/864 888/888/888 832/832/832

