mtllib material.mtl
usemtl material_0
v 3.59271800 -13.67550200 1.68291000
v 3.61870300 -13.72051000 1.68291000
v 3.66371000 -13.74649500 1.68291000
v 3.71568100 -13.74649500 1.68291000
v 3.76068800 -13.72051000 1.68291000
v 3.78667400 -13.67550300 1.68291000
v 3.59271800 -13.67550200 1.74592100
v 3.59271800 -13.67550200 1.74592100
v 3.61870300 -13.72051000 1.74592100
v 3.61870300 -13.72051000 1.74592100
v 3.66371000 -13.74649500 1.74592100
v 3.66371000 -13.74649500 1.74592100
v 3.66371000 -13.74649500 1.74592100
v 3.71568100 -13.74649500 1.74592100
v 3.71568100 -13.74649500 1.74592100
v 3.71568100 -13.74649500 1.74592100
v 3.76068900 -13.72051000 1.74592100
v 3.76068900 -13.72051000 1.74592100
v 3.78667400 -13.67550300 1.74592100
v 3.78667400 -13.67550300 1.74592100
v 3.66371100 -13.74649500 1.91325200
v 3.66371100 -13.74649500 1.91325200
v 3.71568100 -13.74649500 1.91325200
v 3.71568100 -13.74649500 1.91325200
v 3.66371100 -13.71302900 1.94671900
v 3.66371100 -13.71302900 1.94671900
v 3.71568100 -13.71302900 1.94671900
v 3.71568100 -13.71302900 1.94671900
v 3.66371100 -13.74277700 1.93184500
v 3.66371100 -13.74277700 1.93184500
v 3.66371100 -13.73162100 1.94300000
v 3.66371100 -13.73162100 1.94300000
v 3.71568100 -13.73162200 1.94300000
v 3.71568100 -13.73162200 1.94300000
v 3.71568100 -13.74277700 1.93184500
v 3.71568100 -13.74277700 1.93184500
v 3.70308300 -13.73022400 1.90078600
v 3.70308300 -13.71283800 1.91083200
v 3.68969600 -13.74181400 1.89408800
v 3.68969600 -13.96007200 2.43156100
v 3.68969600 -13.96007200 2.43156100
v 3.68969600 -13.96007200 2.43156100
v 3.70308200 -13.99722400 2.42788200
v 3.70308200 -13.99722400 2.42788200
v 3.68969600 -14.01054500 2.42656300
v 3.68969600 -14.01054500 2.42656300
v 3.67630900 -13.97339300 2.43024200
v 3.67630900 -13.97339300 2.43024200
v 3.71160000 -13.96524800 2.47327400
v 3.71160000 -13.96524800 2.47327400
v 3.69644200 -14.02008100 2.47261200
v 3.69644200 -14.02008100 2.47261200
v 3.67140700 -14.00469100 2.47305700
v 3.67140700 -14.00469100 2.47305700
v 3.68300100 -13.95292900 2.47369900
v 3.68300100 -13.95292900 2.47369900
v 3.68300100 -13.95292900 2.47369900
v 3.71155700 -14.00355900 2.42725300
v 3.71155700 -14.00355900 2.42725300
v 3.69638900 -13.95058500 2.43250600
v 3.69638900 -13.95058500 2.43250600
v 3.66916800 -13.96390000 2.43118600
v 3.66916800 -13.96390000 2.43118600
v 3.68077300 -14.01687300 2.42593200
v 3.68077300 -14.01687300 2.42593200
v 3.68969600 -13.70124800 1.91753000
v 3.68969600 -13.70124800 1.91753000
v 3.67631000 -13.71283800 1.91083300
v 3.67631000 -13.73022400 1.90078600
v 3.70308300 -13.97339300 2.43024200
v 3.70308300 -13.97339300 2.43024200
v 3.67630900 -13.99722400 2.42788200
v 3.67630900 -13.99722400 2.42788200
v 3.69865700 -13.95235800 2.47357200
v 3.69865700 -13.95235800 2.47357200
v 3.71021800 -14.00779400 2.47266800
v 3.71021800 -14.00779400 2.47266800
v 3.68521400 -14.01916000 2.47272600
v 3.68521400 -14.01916000 2.47272600
v 3.67008900 -13.96679400 2.47361200
v 3.67008900 -13.96679400 2.47361200
v 3.69861800 -14.01687300 2.42593200
v 3.69861800 -14.01687300 2.42593200
v 3.71022400 -13.96390000 2.43118600
v 3.71022400 -13.96390000 2.43118600
v 3.68300300 -13.95058500 2.43250600
v 3.68300300 -13.95058500 2.43250600
v 3.68300300 -13.95058500 2.43250600
v 3.66783500 -14.00355900 2.42725300
v 3.66783500 -14.00355900 2.42725300
v 3.70159500 -13.73666300 1.89706400
v 3.69713300 -13.74052600 1.89483200
v 3.69713300 -13.70253600 1.91678600
v 3.70159600 -13.70639900 1.91455400
v 3.67779700 -13.70639900 1.91455400
v 3.68225900 -13.70253600 1.91678600
v 3.68225900 -13.74052600 1.89483200
v 3.67779700 -13.73666300 1.89706400
v 3.69713300 -13.96155200 2.43141400
v 3.69713300 -13.96155200 2.43141400
v 3.70159500 -13.96599200 2.43097400
v 3.70159500 -13.96599200 2.43097400
v 3.70159500 -14.00462400 2.42714900
v 3.70159500 -14.00462400 2.42714900
v 3.69713300 -14.00906500 2.42671000
v 3.69713300 -14.00906500 2.42671000
v 3.68225900 -14.00906500 2.42671000
v 3.68225900 -14.00906500 2.42671000
v 3.67779700 -14.00462400 2.42714900
v 3.67779700 -14.00462400 2.42714900
v 3.67779700 -13.96599200 2.43097400
v 3.67779700 -13.96599200 2.43097400
v 3.68225900 -13.96155200 2.43141400
v 3.68225900 -13.96155200 2.43141400
v 3.71035500 -13.95787000 2.47339100
v 3.71035500 -13.95787000 2.47339100
v 3.70604100 -13.95357300 2.47349100
v 3.70604100 -13.95357300 2.47349100
v 3.70390200 -14.01920000 2.47255800
v 3.70390200 -14.01920000 2.47255800
v 3.70849400 -14.01510500 2.47257700
v 3.70849400 -14.01510500 2.47257700
v 3.67314800 -14.01224400 2.47293300
v 3.67314800 -14.01224400 2.47293300
v 3.67775000 -14.01706700 2.47282300
v 3.67775000 -14.01706700 2.47282300
v 3.67562100 -13.95468600 2.47373800
v 3.67562100 -13.95468600 2.47373800
v 3.67131700 -13.95930800 2.47370900
v 3.67131700 -13.95930800 2.47370900
v 3.71031900 -14.01095600 2.42651900
v 3.71031900 -14.01095600 2.42651900
v 3.70600600 -14.01539400 2.42607900
v 3.70600600 -14.01539400 2.42607900
v 3.70387600 -13.95206500 2.43236000
v 3.70387600 -13.95206500 2.43236000
v 3.70848800 -13.95650300 2.43192000
v 3.70848800 -13.95650300 2.43192000
v 3.67090500 -13.95650300 2.43192000
v 3.67090500 -13.95650300 2.43192000
v 3.67551600 -13.95206500 2.43236000
v 3.67551600 -13.95206500 2.43236000
v 3.67338600 -14.01539300 2.42607900
v 3.67338600 -14.01539300 2.42607900
v 3.66907300 -14.01095600 2.42651900
v 3.66907300 -14.01095600 2.42651900
v 3.70428900 -14.00732000 2.47272700
v 3.70565300 -13.96547000 2.47332200
v 3.67734400 -14.00516600 2.47299700
v 3.67602700 -13.96657300 2.47356300
v 3.69687800 -14.00672800 2.47280200
v 3.69821900 -13.96574700 2.47338200
v 3.68476600 -14.00575900 2.47292300
v 3.68344800 -13.96629600 2.47350300
v 3.59271800 -13.64951700 1.74592100
v 3.59271800 -13.64951700 1.74592100
v 3.59271800 -13.64951700 1.74592100
v 3.66371100 -13.64951700 1.74592100
v 3.66371100 -13.64951700 1.74592100
v 3.66371100 -13.64951700 1.94671900
v 3.66371100 -13.64951700 1.94671900
v 3.66371100 -13.64951700 1.94671900
v 3.70246300 -13.94969300 2.35043000
v 3.70246300 -13.94969300 2.35043000
v 3.70246400 -13.94969300 2.38194600
v 3.70246400 -13.94969300 2.38194600
v 3.67692600 -13.94969300 2.38194600
v 3.67692600 -13.94969300 2.38194600
v 3.67692600 -13.94969300 2.35043000
v 3.67692600 -13.94969300 2.35043000
v 3.71240800 -13.64951700 2.35043000
v 3.71240800 -13.64951700 2.35043000
v 3.71240800 -13.64951700 2.38194600
v 3.71240800 -13.64951700 2.38194600
v 3.68687000 -13.64951700 2.38194600
v 3.68687000 -13.64951700 2.38194600
v 3.68687000 -13.64951700 2.35043100
v 3.68687000 -13.64951700 2.35043100
v 3.71240800 -13.76193800 2.35043000
v 3.71240800 -13.76193800 2.35043000
v 3.71240800 -13.76193800 2.35043000
v 3.71240800 -13.76193800 2.38194600
v 3.71240800 -13.76193800 2.38194600
v 3.71240800 -13.76193800 2.38194600
v 3.68687000 -13.76193800 2.38194600
v 3.68687000 -13.76193800 2.38194600
v 3.68687000 -13.76193800 2.38194600
v 3.68687000 -13.76193800 2.35043000
v 3.68687000 -13.76193800 2.35043000
v 3.68687000 -13.76193800 2.35043000
v 3.70246400 -13.77634000 2.38194600
v 3.70246400 -13.77634000 2.38194600
v 3.70246400 -13.77634000 2.38194600
v 3.70246400 -13.77634000 2.35043000
v 3.70246400 -13.77634000 2.35043000
v 3.70246400 -13.77634000 2.35043000
v 3.67692700 -13.77634000 2.35043100
v 3.67692700 -13.77634000 2.35043100
v 3.67692700 -13.77634000 2.35043100
v 3.67692700 -13.77634000 2.38194600
v 3.67692700 -13.77634000 2.38194600
v 3.67692700 -13.77634000 2.38194600
v 3.59271800 -13.62353100 1.68291000
v 3.61870300 -13.57852400 1.68291000
v 3.61870300 -13.57852400 1.74592100
v 3.61870300 -13.57852400 1.74592100
v 3.59271800 -13.62353100 1.74592100
v 3.59271800 -13.62353100 1.74592100
v 3.66371100 -13.55253900 1.68291000
v 3.66371100 -13.55253900 1.74592100
v 3.66371100 -13.55253900 1.74592100
v 3.66371100 -13.55253900 1.74592100
v 3.71568100 -13.55253900 1.68291000
v 3.71568200 -13.55253900 1.74592100
v 3.71568200 -13.55253900 1.74592100
v 3.71568200 -13.55253900 1.74592100
v 3.76068900 -13.57852500 1.68291000
v 3.76068900 -13.57852500 1.74592100
v 3.76068900 -13.57852500 1.74592100
v 3.78667400 -13.62353200 1.68291000
v 3.78667400 -13.62353200 1.74592100
v 3.78667400 -13.62353200 1.74592100
v 3.78667400 -13.64951700 1.68291000
v 3.78667400 -13.64951700 1.68291000
v 3.78667400 -13.64951700 1.74592100
v 3.78667400 -13.64951700 1.74592100
v 3.78667400 -13.64951700 1.74592100
v 3.71568200 -13.55253900 1.91325200
v 3.71568200 -13.55253900 1.91325200
v 3.66371100 -13.55253900 1.91325200
v 3.66371100 -13.55253900 1.91325200
v 3.66371100 -13.58600500 1.94671900
v 3.66371100 -13.58600500 1.94671900
v 3.66371100 -13.56741300 1.94300000
v 3.66371100 -13.56741300 1.94300000
v 3.71568200 -13.56741300 1.94300000
v 3.71568200 -13.56741300 1.94300000
v 3.71568200 -13.58600500 1.94671900
v 3.71568200 -13.58600500 1.94671900
v 3.66371100 -13.55625700 1.93184500
v 3.66371100 -13.55625700 1.93184500
v 3.71568200 -13.55625800 1.93184500
v 3.71568200 -13.55625800 1.93184500
v 3.71022100 -13.29124100 2.47266800
v 3.71022100 -13.29124100 2.47266800
v 3.71156000 -13.29547500 2.42725300
v 3.71156000 -13.29547500 2.42725300
v 3.71022600 -13.33513500 2.43118600
v 3.71022600 -13.33513500 2.43118600
v 3.71160200 -13.33378600 2.47327400
v 3.71160200 -13.33378600 2.47327400
v 3.69866000 -13.34667700 2.47357200
v 3.69866000 -13.34667700 2.47357200
v 3.69866000 -13.34667700 2.47357200
v 3.69639200 -13.34844900 2.43250700
v 3.69639200 -13.34844900 2.43250700
v 3.69639200 -13.34844900 2.43250700
v 3.68300500 -13.34844900 2.43250700
v 3.68300500 -13.34844900 2.43250700
v 3.68300300 -13.34610600 2.47369900
v 3.68300300 -13.34610600 2.47369900
v 3.67009100 -13.33224100 2.47361200
v 3.67009100 -13.33224100 2.47361200
v 3.66917100 -13.33513500 2.43118600
v 3.66917100 -13.33513500 2.43118600
v 3.66783700 -13.29547500 2.42725300
v 3.66783700 -13.29547500 2.42725300
v 3.67141000 -13.29434300 2.47305700
v 3.67141000 -13.29434300 2.47305700
v 3.68521700 -13.27987400 2.47272600
v 3.68521700 -13.27987400 2.47272600
v 3.68077600 -13.28216200 2.42593300
v 3.68077600 -13.28216200 2.42593300
v 3.69862100 -13.28216200 2.42593300
v 3.69862100 -13.28216200 2.42593300
v 3.69644500 -13.27895500 2.47261300
v 3.69644500 -13.27895500 2.47261300
v 3.67631000 -13.58619600 1.91083300
v 3.67779800 -13.59263500 1.91455400
v 3.68226000 -13.59649800 1.91678600
v 3.68969700 -13.59778700 1.91753100
v 3.68969700 -13.59778700 1.91753100
v 3.69713400 -13.59649800 1.91678600
v 3.70159600 -13.59263500 1.91455400
v 3.70308300 -13.58619600 1.91083300
v 3.70308300 -13.56881000 1.90078600
v 3.70159600 -13.56237100 1.89706400
v 3.69713400 -13.55850800 1.89483200
v 3.68969700 -13.55722000 1.89408800
v 3.68226000 -13.55850800 1.89483200
v 3.67779800 -13.56237100 1.89706500
v 3.67631000 -13.56881000 1.90078600
v 3.70308500 -13.30181100 2.42788200
v 3.70308500 -13.30181100 2.42788200
v 3.70308500 -13.32564200 2.43024200
v 3.70308500 -13.32564200 2.43024200
v 3.67631200 -13.32564200 2.43024200
v 3.67631200 -13.32564200 2.43024200
v 3.67631200 -13.30181100 2.42788200
v 3.67631200 -13.30181100 2.42788200
v 3.68969800 -13.33896300 2.43156100
v 3.68969800 -13.33896300 2.43156100
v 3.68969800 -13.33896300 2.43156100
v 3.68969900 -13.28848900 2.42656400
v 3.68969900 -13.28848900 2.42656400
v 3.70849700 -13.28393000 2.47257700
v 3.70849700 -13.28393000 2.47257700
v 3.71032100 -13.28807900 2.42651900
v 3.71032100 -13.28807900 2.42651900
v 3.70159800 -13.33304200 2.43097400
v 3.70159800 -13.33304200 2.43097400
v 3.68226100 -13.33748200 2.43141400
v 3.68226100 -13.33748200 2.43141400
v 3.67779900 -13.29441000 2.42715000
v 3.67779900 -13.29441000 2.42715000
v 3.70849000 -13.34253200 2.43192000
v 3.70849000 -13.34253200 2.43192000
v 3.71035700 -13.34116500 2.47339200
v 3.71035700 -13.34116500 2.47339200
v 3.70159800 -13.29441100 2.42715000
v 3.70159800 -13.29441100 2.42715000
v 3.66907600 -13.28807800 2.42651900
v 3.66907600 -13.28807800 2.42651900
v 3.67315100 -13.28679000 2.47293300
v 3.67315100 -13.28679000 2.47293300
v 3.67551900 -13.34697000 2.43236000
v 3.67551900 -13.34697000 2.43236000
v 3.67562300 -13.34434800 2.47373800
v 3.67562300 -13.34434800 2.47373800
v 3.69713600 -13.28996900 2.42671000
v 3.69713600 -13.28996900 2.42671000
v 3.70600800 -13.28364100 2.42607900
v 3.70600800 -13.28364100 2.42607900
v 3.70390500 -13.27983500 2.47255900
v 3.70390500 -13.27983500 2.47255900
v 3.69713500 -13.33748200 2.43141400
v 3.69713500 -13.33748200 2.43141400
v 3.67779900 -13.33304200 2.43097400
v 3.67779900 -13.33304200 2.43097400
v 3.68226200 -13.28996900 2.42671000
v 3.68226200 -13.28996900 2.42671000
v 3.70387800 -13.34697000 2.43236000
v 3.70387800 -13.34697000 2.43236000
v 3.70604300 -13.34546100 2.47349100
v 3.70604300 -13.34546100 2.47349100
v 3.67338900 -13.28364100 2.42607900
v 3.67338900 -13.28364100 2.42607900
v 3.67775300 -13.28196700 2.47282300
v 3.67775300 -13.28196700 2.47282300
v 3.67090700 -13.34253200 2.43192000
v 3.67090700 -13.34253200 2.43192000
v 3.67131900 -13.33972600 2.47370900
v 3.67131900 -13.33972600 2.47370900
v 3.67602900 -13.33246200 2.47356300
v 3.67734700 -13.29386900 2.47299700
v 3.70429200 -13.29171500 2.47272800
v 3.70565600 -13.33356500 2.47332200
v 3.68476900 -13.29327500 2.47292300
v 3.68345000 -13.33273800 2.47350300
v 3.69688100 -13.29230700 2.47280200
v 3.69822200 -13.33328800 2.47338300
v 3.59271800 -13.64951700 1.68291000
v 3.59271800 -13.64951700 1.68291000
v 3.71568100 -13.64951700 1.74592100
v 3.71568100 -13.64951700 1.74592100
v 3.71568100 -13.64951700 1.94671900
v 3.71568100 -13.64951700 1.94671900
v 3.71568100 -13.64951700 1.94671900
v 3.70246600 -13.34934100 2.35043100
v 3.70246600 -13.34934100 2.35043100
v 3.70246500 -13.52269600 2.35043100
v 3.70246500 -13.52269600 2.35043100
v 3.70246500 -13.52269600 2.35043100
v 3.70246500 -13.52269600 2.38194600
v 3.70246500 -13.52269600 2.38194600
v 3.70246500 -13.52269600 2.38194600
v 3.70246600 -13.34934100 2.38194600
v 3.70246600 -13.34934100 2.38194600
v 3.67692800 -13.52269600 2.38194600
v 3.67692800 -13.52269600 2.38194600
v 3.67692800 -13.52269600 2.38194600
v 3.67692800 -13.34934100 2.38194600
v 3.67692800 -13.34934100 2.38194600
v 3.67692800 -13.52269600 2.35043100
v 3.67692800 -13.52269600 2.35043100
v 3.67692800 -13.52269600 2.35043100
v 3.67692800 -13.34934100 2.35043100
v 3.67692800 -13.34934100 2.35043100
v 3.71240800 -13.53709600 2.35043100
v 3.71240800 -13.53709600 2.35043100
v 3.71240800 -13.53709600 2.35043100
v 3.71240900 -13.53709600 2.38194600
v 3.71240900 -13.53709600 2.38194600
v 3.71240900 -13.53709600 2.38194600
v 3.68687100 -13.53709600 2.38194600
v 3.68687100 -13.53709600 2.38194600
v 3.68687100 -13.53709600 2.38194600
v 3.68687100 -13.53709600 2.35043100
v 3.68687100 -13.53709600 2.35043100
v 3.68687100 -13.53709600 2.35043100
v 3.68067800 -14.31884400 2.45247100
v 3.68067800 -14.31884400 2.45247100
v 3.68067800 -14.31884400 2.45247100
v 3.68067800 -12.98019200 2.45247000
v 3.68067800 -12.98019200 2.45247000
v 3.68067800 -12.98019200 2.45247000
v 3.68068000 -14.31884300 3.99192100
v 3.68068000 -14.31884300 3.99192100
v 3.68068000 -14.31884300 3.99192100
v 3.68068100 -12.98019100 3.99192000
v 3.68068100 -12.98019100 3.99192000
v 3.68068100 -12.98019100 3.99192000
v 3.69872400 -14.31884400 2.45247100
v 3.69872400 -14.31884400 2.45247100
v 3.69872400 -14.31884400 2.45247100
v 3.69872400 -12.98019200 2.45247000
v 3.69872400 -12.98019200 2.45247000
v 3.69872400 -12.98019200 2.45247000
v 3.69872600 -14.31884300 3.99192100
v 3.69872600 -14.31884300 3.99192100
v 3.69872600 -14.31884300 3.99192100
v 3.69872700 -12.98019100 3.99192000
v 3.69872700 -12.98019100 3.99192000
v 3.69872700 -12.98019100 3.99192000
v 3.68068400 -14.31884700 5.61700900
v 3.68068400 -14.31884700 5.61700900
v 3.68068400 -14.31884700 5.61700900
v 3.68068400 -12.98019500 5.61700800
v 3.68068400 -12.98019500 5.61700800
v 3.68068400 -12.98019500 5.61700800
v 3.68068600 -14.31884600 7.15645900
v 3.68068600 -14.31884600 7.15645900
v 3.68068600 -14.31884600 7.15645900
v 3.68068600 -12.98019400 7.15645700
v 3.68068600 -12.98019400 7.15645700
v 3.68068600 -12.98019400 7.15645700
v 3.69872900 -14.31884700 5.61700900
v 3.69872900 -14.31884700 5.61700900
v 3.69872900 -14.31884700 5.61700900
v 3.69873000 -12.98019500 5.61700800
v 3.69873000 -12.98019500 5.61700800
v 3.69873000 -12.98019500 5.61700800
v 3.69873200 -14.31884600 7.15645900
v 3.69873200 -14.31884600 7.15645900
v 3.69873200 -14.31884600 7.15645900
v 3.69873200 -12.98019400 7.15645700
v 3.69873200 -12.98019400 7.15645700
v 3.69873200 -12.98019400 7.15645700
v 3.68230600 -14.14613500 5.57136200
v 3.68230600 -14.14613500 5.57136200
v 3.68230600 -14.19759500 5.57136200
v 3.68230600 -14.19759500 5.57136200
v 3.68230700 -14.14613500 5.61901600
v 3.68230700 -14.14613500 5.61901600
v 3.68230700 -14.19759500 5.61901600
v 3.68230700 -14.19759500 5.61901600
v 3.69710800 -14.14613500 5.57136200
v 3.69710800 -14.14613500 5.57136200
v 3.69710800 -14.19759500 5.57136200
v 3.69710800 -14.19759500 5.57136200
v 3.69710900 -14.14613500 5.61901600
v 3.69710900 -14.14613500 5.61901600
v 3.69710800 -14.19759500 5.61901600
v 3.69710800 -14.19759500 5.61901600
v 3.67966700 -14.13610900 5.59518900
v 3.67966700 -14.13610900 5.59518900
v 3.68101300 -14.13610900 5.60020900
v 3.68101300 -14.13610900 5.60020900
v 3.68468700 -14.13610900 5.60388300
v 3.68468700 -14.13610900 5.60388300
v 3.68970700 -14.13610900 5.60522900
v 3.68970700 -14.13610900 5.60522900
v 3.68970700 -14.13610900 5.60522900
v 3.69472700 -14.13610900 5.60388300
v 3.69472700 -14.13610900 5.60388300
v 3.69840200 -14.13610900 5.60020900
v 3.69840200 -14.13610900 5.60020900
v 3.69974700 -14.13610900 5.59518900
v 3.69974700 -14.13610900 5.59518900
v 3.69840200 -14.13610900 5.59016900
v 3.69840200 -14.13610900 5.59016900
v 3.69472700 -14.13610900 5.58649400
v 3.69472700 -14.13610900 5.58649400
v 3.68970700 -14.13610900 5.58514900
v 3.68970700 -14.13610900 5.58514900
v 3.68468700 -14.13610900 5.58649400
v 3.68468700 -14.13610900 5.58649400
v 3.68101300 -14.13610900 5.59016900
v 3.68101300 -14.13610900 5.59016900
v 3.67966700 -14.30347800 5.59518900
v 3.67966700 -14.30347800 5.59518900
v 3.68101300 -14.30347800 5.60020900
v 3.68101300 -14.30347800 5.60020900
v 3.68468700 -14.30347800 5.60388300
v 3.68468700 -14.30347800 5.60388300
v 3.68970700 -14.30347800 5.60522900
v 3.68970700 -14.30347800 5.60522900
v 3.68970700 -14.30347800 5.60522900
v 3.69472700 -14.30347800 5.60388300
v 3.69472700 -14.30347800 5.60388300
v 3.69840200 -14.30347800 5.60020900
v 3.69840200 -14.30347800 5.60020900
v 3.69974700 -14.30347800 5.59518900
v 3.69974700 -14.30347800 5.59518900
v 3.69840200 -14.30347800 5.59016900
v 3.69840200 -14.30347800 5.59016900
v 3.69472700 -14.30347800 5.58649400
v 3.69472700 -14.30347800 5.58649400
v 3.68970700 -14.30347800 5.58514900
v 3.68970700 -14.30347800 5.58514900
v 3.68468700 -14.30347800 5.58649400
v 3.68468700 -14.30347800 5.58649400
v 3.68101200 -14.30347800 5.59016900
v 3.68101200 -14.30347800 5.59016900
v 3.68230600 -14.24199300 5.57136200
v 3.68230600 -14.24199300 5.57136200
v 3.68230600 -14.29345200 5.57136200
v 3.68230600 -14.29345200 5.57136200
v 3.68230700 -14.24199300 5.61901600
v 3.68230700 -14.24199300 5.61901600
v 3.68230700 -14.29345200 5.61901600
v 3.68230700 -14.29345200 5.61901600
v 3.69710800 -14.24199300 5.57136200
v 3.69710800 -14.24199300 5.57136200
v 3.69710800 -14.29345200 5.57136200
v 3.69710800 -14.29345200 5.57136200
v 3.69710800 -14.24199300 5.61901600
v 3.69710800 -14.24199300 5.61901600
v 3.69710800 -14.29345200 5.61901600
v 3.69710800 -14.29345200 5.61901600
v 3.68230400 -14.14613200 3.98909200
v 3.68230400 -14.14613200 3.98909200
v 3.68230400 -14.19759200 3.98909200
v 3.68230400 -14.19759200 3.98909200
v 3.68230400 -14.14613200 4.03674600
v 3.68230400 -14.14613200 4.03674600
v 3.68230400 -14.19759200 4.03674700
v 3.68230400 -14.19759200 4.03674700
v 3.69710500 -14.14613300 3.98909200
v 3.69710500 -14.14613300 3.98909200
v 3.69710500 -14.19759200 3.98909200
v 3.69710500 -14.19759200 3.98909200
v 3.69710600 -14.14613200 4.03674600
v 3.69710600 -14.14613200 4.03674600
v 3.69710600 -14.19759200 4.03674700
v 3.69710600 -14.19759200 4.03674700
v 3.67966500 -14.13610700 4.01291900
v 3.67966500 -14.13610700 4.01291900
v 3.68101000 -14.13610700 4.01793900
v 3.68101000 -14.13610700 4.01793900
v 3.68468500 -14.13610700 4.02161400
v 3.68468500 -14.13610700 4.02161400
v 3.68970500 -14.13610700 4.02295900
v 3.68970500 -14.13610700 4.02295900
v 3.68970500 -14.13610700 4.02295900
v 3.69472500 -14.13610700 4.02161400
v 3.69472500 -14.13610700 4.02161400
v 3.69840000 -14.13610700 4.01793900
v 3.69840000 -14.13610700 4.01793900
v 3.69974500 -14.13610700 4.01291900
v 3.69974500 -14.13610700 4.01291900
v 3.69840000 -14.13610700 4.00789900
v 3.69840000 -14.13610700 4.00789900
v 3.69472500 -14.13610700 4.00422400
v 3.69472500 -14.13610700 4.00422400
v 3.68970500 -14.13610700 4.00287900
v 3.68970500 -14.13610700 4.00287900
v 3.68468500 -14.13610700 4.00422400
v 3.68468500 -14.13610700 4.00422400
v 3.68101000 -14.13610700 4.00789900
v 3.68101000 -14.13610700 4.00789900
v 3.67966500 -14.30347500 4.01291900
v 3.67966500 -14.30347500 4.01291900
v 3.68101000 -14.30347500 4.01793900
v 3.68101000 -14.30347500 4.01793900
v 3.68468500 -14.30347600 4.02161400
v 3.68468500 -14.30347600 4.02161400
v 3.68970500 -14.30347500 4.02295900
v 3.68970500 -14.30347500 4.02295900
v 3.68970500 -14.30347500 4.02295900
v 3.69472500 -14.30347500 4.02161400
v 3.69472500 -14.30347500 4.02161400
v 3.69840000 -14.30347500 4.01793900
v 3.69840000 -14.30347500 4.01793900
v 3.69974400 -14.30347500 4.01291900
v 3.69974400 -14.30347500 4.01291900
v 3.69840000 -14.30347500 4.00789900
v 3.69840000 -14.30347500 4.00789900
v 3.69472500 -14.30347500 4.00422400
v 3.69472500 -14.30347500 4.00422400
v 3.68970500 -14.30347600 4.00287900
v 3.68970500 -14.30347600 4.00287900
v 3.68468500 -14.30347600 4.00422400
v 3.68468500 -14.30347600 4.00422400
v 3.68101000 -14.30347600 4.00789900
v 3.68101000 -14.30347600 4.00789900
v 3.68230400 -14.24199100 3.98909300
v 3.68230400 -14.24199100 3.98909300
v 3.68230400 -14.29345000 3.98909300
v 3.68230400 -14.29345000 3.98909300
v 3.68230400 -14.24199100 4.03674600
v 3.68230400 -14.24199100 4.03674600
v 3.68230400 -14.29345000 4.03674600
v 3.68230400 -14.29345000 4.03674600
v 3.69710500 -14.24199100 3.98909300
v 3.69710500 -14.24199100 3.98909300
v 3.69710500 -14.29345000 3.98909300
v 3.69710500 -14.29345000 3.98909300
v 3.69710600 -14.24199100 4.03674600
v 3.69710600 -14.24199100 4.03674600
v 3.69710600 -14.29345000 4.03674600
v 3.69710600 -14.29345000 4.03674600
v 3.68230400 -13.00558600 3.98909200
v 3.68230400 -13.00558600 3.98909200
v 3.68230400 -13.05704400 3.98909200
v 3.68230400 -13.05704400 3.98909200
v 3.68230500 -13.00558600 4.03674600
v 3.68230500 -13.00558600 4.03674600
v 3.68230500 -13.05704400 4.03674600
v 3.68230500 -13.05704400 4.03674600
v 3.69710600 -13.00558600 3.98909200
v 3.69710600 -13.00558600 3.98909200
v 3.69710600 -13.05704400 3.98909200
v 3.69710600 -13.05704400 3.98909200
v 3.69710600 -13.00558600 4.03674600
v 3.69710600 -13.00558600 4.03674600
v 3.69710600 -13.05704400 4.03674600
v 3.69710600 -13.05704400 4.03674600
v 3.67966600 -12.99556000 4.01291800
v 3.67966600 -12.99556000 4.01291800
v 3.68101000 -12.99556000 4.01793900
v 3.68101000 -12.99556000 4.01793900
v 3.68468500 -12.99556000 4.02161400
v 3.68468500 -12.99556000 4.02161400
v 3.68970500 -12.99556000 4.02295900
v 3.68970500 -12.99556000 4.02295900
v 3.68970500 -12.99556000 4.02295900
v 3.69472500 -12.99556000 4.02161400
v 3.69472500 -12.99556000 4.02161400
v 3.69840000 -12.99556000 4.01793900
v 3.69840000 -12.99556000 4.01793900
v 3.69974500 -12.99556000 4.01291800
v 3.69974500 -12.99556000 4.01291800
v 3.69840000 -12.99556000 4.00789900
v 3.69840000 -12.99556000 4.00789900
v 3.69472500 -12.99556000 4.00422400
v 3.69472500 -12.99556000 4.00422400
v 3.68970500 -12.99556000 4.00287900
v 3.68970500 -12.99556000 4.00287900
v 3.68468500 -12.99556000 4.00422400
v 3.68468500 -12.99556000 4.00422400
v 3.68101000 -12.99556000 4.00789900
v 3.68101000 -12.99556000 4.00789900
v 3.67966500 -13.16292900 4.01291900
v 3.67966500 -13.16292900 4.01291900
v 3.68101000 -13.16292900 4.01793900
v 3.68101000 -13.16292900 4.01793900
v 3.68468500 -13.16292900 4.02161400
v 3.68468500 -13.16292900 4.02161400
v 3.68970500 -13.16292900 4.02295900
v 3.68970500 -13.16292900 4.02295900
v 3.68970500 -13.16292900 4.02295900
v 3.69472500 -13.16292900 4.02161400
v 3.69472500 -13.16292900 4.02161400
v 3.69840000 -13.16292900 4.01793900
v 3.69840000 -13.16292900 4.01793900
v 3.69974500 -13.16292900 4.01291900
v 3.69974500 -13.16292900 4.01291900
v 3.69840000 -13.16292900 4.00789900
v 3.69840000 -13.16292900 4.00789900
v 3.69472500 -13.16292900 4.00422400
v 3.69472500 -13.16292900 4.00422400
v 3.68970500 -13.16292900 4.00287900
v 3.68970500 -13.16292900 4.00287900
v 3.68468500 -13.16292900 4.00422400
v 3.68468500 -13.16292900 4.00422400
v 3.68101000 -13.16292900 4.00789900
v 3.68101000 -13.16292900 4.00789900
v 3.68230400 -13.10144300 3.98909200
v 3.68230400 -13.10144300 3.98909200
v 3.68230400 -13.15290300 3.98909200
v 3.68230400 -13.15290300 3.98909200
v 3.68230500 -13.10144300 4.03674600
v 3.68230500 -13.10144300 4.03674600
v 3.68230500 -13.15290300 4.03674600
v 3.68230500 -13.15290300 4.03674600
v 3.69710600 -13.10144300 3.98909200
v 3.69710600 -13.10144300 3.98909200
v 3.69710600 -13.15290300 3.98909200
v 3.69710600 -13.15290300 3.98909200
v 3.69710600 -13.10144300 4.03674600
v 3.69710600 -13.10144300 4.03674600
v 3.69710600 -13.15290300 4.03674600
v 3.69710600 -13.15290300 4.03674600
v 3.68230700 -13.00558400 5.57135800
v 3.68230700 -13.00558400 5.57135800
v 3.68230700 -13.05704200 5.57135800
v 3.68230700 -13.05704200 5.57135800
v 3.68230700 -13.00558400 5.61901200
v 3.68230700 -13.00558400 5.61901200
v 3.68230700 -13.05704200 5.61901200
v 3.68230700 -13.05704200 5.61901200
v 3.69710900 -13.00558400 5.57135800
v 3.69710900 -13.00558400 5.57135800
v 3.69710900 -13.05704200 5.57135800
v 3.69710900 -13.05704200 5.57135800
v 3.69710900 -13.00558400 5.61901200
v 3.69710900 -13.00558400 5.61901200
v 3.69710900 -13.05704200 5.61901200
v 3.69710900 -13.05704200 5.61901200
v 3.67966800 -12.99555800 5.59518500
v 3.67966800 -12.99555800 5.59518500
v 3.68101400 -12.99555800 5.60020500
v 3.68101400 -12.99555800 5.60020500
v 3.68468800 -12.99555800 5.60387900
v 3.68468800 -12.99555800 5.60387900
v 3.68970800 -12.99555800 5.60522500
v 3.68970800 -12.99555800 5.60522500
v 3.68970800 -12.99555800 5.60522500
v 3.69472800 -12.99555800 5.60387900
v 3.69472800 -12.99555800 5.60387900
v 3.69840300 -12.99555800 5.60020500
v 3.69840300 -12.99555800 5.60020500
v 3.69974800 -12.99555800 5.59518500
v 3.69974800 -12.99555800 5.59518500
v 3.69840300 -12.99555800 5.59016500
v 3.69840300 -12.99555800 5.59016500
v 3.69472800 -12.99555800 5.58649000
v 3.69472800 -12.99555800 5.58649000
v 3.68970800 -12.99555800 5.58514500
v 3.68970800 -12.99555800 5.58514500
v 3.68468800 -12.99555800 5.58649000
v 3.68468800 -12.99555800 5.58649000
v 3.68101400 -12.99555800 5.59016500
v 3.68101400 -12.99555800 5.59016500
v 3.67966800 -13.16292700 5.59518500
v 3.67966800 -13.16292700 5.59518500
v 3.68101300 -13.16292700 5.60020500
v 3.68101300 -13.16292700 5.60020500
v 3.68468800 -13.16292700 5.60387900
v 3.68468800 -13.16292700 5.60387900
v 3.68970800 -13.16292700 5.60522500
v 3.68970800 -13.16292700 5.60522500
v 3.68970800 -13.16292700 5.60522500
v 3.69472800 -13.16292700 5.60387900
v 3.69472800 -13.16292700 5.60387900
v 3.69840300 -13.16292700 5.60020500
v 3.69840300 -13.16292700 5.60020500
v 3.69974800 -13.16292700 5.59518500
v 3.69974800 -13.16292700 5.59518500
v 3.69840300 -13.16292700 5.59016500
v 3.69840300 -13.16292700 5.59016500
v 3.69472800 -13.16292700 5.58649000
v 3.69472800 -13.16292700 5.58649000
v 3.68970800 -13.16292700 5.58514500
v 3.68970800 -13.16292700 5.58514500
v 3.68468800 -13.16292700 5.58649000
v 3.68468800 -13.16292700 5.58649000
v 3.68101300 -13.16292700 5.59016500
v 3.68101300 -13.16292700 5.59016500
v 3.68230700 -13.10144100 5.57135800
v 3.68230700 -13.10144100 5.57135800
v 3.68230700 -13.15290100 5.57135800
v 3.68230700 -13.15290100 5.57135800
v 3.68230700 -13.10144100 5.61901100
v 3.68230700 -13.10144100 5.61901100
v 3.68230700 -13.15290100 5.61901100
v 3.68230700 -13.15290100 5.61901100
v 3.69710900 -13.10144100 5.57135800
v 3.69710900 -13.10144100 5.57135800
v 3.69710900 -13.15290100 5.57135800
v 3.69710900 -13.15290100 5.57135800
v 3.69710900 -13.10144100 5.61901100
v 3.69710900 -13.10144100 5.61901100
v 3.69710900 -13.15290100 5.61901100
v 3.69710900 -13.15290100 5.61901100
v 3.68068100 -14.31884700 4.03474400
v 3.68068100 -14.31884700 4.03474400
v 3.68068100 -14.31884700 4.03474400
v 3.68068200 -12.98019500 4.03474300
v 3.68068200 -12.98019500 4.03474300
v 3.68068200 -12.98019500 4.03474300
v 3.68068400 -14.31884600 5.57419300
v 3.68068400 -14.31884600 5.57419300
v 3.68068400 -14.31884600 5.57419300
v 3.68068400 -12.98019400 5.57419300
v 3.68068400 -12.98019400 5.57419300
v 3.68068400 -12.98019400 5.57419300
v 3.69872700 -14.31884700 4.03474400
v 3.69872700 -14.31884700 4.03474400
v 3.69872700 -14.31884700 4.03474400
v 3.69872800 -12.98019500 4.03474300
v 3.69872800 -12.98019500 4.03474300
v 3.69872800 -12.98019500 4.03474300
v 3.69873000 -14.31884600 5.57419300
v 3.69873000 -14.31884600 5.57419300
v 3.69873000 -14.31884600 5.57419300
v 3.69873000 -12.98019400 5.57419300
v 3.69873000 -12.98019400 5.57419300
v 3.69873000 -12.98019400 5.57419300
vn -0.96590000 -0.25880000 -0.00000000
vn -0.70710000 -0.70710000 -0.00000000
vn -0.25880000 -0.96590000 -0.00000000
vn 0.25880000 -0.96590000 -0.00000000
vn 0.70710000 -0.70710000 -0.00000000
vn 0.96590000 -0.25880000 -0.00000000
vn -0.96590000 -0.25880000 -0.00000000
vn -0.00000000 -0.00000000 1.00000000
vn -0.70710000 -0.70710000 -0.00000000
vn -0.00000000 -0.00000000 1.00000000
vn -0.17190000 -0.98510000 -0.00000000
vn -0.00000000 -0.00000000 1.00000000
vn -1.00000000 -0.00000000 -0.00000000
vn 0.17190000 -0.98510000 -0.00000000
vn -0.00000000 -0.00000000 1.00000000
vn 1.00000000 -0.00000000 -0.00000000
vn 0.70710000 -0.70710000 -0.00000000
vn -0.00000000 -0.00000000 1.00000000
vn -0.00000000 -0.00000000 1.00000000
vn 0.96590000 -0.25880000 -0.00000000
vn -1.00000000 -0.00000000 -0.00000000
vn -0.00000000 -0.99510000 0.09850000
vn 1.00000000 -0.00000000 -0.00000000
vn -0.00000000 -0.99510000 0.09850000
vn -0.00000000 -0.09850000 0.99510000
vn -1.00000000 -0.00000000 -0.00000000
vn -0.00000000 -0.09850000 0.99510000
vn 1.00000000 -0.00000000 -0.00000000
vn -1.00000000 -0.00000000 -0.00000000
vn -0.00000000 -0.88170000 0.47190000
vn -1.00000000 -0.00000000 -0.00000000
vn -0.00000000 -0.47190000 0.88170000
vn 1.00000000 -0.00000000 -0.00000000
vn -0.00000000 -0.47190000 0.88170000
vn -0.00000000 -0.88170000 0.47190000
vn 1.00000000 -0.00000000 -0.00000000
vn 0.99480000 -0.09110000 -0.04610000
vn 0.99550000 0.08490000 0.04270000
vn -0.00000000 -0.89270000 -0.45070000
vn -0.00000000 0.89320000 0.44960000
vn -0.00000000 0.89320000 0.44960000
vn -0.00000000 0.09920000 -0.99510000
vn 0.99150000 -0.11600000 -0.05860000
vn -0.00010000 0.09860000 -0.99510000
vn -0.00000000 0.09920000 -0.99510000
vn -0.00000000 -0.89270000 -0.45060000
vn -0.99670000 0.07240000 0.03640000
vn -0.00040000 0.09870000 -0.99510000
vn 0.99650000 0.08210000 -0.01340000
vn 0.00870000 -0.01450000 0.99990000
vn 0.02340000 -0.99820000 -0.05490000
vn 0.00890000 -0.01450000 0.99990000
vn -0.99130000 -0.11760000 0.05940000
vn 0.00890000 -0.01440000 0.99990000
vn 0.00860000 -0.01440000 0.99990000
vn -0.13150000 0.99000000 0.05170000
vn -0.13150000 0.99000000 0.05170000
vn -0.00020000 0.09870000 -0.99510000
vn 0.99650000 -0.08290000 0.00560000
vn 0.09040000 0.99500000 0.04340000
vn 0.00010000 0.09920000 -0.99510000
vn -0.00040000 0.09870000 -0.99510000
vn -0.99290000 0.11030000 0.04490000
vn -0.11050000 -0.99280000 -0.04600000
vn 0.00010000 0.09910000 -0.99510000
vn -0.00000000 0.89320000 0.44970000
vn -0.00000000 0.89320000 0.44970000
vn -0.99550000 0.08490000 0.04260000
vn -0.99480000 -0.09110000 -0.04610000
vn 0.00060000 0.09860000 -0.99510000
vn 0.99670000 0.07240000 0.03630000
vn -0.99150000 -0.11600000 -0.05860000
vn 0.00030000 0.09860000 -0.99510000
vn 0.06860000 0.99700000 0.03650000
vn 0.00860000 -0.01450000 0.99990000
vn 0.00890000 -0.01450000 0.99990000
vn 0.99080000 -0.13380000 0.02180000
vn -0.16780000 -0.98550000 -0.02710000
vn 0.00890000 -0.01440000 0.99990000
vn 0.00870000 -0.01440000 0.99990000
vn -0.99770000 0.06390000 0.02090000
vn 0.09770000 -0.99280000 -0.06980000
vn -0.00010000 0.09910000 -0.99510000
vn 0.00030000 0.09870000 -0.99510000
vn 0.99130000 0.12740000 -0.03340000
vn -0.10020000 0.99320000 0.05950000
vn -0.10020000 0.99320000 0.05950000
vn -0.00010000 0.09920000 -0.99510000
vn 0.00010000 0.09870000 -0.99510000
vn -0.99350000 -0.08090000 0.07980000
vn 0.87700000 -0.42870000 -0.21680000
vn 0.46690000 -0.78930000 -0.39870000
vn 0.47570000 0.78570000 0.39550000
vn 0.88580000 0.41460000 0.20860000
vn -0.88570000 0.41470000 0.20860000
vn -0.47570000 0.78570000 0.39550000
vn -0.46690000 -0.78930000 -0.39870000
vn -0.87700000 -0.42870000 -0.21680000
vn 0.00020000 0.09900000 -0.99510000
vn 0.47630000 0.78550000 0.39510000
vn 0.89790000 0.39330000 0.19760000
vn 0.00050000 0.09880000 -0.99510000
vn -0.00020000 0.09870000 -0.99510000
vn 0.83670000 -0.48890000 -0.24690000
vn -0.00020000 0.09890000 -0.99510000
vn 0.42160000 -0.80950000 -0.40860000
vn 0.00020000 0.09900000 -0.99510000
vn -0.42160000 -0.80950000 -0.40860000
vn -0.83670000 -0.48890000 -0.24690000
vn 0.00030000 0.09870000 -0.99510000
vn -0.89790000 0.39330000 0.19770000
vn -0.00040000 0.09870000 -0.99510000
vn -0.47630000 0.78550000 0.39510000
vn -0.00020000 0.09900000 -0.99510000
vn 0.88910000 0.45720000 -0.01930000
vn 0.00870000 -0.01450000 0.99990000
vn 0.46360000 0.88600000 0.00940000
vn 0.00870000 -0.01450000 0.99990000
vn 0.40020000 -0.91500000 -0.05030000
vn 0.00890000 -0.01450000 0.99990000
vn 0.00890000 -0.01450000 0.99990000
vn 0.85200000 -0.52350000 -0.00840000
vn -0.87560000 -0.47930000 0.05960000
vn 0.00890000 -0.01440000 0.99990000
vn 0.00890000 -0.01440000 0.99990000
vn -0.50230000 -0.86450000 0.01660000
vn -0.50550000 0.86120000 0.05270000
vn 0.00870000 -0.01440000 0.99990000
vn 0.00860000 -0.01430000 0.99990000
vn -0.90000000 0.43450000 0.03440000
vn 0.89180000 -0.45230000 -0.01040000
vn -0.00020000 0.09880000 -0.99510000
vn -0.00020000 0.09890000 -0.99510000
vn 0.48200000 -0.87450000 -0.05460000
vn 0.00020000 0.09900000 -0.99510000
vn 0.45800000 0.88890000 0.01120000
vn 0.00030000 0.09890000 -0.99510000
vn 0.87120000 0.49040000 -0.02430000
vn -0.00030000 0.09890000 -0.99510000
vn -0.87460000 0.48260000 0.04660000
vn -0.46890000 0.88120000 0.06070000
vn -0.00020000 0.09900000 -0.99510000
vn -0.48910000 -0.87220000 0.00880000
vn 0.00020000 0.09890000 -0.99510000
vn -0.88590000 -0.45940000 0.06420000
vn 0.00020000 0.09880000 -0.99510000
vn 0.00890000 -0.01450000 0.99990000
vn 0.00870000 -0.01450000 0.99990000
vn 0.00890000 -0.01440000 0.99990000
vn 0.00870000 -0.01440000 0.99990000
vn 0.00890000 -0.01450000 0.99990000
vn 0.00870000 -0.01450000 0.99990000
vn 0.00890000 -0.01440000 0.99990000
vn 0.00870000 -0.01440000 0.99990000
vn -1.00000000 -0.00000000 -0.00000000
vn -1.00000000 -0.00000000 -0.00000000
vn -0.00000000 -0.00000000 1.00000000
vn -0.00000000 -0.00000000 1.00000000
vn -1.00000000 -0.00000000 -0.00000000
vn -0.00000000 -0.00000000 1.00000000
vn -1.00000000 -0.00000000 -0.00000000
vn -0.00000000 -0.00000000 1.00000000
vn -0.00000000 -0.00000000 -1.00000000
vn 1.00000000 -0.00000000 -0.00000000
vn 1.00000000 -0.00000000 -0.00000000
vn -0.00000000 -0.00000000 1.00000000
vn -1.00000000 -0.00000000 -0.00000000
vn -0.00000000 -0.00000000 1.00000000
vn -0.00000000 -0.00000000 -1.00000000
vn -1.00000000 -0.00000000 -0.00000000
vn -0.00000000 -0.00000000 -1.00000000
vn 1.00000000 -0.00000000 -0.00000000
vn 1.00000000 -0.00000000 -0.00000000
vn -0.00000000 -0.00000000 1.00000000
vn -0.00000000 -0.00000000 1.00000000
vn -1.00000000 -0.00000000 -0.00000000
vn -1.00000000 -0.00000000 -0.00000000
vn -0.00000000 -0.00000000 -1.00000000
vn 1.00000000 -0.00000000 -0.00000000
vn -0.00000000 -0.00000000 -1.00000000
vn 0.82290000 -0.56820000 -0.00000000
vn 1.00000000 -0.00000000 -0.00000000
vn 0.82290000 -0.56820000 -0.00000000
vn -0.00000000 -0.00000000 1.00000000
vn -0.82290000 0.56820000 -0.00000000
vn -0.00000000 -0.00000000 1.00000000
vn -1.00000000 -0.00000000 -0.00000000
vn -1.00000000 -0.00000000 -0.00000000
vn -0.82290000 0.56820000 -0.00000000
vn -0.00000000 -0.00000000 -1.00000000
vn 0.82290000 -0.56820000 -0.00000000
vn -0.00000000 -0.00000000 1.00000000
vn 1.00000000 -0.00000000 -0.00000000
vn 0.82290000 -0.56820000 -0.00000000
vn -0.00000000 -0.00000000 -1.00000000
vn 1.00000000 -0.00000000 -0.00000000
vn -0.82290000 0.56820000 -0.00000000
vn -0.00000000 -0.00000000 -1.00000000
vn -1.00000000 -0.00000000 -0.00000000
vn -0.82290000 0.56820000 -0.00000000
vn -0.00000000 -0.00000000 1.00000000
vn -1.00000000 -0.00000000 -0.00000000
vn -0.96590000 0.25880000 -0.00000000
vn -0.70710000 0.70710000 -0.00000000
vn -0.70710000 0.70710000 -0.00000000
vn -0.00000000 -0.00000000 1.00000000
vn -0.00000000 -0.00000000 1.00000000
vn -0.96590000 0.25880000 -0.00000000
vn -0.25880000 0.96590000 -0.00000000
vn -0.17190000 0.98510000 -0.00000000
vn -1.00000000 -0.00000000 -0.00000000
vn -0.00000000 -0.00000000 1.00000000
vn 0.25880000 0.96590000 -0.00000000
vn 1.00000000 -0.00000000 -0.00000000
vn 0.17190000 0.98510000 -0.00000000
vn -0.00000000 -0.00000000 1.00000000
vn 0.70710000 0.70710000 -0.00000000
vn 0.70710000 0.70710000 -0.00000000
vn -0.00000000 -0.00000000 1.00000000
vn 0.96590000 0.25880000 -0.00000000
vn -0.00000000 -0.00000000 1.00000000
vn 0.96590000 0.25880000 -0.00000000
vn 1.00000000 -0.00000000 -0.00000000
vn 1.00000000 -0.00000000 -0.00000000
vn 1.00000000 -0.00000000 -0.00000000
vn 1.00000000 -0.00000000 -0.00000000
vn -0.00000000 -0.00000000 1.00000000
vn -0.00000000 0.99510000 0.09850000
vn 1.00000000 -0.00000000 -0.00000000
vn -1.00000000 -0.00000000 -0.00000000
vn -0.00000000 0.99510000 0.09850000
vn -1.00000000 -0.00000000 -0.00000000
vn -0.00000000 0.09850000 0.99510000
vn -0.00000000 0.47190000 0.88170000
vn -1.00000000 -0.00000000 -0.00000000
vn 1.00000000 -0.00000000 -0.00000000
vn -0.00000000 0.47190000 0.88170000
vn -0.00000000 0.09850000 0.99510000
vn 1.00000000 -0.00000000 -0.00000000
vn -1.00000000 -0.00000000 -0.00000000
vn -0.00000000 0.88170000 0.47190000
vn 1.00000000 -0.00000000 -0.00000000
vn -0.00000000 0.88170000 0.47190000
vn 0.00880000 0.01450000 0.99990000
vn 0.99080000 0.13380000 0.02180000
vn -0.00020000 -0.09870000 -0.99510000
vn 0.99650000 0.08280000 0.00560000
vn 0.00030000 -0.09870000 -0.99510000
vn 0.99130000 -0.12740000 -0.03340000
vn 0.99650000 -0.08210000 -0.01340000
vn 0.00870000 0.01450000 0.99990000
vn 0.06860000 -0.99700000 0.03650000
vn 0.06860000 -0.99700000 0.03650000
vn 0.00860000 0.01450000 0.99990000
vn 0.00010000 -0.09920000 -0.99510000
vn 0.09040000 -0.99500000 0.04340000
vn 0.09040000 -0.99500000 0.04340000
vn -0.00010000 -0.09920000 -0.99510000
vn -0.10020000 -0.99320000 0.05950000
vn -0.13150000 -0.99000000 0.05170000
vn 0.00860000 0.01440000 0.99990000
vn -0.99770000 -0.06390000 0.02090000
vn 0.00870000 0.01430000 0.99990000
vn -0.99290000 -0.11030000 0.04490000
vn -0.00040000 -0.09870000 -0.99510000
vn 0.00010000 -0.09870000 -0.99510000
vn -0.99350000 0.08090000 0.07980000
vn 0.00890000 0.01430000 0.99990000
vn -0.99130000 0.11760000 0.05940000
vn 0.00890000 0.01440000 0.99990000
vn -0.16780000 0.98550000 -0.02710000
vn 0.00010000 -0.09910000 -0.99510000
vn -0.11050000 0.99280000 -0.04600000
vn -0.00010000 -0.09910000 -0.99510000
vn 0.09770000 0.99280000 -0.06980000
vn 0.00890000 0.01440000 0.99990000
vn 0.02340000 0.99820000 -0.05490000
vn -0.99550000 -0.08490000 0.04260000
vn -0.88570000 -0.41470000 0.20860000
vn -0.47570000 -0.78570000 0.39550000
vn -0.00000000 -0.89320000 0.44970000
vn -0.00000000 -0.89320000 0.44970000
vn 0.47570000 -0.78570000 0.39550000
vn 0.88580000 -0.41460000 0.20860000
vn 0.99550000 -0.08500000 0.04270000
vn 0.99480000 0.09110000 -0.04610000
vn 0.87700000 0.42870000 -0.21680000
vn 0.46690000 0.78930000 -0.39870000
vn -0.00000000 0.89270000 -0.45070000
vn -0.46690000 0.78930000 -0.39870000
vn -0.87700000 0.42870000 -0.21680000
vn -0.99480000 0.09110000 -0.04610000
vn -0.00010000 -0.09860000 -0.99510000
vn 0.99150000 0.11600000 -0.05860000
vn 0.00060000 -0.09860000 -0.99510000
vn 0.99670000 -0.07240000 0.03630000
vn -0.00040000 -0.09870000 -0.99510000
vn -0.99670000 -0.07240000 0.03640000
vn -0.99150000 0.11600000 -0.05860000
vn 0.00030000 -0.09860000 -0.99510000
vn -0.00000000 -0.09920000 -0.99510000
vn -0.00000000 -0.89320000 0.44960000
vn -0.00000000 -0.89320000 0.44960000
vn -0.00000000 0.89270000 -0.45060000
vn -0.00000000 -0.09920000 -0.99510000
vn 0.85200000 0.52350000 -0.00840000
vn 0.00890000 0.01450000 0.99990000
vn 0.89180000 0.45230000 -0.01040000
vn -0.00020000 -0.09880000 -0.99510000
vn 0.00050000 -0.09880000 -0.99510000
vn 0.89790000 -0.39330000 0.19760000
vn -0.47630000 -0.78550000 0.39510000
vn -0.00020000 -0.09900000 -0.99510000
vn 0.00030000 -0.09870000 -0.99510000
vn -0.83670000 0.48890000 -0.24690000
vn 0.00030000 -0.09890000 -0.99510000
vn 0.87120000 -0.49040000 -0.02430000
vn 0.88910000 -0.45730000 -0.01930000
vn 0.00870000 0.01450000 0.99990000
vn 0.83670000 0.48890000 -0.24690000
vn -0.00020000 -0.09870000 -0.99510000
vn -0.88590000 0.45940000 0.06420000
vn 0.00020000 -0.09880000 -0.99510000
vn -0.87560000 0.47930000 0.05960000
vn 0.00890000 0.01440000 0.99990000
vn -0.46890000 -0.88120000 0.06070000
vn -0.00020000 -0.09900000 -0.99510000
vn 0.00870000 0.01440000 0.99990000
vn -0.50550000 -0.86120000 0.05270000
vn -0.00010000 -0.09890000 -0.99510000
vn 0.42160000 0.80950000 -0.40860000
vn 0.48200000 0.87450000 -0.05460000
vn -0.00020000 -0.09900000 -0.99510000
vn 0.40020000 0.91500000 -0.05030000
vn 0.00890000 0.01450000 0.99990000
vn 0.47630000 -0.78550000 0.39510000
vn 0.00020000 -0.09900000 -0.99510000
vn -0.00040000 -0.09870000 -0.99510000
vn -0.89790000 -0.39330000 0.19770000
vn -0.42160000 0.80950000 -0.40860000
vn 0.00020000 -0.09900000 -0.99510000
vn 0.45790000 -0.88890000 0.01120000
vn 0.00020000 -0.09900000 -0.99510000
vn 0.46360000 -0.88600000 0.00940000
vn 0.00870000 0.01450000 0.99990000
vn -0.48910000 0.87220000 0.00880000
vn 0.00020000 -0.09890000 -0.99510000
vn -0.50230000 0.86450000 0.01660000
vn 0.00890000 0.01440000 0.99990000
vn -0.87460000 -0.48260000 0.04660000
vn -0.00040000 -0.09890000 -0.99510000
vn 0.00860000 0.01440000 0.99990000
vn -0.90000000 -0.43450000 0.03440000
vn 0.00870000 0.01440000 0.99990000
vn 0.00890000 0.01440000 0.99990000
vn 0.00890000 0.01450000 0.99990000
vn 0.00870000 0.01450000 0.99990000
vn 0.00890000 0.01440000 0.99990000
vn 0.00870000 0.01440000 0.99990000
vn 0.00890000 0.01450000 0.99990000
vn 0.00870000 0.01450000 0.99990000
vn -1.00000000 -0.00000000 -0.00000000
vn -1.00000000 -0.00000000 -0.00000000
vn 1.00000000 -0.00000000 -0.00000000
vn -0.00000000 -0.00000000 1.00000000
vn 1.00000000 -0.00000000 -0.00000000
vn -0.00000000 -0.00000000 1.00000000
vn -0.00000000 -0.00000000 1.00000000
vn 1.00000000 -0.00000000 -0.00000000
vn -0.00000000 -0.00000000 -1.00000000
vn -0.00000000 -0.00000000 -1.00000000
vn 1.00000000 -0.00000000 -0.00000000
vn 0.82290000 0.56820000 -0.00000000
vn 0.82290000 0.56820000 -0.00000000
vn -0.00000000 -0.00000000 1.00000000
vn 1.00000000 -0.00000000 -0.00000000
vn -0.00000000 -0.00000000 1.00000000
vn 1.00000000 -0.00000000 -0.00000000
vn -0.82290000 -0.56820000 -0.00000000
vn -1.00000000 -0.00000000 -0.00000000
vn -0.00000000 -0.00000000 1.00000000
vn -0.00000000 -0.00000000 1.00000000
vn -1.00000000 -0.00000000 -0.00000000
vn -1.00000000 -0.00000000 -0.00000000
vn -0.82290000 -0.56820000 -0.00000000
vn -0.00000000 -0.00000000 -1.00000000
vn -1.00000000 -0.00000000 -0.00000000
vn -0.00000000 -0.00000000 -1.00000000
vn -0.00000000 -0.00000000 -1.00000000
vn 1.00000000 -0.00000000 -0.00000000
vn 0.82290000 0.56820000 -0.00000000
vn 1.00000000 -0.00000000 -0.00000000
vn -0.00000000 -0.00000000 1.00000000
vn 0.82290000 0.56820000 -0.00000000
vn -0.82290000 -0.56820000 -0.00000000
vn -0.00000000 -0.00000000 1.00000000
vn -1.00000000 -0.00000000 -0.00000000
vn -0.82290000 -0.56820000 -0.00000000
vn -0.00000000 -0.00000000 -1.00000000
vn -1.00000000 -0.00000000 -0.00000000
vn -0.00000000 -1.00000000 -0.00000000
vn -1.00000000 -0.00000000 -0.00000000
vn -0.00000000 -0.00000000 -1.00000000
vn -1.00000000 -0.00000000 -0.00000000
vn -0.00000000 1.00000000 -0.00000000
vn -0.00000000 -0.00000000 -1.00000000
vn -1.00000000 -0.00000000 -0.00000000
vn -0.00000000 -0.00000000 1.00000000
vn -0.00000000 -1.00000000 -0.00000000
vn -1.00000000 -0.00000000 -0.00000000
vn -0.00000000 -0.00000000 1.00000000
vn -0.00000000 1.00000000 -0.00000000
vn -0.00000000 -1.00000000 -0.00000000
vn -0.00000000 -0.00000000 -1.00000000
vn 1.00000000 -0.00000000 -0.00000000
vn -0.00000000 1.00000000 -0.00000000
vn -0.00000000 -0.00000000 -1.00000000
vn 1.00000000 -0.00000000 -0.00000000
vn -0.00000000 -0.00000000 1.00000000
vn -0.00000000 -1.00000000 -0.00000000
vn 1.00000000 -0.00000000 -0.00000000
vn -0.00000000 -0.00000000 1.00000000
vn 1.00000000 -0.00000000 -0.00000000
vn -0.00000000 1.00000000 -0.00000000
vn -0.00000000 -1.00000000 -0.00000000
vn -1.00000000 -0.00000000 -0.00000000
vn -0.00000000 -0.00000000 -1.00000000
vn -0.00000000 1.00000000 -0.00000000
vn -0.00000000 -0.00000000 -1.00000000
vn -1.00000000 -0.00000000 -0.00000000
vn -0.00000000 -0.00000000 1.00000000
vn -1.00000000 -0.00000000 -0.00000000
vn -0.00000000 -1.00000000 -0.00000000
vn -0.00000000 1.00000000 -0.00000000
vn -0.00000000 -0.00000000 1.00000000
vn -1.00000000 -0.00000000 -0.00000000
vn -0.00000000 -0.00000000 -1.00000000
vn -0.00000000 -1.00000000 -0.00000000
vn 1.00000000 -0.00000000 -0.00000000
vn 1.00000000 -0.00000000 -0.00000000
vn -0.00000000 1.00000000 -0.00000000
vn -0.00000000 -0.00000000 -1.00000000
vn 1.00000000 -0.00000000 -0.00000000
vn -0.00000000 -0.00000000 1.00000000
vn -0.00000000 -1.00000000 -0.00000000
vn 1.00000000 -0.00000000 -0.00000000
vn -0.00000000 1.00000000 -0.00000000
vn -0.00000000 -0.00000000 1.00000000
vn -0.00000000 -1.00000000 -0.00000000
vn 1.00000000 -0.00000000 -0.00000000
vn -0.00000000 1.00000000 -0.00000000
vn 1.00000000 -0.00000000 -0.00000000
vn 1.00000000 -0.00000000 -0.00000000
vn -0.00000000 -1.00000000 -0.00000000
vn -0.00000000 1.00000000 -0.00000000
vn 1.00000000 -0.00000000 -0.00000000
vn -1.00000000 -0.00000000 -0.00000000
vn -0.00000000 -1.00000000 -0.00000000
vn -1.00000000 -0.00000000 -0.00000000
vn -0.00000000 1.00000000 -0.00000000
vn -0.00000000 -1.00000000 -0.00000000
vn -1.00000000 -0.00000000 -0.00000000
vn -0.00000000 1.00000000 -0.00000000
vn -1.00000000 -0.00000000 -0.00000000
vn -0.00000000 -1.00000000 -0.00000000
vn 1.00000000 -0.00000000 -0.00000000
vn 0.86600000 -0.00000000 -0.50000000
vn -0.00000000 -1.00000000 -0.00000000
vn -0.00000000 -1.00000000 -0.00000000
vn 0.50000000 -0.00000000 -0.86600000
vn -0.00010000 -1.00000000 -0.00000000
vn -0.00000000 -0.00000000 -1.00000000
vn -0.00000000 -0.00000000 -1.00000000
vn -0.00000000 -1.00000000 -0.00000000
vn -0.50000000 -0.00000000 -0.86600000
vn -0.86600000 -0.00000000 -0.50000000
vn -0.00000000 -1.00000000 -0.00000000
vn -1.00000000 -0.00000000 -0.00000000
vn -0.00000000 -1.00000000 -0.00000000
vn -0.00010000 -1.00000000 -0.00000000
vn -0.86600000 -0.00000000 0.50000000
vn -0.50000000 -0.00000000 0.86600000
vn -0.00000000 -1.00000000 -0.00000000
vn -0.00000000 -0.00000000 1.00000000
vn -0.00000000 -1.00000000 -0.00000000
vn -0.00000000 -1.00000000 -0.00000000
vn 0.50000000 -0.00000000 0.86600000
vn -0.00010000 -1.00000000 -0.00000000
vn 0.86600000 -0.00000000 0.50000000
vn -0.00000000 1.00000000 -0.00000000
vn 1.00000000 -0.00000000 -0.00000000
vn 0.86600000 -0.00000000 -0.50000000
vn 0.00010000 1.00000000 -0.00000000
vn -0.00000000 1.00000000 -0.00000000
vn 0.50000000 -0.00000000 -0.86600000
vn -0.00000000 -0.00000000 -1.00000000
vn 0.00010000 1.00000000 -0.00000000
vn -0.00000000 -0.00000000 -1.00000000
vn -0.00000000 1.00000000 -0.00000000
vn -0.50000000 -0.00000000 -0.86600000
vn -0.00010000 1.00000000 -0.00000000
vn -0.86600000 -0.00000000 -0.50000000
vn -0.00000000 1.00000000 -0.00000000
vn -1.00000000 -0.00000000 -0.00000000
vn -0.00000000 1.00000000 -0.00000000
vn -0.86600000 -0.00000000 0.50000000
vn -0.00000000 1.00000000 -0.00000000
vn -0.50000000 -0.00000000 0.86600000
vn 0.00010000 1.00000000 -0.00000000
vn -0.00000000 -0.00000000 1.00000000
vn -0.00000000 1.00000000 -0.00000000
vn 0.50000000 -0.00000000 0.86600000
vn 0.00010000 1.00000000 -0.00000000
vn 0.86600000 -0.00000000 0.50000000
vn 1.00000000 -0.00000000 -0.00000000
vn -0.00000000 -1.00000000 -0.00000000
vn -0.00000000 1.00000000 -0.00000000
vn 1.00000000 -0.00000000 -0.00000000
vn -0.00000000 -1.00000000 -0.00000000
vn 1.00000000 -0.00000000 -0.00000000
vn 1.00000000 -0.00000000 -0.00000000
vn -0.00000000 1.00000000 -0.00000000
vn -1.00000000 -0.00000000 -0.00000000
vn -0.00000000 -1.00000000 -0.00000000
vn -0.00000000 1.00000000 -0.00000000
vn -1.00000000 -0.00000000 -0.00000000
vn -1.00000000 -0.00000000 -0.00000000
vn -0.00000000 -1.00000000 -0.00000000
vn -0.00000000 1.00000000 -0.00000000
vn -1.00000000 -0.00000000 -0.00000000
vn 1.00000000 -0.00000000 -0.00000000
vn -0.00000000 -1.00000000 -0.00000000
vn 1.00000000 -0.00000000 -0.00000000
vn -0.00000000 1.00000000 -0.00000000
vn 1.00000000 -0.00000000 -0.00000000
vn -0.00000000 -1.00000000 -0.00000000
vn -0.00000000 1.00000000 -0.00000000
vn 1.00000000 -0.00000000 -0.00000000
vn -1.00000000 -0.00000000 -0.00000000
vn -0.00000000 -1.00000000 -0.00000000
vn -0.00000000 1.00000000 -0.00000000
vn -1.00000000 -0.00000000 -0.00000000
vn -0.00000000 -1.00000000 -0.00000000
vn -1.00000000 -0.00000000 -0.00000000
vn -0.00000000 1.00000000 -0.00000000
vn -1.00000000 -0.00000000 -0.00000000
vn -0.00000000 -1.00000000 -0.00000000
vn 1.00000000 -0.00000000 -0.00000000
vn 0.86600000 -0.00000000 -0.50000000
vn -0.00000000 -1.00000000 -0.00000000
vn -0.00000000 -1.00000000 -0.00000000
vn 0.50000000 -0.00000000 -0.86600000
vn -0.00000000 -1.00000000 -0.00000000
vn -0.00000000 -0.00000000 -1.00000000
vn -0.00000000 -0.00000000 -1.00000000
vn -0.00000000 -1.00000000 -0.00000000
vn -0.50000000 -0.00000000 -0.86600000
vn -0.86600000 -0.00000000 -0.50000000
vn -0.00010000 -1.00000000 -0.00000000
vn -0.00000000 -1.00000000 -0.00000000
vn -1.00000000 -0.00000000 -0.00000000
vn -0.86600000 -0.00000000 0.50000000
vn -0.00010000 -1.00000000 -0.00000000
vn -0.50000000 -0.00000000 0.86600000
vn -0.00000000 -1.00000000 -0.00000000
vn -0.00000000 -1.00000000 -0.00000000
vn -0.00000000 -0.00000000 1.00000000
vn -0.00000000 -1.00000000 -0.00000000
vn 0.50000000 -0.00000000 0.86600000
vn 0.86600000 -0.00000000 0.50000000
vn -0.00000000 -1.00000000 -0.00000000
vn 1.00000000 -0.00000000 -0.00000000
vn -0.00000000 1.00000000 -0.00000000
vn 0.86600000 -0.00000000 -0.50000000
vn 0.00010000 1.00000000 -0.00000000
vn 0.50000000 -0.00000000 -0.86600000
vn -0.00000000 1.00000000 -0.00000000
vn -0.00000000 1.00000000 -0.00000000
vn -0.00000000 -0.00000000 -1.00000000
vn -0.00000000 -0.00000000 -1.00000000
vn -0.00000000 1.00000000 -0.00000000
vn -0.50000000 -0.00000000 -0.86600000
vn -0.00010000 1.00000000 -0.00000000
vn -0.86600000 -0.00000000 -0.50000000
vn -0.00000000 1.00000000 -0.00000000
vn -1.00000000 -0.00000000 -0.00000000
vn -0.00010000 1.00000000 -0.00000000
vn -0.86600000 -0.00000000 0.50000000
vn -0.50000000 -0.00000000 0.86600000
vn -0.00000000 1.00000000 -0.00000000
vn -0.00000000 1.00000000 -0.00000000
vn -0.00000000 -0.00000000 1.00000000
vn 0.50000000 -0.00000000 0.86600000
vn -0.00000000 1.00000000 -0.00000000
vn 0.86600000 -0.00000000 0.50000000
vn 0.00010000 1.00000000 -0.00000000
vn -0.00000000 -1.00000000 -0.00000000
vn 1.00000000 -0.00000000 -0.00000000
vn 1.00000000 -0.00000000 -0.00000000
vn -0.00000000 1.00000000 -0.00000000
vn -0.00000000 -1.00000000 -0.00000000
vn 1.00000000 -0.00000000 -0.00000000
vn 1.00000000 -0.00000000 -0.00000000
vn -0.00000000 1.00000000 -0.00000000
vn -1.00000000 -0.00000000 -0.00000000
vn -0.00000000 -1.00000000 -0.00000000
vn -1.00000000 -0.00000000 -0.00000000
vn -0.00000000 1.00000000 -0.00000000
vn -1.00000000 -0.00000000 -0.00000000
vn -0.00000000 -1.00000000 -0.00000000
vn -0.00000000 1.00000000 -0.00000000
vn -1.00000000 -0.00000000 -0.00000000
vn 1.00000000 -0.00000000 -0.00000000
vn -0.00000000 -1.00000000 -0.00000000
vn 1.00000000 -0.00000000 -0.00000000
vn -0.00000000 1.00000000 -0.00000000
vn -0.00000000 -1.00000000 -0.00000000
vn 1.00000000 -0.00000000 -0.00000000
vn 1.00000000 -0.00000000 -0.00000000
vn -0.00000000 1.00000000 -0.00000000
vn -0.00000000 -1.00000000 -0.00000000
vn -1.00000000 -0.00000000 -0.00000000
vn -1.00000000 -0.00000000 -0.00000000
vn -0.00000000 1.00000000 -0.00000000
vn -1.00000000 -0.00000000 -0.00000000
vn -0.00000000 -1.00000000 -0.00000000
vn -0.00000000 1.00000000 -0.00000000
vn -1.00000000 -0.00000000 -0.00000000
vn 1.00000000 -0.00000000 -0.00000000
vn -0.00000000 -1.00000000 -0.00000000
vn -0.00010000 -1.00000000 -0.00000000
vn 0.86600000 -0.00000000 -0.50000000
vn -0.00000000 -1.00000000 -0.00000000
vn 0.50000000 -0.00000000 -0.86600000
vn 0.00010000 -1.00000000 -0.00000000
vn -0.00000000 -0.00000000 -1.00000000
vn -0.00000000 -0.00000000 -1.00000000
vn -0.00000000 -1.00000000 -0.00000000
vn -0.50000000 -0.00000000 -0.86600000
vn -0.86600000 -0.00000000 -0.50000000
vn -0.00010000 -1.00000000 -0.00000000
vn -0.00000000 -1.00000000 -0.00000000
vn -1.00000000 -0.00000000 -0.00000000
vn -0.86600000 -0.00000000 0.50000000
vn -0.00000000 -1.00000000 -0.00000000
vn -0.50000000 -0.00000000 0.86600000
vn -0.00000000 -1.00000000 -0.00000000
vn -0.00000000 -1.00000000 -0.00000000
vn -0.00000000 -0.00000000 1.00000000
vn -0.00000000 -1.00000000 -0.00000000
vn 0.50000000 -0.00000000 0.86600000
vn 0.86600000 -0.00000000 0.50000000
vn -0.00010000 -1.00000000 -0.00000000
vn 1.00000000 -0.00000000 -0.00000000
vn -0.00000000 1.00000000 -0.00000000
vn 0.00010000 1.00000000 -0.00000000
vn 0.86600000 -0.00000000 -0.50000000
vn 0.50000000 -0.00000000 -0.86600000
vn -0.00000000 1.00000000 -0.00000000
vn -0.00000000 -0.00000000 -1.00000000
vn -0.00000000 -0.00000000 -1.00000000
vn -0.00000000 1.00000000 -0.00000000
vn -0.50000000 -0.00000000 -0.86600000
vn -0.00000000 1.00000000 -0.00000000
vn -0.86600000 -0.00000000 -0.50000000
vn -0.00000000 1.00000000 -0.00000000
vn -1.00000000 -0.00000000 -0.00000000
vn -0.00000000 1.00000000 -0.00000000
vn -0.00000000 1.00000000 -0.00000000
vn -0.86600000 -0.00000000 0.50000000
vn -0.00000000 1.00000000 -0.00000000
vn -0.50000000 -0.00000000 0.86600000
vn 0.00010000 1.00000000 -0.00000000
vn -0.00000000 -0.00000000 1.00000000
vn 0.50000000 -0.00000000 0.86600000
vn -0.00000000 1.00000000 -0.00000000
vn -0.00000000 1.00000000 -0.00000000
vn 0.86600000 -0.00000000 0.50000000
vn -0.00000000 -1.00000000 -0.00000000
vn 1.00000000 -0.00000000 -0.00000000
vn 1.00000000 -0.00000000 -0.00000000
vn -0.00000000 1.00000000 -0.00000000
vn 1.00000000 -0.00000000 -0.00000000
vn -0.00000000 -1.00000000 -0.00000000
vn -0.00000000 1.00000000 -0.00000000
vn 1.00000000 -0.00000000 -0.00000000
vn -1.00000000 -0.00000000 -0.00000000
vn -0.00000000 -1.00000000 -0.00000000
vn -1.00000000 -0.00000000 -0.00000000
vn -0.00000000 1.00000000 -0.00000000
vn -1.00000000 -0.00000000 -0.00000000
vn -0.00000000 -1.00000000 -0.00000000
vn -0.00000000 1.00000000 -0.00000000
vn -1.00000000 -0.00000000 -0.00000000
vn 1.00000000 -0.00000000 -0.00000000
vn -0.00000000 -1.00000000 -0.00000000
vn -0.00000000 1.00000000 -0.00000000
vn 1.00000000 -0.00000000 -0.00000000
vn -0.00000000 -1.00000000 -0.00000000
vn 1.00000000 -0.00000000 -0.00000000
vn -0.00000000 1.00000000 -0.00000000
vn 1.00000000 -0.00000000 -0.00000000
vn -0.00000000 -1.00000000 -0.00000000
vn -1.00000000 -0.00000000 -0.00000000
vn -1.00000000 -0.00000000 -0.00000000
vn -0.00000000 1.00000000 -0.00000000
vn -0.00000000 -1.00000000 -0.00000000
vn -1.00000000 -0.00000000 -0.00000000
vn -1.00000000 -0.00000000 -0.00000000
vn -0.00000000 1.00000000 -0.00000000
vn -0.00000000 -1.00000000 -0.00000000
vn 1.00000000 -0.00000000 -0.00000000
vn 0.86600000 -0.00000000 -0.50000000
vn -0.00010000 -1.00000000 -0.00000000
vn 0.50000000 -0.00000000 -0.86600000
vn -0.00000000 -1.00000000 -0.00000000
vn -0.00000000 -0.00000000 -1.00000000
vn 0.00010000 -1.00000000 -0.00000000
vn -0.00000000 -0.00000000 -1.00000000
vn -0.00000000 -1.00000000 -0.00000000
vn -0.50000000 -0.00000000 -0.86600000
vn -0.00010000 -1.00000000 -0.00000000
vn -0.86600000 -0.00000000 -0.50000000
vn -0.00000000 -1.00000000 -0.00000000
vn -1.00000000 -0.00000000 -0.00000000
vn -0.86600000 -0.00000000 0.50000000
vn -0.00010000 -1.00000000 -0.00000000
vn -0.00000000 -1.00000000 -0.00000000
vn -0.50000000 -0.00000000 0.86600000
vn -0.00000000 -0.00000000 1.00000000
vn -0.00000000 -1.00000000 -0.00000000
vn -0.00000000 -1.00000000 -0.00000000
vn 0.50000000 -0.00000000 0.86600000
vn -0.00000000 -1.00000000 -0.00000000
vn 0.86600000 -0.00000000 0.50000000
vn -0.00000000 1.00000000 -0.00000000
vn 1.00000000 -0.00000000 -0.00000000
vn 0.00010000 1.00000000 -0.00000000
vn 0.86600000 -0.00000000 -0.50000000
vn -0.00000000 1.00000000 -0.00000000
vn 0.50000000 -0.00000000 -0.86600000
vn -0.00000000 -0.00000000 -1.00000000
vn -0.00000000 -0.00000000 -1.00000000
vn -0.00010000 1.00000000 -0.00000000
vn -0.50000000 -0.00000000 -0.86600000
vn -0.00000000 1.00000000 -0.00000000
vn -0.86600000 -0.00000000 -0.50000000
vn -0.00000000 1.00000000 -0.00000000
vn -0.00000000 1.00000000 -0.00000000
vn -1.00000000 -0.00000000 -0.00000000
vn -0.86600000 -0.00000000 0.50000000
vn -0.00000000 1.00000000 -0.00000000
vn -0.50000000 -0.00000000 0.86600000
vn -0.00000000 1.00000000 -0.00000000
vn -0.00000000 -0.00000000 1.00000000
vn -0.00010000 1.00000000 -0.00000000
vn 0.50000000 -0.00000000 0.86600000
vn -0.00000000 1.00000000 -0.00000000
vn 0.00010000 1.00000000 -0.00000000
vn 0.86600000 -0.00000000 0.50000000
vn -0.00000000 -1.00000000 -0.00000000
vn 1.00000000 -0.00000000 -0.00000000
vn 1.00000000 -0.00000000 -0.00000000
vn -0.00000000 1.00000000 -0.00000000
vn -0.00000000 -1.00000000 -0.00000000
vn 1.00000000 -0.00000000 -0.00000000
vn 1.00000000 -0.00000000 -0.00000000
vn -0.00000000 1.00000000 -0.00000000
vn -0.00000000 -1.00000000 -0.00000000
vn -1.00000000 -0.00000000 -0.00000000
vn -1.00000000 -0.00000000 -0.00000000
vn -0.00000000 1.00000000 -0.00000000
vn -1.00000000 -0.00000000 -0.00000000
vn -0.00000000 -1.00000000 -0.00000000
vn -0.00000000 1.00000000 -0.00000000
vn -1.00000000 -0.00000000 -0.00000000
vn -0.00000000 -0.00000000 -1.00000000
vn -1.00000000 -0.00000000 -0.00000000
vn -0.00000000 -1.00000000 -0.00000000
vn -0.00000000 1.00000000 -0.00000000
vn -1.00000000 -0.00000000 -0.00000000
vn -0.00000000 -0.00000000 -1.00000000
vn -0.00000000 -1.00000000 -0.00000000
vn -0.00000000 -0.00000000 1.00000000
vn -1.00000000 -0.00000000 -0.00000000
vn -0.00000000 1.00000000 -0.00000000
vn -1.00000000 -0.00000000 -0.00000000
vn -0.00000000 -0.00000000 1.00000000
vn 1.00000000 -0.00000000 -0.00000000
vn -0.00000000 -0.00000000 -1.00000000
vn -0.00000000 -1.00000000 -0.00000000
vn 1.00000000 -0.00000000 -0.00000000
vn -0.00000000 1.00000000 -0.00000000
vn -0.00000000 -0.00000000 -1.00000000
vn 1.00000000 -0.00000000 -0.00000000
vn -0.00000000 -0.00000000 1.00000000
vn -0.00000000 -1.00000000 -0.00000000
vn 1.00000000 -0.00000000 -0.00000000
vn -0.00000000 -0.00000000 1.00000000
vn -0.00000000 1.00000000 -0.00000000
vt 0.78959200 0.65568100
vt 0.78661500 0.65435800
vt 0.78363800 0.65303500
vt 0.78066100 0.65171200
vt 0.77768500 0.65038700
vt 0.77470900 0.64906200
vt 0.79119500 0.65207200
vt 0.50267500 0.04595400
vt 0.78821800 0.65074900
vt 0.50564300 0.04729600
vt 0.78524200 0.64942700
vt 0.50754200 0.04994200
vt 0.90960700 0.89044300
vt 0.78226600 0.64810300
vt 0.52069800 0.03080300
vt 0.74571600 0.33025700
vt 0.77929100 0.64677900
vt 0.52366600 0.03214500
vt 0.52556500 0.03479100
vt 0.77631500 0.64545400
vt 0.90060500 0.88506200
vt 0.78950400 0.63984400
vt 0.75372500 0.32348600
vt 0.78652700 0.63852000
vt 0.79087000 0.63676900
vt 0.89988100 0.88218600
vt 0.78789400 0.63544500
vt 0.75397200 0.32053000
vt 0.89972400 0.88426400
vt 0.78998600 0.63875800
vt 0.89948300 0.88330600
vt 0.79038800 0.63785500
vt 0.75454700 0.32157100
vt 0.78741100 0.63653100
vt 0.78701000 0.63743500
vt 0.75446400 0.32255600
vt 0.70975900 0.44256400
vt 0.70871200 0.44190600
vt 0.71088300 0.44324200
vt 0.73195600 0.41349700
vt 0.72489400 0.40958800
vt 0.66826900 0.01406900
vt 0.72769700 0.41016700
vt 0.66885900 0.01165600
vt 0.67002200 0.01141900
vt 0.72901200 0.41055100
vt 0.73096600 0.41260000
vt 0.66943200 0.01383300
vt 0.83493100 0.53388000
vt 0.70611800 0.45034100
vt 0.83338100 0.53755900
vt 0.70257200 0.45071800
vt 0.83254400 0.53947600
vt 0.70326900 0.45242300
vt 0.70658800 0.45223500
vt 0.83124400 0.54296300
vt 0.83579800 0.53174900
vt 0.66863600 0.01103000
vt 0.83135500 0.53502300
vt 0.83308400 0.53157900
vt 0.66758900 0.01433700
vt 0.66947500 0.01457900
vt 0.82915700 0.54088200
vt 0.83030400 0.53723300
vt 0.67070800 0.01139500
vt 0.71441500 0.44501400
vt 0.70756500 0.44122200
vt 0.71321600 0.44440200
vt 0.71208200 0.44385400
vt 0.66803000 0.01290700
vt 0.72619000 0.40995400
vt 0.73000400 0.41144700
vt 0.67025900 0.01258200
vt 0.83542800 0.53265900
vt 0.70678400 0.45127200
vt 0.70347300 0.44999100
vt 0.83389500 0.53633800
vt 0.83309100 0.53820100
vt 0.70251500 0.45142100
vt 0.70559900 0.45289100
vt 0.83169600 0.54169500
vt 0.83076900 0.53621700
vt 0.66977500 0.01077900
vt 0.66732700 0.01315900
vt 0.83251600 0.53281200
vt 0.82877600 0.54218600
vt 0.83339200 0.53079900
vt 0.66828900 0.01479900
vt 0.67092300 0.01254200
vt 0.82984100 0.53847900
vt 0.71014200 0.44280600
vt 0.71047000 0.44300700
vt 0.70797900 0.44145600
vt 0.70831800 0.44166000
vt 0.71364400 0.44461000
vt 0.71399700 0.44478800
vt 0.71130100 0.44346900
vt 0.71165500 0.44364700
vt 0.66793100 0.01373500
vt 0.72532600 0.40978600
vt 0.72571000 0.40988200
vt 0.66785100 0.01334700
vt 0.66913800 0.01131900
vt 0.72818800 0.41024600
vt 0.66958100 0.01124000
vt 0.72858100 0.41035000
vt 0.67035900 0.01175400
vt 0.72941100 0.41081100
vt 0.72969600 0.41108400
vt 0.67043800 0.01214200
vt 0.73127300 0.41296300
vt 0.66913800 0.01417000
vt 0.73155800 0.41323700
vt 0.66870900 0.01424900
vt 0.83511200 0.53344800
vt 0.70656200 0.45049300
vt 0.83525300 0.53309400
vt 0.70678400 0.45080400
vt 0.83356900 0.53712900
vt 0.70270300 0.45026500
vt 0.70300300 0.45002300
vt 0.83371600 0.53677300
vt 0.83272400 0.53902500
vt 0.70281900 0.45223800
vt 0.70256800 0.45190400
vt 0.83289100 0.53864300
vt 0.83139500 0.54251200
vt 0.70640400 0.45267300
vt 0.70607500 0.45289200
vt 0.83152900 0.54214000
vt 0.83113700 0.53544200
vt 0.66895800 0.01068500
vt 0.66933800 0.01060100
vt 0.83096700 0.53579000
vt 0.66724900 0.01400100
vt 0.83290200 0.53202200
vt 0.66716100 0.01360800
vt 0.83273400 0.53238700
vt 0.66913800 0.01490700
vt 0.82902700 0.54134200
vt 0.82891600 0.54172800
vt 0.66873100 0.01498000
vt 0.83011300 0.53766400
vt 0.67104300 0.01172800
vt 0.82997700 0.53802800
vt 0.67111500 0.01211000
vt 0.70344200 0.45036300
vt 0.70604400 0.45070600
vt 0.70330000 0.45205100
vt 0.70567300 0.45252600
vt 0.70340300 0.45082700
vt 0.70595100 0.45116300
vt 0.70333900 0.45158600
vt 0.70576600 0.45207000
vt 0.79606700 0.63114800
vt 0.79268300 0.65273300
vt 0.50105400 0.04611500
vt 0.50149400 0.05054300
vt 0.91272500 0.88522600
vt 0.79248800 0.63313200
vt 0.90192300 0.87876900
vt 0.77827200 0.62293500
vt 0.71766600 0.35971400
vt 0.83566200 0.47019300
vt 0.83382700 0.47092300
vt 0.79882900 0.73745700
vt 0.73467700 0.26312400
vt 0.80028800 0.73679800
vt 0.71913700 0.35908300
vt 0.73281700 0.26378900
vt 0.72450800 0.37725000
vt 0.84268100 0.48785800
vt 0.84084500 0.48858700
vt 0.79051000 0.72057100
vt 0.79196900 0.71998600
vt 0.74107600 0.28102300
vt 0.73921600 0.28168800
vt 0.72597900 0.37661900
vt 0.84007900 0.48131000
vt 0.72173100 0.37077500
vt 0.84007900 0.48131000
vt 0.83824400 0.48203900
vt 0.83824400 0.48203900
vt 0.79341400 0.72699100
vt 0.73870400 0.27438800
vt 0.79487200 0.72633200
vt 0.73870400 0.27438800
vt 0.73684400 0.27505300
vt 0.73684400 0.27505300
vt 0.72320200 0.37014400
vt 0.83783900 0.48102000
vt 0.79435300 0.72755700
vt 0.83783900 0.48102000
vt 0.83967400 0.48029100
vt 0.72194800 0.36970000
vt 0.83967400 0.48029100
vt 0.73647500 0.27402000
vt 0.72341900 0.36906900
vt 0.73647500 0.27402000
vt 0.73833500 0.27335500
vt 0.79581200 0.72689700
vt 0.73833500 0.27335500
vt 0.80002400 0.62953700
vt 0.80003900 0.62627900
vt 0.79608900 0.62626200
vt 0.49678800 0.04817500
vt 0.49943400 0.04627600
vt 0.79607500 0.62951900
vt 0.80005300 0.62302200
vt 0.79610400 0.62300500
vt 0.91584300 0.88000800
vt 0.49544600 0.05114300
vt 0.80006600 0.61976300
vt 0.73786800 0.32097300
vt 0.79611700 0.61974900
vt 0.52189900 0.04290000
vt 0.80007700 0.61650500
vt 0.79612800 0.61649200
vt 0.52454500 0.04100000
vt 0.80008800 0.61324800
vt 0.52588700 0.03803200
vt 0.79613800 0.61323500
vt 0.77322100 0.64840000
vt 0.80009300 0.61161900
vt 0.77482800 0.64479200
vt 0.79614400 0.61160600
vt 0.52572600 0.03641200
vt 0.78563000 0.61970700
vt 0.74587700 0.31420300
vt 0.90684100 0.87462800
vt 0.78561700 0.62296400
vt 0.90396500 0.87535300
vt 0.78225200 0.62295100
vt 0.78344000 0.62295600
vt 0.90476300 0.87447200
vt 0.74790300 0.31371100
vt 0.78345300 0.61969800
vt 0.78226500 0.61969400
vt 0.74883300 0.31445100
vt 0.90572100 0.87423100
vt 0.78442900 0.62295900
vt 0.74691800 0.31362900
vt 0.78444200 0.61970200
vt 0.67060700 0.48029400
vt 0.48330800 0.60462400
vt 0.97767800 0.88304300
vt 0.48046100 0.60490100
vt 0.97564100 0.88159400
vt 0.48072200 0.60739000
vt 0.48336100 0.60728600
vt 0.66793900 0.48030600
vt 0.48337800 0.60859500
vt 0.48336100 0.59649800
vt 0.66716100 0.48114700
vt 0.97542100 0.88040800
vt 0.48080300 0.60875500
vt 0.48078000 0.59645500
vt 0.97588400 0.87970800
vt 0.48072000 0.59729200
vt 0.48330000 0.59747800
vt 0.66723300 0.48212600
vt 0.48325400 0.59882500
vt 0.66813200 0.48290200
vt 0.48059400 0.59864300
vt 0.97706100 0.87944700
vt 0.97919000 0.88075700
vt 0.48034300 0.60112800
vt 0.67050300 0.48273200
vt 0.48322200 0.60120200
vt 0.67137700 0.48183300
vt 0.48325800 0.60259500
vt 0.97944100 0.88189600
vt 0.48031200 0.60245400
vt 0.97882500 0.88282900
vt 0.48036300 0.60356900
vt 0.67140900 0.48112800
vt 0.48328700 0.60330200
vt 0.77829800 0.66291700
vt 0.77868500 0.66264000
vt 0.77900200 0.66240500
vt 0.77937600 0.66211100
vt 0.77322100 0.66705400
vt 0.77358900 0.66675300
vt 0.77388700 0.66649300
vt 0.77424100 0.66617600
vt 0.77517600 0.66533400
vt 0.77553000 0.66501600
vt 0.77582800 0.66475600
vt 0.77619600 0.66445400
vt 0.77657000 0.66416100
vt 0.77688800 0.66392600
vt 0.77727400 0.66364900
vt 0.97763800 0.88237900
vt 0.79839800 0.69418100
vt 0.97638700 0.88155100
vt 0.79696700 0.69463500
vt 0.97731300 0.88015000
vt 0.80118100 0.69125100
vt 0.80042800 0.69255000
vt 0.97856400 0.88097900
vt 0.97615100 0.88038800
vt 0.80200500 0.69019900
vt 0.79576200 0.69521300
vt 0.79960200 0.69360100
vt 0.97880100 0.88214200
vt 0.48330300 0.60415800
vt 0.67106900 0.48038500
vt 0.48041500 0.60442600
vt 0.97811000 0.88323500
vt 0.97605000 0.88121600
vt 0.79651500 0.69478300
vt 0.80165700 0.69052300
vt 0.97648600 0.88005000
vt 0.97890100 0.88131400
vt 0.80018700 0.69295900
vt 0.97531300 0.88124600
vt 0.48076900 0.60786900
vt 0.48337000 0.60775000
vt 0.66748000 0.48040100
vt 0.79885000 0.69403300
vt 0.97807800 0.88255900
vt 0.48030200 0.60159700
vt 0.97953500 0.88107900
vt 0.48322300 0.60168900
vt 0.67097200 0.48260500
vt 0.48068200 0.59776800
vt 0.97622000 0.87936800
vt 0.66736100 0.48258400
vt 0.48327400 0.59795300
vt 0.97846600 0.88248000
vt 0.79921100 0.69387200
vt 0.48038700 0.60403700
vt 0.97849200 0.88316300
vt 0.48330200 0.60377400
vt 0.67133700 0.48066300
vt 0.79615300 0.69494300
vt 0.97597100 0.88082800
vt 0.97687300 0.87997100
vt 0.80142200 0.69084100
vt 0.79995100 0.69327800
vt 0.97898000 0.88170200
vt 0.48079400 0.60827500
vt 0.97524000 0.88085100
vt 0.48337300 0.60812800
vt 0.66722000 0.48068200
vt 0.48029400 0.60198400
vt 0.97961900 0.88145800
vt 0.48323600 0.60210800
vt 0.67126300 0.48230600
vt 0.48064200 0.59816800
vt 0.97661200 0.87928100
vt 0.66766000 0.48284300
vt 0.48326200 0.59834900
vt 0.66810400 0.48253100
vt 0.67051900 0.48235900
vt 0.67059100 0.48066700
vt 0.66796700 0.48067800
vt 0.67053900 0.48189300
vt 0.66807000 0.48206700
vt 0.67057100 0.48113200
vt 0.66800100 0.48114300
vt 0.80001600 0.63116600
vt 0.79108000 0.65634200
vt 0.74179200 0.32561500
vt 0.52129800 0.03685100
vt 0.75140300 0.31749100
vt 0.78951200 0.63180800
vt 0.77828400 0.61967800
vt 0.84970100 0.50552100
vt 0.73249400 0.39429500
vt 0.72821200 0.38431000
vt 0.84568800 0.49542500
vt 0.84568800 0.49542500
vt 0.84385200 0.49615400
vt 0.78780100 0.71307300
vt 0.84385200 0.49615400
vt 0.78332200 0.70317500
vt 0.84786500 0.50625100
vt 0.74381700 0.28869000
vt 0.74381700 0.28869000
vt 0.78925900 0.71241300
vt 0.78478000 0.70251500
vt 0.74747500 0.29892100
vt 0.74195700 0.28935500
vt 0.74195700 0.28935500
vt 0.72968300 0.38367900
vt 0.74561500 0.29958600
vt 0.73396600 0.39366500
vt 0.72728400 0.38372600
vt 0.84528300 0.49440500
vt 0.84528300 0.49440500
vt 0.84344700 0.49513500
vt 0.78760600 0.71415200
vt 0.84344700 0.49513500
vt 0.74344800 0.28765700
vt 0.78906400 0.71349200
vt 0.74344800 0.28765700
vt 0.74158800 0.28832200
vt 0.72875500 0.38309500
vt 0.74158800 0.28832200
vt 0.17221600 0.02070200
vt 0.59140400 0.70709700
vt 0.74499400 0.06615600
vt 0.67444000 0.70709700
vt 0.50507800 0.48237000
vt 0.74499400 0.14919100
vt 0.59140400 0.61160600
vt 0.97524000 0.73786800
vt 0.17221600 0.11619200
vt 0.67444000 0.61160600
vt 0.97524000 0.82090300
vt 0.40958800 0.48237000
vt 0.17429200 0.02070200
vt 0.74291800 0.06615600
vt 0.41686600 0.70709700
vt 0.50507800 0.48029400
vt 0.74291800 0.14919100
vt 0.33383100 0.70709700
vt 0.97731600 0.73786800
vt 0.17429200 0.11619200
vt 0.41686600 0.61160600
vt 0.97731600 0.82090300
vt 0.33383100 0.61160600
vt 0.40958800 0.48029400
vt 0.27275700 0.01060100
vt 0.67726200 0.70709700
vt 0.75004500 0.06615600
vt 0.50507800 0.48742100
vt 0.75004500 0.14919100
vt 0.76029800 0.70709700
vt 0.71766600 0.06615600
vt 0.67726200 0.61160600
vt 0.17726600 0.01060100
vt 0.40958800 0.48742100
vt 0.71766600 0.14919100
vt 0.76029800 0.61160600
vt 0.74796900 0.06615600
vt 0.27275700 0.01267700
vt 0.41968900 0.61160600
vt 0.50272400 0.61160600
vt 0.50507800 0.48534500
vt 0.74796900 0.14919100
vt 0.41968900 0.70709700
vt 0.71974200 0.06615600
vt 0.17726600 0.01267700
vt 0.50272400 0.70709700
vt 0.40958800 0.48534500
vt 0.71974200 0.14919100
vt 0.99544200 0.13760800
vt 0.18736700 0.27581900
vt 0.99298000 0.15276000
vt 0.19016800 0.27581900
vt 0.18736700 0.27322500
vt 0.99673600 0.13985600
vt 0.99168600 0.15500700
vt 0.19016800 0.27322500
vt 0.11161000 0.50554700
vt 0.99673600 0.13686300
vt 0.11441100 0.50554700
vt 0.99168600 0.15201400
vt 0.99803100 0.13911000
vt 0.11161000 0.50814000
vt 0.99039100 0.15426100
vt 0.11441100 0.50814000
vt 0.62868900 0.59231500
vt 0.28199100 0.02575200
vt 0.28229600 0.02575200
vt 0.62864300 0.59201400
vt 0.62835000 0.59171100
vt 0.28271700 0.02575200
vt 0.62788900 0.59148800
vt 0.27827600 0.02575200
vt 0.28322900 0.02575200
vt 0.62738400 0.59140400
vt 0.27878800 0.02575200
vt 0.27920900 0.02575200
vt 0.62697000 0.59148300
vt 0.27951400 0.02575200
vt 0.62675800 0.59170200
vt 0.62680400 0.59200400
vt 0.27981900 0.02575200
vt 0.28024000 0.02575200
vt 0.62709700 0.59230600
vt 0.28075200 0.02575200
vt 0.62755800 0.59253000
vt 0.62806300 0.59261300
vt 0.28126400 0.02575200
vt 0.62847700 0.59253500
vt 0.28168600 0.02575200
vt 0.54626000 0.60150500
vt 0.28199100 0.03486100
vt 0.28229600 0.03486100
vt 0.54656000 0.60155800
vt 0.54685700 0.60185600
vt 0.28271700 0.03486100
vt 0.27827600 0.03486100
vt 0.54707200 0.60232100
vt 0.28322900 0.03486100
vt 0.54714600 0.60282800
vt 0.27878800 0.03486100
vt 0.54706000 0.60324000
vt 0.27920900 0.03486100
vt 0.54683700 0.60344800
vt 0.27951400 0.03486100
vt 0.54653600 0.60339600
vt 0.27981900 0.03486100
vt 0.54623900 0.60309700
vt 0.28024000 0.03486100
vt 0.54602400 0.60263200
vt 0.28075200 0.03486100
vt 0.54595000 0.60212600
vt 0.28126400 0.03486100
vt 0.54603600 0.60171300
vt 0.28168600 0.03486100
vt 0.09645900 0.46773600
vt 0.85402900 0.22777100
vt 0.17371000 0.31362900
vt 0.09926000 0.46773600
vt 0.85402900 0.23036400
vt 0.09645900 0.46514300
vt 0.09926000 0.46514300
vt 0.17371000 0.31622200
vt 0.12171100 0.49039500
vt 0.85552300 0.22777100
vt 0.17221600 0.31362900
vt 0.12451200 0.49039500
vt 0.12171100 0.49298900
vt 0.85552300 0.23036400
vt 0.17221600 0.31622200
vt 0.12451200 0.49298900
vt 0.14191300 0.32127300
vt 0.99039100 0.13760800
vt 0.14471400 0.32127300
vt 0.99298000 0.12245700
vt 0.14191300 0.31867900
vt 0.99168600 0.13985600
vt 0.99168600 0.12470400
vt 0.14471400 0.31867900
vt 0.11161000 0.48029400
vt 0.99168600 0.13686300
vt 0.99168600 0.12171100
vt 0.11441100 0.48029400
vt 0.99298000 0.13911000
vt 0.11161000 0.48288800
vt 0.99039100 0.12395900
vt 0.11441100 0.48288800
vt 0.61695400 0.59333600
vt 0.27827600 0.01183900
vt 0.27827600 0.01153400
vt 0.61726100 0.59328900
vt 0.61755900 0.59299600
vt 0.27827600 0.01111300
vt 0.61778200 0.59253600
vt 0.27827600 0.01555500
vt 0.27827600 0.01060100
vt 0.61786600 0.59203100
vt 0.27827600 0.01504300
vt 0.27827600 0.01462100
vt 0.61778700 0.59161700
vt 0.61756800 0.59140400
vt 0.27827600 0.01431600
vt 0.27827600 0.01401100
vt 0.61726100 0.59145100
vt 0.27827600 0.01359000
vt 0.61696300 0.59174400
vt 0.61674000 0.59220500
vt 0.27827600 0.01307800
vt 0.61665700 0.59271000
vt 0.27827600 0.01256600
vt 0.27827600 0.01214400
vt 0.61673500 0.59312400
vt 0.28738500 0.01183900
vt 0.55636100 0.59140400
vt 0.28738500 0.01153400
vt 0.55666100 0.59145700
vt 0.28738500 0.01111300
vt 0.55695800 0.59175500
vt 0.55717300 0.59222000
vt 0.28738500 0.01060100
vt 0.28738500 0.01555500
vt 0.55724700 0.59272700
vt 0.28738500 0.01504300
vt 0.55716100 0.59313900
vt 0.28738500 0.01462100
vt 0.55693800 0.59334700
vt 0.28738500 0.01431600
vt 0.55663700 0.59329500
vt 0.28738500 0.01401100
vt 0.28738500 0.01359000
vt 0.55634000 0.59299600
vt 0.55612500 0.59253100
vt 0.28738500 0.01307800
vt 0.28738500 0.01256600
vt 0.55605100 0.59202500
vt 0.28738500 0.01214400
vt 0.55613700 0.59161200
vt 0.18736700 0.32373000
vt 0.10150900 0.37682800
vt 0.10431000 0.37682800
vt 0.13330600 0.50049600
vt 0.18736700 0.32632300
vt 0.10150900 0.37423400
vt 0.10431000 0.37423400
vt 0.13330600 0.50309000
vt 0.10150900 0.49544600
vt 0.18886100 0.32373000
vt 0.10431000 0.49544600
vt 0.13181200 0.50049600
vt 0.10150900 0.49803900
vt 0.18886100 0.32632300
vt 0.13181200 0.50309000
vt 0.10431000 0.49803900
vt 0.14191300 0.31622200
vt 0.99544200 0.12245700
vt 0.14471400 0.31622200
vt 0.98793000 0.13760800
vt 0.99673600 0.12470400
vt 0.14191300 0.31362900
vt 0.14471400 0.31362900
vt 0.98663500 0.13985600
vt 0.99673600 0.12171100
vt 0.09645900 0.49544600
vt 0.09925900 0.49544600
vt 0.98663500 0.13686300
vt 0.09645900 0.49803900
vt 0.99803100 0.12395800
vt 0.98534100 0.13911000
vt 0.09925900 0.49803900
vt 0.99039100 0.00678900
vt 0.61160600 0.59170200
vt 0.61165300 0.59200900
vt 0.99039100 0.00648400
vt 0.61194600 0.59230600
vt 0.99039100 0.00606200
vt 0.61240700 0.59253000
vt 0.99039100 0.01050400
vt 0.99039100 0.00555000
vt 0.61291200 0.59261300
vt 0.99039100 0.00999200
vt 0.99039100 0.00957100
vt 0.61332600 0.59253500
vt 0.61353800 0.59231500
vt 0.99039100 0.00926600
vt 0.99039100 0.00896100
vt 0.61349100 0.59200900
vt 0.99039100 0.00853900
vt 0.61319800 0.59171100
vt 0.61273800 0.59148800
vt 0.99039100 0.00802700
vt 0.61223300 0.59140400
vt 0.99039100 0.00751500
vt 0.99039100 0.00709400
vt 0.61181800 0.59148300
vt 0.99950000 0.00678900
vt 0.82403500 0.68231300
vt 0.82433600 0.68236500
vt 0.99950000 0.00648400
vt 0.99950000 0.00606200
vt 0.82463300 0.68266400
vt 0.99950000 0.00555000
vt 0.99950000 0.01050400
vt 0.82484800 0.68312900
vt 0.99950000 0.00999200
vt 0.82492200 0.68363500
vt 0.99950000 0.00957100
vt 0.82483600 0.68404800
vt 0.99950000 0.00926600
vt 0.82461200 0.68425600
vt 0.82431200 0.68420300
vt 0.99950000 0.00896100
vt 0.82401400 0.68390500
vt 0.99950000 0.00853900
vt 0.82380000 0.68344000
vt 0.99950000 0.00802700
vt 0.99950000 0.00751500
vt 0.82372600 0.68293300
vt 0.82381200 0.68252100
vt 0.99950000 0.00709400
vt 0.18736700 0.31867900
vt 0.10656000 0.36167600
vt 0.10936000 0.36167600
vt 0.15855800 0.32373000
vt 0.10656000 0.35908300
vt 0.18736700 0.32127300
vt 0.15855800 0.32632300
vt 0.10936000 0.35908300
vt 0.10656000 0.48029400
vt 0.18886100 0.31867900
vt 0.10936000 0.48029400
vt 0.15706400 0.32373000
vt 0.10656000 0.48288800
vt 0.18886100 0.32127300
vt 0.15706400 0.32632300
vt 0.10936000 0.48288800
vt 0.14191300 0.32632300
vt 0.99544200 0.15276000
vt 0.98793000 0.15276000
vt 0.14471400 0.32632300
vt 0.99673600 0.15500700
vt 0.14191300 0.32373000
vt 0.98663500 0.15500700
vt 0.14471400 0.32373000
vt 0.99673600 0.15201400
vt 0.11666100 0.48534500
vt 0.11946100 0.48534500
vt 0.98663500 0.15201400
vt 0.99803100 0.15426100
vt 0.11666100 0.48793800
vt 0.11946100 0.48793800
vt 0.98534100 0.15426100
vt 0.62200500 0.59333600
vt 0.68231300 0.04719300
vt 0.68231300 0.04688800
vt 0.62231200 0.59328900
vt 0.68231300 0.04646600
vt 0.62260900 0.59299600
vt 0.68231300 0.04595400
vt 0.62283200 0.59253600
vt 0.68231300 0.05090800
vt 0.62291600 0.59203100
vt 0.68231300 0.05039600
vt 0.62283800 0.59161700
vt 0.68231300 0.04997400
vt 0.62261800 0.59140400
vt 0.68231300 0.04966900
vt 0.68231300 0.04936400
vt 0.62231200 0.59145100
vt 0.62201400 0.59174400
vt 0.68231300 0.04894300
vt 0.68231300 0.04843100
vt 0.62179100 0.59220500
vt 0.62170700 0.59271000
vt 0.68231300 0.04791900
vt 0.62178600 0.59312400
vt 0.68231300 0.04749800
vt 0.54626000 0.59645500
vt 0.69142200 0.04719300
vt 0.54656000 0.59650700
vt 0.69142200 0.04688800
vt 0.54685700 0.59680600
vt 0.69142200 0.04646600
vt 0.69142200 0.04595400
vt 0.69142200 0.05090800
vt 0.54707200 0.59727100
vt 0.69142200 0.05039600
vt 0.54714600 0.59777700
vt 0.69142200 0.04997400
vt 0.54706000 0.59819000
vt 0.54683700 0.59839800
vt 0.69142200 0.04966900
vt 0.69142200 0.04936400
vt 0.54653600 0.59834500
vt 0.69142200 0.04894300
vt 0.54623900 0.59804700
vt 0.69142200 0.04843100
vt 0.54602400 0.59758200
vt 0.69142200 0.04791900
vt 0.54595000 0.59707500
vt 0.54603600 0.59666300
vt 0.69142200 0.04749800
vt 0.85402900 0.23282100
vt 0.10150900 0.45258500
vt 0.10431000 0.45258500
vt 0.17876000 0.30352800
vt 0.85402900 0.23541500
vt 0.10150900 0.44999100
vt 0.10431000 0.44999100
vt 0.17876000 0.30612200
vt 0.85552300 0.23282100
vt 0.10656000 0.50049600
vt 0.10936000 0.50049600
vt 0.17726600 0.30352800
vt 0.10656000 0.50309000
vt 0.85552300 0.23541500
vt 0.17726600 0.30612200
vt 0.10936000 0.50309000
vt 0.76014600 0.06615600
vt 0.32373000 0.49544600
vt 0.17726600 0.02070200
vt 0.39901800 0.48742100
vt 0.32373000 0.57848100
vt 0.76014600 0.14919100
vt 0.17726600 0.11619200
vt 0.72984300 0.14919100
vt 0.41922000 0.49544600
vt 0.30352800 0.48742100
vt 0.41922000 0.57848100
vt 0.72984300 0.06615600
vt 0.69464200 0.81315700
vt 0.75807000 0.06615600
vt 0.17934200 0.02070200
vt 0.61160600 0.81315700
vt 0.39901800 0.48534500
vt 0.75807000 0.14919100
vt 0.69464200 0.71766600
vt 0.72776700 0.14919100
vt 0.17934200 0.11619200
vt 0.61160600 0.71766600
vt 0.72776700 0.06615600
vt 0.30352800 0.48534500
f 1/1/1 2/2/2 9/9/9
f 9/9/9 7/7/7 1/1/1
f 2/2/2 3/3/3 11/11/11
f 11/11/11 9/9/9 2/2/2
f 3/3/3 4/4/4 14/14/14
f 14/14/14 11/11/11 3/3/3
f 4/4/4 5/5/5 17/17/17
f 17/17/17 14/14/14 4/4/4
f 5/5/5 6/6/6 20/20/20
f 20/20/20 17/17/17 5/5/5
f 223/223/223 225/225/225 20/20/20
f 20/20/20 6/6/6 223/223/223
f 11/11/11 14/14/14 24/24/24
f 24/24/24 22/22/22 11/11/11
f 34/34/34 27/27/27 25/25/25
f 25/25/25 32/32/32 34/34/34
f 35/35/35 34/34/34 32/32/32
f 32/32/32 30/30/30 35/35/35
f 24/24/24 35/35/35 30/30/30
f 30/30/30 22/22/22 24/24/24
f 59/59/59 85/85/85 49/49/49
f 49/49/49 77/77/77 59/59/59
f 60/60/60 87/87/87 57/57/57
f 57/57/57 74/74/74 60/60/60
f 63/63/63 90/90/90 53/53/53
f 53/53/53 81/81/81 63/63/63
f 64/64/64 82/82/82 51/51/51
f 51/51/51 78/78/78 64/64/64
f 43/43/43 37/37/37 38/38/38
f 38/38/38 71/71/71 43/43/43
f 47/47/47 68/68/68 69/69/69
f 69/69/69 72/72/72 47/47/47
f 44/44/44 70/70/70 84/84/84
f 84/84/84 58/58/58 44/44/44
f 42/42/42 88/88/88 61/61/61
f 48/48/48 73/73/73 89/89/89
f 89/89/89 62/62/62 48/48/48
f 45/45/45 83/83/83 65/65/65
f 131/131/131 59/59/59 77/77/77
f 77/77/77 122/122/122 131/131/131
f 38/38/38 94/94/94 101/101/101
f 101/101/101 71/71/71 38/38/38
f 96/96/96 113/113/113 40/40/40
f 40/40/40 66/66/66 96/96/96
f 98/98/98 109/109/109 72/72/72
f 72/72/72 69/69/69 98/98/98
f 115/115/115 49/49/49 85/85/85
f 85/85/85 138/138/138 115/115/115
f 43/43/43 104/104/104 91/91/91
f 91/91/91 37/37/37 43/43/43
f 123/123/123 53/53/53 90/90/90
f 90/90/90 145/145/145 123/123/123
f 127/127/127 56/56/56 86/86/86
f 86/86/86 141/141/141 127/127/127
f 133/133/133 83/83/83 45/45/45
f 45/45/45 105/105/105 133/133/133
f 137/137/137 84/84/84 70/70/70
f 70/70/70 102/102/102 137/137/137
f 142/142/142 88/88/88 42/42/42
f 42/42/42 114/114/114 142/142/142
f 146/146/146 89/89/89 73/73/73
f 73/73/73 110/110/110 146/146/146
f 134/134/134 131/131/131 122/122/122
f 122/122/122 119/119/119 134/134/134
f 82/82/82 134/134/134 119/119/119
f 119/119/119 51/51/51 82/82/82
f 94/94/94 93/93/93 100/100/100
f 100/100/100 101/101/101 94/94/94
f 93/93/93 67/67/67 41/41/41
f 41/41/41 100/100/100 93/93/93
f 95/95/95 111/111/111 113/113/113
f 113/113/113 96/96/96 95/95/95
f 95/95/95 68/68/68 47/47/47
f 47/47/47 111/111/111 95/95/95
f 97/97/97 108/108/108 109/109/109
f 109/109/109 98/98/98 97/97/97
f 39/39/39 46/46/46 108/108/108
f 108/108/108 97/97/97 39/39/39
f 117/117/117 115/115/115 138/138/138
f 138/138/138 136/136/136 117/117/117
f 74/74/74 117/117/117 136/136/136
f 136/136/136 60/60/60 74/74/74
f 104/104/104 106/106/106 92/92/92
f 92/92/92 91/91/91 104/104/104
f 106/106/106 46/46/46 39/39/39
f 39/39/39 92/92/92 106/106/106
f 126/126/126 123/123/123 145/145/145
f 145/145/145 143/143/143 126/126/126
f 78/78/78 126/126/126 143/143/143
f 143/143/143 64/64/64 78/78/78
f 130/130/130 127/127/127 141/141/141
f 141/141/141 140/140/140 130/130/130
f 81/81/81 130/130/130 140/140/140
f 140/140/140 63/63/63 81/81/81
f 132/132/132 133/133/133 105/105/105
f 105/105/105 103/103/103 132/132/132
f 58/58/58 132/132/132 103/103/103
f 103/103/103 44/44/44 58/58/58
f 135/135/135 137/137/137 102/102/102
f 102/102/102 99/99/99 135/135/135
f 61/61/61 135/135/135 99/99/99
f 99/99/99 42/42/42 61/61/61
f 139/139/139 142/142/142 114/114/114
f 114/114/114 112/112/112 139/139/139
f 62/62/62 139/139/139 112/112/112
f 112/112/112 48/48/48 62/62/62
f 144/144/144 146/146/146 110/110/110
f 110/110/110 107/107/107 144/144/144
f 65/65/65 144/144/144 107/107/107
f 107/107/107 45/45/45 65/65/65
f 150/150/150 80/80/80 54/54/54
f 54/54/54 149/149/149 150/150/150
f 124/124/124 125/125/125 149/149/149
f 149/149/149 54/54/54 124/124/124
f 128/128/128 129/129/129 80/80/80
f 80/80/80 150/150/150 128/128/128
f 121/121/121 76/76/76 147/147/147
f 147/147/147 120/120/120 121/121/121
f 76/76/76 50/50/50 148/148/148
f 148/148/148 147/147/147 76/76/76
f 148/148/148 50/50/50 116/116/116
f 116/116/116 118/118/118 148/148/148
f 79/79/79 153/153/153 149/149/149
f 149/149/149 125/125/125 79/79/79
f 149/149/149 153/153/153 154/154/154
f 154/154/154 150/150/150 149/149/149
f 154/154/154 55/55/55 128/128/128
f 128/128/128 150/150/150 154/154/154
f 120/120/120 147/147/147 151/151/151
f 151/151/151 52/52/52 120/120/120
f 147/147/147 148/148/148 152/152/152
f 152/152/152 151/151/151 147/147/147
f 152/152/152 148/148/148 118/118/118
f 118/118/118 75/75/75 152/152/152
f 79/79/79 52/52/52 151/151/151
f 151/151/151 153/153/153 79/79/79
f 153/153/153 151/151/151 152/152/152
f 152/152/152 154/154/154 153/153/153
f 152/152/152 75/75/75 55/55/55
f 55/55/55 154/154/154 152/152/152
f 7/7/7 156/156/156 363/363/363
f 363/363/363 1/1/1 7/7/7
f 19/19/19 227/227/227 365/365/365
f 18/18/18 19/19/19 365/365/365
f 15/15/15 18/18/18 365/365/365
f 10/10/10 12/12/12 158/158/158
f 10/10/10 158/158/158 157/157/157
f 8/8/8 10/10/10 157/157/157
f 27/27/27 367/367/367 160/160/160
f 160/160/160 25/25/25 27/27/27
f 21/21/21 29/29/29 31/31/31
f 31/31/31 26/26/26 161/161/161
f 21/21/21 31/31/31 161/161/161
f 21/21/21 161/161/161 159/159/159
f 13/13/13 21/21/21 159/159/159
f 28/28/28 33/33/33 36/36/36
f 36/36/36 23/23/23 16/16/16
f 28/28/28 36/36/36 16/16/16
f 28/28/28 16/16/16 364/364/364
f 366/366/366 28/28/28 364/364/364
f 196/196/196 193/193/193 165/165/165
f 165/165/165 164/164/164 196/196/196
f 192/192/192 201/201/201 168/168/168
f 168/168/168 166/166/166 192/192/192
f 202/202/202 199/199/199 170/170/170
f 170/170/170 167/167/167 202/202/202
f 198/198/198 195/195/195 163/163/163
f 163/163/163 169/169/169 198/198/198
f 172/172/172 173/173/173 182/182/182
f 182/182/182 179/179/179 172/172/172
f 174/174/174 175/175/175 186/186/186
f 186/186/186 184/184/184 174/174/174
f 176/176/176 177/177/177 188/188/188
f 188/188/188 187/187/187 176/176/176
f 178/178/178 171/171/171 180/180/180
f 180/180/180 190/190/190 178/178/178
f 181/181/181 183/183/183 191/191/191
f 191/191/191 194/194/194 181/181/181
f 184/184/184 186/186/186 201/201/201
f 201/201/201 192/192/192 184/184/184
f 185/185/185 189/189/189 197/197/197
f 197/197/197 200/200/200 185/185/185
f 190/190/190 180/180/180 195/195/195
f 195/195/195 198/198/198 190/190/190
f 203/203/203 208/208/208 205/205/205
f 205/205/205 204/204/204 203/203/203
f 204/204/204 205/205/205 210/210/210
f 210/210/210 209/209/209 204/204/204
f 209/209/209 210/210/210 215/215/215
f 215/215/215 213/213/213 209/209/209
f 213/213/213 215/215/215 218/218/218
f 218/218/218 217/217/217 213/213/213
f 217/217/217 218/218/218 222/222/222
f 222/222/222 220/220/220 217/217/217
f 224/224/224 220/220/220 222/222/222
f 222/222/222 226/226/226 224/224/224
f 210/210/210 231/231/231 228/228/228
f 228/228/228 215/215/215 210/210/210
f 237/237/237 234/234/234 233/233/233
f 233/233/233 238/238/238 237/237/237
f 243/243/243 241/241/241 234/234/234
f 234/234/234 237/237/237 243/243/243
f 228/228/228 231/231/231 241/241/241
f 241/241/241 243/243/243 228/228/228
f 247/247/247 245/245/245 250/250/250
f 250/250/250 249/249/249 247/247/247
f 257/257/257 253/253/253 260/260/260
f 260/260/260 259/259/259 257/257/257
f 264/264/264 262/262/262 269/269/269
f 269/269/269 267/267/267 264/264/264
f 273/273/273 271/271/271 277/277/277
f 277/277/277 275/275/275 273/273/273
f 294/294/294 296/296/296 285/285/285
f 285/285/285 286/286/286 294/294/294
f 298/298/298 299/299/299 292/292/292
f 292/292/292 278/278/278 298/298/298
f 293/293/293 246/246/246 248/248/248
f 248/248/248 295/295/295 293/293/293
f 301/301/301 255/255/255 258/258/258
f 297/297/297 265/265/265 266/266/266
f 266/266/266 300/300/300 297/297/297
f 305/305/305 272/272/272 274/274/274
f 308/308/308 306/306/306 245/245/245
f 245/245/245 247/247/247 308/308/308
f 285/285/285 296/296/296 311/311/311
f 311/311/311 284/284/284 285/285/285
f 280/280/280 281/281/281 302/302/302
f 302/302/302 312/312/312 280/280/280
f 291/291/291 292/292/292 299/299/299
f 299/299/299 315/315/315 291/291/291
f 318/318/318 317/317/317 249/249/249
f 249/249/249 250/250/250 318/318/318
f 294/294/294 286/286/286 287/287/287
f 287/287/287 320/320/320 294/294/294
f 324/324/324 322/322/322 267/267/267
f 267/267/267 269/269/269 324/324/324
f 329/329/329 326/326/326 259/259/259
f 259/259/259 260/260/260 329/329/329
f 333/333/333 330/330/330 305/305/305
f 305/305/305 274/274/274 333/333/333
f 316/316/316 310/310/310 295/295/295
f 295/295/295 248/248/248 316/316/316
f 327/327/327 313/313/313 301/301/301
f 301/301/301 258/258/258 327/327/327
f 323/323/323 314/314/314 300/300/300
f 300/300/300 266/266/266 323/323/323
f 332/332/332 334/334/334 306/306/306
f 306/306/306 308/308/308 332/332/332
f 275/275/275 277/277/277 334/334/334
f 334/334/334 332/332/332 275/275/275
f 284/284/284 311/311/311 336/336/336
f 336/336/336 283/283/283 284/284/284
f 283/283/283 336/336/336 303/303/303
f 303/303/303 282/282/282 283/283/283
f 279/279/279 280/280/280 312/312/312
f 312/312/312 339/339/339 279/279/279
f 279/279/279 339/339/339 298/298/298
f 298/298/298 278/278/278 279/279/279
f 290/290/290 291/291/291 315/315/315
f 315/315/315 340/340/340 290/290/290
f 289/289/289 290/290/290 340/340/340
f 340/340/340 304/304/304 289/289/289
f 344/344/344 342/342/342 317/317/317
f 317/317/317 318/318/318 344/344/344
f 252/252/252 256/256/256 342/342/342
f 342/342/342 344/344/344 252/252/252
f 320/320/320 287/287/287 288/288/288
f 288/288/288 331/331/331 320/320/320
f 331/331/331 288/288/288 289/289/289
f 289/289/289 304/304/304 331/331/331
f 348/348/348 346/346/346 322/322/322
f 322/322/322 324/324/324 348/348/348
f 271/271/271 273/273/273 346/346/346
f 346/346/346 348/348/348 271/271/271
f 353/353/353 350/350/350 326/326/326
f 326/326/326 329/329/329 353/353/353
f 262/262/262 264/264/264 350/350/350
f 350/350/350 353/353/353 262/262/262
f 309/309/309 321/321/321 330/330/330
f 330/330/330 333/333/333 309/309/309
f 246/246/246 293/293/293 321/321/321
f 321/321/321 309/309/309 246/246/246
f 343/343/343 337/337/337 310/310/310
f 310/310/310 316/316/316 343/343/343
f 255/255/255 301/301/301 337/337/337
f 337/337/337 343/343/343 255/255/255
f 351/351/351 338/338/338 313/313/313
f 313/313/313 327/327/327 351/351/351
f 265/265/265 297/297/297 338/338/338
f 338/338/338 351/351/351 265/265/265
f 347/347/347 341/341/341 314/314/314
f 314/314/314 323/323/323 347/347/347
f 272/272/272 305/305/305 341/341/341
f 341/341/341 347/347/347 272/272/272
f 354/354/354 355/355/355 268/268/268
f 268/268/268 263/263/263 354/354/354
f 325/325/325 268/268/268 355/355/355
f 355/355/355 349/349/349 325/325/325
f 328/328/328 354/354/354 263/263/263
f 263/263/263 352/352/352 328/328/328
f 307/307/307 335/335/335 356/356/356
f 356/356/356 244/244/244 307/307/307
f 244/244/244 356/356/356 357/357/357
f 357/357/357 251/251/251 244/244/244
f 357/357/357 345/345/345 319/319/319
f 319/319/319 251/251/251 357/357/357
f 270/270/270 349/349/349 355/355/355
f 355/355/355 358/358/358 270/270/270
f 355/355/355 354/354/354 359/359/359
f 359/359/359 358/358/358 355/355/355
f 359/359/359 354/354/354 328/328/328
f 328/328/328 261/261/261 359/359/359
f 335/335/335 276/276/276 360/360/360
f 360/360/360 356/356/356 335/335/335
f 356/356/356 360/360/360 361/361/361
f 361/361/361 357/357/357 356/356/356
f 361/361/361 254/254/254 345/345/345
f 345/345/345 357/357/357 361/361/361
f 270/270/270 358/358/358 360/360/360
f 360/360/360 276/276/276 270/270/270
f 358/358/358 359/359/359 361/361/361
f 361/361/361 360/360/360 358/358/358
f 361/361/361 359/359/359 261/261/261
f 261/261/261 254/254/254 361/361/361
f 208/208/208 203/203/203 362/362/362
f 362/362/362 155/155/155 208/208/208
f 365/365/365 227/227/227 221/221/221
f 365/365/365 221/221/221 219/219/219
f 216/216/216 365/365/365 219/219/219
f 158/158/158 212/212/212 206/206/206
f 157/157/157 158/158/158 206/206/206
f 207/207/207 157/157/157 206/206/206
f 238/238/238 233/233/233 162/162/162
f 162/162/162 368/368/368 238/238/238
f 161/161/161 232/232/232 235/235/235
f 235/235/235 240/240/240 230/230/230
f 161/161/161 235/235/235 230/230/230
f 159/159/159 161/161/161 230/230/230
f 211/211/211 159/159/159 230/230/230
f 214/214/214 229/229/229 242/242/242
f 242/242/242 236/236/236 239/239/239
f 214/214/214 242/242/242 239/239/239
f 364/364/364 214/214/214 239/239/239
f 366/366/366 364/364/364 239/239/239
f 372/372/372 369/369/369 378/378/378
f 378/378/378 376/376/376 372/372/372
f 375/375/375 377/377/377 382/382/382
f 382/382/382 381/381/381 375/375/375
f 380/380/380 383/383/383 387/387/387
f 387/387/387 384/384/384 380/380/380
f 386/386/386 388/388/388 370/370/370
f 370/370/370 371/371/371 386/386/386
f 172/172/172 390/390/390 392/392/392
f 392/392/392 173/173/173 172/172/172
f 174/174/174 393/393/393 396/396/396
f 396/396/396 175/175/175 174/174/174
f 176/176/176 397/397/397 400/400/400
f 400/400/400 177/177/177 176/176/176
f 178/178/178 399/399/399 389/389/389
f 389/389/389 171/171/171 178/178/178
f 391/391/391 373/373/373 374/374/374
f 374/374/374 394/394/394 391/391/391
f 393/393/393 375/375/375 381/381/381
f 381/381/381 396/396/396 393/393/393
f 395/395/395 379/379/379 385/385/385
f 385/385/385 398/398/398 395/395/395
f 399/399/399 386/386/386 371/371/371
f 371/371/371 389/389/389 399/399/399
f 404/404/404 402/402/402 410/410/410
f 402/402/402 407/407/407 410/410/410
f 423/423/423 421/421/421 415/415/415
f 423/423/423 415/415/415 418/418/418
f 417/417/417 414/414/414 403/403/403
f 417/417/417 403/403/403 406/406/406
f 424/424/424 416/416/416 405/405/405
f 424/424/424 405/405/405 412/412/412
f 419/419/419 422/422/422 411/411/411
f 419/419/419 411/411/411 408/408/408
f 413/413/413 420/420/420 409/409/409
f 413/413/413 409/409/409 401/401/401
f 430/430/430 426/426/426 436/436/436
f 426/426/426 432/432/432 436/436/436
f 446/446/446 443/443/443 439/439/439
f 446/446/446 439/439/439 440/440/440
f 442/442/442 437/437/437 427/427/427
f 442/442/442 427/427/427 429/429/429
f 447/447/447 441/441/441 428/428/428
f 447/447/447 428/428/428 434/434/434
f 444/444/444 448/448/448 435/435/435
f 444/444/444 435/435/435 431/431/431
f 438/438/438 445/445/445 433/433/433
f 438/438/438 433/433/433 425/425/425
f 450/450/450 453/453/453 456/456/456
f 456/456/456 452/452/452 450/450/450
f 457/457/457 459/459/459 464/464/464
f 464/464/464 462/462/462 457/457/457
f 451/451/451 455/455/455 463/463/463
f 463/463/463 460/460/460 451/451/451
f 454/454/454 449/449/449 458/458/458
f 458/458/458 461/461/461 454/454/454
f 486/486/486 485/485/485 483/483/483
f 483/483/483 480/480/480 479/479/479
f 479/479/479 477/477/477 474/474/474
f 483/483/483 479/479/479 474/474/474
f 474/474/474 471/471/471 469/469/469
f 469/469/469 468/468/468 465/465/465
f 474/474/474 469/469/469 465/465/465
f 483/483/483 474/474/474 465/465/465
f 486/486/486 483/483/483 465/465/465
f 488/488/488 486/486/486 465/465/465
f 466/466/466 467/467/467 492/492/492
f 492/492/492 491/491/491 466/466/466
f 467/467/467 470/470/470 495/495/495
f 495/495/495 492/492/492 467/467/467
f 470/470/470 473/473/473 498/498/498
f 498/498/498 495/495/495 470/470/470
f 472/472/472 475/475/475 500/500/500
f 500/500/500 496/496/496 472/472/472
f 475/475/475 476/476/476 502/502/502
f 502/502/502 500/500/500 475/475/475
f 476/476/476 478/478/478 504/504/504
f 504/504/504 502/502/502 476/476/476
f 478/478/478 481/481/481 506/506/506
f 506/506/506 504/504/504 478/478/478
f 481/481/481 482/482/482 508/508/508
f 508/508/508 506/506/506 481/481/481
f 482/482/482 484/484/484 510/510/510
f 510/510/510 508/508/508 482/482/482
f 484/484/484 487/487/487 512/512/512
f 512/512/512 510/510/510 484/484/484
f 487/487/487 489/489/489 514/514/514
f 514/514/514 512/512/512 487/487/487
f 489/489/489 466/466/466 491/491/491
f 491/491/491 514/514/514 489/489/489
f 490/490/490 493/493/493 494/494/494
f 494/494/494 497/497/497 499/499/499
f 499/499/499 501/501/501 503/503/503
f 494/494/494 499/499/499 503/503/503
f 503/503/503 505/505/505 507/507/507
f 507/507/507 509/509/509 511/511/511
f 503/503/503 507/507/507 511/511/511
f 494/494/494 503/503/503 511/511/511
f 490/490/490 494/494/494 511/511/511
f 513/513/513 490/490/490 511/511/511
f 515/515/515 520/520/520 521/521/521
f 521/521/521 518/518/518 515/515/515
f 523/523/523 526/526/526 530/530/530
f 530/530/530 527/527/527 523/523/523
f 517/517/517 522/522/522 529/529/529
f 529/529/529 525/525/525 517/517/517
f 519/519/519 516/516/516 524/524/524
f 524/524/524 528/528/528 519/519/519
f 531/531/531 535/535/535 538/538/538
f 538/538/538 533/533/533 531/531/531
f 539/539/539 542/542/542 546/546/546
f 546/546/546 544/544/544 539/539/539
f 534/534/534 537/537/537 545/545/545
f 545/545/545 541/541/541 534/534/534
f 536/536/536 532/532/532 540/540/540
f 540/540/540 543/543/543 536/536/536
f 568/568/568 566/566/566 565/565/565
f 565/565/565 563/563/563 560/560/560
f 560/560/560 559/559/559 556/556/556
f 565/565/565 560/560/560 556/556/556
f 556/556/556 553/553/553 551/551/551
f 551/551/551 550/550/550 547/547/547
f 556/556/556 551/551/551 547/547/547
f 565/565/565 556/556/556 547/547/547
f 568/568/568 565/565/565 547/547/547
f 571/571/571 568/568/568 547/547/547
f 548/548/548 549/549/549 574/574/574
f 574/574/574 572/572/572 548/548/548
f 549/549/549 552/552/552 576/576/576
f 576/576/576 574/574/574 549/549/549
f 552/552/552 555/555/555 579/579/579
f 579/579/579 576/576/576 552/552/552
f 554/554/554 557/557/557 582/582/582
f 582/582/582 580/580/580 554/554/554
f 557/557/557 558/558/558 584/584/584
f 584/584/584 582/582/582 557/557/557
f 558/558/558 561/561/561 586/586/586
f 586/586/586 584/584/584 558/558/558
f 561/561/561 562/562/562 588/588/588
f 588/588/588 586/586/586 561/561/561
f 562/562/562 564/564/564 589/589/589
f 589/589/589 588/588/588 562/562/562
f 564/564/564 567/567/567 592/592/592
f 592/592/592 589/589/589 564/564/564
f 567/567/567 569/569/569 593/593/593
f 593/593/593 592/592/592 567/567/567
f 569/569/569 570/570/570 595/595/595
f 595/595/595 593/593/593 569/569/569
f 570/570/570 548/548/548 572/572/572
f 572/572/572 595/595/595 570/570/570
f 573/573/573 575/575/575 577/577/577
f 577/577/577 578/578/578 581/581/581
f 581/581/581 583/583/583 585/585/585
f 577/577/577 581/581/581 585/585/585
f 585/585/585 587/587/587 590/590/590
f 590/590/590 591/591/591 594/594/594
f 585/585/585 590/590/590 594/594/594
f 577/577/577 585/585/585 594/594/594
f 573/573/573 577/577/577 594/594/594
f 596/596/596 573/573/573 594/594/594
f 598/598/598 602/602/602 603/603/603
f 603/603/603 599/599/599 598/598/598
f 605/605/605 607/607/607 612/612/612
f 612/612/612 609/609/609 605/605/605
f 600/600/600 604/604/604 611/611/611
f 611/611/611 608/608/608 600/600/600
f 601/601/601 597/597/597 606/606/606
f 606/606/606 610/610/610 601/601/601
f 613/613/613 618/618/618 619/619/619
f 619/619/619 615/615/615 613/613/613
f 622/622/622 623/623/623 628/628/628
f 628/628/628 625/625/625 622/622/622
f 616/616/616 620/620/620 627/627/627
f 627/627/627 624/624/624 616/616/616
f 617/617/617 614/614/614 621/621/621
f 621/621/621 626/626/626 617/617/617
f 650/650/650 648/648/648 647/647/647
f 647/647/647 645/645/645 642/642/642
f 642/642/642 641/641/641 638/638/638
f 647/647/647 642/642/642 638/638/638
f 638/638/638 635/635/635 633/633/633
f 633/633/633 631/631/631 630/630/630
f 638/638/638 633/633/633 630/630/630
f 647/647/647 638/638/638 630/630/630
f 650/650/650 647/647/647 630/630/630
f 653/653/653 650/650/650 630/630/630
f 629/629/629 632/632/632 657/657/657
f 657/657/657 654/654/654 629/629/629
f 632/632/632 634/634/634 658/658/658
f 658/658/658 657/657/657 632/632/632
f 634/634/634 637/637/637 660/660/660
f 660/660/660 658/658/658 634/634/634
f 636/636/636 639/639/639 663/663/663
f 663/663/663 661/661/661 636/636/636
f 639/639/639 640/640/640 665/665/665
f 665/665/665 663/663/663 639/639/639
f 640/640/640 643/643/643 667/667/667
f 667/667/667 665/665/665 640/640/640
f 643/643/643 644/644/644 670/670/670
f 670/670/670 667/667/667 643/643/643
f 644/644/644 646/646/646 672/672/672
f 672/672/672 670/670/670 644/644/644
f 646/646/646 649/649/649 674/674/674
f 674/674/674 672/672/672 646/646/646
f 649/649/649 651/651/651 675/675/675
f 675/675/675 674/674/674 649/649/649
f 651/651/651 652/652/652 678/678/678
f 678/678/678 675/675/675 651/651/651
f 652/652/652 629/629/629 654/654/654
f 654/654/654 678/678/678 652/652/652
f 655/655/655 656/656/656 659/659/659
f 659/659/659 662/662/662 664/664/664
f 664/664/664 666/666/666 668/668/668
f 659/659/659 664/664/664 668/668/668
f 668/668/668 669/669/669 671/671/671
f 671/671/671 673/673/673 676/676/676
f 668/668/668 671/671/671 676/676/676
f 659/659/659 668/668/668 676/676/676
f 655/655/655 659/659/659 676/676/676
f 677/677/677 655/655/655 676/676/676
f 680/680/680 683/683/683 686/686/686
f 686/686/686 681/681/681 680/680/680
f 687/687/687 689/689/689 694/694/694
f 694/694/694 691/691/691 687/687/687
f 682/682/682 685/685/685 693/693/693
f 693/693/693 690/690/690 682/682/682
f 684/684/684 679/679/679 688/688/688
f 688/688/688 692/692/692 684/684/684
f 695/695/695 700/700/700 702/702/702
f 702/702/702 698/698/698 695/695/695
f 704/704/704 705/705/705 709/709/709
f 709/709/709 708/708/708 704/704/704
f 697/697/697 701/701/701 710/710/710
f 710/710/710 706/706/706 697/697/697
f 699/699/699 696/696/696 703/703/703
f 703/703/703 707/707/707 699/699/699
f 732/732/732 731/731/731 728/728/728
f 728/728/728 727/727/727 724/724/724
f 724/724/724 722/722/722 720/720/720
f 728/728/728 724/724/724 720/720/720
f 720/720/720 718/718/718 716/716/716
f 716/716/716 714/714/714 711/711/711
f 720/720/720 716/716/716 711/711/711
f 728/728/728 720/720/720 711/711/711
f 732/732/732 728/728/728 711/711/711
f 734/734/734 732/732/732 711/711/711
f 712/712/712 713/713/713 739/739/739
f 739/739/739 737/737/737 712/712/712
f 713/713/713 715/715/715 741/741/741
f 741/741/741 739/739/739 713/713/713
f 715/715/715 717/717/717 742/742/742
f 742/742/742 741/741/741 715/715/715
f 719/719/719 721/721/721 745/745/745
f 745/745/745 743/743/743 719/719/719
f 721/721/721 723/723/723 747/747/747
f 747/747/747 745/745/745 721/721/721
f 723/723/723 725/725/725 750/750/750
f 750/750/750 747/747/747 723/723/723
f 725/725/725 726/726/726 751/751/751
f 751/751/751 750/750/750 725/725/725
f 726/726/726 729/729/729 753/753/753
f 753/753/753 751/751/751 726/726/726
f 729/729/729 730/730/730 755/755/755
f 755/755/755 753/753/753 729/729/729
f 730/730/730 733/733/733 757/757/757
f 757/757/757 755/755/755 730/730/730
f 733/733/733 735/735/735 760/760/760
f 760/760/760 757/757/757 733/733/733
f 735/735/735 712/712/712 737/737/737
f 737/737/737 760/760/760 735/735/735
f 736/736/736 738/738/738 740/740/740
f 740/740/740 744/744/744 746/746/746
f 746/746/746 748/748/748 749/749/749
f 740/740/740 746/746/746 749/749/749
f 749/749/749 752/752/752 754/754/754
f 754/754/754 756/756/756 758/758/758
f 749/749/749 754/754/754 758/758/758
f 740/740/740 749/749/749 758/758/758
f 736/736/736 740/740/740 758/758/758
f 759/759/759 736/736/736 758/758/758
f 762/762/762 766/766/766 767/767/767
f 767/767/767 763/763/763 762/762/762
f 770/770/770 771/771/771 776/776/776
f 776/776/776 773/773/773 770/770/770
f 764/764/764 768/768/768 775/775/775
f 775/775/775 772/772/772 764/764/764
f 765/765/765 761/761/761 769/769/769
f 769/769/769 774/774/774 765/765/765
f 781/781/781 778/778/778 787/787/787
f 778/778/778 785/785/785 787/787/787
f 798/798/798 795/795/795 789/789/789
f 798/798/798 789/789/789 792/792/792
f 794/794/794 790/790/790 777/777/777
f 794/794/794 777/777/777 782/782/782
f 800/800/800 793/793/793 780/780/780
f 800/800/800 780/780/780 786/786/786
f 796/796/796 799/799/799 788/788/788
f 796/796/796 788/788/788 784/784/784
f 791/791/791 797/797/797 783/783/783
f 791/791/791 783/783/783 779/779/779

