mtllib material.mtl
usemtl material_0
v 3.68067700 -12.98020200 -2.44376300
v 3.68067700 -12.98020200 -2.44376300
v 3.68067700 -12.98020200 -2.44376300
v 3.68067800 -14.31885300 -2.44376200
v 3.68067800 -14.31885300 -2.44376200
v 3.68067800 -14.31885300 -2.44376200
v 3.68068000 -12.98020400 -3.98321300
v 3.68068000 -12.98020400 -3.98321300
v 3.68068000 -12.98020400 -3.98321300
v 3.68068000 -14.31885500 -3.98321200
v 3.68068000 -14.31885500 -3.98321200
v 3.68068000 -14.31885500 -3.98321200
v 3.69872300 -12.98020200 -2.44376300
v 3.69872300 -12.98020200 -2.44376300
v 3.69872300 -12.98020200 -2.44376300
v 3.69872300 -14.31885300 -2.44376200
v 3.69872300 -14.31885300 -2.44376200
v 3.69872300 -14.31885300 -2.44376200
v 3.69872500 -12.98020400 -3.98321300
v 3.69872500 -12.98020400 -3.98321300
v 3.69872500 -12.98020400 -3.98321300
v 3.69872600 -14.31885500 -3.98321100
v 3.69872600 -14.31885500 -3.98321100
v 3.69872600 -14.31885500 -3.98321100
v 3.59271800 -13.62354500 -1.67420100
v 3.61870300 -13.57853700 -1.67420100
v 3.66371100 -13.55255100 -1.67420100
v 3.71568100 -13.55255100 -1.67420100
v 3.76068900 -13.57853600 -1.67420100
v 3.78667400 -13.62354400 -1.67420100
v 3.59271800 -13.62354500 -1.73721200
v 3.59271800 -13.62354500 -1.73721200
v 3.61870300 -13.57853700 -1.73721200
v 3.61870300 -13.57853700 -1.73721200
v 3.66371100 -13.55255100 -1.73721200
v 3.66371100 -13.55255100 -1.73721200
v 3.66371100 -13.55255100 -1.73721200
v 3.71568100 -13.55255100 -1.73721200
v 3.71568100 -13.55255100 -1.73721200
v 3.71568100 -13.55255100 -1.73721200
v 3.76068900 -13.57853600 -1.73721200
v 3.76068900 -13.57853600 -1.73721200
v 3.78667400 -13.62354400 -1.73721200
v 3.78667400 -13.62354400 -1.73721200
v 3.66371100 -13.55255100 -1.90454400
v 3.66371100 -13.55255100 -1.90454400
v 3.71568100 -13.55255100 -1.90454400
v 3.71568100 -13.55255100 -1.90454400
v 3.66371100 -13.58601800 -1.93801000
v 3.66371100 -13.58601800 -1.93801000
v 3.71568100 -13.58601800 -1.93801000
v 3.71568100 -13.58601800 -1.93801000
v 3.66371100 -13.55627000 -1.92313600
v 3.66371100 -13.55627000 -1.92313600
v 3.66371100 -13.56742600 -1.93429100
v 3.66371100 -13.56742600 -1.93429100
v 3.71568100 -13.56742600 -1.93429100
v 3.71568100 -13.56742600 -1.93429100
v 3.71568100 -13.55627000 -1.92313600
v 3.71568100 -13.55627000 -1.92313600
v 3.70308300 -13.56882300 -1.89207700
v 3.70308300 -13.58620800 -1.90212400
v 3.68969600 -13.55723300 -1.88537900
v 3.68969600 -13.33897500 -2.42285200
v 3.68969600 -13.33897500 -2.42285200
v 3.68969600 -13.33897500 -2.42285200
v 3.70308300 -13.30182400 -2.41917300
v 3.70308300 -13.30182400 -2.41917300
v 3.68969600 -13.28850200 -2.41785500
v 3.68969600 -13.28850200 -2.41785500
v 3.67631000 -13.32565400 -2.42153300
v 3.67631000 -13.32565400 -2.42153300
v 3.71160000 -13.33379800 -2.46456500
v 3.71160000 -13.33379800 -2.46456500
v 3.69644200 -13.27896700 -2.46390400
v 3.69644200 -13.27896700 -2.46390400
v 3.67140800 -13.29435500 -2.46434800
v 3.67140800 -13.29435500 -2.46434800
v 3.68300100 -13.34611800 -2.46499000
v 3.68300100 -13.34611800 -2.46499000
v 3.68300100 -13.34611800 -2.46499000
v 3.71155700 -13.29548700 -2.41854400
v 3.71155700 -13.29548700 -2.41854400
v 3.69639000 -13.34846100 -2.42379800
v 3.69639000 -13.34846100 -2.42379800
v 3.66916900 -13.33514800 -2.42247700
v 3.66916900 -13.33514800 -2.42247700
v 3.68077300 -13.28217400 -2.41722300
v 3.68077300 -13.28217400 -2.41722300
v 3.68969700 -13.59779900 -1.90882200
v 3.68969700 -13.59779900 -1.90882200
v 3.67631000 -13.58620800 -1.90212400
v 3.67631000 -13.56882300 -1.89207700
v 3.70308300 -13.32565400 -2.42153300
v 3.70308300 -13.32565400 -2.42153300
v 3.67631000 -13.30182400 -2.41917300
v 3.67631000 -13.30182400 -2.41917300
v 3.69865800 -13.34668900 -2.46486300
v 3.69865800 -13.34668900 -2.46486300
v 3.71021800 -13.29125300 -2.46395900
v 3.71021800 -13.29125300 -2.46395900
v 3.68521400 -13.27988600 -2.46401700
v 3.68521400 -13.27988600 -2.46401700
v 3.67008900 -13.33225300 -2.46490300
v 3.67008900 -13.33225300 -2.46490300
v 3.69861900 -13.28217400 -2.41722300
v 3.69861900 -13.28217400 -2.41722300
v 3.71022400 -13.33514800 -2.42247700
v 3.71022400 -13.33514800 -2.42247700
v 3.68300300 -13.34846100 -2.42379800
v 3.68300300 -13.34846100 -2.42379800
v 3.68300300 -13.34846100 -2.42379800
v 3.66783500 -13.29548700 -2.41854400
v 3.66783500 -13.29548700 -2.41854400
v 3.70159600 -13.56238400 -1.88835600
v 3.69713300 -13.55852000 -1.88612300
v 3.69713400 -13.59651100 -1.90807700
v 3.70159600 -13.59264800 -1.90584500
v 3.67779700 -13.59264800 -1.90584500
v 3.68226000 -13.59651100 -1.90807700
v 3.68225900 -13.55852000 -1.88612300
v 3.67779700 -13.56238400 -1.88835600
v 3.69713300 -13.33749500 -2.42270500
v 3.69713300 -13.33749500 -2.42270500
v 3.70159600 -13.33305500 -2.42226600
v 3.70159600 -13.33305500 -2.42226600
v 3.70159500 -13.29442200 -2.41844100
v 3.70159500 -13.29442200 -2.41844100
v 3.69713300 -13.28998200 -2.41800100
v 3.69713300 -13.28998200 -2.41800100
v 3.68225900 -13.28998200 -2.41800100
v 3.68225900 -13.28998200 -2.41800100
v 3.67779700 -13.29442200 -2.41844100
v 3.67779700 -13.29442200 -2.41844100
v 3.67779700 -13.33305500 -2.42226600
v 3.67779700 -13.33305500 -2.42226600
v 3.68225900 -13.33749500 -2.42270500
v 3.68225900 -13.33749500 -2.42270500
v 3.71035500 -13.34117700 -2.46468300
v 3.71035500 -13.34117700 -2.46468300
v 3.70604100 -13.34547300 -2.46478200
v 3.70604100 -13.34547300 -2.46478200
v 3.70390200 -13.27984600 -2.46385000
v 3.70390200 -13.27984600 -2.46385000
v 3.70849400 -13.28394200 -2.46386800
v 3.70849400 -13.28394200 -2.46386800
v 3.67314900 -13.28680200 -2.46422400
v 3.67314900 -13.28680200 -2.46422400
v 3.67775100 -13.28198000 -2.46411400
v 3.67775100 -13.28198000 -2.46411400
v 3.67562100 -13.34436000 -2.46502900
v 3.67562100 -13.34436000 -2.46502900
v 3.67131700 -13.33973900 -2.46500000
v 3.67131700 -13.33973900 -2.46500000
v 3.71031900 -13.28809100 -2.41781000
v 3.71031900 -13.28809100 -2.41781000
v 3.70600600 -13.28365300 -2.41737000
v 3.70600600 -13.28365300 -2.41737000
v 3.70387600 -13.34698200 -2.42365100
v 3.70387600 -13.34698200 -2.42365100
v 3.70848800 -13.34254500 -2.42321100
v 3.70848800 -13.34254500 -2.42321100
v 3.67090500 -13.34254500 -2.42321100
v 3.67090500 -13.34254500 -2.42321100
v 3.67551600 -13.34698200 -2.42365100
v 3.67551600 -13.34698200 -2.42365100
v 3.67338600 -13.28365300 -2.41737000
v 3.67338600 -13.28365300 -2.41737000
v 3.66907400 -13.28809200 -2.41781000
v 3.66907400 -13.28809200 -2.41781000
v 3.70428900 -13.29172700 -2.46401800
v 3.70565300 -13.33357700 -2.46461300
v 3.67734500 -13.29388100 -2.46428800
v 3.67602700 -13.33247500 -2.46485400
v 3.69687900 -13.29231900 -2.46409300
v 3.69822000 -13.33330100 -2.46467400
v 3.68476700 -13.29328700 -2.46421400
v 3.68344800 -13.33275000 -2.46479400
v 3.59271800 -13.64952900 -1.73721200
v 3.59271800 -13.64952900 -1.73721200
v 3.59271800 -13.64952900 -1.73721200
v 3.66371100 -13.64952900 -1.73721200
v 3.66371100 -13.64952900 -1.73721200
v 3.66371100 -13.64952900 -1.93801000
v 3.66371100 -13.64952900 -1.93801000
v 3.66371100 -13.64952900 -1.93801000
v 3.70246400 -13.34935400 -2.34172200
v 3.70246400 -13.34935400 -2.34172200
v 3.70246400 -13.34935400 -2.37323700
v 3.70246400 -13.34935400 -2.37323700
v 3.67692600 -13.34935400 -2.37323700
v 3.67692600 -13.34935400 -2.37323700
v 3.67692600 -13.34935400 -2.34172200
v 3.67692600 -13.34935400 -2.34172200
v 3.71240800 -13.64952900 -2.34172200
v 3.71240800 -13.64952900 -2.34172200
v 3.71240800 -13.64952900 -2.37323700
v 3.71240800 -13.64952900 -2.37323700
v 3.68687000 -13.64952900 -2.37323700
v 3.68687000 -13.64952900 -2.37323700
v 3.68687000 -13.64952900 -2.34172200
v 3.68687000 -13.64952900 -2.34172200
v 3.71240800 -13.53710800 -2.34172200
v 3.71240800 -13.53710800 -2.34172200
v 3.71240800 -13.53710800 -2.34172200
v 3.71240800 -13.53710800 -2.37323700
v 3.71240800 -13.53710800 -2.37323700
v 3.71240800 -13.53710800 -2.37323700
v 3.68687000 -13.53710800 -2.37323700
v 3.68687000 -13.53710800 -2.37323700
v 3.68687000 -13.53710800 -2.37323700
v 3.68687000 -13.53710800 -2.34172200
v 3.68687000 -13.53710800 -2.34172200
v 3.68687000 -13.53710800 -2.34172200
v 3.70246400 -13.52270800 -2.37323700
v 3.70246400 -13.52270800 -2.37323700
v 3.70246400 -13.52270800 -2.37323700
v 3.70246400 -13.52270800 -2.34172200
v 3.70246400 -13.52270800 -2.34172200
v 3.70246400 -13.52270800 -2.34172200
v 3.67692700 -13.52270800 -2.34172200
v 3.67692700 -13.52270800 -2.34172200
v 3.67692700 -13.52270800 -2.34172200
v 3.67692700 -13.52270800 -2.37323700
v 3.67692700 -13.52270800 -2.37323700
v 3.67692700 -13.52270800 -2.37323700
v 3.59271800 -13.67551500 -1.67420100
v 3.61870400 -13.72052200 -1.67420100
v 3.61870400 -13.72052200 -1.73721200
v 3.61870400 -13.72052200 -1.73721200
v 3.59271800 -13.67551500 -1.73721200
v 3.59271800 -13.67551500 -1.73721200
v 3.66371100 -13.74650800 -1.67420100
v 3.66371100 -13.74650800 -1.73721200
v 3.66371100 -13.74650800 -1.73721200
v 3.66371100 -13.74650800 -1.73721200
v 3.71568200 -13.74650800 -1.67420100
v 3.71568200 -13.74650800 -1.73721200
v 3.71568200 -13.74650800 -1.73721200
v 3.71568200 -13.74650800 -1.73721200
v 3.76068900 -13.72052200 -1.67420100
v 3.76068900 -13.72052200 -1.73721200
v 3.76068900 -13.72052200 -1.73721200
v 3.78667400 -13.67551400 -1.67420100
v 3.78667400 -13.67551400 -1.73721200
v 3.78667400 -13.67551400 -1.73721200
v 3.78667400 -13.64952900 -1.67420100
v 3.78667400 -13.64952900 -1.67420100
v 3.78667400 -13.64952900 -1.73721200
v 3.78667400 -13.64952900 -1.73721200
v 3.78667400 -13.64952900 -1.73721200
v 3.71568200 -13.74650700 -1.90454400
v 3.71568200 -13.74650700 -1.90454400
v 3.66371200 -13.74650800 -1.90454400
v 3.66371200 -13.74650800 -1.90454400
v 3.66371100 -13.71304100 -1.93801000
v 3.66371100 -13.71304100 -1.93801000
v 3.66371200 -13.73163300 -1.93429100
v 3.66371200 -13.73163300 -1.93429100
v 3.71568200 -13.73163300 -1.93429100
v 3.71568200 -13.73163300 -1.93429100
v 3.71568200 -13.71304100 -1.93801000
v 3.71568200 -13.71304100 -1.93801000
v 3.66371200 -13.74278900 -1.92313600
v 3.66371200 -13.74278900 -1.92313600
v 3.71568200 -13.74278800 -1.92313600
v 3.71568200 -13.74278800 -1.92313600
v 3.71022000 -14.00780600 -2.46395900
v 3.71022000 -14.00780600 -2.46395900
v 3.71156000 -14.00357100 -2.41854400
v 3.71156000 -14.00357100 -2.41854400
v 3.71022600 -13.96391100 -2.42247700
v 3.71022600 -13.96391100 -2.42247700
v 3.71160200 -13.96526000 -2.46456500
v 3.71160200 -13.96526000 -2.46456500
v 3.69865900 -13.95237000 -2.46486400
v 3.69865900 -13.95237000 -2.46486400
v 3.69865900 -13.95237000 -2.46486400
v 3.69639200 -13.95059700 -2.42379800
v 3.69639200 -13.95059700 -2.42379800
v 3.69639200 -13.95059700 -2.42379800
v 3.68300500 -13.95059700 -2.42379800
v 3.68300500 -13.95059700 -2.42379800
v 3.68300300 -13.95294000 -2.46499100
v 3.68300300 -13.95294000 -2.46499100
v 3.67009100 -13.96680500 -2.46490300
v 3.67009100 -13.96680500 -2.46490300
v 3.66917100 -13.96391100 -2.42247700
v 3.66917100 -13.96391100 -2.42247700
v 3.66783700 -14.00357100 -2.41854400
v 3.66783700 -14.00357100 -2.41854400
v 3.67141000 -14.00470300 -2.46434800
v 3.67141000 -14.00470300 -2.46434800
v 3.68521600 -14.01917200 -2.46401700
v 3.68521600 -14.01917200 -2.46401700
v 3.68077600 -14.01688500 -2.41722400
v 3.68077600 -14.01688500 -2.41722400
v 3.69862100 -14.01688500 -2.41722400
v 3.69862100 -14.01688500 -2.41722400
v 3.69644500 -14.02009100 -2.46390400
v 3.69644500 -14.02009100 -2.46390400
v 3.67631000 -13.71285100 -1.90212400
v 3.67779800 -13.70641100 -1.90584500
v 3.68226000 -13.70254800 -1.90807700
v 3.68969700 -13.70126000 -1.90882200
v 3.68969700 -13.70126000 -1.90882200
v 3.69713400 -13.70254800 -1.90807700
v 3.70159600 -13.70641100 -1.90584500
v 3.70308300 -13.71285100 -1.90212400
v 3.70308400 -13.73023600 -1.89207700
v 3.70159600 -13.73667500 -1.88835600
v 3.69713400 -13.74053900 -1.88612300
v 3.68969700 -13.74182600 -1.88537900
v 3.68226000 -13.74053900 -1.88612300
v 3.67779800 -13.73667500 -1.88835600
v 3.67631000 -13.73023600 -1.89207700
v 3.70308500 -13.99723500 -2.41917300
v 3.70308500 -13.99723500 -2.41917300
v 3.70308500 -13.97340400 -2.42153300
v 3.70308500 -13.97340400 -2.42153300
v 3.67631200 -13.97340500 -2.42153300
v 3.67631200 -13.97340500 -2.42153300
v 3.67631200 -13.99723500 -2.41917300
v 3.67631200 -13.99723500 -2.41917300
v 3.68969800 -13.96008300 -2.42285200
v 3.68969800 -13.96008300 -2.42285200
v 3.68969800 -13.96008300 -2.42285200
v 3.68969800 -14.01055600 -2.41785500
v 3.68969800 -14.01055600 -2.41785500
v 3.70849600 -14.01511700 -2.46386800
v 3.70849600 -14.01511700 -2.46386800
v 3.71032100 -14.01096700 -2.41781000
v 3.71032100 -14.01096700 -2.41781000
v 3.70159700 -13.96600300 -2.42226600
v 3.70159700 -13.96600300 -2.42226600
v 3.68226100 -13.96156300 -2.42270500
v 3.68226100 -13.96156300 -2.42270500
v 3.67779900 -14.00463600 -2.41844100
v 3.67779900 -14.00463600 -2.41844100
v 3.70849000 -13.95651400 -2.42321100
v 3.70849000 -13.95651400 -2.42321100
v 3.71035700 -13.95788200 -2.46468300
v 3.71035700 -13.95788200 -2.46468300
v 3.70159700 -14.00463600 -2.41844100
v 3.70159700 -14.00463600 -2.41844100
v 3.66907600 -14.01096700 -2.41781000
v 3.66907600 -14.01096700 -2.41781000
v 3.67315100 -14.01225600 -2.46422400
v 3.67315100 -14.01225600 -2.46422400
v 3.67551800 -13.95207600 -2.42365100
v 3.67551800 -13.95207600 -2.42365100
v 3.67562300 -13.95469800 -2.46502900
v 3.67562300 -13.95469800 -2.46502900
v 3.69713500 -14.00907600 -2.41800100
v 3.69713500 -14.00907600 -2.41800100
v 3.70600800 -14.01540500 -2.41737000
v 3.70600800 -14.01540500 -2.41737000
v 3.70390500 -14.01921200 -2.46385000
v 3.70390500 -14.01921200 -2.46385000
v 3.69713500 -13.96156300 -2.42270500
v 3.69713500 -13.96156300 -2.42270500
v 3.67779900 -13.96600300 -2.42226600
v 3.67779900 -13.96600300 -2.42226600
v 3.68226100 -14.00907600 -2.41800100
v 3.68226100 -14.00907600 -2.41800100
v 3.70387800 -13.95207600 -2.42365100
v 3.70387800 -13.95207600 -2.42365100
v 3.70604300 -13.95358500 -2.46478200
v 3.70604300 -13.95358500 -2.46478200
v 3.67338900 -14.01540500 -2.41737000
v 3.67338900 -14.01540500 -2.41737000
v 3.67775300 -14.01707800 -2.46411400
v 3.67775300 -14.01707800 -2.46411400
v 3.67090700 -13.95651400 -2.42321100
v 3.67090700 -13.95651400 -2.42321100
v 3.67131900 -13.95931900 -2.46500000
v 3.67131900 -13.95931900 -2.46500000
v 3.67602900 -13.96658400 -2.46485500
v 3.67734700 -14.00517700 -2.46428900
v 3.70429200 -14.00733200 -2.46401900
v 3.70565500 -13.96548100 -2.46461300
v 3.68476900 -14.00577100 -2.46421400
v 3.68345000 -13.96630800 -2.46479400
v 3.69688100 -14.00673900 -2.46409300
v 3.69822100 -13.96575800 -2.46467400
v 3.59271800 -13.64952900 -1.67420100
v 3.59271800 -13.64952900 -1.67420100
v 3.71568100 -13.64952900 -1.73721200
v 3.71568100 -13.64952900 -1.73721200
v 3.71568200 -13.64952900 -1.93801000
v 3.71568200 -13.64952900 -1.93801000
v 3.71568200 -13.64952900 -1.93801000
v 3.70246600 -13.94970400 -2.34172200
v 3.70246600 -13.94970400 -2.34172200
v 3.70246500 -13.77635100 -2.34172200
v 3.70246500 -13.77635100 -2.34172200
v 3.70246500 -13.77635100 -2.34172200
v 3.70246500 -13.77635100 -2.37323700
v 3.70246500 -13.77635100 -2.37323700
v 3.70246500 -13.77635100 -2.37323700
v 3.70246600 -13.94970400 -2.37323700
v 3.70246600 -13.94970400 -2.37323700
v 3.67692800 -13.77635100 -2.37323700
v 3.67692800 -13.77635100 -2.37323700
v 3.67692800 -13.77635100 -2.37323700
v 3.67692800 -13.94970400 -2.37323700
v 3.67692800 -13.94970400 -2.37323700
v 3.67692800 -13.77635100 -2.34172200
v 3.67692800 -13.77635100 -2.34172200
v 3.67692800 -13.77635100 -2.34172200
v 3.67692800 -13.94970400 -2.34172200
v 3.67692800 -13.94970400 -2.34172200
v 3.71240800 -13.76195000 -2.34172200
v 3.71240800 -13.76195000 -2.34172200
v 3.71240800 -13.76195000 -2.34172200
v 3.71240800 -13.76195000 -2.37323700
v 3.71240800 -13.76195000 -2.37323700
v 3.71240800 -13.76195000 -2.37323700
v 3.68687100 -13.76195000 -2.37323700
v 3.68687100 -13.76195000 -2.37323700
v 3.68687100 -13.76195000 -2.37323700
v 3.68687100 -13.76195000 -2.34172200
v 3.68687100 -13.76195000 -2.34172200
v 3.68687100 -13.76195000 -2.34172200
v 3.68230300 -13.15291100 -3.98038300
v 3.68230300 -13.15291100 -3.98038300
v 3.68230300 -13.10145300 -3.98038300
v 3.68230300 -13.10145300 -3.98038300
v 3.68230300 -13.15291100 -4.02803700
v 3.68230300 -13.15291100 -4.02803700
v 3.68230300 -13.10145300 -4.02803700
v 3.68230300 -13.10145300 -4.02803700
v 3.69710500 -13.15291100 -3.98038300
v 3.69710500 -13.15291100 -3.98038300
v 3.69710500 -13.10145300 -3.98038300
v 3.69710500 -13.10145300 -3.98038300
v 3.69710500 -13.15291100 -4.02803700
v 3.69710500 -13.15291100 -4.02803700
v 3.69710500 -13.10145300 -4.02803700
v 3.69710500 -13.10145300 -4.02803700
v 3.67966400 -13.16293700 -4.00421000
v 3.67966400 -13.16293700 -4.00421000
v 3.68100900 -13.16293700 -4.00923000
v 3.68100900 -13.16293700 -4.00923000
v 3.68468400 -13.16293700 -4.01290500
v 3.68468400 -13.16293700 -4.01290500
v 3.68970400 -13.16293700 -4.01425000
v 3.68970400 -13.16293700 -4.01425000
v 3.68970400 -13.16293700 -4.01425000
v 3.69472400 -13.16293700 -4.01290500
v 3.69472400 -13.16293700 -4.01290500
v 3.69839900 -13.16293700 -4.00923000
v 3.69839900 -13.16293700 -4.00923000
v 3.69974400 -13.16293700 -4.00421000
v 3.69974400 -13.16293700 -4.00421000
v 3.69839900 -13.16293700 -3.99919000
v 3.69839900 -13.16293700 -3.99919000
v 3.69472400 -13.16293700 -3.99551500
v 3.69472400 -13.16293700 -3.99551500
v 3.68970400 -13.16293700 -3.99417000
v 3.68970400 -13.16293700 -3.99417000
v 3.68468400 -13.16293700 -3.99551500
v 3.68468400 -13.16293700 -3.99551500
v 3.68100900 -13.16293700 -3.99919000
v 3.68100900 -13.16293700 -3.99919000
v 3.67966400 -12.99556800 -4.00421000
v 3.67966400 -12.99556800 -4.00421000
v 3.68100900 -12.99556800 -4.00923000
v 3.68100900 -12.99556800 -4.00923000
v 3.68468400 -12.99556800 -4.01290500
v 3.68468400 -12.99556800 -4.01290500
v 3.68970400 -12.99556800 -4.01425000
v 3.68970400 -12.99556800 -4.01425000
v 3.68970400 -12.99556800 -4.01425000
v 3.69472400 -12.99556800 -4.01290500
v 3.69472400 -12.99556800 -4.01290500
v 3.69839900 -12.99556800 -4.00923000
v 3.69839900 -12.99556800 -4.00923000
v 3.69974400 -12.99556800 -4.00421000
v 3.69974400 -12.99556800 -4.00421000
v 3.69839900 -12.99556800 -3.99919000
v 3.69839900 -12.99556800 -3.99919000
v 3.69472400 -12.99556800 -3.99551500
v 3.69472400 -12.99556800 -3.99551500
v 3.68970400 -12.99556800 -3.99417000
v 3.68970400 -12.99556800 -3.99417000
v 3.68468400 -12.99556800 -3.99551500
v 3.68468400 -12.99556800 -3.99551500
v 3.68100900 -12.99556800 -3.99919000
v 3.68100900 -12.99556800 -3.99919000
v 3.68230300 -13.05705400 -3.98038300
v 3.68230300 -13.05705400 -3.98038300
v 3.68230300 -13.00559400 -3.98038300
v 3.68230300 -13.00559400 -3.98038300
v 3.68230300 -13.05705400 -4.02803700
v 3.68230300 -13.05705400 -4.02803700
v 3.68230300 -13.00559400 -4.02803700
v 3.68230300 -13.00559400 -4.02803700
v 3.69710500 -13.05705400 -3.98038300
v 3.69710500 -13.05705400 -3.98038300
v 3.69710500 -13.00559400 -3.98038300
v 3.69710500 -13.00559400 -3.98038300
v 3.69710500 -13.05705400 -4.02803700
v 3.69710500 -13.05705400 -4.02803700
v 3.69710500 -13.00559400 -4.02803700
v 3.69710500 -13.00559400 -4.02803700
v 3.68230300 -14.29345900 -3.98038300
v 3.68230300 -14.29345900 -3.98038300
v 3.68230300 -14.24200000 -3.98038300
v 3.68230300 -14.24200000 -3.98038300
v 3.68230300 -14.29345900 -4.02803700
v 3.68230300 -14.29345900 -4.02803700
v 3.68230300 -14.24200000 -4.02803700
v 3.68230300 -14.24200000 -4.02803700
v 3.69710500 -14.29345900 -3.98038300
v 3.69710500 -14.29345900 -3.98038300
v 3.69710500 -14.24200000 -3.98038300
v 3.69710500 -14.24200000 -3.98038300
v 3.69710500 -14.29345900 -4.02803700
v 3.69710500 -14.29345900 -4.02803700
v 3.69710500 -14.24200000 -4.02803700
v 3.69710500 -14.24200000 -4.02803700
v 3.67966400 -14.30348400 -4.00421000
v 3.67966400 -14.30348400 -4.00421000
v 3.68100900 -14.30348400 -4.00923000
v 3.68100900 -14.30348400 -4.00923000
v 3.68468400 -14.30348400 -4.01290500
v 3.68468400 -14.30348400 -4.01290500
v 3.68970400 -14.30348400 -4.01425000
v 3.68970400 -14.30348400 -4.01425000
v 3.68970400 -14.30348400 -4.01425000
v 3.69472400 -14.30348400 -4.01290500
v 3.69472400 -14.30348400 -4.01290500
v 3.69839900 -14.30348400 -4.00923000
v 3.69839900 -14.30348400 -4.00923000
v 3.69974400 -14.30348400 -4.00421000
v 3.69974400 -14.30348400 -4.00421000
v 3.69839900 -14.30348400 -3.99919000
v 3.69839900 -14.30348400 -3.99919000
v 3.69472400 -14.30348400 -3.99551500
v 3.69472400 -14.30348400 -3.99551500
v 3.68970400 -14.30348400 -3.99417000
v 3.68970400 -14.30348400 -3.99417000
v 3.68468400 -14.30348400 -3.99551500
v 3.68468400 -14.30348400 -3.99551500
v 3.68100900 -14.30348400 -3.99919000
v 3.68100900 -14.30348400 -3.99919000
v 3.67966400 -14.13611600 -4.00421000
v 3.67966400 -14.13611600 -4.00421000
v 3.68100900 -14.13611600 -4.00923000
v 3.68100900 -14.13611600 -4.00923000
v 3.68468400 -14.13611600 -4.01290500
v 3.68468400 -14.13611600 -4.01290500
v 3.68970400 -14.13611600 -4.01425000
v 3.68970400 -14.13611600 -4.01425000
v 3.68970400 -14.13611600 -4.01425000
v 3.69472400 -14.13611600 -4.01290500
v 3.69472400 -14.13611600 -4.01290500
v 3.69839900 -14.13611600 -4.00923000
v 3.69839900 -14.13611600 -4.00923000
v 3.69974400 -14.13611600 -4.00421000
v 3.69974400 -14.13611600 -4.00421000
v 3.69839900 -14.13611600 -3.99919000
v 3.69839900 -14.13611600 -3.99919000
v 3.69472400 -14.13611600 -3.99551500
v 3.69472400 -14.13611600 -3.99551500
v 3.68970400 -14.13611600 -3.99417000
v 3.68970400 -14.13611600 -3.99417000
v 3.68468400 -14.13611600 -3.99551500
v 3.68468400 -14.13611600 -3.99551500
v 3.68100900 -14.13611600 -3.99919000
v 3.68100900 -14.13611600 -3.99919000
v 3.68230300 -14.19760000 -3.98038300
v 3.68230300 -14.19760000 -3.98038300
v 3.68230300 -14.14614100 -3.98038300
v 3.68230300 -14.14614100 -3.98038300
v 3.68230300 -14.19760000 -4.02803700
v 3.68230300 -14.19760000 -4.02803700
v 3.68230300 -14.14614100 -4.02803700
v 3.68230300 -14.14614100 -4.02803700
v 3.69710500 -14.19760000 -3.98038300
v 3.69710500 -14.19760000 -3.98038300
v 3.69710500 -14.14614100 -3.98038300
v 3.69710500 -14.14614100 -3.98038300
v 3.69710500 -14.19760000 -4.02803700
v 3.69710500 -14.19760000 -4.02803700
v 3.69710500 -14.14614100 -4.02803700
v 3.69710500 -14.14614100 -4.02803700
v 3.68068100 -12.98019900 -4.02603600
v 3.68068100 -12.98019900 -4.02603600
v 3.68068100 -12.98019900 -4.02603600
v 3.68068100 -14.31885100 -4.02603400
v 3.68068100 -14.31885100 -4.02603400
v 3.68068100 -14.31885100 -4.02603400
v 3.68068300 -12.98020100 -5.56548500
v 3.68068300 -12.98020100 -5.56548500
v 3.68068300 -12.98020100 -5.56548500
v 3.68068400 -14.31885200 -5.56548400
v 3.68068400 -14.31885200 -5.56548400
v 3.68068400 -14.31885200 -5.56548400
v 3.69872700 -12.98019900 -4.02603600
v 3.69872700 -12.98019900 -4.02603600
v 3.69872700 -12.98019900 -4.02603600
v 3.69872700 -14.31885100 -4.02603400
v 3.69872700 -14.31885100 -4.02603400
v 3.69872700 -14.31885100 -4.02603400
v 3.69872900 -12.98020100 -5.56548500
v 3.69872900 -12.98020100 -5.56548500
v 3.69872900 -12.98020100 -5.56548500
v 3.69873000 -14.31885200 -5.56548400
v 3.69873000 -14.31885200 -5.56548400
v 3.69873000 -14.31885200 -5.56548400
v 3.68068300 -12.98019800 -5.60830100
v 3.68068300 -12.98019800 -5.60830100
v 3.68068300 -12.98019800 -5.60830100
v 3.68068400 -14.31885000 -5.60830000
v 3.68068400 -14.31885000 -5.60830000
v 3.68068400 -14.31885000 -5.60830000
v 3.68068600 -12.98019900 -7.14775100
v 3.68068600 -12.98019900 -7.14775100
v 3.68068600 -12.98019900 -7.14775100
v 3.68068600 -14.31885100 -7.14774900
v 3.68068600 -14.31885100 -7.14774900
v 3.68068600 -14.31885100 -7.14774900
v 3.69872900 -12.98019800 -5.60830100
v 3.69872900 -12.98019800 -5.60830100
v 3.69872900 -12.98019800 -5.60830100
v 3.69873000 -14.31885000 -5.60830000
v 3.69873000 -14.31885000 -5.60830000
v 3.69873000 -14.31885000 -5.60830000
v 3.69873200 -12.98019900 -7.14775100
v 3.69873200 -12.98019900 -7.14775100
v 3.69873200 -12.98019900 -7.14775100
v 3.69873200 -14.31885100 -7.14774900
v 3.69873200 -14.31885100 -7.14774900
v 3.69873200 -14.31885100 -7.14774900
v 3.68230500 -13.15290800 -5.56265400
v 3.68230500 -13.15290800 -5.56265400
v 3.68230500 -13.10145000 -5.56265400
v 3.68230500 -13.10145000 -5.56265400
v 3.68230500 -13.15290800 -5.61030800
v 3.68230500 -13.15290800 -5.61030800
v 3.68230500 -13.10145000 -5.61030800
v 3.68230500 -13.10145000 -5.61030800
v 3.69710700 -13.15290800 -5.56265400
v 3.69710700 -13.15290800 -5.56265400
v 3.69710700 -13.10145000 -5.56265400
v 3.69710700 -13.10145000 -5.56265400
v 3.69710700 -13.15290800 -5.61030800
v 3.69710700 -13.15290800 -5.61030800
v 3.69710700 -13.10145000 -5.61030800
v 3.69710700 -13.10145000 -5.61030800
v 3.67966600 -13.16293400 -5.58648100
v 3.67966600 -13.16293400 -5.58648100
v 3.68101100 -13.16293400 -5.59150100
v 3.68101100 -13.16293400 -5.59150100
v 3.68468600 -13.16293400 -5.59517600
v 3.68468600 -13.16293400 -5.59517600
v 3.68970600 -13.16293400 -5.59652000
v 3.68970600 -13.16293400 -5.59652000
v 3.68970600 -13.16293400 -5.59652000
v 3.69472600 -13.16293400 -5.59517600
v 3.69472600 -13.16293400 -5.59517600
v 3.69840100 -13.16293400 -5.59150100
v 3.69840100 -13.16293400 -5.59150100
v 3.69974600 -13.16293400 -5.58648100
v 3.69974600 -13.16293400 -5.58648100
v 3.69840100 -13.16293400 -5.58146100
v 3.69840100 -13.16293400 -5.58146100
v 3.69472600 -13.16293400 -5.57778600
v 3.69472600 -13.16293400 -5.57778600
v 3.68970600 -13.16293400 -5.57644100
v 3.68970600 -13.16293400 -5.57644100
v 3.68468600 -13.16293400 -5.57778600
v 3.68468600 -13.16293400 -5.57778600
v 3.68101100 -13.16293400 -5.58146100
v 3.68101100 -13.16293400 -5.58146100
v 3.67966600 -12.99556600 -5.58648100
v 3.67966600 -12.99556600 -5.58648100
v 3.68101100 -12.99556600 -5.59150100
v 3.68101100 -12.99556600 -5.59150100
v 3.68468600 -12.99556600 -5.59517600
v 3.68468600 -12.99556600 -5.59517600
v 3.68970600 -12.99556600 -5.59652100
v 3.68970600 -12.99556600 -5.59652100
v 3.68970600 -12.99556600 -5.59652100
v 3.69472600 -12.99556600 -5.59517600
v 3.69472600 -12.99556600 -5.59517600
v 3.69840100 -12.99556600 -5.59150100
v 3.69840100 -12.99556600 -5.59150100
v 3.69974600 -12.99556600 -5.58648100
v 3.69974600 -12.99556600 -5.58648100
v 3.69840100 -12.99556600 -5.58146100
v 3.69840100 -12.99556600 -5.58146100
v 3.69472600 -12.99556600 -5.57778600
v 3.69472600 -12.99556600 -5.57778600
v 3.68970600 -12.99556600 -5.57644100
v 3.68970600 -12.99556600 -5.57644100
v 3.68468600 -12.99556600 -5.57778600
v 3.68468600 -12.99556600 -5.57778600
v 3.68101100 -12.99556600 -5.58146100
v 3.68101100 -12.99556600 -5.58146100
v 3.68230500 -13.05705100 -5.56265400
v 3.68230500 -13.05705100 -5.56265400
v 3.68230500 -13.00559100 -5.56265400
v 3.68230500 -13.00559100 -5.56265400
v 3.68230500 -13.05705100 -5.61030800
v 3.68230500 -13.05705100 -5.61030800
v 3.68230500 -13.00559100 -5.61030800
v 3.68230500 -13.00559100 -5.61030800
v 3.69710700 -13.05705100 -5.56265400
v 3.69710700 -13.05705100 -5.56265400
v 3.69710700 -13.00559100 -5.56265400
v 3.69710700 -13.00559100 -5.56265400
v 3.69710700 -13.05705100 -5.61030800
v 3.69710700 -13.05705100 -5.61030800
v 3.69710700 -13.00559100 -5.61030800
v 3.69710700 -13.00559100 -5.61030800
v 3.68230600 -14.29346000 -5.56264900
v 3.68230600 -14.29346000 -5.56264900
v 3.68230600 -14.24200200 -5.56264900
v 3.68230600 -14.24200200 -5.56264900
v 3.68230700 -14.29346000 -5.61030300
v 3.68230700 -14.29346000 -5.61030300
v 3.68230700 -14.24200100 -5.61030300
v 3.68230700 -14.24200100 -5.61030300
v 3.69710800 -14.29346000 -5.56264900
v 3.69710800 -14.29346000 -5.56264900
v 3.69710800 -14.24200200 -5.56264900
v 3.69710800 -14.24200200 -5.56264900
v 3.69710800 -14.29346000 -5.61030300
v 3.69710800 -14.29346000 -5.61030300
v 3.69710800 -14.24200100 -5.61030300
v 3.69710800 -14.24200100 -5.61030300
v 3.67966700 -14.30348600 -5.58647600
v 3.67966700 -14.30348600 -5.58647600
v 3.68101200 -14.30348600 -5.59149600
v 3.68101200 -14.30348600 -5.59149600
v 3.68468700 -14.30348600 -5.59517100
v 3.68468700 -14.30348600 -5.59517100
v 3.68970700 -14.30348600 -5.59651600
v 3.68970700 -14.30348600 -5.59651600
v 3.68970700 -14.30348600 -5.59651600
v 3.69472700 -14.30348600 -5.59517100
v 3.69472700 -14.30348600 -5.59517100
v 3.69840200 -14.30348600 -5.59149600
v 3.69840200 -14.30348600 -5.59149600
v 3.69974700 -14.30348600 -5.58647600
v 3.69974700 -14.30348600 -5.58647600
v 3.69840200 -14.30348600 -5.58145600
v 3.69840200 -14.30348600 -5.58145600
v 3.69472700 -14.30348600 -5.57778200
v 3.69472700 -14.30348600 -5.57778200
v 3.68970700 -14.30348600 -5.57643600
v 3.68970700 -14.30348600 -5.57643600
v 3.68468700 -14.30348600 -5.57778200
v 3.68468700 -14.30348600 -5.57778200
v 3.68101200 -14.30348600 -5.58145600
v 3.68101200 -14.30348600 -5.58145600
v 3.67966700 -14.13611700 -5.58647600
v 3.67966700 -14.13611700 -5.58647600
v 3.68101200 -14.13611700 -5.59149600
v 3.68101200 -14.13611700 -5.59149600
v 3.68468700 -14.13611700 -5.59517100
v 3.68468700 -14.13611700 -5.59517100
v 3.68970700 -14.13611700 -5.59651600
v 3.68970700 -14.13611700 -5.59651600
v 3.68970700 -14.13611700 -5.59651600
v 3.69472700 -14.13611700 -5.59517100
v 3.69472700 -14.13611700 -5.59517100
v 3.69840200 -14.13611700 -5.59149600
v 3.69840200 -14.13611700 -5.59149600
v 3.69974700 -14.13611700 -5.58647600
v 3.69974700 -14.13611700 -5.58647600
v 3.69840200 -14.13611700 -5.58145600
v 3.69840200 -14.13611700 -5.58145600
v 3.69472700 -14.13611700 -5.57778200
v 3.69472700 -14.13611700 -5.57778200
v 3.68970700 -14.13611700 -5.57643600
v 3.68970700 -14.13611700 -5.57643600
v 3.68468700 -14.13611700 -5.57778200
v 3.68468700 -14.13611700 -5.57778200
v 3.68101200 -14.13611700 -5.58145600
v 3.68101200 -14.13611700 -5.58145600
v 3.68230600 -14.19760200 -5.56265000
v 3.68230600 -14.19760200 -5.56265000
v 3.68230600 -14.14614300 -5.56265000
v 3.68230600 -14.14614300 -5.56265000
v 3.68230700 -14.19760200 -5.61030300
v 3.68230700 -14.19760200 -5.61030300
v 3.68230600 -14.14614300 -5.61030300
v 3.68230600 -14.14614300 -5.61030300
v 3.69710800 -14.19760200 -5.56265000
v 3.69710800 -14.19760200 -5.56265000
v 3.69710800 -14.14614300 -5.56265000
v 3.69710800 -14.14614300 -5.56265000
v 3.69710800 -14.19760200 -5.61030300
v 3.69710800 -14.19760200 -5.61030300
v 3.69710800 -14.14614300 -5.61030300
v 3.69710800 -14.14614300 -5.61030300
vn -0.00000000 -0.00000000 1.00000000
vn -1.00000000 -0.00000000 -0.00000000
vn -0.00000000 1.00000000 -0.00000000
vn -0.00000000 -1.00000000 -0.00000000
vn -0.00000000 -0.00000000 1.00000000
vn -1.00000000 -0.00000000 -0.00000000
vn -0.00000000 1.00000000 -0.00000000
vn -1.00000000 -0.00000000 -0.00000000
vn -0.00000000 -0.00000000 -1.00000000
vn -1.00000000 -0.00000000 -0.00000000
vn -0.00000000 -1.00000000 -0.00000000
vn -0.00000000 -0.00000000 -1.00000000
vn -0.00000000 -0.00000000 1.00000000
vn -0.00000000 1.00000000 -0.00000000
vn 1.00000000 -0.00000000 -0.00000000
vn -0.00000000 -1.00000000 -0.00000000
vn -0.00000000 -0.00000000 1.00000000
vn 1.00000000 -0.00000000 -0.00000000
vn -0.00000000 -0.00000000 -1.00000000
vn -0.00000000 1.00000000 -0.00000000
vn 1.00000000 -0.00000000 -0.00000000
vn -0.00000000 -1.00000000 -0.00000000
vn -0.00000000 -0.00000000 -1.00000000
vn 1.00000000 -0.00000000 -0.00000000
vn -0.97370000 0.22800000 -0.00000000
vn -0.73310000 0.68010000 -0.00000000
vn -0.27140000 0.96250000 -0.00000000
vn 0.27140000 0.96250000 -0.00000000
vn 0.73310000 0.68010000 -0.00000000
vn 0.97370000 0.22800000 -0.00000000
vn -0.00000000 -0.00000000 -1.00000000
vn -0.97370000 0.22800000 -0.00000000
vn -0.73310000 0.68010000 -0.00000000
vn -0.00000000 -0.00000000 -1.00000000
vn -0.18340000 0.98300000 -0.00000000
vn -1.00000000 -0.00000000 -0.00000000
vn -0.00000000 -0.00000000 -1.00000000
vn -0.00000000 -0.00000000 -1.00000000
vn 0.18340000 0.98300000 -0.00000000
vn 1.00000000 -0.00000000 -0.00000000
vn -0.00000000 -0.00000000 -1.00000000
vn 0.73310000 0.68010000 -0.00000000
vn -0.00000000 -0.00000000 -1.00000000
vn 0.97360000 0.22810000 -0.00000000
vn -0.00000000 0.99510000 -0.09850000
vn -1.00000000 -0.00000000 -0.00000000
vn -0.00000000 0.99510000 -0.09850000
vn 1.00000000 -0.00000000 -0.00000000
vn -0.00000000 0.09850000 -0.99510000
vn -1.00000000 -0.00000000 -0.00000000
vn 1.00000000 -0.00000000 -0.00000000
vn -0.00000000 0.09850000 -0.99510000
vn -0.00000000 0.88170000 -0.47190000
vn -1.00000000 -0.00000000 -0.00000000
vn -0.00000000 0.47190000 -0.88170000
vn -1.00000000 -0.00000000 -0.00000000
vn -0.00000000 0.47190000 -0.88170000
vn 1.00000000 -0.00000000 -0.00000000
vn 1.00000000 -0.00000000 -0.00000000
vn -0.00000000 0.88170000 -0.47190000
vn 0.99500000 0.08910000 0.04510000
vn 0.99570000 -0.08300000 -0.04170000
vn -0.00000000 0.89270000 0.45070000
vn -0.00000000 -0.89320000 -0.44960000
vn -0.00000000 -0.89320000 -0.44960000
vn -0.00000000 -0.09920000 0.99510000
vn 0.99190000 0.11340000 0.05730000
vn -0.00010000 -0.09860000 0.99510000
vn -0.00000000 0.89270000 0.45060000
vn -0.00000000 -0.09920000 0.99510000
vn -0.00030000 -0.09860000 0.99510000
vn -0.99690000 -0.07070000 -0.03550000
vn 0.99670000 -0.08040000 0.01310000
vn 0.00870000 0.01450000 -0.99990000
vn 0.00890000 0.01450000 -0.99990000
vn 0.02840000 0.99800000 0.05700000
vn 0.00890000 0.01440000 -0.99990000
vn -0.99150000 0.11580000 -0.05920000
vn -0.12950000 -0.99020000 -0.05250000
vn -0.12950000 -0.99020000 -0.05250000
vn 0.00870000 0.01440000 -0.99990000
vn -0.00020000 -0.09870000 0.99510000
vn 0.99670000 0.08120000 -0.00550000
vn 0.08490000 -0.99550000 -0.04280000
vn 0.00010000 -0.09910000 0.99510000
vn -0.00040000 -0.09870000 0.99510000
vn -0.99330000 -0.10670000 -0.04520000
vn 0.00010000 -0.09910000 0.99510000
vn -0.12020000 0.99180000 0.04350000
vn -0.00000000 -0.89320000 -0.44970000
vn -0.00000000 -0.89320000 -0.44970000
vn -0.99570000 -0.08300000 -0.04170000
vn -0.99500000 0.08900000 0.04510000
vn 0.99690000 -0.07080000 -0.03550000
vn 0.00060000 -0.09860000 0.99510000
vn -0.99190000 0.11340000 0.05730000
vn 0.00030000 -0.09860000 0.99510000
vn 0.00860000 0.01450000 -0.99990000
vn 0.07380000 -0.99660000 -0.03640000
vn 0.99110000 0.13130000 -0.02190000
vn 0.00880000 0.01450000 -0.99990000
vn -0.16120000 0.98650000 0.02840000
vn 0.00890000 0.01440000 -0.99990000
vn 0.00870000 0.01430000 -0.99990000
vn -0.99780000 -0.06260000 -0.02090000
vn 0.09740000 0.99280000 0.06940000
vn -0.00010000 -0.09910000 0.99510000
vn 0.00030000 -0.09870000 0.99510000
vn 0.99160000 -0.12530000 0.03330000
vn -0.00010000 -0.09920000 0.99510000
vn -0.10250000 -0.99300000 -0.05920000
vn -0.10250000 -0.99300000 -0.05920000
vn 0.00010000 -0.09870000 0.99510000
vn -0.99370000 0.07840000 -0.07970000
vn 0.90200000 0.38530000 0.19490000
vn 0.49540000 0.77530000 0.39170000
vn 0.50100000 -0.77300000 -0.38920000
vn 0.90840000 -0.37360000 -0.18800000
vn -0.90830000 -0.37370000 -0.18790000
vn -0.50100000 -0.77300000 -0.38920000
vn -0.49540000 0.77530000 0.39170000
vn -0.90200000 0.38530000 0.19490000
vn 0.49130000 -0.77810000 -0.39140000
vn 0.00020000 -0.09910000 0.99510000
vn 0.00050000 -0.09880000 0.99510000
vn 0.91600000 -0.35860000 -0.18010000
vn -0.00020000 -0.09870000 0.99510000
vn 0.87110000 0.43840000 0.22140000
vn -0.00010000 -0.09900000 0.99510000
vn 0.45700000 0.79410000 0.40080000
vn 0.00010000 -0.09900000 0.99510000
vn -0.45700000 0.79410000 0.40080000
vn -0.87110000 0.43840000 0.22140000
vn 0.00030000 -0.09870000 0.99510000
vn -0.00040000 -0.09880000 0.99510000
vn -0.91590000 -0.35860000 -0.18030000
vn -0.00020000 -0.09900000 0.99510000
vn -0.49130000 -0.77810000 -0.39140000
vn 0.00870000 0.01450000 -0.99990000
vn 0.91570000 -0.40140000 0.02120000
vn 0.00870000 0.01450000 -0.99990000
vn 0.50000000 -0.86600000 -0.00690000
vn 0.00890000 0.01450000 -0.99990000
vn 0.42400000 0.90430000 0.04930000
vn 0.87930000 0.47620000 0.00410000
vn 0.00890000 0.01450000 -0.99990000
vn 0.00890000 0.01440000 -0.99990000
vn -0.89170000 0.44850000 -0.06140000
vn -0.51380000 0.85770000 -0.01790000
vn 0.00890000 0.01440000 -0.99990000
vn 0.00870000 0.01440000 -0.99990000
vn -0.53060000 -0.84600000 -0.05240000
vn 0.00860000 0.01430000 -0.99990000
vn -0.92040000 -0.38970000 -0.03240000
vn -0.00020000 -0.09880000 0.99510000
vn 0.91680000 0.39930000 0.00550000
vn -0.00020000 -0.09890000 0.99510000
vn 0.51550000 0.85530000 0.05190000
vn 0.47290000 -0.88100000 -0.00970000
vn 0.00020000 -0.09900000 0.99510000
vn 0.89120000 -0.45280000 0.02620000
vn 0.00030000 -0.09880000 0.99510000
vn -0.89880000 -0.43610000 -0.04460000
vn -0.00040000 -0.09890000 0.99510000
vn -0.49540000 -0.86660000 -0.06000000
vn -0.00020000 -0.09900000 0.99510000
vn -0.53340000 0.84570000 -0.01530000
vn 0.00020000 -0.09890000 0.99510000
vn 0.00020000 -0.09870000 0.99510000
vn -0.91430000 0.39920000 -0.06860000
vn 0.00890000 0.01450000 -0.99990000
vn 0.00870000 0.01450000 -0.99990000
vn 0.00890000 0.01440000 -0.99990000
vn 0.00870000 0.01440000 -0.99990000
vn 0.00890000 0.01450000 -0.99990000
vn 0.00870000 0.01450000 -0.99990000
vn 0.00880000 0.01440000 -0.99990000
vn 0.00870000 0.01440000 -0.99990000
vn -1.00000000 -0.00000000 -0.00000000
vn -0.00000000 -0.00000000 -1.00000000
vn -1.00000000 -0.00000000 -0.00000000
vn -0.00000000 -0.00000000 -1.00000000
vn -1.00000000 -0.00000000 -0.00000000
vn -0.00000000 -0.00000000 -1.00000000
vn -1.00000000 -0.00000000 -0.00000000
vn -0.00000000 -0.00000000 -1.00000000
vn 1.00000000 -0.00000000 -0.00000000
vn -0.00000000 -0.00000000 1.00000000
vn -0.00000000 -0.00000000 -1.00000000
vn 1.00000000 -0.00000000 -0.00000000
vn -1.00000000 -0.00000000 -0.00000000
vn -0.00000000 -0.00000000 -1.00000000
vn -1.00000000 -0.00000000 -0.00000000
vn -0.00000000 -0.00000000 1.00000000
vn 1.00000000 -0.00000000 -0.00000000
vn -0.00000000 -0.00000000 1.00000000
vn -0.00000000 -0.00000000 -1.00000000
vn 1.00000000 -0.00000000 -0.00000000
vn -1.00000000 -0.00000000 -0.00000000
vn -0.00000000 -0.00000000 -1.00000000
vn -0.00000000 -0.00000000 1.00000000
vn -1.00000000 -0.00000000 -0.00000000
vn 0.82290000 0.56820000 -0.00000000
vn -0.00000000 -0.00000000 1.00000000
vn 1.00000000 -0.00000000 -0.00000000
vn 1.00000000 -0.00000000 -0.00000000
vn 0.82290000 0.56820000 -0.00000000
vn -0.00000000 -0.00000000 -1.00000000
vn -0.00000000 -0.00000000 -1.00000000
vn -0.82290000 -0.56820000 -0.00000000
vn -1.00000000 -0.00000000 -0.00000000
vn -0.82290000 -0.56820000 -0.00000000
vn -0.00000000 -0.00000000 1.00000000
vn -1.00000000 -0.00000000 -0.00000000
vn 0.82290000 0.56820000 -0.00000000
vn -0.00000000 -0.00000000 -1.00000000
vn 1.00000000 -0.00000000 -0.00000000
vn 0.82290000 0.56820000 -0.00000000
vn -0.00000000 -0.00000000 1.00000000
vn 1.00000000 -0.00000000 -0.00000000
vn -1.00000000 -0.00000000 -0.00000000
vn -0.82290000 -0.56820000 -0.00000000
vn -0.00000000 -0.00000000 1.00000000
vn -0.00000000 -0.00000000 -1.00000000
vn -1.00000000 -0.00000000 -0.00000000
vn -0.82290000 -0.56820000 -0.00000000
vn -0.97360000 -0.22810000 -0.00000000
vn -0.73310000 -0.68010000 -0.00000000
vn -0.73310000 -0.68010000 -0.00000000
vn -0.00000000 -0.00000000 -1.00000000
vn -0.00000000 -0.00000000 -1.00000000
vn -0.97360000 -0.22810000 -0.00000000
vn -0.27140000 -0.96250000 -0.00000000
vn -1.00000000 -0.00000000 -0.00000000
vn -0.00000000 -0.00000000 -1.00000000
vn -0.18340000 -0.98300000 -0.00000000
vn 0.27140000 -0.96250000 -0.00000000
vn -0.00000000 -0.00000000 -1.00000000
vn 0.18340000 -0.98300000 -0.00000000
vn 1.00000000 -0.00000000 -0.00000000
vn 0.73310000 -0.68010000 -0.00000000
vn -0.00000000 -0.00000000 -1.00000000
vn 0.73310000 -0.68010000 -0.00000000
vn 0.97370000 -0.22800000 -0.00000000
vn -0.00000000 -0.00000000 -1.00000000
vn 0.97360000 -0.22810000 -0.00000000
vn 1.00000000 -0.00000000 -0.00000000
vn 1.00000000 -0.00000000 -0.00000000
vn 1.00000000 -0.00000000 -0.00000000
vn 1.00000000 -0.00000000 -0.00000000
vn -0.00000000 -0.00000000 -1.00000000
vn 1.00000000 -0.00000000 -0.00000000
vn -0.00000000 -0.99510000 -0.09850000
vn -0.00000000 -0.99510000 -0.09850000
vn -1.00000000 -0.00000000 -0.00000000
vn -0.00000000 -0.09850000 -0.99510000
vn -1.00000000 -0.00000000 -0.00000000
vn -1.00000000 -0.00000000 -0.00000000
vn -0.00000000 -0.47190000 -0.88170000
vn 1.00000000 -0.00000000 -0.00000000
vn -0.00000000 -0.47190000 -0.88170000
vn -0.00000000 -0.09850000 -0.99510000
vn 1.00000000 -0.00000000 -0.00000000
vn -0.00000000 -0.88170000 -0.47190000
vn -1.00000000 -0.00000000 -0.00000000
vn -0.00000000 -0.88170000 -0.47190000
vn 1.00000000 -0.00000000 -0.00000000
vn 0.00890000 -0.01450000 -0.99990000
vn 0.99110000 -0.13130000 -0.02190000
vn -0.00020000 0.09870000 0.99510000
vn 0.99670000 -0.08120000 -0.00550000
vn 0.00030000 0.09870000 0.99510000
vn 0.99160000 0.12530000 0.03330000
vn 0.99670000 0.08040000 0.01310000
vn 0.00870000 -0.01450000 -0.99990000
vn 0.07380000 0.99660000 -0.03640000
vn 0.00860000 -0.01450000 -0.99990000
vn 0.07380000 0.99660000 -0.03640000
vn 0.08490000 0.99550000 -0.04280000
vn 0.00010000 0.09910000 0.99510000
vn 0.08490000 0.99550000 -0.04280000
vn -0.00010000 0.09920000 0.99510000
vn -0.10250000 0.99300000 -0.05920000
vn -0.12950000 0.99020000 -0.05250000
vn 0.00870000 -0.01440000 -0.99990000
vn 0.00870000 -0.01430000 -0.99990000
vn -0.99780000 0.06260000 -0.02090000
vn -0.00040000 0.09870000 0.99510000
vn -0.99330000 0.10670000 -0.04520000
vn -0.99370000 -0.07840000 -0.07970000
vn 0.00010000 0.09870000 0.99510000
vn -0.99150000 -0.11580000 -0.05920000
vn 0.00890000 -0.01440000 -0.99990000
vn -0.16120000 -0.98650000 0.02840000
vn 0.00890000 -0.01440000 -0.99990000
vn -0.12020000 -0.99180000 0.04350000
vn 0.00010000 0.09910000 0.99510000
vn 0.09740000 -0.99280000 0.06940000
vn -0.00010000 0.09910000 0.99510000
vn 0.02840000 -0.99800000 0.05700000
vn 0.00890000 -0.01450000 -0.99990000
vn -0.99570000 0.08300000 -0.04170000
vn -0.90830000 0.37370000 -0.18790000
vn -0.50100000 0.77300000 -0.38920000
vn -0.00000000 0.89320000 -0.44970000
vn -0.00000000 0.89320000 -0.44970000
vn 0.50100000 0.77300000 -0.38920000
vn 0.90830000 0.37360000 -0.18800000
vn 0.99570000 0.08300000 -0.04170000
vn 0.99500000 -0.08900000 0.04510000
vn 0.90200000 -0.38530000 0.19490000
vn 0.49540000 -0.77530000 0.39170000
vn -0.00000000 -0.89270000 0.45070000
vn -0.49540000 -0.77530000 0.39170000
vn -0.90200000 -0.38530000 0.19490000
vn -0.99500000 -0.08910000 0.04510000
vn -0.00010000 0.09860000 0.99510000
vn 0.99190000 -0.11340000 0.05730000
vn 0.00060000 0.09860000 0.99510000
vn 0.99690000 0.07080000 -0.03550000
vn -0.99690000 0.07070000 -0.03550000
vn -0.00030000 0.09860000 0.99510000
vn -0.99190000 -0.11340000 0.05730000
vn 0.00030000 0.09860000 0.99510000
vn -0.00000000 0.09920000 0.99510000
vn -0.00000000 0.89320000 -0.44960000
vn -0.00000000 0.89320000 -0.44960000
vn -0.00000000 0.09920000 0.99510000
vn -0.00000000 -0.89270000 0.45060000
vn 0.87930000 -0.47620000 0.00410000
vn 0.00890000 -0.01450000 -0.99990000
vn 0.91680000 -0.39930000 0.00550000
vn -0.00020000 0.09880000 0.99510000
vn 0.00050000 0.09880000 0.99510000
vn 0.91600000 0.35860000 -0.18010000
vn -0.00020000 0.09900000 0.99510000
vn -0.49130000 0.77810000 -0.39140000
vn -0.87110000 -0.43840000 0.22140000
vn 0.00030000 0.09870000 0.99510000
vn 0.00030000 0.09880000 0.99510000
vn 0.89120000 0.45280000 0.02620000
vn 0.00870000 -0.01450000 -0.99990000
vn 0.91570000 0.40140000 0.02120000
vn 0.87110000 -0.43840000 0.22140000
vn -0.00020000 0.09870000 0.99510000
vn -0.91430000 -0.39920000 -0.06860000
vn 0.00020000 0.09870000 0.99510000
vn -0.89170000 -0.44850000 -0.06140000
vn 0.00890000 -0.01440000 -0.99990000
vn -0.00020000 0.09900000 0.99510000
vn -0.49540000 0.86660000 -0.06000000
vn -0.53060000 0.84600000 -0.05240000
vn 0.00870000 -0.01440000 -0.99990000
vn 0.45700000 -0.79410000 0.40080000
vn -0.00010000 0.09900000 0.99510000
vn 0.51550000 -0.85530000 0.05190000
vn -0.00020000 0.09890000 0.99510000
vn 0.00890000 -0.01450000 -0.99990000
vn 0.42400000 -0.90430000 0.04930000
vn 0.49130000 0.77810000 -0.39140000
vn 0.00020000 0.09910000 0.99510000
vn -0.00040000 0.09880000 0.99510000
vn -0.91590000 0.35860000 -0.18030000
vn -0.45700000 -0.79410000 0.40080000
vn 0.00010000 0.09900000 0.99510000
vn 0.47290000 0.88100000 -0.00970000
vn 0.00020000 0.09900000 0.99510000
vn 0.50000000 0.86600000 -0.00690000
vn 0.00870000 -0.01450000 -0.99990000
vn -0.53340000 -0.84570000 -0.01530000
vn 0.00020000 0.09890000 0.99510000
vn 0.00890000 -0.01440000 -0.99990000
vn -0.51380000 -0.85770000 -0.01790000
vn -0.89880000 0.43610000 -0.04460000
vn -0.00040000 0.09890000 0.99510000
vn 0.00870000 -0.01430000 -0.99990000
vn -0.92040000 0.38960000 -0.03240000
vn 0.00870000 -0.01440000 -0.99990000
vn 0.00890000 -0.01440000 -0.99990000
vn 0.00890000 -0.01450000 -0.99990000
vn 0.00870000 -0.01450000 -0.99990000
vn 0.00880000 -0.01440000 -0.99990000
vn 0.00870000 -0.01440000 -0.99990000
vn 0.00890000 -0.01450000 -0.99990000
vn 0.00870000 -0.01450000 -0.99990000
vn -1.00000000 -0.00000000 -0.00000000
vn -1.00000000 -0.00000000 -0.00000000
vn 1.00000000 -0.00000000 -0.00000000
vn -0.00000000 -0.00000000 -1.00000000
vn 1.00000000 -0.00000000 -0.00000000
vn -0.00000000 -0.00000000 -1.00000000
vn -0.00000000 -0.00000000 -1.00000000
vn 1.00000000 -0.00000000 -0.00000000
vn -0.00000000 -0.00000000 1.00000000
vn -0.00000000 -0.00000000 1.00000000
vn 1.00000000 -0.00000000 -0.00000000
vn 0.82290000 -0.56820000 -0.00000000
vn 1.00000000 -0.00000000 -0.00000000
vn -0.00000000 -0.00000000 -1.00000000
vn 0.82290000 -0.56820000 -0.00000000
vn -0.00000000 -0.00000000 -1.00000000
vn 1.00000000 -0.00000000 -0.00000000
vn -0.00000000 -0.00000000 -1.00000000
vn -1.00000000 -0.00000000 -0.00000000
vn -0.82290000 0.56820000 -0.00000000
vn -1.00000000 -0.00000000 -0.00000000
vn -0.00000000 -0.00000000 -1.00000000
vn -0.00000000 -0.00000000 1.00000000
vn -1.00000000 -0.00000000 -0.00000000
vn -0.82290000 0.56820000 -0.00000000
vn -1.00000000 -0.00000000 -0.00000000
vn -0.00000000 -0.00000000 1.00000000
vn 1.00000000 -0.00000000 -0.00000000
vn 0.82290000 -0.56820000 -0.00000000
vn -0.00000000 -0.00000000 1.00000000
vn -0.00000000 -0.00000000 -1.00000000
vn 0.82290000 -0.56820000 -0.00000000
vn 1.00000000 -0.00000000 -0.00000000
vn -0.00000000 -0.00000000 -1.00000000
vn -0.82290000 0.56820000 -0.00000000
vn -1.00000000 -0.00000000 -0.00000000
vn -1.00000000 -0.00000000 -0.00000000
vn -0.82290000 0.56820000 -0.00000000
vn -0.00000000 -0.00000000 1.00000000
vn 1.00000000 -0.00000000 -0.00000000
vn -0.00000000 1.00000000 -0.00000000
vn -0.00000000 -1.00000000 -0.00000000
vn 1.00000000 -0.00000000 -0.00000000
vn -0.00000000 1.00000000 -0.00000000
vn 1.00000000 -0.00000000 -0.00000000
vn 1.00000000 -0.00000000 -0.00000000
vn -0.00000000 -1.00000000 -0.00000000
vn -0.00000000 1.00000000 -0.00000000
vn -1.00000000 -0.00000000 -0.00000000
vn -1.00000000 -0.00000000 -0.00000000
vn -0.00000000 -1.00000000 -0.00000000
vn -0.00000000 1.00000000 -0.00000000
vn -1.00000000 -0.00000000 -0.00000000
vn -1.00000000 -0.00000000 -0.00000000
vn -0.00000000 -1.00000000 -0.00000000
vn -0.00000000 1.00000000 -0.00000000
vn 1.00000000 -0.00000000 -0.00000000
vn 0.88670000 -0.00000000 0.46240000
vn -0.00000000 1.00000000 -0.00000000
vn 0.52230000 -0.00000000 0.85270000
vn -0.00000000 1.00000000 -0.00000000
vn -0.00000000 -0.00000000 1.00000000
vn -0.00000000 -0.00000000 1.00000000
vn -0.00000000 1.00000000 -0.00000000
vn -0.52230000 -0.00000000 0.85270000
vn -0.00000000 1.00000000 -0.00000000
vn -0.00000000 1.00000000 -0.00000000
vn -0.88670000 -0.00000000 0.46240000
vn -1.00000000 -0.00000000 -0.00000000
vn -0.00000000 1.00000000 -0.00000000
vn -0.00000000 1.00000000 -0.00000000
vn -0.88670000 -0.00000000 -0.46240000
vn -0.52230000 -0.00000000 -0.85270000
vn -0.00000000 1.00000000 -0.00000000
vn -0.00000000 -0.00000000 -1.00000000
vn -0.00000000 1.00000000 -0.00000000
vn -0.00000000 1.00000000 -0.00000000
vn 0.52230000 -0.00000000 -0.85270000
vn -0.00000000 1.00000000 -0.00000000
vn 0.88670000 -0.00000000 -0.46240000
vn 1.00000000 -0.00000000 -0.00000000
vn -0.00000000 -1.00000000 -0.00000000
vn -0.00000000 -1.00000000 -0.00000000
vn 0.88670000 -0.00000000 0.46240000
vn -0.00000000 -1.00000000 -0.00000000
vn 0.52230000 -0.00000000 0.85270000
vn -0.00000000 -0.00000000 1.00000000
vn -0.00000000 -1.00000000 -0.00000000
vn -0.00000000 -0.00000000 1.00000000
vn -0.52230000 -0.00000000 0.85270000
vn -0.00000000 -1.00000000 -0.00000000
vn -0.88670000 -0.00000000 0.46240000
vn -0.00000000 -1.00000000 -0.00000000
vn -0.00000000 -1.00000000 -0.00000000
vn -1.00000000 -0.00000000 -0.00000000
vn -0.88670000 -0.00000000 -0.46240000
vn -0.00000000 -1.00000000 -0.00000000
vn -0.52230000 -0.00000000 -0.85270000
vn -0.00000000 -1.00000000 -0.00000000
vn -0.00000000 -0.00000000 -1.00000000
vn -0.00000000 -1.00000000 -0.00010000
vn -0.00000000 -1.00000000 -0.00000000
vn 0.52230000 -0.00000000 -0.85270000
vn -0.00000000 -1.00000000 -0.00000000
vn 0.88670000 -0.00000000 -0.46240000
vn 1.00000000 -0.00000000 -0.00000000
vn -0.00000000 1.00000000 -0.00000000
vn -0.00000000 -1.00000000 -0.00000000
vn 1.00000000 -0.00000000 -0.00000000
vn -0.00000000 1.00000000 -0.00000000
vn 1.00000000 -0.00000000 -0.00000000
vn 1.00000000 -0.00000000 -0.00000000
vn -0.00000000 -1.00000000 -0.00000000
vn -0.00000000 1.00000000 -0.00000000
vn -1.00000000 -0.00000000 -0.00000000
vn -1.00000000 -0.00000000 -0.00000000
vn -0.00000000 -1.00000000 -0.00000000
vn -0.00000000 1.00000000 -0.00000000
vn -1.00000000 -0.00000000 -0.00000000
vn -1.00000000 -0.00000000 -0.00000000
vn -0.00000000 -1.00000000 -0.00000000
vn -0.00000000 1.00000000 -0.00000000
vn 1.00000000 -0.00000000 -0.00000000
vn 1.00000000 -0.00000000 -0.00000000
vn -0.00000000 -1.00000000 -0.00000000
vn -0.00000000 1.00000000 -0.00000000
vn 1.00000000 -0.00000000 -0.00000000
vn 1.00000000 -0.00000000 -0.00000000
vn -0.00000000 -1.00000000 -0.00000000
vn -1.00000000 -0.00000000 -0.00000000
vn -0.00000000 1.00000000 -0.00000000
vn -1.00000000 -0.00000000 -0.00000000
vn -0.00000000 -1.00000000 -0.00000000
vn -1.00000000 -0.00000000 -0.00000000
vn -0.00000000 1.00000000 -0.00000000
vn -0.00000000 -1.00000000 -0.00000000
vn -1.00000000 -0.00000000 -0.00000000
vn -0.00000000 1.00000000 -0.00000000
vn 1.00000000 -0.00000000 -0.00000000
vn -0.00000000 1.00000000 -0.00000000
vn 0.88670000 -0.00000000 0.46240000
vn -0.00000000 1.00000000 -0.00000000
vn 0.52230000 -0.00000000 0.85270000
vn -0.00000000 1.00000000 -0.00000000
vn -0.00000000 -0.00000000 1.00000000
vn -0.00000000 -0.00000000 1.00000000
vn -0.00000000 1.00000000 -0.00000000
vn -0.52230000 -0.00000000 0.85270000
vn -0.88670000 -0.00000000 0.46240000
vn -0.00000000 1.00000000 -0.00000000
vn -0.00000000 1.00000000 -0.00000000
vn -1.00000000 -0.00000000 -0.00000000
vn -0.88670000 -0.00000000 -0.46240000
vn -0.00000000 1.00000000 -0.00000000
vn -0.00000000 1.00000000 -0.00000000
vn -0.52230000 -0.00000000 -0.85270000
vn -0.00000000 1.00000000 0.00010000
vn -0.00000000 -0.00000000 -1.00000000
vn -0.00000000 1.00000000 -0.00000000
vn 0.52230000 -0.00000000 -0.85270000
vn -0.00000000 1.00000000 0.00010000
vn 0.88670000 -0.00000000 -0.46240000
vn -0.00000000 -1.00000000 -0.00000000
vn 1.00000000 -0.00000000 -0.00000000
vn -0.00000000 -1.00000000 -0.00000000
vn 0.88670000 -0.00000000 0.46240000
vn 0.52230000 -0.00000000 0.85270000
vn -0.00000000 -1.00000000 -0.00000000
vn -0.00000000 -0.00000000 1.00000000
vn -0.00000000 -1.00000000 -0.00000000
vn -0.00000000 -0.00000000 1.00000000
vn -0.52230000 -0.00000000 0.85270000
vn -0.00000000 -1.00000000 -0.00000000
vn -0.00000000 -1.00000000 -0.00000000
vn -0.88670000 -0.00000000 0.46240000
vn -1.00000000 -0.00000000 -0.00000000
vn -0.00000000 -1.00000000 -0.00000000
vn -0.00000000 -1.00000000 -0.00000000
vn -0.88670000 -0.00000000 -0.46240000
vn -0.00000000 -1.00000000 -0.00000000
vn -0.52230000 -0.00000000 -0.85270000
vn -0.00000000 -0.00000000 -1.00000000
vn -0.00000000 -1.00000000 -0.00000000
vn -0.00000000 -1.00000000 -0.00000000
vn 0.52230000 -0.00000000 -0.85270000
vn -0.00000000 -1.00000000 -0.00000000
vn 0.88670000 -0.00000000 -0.46240000
vn -0.00000000 1.00000000 -0.00000000
vn 1.00000000 -0.00000000 -0.00000000
vn 1.00000000 -0.00000000 -0.00000000
vn -0.00000000 -1.00000000 -0.00000000
vn -0.00000000 1.00000000 -0.00000000
vn 1.00000000 -0.00000000 -0.00000000
vn 1.00000000 -0.00000000 -0.00000000
vn -0.00000000 -1.00000000 -0.00000000
vn -0.00000000 1.00000000 -0.00000000
vn -1.00000000 -0.00000000 -0.00000000
vn -0.00000000 -1.00000000 -0.00000000
vn -1.00000000 -0.00000000 -0.00000000
vn -1.00000000 -0.00000000 -0.00000000
vn -0.00000000 1.00000000 -0.00000000
vn -0.00000000 -1.00000000 -0.00000000
vn -1.00000000 -0.00000000 -0.00000000
vn -0.00000000 -0.00000000 1.00000000
vn -0.00000000 1.00000000 -0.00000000
vn -1.00000000 -0.00000000 -0.00000000
vn -0.00000000 -0.00000000 1.00000000
vn -0.00000000 -1.00000000 -0.00000000
vn -1.00000000 -0.00000000 -0.00000000
vn -0.00000000 1.00000000 -0.00000000
vn -1.00000000 -0.00000000 -0.00000000
vn -0.00000000 -0.00000000 -1.00000000
vn -0.00000000 -0.00000000 -1.00000000
vn -0.00000000 -1.00000000 -0.00000000
vn -1.00000000 -0.00000000 -0.00000000
vn -0.00000000 1.00000000 -0.00000000
vn -0.00000000 -0.00000000 1.00000000
vn 1.00000000 -0.00000000 -0.00000000
vn -0.00000000 -1.00000000 -0.00000000
vn 1.00000000 -0.00000000 -0.00000000
vn -0.00000000 -0.00000000 1.00000000
vn -0.00000000 1.00000000 -0.00000000
vn -0.00000000 -0.00000000 -1.00000000
vn 1.00000000 -0.00000000 -0.00000000
vn 1.00000000 -0.00000000 -0.00000000
vn -0.00000000 -0.00000000 -1.00000000
vn -0.00000000 -1.00000000 -0.00000000
vn -0.00000000 -0.00000000 1.00000000
vn -0.00000000 1.00000000 -0.00000000
vn -1.00000000 -0.00000000 -0.00000000
vn -0.00000000 -1.00000000 -0.00000000
vn -0.00000000 -0.00000000 1.00000000
vn -1.00000000 -0.00000000 -0.00000000
vn -0.00000000 1.00000000 -0.00000000
vn -1.00000000 -0.00000000 -0.00000000
vn -0.00000000 -0.00000000 -1.00000000
vn -0.00000000 -1.00000000 -0.00000000
vn -0.00000000 -0.00000000 -1.00000000
vn -1.00000000 -0.00000000 -0.00000000
vn -0.00000000 -0.00000000 1.00000000
vn 1.00000000 -0.00000000 -0.00000000
vn -0.00000000 1.00000000 -0.00000000
vn -0.00000000 -1.00000000 -0.00000000
vn -0.00000000 -0.00000000 1.00000000
vn 1.00000000 -0.00000000 -0.00000000
vn 1.00000000 -0.00000000 -0.00000000
vn -0.00000000 -0.00000000 -1.00000000
vn -0.00000000 1.00000000 -0.00000000
vn -0.00000000 -1.00000000 -0.00000000
vn 1.00000000 -0.00000000 -0.00000000
vn -0.00000000 -0.00000000 -1.00000000
vn 1.00000000 -0.00000000 -0.00000000
vn -0.00000000 1.00000000 -0.00000000
vn -0.00000000 -1.00000000 -0.00000000
vn 1.00000000 -0.00000000 -0.00000000
vn -0.00000000 1.00000000 -0.00000000
vn 1.00000000 -0.00000000 -0.00000000
vn -0.00000000 -1.00000000 -0.00000000
vn 1.00000000 -0.00000000 -0.00000000
vn -1.00000000 -0.00000000 -0.00000000
vn -0.00000000 1.00000000 -0.00000000
vn -0.00000000 -1.00000000 -0.00000000
vn -1.00000000 -0.00000000 -0.00000000
vn -1.00000000 -0.00000000 -0.00000000
vn -0.00000000 1.00000000 -0.00000000
vn -0.00000000 -1.00000000 -0.00000000
vn -1.00000000 -0.00000000 -0.00000000
vn 1.00000000 -0.00000000 -0.00000000
vn -0.00000000 1.00000000 -0.00000000
vn -0.00000000 1.00000000 -0.00000000
vn 0.88670000 -0.00000000 0.46240000
vn 0.52240000 -0.00000000 0.85270000
vn -0.00000000 1.00000000 -0.00000000
vn -0.00000000 -0.00000000 1.00000000
vn -0.00000000 -0.00000000 1.00000000
vn -0.00000000 1.00000000 -0.00000000
vn -0.52230000 -0.00000000 0.85270000
vn -0.00000000 1.00000000 -0.00000000
vn -0.00000000 1.00000000 -0.00000000
vn -0.88670000 -0.00000000 0.46240000
vn -1.00000000 -0.00000000 -0.00000000
vn -0.00000000 1.00000000 -0.00000000
vn -0.00000000 1.00000000 -0.00000000
vn -0.88670000 -0.00000000 -0.46240000
vn -0.52240000 -0.00000000 -0.85270000
vn -0.00000000 1.00000000 -0.00000000
vn -0.00000000 -0.00000000 -1.00000000
vn -0.00000000 1.00000000 -0.00000000
vn -0.00000000 1.00000000 -0.00000000
vn 0.52230000 -0.00000000 -0.85270000
vn 0.88670000 -0.00000000 -0.46240000
vn -0.00000000 1.00000000 -0.00000000
vn 1.00000000 -0.00000000 -0.00000000
vn -0.00000000 -1.00000000 -0.00000000
vn 0.88670000 -0.00000000 0.46240000
vn -0.00000000 -1.00000000 -0.00000000
vn -0.00000000 -1.00000000 -0.00000000
vn 0.52230000 -0.00000000 0.85270000
vn -0.00000000 -1.00000000 0.00010000
vn -0.00000000 -0.00000000 1.00000000
vn -0.00000000 -0.00000000 1.00000000
vn -0.52240000 -0.00000000 0.85270000
vn -0.00000000 -1.00000000 -0.00000000
vn -0.88670000 -0.00000000 0.46240000
vn -0.00000000 -1.00000000 -0.00000000
vn -0.00000000 -1.00000000 -0.00000000
vn -1.00000000 -0.00000000 -0.00000000
vn -0.88670000 -0.00000000 -0.46240000
vn -0.00000000 -1.00000000 -0.00000000
vn -0.00000000 -1.00000000 -0.00000000
vn -0.52230000 -0.00000000 -0.85270000
vn -0.00000000 -0.00000000 -1.00000000
vn -0.00000000 -1.00000000 0.00010000
vn -0.00000000 -1.00000000 -0.00000000
vn 0.52240000 -0.00000000 -0.85270000
vn -0.00000000 -1.00000000 -0.00000000
vn 0.88670000 -0.00000000 -0.46240000
vn -0.00000000 1.00000000 -0.00000000
vn 1.00000000 -0.00000000 -0.00000000
vn -0.00000000 -1.00000000 -0.00000000
vn 1.00000000 -0.00000000 -0.00000000
vn 1.00000000 -0.00000000 -0.00000000
vn -0.00000000 1.00000000 -0.00000000
vn -0.00000000 -1.00000000 -0.00000000
vn 1.00000000 -0.00000000 -0.00000000
vn -1.00000000 -0.00000000 -0.00000000
vn -0.00000000 1.00000000 -0.00000000
vn -0.00000000 -1.00000000 -0.00000000
vn -1.00000000 -0.00000000 -0.00000000
vn -1.00000000 -0.00000000 -0.00000000
vn -0.00000000 1.00000000 -0.00000000
vn -0.00000000 -1.00000000 -0.00000000
vn -1.00000000 -0.00000000 -0.00000000
vn 1.00000000 -0.00000000 -0.00000000
vn -0.00000000 1.00000000 -0.00000000
vn 1.00000000 -0.00000000 -0.00000000
vn -0.00000000 -1.00000000 -0.00000000
vn -0.00000000 1.00000000 -0.00000000
vn 1.00000000 -0.00000000 -0.00000000
vn -0.00000000 -1.00000000 -0.00000000
vn 1.00000000 -0.00000000 -0.00000000
vn -1.00000000 -0.00000000 -0.00000000
vn -0.00000000 1.00000000 -0.00000000
vn -1.00000000 -0.00000000 -0.00000000
vn -0.00000000 -1.00000000 -0.00000000
vn -0.00000000 1.00000000 -0.00000000
vn -1.00000000 -0.00000000 -0.00000000
vn -1.00000000 -0.00000000 -0.00000000
vn -0.00000000 -1.00000000 -0.00000000
vn -0.00000000 1.00000000 -0.00000000
vn 1.00000000 -0.00000000 -0.00000000
vn 0.88670000 -0.00000000 0.46240000
vn -0.00000000 1.00000000 -0.00000000
vn 0.52230000 -0.00000000 0.85270000
vn -0.00000000 1.00000000 -0.00000000
vn -0.00000000 -0.00000000 1.00000000
vn -0.00000000 -0.00000000 1.00000000
vn -0.00000000 1.00000000 -0.00000000
vn -0.52230000 -0.00000000 0.85270000
vn -0.00000000 1.00000000 -0.00000000
vn -0.00000000 1.00000000 -0.00000000
vn -0.88670000 -0.00000000 0.46240000
vn -1.00000000 -0.00000000 -0.00000000
vn -0.00000000 1.00000000 -0.00000000
vn -0.00000000 1.00000000 -0.00000000
vn -0.88670000 -0.00000000 -0.46240000
vn -0.00000000 1.00000000 -0.00000000
vn -0.52230000 -0.00000000 -0.85270000
vn -0.00000000 1.00000000 0.00010000
vn 0.00010000 -0.00000000 -1.00000000
vn 0.52230000 -0.00000000 -0.85270000
vn -0.00000000 1.00000000 -0.00000000
vn 0.88670000 -0.00000000 -0.46240000
vn -0.00000000 1.00000000 0.00010000
vn 1.00000000 -0.00000000 -0.00000000
vn -0.00000000 -1.00000000 -0.00000000
vn 0.88670000 -0.00000000 0.46240000
vn -0.00000000 -1.00000000 -0.00000000
vn -0.00000000 -1.00000000 -0.00000000
vn 0.52230000 -0.00000000 0.85270000
vn -0.00000000 -0.00000000 1.00000000
vn -0.00000000 -0.00000000 1.00000000
vn -0.00000000 -1.00000000 -0.00000000
vn -0.00000000 -1.00000000 -0.00000000
vn -0.52230000 -0.00000000 0.85270000
vn -0.00000000 -1.00000000 -0.00000000
vn -0.88670000 -0.00000000 0.46240000
vn -1.00000000 -0.00000000 -0.00000000
vn -0.00000000 -1.00000000 -0.00000000
vn -0.88670000 -0.00000000 -0.46240000
vn -0.00000000 -1.00000000 -0.00000000
vn -0.00000000 -1.00000000 -0.00000000
vn -0.52230000 -0.00000000 -0.85270000
vn -0.00000000 -1.00000000 -0.00000000
vn -0.00000000 -0.00000000 -1.00000000
vn 0.52230000 -0.00000000 -0.85270000
vn -0.00000000 -1.00000000 -0.00000000
vn 0.88670000 -0.00000000 -0.46240000
vn -0.00000000 -1.00000000 -0.00000000
vn 1.00000000 -0.00000000 -0.00000000
vn -0.00000000 1.00000000 -0.00000000
vn 1.00000000 -0.00000000 -0.00000000
vn -0.00000000 -1.00000000 -0.00000000
vn 1.00000000 -0.00000000 -0.00000000
vn -0.00000000 1.00000000 -0.00000000
vn 1.00000000 -0.00000000 -0.00000000
vn -0.00000000 -1.00000000 -0.00000000
vn -1.00000000 -0.00000000 -0.00000000
vn -0.00000000 1.00000000 -0.00000000
vn -1.00000000 -0.00000000 -0.00000000
vn -0.00000000 -1.00000000 -0.00000000
vn -1.00000000 -0.00000000 -0.00000000
vn -0.00000000 1.00000000 -0.00000000
vn -0.00000000 -1.00000000 -0.00000000
vn -1.00000000 -0.00000000 -0.00000000
vt 0.76519600 0.06615600
vt 0.61888500 0.48029400
vt 0.27275700 0.01565100
vt 0.50507800 0.49247100
vt 0.76519600 0.14919100
vt 0.53584900 0.48029400
vt 0.17726600 0.01565100
vt 0.61888500 0.57578500
vt 0.72271700 0.06615600
vt 0.53584900 0.57578500
vt 0.40958800 0.49247100
vt 0.72271700 0.14919100
vt 0.76312000 0.06615600
vt 0.27275700 0.01772700
vt 0.60878400 0.81315700
vt 0.50507800 0.49039500
vt 0.76312000 0.14919100
vt 0.52574800 0.81315700
vt 0.72479200 0.06615600
vt 0.17726600 0.01772700
vt 0.60878400 0.71766600
vt 0.40958800 0.49039500
vt 0.72479200 0.14919100
vt 0.52574800 0.71766600
vt 0.81989400 0.56477200
vt 0.81691700 0.56345000
vt 0.81394100 0.56212700
vt 0.81096400 0.56080300
vt 0.80798800 0.55947900
vt 0.80501200 0.55815400
vt 0.50267500 0.05605500
vt 0.82149800 0.56116300
vt 0.81852100 0.55984100
vt 0.50564300 0.05739700
vt 0.81554500 0.55851800
vt 0.81973600 0.61784300
vt 0.50754200 0.06004300
vt 0.59645500 0.00555000
vt 0.81256900 0.55719500
vt 0.85275900 0.47019300
vt 0.59942300 0.00689200
vt 0.80959400 0.55587100
vt 0.60132200 0.00953900
vt 0.80661800 0.55454600
vt 0.81980600 0.54893600
vt 0.81435600 0.62684500
vt 0.81683000 0.54761200
vt 0.84475000 0.47696400
vt 0.82117300 0.54586100
vt 0.81147900 0.62756900
vt 0.84450200 0.47992000
vt 0.81819700 0.54453700
vt 0.82028900 0.54785000
vt 0.81355800 0.62772600
vt 0.82069100 0.54694600
vt 0.81259900 0.62796700
vt 0.81771400 0.54562300
vt 0.84392800 0.47888000
vt 0.84401000 0.47789400
vt 0.81731300 0.54652600
vt 0.72996100 0.43751400
vt 0.72891400 0.43685600
vt 0.73108500 0.43819200
vt 0.74509600 0.40453700
vt 0.75215800 0.40844600
vt 0.83493400 0.76153800
vt 0.74789900 0.40511700
vt 0.83552400 0.75912500
vt 0.74921400 0.40550000
vt 0.83668700 0.75888800
vt 0.83609700 0.76130200
vt 0.75116700 0.40755000
vt 0.28230700 0.55210500
vt 0.74547000 0.39298900
vt 0.74509300 0.38944400
vt 0.27862900 0.55055400
vt 0.74338800 0.39014000
vt 0.27671200 0.54971800
vt 0.28443900 0.55297200
vt 0.27322500 0.54841800
vt 0.74357600 0.39346000
vt 0.83530200 0.75849900
vt 0.28116400 0.54852900
vt 0.28460900 0.55025800
vt 0.83425400 0.76180500
vt 0.83614000 0.76204800
vt 0.27530500 0.54633100
vt 0.83737300 0.75886400
vt 0.27895400 0.54747800
vt 0.73461600 0.43996400
vt 0.72776700 0.43617200
vt 0.73341800 0.43935200
vt 0.73228400 0.43880400
vt 0.74639200 0.40490400
vt 0.83469600 0.76037600
vt 0.75020600 0.40639700
vt 0.83692500 0.76005000
vt 0.74453800 0.39365500
vt 0.28352900 0.55260200
vt 0.27984900 0.55106900
vt 0.74581900 0.39034400
vt 0.27798700 0.55026500
vt 0.74436900 0.38938600
vt 0.74291900 0.39247000
vt 0.27449300 0.54887000
vt 0.27997100 0.54794300
vt 0.83644000 0.75824700
vt 0.83399200 0.76062800
vt 0.28337600 0.54969000
vt 0.83495400 0.76226800
vt 0.28538900 0.55056600
vt 0.27400200 0.54595000
vt 0.83758800 0.76001000
vt 0.27770800 0.54701500
vt 0.73034300 0.43775600
vt 0.73067200 0.43795600
vt 0.72818100 0.43640500
vt 0.72852000 0.43660900
vt 0.73384500 0.43955900
vt 0.73419900 0.43973700
vt 0.73150300 0.43841800
vt 0.73185700 0.43859600
vt 0.74552800 0.40473600
vt 0.83459600 0.76120300
vt 0.83451700 0.76081600
vt 0.74591200 0.40483100
vt 0.83580300 0.75878800
vt 0.74839000 0.40519600
vt 0.83624700 0.75870900
vt 0.74878300 0.40529900
vt 0.83702500 0.75922300
vt 0.74961300 0.40576000
vt 0.74989800 0.40603400
vt 0.83710400 0.75961100
vt 0.83580300 0.76163900
vt 0.75147500 0.40791200
vt 0.83537400 0.76171800
vt 0.75176000 0.40818600
vt 0.74531700 0.39343300
vt 0.28274000 0.55228500
vt 0.74500700 0.39365500
vt 0.28309400 0.55242700
vt 0.74554500 0.38957400
vt 0.27905900 0.55074300
vt 0.27941500 0.55088900
vt 0.74578700 0.38987400
vt 0.74357200 0.38969000
vt 0.27716300 0.54989800
vt 0.27754500 0.55006500
vt 0.74390600 0.38943900
vt 0.74313700 0.39327600
vt 0.27367600 0.54856900
vt 0.74291800 0.39294600
vt 0.27404800 0.54870300
vt 0.83562300 0.75815400
vt 0.28074600 0.54831100
vt 0.83600300 0.75807000
vt 0.28039800 0.54814100
vt 0.28416600 0.55007600
vt 0.83391400 0.76146900
vt 0.28380100 0.54990800
vt 0.83382700 0.76107700
vt 0.27484600 0.54620100
vt 0.83580300 0.76237600
vt 0.27445900 0.54609000
vt 0.83539700 0.76244900
vt 0.27852400 0.54728700
vt 0.83770800 0.75919700
vt 0.83778000 0.75957900
vt 0.27816000 0.54715100
vt 0.74544700 0.39031300
vt 0.74510400 0.39291500
vt 0.74376000 0.39017100
vt 0.74328400 0.39254500
vt 0.74498300 0.39027400
vt 0.74464700 0.39282200
vt 0.74422400 0.39021000
vt 0.74374000 0.39263700
vt 0.82298600 0.56182400
vt 0.50105400 0.05621600
vt 0.79849100 0.64960400
vt 0.50149400 0.06064400
vt 0.81451900 0.61472400
vt 0.80670400 0.63180800
vt 0.80806300 0.62552700
vt 0.82279100 0.54222400
vt 0.78010700 0.70756500
vt 0.72271700 0.35466300
vt 0.79882900 0.72230600
vt 0.77827200 0.70829500
vt 0.79958200 0.85083800
vt 0.80028800 0.72164600
vt 0.79891700 0.84897800
vt 0.72418800 0.35403300
vt 0.78712600 0.72522900
vt 0.72955800 0.37220000
vt 0.79051000 0.70542000
vt 0.78529000 0.72595900
vt 0.78168300 0.85723700
vt 0.79196900 0.70483400
vt 0.73103000 0.37156900
vt 0.78101800 0.85537700
vt 0.78452400 0.71868200
vt 0.72678100 0.36572400
vt 0.78452400 0.71868200
vt 0.78268900 0.71941100
vt 0.78268900 0.71941100
vt 0.79341400 0.71184000
vt 0.79487200 0.71118000
vt 0.78831800 0.85486500
vt 0.78831800 0.85486500
vt 0.78765300 0.85300500
vt 0.72825200 0.36509300
vt 0.78765300 0.85300500
vt 0.78228400 0.71839200
vt 0.79435300 0.71240500
vt 0.78228400 0.71839200
vt 0.78411900 0.71766200
vt 0.72699800 0.36464900
vt 0.78411900 0.71766200
vt 0.78868600 0.85263600
vt 0.78868600 0.85263600
vt 0.72846900 0.36401800
vt 0.79581200 0.71174600
vt 0.78935100 0.85449600
vt 0.78935100 0.85449600
vt 0.80010200 0.65356000
vt 0.80336000 0.65357500
vt 0.80337700 0.64962600
vt 0.49678800 0.05827600
vt 0.49943400 0.05637700
vt 0.80012000 0.64961100
vt 0.80661800 0.65358900
vt 0.80930200 0.61160600
vt 0.49544600 0.06124400
vt 0.80663400 0.64964000
vt 0.80987600 0.65360200
vt 0.59765600 0.01764700
vt 0.80989000 0.64965300
vt 0.86060700 0.47947700
vt 0.81313400 0.65361400
vt 0.60030200 0.01574800
vt 0.81314700 0.64966400
vt 0.81639100 0.65362400
vt 0.60164400 0.01278000
vt 0.81640400 0.64967500
vt 0.81802000 0.65362900
vt 0.80352400 0.55749100
vt 0.81803300 0.64968000
vt 0.80513000 0.55388400
vt 0.60148300 0.01115900
vt 0.85259700 0.48624700
vt 0.80993200 0.63916600
vt 0.80667500 0.63915300
vt 0.80392200 0.62060900
vt 0.80668800 0.63578900
vt 0.80464600 0.62348500
vt 0.80376500 0.62268700
vt 0.80668400 0.63697700
vt 0.85057100 0.48673900
vt 0.80994100 0.63699000
vt 0.80994600 0.63580200
vt 0.84964100 0.48599900
vt 0.80668000 0.63796500
vt 0.80352400 0.62172800
vt 0.80993700 0.63797800
vt 0.85155700 0.48682200
vt 0.30192300 0.55100100
vt 0.83290700 0.56411500
vt 0.82391800 0.74030600
vt 0.83263000 0.56126900
vt 0.82536600 0.73826900
vt 0.83014100 0.56153000
vt 0.83024500 0.56416800
vt 0.29925500 0.55101300
vt 0.84103300 0.56416800
vt 0.29847700 0.55185300
vt 0.82893600 0.56418600
vt 0.84107600 0.56158800
vt 0.82655200 0.73804900
vt 0.82877600 0.56161000
vt 0.82725200 0.73851200
vt 0.84023900 0.56152700
vt 0.84005300 0.56410700
vt 0.29854900 0.55283200
vt 0.29944800 0.55360900
vt 0.83870600 0.56406100
vt 0.82751400 0.73968900
vt 0.83888800 0.56140100
vt 0.83640300 0.56115000
vt 0.82620400 0.74181800
vt 0.83632900 0.56403000
vt 0.30181900 0.55343800
vt 0.83492600 0.56406600
vt 0.30269300 0.55254000
vt 0.83507700 0.56111900
vt 0.82506500 0.74206900
vt 0.83396200 0.56117100
vt 0.82413200 0.74145300
vt 0.83422900 0.56409500
vt 0.30272500 0.55183500
vt 0.77521500 0.41466500
vt 0.77549200 0.41505100
vt 0.77572700 0.41536900
vt 0.77107800 0.40958800
vt 0.77602100 0.41574200
vt 0.77137900 0.40995500
vt 0.77163900 0.41025400
vt 0.77195600 0.41060700
vt 0.77279800 0.41154300
vt 0.77311600 0.41189600
vt 0.77337600 0.41219500
vt 0.77367700 0.41256200
vt 0.77397100 0.41293600
vt 0.77420600 0.41325400
vt 0.77448300 0.41364100
vt 0.82458100 0.74026700
vt 0.74395100 0.43476400
vt 0.82541000 0.73901500
vt 0.74349700 0.43333300
vt 0.74688100 0.43754700
vt 0.82681000 0.73994100
vt 0.74558200 0.43679500
vt 0.82598100 0.74119200
vt 0.82657300 0.73877900
vt 0.74793300 0.43837200
vt 0.74291800 0.43212900
vt 0.82481800 0.74142900
vt 0.74453100 0.43596900
vt 0.83337300 0.56411100
vt 0.30238500 0.55109200
vt 0.83310500 0.56122200
vt 0.82372600 0.74073800
vt 0.82570300 0.73867800
vt 0.74334900 0.43288100
vt 0.82691000 0.73911400
vt 0.74760900 0.43802400
vt 0.74517300 0.43655300
vt 0.82570300 0.74152900
vt 0.82570300 0.73794100
vt 0.82966200 0.56157700
vt 0.29879600 0.55110800
vt 0.82978100 0.56417800
vt 0.74409900 0.43521600
vt 0.82440200 0.74070700
vt 0.83593400 0.56111000
vt 0.82588200 0.74216300
vt 0.83584200 0.56403000
vt 0.30228800 0.55331200
vt 0.82759200 0.73884800
vt 0.83976300 0.56148900
vt 0.83957800 0.56408200
vt 0.29867700 0.55329000
vt 0.74426000 0.43557800
vt 0.82448100 0.74109400
vt 0.83349400 0.56119500
vt 0.82379700 0.74112000
vt 0.30265300 0.55137000
vt 0.83375700 0.56410900
vt 0.74318900 0.43252000
vt 0.82613200 0.73860000
vt 0.82699000 0.73950100
vt 0.74729100 0.43778900
vt 0.74485400 0.43631800
vt 0.82525900 0.74160800
vt 0.82925600 0.56160100
vt 0.82611000 0.73786800
vt 0.82940300 0.56418100
vt 0.29853700 0.55138800
vt 0.83554700 0.56110200
vt 0.82550300 0.74224700
vt 0.30257900 0.55301200
vt 0.83542300 0.56404400
vt 0.83936300 0.56145000
vt 0.82768000 0.73924000
vt 0.29897600 0.55354900
vt 0.83918200 0.56406900
vt 0.29942000 0.55323700
vt 0.30183500 0.55306500
vt 0.30190700 0.55137300
vt 0.29928300 0.55138500
vt 0.30185500 0.55259900
vt 0.29938600 0.55277300
vt 0.30188700 0.55183900
vt 0.29931700 0.55185000
vt 0.79847400 0.65355300
vt 0.82138300 0.56543400
vt 0.85668300 0.47483500
vt 0.59705500 0.01159900
vt 0.84707200 0.48296000
vt 0.80996100 0.63182100
vt 0.81981500 0.54090000
vt 0.79414600 0.74289300
vt 0.73754500 0.38924500
vt 0.73326300 0.37925900
vt 0.79013300 0.73279600
vt 0.79013300 0.73279600
vt 0.78829700 0.73352600
vt 0.78780100 0.69792200
vt 0.78829700 0.73352600
vt 0.78332200 0.68802300
vt 0.79231000 0.74362300
vt 0.78925900 0.69726200
vt 0.77401600 0.85997800
vt 0.77401600 0.85997800
vt 0.76378500 0.86363600
vt 0.78478000 0.68736300
vt 0.73473400 0.37862800
vt 0.77335100 0.85811800
vt 0.77335100 0.85811800
vt 0.76312000 0.86177600
vt 0.73901600 0.38861400
vt 0.78972800 0.73177700
vt 0.78972800 0.73177700
vt 0.73233400 0.37867500
vt 0.78760600 0.69900100
vt 0.78789200 0.73250700
vt 0.78789200 0.73250700
vt 0.78906400 0.69834100
vt 0.77504900 0.85960900
vt 0.77504900 0.85960900
vt 0.77438400 0.85774900
vt 0.77438400 0.85774900
vt 0.73380600 0.37804500
vt 0.18231700 0.29097000
vt 0.96008800 0.19821400
vt 0.94247600 0.21336500
vt 0.18511700 0.29097000
vt 0.96138300 0.20046100
vt 0.18231700 0.28837700
vt 0.18511700 0.28837700
vt 0.94118100 0.21561300
vt 0.96138300 0.19746800
vt 0.12935500 0.49544600
vt 0.12935500 0.49824600
vt 0.94118100 0.21262000
vt 0.96267800 0.19971500
vt 0.12676200 0.49544600
vt 0.12676200 0.49824600
vt 0.93988700 0.21486700
vt 0.63210600 0.59333600
vt 0.69746400 0.06739400
vt 0.69746400 0.06708900
vt 0.63241300 0.59328900
vt 0.69746400 0.06666800
vt 0.63271000 0.59299600
vt 0.69746400 0.06615600
vt 0.69746400 0.07111000
vt 0.63293300 0.59253600
vt 0.69746400 0.07059800
vt 0.63301700 0.59203100
vt 0.63293900 0.59161700
vt 0.69746400 0.07017600
vt 0.69746400 0.06987100
vt 0.63271900 0.59140400
vt 0.63241300 0.59145100
vt 0.69746400 0.06956600
vt 0.69746400 0.06914500
vt 0.63211500 0.59174400
vt 0.69746400 0.06863300
vt 0.63189200 0.59220500
vt 0.63180800 0.59271000
vt 0.69746400 0.06812100
vt 0.63188700 0.59312400
vt 0.69746400 0.06770000
vt 0.70657300 0.06739400
vt 0.59676400 0.59140400
vt 0.59706500 0.59145700
vt 0.70657300 0.06708900
vt 0.59736200 0.59175500
vt 0.70657300 0.06666800
vt 0.70657300 0.06615600
vt 0.59757700 0.59222000
vt 0.70657300 0.07111000
vt 0.70657300 0.07059800
vt 0.59765100 0.59272700
vt 0.70657300 0.07017600
vt 0.59756500 0.59313900
vt 0.59734100 0.59334700
vt 0.70657300 0.06987100
vt 0.70657300 0.06956600
vt 0.59704100 0.59329500
vt 0.70657300 0.06914500
vt 0.59674400 0.59299600
vt 0.70657300 0.06863300
vt 0.59652900 0.59253100
vt 0.59645500 0.59202500
vt 0.70657300 0.06812100
vt 0.59654100 0.59161200
vt 0.70657300 0.06770000
vt 0.10150900 0.46773600
vt 0.85402900 0.23787200
vt 0.18886100 0.30857800
vt 0.10431000 0.46773600
vt 0.85402900 0.24046500
vt 0.10150900 0.46514300
vt 0.10431000 0.46514300
vt 0.18886100 0.31117200
vt 0.85552300 0.23787200
vt 0.11666100 0.50554700
vt 0.11946100 0.50554700
vt 0.18736700 0.30857800
vt 0.85552300 0.24046500
vt 0.11666100 0.50814000
vt 0.11946100 0.50814000
vt 0.18736700 0.31117200
vt 0.97524000 0.18306200
vt 0.15706400 0.32127300
vt 0.15986500 0.32127300
vt 0.99298000 0.16791100
vt 0.97653400 0.18531000
vt 0.15706400 0.31867900
vt 0.15986500 0.31867900
vt 0.99168600 0.17015800
vt 0.12676200 0.31362900
vt 0.97653400 0.18231700
vt 0.12956200 0.31362900
vt 0.99168600 0.16716500
vt 0.12676200 0.31622200
vt 0.97782900 0.18456400
vt 0.99039100 0.16941300
vt 0.12956200 0.31622200
vt 0.63879000 0.59231500
vt 0.70623000 0.04090400
vt 0.63874400 0.59201400
vt 0.70653500 0.04090400
vt 0.63845100 0.59171100
vt 0.70695600 0.04090400
vt 0.63799000 0.59148800
vt 0.70251500 0.04090400
vt 0.70746800 0.04090400
vt 0.63748500 0.59140400
vt 0.70302700 0.04090400
vt 0.70344800 0.04090400
vt 0.63707100 0.59148300
vt 0.63685900 0.59170200
vt 0.70375300 0.04090400
vt 0.70405800 0.04090400
vt 0.63690500 0.59200400
vt 0.63719800 0.59230600
vt 0.70448000 0.04090400
vt 0.63765900 0.59253000
vt 0.70499200 0.04090400
vt 0.63816400 0.59261300
vt 0.70550300 0.04090400
vt 0.63857800 0.59253500
vt 0.70592500 0.04090400
vt 0.56141100 0.60150500
vt 0.70623000 0.05001300
vt 0.56171100 0.60155800
vt 0.70653500 0.05001300
vt 0.70695600 0.05001300
vt 0.56200900 0.60185600
vt 0.70746800 0.05001300
vt 0.56222300 0.60232100
vt 0.70251500 0.05001300
vt 0.70302700 0.05001300
vt 0.56229700 0.60282800
vt 0.56221100 0.60324000
vt 0.70344800 0.05001300
vt 0.70375300 0.05001300
vt 0.56198800 0.60344800
vt 0.56168800 0.60339600
vt 0.70405800 0.05001300
vt 0.56139000 0.60309700
vt 0.70448000 0.05001300
vt 0.70499200 0.05001300
vt 0.56117600 0.60263200
vt 0.56110200 0.60212600
vt 0.70550300 0.05001300
vt 0.56118800 0.60171300
vt 0.70592500 0.05001300
vt 0.85402900 0.24292200
vt 0.10656000 0.46773600
vt 0.10936000 0.46773600
vt 0.17371000 0.32373000
vt 0.85402900 0.24551600
vt 0.10656000 0.46514300
vt 0.10936000 0.46514300
vt 0.17371000 0.32632300
vt 0.85552300 0.24292200
vt 0.11161000 0.31867900
vt 0.17221600 0.32373000
vt 0.11441100 0.31867900
vt 0.11161000 0.32127300
vt 0.85552300 0.24551600
vt 0.17221600 0.32632300
vt 0.11441100 0.32127300
vt 0.73994400 0.06615600
vt 0.02070200 0.00555000
vt 0.69746400 0.81315700
vt 0.73994400 0.14919100
vt 0.39901900 0.48237000
vt 0.78050000 0.81315700
vt 0.02070200 0.10104100
vt 0.69746400 0.71766600
vt 0.71261600 0.06615600
vt 0.71261600 0.14919100
vt 0.30352800 0.48237000
vt 0.78050000 0.71766600
vt 0.02277800 0.00555000
vt 0.73786800 0.06615600
vt 0.52292600 0.81315700
vt 0.39901900 0.48029400
vt 0.43989000 0.81315700
vt 0.73786800 0.14919100
vt 0.02277800 0.10104100
vt 0.71469100 0.06615600
vt 0.52292600 0.71766600
vt 0.43989000 0.71766600
vt 0.71469100 0.14919100
vt 0.30352800 0.48029400
vt 0.75509500 0.06615600
vt 0.38386700 0.01060100
vt 0.42979000 0.49544600
vt 0.39901800 0.49247100
vt 0.75509500 0.14919100
vt 0.42979000 0.57848100
vt 0.28837700 0.01060100
vt 0.52528000 0.49544600
vt 0.73281700 0.06615600
vt 0.30352800 0.49247100
vt 0.73281700 0.14919100
vt 0.52528000 0.57848100
vt 0.75301900 0.06615600
vt 0.58858200 0.70709700
vt 0.38386700 0.01267700
vt 0.39901800 0.49039500
vt 0.75301900 0.14919100
vt 0.50554700 0.70709700
vt 0.58858200 0.61160600
vt 0.73489300 0.06615600
vt 0.28837700 0.01267700
vt 0.30352800 0.49039500
vt 0.50554700 0.61160600
vt 0.73489300 0.14919100
vt 0.17726600 0.30107100
vt 0.98029000 0.16791100
vt 0.98793000 0.16791100
vt 0.18006700 0.30107100
vt 0.98158500 0.17015800
vt 0.17726600 0.29847700
vt 0.98663500 0.17015800
vt 0.18006700 0.29847700
vt 0.11161000 0.32373000
vt 0.98158500 0.16716500
vt 0.98663500 0.16716500
vt 0.11441100 0.32373000
vt 0.11161000 0.32632300
vt 0.98287900 0.16941300
vt 0.98534100 0.16941300
vt 0.11441100 0.32632300
vt 0.48029400 0.03709200
vt 0.64384100 0.59231500
vt 0.64379400 0.59201400
vt 0.48029400 0.03678700
vt 0.48029400 0.03636500
vt 0.64350100 0.59171100
vt 0.48029400 0.04080700
vt 0.48029400 0.03585300
vt 0.64304000 0.59148800
vt 0.48029400 0.04029500
vt 0.64253500 0.59140400
vt 0.64212100 0.59148300
vt 0.48029400 0.03987400
vt 0.48029400 0.03956800
vt 0.64190900 0.59170200
vt 0.64195600 0.59200400
vt 0.48029400 0.03926300
vt 0.48029400 0.03884200
vt 0.64224900 0.59230600
vt 0.48029400 0.03833000
vt 0.64271000 0.59253000
vt 0.64321500 0.59261300
vt 0.48029400 0.03781800
vt 0.48029400 0.03739700
vt 0.64362900 0.59253500
vt 0.48940300 0.03709200
vt 0.60849900 0.59171400
vt 0.48940300 0.03678700
vt 0.60844600 0.59200200
vt 0.60814800 0.59231200
vt 0.48940300 0.03636500
vt 0.60768300 0.59252600
vt 0.48940300 0.04080700
vt 0.48940300 0.03585300
vt 0.48940300 0.04029500
vt 0.60717600 0.59260000
vt 0.48940300 0.03987400
vt 0.60676400 0.59251400
vt 0.60655600 0.59229100
vt 0.48940300 0.03956800
vt 0.48940300 0.03926300
vt 0.60660800 0.59200200
vt 0.60690700 0.59169300
vt 0.48940300 0.03884200
vt 0.48940300 0.03833000
vt 0.60737200 0.59147900
vt 0.60787800 0.59140400
vt 0.48940300 0.03781800
vt 0.60829100 0.59149100
vt 0.48940300 0.03739700
vt 0.85402900 0.24797300
vt 0.09645900 0.48288800
vt 0.17371000 0.31867900
vt 0.09926000 0.48288800
vt 0.09645900 0.48029400
vt 0.85402900 0.25056600
vt 0.17371000 0.32127300
vt 0.09926000 0.48029400
vt 0.12676200 0.32373000
vt 0.85552300 0.24797300
vt 0.17221600 0.31867900
vt 0.12956200 0.32373000
vt 0.12676200 0.32632300
vt 0.85552300 0.25056600
vt 0.17221600 0.32127300
vt 0.12956200 0.32632300
vt 0.18736700 0.28086900
vt 0.97018900 0.18306200
vt 0.19016800 0.28086900
vt 0.94752600 0.21336500
vt 0.97148400 0.18531000
vt 0.18736700 0.27827600
vt 0.94623200 0.21561300
vt 0.19016800 0.27827600
vt 0.11161000 0.31362900
vt 0.97148400 0.18231700
vt 0.11441100 0.31362900
vt 0.94623200 0.21262000
vt 0.97277800 0.18456400
vt 0.11161000 0.31622200
vt 0.11441100 0.31622200
vt 0.94493700 0.21486700
vt 0.64696000 0.59170200
vt 0.69241400 0.05729400
vt 0.69241400 0.05698800
vt 0.64700600 0.59200900
vt 0.69241400 0.05656700
vt 0.64729900 0.59230600
vt 0.69241400 0.06100900
vt 0.69241400 0.05605500
vt 0.64776000 0.59253000
vt 0.69241400 0.06049700
vt 0.64826500 0.59261300
vt 0.64867900 0.59253500
vt 0.69241400 0.06007500
vt 0.69241400 0.05977000
vt 0.64889100 0.59231500
vt 0.64884500 0.59200900
vt 0.69241400 0.05946500
vt 0.64855200 0.59171100
vt 0.69241400 0.05904400
vt 0.64809100 0.59148800
vt 0.69241400 0.05853200
vt 0.69241400 0.05802000
vt 0.64758600 0.59140400
vt 0.69241400 0.05759900
vt 0.64717200 0.59148300
vt 0.70152300 0.05729400
vt 0.56141100 0.59645500
vt 0.70152300 0.05698800
vt 0.56171100 0.59650700
vt 0.56200900 0.59680600
vt 0.70152300 0.05656700
vt 0.70152300 0.05605500
vt 0.70152300 0.06100900
vt 0.56222300 0.59727100
vt 0.56229700 0.59777700
vt 0.70152300 0.06049700
vt 0.56221100 0.59819000
vt 0.70152300 0.06007500
vt 0.70152300 0.05977000
vt 0.56198800 0.59839800
vt 0.70152300 0.05946500
vt 0.56168800 0.59834500
vt 0.56139000 0.59804700
vt 0.70152300 0.05904400
vt 0.56117600 0.59758200
vt 0.70152300 0.05853200
vt 0.70152300 0.05802000
vt 0.56110200 0.59707500
vt 0.70152300 0.05759900
vt 0.56118800 0.59666300
vt 0.10150900 0.48288800
vt 0.86918000 0.23282100
vt 0.10431000 0.48288800
vt 0.18886100 0.31362900
vt 0.10150900 0.48029400
vt 0.86918000 0.23541500
vt 0.10431000 0.48029400
vt 0.18886100 0.31622200
vt 0.12676200 0.31867900
vt 0.87067400 0.23282100
vt 0.12956200 0.31867900
vt 0.18736700 0.31362900
vt 0.12676200 0.32127300
vt 0.87067400 0.23541500
vt 0.18736700 0.31622200
vt 0.12956200 0.32127300
f 6/6/6 2/2/2 10/10/10
f 2/2/2 8/8/8 10/10/10
f 24/24/24 21/21/21 15/15/15
f 24/24/24 15/15/15 18/18/18
f 17/17/17 13/13/13 1/1/1
f 17/17/17 1/1/1 5/5/5
f 22/22/22 16/16/16 4/4/4
f 22/22/22 4/4/4 11/11/11
f 19/19/19 23/23/23 12/12/12
f 19/19/19 12/12/12 9/9/9
f 14/14/14 20/20/20 7/7/7
f 14/14/14 7/7/7 3/3/3
f 25/25/25 26/26/26 33/33/33
f 33/33/33 32/32/32 25/25/25
f 26/26/26 27/27/27 35/35/35
f 35/35/35 33/33/33 26/26/26
f 27/27/27 28/28/28 39/39/39
f 39/39/39 35/35/35 27/27/27
f 28/28/28 29/29/29 42/42/42
f 42/42/42 39/39/39 28/28/28
f 29/29/29 30/30/30 44/44/44
f 44/44/44 42/42/42 29/29/29
f 248/248/248 250/250/250 44/44/44
f 44/44/44 30/30/30 248/248/248
f 35/35/35 39/39/39 47/47/47
f 47/47/47 45/45/45 35/35/35
f 57/57/57 52/52/52 49/49/49
f 49/49/49 55/55/55 57/57/57
f 60/60/60 57/57/57 55/55/55
f 55/55/55 53/53/53 60/60/60
f 47/47/47 60/60/60 53/53/53
f 53/53/53 45/45/45 47/47/47
f 83/83/83 109/109/109 73/73/73
f 73/73/73 100/100/100 83/83/83
f 84/84/84 111/111/111 79/79/79
f 79/79/79 99/99/99 84/84/84
f 87/87/87 114/114/114 78/78/78
f 78/78/78 105/105/105 87/87/87
f 89/89/89 106/106/106 76/76/76
f 76/76/76 102/102/102 89/89/89
f 67/67/67 61/61/61 62/62/62
f 62/62/62 94/94/94 67/67/67
f 72/72/72 92/92/92 93/93/93
f 93/93/93 96/96/96 72/72/72
f 68/68/68 95/95/95 108/108/108
f 108/108/108 82/82/82 68/68/68
f 66/66/66 110/110/110 85/85/85
f 71/71/71 97/97/97 113/113/113
f 113/113/113 86/86/86 71/71/71
f 70/70/70 107/107/107 88/88/88
f 156/156/156 83/83/83 100/100/100
f 100/100/100 145/145/145 156/156/156
f 62/62/62 118/118/118 126/126/126
f 126/126/126 94/94/94 62/62/62
f 120/120/120 138/138/138 65/65/65
f 65/65/65 90/90/90 120/120/120
f 122/122/122 133/133/133 96/96/96
f 96/96/96 93/93/93 122/122/122
f 140/140/140 73/73/73 109/109/109
f 109/109/109 161/161/161 140/140/140
f 67/67/67 128/128/128 115/115/115
f 115/115/115 61/61/61 67/67/67
f 148/148/148 78/78/78 114/114/114
f 114/114/114 170/170/170 148/148/148
f 152/152/152 80/80/80 112/112/112
f 112/112/112 165/165/165 152/152/152
f 157/157/157 107/107/107 70/70/70
f 70/70/70 129/129/129 157/157/157
f 162/162/162 108/108/108 95/95/95
f 95/95/95 125/125/125 162/162/162
f 166/166/166 110/110/110 66/66/66
f 66/66/66 137/137/137 166/166/166
f 169/169/169 113/113/113 97/97/97
f 97/97/97 134/134/134 169/169/169
f 158/158/158 156/156/156 145/145/145
f 145/145/145 144/144/144 158/158/158
f 106/106/106 158/158/158 144/144/144
f 144/144/144 76/76/76 106/106/106
f 118/118/118 117/117/117 123/123/123
f 123/123/123 126/126/126 118/118/118
f 117/117/117 91/91/91 64/64/64
f 64/64/64 123/123/123 117/117/117
f 119/119/119 136/136/136 138/138/138
f 138/138/138 120/120/120 119/119/119
f 119/119/119 92/92/92 72/72/72
f 72/72/72 136/136/136 119/119/119
f 121/121/121 132/132/132 133/133/133
f 133/133/133 122/122/122 121/121/121
f 63/63/63 69/69/69 132/132/132
f 132/132/132 121/121/121 63/63/63
f 142/142/142 140/140/140 161/161/161
f 161/161/161 159/159/159 142/142/142
f 99/99/99 142/142/142 159/159/159
f 159/159/159 84/84/84 99/99/99
f 128/128/128 130/130/130 116/116/116
f 116/116/116 115/115/115 128/128/128
f 130/130/130 69/69/69 63/63/63
f 63/63/63 116/116/116 130/130/130
f 149/149/149 148/148/148 170/170/170
f 170/170/170 167/167/167 149/149/149
f 102/102/102 149/149/149 167/167/167
f 167/167/167 89/89/89 102/102/102
f 154/154/154 152/152/152 165/165/165
f 165/165/165 163/163/163 154/154/154
f 105/105/105 154/154/154 163/163/163
f 163/163/163 87/87/87 105/105/105
f 155/155/155 157/157/157 129/129/129
f 129/129/129 127/127/127 155/155/155
f 82/82/82 155/155/155 127/127/127
f 127/127/127 68/68/68 82/82/82
f 160/160/160 162/162/162 125/125/125
f 125/125/125 124/124/124 160/160/160
f 85/85/85 160/160/160 124/124/124
f 124/124/124 66/66/66 85/85/85
f 164/164/164 166/166/166 137/137/137
f 137/137/137 135/135/135 164/164/164
f 86/86/86 164/164/164 135/135/135
f 135/135/135 71/71/71 86/86/86
f 168/168/168 169/169/169 134/134/134
f 134/134/134 131/131/131 168/168/168
f 88/88/88 168/168/168 131/131/131
f 131/131/131 70/70/70 88/88/88
f 174/174/174 104/104/104 77/77/77
f 77/77/77 173/173/173 174/174/174
f 147/147/147 150/150/150 173/173/173
f 173/173/173 77/77/77 147/147/147
f 151/151/151 153/153/153 104/104/104
f 104/104/104 174/174/174 151/151/151
f 146/146/146 101/101/101 171/171/171
f 171/171/171 143/143/143 146/146/146
f 101/101/101 74/74/74 172/172/172
f 172/172/172 171/171/171 101/101/101
f 172/172/172 74/74/74 139/139/139
f 139/139/139 141/141/141 172/172/172
f 103/103/103 177/177/177 173/173/173
f 173/173/173 150/150/150 103/103/103
f 173/173/173 177/177/177 178/178/178
f 178/178/178 174/174/174 173/173/173
f 178/178/178 81/81/81 151/151/151
f 151/151/151 174/174/174 178/178/178
f 143/143/143 171/171/171 175/175/175
f 175/175/175 75/75/75 143/143/143
f 171/171/171 172/172/172 176/176/176
f 176/176/176 175/175/175 171/171/171
f 176/176/176 172/172/172 141/141/141
f 141/141/141 98/98/98 176/176/176
f 103/103/103 75/75/75 175/175/175
f 175/175/175 177/177/177 103/103/103
f 177/177/177 175/175/175 176/176/176
f 176/176/176 178/178/178 177/177/177
f 176/176/176 98/98/98 81/81/81
f 81/81/81 178/178/178 176/176/176
f 32/32/32 179/179/179 387/387/387
f 387/387/387 25/25/25 32/32/32
f 43/43/43 251/251/251 389/389/389
f 41/41/41 43/43/43 389/389/389
f 38/38/38 41/41/41 389/389/389
f 34/34/34 37/37/37 182/182/182
f 34/34/34 182/182/182 180/180/180
f 31/31/31 34/34/34 180/180/180
f 52/52/52 392/392/392 186/186/186
f 186/186/186 49/49/49 52/52/52
f 46/46/46 54/54/54 56/56/56
f 56/56/56 50/50/50 185/185/185
f 46/46/46 56/56/56 185/185/185
f 46/46/46 185/185/185 183/183/183
f 36/36/36 46/46/46 183/183/183
f 51/51/51 58/58/58 59/59/59
f 59/59/59 48/48/48 40/40/40
f 51/51/51 59/59/59 40/40/40
f 51/51/51 40/40/40 388/388/388
f 390/390/390 51/51/51 388/388/388
f 220/220/220 217/217/217 190/190/190
f 190/190/190 187/187/187 220/220/220
f 216/216/216 224/224/224 192/192/192
f 192/192/192 189/189/189 216/216/216
f 225/225/225 221/221/221 193/193/193
f 193/193/193 191/191/191 225/225/225
f 223/223/223 219/219/219 188/188/188
f 188/188/188 194/194/194 223/223/223
f 195/195/195 198/198/198 206/206/206
f 206/206/206 205/205/205 195/195/195
f 197/197/197 200/200/200 209/209/209
f 209/209/209 208/208/208 197/197/197
f 199/199/199 202/202/202 214/214/214
f 214/214/214 211/211/211 199/199/199
f 201/201/201 196/196/196 204/204/204
f 204/204/204 213/213/213 201/201/201
f 203/203/203 207/207/207 215/215/215
f 215/215/215 218/218/218 203/203/203
f 208/208/208 209/209/209 224/224/224
f 224/224/224 216/216/216 208/208/208
f 210/210/210 212/212/212 222/222/222
f 222/222/222 226/226/226 210/210/210
f 213/213/213 204/204/204 219/219/219
f 219/219/219 223/223/223 213/213/213
f 227/227/227 232/232/232 229/229/229
f 229/229/229 228/228/228 227/227/227
f 228/228/228 229/229/229 236/236/236
f 236/236/236 233/233/233 228/228/228
f 233/233/233 236/236/236 239/239/239
f 239/239/239 237/237/237 233/233/233
f 237/237/237 239/239/239 243/243/243
f 243/243/243 241/241/241 237/237/237
f 241/241/241 243/243/243 246/246/246
f 246/246/246 244/244/244 241/241/241
f 247/247/247 244/244/244 246/246/246
f 246/246/246 249/249/249 247/247/247
f 236/236/236 254/254/254 253/253/253
f 253/253/253 239/239/239 236/236/236
f 261/261/261 259/259/259 256/256/256
f 256/256/256 262/262/262 261/261/261
f 266/266/266 264/264/264 259/259/259
f 259/259/259 261/261/261 266/266/266
f 253/253/253 254/254/254 264/264/264
f 264/264/264 266/266/266 253/253/253
f 271/271/271 269/269/269 274/274/274
f 274/274/274 273/273/273 271/271/271
f 279/279/279 276/276/276 284/284/284
f 284/284/284 283/283/283 279/279/279
f 289/289/289 287/287/287 292/292/292
f 292/292/292 290/290/290 289/289/289
f 296/296/296 294/294/294 300/300/300
f 300/300/300 298/298/298 296/296/296
f 318/318/318 320/320/320 309/309/309
f 309/309/309 310/310/310 318/318/318
f 321/321/321 323/323/323 316/316/316
f 316/316/316 302/302/302 321/321/321
f 317/317/317 270/270/270 272/272/272
f 272/272/272 319/319/319 317/317/317
f 325/325/325 280/280/280 282/282/282
f 322/322/322 288/288/288 291/291/291
f 291/291/291 324/324/324 322/322/322
f 328/328/328 297/297/297 299/299/299
f 332/332/332 330/330/330 269/269/269
f 269/269/269 271/271/271 332/332/332
f 309/309/309 320/320/320 335/335/335
f 335/335/335 308/308/308 309/309/309
f 304/304/304 306/306/306 326/326/326
f 326/326/326 337/337/337 304/304/304
f 315/315/315 316/316/316 323/323/323
f 323/323/323 338/338/338 315/315/315
f 343/343/343 341/341/341 273/273/273
f 273/273/273 274/274/274 343/343/343
f 318/318/318 310/310/310 311/311/311
f 311/311/311 344/344/344 318/318/318
f 348/348/348 346/346/346 290/290/290
f 290/290/290 292/292/292 348/348/348
f 352/352/352 351/351/351 283/283/283
f 283/283/283 284/284/284 352/352/352
f 357/357/357 355/355/355 328/328/328
f 328/328/328 299/299/299 357/357/357
f 340/340/340 334/334/334 319/319/319
f 319/319/319 272/272/272 340/340/340
f 350/350/350 336/336/336 325/325/325
f 325/325/325 282/282/282 350/350/350
f 347/347/347 339/339/339 324/324/324
f 324/324/324 291/291/291 347/347/347
f 356/356/356 359/359/359 330/330/330
f 330/330/330 332/332/332 356/356/356
f 298/298/298 300/300/300 359/359/359
f 359/359/359 356/356/356 298/298/298
f 308/308/308 335/335/335 360/360/360
f 360/360/360 307/307/307 308/308/308
f 307/307/307 360/360/360 327/327/327
f 327/327/327 305/305/305 307/307/307
f 303/303/303 304/304/304 337/337/337
f 337/337/337 363/363/363 303/303/303
f 303/303/303 363/363/363 321/321/321
f 321/321/321 302/302/302 303/303/303
f 314/314/314 315/315/315 338/338/338
f 338/338/338 364/364/364 314/314/314
f 313/313/313 314/314/314 364/364/364
f 364/364/364 329/329/329 313/313/313
f 368/368/368 366/366/366 341/341/341
f 341/341/341 343/343/343 368/368/368
f 278/278/278 281/281/281 366/366/366
f 366/366/366 368/368/368 278/278/278
f 344/344/344 311/311/311 312/312/312
f 312/312/312 354/354/354 344/344/344
f 354/354/354 312/312/312 313/313/313
f 313/313/313 329/329/329 354/354/354
f 373/373/373 370/370/370 346/346/346
f 346/346/346 348/348/348 373/373/373
f 294/294/294 296/296/296 370/370/370
f 370/370/370 373/373/373 294/294/294
f 377/377/377 374/374/374 351/351/351
f 351/351/351 352/352/352 377/377/377
f 287/287/287 289/289/289 374/374/374
f 374/374/374 377/377/377 287/287/287
f 333/333/333 345/345/345 355/355/355
f 355/355/355 357/357/357 333/333/333
f 270/270/270 317/317/317 345/345/345
f 345/345/345 333/333/333 270/270/270
f 367/367/367 361/361/361 334/334/334
f 334/334/334 340/340/340 367/367/367
f 280/280/280 325/325/325 361/361/361
f 361/361/361 367/367/367 280/280/280
f 375/375/375 362/362/362 336/336/336
f 336/336/336 350/350/350 375/375/375
f 288/288/288 322/322/322 362/362/362
f 362/362/362 375/375/375 288/288/288
f 371/371/371 365/365/365 339/339/339
f 339/339/339 347/347/347 371/371/371
f 297/297/297 328/328/328 365/365/365
f 365/365/365 371/371/371 297/297/297
f 378/378/378 379/379/379 293/293/293
f 293/293/293 286/286/286 378/378/378
f 349/349/349 293/293/293 379/379/379
f 379/379/379 372/372/372 349/349/349
f 353/353/353 378/378/378 286/286/286
f 286/286/286 376/376/376 353/353/353
f 331/331/331 358/358/358 380/380/380
f 380/380/380 268/268/268 331/331/331
f 268/268/268 380/380/380 381/381/381
f 381/381/381 275/275/275 268/268/268
f 381/381/381 369/369/369 342/342/342
f 342/342/342 275/275/275 381/381/381
f 295/295/295 372/372/372 379/379/379
f 379/379/379 382/382/382 295/295/295
f 379/379/379 378/378/378 383/383/383
f 383/383/383 382/382/382 379/379/379
f 383/383/383 378/378/378 353/353/353
f 353/353/353 285/285/285 383/383/383
f 358/358/358 301/301/301 384/384/384
f 384/384/384 380/380/380 358/358/358
f 380/380/380 384/384/384 385/385/385
f 385/385/385 381/381/381 380/380/380
f 385/385/385 277/277/277 369/369/369
f 369/369/369 381/381/381 385/385/385
f 295/295/295 382/382/382 384/384/384
f 384/384/384 301/301/301 295/295/295
f 382/382/382 383/383/383 385/385/385
f 385/385/385 384/384/384 382/382/382
f 385/385/385 383/383/383 285/285/285
f 285/285/285 277/277/277 385/385/385
f 232/232/232 227/227/227 386/386/386
f 386/386/386 181/181/181 232/232/232
f 389/389/389 251/251/251 245/245/245
f 389/389/389 245/245/245 242/242/242
f 238/238/238 389/389/389 242/242/242
f 182/182/182 235/235/235 230/230/230
f 180/180/180 182/182/182 230/230/230
f 231/231/231 180/180/180 230/230/230
f 262/262/262 256/256/256 184/184/184
f 184/184/184 391/391/391 262/262/262
f 185/185/185 257/257/257 258/258/258
f 258/258/258 265/265/265 255/255/255
f 185/185/185 258/258/258 255/255/255
f 183/183/183 185/185/185 255/255/255
f 234/234/234 183/183/183 255/255/255
f 240/240/240 252/252/252 267/267/267
f 267/267/267 260/260/260 263/263/263
f 240/240/240 267/267/267 263/263/263
f 388/388/388 240/240/240 263/263/263
f 390/390/390 388/388/388 263/263/263
f 396/396/396 393/393/393 402/402/402
f 402/402/402 398/398/398 396/396/396
f 399/399/399 401/401/401 407/407/407
f 407/407/407 403/403/403 399/399/399
f 404/404/404 406/406/406 411/411/411
f 411/411/411 409/409/409 404/404/404
f 408/408/408 412/412/412 394/394/394
f 394/394/394 395/395/395 408/408/408
f 195/195/195 413/413/413 418/418/418
f 418/418/418 198/198/198 195/195/195
f 197/197/197 416/416/416 419/419/419
f 419/419/419 200/200/200 197/197/197
f 199/199/199 421/421/421 422/422/422
f 422/422/422 202/202/202 199/199/199
f 201/201/201 424/424/424 415/415/415
f 415/415/415 196/196/196 201/201/201
f 414/414/414 397/397/397 400/400/400
f 400/400/400 417/417/417 414/414/414
f 416/416/416 399/399/399 403/403/403
f 403/403/403 419/419/419 416/416/416
f 420/420/420 405/405/405 410/410/410
f 410/410/410 423/423/423 420/420/420
f 424/424/424 408/408/408 395/395/395
f 395/395/395 415/415/415 424/424/424
f 425/425/425 430/430/430 431/431/431
f 431/431/431 428/428/428 425/425/425
f 434/434/434 435/435/435 439/439/439
f 439/439/439 438/438/438 434/434/434
f 427/427/427 432/432/432 440/440/440
f 440/440/440 436/436/436 427/427/427
f 429/429/429 426/426/426 433/433/433
f 433/433/433 437/437/437 429/429/429
f 462/462/462 461/461/461 459/459/459
f 459/459/459 456/456/456 455/455/455
f 455/455/455 452/452/452 451/451/451
f 459/459/459 455/455/455 451/451/451
f 451/451/451 449/449/449 446/446/446
f 446/446/446 444/444/444 441/441/441
f 451/451/451 446/446/446 441/441/441
f 459/459/459 451/451/451 441/441/441
f 462/462/462 459/459/459 441/441/441
f 464/464/464 462/462/462 441/441/441
f 442/442/442 443/443/443 469/469/469
f 469/469/469 466/466/466 442/442/442
f 443/443/443 445/445/445 471/471/471
f 471/471/471 469/469/469 443/443/443
f 445/445/445 447/447/447 472/472/472
f 472/472/472 471/471/471 445/445/445
f 448/448/448 450/450/450 475/475/475
f 475/475/475 474/474/474 448/448/448
f 450/450/450 453/453/453 477/477/477
f 477/477/477 475/475/475 450/450/450
f 453/453/453 454/454/454 480/480/480
f 480/480/480 477/477/477 453/453/453
f 454/454/454 457/457/457 481/481/481
f 481/481/481 480/480/480 454/454/454
f 457/457/457 458/458/458 483/483/483
f 483/483/483 481/481/481 457/457/457
f 458/458/458 460/460/460 485/485/485
f 485/485/485 483/483/483 458/458/458
f 460/460/460 463/463/463 488/488/488
f 488/488/488 485/485/485 460/460/460
f 463/463/463 465/465/465 490/490/490
f 490/490/490 488/488/488 463/463/463
f 465/465/465 442/442/442 466/466/466
f 466/466/466 490/490/490 465/465/465
f 467/467/467 468/468/468 470/470/470
f 470/470/470 473/473/473 476/476/476
f 476/476/476 478/478/478 479/479/479
f 470/470/470 476/476/476 479/479/479
f 479/479/479 482/482/482 484/484/484
f 484/484/484 486/486/486 487/487/487
f 479/479/479 484/484/484 487/487/487
f 470/470/470 479/479/479 487/487/487
f 467/467/467 470/470/470 487/487/487
f 489/489/489 467/467/467 487/487/487
f 491/491/491 496/496/496 497/497/497
f 497/497/497 494/494/494 491/491/491
f 500/500/500 501/501/501 505/505/505
f 505/505/505 504/504/504 500/500/500
f 493/493/493 498/498/498 506/506/506
f 506/506/506 502/502/502 493/493/493
f 495/495/495 492/492/492 499/499/499
f 499/499/499 503/503/503 495/495/495
f 508/508/508 512/512/512 513/513/513
f 513/513/513 509/509/509 508/508/508
f 515/515/515 517/517/517 522/522/522
f 522/522/522 519/519/519 515/515/515
f 510/510/510 514/514/514 521/521/521
f 521/521/521 518/518/518 510/510/510
f 511/511/511 507/507/507 516/516/516
f 516/516/516 520/520/520 511/511/511
f 544/544/544 542/542/542 540/540/540
f 540/540/540 539/539/539 536/536/536
f 536/536/536 535/535/535 532/532/532
f 540/540/540 536/536/536 532/532/532
f 532/532/532 529/529/529 527/527/527
f 527/527/527 525/525/525 523/523/523
f 532/532/532 527/527/527 523/523/523
f 540/540/540 532/532/532 523/523/523
f 544/544/544 540/540/540 523/523/523
f 546/546/546 544/544/544 523/523/523
f 524/524/524 526/526/526 551/551/551
f 551/551/551 549/549/549 524/524/524
f 526/526/526 528/528/528 552/552/552
f 552/552/552 551/551/551 526/526/526
f 528/528/528 531/531/531 554/554/554
f 554/554/554 552/552/552 528/528/528
f 530/530/530 533/533/533 557/557/557
f 557/557/557 556/556/556 530/530/530
f 533/533/533 534/534/534 560/560/560
f 560/560/560 557/557/557 533/533/533
f 534/534/534 537/537/537 561/561/561
f 561/561/561 560/560/560 534/534/534
f 537/537/537 538/538/538 564/564/564
f 564/564/564 561/561/561 537/537/537
f 538/538/538 541/541/541 566/566/566
f 566/566/566 564/564/564 538/538/538
f 541/541/541 543/543/543 567/567/567
f 567/567/567 566/566/566 541/541/541
f 543/543/543 545/545/545 570/570/570
f 570/570/570 567/567/567 543/543/543
f 545/545/545 547/547/547 572/572/572
f 572/572/572 570/570/570 545/545/545
f 547/547/547 524/524/524 549/549/549
f 549/549/549 572/572/572 547/547/547
f 548/548/548 550/550/550 553/553/553
f 553/553/553 555/555/555 558/558/558
f 558/558/558 559/559/559 562/562/562
f 553/553/553 558/558/558 562/562/562
f 562/562/562 563/563/563 565/565/565
f 565/565/565 568/568/568 569/569/569
f 562/562/562 565/565/565 569/569/569
f 553/553/553 562/562/562 569/569/569
f 548/548/548 553/553/553 569/569/569
f 571/571/571 548/548/548 569/569/569
f 574/574/574 578/578/578 579/579/579
f 579/579/579 575/575/575 574/574/574
f 582/582/582 584/584/584 588/588/588
f 588/588/588 585/585/585 582/582/582
f 576/576/576 580/580/580 587/587/587
f 587/587/587 583/583/583 576/576/576
f 577/577/577 573/573/573 581/581/581
f 581/581/581 586/586/586 577/577/577
f 594/594/594 591/591/591 600/600/600
f 591/591/591 596/596/596 600/600/600
f 610/610/610 609/609/609 603/603/603
f 610/610/610 603/603/603 605/605/605
f 606/606/606 602/602/602 589/589/589
f 606/606/606 589/589/589 592/592/592
f 612/612/612 604/604/604 593/593/593
f 612/612/612 593/593/593 599/599/599
f 608/608/608 611/611/611 598/598/598
f 608/608/608 598/598/598 597/597/597
f 601/601/601 607/607/607 595/595/595
f 601/601/601 595/595/595 590/590/590
f 618/618/618 615/615/615 624/624/624
f 615/615/615 620/620/620 624/624/624
f 635/635/635 631/631/631 626/626/626
f 635/635/635 626/626/626 630/630/630
f 629/629/629 625/625/625 613/613/613
f 629/629/629 613/613/613 617/617/617
f 634/634/634 628/628/628 616/616/616
f 634/634/634 616/616/616 622/622/622
f 632/632/632 636/636/636 623/623/623
f 632/632/632 623/623/623 621/621/621
f 627/627/627 633/633/633 619/619/619
f 627/627/627 619/619/619 614/614/614
f 637/637/637 642/642/642 644/644/644
f 644/644/644 640/640/640 637/637/637
f 645/645/645 648/648/648 652/652/652
f 652/652/652 649/649/649 645/645/645
f 639/639/639 643/643/643 651/651/651
f 651/651/651 647/647/647 639/639/639
f 641/641/641 638/638/638 646/646/646
f 646/646/646 650/650/650 641/641/641
f 674/674/674 673/673/673 671/671/671
f 671/671/671 668/668/668 667/667/667
f 667/667/667 664/664/664 663/663/663
f 671/671/671 667/667/667 663/663/663
f 663/663/663 661/661/661 658/658/658
f 658/658/658 655/655/655 654/654/654
f 663/663/663 658/658/658 654/654/654
f 671/671/671 663/663/663 654/654/654
f 674/674/674 671/671/671 654/654/654
f 677/677/677 674/674/674 654/654/654
f 653/653/653 656/656/656 680/680/680
f 680/680/680 678/678/678 653/653/653
f 656/656/656 657/657/657 683/683/683
f 683/683/683 680/680/680 656/656/656
f 657/657/657 660/660/660 686/686/686
f 686/686/686 683/683/683 657/657/657
f 659/659/659 662/662/662 687/687/687
f 687/687/687 685/685/685 659/659/659
f 662/662/662 665/665/665 689/689/689
f 689/689/689 687/687/687 662/662/662
f 665/665/665 666/666/666 692/692/692
f 692/692/692 689/689/689 665/665/665
f 666/666/666 669/669/669 693/693/693
f 693/693/693 692/692/692 666/666/666
f 669/669/669 670/670/670 696/696/696
f 696/696/696 693/693/693 669/669/669
f 670/670/670 672/672/672 697/697/697
f 697/697/697 696/696/696 670/670/670
f 672/672/672 675/675/675 700/700/700
f 700/700/700 697/697/697 672/672/672
f 675/675/675 676/676/676 702/702/702
f 702/702/702 700/700/700 675/675/675
f 676/676/676 653/653/653 678/678/678
f 678/678/678 702/702/702 676/676/676
f 679/679/679 681/681/681 682/682/682
f 682/682/682 684/684/684 688/688/688
f 688/688/688 690/690/690 691/691/691
f 682/682/682 688/688/688 691/691/691
f 691/691/691 694/694/694 695/695/695
f 695/695/695 698/698/698 699/699/699
f 691/691/691 695/695/695 699/699/699
f 682/682/682 691/691/691 699/699/699
f 679/679/679 682/682/682 699/699/699
f 701/701/701 679/679/679 699/699/699
f 704/704/704 707/707/707 710/710/710
f 710/710/710 706/706/706 704/704/704
f 711/711/711 714/714/714 718/718/718
f 718/718/718 715/715/715 711/711/711
f 705/705/705 709/709/709 717/717/717
f 717/717/717 713/713/713 705/705/705
f 708/708/708 703/703/703 712/712/712
f 712/712/712 716/716/716 708/708/708
f 719/719/719 724/724/724 726/726/726
f 726/726/726 721/721/721 719/719/719
f 727/727/727 729/729/729 733/733/733
f 733/733/733 732/732/732 727/727/727
f 722/722/722 725/725/725 734/734/734
f 734/734/734 730/730/730 722/722/722
f 723/723/723 720/720/720 728/728/728
f 728/728/728 731/731/731 723/723/723
f 757/757/757 754/754/754 752/752/752
f 752/752/752 750/750/750 749/749/749
f 749/749/749 746/746/746 745/745/745
f 752/752/752 749/749/749 745/745/745
f 745/745/745 743/743/743 740/740/740
f 740/740/740 738/738/738 735/735/735
f 745/745/745 740/740/740 735/735/735
f 752/752/752 745/745/745 735/735/735
f 757/757/757 752/752/752 735/735/735
f 759/759/759 757/757/757 735/735/735
f 736/736/736 737/737/737 762/762/762
f 762/762/762 760/760/760 736/736/736
f 737/737/737 739/739/739 765/765/765
f 765/765/765 762/762/762 737/737/737
f 739/739/739 742/742/742 766/766/766
f 766/766/766 765/765/765 739/739/739
f 741/741/741 744/744/744 770/770/770
f 770/770/770 767/767/767 741/741/741
f 744/744/744 747/747/747 772/772/772
f 772/772/772 770/770/770 744/744/744
f 747/747/747 748/748/748 773/773/773
f 773/773/773 772/772/772 747/747/747
f 748/748/748 751/751/751 775/775/775
f 775/775/775 773/773/773 748/748/748
f 751/751/751 753/753/753 778/778/778
f 778/778/778 775/775/775 751/751/751
f 753/753/753 755/755/755 780/780/780
f 780/780/780 778/778/778 753/753/753
f 755/755/755 756/756/756 781/781/781
f 781/781/781 780/780/780 755/755/755
f 756/756/756 758/758/758 783/783/783
f 783/783/783 781/781/781 756/756/756
f 758/758/758 736/736/736 760/760/760
f 760/760/760 783/783/783 758/758/758
f 761/761/761 763/763/763 764/764/764
f 764/764/764 768/768/768 769/769/769
f 769/769/769 771/771/771 774/774/774
f 764/764/764 769/769/769 774/774/774
f 774/774/774 776/776/776 777/777/777
f 777/777/777 779/779/779 782/782/782
f 774/774/774 777/777/777 782/782/782
f 764/764/764 774/774/774 782/782/782
f 761/761/761 764/764/764 782/782/782
f 784/784/784 761/761/761 782/782/782
f 785/785/785 789/789/789 791/791/791
f 791/791/791 787/787/787 785/785/785
f 793/793/793 795/795/795 800/800/800
f 800/800/800 797/797/797 793/793/793
f 788/788/788 792/792/792 799/799/799
f 799/799/799 796/796/796 788/788/788
f 790/790/790 786/786/786 794/794/794
f 794/794/794 798/798/798 790/790/790

