mtllib material.mtl
usemtl material_0
v -1.20790200 -0.18085700 -4.88182500
v -1.20790200 -0.18085700 -4.88182500
v -1.20790200 -0.18085700 -4.88182500
v 0.79209700 -0.18085700 -4.88182600
v 0.79209700 -0.18085700 -4.88182600
v 0.79209700 -0.18085700 -4.88182600
v -1.20790300 -0.18085700 -7.18182500
v -1.20790300 -0.18085700 -7.18182500
v -1.20790300 -0.18085700 -7.18182500
v 0.79209700 -0.18085700 -7.18182600
v 0.79209700 -0.18085700 -7.18182600
v 0.79209700 -0.18085700 -7.18182600
v -1.20790200 -0.15389600 -4.88182500
v -1.20790200 -0.15389600 -4.88182500
v -1.20790200 -0.15389600 -4.88182500
v 0.79209700 -0.15389600 -4.88182600
v 0.79209700 -0.15389600 -4.88182600
v 0.79209700 -0.15389600 -4.88182600
v -1.20790300 -0.15389600 -7.18182500
v -1.20790300 -0.15389600 -7.18182500
v -1.20790300 -0.15389600 -7.18182500
v 0.79209700 -0.15389500 -7.18182600
v 0.79209700 -0.15389500 -7.18182600
v 0.79209700 -0.15389500 -7.18182600
v -0.24672300 -0.31226300 -1.36809400
v -0.31396600 -0.27344000 -1.36809400
v -0.35278800 -0.20619700 -1.36809400
v -0.35278800 -0.12855200 -1.36809400
v -0.31396600 -0.06130800 -1.36809400
v -0.24672200 -0.02248600 -1.36809400
v -0.24672300 -0.31226300 -1.46223500
v -0.24672300 -0.31226300 -1.46223500
v -0.31396600 -0.27344000 -1.46223500
v -0.31396600 -0.27344000 -1.46223500
v -0.35278800 -0.20619700 -1.46223500
v -0.35278800 -0.20619700 -1.46223500
v -0.35278800 -0.20619700 -1.46223500
v -0.35278800 -0.12855200 -1.46223500
v -0.35278800 -0.12855200 -1.46223500
v -0.35278800 -0.12855200 -1.46223500
v -0.31396600 -0.06130800 -1.46223500
v -0.31396600 -0.06130800 -1.46223500
v -0.24672200 -0.02248600 -1.46223500
v -0.24672200 -0.02248600 -1.46223500
v -0.35278900 -0.20619700 -1.71223500
v -0.35278900 -0.20619700 -1.71223500
v -0.35278900 -0.12855200 -1.71223500
v -0.35278900 -0.12855200 -1.71223500
v -0.30278900 -0.20619700 -1.76223500
v -0.30278900 -0.20619700 -1.76223500
v -0.30278800 -0.12855200 -1.76223500
v -0.30278800 -0.12855200 -1.76223500
v -0.34723300 -0.20619700 -1.74001300
v -0.34723300 -0.20619700 -1.74001300
v -0.33056600 -0.20619700 -1.75668000
v -0.33056600 -0.20619700 -1.75668000
v -0.33056600 -0.12855200 -1.75668000
v -0.33056600 -0.12855200 -1.75668000
v -0.34723300 -0.12855200 -1.74001300
v -0.34723300 -0.12855200 -1.74001300
v -0.32847800 -0.14737400 -1.69360900
v -0.30250400 -0.14737400 -1.70862000
v -0.34579500 -0.16737400 -1.68360200
v -0.67188000 -0.16737400 -2.48660900
v -0.67188000 -0.16737400 -2.48660900
v -0.67188000 -0.16737400 -2.48660900
v -0.72738600 -0.14737400 -2.48111300
v -0.72738600 -0.14737400 -2.48111300
v -0.74728900 -0.16737400 -2.47914200
v -0.74728900 -0.16737400 -2.47914200
v -0.69178300 -0.18737400 -2.48463800
v -0.69178300 -0.18737400 -2.48463800
v -0.67961400 -0.13464900 -2.54892900
v -0.67961400 -0.13464900 -2.54892900
v -0.76153500 -0.15729500 -2.54794200
v -0.76153500 -0.15729500 -2.54794200
v -0.73854300 -0.19469800 -2.54860500
v -0.73854300 -0.19469800 -2.54860500
v -0.66120900 -0.17737700 -2.54956500
v -0.66120900 -0.17737700 -2.54956500
v -0.66120900 -0.17737700 -2.54956500
v -0.73685200 -0.13471200 -2.48017300
v -0.73685200 -0.13471200 -2.48017300
v -0.65770700 -0.15737400 -2.48802200
v -0.65770700 -0.15737400 -2.48802200
v -0.67759900 -0.19804300 -2.48604900
v -0.67759900 -0.19804300 -2.48604900
v -0.75674300 -0.18070400 -2.47820000
v -0.75674300 -0.18070400 -2.47820000
v -0.28518700 -0.16737400 -1.71862700
v -0.28518700 -0.16737400 -1.71862700
v -0.30250400 -0.18737400 -1.70862000
v -0.32847800 -0.18737400 -1.69360900
v -0.69178200 -0.14737400 -2.48463800
v -0.69178200 -0.14737400 -2.48463800
v -0.72738600 -0.18737400 -2.48111300
v -0.72738600 -0.18737400 -2.48111300
v -0.66035600 -0.15398500 -2.54937600
v -0.66035600 -0.15398500 -2.54937600
v -0.74317900 -0.13671300 -2.54802500
v -0.74317900 -0.13671300 -2.54802500
v -0.76016100 -0.17407000 -2.54811100
v -0.76016100 -0.17407000 -2.54811100
v -0.68192300 -0.19666700 -2.54943500
v -0.68192300 -0.19666700 -2.54943500
v -0.75674300 -0.15404300 -2.47820000
v -0.75674300 -0.15404300 -2.47820000
v -0.67759900 -0.13670500 -2.48604900
v -0.67759900 -0.13670500 -2.48604900
v -0.65770700 -0.17737400 -2.48802200
v -0.65770700 -0.17737400 -2.48802200
v -0.65770700 -0.17737400 -2.48802200
v -0.73685200 -0.20003500 -2.48017300
v -0.73685200 -0.20003500 -2.48017300
v -0.33809900 -0.14959600 -1.68805000
v -0.34387100 -0.15626300 -1.68471400
v -0.28711100 -0.15626300 -1.71751500
v -0.29288300 -0.14959600 -1.71417900
v -0.29288300 -0.18515200 -1.71417900
v -0.28711100 -0.17848500 -1.71751500
v -0.34387100 -0.17848500 -1.68471400
v -0.33809900 -0.18515200 -1.68805000
v -0.67409100 -0.15626300 -2.48639000
v -0.67409100 -0.15626300 -2.48639000
v -0.68072500 -0.14959600 -2.48573300
v -0.68072500 -0.14959600 -2.48573300
v -0.73844300 -0.14959600 -2.48001800
v -0.73844300 -0.14959600 -2.48001800
v -0.74507800 -0.15626300 -2.47936100
v -0.74507800 -0.15626300 -2.47936100
v -0.74507800 -0.17848500 -2.47936100
v -0.74507800 -0.17848500 -2.47936100
v -0.73844400 -0.18515100 -2.48001800
v -0.73844400 -0.18515100 -2.48001800
v -0.68072500 -0.18515100 -2.48573300
v -0.68072500 -0.18515100 -2.48573300
v -0.67409100 -0.17848500 -2.48639000
v -0.67409100 -0.17848500 -2.48639000
v -0.66859100 -0.13650900 -2.54910500
v -0.66859100 -0.13650900 -2.54910500
v -0.66217100 -0.14295400 -2.54925400
v -0.66217100 -0.14295400 -2.54925400
v -0.76022100 -0.14614900 -2.54786100
v -0.76022100 -0.14614900 -2.54786100
v -0.75410200 -0.13928900 -2.54788900
v -0.75410200 -0.13928900 -2.54788900
v -0.74982800 -0.19209700 -2.54842000
v -0.74982800 -0.19209700 -2.54842000
v -0.75703400 -0.18522100 -2.54825600
v -0.75703400 -0.18522100 -2.54825600
v -0.66383400 -0.18840300 -2.54962300
v -0.66383400 -0.18840300 -2.54962300
v -0.67073900 -0.19483300 -2.54957900
v -0.67073900 -0.19483300 -2.54957900
v -0.74790300 -0.13656300 -2.47907600
v -0.74790300 -0.13656300 -2.47907600
v -0.75453300 -0.14300600 -2.47841900
v -0.75453300 -0.14300600 -2.47841900
v -0.65991700 -0.14618800 -2.48780200
v -0.65991700 -0.14618800 -2.48780200
v -0.66654800 -0.13929900 -2.48714500
v -0.66654800 -0.13929900 -2.48714500
v -0.66654800 -0.19544900 -2.48714500
v -0.66654800 -0.19544900 -2.48714500
v -0.65991700 -0.18855900 -2.48780200
v -0.65991700 -0.18855900 -2.48780200
v -0.75453300 -0.19174100 -2.47841900
v -0.75453300 -0.19174100 -2.47841900
v -0.74790300 -0.19818500 -2.47907600
v -0.74790300 -0.19818500 -2.47907600
v -0.74247100 -0.14557100 -2.54811300
v -0.67994500 -0.14353300 -2.54900200
v -0.73925300 -0.18582800 -2.54851700
v -0.68159300 -0.18779600 -2.54936200
v -0.74158600 -0.15664300 -2.54822400
v -0.68035800 -0.15464000 -2.54909200
v -0.74013900 -0.17473900 -2.54840600
v -0.68118000 -0.17670900 -2.54927200
v -0.20790000 -0.31226300 -1.46223500
v -0.20790000 -0.31226300 -1.46223500
v -0.20790000 -0.31226300 -1.46223500
v -0.20790000 -0.20619700 -1.46223500
v -0.20790000 -0.20619700 -1.46223500
v -0.20790000 -0.20619700 -1.76223500
v -0.20790000 -0.20619700 -1.76223500
v -0.20790000 -0.20619700 -1.76223500
v -0.65637400 -0.14829900 -2.36539700
v -0.65637400 -0.14829900 -2.36539700
v -0.65637400 -0.14829900 -2.41248200
v -0.65637400 -0.14829900 -2.41248200
v -0.65637400 -0.18645300 -2.41248200
v -0.65637400 -0.18645300 -2.41248200
v -0.65637400 -0.18645300 -2.36539700
v -0.65637400 -0.18645300 -2.36539700
v -0.20790000 -0.13344300 -2.36539700
v -0.20790000 -0.13344300 -2.36539700
v -0.20790000 -0.13344300 -2.41248200
v -0.20790000 -0.13344300 -2.41248200
v -0.20790000 -0.17159700 -2.41248200
v -0.20790000 -0.17159700 -2.41248200
v -0.20790000 -0.17159700 -2.36539700
v -0.20790000 -0.17159700 -2.36539700
v -0.37586100 -0.13344300 -2.36539700
v -0.37586100 -0.13344300 -2.36539700
v -0.37586100 -0.13344300 -2.36539700
v -0.37586100 -0.13344300 -2.41248200
v -0.37586100 -0.13344300 -2.41248200
v -0.37586100 -0.13344300 -2.41248200
v -0.37586100 -0.17159700 -2.41248200
v -0.37586100 -0.17159700 -2.41248200
v -0.37586100 -0.17159700 -2.41248200
v -0.37586100 -0.17159700 -2.36539700
v -0.37586100 -0.17159700 -2.36539700
v -0.37586100 -0.17159700 -2.36539700
v -0.39737700 -0.14829900 -2.41248200
v -0.39737700 -0.14829900 -2.41248200
v -0.39737700 -0.14829900 -2.41248200
v -0.39737700 -0.14829900 -2.36539700
v -0.39737700 -0.14829900 -2.36539700
v -0.39737700 -0.14829900 -2.36539700
v -0.39737700 -0.18645300 -2.36539700
v -0.39737700 -0.18645300 -2.36539700
v -0.39737700 -0.18645300 -2.36539700
v -0.39737700 -0.18645300 -2.41248200
v -0.39737700 -0.18645300 -2.41248200
v -0.39737700 -0.18645300 -2.41248200
v -0.16907700 -0.31226300 -1.36809400
v -0.10183400 -0.27344100 -1.36809400
v -0.10183400 -0.27344100 -1.46223500
v -0.10183400 -0.27344100 -1.46223500
v -0.16907700 -0.31226300 -1.46223500
v -0.16907700 -0.31226300 -1.46223500
v -0.06301100 -0.20619700 -1.36809400
v -0.06301100 -0.20619700 -1.46223500
v -0.06301100 -0.20619700 -1.46223500
v -0.06301100 -0.20619700 -1.46223500
v -0.06301100 -0.12855200 -1.36809400
v -0.06301100 -0.12855200 -1.46223500
v -0.06301100 -0.12855200 -1.46223500
v -0.06301100 -0.12855200 -1.46223500
v -0.10183400 -0.06130900 -1.36809400
v -0.10183400 -0.06130900 -1.46223500
v -0.10183400 -0.06130900 -1.46223500
v -0.16907700 -0.02248600 -1.36809400
v -0.16907700 -0.02248600 -1.46223500
v -0.16907700 -0.02248600 -1.46223500
v -0.20790000 -0.02248600 -1.36809400
v -0.20790000 -0.02248600 -1.36809400
v -0.20790000 -0.02248600 -1.46223500
v -0.20790000 -0.02248600 -1.46223500
v -0.20790000 -0.02248600 -1.46223500
v -0.06301100 -0.12855200 -1.71223500
v -0.06301100 -0.12855200 -1.71223500
v -0.06301100 -0.20619700 -1.71223500
v -0.06301100 -0.20619700 -1.71223500
v -0.11301100 -0.20619700 -1.76223500
v -0.11301100 -0.20619700 -1.76223500
v -0.08523300 -0.20619700 -1.75668000
v -0.08523300 -0.20619700 -1.75668000
v -0.08523300 -0.12855200 -1.75668000
v -0.08523300 -0.12855200 -1.75668000
v -0.11301100 -0.12855200 -1.76223500
v -0.11301100 -0.12855200 -1.76223500
v -0.06856600 -0.20619700 -1.74001300
v -0.06856600 -0.20619700 -1.74001300
v -0.06856600 -0.12855200 -1.74001300
v -0.06856600 -0.12855200 -1.74001300
v 0.32737900 -0.13671400 -2.54802500
v 0.32737900 -0.13671400 -2.54802500
v 0.32105200 -0.13471200 -2.48017300
v 0.32105200 -0.13471200 -2.48017300
v 0.26179900 -0.13670500 -2.48604900
v 0.26179900 -0.13670500 -2.48604900
v 0.26381500 -0.13464900 -2.54893000
v 0.26381500 -0.13464900 -2.54893000
v 0.24455600 -0.15398600 -2.54937600
v 0.24455600 -0.15398600 -2.54937600
v 0.24455600 -0.15398600 -2.54937600
v 0.24190800 -0.15737400 -2.48802200
v 0.24190800 -0.15737400 -2.48802200
v 0.24190800 -0.15737400 -2.48802200
v 0.24190800 -0.17737400 -2.48802200
v 0.24190800 -0.17737400 -2.48802200
v 0.24540900 -0.17737700 -2.54956600
v 0.24540900 -0.17737700 -2.54956600
v 0.26612300 -0.19666800 -2.54943500
v 0.26612300 -0.19666800 -2.54943500
v 0.26179900 -0.19804300 -2.48604900
v 0.26179900 -0.19804300 -2.48604900
v 0.32105200 -0.20003600 -2.48017300
v 0.32105200 -0.20003600 -2.48017300
v 0.32274400 -0.19469800 -2.54860600
v 0.32274400 -0.19469800 -2.54860600
v 0.34436100 -0.17407000 -2.54811200
v 0.34436100 -0.17407000 -2.54811200
v 0.34094400 -0.18070500 -2.47820000
v 0.34094400 -0.18070500 -2.47820000
v 0.34094400 -0.15404400 -2.47820000
v 0.34094400 -0.15404400 -2.47820000
v 0.34573500 -0.15729500 -2.54794200
v 0.34573500 -0.15729500 -2.54794200
v -0.11329600 -0.18737400 -1.70862000
v -0.12291600 -0.18515200 -1.71417900
v -0.12868800 -0.17848500 -1.71751500
v -0.13061200 -0.16737400 -1.71862700
v -0.13061200 -0.16737400 -1.71862700
v -0.12868800 -0.15626300 -1.71751500
v -0.12291600 -0.14959600 -1.71417900
v -0.11329600 -0.14737400 -1.70862000
v -0.08732100 -0.14737400 -1.69360900
v -0.07770100 -0.14959600 -1.68805000
v -0.07192900 -0.15626300 -1.68471400
v -0.07000500 -0.16737400 -1.68360200
v -0.07192900 -0.17848500 -1.68471400
v -0.07770100 -0.18515200 -1.68805000
v -0.08732100 -0.18737400 -1.69360900
v 0.31158700 -0.14737400 -2.48111300
v 0.31158700 -0.14737400 -2.48111300
v 0.27598300 -0.14737400 -2.48463800
v 0.27598300 -0.14737400 -2.48463800
v 0.27598300 -0.18737400 -2.48463800
v 0.27598300 -0.18737400 -2.48463800
v 0.31158700 -0.18737400 -2.48111300
v 0.31158700 -0.18737400 -2.48111300
v 0.25608000 -0.16737400 -2.48660900
v 0.25608000 -0.16737400 -2.48660900
v 0.25608000 -0.16737400 -2.48660900
v 0.33148900 -0.16737400 -2.47914300
v 0.33148900 -0.16737400 -2.47914300
v 0.33830200 -0.13928900 -2.54788900
v 0.33830200 -0.13928900 -2.54788900
v 0.33210300 -0.13656300 -2.47907700
v 0.33210300 -0.13656300 -2.47907700
v 0.26492600 -0.14959600 -2.48573300
v 0.26492600 -0.14959600 -2.48573300
v 0.25829200 -0.17848500 -2.48639000
v 0.25829200 -0.17848500 -2.48639000
v 0.32264400 -0.18515200 -2.48001900
v 0.32264400 -0.18515200 -2.48001900
v 0.25074800 -0.13929900 -2.48714500
v 0.25074800 -0.13929900 -2.48714500
v 0.25279100 -0.13650900 -2.54910600
v 0.25279100 -0.13650900 -2.54910600
v 0.32264400 -0.14959600 -2.48001900
v 0.32264400 -0.14959600 -2.48001900
v 0.33210300 -0.19818500 -2.47907700
v 0.33210300 -0.19818500 -2.47907700
v 0.33402800 -0.19209700 -2.54842100
v 0.33402800 -0.19209700 -2.54842100
v 0.24411800 -0.18856000 -2.48780300
v 0.24411800 -0.18856000 -2.48780300
v 0.24803400 -0.18840300 -2.54962300
v 0.24803400 -0.18840300 -2.54962300
v 0.32927800 -0.15626300 -2.47936200
v 0.32927800 -0.15626300 -2.47936200
v 0.33873400 -0.14300700 -2.47841900
v 0.33873400 -0.14300700 -2.47841900
v 0.34442100 -0.14615000 -2.54786200
v 0.34442100 -0.14615000 -2.54786200
v 0.25829200 -0.15626300 -2.48639000
v 0.25829200 -0.15626300 -2.48639000
v 0.26492600 -0.18515200 -2.48573300
v 0.26492600 -0.18515200 -2.48573300
v 0.32927800 -0.17848500 -2.47936200
v 0.32927800 -0.17848500 -2.47936200
v 0.24411800 -0.14618900 -2.48780300
v 0.24411800 -0.14618900 -2.48780300
v 0.24637200 -0.14295500 -2.54925400
v 0.24637200 -0.14295500 -2.54925400
v 0.33873300 -0.19174200 -2.47841900
v 0.33873300 -0.19174200 -2.47841900
v 0.34123400 -0.18522100 -2.54825600
v 0.34123400 -0.18522100 -2.54825600
v 0.25074800 -0.19544900 -2.48714500
v 0.25074800 -0.19544900 -2.48714500
v 0.25493900 -0.19483300 -2.54957900
v 0.25493900 -0.19483300 -2.54957900
v 0.26579300 -0.18779700 -2.54936200
v 0.32345300 -0.18582800 -2.54851700
v 0.32667100 -0.14557200 -2.54811400
v 0.26414500 -0.14353400 -2.54900200
v 0.32433900 -0.17474000 -2.54840600
v 0.26538000 -0.17671000 -2.54927200
v 0.32578600 -0.15664300 -2.54822400
v 0.26455900 -0.15464000 -2.54909300
v -0.20790000 -0.31226300 -1.36809400
v -0.20790000 -0.31226300 -1.36809400
v -0.20790000 -0.12855200 -1.46223500
v -0.20790000 -0.12855200 -1.46223500
v -0.20790000 -0.12855200 -1.76223500
v -0.20790000 -0.12855200 -1.76223500
v -0.20790000 -0.12855200 -1.76223500
v 0.24057400 -0.14829900 -2.36539700
v 0.24057400 -0.14829900 -2.36539700
v -0.01842300 -0.14829900 -2.36539700
v -0.01842300 -0.14829900 -2.36539700
v -0.01842300 -0.14829900 -2.36539700
v -0.01842300 -0.14829900 -2.41248200
v -0.01842300 -0.14829900 -2.41248200
v -0.01842300 -0.14829900 -2.41248200
v 0.24057400 -0.14829900 -2.41248300
v 0.24057400 -0.14829900 -2.41248300
v -0.01842300 -0.18645300 -2.41248200
v -0.01842300 -0.18645300 -2.41248200
v -0.01842300 -0.18645300 -2.41248200
v 0.24057400 -0.18645300 -2.41248300
v 0.24057400 -0.18645300 -2.41248300
v -0.01842300 -0.18645300 -2.36539700
v -0.01842300 -0.18645300 -2.36539700
v -0.01842300 -0.18645300 -2.36539700
v 0.24057400 -0.18645300 -2.36539700
v 0.24057400 -0.18645300 -2.36539700
v -0.03993800 -0.13344300 -2.36539700
v -0.03993800 -0.13344300 -2.36539700
v -0.03993800 -0.13344300 -2.36539700
v -0.03993800 -0.13344300 -2.41248200
v -0.03993800 -0.13344300 -2.41248200
v -0.03993800 -0.13344300 -2.41248200
v -0.03993800 -0.17159700 -2.41248200
v -0.03993800 -0.17159700 -2.41248200
v -0.03993800 -0.17159700 -2.41248200
v -0.03993800 -0.17159700 -2.36539700
v -0.03993800 -0.17159700 -2.36539700
v -0.03993800 -0.17159700 -2.36539700
v -1.16996600 -0.17843200 -4.81362000
v -1.16996600 -0.17843200 -4.81362000
v -1.09308400 -0.17843200 -4.81362000
v -1.09308400 -0.17843200 -4.81362000
v -1.16996600 -0.17843200 -4.88481600
v -1.16996600 -0.17843200 -4.88481600
v -1.09308400 -0.17843200 -4.88481600
v -1.09308400 -0.17843200 -4.88481600
v -1.16996600 -0.15631800 -4.81361900
v -1.16996600 -0.15631800 -4.81361900
v -1.09308400 -0.15631800 -4.81362000
v -1.09308400 -0.15631800 -4.81362000
v -1.16996600 -0.15631700 -4.88481600
v -1.16996600 -0.15631700 -4.88481600
v -1.09308400 -0.15631700 -4.88481600
v -1.09308400 -0.15631700 -4.88481600
v -1.18494500 -0.18237500 -4.84921800
v -1.18494500 -0.18237500 -4.84921800
v -1.18494500 -0.18036500 -4.85671800
v -1.18494500 -0.18036500 -4.85671800
v -1.18494500 -0.17487500 -4.86220800
v -1.18494500 -0.17487500 -4.86220800
v -1.18494500 -0.16737500 -4.86421800
v -1.18494500 -0.16737500 -4.86421800
v -1.18494500 -0.16737500 -4.86421800
v -1.18494500 -0.15987500 -4.86220800
v -1.18494500 -0.15987500 -4.86220800
v -1.18494500 -0.15438400 -4.85671800
v -1.18494500 -0.15438400 -4.85671800
v -1.18494500 -0.15237500 -4.84921800
v -1.18494500 -0.15237500 -4.84921800
v -1.18494500 -0.15438400 -4.84171800
v -1.18494500 -0.15438400 -4.84171800
v -1.18494500 -0.15987500 -4.83622700
v -1.18494500 -0.15987500 -4.83622700
v -1.18494500 -0.16737500 -4.83421800
v -1.18494500 -0.16737500 -4.83421800
v -1.18494500 -0.17487500 -4.83622700
v -1.18494500 -0.17487500 -4.83622700
v -1.18494500 -0.18036500 -4.84171800
v -1.18494500 -0.18036500 -4.84171800
v -0.93488900 -0.18237500 -4.84921800
v -0.93488900 -0.18237500 -4.84921800
v -0.93488900 -0.18036500 -4.85671800
v -0.93488900 -0.18036500 -4.85671800
v -0.93488900 -0.17487500 -4.86220800
v -0.93488900 -0.17487500 -4.86220800
v -0.93488900 -0.16737500 -4.86421800
v -0.93488900 -0.16737500 -4.86421800
v -0.93488900 -0.16737500 -4.86421800
v -0.93488900 -0.15987500 -4.86220800
v -0.93488900 -0.15987500 -4.86220800
v -0.93488900 -0.15438400 -4.85671800
v -0.93488900 -0.15438400 -4.85671800
v -0.93488900 -0.15237500 -4.84921800
v -0.93488900 -0.15237500 -4.84921800
v -0.93488900 -0.15438400 -4.84171800
v -0.93488900 -0.15438400 -4.84171800
v -0.93488900 -0.15987500 -4.83622700
v -0.93488900 -0.15987500 -4.83622700
v -0.93488900 -0.16737500 -4.83421800
v -0.93488900 -0.16737500 -4.83421800
v -0.93488900 -0.17487500 -4.83622700
v -0.93488900 -0.17487500 -4.83622700
v -0.93488900 -0.18036500 -4.84171800
v -0.93488900 -0.18036500 -4.84171800
v -1.02675000 -0.17843200 -4.81362000
v -1.02675000 -0.17843200 -4.81362000
v -0.94986800 -0.17843200 -4.81362000
v -0.94986800 -0.17843200 -4.81362000
v -1.02675000 -0.17843200 -4.88481600
v -1.02675000 -0.17843200 -4.88481600
v -0.94986800 -0.17843200 -4.88481600
v -0.94986800 -0.17843200 -4.88481600
v -1.02675000 -0.15631800 -4.81362000
v -1.02675000 -0.15631800 -4.81362000
v -0.94986800 -0.15631800 -4.81362000
v -0.94986800 -0.15631800 -4.81362000
v -1.02675000 -0.15631700 -4.88481600
v -1.02675000 -0.15631700 -4.88481600
v -0.94986800 -0.15631700 -4.88481600
v -0.94986800 -0.15631700 -4.88481600
v 0.75416200 -0.17843300 -4.81362000
v 0.75416200 -0.17843300 -4.81362000
v 0.67728000 -0.17843300 -4.81362000
v 0.67728000 -0.17843300 -4.81362000
v 0.75416200 -0.17843300 -4.88481700
v 0.75416200 -0.17843300 -4.88481700
v 0.67728000 -0.17843300 -4.88481700
v 0.67728000 -0.17843300 -4.88481700
v 0.75416200 -0.15631900 -4.81362000
v 0.75416200 -0.15631900 -4.81362000
v 0.67728000 -0.15631900 -4.81362000
v 0.67728000 -0.15631900 -4.81362000
v 0.75416200 -0.15631800 -4.88481700
v 0.75416200 -0.15631800 -4.88481700
v 0.67728000 -0.15631900 -4.88481700
v 0.67728000 -0.15631900 -4.88481700
v 0.76914100 -0.18237600 -4.84921800
v 0.76914100 -0.18237600 -4.84921800
v 0.76914100 -0.18036600 -4.85671800
v 0.76914100 -0.18036600 -4.85671800
v 0.76914100 -0.17487600 -4.86220800
v 0.76914100 -0.17487600 -4.86220800
v 0.76914100 -0.16737600 -4.86421800
v 0.76914100 -0.16737600 -4.86421800
v 0.76914100 -0.16737600 -4.86421800
v 0.76914100 -0.15987600 -4.86220800
v 0.76914100 -0.15987600 -4.86220800
v 0.76914100 -0.15438500 -4.85671800
v 0.76914100 -0.15438500 -4.85671800
v 0.76914100 -0.15237600 -4.84921800
v 0.76914100 -0.15237600 -4.84921800
v 0.76914100 -0.15438500 -4.84171800
v 0.76914100 -0.15438500 -4.84171800
v 0.76914100 -0.15987600 -4.83622800
v 0.76914100 -0.15987600 -4.83622800
v 0.76914100 -0.16737600 -4.83421800
v 0.76914100 -0.16737600 -4.83421800
v 0.76914100 -0.17487600 -4.83622800
v 0.76914100 -0.17487600 -4.83622800
v 0.76914100 -0.18036600 -4.84171800
v 0.76914100 -0.18036600 -4.84171800
v 0.51908500 -0.18237600 -4.84921800
v 0.51908500 -0.18237600 -4.84921800
v 0.51908500 -0.18036600 -4.85671800
v 0.51908500 -0.18036600 -4.85671800
v 0.51908500 -0.17487600 -4.86220800
v 0.51908500 -0.17487600 -4.86220800
v 0.51908500 -0.16737600 -4.86421800
v 0.51908500 -0.16737600 -4.86421800
v 0.51908500 -0.16737600 -4.86421800
v 0.51908500 -0.15987600 -4.86220800
v 0.51908500 -0.15987600 -4.86220800
v 0.51908500 -0.15438600 -4.85671800
v 0.51908500 -0.15438600 -4.85671800
v 0.51908500 -0.15237600 -4.84921800
v 0.51908500 -0.15237600 -4.84921800
v 0.51908500 -0.15438600 -4.84171800
v 0.51908500 -0.15438600 -4.84171800
v 0.51908500 -0.15987600 -4.83622700
v 0.51908500 -0.15987600 -4.83622700
v 0.51908500 -0.16737600 -4.83421800
v 0.51908500 -0.16737600 -4.83421800
v 0.51908500 -0.17487600 -4.83622700
v 0.51908500 -0.17487600 -4.83622700
v 0.51908500 -0.18036600 -4.84171800
v 0.51908500 -0.18036600 -4.84171800
v 0.61094600 -0.17843300 -4.81362000
v 0.61094600 -0.17843300 -4.81362000
v 0.53406400 -0.17843300 -4.81362000
v 0.53406400 -0.17843300 -4.81362000
v 0.61094600 -0.17843300 -4.88481600
v 0.61094600 -0.17843300 -4.88481600
v 0.53406400 -0.17843300 -4.88481600
v 0.53406400 -0.17843300 -4.88481600
v 0.61094600 -0.15631900 -4.81362000
v 0.61094600 -0.15631900 -4.81362000
v 0.53406400 -0.15631900 -4.81362000
v 0.53406400 -0.15631900 -4.81362000
v 0.61094600 -0.15631900 -4.88481600
v 0.61094600 -0.15631900 -4.88481600
v 0.53406400 -0.15631900 -4.88481600
v 0.53406400 -0.15631900 -4.88481600
v -1.16996800 -0.17843300 -7.17759200
v -1.16996800 -0.17843300 -7.17759200
v -1.09308600 -0.17843300 -7.17759200
v -1.09308600 -0.17843300 -7.17759200
v -1.16996800 -0.17843200 -7.24878900
v -1.16996800 -0.17843200 -7.24878900
v -1.09308600 -0.17843200 -7.24879000
v -1.09308600 -0.17843200 -7.24879000
v -1.16996800 -0.15631800 -7.17759200
v -1.16996800 -0.15631800 -7.17759200
v -1.09308600 -0.15631800 -7.17759200
v -1.09308600 -0.15631800 -7.17759200
v -1.16996800 -0.15631800 -7.24878900
v -1.16996800 -0.15631800 -7.24878900
v -1.09308600 -0.15631800 -7.24879000
v -1.09308600 -0.15631800 -7.24879000
v -1.18494700 -0.18237500 -7.21319100
v -1.18494700 -0.18237500 -7.21319100
v -1.18494700 -0.18036600 -7.22069100
v -1.18494700 -0.18036600 -7.22069100
v -1.18494700 -0.17487500 -7.22618100
v -1.18494700 -0.17487500 -7.22618100
v -1.18494700 -0.16737500 -7.22819100
v -1.18494700 -0.16737500 -7.22819100
v -1.18494700 -0.16737500 -7.22819100
v -1.18494700 -0.15987500 -7.22618100
v -1.18494700 -0.15987500 -7.22618100
v -1.18494700 -0.15438500 -7.22069100
v -1.18494700 -0.15438500 -7.22069100
v -1.18494700 -0.15237500 -7.21319100
v -1.18494700 -0.15237500 -7.21319100
v -1.18494700 -0.15438500 -7.20569100
v -1.18494700 -0.15438500 -7.20569100
v -1.18494700 -0.15987500 -7.20020000
v -1.18494700 -0.15987500 -7.20020000
v -1.18494700 -0.16737500 -7.19819100
v -1.18494700 -0.16737500 -7.19819100
v -1.18494700 -0.17487500 -7.20020000
v -1.18494700 -0.17487500 -7.20020000
v -1.18494700 -0.18036600 -7.20569100
v -1.18494700 -0.18036600 -7.20569100
v -0.93489200 -0.18237500 -7.21319100
v -0.93489200 -0.18237500 -7.21319100
v -0.93489200 -0.18036600 -7.22069100
v -0.93489200 -0.18036600 -7.22069100
v -0.93489200 -0.17487500 -7.22618100
v -0.93489200 -0.17487500 -7.22618100
v -0.93489200 -0.16737500 -7.22819100
v -0.93489200 -0.16737500 -7.22819100
v -0.93489200 -0.16737500 -7.22819100
v -0.93489200 -0.15987500 -7.22618100
v -0.93489200 -0.15987500 -7.22618100
v -0.93489200 -0.15438500 -7.22069100
v -0.93489200 -0.15438500 -7.22069100
v -0.93489200 -0.15237500 -7.21319100
v -0.93489200 -0.15237500 -7.21319100
v -0.93489200 -0.15438500 -7.20569100
v -0.93489200 -0.15438500 -7.20569100
v -0.93489200 -0.15987500 -7.20020100
v -0.93489200 -0.15987500 -7.20020100
v -0.93489200 -0.16737500 -7.19819100
v -0.93489200 -0.16737500 -7.19819100
v -0.93489200 -0.17487500 -7.20020100
v -0.93489200 -0.17487500 -7.20020100
v -0.93489200 -0.18036600 -7.20569100
v -0.93489200 -0.18036600 -7.20569100
v -1.02675200 -0.17843300 -7.17759300
v -1.02675200 -0.17843300 -7.17759300
v -0.94987000 -0.17843300 -7.17759300
v -0.94987000 -0.17843300 -7.17759300
v -1.02675200 -0.17843200 -7.24878900
v -1.02675200 -0.17843200 -7.24878900
v -0.94987000 -0.17843200 -7.24878900
v -0.94987000 -0.17843200 -7.24878900
v -1.02675200 -0.15631800 -7.17759300
v -1.02675200 -0.15631800 -7.17759300
v -0.94987000 -0.15631800 -7.17759300
v -0.94987000 -0.15631800 -7.17759300
v -1.02675200 -0.15631800 -7.24878900
v -1.02675200 -0.15631800 -7.24878900
v -0.94987000 -0.15631800 -7.24878900
v -0.94987000 -0.15631800 -7.24878900
v 0.75416000 -0.17843600 -7.17759400
v 0.75416000 -0.17843600 -7.17759400
v 0.67727800 -0.17843600 -7.17759400
v 0.67727800 -0.17843600 -7.17759400
v 0.75416000 -0.17843600 -7.24879200
v 0.75416000 -0.17843600 -7.24879200
v 0.67727800 -0.17843600 -7.24879100
v 0.67727800 -0.17843600 -7.24879100
v 0.75416000 -0.15632200 -7.17759400
v 0.75416000 -0.15632200 -7.17759400
v 0.67727800 -0.15632200 -7.17759400
v 0.67727800 -0.15632200 -7.17759400
v 0.75416000 -0.15632100 -7.24879200
v 0.75416000 -0.15632100 -7.24879200
v 0.67727800 -0.15632100 -7.24879100
v 0.67727800 -0.15632100 -7.24879100
v 0.76913900 -0.18237900 -7.21319300
v 0.76913900 -0.18237900 -7.21319300
v 0.76913900 -0.18036900 -7.22069300
v 0.76913900 -0.18036900 -7.22069300
v 0.76913900 -0.17487900 -7.22618300
v 0.76913900 -0.17487900 -7.22618300
v 0.76913900 -0.16737900 -7.22819300
v 0.76913900 -0.16737900 -7.22819300
v 0.76913900 -0.16737900 -7.22819300
v 0.76913900 -0.15987900 -7.22618300
v 0.76913900 -0.15987900 -7.22618300
v 0.76913900 -0.15438800 -7.22069300
v 0.76913900 -0.15438800 -7.22069300
v 0.76913900 -0.15237900 -7.21319300
v 0.76913900 -0.15237900 -7.21319300
v 0.76913900 -0.15438800 -7.20569300
v 0.76913900 -0.15438800 -7.20569300
v 0.76913900 -0.15987900 -7.20020200
v 0.76913900 -0.15987900 -7.20020200
v 0.76913900 -0.16737900 -7.19819300
v 0.76913900 -0.16737900 -7.19819300
v 0.76913900 -0.17487900 -7.20020200
v 0.76913900 -0.17487900 -7.20020200
v 0.76913900 -0.18036900 -7.20569300
v 0.76913900 -0.18036900 -7.20569300
v 0.51908300 -0.18237900 -7.21319200
v 0.51908300 -0.18237900 -7.21319200
v 0.51908300 -0.18036900 -7.22069300
v 0.51908300 -0.18036900 -7.22069300
v 0.51908300 -0.17487900 -7.22618300
v 0.51908300 -0.17487900 -7.22618300
v 0.51908300 -0.16737900 -7.22819200
v 0.51908300 -0.16737900 -7.22819200
v 0.51908300 -0.16737900 -7.22819200
v 0.51908300 -0.15987900 -7.22618300
v 0.51908300 -0.15987900 -7.22618300
v 0.51908300 -0.15438900 -7.22069300
v 0.51908300 -0.15438900 -7.22069300
v 0.51908300 -0.15237900 -7.21319200
v 0.51908300 -0.15237900 -7.21319200
v 0.51908300 -0.15438900 -7.20569200
v 0.51908300 -0.15438900 -7.20569200
v 0.51908300 -0.15987900 -7.20020200
v 0.51908300 -0.15987900 -7.20020200
v 0.51908300 -0.16737900 -7.19819300
v 0.51908300 -0.16737900 -7.19819300
v 0.51908300 -0.17487900 -7.20020200
v 0.51908300 -0.17487900 -7.20020200
v 0.51908300 -0.18036900 -7.20569200
v 0.51908300 -0.18036900 -7.20569200
v 0.61094400 -0.17843600 -7.17759500
v 0.61094400 -0.17843600 -7.17759500
v 0.53406200 -0.17843600 -7.17759500
v 0.53406200 -0.17843600 -7.17759500
v 0.61094400 -0.17843600 -7.24879100
v 0.61094400 -0.17843600 -7.24879100
v 0.53406200 -0.17843600 -7.24879100
v 0.53406200 -0.17843600 -7.24879100
v 0.61094400 -0.15632200 -7.17759500
v 0.61094400 -0.15632200 -7.17759500
v 0.53406200 -0.15632200 -7.17759500
v 0.53406200 -0.15632200 -7.17759500
v 0.61094400 -0.15632200 -7.24879100
v 0.61094400 -0.15632200 -7.24879100
v 0.53406200 -0.15632200 -7.24879100
v 0.53406200 -0.15632200 -7.24879100
v -1.20790400 -0.18085700 -2.51785000
v -1.20790400 -0.18085700 -2.51785000
v -1.20790400 -0.18085700 -2.51785000
v 0.79209600 -0.18085700 -2.51785100
v 0.79209600 -0.18085700 -2.51785100
v 0.79209600 -0.18085700 -2.51785100
v -1.20790400 -0.18085700 -4.81785000
v -1.20790400 -0.18085700 -4.81785000
v -1.20790400 -0.18085700 -4.81785000
v 0.79209500 -0.18085700 -4.81785100
v 0.79209500 -0.18085700 -4.81785100
v 0.79209500 -0.18085700 -4.81785100
v -1.20790400 -0.15389600 -2.51785000
v -1.20790400 -0.15389600 -2.51785000
v -1.20790400 -0.15389600 -2.51785000
v 0.79209600 -0.15389600 -2.51785100
v 0.79209600 -0.15389600 -2.51785100
v 0.79209600 -0.15389600 -2.51785100
v -1.20790400 -0.15389500 -4.81785000
v -1.20790400 -0.15389500 -4.81785000
v -1.20790400 -0.15389500 -4.81785000
v 0.79209500 -0.15389500 -4.81785100
v 0.79209500 -0.15389500 -4.81785100
v 0.79209500 -0.15389500 -4.81785100
v -1.20790300 -0.18085700 -7.24579500
v -1.20790300 -0.18085700 -7.24579500
v -1.20790300 -0.18085700 -7.24579500
v 0.79209700 -0.18085700 -7.24579600
v 0.79209700 -0.18085700 -7.24579600
v 0.79209700 -0.18085700 -7.24579600
v -1.20790300 -0.18085700 -9.54579500
v -1.20790300 -0.18085700 -9.54579500
v -1.20790300 -0.18085700 -9.54579500
v 0.79209700 -0.18085700 -9.54579500
v 0.79209700 -0.18085700 -9.54579500
v 0.79209700 -0.18085700 -9.54579500
v -1.20790300 -0.15389600 -7.24579500
v -1.20790300 -0.15389600 -7.24579500
v -1.20790300 -0.15389600 -7.24579500
v 0.79209700 -0.15389600 -7.24579600
v 0.79209700 -0.15389600 -7.24579600
v 0.79209700 -0.15389600 -7.24579600
v -1.20790300 -0.15389600 -9.54579500
v -1.20790300 -0.15389600 -9.54579500
v -1.20790300 -0.15389600 -9.54579500
v 0.79209700 -0.15389500 -9.54579500
v 0.79209700 -0.15389500 -9.54579500
v 0.79209700 -0.15389500 -9.54579500
vn -0.00000000 -0.00000000 1.00000000
vn -1.00000000 -0.00000000 -0.00000000
vn -0.00000000 -1.00000000 -0.00000000
vn -0.00000000 -0.00000000 1.00000000
vn 1.00000000 -0.00000000 -0.00000000
vn -0.00000000 -1.00000000 -0.00000000
vn -1.00000000 -0.00000000 -0.00000000
vn -0.00000000 -0.00000000 -1.00000000
vn -0.00000000 -1.00000000 -0.00000000
vn 1.00000000 -0.00000000 -0.00000000
vn -0.00000000 -1.00000000 -0.00000000
vn -0.00000000 -0.00000000 -1.00000000
vn -0.00000000 -0.00000000 1.00000000
vn -1.00000000 -0.00000000 -0.00000000
vn -0.00000000 1.00000000 -0.00000000
vn -0.00000000 1.00000000 -0.00000000
vn 1.00000000 -0.00000000 -0.00000000
vn -0.00000000 -0.00000000 1.00000000
vn -1.00000000 -0.00000000 -0.00000000
vn -0.00000000 1.00000000 -0.00000000
vn -0.00000000 -0.00000000 -1.00000000
vn -0.00000000 -0.00000000 -1.00000000
vn -0.00000000 1.00000000 -0.00000000
vn 1.00000000 -0.00000000 -0.00000000
vn -0.22800000 -0.97360000 -0.00000000
vn -0.68010000 -0.73310000 -0.00000000
vn -0.96250000 -0.27140000 -0.00000000
vn -0.96250000 0.27140000 -0.00000000
vn -0.68010000 0.73310000 -0.00000000
vn -0.22800000 0.97370000 -0.00000000
vn -0.22800000 -0.97370000 -0.00000000
vn -0.00000000 0.00010000 -1.00000000
vn -0.68010000 -0.73310000 -0.00000000
vn -0.00000000 -0.00000000 -1.00000000
vn -0.98300000 -0.18340000 -0.00000000
vn -0.00000000 -1.00000000 -0.00000000
vn -0.00000000 -0.00000000 -1.00000000
vn -0.98300000 0.18340000 -0.00000000
vn -0.00000000 -0.00000000 -1.00000000
vn -0.00000000 1.00000000 -0.00000000
vn -0.00000000 -0.00000000 -1.00000000
vn -0.68010000 0.73310000 -0.00000000
vn -0.22810000 0.97360000 -0.00000000
vn -0.00000000 -0.00000000 -1.00000000
vn -0.99510000 -0.00000000 -0.09850000
vn -0.00000000 -1.00000000 -0.00000000
vn -0.99510000 -0.00000000 -0.09850000
vn -0.00000000 1.00000000 -0.00000000
vn -0.00000000 -1.00000000 -0.00000000
vn -0.09850000 -0.00000000 -0.99510000
vn -0.00000000 1.00000000 -0.00000000
vn -0.09850000 -0.00000000 -0.99510000
vn -0.88170000 -0.00000000 -0.47190000
vn -0.00000000 -1.00000000 -0.00000000
vn -0.47190000 -0.00000000 -0.88170000
vn -0.00000000 -1.00000000 -0.00000000
vn -0.47190000 -0.00000000 -0.88170000
vn -0.00000000 1.00000000 -0.00000000
vn -0.00000000 1.00000000 -0.00000000
vn -0.88170000 -0.00000000 -0.47190000
vn -0.08900000 0.99500000 0.04510000
vn 0.08300000 0.99570000 -0.04170000
vn -0.89270000 -0.00000000 0.45070000
vn 0.09920000 -0.00000000 0.99510000
vn 0.89320000 -0.00000000 -0.44960000
vn 0.89320000 -0.00000000 -0.44960000
vn -0.11340000 0.99190000 0.05730000
vn 0.09860000 -0.00010000 0.99510000
vn -0.89270000 -0.00000000 0.45060000
vn 0.09920000 -0.00000000 0.99510000
vn 0.09870000 -0.00030000 0.99510000
vn 0.07070000 -0.99690000 -0.03550000
vn -0.01450000 0.00870000 -0.99990000
vn 0.08040000 0.99670000 0.01310000
vn -0.99800000 0.02840000 0.05700000
vn -0.01450000 0.00890000 -0.99990000
vn -0.01440000 0.00880000 -0.99990000
vn -0.11580000 -0.99150000 -0.05920000
vn 0.99020000 -0.12950000 -0.05250000
vn 0.99020000 -0.12950000 -0.05250000
vn -0.01440000 0.00860000 -0.99990000
vn 0.09870000 -0.00020000 0.99510000
vn -0.08120000 0.99670000 -0.00550000
vn 0.99550000 0.08490000 -0.04280000
vn 0.09920000 0.00010000 0.99510000
vn 0.09870000 -0.00040000 0.99510000
vn 0.10670000 -0.99330000 -0.04520000
vn -0.99180000 -0.12020000 0.04350000
vn 0.09910000 0.00010000 0.99510000
vn 0.89320000 -0.00000000 -0.44970000
vn 0.89320000 -0.00000000 -0.44970000
vn 0.08300000 -0.99570000 -0.04170000
vn -0.08910000 -0.99500000 0.04510000
vn 0.07080000 0.99690000 -0.03550000
vn 0.09860000 0.00060000 0.99510000
vn -0.11340000 -0.99190000 0.05730000
vn 0.09860000 0.00030000 0.99510000
vn -0.01450000 0.00860000 -0.99990000
vn 0.99660000 0.07380000 -0.03640000
vn -0.13130000 0.99110000 -0.02190000
vn -0.01450000 0.00880000 -0.99990000
vn -0.01440000 0.00890000 -0.99990000
vn -0.98650000 -0.16120000 0.02840000
vn 0.06260000 -0.99780000 -0.02090000
vn -0.01430000 0.00870000 -0.99990000
vn 0.09910000 -0.00000000 0.99510000
vn -0.99280000 0.09740000 0.06940000
vn 0.09870000 0.00030000 0.99510000
vn 0.12530000 0.99160000 0.03330000
vn 0.99300000 -0.10250000 -0.05920000
vn 0.99300000 -0.10250000 -0.05920000
vn 0.09920000 -0.00010000 0.99510000
vn -0.07840000 -0.99370000 -0.07970000
vn 0.09870000 0.00010000 0.99510000
vn -0.38530000 0.90200000 0.19490000
vn -0.77530000 0.49540000 0.39170000
vn 0.77300000 0.50100000 -0.38910000
vn 0.37360000 0.90840000 -0.18800000
vn 0.37370000 -0.90830000 -0.18790000
vn 0.77300000 -0.50100000 -0.38910000
vn -0.77530000 -0.49550000 0.39170000
vn -0.38530000 -0.90200000 0.19490000
vn 0.09910000 0.00020000 0.99510000
vn 0.77810000 0.49130000 -0.39140000
vn 0.35860000 0.91600000 -0.18010000
vn 0.09880000 0.00040000 0.99510000
vn 0.09870000 -0.00020000 0.99510000
vn -0.43840000 0.87110000 0.22140000
vn 0.09900000 -0.00010000 0.99510000
vn -0.79410000 0.45700000 0.40080000
vn -0.79410000 -0.45700000 0.40080000
vn 0.09900000 0.00010000 0.99510000
vn -0.43840000 -0.87110000 0.22140000
vn 0.09870000 0.00030000 0.99510000
vn 0.09880000 -0.00040000 0.99510000
vn 0.35860000 -0.91590000 -0.18030000
vn 0.09900000 -0.00020000 0.99510000
vn 0.77810000 -0.49130000 -0.39140000
vn -0.01450000 0.00870000 -0.99990000
vn 0.40140000 0.91570000 0.02120000
vn 0.86600000 0.50000000 -0.00690000
vn -0.01450000 0.00860000 -0.99990000
vn -0.01450000 0.00890000 -0.99990000
vn -0.90430000 0.42400000 0.04930000
vn -0.01450000 0.00880000 -0.99990000
vn -0.47620000 0.87930000 0.00410000
vn -0.01440000 0.00890000 -0.99990000
vn -0.44850000 -0.89170000 -0.06140000
vn -0.85770000 -0.51380000 -0.01790000
vn -0.01440000 0.00890000 -0.99990000
vn 0.84600000 -0.53060000 -0.05240000
vn -0.01440000 0.00860000 -0.99990000
vn 0.38960000 -0.92040000 -0.03240000
vn -0.01440000 0.00850000 -0.99990000
vn -0.39930000 0.91680000 0.00550000
vn 0.09880000 -0.00020000 0.99510000
vn -0.85530000 0.51550000 0.05190000
vn 0.09890000 -0.00020000 0.99510000
vn 0.88100000 0.47290000 -0.00980000
vn 0.09900000 0.00020000 0.99510000
vn 0.09880000 0.00030000 0.99510000
vn 0.45280000 0.89120000 0.02620000
vn 0.09880000 -0.00040000 0.99510000
vn 0.43610000 -0.89880000 -0.04460000
vn 0.09900000 -0.00020000 0.99510000
vn 0.86660000 -0.49540000 -0.06000000
vn -0.84570000 -0.53340000 -0.01530000
vn 0.09890000 0.00010000 0.99510000
vn 0.09870000 0.00020000 0.99510000
vn -0.39920000 -0.91430000 -0.06860000
vn -0.01450000 0.00880000 -0.99990000
vn -0.01450000 0.00870000 -0.99990000
vn -0.01440000 0.00890000 -0.99990000
vn -0.01440000 0.00870000 -0.99990000
vn -0.01450000 0.00890000 -0.99990000
vn -0.01450000 0.00870000 -0.99990000
vn -0.01440000 0.00890000 -0.99990000
vn -0.01440000 0.00870000 -0.99990000
vn -0.00000000 -1.00000000 -0.00000000
vn -0.00000000 -1.00000000 -0.00000000
vn -0.00000000 -0.00000000 -1.00000000
vn -0.00000000 -1.00000000 -0.00000000
vn -0.00000000 -0.00000000 -1.00000000
vn -0.00000000 -1.00000000 -0.00000000
vn -0.00000000 -0.00000000 -1.00000000
vn -0.00000000 -0.00000000 -1.00000000
vn -0.00000000 1.00000000 -0.00000000
vn -0.00000000 -0.00000000 1.00000000
vn -0.00000000 -0.00000000 -1.00000000
vn -0.00000000 1.00000000 -0.00000000
vn -0.00000000 -1.00000000 -0.00000000
vn -0.00000000 -0.00000000 -1.00000000
vn -0.00000000 -0.00000000 1.00000000
vn -0.00000000 -1.00000000 -0.00000000
vn -0.00000000 -0.00000000 1.00000000
vn -0.00000000 1.00000000 -0.00000000
vn -0.00000000 -0.00000000 -1.00000000
vn -0.00000000 1.00000000 -0.00000000
vn -0.00000000 -1.00000000 -0.00000000
vn -0.00000000 -0.00000000 -1.00000000
vn -0.00000000 -0.00000000 1.00000000
vn -0.00000000 -1.00000000 -0.00000000
vn -0.00000000 1.00000000 -0.00000000
vn -0.56820000 0.82290000 -0.00000000
vn -0.00000000 -0.00000000 1.00000000
vn -0.00000000 1.00000000 -0.00000000
vn -0.56820000 0.82290000 -0.00000000
vn -0.00000000 -0.00000000 -1.00000000
vn -0.00000000 -0.00000000 -1.00000000
vn -0.00000000 -1.00000000 -0.00000000
vn 0.56820000 -0.82290000 -0.00000000
vn -0.00000000 -0.00000000 1.00000000
vn 0.56820000 -0.82290000 -0.00000000
vn -0.00000000 -1.00000000 -0.00000000
vn -0.00000000 -0.00000000 -1.00000000
vn -0.56820000 0.82290000 -0.00000000
vn -0.00000000 1.00000000 -0.00000000
vn -0.56820000 0.82290000 -0.00000000
vn -0.00000000 1.00000000 -0.00000000
vn -0.00000000 -0.00000000 1.00000000
vn -0.00000000 -0.00000000 1.00000000
vn 0.56820000 -0.82290000 -0.00000000
vn -0.00000000 -1.00000000 -0.00000000
vn -0.00000000 -1.00000000 -0.00000000
vn 0.56820000 -0.82290000 -0.00000000
vn -0.00000000 -0.00000000 -1.00000000
vn 0.22800000 -0.97370000 -0.00000000
vn 0.68010000 -0.73310000 -0.00000000
vn 0.68010000 -0.73310000 -0.00000000
vn -0.00000000 -0.00000000 -1.00000000
vn -0.00000000 -0.00000000 -1.00000000
vn 0.22800000 -0.97370000 -0.00000000
vn 0.96250000 -0.27140000 -0.00000000
vn -0.00000000 -1.00000000 -0.00000000
vn 0.98300000 -0.18340000 -0.00000000
vn -0.00000000 -0.00000000 -1.00000000
vn 0.96250000 0.27140000 -0.00000000
vn 0.98300000 0.18340000 -0.00000000
vn -0.00000000 -0.00000000 -1.00000000
vn -0.00000000 1.00000000 -0.00000000
vn 0.68010000 0.73310000 -0.00000000
vn 0.68010000 0.73310000 -0.00000000
vn -0.00000000 -0.00000000 -1.00000000
vn 0.22800000 0.97370000 -0.00000000
vn -0.00000000 -0.00000000 -1.00000000
vn 0.22810000 0.97360000 -0.00000000
vn -0.00000000 1.00000000 -0.00000000
vn -0.00000000 1.00000000 -0.00000000
vn -0.00000000 1.00000000 -0.00000000
vn -0.00000000 1.00000000 -0.00000000
vn -0.00000000 -0.00000000 -1.00000000
vn 0.99510000 -0.00000000 -0.09850000
vn -0.00000000 1.00000000 -0.00000000
vn 0.99510000 -0.00000000 -0.09850000
vn -0.00000000 -1.00000000 -0.00000000
vn -0.00000000 -1.00000000 -0.00000000
vn 0.09850000 -0.00000000 -0.99510000
vn -0.00000000 -1.00000000 -0.00000000
vn 0.47190000 -0.00000000 -0.88170000
vn 0.47190000 -0.00000000 -0.88170000
vn -0.00000000 1.00000000 -0.00000000
vn -0.00000000 1.00000000 -0.00000000
vn 0.09850000 -0.00000000 -0.99510000
vn 0.88170000 -0.00000000 -0.47190000
vn -0.00000000 -1.00000000 -0.00000000
vn -0.00000000 1.00000000 -0.00000000
vn 0.88170000 -0.00000000 -0.47190000
vn 0.13130000 0.99110000 -0.02190000
vn 0.01450000 0.00890000 -0.99990000
vn -0.09870000 -0.00020000 0.99510000
vn 0.08120000 0.99670000 -0.00550000
vn -0.12530000 0.99160000 0.03330000
vn -0.09870000 0.00030000 0.99510000
vn 0.01450000 0.00870000 -0.99990000
vn -0.08040000 0.99670000 0.01310000
vn -0.99660000 0.07380000 -0.03640000
vn -0.99660000 0.07380000 -0.03640000
vn 0.01450000 0.00860000 -0.99990000
vn -0.99550000 0.08490000 -0.04280000
vn -0.09920000 0.00010000 0.99510000
vn -0.99550000 0.08490000 -0.04280000
vn -0.99300000 -0.10250000 -0.05920000
vn -0.09920000 -0.00000000 0.99510000
vn -0.99020000 -0.12950000 -0.05250000
vn 0.01440000 0.00870000 -0.99990000
vn -0.06260000 -0.99780000 -0.02090000
vn 0.01430000 0.00870000 -0.99990000
vn -0.09870000 -0.00040000 0.99510000
vn -0.10670000 -0.99330000 -0.04520000
vn 0.07840000 -0.99370000 -0.07970000
vn -0.09870000 0.00010000 0.99510000
vn 0.01430000 0.00890000 -0.99990000
vn 0.11580000 -0.99150000 -0.05920000
vn 0.98650000 -0.16120000 0.02840000
vn 0.01440000 0.00890000 -0.99990000
vn -0.09910000 0.00010000 0.99510000
vn 0.99180000 -0.12020000 0.04350000
vn -0.09910000 -0.00010000 0.99510000
vn 0.99280000 0.09740000 0.06940000
vn 0.99800000 0.02840000 0.05700000
vn 0.01450000 0.00890000 -0.99990000
vn -0.08300000 -0.99570000 -0.04170000
vn -0.37370000 -0.90830000 -0.18790000
vn -0.77300000 -0.50100000 -0.38920000
vn -0.89320000 -0.00000000 -0.44970000
vn -0.89320000 -0.00000000 -0.44970000
vn -0.77300000 0.50100000 -0.38920000
vn -0.37360000 0.90840000 -0.18800000
vn -0.08300000 0.99570000 -0.04170000
vn 0.08900000 0.99500000 0.04510000
vn 0.38530000 0.90200000 0.19490000
vn 0.77530000 0.49540000 0.39170000
vn 0.89270000 -0.00000000 0.45070000
vn 0.77530000 -0.49540000 0.39170000
vn 0.38530000 -0.90200000 0.19490000
vn 0.08900000 -0.99500000 0.04510000
vn -0.09860000 -0.00010000 0.99510000
vn 0.11340000 0.99190000 0.05730000
vn -0.07080000 0.99690000 -0.03550000
vn -0.09860000 0.00060000 0.99510000
vn -0.07070000 -0.99690000 -0.03550000
vn -0.09860000 -0.00030000 0.99510000
vn -0.09860000 0.00030000 0.99510000
vn 0.11340000 -0.99190000 0.05730000
vn -0.09920000 -0.00000000 0.99510000
vn -0.89320000 -0.00000000 -0.44960000
vn -0.89320000 -0.00000000 -0.44960000
vn -0.09920000 -0.00000000 0.99510000
vn 0.89270000 -0.00000000 0.45060000
vn 0.47620000 0.87930000 0.00410000
vn 0.01450000 0.00890000 -0.99990000
vn -0.09880000 -0.00020000 0.99510000
vn 0.39930000 0.91680000 0.00550000
vn -0.35860000 0.91600000 -0.18010000
vn -0.09880000 0.00050000 0.99510000
vn -0.77810000 -0.49130000 -0.39140000
vn -0.09900000 -0.00020000 0.99510000
vn -0.09870000 0.00030000 0.99510000
vn 0.43840000 -0.87110000 0.22140000
vn -0.45280000 0.89120000 0.02620000
vn -0.09880000 0.00030000 0.99510000
vn 0.01450000 0.00870000 -0.99990000
vn -0.40140000 0.91570000 0.02120000
vn -0.09870000 -0.00020000 0.99510000
vn 0.43840000 0.87110000 0.22140000
vn -0.09870000 0.00020000 0.99510000
vn 0.39920000 -0.91430000 -0.06860000
vn 0.44850000 -0.89170000 -0.06140000
vn 0.01440000 0.00890000 -0.99990000
vn -0.09900000 -0.00020000 0.99510000
vn -0.86660000 -0.49540000 -0.06000000
vn 0.01440000 0.00870000 -0.99990000
vn -0.84600000 -0.53060000 -0.05240000
vn 0.79410000 0.45700000 0.40080000
vn -0.09900000 -0.00010000 0.99510000
vn -0.09890000 -0.00020000 0.99510000
vn 0.85530000 0.51550000 0.05190000
vn 0.01450000 0.00890000 -0.99990000
vn 0.90430000 0.42400000 0.04930000
vn -0.09910000 0.00020000 0.99510000
vn -0.77810000 0.49130000 -0.39140000
vn -0.09880000 -0.00040000 0.99510000
vn -0.35860000 -0.91590000 -0.18030000
vn -0.09900000 0.00020000 0.99510000
vn 0.79410000 -0.45700000 0.40080000
vn -0.88100000 0.47290000 -0.00970000
vn -0.09900000 0.00020000 0.99510000
vn 0.01450000 0.00860000 -0.99990000
vn -0.86600000 0.50000000 -0.00690000
vn -0.09890000 0.00020000 0.99510000
vn 0.84570000 -0.53340000 -0.01530000
vn 0.85770000 -0.51380000 -0.01790000
vn 0.01440000 0.00890000 -0.99990000
vn -0.43610000 -0.89880000 -0.04460000
vn -0.09890000 -0.00040000 0.99510000
vn -0.38960000 -0.92040000 -0.03240000
vn 0.01430000 0.00840000 -0.99990000
vn 0.01440000 0.00870000 -0.99990000
vn 0.01440000 0.00890000 -0.99990000
vn 0.01450000 0.00890000 -0.99990000
vn 0.01450000 0.00870000 -0.99990000
vn 0.01440000 0.00890000 -0.99990000
vn 0.01440000 0.00870000 -0.99990000
vn 0.01450000 0.00890000 -0.99990000
vn 0.01450000 0.00870000 -0.99990000
vn -0.00000000 -1.00000000 -0.00000000
vn -0.00000000 -1.00000000 -0.00000000
vn -0.00000000 1.00000000 -0.00000000
vn -0.00000000 -0.00000000 -1.00000000
vn -0.00000000 1.00000000 -0.00000000
vn -0.00000000 -0.00000000 -1.00000000
vn -0.00000000 -0.00000000 -1.00000000
vn -0.00000000 1.00000000 -0.00000000
vn -0.00000000 -0.00000000 1.00000000
vn -0.00000000 -0.00000000 1.00000000
vn -0.00000000 1.00000000 -0.00000000
vn 0.56820000 0.82290000 -0.00000000
vn -0.00000000 1.00000000 -0.00000000
vn 0.56820000 0.82290000 -0.00000000
vn -0.00000000 -0.00000000 -1.00000000
vn -0.00000000 -0.00000000 -1.00000000
vn -0.00000000 1.00000000 -0.00000000
vn -0.00000000 -0.00000000 -1.00000000
vn -0.56820000 -0.82290000 -0.00000000
vn -0.00000000 -1.00000000 -0.00000000
vn -0.00000000 -1.00000000 -0.00000000
vn -0.00000000 -0.00000000 -1.00000000
vn -0.00000000 -0.00000000 1.00000000
vn -0.00000000 -1.00000000 -0.00000000
vn -0.56820000 -0.82290000 -0.00000000
vn -0.00000000 -0.00000000 1.00000000
vn -0.00000000 -1.00000000 -0.00000000
vn -0.00000000 -0.00000000 1.00000000
vn -0.00000000 1.00000000 -0.00000000
vn 0.56820000 0.82290000 -0.00000000
vn -0.00000000 -0.00000000 -1.00000000
vn 0.56820000 0.82290000 -0.00000000
vn -0.00000000 1.00000000 -0.00000000
vn -0.00000000 -1.00000000 -0.00000000
vn -0.56820000 -0.82290000 -0.00000000
vn -0.00000000 -0.00000000 -1.00000000
vn -0.00000000 -1.00000000 -0.00000000
vn -0.00000000 -0.00000000 1.00000000
vn -0.56820000 -0.82290000 -0.00000000
vn -1.00000000 -0.00000000 -0.00000000
vn -0.00000000 -1.00000000 -0.00000000
vn 1.00000000 -0.00000000 -0.00000000
vn -0.00000000 -1.00000000 -0.00000000
vn -1.00000000 -0.00000000 -0.00000000
vn -0.00000000 -1.00000000 -0.00000000
vn -0.00000000 -1.00000000 -0.00000000
vn 1.00000000 -0.00000000 -0.00000000
vn -0.00000000 1.00000000 -0.00000000
vn -1.00000000 -0.00000000 -0.00000000
vn -0.00000000 1.00000000 -0.00000000
vn 1.00000000 -0.00000000 -0.00000000
vn -1.00000000 -0.00000000 -0.00000000
vn -0.00000000 1.00000000 -0.00000000
vn -0.00000000 1.00000000 -0.00000000
vn 1.00000000 -0.00000000 -0.00000000
vn -1.00000000 -0.00000000 -0.00000000
vn -0.00000000 -1.00000000 -0.00000000
vn -0.00000000 -0.88670000 -0.46240000
vn -1.00000000 -0.00000000 -0.00000000
vn -1.00000000 -0.00000000 -0.00000000
vn -0.00000000 -0.52230000 -0.85270000
vn -0.00000000 -0.00000000 -1.00000000
vn -0.00000000 -0.00000000 -1.00000000
vn -1.00000000 -0.00000000 -0.00010000
vn -0.00000000 0.52230000 -0.85270000
vn -1.00000000 -0.00000000 -0.00000000
vn -1.00000000 -0.00000000 -0.00000000
vn -0.00000000 0.88670000 -0.46240000
vn -1.00000000 -0.00000000 -0.00000000
vn -0.00000000 1.00000000 -0.00000000
vn -0.00000000 0.88670000 0.46240000
vn -1.00000000 -0.00000000 -0.00000000
vn -1.00000000 -0.00000000 -0.00000000
vn -0.00000000 0.52230000 0.85270000
vn -1.00000000 -0.00000000 -0.00000000
vn -0.00000000 -0.00000000 1.00000000
vn -0.00000000 -0.52230000 0.85270000
vn -1.00000000 -0.00000000 -0.00000000
vn -1.00000000 -0.00000000 -0.00000000
vn -0.00000000 -0.88670000 0.46240000
vn -0.00000000 -1.00000000 -0.00000000
vn 1.00000000 -0.00000000 -0.00000000
vn -0.00000000 -0.88670000 -0.46240000
vn 1.00000000 -0.00000000 -0.00000000
vn -0.00000000 -0.52230000 -0.85270000
vn 1.00000000 -0.00000000 -0.00000000
vn -0.00000000 -0.00000000 -1.00000000
vn 1.00000000 -0.00000000 -0.00000000
vn -0.00000000 -0.00000000 -1.00000000
vn -0.00000000 0.52230000 -0.85270000
vn 1.00000000 -0.00000000 -0.00000000
vn -0.00000000 0.88670000 -0.46240000
vn 1.00000000 -0.00000000 -0.00000000
vn 1.00000000 -0.00000000 -0.00000000
vn -0.00000000 1.00000000 -0.00000000
vn -0.00000000 0.88670000 0.46240000
vn 1.00000000 -0.00000000 -0.00000000
vn 1.00000000 -0.00000000 -0.00000000
vn -0.00000000 0.52230000 0.85270000
vn 1.00000000 -0.00000000 -0.00000000
vn -0.00000000 -0.00000000 1.00000000
vn -0.00000000 -0.52230000 0.85270000
vn 1.00000000 -0.00000000 -0.00000000
vn -0.00000000 -0.88670000 0.46240000
vn 1.00000000 -0.00000000 -0.00000000
vn -1.00000000 -0.00000000 -0.00000000
vn -0.00000000 -1.00000000 -0.00000000
vn 1.00000000 -0.00000000 -0.00000000
vn -0.00000000 -1.00000000 -0.00000000
vn -1.00000000 -0.00000000 -0.00000000
vn -0.00000000 -1.00000000 -0.00000000
vn -0.00000000 -1.00000000 -0.00000000
vn 1.00000000 -0.00000000 -0.00000000
vn -0.00000000 1.00000000 -0.00000000
vn -1.00000000 -0.00000000 -0.00000000
vn -0.00000000 1.00000000 -0.00000000
vn 1.00000000 -0.00000000 -0.00000000
vn -1.00000000 -0.00000000 -0.00000000
vn -0.00000000 1.00000000 -0.00000000
vn -0.00000000 1.00000000 -0.00000000
vn 1.00000000 -0.00000000 -0.00000000
vn -0.00000000 1.00000000 -0.00000000
vn -1.00000000 -0.00000000 -0.00000000
vn 1.00000000 -0.00000000 -0.00000000
vn -0.00000000 1.00000000 -0.00000000
vn -1.00000000 -0.00000000 -0.00000000
vn -0.00000000 1.00000000 -0.00000000
vn -0.00000000 1.00000000 -0.00000000
vn 1.00000000 -0.00000000 -0.00000000
vn -1.00000000 -0.00000000 -0.00000000
vn -0.00000000 -1.00000000 -0.00000000
vn -0.00000000 -1.00000000 -0.00000000
vn 1.00000000 -0.00000000 -0.00000000
vn -1.00000000 -0.00000000 -0.00000000
vn -0.00000000 -1.00000000 -0.00000000
vn -0.00000000 -1.00000000 -0.00000000
vn 1.00000000 -0.00000000 -0.00000000
vn -1.00000000 -0.00000000 -0.00000000
vn -0.00000000 1.00000000 -0.00000000
vn -0.00000000 0.88670000 0.46240000
vn -1.00000000 -0.00000000 -0.00000000
vn -0.00000000 0.52230000 0.85270000
vn -1.00000000 -0.00000000 -0.00000000
vn -0.00000000 -0.00000000 1.00000000
vn -1.00000000 -0.00000000 -0.00010000
vn -0.00000000 -0.00000000 1.00000000
vn -1.00000000 -0.00000000 -0.00000000
vn -0.00000000 -0.52230000 0.85270000
vn -1.00000000 -0.00000000 -0.00000000
vn -0.00000000 -0.88670000 0.46240000
vn -1.00000000 -0.00000000 -0.00000000
vn -0.00000000 -1.00000000 -0.00000000
vn -1.00000000 -0.00000000 -0.00000000
vn -0.00000000 -0.88670000 -0.46240000
vn -0.00000000 -0.52230000 -0.85270000
vn -1.00000000 -0.00000000 -0.00000000
vn -1.00000000 -0.00000000 -0.00010000
vn -0.00000000 -0.00000000 -1.00000000
vn -0.00000000 0.52230000 -0.85270000
vn -1.00000000 -0.00000000 -0.00000000
vn -0.00000000 0.88670000 -0.46240000
vn -1.00000000 -0.00000000 0.00010000
vn -0.00000000 1.00000000 -0.00000000
vn 1.00000000 -0.00000000 -0.00000000
vn 1.00000000 -0.00000000 -0.00000000
vn -0.00000000 0.88670000 0.46240000
vn 1.00000000 -0.00000000 -0.00000000
vn -0.00000000 0.52230000 0.85270000
vn -0.00000000 -0.00000000 1.00000000
vn -0.00000000 -0.00000000 1.00000000
vn 1.00000000 -0.00000000 0.00010000
vn 1.00000000 -0.00000000 -0.00000000
vn -0.00000000 -0.52230000 0.85270000
vn -0.00000000 -0.88670000 0.46240000
vn 1.00000000 -0.00000000 -0.00000000
vn -0.00000000 -1.00000000 -0.00000000
vn 1.00000000 -0.00000000 -0.00000000
vn -0.00000000 -0.88670000 -0.46240000
vn 1.00000000 -0.00000000 -0.00000000
vn 1.00000000 -0.00000000 -0.00000000
vn -0.00000000 -0.52230000 -0.85270000
vn -0.00000000 -0.00000000 -1.00000000
vn 1.00000000 -0.00000000 -0.00000000
vn -0.00000000 0.52230000 -0.85270000
vn 1.00000000 -0.00000000 -0.00000000
vn -0.00000000 0.88670000 -0.46240000
vn 1.00000000 -0.00000000 -0.00000000
vn -1.00000000 -0.00000000 -0.00000000
vn -0.00000000 1.00000000 -0.00000000
vn -0.00000000 1.00000000 -0.00000000
vn 1.00000000 -0.00000000 -0.00000000
vn -0.00000000 1.00000000 -0.00000000
vn -1.00000000 -0.00000000 -0.00000000
vn -0.00000000 1.00000000 -0.00000000
vn 1.00000000 -0.00000000 -0.00000000
vn -1.00000000 -0.00000000 -0.00000000
vn -0.00000000 -1.00000000 -0.00000000
vn -0.00000000 -1.00000000 -0.00000000
vn 1.00000000 -0.00000000 -0.00000000
vn -0.00000000 -1.00000000 -0.00000000
vn -1.00000000 -0.00000000 -0.00000000
vn -0.00000000 -1.00000000 -0.00000000
vn 1.00000000 -0.00000000 -0.00000000
vn -1.00000000 -0.00000000 -0.00000000
vn -0.00000000 -1.00000000 -0.00000000
vn -0.00000000 -1.00000000 -0.00000000
vn 1.00000000 -0.00000000 -0.00000000
vn -1.00000000 -0.00000000 -0.00000000
vn -0.00000000 -1.00000000 -0.00000000
vn -0.00000000 -1.00000000 -0.00000000
vn 1.00000000 -0.00000000 -0.00000000
vn -0.00000000 1.00000000 -0.00000000
vn -1.00000000 -0.00000000 -0.00000000
vn -0.00000000 1.00000000 -0.00000000
vn 1.00000000 -0.00000000 -0.00000000
vn -1.00000000 -0.00000000 -0.00000000
vn -0.00000000 1.00000000 -0.00000000
vn 1.00000000 -0.00000000 -0.00000000
vn -0.00000000 1.00000000 -0.00000000
vn -1.00000000 -0.00000000 -0.00000000
vn -0.00000000 -1.00000000 -0.00000000
vn -0.00000000 -0.88670000 -0.46240000
vn -1.00000000 -0.00000000 -0.00000000
vn -1.00000000 -0.00000000 -0.00000000
vn -0.00000000 -0.52230000 -0.85270000
vn -0.00000000 -0.00000000 -1.00000000
vn -1.00000000 -0.00000000 -0.00000000
vn -0.00000000 -0.00000000 -1.00000000
vn -0.00000000 0.52230000 -0.85270000
vn -1.00000000 -0.00000000 -0.00000000
vn -1.00000000 -0.00000000 -0.00000000
vn -0.00000000 0.88670000 -0.46240000
vn -0.00000000 1.00000000 -0.00000000
vn -1.00000000 -0.00000000 -0.00000000
vn -0.00000000 0.88670000 0.46240000
vn -1.00000000 -0.00000000 -0.00000000
vn -0.00000000 0.52230000 0.85270000
vn -1.00000000 -0.00000000 -0.00000000
vn -0.00000000 -0.00000000 1.00000000
vn -1.00000000 -0.00000000 -0.00010000
vn -0.00000000 -0.52230000 0.85270000
vn -1.00000000 -0.00000000 -0.00000000
vn -1.00000000 -0.00000000 -0.00000000
vn -0.00000000 -0.88670000 0.46240000
vn -0.00000000 -1.00000000 -0.00000000
vn 1.00000000 -0.00000000 -0.00000000
vn 1.00000000 -0.00000000 -0.00000000
vn -0.00000000 -0.88670000 -0.46240000
vn -0.00000000 -0.52230000 -0.85270000
vn 1.00000000 -0.00000000 -0.00000000
vn 1.00000000 -0.00000000 -0.00000000
vn -0.00000000 -0.00000000 -1.00000000
vn -0.00000000 -0.00000000 -1.00000000
vn -0.00000000 0.52230000 -0.85270000
vn 1.00000000 -0.00000000 -0.00000000
vn -0.00000000 0.88670000 -0.46240000
vn 1.00000000 -0.00000000 -0.00000000
vn 1.00000000 -0.00000000 -0.00000000
vn -0.00000000 1.00000000 -0.00000000
vn -0.00000000 0.88670000 0.46240000
vn 1.00000000 -0.00000000 -0.00000000
vn 1.00000000 -0.00000000 -0.00000000
vn -0.00000000 0.52230000 0.85270000
vn -0.00000000 -0.00000000 1.00000000
vn 1.00000000 -0.00000000 -0.00000000
vn 1.00000000 -0.00000000 -0.00000000
vn -0.00000000 -0.52230000 0.85270000
vn 1.00000000 -0.00000000 -0.00000000
vn -0.00000000 -0.88670000 0.46240000
vn -0.00000000 -1.00000000 -0.00000000
vn -1.00000000 -0.00000000 -0.00000000
vn -0.00000000 -1.00000000 -0.00000000
vn 1.00000000 -0.00000000 -0.00000000
vn -1.00000000 -0.00000000 -0.00000000
vn -0.00000000 -1.00000000 -0.00000000
vn -0.00000000 -1.00000000 -0.00000000
vn 1.00000000 -0.00000000 -0.00000000
vn -1.00000000 -0.00000000 -0.00000000
vn -0.00000000 1.00000000 -0.00000000
vn -0.00000000 1.00000000 -0.00000000
vn 1.00000000 -0.00000000 -0.00000000
vn -1.00000000 -0.00000000 -0.00000000
vn -0.00000000 1.00000000 -0.00000000
vn 1.00000000 -0.00000000 -0.00000000
vn -0.00000000 1.00000000 -0.00000000
vn -1.00000000 -0.00000000 -0.00000000
vn -0.00000000 1.00000000 -0.00000000
vn 1.00000000 -0.00000000 -0.00000000
vn -0.00000000 1.00000000 -0.00000000
vn -1.00000000 -0.00000000 -0.00000000
vn -0.00000000 1.00000000 -0.00000000
vn -0.00000000 1.00000000 -0.00000000
vn 1.00000000 -0.00000000 -0.00000000
vn -1.00000000 -0.00000000 -0.00000000
vn -0.00000000 -1.00000000 -0.00000000
vn -0.00000000 -1.00000000 -0.00000000
vn 1.00000000 -0.00000000 -0.00000000
vn -1.00000000 -0.00000000 -0.00000000
vn -0.00000000 -1.00000000 -0.00000000
vn 1.00000000 -0.00000000 -0.00000000
vn -0.00000000 -1.00000000 -0.00000000
vn -1.00000000 -0.00000000 -0.00000000
vn -0.00000000 1.00000000 -0.00000000
vn -0.00000000 0.88670000 0.46240000
vn -1.00000000 -0.00000000 -0.00000000
vn -1.00000000 -0.00000000 -0.00000000
vn -0.00000000 0.52230000 0.85270000
vn -0.00000000 -0.00000000 1.00000000
vn -1.00000000 -0.00000000 -0.00010000
vn -0.00000000 -0.00000000 1.00000000
vn -1.00000000 -0.00000000 -0.00000000
vn -0.00000000 -0.52230000 0.85270000
vn -1.00000000 -0.00000000 -0.00000000
vn -0.00000000 -0.88670000 0.46240000
vn -1.00000000 -0.00000000 -0.00000000
vn -0.00000000 -1.00000000 -0.00000000
vn -0.00000000 -0.88670000 -0.46240000
vn -1.00000000 -0.00000000 -0.00000000
vn -1.00000000 -0.00000000 -0.00000000
vn -0.00000000 -0.52230000 -0.85270000
vn -1.00000000 -0.00000000 -0.00010000
vn -0.00000000 -0.00000000 -1.00000000
vn -1.00000000 -0.00000000 -0.00000000
vn -0.00000000 0.52230000 -0.85270000
vn -0.00000000 0.88670000 -0.46240000
vn -1.00000000 -0.00000000 -0.00010000
vn 1.00000000 -0.00000000 -0.00000000
vn -0.00000000 1.00000000 -0.00000000
vn -0.00000000 0.88670000 0.46240000
vn 1.00000000 -0.00000000 -0.00000000
vn 1.00000000 -0.00000000 -0.00000000
vn -0.00000000 0.52230000 0.85270000
vn -0.00000000 -0.00000000 1.00000000
vn -0.00000000 -0.00000000 1.00000000
vn 1.00000000 -0.00000000 0.00010000
vn 1.00000000 -0.00000000 -0.00000000
vn -0.00000000 -0.52230000 0.85270000
vn 1.00000000 -0.00000000 -0.00000000
vn -0.00000000 -0.88670000 0.46240000
vn 1.00000000 -0.00000000 -0.00000000
vn -0.00000000 -1.00000000 -0.00000000
vn -0.00000000 -0.88670000 -0.46240000
vn 1.00000000 -0.00000000 -0.00000000
vn -0.00000000 -0.52230000 -0.85270000
vn 1.00000000 -0.00000000 -0.00000000
vn -0.00000000 -0.00000000 -1.00000000
vn 1.00000000 -0.00000000 -0.00000000
vn -0.00000000 0.52230000 -0.85270000
vn 1.00000000 -0.00000000 -0.00000000
vn 1.00000000 -0.00000000 -0.00000000
vn -0.00000000 0.88670000 -0.46240000
vn -0.00000000 1.00000000 -0.00000000
vn -1.00000000 -0.00000000 -0.00000000
vn 1.00000000 -0.00000000 -0.00000000
vn -0.00000000 1.00000000 -0.00000000
vn -0.00000000 1.00000000 -0.00000000
vn -1.00000000 -0.00000000 -0.00000000
vn 1.00000000 -0.00000000 -0.00000000
vn -0.00000000 1.00000000 -0.00000000
vn -1.00000000 -0.00000000 -0.00000000
vn -0.00000000 -1.00000000 -0.00000000
vn -0.00000000 -1.00000000 -0.00000000
vn 1.00000000 -0.00000000 -0.00000000
vn -0.00000000 -1.00000000 -0.00000000
vn -1.00000000 -0.00000000 -0.00000000
vn -0.00000000 -1.00000000 -0.00000000
vn 1.00000000 -0.00000000 -0.00000000
vn -0.00000000 -0.00000000 1.00000000
vn -1.00000000 -0.00000000 -0.00000000
vn -0.00000000 -1.00000000 -0.00000000
vn 1.00000000 -0.00000000 -0.00000000
vn -0.00000000 -0.00000000 1.00000000
vn -0.00000000 -1.00000000 -0.00000000
vn -0.00000000 -0.00000000 -1.00000000
vn -0.00000000 -1.00000000 -0.00000000
vn -1.00000000 -0.00000000 -0.00000000
vn -0.00000000 -0.00000000 -1.00000000
vn 1.00000000 -0.00000000 -0.00000000
vn -0.00000000 -1.00000000 -0.00000000
vn -1.00000000 -0.00000000 -0.00000000
vn -0.00000000 1.00000000 -0.00000000
vn -0.00000000 -0.00000000 1.00000000
vn -0.00000000 -0.00000000 1.00000000
vn -0.00000000 1.00000000 -0.00000000
vn 1.00000000 -0.00000000 -0.00000000
vn -0.00000000 1.00000000 -0.00000000
vn -0.00000000 -0.00000000 -1.00000000
vn -1.00000000 -0.00000000 -0.00000000
vn 1.00000000 -0.00000000 -0.00000000
vn -0.00000000 -0.00000000 -1.00000000
vn -0.00000000 1.00000000 -0.00000000
vn -0.00000000 -1.00000000 -0.00000000
vn -1.00000000 -0.00000000 -0.00000000
vn -0.00000000 -0.00000000 1.00000000
vn -0.00000000 -1.00000000 -0.00000000
vn 1.00000000 -0.00000000 -0.00000000
vn -0.00000000 -0.00000000 1.00000000
vn -1.00000000 -0.00000000 -0.00000000
vn -0.00000000 -0.00000000 -1.00000000
vn -0.00000000 -1.00000000 -0.00000000
vn -0.00000000 -1.00000000 -0.00000000
vn -0.00000000 -0.00000000 -1.00000000
vn 1.00000000 -0.00000000 -0.00000000
vn -1.00000000 -0.00000000 -0.00000000
vn -0.00000000 1.00000000 -0.00000000
vn -0.00000000 -0.00000000 1.00000000
vn -0.00000000 1.00000000 -0.00000000
vn -0.00000000 -0.00000000 1.00000000
vn 1.00000000 -0.00000000 -0.00000000
vn -0.00000000 -0.00000000 -1.00000000
vn -1.00000000 -0.00000000 -0.00000000
vn -0.00000000 1.00000000 -0.00000000
vn -0.00000000 1.00000000 -0.00000000
vn -0.00000000 -0.00000000 -1.00000000
vn 1.00000000 -0.00000000 -0.00000000
vt 0.70103100 0.46196100
vt 0.13800100 0.05053800
vt 0.82132200 0.75662900
vt 0.81576300 0.46196100
vt 0.60095500 0.63282000
vt 0.70659100 0.75662900
vt 0.00606000 0.05053800
vt 0.69547100 0.44815000
vt 0.82132200 0.88857000
vt 0.60095500 0.50087900
vt 0.70659100 0.88857000
vt 0.81020300 0.44815000
vt 0.70103100 0.46482900
vt 0.13800100 0.05340600
vt 0.24513000 0.98255600
vt 0.24513000 0.86782400
vt 0.60382300 0.63282000
vt 0.81576300 0.46482900
vt 0.00606000 0.05340600
vt 0.37707100 0.98255500
vt 0.69547100 0.44528200
vt 0.81020300 0.44528200
vt 0.37707100 0.86782400
vt 0.60382300 0.50087900
vt 0.82297300 0.48291200
vt 0.82114500 0.48702500
vt 0.81931700 0.49113800
vt 0.81748800 0.49525100
vt 0.81565800 0.49936400
vt 0.81382800 0.50347500
vt 0.81798600 0.48069700
vt 0.08389700 0.55764300
vt 0.81615900 0.48480900
vt 0.08575000 0.55354200
vt 0.81433100 0.48892100
vt 0.67073000 0.87894400
vt 0.08940600 0.55091700
vt 0.81250300 0.49303300
vt 0.04497800 0.74550900
vt 0.63505000 0.90226500
vt 0.04907900 0.74736400
vt 0.81067300 0.49714500
vt 0.80884300 0.50125600
vt 0.05170300 0.75102000
vt 0.80109100 0.48303300
vt 0.68316800 0.88637800
vt 0.79926200 0.48714600
vt 0.62569500 0.89119900
vt 0.68416900 0.89035300
vt 0.79684200 0.48114500
vt 0.62161100 0.89085700
vt 0.79501300 0.48525700
vt 0.79959000 0.48236700
vt 0.68438500 0.88748100
vt 0.79834200 0.48181200
vt 0.68471800 0.88880600
vt 0.79651300 0.48592400
vt 0.62304800 0.89006300
vt 0.62441000 0.89017700
vt 0.79776200 0.48647900
vt 0.94313200 0.99122500
vt 0.94168600 0.99031600
vt 0.94468500 0.99216200
vt 0.11092800 0.07115000
vt 0.96404500 0.94566100
vt 0.97380300 0.95106200
vt 0.96791800 0.94646100
vt 0.10759400 0.07033400
vt 0.96973500 0.94699200
vt 0.10726700 0.06872700
vt 0.11060200 0.06954300
vt 0.97243400 0.94982300
vt 0.71713000 0.31232900
vt 0.70397500 0.53849600
vt 0.70183300 0.54357800
vt 0.71223000 0.31285100
vt 0.71319200 0.31520600
vt 0.70067700 0.54622700
vt 0.70517300 0.53555100
vt 0.69888000 0.55104500
vt 0.71777900 0.31494700
vt 0.10672900 0.07064200
vt 0.69903400 0.54007500
vt 0.70142300 0.53531600
vt 0.11129700 0.07208800
vt 0.11163200 0.06948300
vt 0.69599700 0.54817000
vt 0.69758200 0.54312800
vt 0.10723300 0.06777900
vt 0.94956500 0.99461000
vt 0.94010100 0.98937100
vt 0.94790900 0.99376500
vt 0.94634300 0.99300800
vt 0.96583600 0.94616700
vt 0.10932300 0.07147900
vt 0.97110500 0.94823100
vt 0.10887200 0.06839900
vt 0.71804900 0.31361700
vt 0.70466200 0.53680800
vt 0.70254400 0.54189200
vt 0.71347400 0.31184700
vt 0.71215100 0.31382300
vt 0.70143300 0.54446600
vt 0.69950600 0.54929300
vt 0.71641200 0.31585400
vt 0.10638100 0.06906800
vt 0.69822400 0.54172400
vt 0.10967100 0.07245000
vt 0.70063800 0.53701900
vt 0.69547100 0.54997200
vt 0.70184900 0.53423800
vt 0.11193600 0.07112100
vt 0.69694300 0.54485000
vt 0.10881700 0.06748200
vt 0.94366100 0.99156000
vt 0.94411400 0.99183700
vt 0.94067400 0.98969300
vt 0.94114200 0.98997500
vt 0.94850000 0.99405100
vt 0.94898800 0.99429700
vt 0.94526300 0.99247500
vt 0.94575100 0.99272100
vt 0.11046500 0.07161600
vt 0.96464200 0.94593500
vt 0.96517200 0.94606700
vt 0.10993000 0.07172600
vt 0.10712800 0.06994800
vt 0.96859600 0.94657100
vt 0.10701900 0.06933500
vt 0.96913900 0.94671400
vt 0.97028600 0.94735000
vt 0.10772900 0.06826100
vt 0.97068000 0.94772900
vt 0.10826400 0.06815100
vt 0.11106700 0.06994800
vt 0.97285800 0.95032400
vt 0.11117600 0.07054100
vt 0.97325300 0.95070300
vt 0.71774300 0.31254000
vt 0.70422500 0.53789900
vt 0.70442100 0.53740900
vt 0.71804900 0.31296900
vt 0.71241100 0.31222600
vt 0.70209400 0.54298400
vt 0.71282500 0.31189100
vt 0.70229600 0.54249200
vt 0.71257100 0.31495100
vt 0.70092600 0.54560400
vt 0.70115700 0.54507600
vt 0.71222400 0.31449000
vt 0.69908900 0.55042200
vt 0.71752500 0.31555200
vt 0.69927500 0.54990800
vt 0.71706900 0.31585500
vt 0.69873400 0.54065300
vt 0.10625200 0.07019700
vt 0.69849800 0.54113400
vt 0.10613600 0.06967300
vt 0.70117200 0.53592800
vt 0.11083300 0.07255900
vt 0.11029100 0.07267900
vt 0.70093900 0.53643200
vt 0.11208600 0.06994800
vt 0.69581800 0.54880600
vt 0.11218700 0.07051000
vt 0.69566500 0.54933900
vt 0.69731900 0.54372400
vt 0.10769300 0.06731600
vt 0.10822100 0.06721700
vt 0.69713100 0.54422600
vt 0.71343100 0.31236000
vt 0.71702700 0.31283400
vt 0.71323500 0.31469200
vt 0.71651500 0.31535000
vt 0.71337800 0.31300200
vt 0.71689900 0.31346600
vt 0.71328900 0.31405000
vt 0.71664300 0.31472000
vt 0.68437600 0.97580900
vt 0.81889900 0.47864000
vt 0.08411900 0.55988200
vt 0.66642100 0.88615200
vt 0.09023700 0.55927400
vt 0.68134700 0.89507300
vt 0.79181600 0.47891000
vt 0.69572400 0.95122100
vt 0.84274300 0.99548200
vt 0.88224700 0.25069000
vt 0.40080300 0.75581600
vt 0.84527900 0.99447400
vt 0.28505200 0.78476900
vt 0.40171500 0.75783100
vt 0.88311900 0.25272200
vt 0.28762200 0.78385000
vt 0.85801700 0.26014300
vt 0.83304500 0.97107500
vt 0.42413500 0.74432200
vt 0.83558200 0.97006700
vt 0.27621100 0.76003800
vt 0.42504600 0.74633700
vt 0.85888900 0.26217600
vt 0.27878100 0.75912000
vt 0.83664000 0.98012200
vt 0.83664000 0.98012200
vt 0.86696400 0.25630600
vt 0.83917700 0.97911500
vt 0.83917700 0.97911500
vt 0.41526400 0.74833300
vt 0.41617500 0.75034800
vt 0.27948800 0.76920600
vt 0.27948800 0.76920600
vt 0.86783600 0.25833900
vt 0.28205800 0.76828700
vt 0.28205800 0.76828700
vt 0.41448300 0.74963100
vt 0.83973600 0.98052300
vt 0.83973600 0.98052300
vt 0.83720000 0.98153100
vt 0.83720000 0.98153100
vt 0.86845000 0.25660600
vt 0.86932100 0.25863800
vt 0.28256800 0.76971400
vt 0.28256800 0.76971400
vt 0.27999800 0.77063300
vt 0.27999800 0.77063300
vt 0.41539400 0.75164700
vt 0.68660200 0.98127600
vt 0.69110300 0.98129600
vt 0.69112700 0.97584000
vt 0.08696500 0.56577700
vt 0.08434100 0.56212100
vt 0.68662700 0.97581900
vt 0.69560500 0.98131600
vt 0.66211300 0.89336100
vt 0.69562700 0.97586000
vt 0.09106600 0.56763200
vt 0.70010600 0.98133400
vt 0.70012700 0.97587800
vt 0.04663800 0.76222400
vt 0.62222300 0.91310900
vt 0.70460800 0.98134900
vt 0.70462700 0.97589300
vt 0.05029400 0.75959900
vt 0.70910900 0.98136400
vt 0.05214800 0.75549800
vt 0.70912700 0.97590700
vt 0.71135900 0.98137100
vt 0.81291200 0.50553100
vt 0.80792700 0.50331100
vt 0.71137700 0.97591400
vt 0.05192500 0.75325900
vt 0.70018400 0.96138700
vt 0.61286800 0.90204200
vt 0.69568400 0.96136900
vt 0.67455100 0.90079500
vt 0.67852600 0.89979400
vt 0.69570200 0.95672100
vt 0.67742300 0.90101100
vt 0.69569600 0.95836200
vt 0.70019600 0.95838000
vt 0.61218900 0.89924300
vt 0.61321100 0.89795800
vt 0.70020300 0.95673800
vt 0.69569000 0.95972800
vt 0.67609900 0.90134500
vt 0.61207500 0.90060400
vt 0.70019100 0.95974600
vt 0.82751000 0.32313400
vt 0.57235800 0.46752100
vt 0.50670500 0.51536800
vt 0.82357700 0.32351700
vt 0.82393700 0.32695600
vt 0.50870600 0.51255300
vt 0.56867100 0.46753700
vt 0.82758300 0.32681300
vt 0.82758300 0.31190700
vt 0.82760800 0.32862100
vt 0.56759600 0.46869900
vt 0.82404900 0.32884200
vt 0.51034500 0.51224900
vt 0.82401800 0.31184700
vt 0.82393400 0.31300300
vt 0.51131200 0.51288800
vt 0.82749900 0.31326100
vt 0.56769600 0.47005200
vt 0.82743500 0.31512200
vt 0.56893700 0.47112400
vt 0.51167300 0.51451500
vt 0.82376000 0.31487100
vt 0.82341300 0.31830400
vt 0.50986300 0.51745700
vt 0.57221300 0.47088900
vt 0.82739200 0.31840600
vt 0.82744200 0.32033100
vt 0.57342200 0.46964800
vt 0.50828900 0.51780400
vt 0.82337000 0.32013600
vt 0.50700000 0.51695200
vt 0.82344100 0.32167600
vt 0.82748200 0.32130700
vt 0.57346500 0.46867300
vt 0.44542800 0.75252400
vt 0.44581000 0.75305800
vt 0.44613500 0.75349700
vt 0.44654200 0.75401300
vt 0.43971200 0.74550900
vt 0.44012800 0.74601700
vt 0.44048600 0.74643000
vt 0.44092500 0.74691800
vt 0.44208900 0.74821100
vt 0.44252800 0.74869900
vt 0.44288700 0.74911100
vt 0.44330400 0.74961900
vt 0.44370900 0.75013600
vt 0.44403400 0.75057500
vt 0.44441700 0.75110900
vt 0.50762100 0.51531300
vt 0.40223000 0.78029600
vt 0.40160200 0.77831900
vt 0.50876500 0.51358400
vt 0.40627900 0.78414200
vt 0.51070100 0.51486300
vt 0.50955600 0.51659200
vt 0.40448400 0.78310200
vt 0.51037300 0.51325800
vt 0.40080300 0.77665400
vt 0.40773200 0.78528100
vt 0.50794900 0.51691900
vt 0.40303100 0.78196000
vt 0.82750400 0.32249100
vt 0.57299600 0.46764600
vt 0.50643900 0.51596400
vt 0.82351300 0.32286100
vt 0.40139900 0.77769400
vt 0.50917100 0.51311800
vt 0.40728400 0.78480000
vt 0.51083900 0.51372000
vt 0.50917100 0.51705700
vt 0.40391800 0.78276800
vt 0.82400200 0.32761900
vt 0.50917100 0.51210000
vt 0.56803600 0.46766900
vt 0.82759600 0.32745400
vt 0.50737300 0.51592100
vt 0.40243400 0.78092100
vt 0.50941800 0.51793400
vt 0.82335700 0.31895200
vt 0.82739200 0.31907900
vt 0.57286200 0.47071400
vt 0.51178200 0.51335300
vt 0.82388100 0.31366200
vt 0.56787200 0.47068400
vt 0.82746300 0.31391800
vt 0.40265700 0.78142000
vt 0.50748200 0.51645600
vt 0.50653800 0.51649200
vt 0.82347400 0.32232400
vt 0.57336500 0.46803100
vt 0.82750100 0.32196000
vt 0.50976400 0.51301000
vt 0.40117700 0.77719500
vt 0.51094900 0.51425500
vt 0.40684500 0.78447500
vt 0.50855700 0.51716600
vt 0.40347800 0.78244300
vt 0.82403600 0.32817800
vt 0.50973300 0.51199900
vt 0.56767800 0.46805600
vt 0.82760000 0.32797600
vt 0.50889400 0.51805000
vt 0.82334600 0.31948700
vt 0.82741100 0.31965800
vt 0.57326400 0.47030000
vt 0.82382700 0.31421400
vt 0.51190200 0.51389500
vt 0.82744600 0.31446400
vt 0.56828600 0.47104200
vt 0.56889900 0.47061100
vt 0.57223500 0.47037300
vt 0.57233600 0.46803500
vt 0.56870900 0.46805100
vt 0.57226300 0.46972900
vt 0.56885200 0.46997000
vt 0.57230800 0.46867800
vt 0.56875700 0.46869400
vt 0.68435200 0.98126600
vt 0.82388600 0.48085500
vt 0.62863700 0.90768700
vt 0.04580800 0.75386600
vt 0.61741100 0.89440700
vt 0.70022400 0.95123800
vt 0.78998700 0.48302200
vt 0.82334600 0.94666900
vt 0.83446600 0.27117800
vt 0.84826300 0.26526200
vt 0.82889100 0.96062000
vt 0.82889100 0.96062000
vt 0.83142700 0.95961200
vt 0.83142700 0.95961200
vt 0.43449500 0.74057800
vt 0.44817200 0.73439000
vt 0.82588200 0.94566100
vt 0.43540600 0.74259300
vt 0.27242300 0.74944400
vt 0.27242300 0.74944400
vt 0.26736900 0.73530800
vt 0.44908400 0.73640400
vt 0.84913400 0.26729400
vt 0.27499300 0.74852600
vt 0.27499300 0.74852600
vt 0.83533700 0.27321100
vt 0.26993900 0.73439000
vt 0.84907000 0.26397900
vt 0.82945000 0.96202800
vt 0.82945000 0.96202800
vt 0.43300400 0.74030800
vt 0.83198700 0.96102000
vt 0.83198700 0.96102000
vt 0.27293300 0.75087100
vt 0.27293300 0.75087100
vt 0.43391600 0.74232300
vt 0.27550300 0.74995200
vt 0.84994100 0.26601200
vt 0.27550300 0.74995200
vt 0.17841300 0.47411100
vt 0.21177100 0.39882700
vt 0.21534900 0.43519200
vt 0.21564100 0.39882700
vt 0.18020100 0.47721600
vt 0.21177100 0.39524400
vt 0.21564100 0.39524400
vt 0.21356000 0.43829800
vt 0.27848800 0.42860200
vt 0.18020100 0.47308000
vt 0.28235800 0.42860200
vt 0.21356000 0.43416200
vt 0.18199000 0.47618600
vt 0.27848800 0.43218600
vt 0.28235800 0.43218600
vt 0.21177100 0.43726700
vt 0.69673000 0.59539500
vt 0.05011200 0.77886800
vt 0.05053300 0.77886800
vt 0.69631300 0.59546000
vt 0.69589500 0.59586500
vt 0.05111500 0.77886800
vt 0.05182300 0.77886800
vt 0.04497800 0.77886800
vt 0.69558700 0.59650100
vt 0.04568500 0.77886800
vt 0.69547100 0.59719900
vt 0.69557900 0.59777100
vt 0.04626800 0.77886800
vt 0.69588300 0.59806400
vt 0.04668900 0.77886800
vt 0.04711100 0.77886800
vt 0.69629900 0.59800000
vt 0.69671800 0.59759500
vt 0.04769300 0.77886800
vt 0.69702600 0.59695800
vt 0.04840000 0.77886800
vt 0.04910800 0.77886800
vt 0.69714100 0.59626000
vt 0.69703300 0.59568800
vt 0.04969000 0.77886800
vt 0.05011200 0.79145400
vt 0.97614400 0.99056600
vt 0.05053300 0.79145400
vt 0.97607200 0.99096500
vt 0.05111500 0.79145400
vt 0.97565900 0.99139200
vt 0.05182300 0.79145400
vt 0.97501700 0.99168900
vt 0.04497800 0.79145400
vt 0.04568500 0.79145400
vt 0.97431700 0.99179100
vt 0.04626800 0.79145400
vt 0.97374700 0.99167200
vt 0.97346000 0.99136400
vt 0.04668900 0.79145400
vt 0.04711100 0.79145400
vt 0.97353200 0.99096500
vt 0.97394500 0.99053800
vt 0.04769300 0.79145400
vt 0.97458700 0.99024100
vt 0.04840000 0.79145400
vt 0.04910800 0.79145400
vt 0.97528700 0.99013900
vt 0.04969000 0.79145400
vt 0.97585700 0.99025800
vt 0.03385900 0.53423800
vt 0.21733100 0.40438700
vt 0.01924400 0.77886800
vt 0.22120100 0.40438700
vt 0.03385900 0.53782100
vt 0.21733100 0.40080300
vt 0.22120100 0.40080300
vt 0.01924400 0.78245100
vt 0.28404800 0.41192300
vt 0.03592300 0.53423800
vt 0.28791800 0.41192300
vt 0.01717900 0.77886800
vt 0.03592300 0.53782100
vt 0.28404800 0.41550600
vt 0.28791800 0.41550600
vt 0.01717900 0.78245100
vt 0.21177100 0.39882700
vt 0.17841300 0.47411100
vt 0.21534900 0.43519200
vt 0.21564100 0.39882700
vt 0.18020100 0.47721600
vt 0.21177100 0.39524400
vt 0.21564100 0.39524400
vt 0.21356000 0.43829800
vt 0.18020100 0.47308000
vt 0.27848800 0.42860200
vt 0.28235800 0.42860200
vt 0.21356000 0.43416200
vt 0.18199000 0.47618600
vt 0.27848800 0.43218600
vt 0.28235800 0.43218600
vt 0.21177100 0.43726700
vt 0.69673000 0.59539500
vt 0.05011200 0.77886800
vt 0.05053300 0.77886800
vt 0.69631300 0.59546000
vt 0.05111500 0.77886800
vt 0.69589500 0.59586500
vt 0.04497800 0.77886800
vt 0.69558700 0.59650100
vt 0.05182300 0.77886800
vt 0.69547100 0.59719900
vt 0.04568500 0.77886800
vt 0.69557900 0.59777100
vt 0.04626800 0.77886800
vt 0.69588300 0.59806400
vt 0.04668900 0.77886800
vt 0.69629900 0.59800000
vt 0.04711100 0.77886800
vt 0.04769300 0.77886800
vt 0.69671800 0.59759500
vt 0.69702600 0.59695800
vt 0.04840000 0.77886800
vt 0.04910800 0.77886800
vt 0.69714100 0.59626000
vt 0.04969000 0.77886800
vt 0.69703300 0.59568800
vt 0.05011200 0.79145400
vt 0.97614400 0.99056600
vt 0.97607200 0.99096500
vt 0.05053300 0.79145400
vt 0.97565900 0.99139200
vt 0.05111500 0.79145400
vt 0.04497800 0.79145400
vt 0.05182300 0.79145400
vt 0.97501700 0.99168900
vt 0.97431700 0.99179100
vt 0.04568500 0.79145400
vt 0.04626800 0.79145400
vt 0.97374700 0.99167200
vt 0.04668900 0.79145400
vt 0.97346000 0.99136400
vt 0.04711100 0.79145400
vt 0.97353200 0.99096500
vt 0.97394500 0.99053800
vt 0.04769300 0.79145400
vt 0.04840000 0.79145400
vt 0.97458700 0.99024100
vt 0.04910800 0.79145400
vt 0.97528700 0.99013900
vt 0.04969000 0.79145400
vt 0.97585700 0.99025800
vt 0.03385900 0.53423800
vt 0.21733100 0.40438700
vt 0.22120100 0.40438700
vt 0.01924400 0.77886800
vt 0.21733100 0.40080300
vt 0.03385900 0.53782100
vt 0.22120100 0.40080300
vt 0.01924400 0.78245100
vt 0.03592300 0.53423800
vt 0.28404800 0.41192300
vt 0.28791800 0.41192300
vt 0.01717900 0.77886800
vt 0.28404800 0.41550600
vt 0.03592300 0.53782100
vt 0.28791800 0.41550600
vt 0.01717900 0.78245100
vt 0.17841300 0.47411100
vt 0.21177100 0.39882700
vt 0.21564100 0.39882700
vt 0.21534900 0.43519200
vt 0.18020100 0.47721600
vt 0.21177100 0.39524400
vt 0.21564100 0.39524400
vt 0.21356000 0.43829800
vt 0.27848800 0.42860200
vt 0.18020100 0.47308000
vt 0.28235800 0.42860200
vt 0.21356000 0.43416200
vt 0.18199000 0.47618600
vt 0.27848800 0.43218600
vt 0.21177100 0.43726700
vt 0.28235800 0.43218600
vt 0.69673000 0.59539500
vt 0.05011200 0.77886800
vt 0.05053300 0.77886800
vt 0.69631300 0.59546000
vt 0.69589500 0.59586500
vt 0.05111500 0.77886800
vt 0.05182300 0.77886800
vt 0.69558700 0.59650100
vt 0.04497800 0.77886800
vt 0.04568500 0.77886800
vt 0.69547100 0.59719900
vt 0.69557900 0.59777100
vt 0.04626800 0.77886800
vt 0.04668900 0.77886800
vt 0.69588300 0.59806400
vt 0.04711100 0.77886800
vt 0.69629900 0.59800000
vt 0.04769300 0.77886800
vt 0.69671800 0.59759500
vt 0.04840000 0.77886800
vt 0.69702600 0.59695800
vt 0.04910800 0.77886800
vt 0.69714100 0.59626000
vt 0.69703300 0.59568800
vt 0.04969000 0.77886800
vt 0.05011200 0.79145400
vt 0.97614400 0.99056600
vt 0.97607200 0.99096500
vt 0.05053300 0.79145400
vt 0.05111500 0.79145400
vt 0.97565900 0.99139200
vt 0.97501700 0.99168900
vt 0.04497800 0.79145400
vt 0.05182300 0.79145400
vt 0.04568500 0.79145400
vt 0.97431700 0.99179100
vt 0.04626800 0.79145400
vt 0.97374700 0.99167200
vt 0.97346000 0.99136400
vt 0.04668900 0.79145400
vt 0.04711100 0.79145400
vt 0.97353200 0.99096500
vt 0.97394500 0.99053800
vt 0.04769300 0.79145400
vt 0.04840000 0.79145400
vt 0.97458700 0.99024100
vt 0.97528700 0.99013900
vt 0.04910800 0.79145400
vt 0.97585700 0.99025800
vt 0.04969000 0.79145400
vt 0.21733100 0.40438700
vt 0.03385900 0.53423800
vt 0.22120100 0.40438700
vt 0.01924400 0.77886800
vt 0.03385900 0.53782100
vt 0.21733100 0.40080300
vt 0.22120100 0.40080300
vt 0.01924400 0.78245100
vt 0.03592300 0.53423800
vt 0.28404800 0.41192300
vt 0.28791800 0.41192300
vt 0.01717900 0.77886800
vt 0.03592300 0.53782100
vt 0.28404800 0.41550600
vt 0.01717900 0.78245100
vt 0.28791800 0.41550600
vt 0.17841300 0.47411100
vt 0.21177100 0.39882700
vt 0.21534900 0.43519200
vt 0.21564100 0.39882700
vt 0.18020100 0.47721600
vt 0.21177100 0.39524400
vt 0.21564100 0.39524400
vt 0.21356000 0.43829800
vt 0.18020100 0.47308000
vt 0.27848800 0.42860200
vt 0.28235800 0.42860200
vt 0.21356000 0.43416200
vt 0.18199000 0.47618600
vt 0.27848800 0.43218600
vt 0.21177100 0.43726700
vt 0.28235800 0.43218600
vt 0.69673000 0.59539500
vt 0.05011200 0.77886800
vt 0.05053300 0.77886800
vt 0.69631300 0.59546000
vt 0.69589500 0.59586500
vt 0.05111500 0.77886800
vt 0.04497800 0.77886800
vt 0.69558700 0.59650100
vt 0.05182300 0.77886800
vt 0.69547100 0.59719900
vt 0.04568500 0.77886800
vt 0.69557900 0.59777100
vt 0.04626800 0.77886800
vt 0.69588300 0.59806400
vt 0.04668900 0.77886800
vt 0.04711100 0.77886800
vt 0.69629900 0.59800000
vt 0.69671800 0.59759500
vt 0.04769300 0.77886800
vt 0.69702600 0.59695800
vt 0.04840000 0.77886800
vt 0.69714100 0.59626000
vt 0.04910800 0.77886800
vt 0.04969000 0.77886800
vt 0.69703300 0.59568800
vt 0.97614400 0.99056600
vt 0.05011200 0.79145400
vt 0.05053300 0.79145400
vt 0.97607200 0.99096500
vt 0.97565900 0.99139200
vt 0.05111500 0.79145400
vt 0.04497800 0.79145400
vt 0.05182300 0.79145400
vt 0.97501700 0.99168900
vt 0.97431700 0.99179100
vt 0.04568500 0.79145400
vt 0.97374700 0.99167200
vt 0.04626800 0.79145400
vt 0.97346000 0.99136400
vt 0.04668900 0.79145400
vt 0.04711100 0.79145400
vt 0.97353200 0.99096500
vt 0.04769300 0.79145400
vt 0.97394500 0.99053800
vt 0.04840000 0.79145400
vt 0.97458700 0.99024100
vt 0.04910800 0.79145400
vt 0.97528700 0.99013900
vt 0.97585700 0.99025800
vt 0.04969000 0.79145400
vt 0.21733100 0.40438700
vt 0.03385900 0.53423800
vt 0.01924400 0.77886800
vt 0.22120100 0.40438700
vt 0.21733100 0.40080300
vt 0.03385900 0.53782100
vt 0.01924400 0.78245100
vt 0.22120100 0.40080300
vt 0.03592300 0.53423800
vt 0.28404800 0.41192300
vt 0.28791800 0.41192300
vt 0.01717900 0.77886800
vt 0.28404800 0.41550600
vt 0.03592300 0.53782100
vt 0.28791800 0.41550600
vt 0.01717900 0.78245100
vt 0.70103100 0.46196100
vt 0.13800100 0.05053800
vt 0.82132200 0.75662900
vt 0.60095500 0.63282000
vt 0.81576300 0.46196100
vt 0.70659100 0.75662900
vt 0.69547100 0.44815000
vt 0.82132200 0.88857000
vt 0.00606000 0.05053800
vt 0.81020300 0.44815000
vt 0.60095500 0.50087900
vt 0.70659100 0.88857000
vt 0.13800100 0.05340600
vt 0.24513000 0.98255600
vt 0.70103100 0.46482900
vt 0.81576300 0.46482900
vt 0.24513000 0.86782400
vt 0.60382300 0.63282000
vt 0.37707100 0.98255500
vt 0.69547100 0.44528200
vt 0.00606000 0.05340600
vt 0.60382300 0.50087900
vt 0.81020300 0.44528200
vt 0.37707100 0.86782400
vt 0.82132200 0.75662900
vt 0.13800100 0.05053800
vt 0.70103100 0.46196100
vt 0.70659100 0.75662900
vt 0.60095500 0.63282000
vt 0.81576300 0.46196100
vt 0.00606000 0.05053800
vt 0.69547100 0.44815000
vt 0.82132200 0.88857000
vt 0.70659100 0.88857000
vt 0.81020300 0.44815000
vt 0.60095500 0.50087900
vt 0.13800100 0.05340600
vt 0.24513000 0.98255600
vt 0.70103100 0.46482900
vt 0.24513000 0.86782400
vt 0.81576300 0.46482900
vt 0.60382300 0.63282000
vt 0.69547100 0.44528200
vt 0.00606000 0.05340600
vt 0.37707100 0.98255500
vt 0.37707100 0.86782400
vt 0.81020300 0.44528200
vt 0.60382300 0.50087900
f 6/6/6 3/3/3 11/11/11
f 3/3/3 9/9/9 11/11/11
f 23/23/23 20/20/20 15/15/15
f 23/23/23 15/15/15 16/16/16
f 18/18/18 13/13/13 1/1/1
f 18/18/18 1/1/1 4/4/4
f 24/24/24 17/17/17 5/5/5
f 24/24/24 5/5/5 10/10/10
f 21/21/21 22/22/22 12/12/12
f 21/21/21 12/12/12 8/8/8
f 14/14/14 19/19/19 7/7/7
f 14/14/14 7/7/7 2/2/2
f 25/25/25 26/26/26 33/33/33
f 33/33/33 31/31/31 25/25/25
f 26/26/26 27/27/27 35/35/35
f 35/35/35 33/33/33 26/26/26
f 27/27/27 28/28/28 38/38/38
f 38/38/38 35/35/35 27/27/27
f 28/28/28 29/29/29 42/42/42
f 42/42/42 38/38/38 28/28/28
f 29/29/29 30/30/30 43/43/43
f 43/43/43 42/42/42 29/29/29
f 248/248/248 249/249/249 43/43/43
f 43/43/43 30/30/30 248/248/248
f 35/35/35 38/38/38 47/47/47
f 47/47/47 45/45/45 35/35/35
f 57/57/57 52/52/52 50/50/50
f 50/50/50 55/55/55 57/57/57
f 60/60/60 57/57/57 55/55/55
f 55/55/55 53/53/53 60/60/60
f 47/47/47 60/60/60 53/53/53
f 53/53/53 45/45/45 47/47/47
f 83/83/83 109/109/109 74/74/74
f 74/74/74 100/100/100 83/83/83
f 84/84/84 111/111/111 79/79/79
f 79/79/79 99/99/99 84/84/84
f 87/87/87 113/113/113 78/78/78
f 78/78/78 104/104/104 87/87/87
f 88/88/88 107/107/107 75/75/75
f 75/75/75 103/103/103 88/88/88
f 67/67/67 61/61/61 62/62/62
f 62/62/62 94/94/94 67/67/67
f 72/72/72 92/92/92 93/93/93
f 93/93/93 96/96/96 72/72/72
f 68/68/68 95/95/95 108/108/108
f 108/108/108 82/82/82 68/68/68
f 64/64/64 112/112/112 85/85/85
f 71/71/71 97/97/97 114/114/114
f 114/114/114 86/86/86 71/71/71
f 70/70/70 106/106/106 89/89/89
f 155/155/155 83/83/83 100/100/100
f 100/100/100 146/146/146 155/155/155
f 62/62/62 118/118/118 125/125/125
f 125/125/125 94/94/94 62/62/62
f 120/120/120 138/138/138 66/66/66
f 66/66/66 90/90/90 120/120/120
f 122/122/122 133/133/133 96/96/96
f 96/96/96 93/93/93 122/122/122
f 140/140/140 74/74/74 109/109/109
f 109/109/109 162/162/162 140/140/140
f 67/67/67 128/128/128 115/115/115
f 115/115/115 61/61/61 67/67/67
f 148/148/148 78/78/78 113/113/113
f 113/113/113 170/170/170 148/148/148
f 151/151/151 80/80/80 110/110/110
f 110/110/110 166/166/166 151/151/151
f 158/158/158 106/106/106 70/70/70
f 70/70/70 129/129/129 158/158/158
f 161/161/161 108/108/108 95/95/95
f 95/95/95 126/126/126 161/161/161
f 165/165/165 112/112/112 64/64/64
f 64/64/64 137/137/137 165/165/165
f 169/169/169 114/114/114 97/97/97
f 97/97/97 134/134/134 169/169/169
f 157/157/157 155/155/155 146/146/146
f 146/146/146 144/144/144 157/157/157
f 107/107/107 157/157/157 144/144/144
f 144/144/144 75/75/75 107/107/107
f 118/118/118 117/117/117 124/124/124
f 124/124/124 125/125/125 118/118/118
f 117/117/117 91/91/91 65/65/65
f 65/65/65 124/124/124 117/117/117
f 119/119/119 136/136/136 138/138/138
f 138/138/138 120/120/120 119/119/119
f 119/119/119 92/92/92 72/72/72
f 72/72/72 136/136/136 119/119/119
f 121/121/121 131/131/131 133/133/133
f 133/133/133 122/122/122 121/121/121
f 63/63/63 69/69/69 131/131/131
f 131/131/131 121/121/121 63/63/63
f 141/141/141 140/140/140 162/162/162
f 162/162/162 159/159/159 141/141/141
f 99/99/99 141/141/141 159/159/159
f 159/159/159 84/84/84 99/99/99
f 128/128/128 130/130/130 116/116/116
f 116/116/116 115/115/115 128/128/128
f 130/130/130 69/69/69 63/63/63
f 63/63/63 116/116/116 130/130/130
f 149/149/149 148/148/148 170/170/170
f 170/170/170 167/167/167 149/149/149
f 103/103/103 149/149/149 167/167/167
f 167/167/167 88/88/88 103/103/103
f 153/153/153 151/151/151 166/166/166
f 166/166/166 164/164/164 153/153/153
f 104/104/104 153/153/153 164/164/164
f 164/164/164 87/87/87 104/104/104
f 156/156/156 158/158/158 129/129/129
f 129/129/129 127/127/127 156/156/156
f 82/82/82 156/156/156 127/127/127
f 127/127/127 68/68/68 82/82/82
f 160/160/160 161/161/161 126/126/126
f 126/126/126 123/123/123 160/160/160
f 85/85/85 160/160/160 123/123/123
f 123/123/123 64/64/64 85/85/85
f 163/163/163 165/165/165 137/137/137
f 137/137/137 135/135/135 163/163/163
f 86/86/86 163/163/163 135/135/135
f 135/135/135 71/71/71 86/86/86
f 168/168/168 169/169/169 134/134/134
f 134/134/134 132/132/132 168/168/168
f 89/89/89 168/168/168 132/132/132
f 132/132/132 70/70/70 89/89/89
f 174/174/174 105/105/105 77/77/77
f 77/77/77 173/173/173 174/174/174
f 147/147/147 150/150/150 173/173/173
f 173/173/173 77/77/77 147/147/147
f 152/152/152 154/154/154 105/105/105
f 105/105/105 174/174/174 152/152/152
f 145/145/145 101/101/101 171/171/171
f 171/171/171 143/143/143 145/145/145
f 101/101/101 73/73/73 172/172/172
f 172/172/172 171/171/171 101/101/101
f 172/172/172 73/73/73 139/139/139
f 139/139/139 142/142/142 172/172/172
f 102/102/102 177/177/177 173/173/173
f 173/173/173 150/150/150 102/102/102
f 173/173/173 177/177/177 178/178/178
f 178/178/178 174/174/174 173/173/173
f 178/178/178 81/81/81 152/152/152
f 152/152/152 174/174/174 178/178/178
f 143/143/143 171/171/171 175/175/175
f 175/175/175 76/76/76 143/143/143
f 171/171/171 172/172/172 176/176/176
f 176/176/176 175/175/175 171/171/171
f 176/176/176 172/172/172 142/142/142
f 142/142/142 98/98/98 176/176/176
f 102/102/102 76/76/76 175/175/175
f 175/175/175 177/177/177 102/102/102
f 177/177/177 175/175/175 176/176/176
f 176/176/176 178/178/178 177/177/177
f 176/176/176 98/98/98 81/81/81
f 81/81/81 178/178/178 176/176/176
f 31/31/31 180/180/180 387/387/387
f 387/387/387 25/25/25 31/31/31
f 44/44/44 251/251/251 389/389/389
f 41/41/41 44/44/44 389/389/389
f 39/39/39 41/41/41 389/389/389
f 34/34/34 37/37/37 183/183/183
f 34/34/34 183/183/183 181/181/181
f 32/32/32 34/34/34 181/181/181
f 52/52/52 392/392/392 185/185/185
f 185/185/185 50/50/50 52/52/52
f 46/46/46 54/54/54 56/56/56
f 56/56/56 49/49/49 184/184/184
f 46/46/46 56/56/56 184/184/184
f 46/46/46 184/184/184 182/182/182
f 36/36/36 46/46/46 182/182/182
f 51/51/51 58/58/58 59/59/59
f 59/59/59 48/48/48 40/40/40
f 51/51/51 59/59/59 40/40/40
f 51/51/51 40/40/40 388/388/388
f 390/390/390 51/51/51 388/388/388
f 219/219/219 217/217/217 190/190/190
f 190/190/190 187/187/187 219/219/219
f 215/215/215 226/226/226 192/192/192
f 192/192/192 189/189/189 215/215/215
f 224/224/224 223/223/223 194/194/194
f 194/194/194 191/191/191 224/224/224
f 221/221/221 220/220/220 188/188/188
f 188/188/188 193/193/193 221/221/221
f 196/196/196 198/198/198 206/206/206
f 206/206/206 203/203/203 196/196/196
f 197/197/197 200/200/200 209/209/209
f 209/209/209 208/208/208 197/197/197
f 199/199/199 202/202/202 214/214/214
f 214/214/214 210/210/210 199/199/199
f 201/201/201 195/195/195 205/205/205
f 205/205/205 212/212/212 201/201/201
f 204/204/204 207/207/207 216/216/216
f 216/216/216 218/218/218 204/204/204
f 208/208/208 209/209/209 226/226/226
f 226/226/226 215/215/215 208/208/208
f 211/211/211 213/213/213 222/222/222
f 222/222/222 225/225/225 211/211/211
f 212/212/212 205/205/205 220/220/220
f 220/220/220 221/221/221 212/212/212
f 227/227/227 232/232/232 229/229/229
f 229/229/229 228/228/228 227/227/227
f 228/228/228 229/229/229 235/235/235
f 235/235/235 233/233/233 228/228/228
f 233/233/233 235/235/235 238/238/238
f 238/238/238 237/237/237 233/233/233
f 237/237/237 238/238/238 242/242/242
f 242/242/242 241/241/241 237/237/237
f 241/241/241 242/242/242 246/246/246
f 246/246/246 244/244/244 241/241/241
f 247/247/247 244/244/244 246/246/246
f 246/246/246 250/250/250 247/247/247
f 235/235/235 254/254/254 252/252/252
f 252/252/252 238/238/238 235/235/235
f 260/260/260 259/259/259 257/257/257
f 257/257/257 263/263/263 260/260/260
f 267/267/267 264/264/264 259/259/259
f 259/259/259 260/260/260 267/267/267
f 252/252/252 254/254/254 264/264/264
f 264/264/264 267/267/267 252/252/252
f 271/271/271 268/268/268 275/275/275
f 275/275/275 272/272/272 271/271/271
f 281/281/281 276/276/276 284/284/284
f 284/284/284 282/282/282 281/281/281
f 289/289/289 286/286/286 293/293/293
f 293/293/293 290/290/290 289/289/289
f 297/297/297 294/294/294 300/300/300
f 300/300/300 299/299/299 297/297/297
f 318/318/318 319/319/319 309/309/309
f 309/309/309 310/310/310 318/318/318
f 321/321/321 324/324/324 316/316/316
f 316/316/316 302/302/302 321/321/321
f 317/317/317 270/270/270 273/273/273
f 273/273/273 320/320/320 317/317/317
f 325/325/325 280/280/280 283/283/283
f 322/322/322 288/288/288 291/291/291
f 291/291/291 323/323/323 322/322/322
f 328/328/328 296/296/296 298/298/298
f 333/333/333 330/330/330 268/268/268
f 268/268/268 271/271/271 333/333/333
f 309/309/309 319/319/319 334/334/334
f 334/334/334 308/308/308 309/309/309
f 304/304/304 305/305/305 327/327/327
f 327/327/327 336/336/336 304/304/304
f 315/315/315 316/316/316 324/324/324
f 324/324/324 339/339/339 315/315/315
f 343/343/343 340/340/340 272/272/272
f 272/272/272 275/275/275 343/343/343
f 318/318/318 310/310/310 311/311/311
f 311/311/311 345/345/345 318/318/318
f 348/348/348 347/347/347 290/290/290
f 290/290/290 293/293/293 348/348/348
f 353/353/353 351/351/351 282/282/282
f 282/282/282 284/284/284 353/353/353
f 356/356/356 355/355/355 328/328/328
f 328/328/328 298/298/298 356/356/356
f 341/341/341 335/335/335 320/320/320
f 320/320/320 273/273/273 341/341/341
f 350/350/350 337/337/337 325/325/325
f 325/325/325 283/283/283 350/350/350
f 346/346/346 338/338/338 323/323/323
f 323/323/323 291/291/291 346/346/346
f 357/357/357 359/359/359 330/330/330
f 330/330/330 333/333/333 357/357/357
f 299/299/299 300/300/300 359/359/359
f 359/359/359 357/357/357 299/299/299
f 308/308/308 334/334/334 361/361/361
f 361/361/361 307/307/307 308/308/308
f 307/307/307 361/361/361 326/326/326
f 326/326/326 306/306/306 307/307/307
f 303/303/303 304/304/304 336/336/336
f 336/336/336 363/363/363 303/303/303
f 303/303/303 363/363/363 321/321/321
f 321/321/321 302/302/302 303/303/303
f 314/314/314 315/315/315 339/339/339
f 339/339/339 365/365/365 314/314/314
f 313/313/313 314/314/314 365/365/365
f 365/365/365 329/329/329 313/313/313
f 369/369/369 366/366/366 340/340/340
f 340/340/340 343/343/343 369/369/369
f 277/277/277 279/279/279 366/366/366
f 366/366/366 369/369/369 277/277/277
f 345/345/345 311/311/311 312/312/312
f 312/312/312 354/354/354 345/345/345
f 354/354/354 312/312/312 313/313/313
f 313/313/313 329/329/329 354/354/354
f 372/372/372 371/371/371 347/347/347
f 347/347/347 348/348/348 372/372/372
f 294/294/294 297/297/297 371/371/371
f 371/371/371 372/372/372 294/294/294
f 376/376/376 374/374/374 351/351/351
f 351/351/351 353/353/353 376/376/376
f 286/286/286 289/289/289 374/374/374
f 374/374/374 376/376/376 286/286/286
f 332/332/332 344/344/344 355/355/355
f 355/355/355 356/356/356 332/332/332
f 270/270/270 317/317/317 344/344/344
f 344/344/344 332/332/332 270/270/270
f 367/367/367 360/360/360 335/335/335
f 335/335/335 341/341/341 367/367/367
f 280/280/280 325/325/325 360/360/360
f 360/360/360 367/367/367 280/280/280
f 375/375/375 362/362/362 337/337/337
f 337/337/337 350/350/350 375/375/375
f 288/288/288 322/322/322 362/362/362
f 362/362/362 375/375/375 288/288/288
f 370/370/370 364/364/364 338/338/338
f 338/338/338 346/346/346 370/370/370
f 296/296/296 328/328/328 364/364/364
f 364/364/364 370/370/370 296/296/296
f 378/378/378 379/379/379 292/292/292
f 292/292/292 287/287/287 378/378/378
f 349/349/349 292/292/292 379/379/379
f 379/379/379 373/373/373 349/349/349
f 352/352/352 378/378/378 287/287/287
f 287/287/287 377/377/377 352/352/352
f 331/331/331 358/358/358 380/380/380
f 380/380/380 269/269/269 331/331/331
f 269/269/269 380/380/380 381/381/381
f 381/381/381 274/274/274 269/269/269
f 381/381/381 368/368/368 342/342/342
f 342/342/342 274/274/274 381/381/381
f 295/295/295 373/373/373 379/379/379
f 379/379/379 382/382/382 295/295/295
f 379/379/379 378/378/378 383/383/383
f 383/383/383 382/382/382 379/379/379
f 383/383/383 378/378/378 352/352/352
f 352/352/352 285/285/285 383/383/383
f 358/358/358 301/301/301 384/384/384
f 384/384/384 380/380/380 358/358/358
f 380/380/380 384/384/384 385/385/385
f 385/385/385 381/381/381 380/380/380
f 385/385/385 278/278/278 368/368/368
f 368/368/368 381/381/381 385/385/385
f 295/295/295 382/382/382 384/384/384
f 384/384/384 301/301/301 295/295/295
f 382/382/382 383/383/383 385/385/385
f 385/385/385 384/384/384 382/382/382
f 385/385/385 383/383/383 285/285/285
f 285/285/285 278/278/278 385/385/385
f 232/232/232 227/227/227 386/386/386
f 386/386/386 179/179/179 232/232/232
f 389/389/389 251/251/251 245/245/245
f 389/389/389 245/245/245 243/243/243
f 239/239/239 389/389/389 243/243/243
f 183/183/183 236/236/236 230/230/230
f 181/181/181 183/183/183 230/230/230
f 231/231/231 181/181/181 230/230/230
f 263/263/263 257/257/257 186/186/186
f 186/186/186 391/391/391 263/263/263
f 184/184/184 256/256/256 258/258/258
f 258/258/258 265/265/265 255/255/255
f 184/184/184 258/258/258 255/255/255
f 182/182/182 184/184/184 255/255/255
f 234/234/234 182/182/182 255/255/255
f 240/240/240 253/253/253 266/266/266
f 266/266/266 261/261/261 262/262/262
f 240/240/240 266/266/266 262/262/262
f 388/388/388 240/240/240 262/262/262
f 390/390/390 388/388/388 262/262/262
f 396/396/396 393/393/393 402/402/402
f 402/402/402 398/398/398 396/396/396
f 400/400/400 401/401/401 407/407/407
f 407/407/407 403/403/403 400/400/400
f 405/405/405 406/406/406 412/412/412
f 412/412/412 409/409/409 405/405/405
f 408/408/408 411/411/411 394/394/394
f 394/394/394 395/395/395 408/408/408
f 196/196/196 414/414/414 418/418/418
f 418/418/418 198/198/198 196/196/196
f 197/197/197 416/416/416 421/421/421
f 421/421/421 200/200/200 197/197/197
f 199/199/199 419/419/419 422/422/422
f 422/422/422 202/202/202 199/199/199
f 201/201/201 423/423/423 413/413/413
f 413/413/413 195/195/195 201/201/201
f 415/415/415 397/397/397 399/399/399
f 399/399/399 417/417/417 415/415/415
f 416/416/416 400/400/400 403/403/403
f 403/403/403 421/421/421 416/416/416
f 420/420/420 404/404/404 410/410/410
f 410/410/410 424/424/424 420/420/420
f 423/423/423 408/408/408 395/395/395
f 395/395/395 413/413/413 423/423/423
f 426/426/426 430/430/430 431/431/431
f 431/431/431 428/428/428 426/426/426
f 433/433/433 435/435/435 439/439/439
f 439/439/439 438/438/438 433/433/433
f 427/427/427 432/432/432 440/440/440
f 440/440/440 436/436/436 427/427/427
f 429/429/429 425/425/425 434/434/434
f 434/434/434 437/437/437 429/429/429
f 463/463/463 460/460/460 458/458/458
f 458/458/458 457/457/457 454/454/454
f 454/454/454 452/452/452 451/451/451
f 458/458/458 454/454/454 451/451/451
f 451/451/451 449/449/449 445/445/445
f 445/445/445 444/444/444 441/441/441
f 451/451/451 445/445/445 441/441/441
f 458/458/458 451/451/451 441/441/441
f 463/463/463 458/458/458 441/441/441
f 464/464/464 463/463/463 441/441/441
f 442/442/442 443/443/443 468/468/468
f 468/468/468 466/466/466 442/442/442
f 443/443/443 446/446/446 470/470/470
f 470/470/470 468/468/468 443/443/443
f 446/446/446 447/447/447 472/472/472
f 472/472/472 470/470/470 446/446/446
f 448/448/448 450/450/450 475/475/475
f 475/475/475 474/474/474 448/448/448
f 450/450/450 453/453/453 477/477/477
f 477/477/477 475/475/475 450/450/450
f 453/453/453 455/455/455 480/480/480
f 480/480/480 477/477/477 453/453/453
f 455/455/455 456/456/456 481/481/481
f 481/481/481 480/480/480 455/455/455
f 456/456/456 459/459/459 484/484/484
f 484/484/484 481/481/481 456/456/456
f 459/459/459 461/461/461 486/486/486
f 486/486/486 484/484/484 459/459/459
f 461/461/461 462/462/462 487/487/487
f 487/487/487 486/486/486 461/461/461
f 462/462/462 465/465/465 489/489/489
f 489/489/489 487/487/487 462/462/462
f 465/465/465 442/442/442 466/466/466
f 466/466/466 489/489/489 465/465/465
f 467/467/467 469/469/469 471/471/471
f 471/471/471 473/473/473 476/476/476
f 476/476/476 478/478/478 479/479/479
f 471/471/471 476/476/476 479/479/479
f 479/479/479 482/482/482 483/483/483
f 483/483/483 485/485/485 488/488/488
f 479/479/479 483/483/483 488/488/488
f 471/471/471 479/479/479 488/488/488
f 467/467/467 471/471/471 488/488/488
f 490/490/490 467/467/467 488/488/488
f 492/492/492 496/496/496 497/497/497
f 497/497/497 494/494/494 492/492/492
f 499/499/499 501/501/501 505/505/505
f 505/505/505 504/504/504 499/499/499
f 493/493/493 498/498/498 506/506/506
f 506/506/506 502/502/502 493/493/493
f 495/495/495 491/491/491 500/500/500
f 500/500/500 503/503/503 495/495/495
f 507/507/507 512/512/512 513/513/513
f 513/513/513 510/510/510 507/507/507
f 516/516/516 517/517/517 521/521/521
f 521/521/521 520/520/520 516/516/516
f 509/509/509 514/514/514 522/522/522
f 522/522/522 518/518/518 509/509/509
f 511/511/511 508/508/508 515/515/515
f 515/515/515 519/519/519 511/511/511
f 545/545/545 542/542/542 541/541/541
f 541/541/541 538/538/538 536/536/536
f 536/536/536 534/534/534 532/532/532
f 541/541/541 536/536/536 532/532/532
f 532/532/532 530/530/530 528/528/528
f 528/528/528 526/526/526 523/523/523
f 532/532/532 528/528/528 523/523/523
f 541/541/541 532/532/532 523/523/523
f 545/545/545 541/541/541 523/523/523
f 547/547/547 545/545/545 523/523/523
f 524/524/524 525/525/525 551/551/551
f 551/551/551 548/548/548 524/524/524
f 525/525/525 527/527/527 553/553/553
f 553/553/553 551/551/551 525/525/525
f 527/527/527 531/531/531 555/555/555
f 555/555/555 553/553/553 527/527/527
f 529/529/529 533/533/533 558/558/558
f 558/558/558 554/554/554 529/529/529
f 533/533/533 535/535/535 559/559/559
f 559/559/559 558/558/558 533/533/533
f 535/535/535 537/537/537 561/561/561
f 561/561/561 559/559/559 535/535/535
f 537/537/537 539/539/539 563/563/563
f 563/563/563 561/561/561 537/537/537
f 539/539/539 540/540/540 566/566/566
f 566/566/566 563/563/563 539/539/539
f 540/540/540 543/543/543 567/567/567
f 567/567/567 566/566/566 540/540/540
f 543/543/543 544/544/544 569/569/569
f 569/569/569 567/567/567 543/543/543
f 544/544/544 546/546/546 571/571/571
f 571/571/571 569/569/569 544/544/544
f 546/546/546 524/524/524 548/548/548
f 548/548/548 571/571/571 546/546/546
f 549/549/549 550/550/550 552/552/552
f 552/552/552 556/556/556 557/557/557
f 557/557/557 560/560/560 562/562/562
f 552/552/552 557/557/557 562/562/562
f 562/562/562 564/564/564 565/565/565
f 565/565/565 568/568/568 570/570/570
f 562/562/562 565/565/565 570/570/570
f 552/552/552 562/562/562 570/570/570
f 549/549/549 552/552/552 570/570/570
f 572/572/572 549/549/549 570/570/570
f 574/574/574 577/577/577 579/579/579
f 579/579/579 575/575/575 574/574/574
f 582/582/582 583/583/583 587/587/587
f 587/587/587 585/585/585 582/582/582
f 576/576/576 580/580/580 588/588/588
f 588/588/588 584/584/584 576/576/576
f 578/578/578 573/573/573 581/581/581
f 581/581/581 586/586/586 578/578/578
f 590/590/590 594/594/594 595/595/595
f 595/595/595 591/591/591 590/590/590
f 597/597/597 599/599/599 604/604/604
f 604/604/604 602/602/602 597/597/597
f 592/592/592 596/596/596 603/603/603
f 603/603/603 600/600/600 592/592/592
f 593/593/593 589/589/589 598/598/598
f 598/598/598 601/601/601 593/593/593
f 627/627/627 625/625/625 623/623/623
f 623/623/623 621/621/621 619/619/619
f 619/619/619 616/616/616 615/615/615
f 623/623/623 619/619/619 615/615/615
f 615/615/615 612/612/612 609/609/609
f 609/609/609 608/608/608 605/605/605
f 615/615/615 609/609/609 605/605/605
f 623/623/623 615/615/615 605/605/605
f 627/627/627 623/623/623 605/605/605
f 628/628/628 627/627/627 605/605/605
f 606/606/606 607/607/607 633/633/633
f 633/633/633 630/630/630 606/606/606
f 607/607/607 610/610/610 634/634/634
f 634/634/634 633/633/633 607/607/607
f 610/610/610 611/611/611 638/638/638
f 638/638/638 634/634/634 610/610/610
f 613/613/613 614/614/614 639/639/639
f 639/639/639 637/637/637 613/613/613
f 614/614/614 617/617/617 641/641/641
f 641/641/641 639/639/639 614/614/614
f 617/617/617 618/618/618 644/644/644
f 644/644/644 641/641/641 617/617/617
f 618/618/618 620/620/620 645/645/645
f 645/645/645 644/644/644 618/618/618
f 620/620/620 622/622/622 648/648/648
f 648/648/648 645/645/645 620/620/620
f 622/622/622 624/624/624 649/649/649
f 649/649/649 648/648/648 622/622/622
f 624/624/624 626/626/626 652/652/652
f 652/652/652 649/649/649 624/624/624
f 626/626/626 629/629/629 654/654/654
f 654/654/654 652/652/652 626/626/626
f 629/629/629 606/606/606 630/630/630
f 630/630/630 654/654/654 629/629/629
f 631/631/631 632/632/632 635/635/635
f 635/635/635 636/636/636 640/640/640
f 640/640/640 642/642/642 643/643/643
f 635/635/635 640/640/640 643/643/643
f 643/643/643 646/646/646 647/647/647
f 647/647/647 650/650/650 651/651/651
f 643/643/643 647/647/647 651/651/651
f 635/635/635 643/643/643 651/651/651
f 631/631/631 635/635/635 651/651/651
f 653/653/653 631/631/631 651/651/651
f 655/655/655 660/660/660 661/661/661
f 661/661/661 657/657/657 655/655/655
f 664/664/664 665/665/665 670/670/670
f 670/670/670 668/668/668 664/664/664
f 658/658/658 662/662/662 669/669/669
f 669/669/669 666/666/666 658/658/658
f 659/659/659 656/656/656 663/663/663
f 663/663/663 667/667/667 659/659/659
f 672/672/672 676/676/676 677/677/677
f 677/677/677 674/674/674 672/672/672
f 680/680/680 681/681/681 686/686/686
f 686/686/686 684/684/684 680/680/680
f 673/673/673 678/678/678 685/685/685
f 685/685/685 682/682/682 673/673/673
f 675/675/675 671/671/671 679/679/679
f 679/679/679 683/683/683 675/675/675
f 708/708/708 706/706/706 704/704/704
f 704/704/704 703/703/703 700/700/700
f 700/700/700 698/698/698 696/696/696
f 704/704/704 700/700/700 696/696/696
f 696/696/696 694/694/694 691/691/691
f 691/691/691 690/690/690 687/687/687
f 696/696/696 691/691/691 687/687/687
f 704/704/704 696/696/696 687/687/687
f 708/708/708 704/704/704 687/687/687
f 711/711/711 708/708/708 687/687/687
f 688/688/688 689/689/689 714/714/714
f 714/714/714 713/713/713 688/688/688
f 689/689/689 692/692/692 717/717/717
f 717/717/717 714/714/714 689/689/689
f 692/692/692 695/695/695 719/719/719
f 719/719/719 717/717/717 692/692/692
f 693/693/693 697/697/697 722/722/722
f 722/722/722 718/718/718 693/693/693
f 697/697/697 699/699/699 724/724/724
f 724/724/724 722/722/722 697/697/697
f 699/699/699 701/701/701 726/726/726
f 726/726/726 724/724/724 699/699/699
f 701/701/701 702/702/702 727/727/727
f 727/727/727 726/726/726 701/701/701
f 702/702/702 705/705/705 729/729/729
f 729/729/729 727/727/727 702/702/702
f 705/705/705 707/707/707 731/731/731
f 731/731/731 729/729/729 705/705/705
f 707/707/707 709/709/709 733/733/733
f 733/733/733 731/731/731 707/707/707
f 709/709/709 710/710/710 736/736/736
f 736/736/736 733/733/733 709/709/709
f 710/710/710 688/688/688 713/713/713
f 713/713/713 736/736/736 710/710/710
f 712/712/712 715/715/715 716/716/716
f 716/716/716 720/720/720 721/721/721
f 721/721/721 723/723/723 725/725/725
f 716/716/716 721/721/721 725/725/725
f 725/725/725 728/728/728 730/730/730
f 730/730/730 732/732/732 734/734/734
f 725/725/725 730/730/730 734/734/734
f 716/716/716 725/725/725 734/734/734
f 712/712/712 716/716/716 734/734/734
f 735/735/735 712/712/712 734/734/734
f 737/737/737 741/741/741 744/744/744
f 744/744/744 740/740/740 737/737/737
f 746/746/746 747/747/747 751/751/751
f 751/751/751 749/749/749 746/746/746
f 739/739/739 743/743/743 752/752/752
f 752/752/752 748/748/748 739/739/739
f 742/742/742 738/738/738 745/745/745
f 745/745/745 750/750/750 742/742/742
f 758/758/758 755/755/755 764/764/764
f 755/755/755 760/760/760 764/764/764
f 776/776/776 771/771/771 766/766/766
f 776/776/776 766/766/766 769/769/769
f 768/768/768 767/767/767 753/753/753
f 768/768/768 753/753/753 757/757/757
f 774/774/774 770/770/770 756/756/756
f 774/774/774 756/756/756 763/763/763
f 772/772/772 775/775/775 762/762/762
f 772/772/772 762/762/762 759/759/759
f 765/765/765 773/773/773 761/761/761
f 765/765/765 761/761/761 754/754/754
f 780/780/780 777/777/777 786/786/786
f 777/777/777 785/785/785 786/786/786
f 798/798/798 797/797/797 790/790/790
f 798/798/798 790/790/790 792/792/792
f 793/793/793 791/791/791 779/779/779
f 793/793/793 779/779/779 782/782/782
f 800/800/800 794/794/794 781/781/781
f 800/800/800 781/781/781 788/788/788
f 795/795/795 799/799/799 787/787/787
f 795/795/795 787/787/787 784/784/784
f 789/789/789 796/796/796 783/783/783
f 789/789/789 783/783/783 778/778/778

